rank,uri,artist_names,track_name,source,peak_rank,previous_rank,weeks_on_chart,streams,country_code,country_name,quarter,year
1,spotify:track:7aPsseax6rNFyipHn9A5CR,"Luck Ra, BM",La Morocha,Sony Music Entertainment Chile S.A,1,1,27,3552305,AR,Argentina,Q1,2024
2,spotify:track:1kqH58eGh2ZTOHwqBIB2tM,"Mesita, Nicki Nicole, Tiago PZK, Emilia",Una Foto Remix (feat. Emilia),Mesita,2,-1,1,3462190,AR,Argentina,Q1,2024
3,spotify:track:1NMbORRsowjN8q000xlJ8l,"Luck Ra, Abel Pintos",QUE ME FALTE TODO,Sony Music Entertainment Chile S.A,3,3,11,3110247,AR,Argentina,Q1,2024
4,spotify:track:6Es8Sk3xe1HiJ2MXCfHHwR,"Emilia, TINI",La_Original.mp3,Sony Music Latin,1,2,10,3082734,AR,Argentina,Q1,2024
5,spotify:track:6gV8ALkSHfJi7Bprabr1FC,"Roze Oficial, Peipper",Inocente,Sony Music Uruguay,5,5,5,3016631,AR,Argentina,Q1,2024
6,spotify:track:5f4mOETLngamMDTJnbF9s7,Emilia,Exclusive.mp3,Sony Music Latin,3,4,10,2806644,AR,Argentina,Q1,2024
7,spotify:track:10eRgZUM59q2G5ogpztSeL,"Luck Ra, KHEA",HOLA PERDIDA,Sony Music Entertainment Chile S.A,7,-1,1,2770159,AR,Argentina,Q1,2024
8,spotify:track:1gAPIjqunPXRA4y1kYZi0q,"Rusherking, Marama",Besos con Fernet,Rusherking,8,8,9,2465303,AR,Argentina,Q1,2024
9,spotify:track:7HrgGbnNKZKhBL70aFKpXk,"Marka Akme, DJ Tao, Lauty Gram, Migrantes, Peipper",Linda - Remix,NES Play,3,6,15,2449244,AR,Argentina,Q1,2024
10,spotify:track:5wcghdKONQcc5TKx9jCcns,"DJ Tao, Roze Oficial",ROZE | DJ TAO Turreo Sessions #22,WM Chile,10,12,6,2354055,AR,Argentina,Q1,2024
11,spotify:track:1xxtsuafCIJm7WPQ1tdDDi,"Marama, MYA, Robleis",Bronceado - Remix,Montevideo Music Group,11,25,4,2317189,AR,Argentina,Q1,2024
12,spotify:track:0H9WU0OIXPpbOVgzzOanXb,BM,Ni Una Ni Dos,DALE PLAY Records / Wesaisons Records,2,7,28,2310280,AR,Argentina,Q1,2024
13,spotify:track:4sl3IoHskl2Kbdy27gZ4yn,Mesita,Una Foto,Turbo Diesel Records,4,11,20,2107549,AR,Argentina,Q1,2024
14,spotify:track:6Z28dALKtAgZ7AZRfjMQjY,"Big One, Ulises Bueno, Rusherking",Mentiras | CROSSOVER #3,Fifty One,5,13,25,1934388,AR,Argentina,Q1,2024
15,spotify:track:4jn3R3KF5hx2fCiXlj89yE,"YSY A, Bhavi, Milo j",FLECHAZO EN EL CENTRO,Ysy A,12,18,18,1927931,AR,Argentina,Q1,2024
16,spotify:track:04sktg3deiYUweHfbFUZTM,"Los Ángeles Azules, Maria Becerra",El Amor De Mi Vida,Seitrack,11,14,21,1911397,AR,Argentina,Q1,2024
17,spotify:track:3tiJUOfAEqIrLFRQgGgdoY,"Big One, FMK, Ke Personajes",Un Finde | CROSSOVER #2,Fifty One,1,10,41,1872833,AR,Argentina,Q1,2024
18,spotify:track:2xbH0CuDbid800YW5nMPzR,"Emanero, Karina, j mena, Angela Torres",SINVERGÜENZA - con Angela Torres,Fifty One,15,15,5,1862555,AR,Argentina,Q1,2024
19,spotify:track:6hv8hai0yo19JF2c6pppj6,Emilia,GTA.mp3,Sony Music Latin,2,17,18,1790115,AR,Argentina,Q1,2024
20,spotify:track:5O9IqFNUVtjRlDpdKex3YH,El negro tecla,Ahi Ahi,WM Argentina,8,9,18,1743288,AR,Argentina,Q1,2024
21,spotify:track:7bywjHOc0wSjGGbj04XbVi,"Feid, ATL Jacob",LUNA,UMLE - Latino,21,32,5,1709039,AR,Argentina,Q1,2024
22,spotify:track:1dtFrIzrr4DJZOHHESVwbt,"Gusty dj, Salastkbron, Callejero Fino, Alejo Isakk, R Jota, L-Gante, Lolo OG, DobleP, Lauty Gram",El Super Junte Rkt,GUSTY DJ,20,20,6,1661995,AR,Argentina,Q1,2024
23,spotify:track:11PV8CaPqlto9Uejx92C35,"Grupo Frontera, Ke Personajes",OJITOS ROJOS,BorderTown Records,4,16,25,1585952,AR,Argentina,Q1,2024
24,spotify:track:6PMapQ7YSxkhAgNOvvoiWs,"Sayian Jimmy, Nysix Music, CamiMusic",Bad Boy,sayian jimmy / nysix music,9,21,12,1568634,AR,Argentina,Q1,2024
25,spotify:track:1smRP4zRit7A6ZDQXkFJWC,"El Joan, Celso El Potente",Le Gustan Lo' Flaites,El Joan,22,22,8,1559931,AR,Argentina,Q1,2024
26,spotify:track:6CIMoDfTsvFVGhFi3v9Izn,"Alan Gomez, Luck Ra",Luck Ra | Mission 15,WM Chile,18,28,34,1483255,AR,Argentina,Q1,2024
27,spotify:track:3cDyocF0Ibdfs1SFQk5cLZ,Darell,Lollipop,Sony Music Latin,2,23,14,1449781,AR,Argentina,Q1,2024
28,spotify:track:6q6aChVJ5LLXFUSfakwpxW,"Maria Becerra, Chencho Corleone, Ovy On The Drums",Piscina,WEA Latina,22,31,9,1424623,AR,Argentina,Q1,2024
29,spotify:track:6jRZ33ifS5VOTMwmPxhPhN,"Luck Ra, La K'onga, Ke Personajes",Ya No Vuelvas (Versión Cuarteto),Sony Music Entertainment Chile S.A,1,19,58,1418607,AR,Argentina,Q1,2024
30,spotify:track:4GvEuYAfJlICR2SpMDaBxQ,"Jere Klein, Gittobeatz",ANDO,Jere Klein,8,26,15,1412269,AR,Argentina,Q1,2024
31,spotify:track:3oNnzH6hmqIGIhJ1NcHlrh,Maria Becerra,CORAZÓN VACÍO,WEA Latina,1,27,29,1406742,AR,Argentina,Q1,2024
32,spotify:track:7xX7bER73YZSE4m76OpMXV,"FMK, Emilia",Salgo a Bailar,Sony Music Entertainment Chile S.A,13,35,26,1402174,AR,Argentina,Q1,2024
33,spotify:track:0kVpyCPMT52a05026zHGiq,"Fer Vazquez, Flor Alvarez",Sin Querer,Fermazel LLC,33,63,4,1363823,AR,Argentina,Q1,2024
34,spotify:track:1Hs1uUl8o2VtDp1DABFq0O,"LIT killah, Tiago PZK, Maria Becerra, Duki, Emilia, Rusherking, Big One, FMK",Los del Espacio,WEA Latina,1,24,32,1347285,AR,Argentina,Q1,2024
35,spotify:track:3ezO8gfskSWM3rk0GTfhFl,"Emanero, Ulises Bueno, Migrantes, Los Palmeras",ATORRANTE - con Los Palmeras,Fifty One,15,29,27,1319237,AR,Argentina,Q1,2024
36,spotify:track:6XbtvPmIpyCbjuT0e8cQtp,Quevedo,Columbia,Rimas Entertainment LLC.,1,33,27,1300519,AR,Argentina,Q1,2024
37,spotify:track:7HdEUquZzUzPjgSllvlJGl,"Luck Ra, La T y La M, Rusherking",Quiero Creer,Sony Music Entertainment Chile S.A,11,38,49,1281479,AR,Argentina,Q1,2024
38,spotify:track:6ERI20r4GlgPI6ZDVLcGMO,Milo j,M.A.I,DALE PLAY Records,38,46,6,1262359,AR,Argentina,Q1,2024
39,spotify:track:1lSayCmr2lS6ndxELoabIG,"Big One, TINI, BM",Lágrimas | CROSSOVER #4,Fifty One,8,30,14,1245819,AR,Argentina,Q1,2024
40,spotify:track:7v7RTZrtBsoENSPD0SCMLy,"BM, Hernan y La Champion's Liga",DIME SI ERES FELIZ VOL.2,DALE PLAY Records / Wesaisons Records,21,34,19,1216850,AR,Argentina,Q1,2024
41,spotify:track:5RqSsdzTNPX1uzkmlHCFvK,"KAROL G, Peso Pluma",QLONA,Bichota/Interscope Records,15,36,21,1175638,AR,Argentina,Q1,2024
42,spotify:track:7w7BrPbOjF5OxChs2dxFve,"Big One, Emilia, Callejero Fino",En La Intimidad | CROSSOVER #1,Fifty One,1,47,49,1145637,AR,Argentina,Q1,2024
43,spotify:track:6ZVLfXr015ogdhov4FW4pG,Emilia,IConic.mp3,Sony Music Latin,33,45,10,1135551,AR,Argentina,Q1,2024
44,spotify:track:7ABLbnD53cQK00mhcaOUVG,Myke Towers,LALA,WEA Latina,1,41,29,1113756,AR,Argentina,Q1,2024
45,spotify:track:7iQXYTyuG13aoeHxGG28Nh,"Bad Bunny, Feid",PERRO NEGRO,Rimas Entertainment LLC,8,37,13,1108878,AR,Argentina,Q1,2024
46,spotify:track:2HafqoJbgXdtjwCOvNEF14,iñigo quintero,Si No Estás,Acqustic,6,44,16,1100294,AR,Argentina,Q1,2024
47,spotify:track:2bNCiY24Eh4saMcc23bvUN,Maria Becerra,ADIÓS,300 Entertainment,4,42,57,1090238,AR,Argentina,Q1,2024
48,spotify:track:0iVcmJx7r74F7mTf7M6s0v,"DobleP, Lauty Gram, Gusty dj",Me Escapé,DALE PLAY Records / Wesaisons Records,31,43,15,1088747,AR,Argentina,Q1,2024
49,spotify:track:2df5CkXBJO7jTGXm54dFJy,"Emilia, LUDMILLA, ZECCA",No_se_ve.mp3,2023 WK Records,5,48,36,1057565,AR,Argentina,Q1,2024
50,spotify:track:6abr2lKyMZTy21gSPWm7aG,Ke Personajes,Entre Beso y Beso,Ke Personajes,35,39,19,1053088,AR,Argentina,Q1,2024
1,spotify:track:6XjDF6nds4DE2BBbagZol6,"FloyyMenor, Cris MJ",Gata Only,FloyyMenor under exclusive license to UnitedMasters LLC,1,1,10,3562548,AR,Argentina,Q2,2024
2,spotify:track:4wS0TnQzVkY9ML1BPKpOk1,"Tiago PZK, Ke Personajes",Piel,WEA Latina,2,4,10,3401999,AR,Argentina,Q2,2024
3,spotify:track:5rQSQlZXXjMcevPGoAfE1z,"Salastkbron, Diel Paris",Un Besito Más,WEA Latina,3,3,4,3214410,AR,Argentina,Q2,2024
4,spotify:track:0GVPemmAwkXhFlYimhdDr3,"El Turko, Mandale Flow",30 Grados,FLOW BR,2,2,9,3052096,AR,Argentina,Q2,2024
5,spotify:track:0mJRX0WnqWlu8Boe7gpQ1P,"Salastkbron, Omar Varela",Tal Para Cual,WEA Latina,4,6,13,2955938,AR,Argentina,Q2,2024
6,spotify:track:7JKptWv4YXmievid0HajID,"Luck Ra, KHEA",HOLA PERDIDA,Sony Music Entertainment Chile S.A,1,5,14,2423011,AR,Argentina,Q2,2024
7,spotify:track:7bywjHOc0wSjGGbj04XbVi,"Feid, ATL Jacob",LUNA,UMLE - Latino,7,8,18,2290428,AR,Argentina,Q2,2024
8,spotify:track:1kqH58eGh2ZTOHwqBIB2tM,"Mesita, Nicki Nicole, Tiago PZK, Emilia",Una Foto Remix (feat. Emilia),Mesita,1,7,14,2146773,AR,Argentina,Q2,2024
9,spotify:track:28ZVFl4CQhyRmBFpJXOpUY,TINI,pa,5020 Records,9,49,2,2140012,AR,Argentina,Q2,2024
10,spotify:track:4YntVuBqggRsASIbBoWT3F,"The La Planta, Luana",Mil Preguntas,TLP Records,10,10,5,1781392,AR,Argentina,Q2,2024
11,spotify:track:7iUtQNMRB8ZkKC4AmEuCJC,Myke Towers,LA FALDA,WEA Latina,11,13,20,1722907,AR,Argentina,Q2,2024
12,spotify:track:1TyBUtMxdmRfXhW3MmbxtQ,"Luck Ra, Abel Pintos",QUE ME FALTE TODO,Sony Music Entertainment Chile S.A,3,11,24,1637674,AR,Argentina,Q2,2024
13,spotify:track:35ttE4t8lQZA2vuCYDg4G7,Milo j,M.A.I,DALE PLAY Records,11,14,19,1622431,AR,Argentina,Q2,2024
14,spotify:track:5wcghdKONQcc5TKx9jCcns,"DJ Tao, Roze Oficial",ROZE | DJ TAO Turreo Sessions #22,WM Chile,5,9,19,1599755,AR,Argentina,Q2,2024
15,spotify:track:6Es8Sk3xe1HiJ2MXCfHHwR,"Emilia, TINI",La_Original.mp3,Sony Music Latin,1,16,23,1576513,AR,Argentina,Q2,2024
16,spotify:track:5f4mOETLngamMDTJnbF9s7,Emilia,Exclusive.mp3,Sony Music Latin,3,19,23,1470450,AR,Argentina,Q2,2024
17,spotify:track:4GLmfc26LRlW5otKs6TewR,"Luck Ra, Ulises Bueno",QUE SED,Sony Music Entertainment Chile S.A,12,12,3,1455004,AR,Argentina,Q2,2024
18,spotify:track:2xbH0CuDbid800YW5nMPzR,"Emanero, Karina, j mena, Angela Torres",SINVERGÜENZA - con Angela Torres,Fifty One,14,17,18,1397885,AR,Argentina,Q2,2024
19,spotify:track:7HrgGbnNKZKhBL70aFKpXk,"Marka Akme, DJ Tao, Lauty Gram, Migrantes, Peipper",Linda - Remix,NES Play,3,20,28,1365921,AR,Argentina,Q2,2024
20,spotify:track:6vRQqxOhUFd78p5tL8jXr7,"Luck Ra, BM",La Morocha,Sony Music Entertainment Chile S.A,1,15,40,1346368,AR,Argentina,Q2,2024
21,spotify:track:7In4Lnz4mpkFkG5zOAzLuE,"LIT killah, Milo j, RONNY J",Carta de Despedida,Mawz Records,21,46,2,1342169,AR,Argentina,Q2,2024
22,spotify:track:3oNnzH6hmqIGIhJ1NcHlrh,Maria Becerra,CORAZÓN VACÍO,WEA Latina,1,36,42,1303725,AR,Argentina,Q2,2024
23,spotify:track:08809bzGs69SfjOFdeyssu,"Omar Varela, El negro tecla",EL NEGRO TECLA | Omar Algo Anda Mal #9,WM Argentina,18,18,15,1297976,AR,Argentina,Q2,2024
24,spotify:track:1tMG67mMQCsculYUqJR5RC,"ORO600, Pablo Chill-E, 0-600, Orodembow",Nena Sad,I NEED SPONSORS,18,22,10,1262162,AR,Argentina,Q2,2024
25,spotify:track:6EWPFLaVPVmuhmA7J3ASP8,"Maria Becerra, Ivy Queen",PRIMER AVISO,WEA Latina,19,31,6,1252911,AR,Argentina,Q2,2024
26,spotify:track:2eV3pmYGM1bm1vWHc0t8WF,"DobleP, Salastkbron, Gusty dj",UH LA LA LA,DALE PLAY Records / Wesaisons Records,26,47,3,1228415,AR,Argentina,Q2,2024
27,spotify:track:6PMapQ7YSxkhAgNOvvoiWs,"Sayian Jimmy, Nysix Music, CamiMusic",Bad Boy,sayian jimmy / nysix music,9,34,25,1216744,AR,Argentina,Q2,2024
28,spotify:track:7irTyPzSyqSbeUXbYsTR5j,"The Academy: Segunda Misión, Dalex, Lenny Tavárez, Sech, Justin Quiles, Dímelo Flow, Maria Becerra",LATTE (feat. Maria Becerra),WEA Latina,28,55,2,1208872,AR,Argentina,Q2,2024
29,spotify:track:10zSgbysU2KyVTrcRmtu62,Airbag,Por Mil Noches,DALE PLAY Records / Airbag,29,32,221,1167498,AR,Argentina,Q2,2024
30,spotify:track:4jn3R3KF5hx2fCiXlj89yE,"YSY A, Bhavi, Milo j",FLECHAZO EN EL CENTRO,Ysy A,12,21,31,1161709,AR,Argentina,Q2,2024
31,spotify:track:2DbV9TSdeGr5FobCFDRzvq,"Bizarrap, Natanael Cano","Natanael Cano: Bzrp Music Sessions, Vol. 59/66",DALE PLAY Records,31,-1,1,1160562,AR,Argentina,Q2,2024
32,spotify:track:6gV8ALkSHfJi7Bprabr1FC,"Roze Oficial, Peipper",Inocente,Sony Music Uruguay,5,23,18,1148636,AR,Argentina,Q2,2024
33,spotify:track:0kVpyCPMT52a05026zHGiq,"Fer Vazquez, Flor Alvarez",Sin Querer,Fermazel LLC,12,25,17,1138373,AR,Argentina,Q2,2024
34,spotify:track:28v5fIoIa2Y07nqAXgBcXC,Q' Lokura,Cuarteto Sessions #3,Q' Lokura,24,24,11,1117884,AR,Argentina,Q2,2024
35,spotify:track:2kvpHbQHp9QmcG9WhyLwco,Cris MJ,Daytona,Sonar LLC.,29,29,13,1104118,AR,Argentina,Q2,2024
36,spotify:track:4sl3IoHskl2Kbdy27gZ4yn,Mesita,Una Foto,Turbo Diesel Records,4,44,33,1086983,AR,Argentina,Q2,2024
37,spotify:track:6VciS3dRMpZhJiDxT8ArFi,"Bizarrap, Young Miko","Young Miko: Bzrp Music Sessions, Vol. 58/66",DALE PLAY Records,3,30,14,1081675,AR,Argentina,Q2,2024
38,spotify:track:1dtFrIzrr4DJZOHHESVwbt,"Gusty dj, Salastkbron, Callejero Fino, Alejo Isakk, R Jota, L-Gante, Lolo OG, DobleP, Lauty Gram",El Super Junte Rkt,GUSTY DJ,20,26,19,1054815,AR,Argentina,Q2,2024
39,spotify:track:4IJWhehNLXru5WfS71EWSx,"Cris MJ, Dei V",Diabólica,Sonar LLC.,39,48,4,1021051,AR,Argentina,Q2,2024
40,spotify:track:00THZGfbizNvMUkJsQs74K,"KHEA, Emilia",TU Y YO,Interscope Records,31,40,8,1008699,AR,Argentina,Q2,2024
41,spotify:track:04sktg3deiYUweHfbFUZTM,"Los Ángeles Azules, Maria Becerra",El Amor De Mi Vida,Seitrack,11,33,34,1001073,AR,Argentina,Q2,2024
42,spotify:track:7gmATHjiYdt4s9lNdji8nj,TINI,posta,5020 Records,42,-1,1,980137,AR,Argentina,Q2,2024
43,spotify:track:6Z28dALKtAgZ7AZRfjMQjY,"Big One, Ulises Bueno, Rusherking",Mentiras | CROSSOVER #3,Fifty One,5,37,38,979600,AR,Argentina,Q2,2024
44,spotify:track:0TUW9faHNaBmi89wsYGp9y,"Trueno, Nicki Nicole, Bizarrap, Taiu, tatool",Mamichula - con Nicki Nicole,NEUEN,1,38,128,963626,AR,Argentina,Q2,2024
45,spotify:track:6q6aChVJ5LLXFUSfakwpxW,"Maria Becerra, Chencho Corleone, Ovy On The Drums",Piscina,WEA Latina,21,27,22,963271,AR,Argentina,Q2,2024
46,spotify:track:6vsKOJPjdxlYgRs8McgtCQ,"TWENTY SIX, Tayson Kryss",Buscando Money,FFRR,3,35,12,958549,AR,Argentina,Q2,2024
47,spotify:track:3tiJUOfAEqIrLFRQgGgdoY,"Big One, FMK, Ke Personajes",Un Finde | CROSSOVER #2,Fifty One,1,39,54,911450,AR,Argentina,Q2,2024
48,spotify:track:7MVIfkyzuUmQ716j8U7yGR,"Milo j, Taiu",Rara Vez,Universal Music Argentina S.A.,3,54,61,880626,AR,Argentina,Q2,2024
49,spotify:track:1gAPIjqunPXRA4y1kYZi0q,"Rusherking, Marama",Besos con Fernet,Rusherking,8,43,22,873874,AR,Argentina,Q2,2024
50,spotify:track:1905loqmX0pSFPMbA9rc1f,"Ponte Perro, Kaleb Di Masi",GAFITA Y CHOMBA,GOAT Records,50,65,6,839125,AR,Argentina,Q2,2024
1,spotify:track:1pymWRCuZfCd0zdiBJo0Hj,Trueno,REAL GANGSTA LOVE,Sony Music Latin,1,1,7,3550479,AR,Argentina,Q3,2024
2,spotify:track:0SoBfYjQHvL6cuWHtPUYnq,"Valentino Merlo, The La Planta",Hoy,TLP Records,2,3,7,3109351,AR,Argentina,Q3,2024
3,spotify:track:4dLLdfiniBhDP9dlJQIOi4,"Los Ángeles Azules, Emilia",Perdonarte ¿Para Qué?,Seitrack,1,2,7,3040123,AR,Argentina,Q3,2024
4,spotify:track:5OwAhFlvFZ4ZdGDfroYgAm,"Big One, Maria Becerra, Trueno",Cuando Te Vi | CROSSOVER #5,Fifty One,4,4,2,2905760,AR,Argentina,Q3,2024
5,spotify:track:3cWo162YkfLIFyB3DWbVoH,"Q' Lokura, Valentino Merlo",Tu Foto - En Vivo,Q' Lokura,1,6,8,2098995,AR,Argentina,Q3,2024
6,spotify:track:2RmtEc2ZNDCzAU3vH0AbKx,Nicki Nicole,Ojos Verdes,Sony Music Latin/DALE PLAY Records,4,5,11,2058616,AR,Argentina,Q3,2024
7,spotify:track:0EOynYGvn9TbAyKPyMAStL,La Joaqui,SAN TURRONA,LA JOAQUI / DALE PLAY Records,7,12,6,2019087,AR,Argentina,Q3,2024
8,spotify:track:3sra6aEWWDXUiy46fWQobH,Maria Becerra,IMAN (Two Of Us),WEA Latina,3,7,8,1993793,AR,Argentina,Q3,2024
9,spotify:track:0Cs2ANiGsCOQLKnCrNJ6hA,Emilia,La_Playlist.mpeg,Sony Music Latin,9,11,3,1857665,AR,Argentina,Q3,2024
10,spotify:track:4yyCGGdTVaYG17vhsrUPoL,"FloyyMenor, Lewis Somes",APAGA EL CEL,FloyyMenor under exclusive license to UnitedMasters LLC,10,17,8,1794394,AR,Argentina,Q3,2024
11,spotify:track:6kPCcIAGoTeRrh8qrmKa90,"Tiago PZK, Ke Personajes",Piel,WEA Latina,2,10,23,1788414,AR,Argentina,Q3,2024
12,spotify:track:5rQSQlZXXjMcevPGoAfE1z,"Salastkbron, Diel Paris",Un Besito Más,WEA Latina,2,8,17,1728670,AR,Argentina,Q3,2024
13,spotify:track:7bywjHOc0wSjGGbj04XbVi,"Feid, ATL Jacob",LUNA,UMLE - Latino,5,9,31,1609819,AR,Argentina,Q3,2024
14,spotify:track:6a9Z1jUms915w4O7N1PxjY,"Rvssian, Rauw Alejandro, Ayra Starr",Santa,Sony Music Latin,3,14,12,1532524,AR,Argentina,Q3,2024
15,spotify:track:7D7CiwAGCkGi9sQYyCLhxh,The La Planta,HOY,TLP Records,2,13,8,1514932,AR,Argentina,Q3,2024
16,spotify:track:0mJRX0WnqWlu8Boe7gpQ1P,"Salastkbron, Omar Varela",Tal Para Cual,WEA Latina,4,23,26,1478948,AR,Argentina,Q3,2024
17,spotify:track:6WatFBLVB0x077xWeoVc2k,KAROL G,Si Antes Te Hubiera Conocido,Bichota/Interscope Records,17,20,3,1475216,AR,Argentina,Q3,2024
18,spotify:track:4kGGnJmqYqn6RQ9LMfvPcv,"elaggume, Fauna Music, Coco Palmer",TATTOO,Fauna Music,16,19,9,1398411,AR,Argentina,Q3,2024
19,spotify:track:6XjDF6nds4DE2BBbagZol6,"FloyyMenor, Cris MJ",Gata Only,FloyyMenor under exclusive license to UnitedMasters LLC,1,15,23,1384281,AR,Argentina,Q3,2024
20,spotify:track:3GD6eImRvT0zgr8cQnokUq,"Bhavi, Seven Kayne, Milo j, Tiago PZK, KHEA, Neo Pistea","BESAME (feat. Tiago PZK, Khea & Neo Pistea) - Remix",GMR,1,16,13,1351679,AR,Argentina,Q3,2024
21,spotify:track:2N0hVk2Ant8751xPZUjCV2,"ECKO, Los Turros, DobleP, Cristian Di Marco",Loquita - Remix,WM Chile,21,30,7,1344893,AR,Argentina,Q3,2024
22,spotify:track:1TyBUtMxdmRfXhW3MmbxtQ,"Luck Ra, Abel Pintos",QUE ME FALTE TODO,Sony Music Entertainment Chile S.A,3,21,37,1266615,AR,Argentina,Q3,2024
23,spotify:track:42mrOMjkQb7jRKatu0bqg4,"Q' Lokura, Luck Ra",Mil Preguntas,Q' Lokura,15,27,13,1260289,AR,Argentina,Q3,2024
24,spotify:track:7ytAHohytO1TxO9yF5vn7d,"elaggume, ECKO, Omar Varela, Fauna Music",SOLTERO,Fauna Music,24,25,6,1250945,AR,Argentina,Q3,2024
25,spotify:track:5wcghdKONQcc5TKx9jCcns,"DJ Tao, Roze Oficial",ROZE | DJ TAO Turreo Sessions #22,WM Chile,5,22,32,1227037,AR,Argentina,Q3,2024
26,spotify:track:4YntVuBqggRsASIbBoWT3F,"The La Planta, Luana",Mil Preguntas,TLP Records,10,29,18,1139726,AR,Argentina,Q3,2024
27,spotify:track:2FqTbwiogEVvZnkarPf5BV,"Luck Ra, Maluma, KHEA",HOLA PERDIDA REMIX,Sony Music Entertainment Chile S.A,3,18,6,1113301,AR,Argentina,Q3,2024
28,spotify:track:5Uptvz6j1sjDKxidAcnH2L,Cris MJ,SI NO ES CONTIGO,Sonar LLC.,14,24,7,1102631,AR,Argentina,Q3,2024
29,spotify:track:4DDmzgsqbZ2qwKbOnV9Bzp,Thomy DJ,Tumba,Thomy DJ,11,28,10,1072924,AR,Argentina,Q3,2024
30,spotify:track:6IRRoV7AbjHT8JWP4uFrD5,"El Turko, Mandale Flow",30 Grados,FLOW BR,2,34,22,1040220,AR,Argentina,Q3,2024
31,spotify:track:2xbH0CuDbid800YW5nMPzR,"Emanero, Karina, j mena, Angela Torres",SINVERGÜENZA - con Angela Torres,Fifty One,14,31,31,1038268,AR,Argentina,Q3,2024
32,spotify:track:7JKptWv4YXmievid0HajID,"Luck Ra, KHEA",HOLA PERDIDA,Sony Music Entertainment Chile S.A,1,38,27,1036634,AR,Argentina,Q3,2024
33,spotify:track:5vHWh24GAsXJ7tnIu8v7UN,Airbag,Por Mil Noches,DALE PLAY Records / Airbag,27,32,234,1031775,AR,Argentina,Q3,2024
34,spotify:track:5ha7HmgsLaYNwCIA1TClnO,"Mesita, Duki",CEO,TD Records,26,26,3,1015053,AR,Argentina,Q3,2024
35,spotify:track:7s4emXHJwAuo5VvGBXmnBL,"Young Miko, Feid",offline,Wave Music Group,17,35,14,944059,AR,Argentina,Q3,2024
36,spotify:track:6Es8Sk3xe1HiJ2MXCfHHwR,"Emilia, TINI",La_Original.mp3,Sony Music Latin,1,40,36,922332,AR,Argentina,Q3,2024
37,spotify:track:43PiEypaceH339CSNiggyj,"iZaak, JHAYCO, Anuel AA",BBY BOO - REMIX,WEA Latina,15,39,15,899452,AR,Argentina,Q3,2024
38,spotify:track:1kqH58eGh2ZTOHwqBIB2tM,"Mesita, Nicki Nicole, Tiago PZK, Emilia",Una Foto Remix (feat. Emilia),Mesita,1,37,27,886128,AR,Argentina,Q3,2024
39,spotify:track:35ttE4t8lQZA2vuCYDg4G7,Milo j,M.A.I,DALE PLAY Records,11,42,32,882164,AR,Argentina,Q3,2024
40,spotify:track:4YnmQG1fnJR9LnTZtix70T,"J Abdiel, De La Rose, Yan Block, iZaak, Jay Wheeler",WYA REMIX RED,SONAR LLC.,40,48,4,865631,AR,Argentina,Q3,2024
41,spotify:track:2eV3pmYGM1bm1vWHc0t8WF,"DobleP, Salastkbron, Gusty dj",UH LA LA LA,DALE PLAY Records / Wesaisons Records,9,41,16,860017,AR,Argentina,Q3,2024
42,spotify:track:6vRQqxOhUFd78p5tL8jXr7,"Luck Ra, BM",La Morocha,Sony Music Entertainment Chile S.A,1,43,53,849311,AR,Argentina,Q3,2024
43,spotify:track:63pLfjK6FvcYJYMGwtHjd6,Feid,SORRY 4 THAT MUCH,FEID,36,36,5,832957,AR,Argentina,Q3,2024
44,spotify:track:3tt9i3Hhzq84dPS8H7iSiJ,Manuel Turizo,La Bachata,Sony Music Latin/La Industria,1,44,109,813007,AR,Argentina,Q3,2024
45,spotify:track:1NVBLZ63QLBjBoh5Tf0pKj,"Eze Remix, Matt Sebastian",Cierre Rkt,Eze Remix,26,47,11,782715,AR,Argentina,Q3,2024
46,spotify:track:3KZCP2StVGdWkOKyRZNWA4,Plan B,Es un Secreto,Pina Records,46,50,87,762968,AR,Argentina,Q3,2024
47,spotify:track:5eAYNG0ul2CutxVSzY61lz,"Tiago PZK, Manuel Turizo",De Vuelta,WEA Latina,47,-1,1,757159,AR,Argentina,Q3,2024
48,spotify:track:4sl3IoHskl2Kbdy27gZ4yn,Mesita,Una Foto,Turbo Diesel Records,4,46,46,753597,AR,Argentina,Q3,2024
49,spotify:track:3tiJUOfAEqIrLFRQgGgdoY,"Big One, FMK, Ke Personajes",Un Finde | CROSSOVER #2,Fifty One,1,45,67,717969,AR,Argentina,Q3,2024
50,spotify:track:6MuJUSYCqA4FpMogUHzb2R,No Te Va Gustar,Ese Maldito Momento,Elefante Blanco,40,52,138,716041,AR,Argentina,Q3,2024
1,spotify:track:6WatFBLVB0x077xWeoVc2k,KAROL G,Si Antes Te Hubiera Conocido,Bichota/Interscope Records,1,4,16,2848487,AR,Argentina,Q4,2024
2,spotify:track:0EVxchTHYIgx618OrpcrdQ,Maria Becerra,AGORA,WEA Latina,2,3,4,2802638,AR,Argentina,Q4,2024
3,spotify:track:0c82YIGpQ5dCaXpTNCk4sb,"Tiago PZK, Anitta, Emilia",Alegría,WEA Latina,1,1,9,2587119,AR,Argentina,Q4,2024
4,spotify:track:0Sr7ssScx54yxdM2ols7nW,"Omar Courtz, De La Rose",Q U E V A S H A C E R H O Y ?,Mr.305 Records / Rimas Entertainment LLC.,4,19,2,2504286,AR,Argentina,Q4,2024
5,spotify:track:5AkLEnorFvb7WIJOGqKYVT,"Big One, Emanero, Valentino Merlo",Si Un Día Estás Sola | CROSSOVER #7,Fifty One,5,5,5,2460686,AR,Argentina,Q4,2024
6,spotify:track:0SoBfYjQHvL6cuWHtPUYnq,"Valentino Merlo, The La Planta",Hoy,TLP Records,1,2,20,2209241,AR,Argentina,Q4,2024
7,spotify:track:6kPCcIAGoTeRrh8qrmKa90,"Tiago PZK, Ke Personajes",Piel,WEA Latina,2,7,36,2202076,AR,Argentina,Q4,2024
8,spotify:track:4dLLdfiniBhDP9dlJQIOi4,"Los Ángeles Azules, Emilia",Perdonarte ¿Para Qué?,Seitrack,1,8,20,2127560,AR,Argentina,Q4,2024
9,spotify:track:1db75lVrSgDFZI1gZh8JlV,"Paulo Londra, Luck Ra, Valentino Merlo",Princesa,Paulo Londra / DALE PLAY Records,9,10,4,1917437,AR,Argentina,Q4,2024
10,spotify:track:5DSMm0BZXlSvqArsTX00Ge,"Luck Ra, Nicki Nicole",DOCTOR,Sony Music Latin,2,9,6,1814852,AR,Argentina,Q4,2024
11,spotify:track:2N0hVk2Ant8751xPZUjCV2,"ECKO, Los Turros, DobleP, Cristian Di Marco",Loquita - Remix,WM Chile,10,16,20,1775543,AR,Argentina,Q4,2024
12,spotify:track:42wdz3j7gstgUuhoFLCXqd,FloyyMenor,PELIGROSA,FloyyMenor under exclusive license to UnitedMasters LLC,11,15,12,1729761,AR,Argentina,Q4,2024
13,spotify:track:32fRErxI6gKskZXSbEAAAn,Lali,FANÁTICO,Sony Music Argentina,6,6,2,1686648,AR,Argentina,Q4,2024
14,spotify:track:2AFC9ad4nGauS1cgm7FCqU,"Luck Ra, Chayanne",UN SIGLO SIN TI,Sony Music Latin,4,12,11,1655364,AR,Argentina,Q4,2024
15,spotify:track:6PhRhocBXP4y7NpciGmzra,"Cris MJ, FloyyMenor, LOUKI",Después De La 1,Sonar LLC.,11,11,4,1585600,AR,Argentina,Q4,2024
16,spotify:track:3KeYEr9ogMBemsOfQIJmZp,"Big One, Maria Becerra, Trueno",Cuando Te Vi | CROSSOVER #5,Fifty One,2,13,15,1541969,AR,Argentina,Q4,2024
17,spotify:track:1TyBUtMxdmRfXhW3MmbxtQ,"Luck Ra, Abel Pintos",QUE ME FALTE TODO,Sony Music Entertainment Chile S.A,3,18,50,1462081,AR,Argentina,Q4,2024
18,spotify:track:7bywjHOc0wSjGGbj04XbVi,"Feid, ATL Jacob",LUNA,UMLE - Latino,5,21,44,1384523,AR,Argentina,Q4,2024
19,spotify:track:3cWo162YkfLIFyB3DWbVoH,"Q' Lokura, Valentino Merlo",Tu Foto - En Vivo,Q' Lokura,1,20,21,1381758,AR,Argentina,Q4,2024
20,spotify:track:1HRUB9L0IRcRHzLVD4pk6C,"La Joaqui, DobleP, Gusty dj",TERAPIA DE CHOQUE,LA JOAQUI / DALE PLAY Records,7,17,11,1348980,AR,Argentina,Q4,2024
21,spotify:track:2xbH0CuDbid800YW5nMPzR,"Emanero, Karina, j mena, Angela Torres",SINVERGÜENZA - con Angela Torres,Fifty One,14,27,44,1322926,AR,Argentina,Q4,2024
22,spotify:track:42mrOMjkQb7jRKatu0bqg4,"Q' Lokura, Luck Ra",Mil Preguntas,Q' Lokura,15,23,26,1309320,AR,Argentina,Q4,2024
23,spotify:track:2RmtEc2ZNDCzAU3vH0AbKx,Nicki Nicole,Ojos Verdes,Sony Music Latin/DALE PLAY Records,4,26,24,1238525,AR,Argentina,Q4,2024
24,spotify:track:5QjmUqgpPQgXgg4606DqZF,Kapo,UWAIE,Sony Music Latin/La Industria,15,22,7,1214463,AR,Argentina,Q4,2024
25,spotify:track:5MKbWaXeSQSmzmo7gPQha1,"La T y La M, Malandro",Amor de Vago,GraceMusic,25,33,5,1176403,AR,Argentina,Q4,2024
26,spotify:track:3OJDtCdYs8QJnui708tEU3,Shakira,Soltera,Sony Music Latin,26,56,2,1168953,AR,Argentina,Q4,2024
27,spotify:track:4YnmQG1fnJR9LnTZtix70T,"J Abdiel, De La Rose, Yan Block, iZaak, Jay Wheeler",WYA REMIX RED,SONAR LLC.,18,25,17,1154981,AR,Argentina,Q4,2024
28,spotify:track:1pymWRCuZfCd0zdiBJo0Hj,Trueno,REAL GANGSTA LOVE,Sony Music Latin,1,31,20,1131827,AR,Argentina,Q4,2024
29,spotify:track:5rQSQlZXXjMcevPGoAfE1z,"Salastkbron, Diel Paris",Un Besito Más,WEA Latina,2,14,30,1094298,AR,Argentina,Q4,2024
30,spotify:track:16iLGYXMiLUhvqTEIu4pKB,Milo j,3 PECADOS DESPUES…,DALE PLAY Records,22,30,13,1079788,AR,Argentina,Q4,2024
31,spotify:track:0Cs2ANiGsCOQLKnCrNJ6hA,Emilia,La_Playlist.mpeg,Sony Music Latin,9,35,16,1055623,AR,Argentina,Q4,2024
32,spotify:track:1MCArCVJUgBUrBnzUoZqmq,"Salastkbron, Omar Varela",Dimelo Mami,WEA Latina,32,37,6,1046983,AR,Argentina,Q4,2024
33,spotify:track:7eNwwoxDR8KVzNAuGvliAO,"Omar Courtz, De La Rose, Haze",Kyoto,House of Haze,33,49,11,1033272,AR,Argentina,Q4,2024
34,spotify:track:4jn3R3KF5hx2fCiXlj89yE,"YSY A, Bhavi, Milo j",FLECHAZO EN EL CENTRO,Ysy A,12,72,57,1021698,AR,Argentina,Q4,2024
35,spotify:track:4eqXTlaHeK6xkM1fRx9wR5,"Pinky SD, Un Poco de Ruido, Uriel Lozano",Conmigo Te Gustó,Pinky SD,35,39,8,1020464,AR,Argentina,Q4,2024
36,spotify:track:3KZCP2StVGdWkOKyRZNWA4,Plan B,Es un Secreto,Pina Records,28,38,100,1004341,AR,Argentina,Q4,2024
37,spotify:track:2wEhjcnre2PU36KQNBLXCC,"DobleP, Tuti DJ, Pereiraremix",SE DICE DE MI,DALE PLAY Records / Wesaisons Records,32,36,4,975441,AR,Argentina,Q4,2024
38,spotify:track:0CgpCtEPvyDizcg2p47VrU,No Te Va Gustar,A las Nueve,Elefante Blanco,31,41,302,971883,AR,Argentina,Q4,2024
39,spotify:track:6Es8Sk3xe1HiJ2MXCfHHwR,"Emilia, TINI",La_Original.mp3,Sony Music Latin,1,32,49,957132,AR,Argentina,Q4,2024
40,spotify:track:6a9Z1jUms915w4O7N1PxjY,"Rvssian, Rauw Alejandro, Ayra Starr",Santa,Sony Music Latin,3,50,25,953062,AR,Argentina,Q4,2024
41,spotify:track:3oNnzH6hmqIGIhJ1NcHlrh,Maria Becerra,CORAZÓN VACÍO,WEA Latina,1,55,68,942253,AR,Argentina,Q4,2024
42,spotify:track:6vRQqxOhUFd78p5tL8jXr7,"Luck Ra, BM",La Morocha,Sony Music Entertainment Chile S.A,1,43,66,922482,AR,Argentina,Q4,2024
43,spotify:track:7JKptWv4YXmievid0HajID,"Luck Ra, KHEA",HOLA PERDIDA,Sony Music Entertainment Chile S.A,1,42,40,915812,AR,Argentina,Q4,2024
44,spotify:track:6MuJUSYCqA4FpMogUHzb2R,No Te Va Gustar,Ese Maldito Momento,Elefante Blanco,28,45,151,906500,AR,Argentina,Q4,2024
45,spotify:track:3sra6aEWWDXUiy46fWQobH,Maria Becerra,IMAN (Two Of Us),WEA Latina,3,29,21,885933,AR,Argentina,Q4,2024
46,spotify:track:2plbrEY59IikOBgBGLjaoe,"Lady Gaga, Bruno Mars",Die With A Smile,Interscope,40,40,8,882744,AR,Argentina,Q4,2024
47,spotify:track:5Uptvz6j1sjDKxidAcnH2L,Cris MJ,SI NO ES CONTIGO,Sonar LLC.,14,44,20,837555,AR,Argentina,Q4,2024
48,spotify:track:7MVIfkyzuUmQ716j8U7yGR,"Milo j, Taiu",Rara Vez,Universal Music Argentina S.A.,3,48,87,826296,AR,Argentina,Q4,2024
49,spotify:track:5g2Jqe1D2qnZc6LcvWL3e1,"Pinky SD, Un Poco de Ruido, El Mago Y La Nueva",Te Vas a Arrepentir,Pinky SD,49,62,6,763005,AR,Argentina,Q4,2024
50,spotify:track:3tt9i3Hhzq84dPS8H7iSiJ,Manuel Turizo,La Bachata,Sony Music Latin/La Industria,1,47,122,761178,AR,Argentina,Q4,2024
1,spotify:track:4xhsWYTOGcal8zt0J161CU,Jack Harlow,Lovin On Me,Generation Now/Atlantic,1,1,9,2282601,AU,Australia,Q1,2024
2,spotify:track:3rUGC1vUpkDG9CZFHMur1t,Tate McRae,greedy,RCA Records Label,2,2,17,1554256,AU,Australia,Q1,2024
3,spotify:track:0mflMxspEfB0VbI1kyLiAv,Noah Kahan,Stick Season,Mercury Records/Republic Records,3,3,14,1530532,AU,Australia,Q1,2024
4,spotify:track:1BxfuPKGuaTgP7aM0Bbdwr,Taylor Swift,Cruel Summer,Taylor Swift,2,4,49,1263788,AU,Australia,Q1,2024
5,spotify:track:4KULAymBBJcPRpk1yO4dOG,"Zach Bryan, Kacey Musgraves",I Remember Everything (feat. Kacey Musgraves),Warner Records,5,6,20,1237522,AU,Australia,Q1,2024
6,spotify:track:59NraMJsLaMCVtwXTSia8i,"cassö, RAYE, D-Block Europe",Prada,Ministry of Sound Recordings,5,7,22,1181104,AU,Australia,Q1,2024
7,spotify:track:56y1jOTK0XSvJzVv9vHQBK,Doja Cat,Paint The Town Red,Kemosabe Records/RCA Records,1,5,23,1166556,AU,Australia,Q1,2024
8,spotify:track:5aIVCx5tnk0ntmdiinnYvw,Tyla,Water,FAX Records/Epic,5,8,17,1078452,AU,Australia,Q1,2024
9,spotify:track:5mjYQaktjmjcMKcUIcqz4s,Kenya Grace,Strangers,Warner Records/Major Recordings,2,9,19,1038838,AU,Australia,Q1,2024
10,spotify:track:6WzRpISELf3YglGAh7TXcG,"The Weeknd, Playboi Carti, Madonna",Popular (with Playboi Carti & Madonna) - From The Idol Vol. 1 (Music from the HBO Original Series),XO / Republic Records,7,12,32,1021059,AU,Australia,Q1,2024
11,spotify:track:3WMj8moIAXJhHsyLaqIIHI,Zach Bryan,Something in the Orange,Warner Records,7,11,82,1014079,AU,Australia,Q1,2024
12,spotify:track:7yq4Qj7cqayVTp3FF9CWbm,Vance Joy,Riptide,F-Stop Records/Atlantic,12,19,366,996556,AU,Australia,Q1,2024
13,spotify:track:7K3BhSpAxZBznislvUMVtn,Morgan Wallen,Last Night,Morgan Wallen,1,10,49,981236,AU,Australia,Q1,2024
14,spotify:track:17phhZDn6oGtzMe56NuWvj,Teddy Swims,Lose Control,Warner Records,14,20,10,923795,AU,Australia,Q1,2024
15,spotify:track:1yeB8MUNeLo9Ek1UEpsyz6,"Drake, Sexyy Red, SZA",Rich Baby Daddy (feat. Sexyy Red & SZA),OVO/Republic,9,13,14,883131,AU,Australia,Q1,2024
16,spotify:track:1kuGVB7EU95pJObxwvfwKS,Olivia Rodrigo,vampire,Olivia Rodrigo PS,1,18,28,807058,AU,Australia,Q1,2024
17,spotify:track:0cVyQfDyRnMJ0V3rjjdlU3,Paul Russell,Lil Boo Thang,Arista Records,15,15,14,805769,AU,Australia,Q1,2024
18,spotify:track:4fYte8ZvTK14NEhAOZocBi,OneRepublic,I Ain't Worried,Mosley Music/Interscope Records,1,23,84,791549,AU,Australia,Q1,2024
19,spotify:track:4OMJGnvZfDvsePyCwRGO7X,Dua Lipa,Houdini,Warner Records,10,22,9,782738,AU,Australia,Q1,2024
20,spotify:track:7to68V64Cu6zk0UDo5tyw3,Ocean Alley,Confidence,Ocean Alley,10,16,146,782191,AU,Australia,Q1,2024
21,spotify:track:1Lo0QY9cvc8sUB2vnIOxDT,Luke Combs,Fast Car,River House Artists/Columbia Nashville,4,21,42,774469,AU,Australia,Q1,2024
22,spotify:track:003vvx7Niy0yvhvHt4a68B,The Killers,Mr. Brightside,Island Records,17,17,368,774460,AU,Australia,Q1,2024
23,spotify:track:1udwFobQ1JoOdWPQrp2b6u,"JID, 21 Savage, Baby Tate",Surround Sound (feat. 21 Savage & Baby Tate),Dreamville/Interscope,23,27,9,758863,AU,Australia,Q1,2024
24,spotify:track:1vYXt7VSjH9JIM5oRRo7vA,Dua Lipa,Dance The Night - From Barbie The Album,Atlantic Records,4,14,33,749292,AU,Australia,Q1,2024
25,spotify:track:1Iq8oo9XkmmvCQiGOfORiz,Taylor Swift,Is It Over Now? (Taylor's Version) (From The Vault),Taylor Swift,1,28,11,734477,AU,Australia,Q1,2024
26,spotify:track:7iUScoHKNJC5hqtA40vMlj,"Fred again.., Baby Keem",leavemealone,Atlantic Records UK,25,25,5,725690,AU,Australia,Q1,2024
27,spotify:track:4E63weMCaNZuGPEFMnuEi8,Tate McRae,exes,RCA Records Label,16,30,8,723192,AU,Australia,Q1,2024
28,spotify:track:4tKGFmENO69tZR9ahgZu48,Sophie Ellis-Bextor,Murder On The Dancefloor,Polydor Records,28,72,2,713649,AU,Australia,Q1,2024
29,spotify:track:1odExI7RdWc4BT515LTAwj,David Kushner,Daylight,Miserable Music Group,2,29,39,701728,AU,Australia,Q1,2024
30,spotify:track:2FDTHlrBguDzQkp7PVj16Q,"Dave, Central Cee",Sprinter,Neighbourhood / Live Yours,1,26,32,686869,AU,Australia,Q1,2024
31,spotify:track:5PyDJG7SQRgWXefgexqIge,Doja Cat,Agora Hills,Kemosabe Records/RCA Records,13,31,16,669216,AU,Australia,Q1,2024
32,spotify:track:5w40ZYhbBMAlHYNDaVJIUu,Post Malone,Chemical,Mercury Records/Republic Records,9,35,39,658283,AU,Australia,Q1,2024
33,spotify:track:7DSAEUvxU8FajXtRloy8M0,Miley Cyrus,Flowers,Columbia,1,24,52,657546,AU,Australia,Q1,2024
34,spotify:track:3U5JVgI2x4rDyHGObzJfNf,Natasha Bedingfield,Unwritten,Sony Music CG,34,93,2,656655,AU,Australia,Q1,2024
35,spotify:track:0V3wPSX9ygBnCm8psDIegu,Taylor Swift,Anti-Hero,Taylor Swift,1,36,64,652020,AU,Australia,Q1,2024
36,spotify:track:0ofHAoxe9vBkTCp2UQIavz,Fleetwood Mac,Dreams - 2004 Remaster,Rhino/Warner Records,7,34,288,649363,AU,Australia,Q1,2024
37,spotify:track:6wf7Yu7cxBSPrRlWeSeK0Q,Billie Eilish,"What Was I Made For? [From The Motion Picture ""Barbie""]",Darkroom/Interscope Records,2,45,26,632542,AU,Australia,Q1,2024
38,spotify:track:31MNHKE86sEXzIglbGQ6mu,Troye Sivan,Got Me Started,EMI Recorded Music Australia Pty Ltd,20,41,16,620316,AU,Australia,Q1,2024
39,spotify:track:1s7oOCT8vauUh01PbJD6ps,"Rema, Selena Gomez",Calm Down (with Selena Gomez),Mavin Records / Jonzing World,22,32,70,614180,AU,Australia,Q1,2024
40,spotify:track:7CyPwkp0oE8Ro9Dd5CUDjW,"The Weeknd, JENNIE, Lily-Rose Depp","One Of The Girls (with JENNIE, Lily Rose Depp)",XO / Republic Records,40,46,9,611832,AU,Australia,Q1,2024
41,spotify:track:3USxtqRwSYz57Ewm6wWRMp,Glass Animals,Heat Waves,Polydor Records,1,42,180,600454,AU,Australia,Q1,2024
42,spotify:track:4Dvkj6JhhA12EX05fT7y2e,Harry Styles,As It Was,Columbia,1,33,93,597859,AU,Australia,Q1,2024
43,spotify:track:3vkCueOmm7xQDoJ17W1Pm3,Mitski,My Love Mine All Mine,Dead Oceans,12,38,16,592122,AU,Australia,Q1,2024
44,spotify:track:48UKTR66uUOT9LaUvooTNx,Luke Combs,The Kind of Love We Make,River House Artists/Columbia Nashville,15,43,82,574046,AU,Australia,Q1,2024
45,spotify:track:2Dct3GykKZ58hpWRFfe2Qd,Zach Bryan,Heading South,Warner Records,45,52,37,563622,AU,Australia,Q1,2024
46,spotify:track:68Dni7IE4VyPkTOH9mRWHr,J. Cole,No Role Modelz,Roc Nation Records LLC,25,50,237,561773,AU,Australia,Q1,2024
47,spotify:track:23RoR84KodL5HWvUTneQ1w,Peggy Gou,(It Goes Like) Nanana - Edit,XL Recordings,25,37,29,550166,AU,Australia,Q1,2024
48,spotify:track:1Qrg8KqiBpW07V7PNxwwwL,SZA,Kill Bill,Top Dawg Entertainment/RCA Records,1,47,57,545615,AU,Australia,Q1,2024
49,spotify:track:6JIC3hbC28JZKZ8AlAqX8h,"Elton John, Dua Lipa, PNAU",Cold Heart - PNAU Remix,EMI,1,39,126,541500,AU,Australia,Q1,2024
50,spotify:track:2Zo1PcszsT9WQ0ANntJbID,Sabrina Carpenter,Feather,Island Records,50,75,6,534616,AU,Australia,Q1,2024
1,spotify:track:0AjmK0Eai4zGrLaJwPvrDp,Hozier,Too Sweet,Columbia,1,5,3,2504105,AU,Australia,Q2,2024
2,spotify:track:3xkHsmpQCBMytMJNiDf3Ii,Benson Boone,Beautiful Things,"Night Street Records, Inc./Warner Records Inc.",1,1,12,2442314,AU,Australia,Q2,2024
3,spotify:track:3qhlB30KknSejmIvZZLjOD,Djo,End of Beginning,Djo,2,2,8,1946239,AU,Australia,Q2,2024
4,spotify:track:2GxrNKugF82CnoRFbQfzPf,Artemas,i like the way you kiss me,Artemas,4,6,3,1939121,AU,Australia,Q2,2024
5,spotify:track:0mflMxspEfB0VbI1kyLiAv,Noah Kahan,Stick Season,Mercury Records/Republic Records,1,4,27,1846688,AU,Australia,Q2,2024
6,spotify:track:51ZQ1vr10ffzbwIjDCwqm4,Ariana Grande,we can't be friends (wait for your love),Republic Records,2,3,5,1664370,AU,Australia,Q2,2024
7,spotify:track:17phhZDn6oGtzMe56NuWvj,Teddy Swims,Lose Control,Warner Records,5,8,23,1635655,AU,Australia,Q2,2024
8,spotify:track:3Pbp7cUCx4d3OAkZSCoNvn,Michael Marcagi,Scared To Start,Warner Records,8,12,13,1474251,AU,Australia,Q2,2024
9,spotify:track:3rUGC1vUpkDG9CZFHMur1t,Tate McRae,greedy,RCA Records Label,2,11,30,1454810,AU,Australia,Q2,2024
10,spotify:track:7wLShogStyDeZvL0a6daN5,Beyoncé,TEXAS HOLD 'EM,Parkwood Entertainment/Columbia,3,7,9,1433960,AU,Australia,Q2,2024
11,spotify:track:1BxfuPKGuaTgP7aM0Bbdwr,Taylor Swift,Cruel Summer,Taylor Swift,1,9,62,1432317,AU,Australia,Q2,2024
12,spotify:track:2tudvzsrR56uom6smgOcSf,"Future, Metro Boomin, Kendrick Lamar",Like That,Wilburn Holding Co./Boominati/Epic/Republic,8,10,3,1353773,AU,Australia,Q2,2024
13,spotify:track:4KULAymBBJcPRpk1yO4dOG,"Zach Bryan, Kacey Musgraves",I Remember Everything (feat. Kacey Musgraves),Warner Records,5,13,33,1294819,AU,Australia,Q2,2024
14,spotify:track:2uqYupMHANxnwgeiXTZXzd,Dasha,Austin (Boots Stop Workin'),Warner Records,14,18,6,1258890,AU,Australia,Q2,2024
15,spotify:track:4xhsWYTOGcal8zt0J161CU,Jack Harlow,Lovin On Me,Generation Now/Atlantic,1,14,22,1114595,AU,Australia,Q2,2024
16,spotify:track:59NraMJsLaMCVtwXTSia8i,"cassö, RAYE, D-Block Europe",Prada,Ministry of Sound Recordings,4,17,35,1068517,AU,Australia,Q2,2024
17,spotify:track:6dpLxbF7lfCAnC9QRTjNLK,Good Neighbours,Home,Polydor Records,17,20,11,1018849,AU,Australia,Q2,2024
18,spotify:track:1bjeWoagtHmUKputLVyDxQ,SZA,Saturn,Top Dawg Entertainment/RCA Records,12,22,7,1007238,AU,Australia,Q2,2024
19,spotify:track:0h3Xy4V4apMraB5NuM8U7Z,CYRIL,Stumblin' In,Spinnin' Records,19,23,10,996477,AU,Australia,Q2,2024
20,spotify:track:3w0w2T288dec0mgeZZqoNN,"¥$, Kanye West, Ty Dolla $ign",CARNIVAL,YZY,5,15,9,995477,AU,Australia,Q2,2024
21,spotify:track:3WMj8moIAXJhHsyLaqIIHI,Zach Bryan,Something in the Orange,Warner Records,7,16,95,981613,AU,Australia,Q2,2024
22,spotify:track:51eSHglvG1RJXtL3qI5trr,Benson Boone,Slow It Down,"Night Street Records, Inc./Warner Records Inc.",22,29,3,887080,AU,Australia,Q2,2024
23,spotify:track:7K3BhSpAxZBznislvUMVtn,Morgan Wallen,Last Night,Morgan Wallen,1,24,62,881360,AU,Australia,Q2,2024
24,spotify:track:1PTWicTyEUeYeWq4H25a4N,"Fred again.., Baby Keem",leavemealone,Atlantic Records UK,12,19,18,880084,AU,Australia,Q2,2024
25,spotify:track:7yq4Qj7cqayVTp3FF9CWbm,Vance Joy,Riptide,F-Stop Records/Atlantic,12,25,379,848104,AU,Australia,Q2,2024
26,spotify:track:5aIVCx5tnk0ntmdiinnYvw,Tyla,Water,FAX Records/Epic,5,28,30,801314,AU,Australia,Q2,2024
27,spotify:track:1ACA277B6f46DYCgZW8di3,Artemas,if u think i'm pretty,Artemas,27,47,6,794771,AU,Australia,Q2,2024
28,spotify:track:6tNgRQ0K2NYZ0Rb9l9DzL8,Olivia Rodrigo,obsessed,Olivia Rodrigo PS,15,27,3,771511,AU,Australia,Q2,2024
29,spotify:track:3U5JVgI2x4rDyHGObzJfNf,Natasha Bedingfield,Unwritten,Sony Music CG,15,30,15,759538,AU,Australia,Q2,2024
30,spotify:track:2Zo1PcszsT9WQ0ANntJbID,Sabrina Carpenter,Feather,Island Records,19,31,19,757172,AU,Australia,Q2,2024
31,spotify:track:5uQ7de4EWjb3rkcFxyEOpu,Mark Ambor,Belong Together,"Hundred Days Records, LLC",31,51,3,753321,AU,Australia,Q2,2024
32,spotify:track:6zuPQl2RVqQ4y5nAH61CFC,"Beyoncé, Miley Cyrus",II MOST WANTED,Parkwood Entertainment/Columbia,21,21,2,733274,AU,Australia,Q2,2024
33,spotify:track:1aKvZDoLGkNMxoRYgkckZG,ILLIT,Magnetic,BELIFT LAB,33,46,2,727835,AU,Australia,Q2,2024
34,spotify:track:787Y2idwCU2Rk60Prv4wpr,Dom Dolla,Saving Up,Three Six Zero Recordings/Columbia Records,11,32,19,715555,AU,Australia,Q2,2024
35,spotify:track:6Qb7YsAqH4wWFUMbGsCpap,Dua Lipa,Training Season,Warner Records,24,33,8,714381,AU,Australia,Q2,2024
36,spotify:track:7CyPwkp0oE8Ro9Dd5CUDjW,"The Weeknd, JENNIE, Lily-Rose Depp","One Of The Girls (with JENNIE, Lily Rose Depp)",XO / Republic Records,25,35,22,699521,AU,Australia,Q2,2024
37,spotify:track:0PAcdVzhPO4gq1Iym9ESnK,Morgan Wallen,Thinkin’ Bout Me,Morgan Wallen,37,49,58,692347,AU,Australia,Q2,2024
38,spotify:track:6me7F0aaZjwDo6RJ5MrfBD,Richy Mitch & The Coal Miners,Evergreen,Richy Mitch & The Coal Miners,37,37,24,689141,AU,Australia,Q2,2024
39,spotify:track:7aQ1tSYr518KwnE4SVSQbT,Bryson Tiller,Whatever She Wants [BONUS],TrapSoul/RCA Records,26,26,7,668999,AU,Australia,Q2,2024
40,spotify:track:42VsgItocQwOQC3XWZ8JNA,"Travis Scott, Playboi Carti",FE!N (feat. Playboi Carti),Cactus Jack/Epic,10,45,16,658304,AU,Australia,Q2,2024
41,spotify:track:3hRV0jL3vUpRrcy398teAU,Lord Huron,The Night We Met,Lord Huron,40,53,91,650772,AU,Australia,Q2,2024
42,spotify:track:56y1jOTK0XSvJzVv9vHQBK,Doja Cat,Paint The Town Red,Kemosabe Records/RCA Records,1,36,36,645467,AU,Australia,Q2,2024
43,spotify:track:4OMJGnvZfDvsePyCwRGO7X,Dua Lipa,Houdini,Warner Records,10,41,22,629178,AU,Australia,Q2,2024
44,spotify:track:52eIcoLUM25zbQupAZYoFh,21 Savage,redrum,"Slaughter Gang, LLC/Epic Records",14,42,13,610904,AU,Australia,Q2,2024
45,spotify:track:4fYte8ZvTK14NEhAOZocBi,OneRepublic,I Ain't Worried,Mosley Music/Interscope Records,1,39,97,604322,AU,Australia,Q2,2024
46,spotify:track:0V3wPSX9ygBnCm8psDIegu,Taylor Swift,Anti-Hero,Taylor Swift,1,38,77,602960,AU,Australia,Q2,2024
47,spotify:track:1Lo0QY9cvc8sUB2vnIOxDT,Luke Combs,Fast Car,River House Artists/Columbia Nashville,4,40,55,602000,AU,Australia,Q2,2024
48,spotify:track:2Dct3GykKZ58hpWRFfe2Qd,Zach Bryan,Heading South,Warner Records,40,43,50,594926,AU,Australia,Q2,2024
49,spotify:track:1kuGVB7EU95pJObxwvfwKS,Olivia Rodrigo,vampire,Olivia Rodrigo PS,1,50,41,567989,AU,Australia,Q2,2024
50,spotify:track:7DSAEUvxU8FajXtRloy8M0,Miley Cyrus,Flowers,Columbia,1,44,65,564708,AU,Australia,Q2,2024
1,spotify:track:2qSkIjg1o9h3YT9RAgYN75,Sabrina Carpenter,Espresso,Island Records,1,2,13,2417231,AU,Australia,Q3,2024
2,spotify:track:5fZJQrFKWQLb7FpJXZ1g7K,Shaboozey,A Bar Song (Tipsy),American Dogwood / EMPIRE,2,4,13,2398624,AU,Australia,Q3,2024
3,spotify:track:6dOtVTDdiauQNBQEDOtlAB,Billie Eilish,BIRDS OF A FEATHER,Darkroom/Interscope Records,2,3,8,2364618,AU,Australia,Q3,2024
4,spotify:track:5N3hjp1WNayUPZrA8kJmJP,Sabrina Carpenter,Please Please Please,Island Records,1,1,5,2353178,AU,Australia,Q3,2024
5,spotify:track:7221xIgOnuakPdLqT0F3nP,"Post Malone, Morgan Wallen",I Had Some Help (Feat. Morgan Wallen),Mercury Records/Republic Records,1,5,9,2032376,AU,Australia,Q3,2024
6,spotify:track:5AJ9hqTS2wcFQCELCFRO7A,Tommy Richman,MILLION DOLLAR BABY,PULSE Records,1,6,11,1976825,AU,Australia,Q3,2024
7,spotify:track:6AI3ezQ4o3HUoP6Dhudph3,Kendrick Lamar,Not Like Us,"Kendrick Lamar, under exclusive license to Interscope Records",5,9,10,1909069,AU,Australia,Q3,2024
8,spotify:track:0WbMK4wrZ1wFSty9F7FCgu,Chappell Roan,"Good Luck, Babe!",Chappell Roan PS/ Island,8,8,13,1833843,AU,Australia,Q3,2024
9,spotify:track:3xkHsmpQCBMytMJNiDf3Ii,Benson Boone,Beautiful Things,"Night Street Records, Inc./Warner Records Inc.",1,7,25,1822202,AU,Australia,Q3,2024
10,spotify:track:5Z0UnEtpLDQyYlWwgi8m9C,Hozier,Too Sweet,Columbia,1,11,16,1509799,AU,Australia,Q3,2024
11,spotify:track:2HYFX63wP3otVIvopRS99Z,Eminem,Houdini,Shady/Aftermath/Interscope Records,4,10,6,1505130,AU,Australia,Q3,2024
12,spotify:track:2uqYupMHANxnwgeiXTZXzd,Dasha,Austin (Boots Stop Workin'),Warner Records,12,12,19,1434435,AU,Australia,Q3,2024
13,spotify:track:3Vr3zh0r7ALn8VLqCiRR10,Myles Smith,Stargazing,RCA Records Label,11,13,9,1388127,AU,Australia,Q3,2024
14,spotify:track:17phhZDn6oGtzMe56NuWvj,Teddy Swims,Lose Control,Warner Records,5,14,36,1340783,AU,Australia,Q3,2024
15,spotify:track:0mflMxspEfB0VbI1kyLiAv,Noah Kahan,Stick Season,Mercury Records/Republic Records,1,15,40,1258545,AU,Australia,Q3,2024
16,spotify:track:2OzhQlSqBEmt7hmkYxfT6m,"Taylor Swift, Post Malone",Fortnight (feat. Post Malone),Taylor Swift,1,17,12,1157212,AU,Australia,Q3,2024
17,spotify:track:629DixmZGHc7ILtEntuiWE,Billie Eilish,LUNCH,Darkroom/Interscope Records,4,16,8,1116161,AU,Australia,Q3,2024
18,spotify:track:6jlG8gBPNAgBgoivw2Ig09,Tommy Richman,DEVIL IS A LIE,PULSE Records,18,20,4,1100447,AU,Australia,Q3,2024
19,spotify:track:4ZJ4vzLQekI0WntDbanNC7,Zach Bryan,Pink Skies,Warner Records,12,19,7,1093609,AU,Australia,Q3,2024
20,spotify:track:7z3PblAN3dH1JMewiRydkZ,The Kid LAROI,GIRLS,Columbia,20,28,2,1058800,AU,Australia,Q3,2024
21,spotify:track:3Pbp7cUCx4d3OAkZSCoNvn,Michael Marcagi,Scared To Start,Warner Records,8,21,26,1054059,AU,Australia,Q3,2024
22,spotify:track:4KULAymBBJcPRpk1yO4dOG,"Zach Bryan, Kacey Musgraves",I Remember Everything (feat. Kacey Musgraves),Warner Records,5,24,46,1049347,AU,Australia,Q3,2024
23,spotify:track:3JG1uFc40wfyrqaWC7iv0e,Artemas,i like the way you kiss me,Artemas,3,18,16,1040809,AU,Australia,Q3,2024
24,spotify:track:7iabz12vAuVQYyekFIWJxD,"Central Cee, Lil Baby",BAND4BAND (feat. Lil Baby),Columbia,8,22,7,998225,AU,Australia,Q3,2024
25,spotify:track:5uQ7de4EWjb3rkcFxyEOpu,Mark Ambor,Belong Together,"Hundred Days Records, LLC",15,23,16,976236,AU,Australia,Q3,2024
26,spotify:track:1BxfuPKGuaTgP7aM0Bbdwr,Taylor Swift,Cruel Summer,Taylor Swift,1,25,75,956992,AU,Australia,Q3,2024
27,spotify:track:51eSHglvG1RJXtL3qI5trr,Benson Boone,Slow It Down,"Night Street Records, Inc./Warner Records Inc.",20,27,16,952783,AU,Australia,Q3,2024
28,spotify:track:3WMj8moIAXJhHsyLaqIIHI,Zach Bryan,Something in the Orange,Warner Records,7,31,108,934249,AU,Australia,Q3,2024
29,spotify:track:3qhlB30KknSejmIvZZLjOD,Djo,End of Beginning,Djo,2,29,21,897345,AU,Australia,Q3,2024
30,spotify:track:1XBYiRV30ykHw5f4wm6qEn,The Kid LAROI,NIGHTS LIKE THIS,Columbia,26,26,4,890450,AU,Australia,Q3,2024
31,spotify:track:7yq4Qj7cqayVTp3FF9CWbm,Vance Joy,Riptide,F-Stop Records/Atlantic,12,32,392,868057,AU,Australia,Q3,2024
32,spotify:track:51ZQ1vr10ffzbwIjDCwqm4,Ariana Grande,we can't be friends (wait for your love),Republic Records,2,30,18,846935,AU,Australia,Q3,2024
33,spotify:track:7K3BhSpAxZBznislvUMVtn,Morgan Wallen,Last Night,Morgan Wallen,1,35,75,813053,AU,Australia,Q3,2024
34,spotify:track:0h3Xy4V4apMraB5NuM8U7Z,CYRIL,Stumblin' In,Spinnin' Records,19,34,23,767036,AU,Australia,Q3,2024
35,spotify:track:4q5YezDOIPcoLr8R81x9qy,Taylor Swift,I Can Do It With a Broken Heart,Taylor Swift,3,33,12,746205,AU,Australia,Q3,2024
36,spotify:track:7Fzl7QaTu47WyP9R5S5mh5,Morgan Wallen,Lies Lies Lies,Big Loud Records / Mercury Records / Republic Records,36,-1,1,734476,AU,Australia,Q3,2024
37,spotify:track:7BRD7x5pt8Lqa1eGYC4dzj,Billie Eilish,CHIHIRO,Darkroom/Interscope Records,7,36,8,720745,AU,Australia,Q3,2024
38,spotify:track:3hRV0jL3vUpRrcy398teAU,Lord Huron,The Night We Met,Lord Huron,38,54,104,705690,AU,Australia,Q3,2024
39,spotify:track:2Dct3GykKZ58hpWRFfe2Qd,Zach Bryan,Heading South,Warner Records,39,39,63,705153,AU,Australia,Q3,2024
40,spotify:track:6WTFHKrnZpwEBLRS10Ylqs,Dominic Fike,misses,Columbia,40,43,5,701578,AU,Australia,Q3,2024
41,spotify:track:4xdBrk0nFZaP54vvZj0yx7,Chappell Roan,HOT TO GO!,Chappell Roan PS/ Island,41,44,5,682940,AU,Australia,Q3,2024
42,spotify:track:4Dvkj6JhhA12EX05fT7y2e,Harry Styles,As It Was,Columbia,1,37,119,675975,AU,Australia,Q3,2024
43,spotify:track:0PAcdVzhPO4gq1Iym9ESnK,Morgan Wallen,Thinkin’ Bout Me,Morgan Wallen,35,40,71,671005,AU,Australia,Q3,2024
44,spotify:track:1bjeWoagtHmUKputLVyDxQ,SZA,Saturn,Top Dawg Entertainment/RCA Records,12,45,20,669480,AU,Australia,Q3,2024
45,spotify:track:2hrycoFU1mZw6YPvMcn8yC,Jordan Adetunji,KEHLANI,300 Entertainment,45,51,3,665097,AU,Australia,Q3,2024
46,spotify:track:2tudvzsrR56uom6smgOcSf,"Future, Metro Boomin, Kendrick Lamar",Like That,Wilburn Holding Co./Boominati/Epic/Republic,8,46,16,657811,AU,Australia,Q3,2024
47,spotify:track:22DH8NChecsgPxDjA4pqer,"Quavo, Lana Del Rey",Tough,Quality Control Music/Motown Records,47,-1,1,654822,AU,Australia,Q3,2024
48,spotify:track:3rUGC1vUpkDG9CZFHMur1t,Tate McRae,greedy,RCA Records Label,2,47,43,648405,AU,Australia,Q3,2024
49,spotify:track:003vvx7Niy0yvhvHt4a68B,The Killers,Mr. Brightside,Island Records,17,49,394,638192,AU,Australia,Q3,2024
50,spotify:track:6me7F0aaZjwDo6RJ5MrfBD,Richy Mitch & The Coal Miners,Evergreen,Richy Mitch & The Coal Miners,37,57,37,619553,AU,Australia,Q3,2024
1,spotify:track:5G2f63n7IPVPPjfNIGih7Q,Sabrina Carpenter,Taste,Island Records,1,1,7,2236942,AU,Australia,Q4,2024
2,spotify:track:6dOtVTDdiauQNBQEDOtlAB,Billie Eilish,BIRDS OF A FEATHER,Darkroom/Interscope Records,1,3,21,1882163,AU,Australia,Q4,2024
3,spotify:track:2plbrEY59IikOBgBGLjaoe,"Lady Gaga, Bruno Mars",Die With A Smile,Interscope,2,2,8,1803622,AU,Australia,Q4,2024
4,spotify:track:5fZJQrFKWQLb7FpJXZ1g7K,Shaboozey,A Bar Song (Tipsy),American Dogwood / EMPIRE,2,4,26,1779844,AU,Australia,Q4,2024
5,spotify:track:2HRqTpkrJO5ggZyyK6NPWz,Sabrina Carpenter,Espresso,Island Records,1,5,26,1598852,AU,Australia,Q4,2024
6,spotify:track:0WbMK4wrZ1wFSty9F7FCgu,Chappell Roan,"Good Luck, Babe!",Chappell Roan PS/ Island,3,6,26,1520375,AU,Australia,Q4,2024
7,spotify:track:3xkHsmpQCBMytMJNiDf3Ii,Benson Boone,Beautiful Things,"Night Street Records, Inc./Warner Records Inc.",1,7,38,1496114,AU,Australia,Q4,2024
8,spotify:track:5IZXB5IKAD2qlvTPJYDCFB,"Post Malone, Morgan Wallen",I Had Some Help (Feat. Morgan Wallen),Mercury Records / Republic Records,1,8,22,1403874,AU,Australia,Q4,2024
9,spotify:track:2tHwzyyOLoWSFqYNjeVMzj,Sabrina Carpenter,Please Please Please,Island Records,1,9,18,1274455,AU,Australia,Q4,2024
10,spotify:track:1Es7AUAhQvapIcoh3qMKDL,"The Weeknd, Playboi Carti",Timeless (feat Playboi Carti),XO / Republic Records,10,11,2,1255385,AU,Australia,Q4,2024
11,spotify:track:1UHS8Rf6h5Ar3CDWRd3wjF,Sabrina Carpenter,Bed Chem,Island Records,8,10,7,1245119,AU,Australia,Q4,2024
12,spotify:track:2262bWmqomIaJXwCRHr13j,Gigi Perez,Sailor Song,Gigi Perez PS/ Island,12,17,10,1173845,AU,Australia,Q4,2024
13,spotify:track:19XpFsce28aByvCC4g89tJ,Hozier,Too Sweet,Columbia,1,13,29,1162650,AU,Australia,Q4,2024
14,spotify:track:2uqYupMHANxnwgeiXTZXzd,Dasha,Austin (Boots Stop Workin'),Warner Records,10,12,32,1098910,AU,Australia,Q4,2024
15,spotify:track:0mflMxspEfB0VbI1kyLiAv,Noah Kahan,Stick Season,Mercury Records/Republic Records,1,15,53,1098782,AU,Australia,Q4,2024
16,spotify:track:51eSHglvG1RJXtL3qI5trr,Benson Boone,Slow It Down,"Night Street Records, Inc./Warner Records Inc.",16,16,29,1084822,AU,Australia,Q4,2024
17,spotify:track:3Vr3zh0r7ALn8VLqCiRR10,Myles Smith,Stargazing,RCA Records Label,11,19,22,1078513,AU,Australia,Q4,2024
18,spotify:track:51rfRCiUSvxXlCSCfIztBy,Gracie Abrams,"I Love You, I'm Sorry","Gracie Abrams, under exclusive license to Interscope Records",15,29,13,1052189,AU,Australia,Q4,2024
19,spotify:track:6MzofobZt2dm0Kf1hTThFz,Addison Rae,Diet Pepsi,Columbia,19,23,8,1038652,AU,Australia,Q4,2024
20,spotify:track:2uXlHCUbq9OMUwx3hrk06o,Vance Joy,Riptide,Atlantic Records,12,18,405,1010941,AU,Australia,Q4,2024
21,spotify:track:17phhZDn6oGtzMe56NuWvj,Teddy Swims,Lose Control,Warner Records,5,14,49,1005963,AU,Australia,Q4,2024
22,spotify:track:1XBYiRV30ykHw5f4wm6qEn,The Kid LAROI,NIGHTS LIKE THIS,Columbia,21,27,17,991996,AU,Australia,Q4,2024
23,spotify:track:3WMj8moIAXJhHsyLaqIIHI,Zach Bryan,Something in the Orange,Warner Records,7,24,121,951713,AU,Australia,Q4,2024
24,spotify:track:3WOhcATHxK2SLNeP5W3v1v,"Charli xcx, Billie Eilish",Guess featuring billie eilish,Atlantic Records,2,20,10,937689,AU,Australia,Q4,2024
25,spotify:track:4KULAymBBJcPRpk1yO4dOG,"Zach Bryan, Kacey Musgraves",I Remember Everything (feat. Kacey Musgraves),Warner Records,5,26,59,912578,AU,Australia,Q4,2024
26,spotify:track:4xdBrk0nFZaP54vvZj0yx7,Chappell Roan,HOT TO GO!,Chappell Roan PS/ Island,20,25,18,904563,AU,Australia,Q4,2024
27,spotify:track:5AJ9hqTS2wcFQCELCFRO7A,Tommy Richman,MILLION DOLLAR BABY,PULSE Records,1,21,24,895651,AU,Australia,Q4,2024
28,spotify:track:4ZJ4vzLQekI0WntDbanNC7,Zach Bryan,Pink Skies,Warner Records,12,30,20,876245,AU,Australia,Q4,2024
29,spotify:track:3Pbp7cUCx4d3OAkZSCoNvn,Michael Marcagi,Scared To Start,Warner Records,8,28,39,839315,AU,Australia,Q4,2024
30,spotify:track:24XihnoVPWXlKJ4BgXqjVM,Tate McRae,It's ok I'm ok,RCA Records Label,14,22,4,826739,AU,Australia,Q4,2024
31,spotify:track:6GG4yyk3UATdBfTHVgI8PB,Luke Combs,Ain't No Love In Oklahoma (From Twisters: The Album),Atlantic Records,25,31,21,812650,AU,Australia,Q4,2024
32,spotify:track:0io16MKpbeDIdYzmGpQaES,Ndotz,Embrace It,Isekai Records,32,47,4,797103,AU,Australia,Q4,2024
33,spotify:track:003vvx7Niy0yvhvHt4a68B,The Killers,Mr. Brightside,Island Records,17,35,407,761545,AU,Australia,Q4,2024
34,spotify:track:3dYD57lRAUcMHufyqn9GcI,Hozier,Take Me to Church,Columbia,34,40,214,758206,AU,Australia,Q4,2024
35,spotify:track:0ofHAoxe9vBkTCp2UQIavz,Fleetwood Mac,Dreams - 2004 Remaster,Rhino/Warner Records,7,49,327,756499,AU,Australia,Q4,2024
36,spotify:track:21B4gaTWnTkuSh77iWEXdS,Sabrina Carpenter,Juno,Island Records,19,39,7,755726,AU,Australia,Q4,2024
37,spotify:track:1BxfuPKGuaTgP7aM0Bbdwr,Taylor Swift,Cruel Summer,Taylor Swift,1,33,88,754911,AU,Australia,Q4,2024
38,spotify:track:1bJRd2ey6ER7neSxZwYdAG,"BL3SS, CamrinWatsin, bbyclose",Kisses (feat. bbyclose),Atlantic Records UK,32,32,11,739499,AU,Australia,Q4,2024
39,spotify:track:6Qyc6fS4DsZjB2mRW9DsQs,The Goo Goo Dolls,Iris,Warner Records,33,37,188,738429,AU,Australia,Q4,2024
40,spotify:track:3JG1uFc40wfyrqaWC7iv0e,Artemas,i like the way you kiss me,Artemas,3,43,29,723907,AU,Australia,Q4,2024
41,spotify:track:3QaPy1KgI7nu9FJEQUgn6h,Billie Eilish,WILDFLOWER,Darkroom/Interscope Records,13,48,21,723723,AU,Australia,Q4,2024
42,spotify:track:102YUQbYmwdBXS7jwamI90,Sabrina Carpenter,Good Graces,Island Records,11,36,7,716279,AU,Australia,Q4,2024
43,spotify:track:7G7tgVYORlDuVprcYHuFJh,Crowded House,Don't Dream It's Over,Capitol Records,43,79,3,709684,AU,Australia,Q4,2024
44,spotify:track:7K3BhSpAxZBznislvUMVtn,Morgan Wallen,Last Night,Morgan Wallen,1,44,88,706893,AU,Australia,Q4,2024
45,spotify:track:0OA00aPt3BV10qeMIs3meW,"Hanumankind, Kalmi",Big Dawgs,Universal Music India Pvt Ltd.,9,34,11,681789,AU,Australia,Q4,2024
46,spotify:track:5RKQ5NdjSh2QzD4MaunT91,Journey,Don't Stop Believin' (2022 Remaster),Columbia/Legacy,46,53,276,681755,AU,Australia,Q4,2024
47,spotify:track:6AI3ezQ4o3HUoP6Dhudph3,Kendrick Lamar,Not Like Us,"Kendrick Lamar, under exclusive license to Interscope Records",5,38,23,677856,AU,Australia,Q4,2024
48,spotify:track:1mMLMZYXkMueg65jRRWG1l,Luke Combs,When It Rains It Pours,River House Artists/Columbia Nashville,30,42,111,674074,AU,Australia,Q4,2024
49,spotify:track:1Lo0QY9cvc8sUB2vnIOxDT,Luke Combs,Fast Car,River House Artists/Columbia Nashville,4,63,81,673035,AU,Australia,Q4,2024
50,spotify:track:3Fra5SMXXDTSRXVoDf8Xwd,The Kid LAROI,GIRLS,Columbia,17,51,15,637990,AU,Australia,Q4,2024
1,spotify:track:2IDf0IZ9dfw0uDYV2n1bJc,"Luan Santana, Ana Castela",DEJA VU,Sony Music Entertainment,1,1,5,9144585,BR,Brazil,Q1,2024
2,spotify:track:2InS5VWKJQbsFBKOsf1cJB,"Dj GBR, Mc IG, MC Ryan SP, MC PH, Mc Davi, Mc Luki, Mc Don Juan, Mc Kadu, TrapLaudo, MC GP, MC GH do 7",Let's Go 4,GR6 Music,1,3,18,8222343,BR,Brazil,Q1,2024
3,spotify:track:2sYFUcurlISdHlAsnYCEgD,Lauana Prado,Me Leva Pra Casa / Escrito Nas Estrelas / Saudade - Ao Vivo,Universal Music Ltda.,1,2,6,7664636,BR,Brazil,Q1,2024
4,spotify:track:697gwO5YoSGVAnlfREIZll,"MC PH, Borges, WIU, Pedro Lotto, WEY",Tenho Que Me Decidir,GR6 Music,4,17,6,6289704,BR,Brazil,Q1,2024
5,spotify:track:42JNab8NPeCADJ9D3Cl5wS,Zé Neto & Cristiano,Barulho Do Foguete - Ao Vivo,Som Livre,4,6,28,5628015,BR,Brazil,Q1,2024
6,spotify:track:7g7I8fjEERZH8DH3e6MUw7,"Gusttavo Lima, Ana Castela",Canudinho - Ao Vivo,Sony Music Entertainment,2,7,19,5582361,BR,Brazil,Q1,2024
7,spotify:track:35D06z7kmwMmYYbyJ0BkSm,"Manu, Simone Mendes",Daqui pra Sempre,manuoficial,3,5,15,5436593,BR,Brazil,Q1,2024
8,spotify:track:1xjy8WRyYUkayJcyyWQpYe,"Ana Castela, Gustavo Mioto",Fronteira - Ao Vivo,AgroPlay,8,11,8,5268604,BR,Brazil,Q1,2024
9,spotify:track:0oQCRjrWGvkqkdf82UlXI3,PEDRO SAMPAIO,POCPOC,WM Brazil,9,20,6,5175096,BR,Brazil,Q1,2024
10,spotify:track:2twZl1jsRbJRTNCE6VB6eW,"Chefin, Mainstreet, LB Único",10 Carros,Mainstreet Records,8,16,7,4953202,BR,Brazil,Q1,2024
11,spotify:track:00ZKeP47bZtswtANkvxz2j,"Tropa do Bruxo, DJ Ws da Igrejinha, SMU, Triz, Mc Menor Thalis",Baile do Bruxo,Tropa Do Bruxo,2,12,13,4919334,BR,Brazil,Q1,2024
12,spotify:track:4YKujFSyakVjLdH1sDllVc,Simone Mendes,Dois Fugitivos - Ao Vivo,Universal Music Ltda.,5,8,17,4894620,BR,Brazil,Q1,2024
13,spotify:track:4f0aDk7HX37SfzerfznYlr,"Grupo Menos É Mais, Matheus Fernandes",Lapada Dela - Ao Vivo,Som Livre,4,9,46,4554372,BR,Brazil,Q1,2024
14,spotify:track:7DkhndGTKaqkFxxKN7XlAh,"Guilherme & Benuto, Simone Mendes",Manda um Oi - Ao Vivo,Sony Music Entertainment,5,10,35,4525439,BR,Brazil,Q1,2024
15,spotify:track:3jTyFoGeD3DTu9cnnctMWN,"Luan Pereira, Mc Daniel, MC Ryan SP",DENTRO DA HILUX,Som Livre,2,13,20,4356645,BR,Brazil,Q1,2024
16,spotify:track:6vq7r1Pqd3pyI07u63cPZV,Simone Mendes,Erro Gostoso - Ao Vivo,Universal Music Ltda.,3,14,50,4205492,BR,Brazil,Q1,2024
17,spotify:track:7vCtJ5u7dFM4tAWtgFf4l8,Murilo Huff,Anestesiado - Ao Vivo,M Show,17,26,8,4102227,BR,Brazil,Q1,2024
18,spotify:track:3dA58LbGkY9CIEPyT7yAEZ,"Gusttavo Lima, Hugo & Guilherme",Torce o Olho - Ao Vivo,Sony Music Entertainment,18,22,8,4013138,BR,Brazil,Q1,2024
19,spotify:track:7G2yGMHlcPPTCDhMrAaMyZ,Ana Castela,Tô Voltando - (Boiadeira Internacional),AgroPlay,16,21,20,3922219,BR,Brazil,Q1,2024
20,spotify:track:0wuj2T6IZtotux1Jjluo7m,"Léo Santana, Zé Felipe",Cama Repetida,Universal Music Ltda.,20,28,8,3896941,BR,Brazil,Q1,2024
21,spotify:track:4QCwvUs4ob87Tq9VP07Uo3,"Borges, MC Cabelinho, Veigh, RUXN, Palma, Kizzy",Loucura,Mainstreet Records,21,35,5,3801181,BR,Brazil,Q1,2024
22,spotify:track:4ssTFuVeNJG8py5dr2P2pV,Matheus & Kauan,Não Recomendo - Ao Vivo,Universal Music Ltda.,22,36,6,3643289,BR,Brazil,Q1,2024
23,spotify:track:7dKqPh21HpsysZvRWyNeM1,Isadora Pompeo,Bênçãos Que Não Têm Fim (Counting My Blessings),Sony Music Entertainment,10,30,9,3613588,BR,Brazil,Q1,2024
24,spotify:track:7MLX5VV97CcXIpH2QUIy13,"GREGO, Paulo Pires, ÉaBest",Pane no Sistema,ÉaBest,8,24,13,3573006,BR,Brazil,Q1,2024
25,spotify:track:53PpijFATt35Zxfl6LTxoK,Marília Mendonça,Leão,Som Livre,1,27,57,3555162,BR,Brazil,Q1,2024
26,spotify:track:4Z2i41GDQyu3KRpBavEnyR,Ana Castela,Solteiro Forçado - Boiadeira Internacional,AgroPlay do Brasil,3,23,27,3554000,BR,Brazil,Q1,2024
27,spotify:track:6zFpImDYig0CQhLL2NIfyN,"AgroPlay, Ana Castela",Nosso Quadro,AgroPlay,1,19,49,3553490,BR,Brazil,Q1,2024
28,spotify:track:3S8M3mZGIc10IdtmNTsrjQ,"Traia Véia, Murilo Huff",Eu Não Previ - Ao Vivo em Goiânia,Show Mix.,9,15,23,3494498,BR,Brazil,Q1,2024
29,spotify:track:64CovjRwInpOJW4PiGMprY,"MC Kevin o Chris, Dj Nk Da Serra, Mc Magrinho",Faz um Vuk Vuk (Teto Espelhado),MC Kevin o Chris,1,25,25,3490981,BR,Brazil,Q1,2024
30,spotify:track:23IebZSNZ8VzwUr4rJNGRG,Luan Santana,MEIO TERMO - Ao Vivo,Sony Music Entertainment,10,33,31,3477434,BR,Brazil,Q1,2024
31,spotify:track:6C4nUySvjSQWoZamSKJBqH,"Gusttavo Lima, Matheus & Kauan",Mala dos Porta-Mala - Ao Vivo,Sony Music Entertainment,8,29,26,3425042,BR,Brazil,Q1,2024
32,spotify:track:0QcKkN8b4iVkmVsbaze8OS,Henrique & Juliano,Devia Ser Proibido - Ao Vivo Em Brasília,Virgin Music Label And Artist Services (S&D),24,32,24,3196205,BR,Brazil,Q1,2024
33,spotify:track:4hKLzFvNwHF6dPosGT30ed,"Veigh, Bvga Beatz, Prod Malax, Supernova Ent",Novo Balanço,Supernova Entertainment Under Exclusive License to UnitedMasters,2,46,34,3190132,BR,Brazil,Q1,2024
34,spotify:track:3PqU6gHWUaBTtIZi5oxEJ7,Zé Neto & Cristiano,Um Mês E Pouco - Ao Vivo,Som Livre,11,34,29,3098816,BR,Brazil,Q1,2024
35,spotify:track:7EHlDvAa7gncwcAlfclZiX,"Felipe Araújo, Luan Santana",Última Noite - Ao Vivo,Universal Music Ltda.,35,52,11,3022151,BR,Brazil,Q1,2024
36,spotify:track:0fABszUFNbNq9IW503Gj8v,"DENNIS, MC Kevin o Chris",Tá OK,Sony Music Entertainment,1,31,34,3016485,BR,Brazil,Q1,2024
37,spotify:track:2QxL3wAJnwOOmygY4VX0My,"Diego & Victor Hugo, Guilherme & Benuto",Vestido Curto - Ao Vivo,Sony Music Entertainment,37,47,3,2952761,BR,Brazil,Q1,2024
38,spotify:track:3iam4WkRoqMoBBCwDFZNgd,Henrique & Juliano,Quase Algo - Ao Vivo Em Nova Iorque / 2022,Virgin Music Label And Artist Services (S&D),17,41,17,2934226,BR,Brazil,Q1,2024
39,spotify:track:6GmyQws2xpUFIN5dXBNTrl,"AgroPlay, Ana Castela, LUDMILLA",Dia de Fluxo,AgroPlay,39,61,3,2909986,BR,Brazil,Q1,2024
40,spotify:track:5v1Fjk1RDKGqxwNOzGDewL,"Zé Felipe, Luan Pereira, DENNIS",Então Vai,Som Livre,18,18,6,2882710,BR,Brazil,Q1,2024
41,spotify:track:2cZ62VBKsdZ7u1kKKJdFOc,"Marshmello, Luísa Sonza",Sou Musa do Verão,Sony Music Latin,12,55,10,2871822,BR,Brazil,Q1,2024
42,spotify:track:1CtcgU1q0BgJN4Aottdscu,"Anitta, DENNIS, PEDRO SAMPAIO",Joga Pra Lua,Republic Records,42,60,4,2833418,BR,Brazil,Q1,2024
43,spotify:track:0redQHBfejmPUhonR5ppGC,"Guilherme & Benuto, Ana Castela, Adriano Rhod",Duas Três,Sony Music Entertainment,8,38,48,2803515,BR,Brazil,Q1,2024
44,spotify:track:6rpUGV7bcWW9ro65Bf8uYY,"Israel & Rodolffo, Mc Don Juan, João Gomes",Eu Não Dou Conta - Ao Vivo,Som Livre,23,37,16,2778827,BR,Brazil,Q1,2024
45,spotify:track:54u86CmMqGI1rRuULlTqaB,Felipe Amorim,Toca o Trompete,One Play,2,42,25,2733043,BR,Brazil,Q1,2024
46,spotify:track:05WVKTdZhlIMX4qqMLuo0f,"Peso Pluma, Anitta",BELLAKEO,Double P Records,44,44,5,2733032,BR,Brazil,Q1,2024
47,spotify:track:6XvFnICxXsVc8OK4eh1E9b,"Henry Freitas, Andrezin Araújo, Dj Kevin Oficial",Tem Café,Henry Freitas,47,51,4,2717501,BR,Brazil,Q1,2024
48,spotify:track:6qYTjIEgne0leltNnvpSIM,"Luan Pereira, Hugo & Guilherme",CHEIRO NA CAMISETA,Som Livre,27,39,9,2677139,BR,Brazil,Q1,2024
49,spotify:track:1kWcd9h9HoeXsKaDVhSOtj,"Sorriso Maroto, Ferrugem",Ela - Ao Vivo,Sony Music Entertainment,48,48,17,2651470,BR,Brazil,Q1,2024
50,spotify:track:3OirlIOGwFgwcQgVru6IUG,Juliette,Sai Da Frente,Virgin Music Label And Artist Services (S&D),47,83,13,2648959,BR,Brazil,Q1,2024
1,spotify:track:5GV7OpSEb8MPTryL0Q5i6c,"DJ JZ, Humberto & Ronaldo, Mc Mininin, DJ LG PROD, Silvanno Salles",Mtg Quero Te Encontrar,Tropa do Serrão,1,16,5,7087722,BR,Brazil,Q2,2024
2,spotify:track:3hfCle1QRfbwIpQ1B746lV,"MC Saci, Complexo dos Hits, DJ Sammer, Mc Pretchako",Aquariano Nato,eumcsaci,2,3,28,6664827,BR,Brazil,Q2,2024
3,spotify:track:7pnqm6UEb7SzpDxb53wULT,"Mc IG, MC Ryan SP, Oruam, MC PH, Mc Poze do Rodo, MC GP, TrapLaudo, Mc Luki, MC GH do 7, MC Nego Micha, Murillo e LT no Beat",Diz Aí Qual é o Plano?,WM Brazil,1,1,5,5850765,BR,Brazil,Q2,2024
4,spotify:track:6X6jKoyw1OjogRghMEQAZV,"Jorge & Mateus, Lauana Prado",Haverá Sinais - Ao Vivo,Som Livre,2,2,7,5725771,BR,Brazil,Q2,2024
5,spotify:track:6P1mkNAmgihFwFRBhpaev3,"Luan Pereira, Mc Daniel",ENTRA NA DEFENDER,Som Livre,5,14,3,5652400,BR,Brazil,Q2,2024
6,spotify:track:1jN0ysNJ2d9VZwVdlgspjr,"MC Saci, MC Fahah, DJ Sammer, Dj Lc",De 10 Mulher 11 É Maluca,eumcsaci,6,9,7,5298532,BR,Brazil,Q2,2024
7,spotify:track:3FB06ULqN0WNUSQ3UaMZnF,NATTAN,Amor Na Praia,Feeling,7,18,5,5132983,BR,Brazil,Q2,2024
8,spotify:track:6mJCx80Wc91GPi9ew9bkmD,"DENNIS, Ana Castela, Mc Gw",RAM TCHUM,Sony Music Entertainment,3,4,6,5076578,BR,Brazil,Q2,2024
9,spotify:track:6Gn8SHd3RIWjOermcidCJk,"Dj Lc, DJ JOAO DA INESTAN, Mc Pretchako, MC Saci, Complexo dos Hits",A Internet É Toxica,Complexo dos Hits,9,12,23,5015104,BR,Brazil,Q2,2024
10,spotify:track:6xW61JP2f3hcsbOwn7dzi5,"Mc IG, MC Ryan SP, MC PH, DJ Glenner","É Isso Bebê, Tá Certa!",WM Brazil,6,6,3,4843618,BR,Brazil,Q2,2024
11,spotify:track:2HzLEPWKXcfpwfmEIUURHo,"Tz da Coronel, Ryu, The Runner, Nagalli, Cúpula",Qual é seu desejo?,Cúpula,1,7,6,4715600,BR,Brazil,Q2,2024
12,spotify:track:4ssTFuVeNJG8py5dr2P2pV,Matheus & Kauan,Não Recomendo - Ao Vivo,Universal Music Ltda.,11,17,19,4682044,BR,Brazil,Q2,2024
13,spotify:track:5r0JHIjcY7dLWHkljNeQbj,Murilo Huff,Anestesiado - Ao Vivo,M Show,4,8,21,4672460,BR,Brazil,Q2,2024
14,spotify:track:42JNab8NPeCADJ9D3Cl5wS,Zé Neto & Cristiano,Barulho Do Foguete - Ao Vivo,Som Livre,4,5,41,4436808,BR,Brazil,Q2,2024
15,spotify:track:24R0oyjvhV4HIFFvoK3XkP,"Tropa do Bruxo, SMU, Dj Vitin do Pc, MC JF, MC NAHARA",TUMBÁTUM,Tropa Do Bruxo,11,11,9,4321871,BR,Brazil,Q2,2024
16,spotify:track:4sAoshwHCmh4IHMQxZHwRD,"TR, Mc Menor RV, Tropa da W&S",Baby Eu Tava na Rua da Água,WMD,1,13,12,4286939,BR,Brazil,Q2,2024
17,spotify:track:6cFW2FPaUL4YRJfS9zFJaV,Simone Mendes,Dois Tristes - Ao Vivo,UME - Global Clearing House,10,10,6,4144712,BR,Brazil,Q2,2024
18,spotify:track:6r6wTVl7sBndpdlzBSEYnF,"Ana Castela, Hungria, Alok",Lua,AgroPlay,6,20,8,4064329,BR,Brazil,Q2,2024
19,spotify:track:2RX89Di479sc53wkaNgt9E,Hugo & Guilherme,Vazou Na Braquiara - Ao Vivo,Som Livre,15,26,12,3987035,BR,Brazil,Q2,2024
20,spotify:track:1m5nbZiPpCIi9J2irLNoxh,"Oruam, Didi, Dj Lc da Roça, MC K9, MC Smith, Mainstreet",Rolé na Favela de Nave,Mainstreet Records,9,15,10,3960890,BR,Brazil,Q2,2024
21,spotify:track:2InS5VWKJQbsFBKOsf1cJB,"Dj GBR, Mc IG, MC Ryan SP, MC PH, Mc Davi, Mc Luki, Mc Don Juan, Mc Kadu, TrapLaudo, MC GP, MC GH do 7",Let's Go 4,GR6 Music,1,22,31,3757490,BR,Brazil,Q2,2024
22,spotify:track:0oQCRjrWGvkqkdf82UlXI3,PEDRO SAMPAIO,POCPOC,WM Brazil,1,25,19,3757069,BR,Brazil,Q2,2024
23,spotify:track:6GmyQws2xpUFIN5dXBNTrl,"AgroPlay, Ana Castela, LUDMILLA",Dia de Fluxo,AgroPlay,4,24,16,3745047,BR,Brazil,Q2,2024
24,spotify:track:4jbTB2Kj4CrZCjngkQUQS2,Murilo Huff,A Cerveja Abre Sozinha - Ao Vivo,M Show,16,21,13,3733215,BR,Brazil,Q2,2024
25,spotify:track:0I0WaeHgXRRA9sP2LOLoE4,"Dilsinho, Ana Castela",Passada de Mão - Ao Vivo,Sony Music Entertainment,9,23,10,3727226,BR,Brazil,Q2,2024
26,spotify:track:027ielmg4mNR1p1Ds3Mvgh,"DJ Ws da Igrejinha, DJ JOÃO PEREIRA, Mc Dudu Sk, MC TH DA SERRA, DALÃMA",Não Vou Namorar,Dalama Records,26,49,3,3619551,BR,Brazil,Q2,2024
27,spotify:track:1WHDOr19zyyqu6XXIvdgfX,"Hugo & Guilherme, Maiara & Maraisa",Morena De Goiânia - Ao Vivo,Som Livre,27,36,3,3461769,BR,Brazil,Q2,2024
28,spotify:track:2sYFUcurlISdHlAsnYCEgD,Lauana Prado,Me Leva Pra Casa / Escrito Nas Estrelas / Saudade - Ao Vivo,Universal Music Ltda.,1,19,19,3452463,BR,Brazil,Q2,2024
29,spotify:track:0ODlZu2uJ13I29NfFJJVir,"Luan Santana, MC Kevin o Chris",PEGA ESCANDALOSO,Sony Music Entertainment,29,50,2,3270213,BR,Brazil,Q2,2024
30,spotify:track:35D06z7kmwMmYYbyJ0BkSm,"Manu, Simone Mendes",Daqui pra Sempre,manuoficial,3,27,28,3224158,BR,Brazil,Q2,2024
31,spotify:track:5jrQZnYInM6YUjr2yFSa3E,"MC PH, Vulgo FK, Veigh, Pedro Lotto, prodbyeros",Vem Desestressar,GR6 Music,31,-1,1,3210803,BR,Brazil,Q2,2024
32,spotify:track:54UGdW621lBINbfMWJmmSO,"Manu, Guilherme & Benuto",Torre Eiffel - Ao Vivo,manuoficial,28,28,6,3106841,BR,Brazil,Q2,2024
33,spotify:track:7umgf0NrHZgIAI0ep64sLc,"Mc IG, Veigh, Toledo, Bvga Beatz, Galdino, Honaiser","Olá, Moça",WM Brazil,29,29,3,3103492,BR,Brazil,Q2,2024
34,spotify:track:697gwO5YoSGVAnlfREIZll,"MC PH, Borges, WIU, Pedro Lotto, WEY",Tenho Que Me Decidir,GR6 Music,4,32,19,3021978,BR,Brazil,Q2,2024
35,spotify:track:4YKujFSyakVjLdH1sDllVc,Simone Mendes,Dois Fugitivos - Ao Vivo,Universal Music Ltda.,5,35,30,2929068,BR,Brazil,Q2,2024
36,spotify:track:3QpDKVHmf9RDQkJbAUNWzI,Gustavo Moura & Rafael,Digitando,Astro Produções,36,47,7,2884866,BR,Brazil,Q2,2024
37,spotify:track:3iam4WkRoqMoBBCwDFZNgd,Henrique & Juliano,Quase Algo - Ao Vivo Em Nova Iorque / 2022,Virgin Music Label And Artist Services (S&D),17,33,30,2829900,BR,Brazil,Q2,2024
38,spotify:track:476o0POREG1XMArNtHRAy2,"Gusttavo Lima, Ana Castela",Canudinho - Ao Vivo,Sony Music Entertainment,2,30,32,2799115,BR,Brazil,Q2,2024
39,spotify:track:2IvsDK2p7Kq3aDrVtESDIg,"Ana Castela, Gustavo Mioto",Fronteira - Ao Vivo,AgroPlay,7,37,21,2772666,BR,Brazil,Q2,2024
40,spotify:track:3xkHsmpQCBMytMJNiDf3Ii,Benson Boone,Beautiful Things,"Night Street Records, Inc./Warner Records Inc.",40,40,9,2700593,BR,Brazil,Q2,2024
41,spotify:track:3ZNjlT5zR0jkEVzSSZCQeJ,"DJ WN, MC Hariel, MC Ryan SP, MC Paulin da Capital, Mc Lipi, MC Vinny, Gabb MC, Mc Kadu, Mc Daniel, MC GH do 7, NOG, Love Funk",Ritmista 1.0,Love Funk,14,38,14,2637440,BR,Brazil,Q2,2024
42,spotify:track:2329XxRFYoAPdQSb4DmjXQ,"Mc IG, Mc Kevin, DJ WN, MC PH","Deus, Por favor",WM Brazil,16,31,3,2628618,BR,Brazil,Q2,2024
43,spotify:track:5u7Xi0QhfkYy3qETJJ5lae,"MC Paulin da Capital, Love Funk, Mc Piedro, Dj GM, DJ WN, MC Ryan SP, Mc Daniel",Samba de Malandro,Love Funk,43,56,4,2621313,BR,Brazil,Q2,2024
44,spotify:track:1mH3uSZus9IiMagMCJa4vB,"TrapLaudo, MC PH, Murillo e LT no Beat",Tropa Do Pisa,GR6 Music,21,34,10,2508037,BR,Brazil,Q2,2024
45,spotify:track:5brVlCCt8gp4pP0iJOOctj,"MC Ryan SP, Filipe Ret, Caio Luccas, Chefin, Dallass, Rocco",Melhor Vibe,WM Brazil,45,89,3,2475243,BR,Brazil,Q2,2024
46,spotify:track:6fcQIY5VSFNrK4YzDoljPQ,"Parangolé, Léo Santana",Perna Bamba,Penta Entretenimento / Salvador Produções,1,41,11,2430649,BR,Brazil,Q2,2024
47,spotify:track:6zdL0aLZs6g61SPGrlMvrM,"DJ JOÃO PEREIRA, MC Koringa",DANÇA PRA ME PROVOCAR,DJ JOÃO PEREIRA x MC Koringa,18,46,18,2417209,BR,Brazil,Q2,2024
48,spotify:track:6nvbXA95vgyThzj2Tbhank,"Mc Ws da leste, MC Cothiê, Dj Chadin do C",Tipo Hollywood,Fera Entretenimento,2,43,21,2412611,BR,Brazil,Q2,2024
49,spotify:track:4f0aDk7HX37SfzerfznYlr,"Grupo Menos É Mais, Matheus Fernandes",Lapada Dela - Ao Vivo,Som Livre,4,39,59,2386920,BR,Brazil,Q2,2024
50,spotify:track:2hloKDkwGLjtYvAoqn39gV,"Mc Jacaré, Luan Pereira",Senta Pro Bruto,Croco Hits,50,72,4,2294222,BR,Brazil,Q2,2024
1,spotify:track:6W196uVRkmQFHbc1XV8DNk,"CountryBeat, Félix, Léo Souzza",Sonho Dela (Cowboy),CountryBeat,1,5,9,6847126,BR,Brazil,Q3,2024
2,spotify:track:6RjSXi9cPGroetXeNsWFGL,"DJ TOPO, Seu Jorge, Mc Leozin, MC G15",MTG QUEM NÃO QUER SOU EU,DJ TOPO,1,1,9,6843011,BR,Brazil,Q3,2024
3,spotify:track:7IFsTX5H1sWcEl8joV0IdD,"THE BOX, Mc Brinquedo, MC Cebezinho, MC Tuto, Mc Laranjinha, DJ Oreia",THE BOX MEDLEY FUNK 2,Sony Music Entertainment,2,3,11,6707757,BR,Brazil,Q3,2024
4,spotify:track:7ldcYtMOjtX1eFVEYzj2kJ,"Luísa Sonza, KayBlack",Sagrado Profano,Sony Music Entertainment,2,2,7,5950176,BR,Brazil,Q3,2024
5,spotify:track:0HDMisLsuGNml98Xq7atpm,"Luan Santana, Luan Pereira",EU SOU SENTIMENTO,Sony Music Entertainment,5,9,5,5760210,BR,Brazil,Q3,2024
6,spotify:track:106SKHXoytRADjpxHBkJpV,"dj sv, Doug Hits, Manim Vaqueiro",Mtg Forró e Desmantelo,Doug Filmes,1,4,12,5759657,BR,Brazil,Q3,2024
7,spotify:track:3w392XWJ5bXzjcCR2Dmvqn,"Zé Neto & Cristiano, Ana Castela",Foi Intenso - Ao Vivo,Som Livre,5,7,10,5687558,BR,Brazil,Q3,2024
8,spotify:track:7JMtl41kGPDlzxsH3FkkqD,"Dj Luan Gomes, Tropa da W&S",MTG QUERO VER SE VOCÊ TEM ATITUDE,PDF Records / W&S Music,4,8,8,5455138,BR,Brazil,Q3,2024
9,spotify:track:4VNRWHoiKHZJIoQHPbmJIv,Felipe e Rodrigo,Gosta De Rua - Ao Vivo,Virgin Music Label And Artist Services (S&D),1,10,14,5443444,BR,Brazil,Q3,2024
10,spotify:track:1NcqLEg2r2LXqMVbam2BJD,"Matheus Fernandes, Matheus & Kauan",Triplex - Ao Vivo,Som Livre,10,14,5,4863305,BR,Brazil,Q3,2024
11,spotify:track:3kBYuWrGtx1tSHjzr0vlZh,"Mc IG, Murillo e LT no Beat, DJ Glenner",Sorriso no Rosto,WM Brazil,3,6,6,4803481,BR,Brazil,Q3,2024
12,spotify:track:5Qqpplbu8ROd71c0brQxyy,"Mc IG, MC Ryan SP, DJ Glenner, Mc Poze do Rodo, Oruam",Filha do Deputado,WM Brazil,12,16,2,4773888,BR,Brazil,Q3,2024
13,spotify:track:5GV7OpSEb8MPTryL0Q5i6c,"DJ JZ, Humberto & Ronaldo, Mc Mininin, DJ LG PROD, Silvanno Salles",Mtg Quero Te Encontrar,Tropa do Serrão,1,11,18,4742976,BR,Brazil,Q3,2024
14,spotify:track:4dSDTAZ7ohybHBonbtMBpP,"Bruno & Marrone, Zé Felipe, Mc Jacaré, Loirin prod",Desilusão (MTG) (feat. Loirin Prod),Sony Music Entertainment,14,-1,1,4638134,BR,Brazil,Q3,2024
15,spotify:track:6hNREzgHbVM5AkGwP4SPmU,"Luan Pereira, Murilo Huff",FALTA DE QUÊ?,Som Livre,4,12,8,4598559,BR,Brazil,Q3,2024
16,spotify:track:5QpcLTQjh0qO7OIuR9q8IR,Gusttavo Lima,Morar Nesse Motel,Sony Music Entertainment,16,26,2,4496792,BR,Brazil,Q3,2024
17,spotify:track:0WiJIa3V9GdcJfcy1FhLjp,Zé Neto & Cristiano,Deu Moral - Ao Vivo,Som Livre,5,17,13,4377209,BR,Brazil,Q3,2024
18,spotify:track:6mTpK40yIRk1xGGNvRMHGg,"Murilo Huff, Gustavo Mioto",Me Caiu Tão Bem - Ao Vivo,M Show,14,15,5,4300325,BR,Brazil,Q3,2024
19,spotify:track:5496lks6V3fh1mZAB6IAap,"Sevdaliza, Pabllo Vittar, Yseult",Alibi (with Pabllo Vittar & Yseult),Sevdaliza,19,20,2,4153005,BR,Brazil,Q3,2024
20,spotify:track:2o4hr5HCAKShrbFtmxm7Dg,"Manu, Guilherme & Benuto",Torre Eiffel - Ao Vivo,manuoficial,17,27,19,4134921,BR,Brazil,Q3,2024
21,spotify:track:1CpneInvFvGYcDVU4CCDgI,Ana Castela,Minha Herança - Ao Vivo,AgroPlay,17,21,6,4051794,BR,Brazil,Q3,2024
22,spotify:track:7eoRm37Ta1jvGMiMRfOQoa,"Dj VN Maestro, MC G DS",Eu So Comi Ela uma Vez,Love Funk Records,13,13,4,3826455,BR,Brazil,Q3,2024
23,spotify:track:6X6jKoyw1OjogRghMEQAZV,"Jorge & Mateus, Lauana Prado",Haverá Sinais - Ao Vivo,Som Livre,2,19,20,3792950,BR,Brazil,Q3,2024
24,spotify:track:6FllOXq1UDCFDt1V4YvN3K,"Mc Daniel, DJ WN, Dj GM",Vamo de Pagodin,Lyons Produções,24,34,8,3788001,BR,Brazil,Q3,2024
25,spotify:track:7Elw15XWLpOi4qzHyAwa9e,Gloria Groove,Nosso Primeiro Beijo - Ao Vivo,SB Music,18,23,6,3783790,BR,Brazil,Q3,2024
26,spotify:track:6cFW2FPaUL4YRJfS9zFJaV,Simone Mendes,Dois Tristes - Ao Vivo,UME - Global Clearing House,4,18,19,3777943,BR,Brazil,Q3,2024
27,spotify:track:3QpDKVHmf9RDQkJbAUNWzI,Gustavo Moura & Rafael,Digitando,Astro Produções,1,24,20,3607684,BR,Brazil,Q3,2024
28,spotify:track:2kFaWbpzQzpaJ0H6PskR6k,Mari Fernandez,Página De Ex - Ao Vivo,Som Livre,22,22,10,3272860,BR,Brazil,Q3,2024
29,spotify:track:5G0kKNRYFCoORvJ2VzwvrY,"Mc Livinho, DJ TOPO",MTG PASSA PASSA PRA EU SARRAR,Mc Livinho,29,39,4,3225280,BR,Brazil,Q3,2024
30,spotify:track:4W87Hv4pBFsE0JEi7enRBQ,"TrapLaudo, Mc IG, MC PH, MC Ryan SP, Mc Don Juan, Murillo e LT no Beat",Malvada,4M RECORDS,28,28,4,3219087,BR,Brazil,Q3,2024
31,spotify:track:1WHDOr19zyyqu6XXIvdgfX,"Hugo & Guilherme, Maiara & Maraisa",Morena De Goiânia - Ao Vivo,Som Livre,11,25,16,3210566,BR,Brazil,Q3,2024
32,spotify:track:5r0JHIjcY7dLWHkljNeQbj,Murilo Huff,Anestesiado - Ao Vivo,M Show,4,29,34,3189222,BR,Brazil,Q3,2024
33,spotify:track:368hYqtNCKCAeUduMoSHhh,Clayton & Romário,Aproveita - Ao Vivo,Virgin Music Label And Artist Services (S&D),33,48,4,3104187,BR,Brazil,Q3,2024
34,spotify:track:3iam4WkRoqMoBBCwDFZNgd,Henrique & Juliano,Quase Algo - Ao Vivo Em Nova Iorque / 2022,Virgin Music Label And Artist Services (S&D),17,32,43,3090618,BR,Brazil,Q3,2024
35,spotify:track:65vJAh07BdwurqR9SRa6f8,"Ferrugem, Sorriso Maroto",Apaguei Pra Todos - Ao Vivo,WM Brazil,35,38,12,2997835,BR,Brazil,Q3,2024
36,spotify:track:6Tp4LCJ5r5IJaEf8lnlPfG,Henrique & Juliano,De Trás Pra Frente - Ao Vivo,Virgin Music Label And Artist Services (S&D),17,44,91,2957630,BR,Brazil,Q3,2024
37,spotify:track:2RX89Di479sc53wkaNgt9E,Hugo & Guilherme,Vazou Na Braquiara - Ao Vivo,Som Livre,15,35,25,2952262,BR,Brazil,Q3,2024
38,spotify:track:5asabafNzfAzjUecDvuNES,Henrique & Juliano,Aquela Pessoa - Ao Vivo,Virgin Music Label And Artist Services (S&D),38,41,128,2931446,BR,Brazil,Q3,2024
39,spotify:track:2SFcDfkE1MRXZfl4LIwscm,Kaká e Pedrinho,Piração,Acertei Produções,26,31,6,2896459,BR,Brazil,Q3,2024
40,spotify:track:24R0oyjvhV4HIFFvoK3XkP,"Tropa do Bruxo, SMU, Dj Vitin do Pc, MC JF, MC NAHARA",TUMBÁTUM,Tropa Do Bruxo,11,36,22,2889268,BR,Brazil,Q3,2024
41,spotify:track:3FB06ULqN0WNUSQ3UaMZnF,NATTAN,Amor Na Praia,Feeling,7,37,18,2887621,BR,Brazil,Q3,2024
42,spotify:track:5jrQZnYInM6YUjr2yFSa3E,"MC PH, Vulgo FK, Veigh, Pedro Lotto, prodbyeros",Vem Desestressar,GR6 Music,22,33,14,2881915,BR,Brazil,Q3,2024
43,spotify:track:6gjsnEQxLqVkieeloQTozN,"Lou Garcia, Dj Luan Gomes",Não Fosse Tão Tarde - MTG Remix,Universal Music Ltda.,43,74,2,2811996,BR,Brazil,Q3,2024
44,spotify:track:42JNab8NPeCADJ9D3Cl5wS,Zé Neto & Cristiano,Barulho Do Foguete - Ao Vivo,Som Livre,4,40,54,2757432,BR,Brazil,Q3,2024
45,spotify:track:5brVlCCt8gp4pP0iJOOctj,"MC Ryan SP, Filipe Ret, Caio Luccas, Chefin, Dallass, Rocco",Melhor Vibe,WM Brazil,22,47,16,2701212,BR,Brazil,Q3,2024
46,spotify:track:3Na9gwLmFdEJH2l54AYwpk,"Lauana Prado, Zé Neto & Cristiano",Sombra Desconhecida - Ao Vivo,Universal Music Ltda.,46,155,3,2606609,BR,Brazil,Q3,2024
47,spotify:track:0Q1ySdDoHDiotYn4nbMXNm,"Nagalli, KayBlack, Veigh, Supernova Ent",CONFISSÕES PT2,Supernova Ent,8,42,11,2604245,BR,Brazil,Q3,2024
48,spotify:track:2ORC76autQ7QTfBCkZl4Wo,Murilo Huff,Dedo do Meio - Ao Vivo,M Show,20,46,15,2592290,BR,Brazil,Q3,2024
49,spotify:track:6fORpZeVACbxNYPILlldfZ,"Thiago Brava, Guerra Neto",Tigrinho,Thiago Brava,49,-1,1,2578968,BR,Brazil,Q3,2024
50,spotify:track:60wgnlVBEsyswrTB6pYiTi,"Marcos & Belutti, Nadson O Ferinha",Como Um Beijo,Marcos & Belutti,19,30,6,2576070,BR,Brazil,Q3,2024
1,spotify:track:1YlfGwNizEKy299l1PVggn,Grupo Menos É Mais,Coração Partido (Corazón Partío) - Ao Vivo,Som Livre,1,3,6,6920573,BR,Brazil,Q4,2024
2,spotify:track:3H7eBmcTJyuEMStfmKuLmG,"MC Cebezinho, DJ Oreia, MC Tuto, Love Funk, Kako",A Danada Me Ligando,Love Funk,1,1,6,6790063,BR,Brazil,Q4,2024
3,spotify:track:1wubETHu3SeJHfbz9itEH0,Henrique & Juliano,Última Saudade - Ao Vivo,Virgin Music Label And Artist Services (S&D),3,26,2,6420869,BR,Brazil,Q4,2024
4,spotify:track:7l9Tq5phzkLnhWUyfp702G,"Kaique e Felipe, Luan Pereira",Saveiro,Sony Music Entertainment,1,2,11,6380143,BR,Brazil,Q4,2024
5,spotify:track:2D0C1CYWKdyau002ZtcTHW,Gusttavo Lima,A Noite (La Notte) - Ao Vivo,Sony Music Entertainment,5,8,9,5963409,BR,Brazil,Q4,2024
6,spotify:track:5sKGmZDmkGwFed5dPpZpZL,"Jorge & Mateus, Henrique & Juliano",Xonei,Som Livre,3,4,8,5520726,BR,Brazil,Q4,2024
7,spotify:track:2plbrEY59IikOBgBGLjaoe,"Lady Gaga, Bruno Mars",Die With A Smile,Interscope,6,6,8,5490133,BR,Brazil,Q4,2024
8,spotify:track:4ssHL7bSnOAE7HjiuLx6Co,Matuê,Crack com Mussilon,30PRAUM,1,5,5,4644473,BR,Brazil,Q4,2024
9,spotify:track:1G09TYdafWOnFnSQvJzePM,"Luan Pereira, Ana Castela",DEPOIS DO RODEIO,Som Livre,7,7,5,4144801,BR,Brazil,Q4,2024
10,spotify:track:5CtXR89REICvEZljUEK8r1,"DJ L30, MC Thaizinha",Do Jeito Que Você Mete,Conquista Records Agenciamento Artístico,10,20,3,4124729,BR,Brazil,Q4,2024
11,spotify:track:3ODUgIaqdpkMXXlsH1kDLh,"MC GP, MC Jvila, MC LUUKY, Dj Yuri Pedrada",300 no 7,MC GP NOVA ERA,11,11,13,4018352,BR,Brazil,Q4,2024
12,spotify:track:1lflD04lIdgV10sCMwFYOu,"Mc Leozin, MC Rick, Boladin 211, Deliverymusic, Dj L Martins",Sorriso no Rosto,Delivery Music LTDA,12,48,11,3920334,BR,Brazil,Q4,2024
13,spotify:track:1NcqLEg2r2LXqMVbam2BJD,"Matheus Fernandes, Matheus & Kauan",Triplex - Ao Vivo,Som Livre,4,10,18,3882898,BR,Brazil,Q4,2024
14,spotify:track:6RjSXi9cPGroetXeNsWFGL,"DJ TOPO, Seu Jorge, Mc Leozin, MC G15",MTG QUEM NÃO QUER SOU EU,DJ TOPO,1,32,22,3664780,BR,Brazil,Q4,2024
15,spotify:track:2fjqfFUq64thFsqfKN01kS,"Matuê, Veigh",Imagina esse Cenário,30PRAUM,4,9,5,3583972,BR,Brazil,Q4,2024
16,spotify:track:0S7o4sti5I5CAbbotTUzTM,"Traia Véia, Luan Pereira",Wi-Fi - Ao Vivo,Show Mix.,2,17,12,3553901,BR,Brazil,Q4,2024
17,spotify:track:7pkpWcko6KEZANj0xKsCsu,Matheus & Kauan,Cronômetro - Ao Vivo,Universal Music Ltda.,15,15,14,3525463,BR,Brazil,Q4,2024
18,spotify:track:6mTpK40yIRk1xGGNvRMHGg,"Murilo Huff, Gustavo Mioto",Me Caiu Tão Bem - Ao Vivo,M Show,7,13,18,3491819,BR,Brazil,Q4,2024
19,spotify:track:4dvHZesL5UKzfJnFH5bm3g,Luan Santana,CLONE - Ao Vivo,Sony Music Entertainment,5,16,7,3484339,BR,Brazil,Q4,2024
20,spotify:track:7IFsTX5H1sWcEl8joV0IdD,"THE BOX, Mc Brinquedo, MC Cebezinho, MC Tuto, Mc Laranjinha, DJ Oreia",THE BOX MEDLEY FUNK 2,Sony Music Entertainment,1,12,24,3473641,BR,Brazil,Q4,2024
21,spotify:track:3JLhwgadVkN8zckxL1ICrI,"Hugo & Guilherme, Maiara & Maraisa",O Meu Coração Em Suas Mãos (Colgando en tu manos) - Ao Vivo,Som Livre,21,31,10,3445838,BR,Brazil,Q4,2024
22,spotify:track:0bPP5cDG1ZnbAVCEa3ZbQ1,Grelo,Só Fé,Henrique & Juliano,1,14,10,3402024,BR,Brazil,Q4,2024
23,spotify:track:2drZGdAOxfE2KoMGTkidmq,"MC Marks, MC Ryan SP, MC Jvila, MC Bruno MS, Mc Magal, Aaron Modesto, DJ Dael, MC LUUKY",365 Dias (Vida Mansa),Legenda Records,23,93,2,3390388,BR,Brazil,Q4,2024
24,spotify:track:0GbvYZsvz7bWyijBDESebX,Simone Mendes,Mulher Foda - Ao Vivo,Universal Music Ltda.,10,22,13,3373226,BR,Brazil,Q4,2024
25,spotify:track:4VNRWHoiKHZJIoQHPbmJIv,Felipe e Rodrigo,Gosta De Rua - Ao Vivo,Virgin Music Label And Artist Services (S&D),1,18,27,3310469,BR,Brazil,Q4,2024
26,spotify:track:3EJfFRgtbIYzBQdlc6PO9V,Maiara & Maraisa,Vai Lá - Ao Vivo em Goiânia,Work Show,26,60,2,3308799,BR,Brazil,Q4,2024
27,spotify:track:7Elw15XWLpOi4qzHyAwa9e,Gloria Groove,Nosso Primeiro Beijo - Ao Vivo,SB Music,18,25,19,3290216,BR,Brazil,Q4,2024
28,spotify:track:7f1tZNtc1t456ybBsl5sfK,"Murilo Huff, Hugo & Guilherme",Pula Fora - Ao Vivo,M Show,24,24,7,3249589,BR,Brazil,Q4,2024
29,spotify:track:02I0Nm97YdmZ8teGFcIHEy,"MC Joãozinho VT, MC Tuto, MC Vine7, MC Ryan SP, Mc Duzinho SP, MC LUUKY, Caio Passos",Tropa do Sem K.O,Sonar Music,23,23,4,3239912,BR,Brazil,Q4,2024
30,spotify:track:6m51sam9gIqRMbJEKW4ADe,Grelo,De Graça ou Pagando,Henrique & Juliano,7,21,10,3178377,BR,Brazil,Q4,2024
31,spotify:track:68qzO9uhrv6zwONksdHYuj,"Mc Daniel, Dj Luan MPC, DJ PEPI",Cara da Midia,Lyons Produções,16,27,6,3154815,BR,Brazil,Q4,2024
32,spotify:track:5DrDpWyvharQkhsloNTN9W,"Mc J Mito, DJ Borest",Clack Bum,MK,32,80,12,3140011,BR,Brazil,Q4,2024
33,spotify:track:07ceTL2BIlnI5jWxceZz9d,Gustavo Mioto,Eu Fujo,Universal Music Ltda.,17,29,8,2961413,BR,Brazil,Q4,2024
34,spotify:track:65vJAh07BdwurqR9SRa6f8,"Ferrugem, Sorriso Maroto",Apaguei Pra Todos - Ao Vivo,WM Brazil,34,34,25,2869027,BR,Brazil,Q4,2024
35,spotify:track:4t4V2ptzeV94uXjUS1X18F,"Mc Jacaré, Hungria",Pinxadão,Croco Hits,35,67,7,2866949,BR,Brazil,Q4,2024
36,spotify:track:5hlojehQcbgcCSbllhwdHC,Traia Véia,O Lugar Mais Triste do Mundo,Show Mix.,32,35,5,2851658,BR,Brazil,Q4,2024
37,spotify:track:4XaLEsmrRGSDkgd7qpn4Nl,"MC LUUKY, MC Ryan SP, Dj Victor, Boladin 211, MC Vine7",Sempre na Simplicidade,EDITORA E GRAVADORA A BASE RECORDS,11,42,12,2785671,BR,Brazil,Q4,2024
38,spotify:track:3Na9gwLmFdEJH2l54AYwpk,"Lauana Prado, Zé Neto & Cristiano",Sombra Desconhecida - Ao Vivo,Universal Music Ltda.,23,39,16,2773482,BR,Brazil,Q4,2024
39,spotify:track:3l5VjEAeUTqrlD50iEo8Yn,"KayBlack, CVSTRO, Wall Hein, AMUSIK",Licor 43,Elenko Music,29,33,108,2702522,BR,Brazil,Q4,2024
40,spotify:track:17QN5kFprJqHdHLMj7hz4s,Gusttavo Lima,Ficha Limpa - Ao Vivo,Sony Music Entertainment,3,142,71,2660690,BR,Brazil,Q4,2024
41,spotify:track:2wXqRqVGiGB2fyy9eoPJbP,"Mc Lele JP, MC Marks, MC Leozinho ZS, MC Joãozinho VT",Eu sou Cantor Não Sou Bandido,A Luz Records,41,74,2,2549954,BR,Brazil,Q4,2024
42,spotify:track:3Bkw2nrO4vXwql6BBDH5pq,"Felipe e Rodrigo, Matheus & Kauan",Aham - Ao Vivo,Virgin Music Label And Artist Services (S&D),42,78,7,2531773,BR,Brazil,Q4,2024
43,spotify:track:6gjsnEQxLqVkieeloQTozN,"Lou Garcia, Dj Luan Gomes",Não Fosse Tão Tarde - MTG Remix,Universal Music Ltda.,11,41,15,2527153,BR,Brazil,Q4,2024
44,spotify:track:6Tp4LCJ5r5IJaEf8lnlPfG,Henrique & Juliano,De Trás Pra Frente - Ao Vivo,Virgin Music Label And Artist Services (S&D),17,38,104,2522936,BR,Brazil,Q4,2024
45,spotify:track:2PnlsTsOTLE5jnBnNe2K0A,Linkin Park,The Emptiness Machine,Warner Records,12,19,5,2521619,BR,Brazil,Q4,2024
46,spotify:track:7tI8dRuH2Yc6RuoTjxo4dU,Jimin,Who,BIGHIT MUSIC,7,47,12,2508904,BR,Brazil,Q4,2024
47,spotify:track:6NJzycLHOAh940pcqcUVp6,Gusttavo Lima,Morar Nesse Motel,Sony Music Entertainment,3,30,15,2485476,BR,Brazil,Q4,2024
48,spotify:track:00hbGsdy4tMD2R0Y5n5E0C,Kaká e Pedrinho,Piração,Acertei Produções,26,75,19,2482665,BR,Brazil,Q4,2024
49,spotify:track:4f0aDk7HX37SfzerfznYlr,"Grupo Menos É Mais, Matheus Fernandes",Lapada Dela - Ao Vivo,Som Livre,4,59,85,2474996,BR,Brazil,Q4,2024
50,spotify:track:3xs03uDJOKoo9iaY6eZi3m,Vitor Limma,Amor de Fim de Noite / Por Favor / Nem Aí - Ao Vivo,3 Desejos Produções Artísticas,50,129,4,2468443,BR,Brazil,Q4,2024
1,spotify:track:4xhsWYTOGcal8zt0J161CU,Jack Harlow,Lovin On Me,Generation Now/Atlantic,1,1,9,1663795,CA,Canada,Q1,2024
2,spotify:track:0mflMxspEfB0VbI1kyLiAv,Noah Kahan,Stick Season,Mercury Records/Republic Records,2,3,41,1479782,CA,Canada,Q1,2024
3,spotify:track:3rUGC1vUpkDG9CZFHMur1t,Tate McRae,greedy,RCA Records Label,2,2,17,1249856,CA,Canada,Q1,2024
4,spotify:track:4KULAymBBJcPRpk1yO4dOG,"Zach Bryan, Kacey Musgraves",I Remember Everything (feat. Kacey Musgraves),Warner Records,2,5,20,1151584,CA,Canada,Q1,2024
5,spotify:track:1BxfuPKGuaTgP7aM0Bbdwr,Taylor Swift,Cruel Summer,Taylor Swift,3,4,53,1007462,CA,Canada,Q1,2024
6,spotify:track:3vkCueOmm7xQDoJ17W1Pm3,Mitski,My Love Mine All Mine,Dead Oceans,5,8,17,919747,CA,Canada,Q1,2024
7,spotify:track:56y1jOTK0XSvJzVv9vHQBK,Doja Cat,Paint The Town Red,Kemosabe Records/RCA Records,1,6,23,919578,CA,Canada,Q1,2024
8,spotify:track:7K3BhSpAxZBznislvUMVtn,Morgan Wallen,Last Night,Morgan Wallen,1,7,50,908633,CA,Canada,Q1,2024
9,spotify:track:17phhZDn6oGtzMe56NuWvj,Teddy Swims,Lose Control,Warner Records,9,9,15,898106,CA,Canada,Q1,2024
10,spotify:track:3WMj8moIAXJhHsyLaqIIHI,Zach Bryan,Something in the Orange,Warner Records,10,10,88,829936,CA,Canada,Q1,2024
11,spotify:track:6WzRpISELf3YglGAh7TXcG,"The Weeknd, Playboi Carti, Madonna",Popular (with Playboi Carti & Madonna) - From The Idol Vol. 1 (Music from the HBO Original Series),XO / Republic Records,4,12,32,817848,CA,Canada,Q1,2024
12,spotify:track:6wsqVwoiVH2kde4k4KKAFU,Travis Scott,I KNOW ?,Cactus Jack/Epic,6,19,24,778460,CA,Canada,Q1,2024
13,spotify:track:2YSzYUF3jWqb9YP9VXmpjE,"Drake, Yeat",IDGAF (feat. Yeat),OVO/Republic,1,15,14,768575,CA,Canada,Q1,2024
14,spotify:track:7CyPwkp0oE8Ro9Dd5CUDjW,"The Weeknd, JENNIE, Lily-Rose Depp","One Of The Girls (with JENNIE, Lily Rose Depp)",XO / Republic Records,14,17,9,768006,CA,Canada,Q1,2024
15,spotify:track:1udwFobQ1JoOdWPQrp2b6u,"JID, 21 Savage, Baby Tate",Surround Sound (feat. 21 Savage & Baby Tate),Dreamville/Interscope,14,14,14,767730,CA,Canada,Q1,2024
16,spotify:track:4rXLjWdF2ZZpXCVTfWcshS,Gunna,fukumean,300 Entertainment,1,11,30,762755,CA,Canada,Q1,2024
17,spotify:track:1kuGVB7EU95pJObxwvfwKS,Olivia Rodrigo,vampire,Olivia Rodrigo PS,1,13,28,718860,CA,Canada,Q1,2024
18,spotify:track:1Lo0QY9cvc8sUB2vnIOxDT,Luke Combs,Fast Car,River House Artists/Columbia Nashville,3,18,42,689260,CA,Canada,Q1,2024
19,spotify:track:1yeB8MUNeLo9Ek1UEpsyz6,"Drake, Sexyy Red, SZA",Rich Baby Daddy (feat. Sexyy Red & SZA),OVO/Republic,15,26,14,683921,CA,Canada,Q1,2024
20,spotify:track:5PyDJG7SQRgWXefgexqIge,Doja Cat,Agora Hills,Kemosabe Records/RCA Records,12,22,16,671304,CA,Canada,Q1,2024
21,spotify:track:4E63weMCaNZuGPEFMnuEi8,Tate McRae,exes,RCA Records Label,11,21,8,669784,CA,Canada,Q1,2024
22,spotify:track:5mjYQaktjmjcMKcUIcqz4s,Kenya Grace,Strangers,Warner Records/Major Recordings,7,20,19,655922,CA,Canada,Q1,2024
23,spotify:track:42VsgItocQwOQC3XWZ8JNA,"Travis Scott, Playboi Carti",FE!N (feat. Playboi Carti),Cactus Jack/Epic,3,39,24,650354,CA,Canada,Q1,2024
24,spotify:track:1a73gcEg6h6Re6hHXoVltJ,Nicki Minaj,FTCU,Republic Records,24,24,5,648412,CA,Canada,Q1,2024
25,spotify:track:6wf7Yu7cxBSPrRlWeSeK0Q,Billie Eilish,"What Was I Made For? [From The Motion Picture ""Barbie""]",Darkroom/Interscope Records,6,35,26,648140,CA,Canada,Q1,2024
26,spotify:track:5aIVCx5tnk0ntmdiinnYvw,Tyla,Water,FAX Records/Epic,13,16,17,635505,CA,Canada,Q1,2024
27,spotify:track:6rjuKpPydT2SxN15TZpV7r,Lil Tecca,500lbs,Galactic Records/Lil Tecca,19,32,18,633843,CA,Canada,Q1,2024
28,spotify:track:1Iq8oo9XkmmvCQiGOfORiz,Taylor Swift,Is It Over Now? (Taylor's Version) (From The Vault),Taylor Swift,1,27,11,613514,CA,Canada,Q1,2024
29,spotify:track:1odExI7RdWc4BT515LTAwj,David Kushner,Daylight,Miserable Music Group,2,29,39,612851,CA,Canada,Q1,2024
30,spotify:track:7yq4Qj7cqayVTp3FF9CWbm,Vance Joy,Riptide,F-Stop Records/Atlantic,30,55,183,594551,CA,Canada,Q1,2024
31,spotify:track:4iZ4pt7kvcaH6Yo8UoZ4s2,SZA,Snooze,Top Dawg Entertainment/RCA Records,19,34,57,594437,CA,Canada,Q1,2024
32,spotify:track:7aqfrAY2p9BUSiupwk3svU,"Drake, J. Cole",First Person Shooter (feat. J. Cole),OVO/Republic,2,33,14,586475,CA,Canada,Q1,2024
33,spotify:track:1Qrg8KqiBpW07V7PNxwwwL,SZA,Kill Bill,Top Dawg Entertainment/RCA Records,1,36,57,578242,CA,Canada,Q1,2024
34,spotify:track:4tKGFmENO69tZR9ahgZu48,Sophie Ellis-Bextor,Murder On The Dancefloor,Polydor Records,34,122,2,575463,CA,Canada,Q1,2024
35,spotify:track:4OMJGnvZfDvsePyCwRGO7X,Dua Lipa,Houdini,Warner Records,11,28,9,566146,CA,Canada,Q1,2024
36,spotify:track:68Dni7IE4VyPkTOH9mRWHr,J. Cole,No Role Modelz,Roc Nation Records LLC,24,42,242,562070,CA,Canada,Q1,2024
37,spotify:track:7DSAEUvxU8FajXtRloy8M0,Miley Cyrus,Flowers,Columbia,1,25,52,559151,CA,Canada,Q1,2024
38,spotify:track:1s7oOCT8vauUh01PbJD6ps,"Rema, Selena Gomez",Calm Down (with Selena Gomez),Mavin Records / Jonzing World,3,23,72,554980,CA,Canada,Q1,2024
39,spotify:track:1DgtQlVNotingln271ZKCx,Chris Stapleton,White Horse,Mercury Nashville,30,45,25,539405,CA,Canada,Q1,2024
40,spotify:track:2Zo1PcszsT9WQ0ANntJbID,Sabrina Carpenter,Feather,Island Records,40,48,6,538398,CA,Canada,Q1,2024
41,spotify:track:0cVyQfDyRnMJ0V3rjjdlU3,Paul Russell,Lil Boo Thang,Arista Records,37,37,11,531634,CA,Canada,Q1,2024
42,spotify:track:4EWCNWgDS8707fNSZ1oaA5,Kanye West,Heartless,Roc-A-Fella,42,43,98,531109,CA,Canada,Q1,2024
43,spotify:track:3azJifCSqg9fRij2yKIbWz,Tory Lanez,The Color Violet,One Umbrella Records,14,49,74,522561,CA,Canada,Q1,2024
44,spotify:track:1vYXt7VSjH9JIM5oRRo7vA,Dua Lipa,Dance The Night - From Barbie The Album,Atlantic Records,8,30,33,521507,CA,Canada,Q1,2024
45,spotify:track:17cia5k4BpGVlyEfqrFH50,Olivia Rodrigo,Can’t Catch Me Now - from The Hunger Games: The Ballad of Songbirds & Snakes,Lions Gate Entertainment Inc. under exclusive license to Geffen Records,26,47,10,509853,CA,Canada,Q1,2024
46,spotify:track:4kjI1gwQZRKNDkw1nI475M,Travis Scott,MY EYES,Cactus Jack/Epic,12,81,19,501946,CA,Canada,Q1,2024
47,spotify:track:22VHOlVYBqytsrAqV8yXBK,"Noah Kahan, Post Malone",Dial Drunk (with Post Malone),Mercury Records/Republic Records,13,46,26,499671,CA,Canada,Q1,2024
48,spotify:track:3xKsf9qdS1CyvXSMEid6g8,Frank Ocean,Pink + White,Boys Don't Cry,44,65,66,495867,CA,Canada,Q1,2024
49,spotify:track:0PAcdVzhPO4gq1Iym9ESnK,Morgan Wallen,Thinkin’ Bout Me,Morgan Wallen,12,53,45,492056,CA,Canada,Q1,2024
50,spotify:track:4uUG5RXrOk84mYEfFvj3cK,"David Guetta, Bebe Rexha",I'm Good (Blue),Parlophone UK,1,31,72,487452,CA,Canada,Q1,2024
1,spotify:track:0AjmK0Eai4zGrLaJwPvrDp,Hozier,Too Sweet,Columbia,1,3,3,2964464,CA,Canada,Q2,2024
2,spotify:track:3xkHsmpQCBMytMJNiDf3Ii,Benson Boone,Beautiful Things,"Night Street Records, Inc./Warner Records Inc.",1,2,12,2295396,CA,Canada,Q2,2024
3,spotify:track:2tudvzsrR56uom6smgOcSf,"Future, Metro Boomin, Kendrick Lamar",Like That,Wilburn Holding Co./Boominati/Epic/Republic,1,1,3,2084740,CA,Canada,Q2,2024
4,spotify:track:0mflMxspEfB0VbI1kyLiAv,Noah Kahan,Stick Season,Mercury Records/Republic Records,1,4,54,1878419,CA,Canada,Q2,2024
5,spotify:track:2GxrNKugF82CnoRFbQfzPf,Artemas,i like the way you kiss me,Artemas,5,8,3,1723446,CA,Canada,Q2,2024
6,spotify:track:17phhZDn6oGtzMe56NuWvj,Teddy Swims,Lose Control,Warner Records,5,10,28,1492551,CA,Canada,Q2,2024
7,spotify:track:3qhlB30KknSejmIvZZLjOD,Djo,End of Beginning,Djo,4,5,8,1486253,CA,Canada,Q2,2024
8,spotify:track:3w0w2T288dec0mgeZZqoNN,"¥$, Kanye West, Ty Dolla $ign",CARNIVAL,YZY,1,6,9,1480193,CA,Canada,Q2,2024
9,spotify:track:2uqYupMHANxnwgeiXTZXzd,Dasha,Austin (Boots Stop Workin'),Warner Records,9,13,8,1395106,CA,Canada,Q2,2024
10,spotify:track:4KULAymBBJcPRpk1yO4dOG,"Zach Bryan, Kacey Musgraves",I Remember Everything (feat. Kacey Musgraves),Warner Records,2,11,33,1392919,CA,Canada,Q2,2024
11,spotify:track:51ZQ1vr10ffzbwIjDCwqm4,Ariana Grande,we can't be friends (wait for your love),Republic Records,3,7,5,1388035,CA,Canada,Q2,2024
12,spotify:track:3Pbp7cUCx4d3OAkZSCoNvn,Michael Marcagi,Scared To Start,Warner Records,12,14,13,1304574,CA,Canada,Q2,2024
13,spotify:track:3rUGC1vUpkDG9CZFHMur1t,Tate McRae,greedy,RCA Records Label,2,12,30,1278079,CA,Canada,Q2,2024
14,spotify:track:7wLShogStyDeZvL0a6daN5,Beyoncé,TEXAS HOLD 'EM,Parkwood Entertainment/Columbia,2,9,9,1201208,CA,Canada,Q2,2024
15,spotify:track:7K3BhSpAxZBznislvUMVtn,Morgan Wallen,Last Night,Morgan Wallen,1,18,63,1031561,CA,Canada,Q2,2024
16,spotify:track:28drn6tQo95MRvO0jQEo5C,"Future, Metro Boomin, Travis Scott, Playboi Carti",Type Shit,Wilburn Holding Co./Boominati/Epic/Republic,7,15,3,1026207,CA,Canada,Q2,2024
17,spotify:track:2mhdhTWqT8RhkTlN2yWZZi,J. Cole,7 Minute Drill,"Cole World, Inc. under exclusive license to Interscope Records",17,-1,1,1018682,CA,Canada,Q2,2024
18,spotify:track:42VsgItocQwOQC3XWZ8JNA,"Travis Scott, Playboi Carti",FE!N (feat. Playboi Carti),Cactus Jack/Epic,3,22,37,1014500,CA,Canada,Q2,2024
19,spotify:track:1BxfuPKGuaTgP7aM0Bbdwr,Taylor Swift,Cruel Summer,Taylor Swift,3,20,66,956513,CA,Canada,Q2,2024
20,spotify:track:1bjeWoagtHmUKputLVyDxQ,SZA,Saturn,Top Dawg Entertainment/RCA Records,7,25,7,952187,CA,Canada,Q2,2024
21,spotify:track:51eSHglvG1RJXtL3qI5trr,Benson Boone,Slow It Down,"Night Street Records, Inc./Warner Records Inc.",21,27,3,931583,CA,Canada,Q2,2024
22,spotify:track:3WMj8moIAXJhHsyLaqIIHI,Zach Bryan,Something in the Orange,Warner Records,10,23,101,894479,CA,Canada,Q2,2024
23,spotify:track:4xhsWYTOGcal8zt0J161CU,Jack Harlow,Lovin On Me,Generation Now/Atlantic,1,21,22,888724,CA,Canada,Q2,2024
24,spotify:track:7aQ1tSYr518KwnE4SVSQbT,Bryson Tiller,Whatever She Wants [BONUS],TrapSoul/RCA Records,11,19,8,861887,CA,Canada,Q2,2024
25,spotify:track:52eIcoLUM25zbQupAZYoFh,21 Savage,redrum,"Slaughter Gang, LLC/Epic Records",4,24,13,860840,CA,Canada,Q2,2024
26,spotify:track:1aKvZDoLGkNMxoRYgkckZG,ILLIT,Magnetic,BELIFT LAB,26,29,2,847974,CA,Canada,Q2,2024
27,spotify:track:1yfKakY4rvI17lk20ekuRA,J. Cole,Crocodile Tearz,"Cole World, Inc. under exclusive license to Interscope Records",27,-1,1,834993,CA,Canada,Q2,2024
28,spotify:track:6dpLxbF7lfCAnC9QRTjNLK,Good Neighbours,Home,Polydor Records,21,30,11,822969,CA,Canada,Q2,2024
29,spotify:track:0hKtu53OlIFXVuYkZwcn3o,"Future, Metro Boomin, Travis Scott",Cinderella,Wilburn Holding Co./Boominati/Epic/Republic,10,17,3,803711,CA,Canada,Q2,2024
30,spotify:track:5uQ7de4EWjb3rkcFxyEOpu,Mark Ambor,Belong Together,"Hundred Days Records, LLC",30,52,3,761523,CA,Canada,Q2,2024
31,spotify:track:6me7F0aaZjwDo6RJ5MrfBD,Richy Mitch & The Coal Miners,Evergreen,Richy Mitch & The Coal Miners,31,35,30,708631,CA,Canada,Q2,2024
32,spotify:track:0eBFgRxyVSeuT4iyrbukdn,Luke Combs,Where the Wild Things Are,River House Artists/Columbia Nashville,32,37,13,705343,CA,Canada,Q2,2024
33,spotify:track:5RMTsrJkrtumtiIZjy7dL6,"J. Cole, Bas, Central Cee",H.Y.B. (feat. Bas & Central Cee),"Cole World, Inc. under exclusive license to Interscope Records",33,-1,1,698151,CA,Canada,Q2,2024
34,spotify:track:1Lo0QY9cvc8sUB2vnIOxDT,Luke Combs,Fast Car,River House Artists/Columbia Nashville,3,31,55,691686,CA,Canada,Q2,2024
35,spotify:track:69phA1R4gmQsBFRQ3INW8C,Rich Amiri,ONE CALL,Internet Money Records / 10K Projects,19,33,12,688093,CA,Canada,Q2,2024
36,spotify:track:3vkCueOmm7xQDoJ17W1Pm3,Mitski,My Love Mine All Mine,Dead Oceans,5,32,30,679924,CA,Canada,Q2,2024
37,spotify:track:0PAcdVzhPO4gq1Iym9ESnK,Morgan Wallen,Thinkin’ Bout Me,Morgan Wallen,12,38,58,673251,CA,Canada,Q2,2024
38,spotify:track:6tNgRQ0K2NYZ0Rb9l9DzL8,Olivia Rodrigo,obsessed,Olivia Rodrigo PS,16,26,3,655605,CA,Canada,Q2,2024
39,spotify:track:7CyPwkp0oE8Ro9Dd5CUDjW,"The Weeknd, JENNIE, Lily-Rose Depp","One Of The Girls (with JENNIE, Lily Rose Depp)",XO / Republic Records,12,39,22,653041,CA,Canada,Q2,2024
40,spotify:track:22VHOlVYBqytsrAqV8yXBK,"Noah Kahan, Post Malone",Dial Drunk (with Post Malone),Mercury Records/Republic Records,13,44,39,651897,CA,Canada,Q2,2024
41,spotify:track:4O2rRsoSPb5aN7N3tG6Y3v,Noah Kahan,Northern Attitude,Mercury Records/Republic Records,22,45,18,642320,CA,Canada,Q2,2024
42,spotify:track:6zuPQl2RVqQ4y5nAH61CFC,"Beyoncé, Miley Cyrus",II MOST WANTED,Parkwood Entertainment/Columbia,16,16,2,638723,CA,Canada,Q2,2024
43,spotify:track:5W4kiM2cUYBJXKRudNyxjW,Morgan Wallen,You Proof,Morgan Wallen,13,53,100,621156,CA,Canada,Q2,2024
44,spotify:track:6Qb7YsAqH4wWFUMbGsCpap,Dua Lipa,Training Season,Warner Records,17,46,8,615231,CA,Canada,Q2,2024
45,spotify:track:2Dct3GykKZ58hpWRFfe2Qd,Zach Bryan,Heading South,Warner Records,27,40,50,604219,CA,Canada,Q2,2024
46,spotify:track:2Zo1PcszsT9WQ0ANntJbID,Sabrina Carpenter,Feather,Island Records,25,66,19,603252,CA,Canada,Q2,2024
47,spotify:track:2cH8wHImerFokgmhjyhCTU,J. Cole,Huntin’ Wabbitz,"Cole World, Inc. under exclusive license to Interscope Records",47,-1,1,599259,CA,Canada,Q2,2024
48,spotify:track:5aIVCx5tnk0ntmdiinnYvw,Tyla,Water,FAX Records/Epic,13,48,30,599032,CA,Canada,Q2,2024
49,spotify:track:1kuGVB7EU95pJObxwvfwKS,Olivia Rodrigo,vampire,Olivia Rodrigo PS,1,36,41,586986,CA,Canada,Q2,2024
50,spotify:track:2LawezPeJhN4AWuSB0GtAU,Creedence Clearwater Revival,Have You Ever Seen The Rain,Craft Recordings,49,60,76,585890,CA,Canada,Q2,2024
1,spotify:track:5fZJQrFKWQLb7FpJXZ1g7K,Shaboozey,A Bar Song (Tipsy),American Dogwood / EMPIRE,1,1,13,3099553,CA,Canada,Q3,2024
2,spotify:track:7221xIgOnuakPdLqT0F3nP,"Post Malone, Morgan Wallen",I Had Some Help (Feat. Morgan Wallen),Mercury Records/Republic Records,1,2,9,2683525,CA,Canada,Q3,2024
3,spotify:track:6AI3ezQ4o3HUoP6Dhudph3,Kendrick Lamar,Not Like Us,"Kendrick Lamar, under exclusive license to Interscope Records",2,5,10,2355856,CA,Canada,Q3,2024
4,spotify:track:2qSkIjg1o9h3YT9RAgYN75,Sabrina Carpenter,Espresso,Island Records,2,4,13,2338794,CA,Canada,Q3,2024
5,spotify:track:5N3hjp1WNayUPZrA8kJmJP,Sabrina Carpenter,Please Please Please,Island Records,1,3,5,2213687,CA,Canada,Q3,2024
6,spotify:track:6dOtVTDdiauQNBQEDOtlAB,Billie Eilish,BIRDS OF A FEATHER,Darkroom/Interscope Records,5,6,8,2001236,CA,Canada,Q3,2024
7,spotify:track:3xkHsmpQCBMytMJNiDf3Ii,Benson Boone,Beautiful Things,"Night Street Records, Inc./Warner Records Inc.",1,7,25,1775747,CA,Canada,Q3,2024
8,spotify:track:5AJ9hqTS2wcFQCELCFRO7A,Tommy Richman,MILLION DOLLAR BABY,PULSE Records,3,8,11,1674288,CA,Canada,Q3,2024
9,spotify:track:0WbMK4wrZ1wFSty9F7FCgu,Chappell Roan,"Good Luck, Babe!",Chappell Roan PS/ Island,9,9,14,1648858,CA,Canada,Q3,2024
10,spotify:track:7Fzl7QaTu47WyP9R5S5mh5,Morgan Wallen,Lies Lies Lies,Big Loud Records / Mercury Records / Republic Records,10,-1,1,1534224,CA,Canada,Q3,2024
11,spotify:track:5Z0UnEtpLDQyYlWwgi8m9C,Hozier,Too Sweet,Columbia,1,11,16,1443263,CA,Canada,Q3,2024
12,spotify:track:2HYFX63wP3otVIvopRS99Z,Eminem,Houdini,Shady/Aftermath/Interscope Records,2,10,6,1407038,CA,Canada,Q3,2024
13,spotify:track:2uqYupMHANxnwgeiXTZXzd,Dasha,Austin (Boots Stop Workin'),Warner Records,9,12,21,1335667,CA,Canada,Q3,2024
14,spotify:track:5iJKGpnFfvbjZJeAtwXfCj,Zach Bryan,28,Warner Records,14,-1,1,1219196,CA,Canada,Q3,2024
15,spotify:track:4ZJ4vzLQekI0WntDbanNC7,Zach Bryan,Pink Skies,Warner Records,7,13,7,1184565,CA,Canada,Q3,2024
16,spotify:track:0mflMxspEfB0VbI1kyLiAv,Noah Kahan,Stick Season,Mercury Records/Republic Records,1,17,67,1176873,CA,Canada,Q3,2024
17,spotify:track:3Vr3zh0r7ALn8VLqCiRR10,Myles Smith,Stargazing,RCA Records Label,13,15,9,1154203,CA,Canada,Q3,2024
18,spotify:track:17phhZDn6oGtzMe56NuWvj,Teddy Swims,Lose Control,Warner Records,5,16,41,1136564,CA,Canada,Q3,2024
19,spotify:track:4KULAymBBJcPRpk1yO4dOG,"Zach Bryan, Kacey Musgraves",I Remember Everything (feat. Kacey Musgraves),Warner Records,2,18,46,1130313,CA,Canada,Q3,2024
20,spotify:track:7K3BhSpAxZBznislvUMVtn,Morgan Wallen,Last Night,Morgan Wallen,1,19,76,1125938,CA,Canada,Q3,2024
21,spotify:track:22DH8NChecsgPxDjA4pqer,"Quavo, Lana Del Rey",Tough,Quality Control Music/Motown Records,21,-1,1,1041965,CA,Canada,Q3,2024
22,spotify:track:5ZLL6wYXeqg0k35ZkDRfhZ,"Post Malone, Blake Shelton",Pour Me A Drink (Feat. Blake Shelton),Mercury Records/Post Malone,12,14,3,984849,CA,Canada,Q3,2024
23,spotify:track:2OzhQlSqBEmt7hmkYxfT6m,"Taylor Swift, Post Malone",Fortnight (feat. Post Malone),Taylor Swift,1,21,12,962060,CA,Canada,Q3,2024
24,spotify:track:4pkb8SbRGeHAvdb87v9rpf,"Marshmello, Kane Brown",Miles On It,RCA Records Label Nashville,23,23,10,955411,CA,Canada,Q3,2024
25,spotify:track:629DixmZGHc7ILtEntuiWE,Billie Eilish,LUNCH,Darkroom/Interscope Records,5,20,8,949294,CA,Canada,Q3,2024
26,spotify:track:4KWeGKChLKcnZsj3sIOSkW,"Eminem, Big Sean, BabyTron",Tobey (feat. Big Sean and BabyTron),Shady/Aftermath/Interscope Records,26,152,2,933334,CA,Canada,Q3,2024
27,spotify:track:3WMj8moIAXJhHsyLaqIIHI,Zach Bryan,Something in the Orange,Warner Records,10,26,114,915178,CA,Canada,Q3,2024
28,spotify:track:7z3PblAN3dH1JMewiRydkZ,The Kid LAROI,GIRLS,Columbia,24,24,2,906840,CA,Canada,Q3,2024
29,spotify:track:7iabz12vAuVQYyekFIWJxD,"Central Cee, Lil Baby",BAND4BAND (feat. Lil Baby),Columbia,9,22,7,902447,CA,Canada,Q3,2024
30,spotify:track:6jlG8gBPNAgBgoivw2Ig09,Tommy Richman,DEVIL IS A LIE,PULSE Records,25,25,4,894934,CA,Canada,Q3,2024
31,spotify:track:7fveJ3pk1eSfxBdVkzdXZ0,"Morgan Wallen, ERNEST",Cowgirls,Morgan Wallen,28,29,67,881899,CA,Canada,Q3,2024
32,spotify:track:3Pbp7cUCx4d3OAkZSCoNvn,Michael Marcagi,Scared To Start,Warner Records,12,27,26,870428,CA,Canada,Q3,2024
33,spotify:track:4xdBrk0nFZaP54vvZj0yx7,Chappell Roan,HOT TO GO!,Chappell Roan PS/ Island,30,30,6,839954,CA,Canada,Q3,2024
34,spotify:track:5uQ7de4EWjb3rkcFxyEOpu,Mark Ambor,Belong Together,"Hundred Days Records, LLC",18,28,16,834108,CA,Canada,Q3,2024
35,spotify:track:51eSHglvG1RJXtL3qI5trr,Benson Boone,Slow It Down,"Night Street Records, Inc./Warner Records Inc.",20,31,16,819812,CA,Canada,Q3,2024
36,spotify:track:2tudvzsrR56uom6smgOcSf,"Future, Metro Boomin, Kendrick Lamar",Like That,Wilburn Holding Co./Boominati/Epic/Republic,1,36,16,798820,CA,Canada,Q3,2024
37,spotify:track:1BxfuPKGuaTgP7aM0Bbdwr,Taylor Swift,Cruel Summer,Taylor Swift,3,34,79,796927,CA,Canada,Q3,2024
38,spotify:track:331l3xABO0HMr1Kkyh2LZq,"David Guetta, OneRepublic",I Don't Wanna Wait,Parlophone UK,33,33,14,788880,CA,Canada,Q3,2024
39,spotify:track:2Dct3GykKZ58hpWRFfe2Qd,Zach Bryan,Heading South,Warner Records,27,37,63,781369,CA,Canada,Q3,2024
40,spotify:track:1Lo0QY9cvc8sUB2vnIOxDT,Luke Combs,Fast Car,River House Artists/Columbia Nashville,3,35,68,780881,CA,Canada,Q3,2024
41,spotify:track:3JG1uFc40wfyrqaWC7iv0e,Artemas,i like the way you kiss me,Artemas,4,32,16,774589,CA,Canada,Q3,2024
42,spotify:track:0y5Ex8oQ8zCH5TQxHUy1Eo,"Ella Langley, Riley Green",you look like you love me (feat. Riley Green),SAWGOD/Columbia,42,42,3,762643,CA,Canada,Q3,2024
43,spotify:track:3qhlB30KknSejmIvZZLjOD,Djo,End of Beginning,Djo,4,40,21,752931,CA,Canada,Q3,2024
44,spotify:track:51ZQ1vr10ffzbwIjDCwqm4,Ariana Grande,we can't be friends (wait for your love),Republic Records,3,38,18,735786,CA,Canada,Q3,2024
45,spotify:track:6XjDF6nds4DE2BBbagZol6,"FloyyMenor, Cris MJ",Gata Only,FloyyMenor under exclusive license to UnitedMasters LLC,32,39,14,718078,CA,Canada,Q3,2024
46,spotify:track:0PAcdVzhPO4gq1Iym9ESnK,Morgan Wallen,Thinkin’ Bout Me,Morgan Wallen,12,44,71,712916,CA,Canada,Q3,2024
47,spotify:track:5W4kiM2cUYBJXKRudNyxjW,Morgan Wallen,You Proof,Morgan Wallen,13,43,113,709860,CA,Canada,Q3,2024
48,spotify:track:5RKQ5NdjSh2QzD4MaunT91,Journey,Don't Stop Believin' (2022 Remaster),Columbia/Legacy,48,48,324,704877,CA,Canada,Q3,2024
49,spotify:track:7iQMm50NNwlUIRWhONZR2k,Tucker Wetmore,Wind Up Missin’ You,Tucker Wetmore,39,46,15,701354,CA,Canada,Q3,2024
50,spotify:track:3yrSvpt2l1xhsV9Em88Pul,Van Morrison,Brown Eyed Girl,Van Morrison,50,51,80,687075,CA,Canada,Q3,2024
1,spotify:track:5fZJQrFKWQLb7FpJXZ1g7K,Shaboozey,A Bar Song (Tipsy),American Dogwood / EMPIRE,1,3,26,1790700,CA,Canada,Q4,2024
2,spotify:track:2plbrEY59IikOBgBGLjaoe,"Lady Gaga, Bruno Mars",Die With A Smile,Interscope,1,2,8,1764996,CA,Canada,Q4,2024
3,spotify:track:5G2f63n7IPVPPjfNIGih7Q,Sabrina Carpenter,Taste,Island Records,1,4,7,1669115,CA,Canada,Q4,2024
4,spotify:track:1Es7AUAhQvapIcoh3qMKDL,"The Weeknd, Playboi Carti",Timeless (feat Playboi Carti),XO / Republic Records,1,1,2,1644832,CA,Canada,Q4,2024
5,spotify:track:6dOtVTDdiauQNBQEDOtlAB,Billie Eilish,BIRDS OF A FEATHER,Darkroom/Interscope Records,3,5,21,1633104,CA,Canada,Q4,2024
6,spotify:track:5IZXB5IKAD2qlvTPJYDCFB,"Post Malone, Morgan Wallen",I Had Some Help (Feat. Morgan Wallen),Mercury Records / Republic Records,1,8,22,1377714,CA,Canada,Q4,2024
7,spotify:track:0WbMK4wrZ1wFSty9F7FCgu,Chappell Roan,"Good Luck, Babe!",Chappell Roan PS/ Island,4,6,27,1373939,CA,Canada,Q4,2024
8,spotify:track:2HRqTpkrJO5ggZyyK6NPWz,Sabrina Carpenter,Espresso,Island Records,2,7,26,1331818,CA,Canada,Q4,2024
9,spotify:track:3xkHsmpQCBMytMJNiDf3Ii,Benson Boone,Beautiful Things,"Night Street Records, Inc./Warner Records Inc.",1,9,38,1280247,CA,Canada,Q4,2024
10,spotify:track:2262bWmqomIaJXwCRHr13j,Gigi Perez,Sailor Song,Gigi Perez PS/ Island,10,14,10,1172044,CA,Canada,Q4,2024
11,spotify:track:2tHwzyyOLoWSFqYNjeVMzj,Sabrina Carpenter,Please Please Please,Island Records,1,10,18,1121615,CA,Canada,Q4,2024
12,spotify:track:0mflMxspEfB0VbI1kyLiAv,Noah Kahan,Stick Season,Mercury Records/Republic Records,1,12,80,1044193,CA,Canada,Q4,2024
13,spotify:track:51rfRCiUSvxXlCSCfIztBy,Gracie Abrams,"I Love You, I'm Sorry","Gracie Abrams, under exclusive license to Interscope Records",13,24,11,1041446,CA,Canada,Q4,2024
14,spotify:track:1UHS8Rf6h5Ar3CDWRd3wjF,Sabrina Carpenter,Bed Chem,Island Records,10,11,7,1000794,CA,Canada,Q4,2024
15,spotify:track:4KULAymBBJcPRpk1yO4dOG,"Zach Bryan, Kacey Musgraves",I Remember Everything (feat. Kacey Musgraves),Warner Records,2,16,59,980536,CA,Canada,Q4,2024
16,spotify:track:4ZJ4vzLQekI0WntDbanNC7,Zach Bryan,Pink Skies,Warner Records,7,18,20,972405,CA,Canada,Q4,2024
17,spotify:track:7tI8dRuH2Yc6RuoTjxo4dU,Jimin,Who,BIGHIT MUSIC,17,22,12,933540,CA,Canada,Q4,2024
18,spotify:track:19XpFsce28aByvCC4g89tJ,Hozier,Too Sweet,Columbia,1,17,29,914358,CA,Canada,Q4,2024
19,spotify:track:17phhZDn6oGtzMe56NuWvj,Teddy Swims,Lose Control,Warner Records,5,15,54,898884,CA,Canada,Q4,2024
20,spotify:track:3WMj8moIAXJhHsyLaqIIHI,Zach Bryan,Something in the Orange,Warner Records,10,21,127,879739,CA,Canada,Q4,2024
21,spotify:track:3QaPy1KgI7nu9FJEQUgn6h,Billie Eilish,WILDFLOWER,Darkroom/Interscope Records,19,25,21,879270,CA,Canada,Q4,2024
22,spotify:track:2uqYupMHANxnwgeiXTZXzd,Dasha,Austin (Boots Stop Workin'),Warner Records,9,13,34,869809,CA,Canada,Q4,2024
23,spotify:track:6GG4yyk3UATdBfTHVgI8PB,Luke Combs,Ain't No Love In Oklahoma (From Twisters: The Album),Atlantic Records,15,19,21,866349,CA,Canada,Q4,2024
24,spotify:track:4xdBrk0nFZaP54vvZj0yx7,Chappell Roan,HOT TO GO!,Chappell Roan PS/ Island,17,20,19,844921,CA,Canada,Q4,2024
25,spotify:track:3Vr3zh0r7ALn8VLqCiRR10,Myles Smith,Stargazing,RCA Records Label,13,33,22,808878,CA,Canada,Q4,2024
26,spotify:track:6MzofobZt2dm0Kf1hTThFz,Addison Rae,Diet Pepsi,Columbia,26,35,7,799328,CA,Canada,Q4,2024
27,spotify:track:6AI3ezQ4o3HUoP6Dhudph3,Kendrick Lamar,Not Like Us,"Kendrick Lamar, under exclusive license to Interscope Records",2,23,23,785318,CA,Canada,Q4,2024
28,spotify:track:51eSHglvG1RJXtL3qI5trr,Benson Boone,Slow It Down,"Night Street Records, Inc./Warner Records Inc.",20,27,29,778334,CA,Canada,Q4,2024
29,spotify:track:7K3BhSpAxZBznislvUMVtn,Morgan Wallen,Last Night,Morgan Wallen,1,32,89,766860,CA,Canada,Q4,2024
30,spotify:track:42VsgItocQwOQC3XWZ8JNA,"Travis Scott, Playboi Carti",FE!N (feat. Playboi Carti),Cactus Jack/Epic,3,39,63,751108,CA,Canada,Q4,2024
31,spotify:track:5AJ9hqTS2wcFQCELCFRO7A,Tommy Richman,MILLION DOLLAR BABY,PULSE Records,3,29,24,732604,CA,Canada,Q4,2024
32,spotify:track:0cQVqPuHQP4KEwc7ZUQmj6,The Neighbourhood,Sweater Weather,Columbia,18,41,210,715112,CA,Canada,Q4,2024
33,spotify:track:1XBYiRV30ykHw5f4wm6qEn,The Kid LAROI,NIGHTS LIKE THIS,Columbia,33,36,16,713161,CA,Canada,Q4,2024
34,spotify:track:0io16MKpbeDIdYzmGpQaES,Ndotz,Embrace It,Isekai Records,34,51,3,704949,CA,Canada,Q4,2024
35,spotify:track:7fveJ3pk1eSfxBdVkzdXZ0,"Morgan Wallen, ERNEST",Cowgirls,Morgan Wallen,23,44,80,699380,CA,Canada,Q4,2024
36,spotify:track:3WOhcATHxK2SLNeP5W3v1v,"Charli xcx, Billie Eilish",Guess featuring billie eilish,Atlantic Records,7,26,10,691133,CA,Canada,Q4,2024
37,spotify:track:24XihnoVPWXlKJ4BgXqjVM,Tate McRae,It's ok I'm ok,RCA Records Label,11,30,4,672245,CA,Canada,Q4,2024
38,spotify:track:3Pbp7cUCx4d3OAkZSCoNvn,Michael Marcagi,Scared To Start,Warner Records,12,31,39,669639,CA,Canada,Q4,2024
39,spotify:track:2Dct3GykKZ58hpWRFfe2Qd,Zach Bryan,Heading South,Warner Records,27,40,76,660523,CA,Canada,Q4,2024
40,spotify:track:5iJKGpnFfvbjZJeAtwXfCj,Zach Bryan,28,Warner Records,14,34,14,653821,CA,Canada,Q4,2024
41,spotify:track:4Na2HfNSr58chvfX69fy36,Gunna,one of wun,300 Entertainment,28,56,22,653550,CA,Canada,Q4,2024
42,spotify:track:21B4gaTWnTkuSh77iWEXdS,Sabrina Carpenter,Juno,Island Records,20,46,7,649438,CA,Canada,Q4,2024
43,spotify:track:0OA00aPt3BV10qeMIs3meW,"Hanumankind, Kalmi",Big Dawgs,Universal Music India Pvt Ltd.,8,37,11,648848,CA,Canada,Q4,2024
44,spotify:track:4pkb8SbRGeHAvdb87v9rpf,"Marshmello, Kane Brown",Miles On It,RCA Records Label Nashville,21,47,23,647811,CA,Canada,Q4,2024
45,spotify:track:7Fzl7QaTu47WyP9R5S5mh5,Morgan Wallen,Lies Lies Lies,Big Loud Records / Mercury Records / Republic Records,10,38,14,630144,CA,Canada,Q4,2024
46,spotify:track:5RKQ5NdjSh2QzD4MaunT91,Journey,Don't Stop Believin' (2022 Remaster),Columbia/Legacy,41,48,337,629877,CA,Canada,Q4,2024
47,spotify:track:102YUQbYmwdBXS7jwamI90,Sabrina Carpenter,Good Graces,Island Records,10,42,7,623611,CA,Canada,Q4,2024
48,spotify:track:1Lo0QY9cvc8sUB2vnIOxDT,Luke Combs,Fast Car,River House Artists/Columbia Nashville,3,77,81,602344,CA,Canada,Q4,2024
49,spotify:track:3dYD57lRAUcMHufyqn9GcI,Hozier,Take Me to Church,Columbia,49,58,119,592177,CA,Canada,Q4,2024
50,spotify:track:1k2pQc5i348DCHwbn5KTdc,Chappell Roan,Pink Pony Club,Chappell Roan PS/ Island,33,45,16,588796,CA,Canada,Q4,2024
1,spotify:track:7bywjHOc0wSjGGbj04XbVi,"Feid, ATL Jacob",LUNA,UMLE - Latino,1,1,6,2498259,CO,Colombia,Q1,2024
2,spotify:track:7iQXYTyuG13aoeHxGG28Nh,"Bad Bunny, Feid",PERRO NEGRO,Rimas Entertainment LLC,1,2,13,1729841,CO,Colombia,Q1,2024
3,spotify:track:05sO6FK8E9l2cfwnEUTjHq,"Feid, Pirlo",CUAL ES ESA,UMLE - Latino,2,3,6,1506198,CO,Colombia,Q1,2024
4,spotify:track:0R6NfOiLzLj4O5VbYSJAjf,Xavi,La Diabla,Interscope Records,4,6,4,1490474,CO,Colombia,Q1,2024
5,spotify:track:5RqSsdzTNPX1uzkmlHCFvK,"KAROL G, Peso Pluma",QLONA,Bichota/Interscope Records,1,4,22,1261274,CO,Colombia,Q1,2024
6,spotify:track:4bw8mcDUSRWfQo63ZTYRnU,"Maluma, Carín León",Según Quién,Sony Music Latin,3,5,20,1189193,CO,Colombia,Q1,2024
7,spotify:track:1hZsWUnLbqRw09jLAMQSsb,"Feid, Young Miko",CLASSY 101,UMLE - Latino,1,8,41,1061430,CO,Colombia,Q1,2024
8,spotify:track:505v13epFXodT9fVAJ6h8k,KAROL G,AMARGURA,BICHOTA RECORDS / INTERSCOPE RECORDS / UNIVERSAL MUSIC LATINO,2,7,46,1050060,CO,Colombia,Q1,2024
9,spotify:track:2CeKVsFFXG4QzA415QygGb,Feid,Feliz Cumpleaños Ferxxo,UMLE - Latino,1,12,73,888461,CO,Colombia,Q1,2024
10,spotify:track:5XVdHRf4CAJ2Jm0uMIy5qY,Xavi,La Víctima,Interscope Records,10,18,3,868445,CO,Colombia,Q1,2024
11,spotify:track:25OeKzcqakFPaJlXHPE5lm,Carín León,Primera Cita,"Socios Music, LLC",7,9,26,849768,CO,Colombia,Q1,2024
12,spotify:track:7ABLbnD53cQK00mhcaOUVG,Myke Towers,LALA,WEA Latina,1,11,29,831960,CO,Colombia,Q1,2024
13,spotify:track:6uIIdjYTxxpWOyWuVXrKQO,"Calle 24, Chino Pacas, Fuerza Regida",Que Onda,Street Mob Records,7,10,17,809066,CO,Colombia,Q1,2024
14,spotify:track:2Yc3MHpZ9R5UCIz78E20AQ,Feid,ALAKRAN,UMLE - Latino,8,13,6,743905,CO,Colombia,Q1,2024
15,spotify:track:1zsPaEkglFvxjAhrM8yhpr,"Ozuna, Feid",Hey Mor,Aura Music Corp.,1,15,66,742198,CO,Colombia,Q1,2024
16,spotify:track:2hn2zOA2XFlv6DSmesylrL,"Ryan Castro, Peso Pluma, SOG",QUEMA,Sony Music Latin,6,17,26,736262,CO,Colombia,Q1,2024
17,spotify:track:0CYTGMBYkwUxrj1MWDLrC5,Feid,CHORRITO PA LAS ANIMAS,UMLE - Latino,2,16,58,721153,CO,Colombia,Q1,2024
18,spotify:track:54zcJnb3tp9c5OVKREZ1Is,KAROL G,MI EX TENÍA RAZÓN,Bichota/Interscope Records,2,14,22,710079,CO,Colombia,Q1,2024
19,spotify:track:2yzshFeBIwH8tWIqHEFLeD,"Grupo Frontera, Bad Bunny",un x100to,BorderTown Records,1,19,39,704606,CO,Colombia,Q1,2024
20,spotify:track:0T2pB7P1VdXPhLdQZ488uH,Feid,Normal,UMLE - Latino,1,20,79,679135,CO,Colombia,Q1,2024
21,spotify:track:01W6syCgxisKd0gDqFRdEG,"Feid, Mañas Ru-Fino",LA VUELTA,UMLE - Latino,9,23,6,658826,CO,Colombia,Q1,2024
22,spotify:track:62xla8336vUnmxTWNzCfRt,"Feid, Rema",BUBALU,UMLE - Latino,6,22,16,657963,CO,Colombia,Q1,2024
23,spotify:track:3tt9i3Hhzq84dPS8H7iSiJ,Manuel Turizo,La Bachata,Sony Music Latin/La Industria,2,21,84,654790,CO,Colombia,Q1,2024
24,spotify:track:3KZCP2StVGdWkOKyRZNWA4,Plan B,Es un Secreto,Pina Records,18,24,154,650146,CO,Colombia,Q1,2024
25,spotify:track:4FAKtPVycI4DxoOHC01YqD,"Yandel, Feid",Yandel 150,La Leyenda LLC,1,25,55,641765,CO,Colombia,Q1,2024
26,spotify:track:5jt25aFjW2kNoBqaEVaz5W,"Mora, Feid",LA INOCENTE,Rimas Entertainment LLC,9,28,93,615137,CO,Colombia,Q1,2024
27,spotify:track:1JpzJfxjHGFUyTHXLZidok,"Ryan Castro, Feid",Monastery,UMLE - Latino,1,35,113,603253,CO,Colombia,Q1,2024
28,spotify:track:6XbtvPmIpyCbjuT0e8cQtp,Quevedo,Columbia,Rimas Entertainment LLC.,7,29,27,602736,CO,Colombia,Q1,2024
29,spotify:track:3cDyocF0Ibdfs1SFQk5cLZ,Darell,Lollipop,Sony Music Latin,4,26,15,596826,CO,Colombia,Q1,2024
30,spotify:track:4MjDJD8cW7iVeWInc2Bdyj,Bad Bunny,MONACO,Rimas Entertainment LLC,2,27,13,586194,CO,Colombia,Q1,2024
31,spotify:track:6y8z28epOv5FlaxDv1Lo5B,Ryan Castro,Jordan,Holdings,3,37,140,571727,CO,Colombia,Q1,2024
32,spotify:track:1sbNEFiURUYfy024cJX8JG,Feid,Ferxxo 100,UMLE - Latino,4,33,84,568142,CO,Colombia,Q1,2024
33,spotify:track:4gJfPoMIcSDGY0tMGxm6Fu,KAROL G,OKI DOKI,Bichota/Interscope Records,20,30,22,563855,CO,Colombia,Q1,2024
34,spotify:track:3HqcNJdZ2seoGxhn0wVNDK,KAROL G,PROVENZA,BICHOTA RECORDS / INTERSCOPE RECORDS / UNIVERSAL MUSIC LATINO,1,32,90,536385,CO,Colombia,Q1,2024
35,spotify:track:2ItA7kOg5NH6AygzU30sEv,"Tony Dize, Plan B",Solos,Pina Records,29,43,83,530019,CO,Colombia,Q1,2024
36,spotify:track:5ktB9kTVHGFSMdJ2G0WdhN,"Feid, Jhay P",YO AK,UMLE - Latino,21,39,6,529303,CO,Colombia,Q1,2024
37,spotify:track:0DWdj2oZMBFSzRsi2Cvfzf,"KAROL G, Shakira",TQG,BICHOTA RECORDS / INTERSCOPE RECORDS / UNIVERSAL MUSIC LATINO,1,31,46,527458,CO,Colombia,Q1,2024
38,spotify:track:4PA1wK0leCjmRZlP5dQ8Lv,"Sky Rompiendo, Feid, Myke Towers",El Cielo,Sony Music Latin,1,40,32,519170,CO,Colombia,Q1,2024
39,spotify:track:5YJ4BVvTFmVCxUyhKejHfR,Tego Calderón,Pa' Que Retozen,"Jiggiri Records, Inc.",31,36,162,513469,CO,Colombia,Q1,2024
40,spotify:track:6KaezqeYEakCN6jq5a7T1w,"Nath, Pirlo, Cheztom",KLKNTOKI,La Industria,12,38,16,504010,CO,Colombia,Q1,2024
41,spotify:track:3qQbCzHBycnDpGskqOWY0E,"Eslabon Armado, Peso Pluma",Ella Baila Sola,DEL Records,1,34,43,489788,CO,Colombia,Q1,2024
42,spotify:track:2I4ZalccAYtOnI9tnKDDml,"Blessd, Ryan Castro, Bryant Myers, Hades66",PALABRAS SOBRAN - REMIX,WEA Latina,12,41,13,486607,CO,Colombia,Q1,2024
43,spotify:track:7mXuWTczZNxG5EDcjFEuJR,"Peso Pluma, Gabito Ballesteros, Junior H",LADY GAGA,Double P Records,31,42,29,471934,CO,Colombia,Q1,2024
44,spotify:track:6CvTEtGagmzQvkUzzyKR9k,"Fuerza Regida, Marshmello",HARLEY QUINN,Rancho Humilde/Street Mob Records,30,46,11,471867,CO,Colombia,Q1,2024
45,spotify:track:0p0cOpBujR114Wirv5AM7W,"Dei V, Bryant Myers",Narcotics (with Bryant Myers),Encore Recordings,36,44,15,464241,CO,Colombia,Q1,2024
46,spotify:track:1j6xOGusnyXq3l6IryKF3G,"Piso 21, Manuel Turizo",Déjala Que Vuelva (feat. Manuel Turizo),WM Mexico,1,52,194,461098,CO,Colombia,Q1,2024
47,spotify:track:3PpWCS95gDUDRPko3u1MZ9,Feid,Prohibidox,UMLE - Latino,2,48,70,455229,CO,Colombia,Q1,2024
48,spotify:track:39L3LdlHS3gqB62HPWaJRg,Bad Bunny,NO ME QUIERO CASAR,Rimas Entertainment LLC,24,62,13,453159,CO,Colombia,Q1,2024
49,spotify:track:17jcYtUYRhpPL19fDedfTD,Ryan Castro,Wasa Wasa,Holdings,3,65,120,451725,CO,Colombia,Q1,2024
50,spotify:track:3R3HY6mOyGwxJ4dxGgg0Do,"Blessd, Peso Pluma, SOG",OJOS AZULES,WEA Latina,21,47,20,425473,CO,Colombia,Q1,2024
1,spotify:track:7bywjHOc0wSjGGbj04XbVi,"Feid, ATL Jacob",LUNA,UMLE - Latino,1,1,19,2424514,CO,Colombia,Q2,2024
2,spotify:track:7chTH3GBjjAyagf0SPCZDL,"Blessd, Feid",SI SABE FERXXO,WEA Latina,2,2,11,1547921,CO,Colombia,Q2,2024
3,spotify:track:7iQXYTyuG13aoeHxGG28Nh,"Bad Bunny, Feid",PERRO NEGRO,Rimas Entertainment LLC,1,3,26,1305329,CO,Colombia,Q2,2024
4,spotify:track:505v13epFXodT9fVAJ6h8k,KAROL G,AMARGURA,BICHOTA RECORDS / INTERSCOPE RECORDS / UNIVERSAL MUSIC LATINO,2,6,59,1190390,CO,Colombia,Q2,2024
5,spotify:track:0R6NfOiLzLj4O5VbYSJAjf,Xavi,La Diabla,Interscope Records,2,4,17,1133689,CO,Colombia,Q2,2024
6,spotify:track:5RqSsdzTNPX1uzkmlHCFvK,"KAROL G, Peso Pluma",QLONA,Bichota/Interscope Records,1,7,35,1110455,CO,Colombia,Q2,2024
7,spotify:track:4bw8mcDUSRWfQo63ZTYRnU,"Maluma, Carín León",Según Quién,Sony Music Latin,3,5,33,1110054,CO,Colombia,Q2,2024
8,spotify:track:05sO6FK8E9l2cfwnEUTjHq,"Feid, Pirlo",CUAL ES ESA,UMLE - Latino,2,8,19,1055163,CO,Colombia,Q2,2024
9,spotify:track:7iUtQNMRB8ZkKC4AmEuCJC,Myke Towers,LA FALDA,WEA Latina,8,9,19,944095,CO,Colombia,Q2,2024
10,spotify:track:6XjDF6nds4DE2BBbagZol6,"FloyyMenor, Cris MJ",Gata Only,FloyyMenor under exclusive license to UnitedMasters LLC,10,14,7,917282,CO,Colombia,Q2,2024
11,spotify:track:0dKsNKiWmqkoz8YAUzfigC,"Lenny Tavárez, Feid",EMPELOTICA,WEA Latina,11,13,7,898830,CO,Colombia,Q2,2024
12,spotify:track:2Yc3MHpZ9R5UCIz78E20AQ,Feid,ALAKRAN,UMLE - Latino,8,16,19,897839,CO,Colombia,Q2,2024
13,spotify:track:1hZsWUnLbqRw09jLAMQSsb,"Feid, Young Miko",CLASSY 101,UMLE - Latino,1,12,54,866635,CO,Colombia,Q2,2024
14,spotify:track:2CeKVsFFXG4QzA415QygGb,Feid,Feliz Cumpleaños Ferxxo,UMLE - Latino,1,11,86,809935,CO,Colombia,Q2,2024
15,spotify:track:3tt9i3Hhzq84dPS8H7iSiJ,Manuel Turizo,La Bachata,Sony Music Latin/La Industria,2,15,97,808923,CO,Colombia,Q2,2024
16,spotify:track:0QoaFLmBJyuVuzOIGy6iCS,"The Academy: Segunda Misión, Sech, Justin Quiles, Lenny Tavárez, Dalex, Dímelo Flow, Myke Towers",LA RANGER (feat. Myke Towers),WEA Latina,10,10,2,801279,CO,Colombia,Q2,2024
17,spotify:track:54zcJnb3tp9c5OVKREZ1Is,KAROL G,MI EX TENÍA RAZÓN,Bichota/Interscope Records,2,20,35,778311,CO,Colombia,Q2,2024
18,spotify:track:5XVdHRf4CAJ2Jm0uMIy5qY,Xavi,La Víctima,Interscope Records,6,18,16,699794,CO,Colombia,Q2,2024
19,spotify:track:0T2pB7P1VdXPhLdQZ488uH,Feid,Normal,UMLE - Latino,1,17,92,674728,CO,Colombia,Q2,2024
20,spotify:track:0CYTGMBYkwUxrj1MWDLrC5,Feid,CHORRITO PA LAS ANIMAS,UMLE - Latino,2,29,71,653843,CO,Colombia,Q2,2024
21,spotify:track:2lcRmD1OrJq7PKidfQNb1S,"Engel Montaz, Kuv507, Latinnites Music",Cupido,Latinnites Music,21,38,2,639043,CO,Colombia,Q2,2024
22,spotify:track:69Ej1xrGjOcHvIMtMKxK0G,Don Omar,Dile,UMLE - Machete,22,33,179,635257,CO,Colombia,Q2,2024
23,spotify:track:7s4emXHJwAuo5VvGBXmnBL,"Young Miko, Feid",offline,Wave Music Group,23,-1,1,608843,CO,Colombia,Q2,2024
24,spotify:track:1JpzJfxjHGFUyTHXLZidok,"Ryan Castro, Feid",Monastery,UMLE - Latino,1,24,126,601763,CO,Colombia,Q2,2024
25,spotify:track:6otePxalBK8AVa20xhZYVQ,KAROL G,MIENTRAS ME CURO DEL CORA,BICHOTA RECORDS / INTERSCOPE RECORDS / UNIVERSAL MUSIC LATINO,4,56,59,595334,CO,Colombia,Q2,2024
26,spotify:track:6uIIdjYTxxpWOyWuVXrKQO,"Calle 24, Chino Pacas, Fuerza Regida",Que Onda,Street Mob Records,7,30,30,593731,CO,Colombia,Q2,2024
27,spotify:track:6y8z28epOv5FlaxDv1Lo5B,Ryan Castro,Jordan,Holdings,3,27,153,583415,CO,Colombia,Q2,2024
28,spotify:track:1sbNEFiURUYfy024cJX8JG,Feid,Ferxxo 100,UMLE - Latino,4,25,97,582724,CO,Colombia,Q2,2024
29,spotify:track:25OeKzcqakFPaJlXHPE5lm,Carín León,Primera Cita,"Socios Music, LLC",7,23,39,581028,CO,Colombia,Q2,2024
30,spotify:track:3DY25d8SrkLEI6Xugzf6tT,"Ovy On The Drums, Myke Towers, Blessd, Ryan Castro",GODIVA,WEA Latina,14,21,4,577209,CO,Colombia,Q2,2024
31,spotify:track:1zsPaEkglFvxjAhrM8yhpr,"Ozuna, Feid",Hey Mor,Aura Music Corp.,1,26,79,575408,CO,Colombia,Q2,2024
32,spotify:track:3KZCP2StVGdWkOKyRZNWA4,Plan B,Es un Secreto,Pina Records,18,28,167,575190,CO,Colombia,Q2,2024
33,spotify:track:0DWdj2oZMBFSzRsi2Cvfzf,"KAROL G, Shakira",TQG,BICHOTA RECORDS / INTERSCOPE RECORDS / UNIVERSAL MUSIC LATINO,1,40,59,570076,CO,Colombia,Q2,2024
34,spotify:track:4gJfPoMIcSDGY0tMGxm6Fu,KAROL G,OKI DOKI,Bichota/Interscope Records,20,54,35,564991,CO,Colombia,Q2,2024
35,spotify:track:4UkUxO2WlKLc0Q1iEutGGh,"KAROL G, Tiësto",CONTIGO (with Tiësto),Bichota/Interscope Records,11,37,8,546493,CO,Colombia,Q2,2024
36,spotify:track:5jt25aFjW2kNoBqaEVaz5W,"Mora, Feid",LA INOCENTE,Rimas Entertainment LLC,9,32,106,544422,CO,Colombia,Q2,2024
37,spotify:track:1txhQHV26PyOJJarkYtkOn,"YOVNGCHIMI, Dei V",TU$$I (with Dei V),Encore Recordings,27,34,11,537769,CO,Colombia,Q2,2024
38,spotify:track:0dEAiKNbHt4mrjjoiL0loc,Xavi,Corazón de Piedra,Interscope Records,38,48,3,531615,CO,Colombia,Q2,2024
39,spotify:track:01W6syCgxisKd0gDqFRdEG,"Feid, Mañas Ru-Fino",LA VUELTA,UMLE - Latino,9,47,19,527343,CO,Colombia,Q2,2024
40,spotify:track:4f49sFQko7jHLEFd3tCf5p,Don Omar,Ojitos Chiquitos,UMLE - Machete,38,44,148,516181,CO,Colombia,Q2,2024
41,spotify:track:4NoOME4Dhf4xgxbHDT7VGe,"KAROL G, Romeo Santos",X SI VOLVEMOS,BICHOTA RECORDS / INTERSCOPE RECORDS / UNIVERSAL MUSIC LATINO,3,53,62,512838,CO,Colombia,Q2,2024
42,spotify:track:5YJ4BVvTFmVCxUyhKejHfR,Tego Calderón,Pa' Que Retozen,"Jiggiri Records, Inc.",18,31,175,501822,CO,Colombia,Q2,2024
43,spotify:track:43PiEypaceH339CSNiggyj,"iZaak, JHAYCO, Anuel AA",BBY BOO - REMIX,WEA Latina,43,46,2,501372,CO,Colombia,Q2,2024
44,spotify:track:0sBVn4NN8VlR9WMmyZ1Cek,Luis Alfonso,Mi Palabra Contra la de Ellos - En Vivo,La Industria,26,42,18,478090,CO,Colombia,Q2,2024
45,spotify:track:3HqcNJdZ2seoGxhn0wVNDK,KAROL G,PROVENZA,BICHOTA RECORDS / INTERSCOPE RECORDS / UNIVERSAL MUSIC LATINO,1,55,103,476327,CO,Colombia,Q2,2024
46,spotify:track:2ItA7kOg5NH6AygzU30sEv,"Tony Dize, Plan B",Solos,Pina Records,29,41,96,466427,CO,Colombia,Q2,2024
47,spotify:track:0p0cOpBujR114Wirv5AM7W,"Dei V, Bryant Myers",Narcotics (with Bryant Myers),Encore Recordings,33,43,28,460343,CO,Colombia,Q2,2024
48,spotify:track:5clFSlfkCRlhnH1cAQjSBi,"De La Ghetto, Randy",Sensacion Del Bloque,Latin Nation Entertainment,48,57,154,448468,CO,Colombia,Q2,2024
49,spotify:track:41XmmKJHx1ZAH0Iykgjxfx,"The Academy: Segunda Misión, Sech, Lenny Tavárez, Justin Quiles, Dalex, Dímelo Flow, Yandel, Jay Wheeler","QUÍTENME EL TELÉFONO (feat. Yandel, Jay Wheeler)",WEA Latina,49,67,2,446719,CO,Colombia,Q2,2024
50,spotify:track:7ABLbnD53cQK00mhcaOUVG,Myke Towers,LALA,WEA Latina,1,39,42,439839,CO,Colombia,Q2,2024
1,spotify:track:2btNsI4OvcVl7SAHQQDHFB,"Blessd, Ovy On The Drums",Mírame,WEA Latina,1,2,12,3468527,CO,Colombia,Q3,2024
2,spotify:track:6WatFBLVB0x077xWeoVc2k,KAROL G,Si Antes Te Hubiera Conocido,Bichota/Interscope Records,1,1,3,3003210,CO,Colombia,Q3,2024
3,spotify:track:79IBoMfFn67UI15YkP1FSp,"Ryan Castro, SOG",EL RITMO QUE NOS UNE - feat. Selección Colombia,AWOO Corp./Sony Music Latin,3,9,4,2165968,CO,Colombia,Q3,2024
4,spotify:track:7bywjHOc0wSjGGbj04XbVi,"Feid, ATL Jacob",LUNA,UMLE - Latino,1,4,32,1897274,CO,Colombia,Q3,2024
5,spotify:track:63pLfjK6FvcYJYMGwtHjd6,Feid,SORRY 4 THAT MUCH,FEID,1,3,5,1892109,CO,Colombia,Q3,2024
6,spotify:track:1fTjqf10accJCDYstPwwZ6,Kapo,OHNANA,Sony Music Latin/La Industria,6,6,4,1451944,CO,Colombia,Q3,2024
7,spotify:track:1pymWRCuZfCd0zdiBJo0Hj,Trueno,REAL GANGSTA LOVE,Sony Music Latin,4,7,6,1189077,CO,Colombia,Q3,2024
8,spotify:track:0323rphB8wdBL4riIlKt0G,Luis Alfonso,Chismofilia,La Industria,5,5,5,1162123,CO,Colombia,Q3,2024
9,spotify:track:0rNqDh9zWWJVTLS4VfceHP,"Feid, Yandel",Brickell,"Everything Is Gonna Be Alright, Inc. / La Leyenda, LLC/ Universal Music Latino/Warner",3,8,11,1157126,CO,Colombia,Q3,2024
10,spotify:track:505v13epFXodT9fVAJ6h8k,KAROL G,AMARGURA,BICHOTA RECORDS / INTERSCOPE RECORDS / UNIVERSAL MUSIC LATINO,2,10,72,1058266,CO,Colombia,Q3,2024
11,spotify:track:5pVJ3IlnpIorU44oXizzG5,"Boza, ELENA ROSE",orióN,Sony Music Latin,11,12,4,1046211,CO,Colombia,Q3,2024
12,spotify:track:7iQXYTyuG13aoeHxGG28Nh,"Bad Bunny, Feid",PERRO NEGRO,Rimas Entertainment LLC,1,11,39,952158,CO,Colombia,Q3,2024
13,spotify:track:5RqSsdzTNPX1uzkmlHCFvK,"KAROL G, Peso Pluma",QLONA,Bichota/Interscope Records,1,17,48,922448,CO,Colombia,Q3,2024
14,spotify:track:3tt9i3Hhzq84dPS8H7iSiJ,Manuel Turizo,La Bachata,Sony Music Latin/La Industria,2,15,110,895645,CO,Colombia,Q3,2024
15,spotify:track:6XjDF6nds4DE2BBbagZol6,"FloyyMenor, Cris MJ",Gata Only,FloyyMenor under exclusive license to UnitedMasters LLC,6,16,20,839742,CO,Colombia,Q3,2024
16,spotify:track:2Pm3YD2PlePljgdzgBRr1h,Luis Alfonso,Contentoso,La Industria,8,13,11,832569,CO,Colombia,Q3,2024
17,spotify:track:6BpZpCM8d8FJnVnr1IbnFL,"Alvaro Diaz, Feid",GATITAS SANDUNGUERAS - VOL.1,"UMG Recordings, Inc./Universal Music Latino",4,18,8,826006,CO,Colombia,Q3,2024
18,spotify:track:6a9Z1jUms915w4O7N1PxjY,"Rvssian, Rauw Alejandro, Ayra Starr",Santa,Sony Music Latin,2,14,13,823543,CO,Colombia,Q3,2024
19,spotify:track:2CeKVsFFXG4QzA415QygGb,Feid,Feliz Cumpleaños Ferxxo,UMLE - Latino,1,20,99,787696,CO,Colombia,Q3,2024
20,spotify:track:05sO6FK8E9l2cfwnEUTjHq,"Feid, Pirlo",CUAL ES ESA,UMLE - Latino,2,19,32,730750,CO,Colombia,Q3,2024
21,spotify:track:0LZy30mVmxqUpdQmaXKXBd,"Myke Towers, Bad Bunny",ADIVINO,WEA Latina,6,24,11,716840,CO,Colombia,Q3,2024
22,spotify:track:0W2pF7zyj9dwZVK1RoUyjh,"J Abdiel, Anuel AA, Blessd, iZaak, Pirlo",WYA REMIX BLACK AND YELLOW (feat. iZaak & Pirlo),WEA Latina,22,22,3,716314,CO,Colombia,Q3,2024
23,spotify:track:7chTH3GBjjAyagf0SPCZDL,"Blessd, Feid",SI SABE FERXXO,WEA Latina,2,26,24,713826,CO,Colombia,Q3,2024
24,spotify:track:3fJHbMUnzceimOnNjp63fF,Carín León,Primera Cita,"Socios Music, LLC",7,30,52,690511,CO,Colombia,Q3,2024
25,spotify:track:1hZsWUnLbqRw09jLAMQSsb,"Feid, Young Miko",CLASSY 101,UMLE - Latino,1,28,67,676170,CO,Colombia,Q3,2024
26,spotify:track:7s4emXHJwAuo5VvGBXmnBL,"Young Miko, Feid",offline,Wave Music Group,3,21,14,675156,CO,Colombia,Q3,2024
27,spotify:track:4BXG52ul7GlV4Qpve6JDJo,"Dalmata, Ñejo",Señal De Vida,Dalmata & NEJO,27,32,66,664464,CO,Colombia,Q3,2024
28,spotify:track:54zcJnb3tp9c5OVKREZ1Is,KAROL G,MI EX TENÍA RAZÓN,Bichota/Interscope Records,2,31,48,662541,CO,Colombia,Q3,2024
29,spotify:track:4bw8mcDUSRWfQo63ZTYRnU,"Maluma, Carín León",Según Quién,Sony Music Latin,3,25,46,651872,CO,Colombia,Q3,2024
30,spotify:track:57pj5sOWSCAqZm088LMcE4,"Blessd, Maluma",Oe Bebé,WEA Latina,12,23,5,648083,CO,Colombia,Q3,2024
31,spotify:track:2mLTxNa0bwZX8eNBsuODLX,"Camilo, Carín León",Una Vida Pasada,Sony Music Latin/Hecho a Mano (HAMM),19,29,12,647650,CO,Colombia,Q3,2024
32,spotify:track:0T2pB7P1VdXPhLdQZ488uH,Feid,Normal,UMLE - Latino,1,34,105,625681,CO,Colombia,Q3,2024
33,spotify:track:1JpzJfxjHGFUyTHXLZidok,"Ryan Castro, Feid",Monastery,UMLE - Latino,1,38,139,611542,CO,Colombia,Q3,2024
34,spotify:track:6DUdDIRgLqCGq1DwkNWQTN,Maluma,Borro Cassette,Sony Music Latin,34,37,83,599321,CO,Colombia,Q3,2024
35,spotify:track:3KZCP2StVGdWkOKyRZNWA4,Plan B,Es un Secreto,Pina Records,18,35,180,583965,CO,Colombia,Q3,2024
36,spotify:track:1sbNEFiURUYfy024cJX8JG,Feid,Ferxxo 100,UMLE - Latino,4,40,110,570362,CO,Colombia,Q3,2024
37,spotify:track:7iUtQNMRB8ZkKC4AmEuCJC,Myke Towers,LA FALDA,WEA Latina,8,57,32,540202,CO,Colombia,Q3,2024
38,spotify:track:69Ej1xrGjOcHvIMtMKxK0G,Don Omar,Dile,UMLE - Machete,22,42,192,539297,CO,Colombia,Q3,2024
39,spotify:track:3u2jlo9kygiIAq7SPVuw6S,Dalmata,Dile a Tu Amiga,FM MUSIC CORP Y ASOCIADOS,39,41,41,537787,CO,Colombia,Q3,2024
40,spotify:track:0R6NfOiLzLj4O5VbYSJAjf,Xavi,La Diabla,Interscope Records,2,36,30,535677,CO,Colombia,Q3,2024
41,spotify:track:0sBVn4NN8VlR9WMmyZ1Cek,Luis Alfonso,Mi Palabra Contra la de Ellos - En Vivo,La Industria,21,33,31,534558,CO,Colombia,Q3,2024
42,spotify:track:0fea68AdmYNygeTGI4RC18,"J Balvin, Bad Bunny",LA CANCIÓN,Universal Music Latino / Rimas,2,49,263,520353,CO,Colombia,Q3,2024
43,spotify:track:6y8z28epOv5FlaxDv1Lo5B,Ryan Castro,Jordan,Holdings,3,48,166,509071,CO,Colombia,Q3,2024
44,spotify:track:1zsPaEkglFvxjAhrM8yhpr,"Ozuna, Feid",Hey Mor,Aura Music Corp.,1,47,92,505183,CO,Colombia,Q3,2024
45,spotify:track:4khWEpnaijN0G1x019Uzdr,Morat,No Se Va,Universal Music Spain S.L.,34,67,156,504712,CO,Colombia,Q3,2024
46,spotify:track:4YnmQG1fnJR9LnTZtix70T,"J Abdiel, De La Rose, Yan Block, iZaak, Jay Wheeler",WYA REMIX RED,SONAR LLC.,29,44,8,495364,CO,Colombia,Q3,2024
47,spotify:track:5YJ4BVvTFmVCxUyhKejHfR,Tego Calderón,Pa' Que Retozen,"Jiggiri Records, Inc.",18,46,188,479351,CO,Colombia,Q3,2024
48,spotify:track:4RPeZbmVON5ZKT5HC9wALt,Beéle,morena,5020 Records,48,59,5,475949,CO,Colombia,Q3,2024
49,spotify:track:3HqcNJdZ2seoGxhn0wVNDK,KAROL G,PROVENZA,BICHOTA RECORDS / INTERSCOPE RECORDS / UNIVERSAL MUSIC LATINO,1,52,116,474346,CO,Colombia,Q3,2024
50,spotify:track:0CYTGMBYkwUxrj1MWDLrC5,Feid,CHORRITO PA LAS ANIMAS,UMLE - Latino,2,55,84,473621,CO,Colombia,Q3,2024
1,spotify:track:2btNsI4OvcVl7SAHQQDHFB,"Blessd, Ovy On The Drums",Mírame,WEA Latina,1,1,25,2520343,CO,Colombia,Q4,2024
2,spotify:track:13BDiikG6y5o5cQTK0HpW6,"W Sound, Blessd, Ovy On The Drums",Soltera - W Sound 01,WEA Latina,2,5,10,1940847,CO,Colombia,Q4,2024
3,spotify:track:5QjmUqgpPQgXgg4606DqZF,Kapo,UWAIE,Sony Music Latin/La Industria,1,2,8,1783952,CO,Colombia,Q4,2024
4,spotify:track:7bywjHOc0wSjGGbj04XbVi,"Feid, ATL Jacob",LUNA,UMLE - Latino,1,6,45,1675291,CO,Colombia,Q4,2024
5,spotify:track:08pbRBstuvH7ArRxeb8fwT,"Nanpa Básico, Beéle",Hasta Aquí Llegué,5020 Records,3,3,12,1664948,CO,Colombia,Q4,2024
6,spotify:track:6WatFBLVB0x077xWeoVc2k,KAROL G,Si Antes Te Hubiera Conocido,Bichota/Interscope Records,1,4,16,1657891,CO,Colombia,Q4,2024
7,spotify:track:2gmd7lY3QSzLh0xIY4cRvi,"Maisak, Feid",SE ME OLVIDA,Universal Music Latino,3,7,7,1561953,CO,Colombia,Q4,2024
8,spotify:track:281YJmnThveWjsWVic9Ym6,"Kris R., Blessd",Las Piponas (Remix),La K Company SAS,8,14,2,1511871,CO,Colombia,Q4,2024
9,spotify:track:0Sr7ssScx54yxdM2ols7nW,"Omar Courtz, De La Rose",Q U E V A S H A C E R H O Y ?,Mr.305 Records / Rimas Entertainment LLC.,9,10,3,1456042,CO,Colombia,Q4,2024
10,spotify:track:1fTjqf10accJCDYstPwwZ6,Kapo,OHNANA,Sony Music Latin/La Industria,3,8,17,1245009,CO,Colombia,Q4,2024
11,spotify:track:63pLfjK6FvcYJYMGwtHjd6,Feid,SORRY 4 THAT MUCH,FEID,1,9,18,1213628,CO,Colombia,Q4,2024
12,spotify:track:3OJDtCdYs8QJnui708tEU3,Shakira,Soltera,Sony Music Latin,12,16,2,1164397,CO,Colombia,Q4,2024
13,spotify:track:57pj5sOWSCAqZm088LMcE4,"Blessd, Maluma",Oe Bebé,WEA Latina,9,12,18,1006478,CO,Colombia,Q4,2024
14,spotify:track:5pVJ3IlnpIorU44oXizzG5,"Boza, ELENA ROSE",orióN,Sony Music Latin,6,13,17,990295,CO,Colombia,Q4,2024
15,spotify:track:4bw8mcDUSRWfQo63ZTYRnU,"Maluma, Carín León",Según Quién,Sony Music Latin,3,15,59,972794,CO,Colombia,Q4,2024
16,spotify:track:60u6hcpH5Qm1M3xESdNBrB,Beéle,frente al mar,5020 Records,16,37,2,917462,CO,Colombia,Q4,2024
17,spotify:track:2llFXBrftm6YJzBj3tpk0s,"J Balvin, Feid",Doblexxó,J. Balvin - Capitol,10,11,9,915922,CO,Colombia,Q4,2024
18,spotify:track:6a9Z1jUms915w4O7N1PxjY,"Rvssian, Rauw Alejandro, Ayra Starr",Santa,Sony Music Latin,2,24,26,896946,CO,Colombia,Q4,2024
19,spotify:track:7chTH3GBjjAyagf0SPCZDL,"Blessd, Feid",SI SABE FERXXO,WEA Latina,2,31,37,852177,CO,Colombia,Q4,2024
20,spotify:track:7iQXYTyuG13aoeHxGG28Nh,"Bad Bunny, Feid",PERRO NEGRO,Rimas Entertainment LLC,1,20,52,848555,CO,Colombia,Q4,2024
21,spotify:track:505v13epFXodT9fVAJ6h8k,KAROL G,AMARGURA,BICHOTA RECORDS / INTERSCOPE RECORDS / UNIVERSAL MUSIC LATINO,2,19,85,845120,CO,Colombia,Q4,2024
22,spotify:track:0rNqDh9zWWJVTLS4VfceHP,"Feid, Yandel",Brickell,"Everything Is Gonna Be Alright, Inc. / La Leyenda, LLC/ Universal Music Latino/Warner",3,21,24,801292,CO,Colombia,Q4,2024
23,spotify:track:4DAMvNqHt0s8zJr6JwOoye,Yeison Jimenez,MLP,Yeison Jimenez,23,-1,2,783171,CO,Colombia,Q4,2024
24,spotify:track:5RqSsdzTNPX1uzkmlHCFvK,"KAROL G, Peso Pluma",QLONA,Bichota/Interscope Records,1,25,61,735561,CO,Colombia,Q4,2024
25,spotify:track:2J9B63FawlTaPdg4eH5X03,Beéle,Loco,Hear This Music,3,29,131,718518,CO,Colombia,Q4,2024
26,spotify:track:3KZCP2StVGdWkOKyRZNWA4,Plan B,Es un Secreto,Pina Records,18,27,193,709926,CO,Colombia,Q4,2024
27,spotify:track:1pLCpA1RN8avJxSD3ZCwhj,Arcángel,Pa' Que La Pases Bien,Cinq Recordings,27,61,92,704243,CO,Colombia,Q4,2024
28,spotify:track:2CeKVsFFXG4QzA415QygGb,Feid,Feliz Cumpleaños Ferxxo,UMLE - Latino,1,22,112,695857,CO,Colombia,Q4,2024
29,spotify:track:1qbql17v0Hazo94o5RUyWQ,HUMBE,KINTSUGI,PARASIEMPRE.wav Records,29,36,2,694164,CO,Colombia,Q4,2024
30,spotify:track:6DUdDIRgLqCGq1DwkNWQTN,Maluma,Borro Cassette,Sony Music Latin,23,26,96,692758,CO,Colombia,Q4,2024
31,spotify:track:0W2pF7zyj9dwZVK1RoUyjh,"J Abdiel, Anuel AA, Blessd, iZaak, Pirlo",WYA REMIX BLACK AND YELLOW (feat. iZaak & Pirlo),WEA Latina,20,32,16,686404,CO,Colombia,Q4,2024
32,spotify:track:5PDXWKryvv1SRcmSozUdTZ,KEVIN ROLDAN,TBC (KARMA),GLOBAL BEATS GROUP,32,-1,1,676841,CO,Colombia,Q4,2024
33,spotify:track:3tt9i3Hhzq84dPS8H7iSiJ,Manuel Turizo,La Bachata,Sony Music Latin/La Industria,2,23,123,674609,CO,Colombia,Q4,2024
34,spotify:track:3u2jlo9kygiIAq7SPVuw6S,Dalmata,Dile a Tu Amiga,FM MUSIC CORP Y ASOCIADOS,30,35,54,667605,CO,Colombia,Q4,2024
35,spotify:track:2naqSVQHgiaoEpxtkVOhmK,"La Dimensión Latina, Oscar D'León",Llorarás,Musart-Balboa,31,50,228,660251,CO,Colombia,Q4,2024
36,spotify:track:6ZCfGA0bPM50DPmcSlJKGY,"Yandel, Feid",HABLAME CLARO,WEA Latina,11,17,4,651405,CO,Colombia,Q4,2024
37,spotify:track:4BXG52ul7GlV4Qpve6JDJo,"Dalmata, Ñejo",Señal De Vida,Dalmata & NEJO,19,30,79,651067,CO,Colombia,Q4,2024
38,spotify:track:2plbrEY59IikOBgBGLjaoe,"Lady Gaga, Bruno Mars",Die With A Smile,Interscope,28,28,8,642989,CO,Colombia,Q4,2024
39,spotify:track:7ExDiKtnpUtoikn2yfQd54,"Easy, KEVIN ROLDAN",NECESIDAD,GLOBAL BEATS GROUP,39,75,3,636707,CO,Colombia,Q4,2024
40,spotify:track:0i4uSrPDjfMZJf0gaa0i6D,"KEVIN ROLDAN, Almighty, Dayme Beats",LA CURA,GLOBAL BEATS GROUP,40,59,3,624351,CO,Colombia,Q4,2024
41,spotify:track:3fJHbMUnzceimOnNjp63fF,Carín León,Primera Cita,"Socios Music, LLC",7,45,65,596749,CO,Colombia,Q4,2024
42,spotify:track:54zcJnb3tp9c5OVKREZ1Is,KAROL G,MI EX TENÍA RAZÓN,Bichota/Interscope Records,2,44,61,592498,CO,Colombia,Q4,2024
43,spotify:track:5YJ4BVvTFmVCxUyhKejHfR,Tego Calderón,Pa' Que Retozen,"Jiggiri Records, Inc.",18,51,201,586871,CO,Colombia,Q4,2024
44,spotify:track:4RPeZbmVON5ZKT5HC9wALt,Beéle,morena,5020 Records,30,41,18,583361,CO,Colombia,Q4,2024
45,spotify:track:4YnmQG1fnJR9LnTZtix70T,"J Abdiel, De La Rose, Yan Block, iZaak, Jay Wheeler",WYA REMIX RED,SONAR LLC.,29,43,21,581815,CO,Colombia,Q4,2024
46,spotify:track:0BoLTC9I3PYefcWd7FOhUh,Luis Alfonso,Chismofilia,La Industria,5,38,18,579359,CO,Colombia,Q4,2024
47,spotify:track:2NFWEVIzLcWARyI8BzgA23,Luis Alfonso,Contentoso,La Industria,8,47,24,575475,CO,Colombia,Q4,2024
48,spotify:track:05sO6FK8E9l2cfwnEUTjHq,"Feid, Pirlo",CUAL ES ESA,UMLE - Latino,2,33,45,570589,CO,Colombia,Q4,2024
49,spotify:track:1hZsWUnLbqRw09jLAMQSsb,"Feid, Young Miko",CLASSY 101,UMLE - Latino,1,46,80,558671,CO,Colombia,Q4,2024
50,spotify:track:1JXcB149QtbcIpDUA6YZOB,Grupo Niche,Algo Que Se Quede,Grupo Niche,30,34,162,553740,CO,Colombia,Q4,2024
1,spotify:track:32QpSQhOWrFbSYOEVvXV8F,Luciano,Time,URBAN,1,-1,1,4059496,DE,Germany,Q1,2024
2,spotify:track:5Tpojb1ynbO0MgfAwgDza5,"Luciano, Hurts, 6PM RECORDS, SIRA",WONDERFUL LIFE,Four Music/6PM RECORDS,1,1,2,2991984,DE,Germany,Q1,2024
3,spotify:track:31nfdEooLEq7dn3UMcIeB5,BENNETT,Vois sur ton chemin - Techno Mix,Warner Music Central Europe,1,2,23,2625501,DE,Germany,Q1,2024
4,spotify:track:5ch9m39I5MleWuwceDgCxz,"MERO, AYLIVA",Bullet (feat. AYLIVA),Pentagon Records Plus,4,-1,1,2491136,DE,Germany,Q1,2024
5,spotify:track:4xhsWYTOGcal8zt0J161CU,Jack Harlow,Lovin On Me,Generation Now/Atlantic,4,4,9,2398202,DE,Germany,Q1,2024
6,spotify:track:30vg2QguPyaa7PcAJTn9YE,YAKARY,sonnenbank.mp3,Life is Pain,1,5,7,2333517,DE,Germany,Q1,2024
7,spotify:track:59NraMJsLaMCVtwXTSia8i,"cassö, RAYE, D-Block Europe",Prada,Ministry of Sound Recordings,2,3,22,2017435,DE,Germany,Q1,2024
8,spotify:track:3rUGC1vUpkDG9CZFHMur1t,Tate McRae,greedy,RCA Records Label,1,6,17,1960335,DE,Germany,Q1,2024
9,spotify:track:0iB5f04XdJ2tcfhoVkeLV8,"Alok, Mondello'G, CERES, Tribbs",LET'S GET FKD UP,Columbia/B1 Recordings,9,25,5,1674819,DE,Germany,Q1,2024
10,spotify:track:2aDAIq3vLuLFUUTOy1aZqY,Milano,Anderer Mann,DEUX FRÈRES MUSIC & Vertigo Berlin,10,12,3,1648026,DE,Germany,Q1,2024
11,spotify:track:6VASMtJitNcGLlsWhPb9BC,"Ufo361, lucidbeatz, Ken Carson",RICK OWENS,Stay High,11,-1,1,1628323,DE,Germany,Q1,2024
12,spotify:track:5mjYQaktjmjcMKcUIcqz4s,Kenya Grace,Strangers,Warner Records/Major Recordings,2,10,19,1618978,DE,Germany,Q1,2024
13,spotify:track:3an1JVi8OsE0aG6dMS4Pes,AYLIVA,Hässlich,Whiteheart Records/WM Germany,1,13,20,1615706,DE,Germany,Q1,2024
14,spotify:track:3bK1zVFBKIzYjmptmI4NsJ,"Ofenbach, Norma Jean Martine",Overdrive (feat. Norma Jean Martine),Elektra France,14,15,8,1543731,DE,Germany,Q1,2024
15,spotify:track:5YWu6dt50Nieq8qi572RF8,"SIRA, Bausa, badchieff",9 bis 9,Four Music/SIRA,2,9,35,1513448,DE,Germany,Q1,2024
16,spotify:track:4RzIPi5kcw5gYAd07I8NDz,"MADE, SHABAB, Rasa",À la Carte,MADE Entertainment,16,24,3,1476845,DE,Germany,Q1,2024
17,spotify:track:4XgxsTII2KYZZMFt4JlnYU,Hava,Ja sagen,Hypnotize Entertainment,4,20,8,1442188,DE,Germany,Q1,2024
18,spotify:track:7oQepKHmXDaPC3rgeLRvQu,"Udo Lindenberg, Apache 207",Komet,Warner Music Central Europe,1,8,51,1409892,DE,Germany,Q1,2024
19,spotify:track:3ilgxZl5g7MOQCUiky3VOG,Pashanim,Ms. Jackson,Urban,1,16,20,1396724,DE,Germany,Q1,2024
20,spotify:track:1OSuzW75FOtBdDNTuWM3wy,"MADE, BARÉ, SHABAB, Azu, Bayor, Biggie68, Skandal",Generation,MADE Entertainment,20,21,2,1394977,DE,Germany,Q1,2024
21,spotify:track:2sj5vf9ss7eUxSIVUp50EW,"MADE, Bayor, Rasa, Skandal, SHABAB, BARÉ",Koka Shem,MADE Entertainment,21,23,4,1375020,DE,Germany,Q1,2024
22,spotify:track:5I9vAmNTBXXWBtKmjnBSGS,Pashanim,draußen essen spät schlafen 💤,Urban,17,17,3,1363800,DE,Germany,Q1,2024
23,spotify:track:6WbDwAoc5xr0kFflHZW0A4,"Amaru, Gringo Bamba",Blonde Chaya - Sped Up,UME - Global Clearing House,4,11,14,1314178,DE,Germany,Q1,2024
24,spotify:track:3MjHpVULKNjQFrkOlgoXwW,Jazeek,112,NINETYNINE MUSIC x Good Kid Records x VENTURA Records,19,19,2,1278102,DE,Germany,Q1,2024
25,spotify:track:3XqM8hLCEYlbnFjoWwqtFv,Chris Brown,Angel Numbers / Ten Toes,Chris Brown Entertainment/RCA Records,25,33,9,1247264,DE,Germany,Q1,2024
26,spotify:track:2HafqoJbgXdtjwCOvNEF14,iñigo quintero,Si No Estás,Acqustic,1,28,15,1245692,DE,Germany,Q1,2024
27,spotify:track:7AOJcugo17Kr1WUheSI6Oq,"Luca-Dante Spadafora, Niklas Dee, Octavian, Peter Plate, Ulf Leo Sommer",Mädchen auf dem Pferd,Zeitgeist,1,7,33,1238832,DE,Germany,Q1,2024
28,spotify:track:4mVnqNiw2Kf5AHj9j0KD6u,"RAF Camora, Ski Aggu",Liebe Grüsse,Indipendenza,1,29,11,1230012,DE,Germany,Q1,2024
29,spotify:track:56y1jOTK0XSvJzVv9vHQBK,Doja Cat,Paint The Town Red,Kemosabe Records/RCA Records,1,18,23,1228059,DE,Germany,Q1,2024
30,spotify:track:653cdEL1j2MkpBYDUDuVz1,"Nimo, Haftbefehl",Tränen,MOONBOYS ENT.,30,-1,1,1203516,DE,Germany,Q1,2024
31,spotify:track:38XziJOR1OFb4fJ44IUrX1,"Jaques Raupé, Felix Harrer",3 Haselnüsse,Kontor Records,14,14,5,1187533,DE,Germany,Q1,2024
32,spotify:track:2FiJGvN3fiXMwms9IftNV0,"FiNCH, Tream",LiEBE AUF DER RÜCKBANK,Walk This Way Records,17,26,32,1141086,DE,Germany,Q1,2024
33,spotify:track:5422qkk67RSNZizub4XkDX,Pashanim,Airberlin,Urban,22,22,3,1054262,DE,Germany,Q1,2024
34,spotify:track:6WzRpISELf3YglGAh7TXcG,"The Weeknd, Playboi Carti, Madonna",Popular (with Playboi Carti & Madonna) - From The Idol Vol. 1 (Music from the HBO Original Series),XO / Republic Records,18,41,30,1045023,DE,Germany,Q1,2024
35,spotify:track:0QlOkt8nkZ8zqu8xb2SHU8,"Niklas Dee, Old Jim, Enny-Mae",Not Fair,Astralwerks,5,27,31,1018935,DE,Germany,Q1,2024
36,spotify:track:1odExI7RdWc4BT515LTAwj,David Kushner,Daylight,Miserable Music Group,3,34,39,1018771,DE,Germany,Q1,2024
37,spotify:track:0Hh3lNPtThUvIbDKjZBqWO,"OG Keemo, Shindy, Sumpa",Pimpsport,Chimperator Productions,37,-1,1,972281,DE,Germany,Q1,2024
38,spotify:track:1udwFobQ1JoOdWPQrp2b6u,"JID, 21 Savage, Baby Tate",Surround Sound (feat. 21 Savage & Baby Tate),Dreamville/Interscope,38,44,9,959523,DE,Germany,Q1,2024
39,spotify:track:1BxfuPKGuaTgP7aM0Bbdwr,Taylor Swift,Cruel Summer,Taylor Swift,30,30,29,953463,DE,Germany,Q1,2024
40,spotify:track:561jH07mF1jHuk7KlaeF0s,Eminem,Mockingbird,Eminem Catalog PS,4,39,66,941644,DE,Germany,Q1,2024
41,spotify:track:5ReQQXU6JXKWOi0O9GwI9x,"Bonez MC, Ufo361",MONEY & FAME,187 Strassenbande & Vertigo/Capitol,14,37,4,924507,DE,Germany,Q1,2024
42,spotify:track:5aIVCx5tnk0ntmdiinnYvw,Tyla,Water,FAX Records/Epic,27,40,17,919049,DE,Germany,Q1,2024
43,spotify:track:5Y8mnPgyb9hOJxY1M0OJdx,"Sonny Wern, Lyente, Quinten Circle, ZANA","Dance For Me (1, 2, 3) - Stutter Techno",Intercord,24,43,13,914426,DE,Germany,Q1,2024
44,spotify:track:3Me5bYXeDXqjBVgug53Ula,"LIZOT, KYANU",This Is The Life,Zeitgeist,38,38,10,904019,DE,Germany,Q1,2024
45,spotify:track:0Ydt7UQxxHmFdZGOROCcza,"MADE, CALI, Kenan, Infinit",Ma Jolie,MADE Entertainment,45,58,10,896360,DE,Germany,Q1,2024
46,spotify:track:3AjSfp5FDvwtMU9XBsbS8j,Creeds,Push Up - Main Edit,Columbia/B1 Recordings,12,32,39,892636,DE,Germany,Q1,2024
47,spotify:track:7jtQIBanIiJOMS6RyCx6jZ,Tom Odell,Another Love,ITNO/Columbia,10,51,149,889073,DE,Germany,Q1,2024
48,spotify:track:4tKGFmENO69tZR9ahgZu48,Sophie Ellis-Bextor,Murder On The Dancefloor,Polydor Records,48,-1,1,882987,DE,Germany,Q1,2024
49,spotify:track:2NY6OwXheFjzMvdVmw69mQ,JAS,Winterherz,Polydor/JRR,42,49,4,874823,DE,Germany,Q1,2024
50,spotify:track:6JUeZ04YG6WIy937AgIPsR,"AYLIVA, MERO",Sie weiß (feat. Mero),Whiteheart Records/WM Germany,1,63,53,852914,DE,Germany,Q1,2024
1,spotify:track:2GxrNKugF82CnoRFbQfzPf,Artemas,i like the way you kiss me,Artemas,1,1,4,6464520,DE,Germany,Q2,2024
2,spotify:track:3xkHsmpQCBMytMJNiDf3Ii,Benson Boone,Beautiful Things,"Night Street Records, Inc./Warner Records Inc.",1,2,12,3122869,DE,Germany,Q2,2024
3,spotify:track:1NifMX1JqCz9caJowG8dxq,"$OHO BANI, Herbert Grönemeyer, Ericson","ZEIT, DASS SICH WAS DREHT",Epic/$OHO BANI,1,3,7,3035864,DE,Germany,Q2,2024
4,spotify:track:5uQ7de4EWjb3rkcFxyEOpu,Mark Ambor,Belong Together,"Hundred Days Records, LLC",4,7,5,2624894,DE,Germany,Q2,2024
5,spotify:track:2FbTZrdW0KGqH7TOdZRHiP,"01099, Gustav, Zachi",Küssen,01099 / Bamboo Artists / WMCE,5,6,3,2473809,DE,Germany,Q2,2024
6,spotify:track:3qhlB30KknSejmIvZZLjOD,Djo,End of Beginning,Djo,3,4,8,2452785,DE,Germany,Q2,2024
7,spotify:track:0h3Xy4V4apMraB5NuM8U7Z,CYRIL,Stumblin' In,Spinnin' Records,7,9,14,2393367,DE,Germany,Q2,2024
8,spotify:track:31nfdEooLEq7dn3UMcIeB5,BENNETT,Vois sur ton chemin - Techno Mix,Warner Music Central Europe,1,10,36,2254482,DE,Germany,Q2,2024
9,spotify:track:7wLShogStyDeZvL0a6daN5,Beyoncé,TEXAS HOLD 'EM,Parkwood Entertainment/Columbia,3,8,9,2063503,DE,Germany,Q2,2024
10,spotify:track:59NraMJsLaMCVtwXTSia8i,"cassö, RAYE, D-Block Europe",Prada,Ministry of Sound Recordings,2,17,35,2025269,DE,Germany,Q2,2024
11,spotify:track:3U5JVgI2x4rDyHGObzJfNf,Natasha Bedingfield,Unwritten,Sony Music CG,2,11,13,2016623,DE,Germany,Q2,2024
12,spotify:track:0AjmK0Eai4zGrLaJwPvrDp,Hozier,Too Sweet,Columbia,12,37,2,2012435,DE,Germany,Q2,2024
13,spotify:track:1IaZUglHDN0kO6yhuyYta2,"Rap La Rue, Haaland936, Amo",Eredivisie,Epic/DOPE/Raplarue,5,5,2,1979316,DE,Germany,Q2,2024
14,spotify:track:17phhZDn6oGtzMe56NuWvj,Teddy Swims,Lose Control,Warner Records,9,13,14,1889668,DE,Germany,Q2,2024
15,spotify:track:1sNQMj0Dq0UHrryEQqP4OY,"Luciano, Omah Lay",Another Vibe (feat. Omah Lay),URBAN,7,12,9,1854463,DE,Germany,Q2,2024
16,spotify:track:3rUGC1vUpkDG9CZFHMur1t,Tate McRae,greedy,RCA Records Label,1,14,30,1847280,DE,Germany,Q2,2024
17,spotify:track:2uqYupMHANxnwgeiXTZXzd,Dasha,Austin (Boots Stop Workin'),Warner Records,17,24,5,1807258,DE,Germany,Q2,2024
18,spotify:track:48lxT5qJF0yYyf2z4wB4xW,"Jaxomy, Agatino Romero, Raffaella Carrà",Pedro,Columbia/B1 Recordings/Ultra Records,18,-1,1,1785293,DE,Germany,Q2,2024
19,spotify:track:3uBXhhgrVB5a3FizUGNv52,"Rap La Rue, Aymen",Up and down,Epic/DOPE/Raplarue,19,-1,1,1731831,DE,Germany,Q2,2024
20,spotify:track:09CnYHiZ5jGT1wr1TXJ9Zt,"Dimitri Vegas & Like Mike, Tiësto, Dido, W&W, Dimitri Vegas, Like Mike",Thank You (Not So Bad),Ministry of Sound Recordings,13,16,16,1699664,DE,Germany,Q2,2024
21,spotify:track:1iZy5e1JQcMCICG1flsRNl,"SANTOS, Jazeek",Himmel Leer,Urban,21,-1,1,1625351,DE,Germany,Q2,2024
22,spotify:track:3bK1zVFBKIzYjmptmI4NsJ,"Ofenbach, Norma Jean Martine",Overdrive (feat. Norma Jean Martine),Elektra France,10,20,21,1591265,DE,Germany,Q2,2024
23,spotify:track:7igSh4nWYQqmv94rIma7eh,YAKARY,Ma Boo,Life is Pain,23,-1,1,1575474,DE,Germany,Q2,2024
24,spotify:track:3w0w2T288dec0mgeZZqoNN,"¥$, Kanye West, Ty Dolla $ign",CARNIVAL,YZY,5,15,9,1570362,DE,Germany,Q2,2024
25,spotify:track:0iB5f04XdJ2tcfhoVkeLV8,"Alok, Mondello'G, CERES, Tribbs",LET'S GET FKD UP,Columbia/B1 Recordings,5,21,18,1522172,DE,Germany,Q2,2024
26,spotify:track:64PC5XVJuKbvxYHecenRGO,"Rap La Rue, Jiyo",Katastrophe,Epic/DOPE/Raplarue,11,18,4,1520188,DE,Germany,Q2,2024
27,spotify:track:1kQKmatH0qVvnT05kJ0o4d,"Paula Hartmann, Symba",Uludağ und Sorgen,Four Music/Himbeertoni,27,-1,1,1490339,DE,Germany,Q2,2024
28,spotify:track:1EypcNrXUoHSv6siw5FNPi,"Rap La Rue, Jiyo, ilo 7araga, Aymen","Substanzen (feat. Aymen, Jiyo & ilo 7araga)",Epic/DOPE/Raplarue,28,32,5,1456413,DE,Germany,Q2,2024
29,spotify:track:27EXNwLk86McXpIr85kvjk,Bobby Vandamme,Walou Diploma,RCA & GOLD LEAGUE/GOVA Ent.,19,19,5,1441940,DE,Germany,Q2,2024
30,spotify:track:3pn5z4CvMz95uEysWBUYCc,SOFFIE,Für immer Frühling,soffie / Believe Artist Services,5,28,10,1429771,DE,Germany,Q2,2024
31,spotify:track:01LYfVauZ0LlK5gok0HdTO,Kontra K,Liebe ist ein Dieb,Letzte Wölfe,6,22,3,1375950,DE,Germany,Q2,2024
32,spotify:track:4H5SR9O8FlXZWlgwFb7mPE,"Rap La Rue, Haaland936",Rattenhaut,Epic/DOPE/Raplarue,32,-1,1,1370789,DE,Germany,Q2,2024
33,spotify:track:2sTXJinZQxl58tFCTYtEqa,"Sampagne, badchieff, CRO",tempo,Sampagne,2,27,8,1334462,DE,Germany,Q2,2024
34,spotify:track:6zF5LE8eK9Bf98UwLVe8Du,"Rap La Rue, Kauta, Aymen",Egal,Epic/DOPE/Raplarue,23,35,7,1297550,DE,Germany,Q2,2024
35,spotify:track:3ilgxZl5g7MOQCUiky3VOG,Pashanim,Ms. Jackson,Urban,1,36,33,1269737,DE,Germany,Q2,2024
36,spotify:track:6LliQsJvqpEBrP1Bhf6HEw,Montez,verstecken,Herzinfucked Records,36,-1,1,1264714,DE,Germany,Q2,2024
37,spotify:track:5MpZphaE8ML2JJrtdPy6Pt,"Zerb, Sofiya Nzau",Mwaki,TH3RD BRAIN,37,40,8,1264121,DE,Germany,Q2,2024
38,spotify:track:3Pbp7cUCx4d3OAkZSCoNvn,Michael Marcagi,Scared To Start,Warner Records,30,34,8,1261071,DE,Germany,Q2,2024
39,spotify:track:6p5snXqHBtG6rjO7bwiGZT,"Rap La Rue, Amo, Kauta, Haaland936","Baile (feat. Amo, Haaland936 & Kauta)",Epic/DOPE/Raplarue,26,29,5,1257634,DE,Germany,Q2,2024
40,spotify:track:30vg2QguPyaa7PcAJTn9YE,YAKARY,sonnenbank.mp3,Life is Pain,1,31,20,1244386,DE,Germany,Q2,2024
41,spotify:track:51ZQ1vr10ffzbwIjDCwqm4,Ariana Grande,we can't be friends (wait for your love),Republic Records,17,23,5,1229399,DE,Germany,Q2,2024
42,spotify:track:7oQepKHmXDaPC3rgeLRvQu,"Udo Lindenberg, Apache 207",Komet,Warner Music Central Europe,1,30,64,1194664,DE,Germany,Q2,2024
43,spotify:track:42VsgItocQwOQC3XWZ8JNA,"Travis Scott, Playboi Carti",FE!N (feat. Playboi Carti),Cactus Jack/Epic,4,41,34,1142561,DE,Germany,Q2,2024
44,spotify:track:2tudvzsrR56uom6smgOcSf,"Future, Metro Boomin, Kendrick Lamar",Like That,Wilburn Holding Co./Boominati/Epic/Republic,23,26,3,1139009,DE,Germany,Q2,2024
45,spotify:track:0vpolDGT0fbDZjo7CzfXMP,"Rap La Rue, Haaland936, Aymen",Gefangen,Epic/DOPE/Raplarue,45,-1,1,1102469,DE,Germany,Q2,2024
46,spotify:track:7jtQIBanIiJOMS6RyCx6jZ,Tom Odell,Another Love,ITNO/Columbia,10,50,162,1091490,DE,Germany,Q2,2024
47,spotify:track:0LMwmV37RCmBO2so0szAFs,"Kygo, Ava Max",Whatever,Kygo/RCA Records,39,46,12,1083904,DE,Germany,Q2,2024
48,spotify:track:4xhsWYTOGcal8zt0J161CU,Jack Harlow,Lovin On Me,Generation Now/Atlantic,3,38,22,1046108,DE,Germany,Q2,2024
49,spotify:track:7AOJcugo17Kr1WUheSI6Oq,"Luca-Dante Spadafora, Niklas Dee, Octavian, Peter Plate, Ulf Leo Sommer",Mädchen auf dem Pferd,Zeitgeist,1,42,46,1039843,DE,Germany,Q2,2024
50,spotify:track:7tIzHYNGyUvZ9zYrND1U0p,Gzuz,Noch ein Glas,187 Strassenbande,25,25,2,1032112,DE,Germany,Q2,2024
1,spotify:track:1NifMX1JqCz9caJowG8dxq,"$OHO BANI, Herbert Grönemeyer, Ericson","ZEIT, DASS SICH WAS DREHT",Epic/$OHO BANI,1,1,20,3476567,DE,Germany,Q3,2024
2,spotify:track:3qcreqi8RaGqahtJSQDxNI,GReeeN,Panama,recordJet,2,2,6,3260958,DE,Germany,Q3,2024
3,spotify:track:16f4ZN6XOfrIO8fJkm28HM,"AYLIVA, Apache 207",Wunder,Whiteheart Records/WM Germany,1,4,11,2798516,DE,Germany,Q3,2024
4,spotify:track:3pPMgoouYtezLiBTEeL9be,"FOURTY, Bausa, CHEKAA",VEMPA,Life is Pain,3,5,12,2663119,DE,Germany,Q3,2024
5,spotify:track:6leQi7NakJQS1vHRtZsroe,Pashanim,Mittelmeer,Urban,1,6,7,2514023,DE,Germany,Q3,2024
6,spotify:track:29vCE5UzdE8dzcJWbG2CsK,"6PM RECORDS, Ski Aggu, Haaland936, SIRA",JUNGE BALLER,Four Music/6PM RECORDS,2,3,5,2313386,DE,Germany,Q3,2024
7,spotify:track:6XjDF6nds4DE2BBbagZol6,"FloyyMenor, Cris MJ",Gata Only,FloyyMenor under exclusive license to UnitedMasters LLC,3,9,14,2297840,DE,Germany,Q3,2024
8,spotify:track:2HYFX63wP3otVIvopRS99Z,Eminem,Houdini,Shady/Aftermath/Interscope Records,2,7,6,2288773,DE,Germany,Q3,2024
9,spotify:track:3JG1uFc40wfyrqaWC7iv0e,Artemas,i like the way you kiss me,Artemas,1,8,17,2262310,DE,Germany,Q3,2024
10,spotify:track:2qSkIjg1o9h3YT9RAgYN75,Sabrina Carpenter,Espresso,Island Records,10,11,13,2048684,DE,Germany,Q3,2024
11,spotify:track:1BJJbSX6muJVF2AK7uH1x4,"Adam Port, Stryv, Keinemusik, Orso, Malachiii",Move,Keinemusik,11,21,5,2004003,DE,Germany,Q3,2024
12,spotify:track:3btquT03ILrWCKElu233EM,reezy,OPUS,Four Music/TEENAGER FOREVER Ent.,12,-1,1,1942833,DE,Germany,Q3,2024
13,spotify:track:0Mvc2FRCYnVjMTd4jx4DMq,"Zartmann, Ski Aggu, Dauner",wie du manchmal fehlst,Bamboo Artists/Epic,5,12,7,1900328,DE,Germany,Q3,2024
14,spotify:track:6dOtVTDdiauQNBQEDOtlAB,Billie Eilish,BIRDS OF A FEATHER,Darkroom/Interscope Records,14,19,8,1774299,DE,Germany,Q3,2024
15,spotify:track:3Vr3zh0r7ALn8VLqCiRR10,Myles Smith,Stargazing,RCA Records Label,10,16,9,1764921,DE,Germany,Q3,2024
16,spotify:track:0h3Xy4V4apMraB5NuM8U7Z,CYRIL,Stumblin' In,Spinnin' Records,7,17,27,1755867,DE,Germany,Q3,2024
17,spotify:track:2p7k0RHPeNU8H7CSRWwIgp,Filow,Rasenschach,1UP Management GmbH,14,14,3,1740434,DE,Germany,Q3,2024
18,spotify:track:1No9gdv9NdknsaVA4Zdbku,"Ski Aggu, Ikkimel",DEUTSCHLAND 🇩🇪 (MIT IKKIMEL),jungeratze & Bamboo Artists,10,10,2,1739224,DE,Germany,Q3,2024
19,spotify:track:48lxT5qJF0yYyf2z4wB4xW,"Jaxomy, Agatino Romero, Raffaella Carrà",Pedro,Columbia/B1 Recordings/Ultra Records,2,18,14,1719409,DE,Germany,Q3,2024
20,spotify:track:3pR29mXC5gp0UjJSRePU2f,Peter Schilling,Major Tom (Völlig losgelöst) - 2022 Remaster,WM Germany,13,13,16,1706063,DE,Germany,Q3,2024
21,spotify:track:27jIKs9ZEe4m19j3lx4E2b,Tayna,Si Ai,PENDRAGON,21,-1,1,1686242,DE,Germany,Q3,2024
22,spotify:track:5uQ7de4EWjb3rkcFxyEOpu,Mark Ambor,Belong Together,"Hundred Days Records, LLC",4,20,18,1681507,DE,Germany,Q3,2024
23,spotify:track:3xkHsmpQCBMytMJNiDf3Ii,Benson Boone,Beautiful Things,"Night Street Records, Inc./Warner Records Inc.",1,22,25,1677933,DE,Germany,Q3,2024
24,spotify:track:0O1LqLDF2mQmWVlSrC4Mwn,"01099, Zachi, Gustav, Paul",Pistazieneis,01099 / Bamboo Artists / WMCE,24,-1,1,1641371,DE,Germany,Q3,2024
25,spotify:track:5fZJQrFKWQLb7FpJXZ1g7K,Shaboozey,A Bar Song (Tipsy),American Dogwood / EMPIRE,15,25,12,1631669,DE,Germany,Q3,2024
26,spotify:track:22DH8NChecsgPxDjA4pqer,"Quavo, Lana Del Rey",Tough,Quality Control Music/Motown Records,26,-1,1,1607128,DE,Germany,Q3,2024
27,spotify:track:5Z0UnEtpLDQyYlWwgi8m9C,Hozier,Too Sweet,Columbia,8,30,15,1533160,DE,Germany,Q3,2024
28,spotify:track:66Bup3CXgRRl8z91EDHUIf,"Aitch, Luciano",Baddies,NQ Records,4,15,5,1515805,DE,Germany,Q3,2024
29,spotify:track:31nfdEooLEq7dn3UMcIeB5,BENNETT,Vois sur ton chemin - Techno Mix,Warner Music Central Europe,1,29,49,1511686,DE,Germany,Q3,2024
30,spotify:track:09CnYHiZ5jGT1wr1TXJ9Zt,"Dimitri Vegas & Like Mike, Tiësto, Dido, W&W, Dimitri Vegas, Like Mike",Thank You (Not So Bad),Ministry of Sound Recordings,13,26,29,1396631,DE,Germany,Q3,2024
31,spotify:track:331l3xABO0HMr1Kkyh2LZq,"David Guetta, OneRepublic",I Don't Wanna Wait,Parlophone UK,27,27,14,1391254,DE,Germany,Q3,2024
32,spotify:track:4lsNo2CCp2dUbsuOmdCj5I,Pashanim,2000,Urban,7,28,4,1356587,DE,Germany,Q3,2024
33,spotify:track:5sxiqHHGSVjmeg5SrLZcKA,AYLIVA,Beifahrer,Whiteheart Records/WM Germany,9,23,5,1340430,DE,Germany,Q3,2024
34,spotify:track:189vFQyTAhpSCsI07yjQVq,"FiNCH, SDP, Phil The Beat",Abenteuerland,Nur Musik Ist Schöner,29,42,3,1307035,DE,Germany,Q3,2024
35,spotify:track:7eBo7oeGFWJ9GlL1Me6NuV,Amo,Amo aller Amos,Epic/385i,13,44,11,1294836,DE,Germany,Q3,2024
36,spotify:track:2hrycoFU1mZw6YPvMcn8yC,Jordan Adetunji,KEHLANI,300 Entertainment,36,38,3,1286474,DE,Germany,Q3,2024
37,spotify:track:2uqYupMHANxnwgeiXTZXzd,Dasha,Austin (Boots Stop Workin'),Warner Records,17,40,18,1274809,DE,Germany,Q3,2024
38,spotify:track:4IjCVfzb1JQJ8KKkhXllVl,"CIVO, Montez",Irgendwas klopft,Good Kid Records & Ventura Records,24,24,2,1271223,DE,Germany,Q3,2024
39,spotify:track:6AI3ezQ4o3HUoP6Dhudph3,Kendrick Lamar,Not Like Us,"Kendrick Lamar, under exclusive license to Interscope Records",26,58,10,1251629,DE,Germany,Q3,2024
40,spotify:track:7iabz12vAuVQYyekFIWJxD,"Central Cee, Lil Baby",BAND4BAND (feat. Lil Baby),Columbia,9,37,7,1224833,DE,Germany,Q3,2024
41,spotify:track:086edN2nz8TjB3zddIdlPn,"SDP, Sido, Esther Graf",Mama hat gesagt,Nur Musik Ist Schöner,10,36,10,1216068,DE,Germany,Q3,2024
42,spotify:track:5AJ9hqTS2wcFQCELCFRO7A,Tommy Richman,MILLION DOLLAR BABY,PULSE Records,7,34,10,1214242,DE,Germany,Q3,2024
43,spotify:track:5N3hjp1WNayUPZrA8kJmJP,Sabrina Carpenter,Please Please Please,Island Records,24,32,5,1211631,DE,Germany,Q3,2024
44,spotify:track:1aHy1ipWQRNauI0ee9uYfi,Lithe,Fall Back,GSL,21,46,12,1178122,DE,Germany,Q3,2024
45,spotify:track:0zBOXwDbCEM0Wbx3rqVdQb,"Kurdo, CAPO",Alors (feat. CAPO),ALMAZ,39,39,5,1176735,DE,Germany,Q3,2024
46,spotify:track:0Cnf2mlQavyPknr3OxzTAn,"Tream, treamiboii",Dieser Sommer,3AM MUSIC,29,33,6,1175489,DE,Germany,Q3,2024
47,spotify:track:3U5JVgI2x4rDyHGObzJfNf,Natasha Bedingfield,Unwritten,Sony Music CG,2,53,26,1171985,DE,Germany,Q3,2024
48,spotify:track:3ilgxZl5g7MOQCUiky3VOG,Pashanim,Ms. Jackson,Urban,1,50,46,1160707,DE,Germany,Q3,2024
49,spotify:track:7oQepKHmXDaPC3rgeLRvQu,"Udo Lindenberg, Apache 207",Komet,Warner Music Central Europe,1,54,77,1158115,DE,Germany,Q3,2024
50,spotify:track:61qNgUkD4ThD2DrmQSTH0X,"Olexesh, Ataypapi, ilo 7araga, CHEKAA",Pistoleta,385ideal,6,43,13,1112581,DE,Germany,Q3,2024
1,spotify:track:2PnlsTsOTLE5jnBnNe2K0A,Linkin Park,The Emptiness Machine,Warner Records,1,1,5,3656869,DE,Germany,Q4,2024
2,spotify:track:5U8jvRKKzcc3XjBB2CNZaZ,LACAZETTE,LID,LACAZETTE,2,2,2,3474090,DE,Germany,Q4,2024
3,spotify:track:77p59nG1oU5pzd20rPxBwC,"Jazeek, Luciano, Miksu / Macloud",PLAYBOYBUNNIES,NINETYNINE MUSIC x Good Kid Records x Ventura Records,3,-1,1,3183285,DE,Germany,Q4,2024
4,spotify:track:64f3yNXsi2Vk76odcHCOnw,Shirin David,bauch beine po,Juicy Money Records,1,4,11,2593825,DE,Germany,Q4,2024
5,spotify:track:3fgehc497TFqKH1zBL2YNK,Linkin Park,Heavy Is the Crown,Warner Records,3,3,3,2507721,DE,Germany,Q4,2024
6,spotify:track:7bkUa9kDFGxgCC7d36dzFI,Berq,Rote Flaggen,Urban,3,5,15,2123079,DE,Germany,Q4,2024
7,spotify:track:4b3W0IbHDwHCvjSs708Tr4,"AYLIVA, Apache 207",Wunder,Whiteheart Records/WM Germany,1,7,24,2056091,DE,Germany,Q4,2024
8,spotify:track:2plbrEY59IikOBgBGLjaoe,"Lady Gaga, Bruno Mars",Die With A Smile,Interscope,8,10,8,1715499,DE,Germany,Q4,2024
9,spotify:track:1Es7AUAhQvapIcoh3qMKDL,"The Weeknd, Playboi Carti",Timeless (feat Playboi Carti),XO / Republic Records,6,6,2,1712773,DE,Germany,Q4,2024
10,spotify:track:6dOtVTDdiauQNBQEDOtlAB,Billie Eilish,BIRDS OF A FEATHER,Darkroom/Interscope Records,7,11,21,1664818,DE,Germany,Q4,2024
11,spotify:track:5ubQrs2wWoSgRwEaPZd4eS,LACAZETTE,H&K,LACAZETTE,8,8,6,1627775,DE,Germany,Q4,2024
12,spotify:track:3aJT51ya8amzpT3TKDVipL,LACAZETTE,FTW,LACAZETTE,4,9,4,1497709,DE,Germany,Q4,2024
13,spotify:track:3pPMgoouYtezLiBTEeL9be,"FOURTY, Bausa, CHEKAA",VEMPA,Life is Pain,3,16,25,1482747,DE,Germany,Q4,2024
14,spotify:track:5AQyVssLj6Xj5ryPENxntm,"Amo, Aymen",Picasso,Epic/385i,12,12,2,1439908,DE,Germany,Q4,2024
15,spotify:track:3ovTEUMYEoiT8ikEMVXBmS,AYLIVA,Lilien,Whiteheart Records/WM Germany,2,13,8,1438957,DE,Germany,Q4,2024
16,spotify:track:5aMvdnOSZxslL2I083yxvR,"Ski Aggu, Bausa, FILLY, BUNT.",BELOHNEN,jungeratze & Bamboo Artists,16,-1,1,1388299,DE,Germany,Q4,2024
17,spotify:track:6Z1C9gQnScliphROi2DabV,LACAZETTE,CUP,LACAZETTE,6,14,7,1327072,DE,Germany,Q4,2024
18,spotify:track:57gjUsErLOYxTOqyiK6CVm,"Amo, Nimo",Rapstar,Epic/385i,4,15,5,1323635,DE,Germany,Q4,2024
19,spotify:track:0io16MKpbeDIdYzmGpQaES,Ndotz,Embrace It,Isekai Records,19,25,4,1317141,DE,Germany,Q4,2024
20,spotify:track:2262bWmqomIaJXwCRHr13j,Gigi Perez,Sailor Song,Gigi Perez PS/ Island,20,47,5,1315884,DE,Germany,Q4,2024
21,spotify:track:3JG1uFc40wfyrqaWC7iv0e,Artemas,i like the way you kiss me,Artemas,1,20,30,1313485,DE,Germany,Q4,2024
22,spotify:track:5JLbgRkto4OrrkWgAHcJZT,Souly,Bundeswehr,Souly,22,30,3,1296295,DE,Germany,Q4,2024
23,spotify:track:4yNd1xo3DZ75MqPMscauEG,"YAKARY, Jamule",Moonlight Dreams,Life is Pain,7,17,3,1269244,DE,Germany,Q4,2024
24,spotify:track:3qcreqi8RaGqahtJSQDxNI,GReeeN,Panama,recordJet,1,18,19,1248182,DE,Germany,Q4,2024
25,spotify:track:2nLtzopw4rPReszdYBJU6h,Linkin Park,Numb,Warner Records,13,19,102,1209037,DE,Germany,Q4,2024
26,spotify:track:1BJJbSX6muJVF2AK7uH1x4,"Adam Port, Stryv, Keinemusik, Orso, Malachiii",Move,Keinemusik,3,24,18,1205125,DE,Germany,Q4,2024
27,spotify:track:6leQi7NakJQS1vHRtZsroe,Pashanim,Mittelmeer,Urban,1,26,20,1201411,DE,Germany,Q4,2024
28,spotify:track:5nPbKG04fhLkIAjcPFaZq7,"HUGEL, Topic, Arash, Daecolm",I Adore You (feat. Daecolm),Intercord,18,27,12,1188304,DE,Germany,Q4,2024
29,spotify:track:3xkHsmpQCBMytMJNiDf3Ii,Benson Boone,Beautiful Things,"Night Street Records, Inc./Warner Records Inc.",1,31,38,1170659,DE,Germany,Q4,2024
30,spotify:track:1CfXReZpkv5l10m1Zc1mGn,JEREMIAS,meer,JEREMIAS,3,23,5,1123340,DE,Germany,Q4,2024
31,spotify:track:60a0Rd6pjrkxjPbaKzXjfq,Linkin Park,In the End,Warner Records,15,45,287,1118605,DE,Germany,Q4,2024
32,spotify:track:2HRqTpkrJO5ggZyyK6NPWz,Sabrina Carpenter,Espresso,Island Records,9,32,26,1114131,DE,Germany,Q4,2024
33,spotify:track:0WbMK4wrZ1wFSty9F7FCgu,Chappell Roan,"Good Luck, Babe!",Chappell Roan PS/ Island,33,34,17,1111949,DE,Germany,Q4,2024
34,spotify:track:0Rgdhptwk0A3Clbu5RpYI1,"Luciano, Jazeek",Starboy,URBAN,1,38,12,1077624,DE,Germany,Q4,2024
35,spotify:track:0cQVqPuHQP4KEwc7ZUQmj6,The Neighbourhood,Sweater Weather,Columbia,35,48,197,1059746,DE,Germany,Q4,2024
36,spotify:track:1cXo8i9dgutdqjhjz3Zwqq,"Zartmann, Drumla, Dauner",eehhhyyy,Bamboo Artists/Epic,13,36,15,1044642,DE,Germany,Q4,2024
37,spotify:track:0rtDE9zfXbamTlRUSwY7zy,Mark Ambor,Belong Together,"Hundred Days Records, LLC",4,43,31,1042318,DE,Germany,Q4,2024
38,spotify:track:42VsgItocQwOQC3XWZ8JNA,"Travis Scott, Playboi Carti",FE!N (feat. Playboi Carti),Cactus Jack/Epic,4,61,60,1023066,DE,Germany,Q4,2024
39,spotify:track:59hwJ5R44DZIGrP5LX8xPT,AYLIVA,Beifahrer,Whiteheart Records/WM Germany,9,37,18,1019316,DE,Germany,Q4,2024
40,spotify:track:4MSj19TwYBLgDFj3ddEeco,"Lost Frequencies, Tom Odell",Black Friday (pretty like the sun),UROK,9,28,12,1011712,DE,Germany,Q4,2024
41,spotify:track:5QllDVWTd3lOLcceZsekwX,"RIN, oddworld",1994,GOLD LEAGUE/DIVISION,12,29,3,1011504,DE,Germany,Q4,2024
42,spotify:track:5fZJQrFKWQLb7FpJXZ1g7K,Shaboozey,A Bar Song (Tipsy),American Dogwood / EMPIRE,15,42,25,993890,DE,Germany,Q4,2024
43,spotify:track:3ilgxZl5g7MOQCUiky3VOG,Pashanim,Ms. Jackson,Urban,1,54,59,989110,DE,Germany,Q4,2024
44,spotify:track:64CWBV60WRWZhb92wmxNNd,"Niklas Dee, René Miller",Around The World,Bamboo Artists,28,39,10,988146,DE,Germany,Q4,2024
45,spotify:track:59NraMJsLaMCVtwXTSia8i,"cassö, RAYE, D-Block Europe",Prada,Ministry of Sound Recordings,2,94,61,983687,DE,Germany,Q4,2024
46,spotify:track:1CDQzbCz4KSQxHe7LMEgRM,Eminem,Houdini,Shady/Aftermath/Interscope Records,2,53,19,980737,DE,Germany,Q4,2024
47,spotify:track:4oevkKHMUdSJkCspP2ebAE,Dardan,Ich bring dir keine Blumen,Hypnotize Entertainment,14,35,3,976978,DE,Germany,Q4,2024
48,spotify:track:7xLbQTeLpeqlxxTPLSiM20,"Pashanim, RB030, Selim61",aç bleiben,Urban,8,33,3,974900,DE,Germany,Q4,2024
49,spotify:track:3U5JVgI2x4rDyHGObzJfNf,Natasha Bedingfield,Unwritten,Sony Music CG,2,49,39,969255,DE,Germany,Q4,2024
50,spotify:track:4MQEO1kn7nPytvAImsLyzs,"Ufo361, Paula Hartmann",RED CUPS (feat. Paula Hartmann),Epic/Stay High,5,21,3,966957,DE,Germany,Q4,2024
1,spotify:track:3BFh8rR6aMexy7ELu2UQy3,"DELLAFUENTE, Morad",Manos Rotas,MAAS,1,1,8,3923783,ES,Spain,Q1,2024
2,spotify:track:0qZhK4gFB5c1Wxsnd6WA8U,"Soolking, Lola Indigo, Rvfv",Casanova,Universal Music MENA Distributed Labels,2,2,5,3216477,ES,Spain,Q1,2024
3,spotify:track:7bywjHOc0wSjGGbj04XbVi,"Feid, ATL Jacob",LUNA,UMLE - Latino,3,4,6,3188551,ES,Spain,Q1,2024
4,spotify:track:3Cx4BsDd4q0GCVBJ5CAw2K,"Gaby Music, Lunay, Luar La L",No Te Quieren Conmigo,"Universal Music Latino / Gaby Music, Inc.",4,5,4,2920870,ES,Spain,Q1,2024
5,spotify:track:7iUtQNMRB8ZkKC4AmEuCJC,Myke Towers,LA FALDA,WEA Latina,3,3,7,2832254,ES,Spain,Q1,2024
6,spotify:track:6XbtvPmIpyCbjuT0e8cQtp,Quevedo,Columbia,Rimas Entertainment LLC.,1,6,27,2155111,ES,Spain,Q1,2024
7,spotify:track:559YUIWxUc8Mx4lsla13Ff,"Mora, YOVNGCHIMI",MODELITO,Rimas Entertainment LLC,4,10,52,2033049,ES,Spain,Q1,2024
8,spotify:track:7iQXYTyuG13aoeHxGG28Nh,"Bad Bunny, Feid",PERRO NEGRO,Rimas Entertainment LLC,2,8,13,1980839,ES,Spain,Q1,2024
9,spotify:track:2kz1YOhJiNubjigR1gB1VX,Rauw Alejandro,DILUVIO,Sony Music Latin/Duars Entertainment,3,7,14,1898401,ES,Spain,Q1,2024
10,spotify:track:5xSt1wxZobFcLzHrFakv6z,SAIKO,COSAS QUE NO TE DIJE,WM Spain,9,11,24,1754192,ES,Spain,Q1,2024
11,spotify:track:2HafqoJbgXdtjwCOvNEF14,iñigo quintero,Si No Estás,Acqustic,1,9,17,1731962,ES,Spain,Q1,2024
12,spotify:track:0QRHOAeU8JRaVVn3UoZBih,"Mora, SAIKO",REINA,Rimas Entertainment LLC,1,13,20,1687839,ES,Spain,Q1,2024
13,spotify:track:6gMj2DzKR2PjrrbNSwcGFR,"Anuel AA, Quevedo, Maluma, Mambo Kingz, DJ Luian",OA,Hear This Music,3,14,13,1655760,ES,Spain,Q1,2024
14,spotify:track:18W8cuvcub2B9NQzm5rZxf,"JC Reyes, Pedro Calderon, Blacknife",A 300,JC Reyes,14,18,34,1575084,ES,Spain,Q1,2024
15,spotify:track:0EhuGnOS6fTc5l5UNtDEH2,"SAIKO, Quevedo, Feid, Mora",POLARIS - Remix,2023 Rimas Entertainment LLC.,1,17,31,1543662,ES,Spain,Q1,2024
16,spotify:track:3tPPP39TSamzLPOJomKALp,"Soge Culebra, Quevedo, GARABATTO",NO PIENSO LLAMAR,WM Spain,9,12,14,1540774,ES,Spain,Q1,2024
17,spotify:track:68OXeY9CUQebrOAAh3b3Jw,Myke Towers,LA CAPI,WEA Latina,17,20,7,1476642,ES,Spain,Q1,2024
18,spotify:track:5RqSsdzTNPX1uzkmlHCFvK,"KAROL G, Peso Pluma",QLONA,Bichota/Interscope Records,8,15,22,1468871,ES,Spain,Q1,2024
19,spotify:track:6KHxe3Yj8W8oq3zviUvJRe,Ana Mena,Madrid City,Sony Music Entertainment,16,16,15,1454603,ES,Spain,Q1,2024
20,spotify:track:4sDpxaulErbJ9NBaJDC7cJ,"Quevedo, SAIKO",Buenas,Rimas Entertainment LLC.,1,23,16,1420713,ES,Spain,Q1,2024
21,spotify:track:0p0cOpBujR114Wirv5AM7W,"Dei V, Bryant Myers",Narcotics (with Bryant Myers),Encore Recordings,17,21,17,1420245,ES,Spain,Q1,2024
22,spotify:track:7ABLbnD53cQK00mhcaOUVG,Myke Towers,LALA,WEA Latina,1,19,30,1356654,ES,Spain,Q1,2024
23,spotify:track:51QmqegeWI2orK2mzDfnIH,Kiko Rivera,El Mambo,Kiko Rivera,5,24,15,1298822,ES,Spain,Q1,2024
24,spotify:track:5nSUskJwcSRFS9dIqrVfrv,Dei V,Quién Es Dei V?,Encore Recordings,11,25,17,1289176,ES,Spain,Q1,2024
25,spotify:track:6Es8Sk3xe1HiJ2MXCfHHwR,"Emilia, TINI",La_Original.mp3,Sony Music Latin,19,36,10,1278287,ES,Spain,Q1,2024
26,spotify:track:0Fyqe4e5VjCaFjNSNYWa25,"GIMS, Morad, SativaMusic",Seya,Sativa Music,22,28,14,1278201,ES,Spain,Q1,2024
27,spotify:track:3CqTTiYyJRJNmuxZcww8BP,céro,lady madrizZz,céro,8,30,12,1262099,ES,Spain,Q1,2024
28,spotify:track:21N77gfWYoQDvrLvaeiQgi,"Rauw Alejandro, Bizarrap",BABY HELLO,Sony Music Latin/Duars Entertainment,2,27,29,1243153,ES,Spain,Q1,2024
29,spotify:track:6irysuQyZWd7Bjj7ePiOs2,JHAYCO,Holanda,N&E Entertainment LLC,3,26,24,1240342,ES,Spain,Q1,2024
30,spotify:track:3tt9i3Hhzq84dPS8H7iSiJ,Manuel Turizo,La Bachata,Sony Music Latin/La Industria,1,22,85,1223940,ES,Spain,Q1,2024
31,spotify:track:5iilNoD56jD3FJ3bM9tMP0,"Omar Montes, SAIKO, Tunvao",Arena y Sal,Sony Music Latin,5,32,34,1182386,ES,Spain,Q1,2024
32,spotify:track:5R4NkcQZB1kQXMoCFhl4OH,SAIKO,Extasisssssss,2023 SAIKO,26,31,4,1164212,ES,Spain,Q1,2024
33,spotify:track:1YnChEM51BVZ5dRhbVFEMl,"Bad Bunny, Bryant Myers",SEDA,Rimas Entertainment LLC,8,35,13,1136207,ES,Spain,Q1,2024
34,spotify:track:1MB8kTH7VKvAMfL9SHgJmG,"Sebastian Yatra, Manuel Turizo, Beéle",Vagabundo,UMLE - Latino,3,29,35,1116005,ES,Spain,Q1,2024
35,spotify:track:0goXAEnjWhssHU0y9Zyqyf,Feid,LUCES DE TECNO,UMLE - Latino,9,44,15,1108452,ES,Spain,Q1,2024
36,spotify:track:4PA1wK0leCjmRZlP5dQ8Lv,"Sky Rompiendo, Feid, Myke Towers",El Cielo,Sony Music Latin,3,39,32,1098868,ES,Spain,Q1,2024
37,spotify:track:1Hs1uUl8o2VtDp1DABFq0O,"LIT killah, Tiago PZK, Maria Becerra, Duki, Emilia, Rusherking, Big One, FMK",Los del Espacio,WEA Latina,3,34,32,1058425,ES,Spain,Q1,2024
38,spotify:track:0sfk352FO8bJUjWjIsyzSR,Mora,DONDE SE APRENDE A QUERER?,Rimas Entertainment LLC,7,45,20,1036488,ES,Spain,Q1,2024
39,spotify:track:5KbBVSj6AJZ5662fO8EYFh,"Marshmello, Manuel Turizo",El Merengue,Sony Music Latin,4,33,45,1010333,ES,Spain,Q1,2024
40,spotify:track:5hyKw9bjqXCcIxAoDmAxMJ,"Morad, Beny Jr, DELLAFUENTE",No Estuviste En Lo Malo - REMIX,M.D.L.R,17,37,15,984414,ES,Spain,Q1,2024
41,spotify:track:0TkIQ2I48rz4kpk1XpfyHq,"Rvfv, Rels B",Mi Luz - ft. Rels B,NASTU MUSIC,9,56,102,957990,ES,Spain,Q1,2024
42,spotify:track:2df5CkXBJO7jTGXm54dFJy,"Emilia, LUDMILLA, ZECCA",No_se_ve.mp3,2023 WK Records,14,51,35,957186,ES,Spain,Q1,2024
43,spotify:track:6FvMc0dfKvSbzFmqfT1GoG,Eladio Carrion,TQMQA,Rimas Entertainment LLC,29,40,4,938115,ES,Spain,Q1,2024
44,spotify:track:1VB4sadHjFcFklHcZuoROi,Estopa,Como Camarón,Ariola,42,42,158,933672,ES,Spain,Q1,2024
45,spotify:track:3cDyocF0Ibdfs1SFQk5cLZ,Darell,Lollipop,Sony Music Latin,2,46,15,924009,ES,Spain,Q1,2024
46,spotify:track:1kqH58eGh2ZTOHwqBIB2tM,"Mesita, Nicki Nicole, Tiago PZK, Emilia",Una Foto Remix (feat. Emilia),Mesita,46,-1,1,918274,ES,Spain,Q1,2024
47,spotify:track:1hZsWUnLbqRw09jLAMQSsb,"Feid, Young Miko",CLASSY 101,UMLE - Latino,4,53,41,916237,ES,Spain,Q1,2024
48,spotify:track:4WiQA1AGWHFvaxBU6bHghs,Quevedo,PUNTO G,Rimas Entertainment LLC.,1,57,62,915634,ES,Spain,Q1,2024
49,spotify:track:4PxuQB2bwMFyP6qjHDBsmb,"SAIKO, Yandel",CORLEONE,2023 SAIKO,21,43,4,894565,ES,Spain,Q1,2024
50,spotify:track:4MjDJD8cW7iVeWInc2Bdyj,Bad Bunny,MONACO,Rimas Entertainment LLC,1,48,13,876230,ES,Spain,Q1,2024
1,spotify:track:2bipvepI8ridFvIAImR5Xf,"El Bobe, Omar Montes",El Conjuntito,Cycling Records,1,4,3,4688479,ES,Spain,Q2,2024
2,spotify:track:62k8iliO7KTiYp7LWGPa5p,"Gonzy, SAIKO, Arcángel",X'CLUSIVO (REMIX),Visonare Records,1,1,6,4356934,ES,Spain,Q2,2024
3,spotify:track:6XjDF6nds4DE2BBbagZol6,"FloyyMenor, Cris MJ",Gata Only,FloyyMenor under exclusive license to UnitedMasters LLC,3,3,8,3637181,ES,Spain,Q2,2024
4,spotify:track:0QoaFLmBJyuVuzOIGy6iCS,"The Academy: Segunda Misión, Sech, Justin Quiles, Lenny Tavárez, Dalex, Dímelo Flow, Myke Towers",LA RANGER (feat. Myke Towers),WEA Latina,4,7,2,3494486,ES,Spain,Q2,2024
5,spotify:track:33VIvWmmCUgix6Htm1WdOJ,"JC Reyes, De La Ghetto",FARDOS,JC Reyes,1,2,8,3446750,ES,Spain,Q2,2024
6,spotify:track:7bywjHOc0wSjGGbj04XbVi,"Feid, ATL Jacob",LUNA,UMLE - Latino,2,6,19,2719437,ES,Spain,Q2,2024
7,spotify:track:6RqD0fpAaKEZvQd0QrTj7j,"Morad, Beny Jr, Rvfv",Lo Que Tiene,M.D.L.R,6,8,5,2609658,ES,Spain,Q2,2024
8,spotify:track:7iUtQNMRB8ZkKC4AmEuCJC,Myke Towers,LA FALDA,WEA Latina,2,5,20,2565833,ES,Spain,Q2,2024
9,spotify:track:43PiEypaceH339CSNiggyj,"iZaak, JHAYCO, Anuel AA",BBY BOO - REMIX,WEA Latina,9,16,2,2535603,ES,Spain,Q2,2024
10,spotify:track:03O0bVezEElAy8AWXGTAOo,Cyril Kamer,Thalía,Cyril Kamer.,10,10,5,2325425,ES,Spain,Q2,2024
11,spotify:track:6xqQDwzjswlToEEHgvA3KM,"Lola Indigo, Manuel Turizo",1000COSAS,Universal Music Spain S.L.,4,9,5,2320034,ES,Spain,Q2,2024
12,spotify:track:7y8wfdPTJT94sIs6LnGDJC,"Dei V, Myke Towers",Trending Remix (with Myke Towers),Encore Recordings,10,12,15,1979359,ES,Spain,Q2,2024
13,spotify:track:0PtLrH95CQ2lKf6pym5LmA,"Pepe y Vizio, Delaossa, KIDDO",El Patio,Helsinkipro,8,11,42,1961564,ES,Spain,Q2,2024
14,spotify:track:4IJWhehNLXru5WfS71EWSx,"Cris MJ, Dei V",Diabólica,Sonar LLC.,14,15,7,1866260,ES,Spain,Q2,2024
15,spotify:track:3BFh8rR6aMexy7ELu2UQy3,"DELLAFUENTE, Morad",Manos Rotas,MAAS,1,13,21,1859122,ES,Spain,Q2,2024
16,spotify:track:3r9OpHiEaeMaBOa7kVtWtC,Key-Key,Tengo Un Plan,Legal Music Group under exclusive licence to NWS Music Group,16,54,2,1835110,ES,Spain,Q2,2024
17,spotify:track:3GY16GkbrhV1hya2TKsaaj,"The Academy: Segunda Misión, Justin Quiles, Sech, Lenny Tavárez, Dalex, Dímelo Flow, Eladio Carrion, Bryant Myers, Dei V","SI SI SI SI (feat. Eladio Carrion, Bryant Myers, Dei V)",WEA Latina,17,19,2,1757448,ES,Spain,Q2,2024
18,spotify:track:2vh03XeMmNRwxiAztk01Pe,"Ovy On The Drums, Myke Towers, SAIKO",DESATAAA,WEA Latina,8,14,4,1727718,ES,Spain,Q2,2024
19,spotify:track:16flcJEZHzqoSRv7Ku5gjJ,"Renn, Yexel",Maquillaje,WEA Latina,19,28,5,1686586,ES,Spain,Q2,2024
20,spotify:track:1txhQHV26PyOJJarkYtkOn,"YOVNGCHIMI, Dei V",TU$$I (with Dei V),Encore Recordings,13,17,14,1613918,ES,Spain,Q2,2024
21,spotify:track:1kqH58eGh2ZTOHwqBIB2tM,"Mesita, Nicki Nicole, Tiago PZK, Emilia",Una Foto Remix (feat. Emilia),Mesita,7,18,14,1575799,ES,Spain,Q2,2024
22,spotify:track:7s4emXHJwAuo5VvGBXmnBL,"Young Miko, Feid",offline,Wave Music Group,22,-1,1,1567478,ES,Spain,Q2,2024
23,spotify:track:3tt9i3Hhzq84dPS8H7iSiJ,Manuel Turizo,La Bachata,Sony Music Latin/La Industria,1,20,98,1529890,ES,Spain,Q2,2024
24,spotify:track:7iQXYTyuG13aoeHxGG28Nh,"Bad Bunny, Feid",PERRO NEGRO,Rimas Entertainment LLC,2,26,26,1525237,ES,Spain,Q2,2024
25,spotify:track:1mAUVEQWn2PRxWnRhQreBo,"Sky Rompiendo, Dei V",CRUSH,Sony Music Latin,25,61,24,1514654,ES,Spain,Q2,2024
26,spotify:track:18W8cuvcub2B9NQzm5rZxf,"JC Reyes, Pedro Calderon, Blacknife",A 300,JC Reyes,11,23,47,1504863,ES,Spain,Q2,2024
27,spotify:track:0qZhK4gFB5c1Wxsnd6WA8U,"Soolking, Lola Indigo, Rvfv",Casanova,Universal Music MENA Distributed Labels,2,24,18,1494091,ES,Spain,Q2,2024
28,spotify:track:6Es8Sk3xe1HiJ2MXCfHHwR,"Emilia, TINI",La_Original.mp3,Sony Music Latin,12,27,23,1486932,ES,Spain,Q2,2024
29,spotify:track:35ttE4t8lQZA2vuCYDg4G7,Milo j,M.A.I,DALE PLAY Records,5,25,14,1433718,ES,Spain,Q2,2024
30,spotify:track:3XhOu0IolGPGcz6VbxEQSk,"Gaby Music, Anuel AA, Luar La L, Lunay, Bryant Myers",No Te Quieren Conmigo - Remix,"Universal Music Latino / Gaby Music, Inc.",30,-1,1,1417929,ES,Spain,Q2,2024
31,spotify:track:3xkHsmpQCBMytMJNiDf3Ii,Benson Boone,Beautiful Things,"Night Street Records, Inc./Warner Records Inc.",21,21,9,1415067,ES,Spain,Q2,2024
32,spotify:track:6XbtvPmIpyCbjuT0e8cQtp,Quevedo,Columbia,Rimas Entertainment LLC.,1,31,40,1307947,ES,Spain,Q2,2024
33,spotify:track:559YUIWxUc8Mx4lsla13Ff,"Mora, YOVNGCHIMI",MODELITO,Rimas Entertainment LLC,4,30,65,1273966,ES,Spain,Q2,2024
34,spotify:track:6VciS3dRMpZhJiDxT8ArFi,"Bizarrap, Young Miko","Young Miko: Bzrp Music Sessions, Vol. 58/66",DALE PLAY Records,1,33,14,1272443,ES,Spain,Q2,2024
35,spotify:track:2kz1YOhJiNubjigR1gB1VX,Rauw Alejandro,DILUVIO,Sony Music Latin/Duars Entertainment,3,32,27,1257287,ES,Spain,Q2,2024
36,spotify:track:6gMj2DzKR2PjrrbNSwcGFR,"Anuel AA, Quevedo, Maluma, Mambo Kingz, DJ Luian",OA,Hear This Music,3,34,26,1238987,ES,Spain,Q2,2024
37,spotify:track:0EhuGnOS6fTc5l5UNtDEH2,"SAIKO, Quevedo, Feid, Mora",POLARIS - Remix,2023 Rimas Entertainment LLC.,1,35,44,1230679,ES,Spain,Q2,2024
38,spotify:track:5xSt1wxZobFcLzHrFakv6z,SAIKO,COSAS QUE NO TE DIJE,WM Spain,9,40,37,1199497,ES,Spain,Q2,2024
39,spotify:track:68OXeY9CUQebrOAAh3b3Jw,Myke Towers,LA CAPI,WEA Latina,15,29,20,1198262,ES,Spain,Q2,2024
40,spotify:track:3Cx4BsDd4q0GCVBJ5CAw2K,"Gaby Music, Lunay, Luar La L",No Te Quieren Conmigo,"Universal Music Latino / Gaby Music, Inc.",4,22,17,1189919,ES,Spain,Q2,2024
41,spotify:track:2DbV9TSdeGr5FobCFDRzvq,"Bizarrap, Natanael Cano","Natanael Cano: Bzrp Music Sessions, Vol. 59/66",DALE PLAY Records,41,-1,1,1182908,ES,Spain,Q2,2024
42,spotify:track:0QRHOAeU8JRaVVn3UoZBih,"Mora, SAIKO",REINA,Rimas Entertainment LLC,1,36,33,1174127,ES,Spain,Q2,2024
43,spotify:track:6KHxe3Yj8W8oq3zviUvJRe,Ana Mena,Madrid City,Sony Music Entertainment,16,37,28,1153889,ES,Spain,Q2,2024
44,spotify:track:2GxrNKugF82CnoRFbQfzPf,Artemas,i like the way you kiss me,Artemas,44,58,2,1143694,ES,Spain,Q2,2024
45,spotify:track:5KbBVSj6AJZ5662fO8EYFh,"Marshmello, Manuel Turizo",El Merengue,Sony Music Latin,4,41,58,1142656,ES,Spain,Q2,2024
46,spotify:track:1MB8kTH7VKvAMfL9SHgJmG,"Sebastian Yatra, Manuel Turizo, Beéle",Vagabundo,UMLE - Latino,3,45,48,1096933,ES,Spain,Q2,2024
47,spotify:track:6vsKOJPjdxlYgRs8McgtCQ,"TWENTY SIX, Tayson Kryss",Buscando Money,FFRR,6,38,11,1080623,ES,Spain,Q2,2024
48,spotify:track:21N77gfWYoQDvrLvaeiQgi,"Rauw Alejandro, Bizarrap",BABY HELLO,Sony Music Latin/Duars Entertainment,2,48,42,1074430,ES,Spain,Q2,2024
49,spotify:track:5QtB74eCS2YzHvEfSlh8MG,"Eladio Carrion, Rauw Alejandro",Hey Lil Mama,Rimas Entertainment LLC,11,50,12,1043171,ES,Spain,Q2,2024
50,spotify:track:4SmMe198ot30paOyvuTH5w,"Lola Indigo, SAIKO",UNA BACHATA,Universal Music Spain S.L.,11,43,10,1042735,ES,Spain,Q2,2024
1,spotify:track:6WatFBLVB0x077xWeoVc2k,KAROL G,Si Antes Te Hubiera Conocido,Bichota/Interscope Records,1,1,3,5752604,ES,Spain,Q3,2024
2,spotify:track:4sykJxUsqdXZRqRv1J9fEQ,"Omar Montes, JC Reyes",Goteras,Sony Music Latin,2,4,2,4938318,ES,Spain,Q3,2024
3,spotify:track:1pymWRCuZfCd0zdiBJo0Hj,Trueno,REAL GANGSTA LOVE,Sony Music Latin,1,2,7,4082574,ES,Spain,Q3,2024
4,spotify:track:3ng8tfwvzR4BBwa9yaMms6,"SAIKO, JC Reyes, Dei V",BADGYAL,2024 SAIKONETA,1,3,11,3747615,ES,Spain,Q3,2024
5,spotify:track:4gdpQ6zuDsePnD1YIDJCRw,"Isabel Aaiún, Fernando Moreno",Potra Salvaje - Hard Remix,Níquel Records,4,6,8,3507460,ES,Spain,Q3,2024
6,spotify:track:06JM1fuKPQOrSL6s9mzDvV,Lola Indigo,LA REINA,Universal Music Spain S.L.,5,5,4,3436083,ES,Spain,Q3,2024
7,spotify:track:0LZy30mVmxqUpdQmaXKXBd,"Myke Towers, Bad Bunny",ADIVINO,WEA Latina,3,8,11,2707491,ES,Spain,Q3,2024
8,spotify:track:2TWX6XUqmPx44FDOmgtb0I,Gonzy,FRIKI,Visonare Records,8,10,12,2452652,ES,Spain,Q3,2024
9,spotify:track:6a9Z1jUms915w4O7N1PxjY,"Rvssian, Rauw Alejandro, Ayra Starr",Santa,Sony Music Latin,1,7,14,2421929,ES,Spain,Q3,2024
10,spotify:track:6XjDF6nds4DE2BBbagZol6,"FloyyMenor, Cris MJ",Gata Only,FloyyMenor under exclusive license to UnitedMasters LLC,2,9,21,2375848,ES,Spain,Q3,2024
11,spotify:track:1fTjqf10accJCDYstPwwZ6,Kapo,OHNANA,Sony Music Latin/La Industria,11,53,2,2239246,ES,Spain,Q3,2024
12,spotify:track:7iUtQNMRB8ZkKC4AmEuCJC,Myke Towers,LA FALDA,WEA Latina,2,15,33,2199255,ES,Spain,Q3,2024
13,spotify:track:1emJPywtseFLmLCcPY92dW,"Dei V, Cris MJ",Rapido (with Cris Mj),Encore Recordings,11,11,4,2185634,ES,Spain,Q3,2024
14,spotify:track:7bywjHOc0wSjGGbj04XbVi,"Feid, ATL Jacob",LUNA,UMLE - Latino,2,13,32,2017735,ES,Spain,Q3,2024
15,spotify:track:7B8FKzh1mzjPp9GxjED0MT,"JC Reyes, The Rudeboyz",COMUNA 3,JC Reyes,12,16,9,1995373,ES,Spain,Q3,2024
16,spotify:track:62k8iliO7KTiYp7LWGPa5p,"Gonzy, SAIKO, Arcángel",X'CLUSIVO (REMIX),Visonare Records,1,14,19,1963026,ES,Spain,Q3,2024
17,spotify:track:4yyCGGdTVaYG17vhsrUPoL,"FloyyMenor, Lewis Somes",APAGA EL CEL,FloyyMenor under exclusive license to UnitedMasters LLC,9,20,7,1930040,ES,Spain,Q3,2024
18,spotify:track:6xqQDwzjswlToEEHgvA3KM,"Lola Indigo, Manuel Turizo",1000COSAS,Universal Music Spain S.L.,4,17,18,1903509,ES,Spain,Q3,2024
19,spotify:track:2bipvepI8ridFvIAImR5Xf,"El Bobe, Omar Montes",El Conjuntito,Cycling Records,1,12,16,1901291,ES,Spain,Q3,2024
20,spotify:track:3tt9i3Hhzq84dPS8H7iSiJ,Manuel Turizo,La Bachata,Sony Music Latin/La Industria,1,18,111,1833594,ES,Spain,Q3,2024
21,spotify:track:7CsOowK8aWlxgjuZLW7pXA,"Omar Montes, Lola Indigo, Las Chuches",EL PANTALON - RUMBAS,Sony Music Latin,3,19,6,1708431,ES,Spain,Q3,2024
22,spotify:track:33VIvWmmCUgix6Htm1WdOJ,"JC Reyes, De La Ghetto",FARDOS,JC Reyes,1,22,21,1479942,ES,Spain,Q3,2024
23,spotify:track:6XbtvPmIpyCbjuT0e8cQtp,Quevedo,Columbia,Rimas Entertainment LLC.,1,30,53,1478392,ES,Spain,Q3,2024
24,spotify:track:6zB8TVWUZpQ2UWRxFT1BrI,Aitana,4TO 23,Universal Music Spain S.L.,24,-1,1,1469750,ES,Spain,Q3,2024
25,spotify:track:6opCVD6WJNDyBAxvrzKLnH,Dei V,Martini,Encore Recordings,14,25,11,1465048,ES,Spain,Q3,2024
26,spotify:track:79OU5n2Y8jMcWgYZJ2DhAd,"NTG, Amenazzy",Suano,New Norte LLC,8,24,10,1458732,ES,Spain,Q3,2024
27,spotify:track:4YnmQG1fnJR9LnTZtix70T,"J Abdiel, De La Rose, Yan Block, iZaak, Jay Wheeler",WYA REMIX RED,SONAR LLC.,27,52,6,1439672,ES,Spain,Q3,2024
28,spotify:track:5KbBVSj6AJZ5662fO8EYFh,"Marshmello, Manuel Turizo",El Merengue,Sony Music Latin,4,26,71,1400802,ES,Spain,Q3,2024
29,spotify:track:6RqD0fpAaKEZvQd0QrTj7j,"Morad, Beny Jr, Rvfv",Lo Que Tiene,M.D.L.R,6,23,18,1386188,ES,Spain,Q3,2024
30,spotify:track:1S3SAFqLBWk3HaR5UyXp43,"Ozuna, Bad Gyal",Guay,Aura Music Corp.,10,31,12,1355649,ES,Spain,Q3,2024
31,spotify:track:5jFA0f4ZDGLbQP4nxzL8D4,Lomiiel,HAY LUPITA,Open Shift Distribution,31,34,7,1339953,ES,Spain,Q3,2024
32,spotify:track:5OwAhFlvFZ4ZdGDfroYgAm,"Big One, Maria Becerra, Trueno",Cuando Te Vi | CROSSOVER #5,Fifty One,32,54,2,1328671,ES,Spain,Q3,2024
33,spotify:track:43PiEypaceH339CSNiggyj,"iZaak, JHAYCO, Anuel AA",BBY BOO - REMIX,WEA Latina,6,27,15,1328259,ES,Spain,Q3,2024
34,spotify:track:68qjM8nSoUj8YQOJuu6hZ8,"SAIKO, Omar Montes",YO LO SOÑÉ,2024 SAIKONETA,4,32,13,1298558,ES,Spain,Q3,2024
35,spotify:track:1mAUVEQWn2PRxWnRhQreBo,"Sky Rompiendo, Dei V",CRUSH,Sony Music Latin,16,28,37,1291051,ES,Spain,Q3,2024
36,spotify:track:68OXeY9CUQebrOAAh3b3Jw,Myke Towers,LA CAPI,WEA Latina,15,40,33,1274535,ES,Spain,Q3,2024
37,spotify:track:4IJWhehNLXru5WfS71EWSx,"Cris MJ, Dei V",Diabólica,Sonar LLC.,14,36,20,1254952,ES,Spain,Q3,2024
38,spotify:track:63pLfjK6FvcYJYMGwtHjd6,Feid,SORRY 4 THAT MUCH,FEID,9,21,5,1247415,ES,Spain,Q3,2024
39,spotify:track:0QoaFLmBJyuVuzOIGy6iCS,"The Academy: Segunda Misión, Sech, Justin Quiles, Lenny Tavárez, Dalex, Dímelo Flow, Myke Towers",LA RANGER (feat. Myke Towers),WEA Latina,4,38,15,1233271,ES,Spain,Q3,2024
40,spotify:track:5oRbyHwMdgnCZhgqlubRiB,"Rvfv, David Bisbal",RUEDA,NASTU MUSIC,26,39,6,1229615,ES,Spain,Q3,2024
41,spotify:track:1txhQHV26PyOJJarkYtkOn,"YOVNGCHIMI, Dei V",TU$$I (with Dei V),Encore Recordings,13,33,27,1212274,ES,Spain,Q3,2024
42,spotify:track:5Uptvz6j1sjDKxidAcnH2L,Cris MJ,SI NO ES CONTIGO,Sonar LLC.,35,35,6,1210482,ES,Spain,Q3,2024
43,spotify:track:6LB49nISRDX9hK0d28SfY1,"Dei V, Myke Towers",Trending Remix (with Myke Towers),Encore Recordings,10,37,28,1164064,ES,Spain,Q3,2024
44,spotify:track:5RqSsdzTNPX1uzkmlHCFvK,"KAROL G, Peso Pluma",QLONA,Bichota/Interscope Records,8,56,48,1161729,ES,Spain,Q3,2024
45,spotify:track:7ulBZOeFHaCeN2ubZxHxsg,Isabel Aaiún,Potra Salvaje,Níquel Records,45,64,4,1123660,ES,Spain,Q3,2024
46,spotify:track:3BFh8rR6aMexy7ELu2UQy3,"DELLAFUENTE, Morad",Manos Rotas,MAAS,1,45,34,1101122,ES,Spain,Q3,2024
47,spotify:track:0PtLrH95CQ2lKf6pym5LmA,"Pepe y Vizio, Delaossa, KIDDO",El Patio,Helsinkipro,8,47,55,1039029,ES,Spain,Q3,2024
48,spotify:track:1MB8kTH7VKvAMfL9SHgJmG,"Sebastian Yatra, Manuel Turizo, Beéle",Vagabundo,UMLE - Latino,3,46,61,1003540,ES,Spain,Q3,2024
49,spotify:track:505v13epFXodT9fVAJ6h8k,KAROL G,AMARGURA,BICHOTA RECORDS / INTERSCOPE RECORDS / UNIVERSAL MUSIC LATINO,39,58,65,1000121,ES,Spain,Q3,2024
50,spotify:track:0TkIQ2I48rz4kpk1XpfyHq,"Rvfv, Rels B",Mi Luz - ft. Rels B,NASTU MUSIC,9,44,128,995657,ES,Spain,Q3,2024
1,spotify:track:0Sr7ssScx54yxdM2ols7nW,"Omar Courtz, De La Rose",Q U E V A S H A C E R H O Y ?,Mr.305 Records / Rimas Entertainment LLC.,1,1,3,4980723,ES,Spain,Q4,2024
2,spotify:track:6WatFBLVB0x077xWeoVc2k,KAROL G,Si Antes Te Hubiera Conocido,Bichota/Interscope Records,1,2,16,4041257,ES,Spain,Q4,2024
3,spotify:track:0glj70T9fN3kyJzYmTKzy1,"Los Sufridos, Bad Gyal",Duro De Verdad pt.2,Interscope Records,2,3,4,3404769,ES,Spain,Q4,2024
4,spotify:track:42wdz3j7gstgUuhoFLCXqd,FloyyMenor,PELIGROSA,FloyyMenor under exclusive license to UnitedMasters LLC,3,4,12,2728678,ES,Spain,Q4,2024
5,spotify:track:6mnfGyPzbzSe8olYGM44pU,Beny Jr,Luna llena,LF BABYS,5,6,14,2469336,ES,Spain,Q4,2024
6,spotify:track:39Pc4a04VgCtcc7m0XKi9M,Myke Towers,TAMBIÉN,WEA Latina,6,7,7,2459094,ES,Spain,Q4,2024
7,spotify:track:3OJDtCdYs8QJnui708tEU3,Shakira,Soltera,Sony Music Latin,7,16,2,2299729,ES,Spain,Q4,2024
8,spotify:track:5QjmUqgpPQgXgg4606DqZF,Kapo,UWAIE,Sony Music Latin/La Industria,2,5,8,2183722,ES,Spain,Q4,2024
9,spotify:track:1emJPywtseFLmLCcPY92dW,"Dei V, Cris MJ",Rapido (with Cris Mj),Encore Recordings,6,9,17,2115794,ES,Spain,Q4,2024
10,spotify:track:1fTjqf10accJCDYstPwwZ6,Kapo,OHNANA,Sony Music Latin/La Industria,2,8,15,1969817,ES,Spain,Q4,2024
11,spotify:track:2TWX6XUqmPx44FDOmgtb0I,Gonzy,FRIKI,Visonare Records,8,14,25,1955959,ES,Spain,Q4,2024
12,spotify:track:6a9Z1jUms915w4O7N1PxjY,"Rvssian, Rauw Alejandro, Ayra Starr",Santa,Sony Music Latin,1,21,27,1850078,ES,Spain,Q4,2024
13,spotify:track:7bywjHOc0wSjGGbj04XbVi,"Feid, ATL Jacob",LUNA,UMLE - Latino,2,12,45,1837380,ES,Spain,Q4,2024
14,spotify:track:06JM1fuKPQOrSL6s9mzDvV,Lola Indigo,LA REINA,Universal Music Spain S.L.,4,10,17,1773574,ES,Spain,Q4,2024
15,spotify:track:5ER5Fr1Cv7N3chJhAapt66,"Ghost Killer Track, Kidd Keo",Celine (with Kidd Keo),DBT Empire,15,60,15,1698175,ES,Spain,Q4,2024
16,spotify:track:6PhRhocBXP4y7NpciGmzra,"Cris MJ, FloyyMenor, LOUKI",Después De La 1,Sonar LLC.,12,13,4,1697555,ES,Spain,Q4,2024
17,spotify:track:4sykJxUsqdXZRqRv1J9fEQ,"Omar Montes, JC Reyes",Goteras,Sony Music Latin,2,17,15,1618672,ES,Spain,Q4,2024
18,spotify:track:0w0e3Te2Rd4t8gGKi3sU6a,Yan Block,Vacile,SONAR LLC.,17,22,11,1567564,ES,Spain,Q4,2024
19,spotify:track:3ng8tfwvzR4BBwa9yaMms6,"SAIKO, JC Reyes, Dei V",BADGYAL,2024 SAIKONETA,1,19,24,1496758,ES,Spain,Q4,2024
20,spotify:track:3tt9i3Hhzq84dPS8H7iSiJ,Manuel Turizo,La Bachata,Sony Music Latin/La Industria,1,28,124,1401834,ES,Spain,Q4,2024
21,spotify:track:62k8iliO7KTiYp7LWGPa5p,"Gonzy, SAIKO, Arcángel",X'CLUSIVO (REMIX),Visonare Records,1,25,32,1389026,ES,Spain,Q4,2024
22,spotify:track:7iUtQNMRB8ZkKC4AmEuCJC,Myke Towers,LA FALDA,WEA Latina,2,24,46,1387830,ES,Spain,Q4,2024
23,spotify:track:456U68M8lIymkz56Zroxh8,"Manuel Turizo, Kapo",Qué Pecao,La Industria/Sony Music Latin,23,-1,1,1369321,ES,Spain,Q4,2024
24,spotify:track:5KbBVSj6AJZ5662fO8EYFh,"Marshmello, Manuel Turizo",El Merengue,Sony Music Latin,4,37,84,1352984,ES,Spain,Q4,2024
25,spotify:track:0dLdTvslcZVsncSMyVvP7n,"Myke Towers, Darell",OTRA NOCHE (feat. Darell),WEA Latina,12,23,8,1269524,ES,Spain,Q4,2024
26,spotify:track:6xqQDwzjswlToEEHgvA3KM,"Lola Indigo, Manuel Turizo",1000COSAS,Universal Music Spain S.L.,4,35,31,1262352,ES,Spain,Q4,2024
27,spotify:track:7pvqkMcGzRTWU0YpZoJj6U,"Las 2K, Chardo Chardemio, Melody Records International",La Rizos [Dime Si Le Comento a la Pura],Melody Records International,25,26,9,1254153,ES,Spain,Q4,2024
28,spotify:track:505v13epFXodT9fVAJ6h8k,KAROL G,AMARGURA,BICHOTA RECORDS / INTERSCOPE RECORDS / UNIVERSAL MUSIC LATINO,19,29,78,1248859,ES,Spain,Q4,2024
29,spotify:track:1pymWRCuZfCd0zdiBJo0Hj,Trueno,REAL GANGSTA LOVE,Sony Music Latin,1,32,20,1245677,ES,Spain,Q4,2024
30,spotify:track:2gmd7lY3QSzLh0xIY4cRvi,"Maisak, Feid",SE ME OLVIDA,Universal Music Latino,16,38,7,1227401,ES,Spain,Q4,2024
31,spotify:track:0eeX8L0DWvGth1F6xVkvv7,"Myke Towers, Bad Bunny",ADIVINO,WEA Latina,3,39,24,1212097,ES,Spain,Q4,2024
32,spotify:track:57f0ili5EzdZlEaSKcEg8p,Diegote,Tu Silueta,DALE PLAY Records,5,27,13,1209162,ES,Spain,Q4,2024
33,spotify:track:4YnmQG1fnJR9LnTZtix70T,"J Abdiel, De La Rose, Yan Block, iZaak, Jay Wheeler",WYA REMIX RED,SONAR LLC.,26,31,19,1207133,ES,Spain,Q4,2024
34,spotify:track:2mYlSgPvC5Np4mDg9DU5Mc,"Ana Mena, Emilia",CARITA TRISTE,Sony Music Entertainment,14,33,6,1192455,ES,Spain,Q4,2024
35,spotify:track:0JJw1ghkoEu3Yat1uOSjAE,Dani Fernández,Me has invitado a bailar,WM Spain,25,34,7,1163979,ES,Spain,Q4,2024
36,spotify:track:6RqD0fpAaKEZvQd0QrTj7j,"Morad, Beny Jr, Rvfv",Lo Que Tiene,M.D.L.R,6,42,31,1146150,ES,Spain,Q4,2024
37,spotify:track:49kkoKoXAnjNRlxot1ZnlW,"Omar Montes, Rels B",YOTULOKO,Sony Music Latin,24,36,13,1113479,ES,Spain,Q4,2024
38,spotify:track:5jFA0f4ZDGLbQP4nxzL8D4,Lomiiel,HAY LUPITA,Open Shift Distribution,3,40,20,1109137,ES,Spain,Q4,2024
39,spotify:track:1jPff2HChF9ZahcdogUaCX,"SAIKO, Bryant Myers",ESKELETO,2024 SAIKONETA,11,43,24,1083066,ES,Spain,Q4,2024
40,spotify:track:6ZCfGA0bPM50DPmcSlJKGY,"Yandel, Feid",HABLAME CLARO,WEA Latina,7,15,4,1076722,ES,Spain,Q4,2024
41,spotify:track:0TkIQ2I48rz4kpk1XpfyHq,"Rvfv, Rels B",Mi Luz - ft. Rels B,NASTU MUSIC,9,47,141,1070126,ES,Spain,Q4,2024
42,spotify:track:3KeYEr9ogMBemsOfQIJmZp,"Big One, Maria Becerra, Trueno",Cuando Te Vi | CROSSOVER #5,Fifty One,13,41,15,1064776,ES,Spain,Q4,2024
43,spotify:track:635oxQ6Vn3ynUUg6EfQKw9,Walls,haz lo que quieras conmigo,WM Spain,43,49,3,1039359,ES,Spain,Q4,2024
44,spotify:track:0HIbm4W6C8Ar2Cnen0tE44,Figa Flawas,LA MARINA STA MORENA,Halley Records,21,30,12,1029091,ES,Spain,Q4,2024
45,spotify:track:1MB8kTH7VKvAMfL9SHgJmG,"Sebastian Yatra, Manuel Turizo, Beéle",Vagabundo,UMLE - Latino,3,54,74,1017346,ES,Spain,Q4,2024
46,spotify:track:6XbtvPmIpyCbjuT0e8cQtp,Quevedo,Columbia,Rimas Entertainment LLC.,1,46,66,1009561,ES,Spain,Q4,2024
47,spotify:track:5RqSsdzTNPX1uzkmlHCFvK,"KAROL G, Peso Pluma",QLONA,Bichota/Interscope Records,8,45,61,1008288,ES,Spain,Q4,2024
48,spotify:track:2ibFPYHzUnqVpS2rv655oF,"ROSALÍA, Ralphie Choo",Omega (feat. Ralphie Choo),Columbia,18,18,3,998220,ES,Spain,Q4,2024
49,spotify:track:2plbrEY59IikOBgBGLjaoe,"Lady Gaga, Bruno Mars",Die With A Smile,Interscope,48,48,8,950296,ES,Spain,Q4,2024
50,spotify:track:6opCVD6WJNDyBAxvrzKLnH,Dei V,Martini,Encore Recordings,14,44,24,946788,ES,Spain,Q4,2024
1,spotify:track:1eldTykrnkEBLX41bk5eMw,"Jungeli, Imen Es, Alonzo, Abou Debeing, Lossa",Petit génie,Universal Music Distributed Labels,1,1,23,2951452,FR,France,Q1,2024
2,spotify:track:2PWJx5FwMrMVEaTjwYait1,"Favé, Gazo",FLASHBACK,109 Record / Morning Glory Music / Believe,2,2,17,2267711,FR,France,Q1,2024
3,spotify:track:2HafqoJbgXdtjwCOvNEF14,iñigo quintero,Si No Estás,Acqustic,1,5,16,1951573,FR,France,Q1,2024
4,spotify:track:2ImdwbujxKFxN1UxEvf2dD,KeBlack,LAISSE MOI,Motema records,2,4,18,1871645,FR,France,Q1,2024
5,spotify:track:30D9x5LFgL2o9xidjX2wtE,"Soolking, Gazo",Casanova,Universal Music MENA Distributed Labels,1,3,27,1706219,FR,France,Q1,2024
6,spotify:track:2QcTf5lLMrrWTiElDInpTb,"Dadju, Tayc",I love you,Play Two,6,12,5,1611602,FR,France,Q1,2024
7,spotify:track:26Anqi86HCCG57L5CE0gTr,"Jul, SDM",J'fais plaisir à la zone,D'Or et de Platine,4,8,5,1550623,FR,France,Q1,2024
8,spotify:track:3rUGC1vUpkDG9CZFHMur1t,Tate McRae,greedy,RCA Records Label,6,6,17,1540267,FR,France,Q1,2024
9,spotify:track:2BvjmY4Mp5q1AHL0laetd6,"Heuss L'enfoiré, Gazo",Saiyan,150 Prod / Straw Production,1,7,32,1524842,FR,France,Q1,2024
10,spotify:track:17phhZDn6oGtzMe56NuWvj,Teddy Swims,Lose Control,Warner Records,10,15,9,1428304,FR,France,Q1,2024
11,spotify:track:5RJcEoBhxDo8QgmKfr3JG8,"Gazo, Tiakola",NOTRE DAME,BSB PROD,3,11,6,1399699,FR,France,Q1,2024
12,spotify:track:4MpqiN2moRQR2t0DO43MZH,SANTA,Popcorn Salé,Parlophone (France),12,17,19,1392862,FR,France,Q1,2024
13,spotify:track:3oUEzTAoOxqZHN4xiqTGqJ,"Yamê, COLORS",Bécane - A COLORS SHOW,COLORSxSTUDIOS,5,9,8,1382106,FR,France,Q1,2024
14,spotify:track:0EzNyXyU7gHzj2TN8qYThj,SDM,Bolide allemand,92i / Capitol Music France,1,10,58,1360872,FR,France,Q1,2024
15,spotify:track:4OMJGnvZfDvsePyCwRGO7X,Dua Lipa,Houdini,Warner Records,11,14,9,1347479,FR,France,Q1,2024
16,spotify:track:6XzU4QX098kuPPe3OkMk8W,Merveille,Citadelle,BLOOD LINE / MAP Record.,16,26,3,1226046,FR,France,Q1,2024
17,spotify:track:3bK1zVFBKIzYjmptmI4NsJ,"Ofenbach, Norma Jean Martine",Overdrive (feat. Norma Jean Martine),Elektra France,13,13,11,1198517,FR,France,Q1,2024
18,spotify:track:24JrEVHDfohup0ypuOV7os,Werenoi,Laboratoire,PLR Music / PGP Records / Allpoints,9,16,44,1190269,FR,France,Q1,2024
19,spotify:track:5mjYQaktjmjcMKcUIcqz4s,Kenya Grace,Strangers,Warner Records/Major Recordings,7,20,19,1121738,FR,France,Q1,2024
20,spotify:track:0F74FBWgkvXjP3V6tRlCx4,"Shay, Niska",Sans Coeur,Jolie Garce Records / Because Music,9,22,9,1108853,FR,France,Q1,2024
21,spotify:track:5o4XJKRxUK6nXhFLAIS33A,Sia,Gimme Love (Reasonable Woman Version),Monkey Puzzle/Atlantic,15,24,14,1102287,FR,France,Q1,2024
22,spotify:track:3rkyVQEgaDR5nZvW10QOrQ,Werenoi,Chemin d'or,PLR Music / PGP Records / Allpoints,17,35,43,1017119,FR,France,Q1,2024
23,spotify:track:4wNyrbY6B2Okii8VeKo2B2,Tiakola,Meuda,Wati-B,2,18,85,1009917,FR,France,Q1,2024
24,spotify:track:2lbKZKVRX54sPoNKZyp56H,Jul,Beuh d'Hollande,D'Or et de Platine,21,21,5,1000602,FR,France,Q1,2024
25,spotify:track:31nfdEooLEq7dn3UMcIeB5,BENNETT,Vois sur ton chemin - Techno Mix,Warner Music Central Europe,9,19,22,1000113,FR,France,Q1,2024
26,spotify:track:0Fyqe4e5VjCaFjNSNYWa25,"GIMS, Morad, SativaMusic",Seya,Sativa Music,23,28,14,983240,FR,France,Q1,2024
27,spotify:track:0J8Ff1p7vpxBMLnZuAwAUb,PLK,Périph,Panenka Music,15,27,4,967954,FR,France,Q1,2024
28,spotify:track:56y1jOTK0XSvJzVv9vHQBK,Doja Cat,Paint The Town Red,Kemosabe Records/RCA Records,7,23,23,953429,FR,France,Q1,2024
29,spotify:track:7AUMxm5ArZPHojwDbdi8Vi,"Gazo, Tiakola",CARTIER,BSB PROD,9,39,6,946187,FR,France,Q1,2024
30,spotify:track:1odExI7RdWc4BT515LTAwj,David Kushner,Daylight,Miserable Music Group,10,29,39,946047,FR,France,Q1,2024
31,spotify:track:7ujxY1bqVRvMe1sR5iFmxt,Josman,Ailleurs,SIDELINE,18,34,11,933429,FR,France,Q1,2024
32,spotify:track:5JVR0F2Gya13oWlAG3dc62,"Zokush, RK",1 2 3 4,Universal Music Division Virgin Music,18,30,19,918283,FR,France,Q1,2024
33,spotify:track:1DmW5Ep6ywYwxc2HMT5BG6,Loreen,Tattoo,Universal Music AB,7,25,35,903019,FR,France,Q1,2024
34,spotify:track:3rIX5DA9rUk89KUOZdGFaN,Werenoi,Tu connais,AllPoints,28,47,16,900550,FR,France,Q1,2024
35,spotify:track:38KQ5zKDeF3kUH18ZjzBbZ,Dubzyy,La League,PGP Records,22,42,75,899824,FR,France,Q1,2024
36,spotify:track:659scToLVMQbD0vBdwuvFa,"Kerchak, Killemv, Ziak",T'aimerais (feat. Ziak),Label Blue Sky,33,38,4,840913,FR,France,Q1,2024
37,spotify:track:1CcLA0eaauck34YEIrvAAq,"David Guetta, Kim Petras",When We Were Young (The Logical Song),Parlophone UK,37,70,4,818178,FR,France,Q1,2024
38,spotify:track:5bh2UVFvbc6UITYgrQZY6v,"Jul, PLK",Postiché,D'Or et de Platine,9,32,5,812947,FR,France,Q1,2024
39,spotify:track:09FcXaLu1BdrRNgxyBi6p5,"Dave, Tiakola",Meridian,Dave / Neighbourhood Recordings,3,36,20,810341,FR,France,Q1,2024
40,spotify:track:4ZeveNuwkv5cUrkDsx2eGQ,Joseph Kamel,Celui qui part,Duchess Publishing,32,50,17,791386,FR,France,Q1,2024
41,spotify:track:7d391WfC0HtftRcetDFQUy,PLK,Nouvelles,Panenka Music,3,40,39,788263,FR,France,Q1,2024
42,spotify:track:1JvMPB1mkcrQsnasBGMBYd,"Ninho, Ayra Starr",No love,Rec. 118/Jefe Production,9,52,28,775450,FR,France,Q1,2024
43,spotify:track:3kzXT2poHInDISrXOgT1PR,Werenoi,Solitaire,PGP Records,14,55,74,771752,FR,France,Q1,2024
44,spotify:track:5aIVCx5tnk0ntmdiinnYvw,Tyla,Water,FAX Records/Epic,23,37,17,766618,FR,France,Q1,2024
45,spotify:track:59NraMJsLaMCVtwXTSia8i,"cassö, RAYE, D-Block Europe",Prada,Ministry of Sound Recordings,21,45,19,760978,FR,France,Q1,2024
46,spotify:track:66TAAKeoOD0cFpVRug9IXZ,PLK,Demain,Panenka Music,1,44,39,751604,FR,France,Q1,2024
47,spotify:track:4CkbzYcdIRJhrA9tzwFj0B,Jeck,Parapluie,Play Two,47,63,8,749958,FR,France,Q1,2024
48,spotify:track:7jtQIBanIiJOMS6RyCx6jZ,Tom Odell,Another Love,ITNO/Columbia,17,56,128,742090,FR,France,Q1,2024
49,spotify:track:4xhsWYTOGcal8zt0J161CU,Jack Harlow,Lovin On Me,Generation Now/Atlantic,49,174,2,741317,FR,France,Q1,2024
50,spotify:track:1W7ughJhjRaANaAUcxTfnC,Imagine Dragons,Children of the Sky (a Starfield song),KIDinaKORNER/Interscope Records,50,58,13,725387,FR,France,Q1,2024
1,spotify:track:3xkHsmpQCBMytMJNiDf3Ii,Benson Boone,Beautiful Things,"Night Street Records, Inc./Warner Records Inc.",1,1,12,2827048,FR,France,Q2,2024
2,spotify:track:01zsTmucc72th13AWj9HPf,"Zola, Koba LaD",Temps en temps,Truth Records / AWA / BMF,2,2,13,2769976,FR,France,Q2,2024
3,spotify:track:1eldTykrnkEBLX41bk5eMw,"Jungeli, Imen Es, Alonzo, Abou Debeing, Lossa",Petit génie,Universal Music Distributed Labels,1,3,36,2618976,FR,France,Q2,2024
4,spotify:track:6yqwxY8qifBBhyryjZutxk,"Gazo, Tiakola",MAMI WATA,BSB PROD,3,4,19,2244700,FR,France,Q2,2024
5,spotify:track:3Zw66L4FvI9YUUx17OReRD,Franglish,Position,Universal Music Division Capitol Music France,5,5,7,2170064,FR,France,Q2,2024
6,spotify:track:2GxrNKugF82CnoRFbQfzPf,Artemas,i like the way you kiss me,Artemas,6,10,3,2041695,FR,France,Q2,2024
7,spotify:track:5Pzh42xn3oAXHh4U7tVHMr,Pierre Garnier,Ceux qu'on était,Columbia,1,7,10,1976928,FR,France,Q2,2024
8,spotify:track:7wLShogStyDeZvL0a6daN5,Beyoncé,TEXAS HOLD 'EM,Parkwood Entertainment/Columbia,6,6,8,1953451,FR,France,Q2,2024
9,spotify:track:6jDe94y1dbLDU53Q1NPxLH,"Dadju, Tayc",I love you,Play Two,2,8,18,1879949,FR,France,Q2,2024
10,spotify:track:17phhZDn6oGtzMe56NuWvj,Teddy Swims,Lose Control,Warner Records,5,9,22,1811669,FR,France,Q2,2024
11,spotify:track:5ZY8ovLhI7bLuddKmkq6cf,"Arma Jackson, Josman",BBL,SIDELINE,11,35,2,1747010,FR,France,Q2,2024
12,spotify:track:3rIX5DA9rUk89KUOZdGFaN,Werenoi,Tu connais,AllPoints,7,11,29,1705397,FR,France,Q2,2024
13,spotify:track:1LY3GhF0zxIVgbYEQjCbUO,"Disturbed, CYRIL",The Sound of Silence - CYRIL Remix,Reprise,13,18,5,1663185,FR,France,Q2,2024
14,spotify:track:7wwQoJtPLBVeMIZlW11cp6,"Jul, DYSTINCT",Oh qu'elle est belle,D'Or et de Platine,14,20,5,1649646,FR,France,Q2,2024
15,spotify:track:2HafqoJbgXdtjwCOvNEF14,iñigo quintero,Si No Estás,Acqustic,1,13,29,1645440,FR,France,Q2,2024
16,spotify:track:0LrR09OWMytBTDwMVYicPv,Kerchak,Saison 2,Label Blue Sky,14,14,11,1561976,FR,France,Q2,2024
17,spotify:track:3KZN01EuBoqh04jyGXpnxr,KeBlack,Aucune attache,Motema records,15,15,10,1525042,FR,France,Q2,2024
18,spotify:track:6Qb7YsAqH4wWFUMbGsCpap,Dua Lipa,Training Season,Warner Records,18,39,8,1502900,FR,France,Q2,2024
19,spotify:track:0y79GClHejq2TTQLaYFLUT,"Werenoi, Damso",Pyramide,AllPoints,1,12,8,1480344,FR,France,Q2,2024
20,spotify:track:0h3Xy4V4apMraB5NuM8U7Z,CYRIL,Stumblin' In,Spinnin' Records,20,22,5,1452164,FR,France,Q2,2024
21,spotify:track:1pA6YWfmMgbKHk36LtlcUP,"Werenoi, Hamza",Maudit,AllPoints,9,17,8,1447442,FR,France,Q2,2024
22,spotify:track:4OMJGnvZfDvsePyCwRGO7X,Dua Lipa,Houdini,Warner Records,11,16,22,1438892,FR,France,Q2,2024
23,spotify:track:3rUGC1vUpkDG9CZFHMur1t,Tate McRae,greedy,RCA Records Label,6,21,30,1392162,FR,France,Q2,2024
24,spotify:track:7GLtEcaxxQpdK63YsiG51g,"PLK, Gazo",Ça mène à rien,Panenka Music,2,27,12,1303199,FR,France,Q2,2024
25,spotify:track:2cqtTAnI9E7buORFB9q4ts,"PLK, Jul",Faut pas,Panenka Music,8,33,10,1266497,FR,France,Q2,2024
26,spotify:track:0ex0EZnrO2mMPIkYp3ewZX,"Green Montana, SDM",barcelona92,Universal Music Division Capitol Music France,26,-1,1,1261322,FR,France,Q2,2024
27,spotify:track:2PWJx5FwMrMVEaTjwYait1,"Favé, Gazo",FLASHBACK,109 Record / Morning Glory Music / Believe,2,19,30,1253684,FR,France,Q2,2024
28,spotify:track:4QIH0XYnCLoCl1WZIV08Pn,Zaho de Sagazan,La symphonie des éclairs,Disparate / Virgin Records Distribution Deal,23,24,9,1229971,FR,France,Q2,2024
29,spotify:track:30D9x5LFgL2o9xidjX2wtE,"Soolking, Gazo",Casanova,Universal Music MENA Distributed Labels,1,31,40,1229322,FR,France,Q2,2024
30,spotify:track:3bK1zVFBKIzYjmptmI4NsJ,"Ofenbach, Norma Jean Martine",Overdrive (feat. Norma Jean Martine),Elektra France,13,28,24,1206094,FR,France,Q2,2024
31,spotify:track:2RqZ8JUBXP4C0nzttGnTL1,"Corneille, Aya Nakamura, Trinix",Avec classe (feat. Aya Nakamura & Trinix),Wagram Music / W Lab,28,29,10,1192943,FR,France,Q2,2024
32,spotify:track:4CkbzYcdIRJhrA9tzwFj0B,Jeck,Parapluie,Play Two,22,34,21,1174144,FR,France,Q2,2024
33,spotify:track:24JrEVHDfohup0ypuOV7os,Werenoi,Laboratoire,PLR Music / PGP Records / Allpoints,9,26,57,1134172,FR,France,Q2,2024
34,spotify:track:0LMwmV37RCmBO2so0szAFs,"Kygo, Ava Max",Whatever,Kygo/RCA Records,18,25,11,1116116,FR,France,Q2,2024
35,spotify:track:4MpqiN2moRQR2t0DO43MZH,SANTA,Popcorn Salé,Parlophone (France),11,23,32,1094133,FR,France,Q2,2024
36,spotify:track:36sechlCLEmV6QHNt8ryrF,"GIMS, Lossa",LOCO,Play Two,34,36,11,1047104,FR,France,Q2,2024
37,spotify:track:5S1ianZQLvtoL2A7rUETlq,Aya Nakamura,Doggy,REC.118 / Nakamura Industrie,37,42,2,1027036,FR,France,Q2,2024
38,spotify:track:0EzNyXyU7gHzj2TN8qYThj,SDM,Bolide allemand,92i / Capitol Music France,1,37,71,1026038,FR,France,Q2,2024
39,spotify:track:26Anqi86HCCG57L5CE0gTr,"Jul, SDM",J'fais plaisir à la zone,D'Or et de Platine,4,43,18,918107,FR,France,Q2,2024
40,spotify:track:3rkyVQEgaDR5nZvW10QOrQ,Werenoi,Chemin d'or,PLR Music / PGP Records / Allpoints,17,32,56,907144,FR,France,Q2,2024
41,spotify:track:3kzXT2poHInDISrXOgT1PR,Werenoi,Solitaire,PGP Records,14,45,87,892951,FR,France,Q2,2024
42,spotify:track:5o4XJKRxUK6nXhFLAIS33A,Sia,Gimme Love (Reasonable Woman Version),Monkey Puzzle/Atlantic,15,44,27,889909,FR,France,Q2,2024
43,spotify:track:2HimJmsy7QZOauXXvlCd2m,"Kaaris, Hamza",Panama,OG Records,9,41,16,869733,FR,France,Q2,2024
44,spotify:track:441auDLfimQNr0e1yz0KDU,PLK,Il pleut à Paris,Panenka Music,24,55,12,868932,FR,France,Q2,2024
45,spotify:track:7xZrirKz1fymGxGVPtRRRk,"Joseph Kamel, Julien Doré",Beau (feat. Julien Doré),Duchess Publishing,45,47,8,867497,FR,France,Q2,2024
46,spotify:track:5KRbR612c2andWTf4vvAhs,"Green Montana, Josman, Tiakola",bank,Universal Music Division Capitol Music France,46,-1,1,866421,FR,France,Q2,2024
47,spotify:track:4Hj36H5c7liPVqpDrGxTgJ,THEODORT,Toko dombi,BUDOKAI / ERRRO,21,38,4,850457,FR,France,Q2,2024
48,spotify:track:15vGti1ooNZFlDUdlLukX6,"Booba, SDM",Dolce Camara,Universal Music Distribution Deal,2,57,9,848330,FR,France,Q2,2024
49,spotify:track:7jtQIBanIiJOMS6RyCx6jZ,Tom Odell,Another Love,ITNO/Columbia,17,60,141,836950,FR,France,Q2,2024
50,spotify:track:6ieP0aiCmwen9DShYLJO5r,"Maes, PLK",4MOTION,Universal Music Distribution Deal,29,52,6,805052,FR,France,Q2,2024
1,spotify:track:6IcsbETuviVu6UTiBTcxY4,Carbonne,Imagine,Play Two,1,1,10,3682017,FR,France,Q3,2024
2,spotify:track:2fFTn0f94EopgZyfSGQuyK,"GIMS, DYSTINCT",SPIDER,Play Two,2,2,9,3416775,FR,France,Q3,2024
3,spotify:track:6XjDF6nds4DE2BBbagZol6,"FloyyMenor, Cris MJ",Gata Only,FloyyMenor under exclusive license to UnitedMasters LLC,2,3,14,2892635,FR,France,Q3,2024
4,spotify:track:3PyRt7gpih7EPvV0fMWEom,VEN1,Hakayet,NOUVO MONDE,4,4,11,2323798,FR,France,Q3,2024
5,spotify:track:3KZN01EuBoqh04jyGXpnxr,KeBlack,Aucune attache,Motema records,5,5,23,2221914,FR,France,Q3,2024
6,spotify:track:7EMzOyDT87Uq9Hi08Mxe31,THEODORT,Wayeh,BUDOKAI / ERRRO,6,6,10,2196247,FR,France,Q3,2024
7,spotify:track:2qSkIjg1o9h3YT9RAgYN75,Sabrina Carpenter,Espresso,Island Records,7,10,13,2056130,FR,France,Q3,2024
8,spotify:track:0t7d6wbJLS2A31yqlHFew7,"Heuss L'enfoiré, Werenoi",Mélanine,Verdansk / Straw Prod,4,7,10,1972536,FR,France,Q3,2024
9,spotify:track:1eldTykrnkEBLX41bk5eMw,"Jungeli, Imen Es, Alonzo, Abou Debeing, Lossa",Petit génie,Universal Music Distributed Labels,1,8,49,1970738,FR,France,Q3,2024
10,spotify:track:6jElwivDtkQUv9QFGrdN26,"KeBlack, Franglish",Boucan (feat. Franglish),Motema Records,2,9,11,1939057,FR,France,Q3,2024
11,spotify:track:3xkHsmpQCBMytMJNiDf3Ii,Benson Boone,Beautiful Things,"Night Street Records, Inc./Warner Records Inc.",1,11,25,1881942,FR,France,Q3,2024
12,spotify:track:3w3ccBSWumRfMn2lYEwZLi,"Vacra, PLK",Confidences,Universal Music Division Carthage Music,12,14,9,1658891,FR,France,Q3,2024
13,spotify:track:2dh4i6rwmQ5qsoRafiylo6,K2S,Dougie,Play Two,13,46,2,1613394,FR,France,Q3,2024
14,spotify:track:3Zw66L4FvI9YUUx17OReRD,Franglish,Position,Universal Music Division Capitol Music France,1,13,20,1589114,FR,France,Q3,2024
15,spotify:track:1LY3GhF0zxIVgbYEQjCbUO,"Disturbed, CYRIL",The Sound of Silence - CYRIL Remix,Reprise,7,12,18,1582932,FR,France,Q3,2024
16,spotify:track:0h3Xy4V4apMraB5NuM8U7Z,CYRIL,Stumblin' In,Spinnin' Records,13,16,18,1560467,FR,France,Q3,2024
17,spotify:track:331l3xABO0HMr1Kkyh2LZq,"David Guetta, OneRepublic",I Don't Wanna Wait,Parlophone UK,15,15,14,1542950,FR,France,Q3,2024
18,spotify:track:6jDe94y1dbLDU53Q1NPxLH,"Dadju, Tayc",I love you,Play Two,2,18,31,1403338,FR,France,Q3,2024
19,spotify:track:6yqwxY8qifBBhyryjZutxk,"Gazo, Tiakola",MAMI WATA,BSB PROD,3,17,32,1342765,FR,France,Q3,2024
20,spotify:track:2x4Tzd6KDGwiMraNGopTyf,UZI,GARS DU ZOO,RPB Music,19,19,16,1264423,FR,France,Q3,2024
21,spotify:track:7wwQoJtPLBVeMIZlW11cp6,"Jul, DYSTINCT",Oh qu'elle est belle,D'Or et de Platine,6,22,18,1244884,FR,France,Q3,2024
22,spotify:track:3JG1uFc40wfyrqaWC7iv0e,Artemas,i like the way you kiss me,Artemas,6,21,16,1229992,FR,France,Q3,2024
23,spotify:track:3rIX5DA9rUk89KUOZdGFaN,Werenoi,Tu connais,AllPoints,7,20,42,1228555,FR,France,Q3,2024
24,spotify:track:5uQ7de4EWjb3rkcFxyEOpu,Mark Ambor,Belong Together,"Hundred Days Records, LLC",23,23,13,1175640,FR,France,Q3,2024
25,spotify:track:6ob9uKyryapebruQXDzIlu,"Gradur, SDM, Rsko",TI TI TI,Grand Sheguey,25,30,4,1146678,FR,France,Q3,2024
26,spotify:track:5b5cPscqVEMChvDqscVw26,Dua Lipa,Training Season,Warner Records,18,24,21,1089583,FR,France,Q3,2024
27,spotify:track:4ZBslg1i1eHVOMhZZoX5fx,Bouss,Parler tout bas,Le Grand Carré / Level Up Music,27,32,9,1082324,FR,France,Q3,2024
28,spotify:track:2HafqoJbgXdtjwCOvNEF14,iñigo quintero,Si No Estás,Acqustic,1,27,42,1066952,FR,France,Q3,2024
29,spotify:track:2cqtTAnI9E7buORFB9q4ts,"PLK, Jul",Faut pas,Panenka Music,8,25,23,1042913,FR,France,Q3,2024
30,spotify:track:6zUuYG5WmHSHNoZQ13TiT2,DA Uzi,Michael Jordan,Rec. 118 / VRAI2VRAI Production,16,26,12,1041148,FR,France,Q3,2024
31,spotify:track:30D9x5LFgL2o9xidjX2wtE,"Soolking, Gazo",Casanova,Universal Music MENA Distributed Labels,1,28,53,1027609,FR,France,Q3,2024
32,spotify:track:2PWJx5FwMrMVEaTjwYait1,"Favé, Gazo",FLASHBACK,109 Record / Morning Glory Music / Believe,2,33,43,1008429,FR,France,Q3,2024
33,spotify:track:7LyJFHgMO5nYwsHZmVzj5W,Pierre Garnier,Nous on sait,Columbia,15,38,8,1003872,FR,France,Q3,2024
34,spotify:track:1dpuodugAA3ZVyV0oXHUu4,"Ponko, Hamza",Mes Lovés,Trez Recordz / Just Woke Up,31,31,3,970745,FR,France,Q3,2024
35,spotify:track:2RqZ8JUBXP4C0nzttGnTL1,"Corneille, Aya Nakamura, Trinix",Avec classe (feat. Aya Nakamura & Trinix),Wagram Music / W Lab,28,37,23,964952,FR,France,Q3,2024
36,spotify:track:15vGti1ooNZFlDUdlLukX6,"Booba, SDM",Dolce Camara,Universal Music Distribution Deal,2,41,22,952434,FR,France,Q3,2024
37,spotify:track:01zsTmucc72th13AWj9HPf,"Zola, Koba LaD",Temps en temps,Truth Records / AWA / BMF,2,35,26,952214,FR,France,Q3,2024
38,spotify:track:3Vr3zh0r7ALn8VLqCiRR10,Myles Smith,Stargazing,RCA Records Label,38,44,6,946826,FR,France,Q3,2024
39,spotify:track:3dj4wgM3cPeuLwMNHDuBon,Teddy Swims,The Door,Warner Records,34,34,14,934858,FR,France,Q3,2024
40,spotify:track:1BJJbSX6muJVF2AK7uH1x4,"Adam Port, Stryv, Keinemusik, Orso, Malachiii",Move,Keinemusik,40,56,4,930141,FR,France,Q3,2024
41,spotify:track:5Z0UnEtpLDQyYlWwgi8m9C,Hozier,Too Sweet,Columbia,29,43,15,927826,FR,France,Q3,2024
42,spotify:track:0EzNyXyU7gHzj2TN8qYThj,SDM,Bolide allemand,92i / Capitol Music France,1,49,84,926634,FR,France,Q3,2024
43,spotify:track:2BvjmY4Mp5q1AHL0laetd6,"Heuss L'enfoiré, Gazo",Saiyan,150 Prod / Straw Production,1,36,58,914057,FR,France,Q3,2024
44,spotify:track:17phhZDn6oGtzMe56NuWvj,Teddy Swims,Lose Control,Warner Records,5,29,35,909094,FR,France,Q3,2024
45,spotify:track:2ImdwbujxKFxN1UxEvf2dD,KeBlack,LAISSE MOI,Motema records,2,63,44,908896,FR,France,Q3,2024
46,spotify:track:6dOtVTDdiauQNBQEDOtlAB,Billie Eilish,BIRDS OF A FEATHER,Darkroom/Interscope Records,29,40,8,896536,FR,France,Q3,2024
47,spotify:track:36sechlCLEmV6QHNt8ryrF,"GIMS, Lossa",LOCO,Play Two,34,42,24,894581,FR,France,Q3,2024
48,spotify:track:1pA6YWfmMgbKHk36LtlcUP,"Werenoi, Hamza",Maudit,AllPoints,9,39,21,872647,FR,France,Q3,2024
49,spotify:track:0KT1DHLTofoTRy1WTlco3r,Lacrim,No lo sé,PLATA O PLOMO,49,95,2,859250,FR,France,Q3,2024
50,spotify:track:0iCQMR9dp2SD8fwoavT5z4,Eva,Bottega,Universal Music Distributed Labels,29,45,17,803919,FR,France,Q3,2024
1,spotify:track:5jX61gvbNenSDMldQrbtsU,SDM,POUR ELLE,Universal Music Division Capitol Music France,1,1,2,4445896,FR,France,Q4,2024
2,spotify:track:1Mzg6bu3hkCwJKEf7v49MN,SDM,CARTIER SANTOS,Universal Music Division Capitol Music France,2,9,2,3968682,FR,France,Q4,2024
3,spotify:track:0yyFAbTlOk7DFhh6RSug9S,GIMS,SOIS PAS TIMIDE,Play Two,1,2,12,2960637,FR,France,Q4,2024
4,spotify:track:2tT8SYE7NnNDKbBsHWPIDY,Guy2Bezbar,Monaco,Blue Magic Corp,3,4,12,2534987,FR,France,Q4,2024
5,spotify:track:6C0SXfD7rR46MpWK5VJSEw,"Tiakola, Ryflo, Oskoow",MANON B,M3lo World / Atlantic Records,2,3,6,2522562,FR,France,Q4,2024
6,spotify:track:7ifFhxRIvYbe4IuzIkY2Qi,Bouss,Ça parle mal,Le Grand Carré / Level Up Music,6,7,6,2447268,FR,France,Q4,2024
7,spotify:track:1IPHJxo4Y20Rki9beIP1bN,"SDM, Hamza",TOKA,Universal Music Division Capitol Music France,5,5,4,2233025,FR,France,Q4,2024
8,spotify:track:5NWpquAje6NyvxD57oXNu6,"GIMS, DYSTINCT",SPIDER,Play Two,1,8,22,2103800,FR,France,Q4,2024
9,spotify:track:6IcsbETuviVu6UTiBTcxY4,Carbonne,Imagine,Play Two,1,12,23,1962178,FR,France,Q4,2024
10,spotify:track:6JCjcuo4VKAP4bHhbHj6fe,"Tiakola, Genezio, Prototype",PONA NINI,M3lo World / Atlantic Records,7,11,3,1909872,FR,France,Q4,2024
11,spotify:track:0saCzF4CuH4ru3PrGDM2UV,"SDM, Werenoi",METALLICA,Universal Music Division Capitol Music France,6,6,2,1870842,FR,France,Q4,2024
12,spotify:track:6jElwivDtkQUv9QFGrdN26,"KeBlack, Franglish",Boucan (feat. Franglish),Motema Records,2,20,24,1629527,FR,France,Q4,2024
13,spotify:track:2plbrEY59IikOBgBGLjaoe,"Lady Gaga, Bruno Mars",Die With A Smile,Interscope,13,13,8,1574938,FR,France,Q4,2024
14,spotify:track:2PYMw8P6kuCHqhltz47XMr,"Dadi, Nouvelle École",Bah Ouais - Nouvelle École,Netflix Music,4,15,12,1531043,FR,France,Q4,2024
15,spotify:track:5496lks6V3fh1mZAB6IAap,"Sevdaliza, Pabllo Vittar, Yseult",Alibi (with Pabllo Vittar & Yseult),Sevdaliza,15,23,14,1514278,FR,France,Q4,2024
16,spotify:track:3KmGOpeFaltoCpzRAyrZJg,Leto,J’crois qu’ils ont pas compris,Rec.118 / Winterfell,3,16,9,1456512,FR,France,Q4,2024
17,spotify:track:1HQQbaepsGB5uyTAGmSZxj,"Yorssy, Nouvelle École",CRF - Nouvelle École,Netflix Music,5,10,13,1454826,FR,France,Q4,2024
18,spotify:track:15vGti1ooNZFlDUdlLukX6,"Booba, SDM",Dolce Camara,Universal Music Distribution Deal,2,22,35,1422345,FR,France,Q4,2024
19,spotify:track:2KejCKgm7l3uefW9cFt8cH,"Kavinsky, Angèle, Phoenix",Nightcall,Universal Music Division Virgin Music Distribution Deal,18,28,3,1402392,FR,France,Q4,2024
20,spotify:track:4kmGM0IbzDPr2rT1nehI1r,AMK,Malya,Blood Brother's Records,7,33,6,1378445,FR,France,Q4,2024
21,spotify:track:1edPU5OOn4YCWn9lR0nesC,Lynda,Passe ton chemin,Play Two,21,31,17,1377953,FR,France,Q4,2024
22,spotify:track:1HXC5IiGUqTEFl18IJ42Lm,"Ninho, Niska",Coco,Jefe Productions / Charo Inc / WMF / UMF,6,25,13,1372965,FR,France,Q4,2024
23,spotify:track:0KT1DHLTofoTRy1WTlco3r,Lacrim,No lo sé,PLATA O PLOMO,4,21,15,1336370,FR,France,Q4,2024
24,spotify:track:3KZN01EuBoqh04jyGXpnxr,KeBlack,Aucune attache,Motema records,5,27,36,1334970,FR,France,Q4,2024
25,spotify:track:3Byu179ofnuChb4zF1fMhu,Werenoi,Pétunias,AllPoints,25,-1,1,1328530,FR,France,Q4,2024
26,spotify:track:71vWRlfHefIMtoDnUPtXcf,"VEN1, Ramos.",Vanilla,NOUVO MONDE,14,35,6,1305699,FR,France,Q4,2024
27,spotify:track:2ynH9ETEo4OgLxNLJrcMKP,La Mano 1.9,I'm Sorry,R.A.T MUSIC,27,67,2,1278211,FR,France,Q4,2024
28,spotify:track:6dOtVTDdiauQNBQEDOtlAB,Billie Eilish,BIRDS OF A FEATHER,Darkroom/Interscope Records,17,36,21,1272326,FR,France,Q4,2024
29,spotify:track:4mNttG8qiVh4BKrMUrUhCI,Dr. Yaro,Minimum ça,ELEVA PROD / WARNER MUSIC FRANCE,29,55,5,1257007,FR,France,Q4,2024
30,spotify:track:01fP5VcXu544TYCNSK60ha,SDM,MERCI,Universal Music Division Capitol Music France,19,19,12,1239064,FR,France,Q4,2024
31,spotify:track:7wOgZ1otoKYDvKyQKP1sNZ,Werenoi,Laboratoire,PLR Music / PGP Records / Allpoints,9,46,83,1231436,FR,France,Q4,2024
32,spotify:track:3oeJ9cWatzXfUUovbRB9Te,SDM,ALVALM,Universal Music Division Capitol Music France,17,17,2,1218690,FR,France,Q4,2024
33,spotify:track:2s0ECLNrusYkBud3ZuoVrc,"Genezio, La Mano 1.9",EL GEMANO,Play Two,33,69,10,1218286,FR,France,Q4,2024
34,spotify:track:6WatFBLVB0x077xWeoVc2k,KAROL G,Si Antes Te Hubiera Conocido,Bichota/Interscope Records,21,44,15,1214995,FR,France,Q4,2024
35,spotify:track:2esZG2XFtuoWWA9AfDvSxy,"FloyyMenor, Cris MJ",Gata Only,FloyyMenor under exclusive license to UnitedMasters LLC,2,34,27,1200150,FR,France,Q4,2024
36,spotify:track:6gF9liH6UwYm2eQqyuP7SH,"Tiakola, SDM, Liim’s",PLAISIR NOCIF,M3lo World / Atlantic Records,11,26,3,1195330,FR,France,Q4,2024
37,spotify:track:2PWJx5FwMrMVEaTjwYait1,"Favé, Gazo",FLASHBACK,109 Record / Morning Glory Music / Believe,2,45,56,1194441,FR,France,Q4,2024
38,spotify:track:2Ipnen45T4dlbKS8I7Bcsa,SDM,JEUX D'ECHECS,Universal Music Division Capitol Music France,14,14,2,1147854,FR,France,Q4,2024
39,spotify:track:3PyRt7gpih7EPvV0fMWEom,VEN1,Hakayet,NOUVO MONDE,4,32,24,1139209,FR,France,Q4,2024
40,spotify:track:2HRqTpkrJO5ggZyyK6NPWz,Sabrina Carpenter,Espresso,Island Records,7,42,26,1138161,FR,France,Q4,2024
41,spotify:track:7EMzOyDT87Uq9Hi08Mxe31,THEODORT,Wayeh,BUDOKAI / ERRRO,4,40,23,1116804,FR,France,Q4,2024
42,spotify:track:1LqDW54jByEjfZJMadiLJU,Laylow,UNE HISTOIRE ÉTRANGE,Digitalmundo,6,29,13,1109366,FR,France,Q4,2024
43,spotify:track:5GJUMdVellleheGdi1gfl9,SDM,PLUS RIEN,Universal Music Division Capitol Music France,18,18,2,1078326,FR,France,Q4,2024
44,spotify:track:40nHQru2NM1JEEj3p8Bxje,"SDM, Josman",AFFRANCHIS,Universal Music Division Capitol Music France,24,24,2,1066105,FR,France,Q4,2024
45,spotify:track:2Os26puFcTLXTsap0Wasmm,"Vacra, PLK",Confidences,Universal Music Division Carthage Music,8,47,22,1057802,FR,France,Q4,2024
46,spotify:track:3xkHsmpQCBMytMJNiDf3Ii,Benson Boone,Beautiful Things,"Night Street Records, Inc./Warner Records Inc.",1,38,38,1038974,FR,France,Q4,2024
47,spotify:track:4ZBslg1i1eHVOMhZZoX5fx,Bouss,Parler tout bas,Le Grand Carré / Level Up Music,27,56,22,1038276,FR,France,Q4,2024
48,spotify:track:0s6VVcHt9LBdoMhR2itOQ8,"Lacrim, Vacra",Joie de filles (feat. Vacra),PLATA O PLOMO,19,52,11,1035058,FR,France,Q4,2024
49,spotify:track:5B286OoIX6KAJezPQ02dgz,"Tiakola, Niska, La Mano 1.9",G.A.N.G,M3lo World / Atlantic Records,12,43,3,1000176,FR,France,Q4,2024
50,spotify:track:6zOROWSana8gXPcDlvYggu,UZI,GARS DU ZOO,RPB Music,19,61,29,997229,FR,France,Q4,2024
1,spotify:track:0mflMxspEfB0VbI1kyLiAv,Noah Kahan,Stick Season,Mercury Records/Republic Records,1,1,15,4746061,GB,United Kingdom,Q1,2024
2,spotify:track:4tKGFmENO69tZR9ahgZu48,Sophie Ellis-Bextor,Murder On The Dancefloor,Polydor Records,2,7,3,3175537,GB,United Kingdom,Q1,2024
3,spotify:track:4xhsWYTOGcal8zt0J161CU,Jack Harlow,Lovin On Me,Generation Now/Atlantic,1,2,9,2986070,GB,United Kingdom,Q1,2024
4,spotify:track:59NraMJsLaMCVtwXTSia8i,"cassö, RAYE, D-Block Europe",Prada,Ministry of Sound Recordings,4,4,22,2040981,GB,United Kingdom,Q1,2024
5,spotify:track:3rUGC1vUpkDG9CZFHMur1t,Tate McRae,greedy,RCA Records Label,2,3,17,2032668,GB,United Kingdom,Q1,2024
6,spotify:track:5mjYQaktjmjcMKcUIcqz4s,Kenya Grace,Strangers,Warner Records/Major Recordings,1,5,19,1931718,GB,United Kingdom,Q1,2024
7,spotify:track:1BxfuPKGuaTgP7aM0Bbdwr,Taylor Swift,Cruel Summer,Taylor Swift,3,6,45,1688083,GB,United Kingdom,Q1,2024
8,spotify:track:6WzRpISELf3YglGAh7TXcG,"The Weeknd, Playboi Carti, Madonna",Popular (with Playboi Carti & Madonna) - From The Idol Vol. 1 (Music from the HBO Original Series),XO / Republic Records,8,11,32,1636629,GB,United Kingdom,Q1,2024
9,spotify:track:1kuGVB7EU95pJObxwvfwKS,Olivia Rodrigo,vampire,Olivia Rodrigo PS,2,10,28,1540849,GB,United Kingdom,Q1,2024
10,spotify:track:5aIVCx5tnk0ntmdiinnYvw,Tyla,Water,FAX Records/Epic,3,9,18,1470922,GB,United Kingdom,Q1,2024
11,spotify:track:17phhZDn6oGtzMe56NuWvj,Teddy Swims,Lose Control,Warner Records,11,43,8,1454716,GB,United Kingdom,Q1,2024
12,spotify:track:003vvx7Niy0yvhvHt4a68B,The Killers,Mr. Brightside,Island Records,12,12,368,1421729,GB,United Kingdom,Q1,2024
13,spotify:track:7yq4Qj7cqayVTp3FF9CWbm,Vance Joy,Riptide,F-Stop Records/Atlantic,13,21,321,1405854,GB,United Kingdom,Q1,2024
14,spotify:track:2FDTHlrBguDzQkp7PVj16Q,"Dave, Central Cee",Sprinter,Neighbourhood / Live Yours,1,8,32,1400236,GB,United Kingdom,Q1,2024
15,spotify:track:1yeB8MUNeLo9Ek1UEpsyz6,"Drake, Sexyy Red, SZA",Rich Baby Daddy (feat. Sexyy Red & SZA),OVO/Republic,15,15,14,1367108,GB,United Kingdom,Q1,2024
16,spotify:track:56y1jOTK0XSvJzVv9vHQBK,Doja Cat,Paint The Town Red,Kemosabe Records/RCA Records,1,13,23,1284347,GB,United Kingdom,Q1,2024
17,spotify:track:3vkCueOmm7xQDoJ17W1Pm3,Mitski,My Love Mine All Mine,Dead Oceans,9,14,17,1240796,GB,United Kingdom,Q1,2024
18,spotify:track:2Zo1PcszsT9WQ0ANntJbID,Sabrina Carpenter,Feather,Island Records,18,29,7,1208620,GB,United Kingdom,Q1,2024
19,spotify:track:4OMJGnvZfDvsePyCwRGO7X,Dua Lipa,Houdini,Warner Records,7,19,9,1159475,GB,United Kingdom,Q1,2024
20,spotify:track:7iUScoHKNJC5hqtA40vMlj,"Fred again.., Baby Keem",leavemealone,Atlantic Records UK,18,18,5,1142021,GB,United Kingdom,Q1,2024
21,spotify:track:6wf7Yu7cxBSPrRlWeSeK0Q,Billie Eilish,"What Was I Made For? [From The Motion Picture ""Barbie""]",Darkroom/Interscope Records,2,22,26,1118576,GB,United Kingdom,Q1,2024
22,spotify:track:2ZWmmrWUgDBcPSLihBMvhg,"Chase & Status, Bou, Flowdan, IRAH, Trigga, Takura","Baddadan (feat. IRAH, Flowdan, Trigga & Takura)",EMI,10,17,24,1088135,GB,United Kingdom,Q1,2024
23,spotify:track:4KULAymBBJcPRpk1yO4dOG,"Zach Bryan, Kacey Musgraves",I Remember Everything (feat. Kacey Musgraves),Warner Records,23,26,19,1082882,GB,United Kingdom,Q1,2024
24,spotify:track:1Iq8oo9XkmmvCQiGOfORiz,Taylor Swift,Is It Over Now? (Taylor's Version) (From The Vault),Taylor Swift,1,20,11,1081994,GB,United Kingdom,Q1,2024
25,spotify:track:4E63weMCaNZuGPEFMnuEi8,Tate McRae,exes,RCA Records Label,19,27,8,1045660,GB,United Kingdom,Q1,2024
26,spotify:track:1vYXt7VSjH9JIM5oRRo7vA,Dua Lipa,Dance The Night - From Barbie The Album,Atlantic Records,2,16,33,1030045,GB,United Kingdom,Q1,2024
27,spotify:track:7CyPwkp0oE8Ro9Dd5CUDjW,"The Weeknd, JENNIE, Lily-Rose Depp","One Of The Girls (with JENNIE, Lily Rose Depp)",XO / Republic Records,27,28,8,1001252,GB,United Kingdom,Q1,2024
28,spotify:track:0K6iKgHPPhAb4Acmg9aD77,"Zara Larsson, David Guetta",On My Love,Sommer House/Epic,28,39,9,976812,GB,United Kingdom,Q1,2024
29,spotify:track:3U5JVgI2x4rDyHGObzJfNf,Natasha Bedingfield,Unwritten,Sony Music CG,29,130,2,975923,GB,United Kingdom,Q1,2024
30,spotify:track:6ibDVMcMUNqZ5eXT9sD4Vy,"Billy Gillies, Hannah Boleyn",DNA (Loving You) [feat. Hannah Boleyn],Big Beat Records,21,37,17,974160,GB,United Kingdom,Q1,2024
31,spotify:track:17cia5k4BpGVlyEfqrFH50,Olivia Rodrigo,Can’t Catch Me Now - from The Hunger Games: The Ballad of Songbirds & Snakes,Lions Gate Entertainment Inc. under exclusive license to Geffen Records,18,41,10,947614,GB,United Kingdom,Q1,2024
32,spotify:track:456WNXWhDwYOSf5SpTuqxd,Florence + The Machine,Dog Days Are Over,Universal-Island Records Ltd.,21,47,90,940295,GB,United Kingdom,Q1,2024
33,spotify:track:3hRV0jL3vUpRrcy398teAU,Lord Huron,The Night We Met,Lord Huron,23,23,61,938755,GB,United Kingdom,Q1,2024
34,spotify:track:3DK6m7It6Pw857FcQftMds,"Kanye West, Pusha T",Runaway,Roc-A-Fella,25,25,10,934641,GB,United Kingdom,Q1,2024
35,spotify:track:0jF2AdhsalO1L7KkhK4LE5,Drake,Practice,Cash Money Records/Young Money Ent./Universal Rec.,35,57,2,932202,GB,United Kingdom,Q1,2024
36,spotify:track:1odExI7RdWc4BT515LTAwj,David Kushner,Daylight,Miserable Music Group,1,24,39,930555,GB,United Kingdom,Q1,2024
37,spotify:track:4EWCNWgDS8707fNSZ1oaA5,Kanye West,Heartless,Roc-A-Fella,30,30,60,925031,GB,United Kingdom,Q1,2024
38,spotify:track:7tqhbajSfrz2F7E1Z75ASX,"Marvin Gaye, Tammi Terrell",Ain't No Mountain High Enough,UNI/MOTOWN,38,40,46,905903,GB,United Kingdom,Q1,2024
39,spotify:track:3dYD57lRAUcMHufyqn9GcI,Hozier,Take Me to Church,Columbia,39,44,176,899487,GB,United Kingdom,Q1,2024
40,spotify:track:1rBiNR61IhvbzeKwfs3AwE,Bring Me The Horizon,Kool-Aid,RCA Records Label,40,-1,1,883320,GB,United Kingdom,Q1,2024
41,spotify:track:602d2gJewoiF1FivuOMMwE,"Becky Hill, Chase & Status",Disconnect,Polydor Records,11,32,26,875602,GB,United Kingdom,Q1,2024
42,spotify:track:0V3wPSX9ygBnCm8psDIegu,Taylor Swift,Anti-Hero,Taylor Swift,1,33,64,868226,GB,United Kingdom,Q1,2024
43,spotify:track:5XeFesFbtLpXzIVDNQP22n,Arctic Monkeys,I Wanna Be Yours,Domino Recording Co,22,35,77,861196,GB,United Kingdom,Q1,2024
44,spotify:track:1udwFobQ1JoOdWPQrp2b6u,"JID, 21 Savage, Baby Tate",Surround Sound (feat. 21 Savage & Baby Tate),Dreamville/Interscope,44,49,8,858311,GB,United Kingdom,Q1,2024
45,spotify:track:68Dni7IE4VyPkTOH9mRWHr,J. Cole,No Role Modelz,Roc Nation Records LLC,38,48,163,840320,GB,United Kingdom,Q1,2024
46,spotify:track:1zi7xx7UVEFkmKfv06H8x0,"Drake, Wizkid, Kyla",One Dance,Cash Money Records/Young Money Ent./Universal Rec.,15,45,242,832802,GB,United Kingdom,Q1,2024
47,spotify:track:4bz8Z7squfs2Yji2DwoujR,"Sonny Fodera, MK, Clementine Douglas",Asking,Solotoko,17,69,23,817272,GB,United Kingdom,Q1,2024
48,spotify:track:7qEHsqek33rTcFNT9PFqLf,Lewis Capaldi,Someone You Loved,Vertigo Berlin,1,50,263,810460,GB,United Kingdom,Q1,2024
49,spotify:track:0whmIaItqkT8e5PVuPyhvT,"Mason, Princess Superstar",Perfect (Exceeder),Armada Music,49,97,2,809618,GB,United Kingdom,Q1,2024
50,spotify:track:5PyDJG7SQRgWXefgexqIge,Doja Cat,Agora Hills,Kemosabe Records/RCA Records,20,51,16,777837,GB,United Kingdom,Q1,2024
1,spotify:track:0AjmK0Eai4zGrLaJwPvrDp,Hozier,Too Sweet,Columbia,1,4,2,4924218,GB,United Kingdom,Q2,2024
2,spotify:track:3xkHsmpQCBMytMJNiDf3Ii,Benson Boone,Beautiful Things,"Night Street Records, Inc./Warner Records Inc.",1,1,12,3501421,GB,United Kingdom,Q2,2024
3,spotify:track:2GxrNKugF82CnoRFbQfzPf,Artemas,i like the way you kiss me,Artemas,3,5,3,3463946,GB,United Kingdom,Q2,2024
4,spotify:track:0mflMxspEfB0VbI1kyLiAv,Noah Kahan,Stick Season,Mercury Records/Republic Records,1,3,28,3442331,GB,United Kingdom,Q2,2024
5,spotify:track:3qhlB30KknSejmIvZZLjOD,Djo,End of Beginning,Djo,2,6,8,3013990,GB,United Kingdom,Q2,2024
6,spotify:track:17phhZDn6oGtzMe56NuWvj,Teddy Swims,Lose Control,Warner Records,3,8,21,2767714,GB,United Kingdom,Q2,2024
7,spotify:track:7wLShogStyDeZvL0a6daN5,Beyoncé,TEXAS HOLD 'EM,Parkwood Entertainment/Columbia,2,2,9,2697520,GB,United Kingdom,Q2,2024
8,spotify:track:51ZQ1vr10ffzbwIjDCwqm4,Ariana Grande,we can't be friends (wait for your love),Republic Records,4,7,5,2407681,GB,United Kingdom,Q2,2024
9,spotify:track:2uqYupMHANxnwgeiXTZXzd,Dasha,Austin (Boots Stop Workin'),Warner Records,9,16,7,2283017,GB,United Kingdom,Q2,2024
10,spotify:track:3Pbp7cUCx4d3OAkZSCoNvn,Michael Marcagi,Scared To Start,Warner Records,9,11,12,2248668,GB,United Kingdom,Q2,2024
11,spotify:track:3rUGC1vUpkDG9CZFHMur1t,Tate McRae,greedy,RCA Records Label,2,10,30,1999162,GB,United Kingdom,Q2,2024
12,spotify:track:59NraMJsLaMCVtwXTSia8i,"cassö, RAYE, D-Block Europe",Prada,Ministry of Sound Recordings,4,15,35,1884800,GB,United Kingdom,Q2,2024
13,spotify:track:2tudvzsrR56uom6smgOcSf,"Future, Metro Boomin, Kendrick Lamar",Like That,Wilburn Holding Co./Boominati/Epic/Republic,7,9,3,1817073,GB,United Kingdom,Q2,2024
14,spotify:track:3w0w2T288dec0mgeZZqoNN,"¥$, Kanye West, Ty Dolla $ign",CARNIVAL,YZY,5,13,9,1539506,GB,United Kingdom,Q2,2024
15,spotify:track:5uQ7de4EWjb3rkcFxyEOpu,Mark Ambor,Belong Together,"Hundred Days Records, LLC",15,25,3,1531596,GB,United Kingdom,Q2,2024
16,spotify:track:3U5JVgI2x4rDyHGObzJfNf,Natasha Bedingfield,Unwritten,Sony Music CG,11,18,15,1519566,GB,United Kingdom,Q2,2024
17,spotify:track:1BxfuPKGuaTgP7aM0Bbdwr,Taylor Swift,Cruel Summer,Taylor Swift,3,17,58,1516062,GB,United Kingdom,Q2,2024
18,spotify:track:5Jpz4nv8nA6FIYO5gEyQa2,"Ella Henderson, Rudimental",Alibi (feat. Rudimental),Atlantic Records UK,18,23,12,1343551,GB,United Kingdom,Q2,2024
19,spotify:track:6dpLxbF7lfCAnC9QRTjNLK,Good Neighbours,Home,Polydor Records,19,30,11,1287125,GB,United Kingdom,Q2,2024
20,spotify:track:6Qb7YsAqH4wWFUMbGsCpap,Dua Lipa,Training Season,Warner Records,13,24,8,1283905,GB,United Kingdom,Q2,2024
21,spotify:track:4xhsWYTOGcal8zt0J161CU,Jack Harlow,Lovin On Me,Generation Now/Atlantic,1,19,22,1263333,GB,United Kingdom,Q2,2024
22,spotify:track:7aQ1tSYr518KwnE4SVSQbT,Bryson Tiller,Whatever She Wants [BONUS],TrapSoul/RCA Records,18,21,8,1218353,GB,United Kingdom,Q2,2024
23,spotify:track:6tNgRQ0K2NYZ0Rb9l9DzL8,Olivia Rodrigo,obsessed,Olivia Rodrigo PS,13,22,3,1207216,GB,United Kingdom,Q2,2024
24,spotify:track:4OMJGnvZfDvsePyCwRGO7X,Dua Lipa,Houdini,Warner Records,7,26,22,1195640,GB,United Kingdom,Q2,2024
25,spotify:track:19kHhX6f6EfLU7rcO3RqjO,Jungle,Back On 74,Caiola Records,25,36,19,1180151,GB,United Kingdom,Q2,2024
26,spotify:track:5aIVCx5tnk0ntmdiinnYvw,Tyla,Water,FAX Records/Epic,3,32,31,1170368,GB,United Kingdom,Q2,2024
27,spotify:track:1bjeWoagtHmUKputLVyDxQ,SZA,Saturn,Top Dawg Entertainment/RCA Records,26,43,7,1160867,GB,United Kingdom,Q2,2024
28,spotify:track:6me7F0aaZjwDo6RJ5MrfBD,Richy Mitch & The Coal Miners,Evergreen,Richy Mitch & The Coal Miners,27,31,31,1160790,GB,United Kingdom,Q2,2024
29,spotify:track:51eSHglvG1RJXtL3qI5trr,Benson Boone,Slow It Down,"Night Street Records, Inc./Warner Records Inc.",29,45,3,1136159,GB,United Kingdom,Q2,2024
30,spotify:track:1VxEaXbIq3xAvqh80xP67w,Beyoncé,JOLENE,Parkwood Entertainment/Columbia,12,12,2,1135805,GB,United Kingdom,Q2,2024
31,spotify:track:7ueuqvQkKA9k1Pys0hB5br,YG Marley,Praise Jah In The Moonlight,YG Marley Music/Hitmaker Distro,5,27,13,1131430,GB,United Kingdom,Q2,2024
32,spotify:track:003vvx7Niy0yvhvHt4a68B,The Killers,Mr. Brightside,Island Records,12,29,381,1112591,GB,United Kingdom,Q2,2024
33,spotify:track:4tKGFmENO69tZR9ahgZu48,Sophie Ellis-Bextor,Murder On The Dancefloor,Polydor Records,2,28,16,1108155,GB,United Kingdom,Q2,2024
34,spotify:track:0LMwmV37RCmBO2so0szAFs,"Kygo, Ava Max",Whatever,Kygo/RCA Records,31,38,12,1060786,GB,United Kingdom,Q2,2024
35,spotify:track:6zuPQl2RVqQ4y5nAH61CFC,"Beyoncé, Miley Cyrus",II MOST WANTED,Parkwood Entertainment/Columbia,14,14,2,1047163,GB,United Kingdom,Q2,2024
36,spotify:track:3hRV0jL3vUpRrcy398teAU,Lord Huron,The Night We Met,Lord Huron,23,51,74,1026007,GB,United Kingdom,Q2,2024
37,spotify:track:4KULAymBBJcPRpk1yO4dOG,"Zach Bryan, Kacey Musgraves",I Remember Everything (feat. Kacey Musgraves),Warner Records,23,42,32,1023214,GB,United Kingdom,Q2,2024
38,spotify:track:1TcF5F10EN17vraisG1gQv,"The Blessed Madonna, Clementine Douglas",Happier (feat. Clementine Douglas),Warner Records,38,65,3,1007946,GB,United Kingdom,Q2,2024
39,spotify:track:7jtQIBanIiJOMS6RyCx6jZ,Tom Odell,Another Love,ITNO/Columbia,14,74,166,1006111,GB,United Kingdom,Q2,2024
40,spotify:track:5D34wRmbFS29AjtTOP2QJe,Ariana Grande,"yes, and?",Republic Records,3,39,13,996894,GB,United Kingdom,Q2,2024
41,spotify:track:1kuGVB7EU95pJObxwvfwKS,Olivia Rodrigo,vampire,Olivia Rodrigo PS,2,41,41,986368,GB,United Kingdom,Q2,2024
42,spotify:track:1ACA277B6f46DYCgZW8di3,Artemas,if u think i'm pretty,Artemas,42,64,10,984828,GB,United Kingdom,Q2,2024
43,spotify:track:3dYD57lRAUcMHufyqn9GcI,Hozier,Take Me to Church,Columbia,39,56,189,981627,GB,United Kingdom,Q2,2024
44,spotify:track:42VsgItocQwOQC3XWZ8JNA,"Travis Scott, Playboi Carti",FE!N (feat. Playboi Carti),Cactus Jack/Epic,11,47,17,962098,GB,United Kingdom,Q2,2024
45,spotify:track:5RMTsrJkrtumtiIZjy7dL6,"J. Cole, Bas, Central Cee",H.Y.B. (feat. Bas & Central Cee),"Cole World, Inc. under exclusive license to Interscope Records",45,-1,1,952735,GB,United Kingdom,Q2,2024
46,spotify:track:1k1Bqnv2R0uJXQN4u6LKYt,Bill Withers,Ain't No Sunshine,Columbia/Legacy,46,101,7,938100,GB,United Kingdom,Q2,2024
47,spotify:track:2Zo1PcszsT9WQ0ANntJbID,Sabrina Carpenter,Feather,Island Records,18,57,20,924044,GB,United Kingdom,Q2,2024
48,spotify:track:50SxWFCvmZCYcpKWPZECES,NewEra,Birds In The Sky,FFRR,48,59,9,918090,GB,United Kingdom,Q2,2024
49,spotify:track:3vkCueOmm7xQDoJ17W1Pm3,Mitski,My Love Mine All Mine,Dead Oceans,9,48,30,910124,GB,United Kingdom,Q2,2024
50,spotify:track:52eIcoLUM25zbQupAZYoFh,21 Savage,redrum,"Slaughter Gang, LLC/Epic Records",11,50,13,875635,GB,United Kingdom,Q2,2024
1,spotify:track:2qSkIjg1o9h3YT9RAgYN75,Sabrina Carpenter,Espresso,Island Records,1,1,13,4127600,GB,United Kingdom,Q3,2024
2,spotify:track:5N3hjp1WNayUPZrA8kJmJP,Sabrina Carpenter,Please Please Please,Island Records,1,2,5,3873751,GB,United Kingdom,Q3,2024
3,spotify:track:6dOtVTDdiauQNBQEDOtlAB,Billie Eilish,BIRDS OF A FEATHER,Darkroom/Interscope Records,3,3,8,3551052,GB,United Kingdom,Q3,2024
4,spotify:track:0WbMK4wrZ1wFSty9F7FCgu,Chappell Roan,"Good Luck, Babe!",Chappell Roan PS/ Island,4,4,14,3134709,GB,United Kingdom,Q3,2024
5,spotify:track:5fZJQrFKWQLb7FpJXZ1g7K,Shaboozey,A Bar Song (Tipsy),American Dogwood / EMPIRE,3,5,13,2926327,GB,United Kingdom,Q3,2024
6,spotify:track:5Z0UnEtpLDQyYlWwgi8m9C,Hozier,Too Sweet,Columbia,1,6,15,2909303,GB,United Kingdom,Q3,2024
7,spotify:track:3Vr3zh0r7ALn8VLqCiRR10,Myles Smith,Stargazing,RCA Records Label,7,7,9,2513238,GB,United Kingdom,Q3,2024
8,spotify:track:3xkHsmpQCBMytMJNiDf3Ii,Benson Boone,Beautiful Things,"Night Street Records, Inc./Warner Records Inc.",1,8,25,2463080,GB,United Kingdom,Q3,2024
9,spotify:track:6AI3ezQ4o3HUoP6Dhudph3,Kendrick Lamar,Not Like Us,"Kendrick Lamar, under exclusive license to Interscope Records",6,13,10,2322251,GB,United Kingdom,Q3,2024
10,spotify:track:7221xIgOnuakPdLqT0F3nP,"Post Malone, Morgan Wallen",I Had Some Help (Feat. Morgan Wallen),Mercury Records/Republic Records,3,10,9,2296997,GB,United Kingdom,Q3,2024
11,spotify:track:2HYFX63wP3otVIvopRS99Z,Eminem,Houdini,Shady/Aftermath/Interscope Records,1,9,6,2202168,GB,United Kingdom,Q3,2024
12,spotify:track:2uqYupMHANxnwgeiXTZXzd,Dasha,Austin (Boots Stop Workin'),Warner Records,8,11,20,2093889,GB,United Kingdom,Q3,2024
13,spotify:track:0mflMxspEfB0VbI1kyLiAv,Noah Kahan,Stick Season,Mercury Records/Republic Records,1,14,41,2035324,GB,United Kingdom,Q3,2024
14,spotify:track:5AJ9hqTS2wcFQCELCFRO7A,Tommy Richman,MILLION DOLLAR BABY,PULSE Records,2,12,11,1959713,GB,United Kingdom,Q3,2024
15,spotify:track:17phhZDn6oGtzMe56NuWvj,Teddy Swims,Lose Control,Warner Records,3,15,34,1826584,GB,United Kingdom,Q3,2024
16,spotify:track:7iabz12vAuVQYyekFIWJxD,"Central Cee, Lil Baby",BAND4BAND (feat. Lil Baby),Columbia,3,16,7,1727132,GB,United Kingdom,Q3,2024
17,spotify:track:2OzhQlSqBEmt7hmkYxfT6m,"Taylor Swift, Post Malone",Fortnight (feat. Post Malone),Taylor Swift,1,18,12,1623810,GB,United Kingdom,Q3,2024
18,spotify:track:629DixmZGHc7ILtEntuiWE,Billie Eilish,LUNCH,Darkroom/Interscope Records,2,17,8,1580894,GB,United Kingdom,Q3,2024
19,spotify:track:51eSHglvG1RJXtL3qI5trr,Benson Boone,Slow It Down,"Night Street Records, Inc./Warner Records Inc.",18,19,16,1551306,GB,United Kingdom,Q3,2024
20,spotify:track:5uQ7de4EWjb3rkcFxyEOpu,Mark Ambor,Belong Together,"Hundred Days Records, LLC",13,21,16,1464305,GB,United Kingdom,Q3,2024
21,spotify:track:1BxfuPKGuaTgP7aM0Bbdwr,Taylor Swift,Cruel Summer,Taylor Swift,3,20,71,1437538,GB,United Kingdom,Q3,2024
22,spotify:track:3JG1uFc40wfyrqaWC7iv0e,Artemas,i like the way you kiss me,Artemas,2,22,16,1423445,GB,United Kingdom,Q3,2024
23,spotify:track:4xdBrk0nFZaP54vvZj0yx7,Chappell Roan,HOT TO GO!,Chappell Roan PS/ Island,23,23,6,1418682,GB,United Kingdom,Q3,2024
24,spotify:track:2hrycoFU1mZw6YPvMcn8yC,Jordan Adetunji,KEHLANI,300 Entertainment,24,27,4,1389575,GB,United Kingdom,Q3,2024
25,spotify:track:3Pbp7cUCx4d3OAkZSCoNvn,Michael Marcagi,Scared To Start,Warner Records,9,26,25,1373309,GB,United Kingdom,Q3,2024
26,spotify:track:003vvx7Niy0yvhvHt4a68B,The Killers,Mr. Brightside,Island Records,12,28,394,1349312,GB,United Kingdom,Q3,2024
27,spotify:track:6jlG8gBPNAgBgoivw2Ig09,Tommy Richman,DEVIL IS A LIE,PULSE Records,23,24,4,1294144,GB,United Kingdom,Q3,2024
28,spotify:track:1XBYiRV30ykHw5f4wm6qEn,The Kid LAROI,NIGHTS LIKE THIS,Columbia,28,29,4,1271003,GB,United Kingdom,Q3,2024
29,spotify:track:4q5YezDOIPcoLr8R81x9qy,Taylor Swift,I Can Do It With a Broken Heart,Taylor Swift,4,25,12,1246908,GB,United Kingdom,Q3,2024
30,spotify:track:4w2GLmK2wnioVnb5CPQeex,Charli xcx,360,Atlantic Records,30,36,8,1153035,GB,United Kingdom,Q3,2024
31,spotify:track:22DH8NChecsgPxDjA4pqer,"Quavo, Lana Del Rey",Tough,Quality Control Music/Motown Records,31,-1,1,1138233,GB,United Kingdom,Q3,2024
32,spotify:track:3hRV0jL3vUpRrcy398teAU,Lord Huron,The Night We Met,Lord Huron,23,47,87,1134581,GB,United Kingdom,Q3,2024
33,spotify:track:3qhlB30KknSejmIvZZLjOD,Djo,End of Beginning,Djo,2,31,21,1133438,GB,United Kingdom,Q3,2024
34,spotify:track:1mea3bSkSGXuIRvnydlB5b,Coldplay,Viva La Vida,Parlophone UK,27,42,106,1091607,GB,United Kingdom,Q3,2024
35,spotify:track:1bJRd2ey6ER7neSxZwYdAG,"BL3SS, CamrinWatsin, bbyclose",Kisses (feat. bbyclose),Atlantic Records UK,35,43,4,1077732,GB,United Kingdom,Q3,2024
36,spotify:track:331l3xABO0HMr1Kkyh2LZq,"David Guetta, OneRepublic",I Don't Wanna Wait,Parlophone UK,30,30,13,1075062,GB,United Kingdom,Q3,2024
37,spotify:track:3U5JVgI2x4rDyHGObzJfNf,Natasha Bedingfield,Unwritten,Sony Music CG,11,41,28,1060008,GB,United Kingdom,Q3,2024
38,spotify:track:51ZQ1vr10ffzbwIjDCwqm4,Ariana Grande,we can't be friends (wait for your love),Republic Records,4,35,18,1028334,GB,United Kingdom,Q3,2024
39,spotify:track:7BRD7x5pt8Lqa1eGYC4dzj,Billie Eilish,CHIHIRO,Darkroom/Interscope Records,7,37,8,1014155,GB,United Kingdom,Q3,2024
40,spotify:track:7FOgcfdz9Nx5V9lCNXdBYv,Chappell Roan,Red Wine Supernova,Chappell Roan PS/ Island,38,38,10,1001774,GB,United Kingdom,Q3,2024
41,spotify:track:4Dvkj6JhhA12EX05fT7y2e,Harry Styles,As It Was,Columbia,1,33,119,999671,GB,United Kingdom,Q3,2024
42,spotify:track:6me7F0aaZjwDo6RJ5MrfBD,Richy Mitch & The Coal Miners,Evergreen,Richy Mitch & The Coal Miners,26,50,44,988884,GB,United Kingdom,Q3,2024
43,spotify:track:0Ai6qtPfiEYGCqBGJYWD1W,"Baddiel, Skinner & Lightning Seeds",Three Lions (Football's Coming Home),Sony Music UK,3,-1,14,972488,GB,United Kingdom,Q3,2024
44,spotify:track:6Qyc6fS4DsZjB2mRW9DsQs,The Goo Goo Dolls,Iris,Warner Records,36,52,136,943277,GB,United Kingdom,Q3,2024
45,spotify:track:59NraMJsLaMCVtwXTSia8i,"cassö, RAYE, D-Block Europe",Prada,Ministry of Sound Recordings,4,32,48,942942,GB,United Kingdom,Q3,2024
46,spotify:track:1TcF5F10EN17vraisG1gQv,"The Blessed Madonna, Clementine Douglas",Happier (feat. Clementine Douglas),Warner Records,33,44,16,936259,GB,United Kingdom,Q3,2024
47,spotify:track:2Zo1PcszsT9WQ0ANntJbID,Sabrina Carpenter,Feather,Island Records,18,39,33,931613,GB,United Kingdom,Q3,2024
48,spotify:track:4KWeGKChLKcnZsj3sIOSkW,"Eminem, Big Sean, BabyTron",Tobey (feat. Big Sean and BabyTron),Shady/Aftermath/Interscope Records,48,-1,1,928360,GB,United Kingdom,Q3,2024
49,spotify:track:7yq4Qj7cqayVTp3FF9CWbm,Vance Joy,Riptide,F-Stop Records/Atlantic,13,34,347,918343,GB,United Kingdom,Q3,2024
50,spotify:track:0ntQJM78wzOLVeCUAW7Y45,Kings of Leon,Sex on Fire,RCA/Legacy,46,46,172,876805,GB,United Kingdom,Q3,2024
1,spotify:track:5G2f63n7IPVPPjfNIGih7Q,Sabrina Carpenter,Taste,Island Records,1,1,7,3836143,GB,United Kingdom,Q4,2024
2,spotify:track:6dOtVTDdiauQNBQEDOtlAB,Billie Eilish,BIRDS OF A FEATHER,Darkroom/Interscope Records,1,3,21,2860754,GB,United Kingdom,Q4,2024
3,spotify:track:0WbMK4wrZ1wFSty9F7FCgu,Chappell Roan,"Good Luck, Babe!",Chappell Roan PS/ Island,2,2,27,2805461,GB,United Kingdom,Q4,2024
4,spotify:track:2plbrEY59IikOBgBGLjaoe,"Lady Gaga, Bruno Mars",Die With A Smile,Interscope,4,4,8,2662601,GB,United Kingdom,Q4,2024
5,spotify:track:2262bWmqomIaJXwCRHr13j,Gigi Perez,Sailor Song,Gigi Perez PS/ Island,5,8,11,2570488,GB,United Kingdom,Q4,2024
6,spotify:track:2HRqTpkrJO5ggZyyK6NPWz,Sabrina Carpenter,Espresso,Island Records,1,5,26,2378702,GB,United Kingdom,Q4,2024
7,spotify:track:2tHwzyyOLoWSFqYNjeVMzj,Sabrina Carpenter,Please Please Please,Island Records,1,6,18,2014064,GB,United Kingdom,Q4,2024
8,spotify:track:51rfRCiUSvxXlCSCfIztBy,Gracie Abrams,"I Love You, I'm Sorry","Gracie Abrams, under exclusive license to Interscope Records",8,19,14,2011808,GB,United Kingdom,Q4,2024
9,spotify:track:1UHS8Rf6h5Ar3CDWRd3wjF,Sabrina Carpenter,Bed Chem,Island Records,7,9,7,1931118,GB,United Kingdom,Q4,2024
10,spotify:track:3xkHsmpQCBMytMJNiDf3Ii,Benson Boone,Beautiful Things,"Night Street Records, Inc./Warner Records Inc.",1,10,38,1905959,GB,United Kingdom,Q4,2024
11,spotify:track:4xdBrk0nFZaP54vvZj0yx7,Chappell Roan,HOT TO GO!,Chappell Roan PS/ Island,8,11,19,1857523,GB,United Kingdom,Q4,2024
12,spotify:track:5fZJQrFKWQLb7FpJXZ1g7K,Shaboozey,A Bar Song (Tipsy),American Dogwood / EMPIRE,3,13,26,1847443,GB,United Kingdom,Q4,2024
13,spotify:track:19XpFsce28aByvCC4g89tJ,Hozier,Too Sweet,Columbia,1,12,28,1774594,GB,United Kingdom,Q4,2024
14,spotify:track:3Vr3zh0r7ALn8VLqCiRR10,Myles Smith,Stargazing,RCA Records Label,7,18,22,1699417,GB,United Kingdom,Q4,2024
15,spotify:track:0mflMxspEfB0VbI1kyLiAv,Noah Kahan,Stick Season,Mercury Records/Republic Records,1,16,54,1695945,GB,United Kingdom,Q4,2024
16,spotify:track:3HrHhTWonBqF4mDasi8xvC,"Chase & Status, Stormzy",BACKBONE,EMI,1,14,9,1686804,GB,United Kingdom,Q4,2024
17,spotify:track:1bJRd2ey6ER7neSxZwYdAG,"BL3SS, CamrinWatsin, bbyclose",Kisses (feat. bbyclose),Atlantic Records UK,12,15,17,1605987,GB,United Kingdom,Q4,2024
18,spotify:track:0io16MKpbeDIdYzmGpQaES,Ndotz,Embrace It,Isekai Records,18,21,5,1581359,GB,United Kingdom,Q4,2024
19,spotify:track:1Es7AUAhQvapIcoh3qMKDL,"The Weeknd, Playboi Carti",Timeless (feat Playboi Carti),XO / Republic Records,7,7,2,1519560,GB,United Kingdom,Q4,2024
20,spotify:track:3WOhcATHxK2SLNeP5W3v1v,"Charli xcx, Billie Eilish",Guess featuring billie eilish,Atlantic Records,1,20,10,1481538,GB,United Kingdom,Q4,2024
21,spotify:track:17phhZDn6oGtzMe56NuWvj,Teddy Swims,Lose Control,Warner Records,3,17,47,1433428,GB,United Kingdom,Q4,2024
22,spotify:track:1k2pQc5i348DCHwbn5KTdc,Chappell Roan,Pink Pony Club,Chappell Roan PS/ Island,22,23,16,1416112,GB,United Kingdom,Q4,2024
23,spotify:track:3QaPy1KgI7nu9FJEQUgn6h,Billie Eilish,WILDFLOWER,Darkroom/Interscope Records,17,27,21,1400010,GB,United Kingdom,Q4,2024
24,spotify:track:51eSHglvG1RJXtL3qI5trr,Benson Boone,Slow It Down,"Night Street Records, Inc./Warner Records Inc.",18,26,29,1388148,GB,United Kingdom,Q4,2024
25,spotify:track:5IZXB5IKAD2qlvTPJYDCFB,"Post Malone, Morgan Wallen",I Had Some Help (Feat. Morgan Wallen),Mercury Records / Republic Records,3,25,22,1378785,GB,United Kingdom,Q4,2024
26,spotify:track:3wo3d0I5H8KjkwGvnz8WbB,"Sonny Fodera, Jazzy, D.O.D",Somedays,Solotoko,26,34,10,1360577,GB,United Kingdom,Q4,2024
27,spotify:track:6MzofobZt2dm0Kf1hTThFz,Addison Rae,Diet Pepsi,Columbia,27,30,7,1345533,GB,United Kingdom,Q4,2024
28,spotify:track:2uqYupMHANxnwgeiXTZXzd,Dasha,Austin (Boots Stop Workin'),Warner Records,8,22,33,1290257,GB,United Kingdom,Q4,2024
29,spotify:track:21B4gaTWnTkuSh77iWEXdS,Sabrina Carpenter,Juno,Island Records,19,28,7,1279317,GB,United Kingdom,Q4,2024
30,spotify:track:1xmvq1fYLs9TEgikaFilGW,"KSI, Trippie Redd",Thick Of It (feat. Trippie Redd),Atlantic Records UK,30,-1,1,1260025,GB,United Kingdom,Q4,2024
31,spotify:track:1XBYiRV30ykHw5f4wm6qEn,The Kid LAROI,NIGHTS LIKE THIS,Columbia,28,31,17,1180741,GB,United Kingdom,Q4,2024
32,spotify:track:003vvx7Niy0yvhvHt4a68B,The Killers,Mr. Brightside,Island Records,12,29,407,1174245,GB,United Kingdom,Q4,2024
33,spotify:track:6Qyc6fS4DsZjB2mRW9DsQs,The Goo Goo Dolls,Iris,Warner Records,29,32,149,1144291,GB,United Kingdom,Q4,2024
34,spotify:track:2uXlHCUbq9OMUwx3hrk06o,Vance Joy,Riptide,Atlantic Records,13,55,360,1118152,GB,United Kingdom,Q4,2024
35,spotify:track:102YUQbYmwdBXS7jwamI90,Sabrina Carpenter,Good Graces,Island Records,10,35,7,1078242,GB,United Kingdom,Q4,2024
36,spotify:track:2PnlsTsOTLE5jnBnNe2K0A,Linkin Park,The Emptiness Machine,Warner Records,7,24,5,1077734,GB,United Kingdom,Q4,2024
37,spotify:track:7G7tgVYORlDuVprcYHuFJh,Crowded House,Don't Dream It's Over,Capitol Records,37,98,2,1066424,GB,United Kingdom,Q4,2024
38,spotify:track:1BJJbSX6muJVF2AK7uH1x4,"Adam Port, Stryv, Keinemusik, Orso, Malachiii",Move,Keinemusik,20,40,15,1057685,GB,United Kingdom,Q4,2024
39,spotify:track:3dj4wgM3cPeuLwMNHDuBon,Teddy Swims,The Door,Warner Records,36,36,22,1009155,GB,United Kingdom,Q4,2024
40,spotify:track:2hrycoFU1mZw6YPvMcn8yC,Jordan Adetunji,KEHLANI,300 Entertainment,17,41,17,1001641,GB,United Kingdom,Q4,2024
41,spotify:track:0rtDE9zfXbamTlRUSwY7zy,Mark Ambor,Belong Together,"Hundred Days Records, LLC",13,49,29,994462,GB,United Kingdom,Q4,2024
42,spotify:track:3JG1uFc40wfyrqaWC7iv0e,Artemas,i like the way you kiss me,Artemas,2,50,29,982957,GB,United Kingdom,Q4,2024
43,spotify:track:0gEyKnHvgkrkBM6fbeHdwK,The Cranberries,Linger,Island Records,41,43,39,982581,GB,United Kingdom,Q4,2024
44,spotify:track:1mea3bSkSGXuIRvnydlB5b,Coldplay,Viva La Vida,Parlophone UK,27,52,119,980633,GB,United Kingdom,Q4,2024
45,spotify:track:7FOgcfdz9Nx5V9lCNXdBYv,Chappell Roan,Red Wine Supernova,Chappell Roan PS/ Island,34,45,23,970141,GB,United Kingdom,Q4,2024
46,spotify:track:59NraMJsLaMCVtwXTSia8i,"cassö, RAYE, D-Block Europe",Prada,Ministry of Sound Recordings,4,104,61,969089,GB,United Kingdom,Q4,2024
47,spotify:track:3WSOUb3U7tqURbBSgZTrZX,Chappell Roan,Casual,Chappell Roan PS/ Island,38,44,17,961103,GB,United Kingdom,Q4,2024
48,spotify:track:62bOmKYxYg7dhrC6gH9vFn,*NSYNC,Bye Bye Bye,Jive,16,42,11,959862,GB,United Kingdom,Q4,2024
49,spotify:track:19RybK6XDbAVpcdxSbZL1o,Charli xcx,Apple,Atlantic Records,12,39,14,947010,GB,United Kingdom,Q4,2024
50,spotify:track:3Pbp7cUCx4d3OAkZSCoNvn,Michael Marcagi,Scared To Start,Warner Records,9,37,38,941997,GB,United Kingdom,Q4,2024
1,spotify:track:7yDHHVKLbvDmVw1XXhDDIO,"Vishal Mishra, Raj Shekhar",Pehle Bhi Main,T-Series,1,1,6,9938670,IN,India,Q1,2024
2,spotify:track:0TL0LFcwIBF5eX7arDIKxY,Anuv Jain,Husn,Universal Music India Pvt. Ltd. (on behalf of Anuv Jain),2,2,6,9021827,IN,India,Q1,2024
3,spotify:track:3yHyiUDJdz02FZ6jfUbsmY,"Arijit Singh, Shreyas Puranik, Siddharth - Garima","Satranga (From ""ANIMAL"")",T-Series,2,3,11,7339622,IN,India,Q1,2024
4,spotify:track:3zSSCPpLZ5Oc8nelhhGjKz,AUR,Tu hai kahan,Sony Music Middle East / South Asia,1,4,13,6292419,IN,India,Q1,2024
5,spotify:track:6bmmHeCvZI92pRiTHxEdTC,"Pritam, Arijit Singh, Irshad Kamil",O Maahi,T-Series,5,7,4,5378371,IN,India,Q1,2024
6,spotify:track:3xMHXmedL5Rvfxmiar9Ryv,"Anirudh Ravichander, Arijit Singh, Shilpa Rao, Kumaar",Chaleya,T-Series,1,6,22,5252107,IN,India,Q1,2024
7,spotify:track:4ApCig0GTR4IEp7Ijsyo3r,"Manan Bhardwaj, Bhupinder Babbal",Arjan Vailly,T-Series,1,5,8,4686417,IN,India,Q1,2024
8,spotify:track:5ZLkihi6DVsHwDL3B8ym1t,Shubh,One Love,SHUBH,3,9,21,4526579,IN,India,Q1,2024
9,spotify:track:0YxKKO272sacGBJKjf6FnB,"Jaani, B Praak",Saari Duniya Jalaa Denge,T-Series,3,8,7,4064111,IN,India,Q1,2024
10,spotify:track:1BpvuKIG7jK5EiTp2tv5z8,Shubh,King Shit,SHUBH,10,-1,1,3771662,IN,India,Q1,2024
11,spotify:track:5PUXKVVVQ74C3gl5vKy9Li,"Jasleen Royal, Arijit Singh, Dulquer Salmaan",Heeriye (feat. Arijit Singh),Warner Music India,1,10,24,3688734,IN,India,Q1,2024
12,spotify:track:54PRUdMOYzglMGnsg9kIta,"Raghav Chaitanya, Manoj Muntashir, Pritam","Hua Main (From ""ANIMAL"")",T-Series,6,11,13,3524915,IN,India,Q1,2024
13,spotify:track:4eBvRhTJ2AcxCsbfTUjoRp,Shubh,Cheques,SHUBH,1,17,33,2936372,IN,India,Q1,2024
14,spotify:track:1hA697u7e1jX2XM8sWA6Uy,"Sachin-Jigar, Arijit Singh, Amitabh Bhattacharya",Apna Bana Le,Zee Music Company,1,15,29,2896140,IN,India,Q1,2024
15,spotify:track:0Jiaz0O4AqnJICa9PxHhaR,Darshan Raval,Mahiye Jinna Sohna,Warner Music India,2,13,29,2860237,IN,India,Q1,2024
16,spotify:track:6c4Po8zyQjB4cR5XgLhcGb,"Prabh Singh, Jay Trak, Rooh Sandhu",9:45,Prabh Singh Official,9,16,27,2799960,IN,India,Q1,2024
17,spotify:track:35FFqjqaPv1Fr9B1GtJdZO,"Harshavardhan Rameshwar, Choir","Abrar’s Entry | Jamal Kudu (From ""ANIMAL"")",T-Series,8,12,5,2678264,IN,India,Q1,2024
18,spotify:track:0UZLaEOSIc5kg0cc7eszqC,Vishal Mishra,Manjha,Desi Music Factory,18,32,85,2653988,IN,India,Q1,2024
19,spotify:track:4UMIv5jd9gK98a39BQRD9X,"Pritam, Arijit Singh, Amitabh Bhattacharya",Kesariya,Sony Music Entertainment India Pvt. Ltd.,1,20,78,2647882,IN,India,Q1,2024
20,spotify:track:0YQJoDL6f46J0n1rOVkpxJ,"Karan Aujla, Ikky",Softly,WM Canada,4,14,21,2644785,IN,India,Q1,2024
21,spotify:track:0645eBDehHcqfiF15hscQV,"Vishal Mishra, Rashmeet Kaur","Janiye (from the Netflix Film ""Chor Nikal Ke Bhaga"")",Netflix Music,5,19,27,2617350,IN,India,Q1,2024
22,spotify:track:5BBB2PDgDWi6NBECj0wJiA,"Savi Kahlon, The Masterz",Apa Fer Milaangey,Single Track Studios,22,98,2,2577747,IN,India,Q1,2024
23,spotify:track:72vuBPMhwFNlSYpTSf6fVD,"Diljit Dosanjh, Sia, Greg Kurstin",Hass Hass,Warner Music India,5,18,11,2576781,IN,India,Q1,2024
24,spotify:track:1418IuVKQPTYqt7QNJ9RXN,King,Maan Meri Jaan,Warner Music India,1,27,65,2532687,IN,India,Q1,2024
25,spotify:track:26elzgFl8tvajnDfeoY1YF,"Darshan Raval, Prakriti Kakar",Mannat,Warner Music India,21,21,5,2520429,IN,India,Q1,2024
26,spotify:track:73K33p4Vyz9koXGqmL5eFs,"Sachet Tandon, Parampara Tandon, Kumaar, Sachet-Parampara",Malang Sajna,T-Series,4,22,51,2494270,IN,India,Q1,2024
27,spotify:track:4u0D2jZ20wQaEMHBSqsDnZ,King,Tu Jaana Na Piya,Warner Music India,15,30,11,2423247,IN,India,Q1,2024
28,spotify:track:38h4tmH1AWBVuemWAy4R4y,"Pritam, Arijit Singh, Shreya Ghoshal, Amitabh Bhattacharya","Tum Kya Mile, Pt. 2",Saregama India Ltd,9,24,28,2405368,IN,India,Q1,2024
29,spotify:track:7iekl4P95GuphG8x8a3cNT,"Pritam, Arijit Singh, Jonita Gandhi, Ranveer Singh, Amitabh Bhattacharya",What Jhumka ?,Saregama India Ltd,6,23,26,2357044,IN,India,Q1,2024
30,spotify:track:1y1rQTkWmrZdJmjwuK07GC,"Vishal Mishra, Manoj Muntashir","Kaise Hua (From ""Kabir Singh"")",T-Series,5,25,239,2336628,IN,India,Q1,2024
31,spotify:track:2pIoyDWZV5OSW0xd6n41xV,"Pritam, Arijit Singh, Swanand Kirkire, IP Singh",Lutt Putt Gaya,T-Series,29,29,7,2335569,IN,India,Q1,2024
32,spotify:track:3bQsp4Vr9Rg4fNCx6HPOgX,Anuv Jain,Alag Aasmaan,Universal Music India Pvt. Ltd. (on behalf of Anuv Jain),31,31,17,2323479,IN,India,Q1,2024
33,spotify:track:4H1FLy4H7nS9wy9gg9JeFQ,"Santhosh Narayanan, Dhvani Kailas, Vivek","Unakku Thaan - From ""Chithha""",Think Music,11,28,5,2288277,IN,India,Q1,2024
34,spotify:track:5Tkf5CbtVYHA1SiKo1NrJE,"Sachin-Jigar, Arijit Singh, Amitabha Bhattacharya","Phir Aur Kya Chahiye (From ""Zara Hatke Zara Bachke"")",Saregama,1,33,33,2219186,IN,India,Q1,2024
35,spotify:track:3F3ZuXYFXGM1V6pk3b3zmi,"Diljit Dosanjh, thiarajxtt",Kinni Kinni,DILJIT DOSANJH,25,36,9,2164307,IN,India,Q1,2024
36,spotify:track:0rMeOAvbQZ2RTG4B6L1M4p,Darshan Raval,Asal Mein,Indie Music Label,21,35,137,2080179,IN,India,Q1,2024
37,spotify:track:3WLJ7D5kh44K5eJ1NqZQ6W,Anuv Jain,Baarishein,Universal Music India Pvt. Ltd. (on behalf of Anuv Jain),18,37,139,2067110,IN,India,Q1,2024
38,spotify:track:2FCXQHugkoHE1K3tiDu8pu,"Alka Yagnik, Arijit Singh","Agar Tum Saath Ho (From ""Tamasha"")",T-Series,4,38,241,2038304,IN,India,Q1,2024
39,spotify:track:7CVw4gVPpH1TPQttQGVmhZ,"Karun, Lambo Drive, Arpit Bala, GHILDIYAL",Maharani,TEESRI DUNIYA,39,43,5,2023896,IN,India,Q1,2024
40,spotify:track:2ZD4aIEepqZsdxPxLSuUhm,"Pritam, Arijit Singh, Amitabh Bhattacharya, Nikhita Gandhi",Tere Pyaar Mein,T-Series,5,34,49,2011834,IN,India,Q1,2024
41,spotify:track:2q9lPN7CT92W1Ry77j2acn,"Pritam, Arijit Singh, Shreya Ghoshal, Shadab Faridi, Altamash Faridi, Amitabh Bhattacharya",Ve Kamleya,Saregama India Ltd,32,42,22,1998264,IN,India,Q1,2024
42,spotify:track:4VsP4Dm8gsibRxB5I2hEkw,Kaifi Khalil,Kahani Suno 2.0,1944121 Records DK,1,39,56,1995294,IN,India,Q1,2024
43,spotify:track:7e2dvR0ySx1bBJRDxVJiG1,AUR,Shikayat,Sony Music Middle East / South Asia,43,80,2,1899898,IN,India,Q1,2024
44,spotify:track:6oz1L5jcqZWYuId7nxvIan,Shubh,Still Rollin,SHUBH,4,47,34,1884175,IN,India,Q1,2024
45,spotify:track:6H7fLdt0AeWpuxUKXuXWrx,Hariharan,Shree Hanuman Chalisa,T-Series,39,50,74,1867348,IN,India,Q1,2024
46,spotify:track:0xIuPDzJSnJywALez8dwKR,AP Dhillon,With You,Mass Appeal India,2,40,22,1855877,IN,India,Q1,2024
47,spotify:track:4wIWWEhbdgKAxhR68eE0Ye,"Arijit Singh, Chinmayi","Mast Magan (From ""2 States"")",T-Series,45,46,151,1843724,IN,India,Q1,2024
48,spotify:track:3dpM3ijJz0vGzbkh5DcMXz,"Payal Dev, Vishal Mishra, A.M. Turaz","Naseeb Se (From ""Satyaprem Ki Katha"")",T-Series,44,48,32,1809150,IN,India,Q1,2024
49,spotify:track:4blqlsA1uf2d2I40E90EUC,"Pritam, Arijit Singh, Shilpa Rao","Tere Hawaale (From ""Laal Singh Chaddha"")",T-Series,11,44,46,1794900,IN,India,Q1,2024
50,spotify:track:4thOONDx78zsY8sHGfU1M2,Shubh,You and Me,SHUBH,50,-1,1,1792742,IN,India,Q1,2024
1,spotify:track:7yDHHVKLbvDmVw1XXhDDIO,"Vishal Mishra, Raj Shekhar",Pehle Bhi Main,T-Series,1,1,19,6642036,IN,India,Q2,2024
2,spotify:track:0M0ANKNzmM4Odd7FNKghzW,Mitraz,"Akhiyaan Gulaab (From ""Teri Baaton Mein Aisa Uljha Jiya"")",T-Series,2,4,11,4986033,IN,India,Q2,2024
3,spotify:track:0TL0LFcwIBF5eX7arDIKxY,Anuv Jain,Husn,Universal Music India Pvt. Ltd. (on behalf of Anuv Jain),1,3,19,4842357,IN,India,Q2,2024
4,spotify:track:3yHyiUDJdz02FZ6jfUbsmY,"Arijit Singh, Shreyas Puranik, Siddharth - Garima","Satranga (From ""ANIMAL"")",T-Series,2,2,24,4544870,IN,India,Q2,2024
5,spotify:track:6IR6mzRO60hnMjNoq8rCPE,"Raghav, Tanishk Bagchi, Asees Kaur","Teri Baaton Mein Aisa Uljha Jiya Title Song (From ""Teri Baaton Mein Aisa Uljha Jiya"")",T-Series,5,6,10,3692159,IN,India,Q2,2024
6,spotify:track:6bmmHeCvZI92pRiTHxEdTC,"Pritam, Arijit Singh, Irshad Kamil",O Maahi,T-Series,4,5,17,3563226,IN,India,Q2,2024
7,spotify:track:3zSSCPpLZ5Oc8nelhhGjKz,AUR,Tu hai kahan,Sony Music Middle East / South Asia,1,7,26,3361088,IN,India,Q2,2024
8,spotify:track:1eZefeDb8uOsjvcbl1fJrG,"Diljit Dosanjh, Badshah, Raj Ranjodh","Naina (From ""Crew"")",Tips Music Limited,8,15,5,3284858,IN,India,Q2,2024
9,spotify:track:3xMHXmedL5Rvfxmiar9Ryv,"Anirudh Ravichander, Arijit Singh, Shilpa Rao, Kumaar",Chaleya,T-Series,1,8,35,3218790,IN,India,Q2,2024
10,spotify:track:7KQdgW7QzNd9oPoCzjCU76,Shubh,Bandana,Shubh,10,38,2,3164516,IN,India,Q2,2024
11,spotify:track:4ITtnvLQ6SOA8XhiqkLa24,"Sanju Rathod, G-SPXRK",Gulabi Sadi,Sanjay Rathod,11,11,4,3101647,IN,India,Q2,2024
12,spotify:track:5PUXKVVVQ74C3gl5vKy9Li,"Jasleen Royal, Arijit Singh, Dulquer Salmaan",Heeriye (feat. Arijit Singh),Warner Music India,1,9,37,3090229,IN,India,Q2,2024
13,spotify:track:1hA697u7e1jX2XM8sWA6Uy,"Sachin-Jigar, Arijit Singh, Amitabh Bhattacharya",Apna Bana Le,Zee Music Company,1,13,42,3022262,IN,India,Q2,2024
14,spotify:track:1tf2iody5iRLYYPDSBpzRc,"Badshah, Arijit Singh",Soulmate,Universal Music India Pvt Ltd.,14,18,3,2994991,IN,India,Q2,2024
15,spotify:track:209QxKVJzh2FLUmZHpYs4m,"Badshah, Karan Aujla, Hiten",God Damn,Universal Music India Pvt Ltd.,15,19,3,2926698,IN,India,Q2,2024
16,spotify:track:5ZLkihi6DVsHwDL3B8ym1t,Shubh,One Love,SHUBH,3,10,34,2914041,IN,India,Q2,2024
17,spotify:track:2C6CJGFLbisteRuY6Plb7b,"Danny, Avvy Sra, Sagar",Ve Haaniyaan,Dreamiyata Entertainment Pvt Ltd,10,14,10,2797031,IN,India,Q2,2024
18,spotify:track:1zzejMGRYKP5XOa3FmzXfa,Sai Abhyankkar,"Katchi Sera - From ""Think Indie""",Think Music,6,12,10,2564497,IN,India,Q2,2024
19,spotify:track:2lX53kXvYnvpV8Vqfe4S7s,"Aashir Wajahat, NAYEL, Nehaal Naseem",Sadqay,Sony Music Middle East / South Asia,15,20,7,2542280,IN,India,Q2,2024
20,spotify:track:2q9lPN7CT92W1Ry77j2acn,"Pritam, Arijit Singh, Shreya Ghoshal, Shadab Faridi, Altamash Faridi, Amitabh Bhattacharya",Ve Kamleya,Saregama India Ltd,20,21,35,2520964,IN,India,Q2,2024
21,spotify:track:4eBvRhTJ2AcxCsbfTUjoRp,Shubh,Cheques,SHUBH,1,17,46,2520839,IN,India,Q2,2024
22,spotify:track:0645eBDehHcqfiF15hscQV,"Vishal Mishra, Rashmeet Kaur","Janiye (from the Netflix Film ""Chor Nikal Ke Bhaga"")",Netflix Music,5,23,40,2481870,IN,India,Q2,2024
23,spotify:track:0UZLaEOSIc5kg0cc7eszqC,Vishal Mishra,Manjha,Desi Music Factory,16,26,98,2436372,IN,India,Q2,2024
24,spotify:track:6c4Po8zyQjB4cR5XgLhcGb,"Prabh Singh, Jay Trak, Rooh Sandhu",9:45,Prabh Singh Official,9,22,40,2403079,IN,India,Q2,2024
25,spotify:track:1BpvuKIG7jK5EiTp2tv5z8,Shubh,King Shit,SHUBH,5,16,14,2391983,IN,India,Q2,2024
26,spotify:track:1418IuVKQPTYqt7QNJ9RXN,King,Maan Meri Jaan,Warner Music India,1,28,78,2363959,IN,India,Q2,2024
27,spotify:track:0YQJoDL6f46J0n1rOVkpxJ,"Karan Aujla, Ikky",Softly,WM Canada,4,27,34,2325266,IN,India,Q2,2024
28,spotify:track:32VAw8DL9ixX5XSW2VLcZ4,"Parmish Verma, PARDHAAN, Desi Crew",Aam Jahe Munde,Parmish Verma Films,20,24,40,2276904,IN,India,Q2,2024
29,spotify:track:3F3ZuXYFXGM1V6pk3b3zmi,"Diljit Dosanjh, thiarajxtt",Kinni Kinni,DILJIT DOSANJH,24,33,22,2192589,IN,India,Q2,2024
30,spotify:track:26elzgFl8tvajnDfeoY1YF,"Darshan Raval, Prakriti Kakar",Mannat,Warner Music India,18,30,18,2132383,IN,India,Q2,2024
31,spotify:track:73K33p4Vyz9koXGqmL5eFs,"Sachet Tandon, Parampara Tandon, Kumaar, Sachet-Parampara",Malang Sajna,T-Series,4,29,64,2099725,IN,India,Q2,2024
32,spotify:track:38h4tmH1AWBVuemWAy4R4y,"Pritam, Arijit Singh, Shreya Ghoshal, Amitabh Bhattacharya","Tum Kya Mile, Pt. 2",Saregama India Ltd,9,32,41,2097076,IN,India,Q2,2024
33,spotify:track:1y1rQTkWmrZdJmjwuK07GC,"Vishal Mishra, Manoj Muntashir","Kaise Hua (From ""Kabir Singh"")",T-Series,5,36,252,2085899,IN,India,Q2,2024
34,spotify:track:54PRUdMOYzglMGnsg9kIta,"Raghav Chaitanya, Manoj Muntashir, Pritam","Hua Main (From ""ANIMAL"")",T-Series,6,40,26,2079282,IN,India,Q2,2024
35,spotify:track:432Inwsdfixa83Kj4nvXMr,"KD DESIROCK, Swara",My Queen,Times Music,35,110,2,2031609,IN,India,Q2,2024
36,spotify:track:48Ix6ReYdJf2H4mKb3TIpj,"Atif Aslam, Alisha Chinai, Pritam",Tera Hone Laga Hoon,Tips Industries Ltd,36,56,152,2013214,IN,India,Q2,2024
37,spotify:track:1fGXJZny7HUQnLKwttxmYw,"Vishal Mishra, Raj Shekhar","Marham (Pehle Bhi Main) [From ""ANIMAL""]",T-Series,18,25,13,1991457,IN,India,Q2,2024
38,spotify:track:4dvfxZKehPxpz3UZ7A5Fni,"Tayc, Shreya Ghoshal, Rajat Nagpal, Jacqueline Fernandez",Yimmy Yimmy,PlayDMF,38,63,3,1986988,IN,India,Q2,2024
39,spotify:track:0Jiaz0O4AqnJICa9PxHhaR,Darshan Raval,Mahiye Jinna Sohna,Warner Music India,2,31,42,1984117,IN,India,Q2,2024
40,spotify:track:72vuBPMhwFNlSYpTSf6fVD,"Diljit Dosanjh, Sia, Greg Kurstin",Hass Hass,Warner Music India,5,37,24,1942013,IN,India,Q2,2024
41,spotify:track:7eQl3Yqv35ioqUfveKHitE,"Pritam, Mohit Chauhan, Irshad Kamil",Tum Se Hi,T-Series,27,39,212,1940294,IN,India,Q2,2024
42,spotify:track:0rMeOAvbQZ2RTG4B6L1M4p,Darshan Raval,Asal Mein,Indie Music Label,21,34,150,1935690,IN,India,Q2,2024
43,spotify:track:0YxKKO272sacGBJKjf6FnB,"Jaani, B Praak",Saari Duniya Jalaa Denge,T-Series,3,42,20,1917047,IN,India,Q2,2024
44,spotify:track:4ApCig0GTR4IEp7Ijsyo3r,"Manan Bhardwaj, Bhupinder Babbal",Arjan Vailly,T-Series,1,35,21,1904962,IN,India,Q2,2024
45,spotify:track:2ceeTJAzKy295Fm0VsaXtE,"Sachin-Jigar, Raghav Chaitanya, Varun Jain, Indraneel","Tum Se (From ""Teri Baaton Mein Aisa Uljha Jiya"")",T-Series,45,60,9,1897736,IN,India,Q2,2024
46,spotify:track:1smFN2CLqGROu0J0UyvDfL,"Pritam, Arijit Singh",Shayad,Sony Music Entertainment India Pvt. Ltd.,1,46,221,1800538,IN,India,Q2,2024
47,spotify:track:5Tkf5CbtVYHA1SiKo1NrJE,"Sachin-Jigar, Arijit Singh, Amitabha Bhattacharya","Phir Aur Kya Chahiye (From ""Zara Hatke Zara Bachke"")",Saregama,1,41,46,1785148,IN,India,Q2,2024
48,spotify:track:3iFYJMrRS0fLrwDNVbqNF0,Darshan Raval,Saajan Ve,Warner Music India,39,43,14,1751404,IN,India,Q2,2024
49,spotify:track:3wuv55oGTDrvCNmNPeSUMb,"Badshah, Sharvi Yadav, Hiten",Daaku,Universal Music India Pvt Ltd.,35,49,7,1748202,IN,India,Q2,2024
50,spotify:track:4UMIv5jd9gK98a39BQRD9X,"Pritam, Arijit Singh, Amitabh Bhattacharya",Kesariya,Sony Music Entertainment India Pvt. Ltd.,1,45,91,1707870,IN,India,Q2,2024
1,spotify:track:5zCnGtCl5Ac5zlFHXaZmhy,"Ram Sampath, Arijit Singh, Prashant Pandey","Sajni (From ""Laapataa Ladies"")",T-Series,1,1,10,7700878,IN,India,Q3,2024
2,spotify:track:16kiQQ4BoLHDyj5W2fkfNK,Karan Aujla,"Tauba Tauba (From ""Bad Newz"")",Saregama India Ltd,2,-1,1,7558961,IN,India,Q3,2024
3,spotify:track:0MTdYgTZ25sLCO6kVnDoje,"Sai Abhyankkar, Sai Smriti","Aasa Kooda - From ""Think Indie""",Think Music,3,5,3,5428814,IN,India,Q3,2024
4,spotify:track:1r6GbBLdtUK1Vl1IHT14wP,"Mohammad Faiz, Jaani","Dekhha Tenu (From ""Mr. And Mrs. Mahi"")",Sony Music Entertainment India Pvt. Ltd.,2,2,8,5331212,IN,India,Q3,2024
5,spotify:track:0XRb6eZE4dBIJdqwf1Mixu,"Juss, MixSingh",Suniyan Suniyan,Mix It Up Studio,3,3,8,5119052,IN,India,Q3,2024
6,spotify:track:36N5awamOX6XX5pQn3aFXZ,"Darshan Raval, Jonita Gandhi, Rochak Kohli, Gurpreet Saini","Soni Soni (From ""Ishq Vishk Rebound"")",Tips Industries Ltd,4,4,6,4686773,IN,India,Q3,2024
7,spotify:track:3bmsaFp11I9pbicxzlStf3,Akshath,nadaaniyan,Universal Music India Pvt Ltd.,6,6,4,4001814,IN,India,Q3,2024
8,spotify:track:3yHyiUDJdz02FZ6jfUbsmY,"Arijit Singh, Shreyas Puranik, Siddharth - Garima","Satranga (From ""ANIMAL"")",T-Series,2,7,37,3760488,IN,India,Q3,2024
9,spotify:track:1a1xLj9W8libnO9PvJf6ao,"Sushin Shyam, Dabzee, Vinayak Sasikumar",Illuminati,Think Music,3,8,14,3622501,IN,India,Q3,2024
10,spotify:track:7yDHHVKLbvDmVw1XXhDDIO,"Vishal Mishra, Raj Shekhar",Pehle Bhi Main,T-Series,1,12,32,3567473,IN,India,Q3,2024
11,spotify:track:1tf2iody5iRLYYPDSBpzRc,"Badshah, Arijit Singh",Soulmate,Universal Music India Pvt Ltd.,2,9,16,3492387,IN,India,Q3,2024
12,spotify:track:5ouREJYZCYqwF0p7VeUtfH,Karan Aujla,IDK HOW,Karan Aujla/Rehaan Records,12,75,2,3378196,IN,India,Q3,2024
13,spotify:track:2Fv2injs4qAm8mJBGaxVKU,"Arijit Singh, Mithoon","Tujhe Kitna Chahne Lage (From ""Kabir Singh"")",T-Series,2,25,267,3373546,IN,India,Q3,2024
14,spotify:track:1eZefeDb8uOsjvcbl1fJrG,"Diljit Dosanjh, Badshah, Raj Ranjodh","Naina (From ""Crew"")",Tips Music Limited,3,11,18,3304989,IN,India,Q3,2024
15,spotify:track:0M0ANKNzmM4Odd7FNKghzW,Mitraz,"Akhiyaan Gulaab (From ""Teri Baaton Mein Aisa Uljha Jiya"")",T-Series,2,13,24,3293059,IN,India,Q3,2024
16,spotify:track:0YQJoDL6f46J0n1rOVkpxJ,"Karan Aujla, Ikky",Softly,WM Canada,4,22,47,3286860,IN,India,Q3,2024
17,spotify:track:0TL0LFcwIBF5eX7arDIKxY,Anuv Jain,Husn,Universal Music India Pvt. Ltd. (on behalf of Anuv Jain),1,14,32,3272377,IN,India,Q3,2024
18,spotify:track:3FqtduiaqnFYvBgKuc6QWQ,"Karan Aujla, Seshnolan",Winning Speech,Karan Aujla,8,16,8,3179761,IN,India,Q3,2024
19,spotify:track:0TrsGqtFXMWCrF9pPMICY9,"Jyoti Nooran, Jaani, Bunny",Paon Ki Jutti,Universal Music India Pvt Ltd. – Distribution,8,10,7,3178604,IN,India,Q3,2024
20,spotify:track:2ceeTJAzKy295Fm0VsaXtE,"Sachin-Jigar, Raghav Chaitanya, Varun Jain, Indraneel","Tum Se (From ""Teri Baaton Mein Aisa Uljha Jiya"")",T-Series,10,15,22,3159635,IN,India,Q3,2024
21,spotify:track:3xMHXmedL5Rvfxmiar9Ryv,"Anirudh Ravichander, Arijit Singh, Shilpa Rao, Kumaar",Chaleya,T-Series,1,18,48,2974830,IN,India,Q3,2024
22,spotify:track:5npFBWhVs3VVlc0nY5xQMA,"Sachin-Jigar, Arijit Singh","Tainu Khabar Nahi - From ""Munjya""",Zee Music Company,17,17,4,2967531,IN,India,Q3,2024
23,spotify:track:1hA697u7e1jX2XM8sWA6Uy,"Sachin-Jigar, Arijit Singh, Amitabh Bhattacharya",Apna Bana Le,Zee Music Company,1,19,55,2892319,IN,India,Q3,2024
24,spotify:track:5PUXKVVVQ74C3gl5vKy9Li,"Jasleen Royal, Arijit Singh, Dulquer Salmaan",Heeriye (feat. Arijit Singh),Warner Music India,1,20,50,2756328,IN,India,Q3,2024
25,spotify:track:7eQl3Yqv35ioqUfveKHitE,"Pritam, Mohit Chauhan, Irshad Kamil",Tum Se Hi,T-Series,25,34,225,2737402,IN,India,Q3,2024
26,spotify:track:0645eBDehHcqfiF15hscQV,"Vishal Mishra, Rashmeet Kaur","Janiye (from the Netflix Film ""Chor Nikal Ke Bhaga"")",Netflix Music,5,23,53,2735475,IN,India,Q3,2024
27,spotify:track:6bmmHeCvZI92pRiTHxEdTC,"Pritam, Arijit Singh, Irshad Kamil",O Maahi,T-Series,4,21,30,2659416,IN,India,Q3,2024
28,spotify:track:6egfWbtFFhMToV2DvmEzmo,"Bunny, Hunny, Sagar","Tu Hain Toh (From ""Mr. And Mrs. Mahi"")",Sony Music Entertainment India Pvt. Ltd.,28,44,3,2580638,IN,India,Q3,2024
29,spotify:track:1hlbywc8Jhl1FFqJxAMabE,"Faheem Abdullah, Rauhan Malik, Amir Ameer",Ishq,Artiste First,27,30,15,2536280,IN,India,Q3,2024
30,spotify:track:7n85x6EpfleVtbIjQGe0TD,"Guru Randhawa, Babbu Maan, Sanjoy",Pagal,T-Series,23,28,6,2486109,IN,India,Q3,2024
31,spotify:track:6y5SuF4NxGkvwpAdqcAkD3,"Pritam, Arijit Singh, Shreya Ghoshal, Shadab Faridi, Altamash Faridi, Amitabh Bhattacharya",Ve Kamleya,Saregama India Ltd,15,32,48,2461788,IN,India,Q3,2024
32,spotify:track:5Zv9GfbJv0MVntvTGF0IwG,"Ikka, Diljit Dosanjh, Badshah, Sez on the Beat",Jagga Jatt,T-Series,15,24,6,2456994,IN,India,Q3,2024
33,spotify:track:2PvaburAUlhNHxVhw5lvOq,Arijit Singh,"Humdard (From ""Ek Villain"")",T-Series,28,31,208,2434376,IN,India,Q3,2024
34,spotify:track:5ZLkihi6DVsHwDL3B8ym1t,Shubh,One Love,SHUBH,3,26,47,2396999,IN,India,Q3,2024
35,spotify:track:4eBvRhTJ2AcxCsbfTUjoRp,Shubh,Cheques,SHUBH,1,27,59,2361557,IN,India,Q3,2024
36,spotify:track:0UZLaEOSIc5kg0cc7eszqC,Vishal Mishra,Manjha,Desi Music Factory,16,33,111,2348243,IN,India,Q3,2024
37,spotify:track:1kDZSmw3mKQeAjcmPTLS3M,"Pritam, Arijit Singh, Shreya Ghoshal, Amitabh Bhattacharya","Tum Kya Mile, Pt. 2",Saregama India Ltd,9,35,54,2341344,IN,India,Q3,2024
38,spotify:track:1y1rQTkWmrZdJmjwuK07GC,"Vishal Mishra, Manoj Muntashir","Kaise Hua (From ""Kabir Singh"")",T-Series,5,39,265,2319519,IN,India,Q3,2024
39,spotify:track:45PA9lW7U5LYnlpGrdTyHY,"Jasleen Royal, Ujjwal Kashyap",Sang Rahiyo,Warner Music India,21,36,18,2285512,IN,India,Q3,2024
40,spotify:track:3hfWgH0UEDW1uJNlj5gRW1,"Ikka, Karan Aujla, Sanjoy",House Of Lies,T-Series,29,29,7,2278908,IN,India,Q3,2024
41,spotify:track:5BQePe9rcCJozHK3oPayYk,Shubh,MVP,Shubh,24,42,9,2232857,IN,India,Q3,2024
42,spotify:track:3zSSCPpLZ5Oc8nelhhGjKz,AUR,Tu hai kahan,Sony Music Middle East / South Asia,1,37,39,2226986,IN,India,Q3,2024
43,spotify:track:7KmCQLSSde0UX5OqCgvGN9,Karan Aujla,ANTIDOTE,Karan Aujla/Rehaan Records,43,138,2,2142508,IN,India,Q3,2024
44,spotify:track:2qSkIjg1o9h3YT9RAgYN75,Sabrina Carpenter,Espresso,Island Records,26,40,11,2133501,IN,India,Q3,2024
45,spotify:track:209QxKVJzh2FLUmZHpYs4m,"Badshah, Karan Aujla, Hiten",God Damn,Universal Music India Pvt Ltd.,15,60,16,2117107,IN,India,Q3,2024
46,spotify:track:7KQdgW7QzNd9oPoCzjCU76,Shubh,Bandana,Shubh,8,45,15,2090574,IN,India,Q3,2024
47,spotify:track:0rMeOAvbQZ2RTG4B6L1M4p,Darshan Raval,Asal Mein,Indie Music Label,21,38,163,2075245,IN,India,Q3,2024
48,spotify:track:2tjWCe2W7sgvS3C8NHcdtI,"Akhil, Dhvani Bhanushali, Kunaal Vermaa, Abhijit Vaghani","Duniyaa (From ""Luka Chuppi"")",T-Series,1,84,281,1991288,IN,India,Q3,2024
49,spotify:track:1zzejMGRYKP5XOa3FmzXfa,Sai Abhyankkar,"Katchi Sera - From ""Think Indie""",Think Music,6,50,23,1983447,IN,India,Q3,2024
50,spotify:track:2FCXQHugkoHE1K3tiDu8pu,"Alka Yagnik, Arijit Singh","Agar Tum Saath Ho (From ""Tamasha"")",T-Series,4,41,267,1973123,IN,India,Q3,2024
1,spotify:track:0eCajpR75pDW0r64U6hP2x,Anuv Jain,Jo Tum Mere Ho,Universal Music India Pvt. Ltd. (on behalf of Anuv Jain),1,1,9,10303076,IN,India,Q4,2024
2,spotify:track:5AnWrUzsrFgBvhn6dUElnr,"Sachin-Jigar, Amitabh Bhattacharya, Madhubanti Bagchi, Divya Kumar","Aaj Ki Raat (From ""Stree 2"")",Saregama India Ltd,1,2,11,7013374,IN,India,Q4,2024
3,spotify:track:78BWCd70D1X6LMkDZm1UoF,Yo Yo Honey Singh,Millionaire,T-Series,3,5,6,6394618,IN,India,Q4,2024
4,spotify:track:1bxzr3JK05fMTcweGAZUHp,"Shilpa Rao, Anirudh Ravichander, Ramajogayya Sastry","Chuttamalle (From ""Devara Part 1"")",T-Series,4,4,10,6064574,IN,India,Q4,2024
5,spotify:track:1mQUEvGR7Sbt2OCz2gFrdx,"Amitabh Bhattacharya, Sachin-Jigar, Pawan Singh, Simran Choudhary","Aayi Nai (From ""Stree 2"")",Saregama India Ltd,2,3,9,5665859,IN,India,Q4,2024
6,spotify:track:5zCnGtCl5Ac5zlFHXaZmhy,"Ram Sampath, Arijit Singh, Prashant Pandey","Sajni (From ""Laapataa Ladies"")",T-Series,1,6,23,4910587,IN,India,Q4,2024
7,spotify:track:1hlbywc8Jhl1FFqJxAMabE,"Faheem Abdullah, Rauhan Malik, Amir Ameer",Ishq,Artiste First,6,7,28,4839074,IN,India,Q4,2024
8,spotify:track:7KB0zREYCrQU3refE5x0M3,"Anirudh Ravichander, Malaysia Vasudevan, Deepthi Suresh, Yugendran Vasudeva Nair","Manasilaayo (From ""Vettaiyan"")",Sony Music Entertainment India Pvt. Ltd.,7,8,5,4752070,IN,India,Q4,2024
9,spotify:track:0TL0LFcwIBF5eX7arDIKxY,Anuv Jain,Husn,Universal Music India Pvt. Ltd. (on behalf of Anuv Jain),1,9,45,4632625,IN,India,Q4,2024
10,spotify:track:5Ggb9pKiKcr5vNV9v1e1vs,"Varun Jain, Shilpa Rao, Sachin-Jigar, Amitabh Bhattacharya",Tumhare Hi Rahenge Hum,Saregama India Ltd,8,10,8,3852133,IN,India,Q4,2024
11,spotify:track:1o8YPl0hyGbpRcHplXNvsm,"Vishal Mishra, Sachin-Jigar, Amitabh Bhattacharya","Khoobsurat (From ""Stree 2"")",Saregama India Ltd,5,12,8,3615900,IN,India,Q4,2024
12,spotify:track:1hA697u7e1jX2XM8sWA6Uy,"Sachin-Jigar, Arijit Singh, Amitabh Bhattacharya",Apna Bana Le,Zee Music Company,1,20,68,3502738,IN,India,Q4,2024
13,spotify:track:0YQJoDL6f46J0n1rOVkpxJ,"Karan Aujla, Ikky",Softly,WM Canada,4,15,60,3448024,IN,India,Q4,2024
14,spotify:track:2Fv2injs4qAm8mJBGaxVKU,"Arijit Singh, Mithoon","Tujhe Kitna Chahne Lage (From ""Kabir Singh"")",T-Series,2,13,280,3255507,IN,India,Q4,2024
15,spotify:track:7eQl3Yqv35ioqUfveKHitE,"Pritam, Mohit Chauhan, Irshad Kamil",Tum Se Hi,T-Series,15,19,238,3213881,IN,India,Q4,2024
16,spotify:track:25Nxyrng0Z3jC5Q0hAibpw,Karan Aujla,"Tauba Tauba (From ""Bad Newz"")",Saregama India Ltd,1,11,14,3163386,IN,India,Q4,2024
17,spotify:track:1eZefeDb8uOsjvcbl1fJrG,"Diljit Dosanjh, Badshah, Raj Ranjodh","Naina (From ""Crew"")",Tips Music Limited,3,46,31,3141378,IN,India,Q4,2024
18,spotify:track:4XxfOvudrnBRdlgzEaq1sd,Diljit Dosanjh,Born to Shine,FAMOUS STUDIOS INC,17,17,67,3033709,IN,India,Q4,2024
19,spotify:track:5thVzD79BxlDTYy0LfHzvu,"Aparshakti Khurana, Savi Kahlon",Zaroor,Sony Music India / Nine,13,16,10,3009464,IN,India,Q4,2024
20,spotify:track:5xlYVZxEwriP6hetG7QJw7,AP Dhillon,Old Money,AP Dhillon,13,23,8,2993439,IN,India,Q4,2024
21,spotify:track:3yHyiUDJdz02FZ6jfUbsmY,"Arijit Singh, Shreyas Puranik, Siddharth - Garima","Satranga (From ""ANIMAL"")",T-Series,2,24,50,2971969,IN,India,Q4,2024
22,spotify:track:7yDHHVKLbvDmVw1XXhDDIO,"Vishal Mishra, Raj Shekhar",Pehle Bhi Main,T-Series,1,21,45,2905480,IN,India,Q4,2024
23,spotify:track:0XRb6eZE4dBIJdqwf1Mixu,"Juss, MixSingh",Suniyan Suniyan,Mix It Up Studio,3,18,21,2861344,IN,India,Q4,2024
24,spotify:track:1WxzZoWBTmB68AtyA6ejBB,"Sohail Sen, Monali Thakur, Kausar Munir",Haan Ke Haan,YRF Music,9,22,10,2838720,IN,India,Q4,2024
25,spotify:track:0xpeiTGSEchBhqrjDuIcSS,"Dhibu Ninan Thomas, Vaikom Vijayalakshmi, Manu Manjith","Angu Vaana Konilu - From ""ARM""",Think Music,14,14,3,2782192,IN,India,Q4,2024
26,spotify:track:69Qzz3yyQSsA0T95jLDoPL,"Gurnazar, Chet Singh",Dil Tu Jaan Tu,Jhankar Music,14,26,11,2780490,IN,India,Q4,2024
27,spotify:track:5npFBWhVs3VVlc0nY5xQMA,"Sachin-Jigar, Arijit Singh","Tainu Khabar Nahi - From ""Munjya""",Zee Music Company,17,32,17,2737265,IN,India,Q4,2024
28,spotify:track:3zSSCPpLZ5Oc8nelhhGjKz,AUR,Tu hai kahan,Sony Music Middle East / South Asia,1,30,52,2707520,IN,India,Q4,2024
29,spotify:track:3WLJ7D5kh44K5eJ1NqZQ6W,Anuv Jain,Baarishein,Universal Music India Pvt. Ltd. (on behalf of Anuv Jain),18,25,178,2697666,IN,India,Q4,2024
30,spotify:track:2ceeTJAzKy295Fm0VsaXtE,"Sachin-Jigar, Raghav Chaitanya, Varun Jain, Indraneel","Tum Se (From ""Teri Baaton Mein Aisa Uljha Jiya"")",T-Series,10,28,35,2690007,IN,India,Q4,2024
31,spotify:track:5ZLkihi6DVsHwDL3B8ym1t,Shubh,One Love,SHUBH,3,35,60,2677303,IN,India,Q4,2024
32,spotify:track:3xMHXmedL5Rvfxmiar9Ryv,"Anirudh Ravichander, Arijit Singh, Shilpa Rao, Kumaar",Chaleya,T-Series,1,34,61,2617774,IN,India,Q4,2024
33,spotify:track:36N5awamOX6XX5pQn3aFXZ,"Darshan Raval, Jonita Gandhi, Rochak Kohli, Gurpreet Saini","Soni Soni (From ""Ishq Vishk Rebound"")",Tips Industries Ltd,4,50,19,2580556,IN,India,Q4,2024
34,spotify:track:5sUSbJo0brScvv48ZZ1HrQ,"Atif Aslam, Jyotica Tangri",O Meri Laila,Zee Music Company,16,27,24,2577212,IN,India,Q4,2024
35,spotify:track:0M0ANKNzmM4Odd7FNKghzW,Mitraz,"Akhiyaan Gulaab (From ""Teri Baaton Mein Aisa Uljha Jiya"")",T-Series,2,37,37,2555448,IN,India,Q4,2024
36,spotify:track:0MTdYgTZ25sLCO6kVnDoje,"Sai Abhyankkar, Sai Smriti","Aasa Kooda - From ""Think Indie""",Think Music,3,29,16,2536974,IN,India,Q4,2024
37,spotify:track:7m4CgL81VVIHaaiSxyH922,Yo Yo Honey Singh,Desi Kalakaar,T-Series,13,36,38,2494992,IN,India,Q4,2024
38,spotify:track:6b2WJDzGt5X8dYfpkWtvXW,"Anirudh Ravichander, Ramajogayya Sastry","Fear Song (From ""Devara Part 1"") [Telugu]",T-Series,38,52,8,2456693,IN,India,Q4,2024
39,spotify:track:1r6GbBLdtUK1Vl1IHT14wP,"Mohammad Faiz, Jaani","Dekhha Tenu (From ""Mr. And Mrs. Mahi"")",Sony Music Entertainment India Pvt. Ltd.,2,38,21,2444981,IN,India,Q4,2024
40,spotify:track:2GXXZFUxYg2LvG8SR0byOE,"Sachin-Jigar, Atif Aslam",Jeena Jeena,Sony Music / EROS Music,33,33,161,2429729,IN,India,Q4,2024
41,spotify:track:5PUXKVVVQ74C3gl5vKy9Li,"Jasleen Royal, Arijit Singh, Dulquer Salmaan",Heeriye (feat. Arijit Singh),Warner Music India,1,42,63,2376302,IN,India,Q4,2024
42,spotify:track:1a1xLj9W8libnO9PvJf6ao,"Sushin Shyam, Dabzee, Vinayak Sasikumar",Illuminati,Think Music,3,41,27,2336446,IN,India,Q4,2024
43,spotify:track:6bmmHeCvZI92pRiTHxEdTC,"Pritam, Arijit Singh, Irshad Kamil",O Maahi,T-Series,4,39,43,2284000,IN,India,Q4,2024
44,spotify:track:2PvaburAUlhNHxVhw5lvOq,Arijit Singh,"Humdard (From ""Ek Villain"")",T-Series,28,40,221,2281140,IN,India,Q4,2024
45,spotify:track:1d5lpW3gUyq537iuyrb9Lf,Aditya Rikhari,Samjho Na,CollabX Productions,45,51,77,2273588,IN,India,Q4,2024
46,spotify:track:2cPUB8EOT6AfJ8oxhyoNXL,"Pritam, Javed Bashir",Ye Tune Kya Kiya,T-Series,46,67,34,2266488,IN,India,Q4,2024
47,spotify:track:3FqtduiaqnFYvBgKuc6QWQ,"Karan Aujla, Seshnolan",Winning Speech,Karan Aujla,8,47,21,2258646,IN,India,Q4,2024
48,spotify:track:48Ix6ReYdJf2H4mKb3TIpj,"Atif Aslam, Alisha Chinai, Pritam",Tera Hone Laga Hoon,Tips Industries Ltd,35,44,178,2257962,IN,India,Q4,2024
49,spotify:track:7bzR0C8NhnBA79iTXUCJ7o,Vishal Mishra,"Jaanam (From ""Bad Newz"")",Saregama India Ltd,7,31,13,2249112,IN,India,Q4,2024
50,spotify:track:5Pqv6e52EWyqxeNyFYqDni,"Kala Bhairava, Anirudh Ravichander, Ramajogayya Sastry",Ayudha Pooja [TELUGU],T-Series,50,80,2,2214307,IN,India,Q4,2024
1,spotify:track:1M7CwtrWZ24mopNdDPB3DM,"Simba La Rue, FT Kings",TUNNEL,Warner Music,1,-1,1,2287632,IT,Italy,Q1,2024
2,spotify:track:6bN41HjY008ggroMFxNLaa,"Sfera Ebbasta, Geolier, Simba La Rue, Baby Gang",Calcolatrici,Universal Music Italia srL.,1,1,8,2268158,IT,Italy,Q1,2024
3,spotify:track:2gGq8fqoGuKpCjuV7p2dd3,"Massimo Pericolo, Emis Killa",Moneylove (feat. Emis Killa),Epic,1,2,6,2090072,IT,Italy,Q1,2024
4,spotify:track:6BhhV1ImaKVr1YwsyYIBWJ,"Simba La Rue, Sfera Ebbasta, FT Kings",BÂTIMENT (feat. Sfera Ebbasta),Warner Music,4,-1,1,2083341,IT,Italy,Q1,2024
5,spotify:track:05wb6MEyJeG2z1MVCIXxC8,"Sfera Ebbasta, Marracash",15 Piani,Universal Music Italia srL.,1,3,8,1884756,IT,Italy,Q1,2024
6,spotify:track:2CHUSuvnHXjLTGdX6Bz6fv,"Rhove, ANNA",Petit Fou Fou (feat. ANNA),Universal Music Italia srL.,5,5,4,1805032,IT,Italy,Q1,2024
7,spotify:track:20bTkdvyWZjO4ORHmzXQR4,"Takagi & Ketra, Shiva, ANNA, Geolier","EVERYDAY (feat. Shiva, ANNA, Geolier)",Columbia,1,4,13,1756109,IT,Italy,Q1,2024
8,spotify:track:5WssaPhjCCUFBMk9PpnHYj,"Sfera Ebbasta, Elodie",Anche Stasera,Universal Music Italia srL.,5,6,8,1654823,IT,Italy,Q1,2024
9,spotify:track:5B5p5w9QV0QFBsnASmtL24,Mida,ROSSOFUOCO,Dinero,7,7,9,1604386,IT,Italy,Q1,2024
10,spotify:track:4pl1S8uglG2vYJ45IIgIo2,"Simba La Rue, Ghali, FT Kings",SOLDI A CASA (feat. Ghali),Warner Music,10,-1,1,1599048,IT,Italy,Q1,2024
11,spotify:track:34XnlHqQzVeqXTMXc7SVo0,Kid Yugi,Paganini,Universal Music Italia srL.,11,-1,1,1455713,IT,Italy,Q1,2024
12,spotify:track:2FqMaiNWBsKZWcwkPwe3lY,"Simba La Rue, Guè, FT Kings",SHOPPING (feat. Guè),Warner Music,12,-1,1,1382203,IT,Italy,Q1,2024
13,spotify:track:242NmD3BqOefyiOZQy2MT2,Sfera Ebbasta,VDLC,Universal Music Italia srL.,2,9,8,1376811,IT,Italy,Q1,2024
14,spotify:track:7IpsNYgP87QkLCSnctxSif,"Boro, Artie 5ive, Andry The Hitmaker",Cadillac (feat. Artie 5ive),Universal Music Italia srL.,1,8,16,1376220,IT,Italy,Q1,2024
15,spotify:track:7yS8LfvvFEhtGhKLk29j5a,Calcutta ,2minuti,Bomba Dischi - Puro Srl,8,10,12,1357078,IT,Italy,Q1,2024
16,spotify:track:5x9LonDyHxGUO2VzfHJHLE,Geolier,COME VUOI,Columbia,5,13,53,1283353,IT,Italy,Q1,2024
17,spotify:track:3Ah9P299vJePE9QPEBjGtv,"Simba La Rue, Tedua, FT Kings",HOOD (feat. Tedua),Warner Music,17,-1,1,1242662,IT,Italy,Q1,2024
18,spotify:track:4QBfVk60RIBQg1uyox78Kh,"Tedua, Capo Plaza",Parole Vuote (La Solitudine) (feat. Capo Plaza),Epic,4,12,7,1239722,IT,Italy,Q1,2024
19,spotify:track:7FAjtmj2btmDvniG0eSJR8,"Simba La Rue, Sick Luke",SUBMARINER,Warner Music,19,-1,1,1237684,IT,Italy,Q1,2024
20,spotify:track:2HafqoJbgXdtjwCOvNEF14,iñigo quintero,Si No Estás,Acqustic,3,14,15,1231717,IT,Italy,Q1,2024
21,spotify:track:7G7KMgewZ1lKdaxvcnaZBp,"Simba La Rue, Higashi",NO MIX NO MASTER,Warner Music,21,-1,1,1224963,IT,Italy,Q1,2024
22,spotify:track:1K9qAxGT4cWUicf2OezSen,"AVA, ANNA, Capo Plaza",VETRI NERI,Warner Music,1,11,34,1148446,IT,Italy,Q1,2024
23,spotify:track:71RDmxuDZrWm0ZuImtm4AP,"Simba La Rue, Baby Gang, FT Kings",BECCARIA SAN VITTORE (feat. Baby Gang),Warner Music,23,-1,1,1120522,IT,Italy,Q1,2024
24,spotify:track:34YxYcGtsAzI1K0SNAWMn1,"Yung Snapp, Geolier",Kiss You (F**k You) [feat. Geolier],Warner Music,20,20,19,1116577,IT,Italy,Q1,2024
25,spotify:track:0lqGKcPzUX4RO4PYysoLes,"Sfera Ebbasta, Lazza, Shiva",G63,Universal Music Italia srL.,3,18,8,1095879,IT,Italy,Q1,2024
26,spotify:track:1w91YxaRwTShkKe4apYf3r,"Marracash, Guè",Insta Lova,Universal Music Italia srL.,1,16,40,1093003,IT,Italy,Q1,2024
27,spotify:track:6SiJ1o6148rcmF2BydC1LW,"Bresh, Pinguini Tattici Nucleari",Nightmares,Epic,4,21,15,1087035,IT,Italy,Q1,2024
28,spotify:track:3VtGh8xE9qRsFyY2Uj1WG3,"Tedua, Sfera Ebbasta",Hoe (feat. Sfera Ebbasta),Epic,1,15,32,1083702,IT,Italy,Q1,2024
29,spotify:track:1gMK4rsUQVTWTc4Z1AfHjd,"Simba La Rue, Paky",LEVANTE (feat. Paky),Warner Music,8,86,18,1078777,IT,Italy,Q1,2024
30,spotify:track:6tP2AFUZkz4PuUfssawUBn,"Drillionaire, Lazza, BLANCO, Sfera Ebbasta, Michelangelo","BON TON (feat. Lazza, Blanco, Sfera Ebbasta & Michelangelo)",Universal Music Italia srL.,2,19,29,1037340,IT,Italy,Q1,2024
31,spotify:track:3hsxVdw1cyoLip9s56WdH0,"Simba La Rue, FT Kings",AGITATO,Warner Music,30,104,12,1035797,IT,Italy,Q1,2024
32,spotify:track:0xepvdCdF9IKTWTNI0lZuH,Simba La Rue,LATITANTE,Warner Music,32,-1,1,1026738,IT,Italy,Q1,2024
33,spotify:track:5aVUDn1F4x26UkHFVgWsiE,"Gemitaiz, nayt",Ballon d'Or (feat. Nayt),Universal Music Italia srL.,8,23,4,1021453,IT,Italy,Q1,2024
34,spotify:track:4bAFTkcfPaDCOOZRHkv8vM,"Simba La Rue, Boy Mass, Bobo",NINJA PLAQUETTE (feat. Boy Mass),Warner Music,34,-1,1,1020742,IT,Italy,Q1,2024
35,spotify:track:7258FXJaciKjmj5dBweYwZ,Simba La Rue,FREE ESCO FREE BABY,Warner Music,35,-1,1,995634,IT,Italy,Q1,2024
36,spotify:track:5omIW7YOPhA6CULhkdz6jE,"Tedua, Baby Gang, Kid Yugi",Paradiso Artificiale (feat. Baby Gang & Kid Yugi),Epic,2,28,32,984826,IT,Italy,Q1,2024
37,spotify:track:0eUgmndC1CN1eijY6EKSaE,VillaBanks,Papaya,Universal Music Italia srL.,2,22,19,981691,IT,Italy,Q1,2024
38,spotify:track:3G5VUAzCpvaaWEMk9NkHFT,Calcutta ,Tutti,Bomba Dischi - Puro Srl,12,26,12,955738,IT,Italy,Q1,2024
39,spotify:track:23xX1Fp5Rgbfe9YPjJvwHG,"Simba La Rue, FT Kings, Bobo",KALASHNIKOVA,Warner Music,39,-1,1,955712,IT,Italy,Q1,2024
40,spotify:track:4Y60H8heDsEpQ2hin2g6V5,Don Pero,Baby Mama,Pulp Entertainment,22,31,46,952112,IT,Italy,Q1,2024
41,spotify:track:2TMF4ZxPrOncQiJ9KVXD3f,"Artie 5ive, Rondodasosa",HOODRICH,Warner Music,10,17,5,925479,IT,Italy,Q1,2024
42,spotify:track:3KRwYDQt79HltHM1YHzQbl,"Ghali, Simba La Rue",Machiavelli (feat. Simba La Rue),Warner Music,32,45,6,918214,IT,Italy,Q1,2024
43,spotify:track:1kZLATTXQa5BtEKH8GbW2U,Tedua,Red Light,Epic,8,37,32,905767,IT,Italy,Q1,2024
44,spotify:track:19JgFOYBVVU1H96TiGF6vM,"Simba La Rue, Sick Luke",FREESTYLE,Warner Music,44,-1,1,881883,IT,Italy,Q1,2024
45,spotify:track:0YI32qkEhhUjoGVMGXDm8b,"Artie 5ive, ANNA",ANELLI E COLLANE (feat. ANNA),Trenches Records Ent.,10,25,36,870850,IT,Italy,Q1,2024
46,spotify:track:7Da5kjy5GByLHE5OPQ4tpg,"Geolier, Marracash",IL MALE CHE MI FAI (feat. Marracash),Columbia,1,36,40,839125,IT,Italy,Q1,2024
47,spotify:track:7HyJYGyYCU7M9VCaOwbFg6,"Medy, Capo Plaza",Ricordi Sbiaditi (feat. Capo Plaza),Columbia,24,27,4,828900,IT,Italy,Q1,2024
48,spotify:track:0mHC3BK9vFGoEU0EcGPWRZ,Lazza,CENERE,Universal Music Italia srL.,1,32,49,825719,IT,Italy,Q1,2024
49,spotify:track:6RxDyI3PzCK5H6y5rbqtnl,"Simba La Rue, FT Kings",AMORE DI MAMMA,Warner Music,49,-1,1,794330,IT,Italy,Q1,2024
50,spotify:track:20qlAd6sHAYjc7TrrM5VeY,Angelina Mango,che t'o dico a fa',Latarma S.r.l.,6,29,14,790004,IT,Italy,Q1,2024
1,spotify:track:2mU3I4jfQp1K14JO2PmmQA,"Tony Effe, Bresh, Tedua",DOPO LE 4 (feat. Bresh & Tedua),Universal Music Italia srL.,1,2,4,5137363,IT,Italy,Q2,2024
2,spotify:track:0ZjxK3xSqyFEDKMMnA7fyl,Tony Effe,MIU MIU,Universal Music Italia srL.,2,5,4,4707887,IT,Italy,Q2,2024
3,spotify:track:0lXVWzLwDnKB7Ro5p0AJPg,"Rose Villain, Guè",COME UN TUONO (feat. Guè),Warner Music,1,1,5,4260299,IT,Italy,Q2,2024
4,spotify:track:5bXgMzxuNymWhpwkgvYn4O,Lazza,100 MESSAGGI,Universal Music Italia srL.,1,3,7,4101161,IT,Italy,Q2,2024
5,spotify:track:0vjcqQVb6nhk1A4lvW6ytN,"Geolier, Ultimo, Takagi & Ketra",L'ULTIMA POESIA (feat. Ultimo),Warner Music,2,4,3,4036466,IT,Italy,Q2,2024
6,spotify:track:3j1453KrdHjw7y4gnBj7nF,"Geolier, Michelangelo","I P’ ME, TU P’ TE",Warner Music,1,6,10,3187462,IT,Italy,Q2,2024
7,spotify:track:371l4ekF9cDC2D5WuuabU6,Mahmood,TUTA GOLD,Universal Music Italia srL.,1,7,10,3009890,IT,Italy,Q2,2024
8,spotify:track:58b9VLwnigGBDjvq89Eo1W,Artie 5ive,00,Warner Music,8,58,2,2937809,IT,Italy,Q2,2024
9,spotify:track:60QN1JrgYM7jcfW8pdQFqT,Annalisa,Sinceramente,Warner Music,3,8,10,2408539,IT,Italy,Q2,2024
10,spotify:track:6XjDF6nds4DE2BBbagZol6,"FloyyMenor, Cris MJ",Gata Only,FloyyMenor under exclusive license to UnitedMasters LLC,10,20,5,2360952,IT,Italy,Q2,2024
11,spotify:track:1HCwbTHBvC4XCIC417NB5k,Rose Villain,CLICK BOOM!,Warner Music,7,10,10,2307240,IT,Italy,Q2,2024
12,spotify:track:29nqe5lhK8JmNcVXum7UuA,"Kid Yugi, Tedua, Junior K",Eva (feat. Tedua),Universal Music Italia srL.,3,12,6,2268828,IT,Italy,Q2,2024
13,spotify:track:7EpeEp1AB5Qs4Y8LXvn5xG,"MACE, Kid Yugi, Izi, Franco126","TUTTO FUORI CONTROLLO ൵ (con Franco 126, Kid Yugi, Izi)",Universal Music Italia srL.,13,-1,1,2140581,IT,Italy,Q2,2024
14,spotify:track:49R1F3rIdSzuPk7AcHi6d1,Angelina Mango,la noia,Latarma S.r.l.,4,11,10,2085243,IT,Italy,Q2,2024
15,spotify:track:2aptSWAkwTLva4188FFrjE,Alfa,vai!,Artist First,9,15,10,2079766,IT,Italy,Q2,2024
16,spotify:track:4cWrKV5SN7AknqPy4ryBDG,Ghali,Casa Mia,Warner Music,3,9,10,2035799,IT,Italy,Q2,2024
17,spotify:track:5wU2NUt1pSAeTIWfXnRRkQ,"Tony Effe, Sfera Ebbasta, Geolier",PILLOLE (feat. Sfera Ebbasta & Geolier),Universal Music Italia srL.,5,13,4,1921683,IT,Italy,Q2,2024
18,spotify:track:53AWZCqbx6kIPsVgSNYn92,"MACE, Tony Boy, Guè, Noyz Narcos","PRAISE THE LORD ☥ (con Guè, Noyz Narcos, Tony Boy)",Universal Music Italia srL.,18,-1,1,1738290,IT,Italy,Q2,2024
19,spotify:track:2GxrNKugF82CnoRFbQfzPf,Artemas,i like the way you kiss me,Artemas,19,28,3,1723578,IT,Italy,Q2,2024
20,spotify:track:11HeOLoW2cnWZzGHWnllYq,"Elmatadormc7, Nuova Scena",EL MATADOR (From the Netflix Rap Show “Nuova Scena”),Netflix Music,14,14,6,1683552,IT,Italy,Q2,2024
21,spotify:track:2Y3gIiYfcphPCPNYuQDMph,Icy Subzero,I CAN FLY,Columbia,21,55,3,1618599,IT,Italy,Q2,2024
22,spotify:track:2HIv4bKTCULRZ2eZIkVB3N,"Tony Effe, Lazza, Capo Plaza",HONEY (feat. Lazza & Capo Plaza),Universal Music Italia srL.,8,16,4,1608571,IT,Italy,Q2,2024
23,spotify:track:1kKccj5wYXTj3gTpUIMoac,"bnkr44, Pino D'Angiò",MA CHE IDEA (feat. Pino D'Angiò),Universal Music Italia srL.,21,21,9,1563743,IT,Italy,Q2,2024
24,spotify:track:6YB8rH5Lr340A4ps8eV7hw,Kid Yugi,Lilith,Universal Music Italia srL.,8,18,6,1534964,IT,Italy,Q2,2024
25,spotify:track:3xkHsmpQCBMytMJNiDf3Ii,Benson Boone,Beautiful Things,"Night Street Records, Inc./Warner Records Inc.",19,19,11,1480231,IT,Italy,Q2,2024
26,spotify:track:60NDVF7fFIq13aO9rIN80c,The Kolors,UN RAGAZZO UNA RAGAZZA,Warner Music,7,17,10,1472704,IT,Italy,Q2,2024
27,spotify:track:2cpZJsQFxwHvBF0KB5dCaB,Gazzelle,Tutto Qui,Warner Music,6,25,10,1425131,IT,Italy,Q2,2024
28,spotify:track:1F2rElyIiwgnq3TM2LN3ag,Emma,APNEA,Universal Music Italia srL.,13,24,10,1359684,IT,Italy,Q2,2024
29,spotify:track:5mQTzYTDDob48mOP3U9k7Q,Irama,Tu No,Warner Music,5,22,10,1355066,IT,Italy,Q2,2024
30,spotify:track:6KM80DJGk9gehJMDmKuzfv,CLARA,DIAMANTI GREZZI,Warner Music,11,26,10,1299785,IT,Italy,Q2,2024
31,spotify:track:6gkj8ArfOiHKNHhQkzYv0Y,"MACE, Izi, centomilacarie, Gemitaiz","METEORE Ⳣ (con Gemitaiz, Izi, centomilacarie)",Universal Music Italia srL.,31,-1,1,1292994,IT,Italy,Q2,2024
32,spotify:track:3ybXr8SkOEVUhtKFb8lYwe,"MACE, Marco Mengoni, Frah Quintale, Gemitaiz","FUOCO DI PAGLIA ঌ (con Marco Mengoni, Frah Quintale, Gemitaiz)",Universal Music Italia srL.,32,-1,1,1278145,IT,Italy,Q2,2024
33,spotify:track:01XexSX2HDgVDxnnHEBblB,"Olly, Juli",Devastante,Epic,33,33,5,1254669,IT,Italy,Q2,2024
34,spotify:track:0AxRJk8LTx7w4xQWw9NIFF,Tony Effe,ICON,Universal Music Italia srL.,21,32,4,1251378,IT,Italy,Q2,2024
35,spotify:track:5WssaPhjCCUFBMk9PpnHYj,"Sfera Ebbasta, Elodie",Anche Stasera,Universal Music Italia srL.,5,34,21,1244738,IT,Italy,Q2,2024
36,spotify:track:52eHiUKvh9btZMY8M3JD03,Capo Plaza,Acqua Passata,Warner Music,13,31,5,1223045,IT,Italy,Q2,2024
37,spotify:track:4hGOZFnihN22IsswyRpueW,"MACE, Izi, Ernia, Tony Boy, Astro","LUMIERE ᯤ (con Izi, Ernia, Tony Boy, Astro)",Universal Music Italia srL.,37,-1,1,1211811,IT,Italy,Q2,2024
38,spotify:track:3Cz3hSSN3lwOtGXWuLo0cr,Ricchi E Poveri,Ma non tutta la vita,DM Produzioni licensed to Carosello Records,11,23,10,1194662,IT,Italy,Q2,2024
39,spotify:track:6bN41HjY008ggroMFxNLaa,"Sfera Ebbasta, Geolier, Simba La Rue, Baby Gang",Calcolatrici,Universal Music Italia srL.,1,29,21,1190134,IT,Italy,Q2,2024
40,spotify:track:6KJ57PY7fIIRlaweLnNbXj,"Elmatadormc7, Nuova Scena",Maliciosa (From the Netflix Rap Show “Nuova Scena”),Netflix Music,31,44,6,1178932,IT,Italy,Q2,2024
41,spotify:track:6uN0PQk9GLI4ze5Vr9hOX3,"Tony Effe, Simba La Rue",CARRARA (feat. Simba La Rue),Universal Music Italia srL.,13,27,4,1162222,IT,Italy,Q2,2024
42,spotify:track:20bTkdvyWZjO4ORHmzXQR4,"Takagi & Ketra, Shiva, ANNA, Geolier","EVERYDAY (feat. Shiva, ANNA, Geolier)",Columbia,1,35,26,1121931,IT,Italy,Q2,2024
43,spotify:track:6UKPNShrYDQE32SBkrjfTj,"Le-one, VTR",ADDO STAJE - Ride it RMX,Epic,43,83,3,1121154,IT,Italy,Q2,2024
44,spotify:track:05wb6MEyJeG2z1MVCIXxC8,"Sfera Ebbasta, Marracash",15 Piani,Universal Music Italia srL.,1,37,21,1073183,IT,Italy,Q2,2024
45,spotify:track:27sveRwlAkrG0lKGMKA4of,"Mahmood, Geolier",PERSONALE (feat. Geolier),Universal Music Italia srL.,42,42,5,1037452,IT,Italy,Q2,2024
46,spotify:track:2gGq8fqoGuKpCjuV7p2dd3,"Massimo Pericolo, Emis Killa",Moneylove (feat. Emis Killa),Epic,1,38,19,1034972,IT,Italy,Q2,2024
47,spotify:track:3qhlB30KknSejmIvZZLjOD,Djo,End of Beginning,Djo,40,41,6,1033727,IT,Italy,Q2,2024
48,spotify:track:644oTknCDmxS3O8ZQWqt3Q,"Rhove, Sfera Ebbasta, Jul","Amore Mio (feat. Sfera Ebbasta, Jul)",Universal Music Italia srL.,30,30,2,1033508,IT,Italy,Q2,2024
49,spotify:track:5omIW7YOPhA6CULhkdz6jE,"Tedua, Baby Gang, Kid Yugi",Paradiso Artificiale (feat. Baby Gang & Kid Yugi),Epic,2,36,45,1030281,IT,Italy,Q2,2024
50,spotify:track:41sQhmjhPRrMv8jFKzJTRV,"Rhove, ANNA",Petit Fou Fou (feat. ANNA),Universal Music Italia srL.,3,40,17,1020148,IT,Italy,Q2,2024
1,spotify:track:19DHPlTC2gx1j4jrFzNbwL,ANNA,30ºC,Universal Music Italia srL.,1,1,6,5426901,IT,Italy,Q3,2024
2,spotify:track:2Q4Z2js0C6DDUVc7GuLGdF,"Tony Effe, Gaia",SESSO E SAMBA (feat. Gaia),Universal Music Italia srL.,1,2,7,4985996,IT,Italy,Q3,2024
3,spotify:track:4ZRVI6xwgbjgW5SgJB468n,"ANNA, Artie 5ive",I LOVE IT (feat. Artie 5ive),Universal Music Italia srL.,3,7,2,4000492,IT,Italy,Q3,2024
4,spotify:track:7kS2AVRk5Yj6BTj8PyJFfC,Ghali,Paprika,Warner Music,2,3,9,2946016,IT,Italy,Q3,2024
5,spotify:track:0GgIXlhkacCRh30t2Se92q,"Fedez, Emis Killa",SEXY SHOP,Warner Music,3,6,6,2906882,IT,Italy,Q3,2024
6,spotify:track:0lXVWzLwDnKB7Ro5p0AJPg,"Rose Villain, Guè",COME UN TUONO (feat. Guè),Warner Music,1,5,18,2866270,IT,Italy,Q3,2024
7,spotify:track:6XjDF6nds4DE2BBbagZol6,"FloyyMenor, Cris MJ",Gata Only,FloyyMenor under exclusive license to UnitedMasters LLC,2,8,18,2672527,IT,Italy,Q3,2024
8,spotify:track:7sj9VfVtmcEZBDbRAsVXWY,"ANNA, Niky Savage",TT LE GIRLZ (feat. Niky Savage),Universal Music Italia srL.,8,20,2,2480028,IT,Italy,Q3,2024
9,spotify:track:4I2SWtTgB08SICbqN6983B,"ANNA, Lazza",BBE (feat. Lazza),Universal Music Italia srL.,4,4,9,2329544,IT,Italy,Q3,2024
10,spotify:track:69VAE3LA7jn5rGAsdflMOS,"Geolier, Poison Beatz",EL PIBE DE ORO,Warner Music,5,12,9,2300619,IT,Italy,Q3,2024
11,spotify:track:5LDmD4cFF0C8BCf3tVvyBW,"Tedua, Annalisa",Beatrice (feat. Annalisa),Epic,1,13,7,2286956,IT,Italy,Q3,2024
12,spotify:track:5GZupy8zByqFmXvpwZ4JOC,"Tananai, Annalisa",STORIE BREVI,Universal Music Italia srL.,12,17,5,2218464,IT,Italy,Q3,2024
13,spotify:track:1IkzT4wzFJRbFOmKOSqTen,"Geolier, Takagi & Ketra, Dat Boi Dee",EPISODIO D'AMORE,Warner Music,13,14,5,2184792,IT,Italy,Q3,2024
14,spotify:track:0ZjxK3xSqyFEDKMMnA7fyl,Tony Effe,MIU MIU,Universal Music Italia srL.,1,11,17,2122591,IT,Italy,Q3,2024
15,spotify:track:1qexrlq05Ak4NCthyLOhbd,"ANNA, Guè",BIKINI (feat. Guè),Universal Music Italia srL.,10,10,2,1997695,IT,Italy,Q3,2024
16,spotify:track:3TI7sMXWt5lu89VGCa7q1k,"ANNA, Tony Boy, thasup",ABC (feat. Tony Boy & thasup),Universal Music Italia srL.,9,9,2,1991647,IT,Italy,Q3,2024
17,spotify:track:5oJVfPUHsD7A8bZtKVqgL2,"Geolier, Ultimo, Takagi & Ketra",L'ULTIMA POESIA (feat. Ultimo),Warner Music,2,16,16,1976004,IT,Italy,Q3,2024
18,spotify:track:2mU3I4jfQp1K14JO2PmmQA,"Tony Effe, Bresh, Tedua",DOPO LE 4 (feat. Bresh & Tedua),Universal Music Italia srL.,1,19,17,1851495,IT,Italy,Q3,2024
19,spotify:track:7Isi6whc5DD6A5wH5nqyUw,Mahmood,RA TA TA,Universal Music Italia srL.,19,28,4,1830367,IT,Italy,Q3,2024
20,spotify:track:3zp0YPZ5jA8XS9UPmA3O5j,"AVA, Mida, VillaBanks",BACIO DI GIUDA (feat. Mida & VillaBanks),Warner Music,15,21,4,1787673,IT,Italy,Q3,2024
21,spotify:track:01XexSX2HDgVDxnnHEBblB,"Olly, Juli",Devastante,Epic,9,18,18,1787131,IT,Italy,Q3,2024
22,spotify:track:50okpBf3MvXr4FyWB6jJIK,Bresh,Torcida,Epic,12,22,9,1717268,IT,Italy,Q3,2024
23,spotify:track:49tdZnvKAnJP6Xb3PUucPD,Coma_Cose,MALAVITA,Warner Music,23,35,8,1633796,IT,Italy,Q3,2024
24,spotify:track:4z9xPVz2Sii4dhM7yhxOpj,"Geolier, Sfera Ebbasta, Dardust",IO T’O GIUR’ (feat. Sfera Ebbasta),Warner Music,7,15,5,1614205,IT,Italy,Q3,2024
25,spotify:track:1A1xTBtNnJ09JNINiLjdOK,Ultimo,ALTROVE,Ultimo Records,19,27,9,1474031,IT,Italy,Q3,2024
26,spotify:track:1i0oabK4KhsbIJr029XStL,"Rhove, Capo Plaza",Alé (feat. Capo Plaza),Universal Music Italia srL.,21,31,15,1465757,IT,Italy,Q3,2024
27,spotify:track:5bXgMzxuNymWhpwkgvYn4O,Lazza,100 MESSAGGI,Universal Music Italia srL.,1,26,20,1408197,IT,Italy,Q3,2024
28,spotify:track:0kcXZMVoH1q923xLM9OKf6,Elodie,Black Nirvana,Universal Music Italia srL.,27,36,6,1401717,IT,Italy,Q3,2024
29,spotify:track:1zp4TEQ9zaNGXTjY6fsz1p,"Capo Plaza, ANNA",Soldi Arrotolati (feat. ANNA),Warner Music,5,29,10,1401714,IT,Italy,Q3,2024
30,spotify:track:3fTB8VGBXPr77dFxpPEdpa,ANNA,VIENI DALLA BADDIE - interlude,Universal Music Italia srL.,21,24,12,1362738,IT,Italy,Q3,2024
31,spotify:track:7BeZyW4hVjeCocSLwDrCME,"Geolier, Michelangelo","I P’ ME, TU P’ TE",Warner Music,1,33,23,1346513,IT,Italy,Q3,2024
32,spotify:track:5y7dpbKf0E3TW93k5w0JIs,Angelina Mango,melodrama,Latarma S.r.l.,19,38,7,1340006,IT,Italy,Q3,2024
33,spotify:track:6FtNSMSavhz0jPx0CzwG3q,"Geolier, Poison Beatz","NU PARL, NU SENT, NU VEC",Warner Music,22,32,5,1282612,IT,Italy,Q3,2024
34,spotify:track:41sQhmjhPRrMv8jFKzJTRV,"Rhove, ANNA",Petit Fou Fou (feat. ANNA),Universal Music Italia srL.,3,34,30,1275914,IT,Italy,Q3,2024
35,spotify:track:6s5DJ2zRf9T3A2VidCCHxZ,"Geolier, Dat Boi Dee, Poison Beatz, Geenaro & Ghana Beats",SI STAT’ TU,Warner Music,15,25,5,1251191,IT,Italy,Q3,2024
36,spotify:track:3JG1uFc40wfyrqaWC7iv0e,Artemas,i like the way you kiss me,Artemas,13,41,16,1219573,IT,Italy,Q3,2024
37,spotify:track:0cDq1fpfr9NNFNAKQXLLK7,"Alessandra Amoroso, BigMama",Mezzo Rotto (feat. BigMama),Epic,37,58,6,1181863,IT,Italy,Q3,2024
38,spotify:track:2qSkIjg1o9h3YT9RAgYN75,Sabrina Carpenter,Espresso,Island Records,35,44,12,1173880,IT,Italy,Q3,2024
39,spotify:track:1HCwbTHBvC4XCIC417NB5k,Rose Villain,CLICK BOOM!,Warner Music,7,40,23,1170505,IT,Italy,Q3,2024
40,spotify:track:371l4ekF9cDC2D5WuuabU6,Mahmood,TUTA GOLD,Universal Music Italia srL.,1,39,23,1164429,IT,Italy,Q3,2024
41,spotify:track:3twPYZvOOoVjLx5BclA2mT,"Capo Plaza, Takagi & Ketra",Fino All'Alba,Warner Music,30,43,3,1132869,IT,Italy,Q3,2024
42,spotify:track:5JEAwqy2UQebOWrE0Sc4Fs,"Icy Subzero, CLARA",GHETTO LOVE (feat. CLARA),Columbia,35,46,6,1130982,IT,Italy,Q3,2024
43,spotify:track:6wNV3vazt1cu9OoK1awlY1,"ANNA, Sfera Ebbasta",CHICA ITALIANA (feat. Sfera Ebbasta),Universal Music Italia srL.,23,23,2,1099000,IT,Italy,Q3,2024
44,spotify:track:3xkHsmpQCBMytMJNiDf3Ii,Benson Boone,Beautiful Things,"Night Street Records, Inc./Warner Records Inc.",19,51,24,1060578,IT,Italy,Q3,2024
45,spotify:track:58b9VLwnigGBDjvq89Eo1W,Artie 5ive,00,Warner Music,3,50,15,1052440,IT,Italy,Q3,2024
46,spotify:track:5ewubv7hwvNzi43bQ191Ix,Petit,MAMMAMÌ,Warner Music / 21co,46,56,9,1019511,IT,Italy,Q3,2024
47,spotify:track:4ERO7nWPAAGo687R3gF4PZ,"Geolier, Poison Beatz, Geenaro & Ghana Beats",EMIRATES,Warner Music,19,37,5,1009791,IT,Italy,Q3,2024
48,spotify:track:3EJSUFQGUaTm4Km2Zri1Zp,"Juli, Emma, Olly",HO VOGLIA DI TE,Universal Music Italia srL.,48,65,4,985574,IT,Italy,Q3,2024
49,spotify:track:1tIGa9fXqu3T3AikU5G8Ds,"Geolier, Michelangelo",PER SEMPRE,Warner Music,26,42,5,982025,IT,Italy,Q3,2024
50,spotify:track:2MHGhfiCXvfeo3ZQ3RyG0B,"Tony Effe, Emma, Takagi & Ketra",TAXI SULLA LUNA (feat. Emma & Takagi & Ketra),Universal Music Italia srL.,5,53,57,980127,IT,Italy,Q3,2024
1,spotify:track:7sj9VfVtmcEZBDbRAsVXWY,"ANNA, Niky Savage",TT LE GIRLZ (feat. Niky Savage),Universal Music Italia srL.,1,2,15,2928437,IT,Italy,Q4,2024
2,spotify:track:5mKHtB2OGDXzbsInzW7veZ,"Olly, Angelina Mango, Juli",Per due come noi,Epic,2,4,5,2802033,IT,Italy,Q4,2024
3,spotify:track:4CNfC20TImtjdwN3dG0uCF,"Lazza, Lil Baby",CANZONE D'ODIO (feat. Lil Baby),Universal Music Italia srL.,1,1,3,2453074,IT,Italy,Q4,2024
4,spotify:track:2ceJa7d62wQ3eRBK589ALG,"Shiva, Kid Yugi",Gotham (feat. Kid Yugi),Milano Ovest,2,5,5,2310849,IT,Italy,Q4,2024
5,spotify:track:4kDi7X5sgqF0aM74aPBWSc,"Lazza, Sfera Ebbasta",FENTANYL (feat. Sfera Ebbasta),Universal Music Italia srL.,1,3,3,2199631,IT,Italy,Q4,2024
6,spotify:track:6WatFBLVB0x077xWeoVc2k,KAROL G,Si Antes Te Hubiera Conocido,Bichota/Interscope Records,5,9,15,2077123,IT,Italy,Q4,2024
7,spotify:track:5lTTuESHokJHpSsEvvSR64,Pinguini Tattici Nucleari,Romantico Ma Muori,Epic,7,8,4,2062459,IT,Italy,Q4,2024
8,spotify:track:1IkzT4wzFJRbFOmKOSqTen,"Geolier, Takagi & Ketra, Dat Boi Dee",EPISODIO D'AMORE,Warner Music,7,13,18,1976623,IT,Italy,Q4,2024
9,spotify:track:19DHPlTC2gx1j4jrFzNbwL,ANNA,30ºC,Universal Music Italia srL.,1,12,19,1766762,IT,Italy,Q4,2024
10,spotify:track:1nLGeFQuY7PFxrou3ezEvP,Sal Da Vinci,Rossetto e caffè,Cose Production srl,10,18,13,1744559,IT,Italy,Q4,2024
11,spotify:track:0X4vgF6kbeFhfASKj0PXOd,"Lazza, Laura Pausini",ZERI IN PIÙ (LOCURA) (feat. Laura Pausini),Universal Music Italia srL.,1,6,4,1723172,IT,Italy,Q4,2024
12,spotify:track:4ZRVI6xwgbjgW5SgJB468n,"ANNA, Artie 5ive",I LOVE IT (feat. Artie 5ive),Universal Music Italia srL.,3,20,15,1579696,IT,Italy,Q4,2024
13,spotify:track:5GZupy8zByqFmXvpwZ4JOC,"Tananai, Annalisa",STORIE BREVI,Universal Music Italia srL.,5,21,18,1571899,IT,Italy,Q4,2024
14,spotify:track:2ixHrwHianfv01Bc7QGD2G,"Lazza, Ghali",GHETTO SUPERSTAR (feat. Ghali),Universal Music Italia srL.,3,7,3,1532920,IT,Italy,Q4,2024
15,spotify:track:1tse93p9ApWJtMGYRxCKNm,Cesare Cremonini,Ora che non ho più te,Universal Music Italia srL.,15,29,3,1524341,IT,Italy,Q4,2024
16,spotify:track:01XexSX2HDgVDxnnHEBblB,"Olly, Juli",Devastante,Epic,9,28,31,1510583,IT,Italy,Q4,2024
17,spotify:track:3zjwZqLebYTDvRS2RJH5Be,"ANNA, Sillyelly",HELLO KITTY (feat. Sillyelly),Universal Music Italia srL.,15,27,15,1505347,IT,Italy,Q4,2024
18,spotify:track:2ljA7TjCL9U0UO7P9alF0B,"Tony Effe, Gaia",SESSO E SAMBA (feat. Gaia),Universal Music Italia srL.,1,19,20,1478064,IT,Italy,Q4,2024
19,spotify:track:5IiXZCAsi29TOtY3rbmKOo,"Lazza, Marracash",-3 (PERDERE IL VOLO) (feat. Marracash),Universal Music Italia srL.,5,10,3,1457375,IT,Italy,Q4,2024
20,spotify:track:3WDgl9kEiGNAerG9FNBL1H,Lazza,ABITUDINE,Universal Music Italia srL.,6,11,3,1447769,IT,Italy,Q4,2024
21,spotify:track:4iD0Ohz6dx6ii0zTglaBMn,Lazza,BUIO DAVANTI,Universal Music Italia srL.,17,22,3,1320989,IT,Italy,Q4,2024
22,spotify:track:3sdvDRHwSpuKUehwVYxHcG,Shiva,Take 5,Milano Ovest,3,30,7,1307140,IT,Italy,Q4,2024
23,spotify:track:5LDmD4cFF0C8BCf3tVvyBW,"Tedua, Annalisa",Beatrice (feat. Annalisa),Epic,1,38,20,1295851,IT,Italy,Q4,2024
24,spotify:track:3BK8HOgD5GX3mfwVytDyIR,Tony Effe,CHIARA,Universal Music Italia srL.,16,16,3,1273176,IT,Italy,Q4,2024
25,spotify:track:5v8TAgDkXKzzV2fKNWRMwA,"Simba La Rue, FT Kings",VRP,Warner Music,24,24,2,1260042,IT,Italy,Q4,2024
26,spotify:track:1CJNj8Qnpoz6lyil9EgqfE,"Astro, Simba La Rue",SPENDERE (feat. Simba La Rue),Warner Music,26,-1,1,1250115,IT,Italy,Q4,2024
27,spotify:track:0zrcO7oLJv5hF5nodDbMkw,"Lazza, Kid Yugi",MEZZE VERITÀ (feat. Kid Yugi),Universal Music Italia srL.,9,17,3,1248641,IT,Italy,Q4,2024
28,spotify:track:6OCnAtM8oa0JymErlTYXxG,"Astro, ANNA",1 MOMENTO (feat. ANNA),Warner Music,28,-1,1,1246337,IT,Italy,Q4,2024
29,spotify:track:3ppXueOTvYpYp7zQUbuIKh,"Shiva, Tony Boy",Polvere (feat. Tony Boy),Milano Ovest,9,33,5,1226931,IT,Italy,Q4,2024
30,spotify:track:2plbrEY59IikOBgBGLjaoe,"Lady Gaga, Bruno Mars",Die With A Smile,Interscope,30,40,8,1184491,IT,Italy,Q4,2024
31,spotify:track:2znPPkwAfVVD7BJtqDSZqQ,Fedez,ALLUCINAZIONE COLLETTIVA,Warner Music,14,15,3,1181717,IT,Italy,Q4,2024
32,spotify:track:0lXVWzLwDnKB7Ro5p0AJPg,"Rose Villain, Guè",COME UN TUONO (feat. Guè),Warner Music,1,37,31,1180173,IT,Italy,Q4,2024
33,spotify:track:7kS2AVRk5Yj6BTj8PyJFfC,Ghali,Paprika,Warner Music,2,32,22,1179783,IT,Italy,Q4,2024
34,spotify:track:34IZ1Uu91IxjGbGRtW4c63,"Fedez, Niky Savage",DI CAPRIO (feat. Niky Savage),Warner Music,5,14,4,1168523,IT,Italy,Q4,2024
35,spotify:track:4Y60H8heDsEpQ2hin2g6V5,Don Pero,Baby Mama,Pulp Entertainment,22,51,85,1151424,IT,Italy,Q4,2024
36,spotify:track:5OQo1GGSUcOSRKX9eSqdGU,"Tony Effe, Bresh, Tedua",DOPO LE 4 (feat. Bresh & Tedua),Universal Music Italia srL.,1,42,30,1137601,IT,Italy,Q4,2024
37,spotify:track:2gI2IA7QGtzKZKuahon3W1,Achille Lauro,Amore Disperato,Warner Music,37,76,3,1128395,IT,Italy,Q4,2024
38,spotify:track:5QtcghmkREVhNwOFjyOGFJ,Shiva,Tutto o Nada,Milano Ovest,14,34,5,1105451,IT,Italy,Q4,2024
39,spotify:track:1A1xTBtNnJ09JNINiLjdOK,Ultimo,ALTROVE,Ultimo Records,19,41,22,1075958,IT,Italy,Q4,2024
40,spotify:track:3EJSUFQGUaTm4Km2Zri1Zp,"Juli, Emma, Olly",HO VOGLIA DI TE,Universal Music Italia srL.,15,48,17,1074290,IT,Italy,Q4,2024
41,spotify:track:4I2SWtTgB08SICbqN6983B,"ANNA, Lazza",BBE (feat. Lazza),Universal Music Italia srL.,4,36,22,1069476,IT,Italy,Q4,2024
42,spotify:track:0cDq1fpfr9NNFNAKQXLLK7,"Alessandra Amoroso, BigMama",Mezzo Rotto (feat. BigMama),Epic,14,52,19,1053567,IT,Italy,Q4,2024
43,spotify:track:2R7o6Y8x8aZtOqo4QXKBlm,Lazza,100 MESSAGGI,Universal Music Italia srL.,1,31,33,1049994,IT,Italy,Q4,2024
44,spotify:track:25xUkNnc4azNAsli0pCNU7,"Lazza, Artie 5ive",CASANOVA (feat. Artie 5ive),Universal Music Italia srL.,10,23,3,1042628,IT,Italy,Q4,2024
45,spotify:track:4vd7gUuDg8Ks19SzZxzeHD,"Cosang, Geolier, Luchè, Ntò",Perdere ‘a capa (feat. Geolier),Warner Music,11,49,6,1031494,IT,Italy,Q4,2024
46,spotify:track:1Oq3J5blhz3N6IiWJVZRgm,Lazza,CERTE COSE,Universal Music Italia srL.,11,26,3,1023995,IT,Italy,Q4,2024
47,spotify:track:42wdz3j7gstgUuhoFLCXqd,FloyyMenor,PELIGROSA,FloyyMenor under exclusive license to UnitedMasters LLC,47,66,7,1020970,IT,Italy,Q4,2024
48,spotify:track:7Isi6whc5DD6A5wH5nqyUw,Mahmood,RA TA TA,Universal Music Italia srL.,11,47,17,1020222,IT,Italy,Q4,2024
49,spotify:track:1zp4TEQ9zaNGXTjY6fsz1p,"Capo Plaza, ANNA",Soldi Arrotolati (feat. ANNA),Warner Music,5,79,23,1007900,IT,Italy,Q4,2024
50,spotify:track:59guJ6uWOPwPZQlC8lBpME,Lazza,VERDI NEI VIOLA,Universal Music Italia srL.,8,25,3,976094,IT,Italy,Q4,2024
1,spotify:track:1hAloWiinXLPQUJxrJReb1,YOASOBI,アイドル,YOASOBI,1,1,40,2265877,JP,Japan,Q1,2024
2,spotify:track:2tlOVDJ3lQsUxz22vPJ4c4,Ado,Show,Universal Music LLC,1,2,18,2037886,JP,Japan,Q1,2024
3,spotify:track:0teqQ0PYqVDyyXJuPOyMhu,Mrs. GREEN APPLE,ケセラセラ,Universal Music LLC,3,3,38,1885972,JP,Japan,Q1,2024
4,spotify:track:7dTW21YAJxnAOiUh7Rtu9S,Vaundy,Kaiju no Hanauta,SDR Inc.,1,5,163,1651339,JP,Japan,Q1,2024
5,spotify:track:18mkDTCwDfZyTJNYieHxhQ,Number_i,GOAT,TOBE MUSIC,5,26,2,1646408,JP,Japan,Q1,2024
6,spotify:track:5LkmpgQYtwHtuvASgnLBe1,Mrs. GREEN APPLE,ダンスホール,UME - Global Clearing House,2,6,85,1629594,JP,Japan,Q1,2024
7,spotify:track:0GWNtMohuYUEHVZ40tcnHF,King Gnu,SPECIALZ,Sony Music Labels Inc.,1,4,19,1554808,JP,Japan,Q1,2024
8,spotify:track:2HRgqmZQC0MC7GeNuDIXHN,"Jung Kook, Latto",Seven (feat. Latto) (Explicit Ver.),BIGHIT MUSIC,1,7,26,1540875,JP,Japan,Q1,2024
9,spotify:track:170XOP1T4MvY9TLTgPw07D,Mrs. GREEN APPLE,Magic,Universal Music LLC,4,8,31,1506941,JP,Japan,Q1,2024
10,spotify:track:74X2u8JMVooG2QbjRxXwR8,LE SSERAFIM,Perfect Night,SOURCE MUSIC,7,15,11,1503514,JP,Japan,Q1,2024
11,spotify:track:2cxcqKwQtfKq7giphxjzOu,tuki.,晩餐歌 - Bansanka,月面着陸計画,11,13,15,1502672,JP,Japan,Q1,2024
12,spotify:track:2EmkTBTh964LQen4Vz0svg,Ryokuoushoku Shakai,花になって - Be a flower,Sony Music Labels Inc.,8,9,10,1482372,JP,Japan,Q1,2024
13,spotify:track:7gSiIKxphi5BGr7SDrSKod,shytaupe,rendez-vous,shytaupe records,4,12,22,1430891,JP,Japan,Q1,2024
14,spotify:track:3zbKiko8V3u2yn1RcT8xBZ,Tatsuya Kitani,青のすみか,Sony Music Labels Inc.,3,10,27,1420082,JP,Japan,Q1,2024
15,spotify:track:7r23DlIJauiYbGYojLgarV,OFFICIAL HIGE DANDISM,SOULSOUP,IRORI Records,15,16,4,1394633,JP,Japan,Q1,2024
16,spotify:track:0YTM7bCx451c6LQbkddy4Q,YOASOBI,勇者,YOASOBI,5,14,15,1328623,JP,Japan,Q1,2024
17,spotify:track:3YML5IHoqWbw9c9vJJvrvM,Mrs. GREEN APPLE,Soranji,Universal Music LLC,12,18,64,1280550,JP,Japan,Q1,2024
18,spotify:track:2kXER8pkjxDVQnlagpVJJw,Hitsujibungaku,more than words,F.C.L.S.,11,11,19,1262868,JP,Japan,Q1,2024
19,spotify:track:49F3htNmwzPKFycPdOrDvf,OFFICIAL HIGE DANDISM,Subtitle,IRORI Records,1,17,66,1249991,JP,Japan,Q1,2024
20,spotify:track:5RIQU2JDuXC4NkLiHNNMon,Fujii Kaze,Hana,Universal Music LLC,7,19,13,1224529,JP,Japan,Q1,2024
21,spotify:track:5BC6kr6etk2Y9J62AyI4i3,Mrs. GREEN APPLE,青と夏,Universal Music LLC,6,22,287,1174961,JP,Japan,Q1,2024
22,spotify:track:7M0dIdZWN1FDcveRdoOzbZ,Yuuri,ビリミリオン,Sony Music Labels Inc.,5,20,51,1167539,JP,Japan,Q1,2024
23,spotify:track:3r8RuvgbX9s7ammBn07D3W,NewJeans,Ditto,ADOR,4,45,56,1122387,JP,Japan,Q1,2024
24,spotify:track:1H3qOzheTPhE7aVvJOWfvA,SPITZ,美しい鰭,Universal Music LLC,2,23,40,1112182,JP,Japan,Q1,2024
25,spotify:track:6zjk7Qbwb9DZ4ykUUoqknh,10-FEET,第ゼロ感,Universal Music LLC,5,31,58,1109862,JP,Japan,Q1,2024
26,spotify:track:2hXPmiqKdXcbV0L1VKnTDN,SEKAI NO OWARI,最高到達点,Universal Music LLC,17,21,17,1109518,JP,Japan,Q1,2024
27,spotify:track:5m21ZR5lO6U0tp9KENxuCc,MY FIRST STORY,I'm a mess,INTACT RECORDS,6,25,42,1078876,JP,Japan,Q1,2024
28,spotify:track:7Md0Rk4s9khBtVpSD03bWl,"Mrs. GREEN APPLE, Sonoko Inoue",点描の唄,UME - Global Clearing House,17,27,243,1069881,JP,Japan,Q1,2024
29,spotify:track:65FftemJ1DbbZ45DUfHJXE,NewJeans,OMG,ADOR,4,50,54,1048980,JP,Japan,Q1,2024
30,spotify:track:3wJHCry960drNlAUGrJLmz,Yorushika,ただ君に晴れ,U&R records,12,28,246,1046181,JP,Japan,Q1,2024
31,spotify:track:3RvdkNMcSy71m0aT6UF9Uf,back number,水平線,Universal Music LLC,1,24,126,1043813,JP,Japan,Q1,2024
32,spotify:track:5W7Y92LB4jWvu9NeEQ0GZl,Macaroni Empitsu,なんでもないよ、,Toy's Factory,1,33,114,1015578,JP,Japan,Q1,2024
33,spotify:track:2vOAHp8PBBFYqvQUWSoITY,Mrs. GREEN APPLE,インフェルノ,Universal Music LLC,16,36,234,1010799,JP,Japan,Q1,2024
34,spotify:track:0J0P8iSE6l3pYHbUdNFYdS,King Gnu,カメレオン,Sony Music Labels Inc.,1,29,98,1008757,JP,Japan,Q1,2024
35,spotify:track:2aC8t7OpwfBLTE4KWrJhN6,Marcy,Love Song,Universal Music LLC,12,40,15,972971,JP,Japan,Q1,2024
36,spotify:track:1zd35Y44Blc1CwwVbW3Qnk,YOASOBI,群青,YOASOBI,6,34,176,964634,JP,Japan,Q1,2024
37,spotify:track:4IfrM44LofE9bSs6TDZS49,Tani Yuuki,W / X / Y,Valley Records,1,30,107,959942,JP,Japan,Q1,2024
38,spotify:track:2KslE17cAJNHTsI2MI0jb2,Jung Kook,Standing Next to You,BIGHIT MUSIC,15,51,10,956420,JP,Japan,Q1,2024
39,spotify:track:4JK1kDUdH9RTBQrrSO1QfR,Yuuri,ベテルギウス,Sony Music Labels Inc.,1,32,114,939660,JP,Japan,Q1,2024
40,spotify:track:1VoTe7qVyqyMNLgZpQeugO,YOASOBI,祝福,YOASOBI,8,38,67,936818,JP,Japan,Q1,2024
41,spotify:track:4kPlQKwtPrnqLgrmmKFSlA,Yuuri,ドライフラワー,Sony Music Labels Inc.,1,35,167,928226,JP,Japan,Q1,2024
42,spotify:track:2jdbZGFp8KVTuk0YxDNL4l,back number,高嶺の花子さん,Universal Music LLC,8,47,254,926027,JP,Japan,Q1,2024
43,spotify:track:1Vqs0lXeJafYZz2sxnfB3V,Saucy Dog,Cinderella Boy,A-Sketch,2,37,118,925766,JP,Japan,Q1,2024
44,spotify:track:36jIu8oPR1Z4cguMuHxUXA,OFFICIAL HIGE DANDISM,TATTOO,IRORI Records,4,41,38,886597,JP,Japan,Q1,2024
45,spotify:track:34ayWAUrQcrjlKZOJAzqke,back number,アイラブユー,Universal Music LLC,12,42,64,872376,JP,Japan,Q1,2024
46,spotify:track:3QIAwtEEDOrv0g5NKCGrXZ,back number,花束,Universal Music LLC,46,49,225,869219,JP,Japan,Q1,2024
47,spotify:track:4FMz2RFrbDGzJO7K4D0vS3,back number,HAPPY BIRTHDAY,Universal Music LLC,26,39,170,868762,JP,Japan,Q1,2024
48,spotify:track:28MATCYDctW5EiBa2repxb,Ado,New Genesis,Universal Music LLC,1,43,83,867099,JP,Japan,Q1,2024
49,spotify:track:7b4fxkOA4NDr4tDylrb10K,natori,Overdose,Sony Music Labels Inc.,2,44,70,839954,JP,Japan,Q1,2024
50,spotify:track:5eY7692tmgHB9dbmq6wa2M,Yorushika,晴る,Universal Music LLC,50,-1,1,781006,JP,Japan,Q1,2024
1,spotify:track:0kdqcbwei4MDWFEX5f33yG,Creepy Nuts,Bling-Bang-Bang-Born,Sony Music Labels Inc.,1,1,14,4178418,JP,Japan,Q2,2024
2,spotify:track:4dmruTsdHIOjfOIeaFitXK,Omoinotake,幾億光年,Sony Music Labels Inc.,2,2,11,3006685,JP,Japan,Q2,2024
3,spotify:track:1aKvZDoLGkNMxoRYgkckZG,ILLIT,Magnetic,BELIFT LAB,3,4,3,2669463,JP,Japan,Q2,2024
4,spotify:track:3jNwPOqdPvQIr5dRT0hzgY,Vaundy,タイムパラドックス,SDR Inc.,3,3,14,2348821,JP,Japan,Q2,2024
5,spotify:track:2cxcqKwQtfKq7giphxjzOu,tuki.,晩餐歌 - Bansanka,月面着陸計画,2,5,28,2232876,JP,Japan,Q2,2024
6,spotify:track:5glPFBAuA1C85tBcVWVzvO,Fujii Kaze,Michi Teyu Ku (Overflowing),Universal Music LLC,3,6,4,2185064,JP,Japan,Q2,2024
7,spotify:track:096KHkONhQm4MQNH35mU22,TOMONARI SORA,鬼ノ宴,cutting edge,7,12,11,1737279,JP,Japan,Q2,2024
8,spotify:track:6M6ZNRplLNspFEn6Ab3mOv,SPYAIR,オレンジ,Sony Music Labels Inc.,6,9,8,1687037,JP,Japan,Q2,2024
9,spotify:track:38Ypb7FJIGVovqqQO2Yu5S,Creepy Nuts,二度寝 - Nidone,Sony Music Labels Inc.,9,10,10,1678564,JP,Japan,Q2,2024
10,spotify:track:1hAloWiinXLPQUJxrJReb1,YOASOBI,アイドル,YOASOBI,1,8,53,1646559,JP,Japan,Q2,2024
11,spotify:track:0teqQ0PYqVDyyXJuPOyMhu,Mrs. GREEN APPLE,ケセラセラ,Universal Music LLC,3,7,51,1627744,JP,Japan,Q2,2024
12,spotify:track:5eY7692tmgHB9dbmq6wa2M,Yorushika,晴る,Universal Music LLC,8,11,14,1592985,JP,Japan,Q2,2024
13,spotify:track:7dTW21YAJxnAOiUh7Rtu9S,Vaundy,Kaiju no Hanauta,SDR Inc.,1,13,176,1539853,JP,Japan,Q2,2024
14,spotify:track:170XOP1T4MvY9TLTgPw07D,Mrs. GREEN APPLE,Magic,Universal Music LLC,4,15,44,1376896,JP,Japan,Q2,2024
15,spotify:track:5LkmpgQYtwHtuvASgnLBe1,Mrs. GREEN APPLE,ダンスホール,UME - Global Clearing House,2,14,98,1376744,JP,Japan,Q2,2024
16,spotify:track:0ShUHmWaz48KgyjaOG7Tpv,Hoshimachi Suisei,ビビデバ,cover corp.,16,53,2,1310303,JP,Japan,Q2,2024
17,spotify:track:3wJHCry960drNlAUGrJLmz,Yorushika,ただ君に晴れ,U&R records,12,17,259,1302511,JP,Japan,Q2,2024
18,spotify:track:2HRgqmZQC0MC7GeNuDIXHN,"Jung Kook, Latto",Seven (feat. Latto) (Explicit Ver.),BIGHIT MUSIC,1,16,39,1280385,JP,Japan,Q2,2024
19,spotify:track:7sditHCsoFw3nHnjFv1BHV,Mrs. GREEN APPLE,ナハトムジーク,Universal Music LLC,4,28,13,1245912,JP,Japan,Q2,2024
20,spotify:track:7o0TPSw494RG2Q4iWmd1v6,Ado,唱,UME - Global Clearing House,1,19,31,1217293,JP,Japan,Q2,2024
21,spotify:track:6nIoYpfSvie3Ln46dyi8FC,back number,冬と春,Universal Music LLC,7,30,12,1216051,JP,Japan,Q2,2024
22,spotify:track:0YTM7bCx451c6LQbkddy4Q,YOASOBI,勇者,YOASOBI,5,18,28,1211034,JP,Japan,Q2,2024
23,spotify:track:18mkDTCwDfZyTJNYieHxhQ,Number_i,GOAT,TOBE MUSIC,5,32,15,1209157,JP,Japan,Q2,2024
24,spotify:track:3YML5IHoqWbw9c9vJJvrvM,Mrs. GREEN APPLE,Soranji,Universal Music LLC,11,21,77,1206549,JP,Japan,Q2,2024
25,spotify:track:5BC6kr6etk2Y9J62AyI4i3,Mrs. GREEN APPLE,青と夏,Universal Music LLC,6,20,300,1128950,JP,Japan,Q2,2024
26,spotify:track:0OeTb9sIQTNq313HQHv9TM,Mrs. GREEN APPLE,春愁,UME - Global Clearing House,16,22,210,1120360,JP,Japan,Q2,2024
27,spotify:track:2O4Bb2WCkjlTPO827OnBMI,LE SSERAFIM,EASY,SOURCE MUSIC,19,24,8,1111869,JP,Japan,Q2,2024
28,spotify:track:7M0dIdZWN1FDcveRdoOzbZ,Yuuri,ビリミリオン,Sony Music Labels Inc.,5,31,64,1097412,JP,Japan,Q2,2024
29,spotify:track:5qqqgLXECWbgaKLlq4YWkS,noa,Any angle,noa,19,37,14,1094454,JP,Japan,Q2,2024
30,spotify:track:0GWNtMohuYUEHVZ40tcnHF,King Gnu,SPECIALZ,Sony Music Labels Inc.,1,29,32,1085145,JP,Japan,Q2,2024
31,spotify:track:1H3qOzheTPhE7aVvJOWfvA,SPITZ,美しい鰭,Universal Music LLC,2,26,53,1066824,JP,Japan,Q2,2024
32,spotify:track:74X2u8JMVooG2QbjRxXwR8,LE SSERAFIM,Perfect Night,SOURCE MUSIC,7,25,24,1065963,JP,Japan,Q2,2024
33,spotify:track:2jdbZGFp8KVTuk0YxDNL4l,back number,高嶺の花子さん,Universal Music LLC,8,23,267,1030536,JP,Japan,Q2,2024
34,spotify:track:3RvdkNMcSy71m0aT6UF9Uf,back number,水平線,Universal Music LLC,1,27,139,1028236,JP,Japan,Q2,2024
35,spotify:track:5RIQU2JDuXC4NkLiHNNMon,Fujii Kaze,Hana,Universal Music LLC,7,35,26,1022762,JP,Japan,Q2,2024
36,spotify:track:0fXXfojTJEeJEF0p69qmo2,NiziU,SWEET NONFICTION,Sony Music Labels Inc.,36,51,4,1020075,JP,Japan,Q2,2024
37,spotify:track:2EmkTBTh964LQen4Vz0svg,Ryokuoushoku Shakai,花になって - Be a flower,Sony Music Labels Inc.,8,34,23,1014322,JP,Japan,Q2,2024
38,spotify:track:0JcI7OdALbpSFkyKoufRYs,Mrs. GREEN APPLE,ロマンチシズム,Universal Music LLC,23,33,215,1006439,JP,Japan,Q2,2024
39,spotify:track:4IfrM44LofE9bSs6TDZS49,Tani Yuuki,W / X / Y,Valley Records,1,38,120,985305,JP,Japan,Q2,2024
40,spotify:track:5m21ZR5lO6U0tp9KENxuCc,MY FIRST STORY,I'm a mess,INTACT RECORDS,6,39,55,984471,JP,Japan,Q2,2024
41,spotify:track:49F3htNmwzPKFycPdOrDvf,OFFICIAL HIGE DANDISM,Subtitle,IRORI Records,1,36,79,976295,JP,Japan,Q2,2024
42,spotify:track:3zbKiko8V3u2yn1RcT8xBZ,Tatsuya Kitani,青のすみか,Sony Music Labels Inc.,3,40,40,973660,JP,Japan,Q2,2024
43,spotify:track:2kXER8pkjxDVQnlagpVJJw,Hitsujibungaku,more than words,F.C.L.S.,11,42,32,925547,JP,Japan,Q2,2024
44,spotify:track:6jRyCWUAnRVir3OK4jSZvV,Kenshi Yonezu,さよーならまたいつか！- Sayonara,Sony Music Labels Inc.,44,-1,1,924375,JP,Japan,Q2,2024
45,spotify:track:3XRtleCmmS1VGA0jwjBCvd,shytaupe,rendez-vous,shytaupe records,4,43,35,913701,JP,Japan,Q2,2024
46,spotify:track:7Md0Rk4s9khBtVpSD03bWl,"Mrs. GREEN APPLE, Sonoko Inoue",点描の唄,UME - Global Clearing House,17,41,256,900351,JP,Japan,Q2,2024
47,spotify:track:7r23DlIJauiYbGYojLgarV,OFFICIAL HIGE DANDISM,SOULSOUP,IRORI Records,15,47,17,898851,JP,Japan,Q2,2024
48,spotify:track:2vOAHp8PBBFYqvQUWSoITY,Mrs. GREEN APPLE,インフェルノ,Universal Music LLC,16,46,247,881370,JP,Japan,Q2,2024
49,spotify:track:4FMz2RFrbDGzJO7K4D0vS3,back number,HAPPY BIRTHDAY,Universal Music LLC,26,45,183,871290,JP,Japan,Q2,2024
50,spotify:track:22TC1XBg8FZWTQHWsDvZ0s,TWICE,ONE SPARK,Republic Records - TWICE,34,44,7,869685,JP,Japan,Q2,2024
1,spotify:track:78W4mTLIh4qoLu92W4IQhO,Mrs. GREEN APPLE,ライラック,Universal Music LLC,1,1,13,2865299,JP,Japan,Q3,2024
2,spotify:track:3ECvJ97WjbbaTsCZ64pwgI,Mrs. GREEN APPLE,コロンブス,Universal Music LLC,2,2,5,2150436,JP,Japan,Q3,2024
3,spotify:track:00Q3uYmFKFVYTRjbsnUq7H,Da-iCE,I wonder,avex trax,3,4,11,2106541,JP,Japan,Q3,2024
4,spotify:track:0kdqcbwei4MDWFEX5f33yG,Creepy Nuts,Bling-Bang-Bang-Born,Sony Music Labels Inc.,1,3,27,2106192,JP,Japan,Q3,2024
5,spotify:track:4dmruTsdHIOjfOIeaFitXK,Omoinotake,幾億光年,Sony Music Labels Inc.,2,5,24,1932428,JP,Japan,Q3,2024
6,spotify:track:5BC6kr6etk2Y9J62AyI4i3,Mrs. GREEN APPLE,青と夏,Universal Music LLC,6,7,313,1858825,JP,Japan,Q3,2024
7,spotify:track:0teqQ0PYqVDyyXJuPOyMhu,Mrs. GREEN APPLE,ケセラセラ,Universal Music LLC,3,8,64,1752037,JP,Japan,Q3,2024
8,spotify:track:1aKvZDoLGkNMxoRYgkckZG,ILLIT,Magnetic,BELIFT LAB,2,6,16,1692184,JP,Japan,Q3,2024
9,spotify:track:5NxmDq0yXBYGfCbMqvIXuv,YOASOBI,UNDEAD,YOASOBI,9,55,2,1562775,JP,Japan,Q3,2024
10,spotify:track:3wJHCry960drNlAUGrJLmz,Yorushika,ただ君に晴れ,U&R records,10,10,272,1542763,JP,Japan,Q3,2024
11,spotify:track:5LkmpgQYtwHtuvASgnLBe1,Mrs. GREEN APPLE,ダンスホール,UME - Global Clearing House,2,11,111,1530510,JP,Japan,Q3,2024
12,spotify:track:2otdcgLtoowuQzlU0Cx827,"MY FIRST STORY, HYDE",夢幻,Sony Music Labels Inc.,12,17,8,1453836,JP,Japan,Q3,2024
13,spotify:track:0JcI7OdALbpSFkyKoufRYs,Mrs. GREEN APPLE,ロマンチシズム,Universal Music LLC,13,13,228,1449720,JP,Japan,Q3,2024
14,spotify:track:6AvwRrfNtvWMG4w3MfKEoi,noa,My lovely killer,noa,3,9,9,1442834,JP,Japan,Q3,2024
15,spotify:track:2cxcqKwQtfKq7giphxjzOu,tuki.,晩餐歌 - Bansanka,月面着陸計画,2,12,41,1418192,JP,Japan,Q3,2024
16,spotify:track:170XOP1T4MvY9TLTgPw07D,Mrs. GREEN APPLE,Magic,Universal Music LLC,4,14,57,1384785,JP,Japan,Q3,2024
17,spotify:track:5ocSQW5sIUIOFojwXEz9Ki,NewJeans,Supernatural,ADOR,15,15,3,1380072,JP,Japan,Q3,2024
18,spotify:track:7dTW21YAJxnAOiUh7Rtu9S,Vaundy,Kaiju no Hanauta,SDR Inc.,1,16,189,1359839,JP,Japan,Q3,2024
19,spotify:track:3YML5IHoqWbw9c9vJJvrvM,Mrs. GREEN APPLE,Soranji,Universal Music LLC,11,20,90,1274489,JP,Japan,Q3,2024
20,spotify:track:33qTER0xTXBQPDMSYR1hGX,Mrs. GREEN APPLE,Dear,Universal Music LLC,8,22,8,1271243,JP,Japan,Q3,2024
21,spotify:track:7eUt3Ed2PSocfPSVaNhAEI,tuki.,地獄恋文 - Inferno Love Letter,月面着陸計画,10,19,12,1264853,JP,Japan,Q3,2024
22,spotify:track:6jRyCWUAnRVir3OK4jSZvV,Kenshi Yonezu,さよーならまたいつか！- Sayonara,Sony Music Labels Inc.,5,21,14,1241726,JP,Japan,Q3,2024
23,spotify:track:3jNwPOqdPvQIr5dRT0hzgY,Vaundy,タイムパラドックス,SDR Inc.,3,18,27,1234880,JP,Japan,Q3,2024
24,spotify:track:3FzRKDirkUsApk11WEz1wz,Number_i,BON,TOBE MUSIC,7,24,7,1198703,JP,Japan,Q3,2024
25,spotify:track:1hAloWiinXLPQUJxrJReb1,YOASOBI,アイドル,YOASOBI,1,23,66,1168467,JP,Japan,Q3,2024
26,spotify:track:2HRgqmZQC0MC7GeNuDIXHN,"Jung Kook, Latto",Seven (feat. Latto) (Explicit Ver.),BIGHIT MUSIC,1,26,52,1154641,JP,Japan,Q3,2024
27,spotify:track:3Ua0m0YmEjrMi9XErKcNiR,Jimin,Like Crazy,BIGHIT MUSIC,25,25,67,1129112,JP,Japan,Q3,2024
28,spotify:track:61DzuO5GOWbN9aX9G4Pop9,SEKAI NO OWARI,Romantic,Universal Music LLC,27,30,9,1108287,JP,Japan,Q3,2024
29,spotify:track:2vOAHp8PBBFYqvQUWSoITY,Mrs. GREEN APPLE,インフェルノ,Universal Music LLC,16,32,260,1096520,JP,Japan,Q3,2024
30,spotify:track:1H3qOzheTPhE7aVvJOWfvA,SPITZ,美しい鰭,Universal Music LLC,2,27,66,1088202,JP,Japan,Q3,2024
31,spotify:track:3tmFGmmYcYdI8tZRSLlc0G,JO1,Love seeker,LAPONE ENTERTAINMENT,31,38,7,1086739,JP,Japan,Q3,2024
32,spotify:track:18mkDTCwDfZyTJNYieHxhQ,Number_i,GOAT,TOBE MUSIC,5,37,28,1085511,JP,Japan,Q3,2024
33,spotify:track:1kPhV0KQui1phEpjnWIqUN,"Jimin, Loco",Smeraldo Garden Marching Band (feat. Loco),BIGHIT MUSIC,33,49,2,1083526,JP,Japan,Q3,2024
34,spotify:track:3RvdkNMcSy71m0aT6UF9Uf,back number,水平線,Universal Music LLC,1,34,152,1053270,JP,Japan,Q3,2024
35,spotify:track:41PdvmQ3BrbEoMReSDCDGP,Mrs. GREEN APPLE,アポロドロス,Universal Music LLC,35,131,2,1050131,JP,Japan,Q3,2024
36,spotify:track:7o0TPSw494RG2Q4iWmd1v6,Ado,唱,UME - Global Clearing House,1,36,44,1041088,JP,Japan,Q3,2024
37,spotify:track:38tXZcL1gZRfbqfOG0VMTH,NewJeans,How Sweet,ADOR,23,29,7,1040216,JP,Japan,Q3,2024
38,spotify:track:3QIAwtEEDOrv0g5NKCGrXZ,back number,花束,Universal Music LLC,38,48,251,1032424,JP,Japan,Q3,2024
39,spotify:track:0ShUHmWaz48KgyjaOG7Tpv,Hoshimachi Suisei,ビビデバ,cover corp.,16,31,15,1022847,JP,Japan,Q3,2024
40,spotify:track:389rEslJY9vh7TZemIA4y7,natori,絶対零度,Sony Music Labels Inc.,22,28,14,1004842,JP,Japan,Q3,2024
41,spotify:track:2jdbZGFp8KVTuk0YxDNL4l,back number,高嶺の花子さん,Universal Music LLC,8,41,280,1004410,JP,Japan,Q3,2024
42,spotify:track:7gJD9BarjoFwL2BNQ0rpWT,"GEMN, Kento Nakajima, Tatsuya Kitani",ファタール - Fatal,Sony Music Labels Inc.,42,-1,1,990515,JP,Japan,Q3,2024
43,spotify:track:01vIbnKIo9QDYeqSc7ecoi,aiko,mutual love,PONY CANYON INC.,6,33,13,972152,JP,Japan,Q3,2024
44,spotify:track:4sgMbwl9lXGyHcHmtFYGMm,aespa,Supernova,SM Entertainment,18,43,9,970797,JP,Japan,Q3,2024
45,spotify:track:33KpGlVe9ZCvtOLeETCQPl,Aimyon,"Wish I could see you, but",WM Japan,43,45,10,933404,JP,Japan,Q3,2024
46,spotify:track:6BBc24r3QbIP4Qt3gdUOtZ,Kenshi Yonezu,毎日 - Every Day,Sony Music Labels Inc.,14,35,7,928213,JP,Japan,Q3,2024
47,spotify:track:3CmVQtVx9KlzOuPhRJRShH,Vaundy,ホムンクルス,SDR Inc.,47,-1,1,927459,JP,Japan,Q3,2024
48,spotify:track:4IfrM44LofE9bSs6TDZS49,Tani Yuuki,W / X / Y,Valley Records,1,46,133,919001,JP,Japan,Q3,2024
49,spotify:track:4keuUM29CtIWgsPRzRhXoW,XG,WOKE UP,XGALX,32,40,7,905005,JP,Japan,Q3,2024
50,spotify:track:6M6ZNRplLNspFEn6Ab3mOv,SPYAIR,オレンジ,Sony Music Labels Inc.,6,42,21,900419,JP,Japan,Q3,2024
1,spotify:track:78W4mTLIh4qoLu92W4IQhO,Mrs. GREEN APPLE,ライラック,Universal Music LLC,1,1,26,2477878,JP,Japan,Q4,2024
2,spotify:track:4PCQHOJFMV9BWq46UMVf2l,Mrs. GREEN APPLE,familie,Universal Music LLC,2,2,9,2178921,JP,Japan,Q4,2024
3,spotify:track:7tI8dRuH2Yc6RuoTjxo4dU,Jimin,Who,BIGHIT MUSIC,1,3,12,2070984,JP,Japan,Q4,2024
4,spotify:track:5LclntckGFFGFUVGJk9Z4x,back number,新しい恋人達に,Universal Music LLC,3,4,13,1742922,JP,Japan,Q4,2024
5,spotify:track:0teqQ0PYqVDyyXJuPOyMhu,Mrs. GREEN APPLE,ケセラセラ,Universal Music LLC,3,5,77,1669212,JP,Japan,Q4,2024
6,spotify:track:1nysdCpKAh6yif4JkmoiNy,Yuuri,カーテンコール,Sony Music Labels Inc.,5,9,12,1527231,JP,Japan,Q4,2024
7,spotify:track:6KYOlIwDHbrbeBbJEtQ0Fj,Creepy Nuts,オトノケ - Otonoke,Sony Music Labels Inc.,7,-1,1,1525019,JP,Japan,Q4,2024
8,spotify:track:5LkmpgQYtwHtuvASgnLBe1,Mrs. GREEN APPLE,ダンスホール,UME - Global Clearing House,2,8,124,1477123,JP,Japan,Q4,2024
9,spotify:track:5BC6kr6etk2Y9J62AyI4i3,Mrs. GREEN APPLE,青と夏,Universal Music LLC,2,7,326,1464385,JP,Japan,Q4,2024
10,spotify:track:5skCbGGAnc7Ns18Figz54h,AKASAKI,Bunny Girl,AKASAKI,10,-1,1,1445299,JP,Japan,Q4,2024
11,spotify:track:0voOaunLYYqPHrsgXbFVlW,Da-iCE,I wonder,avex trax,3,16,24,1431435,JP,Japan,Q4,2024
12,spotify:track:0kdqcbwei4MDWFEX5f33yG,Creepy Nuts,Bling-Bang-Bang-Born,Sony Music Labels Inc.,1,17,40,1413447,JP,Japan,Q4,2024
13,spotify:track:4dmruTsdHIOjfOIeaFitXK,Omoinotake,幾億光年,Sony Music Labels Inc.,2,10,37,1412088,JP,Japan,Q4,2024
14,spotify:track:3YML5IHoqWbw9c9vJJvrvM,Mrs. GREEN APPLE,Soranji,Universal Music LLC,11,11,103,1389071,JP,Japan,Q4,2024
15,spotify:track:3QIAwtEEDOrv0g5NKCGrXZ,back number,花束,Universal Music LLC,15,15,264,1345838,JP,Japan,Q4,2024
16,spotify:track:7Md0Rk4s9khBtVpSD03bWl,"Mrs. GREEN APPLE, Sonoko Inoue",点描の唄,UME - Global Clearing House,12,12,282,1335404,JP,Japan,Q4,2024
17,spotify:track:1JdUw14vtWg9Vt4aRfHqwl,Number_i,INZM,TOBE MUSIC,4,6,8,1314976,JP,Japan,Q4,2024
18,spotify:track:170XOP1T4MvY9TLTgPw07D,Mrs. GREEN APPLE,Magic,Universal Music LLC,4,21,70,1302266,JP,Japan,Q4,2024
19,spotify:track:3tRgmNTaFYgtbt7XCy6Les,OFFICIAL HIGE DANDISM,Same Blue,IRORI Records,19,-1,1,1269713,JP,Japan,Q4,2024
20,spotify:track:6woV8uWxn7rcLZxJKYruS1,Kocchi no Kento,Hai Yorokonde,blowout Music Labels,18,24,16,1265469,JP,Japan,Q4,2024
21,spotify:track:7dTW21YAJxnAOiUh7Rtu9S,Vaundy,Kaiju no Hanauta,SDR Inc.,1,13,202,1262779,JP,Japan,Q4,2024
22,spotify:track:0H3RFIhXuuRoQyNKYdvSbn,Koresawa,Dear ex-girlfriends,Reco Records / NIPPON COLUMBIA,17,19,4,1262680,JP,Japan,Q4,2024
23,spotify:track:7raKnLKyQSatDiVVpiZDds,Yorushika,忘れてください,Universal Music LLC,23,37,13,1241873,JP,Japan,Q4,2024
24,spotify:track:3ECvJ97WjbbaTsCZ64pwgI,Mrs. GREEN APPLE,コロンブス,Universal Music LLC,2,23,18,1224478,JP,Japan,Q4,2024
25,spotify:track:52ItXyP098zb8OR4na4iQk,Kenshi Yonezu,がらくた - JUNK,Sony Music Labels Inc.,5,14,8,1188253,JP,Japan,Q4,2024
26,spotify:track:3RvdkNMcSy71m0aT6UF9Uf,back number,水平線,Universal Music LLC,1,22,165,1180353,JP,Japan,Q4,2024
27,spotify:track:4gxEY3Mh5FZZDAJAKPNrCS,LE SSERAFIM,CRAZY,SOURCE MUSIC,16,29,6,1164965,JP,Japan,Q4,2024
28,spotify:track:1aKvZDoLGkNMxoRYgkckZG,ILLIT,Magnetic,BELIFT LAB,2,31,29,1144383,JP,Japan,Q4,2024
29,spotify:track:7gJD9BarjoFwL2BNQ0rpWT,"GEMN, Kento Nakajima, Tatsuya Kitani",ファタール - Fatal,Sony Music Labels Inc.,11,27,14,1135651,JP,Japan,Q4,2024
30,spotify:track:65npSVkyhQVDDqOsbOW0Aa,Yorushika,憂、燦々,Universal Music LLC,7,34,7,1135460,JP,Japan,Q4,2024
31,spotify:track:2vOAHp8PBBFYqvQUWSoITY,Mrs. GREEN APPLE,インフェルノ,Universal Music LLC,16,26,273,1130434,JP,Japan,Q4,2024
32,spotify:track:7rA2RuTx1dHadrZcoKh8O9,Number_i,GOAT,TOBE MUSIC,5,30,41,1105732,JP,Japan,Q4,2024
33,spotify:track:2cxcqKwQtfKq7giphxjzOu,tuki.,晩餐歌 - Bansanka,月面着陸計画,2,28,54,1072248,JP,Japan,Q4,2024
34,spotify:track:2iNLH2YkRdplxPA09jndW6,Aimyon,Lucky Color,WM Japan,20,20,14,1071336,JP,Japan,Q4,2024
35,spotify:track:3FzRKDirkUsApk11WEz1wz,Number_i,BON,TOBE MUSIC,7,25,20,1065643,JP,Japan,Q4,2024
36,spotify:track:2HRgqmZQC0MC7GeNuDIXHN,"Jung Kook, Latto",Seven (feat. Latto) (Explicit Ver.),BIGHIT MUSIC,1,36,65,1059132,JP,Japan,Q4,2024
37,spotify:track:2jdbZGFp8KVTuk0YxDNL4l,back number,高嶺の花子さん,Universal Music LLC,8,33,293,1021008,JP,Japan,Q4,2024
38,spotify:track:4FMz2RFrbDGzJO7K4D0vS3,back number,HAPPY BIRTHDAY,Universal Music LLC,26,50,209,1017002,JP,Japan,Q4,2024
39,spotify:track:1hAloWiinXLPQUJxrJReb1,YOASOBI,アイドル,YOASOBI,1,38,79,1005903,JP,Japan,Q4,2024
40,spotify:track:3jNwPOqdPvQIr5dRT0hzgY,Vaundy,タイムパラドックス,SDR Inc.,3,39,40,985383,JP,Japan,Q4,2024
41,spotify:track:7o0TPSw494RG2Q4iWmd1v6,Ado,唱,UME - Global Clearing House,1,43,57,976602,JP,Japan,Q4,2024
42,spotify:track:1H3qOzheTPhE7aVvJOWfvA,SPITZ,美しい鰭,Universal Music LLC,2,32,79,958137,JP,Japan,Q4,2024
43,spotify:track:0tnhoHUrHfcLi9hPknUFZ4,Mrs. GREEN APPLE,僕のこと,Universal Music LLC,16,40,287,944923,JP,Japan,Q4,2024
44,spotify:track:0JcI7OdALbpSFkyKoufRYs,Mrs. GREEN APPLE,ロマンチシズム,Universal Music LLC,12,42,241,914003,JP,Japan,Q4,2024
45,spotify:track:5pN2AyWwjzwRoI7gukEVNd,Kenshi Yonezu,さよーならまたいつか！- Sayonara,Sony Music Labels Inc.,5,35,27,909214,JP,Japan,Q4,2024
46,spotify:track:33qTER0xTXBQPDMSYR1hGX,Mrs. GREEN APPLE,Dear,Universal Music LLC,8,44,21,904223,JP,Japan,Q4,2024
47,spotify:track:3CmVQtVx9KlzOuPhRJRShH,Vaundy,ホムンクルス,SDR Inc.,19,41,14,865835,JP,Japan,Q4,2024
48,spotify:track:3wJHCry960drNlAUGrJLmz,Yorushika,ただ君に晴れ,U&R records,6,18,285,834644,JP,Japan,Q4,2024
49,spotify:track:6AvwRrfNtvWMG4w3MfKEoi,noa,My lovely killer,noa,3,48,22,833572,JP,Japan,Q4,2024
50,spotify:track:4xzrnTQ0CVRj6LBisVyTum,XG,SOMETHING AIN'T RIGHT,XGALX,23,47,11,813338,JP,Japan,Q4,2024
1,spotify:track:3Ua0m0YmEjrMi9XErKcNiR,Jimin,Like Crazy,BIGHIT MUSIC,1,1,42,843389,KR,South Korea,Q1,2024
2,spotify:track:0u8rZGtXJrLtiSe34FPjGG,Jimin,Like Crazy (English Version),BIGHIT MUSIC,2,2,42,569564,KR,South Korea,Q1,2024
3,spotify:track:2HRgqmZQC0MC7GeNuDIXHN,"Jung Kook, Latto",Seven (feat. Latto) (Explicit Ver.),BIGHIT MUSIC,1,3,26,520089,KR,South Korea,Q1,2024
4,spotify:track:3k6q0O9JnO2GhvD6C8fs20,Jimin,Closer Than This,BIGHIT MUSIC,2,4,3,514060,KR,South Korea,Q1,2024
5,spotify:track:59hBR0BCtJsfIbV9VzCVAp,Jimin,Set Me Free Pt.2,BIGHIT MUSIC,2,5,43,436612,KR,South Korea,Q1,2024
6,spotify:track:01qFKNWq73UfEslI0GvumE,"Jung Kook, Jack Harlow",3D (feat. Jack Harlow),BIGHIT MUSIC,2,6,15,320866,KR,South Korea,Q1,2024
7,spotify:track:2KslE17cAJNHTsI2MI0jb2,Jung Kook,Standing Next to You,BIGHIT MUSIC,4,7,10,292496,KR,South Korea,Q1,2024
8,spotify:track:21ewxM3YvcdTj7cC0XwznO,Lim Young Woong,Do or Die,Mulgogi Music,6,8,14,223183,KR,South Korea,Q1,2024
9,spotify:track:4WUpMUjdoi47LY7gBQBXe3,Lim Young Woong,Grain of Sand,물고기뮤직,8,9,32,214108,KR,South Korea,Q1,2024
10,spotify:track:7M7d0e8Ue3Z7QieuZe72J9,RIIZE,Love 119,SM Entertainment/RCA Records,10,-1,1,195870,KR,South Korea,Q1,2024
11,spotify:track:6auT8cRBu3BgPRBrdVBY15,Lim Young Woong,London Boy,물고기뮤직,6,10,60,193055,KR,South Korea,Q1,2024
12,spotify:track:74X2u8JMVooG2QbjRxXwR8,LE SSERAFIM,Perfect Night,SOURCE MUSIC,10,12,11,178923,KR,South Korea,Q1,2024
13,spotify:track:2N0SPREDYqILVEFSsWF5N5,V,Love Me Again,BIGHIT MUSIC,3,11,22,168606,KR,South Korea,Q1,2024
14,spotify:track:2tA3NP12r4niSRhb9Y6AoY,Lim Young Woong,Polaroid,물고기뮤직,10,13,60,167189,KR,South Korea,Q1,2024
15,spotify:track:2RLdkXSaiQjRbey5pvP8Kt,Lim Young Woong,If We Ever Meet Again,물고기뮤직,5,14,88,145602,KR,South Korea,Q1,2024
16,spotify:track:2gkVEnpahpE3bQuvGuCpAV,Jung Kook,Yes or No,BIGHIT MUSIC,7,16,10,129855,KR,South Korea,Q1,2024
17,spotify:track:2gyCwrOcC6JBoaJ8JGJ7T8,TAEYEON,To. X,SM Entertainment,17,22,7,125585,KR,South Korea,Q1,2024
18,spotify:track:0cGpKQ8RxxLOFqhktEURIj,"UMI, V",wherever u r (ft. V of BTS),UMI Inc under exclusive license to Unitedmasters LLC,18,19,2,124197,KR,South Korea,Q1,2024
19,spotify:track:5XWlyfo0kZ8LF7VSyfS4Ew,aespa,Drama,SM Entertainment / Warner Records,15,18,9,119336,KR,South Korea,Q1,2024
20,spotify:track:5Hfnps0jaWFpYg55WOPexG,Jimin,Alone,BIGHIT MUSIC,6,17,42,117066,KR,South Korea,Q1,2024
21,spotify:track:3OdIiWnYRHPYtC313Z0Bwy,Jimin,Face-off,BIGHIT MUSIC,5,15,42,112828,KR,South Korea,Q1,2024
22,spotify:track:50xSycnGMDy0Wg5jJcOv3S,Lim Young Woong,Rainbow,물고기뮤직,11,21,87,111220,KR,South Korea,Q1,2024
23,spotify:track:5h1BN75CEh8wdSwE1xrbSe,V,Slow Dancing,BIGHIT MUSIC,4,20,17,106776,KR,South Korea,Q1,2024
24,spotify:track:2jidjmWNeRmKgLjXhW52Gz,Lim Young Woong,"Our Blues, Our Life",물고기뮤직,12,25,88,103555,KR,South Korea,Q1,2024
25,spotify:track:0VPFT123HKoQ2J6ipeDcI1,"Jung Kook, USHER",Standing Next to You (USHER Remix),BIGHIT MUSIC,19,23,6,102041,KR,South Korea,Q1,2024
26,spotify:track:4Cr43xPo7bwyCcL1g3yVCu,Lim Young Woong,A bientot,물고기뮤직,21,27,86,100595,KR,South Korea,Q1,2024
27,spotify:track:5sdQOyqq2IDhvmx2lHOpwd,NewJeans,Super Shy,ADOR,2,26,27,100088,KR,South Korea,Q1,2024
28,spotify:track:3Dah48XTdzVtbIl4dUn6l4,RIIZE,Get A Guitar,SM Entertainment/RCA Records,17,34,19,96673,KR,South Korea,Q1,2024
29,spotify:track:2qg2jy3v50RwfV5FAqG3a2,Jimin,Interlude : Dive,BIGHIT MUSIC,7,24,42,91783,KR,South Korea,Q1,2024
30,spotify:track:3r8RuvgbX9s7ammBn07D3W,NewJeans,Ditto,ADOR,1,29,56,89958,KR,South Korea,Q1,2024
31,spotify:track:5ydjxBSUIDn26MFzU3asP4,V,Rainy Days,BIGHIT MUSIC,5,28,22,87489,KR,South Korea,Q1,2024
32,spotify:track:2lsRp40mCRkhqULWdMbOzn,Lim Young Woong,I Love You,물고기뮤직,15,31,87,84474,KR,South Korea,Q1,2024
33,spotify:track:43u5DDtK4vQ1coWXb4S5a8,Lim Young Woong,HERO,"TIZZO C&C, New Era Project",31,35,65,82825,KR,South Korea,Q1,2024
34,spotify:track:1E14FuM0BRaHAJSJ9YxMVu,Lim Young Woong,A Psalm of Life,물고기뮤직,26,32,83,82370,KR,South Korea,Q1,2024
35,spotify:track:7x3SGAkfIrzDr9paSslwMv,Lim Young Woong,Lovely Touch,물고기뮤직,28,36,85,81985,KR,South Korea,Q1,2024
36,spotify:track:56v8WEnGzLByGsDAXDiv4d,NewJeans,ETA,ADOR,3,33,25,81403,KR,South Korea,Q1,2024
37,spotify:track:5ONOlTiqymhzwcFjqcIT6E,Jung Kook,Hate You,BIGHIT MUSIC,8,30,10,81364,KR,South Korea,Q1,2024
38,spotify:track:4rMEoXVYww6Xy7q9wSj4gy,Lim Young Woong,Love Always Run Away,MOST CONTENTS,24,38,113,79536,KR,South Korea,Q1,2024
39,spotify:track:365znJ27Fb3faGsctmQYWR,Lim Young Woong,Father,물고기뮤직,29,39,82,79388,KR,South Korea,Q1,2024
40,spotify:track:65FftemJ1DbbZ45DUfHJXE,NewJeans,OMG,ADOR,1,40,54,77590,KR,South Korea,Q1,2024
41,spotify:track:210JJAa9nJOgNa0YNrsT5g,"League of Legends, NewJeans",GODS,Riot Games,10,37,15,74655,KR,South Korea,Q1,2024
42,spotify:track:1BxfuPKGuaTgP7aM0Bbdwr,Taylor Swift,Cruel Summer,Taylor Swift,37,41,31,73748,KR,South Korea,Q1,2024
43,spotify:track:5Odq8ohlgIbQKMZivbWkEo,"Charlie Puth, Jung Kook, BTS",Left and Right (Feat. Jung Kook of BTS),Atlantic Records,1,42,81,73106,KR,South Korea,Q1,2024
44,spotify:track:0k0GtcnyQLMiXrdEDbLXmJ,"Jung Kook, DJ Snake",Please Don't Change (feat. DJ Snake),BIGHIT MUSIC,9,44,10,72425,KR,South Korea,Q1,2024
45,spotify:track:0yfQBmmOIVqiwhV5u10EhN,Lim Young Woong,Love Letter,물고기뮤직,23,43,82,70645,KR,South Korea,Q1,2024
46,spotify:track:0a4MMyCrzT0En247IhqZbD,NewJeans,Hype Boy,ADOR,1,47,76,69101,KR,South Korea,Q1,2024
47,spotify:track:3vkCueOmm7xQDoJ17W1Pm3,Mitski,My Love Mine All Mine,Dead Oceans,46,46,15,66987,KR,South Korea,Q1,2024
48,spotify:track:6gcuJpHu0Ey30D5WR76y98,JENNIE,You & Me,YG Entertainment/Interscope Records,8,50,14,65750,KR,South Korea,Q1,2024
49,spotify:track:2cEwQnP4284g37N6D7ETND,RIIZE,Talk Saxy,SM Entertainment/RCA Records,31,63,11,65184,KR,South Korea,Q1,2024
50,spotify:track:2UU11hvjN1JIn4iihEodNT,V,Blue,BIGHIT MUSIC,11,48,18,64819,KR,South Korea,Q1,2024
1,spotify:track:1aKvZDoLGkNMxoRYgkckZG,ILLIT,Magnetic,BELIFT LAB,1,1,3,747519,KR,South Korea,Q2,2024
2,spotify:track:3Ua0m0YmEjrMi9XErKcNiR,Jimin,Like Crazy,BIGHIT MUSIC,1,2,55,675931,KR,South Korea,Q2,2024
3,spotify:track:2HRgqmZQC0MC7GeNuDIXHN,"Jung Kook, Latto",Seven (feat. Latto) (Explicit Ver.),BIGHIT MUSIC,1,3,39,446940,KR,South Korea,Q2,2024
4,spotify:track:0u8rZGtXJrLtiSe34FPjGG,Jimin,Like Crazy (English Version),BIGHIT MUSIC,2,4,55,375170,KR,South Korea,Q2,2024
5,spotify:track:59hBR0BCtJsfIbV9VzCVAp,Jimin,Set Me Free Pt.2,BIGHIT MUSIC,2,5,56,339477,KR,South Korea,Q2,2024
6,spotify:track:01qFKNWq73UfEslI0GvumE,"Jung Kook, Jack Harlow",3D (feat. Jack Harlow),BIGHIT MUSIC,2,6,28,295187,KR,South Korea,Q2,2024
7,spotify:track:3k6q0O9JnO2GhvD6C8fs20,Jimin,Closer Than This,BIGHIT MUSIC,2,7,16,276726,KR,South Korea,Q2,2024
8,spotify:track:2KslE17cAJNHTsI2MI0jb2,Jung Kook,Standing Next to You,BIGHIT MUSIC,4,8,22,246465,KR,South Korea,Q2,2024
9,spotify:track:2O4Bb2WCkjlTPO827OnBMI,LE SSERAFIM,EASY,SOURCE MUSIC,3,9,8,177669,KR,South Korea,Q2,2024
10,spotify:track:0vaxYDAuAO1nPolC6bQp7V,KISS OF LIFE,Midas Touch,S2 ENTERTAINMENT INC.,10,171,2,163505,KR,South Korea,Q2,2024
11,spotify:track:2vNPGH1x5ZwxTjlvzLCyc2,i-dle,Fate,Cube Entertainment,10,10,9,163307,KR,South Korea,Q2,2024
12,spotify:track:0aZG8KWrpRnsGL0loUkfSj,TWS,plot twist,PLEDIS Entertainment,9,11,12,156223,KR,South Korea,Q2,2024
13,spotify:track:2N0SPREDYqILVEFSsWF5N5,V,Love Me Again,BIGHIT MUSIC,3,14,35,150717,KR,South Korea,Q2,2024
14,spotify:track:3lwK3WyKAI5bUuGY1OgGbZ,LE SSERAFIM,Smart,SOURCE MUSIC,10,13,8,149456,KR,South Korea,Q2,2024
15,spotify:track:21ewxM3YvcdTj7cC0XwznO,Lim Young Woong,Do or Die,Mulgogi Music,6,15,27,148519,KR,South Korea,Q2,2024
16,spotify:track:4WUpMUjdoi47LY7gBQBXe3,Lim Young Woong,Grain of Sand,물고기뮤직,8,16,45,145644,KR,South Korea,Q2,2024
17,spotify:track:0PBTlQ84CBJF0tBnKGmQa6,V,FRI(END)S,BIGHIT MUSIC,9,12,4,136430,KR,South Korea,Q2,2024
18,spotify:track:3lc6BSosCqVoNddw1izHXj,RIIZE,Siren,SM Entertainment/RCA Records,18,54,2,134892,KR,South Korea,Q2,2024
19,spotify:track:6auT8cRBu3BgPRBrdVBY15,Lim Young Woong,London Boy,물고기뮤직,6,17,73,132518,KR,South Korea,Q2,2024
20,spotify:track:2qg2jy3v50RwfV5FAqG3a2,Jimin,Interlude : Dive,BIGHIT MUSIC,7,28,55,129037,KR,South Korea,Q2,2024
21,spotify:track:74X2u8JMVooG2QbjRxXwR8,LE SSERAFIM,Perfect Night,SOURCE MUSIC,10,18,24,127113,KR,South Korea,Q2,2024
22,spotify:track:1njlnn8ZKHI77Pe9szIONR,BABYMONSTER,SHEESH,YG Entertainment,22,83,2,121355,KR,South Korea,Q2,2024
23,spotify:track:5Hfnps0jaWFpYg55WOPexG,Jimin,Alone,BIGHIT MUSIC,6,24,55,118679,KR,South Korea,Q2,2024
24,spotify:track:2tA3NP12r4niSRhb9Y6AoY,Lim Young Woong,Polaroid,물고기뮤직,10,21,73,116408,KR,South Korea,Q2,2024
25,spotify:track:3OdIiWnYRHPYtC313Z0Bwy,Jimin,Face-off,BIGHIT MUSIC,5,27,55,113064,KR,South Korea,Q2,2024
26,spotify:track:39gaUtq2z4ejJbno7tWHbL,QWER,T.B.H,TAMAGO PRODUCTION,26,163,2,112867,KR,South Korea,Q2,2024
27,spotify:track:51ZQ1vr10ffzbwIjDCwqm4,Ariana Grande,we can't be friends (wait for your love),Republic Records,17,19,5,110441,KR,South Korea,Q2,2024
28,spotify:track:5juCu4WFTFRZ2XilopAMTy,BIBI,Bam Yang Gang,FeelGhoodMusic,4,20,9,109635,KR,South Korea,Q2,2024
29,spotify:track:3xkHsmpQCBMytMJNiDf3Ii,Benson Boone,Beautiful Things,"Night Street Records, Inc./Warner Records Inc.",21,23,12,105871,KR,South Korea,Q2,2024
30,spotify:track:2RLdkXSaiQjRbey5pvP8Kt,Lim Young Woong,If We Ever Meet Again,물고기뮤직,5,25,101,104450,KR,South Korea,Q2,2024
31,spotify:track:2gyCwrOcC6JBoaJ8JGJ7T8,TAEYEON,To. X,SM Entertainment,13,22,20,101550,KR,South Korea,Q2,2024
32,spotify:track:3aAnwyBJY9OLNLqSgd4fZU,TOMORROW X TOGETHER,Deja Vu,Republic Records - TXT,32,66,2,100318,KR,South Korea,Q2,2024
33,spotify:track:5sdQOyqq2IDhvmx2lHOpwd,NewJeans,Super Shy,ADOR,2,31,40,91346,KR,South Korea,Q2,2024
34,spotify:track:5h1BN75CEh8wdSwE1xrbSe,V,Slow Dancing,BIGHIT MUSIC,4,33,30,86572,KR,South Korea,Q2,2024
35,spotify:track:50xSycnGMDy0Wg5jJcOv3S,Lim Young Woong,Rainbow,물고기뮤직,11,39,100,81924,KR,South Korea,Q2,2024
36,spotify:track:7M7d0e8Ue3Z7QieuZe72J9,RIIZE,Love 119,SM Entertainment/RCA Records,10,36,14,80360,KR,South Korea,Q2,2024
37,spotify:track:6rdkCkjk6D12xRpdMXy0I2,NewJeans,New Jeans,ADOR,4,42,40,78955,KR,South Korea,Q2,2024
38,spotify:track:0djkJ3iAARXRCbfbwwVc3o,IU,Love wins all,EDAM Entertainment,8,44,12,78610,KR,South Korea,Q2,2024
39,spotify:track:2gkVEnpahpE3bQuvGuCpAV,Jung Kook,Yes or No,BIGHIT MUSIC,7,38,23,78169,KR,South Korea,Q2,2024
40,spotify:track:1BxfuPKGuaTgP7aM0Bbdwr,Taylor Swift,Cruel Summer,Taylor Swift,24,37,44,77957,KR,South Korea,Q2,2024
41,spotify:track:2jidjmWNeRmKgLjXhW52Gz,Lim Young Woong,"Our Blues, Our Life",물고기뮤직,12,43,101,77356,KR,South Korea,Q2,2024
42,spotify:track:6QqrxJe1iQxwLY6he6FLFo,ILLIT,Midnight Fiction,BELIFT LAB,26,26,3,77059,KR,South Korea,Q2,2024
43,spotify:track:4Cr43xPo7bwyCcL1g3yVCu,Lim Young Woong,A bientot,물고기뮤직,21,45,99,75205,KR,South Korea,Q2,2024
44,spotify:track:3W2kGv8CcwRl2MWQN5vxKL,"MAX, HUH YUNJIN",STUPID IN LOVE (feat. HUH YUNJIN of LE SSERAFIM),Warner Records,34,34,9,74476,KR,South Korea,Q2,2024
45,spotify:track:3ajU531gR5fW71wqsw4tFX,"j-hope, Jung Kook",i wonder... (with Jung Kook of BTS),BIGHIT MUSIC,29,29,2,72506,KR,South Korea,Q2,2024
46,spotify:track:2Xiaplc23BureS4EDeE8xa,ILLIT,My World,BELIFT LAB,30,30,3,71504,KR,South Korea,Q2,2024
47,spotify:track:3Dah48XTdzVtbIl4dUn6l4,RIIZE,Get A Guitar,SM Entertainment/RCA Records,17,50,32,70173,KR,South Korea,Q2,2024
48,spotify:track:56v8WEnGzLByGsDAXDiv4d,NewJeans,ETA,ADOR,3,46,38,69656,KR,South Korea,Q2,2024
49,spotify:track:5XWlyfo0kZ8LF7VSyfS4Ew,aespa,Drama,SM Entertainment / Warner Records,15,41,22,69491,KR,South Korea,Q2,2024
50,spotify:track:3TQHPUEVdvdq8ejwEcHUlL,Nerd Connection,If I have you only (My love X Nerd Connection),TOON STUDIO,50,57,22,68530,KR,South Korea,Q2,2024
1,spotify:track:3Ua0m0YmEjrMi9XErKcNiR,Jimin,Like Crazy,BIGHIT MUSIC,1,1,68,755016,KR,South Korea,Q3,2024
2,spotify:track:1kPhV0KQui1phEpjnWIqUN,"Jimin, Loco",Smeraldo Garden Marching Band (feat. Loco),BIGHIT MUSIC,2,2,2,645549,KR,South Korea,Q3,2024
3,spotify:track:2HRgqmZQC0MC7GeNuDIXHN,"Jung Kook, Latto",Seven (feat. Latto) (Explicit Ver.),BIGHIT MUSIC,1,3,52,482270,KR,South Korea,Q3,2024
4,spotify:track:5ocSQW5sIUIOFojwXEz9Ki,NewJeans,Supernatural,ADOR,2,4,3,401918,KR,South Korea,Q3,2024
5,spotify:track:3k6q0O9JnO2GhvD6C8fs20,Jimin,Closer Than This,BIGHIT MUSIC,2,5,29,367680,KR,South Korea,Q3,2024
6,spotify:track:0u8rZGtXJrLtiSe34FPjGG,Jimin,Like Crazy (English Version),BIGHIT MUSIC,2,8,68,282061,KR,South Korea,Q3,2024
7,spotify:track:4e1aewX6ATPcdfQIqr7gqO,KISS OF LIFE,Sticky,S2 ENTERTAINMENT INC.,7,29,2,271446,KR,South Korea,Q3,2024
8,spotify:track:59hBR0BCtJsfIbV9VzCVAp,Jimin,Set Me Free Pt.2,BIGHIT MUSIC,2,9,69,268782,KR,South Korea,Q3,2024
9,spotify:track:38tXZcL1gZRfbqfOG0VMTH,NewJeans,How Sweet,ADOR,1,7,7,268374,KR,South Korea,Q3,2024
10,spotify:track:1AtFSBJibfaqfiOByQCwZ5,"Lee Young Ji, D.O.",Small girl (feat. D.O.),MAINSTREAM,6,6,3,251749,KR,South Korea,Q3,2024
11,spotify:track:01qFKNWq73UfEslI0GvumE,"Jung Kook, Jack Harlow",3D (feat. Jack Harlow),BIGHIT MUSIC,2,13,41,247103,KR,South Korea,Q3,2024
12,spotify:track:2KslE17cAJNHTsI2MI0jb2,Jung Kook,Standing Next to You,BIGHIT MUSIC,4,12,35,228501,KR,South Korea,Q3,2024
13,spotify:track:4sgMbwl9lXGyHcHmtFYGMm,aespa,Supernova,SM Entertainment,1,10,9,222468,KR,South Korea,Q3,2024
14,spotify:track:1aKvZDoLGkNMxoRYgkckZG,ILLIT,Magnetic,BELIFT LAB,1,16,16,184573,KR,South Korea,Q3,2024
15,spotify:track:19D8LNpWwIPpi6hs9BG7dq,NewJeans,Bubble Gum,ADOR,4,15,7,179457,KR,South Korea,Q3,2024
16,spotify:track:58Q3FZFs1YXPpliWQB5kXB,NewJeans,Right Now,ADOR,4,11,3,177881,KR,South Korea,Q3,2024
17,spotify:track:6i8MbzVn4nzyjUcSoVcz7B,aespa,Armageddon,SM Entertainment,5,14,7,174176,KR,South Korea,Q3,2024
18,spotify:track:3vnaEaDxMKdBhqA1t0uAwl,Lim Young Woong,Warmth,Mulgogi Music,12,19,10,158715,KR,South Korea,Q3,2024
19,spotify:track:2PlsVMcOn6ujc2UEYs2Yat,Lim Young Woong,Home,Mulgogi Music,13,20,10,157906,KR,South Korea,Q3,2024
20,spotify:track:2nRMW95dnOILirpjbksLTs,Jung Kook,Never Let Go,BIGHIT MUSIC,9,17,5,157465,KR,South Korea,Q3,2024
21,spotify:track:1YXot2MLAG9sttepCtBRM7,Vaundy,踊り子,SDR Inc.,18,18,27,151245,KR,South Korea,Q3,2024
22,spotify:track:21ewxM3YvcdTj7cC0XwznO,Lim Young Woong,Do or Die,Mulgogi Music,6,21,40,151243,KR,South Korea,Q3,2024
23,spotify:track:4WUpMUjdoi47LY7gBQBXe3,Lim Young Woong,Grain of Sand,물고기뮤직,8,23,58,146251,KR,South Korea,Q3,2024
24,spotify:track:6auT8cRBu3BgPRBrdVBY15,Lim Young Woong,London Boy,물고기뮤직,6,25,86,138280,KR,South Korea,Q3,2024
25,spotify:track:5AJ9hqTS2wcFQCELCFRO7A,Tommy Richman,MILLION DOLLAR BABY,PULSE Records,13,24,10,135920,KR,South Korea,Q3,2024
26,spotify:track:2J194R0KIKbK7bTHfUHPDB,RIIZE,Boom Boom Bass,SM Entertainment/RCA Records,17,22,4,131285,KR,South Korea,Q3,2024
27,spotify:track:6dOtVTDdiauQNBQEDOtlAB,Billie Eilish,BIRDS OF A FEATHER,Darkroom/Interscope Records,20,28,8,122993,KR,South Korea,Q3,2024
28,spotify:track:2qSkIjg1o9h3YT9RAgYN75,Sabrina Carpenter,Espresso,Island Records,13,27,13,122765,KR,South Korea,Q3,2024
29,spotify:track:2N0SPREDYqILVEFSsWF5N5,V,Love Me Again,BIGHIT MUSIC,3,31,48,117351,KR,South Korea,Q3,2024
30,spotify:track:2tA3NP12r4niSRhb9Y6AoY,Lim Young Woong,Polaroid,물고기뮤직,10,32,86,116474,KR,South Korea,Q3,2024
31,spotify:track:0kE4TRJ0pWoRKzKdtbx8To,Red Velvet,Cosmic,SM Entertainment,26,26,3,114180,KR,South Korea,Q3,2024
32,spotify:track:2RLdkXSaiQjRbey5pvP8Kt,Lim Young Woong,If We Ever Meet Again,물고기뮤직,5,38,114,110556,KR,South Korea,Q3,2024
33,spotify:track:1SS0WlKhJewviwEDZ6dWj0,"ZICO, JENNIE",SPOT!,KOZ Entertainment,2,30,11,108608,KR,South Korea,Q3,2024
34,spotify:track:1OhIn0L6iofnk5bjalWfHq,ECLIPSE,Sudden Shower,"Genie Music Corporation, Stone Music Entertainment",26,37,10,104527,KR,South Korea,Q3,2024
35,spotify:track:39gaUtq2z4ejJbno7tWHbL,QWER,T.B.H,TAMAGO PRODUCTION,11,34,15,103838,KR,South Korea,Q3,2024
36,spotify:track:6vvPecFTmWxDfEJ6cYT1wa,LISA,Rockstar,Lloud Co./RCA Records,33,33,2,102273,KR,South Korea,Q3,2024
37,spotify:track:5sdQOyqq2IDhvmx2lHOpwd,NewJeans,Super Shy,ADOR,2,39,53,101748,KR,South Korea,Q3,2024
38,spotify:track:5N3hjp1WNayUPZrA8kJmJP,Sabrina Carpenter,Please Please Please,Island Records,18,35,5,101546,KR,South Korea,Q3,2024
39,spotify:track:0VrZodRby4IfK3rZIxSajI,"HYUKOH, 落日飛車 Sunset Rollercoaster",Young Man,"DOOROODOOROO ARTIST COMPANY, Sunset Music Productions Co., Ltd",39,96,2,100111,KR,South Korea,Q3,2024
40,spotify:track:2y8vRHEoz15sYDmxyrDePO,TWS,"If I’m S, Can You Be My N?",PLEDIS Entertainment,40,45,3,98964,KR,South Korea,Q3,2024
41,spotify:track:0a4MMyCrzT0En247IhqZbD,NewJeans,Hype Boy,ADOR,1,42,102,97307,KR,South Korea,Q3,2024
42,spotify:track:6AI3ezQ4o3HUoP6Dhudph3,Kendrick Lamar,Not Like Us,"Kendrick Lamar, under exclusive license to Interscope Records",28,52,10,96533,KR,South Korea,Q3,2024
43,spotify:track:6rdkCkjk6D12xRpdMXy0I2,NewJeans,New Jeans,ADOR,4,41,53,93653,KR,South Korea,Q3,2024
44,spotify:track:50xSycnGMDy0Wg5jJcOv3S,Lim Young Woong,Rainbow,물고기뮤직,11,48,113,90407,KR,South Korea,Q3,2024
45,spotify:track:53rB05bAi7JdNbUfgz72I1,NAYEON,ABCD,Republic Records – NAYEON (TWICE),28,40,4,88871,KR,South Korea,Q3,2024
46,spotify:track:3r8RuvgbX9s7ammBn07D3W,NewJeans,Ditto,ADOR,1,47,82,88822,KR,South Korea,Q3,2024
47,spotify:track:0PBTlQ84CBJF0tBnKGmQa6,V,FRI(END)S,BIGHIT MUSIC,9,43,17,88427,KR,South Korea,Q3,2024
48,spotify:track:65FftemJ1DbbZ45DUfHJXE,NewJeans,OMG,ADOR,1,44,80,87536,KR,South Korea,Q3,2024
49,spotify:track:0UELBkb2esbSdwcVYfsRIm,Seiko Matsuda,青い珊瑚礁,Sony Music Direct (Japan) Inc.,36,36,2,87150,KR,South Korea,Q3,2024
50,spotify:track:2jidjmWNeRmKgLjXhW52Gz,Lim Young Woong,"Our Blues, Our Life",물고기뮤직,12,51,114,86961,KR,South Korea,Q3,2024
1,spotify:track:7tI8dRuH2Yc6RuoTjxo4dU,Jimin,Who,BIGHIT MUSIC,1,1,12,1784868,KR,South Korea,Q4,2024
2,spotify:track:3LWVXp636uLT356Rj08Jaz,Jimin,Be Mine,BIGHIT MUSIC,2,2,12,458990,KR,South Korea,Q4,2024
3,spotify:track:2HRgqmZQC0MC7GeNuDIXHN,"Jung Kook, Latto",Seven (feat. Latto) (Explicit Ver.),BIGHIT MUSIC,1,3,65,367942,KR,South Korea,Q4,2024
4,spotify:track:1agDCV4zQqaFwJQNsTgmL1,"Jimin, Loco",Smeraldo Garden Marching Band (feat. Loco),BIGHIT MUSIC,2,7,15,193453,KR,South Korea,Q4,2024
5,spotify:track:01qFKNWq73UfEslI0GvumE,"Jung Kook, Jack Harlow",3D (feat. Jack Harlow),BIGHIT MUSIC,2,4,54,190272,KR,South Korea,Q4,2024
6,spotify:track:1k68vKHNQXU5CHqcM7Yp7N,DAY6,HAPPY,Republic Records - DAY6,5,5,9,181745,KR,South Korea,Q4,2024
7,spotify:track:2KslE17cAJNHTsI2MI0jb2,Jung Kook,Standing Next to You,BIGHIT MUSIC,4,6,48,178901,KR,South Korea,Q4,2024
8,spotify:track:6qafqn8bBMy7t5c5WqpyRk,Jimin,Closer Than This,BIGHIT MUSIC,2,10,42,164587,KR,South Korea,Q4,2024
9,spotify:track:4gxEY3Mh5FZZDAJAKPNrCS,LE SSERAFIM,CRAZY,SOURCE MUSIC,4,8,6,159469,KR,South Korea,Q4,2024
10,spotify:track:1lTBkwEm0wim9RsMXqtqWy,QWER,My Name is Malguem,TAMAGO PRODUCTION,9,9,3,155180,KR,South Korea,Q4,2024
11,spotify:track:7gMfVc4zfNIxuMyMGglOHa,Jimin,Rebirth (Intro),BIGHIT MUSIC,8,11,12,152008,KR,South Korea,Q4,2024
12,spotify:track:3d2bsbugow8JiNvuaRupFH,"Jimin, Sofia Carson",Slow Dance (feat. Sofia Carson),BIGHIT MUSIC,6,13,12,150980,KR,South Korea,Q4,2024
13,spotify:track:6oNLSQX8bcAdbCElZYju3v,fromis_9,Supersonic,PLEDIS Entertainment,12,12,9,139255,KR,South Korea,Q4,2024
14,spotify:track:5ocSQW5sIUIOFojwXEz9Ki,NewJeans,Supernatural,ADOR,2,15,16,129804,KR,South Korea,Q4,2024
15,spotify:track:2JhbSmNAyM9kYiqwa8Tpla,aespa,Supernova,SM Entertainment,1,17,22,128098,KR,South Korea,Q4,2024
16,spotify:track:45zLrK0668WQ5JFMyiYmCS,Jimin,Interlude : Showtime,BIGHIT MUSIC,10,20,12,124041,KR,South Korea,Q4,2024
17,spotify:track:2plbrEY59IikOBgBGLjaoe,"Lady Gaga, Bruno Mars",Die With A Smile,Interscope,12,14,8,120253,KR,South Korea,Q4,2024
18,spotify:track:3vnaEaDxMKdBhqA1t0uAwl,Lim Young Woong,Warmth,Mulgogi Music,12,18,23,114029,KR,South Korea,Q4,2024
19,spotify:track:2PlsVMcOn6ujc2UEYs2Yat,Lim Young Woong,Home,Mulgogi Music,13,19,23,113375,KR,South Korea,Q4,2024
20,spotify:track:1MC8JLPV4fbvVBqvGSLoDf,Jimin,Who (Rock Remix),BIGHIT MUSIC,20,33,12,111539,KR,South Korea,Q4,2024
21,spotify:track:3Ua0m0YmEjrMi9XErKcNiR,Jimin,Like Crazy,BIGHIT MUSIC,1,37,81,111248,KR,South Korea,Q4,2024
22,spotify:track:38tXZcL1gZRfbqfOG0VMTH,NewJeans,How Sweet,ADOR,1,21,20,110677,KR,South Korea,Q4,2024
23,spotify:track:10I5rhhFoWZDIN3kEc6Dbo,Jimin,Who (Acoustic Remix),BIGHIT MUSIC,23,35,12,110271,KR,South Korea,Q4,2024
24,spotify:track:1aKvZDoLGkNMxoRYgkckZG,ILLIT,Magnetic,BELIFT LAB,1,23,29,110024,KR,South Korea,Q4,2024
25,spotify:track:1Px44tw80Q4rcCl8FxDGOi,Jimin,Who (Instrumental),BIGHIT MUSIC,25,36,12,108778,KR,South Korea,Q4,2024
26,spotify:track:21ewxM3YvcdTj7cC0XwznO,Lim Young Woong,Do or Die,Mulgogi Music,6,24,53,107864,KR,South Korea,Q4,2024
27,spotify:track:1ySWoGgrduSzvtJ3PUzO41,Jimin,Who (Shibuyakei Remix),BIGHIT MUSIC,27,38,12,106668,KR,South Korea,Q4,2024
28,spotify:track:2isRbZIIU4PqPrECffn7QO,Jimin,Who (Beautiful Mind Remix),BIGHIT MUSIC,28,40,12,105839,KR,South Korea,Q4,2024
29,spotify:track:7KZNgri6Jxw88FAfATw6i9,Jimin,Who (Funky Remix),BIGHIT MUSIC,28,42,12,105085,KR,South Korea,Q4,2024
30,spotify:track:4WUpMUjdoi47LY7gBQBXe3,Lim Young Woong,Grain of Sand,물고기뮤직,8,26,71,102880,KR,South Korea,Q4,2024
31,spotify:track:5LlUJ3HHI2dS0xowdMDXC5,MEOVV,MEOW,The Black Label,12,22,5,101064,KR,South Korea,Q4,2024
32,spotify:track:6aJn7Cst74cj4lNIiPRgav,KATSEYE,Touch,HYBE/Geffen,17,25,9,100165,KR,South Korea,Q4,2024
33,spotify:track:6lAvyeD3Nq43AjyCxZQj54,aespa,Armageddon,SM Entertainment,5,39,20,97950,KR,South Korea,Q4,2024
34,spotify:track:6auT8cRBu3BgPRBrdVBY15,Lim Young Woong,London Boy,물고기뮤직,6,30,99,97916,KR,South Korea,Q4,2024
35,spotify:track:6je5cTal6PyeITNrOzkCoS,DAY6,Welcome to the Show,Republic Records - DAY6,30,32,30,97731,KR,South Korea,Q4,2024
36,spotify:track:6dOtVTDdiauQNBQEDOtlAB,Billie Eilish,BIRDS OF A FEATHER,Darkroom/Interscope Records,20,29,21,97387,KR,South Korea,Q4,2024
37,spotify:track:2N0SPREDYqILVEFSsWF5N5,V,Love Me Again,BIGHIT MUSIC,3,31,61,95185,KR,South Korea,Q4,2024
38,spotify:track:74X2u8JMVooG2QbjRxXwR8,LE SSERAFIM,Perfect Night,SOURCE MUSIC,10,41,50,91136,KR,South Korea,Q4,2024
39,spotify:track:4e1aewX6ATPcdfQIqr7gqO,KISS OF LIFE,Sticky,S2 ENTERTAINMENT INC.,6,28,15,90742,KR,South Korea,Q4,2024
40,spotify:track:3TQHPUEVdvdq8ejwEcHUlL,Nerd Connection,If I have you only (My love X Nerd Connection),TOON STUDIO,40,45,48,89799,KR,South Korea,Q4,2024
41,spotify:track:18x0Z8JUwLA2LhgsIHbNy3,DAY6,Time of Our Life -Japanese ver.- - Japanese ver.,WM Japan,34,34,98,89488,KR,South Korea,Q4,2024
42,spotify:track:0T6J3Ipbe06lm7p3grH2bg,DAY6,Melt Down,Republic Records - DAY6,17,27,6,89463,KR,South Korea,Q4,2024
43,spotify:track:1Es7AUAhQvapIcoh3qMKDL,"The Weeknd, Playboi Carti",Timeless (feat Playboi Carti),XO / Republic Records,16,16,2,80217,KR,South Korea,Q4,2024
44,spotify:track:2tA3NP12r4niSRhb9Y6AoY,Lim Young Woong,Polaroid,물고기뮤직,10,46,99,80136,KR,South Korea,Q4,2024
45,spotify:track:0dS2u2UFd88TIzDDaZDLvS,d4vd,Here With Me,Darkroom/Interscope Records,45,101,91,80001,KR,South Korea,Q4,2024
46,spotify:track:2HRqTpkrJO5ggZyyK6NPWz,Sabrina Carpenter,Espresso,Island Records,13,44,26,77765,KR,South Korea,Q4,2024
47,spotify:track:2RLdkXSaiQjRbey5pvP8Kt,Lim Young Woong,If We Ever Meet Again,물고기뮤직,5,47,127,76015,KR,South Korea,Q4,2024
48,spotify:track:3FR2yqZsG07NhXz7uPyUyC,DAY6,You Were Beautiful,Republic Records - DAY6,40,43,90,75051,KR,South Korea,Q4,2024
49,spotify:track:3r8RuvgbX9s7ammBn07D3W,NewJeans,Ditto,ADOR,1,54,95,74923,KR,South Korea,Q4,2024
50,spotify:track:5sjnkOfTLCLNfkkchI2re2,aespa,UP - KARINA Solo,SM Entertainment,50,-1,1,74761,KR,South Korea,Q4,2024
1,spotify:track:0R6NfOiLzLj4O5VbYSJAjf,Xavi,La Diabla,Interscope Records,1,1,6,19664866,MX,Mexico,Q1,2024
2,spotify:track:5XVdHRf4CAJ2Jm0uMIy5qY,Xavi,La Víctima,Interscope Records,2,2,16,13902815,MX,Mexico,Q1,2024
3,spotify:track:6uIIdjYTxxpWOyWuVXrKQO,"Calle 24, Chino Pacas, Fuerza Regida",Que Onda,Street Mob Records,1,3,19,9653871,MX,Mexico,Q1,2024
4,spotify:track:2OWv3lRR8PtOVuHWzQNRs2,"Peso Pluma, Junior H, Oscar Maydon",ROMPE LA DOMPE,2023 Double P Records,4,4,2,9222582,MX,Mexico,Q1,2024
5,spotify:track:6CvTEtGagmzQvkUzzyKR9k,"Fuerza Regida, Marshmello",HARLEY QUINN,Rancho Humilde/Street Mob Records,1,5,12,9010296,MX,Mexico,Q1,2024
6,spotify:track:0O3U5iwTbiXCREMkvotJuN,"Grupo Frontera, Grupo Firme",EL AMOR DE SU VIDA,BorderTown Records,5,6,23,7524666,MX,Mexico,Q1,2024
7,spotify:track:05WVKTdZhlIMX4qqMLuo0f,"Peso Pluma, Anitta",BELLAKEO,Double P Records,7,7,5,7340727,MX,Mexico,Q1,2024
8,spotify:track:6RcAHyC5sAUIbPTkhOQwd8,Junior H,Y LLORO,WEA Latina,5,12,14,7339587,MX,Mexico,Q1,2024
9,spotify:track:6ED7qim1NAX1HjNU8039WS,"Eugenio Esquivel, Grupo Marca Registrada, Sebastian Esquivel, Los Esquivel",Alucin,"WKMX, División of WK Records / RB Records",9,11,8,7204244,MX,Mexico,Q1,2024
10,spotify:track:4loIMejzvt11s97SGVEat8,"Xavi, Los Dareyes De La Sierra",Poco A Poco,Interscope Records,9,9,15,6983271,MX,Mexico,Q1,2024
11,spotify:track:2TJKY0WSFufZOzbRNgl6zE,"Alex Favela, Grupo Marca Registrada, Joaquin Medina",ELOVRGA,Rios Music/ Outerspace Music/ Boba Records Corporation,3,10,21,6805520,MX,Mexico,Q1,2024
12,spotify:track:127UT7AiWflJwjXWUBBVTQ,Natanael Cano,O Me Voy O Te Vas,WEA Latina,12,17,13,6343460,MX,Mexico,Q1,2024
13,spotify:track:1TEKUj8c5iyRNUUxo9SdSD,"Xavi, Tony Aguirre",Modo DND,Interscope Records,13,16,11,6314695,MX,Mexico,Q1,2024
14,spotify:track:7mXuWTczZNxG5EDcjFEuJR,"Peso Pluma, Gabito Ballesteros, Junior H",LADY GAGA,Double P Records,1,8,29,6219042,MX,Mexico,Q1,2024
15,spotify:track:4bw8mcDUSRWfQo63ZTYRnU,"Maluma, Carín León",Según Quién,Sony Music Latin,6,14,21,5944994,MX,Mexico,Q1,2024
16,spotify:track:3FvTHuefYV6TxE3Kseqno8,"Gabito Ballesteros, Natanael Cano",LOU LOU,Los CT Records,3,13,12,5767769,MX,Mexico,Q1,2024
17,spotify:track:1rXxK89X0XGpIdTB6CwiFu,Gabito Ballesteros,A Puro Dolor,Los CT Records,13,18,6,5501429,MX,Mexico,Q1,2024
18,spotify:track:5RqSsdzTNPX1uzkmlHCFvK,"KAROL G, Peso Pluma",QLONA,Bichota/Interscope Records,2,19,22,5484164,MX,Mexico,Q1,2024
19,spotify:track:25OeKzcqakFPaJlXHPE5lm,Carín León,Primera Cita,"Socios Music, LLC",2,15,37,5483398,MX,Mexico,Q1,2024
20,spotify:track:4zfQER4owi8q6NL8Gg63Ya,Fuerza Regida,CRAZYZ,Rancho Humilde/Street Mob Records,20,21,8,5293262,MX,Mexico,Q1,2024
21,spotify:track:6YOfGIE6iFxC7G8OlGGvzW,Junior H,ROCKSTAR,WEA Latina,15,24,14,5201099,MX,Mexico,Q1,2024
22,spotify:track:1RzjXhgnzqb3dMa5852itx,"Peso Pluma, Tito Double P",LA PEOPLE,Double P Records,8,20,22,4919975,MX,Mexico,Q1,2024
23,spotify:track:3QQAeMQbbjZXVFbF8DgFWT,"Oscar Ortiz, Edgardo Nuñez",FIRST LOVE,"Badsin Records, LLC",23,42,3,4889370,MX,Mexico,Q1,2024
24,spotify:track:7iQXYTyuG13aoeHxGG28Nh,"Bad Bunny, Feid",PERRO NEGRO,Rimas Entertainment LLC,4,25,13,4818275,MX,Mexico,Q1,2024
25,spotify:track:1UL2Sn9KX8StSDOp8ZEAOC,Doble ONE Flow Letal,Mi Kryptonita,CUELLO BLANCO,25,28,11,4778068,MX,Mexico,Q1,2024
26,spotify:track:1PTgQ0HyfwbXRKapVPNKxI,"Oscar Maydon, Natanael Cano, Gabito Ballesteros",Tipo Gatsby,Rancho Humilde,26,27,3,4669122,MX,Mexico,Q1,2024
27,spotify:track:1Aa54YEL20kiDPI6f4XGdS,"Uzielito Mix, Yeri Mua, El Jordan 23, Dj Kiire",Linea Del Perreo,Candela Music,23,23,5,4654556,MX,Mexico,Q1,2024
28,spotify:track:7bywjHOc0wSjGGbj04XbVi,"Feid, ATL Jacob",LUNA,UMLE - Latino,28,36,6,4623743,MX,Mexico,Q1,2024
29,spotify:track:4t46soaqA758rbukTO5pp1,Natanael Cano,Mi Bello Angel,WEA Latina,4,26,28,4597312,MX,Mexico,Q1,2024
30,spotify:track:7yIIeKUxTpn36X6CFJhgEi,"Bellakath, Dani Flow",Reggaeton Champagne,La Mafia del Perreo,9,22,14,4530748,MX,Mexico,Q1,2024
31,spotify:track:5B8FWDSKUT5Ui1CsCfopWh,"Grupo Marca Registrada, Octavio Cuadras",Bling Bling,"RB Music, Inc. (RB Music/Grupo Marca Registrada)",25,30,6,4472876,MX,Mexico,Q1,2024
32,spotify:track:5HR7yfhSCeoOHRQN05XnZQ,"Grupo Frontera, Carín León",QUE VUELVAS,BorderTown Records,2,29,57,3954227,MX,Mexico,Q1,2024
33,spotify:track:1xgWArLVFD1AKsLzftZYc2,"Oscar Maydon, Gabito Ballesteros, Chino Pacas",Elvira,Rancho Humilde,33,45,3,3934895,MX,Mexico,Q1,2024
34,spotify:track:29vIEdxgMT9H1fnBMecWjA,Julión Álvarez y su Norteño Banda,Lo Tienes Todo,UMLE - Fonovisa,34,37,7,3922886,MX,Mexico,Q1,2024
35,spotify:track:3wlIAXSDtlD9iU8ysld06Z,"Peso Pluma, Jasiel Nuñez, Junior H",BIPOLAR,Double P Records,13,40,18,3914706,MX,Mexico,Q1,2024
36,spotify:track:2yzshFeBIwH8tWIqHEFLeD,"Grupo Frontera, Bad Bunny",un x100to,BorderTown Records,2,33,39,3886045,MX,Mexico,Q1,2024
37,spotify:track:3kx21xR6IboC9HVdajgBoc,Fuerza Regida,SABOR FRESA,Rancho Humilde/Street Mob Records,2,31,29,3845225,MX,Mexico,Q1,2024
38,spotify:track:0zhymr6RqNuvp0RMIvdpdA,"Código FN, Gabito Ballesteros",Mood Malandro,Al Millon Music,13,38,20,3797735,MX,Mexico,Q1,2024
39,spotify:track:4GvEuYAfJlICR2SpMDaBxQ,"Jere Klein, Gittobeatz",ANDO,Jere Klein,39,47,8,3680265,MX,Mexico,Q1,2024
40,spotify:track:5SHXikmjPwChjvpVIeYkMf,"Oscar Maydon, Junior H, Gabito Ballesteros",Skin de Bandida,Rancho Humilde,14,39,16,3634681,MX,Mexico,Q1,2024
41,spotify:track:1haJsMtoBhHfvuM7XWuT3W,"Junior H, Peso Pluma",El Azul,WEA Latina,3,35,48,3580384,MX,Mexico,Q1,2024
42,spotify:track:1GtIK8iINes4gNt06F60NU,Alfredo Olivas,Vete,Fonovisa,28,32,28,3526222,MX,Mexico,Q1,2024
43,spotify:track:283ngLR3LX6cdq9unM7MJ0,"Dani Flow, El Bogueto, Uzielito Mix",MARTILLAZO,Dani Flow,28,41,8,3422376,MX,Mexico,Q1,2024
44,spotify:track:671fHUAB2n0MocazS1bMB8,"Rels B, Kenia Os",Por Dentro,DALE PLAY Records / Flakk Team,20,46,7,3364437,MX,Mexico,Q1,2024
45,spotify:track:4DnhYGcizQepwr7vvvntih,"Alex Favela, Código FN, Oscar Ortiz",ALVRGZO,Rios Music / Badsin Records / Al Millon Music,45,49,6,3364420,MX,Mexico,Q1,2024
46,spotify:track:2NQZVzSRRatbbPWD5IfadH,Xavi,Sin Pagar Renta,Interscope Records,46,70,5,3249581,MX,Mexico,Q1,2024
47,spotify:track:2O223PoYCkIPSsE4cmnr9v,Fuerza Regida,TQM,Rancho Humilde/Street Mob Records,1,34,34,3210140,MX,Mexico,Q1,2024
48,spotify:track:7v4JGOsUkblqcvOJ0YpNUU,"Yeri Mua, El Gudi, Oviña, Jey F, Alan Dazmel",CHUPON,FullBrand Music,24,44,16,3182728,MX,Mexico,Q1,2024
49,spotify:track:1sXr6moCwVxwKEgSPxhVvF,"Calle 24, Chino Pacas",Apaga El Cel,Street Mob Records,49,81,2,3003672,MX,Mexico,Q1,2024
50,spotify:track:6TBzRwnX2oYd8aOrOuyK1p,"Oscar Maydon, Junior H",Fin de Semana,Rancho Humilde,4,50,52,2962266,MX,Mexico,Q1,2024
1,spotify:track:5LhI8m7n8xlQmNe3b7Rwis,"Natanael Cano, Oscar Maydon",Madonna,WEA Latina,1,1,5,16894549,MX,Mexico,Q2,2024
2,spotify:track:2DbV9TSdeGr5FobCFDRzvq,"Bizarrap, Natanael Cano","Natanael Cano: Bzrp Music Sessions, Vol. 59/66",DALE PLAY Records,2,41,2,15248133,MX,Mexico,Q2,2024
3,spotify:track:0dEAiKNbHt4mrjjoiL0loc,Xavi,Corazón de Piedra,Interscope Records,2,2,3,13171965,MX,Mexico,Q2,2024
4,spotify:track:7EWtB4NKYY3NqBl31PVip9,"Peso Pluma, Tito Double P, Joel De La P",LA PEOPLE II,Double P Records,3,3,3,10017081,MX,Mexico,Q2,2024
5,spotify:track:6XjDF6nds4DE2BBbagZol6,"FloyyMenor, Cris MJ",Gata Only,FloyyMenor under exclusive license to UnitedMasters LLC,4,5,9,9942132,MX,Mexico,Q2,2024
6,spotify:track:61OsemtnuPJ5R0LMEkw60S,"Bizarrap, Natanael Cano",Entre las de 20,DALE PLAY Records,6,92,2,9921805,MX,Mexico,Q2,2024
7,spotify:track:0R6NfOiLzLj4O5VbYSJAjf,Xavi,La Diabla,Interscope Records,1,4,19,9584909,MX,Mexico,Q2,2024
8,spotify:track:3FqUPvubYeRCMsdJ02QyZR,Fuerza Regida,TÚ NAME,Rancho Humilde/Street Mob Records,7,7,9,8088241,MX,Mexico,Q2,2024
9,spotify:track:6YOfGIE6iFxC7G8OlGGvzW,Junior H,ROCKSTAR,WEA Latina,7,11,27,7835048,MX,Mexico,Q2,2024
10,spotify:track:4L1iecYPJR1qc9tz5Zjkw9,"Gabito Ballesteros, Natanael Cano",El Boss,Los CT Records,8,8,2,7787406,MX,Mexico,Q2,2024
11,spotify:track:5XVdHRf4CAJ2Jm0uMIy5qY,Xavi,La Víctima,Interscope Records,2,6,29,7209393,MX,Mexico,Q2,2024
12,spotify:track:6uIIdjYTxxpWOyWuVXrKQO,"Calle 24, Chino Pacas, Fuerza Regida",Que Onda,Street Mob Records,1,9,32,7124008,MX,Mexico,Q2,2024
13,spotify:track:51qYdMBxt9mFbtZBzq1Yfi,Julión Álvarez y su Norteño Banda,Regalo De Dios,UMLE - Fonovisa,3,10,15,7074262,MX,Mexico,Q2,2024
14,spotify:track:6RcAHyC5sAUIbPTkhOQwd8,Junior H,Y LLORO,WEA Latina,5,12,27,6923165,MX,Mexico,Q2,2024
15,spotify:track:1xgWArLVFD1AKsLzftZYc2,"Oscar Maydon, Gabito Ballesteros, Chino Pacas",Elvira,Rancho Humilde,9,13,16,6419480,MX,Mexico,Q2,2024
16,spotify:track:1C84d9abZVKWHT2YYpoean,"Luis R Conriquez, Neton Vega",Si No Quieres No,Kartel Music,16,19,4,5842612,MX,Mexico,Q2,2024
17,spotify:track:7bywjHOc0wSjGGbj04XbVi,"Feid, ATL Jacob",LUNA,UMLE - Latino,13,15,19,5699147,MX,Mexico,Q2,2024
18,spotify:track:3QQAeMQbbjZXVFbF8DgFWT,"Oscar Ortiz, Edgardo Nuñez",FIRST LOVE,"Badsin Records, LLC",3,16,16,5509225,MX,Mexico,Q2,2024
19,spotify:track:4t46soaqA758rbukTO5pp1,Natanael Cano,Mi Bello Angel,WEA Latina,4,22,41,5223976,MX,Mexico,Q2,2024
20,spotify:track:4bw8mcDUSRWfQo63ZTYRnU,"Maluma, Carín León",Según Quién,Sony Music Latin,6,21,34,4719779,MX,Mexico,Q2,2024
21,spotify:track:3kx21xR6IboC9HVdajgBoc,Fuerza Regida,SABOR FRESA,Rancho Humilde/Street Mob Records,2,20,42,4629332,MX,Mexico,Q2,2024
22,spotify:track:127UT7AiWflJwjXWUBBVTQ,Natanael Cano,O Me Voy O Te Vas,WEA Latina,12,17,26,4610330,MX,Mexico,Q2,2024
23,spotify:track:4loIMejzvt11s97SGVEat8,"Xavi, Los Dareyes De La Sierra",Poco A Poco,Interscope Records,7,18,28,4582618,MX,Mexico,Q2,2024
24,spotify:track:6CvTEtGagmzQvkUzzyKR9k,"Fuerza Regida, Marshmello",HARLEY QUINN,Rancho Humilde/Street Mob Records,1,14,25,4541619,MX,Mexico,Q2,2024
25,spotify:track:29vIEdxgMT9H1fnBMecWjA,Julión Álvarez y su Norteño Banda,Lo Tienes Todo,UMLE - Fonovisa,17,23,20,4293938,MX,Mexico,Q2,2024
26,spotify:track:7iUtQNMRB8ZkKC4AmEuCJC,Myke Towers,LA FALDA,WEA Latina,26,28,17,4248680,MX,Mexico,Q2,2024
27,spotify:track:5RqSsdzTNPX1uzkmlHCFvK,"KAROL G, Peso Pluma",QLONA,Bichota/Interscope Records,2,24,35,4153876,MX,Mexico,Q2,2024
28,spotify:track:6XaJfhwof7qIgbbXO5tIQI,"Kali Uchis, Peso Pluma",Igual Que Un Ángel (with Peso Pluma),Geffen Records,3,25,13,4049759,MX,Mexico,Q2,2024
29,spotify:track:0O3U5iwTbiXCREMkvotJuN,"Grupo Frontera, Grupo Firme",EL AMOR DE SU VIDA,BorderTown Records,5,26,36,3994239,MX,Mexico,Q2,2024
30,spotify:track:0lbDzTINTToToBpkrnQT2t,"Fuerza Regida, Manuel Turizo",UNA CERVEZA,Rancho Humilde/Street Mob Records,30,31,16,3982936,MX,Mexico,Q2,2024
31,spotify:track:1LfsvLFQprosUmrEtGPHAe,"Remp, Oscar Maydon, Victor Mendivil, Sintapia",Don Dimadon,Rico o Muerto Music LLC,30,30,4,3978441,MX,Mexico,Q2,2024
32,spotify:track:1sXr6moCwVxwKEgSPxhVvF,"Calle 24, Chino Pacas",Apaga El Cel,Street Mob Records,8,27,15,3973053,MX,Mexico,Q2,2024
33,spotify:track:4zfQER4owi8q6NL8Gg63Ya,Fuerza Regida,CRAZYZ,Rancho Humilde/Street Mob Records,20,29,21,3901921,MX,Mexico,Q2,2024
34,spotify:track:2y3TKxJAaIauybiS3GKHon,Yahir Saldivar,SC-9,DEL Records,34,48,4,3886214,MX,Mexico,Q2,2024
35,spotify:track:68viiGZoRbLCjsy5xD4VrU,"Shakira, Grupo Frontera",(Entre Paréntesis),Sony Music Latin,35,40,3,3810078,MX,Mexico,Q2,2024
36,spotify:track:2TJKY0WSFufZOzbRNgl6zE,"Alex Favela, Grupo Marca Registrada, Joaquin Medina",ELOVRGA,Rios Music/ Outerspace Music/ Boba Records Corporation,3,39,34,3758246,MX,Mexico,Q2,2024
37,spotify:track:7iQXYTyuG13aoeHxGG28Nh,"Bad Bunny, Feid",PERRO NEGRO,Rimas Entertainment LLC,4,34,26,3737420,MX,Mexico,Q2,2024
38,spotify:track:5cWgwbui8BasfjCXvBZ7UA,"Carín León, Grupo Frontera",Alch Si,SOCIOS MUSIC LLC,36,52,19,3691702,MX,Mexico,Q2,2024
39,spotify:track:7mXuWTczZNxG5EDcjFEuJR,"Peso Pluma, Gabito Ballesteros, Junior H",LADY GAGA,Double P Records,1,33,42,3615906,MX,Mexico,Q2,2024
40,spotify:track:4GvEuYAfJlICR2SpMDaBxQ,"Jere Klein, Gittobeatz",ANDO,Jere Klein,37,38,21,3543411,MX,Mexico,Q2,2024
41,spotify:track:05tGmdz9dVZ4yGqz4YJdPK,"Christian Nodal, Peso Pluma",La Intención,"Producciones Ladon, S.A de C.V./Sony Music México",9,45,11,3392280,MX,Mexico,Q2,2024
42,spotify:track:4Nf5EZ40JenjMUKXOiyRU5,Peso Pluma,NUEVA VIDA,Double P Records,35,35,42,3383537,MX,Mexico,Q2,2024
43,spotify:track:2DRGyAlo0ht15FGLTQPCCt,"Adrian L Santos, Joaquin Medina",Ya No Estoy Dolido,Rancho Humilde,32,47,13,3346610,MX,Mexico,Q2,2024
44,spotify:track:3FvTHuefYV6TxE3Kseqno8,"Gabito Ballesteros, Natanael Cano",LOU LOU,Los CT Records,3,32,25,3300889,MX,Mexico,Q2,2024
45,spotify:track:25OeKzcqakFPaJlXHPE5lm,Carín León,Primera Cita,"Socios Music, LLC",2,43,50,3272066,MX,Mexico,Q2,2024
46,spotify:track:1rXxK89X0XGpIdTB6CwiFu,Gabito Ballesteros,A Puro Dolor,Los CT Records,13,46,19,3196586,MX,Mexico,Q2,2024
47,spotify:track:1GtIK8iINes4gNt06F60NU,Alfredo Olivas,Vete,Fonovisa,28,42,41,3190551,MX,Mexico,Q2,2024
48,spotify:track:05WVKTdZhlIMX4qqMLuo0f,"Peso Pluma, Anitta",BELLAKEO,Double P Records,7,51,18,3145321,MX,Mexico,Q2,2024
49,spotify:track:2OWv3lRR8PtOVuHWzQNRs2,"Peso Pluma, Junior H, Oscar Maydon",ROMPE LA DOMPE,2023 Double P Records,4,37,15,3110818,MX,Mexico,Q2,2024
50,spotify:track:2GxrNKugF82CnoRFbQfzPf,Artemas,i like the way you kiss me,Artemas,50,82,2,2992739,MX,Mexico,Q2,2024
1,spotify:track:1C84d9abZVKWHT2YYpoean,"Luis R Conriquez, Neton Vega",Si No Quieres No,Kartel Music,1,1,17,9066936,MX,Mexico,Q3,2024
2,spotify:track:33Nj9AdncSmHbCN3QeSZTL,"Oscar Maydon, Junior H",Volver Al Futuro,Rancho Humilde,1,2,6,7758892,MX,Mexico,Q3,2024
3,spotify:track:2aYZaN5SmkRDLsrrV8GkBQ,"Peso Pluma, Neton Vega",LA PATRULLA,2024 Double P Records,3,6,3,7731389,MX,Mexico,Q3,2024
4,spotify:track:6WatFBLVB0x077xWeoVc2k,KAROL G,Si Antes Te Hubiera Conocido,Bichota/Interscope Records,4,4,3,7210207,MX,Mexico,Q3,2024
5,spotify:track:5LhI8m7n8xlQmNe3b7Rwis,"Natanael Cano, Oscar Maydon",Madonna,WEA Latina,1,3,18,6722131,MX,Mexico,Q3,2024
6,spotify:track:6XjDF6nds4DE2BBbagZol6,"FloyyMenor, Cris MJ",Gata Only,FloyyMenor under exclusive license to UnitedMasters LLC,3,7,22,6083663,MX,Mexico,Q3,2024
7,spotify:track:1pymWRCuZfCd0zdiBJo0Hj,Trueno,REAL GANGSTA LOVE,Sony Music Latin,6,8,6,6045785,MX,Mexico,Q3,2024
8,spotify:track:71bGl0FoaBGHNT0CGhVOs1,"Nueva H, Natanael Cano",YCQVM,Los CT Records,5,9,4,5745294,MX,Mexico,Q3,2024
9,spotify:track:5UHK1rtK4MpBGb0KppIYh4,"Peso Pluma, Natanael Cano, Gabito Ballesteros",VINO TINTO,2024 Double P Records,3,5,3,5366249,MX,Mexico,Q3,2024
10,spotify:track:51qYdMBxt9mFbtZBzq1Yfi,Julión Álvarez y su Norteño Banda,Regalo De Dios,UMLE - Fonovisa,3,10,28,4919137,MX,Mexico,Q3,2024
11,spotify:track:02cRoSfWU3RJNFyU3o4lhV,"Peso Pluma, Oscar Maydon",SANTAL 33,2024 Double P Records,11,19,3,4597011,MX,Mexico,Q3,2024
12,spotify:track:6uIIdjYTxxpWOyWuVXrKQO,"Calle 24, Chino Pacas, Fuerza Regida",Que Onda,Street Mob Records,1,12,45,4413175,MX,Mexico,Q3,2024
13,spotify:track:4oowI6IgJp9oqUnJewTp6Y,"Tito Double P, Neton Vega",LINDA,2024 Double P Records,13,17,6,4388316,MX,Mexico,Q3,2024
14,spotify:track:6RcAHyC5sAUIbPTkhOQwd8,Junior H,Y LLORO,WEA Latina,5,14,40,4388137,MX,Mexico,Q3,2024
15,spotify:track:3FqUPvubYeRCMsdJ02QyZR,Fuerza Regida,TÚ NAME,Rancho Humilde/Street Mob Records,4,13,22,4288071,MX,Mexico,Q3,2024
16,spotify:track:0O3U5iwTbiXCREMkvotJuN,"Grupo Frontera, Grupo Firme",EL AMOR DE SU VIDA,BorderTown Records,5,24,49,4242465,MX,Mexico,Q3,2024
17,spotify:track:7xJ1scIZpc33lZ7HpcrjCY,Grupo Firme,El Beneficio De La Duda,Music VIP Entertainment Presenta Grupo Firme,5,21,6,3913639,MX,Mexico,Q3,2024
18,spotify:track:1xgWArLVFD1AKsLzftZYc2,"Oscar Maydon, Gabito Ballesteros, Chino Pacas",Elvira,Rancho Humilde,5,11,29,3882074,MX,Mexico,Q3,2024
19,spotify:track:7bywjHOc0wSjGGbj04XbVi,"Feid, ATL Jacob",LUNA,UMLE - Latino,13,22,32,3836287,MX,Mexico,Q3,2024
20,spotify:track:5Uptvz6j1sjDKxidAcnH2L,Cris MJ,SI NO ES CONTIGO,Sonar LLC.,15,15,7,3808478,MX,Mexico,Q3,2024
21,spotify:track:3GWUv0TDO5E3cHfsxYeptt,"Peso Pluma, Kenia Os",TOMMY & PAMELA,2024 Double P Records,20,20,3,3798798,MX,Mexico,Q3,2024
22,spotify:track:61OsemtnuPJ5R0LMEkw60S,"Bizarrap, Natanael Cano",Entre las de 20,DALE PLAY Records,5,18,15,3714396,MX,Mexico,Q3,2024
23,spotify:track:3fJHbMUnzceimOnNjp63fF,Carín León,Primera Cita,"Socios Music, LLC",2,31,63,3624633,MX,Mexico,Q3,2024
24,spotify:track:0R6NfOiLzLj4O5VbYSJAjf,Xavi,La Diabla,Interscope Records,1,16,32,3510313,MX,Mexico,Q3,2024
25,spotify:track:0LZy30mVmxqUpdQmaXKXBd,"Myke Towers, Bad Bunny",ADIVINO,WEA Latina,17,29,11,3475566,MX,Mexico,Q3,2024
26,spotify:track:0dEAiKNbHt4mrjjoiL0loc,Xavi,Corazón de Piedra,Interscope Records,2,25,16,3430508,MX,Mexico,Q3,2024
27,spotify:track:0163eXbLwh5dFhKa73n9wG,"Belinda, Natanael Cano",300 Noches,WM Mexico,5,40,11,3397546,MX,Mexico,Q3,2024
28,spotify:track:29vIEdxgMT9H1fnBMecWjA,Julión Álvarez y su Norteño Banda,Lo Tienes Todo,UMLE - Fonovisa,15,34,33,3380497,MX,Mexico,Q3,2024
29,spotify:track:0lpxDRCONr2FJRqcM3Q74z,"Victor Cibrian, Gabito Ballesteros",Porque Te Vas,Rancho Humilde,15,23,13,3252657,MX,Mexico,Q3,2024
30,spotify:track:6YOfGIE6iFxC7G8OlGGvzW,Junior H,ROCKSTAR,WEA Latina,7,37,40,3222984,MX,Mexico,Q3,2024
31,spotify:track:6Bcy1jJFcIAuAzJMtfpImi,Natanael Cano,Ya Te Olvide,WEA Latina,3,28,8,3206528,MX,Mexico,Q3,2024
32,spotify:track:1llaUCfG1g5WzKt6JafYyk,Carín León,Despídase bien,"Socios Music, LLC",19,39,6,3205203,MX,Mexico,Q3,2024
33,spotify:track:2DXK0YNGSqnaIEX5iaSIoK,"Peso Pluma, Ivan Cornejo",RELOJ,2024 Double P Records,21,33,3,3203983,MX,Mexico,Q3,2024
34,spotify:track:3KZCP2StVGdWkOKyRZNWA4,Plan B,Es un Secreto,Pina Records,34,36,122,3185579,MX,Mexico,Q3,2024
35,spotify:track:0hkoQgoqic1qQtxPOudmrx,emmanuellcortess_,Amor,RC Music,35,47,5,3151266,MX,Mexico,Q3,2024
36,spotify:track:05eWLa61PMRibhFtIHsD0D,"Kevin AMF, Jaque Mate, Carlos Manjarrez",Pocos Años Mil Errores,POKER MUSIC/Sony Music México,23,42,6,3141632,MX,Mexico,Q3,2024
37,spotify:track:5RqSsdzTNPX1uzkmlHCFvK,"KAROL G, Peso Pluma",QLONA,Bichota/Interscope Records,2,49,48,3124352,MX,Mexico,Q3,2024
38,spotify:track:4U20gQcVcjzY12xhLsXwXy,"Luis R Conriquez, Jasiel Nuñez",GTA,Kartel Music,21,44,16,3107261,MX,Mexico,Q3,2024
39,spotify:track:6a9Z1jUms915w4O7N1PxjY,"Rvssian, Rauw Alejandro, Ayra Starr",Santa,Sony Music Latin,15,30,13,3094657,MX,Mexico,Q3,2024
40,spotify:track:2DbV9TSdeGr5FobCFDRzvq,"Bizarrap, Natanael Cano","Natanael Cano: Bzrp Music Sessions, Vol. 59/66",DALE PLAY Records,2,35,15,3034667,MX,Mexico,Q3,2024
41,spotify:track:1jIirpaACmgb4nTYfywys4,"Peso Pluma, Tito Double P",BELANOVA,2024 Double P Records,34,51,3,3025094,MX,Mexico,Q3,2024
42,spotify:track:0lbDzTINTToToBpkrnQT2t,"Fuerza Regida, Manuel Turizo",UNA CERVEZA,Rancho Humilde/Street Mob Records,20,45,29,3018326,MX,Mexico,Q3,2024
43,spotify:track:5HR7yfhSCeoOHRQN05XnZQ,"Grupo Frontera, Carín León",QUE VUELVAS,BorderTown Records,2,60,83,2994277,MX,Mexico,Q3,2024
44,spotify:track:5N3hjp1WNayUPZrA8kJmJP,Sabrina Carpenter,Please Please Please,Island Records,34,43,5,2955704,MX,Mexico,Q3,2024
45,spotify:track:75qepWUT3FEyPyXQMMMVZm,"Rels B, Junior H",Un Desperdicio,DALE PLAY Records / Flakk Team,8,46,11,2884783,MX,Mexico,Q3,2024
46,spotify:track:5oYVxFt2k4SkVp6wzVsFWN,"Sevdaliza, Villano Antillano, Tokischa","Ride Or Die, Pt. 2 (with Villano Antillano & Tokischa)",Twisted Elegance,13,41,12,2881979,MX,Mexico,Q3,2024
47,spotify:track:5GTBdEjZe7zEDp1N0eCZE4,"Peso Pluma, Estevan Plazola",HOLLYWOOD,2024 Double P Records,32,53,3,2843601,MX,Mexico,Q3,2024
48,spotify:track:3YyTyWfSwAhesGCKpnuRKl,"Peso Pluma, Tito Double P, Joel De La P",LA PEOPLE II,2024 Double P Records,3,27,16,2803918,MX,Mexico,Q3,2024
49,spotify:track:22jhscHs2DoVqKG5vKJytQ,"Luis R Conriquez, Joel De La P, Chimbala",Que Se Cuide,Kartel Music,14,50,10,2780851,MX,Mexico,Q3,2024
50,spotify:track:63pLfjK6FvcYJYMGwtHjd6,Feid,SORRY 4 THAT MUCH,FEID,32,38,5,2749534,MX,Mexico,Q3,2024
1,spotify:track:6X6m4xmdFcz31p1h7Qg68c,Tito Double P,EL LOKERON,2024 Double P Records,1,1,7,13971188,MX,Mexico,Q4,2024
2,spotify:track:5lKFO0PrOC9jmOlPEdjHsL,"Tito Double P, Peso Pluma",DOS DÍAS,2024 Double P Records,2,2,7,11709542,MX,Mexico,Q4,2024
3,spotify:track:6HrALJOMsfPCCbUo5cJCON,"Tito Double P, Chino Pacas",ESCAPATE,2024 Double P Records,3,3,7,11487507,MX,Mexico,Q4,2024
4,spotify:track:2aYZaN5SmkRDLsrrV8GkBQ,"Peso Pluma, Neton Vega",LA PATRULLA,2024 Double P Records,1,4,16,10257392,MX,Mexico,Q4,2024
5,spotify:track:1cOboCuWYI2osTOfolMRS6,"Oscar Maydon, Fuerza Regida",Tu Boda,Rancho Humilde/Sony Music Latin,5,12,2,8010999,MX,Mexico,Q4,2024
6,spotify:track:5AH31dDNgxCMGDdxubNNn4,Fuerza Regida,NEL,Rancho Humilde/Street Mob Records,2,6,11,7947873,MX,Mexico,Q4,2024
7,spotify:track:0BiDnJFB3TlRB6aji7jUz3,Julión Álvarez y su Norteño Banda,Rey Sin Reina,"Copar Music, Inc",2,5,5,7904940,MX,Mexico,Q4,2024
8,spotify:track:1C84d9abZVKWHT2YYpoean,"Luis R Conriquez, Neton Vega",Si No Quieres No,Kartel Music,1,7,30,7897359,MX,Mexico,Q4,2024
9,spotify:track:6KOnLTb1xLfKDAjMC43I76,"Natanael Cano, Oscar Maydon",Giza,WEA Latina,5,8,13,7250783,MX,Mexico,Q4,2024
10,spotify:track:41EOhpn50qvd8iZSKw531W,"Peso Pluma, Tito Double P",LOS CUADROS,2024 Double P Records,6,9,9,7142399,MX,Mexico,Q4,2024
11,spotify:track:1cZHUhGz7xJ8c4szDipipd,"Victor Mendivil, Oscar Maydon",Mejores Jordans,Rico o Muerto Music LLC,9,10,10,6971163,MX,Mexico,Q4,2024
12,spotify:track:2lAUq68F2bt7Kc218n9FPp,"Tito Double P, Grupo Frontera",AY MAMÁ,2024 Double P Records,12,16,7,6803153,MX,Mexico,Q4,2024
13,spotify:track:7l3UuUZEqvxjhKYD2QBxOU,"Bellakath, El Malilla, El Bogueto, Andres Castillo, La Dinastia, Riky Produce",Vaquero - Remix,DCM Records,13,13,8,6790949,MX,Mexico,Q4,2024
14,spotify:track:02cRoSfWU3RJNFyU3o4lhV,"Peso Pluma, Oscar Maydon",SANTAL 33,2024 Double P Records,8,14,16,6483470,MX,Mexico,Q4,2024
15,spotify:track:7qXptgpZGo8AFPhJCBVLFE,"Tito Double P, Neton Vega",LINDA,2024 Double P Records,11,15,19,6442417,MX,Mexico,Q4,2024
16,spotify:track:6RcAHyC5sAUIbPTkhOQwd8,Junior H,Y LLORO,WEA Latina,5,26,53,6127690,MX,Mexico,Q4,2024
17,spotify:track:6WatFBLVB0x077xWeoVc2k,KAROL G,Si Antes Te Hubiera Conocido,Bichota/Interscope Records,3,17,16,5964054,MX,Mexico,Q4,2024
18,spotify:track:4ZOkfHC38nxSeSqzGE5HFr,Junior H,PIÉNSALO,WEA Latina,18,19,15,5896704,MX,Mexico,Q4,2024
19,spotify:track:5LhI8m7n8xlQmNe3b7Rwis,"Natanael Cano, Oscar Maydon",Madonna,WEA Latina,1,11,31,5855657,MX,Mexico,Q4,2024
20,spotify:track:7AysIqSEDiwP4CUsAXJwrk,"Tito Double P, Natanael Cano",PRIMO,2024 Double P Records,15,18,14,5823294,MX,Mexico,Q4,2024
21,spotify:track:51qYdMBxt9mFbtZBzq1Yfi,Julión Álvarez y su Norteño Banda,Regalo De Dios,UMLE - Fonovisa,3,21,41,5749363,MX,Mexico,Q4,2024
22,spotify:track:5GTBdEjZe7zEDp1N0eCZE4,"Peso Pluma, Estevan Plazola",HOLLYWOOD,2024 Double P Records,16,22,16,5304968,MX,Mexico,Q4,2024
23,spotify:track:587pEvJ7iJhNtcCf5YKEgE,El Padrinito Toys,Tal Vez Fui Yo,Interscope Records,7,20,9,5044469,MX,Mexico,Q4,2024
24,spotify:track:3IEvQ1CzszUJtTRLmmMJ2X,"Tito Double P, Junior H",5-7,2024 Double P Records,17,24,7,4931866,MX,Mexico,Q4,2024
25,spotify:track:1qbql17v0Hazo94o5RUyWQ,HUMBE,KINTSUGI,PARASIEMPRE.wav Records,23,23,2,4895801,MX,Mexico,Q4,2024
26,spotify:track:6uIIdjYTxxpWOyWuVXrKQO,"Calle 24, Chino Pacas, Fuerza Regida",Que Onda,Street Mob Records,1,25,58,4704276,MX,Mexico,Q4,2024
27,spotify:track:2plbrEY59IikOBgBGLjaoe,"Lady Gaga, Bruno Mars",Die With A Smile,Interscope,25,27,8,4278800,MX,Mexico,Q4,2024
28,spotify:track:0Sr7ssScx54yxdM2ols7nW,"Omar Courtz, De La Rose",Q U E V A S H A C E R H O Y ?,Mr.305 Records / Rimas Entertainment LLC.,28,59,2,4246088,MX,Mexico,Q4,2024
29,spotify:track:24teIhDYO2RocTA2v5dY0r,Junior H,Extssy Model,WEA Latina,23,28,104,4175674,MX,Mexico,Q4,2024
30,spotify:track:29vIEdxgMT9H1fnBMecWjA,Julión Álvarez y su Norteño Banda,Lo Tienes Todo,UMLE - Fonovisa,15,36,46,3903287,MX,Mexico,Q4,2024
31,spotify:track:33Nj9AdncSmHbCN3QeSZTL,"Oscar Maydon, Junior H",Volver Al Futuro,Rancho Humilde,1,32,19,3888958,MX,Mexico,Q4,2024
32,spotify:track:3GWUv0TDO5E3cHfsxYeptt,"Peso Pluma, Kenia Os",TOMMY & PAMELA,2024 Double P Records,5,29,16,3818753,MX,Mexico,Q4,2024
33,spotify:track:7oJ3N7oVSwoa5sdpg6NCE6,La Receta,Lo Que Hay X Aquí,DALE PLAY Records / Solido Records,13,34,12,3720049,MX,Mexico,Q4,2024
34,spotify:track:31REg67eoHJSvMLUcEmGNj,La Arrolladora Banda El Limón De Rene Camacho,El Final De Nuestra Historia,Universal Music Mexico,34,48,69,3697797,MX,Mexico,Q4,2024
35,spotify:track:6PhRhocBXP4y7NpciGmzra,"Cris MJ, FloyyMenor, LOUKI",Después De La 1,Sonar LLC.,29,31,4,3673993,MX,Mexico,Q4,2024
36,spotify:track:2hu7EGMBif7scYUT4zu5wG,Natanael Cano,Amor Eterno,WEA Latina,36,-1,1,3665622,MX,Mexico,Q4,2024
37,spotify:track:7bywjHOc0wSjGGbj04XbVi,"Feid, ATL Jacob",LUNA,UMLE - Latino,13,37,45,3624803,MX,Mexico,Q4,2024
38,spotify:track:4bw8mcDUSRWfQo63ZTYRnU,"Maluma, Carín León",Según Quién,Sony Music Latin,6,43,60,3620934,MX,Mexico,Q4,2024
39,spotify:track:6Q2UhuLaPUlC9VANQOjPxo,"Gabito Ballesteros, Junior H",Neta,Los CT Records,20,33,20,3598169,MX,Mexico,Q4,2024
40,spotify:track:3fJHbMUnzceimOnNjp63fF,Carín León,Primera Cita,"Socios Music, LLC",2,39,76,3508655,MX,Mexico,Q4,2024
41,spotify:track:3w1h7uNU1Dfk2tOaHiIGat,Fuerza Regida,PERO NO TE ENAMORES,Rancho Humilde/Street Mob Records,41,41,9,3437321,MX,Mexico,Q4,2024
42,spotify:track:1sXr6moCwVxwKEgSPxhVvF,"Calle 24, Chino Pacas",Apaga El Cel,Street Mob Records,8,86,41,3351277,MX,Mexico,Q4,2024
43,spotify:track:2a8yglXvNw07OWu4lO2ByG,Junior H,LA CHERRY,WEA Latina,30,38,40,3306262,MX,Mexico,Q4,2024
44,spotify:track:1jIirpaACmgb4nTYfywys4,"Peso Pluma, Tito Double P",BELANOVA,2024 Double P Records,34,40,16,3262500,MX,Mexico,Q4,2024
45,spotify:track:3KZCP2StVGdWkOKyRZNWA4,Plan B,Es un Secreto,Pina Records,34,46,135,3257215,MX,Mexico,Q4,2024
46,spotify:track:0hkoQgoqic1qQtxPOudmrx,emmanuellcortess_,Amor,RC Music,20,42,18,3218210,MX,Mexico,Q4,2024
47,spotify:track:5HR7yfhSCeoOHRQN05XnZQ,"Grupo Frontera, Carín León",QUE VUELVAS,BorderTown Records,2,44,96,3190668,MX,Mexico,Q4,2024
48,spotify:track:4xv5AneqR0bTokomIPfGyT,"Peso Pluma, Chino Pacas",MAMI,2024 Double P Records,26,47,16,3102904,MX,Mexico,Q4,2024
49,spotify:track:7xJ1scIZpc33lZ7HpcrjCY,Grupo Firme,El Beneficio De La Duda,Music VIP Entertainment Presenta Grupo Firme,5,49,19,3066697,MX,Mexico,Q4,2024
50,spotify:track:05eWLa61PMRibhFtIHsD0D,"Kevin AMF, Jaque Mate, Carlos Manjarrez",Pocos Años Mil Errores,POKER MUSIC/Sony Music México,17,54,19,3063206,MX,Mexico,Q4,2024
1,spotify:track:6BWgLorAwF17ofyu8361HM,"Shallipopi, ODUMODUBLVCK",Cast,Dvpper Digital,1,1,10,835436,NG,Nigeria,Q1,2024
2,spotify:track:5KV5UXd1uNZZafWTudrVft,"Wizkid, Zlatan",IDK (feat. Zlatan),Starboy/RCA Records,1,2,3,695854,NG,Nigeria,Q1,2024
3,spotify:track:1IMRi5UVOV77PsAgdWDvzh,"Chike, Mohbad",Egwu,"Brothers Records, under exclusive license to ONErpm",3,4,4,690986,NG,Nigeria,Q1,2024
4,spotify:track:02qAdqcn1HGt3RMWMTDkSe,Kizz Daniel,Twe Twe,FlyBoy INC / EMPIRE,2,3,5,653355,NG,Nigeria,Q1,2024
5,spotify:track:35MU2MEhQMw0NhXZztAP9m,"ODUMODUBLVCK, Bloody Civilian, Wale",BLOOD ON THE DANCE FLOOR (feat. Bloody Civilian and Wale),Native Sounds/Def Jam PS,1,5,14,558318,NG,Nigeria,Q1,2024
6,spotify:track:7FB5261Iv3MRbSz13HYP5l,Seyi Vibez,Different Pattern,Dvpper Digital,2,10,5,535196,NG,Nigeria,Q1,2024
7,spotify:track:0zVk3uuV9UhxAt48F3OL12,Omah Lay,Holy Ghost,KeyQaad/Sire Records,1,6,9,503674,NG,Nigeria,Q1,2024
8,spotify:track:0UEct6UTSjqEex8AHOUf5z,Wizkid,Diamonds,Starboy/RCA Records,3,9,3,493858,NG,Nigeria,Q1,2024
9,spotify:track:652eb66Jp9rLJ3erEwaCio,Seyi Vibez,Cana,Dvpper Digital,3,11,5,493545,NG,Nigeria,Q1,2024
10,spotify:track:0RPXUuLjVHolWYkaXCndXD,Rema,DND,Mavin Records / Jonzing World,1,8,11,485673,NG,Nigeria,Q1,2024
11,spotify:track:0x3sDnom0itB72oEVrRE7v,"Wizkid, Wande Coal",Ololufe (feat. Wande Coal),Starboy/RCA Records,2,7,3,463760,NG,Nigeria,Q1,2024
12,spotify:track:6rOqLUy3kp0PVQQEtNPpbQ,"Sarz, Asake, Gunna",Happiness (feat. Asake & Gunna),1789 under exclusive license to UnitedMasters LLC,5,12,5,455562,NG,Nigeria,Q1,2024
13,spotify:track:5ZtK8XAVnoaGdBXZWCEVCY,Asake,Lonely At The Top,YBNL Nation / EMPIRE,1,13,30,430550,NG,Nigeria,Q1,2024
14,spotify:track:2LP8KwtvzUx1onvXKQCoKR,"ODUMODUBLVCK, Black Sherif",WOTOWOTO SEASONING (feat. Black Sherif),Native Sounds/Def Jam PS,7,17,6,427843,NG,Nigeria,Q1,2024
15,spotify:track:7CkDjDtJjCZA7AW7RBvrvC,"Victony, Bella Shmurda, Crayon",OHEMA (with Crayon & Bella Shmurda),Encore Recordings,5,14,8,410673,NG,Nigeria,Q1,2024
16,spotify:track:59sAr7NvZDeH7oYrkiyZcQ,Young Jonn,Aquafina,Chocolate City Music,5,19,37,390603,NG,Nigeria,Q1,2024
17,spotify:track:2JtrWZrpNkbSEzG5m9phAV,Zinoleesky,Sunny Ade,Marlian Music,17,-1,1,382733,NG,Nigeria,Q1,2024
18,spotify:track:7yKjDDd9w01nFEOD5adoHq,"Phyno, Burna Boy",Do I - Remix,Penthauze / Spaceship Ent.,11,15,4,381764,NG,Nigeria,Q1,2024
19,spotify:track:4RoKNqyZ9622tcAeNPNv5k,Burna Boy,City Boys,Spaceship/ Bad Habit/Atlantic Records,1,16,20,361968,NG,Nigeria,Q1,2024
20,spotify:track:2oXElJdmnDXKkeWNEYiK7A,Kizz Daniel,Too Busy To Be Bae,FlyBoy INC / EMPIRE,17,21,5,350996,NG,Nigeria,Q1,2024
21,spotify:track:19IAoqAkRQ5tC1U0p7SWpZ,Young Jonn,Sharpally,Chocolate City Music,8,20,25,348898,NG,Nigeria,Q1,2024
22,spotify:track:2H0w7oYDjUvgsFlNQ5swIg,Asake,Basquiat,YBNL Nation / EMPIRE,2,23,30,313829,NG,Nigeria,Q1,2024
23,spotify:track:5mhM7bfzv52bzfCzlq8vH1,"Crayon, Ayra Starr",Ngozi,Mavin Records/Blowtime Entertainment,3,26,25,313346,NG,Nigeria,Q1,2024
24,spotify:track:5dVJTSZhL2n81ZkT4PZu0x,Olamide,Jinja,YBNL Nation / EMPIRE,3,24,23,306962,NG,Nigeria,Q1,2024
25,spotify:track:6GxsePQAbaPlzWefozE62n,Wizkid,Energy,Starboy/RCA Records,5,18,3,305714,NG,Nigeria,Q1,2024
26,spotify:track:1mk8ZC9OeTZMr8Wy31LqRj,Davido,FEEL,Columbia,2,25,42,293247,NG,Nigeria,Q1,2024
27,spotify:track:33YyxlITLtLIUtdU3o62fU,"Nasboi, Wande Coal",Umbrella,"Eminent Transglobal Sounds Record Limited, Under Exclusive License to ONErpm",14,22,7,291413,NG,Nigeria,Q1,2024
28,spotify:track:6bBQmflDHD8a35PeZjw44J,Zerrydl,Popo,Dvpper Digital,28,43,4,287634,NG,Nigeria,Q1,2024
29,spotify:track:1n3JvneU8FhfldfTQ8BdZs,Asake,2:30,YBNL Nation / EMPIRE,1,30,41,274948,NG,Nigeria,Q1,2024
30,spotify:track:747cO9FmyVvRCrsRusfwdL,Omah Lay,reason,KeyQaad/Sire Records,1,32,31,272667,NG,Nigeria,Q1,2024
31,spotify:track:7CIhImlbs2RtT58oKnvROT,"Zerrydl, Shallipopi",Puff & Pass (Remix),Dvpper Digital,25,27,12,267634,NG,Nigeria,Q1,2024
32,spotify:track:1JqxgXNhqWpFss7nZzlwOz,"Burna Boy, Seyi Vibez",Giza (feat. Seyi Vibez),Spaceship/ Bad Habit/Atlantic Records,2,33,20,267089,NG,Nigeria,Q1,2024
33,spotify:track:22zSEWIqoJuGeRI2CIfHpU,Shallipopi,Oscroh (Pepperline),Dvpper Digital,1,28,13,254470,NG,Nigeria,Q1,2024
34,spotify:track:25k1dcqUAmq4uYKUFj7u3o,Kizz Daniel,My G,FlyBoy INC / EMPIRE,11,34,20,249844,NG,Nigeria,Q1,2024
35,spotify:track:0QdQh3umB7stVOExuHlWvl,ODUMODUBLVCK,DECLAN RICE,Native Sounds/Def Jam PS,1,35,42,248968,NG,Nigeria,Q1,2024
36,spotify:track:5WAFaje0Cs3hHhNqjUIfY6,Shallipopi,Ex Convict,Dvpper Digital,3,29,27,248005,NG,Nigeria,Q1,2024
37,spotify:track:6TBpPOmLOa1mInpq3PIz6N,"Shallipopi, Pa Monday-Edo",Obapluto (feat. Pa Monday-Edo),Plutomania / Dvpper Music,3,31,27,247565,NG,Nigeria,Q1,2024
38,spotify:track:4nFrcGM7MY1mpoQCC7Kefj,Tems,Me & U,RCA Records/Since 93',12,36,14,245849,NG,Nigeria,Q1,2024
39,spotify:track:1RdJBwpiYkf3mB8Tlak7ck,"Khaid, Shallipopi",Marry,NEVILLE RECORDS,22,38,3,242092,NG,Nigeria,Q1,2024
40,spotify:track:0YeUYYOh25Cn57DKTC8uS4,"BNXN, Kizz Daniel, Seyi Vibez",GWAGWALADA,T.Y.E. / EMPIRE,2,37,48,240387,NG,Nigeria,Q1,2024
41,spotify:track:78tFy3vJclsTgNS0AXqgWp,Seyi Vibez,Shazam,Dvpper Digital,7,39,5,238773,NG,Nigeria,Q1,2024
42,spotify:track:3EfMWIEGQB24dQv5x4Hwvx,"ODUMODUBLVCK, Cruel Santino, Bella Shmurda",DOG EAT DOG II (feat. Cruel Santino and Bella Shmurda),Native Sounds/Def Jam PS,5,41,33,237325,NG,Nigeria,Q1,2024
43,spotify:track:7vKXc90NT5WBm3UTT4iTVG,"Davido, FAVE",KANTE (feat. Fave),Columbia,5,40,42,235267,NG,Nigeria,Q1,2024
44,spotify:track:2GWkO5XkrxGJJWrKxLLRjA,Young Jonn,Go Hard,Chocolate City Music,25,80,8,232371,NG,Nigeria,Q1,2024
45,spotify:track:49ytLGEP5S20N3AhB5YuwJ,"Adekunle Gold, Zinoleesky",Party No Dey Stop (with Zinoleesky),Adekunle Gold PS/ Def Jam,1,50,44,217062,NG,Nigeria,Q1,2024
46,spotify:track:4bE2eWDiGBzRgfTl5IPBW4,Mohbad,Ask About Me,Imolenization,1,44,39,215302,NG,Nigeria,Q1,2024
47,spotify:track:7sFukIJffFFLwnazXIbqP5,"ODUMODUBLVCK, Amaarae",KUBOLOR (feat. Amaarae),Native Sounds/Def Jam PS,4,49,14,213947,NG,Nigeria,Q1,2024
48,spotify:track:5F4OfeowSReF93KcH2eUcG,Young Jonn,Xtra Cool,Chocolate City Music,1,46,68,212375,NG,Nigeria,Q1,2024
49,spotify:track:1jYIMLLTKnecfOgccQnaHb,Seyi Vibez,Today,Dvpper Digital,9,48,5,205587,NG,Nigeria,Q1,2024
50,spotify:track:6p7wYE8Dn8qR4ZWbi0glTK,Seyi Vibez,Apala Interlude,Dvpper Digital,6,45,5,201651,NG,Nigeria,Q1,2024
1,spotify:track:7FB5261Iv3MRbSz13HYP5l,Seyi Vibez,Different Pattern,Dvpper Digital,1,2,18,570320,NG,Nigeria,Q2,2024
2,spotify:track:2LP8KwtvzUx1onvXKQCoKR,"ODUMODUBLVCK, Black Sherif",WOTOWOTO SEASONING (feat. Black Sherif),Native Sounds/Def Jam PS,2,3,19,549453,NG,Nigeria,Q2,2024
3,spotify:track:1IMRi5UVOV77PsAgdWDvzh,"Chike, Mohbad",Egwu,"Brothers Records, under exclusive license to ONErpm",1,1,17,529768,NG,Nigeria,Q2,2024
4,spotify:track:6BWgLorAwF17ofyu8361HM,"Shallipopi, ODUMODUBLVCK",Cast,Dvpper Digital,1,6,23,491859,NG,Nigeria,Q2,2024
5,spotify:track:54seQV7MCcppBrznALCdlT,"TitoM, Yuppe, S.N.E, EeQue","Tshwala Bam (feat. S.N.E, EeQue)",TitoM,3,4,7,475408,NG,Nigeria,Q2,2024
6,spotify:track:652eb66Jp9rLJ3erEwaCio,Seyi Vibez,Cana,Dvpper Digital,3,8,18,442662,NG,Nigeria,Q2,2024
7,spotify:track:4WYbYaibpIWj1FLbMUH2Yb,Kizz Daniel,Showa,FlyBoy INC / EMPIRE,5,5,5,435849,NG,Nigeria,Q2,2024
8,spotify:track:35MU2MEhQMw0NhXZztAP9m,"ODUMODUBLVCK, Bloody Civilian, Wale",BLOOD ON THE DANCE FLOOR (feat. Bloody Civilian and Wale),Native Sounds/Def Jam PS,1,11,27,424462,NG,Nigeria,Q2,2024
9,spotify:track:3JozQbIWMHBTKIghXKehVy,Ayra Starr,Commas,Mavin Global Holdings Ltd.,1,7,10,415150,NG,Nigeria,Q2,2024
10,spotify:track:3mARtPEP8hi1LzMctEwVN4,"Skepta, Portable, JAE5",Tony Montana,Epic Records UK,1,10,6,386024,NG,Nigeria,Q2,2024
11,spotify:track:59sAr7NvZDeH7oYrkiyZcQ,Young Jonn,Aquafina,Chocolate City Music,5,12,50,385991,NG,Nigeria,Q2,2024
12,spotify:track:10TygH7MoyZQFRMPDE2N6Z,"Ruger, BNXN",Romeo Must Die (RMD),Blown Boy Ent. / T.Y.E / EMPIRE,2,9,7,383332,NG,Nigeria,Q2,2024
13,spotify:track:4zqRu31aWCiHeYMw9GptOO,Victony,Everything,Encore Recordings,10,22,9,376275,NG,Nigeria,Q2,2024
14,spotify:track:6rOqLUy3kp0PVQQEtNPpbQ,"Sarz, Asake, Gunna",Happiness (feat. Asake & Gunna),1789 under exclusive license to UnitedMasters LLC,5,17,18,344757,NG,Nigeria,Q2,2024
15,spotify:track:6PdAiqbKP3Zmr3YHRdgT1y,Kizz Daniel,Sooner,FlyBoy INC / EMPIRE,12,16,5,329838,NG,Nigeria,Q2,2024
16,spotify:track:5ZtK8XAVnoaGdBXZWCEVCY,Asake,Lonely At The Top,YBNL Nation / EMPIRE,1,14,43,325978,NG,Nigeria,Q2,2024
17,spotify:track:0zCLxldZNgkpdmJgOpabaE,"Wizard Chan, Joeboy",Loner (Alone),Chan Empire,17,38,3,309626,NG,Nigeria,Q2,2024
18,spotify:track:0zVk3uuV9UhxAt48F3OL12,Omah Lay,Holy Ghost,KeyQaad/Sire Records,1,18,22,309335,NG,Nigeria,Q2,2024
19,spotify:track:5KV5UXd1uNZZafWTudrVft,"Wizkid, Zlatan",IDK (feat. Zlatan),Starboy/RCA Records,1,15,16,308419,NG,Nigeria,Q2,2024
20,spotify:track:7CkDjDtJjCZA7AW7RBvrvC,"Victony, Bella Shmurda, Crayon",OHEMA (with Crayon & Bella Shmurda),Encore Recordings,5,21,21,302625,NG,Nigeria,Q2,2024
21,spotify:track:2khv04F26pnJr4989Maowi,"Kizz Daniel, Davido",Twe Twe,FlyBoy INC / EMPIRE,2,13,11,299003,NG,Nigeria,Q2,2024
22,spotify:track:7MaM9JVq1UXAGZQ4JFNXMg,"Young Jonn, Kizz Daniel, Seyi Vibez",Big Big Things (feat. Kizz Daniel & Seyi Vibez),Chocolate City Music,6,19,7,297021,NG,Nigeria,Q2,2024
23,spotify:track:5c1rWQAa8GX8LgCC9h3d1N,Qing Madi,American Love,Bu Vision,12,20,14,294875,NG,Nigeria,Q2,2024
24,spotify:track:747cO9FmyVvRCrsRusfwdL,Omah Lay,reason,KeyQaad/Sire Records,1,25,44,283061,NG,Nigeria,Q2,2024
25,spotify:track:0GeZh7YiQRqYwHS2IdEskL,Asake,Only Me,YBNL Nation / EMPIRE,5,26,13,280733,NG,Nigeria,Q2,2024
26,spotify:track:6bBQmflDHD8a35PeZjw44J,Zerrydl,Popo,Dvpper Digital,26,29,17,279900,NG,Nigeria,Q2,2024
27,spotify:track:0RPXUuLjVHolWYkaXCndXD,Rema,DND,Mavin Records / Jonzing World,1,23,24,276446,NG,Nigeria,Q2,2024
28,spotify:track:1n3JvneU8FhfldfTQ8BdZs,Asake,2:30,YBNL Nation / EMPIRE,1,42,54,263339,NG,Nigeria,Q2,2024
29,spotify:track:3eWpfsYgd5OL2QdwcVcF6Q,"Zlatan, Asake",Bust Down,Zanku Records,4,24,11,259639,NG,Nigeria,Q2,2024
30,spotify:track:44wCTFWMu21EoDAJWEquXY,Balloranking,Prodigi,Dvpper Digital,30,-1,1,252892,NG,Nigeria,Q2,2024
31,spotify:track:4RoKNqyZ9622tcAeNPNv5k,Burna Boy,City Boys,Spaceship/ Bad Habit/Atlantic Records,1,28,33,243346,NG,Nigeria,Q2,2024
32,spotify:track:2tudvzsrR56uom6smgOcSf,"Future, Metro Boomin, Kendrick Lamar",Like That,Wilburn Holding Co./Boominati/Epic/Republic,13,27,3,239456,NG,Nigeria,Q2,2024
33,spotify:track:4VG9WzSYRAsHIVgkZXRX1C,Bella Shmurda,Loner,Dangbana Republik,24,32,4,236422,NG,Nigeria,Q2,2024
34,spotify:track:5mhM7bfzv52bzfCzlq8vH1,"Crayon, Ayra Starr",Ngozi,Mavin Records/Blowtime Entertainment,3,31,38,230026,NG,Nigeria,Q2,2024
35,spotify:track:0YeUYYOh25Cn57DKTC8uS4,"BNXN, Kizz Daniel, Seyi Vibez",GWAGWALADA,T.Y.E. / EMPIRE,2,33,61,229579,NG,Nigeria,Q2,2024
36,spotify:track:3EfMWIEGQB24dQv5x4Hwvx,"ODUMODUBLVCK, Cruel Santino, Bella Shmurda",DOG EAT DOG II (feat. Cruel Santino and Bella Shmurda),Native Sounds/Def Jam PS,5,40,46,227567,NG,Nigeria,Q2,2024
37,spotify:track:2H0w7oYDjUvgsFlNQ5swIg,Asake,Basquiat,YBNL Nation / EMPIRE,2,43,43,227048,NG,Nigeria,Q2,2024
38,spotify:track:4jcrO2T6XJ1B7hXsAEJ3ve,BNXN,Pidgin & English,T.Y.E. / EMPIRE,6,34,28,226777,NG,Nigeria,Q2,2024
39,spotify:track:7CIhImlbs2RtT58oKnvROT,"Zerrydl, Shallipopi",Puff & Pass (Remix),Dvpper Digital,25,41,25,226258,NG,Nigeria,Q2,2024
40,spotify:track:1JqxgXNhqWpFss7nZzlwOz,"Burna Boy, Seyi Vibez",Giza (feat. Seyi Vibez),Spaceship/ Bad Habit/Atlantic Records,2,36,33,226035,NG,Nigeria,Q2,2024
41,spotify:track:19IAoqAkRQ5tC1U0p7SWpZ,Young Jonn,Sharpally,Chocolate City Music,8,30,38,224657,NG,Nigeria,Q2,2024
42,spotify:track:2GWkO5XkrxGJJWrKxLLRjA,Young Jonn,Go Hard,Chocolate City Music,21,39,21,221098,NG,Nigeria,Q2,2024
43,spotify:track:4nFrcGM7MY1mpoQCC7Kefj,Tems,Me & U,RCA Records/Since 93',12,51,27,218449,NG,Nigeria,Q2,2024
44,spotify:track:5B7CN5EWwW5mo07wAymrLB,"The Real Prechly, Shallipopi, DJ Guti BPM, Dj Lux",A Collision of Two Worlds 2.0,KAGO ARTIST MANAGEMENT,37,47,9,213127,NG,Nigeria,Q2,2024
45,spotify:track:5ycsqezujKrwviU3VFhci1,Asake,Terminator,YBNL Nation / EMPIRE,1,46,86,211461,NG,Nigeria,Q2,2024
46,spotify:track:2oXElJdmnDXKkeWNEYiK7A,Kizz Daniel,Too Busy To Be Bae,FlyBoy INC / EMPIRE,15,37,18,210015,NG,Nigeria,Q2,2024
47,spotify:track:1mk8ZC9OeTZMr8Wy31LqRj,Davido,FEEL,Columbia,2,35,55,202606,NG,Nigeria,Q2,2024
48,spotify:track:0QdQh3umB7stVOExuHlWvl,ODUMODUBLVCK,DECLAN RICE,Native Sounds/Def Jam PS,1,52,55,201260,NG,Nigeria,Q2,2024
49,spotify:track:455xPBUG4AFMMGiVEv91fC,"ODUMODUBLVCK, Tiwa Savage",100 MILLION (feat. Tiwa Savage),Native Sounds/Def Jam PS,14,44,4,190406,NG,Nigeria,Q2,2024
50,spotify:track:6GkFuU6FVfx866bhM1T1Iz,"Qing Madi, BNXN",Ole (feat. BNXN),Bu Vision,9,48,38,189626,NG,Nigeria,Q2,2024
1,spotify:track:7fA7mrYaXVDVVGCAV65NRN,Burna Boy,Higher,Spaceship/ Bad Habit/Atlantic Records,1,1,2,1913039,NG,Nigeria,Q3,2024
2,spotify:track:1gc2RyrBm1PYdSnG65yuAl,"Rema, Shallipopi",BENIN BOYS,Mavin Global Holdings Ltd,1,3,3,1185576,NG,Nigeria,Q3,2024
3,spotify:track:5oUDNEJSEjsVT7LeWya4Gv,Rema,HEHEHE,Mavin Global Holdings Ltd,3,-1,1,1063116,NG,Nigeria,Q3,2024
4,spotify:track:0WeU5EfNFu1wmlmCdMNDEJ,Olamide,Metaverse,YBNL Nation / EMPIRE,2,2,3,1058601,NG,Nigeria,Q3,2024
5,spotify:track:780BUxpCmW9vOVYZsqdLLE,"Asake, Central Cee",Wave,YBNL Nation / EMPIRE,2,6,3,948143,NG,Nigeria,Q3,2024
6,spotify:track:5Wxkvvb6pLky16pwq4gBI3,"Ayo Maff, Fireboy DML",Dealer,Tunesbid / Ocean street,1,10,13,870612,NG,Nigeria,Q3,2024
7,spotify:track:4nj32rIPm4mqx15x8B1meM,Olamide,Hello Habibi,YBNL Nation / EMPIRE,4,4,3,859419,NG,Nigeria,Q3,2024
8,spotify:track:7vdGiPrjK0gJBoZE8UhDMJ,"Olamide, Fireboy DML, Asake",Uptown Disco,YBNL Nation / EMPIRE,5,5,3,769598,NG,Nigeria,Q3,2024
9,spotify:track:7IFoyt4ZL7raIETupyDCYM,"KAESTYLE, Omah Lay",My Dealer,Keyqaad,3,11,8,707738,NG,Nigeria,Q3,2024
10,spotify:track:6O2hrfRRPBJ59PwKhSKFHz,"BoyPee, Hyce, Brown Joel, Davido",Ogechi (feat. Davido) - Remix,Azuri,9,9,3,684022,NG,Nigeria,Q3,2024
11,spotify:track:6Qb4XQnsuRnMlGxwR3GOGV,"TitoM, Yuppe, Burna Boy, S.N.E",Tshwala Bam (feat. S.N.E),Boundary Ent / Spaceship,1,13,9,683040,NG,Nigeria,Q3,2024
12,spotify:track:4OXlgrOv4FtLuMnuqsI69c,"Olamide, Pheelz, Young Jonn, Lil Kesh","Synchro System (feat. Pheelz, Young Jonn & Lil Kesh)",YBNL Nation / EMPIRE,7,7,3,615693,NG,Nigeria,Q3,2024
13,spotify:track:1Ss5QjczHsdYkvNsiBmoqS,"Muyeez, Seyi Vibez",Instagram,Dvpper Digital,1,14,11,613156,NG,Nigeria,Q3,2024
14,spotify:track:52Krs3LCqtcfeiWUvhxncK,"Ruger, BNXN",POE,Blown Boy Ent. / T.Y.E / EMPIRE,2,17,14,610663,NG,Nigeria,Q3,2024
15,spotify:track:75c5cm8y5Fzb6aTZM3MOpN,Young Jonn,Bahamas,Chocolate City Music,3,20,13,581023,NG,Nigeria,Q3,2024
16,spotify:track:3W3y3pGDnfhUQHeCoUwFLe,Olamide,Morowore,YBNL Nation / EMPIRE,8,8,3,578200,NG,Nigeria,Q3,2024
17,spotify:track:6l7opVclJEHReImCPkMc5o,"Victony, Asake",Stubborn,Encore Recordings,3,19,9,572598,NG,Nigeria,Q3,2024
18,spotify:track:6VX4hVDmDMfClxp6EwDNQP,"Ayra Starr, Seyi Vibez",Bad Vibes (feat. Seyi Vibez),Mavin Global Holdings Ltd.,2,16,9,542661,NG,Nigeria,Q3,2024
19,spotify:track:0Q1bMs3xLQiDEeaneehdxv,Asake,Remember,YBNL Nation / EMPIRE,12,22,56,536625,NG,Nigeria,Q3,2024
20,spotify:track:4g52MWu8RhJYIkM9NdLvUN,Naira Marley,Giddem,My Type Of Music,20,24,3,504985,NG,Nigeria,Q3,2024
21,spotify:track:5ZtK8XAVnoaGdBXZWCEVCY,Asake,Lonely At The Top,YBNL Nation / EMPIRE,1,21,56,501285,NG,Nigeria,Q3,2024
22,spotify:track:7FB5261Iv3MRbSz13HYP5l,Seyi Vibez,Different Pattern,Dvpper Digital,1,27,31,467539,NG,Nigeria,Q3,2024
23,spotify:track:1oFabnkoJ01ksmSmyjELDl,"Tml Vibez, Seyi Vibez",Where I’m from,Dvpper Digital,23,45,2,465065,NG,Nigeria,Q3,2024
24,spotify:track:0UJMgRVNBrnMmAeZ8p1iMc,Young Jonn,Aquafina,Chocolate City Music,5,25,63,448501,NG,Nigeria,Q3,2024
25,spotify:track:6MM54UW97YvBPPz2Z0Eokf,"Chris Brown, Davido",Hmmm (feat. Davido),Chris Brown Entertainment/RCA Records,16,23,14,446133,NG,Nigeria,Q3,2024
26,spotify:track:0DcYVT1TEb9FP9AKHgyrcb,Olamide,Makaveli,YBNL Nation / EMPIRE,12,12,3,433254,NG,Nigeria,Q3,2024
27,spotify:track:2yskKhqtDAHJ73obmJh8tf,Fireboy DML,everyday,YBNL Nation / EMPIRE,10,28,10,428228,NG,Nigeria,Q3,2024
28,spotify:track:6YYnBEMEaj960IX1evcTun,"Brown Joel, BoyPee, Hyce",Ogechi,Azuri,6,18,8,417643,NG,Nigeria,Q3,2024
29,spotify:track:2LP8KwtvzUx1onvXKQCoKR,"ODUMODUBLVCK, Black Sherif",WOTOWOTO SEASONING (feat. Black Sherif),Native Sounds/Def Jam PS,2,30,32,414543,NG,Nigeria,Q3,2024
30,spotify:track:74CA9T8IpFzrLNFV6EoY3a,"Joeboy, Qing Madi",Adenuga (feat. Qing Madi),Warner Music Africa,6,29,12,411214,NG,Nigeria,Q3,2024
31,spotify:track:1A1ifX8sWzelNpkL5PxcHT,"Ayra Starr, GIVĒON",Last Heartbreak Song (feat. Giveon),Mavin Global Holdings Ltd.,5,31,6,408640,NG,Nigeria,Q3,2024
32,spotify:track:5aYcdAo0OCkV9lxQFFWaVg,Kizz Daniel,Double,FlyBoy INC / EMPIRE,12,32,6,403019,NG,Nigeria,Q3,2024
33,spotify:track:55nKxeuQ63YLqhtxPWMCgN,"DJ Tunez, Wizkid, Seyi Vibez, Terry Apala","APALA DISCO (feat. Wizkid, Seyi Vibez & Terry Apala) - Remix",BT Music Worldwide,7,26,3,395142,NG,Nigeria,Q3,2024
34,spotify:track:4WYbYaibpIWj1FLbMUH2Yb,Kizz Daniel,Showa,FlyBoy INC / EMPIRE,5,33,18,392495,NG,Nigeria,Q3,2024
35,spotify:track:1eDI5oU04SLsXl0TfxfwYf,Tems,Love Me JeJe,RCA Records/Since 93',4,35,11,364920,NG,Nigeria,Q3,2024
36,spotify:track:0ectw8g5yRkC7GNsh6gP4h,Omah Lay,reason,KeyQaad/Sire Records,1,41,57,357392,NG,Nigeria,Q3,2024
37,spotify:track:5ycsqezujKrwviU3VFhci1,Asake,Terminator,YBNL Nation / EMPIRE,1,38,99,338310,NG,Nigeria,Q3,2024
38,spotify:track:2Txoe8Ba1td570grde1cd4,"Olamide, SABRI",Knockout,YBNL Nation / EMPIRE,15,15,3,334620,NG,Nigeria,Q3,2024
39,spotify:track:652eb66Jp9rLJ3erEwaCio,Seyi Vibez,Cana,Dvpper Digital,3,42,31,329974,NG,Nigeria,Q3,2024
40,spotify:track:6AI3ezQ4o3HUoP6Dhudph3,Kendrick Lamar,Not Like Us,"Kendrick Lamar, under exclusive license to Interscope Records",35,67,10,329642,NG,Nigeria,Q3,2024
41,spotify:track:1kW728xFsRBvunN1yiTsNf,"Ruger, BNXN",Ilashe,Blown Boy Ent. / T.Y.E / EMPIRE,4,43,13,323011,NG,Nigeria,Q3,2024
42,spotify:track:2DRHfIWD9Mg70QgTxAKn4m,"Seyi Vibez, Bloody Civilian",WhatsApp,Dvpper Digital,11,44,10,319258,NG,Nigeria,Q3,2024
43,spotify:track:35MU2MEhQMw0NhXZztAP9m,"ODUMODUBLVCK, Bloody Civilian, Wale",BLOOD ON THE DANCE FLOOR (feat. Bloody Civilian and Wale),Native Sounds/Def Jam PS,1,40,40,316591,NG,Nigeria,Q3,2024
44,spotify:track:59g8NvulzCJ2f9qjCu563T,Rema,MARCH AM,Mavin Global Holdings Ltd,44,-1,1,310723,NG,Nigeria,Q3,2024
45,spotify:track:0ww0GM0f5USzNZidkcoCVX,"Young Jonn, Kizz Daniel, Seyi Vibez",Big Big Things (feat. Kizz Daniel & Seyi Vibez),Chocolate City Music,6,46,20,310150,NG,Nigeria,Q3,2024
46,spotify:track:6rOqLUy3kp0PVQQEtNPpbQ,"Sarz, Asake, Gunna",Happiness (feat. Asake & Gunna),1789 under exclusive license to UnitedMasters LLC,5,34,31,308194,NG,Nigeria,Q3,2024
47,spotify:track:6FZlSfQrD9aoB4SSnoAzWk,Shallipopi,ASAP,Dvpper Digital,1,36,13,307225,NG,Nigeria,Q3,2024
48,spotify:track:4ZlXMudBkzL4izYJzY7xBU,"Vibez Inc, Tml Vibez",Wells Fargo,Dvpper Digital,12,57,11,301562,NG,Nigeria,Q3,2024
49,spotify:track:3tEzyNbV0BS9AS0HRSsy3Q,Shallipopi,High Tension,Dvpper Digital,2,48,13,295191,NG,Nigeria,Q3,2024
50,spotify:track:4EoYs4KY7oHQpJPTuxD7mU,"Ruger, BNXN",Romeo Must Die (RMD),Blown Boy Ent. / T.Y.E / EMPIRE,2,51,20,288898,NG,Nigeria,Q3,2024
1,spotify:track:1136eJrkWsDvReASbjLTaU,Fido,Awolowo,Heatwave Records,1,2,8,1299964,NG,Nigeria,Q4,2024
2,spotify:track:6XBIOtdSL47qn201KKNCA0,"Smur Lee, ODUMODUBLVCK, Shallipopi",JUJU (feat. Shallipopi),NATIVE Records,1,1,7,1110967,NG,Nigeria,Q4,2024
3,spotify:track:4KZMoDuxwSYP63bhbnMqe3,Young Jonn,Stronger,Chocolate City Music,3,3,19,1106700,NG,Nigeria,Q4,2024
4,spotify:track:2qdwZPTNCHb8DXfQin53WK,Zerrydl,Back to Back,Dvpper Digital,4,6,4,967154,NG,Nigeria,Q4,2024
5,spotify:track:10y7iW3rc8bzGbhAC3mNPA,Ayo Maff,Are you there?,AYO MAFF,4,4,8,898506,NG,Nigeria,Q4,2024
6,spotify:track:5FzsdlFgAFN1aSe9YwoN6s,Kizz Daniel,Marhaba,FlyBoy INC / EMPIRE,6,7,2,833491,NG,Nigeria,Q4,2024
7,spotify:track:13VXuHw3O8Yt7VwRIDqSo4,"Asake, Wizkid",MMS,YBNL Nation / EMPIRE,1,5,10,808820,NG,Nigeria,Q4,2024
8,spotify:track:3MldGIMtPcupNBI4Dnxolr,"Hyce, BoyPee, Brown Joel",Constantly,Azuri,7,9,6,788297,NG,Nigeria,Q4,2024
9,spotify:track:5Wxkvvb6pLky16pwq4gBI3,"Ayo Maff, Fireboy DML",Dealer,Tunesbid / Ocean street,1,8,26,764533,NG,Nigeria,Q4,2024
10,spotify:track:2irQkcW7o3v0tZoGZrtUsO,"Darkoo, Rema",Favourite Girl (with Rema),Darkoo LTD under exclusive licence to Black Pearl,3,10,9,731603,NG,Nigeria,Q4,2024
11,spotify:track:7ySC0IjVS1PMEdsZOvsUK2,Rema,OZEBA,Mavin Global Holdings Ltd,1,11,14,585397,NG,Nigeria,Q4,2024
12,spotify:track:2GSK9VfsKWpVOV6ZzKiMA4,"FOLA, BNXN",alone - Remix,Dangbana Republik Records,12,-1,1,575402,NG,Nigeria,Q4,2024
13,spotify:track:7fA7mrYaXVDVVGCAV65NRN,Burna Boy,Higher,Spaceship/ Bad Habit/Atlantic Records,1,12,15,552549,NG,Nigeria,Q4,2024
14,spotify:track:0UJMgRVNBrnMmAeZ8p1iMc,Young Jonn,Aquafina,Chocolate City Music,5,17,76,514661,NG,Nigeria,Q4,2024
15,spotify:track:0Q1bMs3xLQiDEeaneehdxv,Asake,Remember,YBNL Nation / EMPIRE,12,16,69,507760,NG,Nigeria,Q4,2024
16,spotify:track:1qxKva4IzWde7m2jLpZvDU,"Asake, Travis Scott",Active,YBNL Nation / EMPIRE,2,13,10,504637,NG,Nigeria,Q4,2024
17,spotify:track:37PVItglTwpHi9nq0ftOjg,"FOLA, BhadBoi OML",alone (feat. BhadBoi OML),Dangbana Republik,15,15,8,493804,NG,Nigeria,Q4,2024
18,spotify:track:1oFabnkoJ01ksmSmyjELDl,"Tml Vibez, Seyi Vibez",Where I’m from,Dvpper Digital,16,19,15,469076,NG,Nigeria,Q4,2024
19,spotify:track:2lJ0B3dBT7nv0uNvu1zY8J,"Zinoleesky, Naira Marley",Abanikanda,Marlian Music,6,14,6,468950,NG,Nigeria,Q4,2024
20,spotify:track:5hphSVebVxTpDfrk09W0hS,Seyi Vibez,Doha,Dvpper Digital,5,18,13,463747,NG,Nigeria,Q4,2024
21,spotify:track:4G5IYu1QYKo7DeSecKtNXA,Ayo Maff,7 Days,CiDAR Africa,21,29,27,448700,NG,Nigeria,Q4,2024
22,spotify:track:2WHM3orrvvqziSkG0xp8sy,Asake,Fuji Vibe,YBNL Nation / EMPIRE,3,20,9,432925,NG,Nigeria,Q4,2024
23,spotify:track:1Ss5QjczHsdYkvNsiBmoqS,"Muyeez, Seyi Vibez",Instagram,Dvpper Digital,1,27,24,428393,NG,Nigeria,Q4,2024
24,spotify:track:75c5cm8y5Fzb6aTZM3MOpN,Young Jonn,Bahamas,Chocolate City Music,3,22,26,425761,NG,Nigeria,Q4,2024
25,spotify:track:52Krs3LCqtcfeiWUvhxncK,"Ruger, BNXN",POE,Blown Boy Ent. / T.Y.E / EMPIRE,2,26,27,420836,NG,Nigeria,Q4,2024
26,spotify:track:6qS9yoAUIXNfno5t4YLQdn,Victony,Risk,Encore Recordings,8,24,16,420757,NG,Nigeria,Q4,2024
27,spotify:track:4Tgt15dD8P2m68HYxA8DCG,"Tml Vibez, Lasmid",Maria,Dvpper Digital,23,23,14,409652,NG,Nigeria,Q4,2024
28,spotify:track:36GYWNzc0MwGSSmXZLP6bX,Fireboy DML,iseoluwa,YBNL Nation / EMPIRE,8,21,7,407884,NG,Nigeria,Q4,2024
29,spotify:track:7FB5261Iv3MRbSz13HYP5l,Seyi Vibez,Different Pattern,Dvpper Digital,1,32,44,401872,NG,Nigeria,Q4,2024
30,spotify:track:7jDMQi5XZooBgF5i7m3DBo,BNXN,Phenomena,T.Y.E. / EMPIRE,23,28,8,399255,NG,Nigeria,Q4,2024
31,spotify:track:5OHDU9Lt7azoXlzJFSSJxJ,"Phyno, Hushpuppi",Nwoke Esike (Interlude),Penthauze,31,-1,1,396731,NG,Nigeria,Q4,2024
32,spotify:track:45eArmaTp7V4cN4CJvRV72,Kvng Vinci,HAUSAPIANO,Heatwave Records,32,35,4,395045,NG,Nigeria,Q4,2024
33,spotify:track:2YNLzBRGyCAzHEGPO3J2Sb,Omah Lay,Moving,KeyQaad/Sire Records,6,25,7,384985,NG,Nigeria,Q4,2024
34,spotify:track:7i4m8FybgjufzfvhO7gAKf,"Asake, Central Cee",Wave,YBNL Nation / EMPIRE,2,33,16,370401,NG,Nigeria,Q4,2024
35,spotify:track:5wKKqwuoee1M9jhFcRpS1D,"KAESTYLE, Kizz Daniel",My Dealer (Remix),Keyqaad,17,31,9,365319,NG,Nigeria,Q4,2024
36,spotify:track:5oUDNEJSEjsVT7LeWya4Gv,Rema,HEHEHE,Mavin Global Holdings Ltd,1,30,14,363693,NG,Nigeria,Q4,2024
37,spotify:track:3n7kzSJ246VvIe4lRmxV9X,Asake,Worldwide,YBNL Nation / EMPIRE,7,34,9,361190,NG,Nigeria,Q4,2024
38,spotify:track:2LP8KwtvzUx1onvXKQCoKR,"ODUMODUBLVCK, Black Sherif",WOTOWOTO SEASONING (feat. Black Sherif),Native Sounds/Def Jam PS,2,39,45,347039,NG,Nigeria,Q4,2024
39,spotify:track:3eBKDleW7uifghc9C6ggTy,Pryme,Carry Go,G-Worldwide Entertainment,39,176,2,344113,NG,Nigeria,Q4,2024
40,spotify:track:14zDAubc9qkYJHBYThgzc8,"Phyno, ArrDee",Time Of My life,Penthauze,40,79,2,337302,NG,Nigeria,Q4,2024
41,spotify:track:4K5lYtD8r6OFRbzWc6MwCS,Rema,AZAMAN,Mavin Global Holdings Ltd,7,38,14,328299,NG,Nigeria,Q4,2024
42,spotify:track:6IEYlownuHoYdpMikoyj58,Asake,Mentally,YBNL Nation / EMPIRE,10,36,9,324782,NG,Nigeria,Q4,2024
43,spotify:track:6l7opVclJEHReImCPkMc5o,"Victony, Asake",Stubborn,Encore Recordings,3,37,22,323661,NG,Nigeria,Q4,2024
44,spotify:track:0WeU5EfNFu1wmlmCdMNDEJ,Olamide,Metaverse,YBNL Nation / EMPIRE,2,42,16,323502,NG,Nigeria,Q4,2024
45,spotify:track:10tuqT05957Cs0VIS2GGaZ,Phyno,Grateful,Penthauze,45,-1,1,318313,NG,Nigeria,Q4,2024
46,spotify:track:25KjMlA0KAwRKS9JuT1NSq,"Asake, Stormzy",Suru (feat. Stormzy),YBNL Nation / EMPIRE,6,41,9,310906,NG,Nigeria,Q4,2024
47,spotify:track:4jcrO2T6XJ1B7hXsAEJ3ve,BNXN,Pidgin & English,T.Y.E. / EMPIRE,6,56,54,305553,NG,Nigeria,Q4,2024
48,spotify:track:5obTyAhp9xms15FjibgrBy,Asake,Mood,YBNL Nation / EMPIRE,4,40,9,302387,NG,Nigeria,Q4,2024
49,spotify:track:1gc2RyrBm1PYdSnG65yuAl,"Rema, Shallipopi",BENIN BOYS,Mavin Global Holdings Ltd,1,44,16,301164,NG,Nigeria,Q4,2024
50,spotify:track:3AmcpUoHdrnK7NfhPTG7QE,"Phyno, Cheque",Back Outside,Penthauze,50,-1,1,293124,NG,Nigeria,Q4,2024
1,spotify:track:5dQ174Gi0u3FOq0xF32PEr,Figo i Samogony,Erotyczne Pif-Paf,Figo i Samogony,1,1,3,1681488,PL,Poland,Q1,2024
2,spotify:track:3a4hbzdiwoXYVa0n9XRyDK,NIKOŚ,HIPNOZA,broke,1,2,6,1329388,PL,Poland,Q1,2024
3,spotify:track:6epWbDEEEOakzBeyNr69MO,"Szpaku, Deemz",Plaster,GUGU,3,-1,1,1235715,PL,Poland,Q1,2024
4,spotify:track:5Qw74vxmtJzAEYjy1wfVCk,"Lanberry, Tribbs","Dzięki, że jesteś",WM Poland/WMI,4,5,9,1181674,PL,Poland,Q1,2024
5,spotify:track:4qN8jx5g3h1oKz95qr3bF0,"Kleks, sanah",Jestem Twoją Bajką,OPEN MIND ONE,5,22,18,1133179,PL,Poland,Q1,2024
6,spotify:track:1kuhnhugcuXf4CiNdqCRUU,"bambi, Young Leosia, PG$, @atutowy",BFF,BE Records,1,4,20,1038397,PL,Poland,Q1,2024
7,spotify:track:0DhKkQjcrOXLBr9eCtocfc,"Blacha 2115, Venom Valentino, francis",Kevin sam w domu,2115,6,6,4,963631,PL,Poland,Q1,2024
8,spotify:track:33zbrcm0cYIxT5YvEGlFDl,"Kleks, Igo, Kaśka Sochacka, Mrozu, Artur Rojek, Brodka, Bedoes 2115, Sokół",Całkiem Nowa Bajka,OPEN MIND ONE,8,16,8,957810,PL,Poland,Q1,2024
9,spotify:track:2GgLLdsRjbiAtN5nfm7i7i,PRO8L3M,Miyabi,2020,9,12,6,904031,PL,Poland,Q1,2024
10,spotify:track:0JvlaGyGok0jMp8wCQhI9p,"Chivas, Bedoes 2115",NIENAWIDZĘ WARSZAWY!,GUGU,10,73,2,872357,PL,Poland,Q1,2024
11,spotify:track:33FD8jBm5LZaQ2jJS3vXzm,"Gibbs, Jonatan, 4Money",Stan,DOPEHOUSE,3,8,24,861372,PL,Poland,Q1,2024
12,spotify:track:3rUGC1vUpkDG9CZFHMur1t,Tate McRae,greedy,RCA Records Label,5,15,17,804862,PL,Poland,Q1,2024
13,spotify:track:7nl0YfumgokUqNDfVlYvkd,"Szpaku, Kubi Producent",Garfield,GUGU,13,-1,1,773375,PL,Poland,Q1,2024
14,spotify:track:1NtvjagHJRLQogzWVhpghv,"Smolasty, Doda, Filip Leon, WIKTOR",Nim Zajdzie Słońce,WM Poland/WMI,1,19,22,756311,PL,Poland,Q1,2024
15,spotify:track:2r0tCQsTvEwkKEcZ9pYwZt,Mata,W KRAJU SCHABOWYCH KOTLETÓW,¸¸♬·¯·♩¸¸♪·¯·♫¸¸♫·¯·♪,3,3,2,753418,PL,Poland,Q1,2024
16,spotify:track:30r5RN2yGoKzanggEzqrzM,"ReTo, Wroobel",Fluid,spacerange,2,17,15,746357,PL,Poland,Q1,2024
17,spotify:track:3XWr2NZqYd80MB8FIq9r55,Vixen,Ne Rozumiju,Vix.N,17,28,7,736610,PL,Poland,Q1,2024
18,spotify:track:2JJ6WnAfVglnYfxZubSukn,"Blacha 2115, Venom Valentino",Jolie Jolie,2115,1,13,19,731796,PL,Poland,Q1,2024
19,spotify:track:2PF5O4wQHtD9KpxNALuoBD,"GM2L, Malik Montana, Kazior, Alberto, OLEK",Ciapakwybujany,GM2L,19,21,5,726460,PL,Poland,Q1,2024
20,spotify:track:78hH2iGVmsmdPk50AhU2F4,"L.U.C., Rebel Babel Film Orchestra, Kayah, Dagadana, Laboratorium Pieśni, Tęgie Chłopy",Autumn Dance,Milan,7,10,13,682634,PL,Poland,Q1,2024
21,spotify:track:3QHZAr43uvIGpWfJAHhFX3,"Kalwi & Remi, Guzowianki, DNSQ",Explosion Ech poleczko - DNSQ Remix,Kalwi & Remi,9,9,17,675612,PL,Poland,Q1,2024
22,spotify:track:5mjYQaktjmjcMKcUIcqz4s,Kenya Grace,Strangers,Warner Records/Major Recordings,9,18,18,674531,PL,Poland,Q1,2024
23,spotify:track:3bK1zVFBKIzYjmptmI4NsJ,"Ofenbach, Norma Jean Martine",Overdrive (feat. Norma Jean Martine),Elektra France,11,11,10,672650,PL,Poland,Q1,2024
24,spotify:track:3QAU2pj4LUKf7yaTgANlQV,The Kolors,ITALODISCO,Warner Music,4,7,25,671848,PL,Poland,Q1,2024
25,spotify:track:0h3Xy4V4apMraB5NuM8U7Z,CYRIL,Stumblin' In,Spinnin' Records,25,26,4,655513,PL,Poland,Q1,2024
26,spotify:track:3moDqdYK90QDw3Lk9q5yDE,"Paluch, Miroff, Poly",Mam Cię,Biuro Ochrony Rapu,3,24,8,609668,PL,Poland,Q1,2024
27,spotify:track:2WBejVahXeC1gjCXVOlgbq,"Oki, bvdy47",JEREMY SOCHAN,2020,1,23,16,596692,PL,Poland,Q1,2024
28,spotify:track:4OMJGnvZfDvsePyCwRGO7X,Dua Lipa,Houdini,Warner Records,14,32,9,585198,PL,Poland,Q1,2024
29,spotify:track:4u3pVIKFDquOVeyvkc1Hjh,Zeamsone,5 INFLUENCEREK,Universal Music Polska Sp. z o.o.,1,20,31,584146,PL,Poland,Q1,2024
30,spotify:track:5XVUws9S5FP89vNdxrysfp,"Szpaku, PSR, Piotrek Lewandowski",Anioł Stróż,GUGU,30,-1,1,581790,PL,Poland,Q1,2024
31,spotify:track:1cnkQScXEGBZKqqy6EjVZo,"Fukaj, charlie moncler, bambi",NIE MA CIĘ,SBM Label,1,25,27,579857,PL,Poland,Q1,2024
32,spotify:track:49pLSmIFXk7rTfWcQ2Bvh7,PRO8L3M,Nicea,2020,1,30,19,575500,PL,Poland,Q1,2024
33,spotify:track:6g76ndArDHwMe3OsrYxKiu,"MIÜ, DJ VaZee",PASEK PLAYBOYA,Maciek i UBRANIA,33,56,3,573655,PL,Poland,Q1,2024
34,spotify:track:3mzugJrKyhJNzZKS0RgWBg,"bambi, charlie moncler",MILLIE WALKY,BE Records,9,33,34,566260,PL,Poland,Q1,2024
35,spotify:track:1fBrFnMzvb5WetxfgadcH9,"Szpaku, Raff J.R.",Animal Planet,GUGU,35,-1,1,507908,PL,Poland,Q1,2024
36,spotify:track:4vhYckF7yzomDdqoHb3dIl,"Kaz Bałagane, DMN",Kulig,NARKOPOP,21,31,9,499526,PL,Poland,Q1,2024
37,spotify:track:2FHBvsUs4tpHSzIi3GvRjK,PRO8L3M,Ground Zero,RHW Records,25,43,145,496840,PL,Poland,Q1,2024
38,spotify:track:1Eaiv6OMMwO3v4iWl4eHHY,Sylwia Grzeszczak,Motyle,WM Poland/WMI,38,-1,1,496179,PL,Poland,Q1,2024
39,spotify:track:1odExI7RdWc4BT515LTAwj,David Kushner,Daylight,Miserable Music Group,1,41,39,490668,PL,Poland,Q1,2024
40,spotify:track:086THPnabbu1zfDjRsxpoN,"Elley Duhé, Whethan",MONEY ON THE DASH - SPED UP,Not Fit For Society/Good Luck Have Fun Records,38,38,12,487436,PL,Poland,Q1,2024
41,spotify:track:4BgTgPsNeDz2KG4QsshjL9,"Guzior, Favst",BLUEBERRY,QueQuality,1,35,164,483395,PL,Poland,Q1,2024
42,spotify:track:59NraMJsLaMCVtwXTSia8i,"cassö, RAYE, D-Block Europe",Prada,Ministry of Sound Recordings,28,34,20,480467,PL,Poland,Q1,2024
43,spotify:track:4EqPIm07a55pJQRSZw2Z4X,"Męskie Granie Orkiestra, Igo, Mrozu, Vito Bambino","Supermoce (feat. Igo, Mrozu & Vito Bambino)",Universal Music Polska Sp. z o.o.,2,29,34,476714,PL,Poland,Q1,2024
44,spotify:track:4uayCD0blZhblTiQqKLYiC,"Young Leosia, bambi, Janusz Walczuk, Waima, francis, Deemz, Mjonszu, Phatrax",Skippers,BE Records,44,53,3,468953,PL,Poland,Q1,2024
45,spotify:track:61rJpXPZ4wkqmdsLYJu6LK,Daria Zawiałow,Z Tobą na chacie,Sony Music Entertainment,17,54,17,468430,PL,Poland,Q1,2024
46,spotify:track:7CyPwkp0oE8Ro9Dd5CUDjW,"The Weeknd, JENNIE, Lily-Rose Depp","One Of The Girls (with JENNIE, Lily Rose Depp)",XO / Republic Records,46,52,9,467706,PL,Poland,Q1,2024
47,spotify:track:2oILgeSykGjl0N9m0VvAjO,"White Widow, BAHsick",TYLE SŁOŃCA,WM Poland/WMI,9,45,16,466369,PL,Poland,Q1,2024
48,spotify:track:5fLvitH2z3igxp5haldJhc,Mata,JOEY TRIBBIANI,¸¸♬·¯·♩¸¸♪·¯·♫¸¸♫·¯·♪,14,14,2,462656,PL,Poland,Q1,2024
49,spotify:track:1g88Qpz9ZsJM1hlB3PLdgY,"Kizo, Bletka, BeMelo, Eddie Block, Adash",Taxi,spacerange,1,27,42,456487,PL,Poland,Q1,2024
50,spotify:track:5XeFesFbtLpXzIVDNQP22n,Arctic Monkeys,I Wanna Be Yours,Domino Recording Co,27,51,77,450178,PL,Poland,Q1,2024
1,spotify:track:2GxrNKugF82CnoRFbQfzPf,Artemas,i like the way you kiss me,Artemas,1,1,3,2740099,PL,Poland,Q2,2024
2,spotify:track:0cN69CM2rw5hoEgeGdF87m,"Kizo, młody klakson, Mig",Co ty mi dasz ale to DRILL,spacerange,2,7,3,1789562,PL,Poland,Q2,2024
3,spotify:track:0peRfvtx1Je91FxQtii5DJ,"MODELKI, Vłodarski",Chyba że z Tobą,Universal Music Polska Sp. z o.o.,3,-1,1,1643323,PL,Poland,Q2,2024
4,spotify:track:5QOdYa6XQMdIm6fMYhjHQk,"Kubi Producent, bambi, Fukaj, stickxr",Woda Księżycowa,Sony Music Entertainment,4,11,3,1634369,PL,Poland,Q2,2024
5,spotify:track:4kcMDgaU8xb4otoDv5c4kD,"Gibbs, Opał, Jonatan, 4Money",Drive,DOPEHOUSE,2,2,20,1588335,PL,Poland,Q2,2024
6,spotify:track:5lwu9g10m5ghkp9XWl65YZ,"Kizo, Bletka, clearmind, papablessbeatz",HERO,spacerange,1,3,9,1535929,PL,Poland,Q2,2024
7,spotify:track:3VjDhZl73eK9VgvRQovsmw,"Waima, Deemz, YARSKI",RING RING,Universal Music Polska Sp. z o.o.,4,4,4,1528245,PL,Poland,Q2,2024
8,spotify:track:0MTTFee7cTSd46njlPKBZe,"Young Leosia, bambi, PG$, francis",Przester,BE Records,8,15,2,1451829,PL,Poland,Q2,2024
9,spotify:track:3XWr2NZqYd80MB8FIq9r55,Vixen,Ne Rozumiju,Vix.N,2,5,20,1395150,PL,Poland,Q2,2024
10,spotify:track:3CgWmnnox6kF0NvJpZWSv8,"Young Leosia, bambi, PG$, francis",Te numery,BE Records,8,8,5,1320379,PL,Poland,Q2,2024
11,spotify:track:73f2sCPvdMu9eWrbA0Eu56,"Paula Biskup, Piotr Odoszewski",Nie Szkodzi,Magic Records,11,13,3,1198998,PL,Poland,Q2,2024
12,spotify:track:3xkHsmpQCBMytMJNiDf3Ii,Benson Boone,Beautiful Things,"Night Street Records, Inc./Warner Records Inc.",6,9,12,1125894,PL,Poland,Q2,2024
13,spotify:track:23S56j5Ct9eCT2ZQ0h2djm,"Favst, Gibbs, Szpaku, Kiełas",suma wszystkich strachów,QueQuality,10,10,11,1073390,PL,Poland,Q2,2024
14,spotify:track:77qp2lzKsMmOeyKbtnoSVI,"Otsochodzi, Taco Hemingway, lohleq",„Tak to leciało!”,2020,14,-1,1,1063959,PL,Poland,Q2,2024
15,spotify:track:3w0w2T288dec0mgeZZqoNN,"¥$, Kanye West, Ty Dolla $ign",CARNIVAL,YZY,2,6,9,1037453,PL,Poland,Q2,2024
16,spotify:track:3qhlB30KknSejmIvZZLjOD,Djo,End of Beginning,Djo,5,12,8,943072,PL,Poland,Q2,2024
17,spotify:track:0AjmK0Eai4zGrLaJwPvrDp,Hozier,Too Sweet,Columbia,17,29,2,941207,PL,Poland,Q2,2024
18,spotify:track:7biKWZnh8o23xCGej4xHjF,Malik Montana,Dior,Epic/Malik Montana,14,14,7,909477,PL,Poland,Q2,2024
19,spotify:track:17phhZDn6oGtzMe56NuWvj,Teddy Swims,Lose Control,Warner Records,11,16,15,885769,PL,Poland,Q2,2024
20,spotify:track:1y62mw3mC3mtVOOtjrVVl1,"Otsochodzi, Oki, lohleq",@champagnepapi,2020,20,-1,1,864148,PL,Poland,Q2,2024
21,spotify:track:1kuhnhugcuXf4CiNdqCRUU,"bambi, Young Leosia, PG$, @atutowy",BFF,BE Records,1,19,33,808302,PL,Poland,Q2,2024
22,spotify:track:5920NPsQB4nswA0mxWCddt,"Eryk Moczko, Kize",ENZO,DRE$$CODE,2,17,6,788376,PL,Poland,Q2,2024
23,spotify:track:39PDJqBMIsXLdwh0Wr9eDy,"Otsochodzi, Reni Jusis, lohleq, Kusha",Kiedyś Cię Znajdę,2020,23,-1,1,784040,PL,Poland,Q2,2024
24,spotify:track:3mzugJrKyhJNzZKS0RgWBg,"bambi, charlie moncler",MILLIE WALKY,BE Records,9,48,47,779841,PL,Poland,Q2,2024
25,spotify:track:3rUGC1vUpkDG9CZFHMur1t,Tate McRae,greedy,RCA Records Label,5,25,30,765871,PL,Poland,Q2,2024
26,spotify:track:33FD8jBm5LZaQ2jJS3vXzm,"Gibbs, Jonatan, 4Money",Stan,DOPEHOUSE,3,24,37,750789,PL,Poland,Q2,2024
27,spotify:track:6epWbDEEEOakzBeyNr69MO,"Szpaku, Deemz",Plaster,GUGU,1,20,14,737636,PL,Poland,Q2,2024
28,spotify:track:1LY3GhF0zxIVgbYEQjCbUO,"Disturbed, CYRIL",The Sound of Silence - CYRIL Remix,Reprise,28,33,6,721259,PL,Poland,Q2,2024
29,spotify:track:3U5JVgI2x4rDyHGObzJfNf,Natasha Bedingfield,Unwritten,Sony Music CG,7,23,12,716191,PL,Poland,Q2,2024
30,spotify:track:3a4hbzdiwoXYVa0n9XRyDK,NIKOŚ,HIPNOZA,broke,1,35,19,715496,PL,Poland,Q2,2024
31,spotify:track:5Qw74vxmtJzAEYjy1wfVCk,"Lanberry, Tribbs","Dzięki, że jesteś",WM Poland/WMI,3,22,22,714920,PL,Poland,Q2,2024
32,spotify:track:2oLXGUeqZkAwMBcmyoyhB5,"Otsochodzi, lohleq",0:00,2020,32,-1,1,704607,PL,Poland,Q2,2024
33,spotify:track:1F7O4MZUE2VZdJ9QbS0qB7,"Otsochodzi, lohleq",RAP,2020,12,92,12,694275,PL,Poland,Q2,2024
34,spotify:track:2khnj1kS7t2uNoMGB44c3X,"Young Multi, Szpaku, Kubi Producent, Lucassi",Młody Manson,Young Family Label,1,18,11,693841,PL,Poland,Q2,2024
35,spotify:track:1am7ZCYTibeYENexigk6Gz,"Eryk Moczko, MIÜ, Bedoes 2115",NAPALONE FANKI,DRE$$CODE,4,26,10,692678,PL,Poland,Q2,2024
36,spotify:track:3bK1zVFBKIzYjmptmI4NsJ,"Ofenbach, Norma Jean Martine",Overdrive (feat. Norma Jean Martine),Elektra France,11,37,23,667320,PL,Poland,Q2,2024
37,spotify:track:42VsgItocQwOQC3XWZ8JNA,"Travis Scott, Playboi Carti",FE!N (feat. Playboi Carti),Cactus Jack/Epic,3,28,37,665264,PL,Poland,Q2,2024
38,spotify:track:0wKxfnayyQ1wa9WExvn4qF,"Malik Montana, Lil Tjay, Geenaro & Ghana Beats",Samolotowy tryb,Epic/Malik Montana,10,21,7,662326,PL,Poland,Q2,2024
39,spotify:track:0h3Xy4V4apMraB5NuM8U7Z,CYRIL,Stumblin' In,Spinnin' Records,19,34,17,653110,PL,Poland,Q2,2024
40,spotify:track:51ZQ1vr10ffzbwIjDCwqm4,Ariana Grande,we can't be friends (wait for your love),Republic Records,9,30,5,650909,PL,Poland,Q2,2024
41,spotify:track:1Eaiv6OMMwO3v4iWl4eHHY,Sylwia Grzeszczak,Motyle,WM Poland/WMI,7,31,14,641320,PL,Poland,Q2,2024
42,spotify:track:4OMJGnvZfDvsePyCwRGO7X,Dua Lipa,Houdini,Warner Records,14,39,22,637600,PL,Poland,Q2,2024
43,spotify:track:4u3pVIKFDquOVeyvkc1Hjh,Zeamsone,5 INFLUENCEREK,Universal Music Polska Sp. z o.o.,1,61,44,630082,PL,Poland,Q2,2024
44,spotify:track:2M99NGhMFpCFmnqx0uxWur,"Otsochodzi, lohleq, Suwal, Kusha",BLOK!,2020,44,101,3,628297,PL,Poland,Q2,2024
45,spotify:track:7CN57u3DjY1RXSkkqpW5HX,"Otsochodzi, lohleq",Za Dużo,2020,45,-1,1,587407,PL,Poland,Q2,2024
46,spotify:track:5T4tD1rM4aQzZ9dkOU6vgw,"Otsochodzi, lohleq, Kusha, Suwal",New York Freestyle,2020,21,119,9,578942,PL,Poland,Q2,2024
47,spotify:track:3ZRG2gQfGWaKGY3Ay8w5Kh,Aleshen,Atlanta,WM Poland/WMI,19,27,19,578381,PL,Poland,Q2,2024
48,spotify:track:6Qb7YsAqH4wWFUMbGsCpap,Dua Lipa,Training Season,Warner Records,25,55,8,576823,PL,Poland,Q2,2024
49,spotify:track:1z32fWZoI86GGNEjQBJOn6,"Otsochodzi, lohleq",Kochaj Mnie Albo Rzuć,2020,49,-1,1,562830,PL,Poland,Q2,2024
50,spotify:track:6g76ndArDHwMe3OsrYxKiu,"MIÜ, DJ VaZee",PASEK PLAYBOYA,Maciek i UBRANIA,12,41,16,560931,PL,Poland,Q2,2024
1,spotify:track:1jxn3isffYQHcGmzy4Z309,"Kizo, Bletka, BeMelo",100 BPM,spacerange,1,1,4,1486847,PL,Poland,Q3,2024
2,spotify:track:5i0KjwixfbjGyD1Dxa6vxS,"kuqe 2115, francis, bambi","zostań, proszę",2115,2,-1,1,1473956,PL,Poland,Q3,2024
3,spotify:track:0peRfvtx1Je91FxQtii5DJ,"MODELKI, Vłodarski",Chyba że z Tobą,Universal Music Polska Sp. z o.o.,1,3,14,1399717,PL,Poland,Q3,2024
4,spotify:track:2nUpzFnUPY6Omv9XWa292d,GENZIE,Genziara,Ekipa,3,4,14,1356205,PL,Poland,Q3,2024
5,spotify:track:5QOdYa6XQMdIm6fMYhjHQk,"Kubi Producent, bambi, Fukaj, stickxr",Woda Księżycowa,Sony Music Entertainment,1,2,16,1307292,PL,Poland,Q3,2024
6,spotify:track:0MTTFee7cTSd46njlPKBZe,"Young Leosia, bambi, PG$, francis",Przester,BE Records,2,5,15,1252423,PL,Poland,Q3,2024
7,spotify:track:5OC347cwcGpiwnHt0YmToq,sanah,"było, minęło",Magic Records,7,8,4,1175977,PL,Poland,Q3,2024
8,spotify:track:3JG1uFc40wfyrqaWC7iv0e,Artemas,i like the way you kiss me,Artemas,1,6,16,1161772,PL,Poland,Q3,2024
9,spotify:track:5G7d637BU8TQbUjcE1qjMt,Bletka,B012,spacerange,6,7,14,1146958,PL,Poland,Q3,2024
10,spotify:track:1MsoH4Fz8O9PKbTW5SkXbJ,Sylwia Grzeszczak,och i ach,WM Poland/WMI,10,20,6,1143235,PL,Poland,Q3,2024
11,spotify:track:2qSkIjg1o9h3YT9RAgYN75,Sabrina Carpenter,Espresso,Island Records,10,10,13,1122522,PL,Poland,Q3,2024
12,spotify:track:62x7s8C2GFiu9Ju3eSZ5GB,"Young Leosia, Jacuś",SOBOTA WIECZÓR,BE Records,12,19,3,1105958,PL,Poland,Q3,2024
13,spotify:track:4kcMDgaU8xb4otoDv5c4kD,"Gibbs, Opał, Jonatan, 4Money",Drive,DOPEHOUSE,2,11,33,1099186,PL,Poland,Q3,2024
14,spotify:track:2CJoMNzcvbpV38fKqAOaQ3,Chivas,Prawie straciłem głos,Universal Music Polska Sp. z o.o.,4,9,4,1057765,PL,Poland,Q3,2024
15,spotify:track:4Yecd3jr0qmuxXpPHPSZPg,"Oki, Sobel, @atutowy",ILE LAT?,2020,2,12,11,1034683,PL,Poland,Q3,2024
16,spotify:track:5fqjgdj9SMB4Jjmyc9cY1J,"Young Leosia, bambi, PG$, francis",Double Match,BE Records,8,15,8,939281,PL,Poland,Q3,2024
17,spotify:track:7HmxLVR4lFzDg2zzFqyHHY,"Kronkel Dom, Deemz",GENERACJA CUZI,Sony Music Entertainment,6,13,9,927811,PL,Poland,Q3,2024
18,spotify:track:4588ZH7944EUrbDvdkr2sA,Daria Zawiałow,Złamane serce jest OK,Sony Music Entertainment,18,21,17,884332,PL,Poland,Q3,2024
19,spotify:track:27Xvm20KQ8qMzVvaz32I98,"Deemz, bambi, Kizo, Young Leosia, Waima",LECĘ BO CHCĘ,WM Poland/WMI,2,17,11,868908,PL,Poland,Q3,2024
20,spotify:track:3CgWmnnox6kF0NvJpZWSv8,"Young Leosia, bambi, PG$, francis",Te numery,BE Records,5,14,18,868250,PL,Poland,Q3,2024
21,spotify:track:48lxT5qJF0yYyf2z4wB4xW,"Jaxomy, Agatino Romero, Raffaella Carrà",Pedro,Columbia/B1 Recordings/Ultra Records,9,18,14,862285,PL,Poland,Q3,2024
22,spotify:track:5Z0UnEtpLDQyYlWwgi8m9C,Hozier,Too Sweet,Columbia,13,24,15,860818,PL,Poland,Q3,2024
23,spotify:track:1kuhnhugcuXf4CiNdqCRUU,"bambi, Young Leosia, PG$, @atutowy",BFF,BE Records,1,23,46,824658,PL,Poland,Q3,2024
24,spotify:track:3mzugJrKyhJNzZKS0RgWBg,"bambi, charlie moncler",MILLIE WALKY,BE Records,9,26,60,810932,PL,Poland,Q3,2024
25,spotify:track:6dOtVTDdiauQNBQEDOtlAB,Billie Eilish,BIRDS OF A FEATHER,Darkroom/Interscope Records,18,27,8,789253,PL,Poland,Q3,2024
26,spotify:track:3IQN4rjqZlmJgO4exMkaNT,sanah,Miłość jest ślepa,Magic Records,21,22,4,760763,PL,Poland,Q3,2024
27,spotify:track:7yHuqNnOtkfc2k9GF7nMMR,Guzior,STRZELAM PETEM,EVILTWINcorp.,5,25,12,757414,PL,Poland,Q3,2024
28,spotify:track:1LY3GhF0zxIVgbYEQjCbUO,"Disturbed, CYRIL",The Sound of Silence - CYRIL Remix,Reprise,13,28,19,738386,PL,Poland,Q3,2024
29,spotify:track:0u4LafmewDz5L2FNqqWGud,Zeamsone,7 DAM,Zeamsone,12,16,6,712526,PL,Poland,Q3,2024
30,spotify:track:1LTAYhorx76972Pr5ZOk8b,SVM!R,NDA,SVM!R,30,-1,1,710407,PL,Poland,Q3,2024
31,spotify:track:3xkHsmpQCBMytMJNiDf3Ii,Benson Boone,Beautiful Things,"Night Street Records, Inc./Warner Records Inc.",6,30,25,693542,PL,Poland,Q3,2024
32,spotify:track:331l3xABO0HMr1Kkyh2LZq,"David Guetta, OneRepublic",I Don't Wanna Wait,Parlophone UK,32,32,13,688470,PL,Poland,Q3,2024
33,spotify:track:2Bvmq94ifFUXQmaFPR5Vis,"Young Leosia, bambi, PG$, francis",PG$,BE Records,23,29,18,684853,PL,Poland,Q3,2024
34,spotify:track:3eNAqHexMFGCvtzaMwkjEH,"Męskie Granie Orkiestra, Daria Zawiałow, Mrozu, Kacperczyk",Wolne duchy,SME Poland Sp. z o.o. / SBM Label / Mrozu / Live,31,31,5,650926,PL,Poland,Q3,2024
35,spotify:track:7KbJRPtHT3uVD2gmqO8A4u,"4Money, Gibbs",Wosk,QueQuality,35,-1,1,633660,PL,Poland,Q3,2024
36,spotify:track:7pQkDJXFDCJUY0sSbbc8i9,"bambi, charlie moncler",GRAWITACJA,BE Records,36,38,9,630459,PL,Poland,Q3,2024
37,spotify:track:0spb4Kfcsn8t37E1Qv7f3m,"Malik Montana, OG ENZO",911,Epic/Malik Montana,37,-1,1,627963,PL,Poland,Q3,2024
38,spotify:track:2HYFX63wP3otVIvopRS99Z,Eminem,Houdini,Shady/Aftermath/Interscope Records,18,40,6,602986,PL,Poland,Q3,2024
39,spotify:track:3XWr2NZqYd80MB8FIq9r55,Vixen,Ne Rozumiju,Vix.N,2,35,33,602921,PL,Poland,Q3,2024
40,spotify:track:6esBajH4pfY0i61Vr53QWR,"MODELKI, Vłodarski",On Me,Universal Music Polska Sp. z o.o.,40,48,14,592744,PL,Poland,Q3,2024
41,spotify:track:17phhZDn6oGtzMe56NuWvj,Teddy Swims,Lose Control,Warner Records,11,36,28,587309,PL,Poland,Q3,2024
42,spotify:track:5N3hjp1WNayUPZrA8kJmJP,Sabrina Carpenter,Please Please Please,Island Records,28,34,5,577102,PL,Poland,Q3,2024
43,spotify:track:2D4DUc5XU6p8iBmzjPH9AZ,"Kizo, Bletka, clearmind, papablessbeatz",HERO,spacerange,1,39,22,575019,PL,Poland,Q3,2024
44,spotify:track:22DH8NChecsgPxDjA4pqer,"Quavo, Lana Del Rey",Tough,Quality Control Music/Motown Records,44,-1,1,571111,PL,Poland,Q3,2024
45,spotify:track:2L8ynuwjZTbrJMOoUuApDA,sanah,hip hip hura!,Magic Records,16,37,21,569226,PL,Poland,Q3,2024
46,spotify:track:42VsgItocQwOQC3XWZ8JNA,"Travis Scott, Playboi Carti",FE!N (feat. Playboi Carti),Cactus Jack/Epic,3,52,50,566841,PL,Poland,Q3,2024
47,spotify:track:6AI3ezQ4o3HUoP6Dhudph3,Kendrick Lamar,Not Like Us,"Kendrick Lamar, under exclusive license to Interscope Records",32,63,10,565718,PL,Poland,Q3,2024
48,spotify:track:37CyqdFS6WulTiyNt6RV9m,"Miszel, Premixm",EURO,QueQuality,28,33,4,561218,PL,Poland,Q3,2024
49,spotify:track:0jvrgOlLkTZdA7zfOUWzQS,"Oki, @atutowy",AGENT47,2020,3,43,6,558651,PL,Poland,Q3,2024
50,spotify:track:4BgTgPsNeDz2KG4QsshjL9,"Guzior, Favst",BLUEBERRY,QueQuality,1,41,190,556611,PL,Poland,Q3,2024
1,spotify:track:4S78rQHd6cSC8g2TfdNJTf,Mata,Lloret de Mar,¸¸♬·¯·♩¸¸♪·¯·♫¸¸♫·¯·♪,1,1,4,3046709,PL,Poland,Q4,2024
2,spotify:track:6rCz0E0G6El6irdft7Zjgp,"Roxie, Mata",Falochrony,¸¸♬·¯·♩¸¸♪·¯·♫¸¸♫·¯·♪ / Roxie Węgiel,2,4,7,1516673,PL,Poland,Q4,2024
3,spotify:track:3is9xGBEPrkLAF0fryCLK7,"kuqe 2115, francis",taki mały ja,2115,1,3,7,1423765,PL,Poland,Q4,2024
4,spotify:track:38GSwzJGcEnENqcrZ8dADJ,"bambi, francis",MADONNA,BE Records,1,2,5,1373987,PL,Poland,Q4,2024
5,spotify:track:1ZIscVoYHftgA5STle5cPo,"Kaz Bałagane, Oskar83",Multisport,NARKOPOP LABEL,1,5,12,1337485,PL,Poland,Q4,2024
6,spotify:track:2plbrEY59IikOBgBGLjaoe,"Lady Gaga, Bruno Mars",Die With A Smile,Interscope,6,7,8,1070462,PL,Poland,Q4,2024
7,spotify:track:62x7s8C2GFiu9Ju3eSZ5GB,"Young Leosia, Jacuś",SOBOTA WIECZÓR,BE Records,3,9,16,1044973,PL,Poland,Q4,2024
8,spotify:track:3XhllIfCF2T1RaJwbBWSdi,"Jonatan, Bletka, Gibbs",Róż,Jonatan,2,8,13,1000851,PL,Poland,Q4,2024
9,spotify:track:0dj3BH56uFL54lstcr8irO,"Louis Villain, Budda",Pardon,Moya Label,9,-1,1,929087,PL,Poland,Q4,2024
10,spotify:track:6uup1nPNzgIDtiYo0Up0U5,"Hilary Incognito, FourNine, p3",Last night,Hilary Incognito,10,13,6,912435,PL,Poland,Q4,2024
11,spotify:track:1Es7AUAhQvapIcoh3qMKDL,"The Weeknd, Playboi Carti",Timeless (feat Playboi Carti),XO / Republic Records,6,6,2,846023,PL,Poland,Q4,2024
12,spotify:track:6dOtVTDdiauQNBQEDOtlAB,Billie Eilish,BIRDS OF A FEATHER,Darkroom/Interscope Records,11,12,21,845538,PL,Poland,Q4,2024
13,spotify:track:5G7d637BU8TQbUjcE1qjMt,Bletka,B012,spacerange,6,14,27,832278,PL,Poland,Q4,2024
14,spotify:track:2262bWmqomIaJXwCRHr13j,Gigi Perez,Sailor Song,Gigi Perez PS/ Island,14,22,7,813304,PL,Poland,Q4,2024
15,spotify:track:5QOdYa6XQMdIm6fMYhjHQk,"Kubi Producent, bambi, Fukaj, stickxr",Woda Księżycowa,Sony Music Entertainment,1,15,29,796240,PL,Poland,Q4,2024
16,spotify:track:6RfHSlo0xOa5s3WnYj9xJa,"730 Huncho, Malik Montana, Kazior",Ona Mówi,WM Poland/WMI,2,10,9,776922,PL,Poland,Q4,2024
17,spotify:track:0peRfvtx1Je91FxQtii5DJ,"MODELKI, Vłodarski",Chyba że z Tobą,Universal Music Polska Sp. z o.o.,1,24,27,745472,PL,Poland,Q4,2024
18,spotify:track:5y0CCj9ENhM4G3gebGlnzb,"Sobel, Deemz",MAMA POWTARZAŁA,Universal Music Polska Sp. z o.o.,11,16,12,742432,PL,Poland,Q4,2024
19,spotify:track:4N9IE3251WOeuVkL9gYg3y,"Young Leosia, Jonatan",Noc Aniołów,BE Records,7,11,10,739100,PL,Poland,Q4,2024
20,spotify:track:0MTTFee7cTSd46njlPKBZe,"Young Leosia, bambi, PG$, francis",Przester,BE Records,2,20,28,738023,PL,Poland,Q4,2024
21,spotify:track:5OC347cwcGpiwnHt0YmToq,sanah,"było, minęło",Magic Records,4,18,17,701851,PL,Poland,Q4,2024
22,spotify:track:3mzugJrKyhJNzZKS0RgWBg,"bambi, charlie moncler",MILLIE WALKY,BE Records,9,28,73,687588,PL,Poland,Q4,2024
23,spotify:track:0WbMK4wrZ1wFSty9F7FCgu,Chappell Roan,"Good Luck, Babe!",Chappell Roan PS/ Island,23,23,20,685203,PL,Poland,Q4,2024
24,spotify:track:7q2axmQBSD88VaASEJ9oX4,"White 2115, Mata, Pedro, Brojustchill",1 na 100,White 2115,1,21,13,655230,PL,Poland,Q4,2024
25,spotify:track:1Wh2SwNbe3OQCoskPc3fD8,Wiktor Dyduła,"Tam słońce, gdzie my",Universal Music Polska Sp. z o.o.,23,29,11,651704,PL,Poland,Q4,2024
26,spotify:track:0cQVqPuHQP4KEwc7ZUQmj6,The Neighbourhood,Sweater Weather,Columbia,24,25,221,644801,PL,Poland,Q4,2024
27,spotify:track:0spb4Kfcsn8t37E1Qv7f3m,"Malik Montana, OG ENZO",911,Epic/Malik Montana,16,19,14,628517,PL,Poland,Q4,2024
28,spotify:track:2nUpzFnUPY6Omv9XWa292d,GENZIE,Genziara,Ekipa,3,34,27,613501,PL,Poland,Q4,2024
29,spotify:track:3PyuAlvHJbv1qFl9LzStFl,"Young Multi, marceli",AK47,Young Family Label,7,17,4,611582,PL,Poland,Q4,2024
30,spotify:track:4kcMDgaU8xb4otoDv5c4kD,"Gibbs, Opał, Jonatan, 4Money",Drive,DOPEHOUSE,2,26,46,595135,PL,Poland,Q4,2024
31,spotify:track:3JG1uFc40wfyrqaWC7iv0e,Artemas,i like the way you kiss me,Artemas,1,32,29,588144,PL,Poland,Q4,2024
32,spotify:track:2CJoMNzcvbpV38fKqAOaQ3,Chivas,Prawie straciłem głos,Universal Music Polska Sp. z o.o.,4,33,17,587493,PL,Poland,Q4,2024
33,spotify:track:5fqjgdj9SMB4Jjmyc9cY1J,"Young Leosia, bambi, PG$, francis",Double Match,BE Records,8,30,21,577619,PL,Poland,Q4,2024
34,spotify:track:3BIkIWg1t9Y2QhcXihJCV9,"Macias, White Widow",INTRODESTRUKCJA,WM Poland/WMI,14,40,11,576619,PL,Poland,Q4,2024
35,spotify:track:6RL09jLWzXpMaWUKU0aenO,rów babicze,W GORĄCEJ WODZIE COMPANY,POLSKA NIEGOTOWA,35,50,21,573765,PL,Poland,Q4,2024
36,spotify:track:1MsoH4Fz8O9PKbTW5SkXbJ,Sylwia Grzeszczak,och i ach,WM Poland/WMI,6,37,19,567224,PL,Poland,Q4,2024
37,spotify:track:28hqNGfxgIuYTcdLi8LJwl,"Kinny Zimmer, Kaptur",PO CO?,SBM Label,37,-1,1,559560,PL,Poland,Q4,2024
38,spotify:track:2HRqTpkrJO5ggZyyK6NPWz,Sabrina Carpenter,Espresso,Island Records,10,36,26,558677,PL,Poland,Q4,2024
39,spotify:track:1LTAYhorx76972Pr5ZOk8b,SVM!R,NDA,SVM!R,16,49,14,547973,PL,Poland,Q4,2024
40,spotify:track:7F49bujJnIwGCGTHaFcUW1,"Kaz Bałagane, Kukon",Kawałek nieba,NARKOPOP LABEL,40,59,3,547567,PL,Poland,Q4,2024
41,spotify:track:2WQ3sWVxEYNLaBfeZBZi8Z,"Polak GBP, Mata",HEAVY,¸¸♬·¯·♩¸¸♪·¯·♫¸¸♫·¯·♪,41,75,2,546746,PL,Poland,Q4,2024
42,spotify:track:5i0KjwixfbjGyD1Dxa6vxS,"kuqe 2115, francis, bambi","zostań, proszę",2115,2,31,14,537836,PL,Poland,Q4,2024
43,spotify:track:1kuhnhugcuXf4CiNdqCRUU,"bambi, Young Leosia, PG$, @atutowy",BFF,BE Records,1,39,59,533638,PL,Poland,Q4,2024
44,spotify:track:4BgTgPsNeDz2KG4QsshjL9,"Guzior, Favst",BLUEBERRY,QueQuality,1,27,203,500325,PL,Poland,Q4,2024
45,spotify:track:6poRnCH1N2fwpreGWFlvGJ,SVM!R,SLS,SVM!R,41,43,3,495197,PL,Poland,Q4,2024
46,spotify:track:19XpFsce28aByvCC4g89tJ,Hozier,Too Sweet,Columbia,13,45,28,493045,PL,Poland,Q4,2024
47,spotify:track:1jxn3isffYQHcGmzy4Z309,"Kizo, Bletka, BeMelo",100 BPM,spacerange,1,46,17,487109,PL,Poland,Q4,2024
48,spotify:track:0io16MKpbeDIdYzmGpQaES,Ndotz,Embrace It,Isekai Records,48,71,3,485673,PL,Poland,Q4,2024
49,spotify:track:4Yecd3jr0qmuxXpPHPSZPg,"Oki, Sobel, @atutowy",ILE LAT?,2020,2,41,24,479811,PL,Poland,Q4,2024
50,spotify:track:7tI8dRuH2Yc6RuoTjxo4dU,Jimin,Who,BIGHIT MUSIC,43,47,12,479154,PL,Poland,Q4,2024
1,spotify:track:2ZWsuZ6No9BImF61NI1ITw,C.Gambino,Svar,WM Sweden,1,-1,1,1362196,SE,Sweden,Q1,2024
2,spotify:track:6Vbgg3C5Qo7olhjIIr1r4e,"Bolaget, Victor Leksell",Låt Mig Va,WM Sweden,1,1,3,1154744,SE,Sweden,Q1,2024
3,spotify:track:1eHMSmiTLf8aMg4E8N2cgn,Bolaget,Astronaut - Spotify Singles,WM Sweden,2,2,6,766428,SE,Sweden,Q1,2024
4,spotify:track:0L3RpXaOJFNhP4QCynokYG,Peg Parnevik,Bättre nu (The Wedding),WM Sweden,1,5,11,634993,SE,Sweden,Q1,2024
5,spotify:track:0j2JcSeuF8ElJTrC8g6493,"Humlan Djojj, Josefine Götestam",Djurens vaggvisa,Filtr Kids,5,7,120,585495,SE,Sweden,Q1,2024
6,spotify:track:2O5WGi5MYNRSNiT47J5QbH,Dizzy,Överallt,Universal Music AB,3,9,10,567391,SE,Sweden,Q1,2024
7,spotify:track:3GygspQIcYy5OnRiw245Qh,Babblarna,Babblarnas vaggvisa,Universal Music AB Distributed Labels,5,8,263,563278,SE,Sweden,Q1,2024
8,spotify:track:59NraMJsLaMCVtwXTSia8i,"cassö, RAYE, D-Block Europe",Prada,Ministry of Sound Recordings,1,6,22,538882,SE,Sweden,Q1,2024
9,spotify:track:4o5Ob60pz8QHcFKcr4MWyf,Bolaget,Ikväll Igen,WM Sweden,1,4,40,536729,SE,Sweden,Q1,2024
10,spotify:track:4xhsWYTOGcal8zt0J161CU,Jack Harlow,Lovin On Me,Generation Now/Atlantic,10,10,9,509728,SE,Sweden,Q1,2024
11,spotify:track:2u85ptzhLjdL4iHV5pNUtb,"Einár, Sara Kurt, Le Winter",Dans från dig,Einár,1,11,16,494798,SE,Sweden,Q1,2024
12,spotify:track:3RxlMZgbTxoiGFTaSjX2Hk,C.Gambino,Automatic,WM Sweden,1,32,16,473725,SE,Sweden,Q1,2024
13,spotify:track:4uPSmNAuHFVLcSHLKyWfny,Ellen Krauss,Inatt (Inget Stoppar Oss Nu),Universal Music AB,5,12,11,463235,SE,Sweden,Q1,2024
14,spotify:track:6KOzO2mUwSwe8a9GiJAn7X,Bolaget,Kan Inte Gå,WM Sweden,1,3,106,457969,SE,Sweden,Q1,2024
15,spotify:track:2ovn0uhOcqZOaOFbJiAh2d,B.Baby,Hjärta,Poetic Pain Records,1,13,12,447684,SE,Sweden,Q1,2024
16,spotify:track:7hHrs2q5c5rtzHLJ2DKHTT,Zara Larsson,Memory Lane,Sommer House/Epic,14,14,7,436707,SE,Sweden,Q1,2024
17,spotify:track:7B031z9YdKTBBhblIFsLqJ,C.Gambino,Who we are,WM Sweden,17,-1,1,397821,SE,Sweden,Q1,2024
18,spotify:track:4qP2qyJgxBtNcAexuvs45j,Victor Leksell,Ramla,Sony Music Local,9,17,7,372702,SE,Sweden,Q1,2024
19,spotify:track:1qLHJiRgdNgJ3JB2cdM6sl,C.Gambino,TSM,WM Sweden,19,-1,1,354171,SE,Sweden,Q1,2024
20,spotify:track:15vhsww4sVuzPOqN04DdBc,Bolaget,Farväl,WM Sweden,1,19,18,341522,SE,Sweden,Q1,2024
21,spotify:track:4KULAymBBJcPRpk1yO4dOG,"Zach Bryan, Kacey Musgraves",I Remember Everything (feat. Kacey Musgraves),Warner Records,20,29,20,339676,SE,Sweden,Q1,2024
22,spotify:track:3rUGC1vUpkDG9CZFHMur1t,Tate McRae,greedy,RCA Records Label,6,24,17,333854,SE,Sweden,Q1,2024
23,spotify:track:401N7rbd6MSziVSDVTaQr7,"Humlan Djojj, Josefine Götestam",Somna,Filtr Kids,23,33,72,312258,SE,Sweden,Q1,2024
24,spotify:track:6It5iAtU0foJMMNaUv1jie,Veronica Maggio,Det kommer aldrig va över för mig - Spotify Singles,Universal Music AB,1,27,12,307304,SE,Sweden,Q1,2024
25,spotify:track:0gF8DDkQ4AZEEgPsWL95n6,Thomas Stenström,Andas in andas ut,Korpstaden Produktion,4,23,38,292650,SE,Sweden,Q1,2024
26,spotify:track:5jlAu4lHHVzheutRcbDklk,"Humlan Djojj, Josefine Götestam",Stjärnorna,Filtr Kids,26,35,76,292101,SE,Sweden,Q1,2024
27,spotify:track:1Pbc670CnjRQT2z7W7WzDN,Sarettii,Likkle Boy,Ringtone Records,27,36,7,291658,SE,Sweden,Q1,2024
28,spotify:track:7ofOfhBu0FCuVemv4zL8Ry,Ant Wan,Komplicerat,Ant Wan,1,42,86,286950,SE,Sweden,Q1,2024
29,spotify:track:3hjAxYipqWlqBqBdrQXEU5,C.Gambino,G63,WM Sweden,2,142,43,285642,SE,Sweden,Q1,2024
30,spotify:track:3ZxF05QdKqtssIdQR7amUW,Ant Wan,Go,Ant Wan,1,38,16,282051,SE,Sweden,Q1,2024
31,spotify:track:2gwirjNHYJPlBwOJ5Aftwv,Albin Lee Meldau,Josefin,Glassnote Music LLC,9,28,142,280361,SE,Sweden,Q1,2024
32,spotify:track:6WzRpISELf3YglGAh7TXcG,"The Weeknd, Playboi Carti, Madonna",Popular (with Playboi Carti & Madonna) - From The Idol Vol. 1 (Music from the HBO Original Series),XO / Republic Records,32,61,23,278107,SE,Sweden,Q1,2024
33,spotify:track:6fulMfMC4B5S52YaAhdnmF,Yasin,John Snow,MadeNiggaMusic,22,52,14,275197,SE,Sweden,Q1,2024
34,spotify:track:1BxfuPKGuaTgP7aM0Bbdwr,Taylor Swift,Cruel Summer,Taylor Swift,15,22,29,270925,SE,Sweden,Q1,2024
35,spotify:track:5LLzXWHjIyX62t3zdMyzti,"Reyn, Mwuana",Tillsammans,R.V.R.P,20,30,11,264979,SE,Sweden,Q1,2024
36,spotify:track:1gVuqhRcuqw65l3orfIQk9,C.Gambino,Rich H*es,WM Sweden,36,-1,1,264361,SE,Sweden,Q1,2024
37,spotify:track:0K6iKgHPPhAb4Acmg9aD77,"Zara Larsson, David Guetta",On My Love,Sommer House/Epic,4,25,17,263539,SE,Sweden,Q1,2024
38,spotify:track:4FGvRqZ1pPaflN2jjLBMB9,Yasin,Har Dig,GG,2,41,46,262308,SE,Sweden,Q1,2024
39,spotify:track:5mjYQaktjmjcMKcUIcqz4s,Kenya Grace,Strangers,Warner Records/Major Recordings,7,47,19,260391,SE,Sweden,Q1,2024
40,spotify:track:2HafqoJbgXdtjwCOvNEF14,iñigo quintero,Si No Estás,Acqustic,1,46,14,257363,SE,Sweden,Q1,2024
41,spotify:track:4OMJGnvZfDvsePyCwRGO7X,Dua Lipa,Houdini,Warner Records,13,50,8,256594,SE,Sweden,Q1,2024
42,spotify:track:7qLwjBWh3M2JLFlEokIjUP,"Humlan Djojj, Josefine Götestam",Nu säger vi godnatt,Filtr Kids,42,51,22,251398,SE,Sweden,Q1,2024
43,spotify:track:7jrI96onnEzgwPKacNJUCz,Lewis Capaldi,Strangers,Vertigo Berlin,43,-1,1,249121,SE,Sweden,Q1,2024
44,spotify:track:17phhZDn6oGtzMe56NuWvj,Teddy Swims,Lose Control,Warner Records,44,68,15,247935,SE,Sweden,Q1,2024
45,spotify:track:3hRV0jL3vUpRrcy398teAU,Lord Huron,The Night We Met,Lord Huron,43,65,51,246548,SE,Sweden,Q1,2024
46,spotify:track:3xPsqMJQNM14OrawTBiK4G,"Victor Leksell, Einár",Din låt,Sony Music Local,1,45,77,243940,SE,Sweden,Q1,2024
47,spotify:track:0mflMxspEfB0VbI1kyLiAv,Noah Kahan,Stick Season,Mercury Records/Republic Records,47,86,7,241778,SE,Sweden,Q1,2024
48,spotify:track:7yq4Qj7cqayVTp3FF9CWbm,Vance Joy,Riptide,F-Stop Records/Atlantic,48,144,57,236003,SE,Sweden,Q1,2024
49,spotify:track:1PSc8P84bB11Ase9bh4qFc,C.Gambino,In Memory Of Some Stand Up Guys,WM Sweden,49,-1,1,234490,SE,Sweden,Q1,2024
50,spotify:track:2ZfaBbRMcEgSF8JnJIaEBP,Hooja,Banan Melon Kiwi & Citron,Roxy Recordings,5,16,83,228531,SE,Sweden,Q1,2024
1,spotify:track:4BliCq54T5TbxmaLdXJGEK,"Hooja, Miriam Bryant",VEM FAN E DU?,Roxy Recordings,1,1,3,1512686,SE,Sweden,Q2,2024
2,spotify:track:2yWyVyZwv87UDeDqYyx9Dh,"Sarettii, Asme",HEMSK,Ringtone Records x BL,2,-1,1,1405875,SE,Sweden,Q2,2024
3,spotify:track:2GxrNKugF82CnoRFbQfzPf,Artemas,i like the way you kiss me,Artemas,3,4,3,1208762,SE,Sweden,Q2,2024
4,spotify:track:7BPcWZDSRLdMbOybXlspcC,Søte & Rare,Bærum Bitches (Mannschaft),Søte og Rare´ Records,4,5,4,1077435,SE,Sweden,Q2,2024
5,spotify:track:4kqkGUxHHAqJMtpsHMvLTQ,Medina,Que Sera,WM Sweden,1,2,6,1014830,SE,Sweden,Q2,2024
6,spotify:track:6jKS9VFA67W04l9YkDSUFf,Hov1,Jag önskar jag brydde mig mer,Universal Music AB,3,3,2,990106,SE,Sweden,Q2,2024
7,spotify:track:7E1kK0D0goo85p02ZAoa8Y,Benjamin Ingrosso,Better Days,Universal Music AB,7,-1,1,929053,SE,Sweden,Q2,2024
8,spotify:track:0AjmK0Eai4zGrLaJwPvrDp,Hozier,Too Sweet,Columbia,8,29,2,886237,SE,Sweden,Q2,2024
9,spotify:track:3xkHsmpQCBMytMJNiDf3Ii,Benson Boone,Beautiful Things,"Night Street Records, Inc./Warner Records Inc.",3,6,12,824635,SE,Sweden,Q2,2024
10,spotify:track:7JTQDqXxHVD56q9pCtouqQ,Sarettii,DUKTIG TJEJ,Ringtone Records,10,11,4,821688,SE,Sweden,Q2,2024
11,spotify:track:7wLShogStyDeZvL0a6daN5,Beyoncé,TEXAS HOLD 'EM,Parkwood Entertainment/Columbia,2,8,9,771209,SE,Sweden,Q2,2024
12,spotify:track:2FImFbdIGJEnlftYDmwU6f,Molly Sandén,Hålla mig,Milkshake,10,12,3,737097,SE,Sweden,Q2,2024
13,spotify:track:5L8C1PZGCpZf8STcN79H5j,Marcus & Martinus,Unforgettable,Universal Music AB,2,7,6,704413,SE,Sweden,Q2,2024
14,spotify:track:51ZQ1vr10ffzbwIjDCwqm4,Ariana Grande,we can't be friends (wait for your love),Republic Records,5,9,5,668075,SE,Sweden,Q2,2024
15,spotify:track:6Vbgg3C5Qo7olhjIIr1r4e,"Bolaget, Victor Leksell",Låt Mig Va,WM Sweden,1,17,16,610004,SE,Sweden,Q2,2024
16,spotify:track:3qhlB30KknSejmIvZZLjOD,Djo,End of Beginning,Djo,11,13,8,607061,SE,Sweden,Q2,2024
17,spotify:track:2uqYupMHANxnwgeiXTZXzd,Dasha,Austin (Boots Stop Workin'),Warner Records,17,35,6,604979,SE,Sweden,Q2,2024
18,spotify:track:0j2JcSeuF8ElJTrC8g6493,"Humlan Djojj, Josefine Götestam",Djurens vaggvisa,Filtr Kids,5,18,133,568696,SE,Sweden,Q2,2024
19,spotify:track:0n2qnn5LOpxXNeTyj7YDYK,ADAAM,PERSON I NÖDEN,Universal Music AB,7,14,6,563773,SE,Sweden,Q2,2024
20,spotify:track:3Pbp7cUCx4d3OAkZSCoNvn,Michael Marcagi,Scared To Start,Warner Records,20,26,12,547623,SE,Sweden,Q2,2024
21,spotify:track:5uQ7de4EWjb3rkcFxyEOpu,Mark Ambor,Belong Together,"Hundred Days Records, LLC",21,43,3,540324,SE,Sweden,Q2,2024
22,spotify:track:3GygspQIcYy5OnRiw245Qh,Babblarna,Babblarnas vaggvisa,Universal Music AB Distributed Labels,5,20,276,535332,SE,Sweden,Q2,2024
23,spotify:track:3yAP1AKORlEgS8JFjUDbLK,C.Gambino,Dör För Dig - Acoustic,WM Sweden,9,15,3,526412,SE,Sweden,Q2,2024
24,spotify:track:2ArX0SzCSHXytmAg36BIev,FRÖKEN SNUSK,UNGA & FRIA,WM Sweden,1,10,9,525310,SE,Sweden,Q2,2024
25,spotify:track:1LB3r7Nn2PE4spye87VjHp,Y4ska,Lemonade,TopGuyz AB under exclusive license to Amuseio AB,3,23,13,505160,SE,Sweden,Q2,2024
26,spotify:track:2EFfc7Z7rMneOxLfezQKxI,"A36, estraden",Alla vill (feat. estraden),WM Sweden,16,21,5,497821,SE,Sweden,Q2,2024
27,spotify:track:17phhZDn6oGtzMe56NuWvj,Teddy Swims,Lose Control,Warner Records,17,27,28,484736,SE,Sweden,Q2,2024
28,spotify:track:0QOEWQEowuJUz7LRIe3F6b,Smash Into Pieces,Heroes Are Calling,Smash Into Pieces,4,16,6,473158,SE,Sweden,Q2,2024
29,spotify:track:0LMwmV37RCmBO2so0szAFs,"Kygo, Ava Max",Whatever,Kygo/RCA Records,7,30,12,472580,SE,Sweden,Q2,2024
30,spotify:track:59NraMJsLaMCVtwXTSia8i,"cassö, RAYE, D-Block Europe",Prada,Ministry of Sound Recordings,1,42,35,460788,SE,Sweden,Q2,2024
31,spotify:track:0irVirJrUjHFk3ywECVsGT,Benjamin Ingrosso,Kite,Universal Music AB,1,28,11,452431,SE,Sweden,Q2,2024
32,spotify:track:5ZF1gvQjreeqNFqWtjwupo,Jay Smith,Back To My Roots,Universal Music AB,3,19,6,450377,SE,Sweden,Q2,2024
33,spotify:track:7Gfzl9QQrLcwtKV0G7x5Hf,Miss Li,Misstag,Pistol Packin' Music,11,33,7,446276,SE,Sweden,Q2,2024
34,spotify:track:1iW01MpA3PwLW97dq1hHEH,"Owen, Asme",Lean & $prite,Owen/BL,1,31,12,443565,SE,Sweden,Q2,2024
35,spotify:track:7qoxdajngC0j9VXrcnephA,Alex Warren,Before You Leave Me,Atlantic Records,35,39,7,439404,SE,Sweden,Q2,2024
36,spotify:track:29YN98sTVSpfYMpPzFXaGU,Bolaget,Välkommen ner,WM Sweden,36,-1,1,419585,SE,Sweden,Q2,2024
37,spotify:track:4o5Ob60pz8QHcFKcr4MWyf,Bolaget,Ikväll Igen,WM Sweden,1,34,53,413215,SE,Sweden,Q2,2024
38,spotify:track:3qd2d4Mog20jxuQL5OEHE5,Lia Larsson,30 KM/H,Emperial AB,3,22,7,396790,SE,Sweden,Q2,2024
39,spotify:track:6mY5yB7qMSnGoYphuRqJ1I,Cazzi Opeia,Give My Heart A Break,Starchild Production,6,24,6,393572,SE,Sweden,Q2,2024
40,spotify:track:6KOzO2mUwSwe8a9GiJAn7X,Bolaget,Kan Inte Gå,WM Sweden,1,41,119,381434,SE,Sweden,Q2,2024
41,spotify:track:1eHMSmiTLf8aMg4E8N2cgn,Bolaget,Astronaut - Spotify Singles,WM Sweden,2,50,19,375736,SE,Sweden,Q2,2024
42,spotify:track:09CnYHiZ5jGT1wr1TXJ9Zt,"Dimitri Vegas & Like Mike, Tiësto, Dido, W&W, Dimitri Vegas, Like Mike",Thank You (Not So Bad),Ministry of Sound Recordings,33,47,14,368095,SE,Sweden,Q2,2024
43,spotify:track:51eSHglvG1RJXtL3qI5trr,Benson Boone,Slow It Down,"Night Street Records, Inc./Warner Records Inc.",39,44,3,367128,SE,Sweden,Q2,2024
44,spotify:track:7MZQoikPpcwneYkKhdRvoe,"VC Barre, GOLF, NBLNATION",SOLDAT - RMX,Universal Music AB,31,38,7,348559,SE,Sweden,Q2,2024
45,spotify:track:6zuPQl2RVqQ4y5nAH61CFC,"Beyoncé, Miley Cyrus",II MOST WANTED,Parkwood Entertainment/Columbia,25,25,2,348156,SE,Sweden,Q2,2024
46,spotify:track:4VVfzoh8MuGWLIpcF8vB1O,Jacqline,Effortless,Universal Music AB,7,32,6,348069,SE,Sweden,Q2,2024
47,spotify:track:0mflMxspEfB0VbI1kyLiAv,Noah Kahan,Stick Season,Mercury Records/Republic Records,16,52,20,325621,SE,Sweden,Q2,2024
48,spotify:track:2SxOcZ9qTi8oRgViQFE4gF,A36,Svalen till grammis,WM Sweden,48,-1,1,321833,SE,Sweden,Q2,2024
49,spotify:track:532hmJMBzkTyhVQTlHHUuJ,A36,Inga änglar (Na na na),WM Sweden,2,55,11,318331,SE,Sweden,Q2,2024
50,spotify:track:1VxEaXbIq3xAvqh80xP67w,Beyoncé,JOLENE,Parkwood Entertainment/Columbia,36,36,2,317164,SE,Sweden,Q2,2024
1,spotify:track:5fZJQrFKWQLb7FpJXZ1g7K,Shaboozey,A Bar Song (Tipsy),American Dogwood / EMPIRE,1,2,13,1061557,SE,Sweden,Q3,2024
2,spotify:track:5iBSvGT3waImHIGW1eEeH7,Benjamin Ingrosso,Look Who's Laughing Now,Universal Music AB,1,1,4,939923,SE,Sweden,Q3,2024
3,spotify:track:2i659C6ywROaFG0kj5eOoA,C.Gambino,Sista Gång,WM Sweden,1,3,6,877656,SE,Sweden,Q3,2024
4,spotify:track:2qSkIjg1o9h3YT9RAgYN75,Sabrina Carpenter,Espresso,Island Records,4,4,13,803608,SE,Sweden,Q3,2024
5,spotify:track:0ZW2C4Yd8HvGXM6jrLmChx,"Y4ska, Dizzy",CALMA,TopGuyz AB under exclusive license to Amuseio AB,5,7,8,775526,SE,Sweden,Q3,2024
6,spotify:track:3PzfAzqI03wcX8OikTdrH2,Soppgirobygget,Viva La Vida,Soppgiro inc. In Collaboration With Liso Records,6,6,6,775186,SE,Sweden,Q3,2024
7,spotify:track:1NpIUD4KqHaMT91kw0YV40,"Purple Disco Machine, Benjamin Ingrosso, Nile Rodgers, Shenseea",Honey Boy (feat. Nile Rodgers & Shenseea),Columbia Local,2,5,10,774196,SE,Sweden,Q3,2024
8,spotify:track:4o5Ob60pz8QHcFKcr4MWyf,Bolaget,Ikväll Igen,WM Sweden,1,27,66,652909,SE,Sweden,Q3,2024
9,spotify:track:7221xIgOnuakPdLqT0F3nP,"Post Malone, Morgan Wallen",I Had Some Help (Feat. Morgan Wallen),Mercury Records/Republic Records,3,8,9,651723,SE,Sweden,Q3,2024
10,spotify:track:7nwxrW8dM7LJWQ5ne64Adj,Asme,Fin & Bad,BL,10,12,2,649543,SE,Sweden,Q3,2024
11,spotify:track:29YN98sTVSpfYMpPzFXaGU,Bolaget,Välkommen ner,WM Sweden,3,19,14,642598,SE,Sweden,Q3,2024
12,spotify:track:3Vr3zh0r7ALn8VLqCiRR10,Myles Smith,Stargazing,RCA Records Label,6,9,9,641994,SE,Sweden,Q3,2024
13,spotify:track:4BliCq54T5TbxmaLdXJGEK,"Hooja, Miriam Bryant",VEM FAN E DU?,Roxy Recordings,1,14,16,610857,SE,Sweden,Q3,2024
14,spotify:track:0FAWHFKFtk9eUQK6gLxBkw,"Miss Li, Eah Jé",Maraton (feat. Eah Jé),Pistol Packin' Music,8,11,13,609574,SE,Sweden,Q3,2024
15,spotify:track:5N3hjp1WNayUPZrA8kJmJP,Sabrina Carpenter,Please Please Please,Island Records,6,10,5,596405,SE,Sweden,Q3,2024
16,spotify:track:0mfzkwz6c0sb5qpkk79ZDO,Molly Sandén,Slutet av sommarn,Milkshake,6,13,6,594744,SE,Sweden,Q3,2024
17,spotify:track:0j2JcSeuF8ElJTrC8g6493,"Humlan Djojj, Josefine Götestam",Djurens vaggvisa,Filtr Kids,5,21,146,594593,SE,Sweden,Q3,2024
18,spotify:track:6dOtVTDdiauQNBQEDOtlAB,Billie Eilish,BIRDS OF A FEATHER,Darkroom/Interscope Records,13,17,8,574268,SE,Sweden,Q3,2024
19,spotify:track:2BCskl15k3IkQmj2YTYk2b,"Nause, Hogland, Veronica Maggio",Tillfälligheter / Hungry Hearts - Mashup,Universal Music AB,19,20,2,561376,SE,Sweden,Q3,2024
20,spotify:track:4kqkGUxHHAqJMtpsHMvLTQ,Medina,Que Sera,WM Sweden,1,23,19,559613,SE,Sweden,Q3,2024
21,spotify:track:331l3xABO0HMr1Kkyh2LZq,"David Guetta, OneRepublic",I Don't Wanna Wait,Parlophone UK,18,18,14,550626,SE,Sweden,Q3,2024
22,spotify:track:4GK4mydvnsodLEHWb4zJV4,Mares,Sunnanvind,Tjooff,5,15,185,522328,SE,Sweden,Q3,2024
23,spotify:track:3xkHsmpQCBMytMJNiDf3Ii,Benson Boone,Beautiful Things,"Night Street Records, Inc./Warner Records Inc.",3,24,25,515780,SE,Sweden,Q3,2024
24,spotify:track:3GygspQIcYy5OnRiw245Qh,Babblarna,Babblarnas vaggvisa,Universal Music AB Distributed Labels,5,28,289,503603,SE,Sweden,Q3,2024
25,spotify:track:2HYFX63wP3otVIvopRS99Z,Eminem,Houdini,Shady/Aftermath/Interscope Records,3,16,6,497632,SE,Sweden,Q3,2024
26,spotify:track:5Z0UnEtpLDQyYlWwgi8m9C,Hozier,Too Sweet,Columbia,5,26,15,477581,SE,Sweden,Q3,2024
27,spotify:track:6KOzO2mUwSwe8a9GiJAn7X,Bolaget,Kan Inte Gå,WM Sweden,1,22,132,470999,SE,Sweden,Q3,2024
28,spotify:track:3JG1uFc40wfyrqaWC7iv0e,Artemas,i like the way you kiss me,Artemas,2,25,16,465828,SE,Sweden,Q3,2024
29,spotify:track:2uqYupMHANxnwgeiXTZXzd,Dasha,Austin (Boots Stop Workin'),Warner Records,17,29,19,462409,SE,Sweden,Q3,2024
30,spotify:track:6AI3ezQ4o3HUoP6Dhudph3,Kendrick Lamar,Not Like Us,"Kendrick Lamar, under exclusive license to Interscope Records",16,43,10,458787,SE,Sweden,Q3,2024
31,spotify:track:7BPcWZDSRLdMbOybXlspcC,Søte & Rare,Bærum Bitches (Mannschaft),Søte og Rare´ Records,4,30,17,455646,SE,Sweden,Q3,2024
32,spotify:track:5MEuFY2DxrozPEgGpR8Fji,Veronica Maggio,Välkommen in,Universal Music AB,17,32,142,422503,SE,Sweden,Q3,2024
33,spotify:track:48lxT5qJF0yYyf2z4wB4xW,"Jaxomy, Agatino Romero, Raffaella Carrà",Pedro,Columbia/B1 Recordings/Ultra Records,15,33,13,403106,SE,Sweden,Q3,2024
34,spotify:track:2FImFbdIGJEnlftYDmwU6f,Molly Sandén,Hålla mig,Milkshake,10,31,16,396089,SE,Sweden,Q3,2024
35,spotify:track:7Gfzl9QQrLcwtKV0G7x5Hf,Miss Li,Misstag,Pistol Packin' Music,11,35,20,392646,SE,Sweden,Q3,2024
36,spotify:track:6Vbgg3C5Qo7olhjIIr1r4e,"Bolaget, Victor Leksell",Låt Mig Va,WM Sweden,1,39,29,385602,SE,Sweden,Q3,2024
37,spotify:track:1oFoY6INRnHIpHY6ssPxBm,Veronica Maggio,Trädgården en fredag,Universal Music AB,33,38,73,377105,SE,Sweden,Q3,2024
38,spotify:track:5uQ7de4EWjb3rkcFxyEOpu,Mark Ambor,Belong Together,"Hundred Days Records, LLC",12,37,16,372883,SE,Sweden,Q3,2024
39,spotify:track:09CnYHiZ5jGT1wr1TXJ9Zt,"Dimitri Vegas & Like Mike, Tiësto, Dido, W&W, Dimitri Vegas, Like Mike",Thank You (Not So Bad),Ministry of Sound Recordings,31,36,27,368507,SE,Sweden,Q3,2024
40,spotify:track:17phhZDn6oGtzMe56NuWvj,Teddy Swims,Lose Control,Warner Records,17,47,41,368280,SE,Sweden,Q3,2024
41,spotify:track:4rTPLtqJxa4UtCBkdMwSp6,"Kygo, Ava Max",Whatever,Kygo/RCA Records,7,41,25,360940,SE,Sweden,Q3,2024
42,spotify:track:1LY3GhF0zxIVgbYEQjCbUO,"Disturbed, CYRIL",The Sound of Silence - CYRIL Remix,Reprise,39,51,21,352070,SE,Sweden,Q3,2024
43,spotify:track:0SIKahWVv5FT5ow3UUB80s,Mando Diao,Strövtåg i hembygden,Playground Music,42,42,76,351240,SE,Sweden,Q3,2024
44,spotify:track:0WbMK4wrZ1wFSty9F7FCgu,Chappell Roan,"Good Luck, Babe!",Chappell Roan PS/ Island,44,49,10,351093,SE,Sweden,Q3,2024
45,spotify:track:1ABS9QUpgdLMiNzEDiilAs,Victor Leksell,Natthimlen,Sony Music Local,45,46,20,348626,SE,Sweden,Q3,2024
46,spotify:track:6z1PzNtoUQG2SjWpxb6USn,Miss Li,Verktygslådan,Pistol Packin' Music,25,40,4,345587,SE,Sweden,Q3,2024
47,spotify:track:2yWyVyZwv87UDeDqYyx9Dh,"Sarettii, Asme",HEMSK,Ringtone Records x BL,1,44,14,343785,SE,Sweden,Q3,2024
48,spotify:track:4kadw7GlPL8BZYk9yzWqLx,Miriam Bryant,Dum,WM Sweden,28,48,4,338263,SE,Sweden,Q3,2024
49,spotify:track:3ilELZDIrl2JXUcTIVM6OS,"De Vet Du, Edvin Törnblom",Tänk Om Vi Var Gay,One Brain AB,34,34,2,295575,SE,Sweden,Q3,2024
50,spotify:track:401N7rbd6MSziVSDVTaQr7,"Humlan Djojj, Josefine Götestam",Somna,Filtr Kids,23,65,98,293106,SE,Sweden,Q3,2024
1,spotify:track:5GdAGqF9ZI4gADtpVAxqe7,"Molly Sandén, Victor Leksell",Lost and found,Milkshake,1,1,3,1160768,SE,Sweden,Q4,2024
2,spotify:track:7HuBqX0G5mJTd8TEiPZ40K,"Y4ska, Jireel, ROMANOS",DNA,Y4ska,2,2,2,795885,SE,Sweden,Q4,2024
3,spotify:track:2YYsb4d39JKLpQgTMpXOQ0,Miriam Bryant,Regnblöta skor,WM Sweden,1,6,9,766522,SE,Sweden,Q4,2024
4,spotify:track:00R2eVdkti9OZboefW2f4i,23,PSG,23,3,3,2,707527,SE,Sweden,Q4,2024
5,spotify:track:2UX821OXiIYGp67PdMqmoe,Sarettii,I Might,Universal Music AB,1,4,6,659073,SE,Sweden,Q4,2024
6,spotify:track:0ZW2C4Yd8HvGXM6jrLmChx,"Y4ska, Dizzy",CALMA,TopGuyz AB under exclusive license to Amuseio AB,4,9,21,629326,SE,Sweden,Q4,2024
7,spotify:track:2plbrEY59IikOBgBGLjaoe,"Lady Gaga, Bruno Mars",Die With A Smile,Interscope,5,5,8,605496,SE,Sweden,Q4,2024
8,spotify:track:0j2JcSeuF8ElJTrC8g6493,"Humlan Djojj, Josefine Götestam",Djurens vaggvisa,Filtr Kids,5,10,159,598688,SE,Sweden,Q4,2024
9,spotify:track:5fZJQrFKWQLb7FpJXZ1g7K,Shaboozey,A Bar Song (Tipsy),American Dogwood / EMPIRE,1,8,26,595795,SE,Sweden,Q4,2024
10,spotify:track:3PzfAzqI03wcX8OikTdrH2,Soppgirobygget,Viva La Vida,Soppgiro inc. In Collaboration With Liso Records,2,7,19,573860,SE,Sweden,Q4,2024
11,spotify:track:2CBuonjhTSzjzDBKNhjxlF,"BoBa, Malik Dalasi",Vanilj,Universal Music AB,11,14,4,527533,SE,Sweden,Q4,2024
12,spotify:track:6dOtVTDdiauQNBQEDOtlAB,Billie Eilish,BIRDS OF A FEATHER,Darkroom/Interscope Records,5,12,21,524115,SE,Sweden,Q4,2024
13,spotify:track:3jEU1V6aIJR8cQWiKT8BNT,"Asme, Shiro",Aiko,BL x CRN,2,11,6,517661,SE,Sweden,Q4,2024
14,spotify:track:3GygspQIcYy5OnRiw245Qh,Babblarna,Babblarnas vaggvisa,Universal Music AB Distributed Labels,5,16,302,495755,SE,Sweden,Q4,2024
15,spotify:track:7daGugofgBVQN2TGIrlFjO,"ADAAM, Dizzy, Trobi",SAHBI,Universal Music AB,6,13,12,488670,SE,Sweden,Q4,2024
16,spotify:track:2262bWmqomIaJXwCRHr13j,Gigi Perez,Sailor Song,Gigi Perez PS/ Island,16,31,6,465871,SE,Sweden,Q4,2024
17,spotify:track:29YN98sTVSpfYMpPzFXaGU,Bolaget,Välkommen ner,WM Sweden,3,19,27,436602,SE,Sweden,Q4,2024
18,spotify:track:6KOzO2mUwSwe8a9GiJAn7X,Bolaget,Kan Inte Gå,WM Sweden,1,15,145,435107,SE,Sweden,Q4,2024
19,spotify:track:5G2f63n7IPVPPjfNIGih7Q,Sabrina Carpenter,Taste,Island Records,9,18,7,430075,SE,Sweden,Q4,2024
20,spotify:track:4o5Ob60pz8QHcFKcr4MWyf,Bolaget,Ikväll Igen,WM Sweden,1,39,79,404895,SE,Sweden,Q4,2024
21,spotify:track:6ZCqmo8xkKmNBxiHUedaAx,"Hov1, Seinabo Sey",Försent,Universal Music AB,3,21,12,389458,SE,Sweden,Q4,2024
22,spotify:track:3xkHsmpQCBMytMJNiDf3Ii,Benson Boone,Beautiful Things,"Night Street Records, Inc./Warner Records Inc.",3,26,38,374317,SE,Sweden,Q4,2024
23,spotify:track:17phhZDn6oGtzMe56NuWvj,Teddy Swims,Lose Control,Warner Records,17,20,54,373636,SE,Sweden,Q4,2024
24,spotify:track:1Es7AUAhQvapIcoh3qMKDL,"The Weeknd, Playboi Carti",Timeless (feat Playboi Carti),XO / Republic Records,17,17,2,370233,SE,Sweden,Q4,2024
25,spotify:track:5IZXB5IKAD2qlvTPJYDCFB,"Post Malone, Morgan Wallen",I Had Some Help (Feat. Morgan Wallen),Mercury Records / Republic Records,3,24,22,365027,SE,Sweden,Q4,2024
26,spotify:track:2HRqTpkrJO5ggZyyK6NPWz,Sabrina Carpenter,Espresso,Island Records,4,23,26,358062,SE,Sweden,Q4,2024
27,spotify:track:4sK5CMrCaN3BpAq1cojtA0,Miss Li,Småstadsdrömmar,Pistol Packin' Music,24,27,4,351433,SE,Sweden,Q4,2024
28,spotify:track:3Vr3zh0r7ALn8VLqCiRR10,Myles Smith,Stargazing,RCA Records Label,6,34,22,340449,SE,Sweden,Q4,2024
29,spotify:track:0WbMK4wrZ1wFSty9F7FCgu,Chappell Roan,"Good Luck, Babe!",Chappell Roan PS/ Island,25,29,23,325282,SE,Sweden,Q4,2024
30,spotify:track:5iBSvGT3waImHIGW1eEeH7,Benjamin Ingrosso,Look Who's Laughing Now,Universal Music AB,1,30,17,324501,SE,Sweden,Q4,2024
31,spotify:track:2uqYupMHANxnwgeiXTZXzd,Dasha,Austin (Boots Stop Workin'),Warner Records,15,25,32,323686,SE,Sweden,Q4,2024
32,spotify:track:1LY3GhF0zxIVgbYEQjCbUO,"Disturbed, CYRIL",The Sound of Silence - CYRIL Remix,Reprise,29,35,34,319722,SE,Sweden,Q4,2024
33,spotify:track:401N7rbd6MSziVSDVTaQr7,"Humlan Djojj, Josefine Götestam",Somna,Filtr Kids,23,40,111,317984,SE,Sweden,Q4,2024
34,spotify:track:3nHuKdFJZm78CoeBnDcFKe,Teddy Swims,Bad Dreams,Warner Records,28,28,4,313205,SE,Sweden,Q4,2024
35,spotify:track:19XpFsce28aByvCC4g89tJ,Hozier,Too Sweet,Columbia,5,36,28,311515,SE,Sweden,Q4,2024
36,spotify:track:7BPcWZDSRLdMbOybXlspcC,Søte & Rare,Bærum Bitches (Mannschaft),Søte og Rare´ Records,4,33,30,310237,SE,Sweden,Q4,2024
37,spotify:track:4KULAymBBJcPRpk1yO4dOG,"Zach Bryan, Kacey Musgraves",I Remember Everything (feat. Kacey Musgraves),Warner Records,20,42,59,308923,SE,Sweden,Q4,2024
38,spotify:track:2PnlsTsOTLE5jnBnNe2K0A,Linkin Park,The Emptiness Machine,Warner Records,14,22,5,305717,SE,Sweden,Q4,2024
39,spotify:track:4BliCq54T5TbxmaLdXJGEK,"Hooja, Miriam Bryant",VEM FAN E DU?,Roxy Recordings,1,38,29,304858,SE,Sweden,Q4,2024
40,spotify:track:331l3xABO0HMr1Kkyh2LZq,"David Guetta, OneRepublic",I Don't Wanna Wait,Parlophone UK,14,43,27,304522,SE,Sweden,Q4,2024
41,spotify:track:5jlAu4lHHVzheutRcbDklk,"Humlan Djojj, Josefine Götestam",Stjärnorna,Filtr Kids,26,46,115,299941,SE,Sweden,Q4,2024
42,spotify:track:6Vbgg3C5Qo7olhjIIr1r4e,"Bolaget, Victor Leksell",Låt Mig Va,WM Sweden,1,50,42,298384,SE,Sweden,Q4,2024
43,spotify:track:3hRV0jL3vUpRrcy398teAU,Lord Huron,The Night We Met,Lord Huron,24,32,90,297051,SE,Sweden,Q4,2024
44,spotify:track:3CTgRPxyTh2w7wBjVFH88e,"Purple Disco Machine, Benjamin Ingrosso, Nile Rodgers, Shenseea",Honey Boy (feat. Nile Rodgers & Shenseea),Columbia Local,2,37,23,295038,SE,Sweden,Q4,2024
45,spotify:track:28tmgW1cStfjnvE3zQARhd,Ant Wan,Lover,Ant Wan,6,48,7,262748,SE,Sweden,Q4,2024
46,spotify:track:4FGvRqZ1pPaflN2jjLBMB9,Yasin,Har Dig,GG,2,73,85,260677,SE,Sweden,Q4,2024
47,spotify:track:23pO9ZdhArX2NTfoxfy0bU,Norlie & KKV,Hur ska jag sova inatt,WM Sweden,47,-1,1,260449,SE,Sweden,Q4,2024
48,spotify:track:3QaPy1KgI7nu9FJEQUgn6h,Billie Eilish,WILDFLOWER,Darkroom/Interscope Records,48,59,18,257646,SE,Sweden,Q4,2024
49,spotify:track:2i659C6ywROaFG0kj5eOoA,C.Gambino,Sista Gång,WM Sweden,1,49,19,256105,SE,Sweden,Q4,2024
50,spotify:track:2OBPcWM3GYFpGvaCRoTYlg,"Awave, Dizzy, takenoelz, Pablo Paz",Ska Du Med,Universal Music AB,40,52,3,255772,SE,Sweden,Q4,2024
1,spotify:track:2HRgqmZQC0MC7GeNuDIXHN,"Jung Kook, Latto",Seven (feat. Latto) (Explicit Ver.),BIGHIT MUSIC,1,1,26,323740,SG,Singapore,Q1,2024
2,spotify:track:3rUGC1vUpkDG9CZFHMur1t,Tate McRae,greedy,RCA Records Label,1,2,17,293690,SG,Singapore,Q1,2024
3,spotify:track:74X2u8JMVooG2QbjRxXwR8,LE SSERAFIM,Perfect Night,SOURCE MUSIC,2,3,11,271083,SG,Singapore,Q1,2024
4,spotify:track:1BxfuPKGuaTgP7aM0Bbdwr,Taylor Swift,Cruel Summer,Taylor Swift,1,4,73,257093,SG,Singapore,Q1,2024
5,spotify:track:3vkCueOmm7xQDoJ17W1Pm3,Mitski,My Love Mine All Mine,Dead Oceans,4,5,16,239854,SG,Singapore,Q1,2024
6,spotify:track:7CyPwkp0oE8Ro9Dd5CUDjW,"The Weeknd, JENNIE, Lily-Rose Depp","One Of The Girls (with JENNIE, Lily Rose Depp)",XO / Republic Records,6,7,29,231471,SG,Singapore,Q1,2024
7,spotify:track:2KslE17cAJNHTsI2MI0jb2,Jung Kook,Standing Next to You,BIGHIT MUSIC,2,6,10,214436,SG,Singapore,Q1,2024
8,spotify:track:3Ua0m0YmEjrMi9XErKcNiR,Jimin,Like Crazy,BIGHIT MUSIC,6,16,42,204746,SG,Singapore,Q1,2024
9,spotify:track:01qFKNWq73UfEslI0GvumE,"Jung Kook, Jack Harlow",3D (feat. Jack Harlow),BIGHIT MUSIC,2,8,15,191519,SG,Singapore,Q1,2024
10,spotify:track:5PyDJG7SQRgWXefgexqIge,Doja Cat,Agora Hills,Kemosabe Records/RCA Records,5,9,16,181434,SG,Singapore,Q1,2024
11,spotify:track:5Rzpn60KTM11EBETHaF9Kt,承桓,我会等,一寸光年,6,11,39,179238,SG,Singapore,Q1,2024
12,spotify:track:5sdQOyqq2IDhvmx2lHOpwd,NewJeans,Super Shy,ADOR,1,12,27,162122,SG,Singapore,Q1,2024
13,spotify:track:3k6q0O9JnO2GhvD6C8fs20,Jimin,Closer Than This,BIGHIT MUSIC,13,15,3,161259,SG,Singapore,Q1,2024
14,spotify:track:2Zo1PcszsT9WQ0ANntJbID,Sabrina Carpenter,Feather,Island Records,14,19,24,143294,SG,Singapore,Q1,2024
15,spotify:track:6dgUya35uo964z7GZXM07g,Sabrina Carpenter,Nonsense,Island Records,5,13,60,142240,SG,Singapore,Q1,2024
16,spotify:track:1Qrg8KqiBpW07V7PNxwwwL,SZA,Kill Bill,Top Dawg Entertainment/RCA Records,1,18,57,140058,SG,Singapore,Q1,2024
17,spotify:track:1kuGVB7EU95pJObxwvfwKS,Olivia Rodrigo,vampire,Olivia Rodrigo PS,2,17,28,139938,SG,Singapore,Q1,2024
18,spotify:track:5XWlyfo0kZ8LF7VSyfS4Ew,aespa,Drama,SM Entertainment / Warner Records,9,14,9,138645,SG,Singapore,Q1,2024
19,spotify:track:2N0SPREDYqILVEFSsWF5N5,V,Love Me Again,BIGHIT MUSIC,9,10,22,134841,SG,Singapore,Q1,2024
20,spotify:track:4xhsWYTOGcal8zt0J161CU,Jack Harlow,Lovin On Me,Generation Now/Atlantic,20,24,8,130771,SG,Singapore,Q1,2024
21,spotify:track:6I3mqTwhRpn34SLVafSH7G,Justin Bieber,Ghost,RBMG/Def Jam,1,22,123,129347,SG,Singapore,Q1,2024
22,spotify:track:5aIVCx5tnk0ntmdiinnYvw,Tyla,Water,FAX Records/Epic,14,21,15,127538,SG,Singapore,Q1,2024
23,spotify:track:7fAdinC2UTc0Y9GiKrkTtu,卢卢快闭嘴,字字句句,鲸鱼向海,22,25,32,126640,SG,Singapore,Q1,2024
24,spotify:track:5mjYQaktjmjcMKcUIcqz4s,Kenya Grace,Strangers,Warner Records/Major Recordings,5,20,19,126481,SG,Singapore,Q1,2024
25,spotify:track:56y1jOTK0XSvJzVv9vHQBK,Doja Cat,Paint The Town Red,Kemosabe Records/RCA Records,4,23,23,123179,SG,Singapore,Q1,2024
26,spotify:track:6WzRpISELf3YglGAh7TXcG,"The Weeknd, Playboi Carti, Madonna",Popular (with Playboi Carti & Madonna) - From The Idol Vol. 1 (Music from the HBO Original Series),XO / Republic Records,26,44,32,119644,SG,Singapore,Q1,2024
27,spotify:track:6wf7Yu7cxBSPrRlWeSeK0Q,Billie Eilish,"What Was I Made For? [From The Motion Picture ""Barbie""]",Darkroom/Interscope Records,3,31,26,115483,SG,Singapore,Q1,2024
28,spotify:track:6gcuJpHu0Ey30D5WR76y98,JENNIE,You & Me,YG Entertainment/Interscope Records,4,26,14,114728,SG,Singapore,Q1,2024
29,spotify:track:1mea3bSkSGXuIRvnydlB5b,Coldplay,Viva La Vida,Parlophone UK,6,46,76,112275,SG,Singapore,Q1,2024
30,spotify:track:65FftemJ1DbbZ45DUfHJXE,NewJeans,OMG,ADOR,1,28,54,112006,SG,Singapore,Q1,2024
31,spotify:track:739WUU1tPFLO4x4HJq561K,FIFTY FIFTY,Cupid - Twin Version,SME Korea Inc.,1,30,45,111810,SG,Singapore,Q1,2024
32,spotify:track:3AJwUDP919kvQ9QcozQPxg,Coldplay,Yellow,Parlophone UK,5,39,202,111350,SG,Singapore,Q1,2024
33,spotify:track:5XeFesFbtLpXzIVDNQP22n,Arctic Monkeys,I Wanna Be Yours,Domino Recording Co,32,32,76,109471,SG,Singapore,Q1,2024
34,spotify:track:4iZ4pt7kvcaH6Yo8UoZ4s2,SZA,Snooze,Top Dawg Entertainment/RCA Records,9,33,54,108480,SG,Singapore,Q1,2024
35,spotify:track:3VBj0lzjmhTzVFPEDOjNCG,BABYMONSTER,BATTER UP,YG Entertainment,18,27,7,106540,SG,Singapore,Q1,2024
36,spotify:track:0cGpKQ8RxxLOFqhktEURIj,"UMI, V",wherever u r (ft. V of BTS),UMI Inc under exclusive license to Unitedmasters LLC,29,29,2,104488,SG,Singapore,Q1,2024
37,spotify:track:3r8RuvgbX9s7ammBn07D3W,NewJeans,Ditto,ADOR,1,34,56,103904,SG,Singapore,Q1,2024
38,spotify:track:7qEHsqek33rTcFNT9PFqLf,Lewis Capaldi,Someone You Loved,Vertigo Berlin,4,37,260,103230,SG,Singapore,Q1,2024
39,spotify:track:1Iq8oo9XkmmvCQiGOfORiz,Taylor Swift,Is It Over Now? (Taylor's Version) (From The Vault),Taylor Swift,3,41,11,100772,SG,Singapore,Q1,2024
40,spotify:track:1IVj6CsBbTgOEpo0W6hgwN,张远,嘉賓,United Entertainment Group Limited,17,40,124,99768,SG,Singapore,Q1,2024
41,spotify:track:4E63weMCaNZuGPEFMnuEi8,Tate McRae,exes,RCA Records Label,19,38,8,98886,SG,Singapore,Q1,2024
42,spotify:track:2deIA64Gfsm50VTsKwrxnQ,张妙格,我期待的不是雪 (而是有你的冬天),酷狗文化,35,35,5,98657,SG,Singapore,Q1,2024
43,spotify:track:4Dvkj6JhhA12EX05fT7y2e,Harry Styles,As It Was,Columbia,1,43,93,96497,SG,Singapore,Q1,2024
44,spotify:track:567e29TDzLwZwfDuEpGTwo,"The Kid LAROI, Justin Bieber",STAY (with Justin Bieber),Columbia,1,45,131,94911,SG,Singapore,Q1,2024
45,spotify:track:72OVnXDzugvrCU25lMi9au,WeiBird,"如果可以 - 電影""月老""主題曲",Sony Music Entertainment,3,52,110,94035,SG,Singapore,Q1,2024
46,spotify:track:5odlY52u43F5BjByhxg7wg,JVKE,golden hour,JVKE,1,42,73,92548,SG,Singapore,Q1,2024
47,spotify:track:0V3wPSX9ygBnCm8psDIegu,Taylor Swift,Anti-Hero,Taylor Swift,1,49,64,91616,SG,Singapore,Q1,2024
48,spotify:track:4fYte8ZvTK14NEhAOZocBi,OneRepublic,I Ain't Worried,Mosley Music/Interscope Records,3,53,85,88641,SG,Singapore,Q1,2024
49,spotify:track:6RUKPb4LETWmmr3iAEQktW,"The Chainsmokers, Coldplay",Something Just Like This,Disruptor Records/Columbia,1,63,360,87881,SG,Singapore,Q1,2024
50,spotify:track:1dGr1c8CrMLDpV6mPbImSI,Taylor Swift,Lover,Taylor Swift,2,55,111,86800,SG,Singapore,Q1,2024
1,spotify:track:1aKvZDoLGkNMxoRYgkckZG,ILLIT,Magnetic,BELIFT LAB,1,1,3,774359,SG,Singapore,Q2,2024
2,spotify:track:51ZQ1vr10ffzbwIjDCwqm4,Ariana Grande,we can't be friends (wait for your love),Republic Records,1,2,5,480407,SG,Singapore,Q2,2024
3,spotify:track:2HRgqmZQC0MC7GeNuDIXHN,"Jung Kook, Latto",Seven (feat. Latto) (Explicit Ver.),BIGHIT MUSIC,1,3,39,394739,SG,Singapore,Q2,2024
4,spotify:track:1BxfuPKGuaTgP7aM0Bbdwr,Taylor Swift,Cruel Summer,Taylor Swift,1,4,86,351450,SG,Singapore,Q2,2024
5,spotify:track:3qhlB30KknSejmIvZZLjOD,Djo,End of Beginning,Djo,3,5,8,333442,SG,Singapore,Q2,2024
6,spotify:track:5g7sDjBhZ4I3gcFIpkrLuI,Bruno Mars,Locked out of Heaven,Atlantic Records,6,17,21,262546,SG,Singapore,Q2,2024
7,spotify:track:3rUGC1vUpkDG9CZFHMur1t,Tate McRae,greedy,RCA Records Label,1,7,30,252680,SG,Singapore,Q2,2024
8,spotify:track:0KKkJNfGyhkQ5aFogxQAPU,Bruno Mars,That's What I Like,Atlantic Records,3,13,142,250570,SG,Singapore,Q2,2024
9,spotify:track:161DnLWsx1i3u1JT05lzqU,Bruno Mars,Talking to the Moon,Atlantic Records,9,20,101,244294,SG,Singapore,Q2,2024
10,spotify:track:0kN8xEmgMW9mh7UmDYHlJP,Bruno Mars,Versace on the Floor,Atlantic Records,10,32,78,236915,SG,Singapore,Q2,2024
11,spotify:track:7BqBn9nzAq8spo5e7cZ0dJ,Bruno Mars,Just the Way You Are,Atlantic Records,11,16,289,236498,SG,Singapore,Q2,2024
12,spotify:track:1njlnn8ZKHI77Pe9szIONR,BABYMONSTER,SHEESH,YG Entertainment,12,40,2,228934,SG,Singapore,Q2,2024
13,spotify:track:3lwK3WyKAI5bUuGY1OgGbZ,LE SSERAFIM,Smart,SOURCE MUSIC,4,10,8,223928,SG,Singapore,Q2,2024
14,spotify:track:2O4Bb2WCkjlTPO827OnBMI,LE SSERAFIM,EASY,SOURCE MUSIC,1,8,8,219218,SG,Singapore,Q2,2024
15,spotify:track:2o1pb13quMReXZqE7jWsgq,Ariana Grande,intro (end of the world),Republic Records,6,6,5,218514,SG,Singapore,Q2,2024
16,spotify:track:4lLtanYk6tkMvooU0tWzG8,Bruno Mars,Grenade,Atlantic Records,16,31,8,208436,SG,Singapore,Q2,2024
17,spotify:track:6b8Be6ljOzmkOmFslEb23P,Bruno Mars,24K Magic,Atlantic Records,10,26,49,208154,SG,Singapore,Q2,2024
18,spotify:track:0B7wvvmu9EISAwZnOpjhNI,Bruno Mars,When I Was Your Man,Atlantic Records,18,30,70,205032,SG,Singapore,Q2,2024
19,spotify:track:3xkHsmpQCBMytMJNiDf3Ii,Benson Boone,Beautiful Things,"Night Street Records, Inc./Warner Records Inc.",9,9,11,204708,SG,Singapore,Q2,2024
20,spotify:track:1bjeWoagtHmUKputLVyDxQ,SZA,Saturn,Top Dawg Entertainment/RCA Records,11,12,7,204346,SG,Singapore,Q2,2024
21,spotify:track:4G2Hbfwvn3oH7LxxPXjjGn,Bruno Mars,Treasure,Atlantic Records,21,29,4,194795,SG,Singapore,Q2,2024
22,spotify:track:6SKwQghsR8AISlxhcwyA9R,Bruno Mars,Marry You,Atlantic Records,22,33,10,191112,SG,Singapore,Q2,2024
23,spotify:track:01qFKNWq73UfEslI0GvumE,"Jung Kook, Jack Harlow",3D (feat. Jack Harlow),BIGHIT MUSIC,2,14,28,186210,SG,Singapore,Q2,2024
24,spotify:track:2KslE17cAJNHTsI2MI0jb2,Jung Kook,Standing Next to You,BIGHIT MUSIC,2,11,22,185385,SG,Singapore,Q2,2024
25,spotify:track:5XMkENs3GfeRza8MfVAhjK,Bruno Mars,Finesse,Atlantic Records,25,37,2,176154,SG,Singapore,Q2,2024
26,spotify:track:2GxrNKugF82CnoRFbQfzPf,Artemas,i like the way you kiss me,Artemas,26,38,2,175442,SG,Singapore,Q2,2024
27,spotify:track:3vkCueOmm7xQDoJ17W1Pm3,Mitski,My Love Mine All Mine,Dead Oceans,4,15,29,174396,SG,Singapore,Q2,2024
28,spotify:track:0AjmK0Eai4zGrLaJwPvrDp,Hozier,Too Sweet,Columbia,28,51,2,173393,SG,Singapore,Q2,2024
29,spotify:track:3Ua0m0YmEjrMi9XErKcNiR,Jimin,Like Crazy,BIGHIT MUSIC,6,27,55,172695,SG,Singapore,Q2,2024
30,spotify:track:7CyPwkp0oE8Ro9Dd5CUDjW,"The Weeknd, JENNIE, Lily-Rose Depp","One Of The Girls (with JENNIE, Lily Rose Depp)",XO / Republic Records,6,18,42,172541,SG,Singapore,Q2,2024
31,spotify:track:6dgUya35uo964z7GZXM07g,Sabrina Carpenter,Nonsense,Island Records,5,21,73,172099,SG,Singapore,Q2,2024
32,spotify:track:74X2u8JMVooG2QbjRxXwR8,LE SSERAFIM,Perfect Night,SOURCE MUSIC,2,19,24,170282,SG,Singapore,Q2,2024
33,spotify:track:2Zo1PcszsT9WQ0ANntJbID,Sabrina Carpenter,Feather,Island Records,14,23,37,168562,SG,Singapore,Q2,2024
34,spotify:track:7hCNBVRhHzcsRAv0TQnOzq,Bruno Mars,Runaway Baby,Atlantic Records,34,48,2,164788,SG,Singapore,Q2,2024
35,spotify:track:4rMNgxEwGWoPHIUcvB5BrB,Bruno Mars,It Will Rain,Chop Shop/Atlantic,35,45,11,162433,SG,Singapore,Q2,2024
36,spotify:track:0vaxYDAuAO1nPolC6bQp7V,KISS OF LIFE,Midas Touch,S2 ENTERTAINMENT INC.,36,-1,1,148818,SG,Singapore,Q2,2024
37,spotify:track:2qPUnoasNe4Ep43emVXEig,"Travie McCoy, Bruno Mars",Billionaire (feat. Bruno Mars),Decaydance/Fueled By Ramen,37,44,2,147429,SG,Singapore,Q2,2024
38,spotify:track:32OlwWuMpZ6b0aN2RZOeMS,"Mark Ronson, Bruno Mars",Uptown Funk (feat. Bruno Mars),Columbia,38,64,2,147083,SG,Singapore,Q2,2024
39,spotify:track:1dGr1c8CrMLDpV6mPbImSI,Taylor Swift,Lover,Taylor Swift,2,24,124,146882,SG,Singapore,Q2,2024
40,spotify:track:3aAnwyBJY9OLNLqSgd4fZU,TOMORROW X TOGETHER,Deja Vu,Republic Records - TXT,40,87,2,144182,SG,Singapore,Q2,2024
41,spotify:track:5Rzpn60KTM11EBETHaF9Kt,承桓,我会等,一寸光年,6,28,52,140394,SG,Singapore,Q2,2024
42,spotify:track:6EIMUjQ7Q8Zr2VtIUik4He,Henry Moodie,drunk text,Robots & Humans/Columbia,35,35,12,137442,SG,Singapore,Q2,2024
43,spotify:track:0Lmbke3KNVFXtoH2mMSHCw,Ariana Grande,the boy is mine,Republic Records,17,25,5,135280,SG,Singapore,Q2,2024
44,spotify:track:59dLtGBS26x7kc0rHbaPrq,"B.o.B, Bruno Mars",Nothin' on You (feat. Bruno Mars),Rebel Rock/Grand Hustle/Atlantic,44,69,2,133862,SG,Singapore,Q2,2024
45,spotify:track:0PG9fbaaHFHfre2gUVo7AN,"Cardi B, Bruno Mars",Please Me,Atlantic/KSR,24,66,12,131429,SG,Singapore,Q2,2024
46,spotify:track:2tudvzsrR56uom6smgOcSf,"Future, Metro Boomin, Kendrick Lamar",Like That,Wilburn Holding Co./Boominati/Epic/Republic,22,22,3,131419,SG,Singapore,Q2,2024
47,spotify:track:2G1tXoGBaEMJ7FKGnkf6ud,"Gucci Mane, Bruno Mars, Kodak Black",Wake Up in the Sky,Guwop Enterprises/Atlantic,46,57,14,129100,SG,Singapore,Q2,2024
48,spotify:track:0PBTlQ84CBJF0tBnKGmQa6,V,FRI(END)S,BIGHIT MUSIC,18,34,4,128333,SG,Singapore,Q2,2024
49,spotify:track:02VBYrHfVwfEWXk5DXyf0T,"Bruno Mars, Anderson .Paak, Silk Sonic",Leave The Door Open,Aftermath Entertainment/Atlantic,2,71,81,127121,SG,Singapore,Q2,2024
50,spotify:track:6I3mqTwhRpn34SLVafSH7G,Justin Bieber,Ghost,RBMG/Def Jam,1,36,136,123738,SG,Singapore,Q2,2024
1,spotify:track:6dOtVTDdiauQNBQEDOtlAB,Billie Eilish,BIRDS OF A FEATHER,Darkroom/Interscope Records,1,1,8,566549,SG,Singapore,Q3,2024
2,spotify:track:2qSkIjg1o9h3YT9RAgYN75,Sabrina Carpenter,Espresso,Island Records,1,2,13,519148,SG,Singapore,Q3,2024
3,spotify:track:5N3hjp1WNayUPZrA8kJmJP,Sabrina Carpenter,Please Please Please,Island Records,1,3,5,475000,SG,Singapore,Q3,2024
4,spotify:track:0WbMK4wrZ1wFSty9F7FCgu,Chappell Roan,"Good Luck, Babe!",Chappell Roan PS/ Island,4,4,12,329944,SG,Singapore,Q3,2024
5,spotify:track:5Z0UnEtpLDQyYlWwgi8m9C,Hozier,Too Sweet,Columbia,4,6,15,273506,SG,Singapore,Q3,2024
6,spotify:track:1kPhV0KQui1phEpjnWIqUN,"Jimin, Loco",Smeraldo Garden Marching Band (feat. Loco),BIGHIT MUSIC,5,5,2,272739,SG,Singapore,Q3,2024
7,spotify:track:6vvPecFTmWxDfEJ6cYT1wa,LISA,Rockstar,Lloud Co./RCA Records,7,9,2,269852,SG,Singapore,Q3,2024
8,spotify:track:51ZQ1vr10ffzbwIjDCwqm4,Ariana Grande,we can't be friends (wait for your love),Republic Records,1,10,18,256847,SG,Singapore,Q3,2024
9,spotify:track:1aKvZDoLGkNMxoRYgkckZG,ILLIT,Magnetic,BELIFT LAB,1,7,16,254169,SG,Singapore,Q3,2024
10,spotify:track:5AJ9hqTS2wcFQCELCFRO7A,Tommy Richman,MILLION DOLLAR BABY,PULSE Records,3,8,10,253704,SG,Singapore,Q3,2024
11,spotify:track:6AI3ezQ4o3HUoP6Dhudph3,Kendrick Lamar,Not Like Us,"Kendrick Lamar, under exclusive license to Interscope Records",11,12,10,251084,SG,Singapore,Q3,2024
12,spotify:track:2OzhQlSqBEmt7hmkYxfT6m,"Taylor Swift, Post Malone",Fortnight (feat. Post Malone),Taylor Swift,1,11,12,250087,SG,Singapore,Q3,2024
13,spotify:track:1BxfuPKGuaTgP7aM0Bbdwr,Taylor Swift,Cruel Summer,Taylor Swift,1,13,99,216096,SG,Singapore,Q3,2024
14,spotify:track:2HRgqmZQC0MC7GeNuDIXHN,"Jung Kook, Latto",Seven (feat. Latto) (Explicit Ver.),BIGHIT MUSIC,1,14,52,200672,SG,Singapore,Q3,2024
15,spotify:track:3qhlB30KknSejmIvZZLjOD,Djo,End of Beginning,Djo,3,15,21,188441,SG,Singapore,Q3,2024
16,spotify:track:47QP509sXnE54NwhzoMHAi,BABYMONSTER,FOREVER,YG Entertainment,16,68,2,186676,SG,Singapore,Q3,2024
17,spotify:track:3xkHsmpQCBMytMJNiDf3Ii,Benson Boone,Beautiful Things,"Night Street Records, Inc./Warner Records Inc.",9,17,24,175128,SG,Singapore,Q3,2024
18,spotify:track:7CyPwkp0oE8Ro9Dd5CUDjW,"The Weeknd, JENNIE, Lily-Rose Depp","One Of The Girls (with JENNIE, Lily Rose Depp)",XO / Republic Records,6,23,55,165334,SG,Singapore,Q3,2024
19,spotify:track:3k6q0O9JnO2GhvD6C8fs20,Jimin,Closer Than This,BIGHIT MUSIC,13,16,15,164091,SG,Singapore,Q3,2024
20,spotify:track:6GyUt7yJ0sOktc5HjvVnFh,"Firdhaus, DIOR 大穎",在加納共和國離婚,Loolala Music (M) Sdn Bhd,20,22,13,164051,SG,Singapore,Q3,2024
21,spotify:track:5ocSQW5sIUIOFojwXEz9Ki,NewJeans,Supernatural,ADOR,18,18,3,160970,SG,Singapore,Q3,2024
22,spotify:track:6dgUya35uo964z7GZXM07g,Sabrina Carpenter,Nonsense,Island Records,5,21,86,160890,SG,Singapore,Q3,2024
23,spotify:track:1bjeWoagtHmUKputLVyDxQ,SZA,Saturn,Top Dawg Entertainment/RCA Records,11,27,20,157043,SG,Singapore,Q3,2024
24,spotify:track:4sgMbwl9lXGyHcHmtFYGMm,aespa,Supernova,SM Entertainment,7,20,9,156751,SG,Singapore,Q3,2024
25,spotify:track:6i8MbzVn4nzyjUcSoVcz7B,aespa,Armageddon,SM Entertainment,9,19,7,155521,SG,Singapore,Q3,2024
26,spotify:track:4e1aewX6ATPcdfQIqr7gqO,KISS OF LIFE,Sticky,S2 ENTERTAINMENT INC.,26,196,2,141254,SG,Singapore,Q3,2024
27,spotify:track:38tXZcL1gZRfbqfOG0VMTH,NewJeans,How Sweet,ADOR,10,26,7,141232,SG,Singapore,Q3,2024
28,spotify:track:629DixmZGHc7ILtEntuiWE,Billie Eilish,LUNCH,Darkroom/Interscope Records,7,28,8,137824,SG,Singapore,Q3,2024
29,spotify:track:3Vr3zh0r7ALn8VLqCiRR10,Myles Smith,Stargazing,RCA Records Label,29,33,9,135211,SG,Singapore,Q3,2024
30,spotify:track:3Ua0m0YmEjrMi9XErKcNiR,Jimin,Like Crazy,BIGHIT MUSIC,6,25,68,134928,SG,Singapore,Q3,2024
31,spotify:track:2Zo1PcszsT9WQ0ANntJbID,Sabrina Carpenter,Feather,Island Records,14,29,50,133533,SG,Singapore,Q3,2024
32,spotify:track:5Y35SjAfXjjG0sFQ3KOxmm,SZA,Nobody Gets Me,Top Dawg Entertainment/RCA Records,14,39,60,130109,SG,Singapore,Q3,2024
33,spotify:track:1njlnn8ZKHI77Pe9szIONR,BABYMONSTER,SHEESH,YG Entertainment,7,32,15,129445,SG,Singapore,Q3,2024
34,spotify:track:53rB05bAi7JdNbUfgz72I1,NAYEON,ABCD,Republic Records – NAYEON (TWICE),20,24,4,129432,SG,Singapore,Q3,2024
35,spotify:track:5O2P9iiztwhomNh8xkR9lJ,One Direction,Night Changes,Syco Music,35,47,148,127046,SG,Singapore,Q3,2024
36,spotify:track:1SS0WlKhJewviwEDZ6dWj0,"ZICO, JENNIE",SPOT!,KOZ Entertainment,7,30,11,126146,SG,Singapore,Q3,2024
37,spotify:track:1mea3bSkSGXuIRvnydlB5b,Coldplay,Viva La Vida,Parlophone UK,1,54,102,125871,SG,Singapore,Q3,2024
38,spotify:track:7fAdinC2UTc0Y9GiKrkTtu,卢卢快闭嘴,字字句句,鲸鱼向海,22,43,58,125446,SG,Singapore,Q3,2024
39,spotify:track:5Rzpn60KTM11EBETHaF9Kt,承桓,我会等,一寸光年,6,36,65,125326,SG,Singapore,Q3,2024
40,spotify:track:3rUGC1vUpkDG9CZFHMur1t,Tate McRae,greedy,RCA Records Label,1,41,43,124352,SG,Singapore,Q3,2024
41,spotify:track:6EIMUjQ7Q8Zr2VtIUik4He,Henry Moodie,drunk text,Robots & Humans/Columbia,19,31,25,123893,SG,Singapore,Q3,2024
42,spotify:track:4q5YezDOIPcoLr8R81x9qy,Taylor Swift,I Can Do It With a Broken Heart,Taylor Swift,5,35,12,123773,SG,Singapore,Q3,2024
43,spotify:track:0W0iAC1VGlB82PI6elxFYf,Taylor Swift,Guilty as Sin?,Taylor Swift,10,45,12,122084,SG,Singapore,Q3,2024
44,spotify:track:4Dvkj6JhhA12EX05fT7y2e,Harry Styles,As It Was,Columbia,1,34,119,121012,SG,Singapore,Q3,2024
45,spotify:track:22DH8NChecsgPxDjA4pqer,"Quavo, Lana Del Rey",Tough,Quality Control Music/Motown Records,45,-1,1,120334,SG,Singapore,Q3,2024
46,spotify:track:3vkCueOmm7xQDoJ17W1Pm3,Mitski,My Love Mine All Mine,Dead Oceans,4,57,42,115879,SG,Singapore,Q3,2024
47,spotify:track:1Qrg8KqiBpW07V7PNxwwwL,SZA,Kill Bill,Top Dawg Entertainment/RCA Records,1,38,83,115407,SG,Singapore,Q3,2024
48,spotify:track:3JG1uFc40wfyrqaWC7iv0e,Artemas,i like the way you kiss me,Artemas,14,44,15,115165,SG,Singapore,Q3,2024
49,spotify:track:0QzuaeCEEOV40Pn7IvKEny,Dhruv,double take,Little Worry/RCA Records,2,62,162,114645,SG,Singapore,Q3,2024
50,spotify:track:2o1pb13quMReXZqE7jWsgq,Ariana Grande,intro (end of the world),Republic Records,6,52,18,110878,SG,Singapore,Q3,2024
1,spotify:track:7tI8dRuH2Yc6RuoTjxo4dU,Jimin,Who,BIGHIT MUSIC,1,1,12,865781,SG,Singapore,Q4,2024
2,spotify:track:2plbrEY59IikOBgBGLjaoe,"Lady Gaga, Bruno Mars",Die With A Smile,Interscope,1,2,8,697683,SG,Singapore,Q4,2024
3,spotify:track:6dOtVTDdiauQNBQEDOtlAB,Billie Eilish,BIRDS OF A FEATHER,Darkroom/Interscope Records,1,3,21,444269,SG,Singapore,Q4,2024
4,spotify:track:5G2f63n7IPVPPjfNIGih7Q,Sabrina Carpenter,Taste,Island Records,4,4,7,321236,SG,Singapore,Q4,2024
5,spotify:track:2HRqTpkrJO5ggZyyK6NPWz,Sabrina Carpenter,Espresso,Island Records,1,5,26,315373,SG,Singapore,Q4,2024
6,spotify:track:0WbMK4wrZ1wFSty9F7FCgu,Chappell Roan,"Good Luck, Babe!",Chappell Roan PS/ Island,4,6,25,263418,SG,Singapore,Q4,2024
7,spotify:track:0VVD95cRAppHSOGPYrfIG2,Regina Song,the cutest pair,PARKA,7,9,5,257883,SG,Singapore,Q4,2024
8,spotify:track:6aJn7Cst74cj4lNIiPRgav,KATSEYE,Touch,HYBE/Geffen,7,7,10,255438,SG,Singapore,Q4,2024
9,spotify:track:6MzofobZt2dm0Kf1hTThFz,Addison Rae,Diet Pepsi,Columbia,9,12,7,244541,SG,Singapore,Q4,2024
10,spotify:track:2tHwzyyOLoWSFqYNjeVMzj,Sabrina Carpenter,Please Please Please,Island Records,1,8,18,239337,SG,Singapore,Q4,2024
11,spotify:track:2aL4lMGhWdPpyPL6COPou7,keshi,Soft Spot,Island Records,10,10,4,230249,SG,Singapore,Q4,2024
12,spotify:track:1UHS8Rf6h5Ar3CDWRd3wjF,Sabrina Carpenter,Bed Chem,Island Records,9,11,7,205832,SG,Singapore,Q4,2024
13,spotify:track:51rfRCiUSvxXlCSCfIztBy,Gracie Abrams,"I Love You, I'm Sorry","Gracie Abrams, under exclusive license to Interscope Records",13,20,16,202859,SG,Singapore,Q4,2024
14,spotify:track:51ZQ1vr10ffzbwIjDCwqm4,Ariana Grande,we can't be friends (wait for your love),Republic Records,1,14,31,192472,SG,Singapore,Q4,2024
15,spotify:track:2262bWmqomIaJXwCRHr13j,Gigi Perez,Sailor Song,Gigi Perez PS/ Island,15,19,9,189942,SG,Singapore,Q4,2024
16,spotify:track:3yDRcs0Y4pPzkvMbUfeF9H,LISA,Moonlit Floor (Kiss Me),Lloud Co./RCA Records,16,-1,1,186258,SG,Singapore,Q4,2024
17,spotify:track:2HRgqmZQC0MC7GeNuDIXHN,"Jung Kook, Latto",Seven (feat. Latto) (Explicit Ver.),BIGHIT MUSIC,1,15,65,186030,SG,Singapore,Q4,2024
18,spotify:track:1Es7AUAhQvapIcoh3qMKDL,"The Weeknd, Playboi Carti",Timeless (feat Playboi Carti),XO / Republic Records,13,13,2,178331,SG,Singapore,Q4,2024
19,spotify:track:1BxfuPKGuaTgP7aM0Bbdwr,Taylor Swift,Cruel Summer,Taylor Swift,1,16,112,172004,SG,Singapore,Q4,2024
20,spotify:track:3QaPy1KgI7nu9FJEQUgn6h,Billie Eilish,WILDFLOWER,Darkroom/Interscope Records,20,24,21,164239,SG,Singapore,Q4,2024
21,spotify:track:4gxEY3Mh5FZZDAJAKPNrCS,LE SSERAFIM,CRAZY,SOURCE MUSIC,8,17,6,160862,SG,Singapore,Q4,2024
22,spotify:track:19XpFsce28aByvCC4g89tJ,Hozier,Too Sweet,Columbia,4,18,28,157736,SG,Singapore,Q4,2024
23,spotify:track:0QzuaeCEEOV40Pn7IvKEny,Dhruv,double take,Little Worry/RCA Records,2,21,175,149681,SG,Singapore,Q4,2024
24,spotify:track:1aKvZDoLGkNMxoRYgkckZG,ILLIT,Magnetic,BELIFT LAB,1,26,29,146428,SG,Singapore,Q4,2024
25,spotify:track:3LWVXp636uLT356Rj08Jaz,Jimin,Be Mine,BIGHIT MUSIC,25,28,12,145487,SG,Singapore,Q4,2024
26,spotify:track:21B4gaTWnTkuSh77iWEXdS,Sabrina Carpenter,Juno,Island Records,18,34,7,143404,SG,Singapore,Q4,2024
27,spotify:track:7CyPwkp0oE8Ro9Dd5CUDjW,"The Weeknd, JENNIE, Lily-Rose Depp","One Of The Girls (with JENNIE, Lily Rose Depp)",XO / Republic Records,6,25,68,139649,SG,Singapore,Q4,2024
28,spotify:track:24XihnoVPWXlKJ4BgXqjVM,Tate McRae,It's ok I'm ok,RCA Records Label,15,22,4,139613,SG,Singapore,Q4,2024
29,spotify:track:3qhlB30KknSejmIvZZLjOD,Djo,End of Beginning,Djo,3,37,34,136060,SG,Singapore,Q4,2024
30,spotify:track:6GyUt7yJ0sOktc5HjvVnFh,"Firdhaus, DIOR 大穎",在加納共和國離婚,Loolala Music (M) Sdn Bhd,20,35,26,133601,SG,Singapore,Q4,2024
31,spotify:track:6dgUya35uo964z7GZXM07g,Sabrina Carpenter,Nonsense,Island Records,5,29,99,131155,SG,Singapore,Q4,2024
32,spotify:track:1Qrg8KqiBpW07V7PNxwwwL,SZA,Kill Bill,Top Dawg Entertainment/RCA Records,1,41,96,130235,SG,Singapore,Q4,2024
33,spotify:track:102YUQbYmwdBXS7jwamI90,Sabrina Carpenter,Good Graces,Island Records,9,32,7,130071,SG,Singapore,Q4,2024
34,spotify:track:3xkHsmpQCBMytMJNiDf3Ii,Benson Boone,Beautiful Things,"Night Street Records, Inc./Warner Records Inc.",9,27,37,127096,SG,Singapore,Q4,2024
35,spotify:track:5kDgJffgJ0lYHTSiaXFWNw,The Kid LAROI,BABY I'M BACK,Columbia,23,23,7,126050,SG,Singapore,Q4,2024
36,spotify:track:62bOmKYxYg7dhrC6gH9vFn,*NSYNC,Bye Bye Bye,Jive,6,30,11,125756,SG,Singapore,Q4,2024
37,spotify:track:6RUKPb4LETWmmr3iAEQktW,"The Chainsmokers, Coldplay",Something Just Like This,Disruptor Records/Columbia,1,36,399,125749,SG,Singapore,Q4,2024
38,spotify:track:6I3mqTwhRpn34SLVafSH7G,Justin Bieber,Ghost,RBMG/Def Jam,1,48,162,123784,SG,Singapore,Q4,2024
39,spotify:track:3rUGC1vUpkDG9CZFHMur1t,Tate McRae,greedy,RCA Records Label,1,52,56,122885,SG,Singapore,Q4,2024
40,spotify:track:7ov3TDp5D00Rnu5R1viX4w,"LISA, ROSALÍA",New Woman (feat. ROSALÍA),Lloud Co./RCA Records,10,39,8,121878,SG,Singapore,Q4,2024
41,spotify:track:1mea3bSkSGXuIRvnydlB5b,Coldplay,Viva La Vida,Parlophone UK,1,54,115,121751,SG,Singapore,Q4,2024
42,spotify:track:567e29TDzLwZwfDuEpGTwo,"The Kid LAROI, Justin Bieber",STAY (with Justin Bieber),Columbia,1,44,170,121462,SG,Singapore,Q4,2024
43,spotify:track:5O2P9iiztwhomNh8xkR9lJ,One Direction,Night Changes,Syco Music,31,31,161,119808,SG,Singapore,Q4,2024
44,spotify:track:3vkCueOmm7xQDoJ17W1Pm3,Mitski,My Love Mine All Mine,Dead Oceans,4,45,55,117544,SG,Singapore,Q4,2024
45,spotify:track:2OzhQlSqBEmt7hmkYxfT6m,"Taylor Swift, Post Malone",Fortnight (feat. Post Malone),Taylor Swift,1,46,25,115868,SG,Singapore,Q4,2024
46,spotify:track:5AJ9hqTS2wcFQCELCFRO7A,Tommy Richman,MILLION DOLLAR BABY,PULSE Records,3,42,23,112847,SG,Singapore,Q4,2024
47,spotify:track:7fAdinC2UTc0Y9GiKrkTtu,卢卢快闭嘴,字字句句,鲸鱼向海,22,51,71,106342,SG,Singapore,Q4,2024
48,spotify:track:2ASWo8MTESnHQhJhpMSPbF,Firdhaus,能遇見，就很不錯了,Loolala Music (M) Sdn Bhd,29,43,15,105889,SG,Singapore,Q4,2024
49,spotify:track:5Rzpn60KTM11EBETHaF9Kt,承桓,我会等,一寸光年,6,47,78,105394,SG,Singapore,Q4,2024
50,spotify:track:42VsgItocQwOQC3XWZ8JNA,"Travis Scott, Playboi Carti",FE!N (feat. Playboi Carti),Cactus Jack/Epic,42,58,39,102312,SG,Singapore,Q4,2024
1,spotify:track:4T73JmNNhtkFBzjRfCeMzN,"Derya Uluğ, Asil Gök",Yansıma,DU MUSIC,1,1,8,3508024,TR,Turkey,Q1,2024
2,spotify:track:0JU2QfhTrgFsVq5yQ4YQlu,Canozan,Ağlama ben ağlarım,Canozan,1,5,14,2697063,TR,Turkey,Q1,2024
3,spotify:track:1wIdx6xw7B01SnnJoamriL,Amo988,Yüreğim Ağlar,ETL Records,3,3,10,2535961,TR,Turkey,Q1,2024
4,spotify:track:3BMS2ZxodzjxPKzb2iHxze,BLOK3,Salla Salla,Mundo Music,2,2,7,2529121,TR,Turkey,Q1,2024
5,spotify:track:40IbMWcOQ3eTkyYcdFSEjM,"KÖFN, Simge, Salman Tin, BKE",Yakışıklı,Hypers,5,6,7,2358899,TR,Turkey,Q1,2024
6,spotify:track:6kvf06eThDCrvYknMY32To,Jeff Redd,MINI TERORISTA,OSC ENM.,4,4,9,2183519,TR,Turkey,Q1,2024
7,spotify:track:3wtOAcctakLBwmzbCkRSHR,"Burak Bulut, Ebru Yaşar",Kehribar,Mahzen Media Production,3,15,15,2069473,TR,Turkey,Q1,2024
8,spotify:track:4MmvreU6tS8j2o693cUgpp,"Kleo, Segah, Motive",A La Carte,Warner Music Turkey,8,9,4,2068507,TR,Turkey,Q1,2024
9,spotify:track:2rkDwpmqASO9ZmUFjqwrR3,Hande Yener,Sopa - Clup Remix,Poll Production,7,7,4,2046812,TR,Turkey,Q1,2024
10,spotify:track:1PiyTtoNn0m4kfJWLfjHny,"Canbay & Wolker, Heijan, Muti",Bertaraf,"Canbay & Wolker, Under Exclusive Licence to ONErpm",4,10,15,2022852,TR,Turkey,Q1,2024
11,spotify:track:3auN910HHNYykQo8i9q5J1,Mert Demir,Ateşe Düştüm,Pale Records,1,8,16,2000877,TR,Turkey,Q1,2024
12,spotify:track:3Gpffv3gaD1UxQPeElIjCp,Semicenk,Batık Gemi,Eva Records & DMC,12,19,4,1983563,TR,Turkey,Q1,2024
13,spotify:track:5m0FBZ3g71Tv2v5XYZ4pKv,"UZI, Baby Gang",SIMARIK,GNG CLAN,12,12,7,1937399,TR,Turkey,Q1,2024
14,spotify:track:1KGvrw4RWClq7yt42sGG1v,Ezhel,Margiela,StageArt Europe,1,13,11,1887462,TR,Turkey,Q1,2024
15,spotify:track:2huuuyJHQ6KK6qzwvUlG3c,"Muti, Azer Bülbül",İlle De Sen,Barış Plak,1,11,8,1868288,TR,Turkey,Q1,2024
16,spotify:track:3ZwRkdnTb4az8X5n4WXuHA,BLOK3,aklına ben gelicem,Mundo Music,1,14,16,1819555,TR,Turkey,Q1,2024
17,spotify:track:7FVpfqKuhl9OYsFUHiZV4T,"cakal, Lvbel C5",JET BABA,Lais Records,17,17,6,1781380,TR,Turkey,Q1,2024
18,spotify:track:4rbXJipz3CaSQwtG3xXzzT,Semicenk,Fark Ettim,Eva Yapım & Eva Records,5,16,10,1743798,TR,Turkey,Q1,2024
19,spotify:track:06wiBJmkmQSQUEUj8TESu0,"Dedublüman, Mavzer Tabancas",Rüya Gibi,Hypers,13,18,13,1456951,TR,Turkey,Q1,2024
20,spotify:track:0Yyy5dSNK3cgknZ86Cto9g,Aleyna Tilki,Başıma Belasın,DOĞAN MÜZİK YAPIM,15,20,43,1447744,TR,Turkey,Q1,2024
21,spotify:track:4XUjq1m4FEoFCQsjmJ9UKj,Semicenk,Tanrım Reva Mı,Eva Yapım & Eva Records,5,24,25,1330478,TR,Turkey,Q1,2024
22,spotify:track:5wSj1BUYLvYf8NWJy9MQuM,Semicenk,Eyvah Neye Yarar,Eva Records & DMC,22,53,4,1303841,TR,Turkey,Q1,2024
23,spotify:track:3NWhRNp75M7bEZZH1nWzMw,BEGE,Hayalet,BEGE,23,-1,1,1266369,TR,Turkey,Q1,2024
24,spotify:track:5WO3fQkU2Stfv6LGzwhwFL,"Cash Flow, Batuflex",İstanbul,Lais Records,24,-1,1,1251450,TR,Turkey,Q1,2024
25,spotify:track:6uNSbvWZgNkBWw3MP7bpnf,BLOK3,N'aptığını bilmesem de,D3LTA,3,22,29,1249591,TR,Turkey,Q1,2024
26,spotify:track:6WDSYMvcKN2AsEXJ9U5xsG,Ebru Gündeş,Dön Ne Olur,BONUS MÜZİK PROD.,26,75,2,1247403,TR,Turkey,Q1,2024
27,spotify:track:42boV2FGsztYnQMAeoAjb6,Reynmen,Gitme,DOĞAN MÜZİK YAPIM,9,31,19,1217162,TR,Turkey,Q1,2024
28,spotify:track:6ed4S0as5mj3nSK81HJuyz,"UZI, Azer Bülbül",Caney,Barış Plak,2,21,30,1214107,TR,Turkey,Q1,2024
29,spotify:track:6tHhAUAMwUwlEGpAVq1jlX,Emir Can İğrek,Can Dostum,Hypers,5,25,27,1208515,TR,Turkey,Q1,2024
30,spotify:track:0mYqW8vhiw9rgwSwB21JQz,"Semicenk, Rast",Canın Sağ Olsun,EVA RECORDS,1,23,38,1169577,TR,Turkey,Q1,2024
31,spotify:track:232LbugfZaCUwq82xiELtd,BLOK3,BAYBAY,Mundo Music,3,27,43,1137542,TR,Turkey,Q1,2024
32,spotify:track:44UZWruF4P4uMZ10fd1eMK,"KÖFN, Salman Tin, BKE",Al Aramızdan,Hypers,26,29,39,1122576,TR,Turkey,Q1,2024
33,spotify:track:6t18CcJVpnFAoWfcZxiZtk,Dedublüman,Sakladığın Bir Şeyler Var,AVRUPA MÜZİK YAPIM,20,28,68,1103292,TR,Turkey,Q1,2024
34,spotify:track:2gcVsbyo517zAHOyvGbZWB,Rafet El Roman,Direniyorum,EMRE GRAFSON MÜZİK,34,43,3,1099393,TR,Turkey,Q1,2024
35,spotify:track:3XqVExsAlVN7UDcEUjwqmy,Semicenk,İlkbaharım Kışa Döndü,Eva Records & DMC,35,49,4,1097528,TR,Turkey,Q1,2024
36,spotify:track:5qLnFAfF07nwUiARNSWZBJ,BLOK3,Patlat,Mundo Music,17,26,37,1093082,TR,Turkey,Q1,2024
37,spotify:track:6MUv30zouC8LeRCB2VCcK3,"Kurtuluş Kuş, Burak Bulut",Manolya,Mahzen Media,3,33,27,1086755,TR,Turkey,Q1,2024
38,spotify:track:4NYYwPTLIgoyPNG2iu3OrG,"Doğu Swag, Aleyna Tilki",Bir Gün Ol Yerimde,Eva Records & DMC,38,45,6,1038026,TR,Turkey,Q1,2024
39,spotify:track:46f5m73YzI227nseI9LquF,Burcu Güneş,Anıları Yak,DOĞAN MÜZİK YAPIM,17,34,35,1034432,TR,Turkey,Q1,2024
40,spotify:track:6dqkb11C20YDLZNhNAzWxz,Aleyna Tilki,Ayrı Gitme,DOĞAN MÜZİK YAPIM,32,32,21,1019355,TR,Turkey,Q1,2024
41,spotify:track:2uZ7RwAWJiLQUkupslGAVZ,"Halodayı, Azer Bülbül",Aman Güzel Yavaş Yürü,Barış Plak,1,30,29,1015615,TR,Turkey,Q1,2024
42,spotify:track:10n66m41IGjA2ZulKPK7Ew,Madrigal,Seni Dert Etmeler,AVRUPA MÜZİK YAPIM,1,36,196,1009116,TR,Turkey,Q1,2024
43,spotify:track:408CB6C3xSUJJJpMopjJ1y,Mert Demir,Cehennemin Dibi,Pale Records,42,51,3,962087,TR,Turkey,Q1,2024
44,spotify:track:2AcCBpYHVbeV2IUU4iHP2Y,Yüzyüzeyken Konuşuruz,Tutun Sen Bana,SONY MUSIC TURKEY,32,42,26,955277,TR,Turkey,Q1,2024
45,spotify:track:3WCrBnWabeuTk2wr6UwaYV,BLOK3,AFFETMEM,Mundo Music,2,39,52,941475,TR,Turkey,Q1,2024
46,spotify:track:1yNlQwfPdHQg1ynxfBbk2a,"Murat Dalkılıç, Boygar",Leyla,DOĞAN MÜZİK YAPIM,46,63,4,924773,TR,Turkey,Q1,2024
47,spotify:track:4Sng3wnol2Gb2yXgFdr9lj,"Dolu Kadehi Ters Tut, Sedef Sebüktekin",Gitme,Dolu Kadehi Ters Tut,13,54,250,914140,TR,Turkey,Q1,2024
48,spotify:track:4Sdj67b8WF9PhAXh4tvBi6,"Semicenk, Doğu Swag",Pişman Değilim,EVA RECORDS,1,41,32,910276,TR,Turkey,Q1,2024
49,spotify:track:13THdxqHT11aSk3G8nUDzZ,Mavi Gri,Altüst Olmuşum,Mavi Gri,11,55,133,907526,TR,Turkey,Q1,2024
50,spotify:track:6kbIemHzAcnM60eHdrUI4u,"Mabel Matiz, Melike Şahin",Düldül,Pose Records,30,37,17,904674,TR,Turkey,Q1,2024
1,spotify:track:1whKKdtCiFjN7MW7DrIRUH,Zeynep Bastık,Lan,Hypers,1,1,5,5545674,TR,Turkey,Q2,2024
2,spotify:track:2L39N1sTAiaKbN8NBtOH4I,"AKDO, Lvbel C5",SUBMARINER,Lais Records,2,6,2,4566491,TR,Turkey,Q2,2024
3,spotify:track:4RC8B7vYRcM6Kkg5x80ezG,"Lvbel C5, Melis Kar",DACIA X YATIYA - Remix,EMI - Kent Elektronik Sanayi ve Ticaret A.S.,2,2,7,3664408,TR,Turkey,Q2,2024
4,spotify:track:3ExN5IQsWu2otaXOI3EJGt,Aydın Kurtoğlu,Hayırlı Günler,DOĞAN MÜZİK YAPIM,4,10,5,3321832,TR,Turkey,Q2,2024
5,spotify:track:6dcYNJRora79VEpUj5S2w4,"Emrah Karaduman, Merve Özbey",Bir İmkansız Var,DOĞAN MÜZİK YAPIM,1,5,9,2917016,TR,Turkey,Q2,2024
6,spotify:track:4SRgqhtJjo210gkdwMoHNw,Ati242,Kaptan,SST,6,-1,1,2398265,TR,Turkey,Q2,2024
7,spotify:track:5h4MeMaKxsJaHpUIqikkCe,Motive,pVg,OSC ENM.,3,3,12,2345880,TR,Turkey,Q2,2024
8,spotify:track:2M7BEoyAzxLBKgnFQqUGmF,Lvbel C5,DOĞUŞTAN BERİ HAKLIYIM (tmm),EMI - Kent Elektronik Sanayi ve Ticaret A.S.,1,4,13,2111719,TR,Turkey,Q2,2024
9,spotify:track:3MrnZlzlrR17CCustVoya8,Wegh,Kennedy'i Ben Vurdum,Mamba Music,3,7,6,2094959,TR,Turkey,Q2,2024
10,spotify:track:51yVTZAAXjMuOCiBvN980F,Melis Kar,Yatıya,Alfa7,4,8,11,1996375,TR,Turkey,Q2,2024
11,spotify:track:3Gpffv3gaD1UxQPeElIjCp,Semicenk,Batık Gemi,Eva Records & DMC,5,9,17,1920159,TR,Turkey,Q2,2024
12,spotify:track:5tjWDHOCqsbKPuiivil0BM,M Lisa,ARABA,TİİZZ RECORDS,2,12,13,1910472,TR,Turkey,Q2,2024
13,spotify:track:4ehQRRPPelxT1hIYAy1pgy,Emre Fel,Senden Güzeli Mi Var,Hoze,11,14,10,1878437,TR,Turkey,Q2,2024
14,spotify:track:40IbMWcOQ3eTkyYcdFSEjM,"KÖFN, Simge, Salman Tin, BKE",Yakışıklı,Hypers,5,13,20,1869272,TR,Turkey,Q2,2024
15,spotify:track:4T73JmNNhtkFBzjRfCeMzN,"Derya Uluğ, Asil Gök",Yansıma,DU MUSIC,1,11,21,1797808,TR,Turkey,Q2,2024
16,spotify:track:408CB6C3xSUJJJpMopjJ1y,Mert Demir,Cehennemin Dibi,Pale Records,15,15,16,1768046,TR,Turkey,Q2,2024
17,spotify:track:6Q0LyWaNDsLi6KefnEKAMd,Gülden Karaböcek,Sen Evlisin,Jet Plak Kaset,14,17,16,1710042,TR,Turkey,Q2,2024
18,spotify:track:0mYqW8vhiw9rgwSwB21JQz,"Semicenk, Rast",Canın Sağ Olsun,EVA RECORDS,1,48,51,1674761,TR,Turkey,Q2,2024
19,spotify:track:7FVpfqKuhl9OYsFUHiZV4T,"cakal, Lvbel C5",JET BABA,Lais Records,9,18,19,1668520,TR,Turkey,Q2,2024
20,spotify:track:4NYYwPTLIgoyPNG2iu3OrG,"Doğu Swag, Aleyna Tilki",Bir Gün Ol Yerimde,Eva Records & DMC,20,20,19,1612813,TR,Turkey,Q2,2024
21,spotify:track:2GxrNKugF82CnoRFbQfzPf,Artemas,i like the way you kiss me,Artemas,21,30,2,1557111,TR,Turkey,Q2,2024
22,spotify:track:0Rb3Zf4wemUX45NNoo5H0L,"Ebru Yaşar, Siyam",Yoksun,EY Müzik & Mahzen Media,11,19,10,1554799,TR,Turkey,Q2,2024
23,spotify:track:2XHozQfA0T57iHczS9N4sl,Jeff Redd,MINI TERORISTA,OSC ENM.,4,31,22,1552540,TR,Turkey,Q2,2024
24,spotify:track:0NcrorHQw7tB1ykMIsZkGD,Mert Demir,Acı Veriyor,Pale Records,12,25,6,1543693,TR,Turkey,Q2,2024
25,spotify:track:3QJsSWa0Xo8MfaRn1gr4Be,Isabel LaRosa,Favorite,Slumbo Labs/RCA Records,23,23,2,1540607,TR,Turkey,Q2,2024
26,spotify:track:4yThcjBXiBsiP8QxFraRG1,"Defkhan, NELLIE, Fredo",Kapak Olsun,Füme Music,3,16,13,1479497,TR,Turkey,Q2,2024
27,spotify:track:1wIdx6xw7B01SnnJoamriL,Amo988,Yüreğim Ağlar,ETL Records,3,21,23,1457785,TR,Turkey,Q2,2024
28,spotify:track:730eP2Ndifb7WUPerT4Nes,Mert Demir,Seni Seviyorum (Live),Pale Records,22,22,3,1430101,TR,Turkey,Q2,2024
29,spotify:track:1PiyTtoNn0m4kfJWLfjHny,"Canbay & Wolker, Heijan, Muti",Bertaraf,"Canbay & Wolker, Under Exclusive Licence to ONErpm",4,28,28,1395376,TR,Turkey,Q2,2024
30,spotify:track:4tFRoWT0hpshwYHAaDxcLj,Sefo,KAPALI KAPILAR,3TR6AP2,4,24,11,1388430,TR,Turkey,Q2,2024
31,spotify:track:2rkDwpmqASO9ZmUFjqwrR3,Hande Yener,Sopa - Clup Remix,Poll Production,7,32,17,1354410,TR,Turkey,Q2,2024
32,spotify:track:5m0FBZ3g71Tv2v5XYZ4pKv,"UZI, Baby Gang",SIMARIK,GNG CLAN,12,33,20,1314203,TR,Turkey,Q2,2024
33,spotify:track:4XUjq1m4FEoFCQsjmJ9UKj,Semicenk,Tanrım Reva Mı,Eva Yapım & Eva Records,5,29,38,1277779,TR,Turkey,Q2,2024
34,spotify:track:0JU2QfhTrgFsVq5yQ4YQlu,Canozan,Ağlama ben ağlarım,Canozan,1,26,27,1277194,TR,Turkey,Q2,2024
35,spotify:track:3auN910HHNYykQo8i9q5J1,Mert Demir,Ateşe Düştüm,Pale Records,1,36,29,1276746,TR,Turkey,Q2,2024
36,spotify:track:232LbugfZaCUwq82xiELtd,BLOK3,BAYBAY,Mundo Music,3,37,56,1236437,TR,Turkey,Q2,2024
37,spotify:track:3ZwRkdnTb4az8X5n4WXuHA,BLOK3,aklına ben gelicem,Mundo Music,1,27,29,1217734,TR,Turkey,Q2,2024
38,spotify:track:3LUFeTIPLxgZYdBxG0eV5k,BLOK3,GÜZEL VE İDDİALI,Mundo Music,24,40,9,1200019,TR,Turkey,Q2,2024
39,spotify:track:6eGeSrKdUUYpXaq8BDDwZO,Mustafa Sandal,İsyankar,Svaroda Inc.,39,41,10,1172881,TR,Turkey,Q2,2024
40,spotify:track:3sHbx4dQJkdUTAxKkHMxTr,Mustafa Mert Koç,Sessizim,DOĞAN MÜZİK YAPIM,30,38,6,1170476,TR,Turkey,Q2,2024
41,spotify:track:333y41DcVB1R1Ly1vPNFKO,Lotusx,Nerdesin,Dip Müzik,22,44,14,1151395,TR,Turkey,Q2,2024
42,spotify:track:5VykLQtjCYF6qFq59HbUg9,Dedublüman,Sen Bilmezsin,Hypers,33,46,4,1124549,TR,Turkey,Q2,2024
43,spotify:track:5y7ETdiSaRVhkNKn7gRxxC,Kubilay Karça,İntihar Saatler,Wovie,33,34,5,1093497,TR,Turkey,Q2,2024
44,spotify:track:3BMS2ZxodzjxPKzb2iHxze,BLOK3,Salla Salla,Mundo Music,2,35,19,1082935,TR,Turkey,Q2,2024
45,spotify:track:5qLnFAfF07nwUiARNSWZBJ,BLOK3,Patlat,Mundo Music,17,45,50,1074083,TR,Turkey,Q2,2024
46,spotify:track:4bLNcWlObRwarB6zJEZX4P,M Lisa,DAMLALAR,TİİZZ RECORDS,36,39,5,1069215,TR,Turkey,Q2,2024
47,spotify:track:1abxpxR02QBwzEWJal3Khb,"ElMusto, Decrat",Seni Yazdım,Babil Mood,13,43,10,1068020,TR,Turkey,Q2,2024
48,spotify:track:3wtOAcctakLBwmzbCkRSHR,"Burak Bulut, Ebru Yaşar",Kehribar,Mahzen Media Production,3,42,28,1040670,TR,Turkey,Q2,2024
49,spotify:track:5flH7FY4ledAQboO5a0XQ5,"UZI, Mavi",SENIN UGRUNA,Ava Music / Avrupa Müzik,1,49,83,1024227,TR,Turkey,Q2,2024
50,spotify:track:3tCCD2qQLdC99YkRwGPSsx,Yaşar,Kumralım,LİRİK MÜZİK,50,51,146,1017161,TR,Turkey,Q2,2024
1,spotify:track:4KwetoJ2Hi9KN0K0oIcWNE,"Era7capone, Batuflex, Narco",CISTAK,Lais Records,1,1,5,6445721,TR,Turkey,Q3,2024
2,spotify:track:2CZzw0He9fzyi2FkBkn4Bk,"Semicenk, Doğu Swag",Küle Dönmüşsün,EVA RECORDS,2,2,4,4998315,TR,Turkey,Q3,2024
3,spotify:track:4myGkZkVBRhBgD43CJxKTp,Ati242,Değişmene Rağmen,SST,3,-1,1,4854542,TR,Turkey,Q3,2024
4,spotify:track:1f9X5YDmXDxyIwhzB06JJd,ElMusto,Dale Don Dale,Growl Music,1,6,7,3295123,TR,Turkey,Q3,2024
5,spotify:track:6G8XtIFpmAm0AUaCOJhTuS,"Era7capone, NASTEISHA",İNTİHAR,Lais Records,3,3,4,3150953,TR,Turkey,Q3,2024
6,spotify:track:0GuWyPyj4MVvT4qYsl6BOS,Lvbel C5,Sezen Aksu,Mundo Music,1,5,13,2788162,TR,Turkey,Q3,2024
7,spotify:track:2L39N1sTAiaKbN8NBtOH4I,"AKDO, Lvbel C5",SUBMARINER,Lais Records,1,8,15,2607118,TR,Turkey,Q3,2024
8,spotify:track:5VykLQtjCYF6qFq59HbUg9,Dedublüman,Sen Bilmezsin,Hypers,8,9,17,2596780,TR,Turkey,Q3,2024
9,spotify:track:1cnx5g8kHElNAf28sV3mRJ,Emre Fel,Sana El Pençe Durmam,Hoze,4,4,7,2564784,TR,Turkey,Q3,2024
10,spotify:track:1ppnRAPv8zJjrNy4TW5w7M,"AKDO, Gülşen, Murat Boz, Lvbel C5",ILTIMAS X SUBMARINER,Elimon Records & Ozinga,3,7,8,2498265,TR,Turkey,Q3,2024
11,spotify:track:6kWF1fWqA2ZuWn70TQvtmQ,BLOK3,ESC*BAR,Mundo Music,11,-1,1,2397749,TR,Turkey,Q3,2024
12,spotify:track:3gdY5WFt7i6BWVLie3t6hQ,Mela Bedel,Ben Sana Gelemem,Mela Bedel,7,10,13,2139942,TR,Turkey,Q3,2024
13,spotify:track:7AxK6ojozGBLlxuRaXwQQ1,Mert Demir,Ölüyorum Anla,Pale Records,13,20,2,2011804,TR,Turkey,Q3,2024
14,spotify:track:1Ma4fLShd0hpZSNH37mEkR,Lvbel C5,nE !?,Mundo Music,6,14,13,1961600,TR,Turkey,Q3,2024
15,spotify:track:4JqP7JwWNG8I7xY40E6IWh,Duman,Kufi,PARAVAN,12,12,3,1914442,TR,Turkey,Q3,2024
16,spotify:track:1d02igesB9DREknAVXRiBd,Reynmen,Renklensin,Houze Istanbul,1,13,12,1876009,TR,Turkey,Q3,2024
17,spotify:track:40IbMWcOQ3eTkyYcdFSEjM,"KÖFN, Simge, Salman Tin, BKE",Yakışıklı,Hypers,5,16,33,1807745,TR,Turkey,Q3,2024
18,spotify:track:4wwZyKI0OtpRfHmpxv6JdR,Amo988,Elini Ver,ETL Records,3,11,8,1804525,TR,Turkey,Q3,2024
19,spotify:track:28Aau4tlztDlgKJQXrWhZR,Simge,Önümüz Yaz,Simge Sağın Production,19,25,3,1794032,TR,Turkey,Q3,2024
20,spotify:track:4I29KUtM6IwZyxqAiHZ6RH,"BLOK3, Stefflon Don",Habibi,Rapkology x Mundo Music,10,15,9,1791183,TR,Turkey,Q3,2024
21,spotify:track:5OSGbpKvvi0iAJg6XHUois,"Lvbel C5, AKDO",behzat ç,EMI - Kent Elektronik Sanayi ve Ticaret A.S.,21,-1,1,1619780,TR,Turkey,Q3,2024
22,spotify:track:4C9oMKq6WuLPVyLFncFMXR,"AKDO, cakal",DOYAMADIM,Lais Records,16,17,20,1589624,TR,Turkey,Q3,2024
23,spotify:track:1whKKdtCiFjN7MW7DrIRUH,Zeynep Bastık,Lan,Hypers,1,18,18,1578276,TR,Turkey,Q3,2024
24,spotify:track:2M7BEoyAzxLBKgnFQqUGmF,Lvbel C5,DOĞUŞTAN BERİ HAKLIYIM (tmm),EMI - Kent Elektronik Sanayi ve Ticaret A.S.,1,22,26,1550759,TR,Turkey,Q3,2024
25,spotify:track:0mYqW8vhiw9rgwSwB21JQz,"Semicenk, Rast",Canın Sağ Olsun,EVA RECORDS,1,21,64,1450257,TR,Turkey,Q3,2024
26,spotify:track:4RC8B7vYRcM6Kkg5x80ezG,"Lvbel C5, Melis Kar",DACIA X YATIYA - Remix,EMI - Kent Elektronik Sanayi ve Ticaret A.S.,2,23,20,1415201,TR,Turkey,Q3,2024
27,spotify:track:3wtOAcctakLBwmzbCkRSHR,"Burak Bulut, Ebru Yaşar",Kehribar,Mahzen Media Production,3,30,41,1398224,TR,Turkey,Q3,2024
28,spotify:track:3TbZb6udQT4iqyQXmwBe7T,Mabel Matiz,Kömür,Pose Records,8,26,9,1347799,TR,Turkey,Q3,2024
29,spotify:track:7cCreOFQhqqhCm82twJg0u,İzel,Düşer O,Poll Production,9,24,14,1277689,TR,Turkey,Q3,2024
30,spotify:track:4wrThHGMM2xOoxMwE7TbhZ,Semicenk,Tek Başıma,Eva Yapım & Eva Records,4,29,10,1273002,TR,Turkey,Q3,2024
31,spotify:track:4fpVozMARIh1ZoLVaHSjtt,cakal,Damlarsın,NinetyFive,28,41,7,1228893,TR,Turkey,Q3,2024
32,spotify:track:0a56Y5XrlRQ0JYg6jse5QJ,Emir Can İğrek,Bir Karanfil,Hypers,19,19,5,1225744,TR,Turkey,Q3,2024
33,spotify:track:7rHLpc3SZobYPDyBF06uok,BLOK3,LAF,Mundo Music,3,34,13,1203887,TR,Turkey,Q3,2024
34,spotify:track:4NYYwPTLIgoyPNG2iu3OrG,"Doğu Swag, Aleyna Tilki",Bir Gün Ol Yerimde,Eva Records & DMC,19,31,32,1202283,TR,Turkey,Q3,2024
35,spotify:track:3ExN5IQsWu2otaXOI3EJGt,Aydın Kurtoğlu,Hayırlı Günler,DOĞAN MÜZİK YAPIM,4,27,18,1201533,TR,Turkey,Q3,2024
36,spotify:track:3Gpffv3gaD1UxQPeElIjCp,Semicenk,Batık Gemi,Eva Records & DMC,5,36,30,1192638,TR,Turkey,Q3,2024
37,spotify:track:10Sa2Mpma0EHWKLuyyrBdq,Semicenk,Geri Dönemedim,Eva Yapım & Eva Records,1,37,62,1168083,TR,Turkey,Q3,2024
38,spotify:track:4jdpkoZR2tUT4m4UTEUuvK,Bayhan,Tiryakinim,"Bayhan Gürhan, Under Exclusive Licence to ONErpm",1,32,11,1160859,TR,Turkey,Q3,2024
39,spotify:track:5tjWDHOCqsbKPuiivil0BM,M Lisa,ARABA,TİİZZ RECORDS,2,33,26,1160048,TR,Turkey,Q3,2024
40,spotify:track:6pZ31N4gd3Yk9277ptUHjb,Yener Çevik,Hüznü Hecem,ILS Vision Music,31,51,20,1142698,TR,Turkey,Q3,2024
41,spotify:track:4hQVobSCtZ6zI7cjCyIOF4,Cevher,Merhametsiz,Benjamin Records,23,28,4,1135519,TR,Turkey,Q3,2024
42,spotify:track:4T73JmNNhtkFBzjRfCeMzN,"Derya Uluğ, Asil Gök",Yansıma,DU MUSIC,1,39,34,1124546,TR,Turkey,Q3,2024
43,spotify:track:6Q0LyWaNDsLi6KefnEKAMd,Gülden Karaböcek,Sen Evlisin,Jet Plak Kaset,14,48,29,1111646,TR,Turkey,Q3,2024
44,spotify:track:1wIdx6xw7B01SnnJoamriL,Amo988,Yüreğim Ağlar,ETL Records,3,40,36,1101320,TR,Turkey,Q3,2024
45,spotify:track:2rkDwpmqASO9ZmUFjqwrR3,Hande Yener,Sopa - Clup Remix,Poll Production,7,35,30,1097217,TR,Turkey,Q3,2024
46,spotify:track:408CB6C3xSUJJJpMopjJ1y,Mert Demir,Cehennemin Dibi,Pale Records,11,38,29,1093386,TR,Turkey,Q3,2024
47,spotify:track:5h4MeMaKxsJaHpUIqikkCe,Motive,pVg,OSC ENM.,3,42,25,1093276,TR,Turkey,Q3,2024
48,spotify:track:0fu7d7LgXjClCkgBmnNlc0,Bengü Beker,Sana Yıldızları Ödediğimden,Pose Records,28,45,16,1083973,TR,Turkey,Q3,2024
49,spotify:track:30kd9r9pbMn6bs6CKyFOCu,"Ebru Yaşar, Siyam, Zeyd",Kafamın İçi,EY MÜZİK,25,44,7,1056272,TR,Turkey,Q3,2024
50,spotify:track:3ZwRkdnTb4az8X5n4WXuHA,BLOK3,aklına ben gelicem,Mundo Music,1,53,42,1050195,TR,Turkey,Q3,2024
1,spotify:track:3ff93VTp2DBbNnDEsAW8Cm,BLOK3,SEVMEYİ DENEMEDİN,Mundo Music,1,1,4,4612843,TR,Turkey,Q4,2024
2,spotify:track:0mSFwDtiAPPNwBOSFnI3G5,"Dedublüman, Can Kazaz",Bunca Yıl - Dedub Sessions,Hypers,2,3,3,4570646,TR,Turkey,Q4,2024
3,spotify:track:0K791kh3oLkBD5KVWg1LJ8,"Era7capone, Batuflex, Narco",CISTAK,Lais Records,1,2,18,3952080,TR,Turkey,Q4,2024
4,spotify:track:2SVoUZdzxuDuxBdHSO73KF,Afra,Yasemen,Mahzen Media,4,-1,1,3326392,TR,Turkey,Q4,2024
5,spotify:track:1RI3YE0BqwN2Fd6Ej0gTqW,"ElMusto, Organize",OF OF OF,Growl Music,5,9,11,3067638,TR,Turkey,Q4,2024
6,spotify:track:38d47UiHhyu4wdbPYz0ZUB,Semicenk,Onlar Anlamaz Halden,Eva Yapım & Eva Records,3,4,9,2948132,TR,Turkey,Q4,2024
7,spotify:track:3ma4Ef3Bnl3UBOV4ShiMLX,Semicenk,Geçiyor Zaman,Eva Yapım & Eva Records,2,5,9,2761195,TR,Turkey,Q4,2024
8,spotify:track:5VykLQtjCYF6qFq59HbUg9,Dedublüman,Sen Bilmezsin,Hypers,6,6,30,2739129,TR,Turkey,Q4,2024
9,spotify:track:6Abw6zEw0EbfFC6OJob4Ph,Emre Fel,Naçar,Hoze,9,10,4,2438443,TR,Turkey,Q4,2024
10,spotify:track:28Aau4tlztDlgKJQXrWhZR,Simge,Önümüz Yaz,Simge Sağın Production,2,11,16,2344462,TR,Turkey,Q4,2024
11,spotify:track:6dQJfND64RJy6xJQMsc3ij,"aykich, 2vlnys",Düğün Dernek,Mabel Okyere,11,16,11,2329164,TR,Turkey,Q4,2024
12,spotify:track:4myGkZkVBRhBgD43CJxKTp,Ati242,Değişmene Rağmen,SST,2,8,14,2270174,TR,Turkey,Q4,2024
13,spotify:track:5TxqI3DLEbMVJkyVgentxd,"Lvbel C5, AKDO",Yetmedi,TİİZZ RECORDS,11,19,10,2206736,TR,Turkey,Q4,2024
14,spotify:track:0SwRpscOdj6PBhudNVIGpW,BLOK3,ZEHİRLİ GÜL,Mundo Music,10,12,4,2096800,TR,Turkey,Q4,2024
15,spotify:track:1f9X5YDmXDxyIwhzB06JJd,ElMusto,Dale Don Dale,Growl Music,1,7,19,2057087,TR,Turkey,Q4,2024
16,spotify:track:6xTi66mobAdZcKR3SMyygD,Melike Şahin,Canın Beni Çekti,Gülbaba Records,16,30,2,2054931,TR,Turkey,Q4,2024
17,spotify:track:5RZH849e1ZWa2qeVz6O3mK,Yalın,Halbuki,Y Prodüksiyon,17,18,19,2036006,TR,Turkey,Q4,2024
18,spotify:track:2CZzw0He9fzyi2FkBkn4Bk,"Semicenk, Doğu Swag",Küle Dönmüşsün,EVA RECORDS,2,28,17,2020508,TR,Turkey,Q4,2024
19,spotify:track:4CDY8eGMrkQjyOTkvsXiq0,Tuğçe Kandemir,Aradan Çok Yıllar Geçti,TTE Production,3,13,13,2017827,TR,Turkey,Q4,2024
20,spotify:track:300xFtOH49F80uB7BSAsEf,"Lvbel C5, AKDO",ÇÖZEMEZLER,EMI - Kent Elektronik Sanayi ve Ticaret A.S.,17,17,6,1920118,TR,Turkey,Q4,2024
21,spotify:track:4mwKj8jNSq8eTp3ylpcBAE,Nazan Öncel,Beni Hatırla,Nazan Öncel,15,15,14,1730188,TR,Turkey,Q4,2024
22,spotify:track:0osZ5jmtTtHJt8pPz6RL2N,"Era7capone, NASTEISHA",İNTİHAR,Lais Records,3,21,17,1724751,TR,Turkey,Q4,2024
23,spotify:track:57w7FOfLpXZ9GWlAooYrSK,Canbay & Wolker,Düşmez Kalkmaz,"Canbay & Wolker, Under Exclusive Licence to ONErpm",23,34,6,1664378,TR,Turkey,Q4,2024
24,spotify:track:40IbMWcOQ3eTkyYcdFSEjM,"KÖFN, Simge, Salman Tin, BKE",Yakışıklı,Hypers,5,27,46,1570676,TR,Turkey,Q4,2024
25,spotify:track:1ppnRAPv8zJjrNy4TW5w7M,"AKDO, Gülşen, Murat Boz, Lvbel C5",ILTIMAS X SUBMARINER,Elimon Records & Ozinga,3,23,21,1560577,TR,Turkey,Q4,2024
26,spotify:track:36oBlwSPNtA48TLYqk4SNp,Shawty,Kabul Olan Tek Duamsın,Flow Music,8,14,9,1552132,TR,Turkey,Q4,2024
27,spotify:track:7AxK6ojozGBLlxuRaXwQQ1,Mert Demir,Ölüyorum Anla,Pale Records,6,24,15,1504808,TR,Turkey,Q4,2024
28,spotify:track:2ugG3itPOpM9IANApt473B,Era7capone,PİŞT,ZUNA,28,-1,1,1474259,TR,Turkey,Q4,2024
29,spotify:track:72Zc1OvPqpZUqxArlAS0QW,"Mert Demir, Duygu Edis",Olmazlara Vuruluyorum,Pale Records,13,26,8,1454737,TR,Turkey,Q4,2024
30,spotify:track:3GD8Zc8MByLbeLrLVWBzPz,Melike Şahin,Ortak,Gülbaba Records,20,29,10,1454248,TR,Turkey,Q4,2024
31,spotify:track:0a56Y5XrlRQ0JYg6jse5QJ,Emir Can İğrek,Bir Karanfil,Hypers,19,35,18,1417906,TR,Turkey,Q4,2024
32,spotify:track:2crO2eSwgjOoAanagD2sFc,Semicenk,Kader Sağ Olsun,Eva Yapım & Eva Records,1,20,9,1416225,TR,Turkey,Q4,2024
33,spotify:track:7JVUP1J9urt49OdiFbWGeZ,BLOK3,ESC*BAR,Mundo Music,4,22,14,1349631,TR,Turkey,Q4,2024
34,spotify:track:1Ma4fLShd0hpZSNH37mEkR,Lvbel C5,nE !?,Mundo Music,6,39,26,1330857,TR,Turkey,Q4,2024
35,spotify:track:1cnx5g8kHElNAf28sV3mRJ,Emre Fel,Sana El Pençe Durmam,Hoze,4,25,20,1292625,TR,Turkey,Q4,2024
36,spotify:track:4E10qEzOmTIVmrg6Wz2RHj,Bengü,Saygımdan,DOĞAN MÜZİK YAPIM,36,45,33,1245861,TR,Turkey,Q4,2024
37,spotify:track:1PiyTtoNn0m4kfJWLfjHny,"Canbay & Wolker, Heijan, Muti",Bertaraf,"Canbay & Wolker, Under Exclusive Licence to ONErpm",4,55,54,1205658,TR,Turkey,Q4,2024
38,spotify:track:6cjIlxXM1ca6nxkJ0p27jU,Dolu Kadehi Ters Tut,Dilerim Ki,Dolu Kadehi Ters Tut,33,41,39,1201170,TR,Turkey,Q4,2024
39,spotify:track:5JklTqhlU2hHinghsTvlX5,Ati242,Kalbim Yanımda,SST,39,52,48,1194144,TR,Turkey,Q4,2024
40,spotify:track:3tCCD2qQLdC99YkRwGPSsx,Yaşar,Kumralım,LİRİK MÜZİK,33,33,172,1178775,TR,Turkey,Q4,2024
41,spotify:track:2norl4Q0EjACN5kIshyP7k,"Batuflex, Ali471",I WANNA DANCE,Batuflex,29,47,7,1171044,TR,Turkey,Q4,2024
42,spotify:track:7DVu7wGni4DHx9P8L1zbIO,Melike Şahin,Durma Yürüsene,Gülbaba Records,42,49,16,1146194,TR,Turkey,Q4,2024
43,spotify:track:4HuB9A0O1XwmwTVtTgODm8,Ati242,25,PMC,12,56,125,1136434,TR,Turkey,Q4,2024
44,spotify:track:4AF4SBaAnrqYNWxJgz3vjV,Hande Yener,Bir Kış Masalı,Poll Production,20,32,6,1132451,TR,Turkey,Q4,2024
45,spotify:track:4FmvHUteJvJa0z2HjXrlRM,Ati242,Telefon,SST,45,60,57,1121632,TR,Turkey,Q4,2024
46,spotify:track:5OSGbpKvvi0iAJg6XHUois,"Lvbel C5, AKDO",behzat ç,EMI - Kent Elektronik Sanayi ve Ticaret A.S.,14,42,14,1114010,TR,Turkey,Q4,2024
47,spotify:track:7rHLpc3SZobYPDyBF06uok,BLOK3,LAF,Mundo Music,3,58,26,1101978,TR,Turkey,Q4,2024
48,spotify:track:1whKKdtCiFjN7MW7DrIRUH,Zeynep Bastık,Lan,Hypers,1,36,31,1091046,TR,Turkey,Q4,2024
49,spotify:track:1ACI7zmoUY34xcrKrYeypb,Semicenk,Sahte Sonbahar,Eva Yapım & Eva Records,17,40,9,1075789,TR,Turkey,Q4,2024
50,spotify:track:0vTv4JqDAjhix5KCUmJDou,Mustafa Sandal,Gel Bana,DOĞAN MÜZİK YAPIM,7,57,61,1070949,TR,Turkey,Q4,2024
1,spotify:track:4xhsWYTOGcal8zt0J161CU,Jack Harlow,Lovin On Me,Generation Now/Atlantic,1,1,9,11164849,US,United States,Q1,2024
2,spotify:track:0mflMxspEfB0VbI1kyLiAv,Noah Kahan,Stick Season,Mercury Records/Republic Records,2,2,63,9553825,US,United States,Q1,2024
3,spotify:track:4KULAymBBJcPRpk1yO4dOG,"Zach Bryan, Kacey Musgraves",I Remember Everything (feat. Kacey Musgraves),Warner Records,1,3,20,8171013,US,United States,Q1,2024
4,spotify:track:3vkCueOmm7xQDoJ17W1Pm3,Mitski,My Love Mine All Mine,Dead Oceans,3,6,17,7608571,US,United States,Q1,2024
5,spotify:track:3rUGC1vUpkDG9CZFHMur1t,Tate McRae,greedy,RCA Records Label,4,5,17,7283403,US,United States,Q1,2024
6,spotify:track:1BxfuPKGuaTgP7aM0Bbdwr,Taylor Swift,Cruel Summer,Taylor Swift,2,4,61,6894712,US,United States,Q1,2024
7,spotify:track:0R6NfOiLzLj4O5VbYSJAjf,Xavi,La Diabla,Interscope Records,7,12,4,6692331,US,United States,Q1,2024
8,spotify:track:1a73gcEg6h6Re6hHXoVltJ,Nicki Minaj,FTCU,Republic Records,7,7,5,6422333,US,United States,Q1,2024
9,spotify:track:5PyDJG7SQRgWXefgexqIge,Doja Cat,Agora Hills,Kemosabe Records/RCA Records,6,8,16,6002792,US,United States,Q1,2024
10,spotify:track:4iZ4pt7kvcaH6Yo8UoZ4s2,SZA,Snooze,Top Dawg Entertainment/RCA Records,10,10,57,5815065,US,United States,Q1,2024
11,spotify:track:1udwFobQ1JoOdWPQrp2b6u,"JID, 21 Savage, Baby Tate",Surround Sound (feat. 21 Savage & Baby Tate),Dreamville/Interscope,11,11,14,5682943,US,United States,Q1,2024
12,spotify:track:3WMj8moIAXJhHsyLaqIIHI,Zach Bryan,Something in the Orange,Warner Records,4,13,90,5559288,US,United States,Q1,2024
13,spotify:track:56y1jOTK0XSvJzVv9vHQBK,Doja Cat,Paint The Town Red,Kemosabe Records/RCA Records,1,9,23,5483896,US,United States,Q1,2024
14,spotify:track:2YSzYUF3jWqb9YP9VXmpjE,"Drake, Yeat",IDGAF (feat. Yeat),OVO/Republic,1,14,14,5364865,US,United States,Q1,2024
15,spotify:track:6rjuKpPydT2SxN15TZpV7r,Lil Tecca,500lbs,Galactic Records/Lil Tecca,12,17,18,5194190,US,United States,Q1,2024
16,spotify:track:6wsqVwoiVH2kde4k4KKAFU,Travis Scott,I KNOW ?,Cactus Jack/Epic,3,20,24,5150676,US,United States,Q1,2024
17,spotify:track:4rXLjWdF2ZZpXCVTfWcshS,Gunna,fukumean,300 Entertainment,1,15,30,4987343,US,United States,Q1,2024
18,spotify:track:1kuGVB7EU95pJObxwvfwKS,Olivia Rodrigo,vampire,Olivia Rodrigo PS,1,18,28,4934646,US,United States,Q1,2024
19,spotify:track:7KA4W4McWYRpgf0fWsJZWB,"Tyler, The Creator, Kali Uchis",See You Again (feat. Kali Uchis),Columbia,5,22,132,4934306,US,United States,Q1,2024
20,spotify:track:1yeB8MUNeLo9Ek1UEpsyz6,"Drake, Sexyy Red, SZA",Rich Baby Daddy (feat. Sexyy Red & SZA),OVO/Republic,11,25,14,4900921,US,United States,Q1,2024
21,spotify:track:7K3BhSpAxZBznislvUMVtn,Morgan Wallen,Last Night,Morgan Wallen,1,16,50,4828944,US,United States,Q1,2024
22,spotify:track:5XVdHRf4CAJ2Jm0uMIy5qY,Xavi,La Víctima,Interscope Records,22,23,6,4807610,US,United States,Q1,2024
23,spotify:track:7aqfrAY2p9BUSiupwk3svU,"Drake, J. Cole",First Person Shooter (feat. J. Cole),OVO/Republic,2,19,14,4758184,US,United States,Q1,2024
24,spotify:track:1Qrg8KqiBpW07V7PNxwwwL,SZA,Kill Bill,Top Dawg Entertainment/RCA Records,1,21,57,4650475,US,United States,Q1,2024
25,spotify:track:6WzRpISELf3YglGAh7TXcG,"The Weeknd, Playboi Carti, Madonna",Popular (with Playboi Carti & Madonna) - From The Idol Vol. 1 (Music from the HBO Original Series),XO / Republic Records,16,32,26,4635165,US,United States,Q1,2024
26,spotify:track:1Iq8oo9XkmmvCQiGOfORiz,Taylor Swift,Is It Over Now? (Taylor's Version) (From The Vault),Taylor Swift,1,24,11,4501535,US,United States,Q1,2024
27,spotify:track:68Dni7IE4VyPkTOH9mRWHr,J. Cole,No Role Modelz,Roc Nation Records LLC,10,28,309,4471203,US,United States,Q1,2024
28,spotify:track:17phhZDn6oGtzMe56NuWvj,Teddy Swims,Lose Control,Warner Records,28,37,9,4368973,US,United States,Q1,2024
29,spotify:track:7CyPwkp0oE8Ro9Dd5CUDjW,"The Weeknd, JENNIE, Lily-Rose Depp","One Of The Girls (with JENNIE, Lily Rose Depp)",XO / Republic Records,29,31,7,4361396,US,United States,Q1,2024
30,spotify:track:6wf7Yu7cxBSPrRlWeSeK0Q,Billie Eilish,"What Was I Made For? [From The Motion Picture ""Barbie""]",Darkroom/Interscope Records,6,38,26,4253236,US,United States,Q1,2024
31,spotify:track:2Zo1PcszsT9WQ0ANntJbID,Sabrina Carpenter,Feather,Island Records,31,36,7,4252251,US,United States,Q1,2024
32,spotify:track:5aIVCx5tnk0ntmdiinnYvw,Tyla,Water,FAX Records/Epic,23,26,15,4231751,US,United States,Q1,2024
33,spotify:track:3xKsf9qdS1CyvXSMEid6g8,Frank Ocean,Pink + White,Boys Don't Cry,30,33,74,4188756,US,United States,Q1,2024
34,spotify:track:4E63weMCaNZuGPEFMnuEi8,Tate McRae,exes,RCA Records Label,16,30,8,4168073,US,United States,Q1,2024
35,spotify:track:6CvTEtGagmzQvkUzzyKR9k,"Fuerza Regida, Marshmello",HARLEY QUINN,Rancho Humilde/Street Mob Records,20,29,11,4115960,US,United States,Q1,2024
36,spotify:track:5ZJGv7aGdIr9IGpxzSG18T,"Nicki Minaj, Lil Uzi Vert",Everybody (feat. Lil Uzi Vert),Republic Records,27,27,5,4010798,US,United States,Q1,2024
37,spotify:track:2QjOHCTQ1Jl3zawyYOpxh6,The Neighbourhood,Sweater Weather,Columbia,13,34,177,3990618,US,United States,Q1,2024
38,spotify:track:6dBUzqjtbnIa1TwYbyw5CM,TV Girl,Lovers Rock,TV Girl,38,40,60,3967845,US,United States,Q1,2024
39,spotify:track:3IznIgmXtrUaoPWpQTy5jB,TV Girl,Not Allowed,TV Girl,39,47,35,3788382,US,United States,Q1,2024
40,spotify:track:6uTPdRrEDeH8Fyg5L5qmeU,Flo Milli,Never Lose Me,'94 Sounds/RCA Records,40,75,2,3773215,US,United States,Q1,2024
41,spotify:track:05WVKTdZhlIMX4qqMLuo0f,"Peso Pluma, Anitta",BELLAKEO,Double P Records,35,35,4,3720863,US,United States,Q1,2024
42,spotify:track:0PAcdVzhPO4gq1Iym9ESnK,Morgan Wallen,Thinkin’ Bout Me,Morgan Wallen,9,43,45,3708688,US,United States,Q1,2024
43,spotify:track:4tKGFmENO69tZR9ahgZu48,Sophie Ellis-Bextor,Murder On The Dancefloor,Polydor Records,43,102,2,3700992,US,United States,Q1,2024
44,spotify:track:4EWCNWgDS8707fNSZ1oaA5,Kanye West,Heartless,Roc-A-Fella,40,48,119,3699083,US,United States,Q1,2024
45,spotify:track:42VsgItocQwOQC3XWZ8JNA,"Travis Scott, Playboi Carti",FE!N (feat. Playboi Carti),Cactus Jack/Epic,2,44,24,3671495,US,United States,Q1,2024
46,spotify:track:6uIIdjYTxxpWOyWuVXrKQO,"Calle 24, Chino Pacas, Fuerza Regida",Que Onda,Street Mob Records,40,42,19,3619926,US,United States,Q1,2024
47,spotify:track:3hxIUxnT27p5WcmjGUXNwx,Hotel Ugly,Shut up My Moms Calling,"Hotel Ugly, under exclusive license to Amuseio AB",29,53,71,3544130,US,United States,Q1,2024
48,spotify:track:17cia5k4BpGVlyEfqrFH50,Olivia Rodrigo,Can’t Catch Me Now - from The Hunger Games: The Ballad of Songbirds & Snakes,Lions Gate Entertainment Inc. under exclusive license to Geffen Records,21,46,10,3529205,US,United States,Q1,2024
49,spotify:track:5mjYQaktjmjcMKcUIcqz4s,Kenya Grace,Strangers,Warner Records/Major Recordings,17,41,18,3476094,US,United States,Q1,2024
50,spotify:track:5W4kiM2cUYBJXKRudNyxjW,Morgan Wallen,You Proof,Morgan Wallen,8,49,87,3434021,US,United States,Q1,2024
1,spotify:track:0AjmK0Eai4zGrLaJwPvrDp,Hozier,Too Sweet,Columbia,1,2,3,22622634,US,United States,Q2,2024
2,spotify:track:2tudvzsrR56uom6smgOcSf,"Future, Metro Boomin, Kendrick Lamar",Like That,Wilburn Holding Co./Boominati/Epic/Republic,1,1,3,19043600,US,United States,Q2,2024
3,spotify:track:2GxrNKugF82CnoRFbQfzPf,Artemas,i like the way you kiss me,Artemas,3,4,3,12472418,US,United States,Q2,2024
4,spotify:track:3xkHsmpQCBMytMJNiDf3Ii,Benson Boone,Beautiful Things,"Night Street Records, Inc./Warner Records Inc.",1,5,12,11264986,US,United States,Q2,2024
5,spotify:track:3w0w2T288dec0mgeZZqoNN,"¥$, Kanye West, Ty Dolla $ign",CARNIVAL,YZY,1,3,9,10776044,US,United States,Q2,2024
6,spotify:track:3qhlB30KknSejmIvZZLjOD,Djo,End of Beginning,Djo,3,9,8,9794469,US,United States,Q2,2024
7,spotify:track:51ZQ1vr10ffzbwIjDCwqm4,Ariana Grande,we can't be friends (wait for your love),Republic Records,2,7,5,9495196,US,United States,Q2,2024
8,spotify:track:28drn6tQo95MRvO0jQEo5C,"Future, Metro Boomin, Travis Scott, Playboi Carti",Type Shit,Wilburn Holding Co./Boominati/Epic/Republic,3,10,3,9442761,US,United States,Q2,2024
9,spotify:track:4KULAymBBJcPRpk1yO4dOG,"Zach Bryan, Kacey Musgraves",I Remember Everything (feat. Kacey Musgraves),Warner Records,1,12,33,9096210,US,United States,Q2,2024
10,spotify:track:0mflMxspEfB0VbI1kyLiAv,Noah Kahan,Stick Season,Mercury Records/Republic Records,2,14,76,8918480,US,United States,Q2,2024
11,spotify:track:2mhdhTWqT8RhkTlN2yWZZi,J. Cole,7 Minute Drill,"Cole World, Inc. under exclusive license to Interscope Records",11,-1,1,8568534,US,United States,Q2,2024
12,spotify:track:1bjeWoagtHmUKputLVyDxQ,SZA,Saturn,Top Dawg Entertainment/RCA Records,5,18,7,8013533,US,United States,Q2,2024
13,spotify:track:42VsgItocQwOQC3XWZ8JNA,"Travis Scott, Playboi Carti",FE!N (feat. Playboi Carti),Cactus Jack/Epic,2,23,37,7483682,US,United States,Q2,2024
14,spotify:track:17phhZDn6oGtzMe56NuWvj,Teddy Swims,Lose Control,Warner Records,10,19,22,7482258,US,United States,Q2,2024
15,spotify:track:7wLShogStyDeZvL0a6daN5,Beyoncé,TEXAS HOLD 'EM,Parkwood Entertainment/Columbia,2,6,9,7343314,US,United States,Q2,2024
16,spotify:track:3Pbp7cUCx4d3OAkZSCoNvn,Michael Marcagi,Scared To Start,Warner Records,16,29,12,7171421,US,United States,Q2,2024
17,spotify:track:1yfKakY4rvI17lk20ekuRA,J. Cole,Crocodile Tearz,"Cole World, Inc. under exclusive license to Interscope Records",17,-1,1,6980062,US,United States,Q2,2024
18,spotify:track:52eIcoLUM25zbQupAZYoFh,21 Savage,redrum,"Slaughter Gang, LLC/Epic Records",1,22,13,6677105,US,United States,Q2,2024
19,spotify:track:7aQ1tSYr518KwnE4SVSQbT,Bryson Tiller,Whatever She Wants [BONUS],TrapSoul/RCA Records,7,15,8,6585285,US,United States,Q2,2024
20,spotify:track:2uqYupMHANxnwgeiXTZXzd,Dasha,Austin (Boots Stop Workin'),Warner Records,20,41,5,6521465,US,United States,Q2,2024
21,spotify:track:3rUGC1vUpkDG9CZFHMur1t,Tate McRae,greedy,RCA Records Label,4,28,30,6384990,US,United States,Q2,2024
22,spotify:track:51eSHglvG1RJXtL3qI5trr,Benson Boone,Slow It Down,"Night Street Records, Inc./Warner Records Inc.",22,36,3,6377673,US,United States,Q2,2024
23,spotify:track:6XjDF6nds4DE2BBbagZol6,"FloyyMenor, Cris MJ",Gata Only,FloyyMenor under exclusive license to UnitedMasters LLC,23,55,5,6355654,US,United States,Q2,2024
24,spotify:track:0hKtu53OlIFXVuYkZwcn3o,"Future, Metro Boomin, Travis Scott",Cinderella,Wilburn Holding Co./Boominati/Epic/Republic,8,17,3,5955149,US,United States,Q2,2024
25,spotify:track:1BxfuPKGuaTgP7aM0Bbdwr,Taylor Swift,Cruel Summer,Taylor Swift,2,32,74,5845651,US,United States,Q2,2024
26,spotify:track:3WMj8moIAXJhHsyLaqIIHI,Zach Bryan,Something in the Orange,Warner Records,4,31,103,5715974,US,United States,Q2,2024
27,spotify:track:7K3BhSpAxZBznislvUMVtn,Morgan Wallen,Last Night,Morgan Wallen,1,35,63,5692162,US,United States,Q2,2024
28,spotify:track:2MjXWroB9wlTG2kqv3avfS,Sexyy Red,Get It Sexyy,Open Shift/gamma.,28,34,4,5545150,US,United States,Q2,2024
29,spotify:track:69phA1R4gmQsBFRQ3INW8C,Rich Amiri,ONE CALL,Internet Money Records / 10K Projects,14,37,13,5472896,US,United States,Q2,2024
30,spotify:track:6zuPQl2RVqQ4y5nAH61CFC,"Beyoncé, Miley Cyrus",II MOST WANTED,Parkwood Entertainment/Columbia,8,8,2,5445221,US,United States,Q2,2024
31,spotify:track:2cH8wHImerFokgmhjyhCTU,J. Cole,Huntin’ Wabbitz,"Cole World, Inc. under exclusive license to Interscope Records",31,-1,1,5369478,US,United States,Q2,2024
32,spotify:track:6tNgRQ0K2NYZ0Rb9l9DzL8,Olivia Rodrigo,obsessed,Olivia Rodrigo PS,11,30,3,5217082,US,United States,Q2,2024
33,spotify:track:3vkCueOmm7xQDoJ17W1Pm3,Mitski,My Love Mine All Mine,Dead Oceans,3,39,30,5177513,US,United States,Q2,2024
34,spotify:track:0WbMK4wrZ1wFSty9F7FCgu,Chappell Roan,"Good Luck, Babe!",Chappell Roan PS/ Island,34,-1,1,5038854,US,United States,Q2,2024
35,spotify:track:2w5BtuWXISpB6NM4xPoeiR,"J. Cole, Ari Lennox, Young Dro, Gucci Mane","Pricey (feat. Ari Lennox, Young Dro & Gucci Mane)","Cole World, Inc. under exclusive license to Interscope Records",35,-1,1,5032577,US,United States,Q2,2024
36,spotify:track:0PAcdVzhPO4gq1Iym9ESnK,Morgan Wallen,Thinkin’ Bout Me,Morgan Wallen,9,50,58,4997425,US,United States,Q2,2024
37,spotify:track:4xhsWYTOGcal8zt0J161CU,Jack Harlow,Lovin On Me,Generation Now/Atlantic,1,38,22,4990720,US,United States,Q2,2024
38,spotify:track:5RMTsrJkrtumtiIZjy7dL6,"J. Cole, Bas, Central Cee",H.Y.B. (feat. Bas & Central Cee),"Cole World, Inc. under exclusive license to Interscope Records",38,-1,1,4971880,US,United States,Q2,2024
39,spotify:track:4QTlxavdQGUVitxAvQqqkU,BigXthaPlug,Mmhmm,BigXthaPlug under exclusive license to UnitedMasters LLC,39,68,17,4880623,US,United States,Q2,2024
40,spotify:track:7mOC6phfrfz3jfigg1aGsE,"GloRilla, Megan Thee Stallion",Wanna Be (with Megan Thee Stallion),CMG/Interscope Records,40,-1,1,4848185,US,United States,Q2,2024
41,spotify:track:5W4kiM2cUYBJXKRudNyxjW,Morgan Wallen,You Proof,Morgan Wallen,8,61,100,4767086,US,United States,Q2,2024
42,spotify:track:0eBFgRxyVSeuT4iyrbukdn,Luke Combs,Where the Wild Things Are,River House Artists/Columbia Nashville,42,67,9,4687063,US,United States,Q2,2024
43,spotify:track:2Zo1PcszsT9WQ0ANntJbID,Sabrina Carpenter,Feather,Island Records,20,72,20,4644246,US,United States,Q2,2024
44,spotify:track:0R6NfOiLzLj4O5VbYSJAjf,Xavi,La Diabla,Interscope Records,6,58,17,4630410,US,United States,Q2,2024
45,spotify:track:6me7F0aaZjwDo6RJ5MrfBD,Richy Mitch & The Coal Miners,Evergreen,Richy Mitch & The Coal Miners,40,60,29,4559304,US,United States,Q2,2024
46,spotify:track:6dpLxbF7lfCAnC9QRTjNLK,Good Neighbours,Home,Polydor Records,35,64,11,4525534,US,United States,Q2,2024
47,spotify:track:1aKvZDoLGkNMxoRYgkckZG,ILLIT,Magnetic,BELIFT LAB,47,63,2,4501020,US,United States,Q2,2024
48,spotify:track:0dEAiKNbHt4mrjjoiL0loc,Xavi,Corazón de Piedra,Interscope Records,48,66,3,4476145,US,United States,Q2,2024
49,spotify:track:6Y4rniIxibegzsg8cdWAWV,Beyoncé,BODYGUARD,Parkwood Entertainment/Columbia,13,13,2,4371467,US,United States,Q2,2024
50,spotify:track:68Dni7IE4VyPkTOH9mRWHr,J. Cole,No Role Modelz,Roc Nation Records LLC,10,81,322,4310602,US,United States,Q2,2024
1,spotify:track:6AI3ezQ4o3HUoP6Dhudph3,Kendrick Lamar,Not Like Us,"Kendrick Lamar, under exclusive license to Interscope Records",1,2,10,18772026,US,United States,Q3,2024
2,spotify:track:5N3hjp1WNayUPZrA8kJmJP,Sabrina Carpenter,Please Please Please,Island Records,1,1,5,16037099,US,United States,Q3,2024
3,spotify:track:5fZJQrFKWQLb7FpJXZ1g7K,Shaboozey,A Bar Song (Tipsy),American Dogwood / EMPIRE,3,3,13,15369911,US,United States,Q3,2024
4,spotify:track:2qSkIjg1o9h3YT9RAgYN75,Sabrina Carpenter,Espresso,Island Records,1,4,13,14271232,US,United States,Q3,2024
5,spotify:track:7221xIgOnuakPdLqT0F3nP,"Post Malone, Morgan Wallen",I Had Some Help (Feat. Morgan Wallen),Mercury Records/Republic Records,1,5,9,14250615,US,United States,Q3,2024
6,spotify:track:6dOtVTDdiauQNBQEDOtlAB,Billie Eilish,BIRDS OF A FEATHER,Darkroom/Interscope Records,3,6,8,13921182,US,United States,Q3,2024
7,spotify:track:0WbMK4wrZ1wFSty9F7FCgu,Chappell Roan,"Good Luck, Babe!",Chappell Roan PS/ Island,7,7,14,13303343,US,United States,Q3,2024
8,spotify:track:5AJ9hqTS2wcFQCELCFRO7A,Tommy Richman,MILLION DOLLAR BABY,PULSE Records,2,8,11,12111017,US,United States,Q3,2024
9,spotify:track:7Fzl7QaTu47WyP9R5S5mh5,Morgan Wallen,Lies Lies Lies,Big Loud Records / Mercury Records / Republic Records,9,-1,1,11263362,US,United States,Q3,2024
10,spotify:track:5iJKGpnFfvbjZJeAtwXfCj,Zach Bryan,28,Warner Records,10,-1,1,10043054,US,United States,Q3,2024
11,spotify:track:5Z0UnEtpLDQyYlWwgi8m9C,Hozier,Too Sweet,Columbia,1,9,16,8159434,US,United States,Q3,2024
12,spotify:track:4xdBrk0nFZaP54vvZj0yx7,Chappell Roan,HOT TO GO!,Chappell Roan PS/ Island,10,10,13,8048930,US,United States,Q3,2024
13,spotify:track:3xkHsmpQCBMytMJNiDf3Ii,Benson Boone,Beautiful Things,"Night Street Records, Inc./Warner Records Inc.",1,11,25,7639672,US,United States,Q3,2024
14,spotify:track:4ZJ4vzLQekI0WntDbanNC7,Zach Bryan,Pink Skies,Warner Records,8,12,7,7427087,US,United States,Q3,2024
15,spotify:track:22DH8NChecsgPxDjA4pqer,"Quavo, Lana Del Rey",Tough,Quality Control Music/Motown Records,15,-1,1,7041985,US,United States,Q3,2024
16,spotify:track:4KULAymBBJcPRpk1yO4dOG,"Zach Bryan, Kacey Musgraves",I Remember Everything (feat. Kacey Musgraves),Warner Records,1,13,46,6981617,US,United States,Q3,2024
17,spotify:track:6jlG8gBPNAgBgoivw2Ig09,Tommy Richman,DEVIL IS A LIE,PULSE Records,14,14,4,6681680,US,United States,Q3,2024
18,spotify:track:2tudvzsrR56uom6smgOcSf,"Future, Metro Boomin, Kendrick Lamar",Like That,Wilburn Holding Co./Boominati/Epic/Republic,1,17,16,6681640,US,United States,Q3,2024
19,spotify:track:7fveJ3pk1eSfxBdVkzdXZ0,"Morgan Wallen, ERNEST",Cowgirls,Morgan Wallen,19,19,64,6226817,US,United States,Q3,2024
20,spotify:track:629DixmZGHc7ILtEntuiWE,Billie Eilish,LUNCH,Darkroom/Interscope Records,4,16,8,6203554,US,United States,Q3,2024
21,spotify:track:7FOgcfdz9Nx5V9lCNXdBYv,Chappell Roan,Red Wine Supernova,Chappell Roan PS/ Island,17,18,14,6092876,US,United States,Q3,2024
22,spotify:track:0mflMxspEfB0VbI1kyLiAv,Noah Kahan,Stick Season,Mercury Records/Republic Records,2,22,89,6038059,US,United States,Q3,2024
23,spotify:track:3c9EsIo34kil8Oj1reaozB,Zach Bryan,American Nights,Warner Records,23,-1,1,5932940,US,United States,Q3,2024
24,spotify:track:7K3BhSpAxZBznislvUMVtn,Morgan Wallen,Last Night,Morgan Wallen,1,25,76,5907293,US,United States,Q3,2024
25,spotify:track:2OzhQlSqBEmt7hmkYxfT6m,"Taylor Swift, Post Malone",Fortnight (feat. Post Malone),Taylor Swift,1,23,12,5832518,US,United States,Q3,2024
26,spotify:track:3WMj8moIAXJhHsyLaqIIHI,Zach Bryan,Something in the Orange,Warner Records,4,29,116,5720156,US,United States,Q3,2024
27,spotify:track:1XBYiRV30ykHw5f4wm6qEn,The Kid LAROI,NIGHTS LIKE THIS,Columbia,24,24,3,5673197,US,United States,Q3,2024
28,spotify:track:1k2pQc5i348DCHwbn5KTdc,Chappell Roan,Pink Pony Club,Chappell Roan PS/ Island,27,27,5,5665656,US,United States,Q3,2024
29,spotify:track:17phhZDn6oGtzMe56NuWvj,Teddy Swims,Lose Control,Warner Records,10,21,35,5650782,US,United States,Q3,2024
30,spotify:track:1vj47xD8v9wIhQrmQY2Dkv,"Zach Bryan, John Mayer",Better Days (feat. John Mayer),Warner Records,30,-1,1,5606452,US,United States,Q3,2024
31,spotify:track:2uqYupMHANxnwgeiXTZXzd,Dasha,Austin (Boots Stop Workin'),Warner Records,20,26,18,5504266,US,United States,Q3,2024
32,spotify:track:2HYFX63wP3otVIvopRS99Z,Eminem,Houdini,Shady/Aftermath/Interscope Records,5,20,6,5452036,US,United States,Q3,2024
33,spotify:track:2Dct3GykKZ58hpWRFfe2Qd,Zach Bryan,Heading South,Warner Records,30,30,87,5294687,US,United States,Q3,2024
34,spotify:track:5ZLL6wYXeqg0k35ZkDRfhZ,"Post Malone, Blake Shelton",Pour Me A Drink (Feat. Blake Shelton),Mercury Records/Post Malone,10,15,3,5288009,US,United States,Q3,2024
35,spotify:track:4KWeGKChLKcnZsj3sIOSkW,"Eminem, Big Sean, BabyTron",Tobey (feat. Big Sean and BabyTron),Shady/Aftermath/Interscope Records,35,-1,1,5182515,US,United States,Q3,2024
36,spotify:track:5b3XJ1pjrHO5JtY2PcTjnI,"Megan Thee Stallion, Yuki Chiba",Mamushi (feat. Yuki Chiba),Hot Girl Productions,36,93,2,5153253,US,United States,Q3,2024
37,spotify:track:0y5Ex8oQ8zCH5TQxHUy1Eo,"Ella Langley, Riley Green",you look like you love me (feat. Riley Green),SAWGOD/Columbia,28,28,3,5126672,US,United States,Q3,2024
38,spotify:track:5W4kiM2cUYBJXKRudNyxjW,Morgan Wallen,You Proof,Morgan Wallen,8,31,113,5088445,US,United States,Q3,2024
39,spotify:track:7KA4W4McWYRpgf0fWsJZWB,"Tyler, The Creator, Kali Uchis",See You Again (feat. Kali Uchis),Columbia,5,35,158,5006558,US,United States,Q3,2024
40,spotify:track:1kPhV0KQui1phEpjnWIqUN,"Jimin, Loco",Smeraldo Garden Marching Band (feat. Loco),BIGHIT MUSIC,36,36,2,4851500,US,United States,Q3,2024
41,spotify:track:0PAcdVzhPO4gq1Iym9ESnK,Morgan Wallen,Thinkin’ Bout Me,Morgan Wallen,9,37,71,4848380,US,United States,Q3,2024
42,spotify:track:6XjDF6nds4DE2BBbagZol6,"FloyyMenor, Cris MJ",Gata Only,FloyyMenor under exclusive license to UnitedMasters LLC,13,32,18,4846723,US,United States,Q3,2024
43,spotify:track:1SjsVdSXpwm1kTdYEHoPIT,Zach Bryan,Sun to Me,Warner Records,42,42,61,4781112,US,United States,Q3,2024
44,spotify:track:4q5YezDOIPcoLr8R81x9qy,Taylor Swift,I Can Do It With a Broken Heart,Taylor Swift,3,33,12,4774147,US,United States,Q3,2024
45,spotify:track:3Vr3zh0r7ALn8VLqCiRR10,Myles Smith,Stargazing,RCA Records Label,24,38,9,4736787,US,United States,Q3,2024
46,spotify:track:7BRD7x5pt8Lqa1eGYC4dzj,Billie Eilish,CHIHIRO,Darkroom/Interscope Records,7,34,8,4731912,US,United States,Q3,2024
47,spotify:track:3XbIhTYl6a0uXPyO43eiXa,Zach Bryan,Oak Island,Warner Records,47,-1,1,4622028,US,United States,Q3,2024
48,spotify:track:1BxfuPKGuaTgP7aM0Bbdwr,Taylor Swift,Cruel Summer,Taylor Swift,2,41,87,4599822,US,United States,Q3,2024
49,spotify:track:3qhlB30KknSejmIvZZLjOD,Djo,End of Beginning,Djo,3,45,21,4551113,US,United States,Q3,2024
50,spotify:track:77DRzu7ERs0TX3roZcre7Q,Kendrick Lamar,euphoria,"Kendrick Lamar, under exclusive license to Interscope Records",3,49,11,4457334,US,United States,Q3,2024
1,spotify:track:2plbrEY59IikOBgBGLjaoe,"Lady Gaga, Bruno Mars",Die With A Smile,Interscope,1,2,8,12975101,US,United States,Q4,2024
2,spotify:track:5G2f63n7IPVPPjfNIGih7Q,Sabrina Carpenter,Taste,Island Records,1,3,7,12957882,US,United States,Q4,2024
3,spotify:track:1Es7AUAhQvapIcoh3qMKDL,"The Weeknd, Playboi Carti",Timeless (feat Playboi Carti),XO / Republic Records,1,1,2,11557401,US,United States,Q4,2024
4,spotify:track:6dOtVTDdiauQNBQEDOtlAB,Billie Eilish,BIRDS OF A FEATHER,Darkroom/Interscope Records,2,5,21,11156447,US,United States,Q4,2024
5,spotify:track:0WbMK4wrZ1wFSty9F7FCgu,Chappell Roan,"Good Luck, Babe!",Chappell Roan PS/ Island,1,4,27,11123745,US,United States,Q4,2024
6,spotify:track:7tI8dRuH2Yc6RuoTjxo4dU,Jimin,Who,BIGHIT MUSIC,2,6,12,9494927,US,United States,Q4,2024
7,spotify:track:2HRqTpkrJO5ggZyyK6NPWz,Sabrina Carpenter,Espresso,Island Records,1,7,26,8966170,US,United States,Q4,2024
8,spotify:track:5fZJQrFKWQLb7FpJXZ1g7K,Shaboozey,A Bar Song (Tipsy),American Dogwood / EMPIRE,3,11,26,8875290,US,United States,Q4,2024
9,spotify:track:5IZXB5IKAD2qlvTPJYDCFB,"Post Malone, Morgan Wallen",I Had Some Help (Feat. Morgan Wallen),Mercury Records / Republic Records,1,10,22,8363419,US,United States,Q4,2024
10,spotify:track:2262bWmqomIaJXwCRHr13j,Gigi Perez,Sailor Song,Gigi Perez PS/ Island,10,14,11,8007515,US,United States,Q4,2024
11,spotify:track:1UHS8Rf6h5Ar3CDWRd3wjF,Sabrina Carpenter,Bed Chem,Island Records,7,8,7,7977269,US,United States,Q4,2024
12,spotify:track:2tHwzyyOLoWSFqYNjeVMzj,Sabrina Carpenter,Please Please Please,Island Records,1,9,18,7887873,US,United States,Q4,2024
13,spotify:track:4xdBrk0nFZaP54vvZj0yx7,Chappell Roan,HOT TO GO!,Chappell Roan PS/ Island,9,12,26,7670629,US,United States,Q4,2024
14,spotify:track:51rfRCiUSvxXlCSCfIztBy,Gracie Abrams,"I Love You, I'm Sorry","Gracie Abrams, under exclusive license to Interscope Records",14,24,13,7097051,US,United States,Q4,2024
15,spotify:track:3QaPy1KgI7nu9FJEQUgn6h,Billie Eilish,WILDFLOWER,Darkroom/Interscope Records,11,22,21,6446283,US,United States,Q4,2024
16,spotify:track:6AI3ezQ4o3HUoP6Dhudph3,Kendrick Lamar,Not Like Us,"Kendrick Lamar, under exclusive license to Interscope Records",1,13,23,6416934,US,United States,Q4,2024
17,spotify:track:3xkHsmpQCBMytMJNiDf3Ii,Benson Boone,Beautiful Things,"Night Street Records, Inc./Warner Records Inc.",1,16,38,6234827,US,United States,Q4,2024
18,spotify:track:1k2pQc5i348DCHwbn5KTdc,Chappell Roan,Pink Pony Club,Chappell Roan PS/ Island,12,15,18,6056149,US,United States,Q4,2024
19,spotify:track:0mflMxspEfB0VbI1kyLiAv,Noah Kahan,Stick Season,Mercury Records/Republic Records,2,19,102,6050305,US,United States,Q4,2024
20,spotify:track:4KULAymBBJcPRpk1yO4dOG,"Zach Bryan, Kacey Musgraves",I Remember Everything (feat. Kacey Musgraves),Warner Records,1,18,59,5898586,US,United States,Q4,2024
21,spotify:track:5AJ9hqTS2wcFQCELCFRO7A,Tommy Richman,MILLION DOLLAR BABY,PULSE Records,2,17,24,5739882,US,United States,Q4,2024
22,spotify:track:7KA4W4McWYRpgf0fWsJZWB,"Tyler, The Creator, Kali Uchis",See You Again (feat. Kali Uchis),Columbia,5,27,171,5659653,US,United States,Q4,2024
23,spotify:track:4ZJ4vzLQekI0WntDbanNC7,Zach Bryan,Pink Skies,Warner Records,8,23,20,5658169,US,United States,Q4,2024
24,spotify:track:0cQVqPuHQP4KEwc7ZUQmj6,The Neighbourhood,Sweater Weather,Columbia,13,29,216,5562447,US,United States,Q4,2024
25,spotify:track:102YUQbYmwdBXS7jwamI90,Sabrina Carpenter,Good Graces,Island Records,7,20,7,5345891,US,United States,Q4,2024
26,spotify:track:1XBYiRV30ykHw5f4wm6qEn,The Kid LAROI,NIGHTS LIKE THIS,Columbia,24,26,16,5345463,US,United States,Q4,2024
27,spotify:track:3WMj8moIAXJhHsyLaqIIHI,Zach Bryan,Something in the Orange,Warner Records,4,30,129,5284703,US,United States,Q4,2024
28,spotify:track:21B4gaTWnTkuSh77iWEXdS,Sabrina Carpenter,Juno,Island Records,13,28,7,5206874,US,United States,Q4,2024
29,spotify:track:19XpFsce28aByvCC4g89tJ,Hozier,Too Sweet,Columbia,1,25,29,5080533,US,United States,Q4,2024
30,spotify:track:7fveJ3pk1eSfxBdVkzdXZ0,"Morgan Wallen, ERNEST",Cowgirls,Morgan Wallen,19,38,77,4953855,US,United States,Q4,2024
31,spotify:track:6GG4yyk3UATdBfTHVgI8PB,Luke Combs,Ain't No Love In Oklahoma (From Twisters: The Album),Atlantic Records,17,31,21,4947558,US,United States,Q4,2024
32,spotify:track:17phhZDn6oGtzMe56NuWvj,Teddy Swims,Lose Control,Warner Records,10,21,48,4890859,US,United States,Q4,2024
33,spotify:track:51eSHglvG1RJXtL3qI5trr,Benson Boone,Slow It Down,"Night Street Records, Inc./Warner Records Inc.",22,37,29,4749969,US,United States,Q4,2024
34,spotify:track:42VsgItocQwOQC3XWZ8JNA,"Travis Scott, Playboi Carti",FE!N (feat. Playboi Carti),Cactus Jack/Epic,2,44,63,4723107,US,United States,Q4,2024
35,spotify:track:6MzofobZt2dm0Kf1hTThFz,Addison Rae,Diet Pepsi,Columbia,35,48,7,4695424,US,United States,Q4,2024
36,spotify:track:7FOgcfdz9Nx5V9lCNXdBYv,Chappell Roan,Red Wine Supernova,Chappell Roan PS/ Island,15,33,27,4659862,US,United States,Q4,2024
37,spotify:track:4Na2HfNSr58chvfX69fy36,Gunna,one of wun,300 Entertainment,23,45,22,4640607,US,United States,Q4,2024
38,spotify:track:3xKsf9qdS1CyvXSMEid6g8,Frank Ocean,Pink + White,Boys Don't Cry,30,46,113,4588934,US,United States,Q4,2024
39,spotify:track:2aYZaN5SmkRDLsrrV8GkBQ,"Peso Pluma, Neton Vega",LA PATRULLA,2024 Double P Records,39,41,15,4532075,US,United States,Q4,2024
40,spotify:track:3WOhcATHxK2SLNeP5W3v1v,"Charli xcx, Billie Eilish",Guess featuring billie eilish,Atlantic Records,7,36,10,4379124,US,United States,Q4,2024
41,spotify:track:7Fzl7QaTu47WyP9R5S5mh5,Morgan Wallen,Lies Lies Lies,Big Loud Records / Mercury Records / Republic Records,9,35,14,4356946,US,United States,Q4,2024
42,spotify:track:5iJKGpnFfvbjZJeAtwXfCj,Zach Bryan,28,Warner Records,10,32,14,4329888,US,United States,Q4,2024
43,spotify:track:2Dct3GykKZ58hpWRFfe2Qd,Zach Bryan,Heading South,Warner Records,30,40,100,4265143,US,United States,Q4,2024
44,spotify:track:7K3BhSpAxZBznislvUMVtn,Morgan Wallen,Last Night,Morgan Wallen,1,50,89,4186088,US,United States,Q4,2024
45,spotify:track:0CFhbNsY7CsuSkBQOiLPzz,"NLE Choppa, 41, Kyle Richh",Or What,Warner Records,45,154,2,4147670,US,United States,Q4,2024
46,spotify:track:6IPwKM3fUUzlElbvKw2sKl,girl in red,we fell in love in october,world in red,46,88,37,4074192,US,United States,Q4,2024
47,spotify:track:1SjsVdSXpwm1kTdYEHoPIT,Zach Bryan,Sun to Me,Warner Records,35,47,74,3940169,US,United States,Q4,2024
48,spotify:track:24XihnoVPWXlKJ4BgXqjVM,Tate McRae,It's ok I'm ok,RCA Records Label,15,43,4,3922374,US,United States,Q4,2024
49,spotify:track:3WSOUb3U7tqURbBSgZTrZX,Chappell Roan,Casual,Chappell Roan PS/ Island,32,42,19,3903212,US,United States,Q4,2024
50,spotify:track:4QTlxavdQGUVitxAvQqqkU,BigXthaPlug,Mmhmm,BigXthaPlug under exclusive license to UnitedMasters LLC,38,52,43,3887693,US,United States,Q4,2024
1,spotify:track:6Kijtp0DB6VwcoJIw7PJ9W,"Kabza De Small, Mthunzi, DJ Maphorisa, Young Stunna, Sizwe Alakine, Umthakathi Kush","Imithandazo (feat. Young Stunna, DJ Maphorisa, Sizwe Alakine & Umthakathi Kush)",Piano Hub,1,1,11,899510,ZA,South Africa,Q1,2024
2,spotify:track:0UBK6HcgmmWUQzFQTncmDz,"Wanitwa Mos, Nkosazana Daughter, Master KG, Dalom Kids",Keneilwe (feat. Dalom Kids),Wanitwa Mos Entertainment,2,2,8,529005,ZA,South Africa,Q1,2024
3,spotify:track:5CD3ImPPdCW8QFQkjo5TXt,"Shakes & Les, DBN Gogo, Zee Nxumalo, Ceeka RSA, Chley",Funk55 (feat. Ceeka RSA & Chley),Kreative Kornerr,3,5,6,484629,ZA,South Africa,Q1,2024
4,spotify:track:5yyYL1FpimADTIftYQU0cg,"Dlala Thukzin, Zaba, Sykes",iPlan,Dlala Records (PTY) Ltd,1,3,17,465251,ZA,South Africa,Q1,2024
5,spotify:track:4tsVMjM60RNTe9EV5oQ4sQ,"DJ Stokie, Eemoh",Masithokoze,Universal Music (Pty) Ltd.,4,4,12,454586,ZA,South Africa,Q1,2024
6,spotify:track:3pImmSzeKex5ffzsDoaL3z,"Bassie, Aymos, T-Man SA",Izenzo,Djs Production Pty Ltd,5,8,20,377817,ZA,South Africa,Q1,2024
7,spotify:track:7JbLSEDlRdoJaXk5ddZae2,"Mthandeni SK, Lwah Ndlunkulu",Paris,Mthandeni Music Production,4,6,22,376212,ZA,South Africa,Q1,2024
8,spotify:track:1eOOCRtXcPwK8qG8VjtczJ,"Harrycane, Master KG, Eemoh, DJ Latimmy",Dubula (feat. DJ Latimmy) - Remake,Wanitwa Mos Entertainment,3,7,10,336922,ZA,South Africa,Q1,2024
9,spotify:track:6SYd9stPpCzbuLAeU3FR9K,"Kelvin Momo, Babalwa M, Nia Pearl, Stixx","Amalobolo (feat. Stixx, Nia Pearl)",Kelvin Momo Productions,9,13,5,275496,ZA,South Africa,Q1,2024
10,spotify:track:4xhsWYTOGcal8zt0J161CU,Jack Harlow,Lovin On Me,Generation Now/Atlantic,10,18,9,264059,ZA,South Africa,Q1,2024
11,spotify:track:1ng4byy7mejezJ08hs4P7R,"Sam Deep, Njelic, Aymos",Isgubhu,Universal Music (Pty) Ltd.,6,11,19,262883,ZA,South Africa,Q1,2024
12,spotify:track:4URabg9AGHasjFEVdTbWcC,"Kamo Mphela, Tyler ICU, Khalil Harrison, Baby S.O.N",Dalie (feat. Baby S.O.N),KAMO MPHELA ENTERTAINMENT,3,9,12,255080,ZA,South Africa,Q1,2024
13,spotify:track:3oPYVnm0LsmAQ4RobrRS29,"Mellow & Sleazy, SjavasDaDeejay, TitoM, Tman Xpress",Imnandi lento (feat. Tman Xpress),Sound African Recordings,1,10,21,252229,ZA,South Africa,Q1,2024
14,spotify:track:5aIVCx5tnk0ntmdiinnYvw,Tyla,Water,FAX Records/Epic,4,15,19,243795,ZA,South Africa,Q1,2024
15,spotify:track:4J1H4EuucGhhYfcPpYCBRr,"DJ Stokie, Zee_nhle, Omit ST, Sobzeen",Awukhuzeki,Universal Music (Pty) Ltd.,1,12,30,214821,ZA,South Africa,Q1,2024
16,spotify:track:5tpft20jhQvRlG3O7XfwWy,"Tyler ICU, Tumelo_za, DJ Maphorisa, Nandipha808, Ceeka RSA, Tyrone Dee","Mnike (feat. DJ Maphorisa, Nandipha808, Ceeka RSA & Tyron Dee)",New Money Gang Records,1,14,37,180810,ZA,South Africa,Q1,2024
17,spotify:track:6NC6bUY7tAIgr5xvzzZnBR,"DJ Tshegu, Focalistic, Sims Noreng",Tiya Mfana (Mzokwana) [feat. Sims Noreng],18 Area Holdings,11,17,11,167175,ZA,South Africa,Q1,2024
18,spotify:track:2V2K1hzCtgj9xAnga9WUTy,"DJ Kent, Thakzin, Brenden Praise, Mo-T, MÖRDA","Horns In The Sun (feat. Mo-T, Brenden Praise & Mörda) [Thakzin Remix]",Spinnin' Deep,17,20,13,164024,ZA,South Africa,Q1,2024
19,spotify:track:4i2Dz0USzHqcOTrP0y79V9,"Oscar Mbo, KG Smallz, Thakzin, Dearson, Mhaw Keys, MÖRDA","Yes God (feat. Dearson, Mörda & Mhaw keys)",The Ashmed Hour Records,17,19,23,160474,ZA,South Africa,Q1,2024
20,spotify:track:4xQgivVLGFlB0tctjpR2SU,Lwah Ndlunkulu,Eyami,Nkabi Records,15,25,23,156452,ZA,South Africa,Q1,2024
21,spotify:track:5PyDJG7SQRgWXefgexqIge,Doja Cat,Agora Hills,Kemosabe Records/RCA Records,20,38,16,153019,ZA,South Africa,Q1,2024
22,spotify:track:4nFrcGM7MY1mpoQCC7Kefj,Tems,Me & U,RCA Records/Since 93',22,43,14,151491,ZA,South Africa,Q1,2024
23,spotify:track:3XqM8hLCEYlbnFjoWwqtFv,Chris Brown,Angel Numbers / Ten Toes,Chris Brown Entertainment/RCA Records,15,46,9,149060,ZA,South Africa,Q1,2024
24,spotify:track:1g7hu7KMV5woMx6xfi1C6p,"YANII, Mxolisi Khumalo",Ngibambeni,Yanii Entertainment,21,24,7,146802,ZA,South Africa,Q1,2024
25,spotify:track:4iZ4pt7kvcaH6Yo8UoZ4s2,SZA,Snooze,Top Dawg Entertainment/RCA Records,12,50,57,139570,ZA,South Africa,Q1,2024
26,spotify:track:5R9zmvswQj0SRJ1XM0yTzU,Killorbeezbeatz,Ngilele E Hotel,Killorbeez Records,6,16,19,138926,ZA,South Africa,Q1,2024
27,spotify:track:7Gc7tNSocAypLct0MYYzmk,"Felo Le Tee, LeeMcKrazy, Keynote",Yini Ngathi (Insane),New Money Gang Records,10,22,13,137745,ZA,South Africa,Q1,2024
28,spotify:track:1NQCinyxiglxekxXVPEhnC,"Uncle Waffles, Ice Beats Slide, Sbuda Maleather",Peacock Revisit (feat. Ice Beats Slide & Sbuda Maleather),KO-SIGN PTY LTD.,3,23,22,136139,ZA,South Africa,Q1,2024
29,spotify:track:5l4S6LVL1AQfZC01pypXl6,"Megadrumz, Lady Du",Tjina,Open Mic Productions,9,21,17,136058,ZA,South Africa,Q1,2024
30,spotify:track:3rUGC1vUpkDG9CZFHMur1t,Tate McRae,greedy,RCA Records Label,30,49,17,134446,ZA,South Africa,Q1,2024
31,spotify:track:0JXXNGljqupsJaZsgSbMZV,Miguel,Sure Thing,Jive,13,65,158,134371,ZA,South Africa,Q1,2024
32,spotify:track:06QKSv9bjUYLEUdRpuaGeQ,"Nandipha808, Ceeka RSA, LeeMcKrazy, Philharmonic","Banike (feat. Philharmonic, LeeMcKrazy)",Stena Academy,22,27,11,133342,ZA,South Africa,Q1,2024
33,spotify:track:710qLZ4WOxBj7ZaVbVJtkh,"Kelvin Momo, Babalwa M, Azana, Stixx","Maye Maye (feat. Azana, Stixx)",Kelvin Momo Productions,17,35,6,131832,ZA,South Africa,Q1,2024
34,spotify:track:6lrKA1DMAihPI490Oj0twC,"MaWhoo, Deep Sen, KingTalkzin, Mthunzi","Ngilimele (feat. Deep Sen, KingTalkzin, Mthunzi)",MaWhoo Entertainment,28,29,17,130862,ZA,South Africa,Q1,2024
35,spotify:track:1whAXVGN8AdfrnoXNIXfJf,Tyla,Truth or Dare,FAX Records/Epic,35,55,6,128307,ZA,South Africa,Q1,2024
36,spotify:track:1djewwWkOaJGFtPaQc2MU6,"Sam Deep, Eemoh, Da Muziqal Chef",iMpumelelo,Universal Music (Pty) Ltd.,8,28,44,127588,ZA,South Africa,Q1,2024
37,spotify:track:09zHC0CNGuWQ1ot7WhzwKJ,"Fezeka Dlamini, Nomfundo Moh, Naledi",Uyangijabulisa,Sginci Media,12,34,21,126690,ZA,South Africa,Q1,2024
38,spotify:track:7aqfrAY2p9BUSiupwk3svU,"Drake, J. Cole",First Person Shooter (feat. J. Cole),OVO/Republic,3,54,14,126112,ZA,South Africa,Q1,2024
39,spotify:track:4P62OAoBti8I0OusyVFQJc,"Ggoldie, Chley, Ceeka RSA, T.M.A_Rsa, RIVALZ",Asambe,2023 HGA/LVRN Records (Love Renaissance),33,33,3,124291,ZA,South Africa,Q1,2024
40,spotify:track:2FDTHlrBguDzQkp7PVj16Q,"Dave, Central Cee",Sprinter,Neighbourhood / Live Yours,4,60,32,123826,ZA,South Africa,Q1,2024
41,spotify:track:1a73gcEg6h6Re6hHXoVltJ,Nicki Minaj,FTCU,Republic Records,38,76,5,122521,ZA,South Africa,Q1,2024
42,spotify:track:7CyPwkp0oE8Ro9Dd5CUDjW,"The Weeknd, JENNIE, Lily-Rose Depp","One Of The Girls (with JENNIE, Lily Rose Depp)",XO / Republic Records,42,74,9,121531,ZA,South Africa,Q1,2024
43,spotify:track:6WzRpISELf3YglGAh7TXcG,"The Weeknd, Playboi Carti, Madonna",Popular (with Playboi Carti & Madonna) - From The Idol Vol. 1 (Music from the HBO Original Series),XO / Republic Records,36,81,29,118560,ZA,South Africa,Q1,2024
44,spotify:track:4rXLjWdF2ZZpXCVTfWcshS,Gunna,fukumean,300 Entertainment,5,59,30,118081,ZA,South Africa,Q1,2024
45,spotify:track:2Oe52Ggx8lxxI55azZbr5h,"Kabza De Small, Mthunzi, MaWhoo",Amazwe (feat. Mawhoo),Piano Hub,37,42,11,116858,ZA,South Africa,Q1,2024
46,spotify:track:0XSYoJ0MJpMB2tddyRcBEC,"De Mthuda, Da Muziqal Chef, Eemoh",Sgudi Snyc,Universal Music (Pty) Ltd.,2,26,34,115617,ZA,South Africa,Q1,2024
47,spotify:track:7ko9EAsZ2N1ZpEBlMUkR3J,"Kabza De Small, DJ Maphorisa, Njelic, Young Stunna, Nkosazana Daughter, Xolani Guitar","Nana Thula (feat. Njelic, Young Stunna, Nkosazana Daughter & Xolani Guitar)",Piano Hub,6,32,34,114069,ZA,South Africa,Q1,2024
48,spotify:track:7wyxymLTOjYzcMfqd9jTDV,"Mellow & Sleazy, Focalistic, Makhekhe Jr",Wang Compromisa (feat. Focalistic & Makhekhe Jr),Sound African Recordings,29,31,4,113463,ZA,South Africa,Q1,2024
49,spotify:track:3s2qeMcvlTLdhkXy5VIUBA,"Pcee, Officixl RSA",Gabriella (feat. Officixl RSA),Sound African Recordings,39,39,4,110880,ZA,South Africa,Q1,2024
50,spotify:track:3BraTCQg9APnWRC7HQZyOJ,"Wanitwa Mos, Nkosazana Daughter, Master KG, Casswell P",Makhelwane (feat. Casswell P),Wanitwa Mos Entertainment,36,36,8,110474,ZA,South Africa,Q1,2024
1,spotify:track:54seQV7MCcppBrznALCdlT,"TitoM, Yuppe, S.N.E, EeQue","Tshwala Bam (feat. S.N.E, EeQue)",TitoM,1,1,7,543262,ZA,South Africa,Q2,2024
2,spotify:track:6Kijtp0DB6VwcoJIw7PJ9W,"Kabza De Small, Mthunzi, DJ Maphorisa, Young Stunna, Sizwe Alakine, Umthakathi Kush","Imithandazo (feat. Young Stunna, DJ Maphorisa, Sizwe Alakine & Umthakathi Kush)",Piano Hub,1,2,24,394518,ZA,South Africa,Q2,2024
3,spotify:track:6hqel7QjWBsjk1LJG6J0pD,"Shakes & Les, LeeMcKrazy",Funk 99,Kreativekornerr,3,-1,1,354978,ZA,South Africa,Q2,2024
4,spotify:track:2mhdhTWqT8RhkTlN2yWZZi,J. Cole,7 Minute Drill,"Cole World, Inc. under exclusive license to Interscope Records",4,-1,1,354596,ZA,South Africa,Q2,2024
5,spotify:track:2tudvzsrR56uom6smgOcSf,"Future, Metro Boomin, Kendrick Lamar",Like That,Wilburn Holding Co./Boominati/Epic/Republic,3,3,3,342261,ZA,South Africa,Q2,2024
6,spotify:track:40zr1pQlSaIWUYyR8APyy2,"Bandros, Kelvin Momo, Smash SA, Mr. Maker",Uhambe Wrongo (feat. Mr. Maker),Jive Hub Productions Pty (Ltd),6,18,2,298992,ZA,South Africa,Q2,2024
7,spotify:track:3xkHsmpQCBMytMJNiDf3Ii,Benson Boone,Beautiful Things,"Night Street Records, Inc./Warner Records Inc.",4,5,12,297564,ZA,South Africa,Q2,2024
8,spotify:track:2GxrNKugF82CnoRFbQfzPf,Artemas,i like the way you kiss me,Artemas,8,10,3,284562,ZA,South Africa,Q2,2024
9,spotify:track:4tsVMjM60RNTe9EV5oQ4sQ,"DJ Stokie, Eemoh",Masithokoze,Universal Music (Pty) Ltd.,3,4,25,272784,ZA,South Africa,Q2,2024
10,spotify:track:1yfKakY4rvI17lk20ekuRA,J. Cole,Crocodile Tearz,"Cole World, Inc. under exclusive license to Interscope Records",10,-1,1,272207,ZA,South Africa,Q2,2024
11,spotify:track:0WIv5qV41y6YjjB9V1biuC,Muni Long,Made For Me,"Supergiant Records, LLC / Def Jam Recordings",5,13,12,270883,ZA,South Africa,Q2,2024
12,spotify:track:0p8AKRTIxPeHDZu7ydYTxM,"Shakes & Les, DBN Gogo, Zee Nxumalo, Ceeka RSA, Chley","Funk 55 (feat. Ceeka RSA, Chley)",Kreativekornerr,2,6,19,251195,ZA,South Africa,Q2,2024
13,spotify:track:2w5BtuWXISpB6NM4xPoeiR,"J. Cole, Ari Lennox, Young Dro, Gucci Mane","Pricey (feat. Ari Lennox, Young Dro & Gucci Mane)","Cole World, Inc. under exclusive license to Interscope Records",13,-1,1,241095,ZA,South Africa,Q2,2024
14,spotify:track:5RMTsrJkrtumtiIZjy7dL6,"J. Cole, Bas, Central Cee",H.Y.B. (feat. Bas & Central Cee),"Cole World, Inc. under exclusive license to Interscope Records",14,-1,1,238832,ZA,South Africa,Q2,2024
15,spotify:track:5TY9ovYtBeJTY9s7K3ijEd,Ugatsheni,Hit after Hit,Kuhleliwe Mmema Holdings,9,9,15,238122,ZA,South Africa,Q2,2024
16,spotify:track:1tvDDR0ZAowEqKLN15g7tH,"Zwide, Umafikizolo, uMehlabomvu",Wenhliziyo Yami,Insika Yethonga,11,11,7,235627,ZA,South Africa,Q2,2024
17,spotify:track:2pqIaYg12ziqIpVtdVESGt,"Kelvin Momo, Babalwa M, Nia Pearl, Stixx","Amalobolo (feat. Stixx, Nia Pearl)",Kelvin Momo Productions,6,7,18,231605,ZA,South Africa,Q2,2024
18,spotify:track:0AjmK0Eai4zGrLaJwPvrDp,Hozier,Too Sweet,Columbia,18,43,2,220577,ZA,South Africa,Q2,2024
19,spotify:track:6XpEm7VJ7TZxZTawH8BCSW,"Tyla, Gunna, Skillibeng",Jump,FAX Records/Epic,19,26,3,210702,ZA,South Africa,Q2,2024
20,spotify:track:3pImmSzeKex5ffzsDoaL3z,"Bassie, Aymos, T-Man SA",Izenzo,Djs Production Pty Ltd,5,12,33,210451,ZA,South Africa,Q2,2024
21,spotify:track:2cH8wHImerFokgmhjyhCTU,J. Cole,Huntin’ Wabbitz,"Cole World, Inc. under exclusive license to Interscope Records",21,-1,1,209815,ZA,South Africa,Q2,2024
22,spotify:track:7JbLSEDlRdoJaXk5ddZae2,"Mthandeni SK, Lwah Ndlunkulu",Paris,Mthandeni Music Production,4,14,35,203828,ZA,South Africa,Q2,2024
23,spotify:track:2Oe52Ggx8lxxI55azZbr5h,"Kabza De Small, Mthunzi, MaWhoo",Amazwe (feat. Mawhoo),Piano Hub,16,17,24,199669,ZA,South Africa,Q2,2024
24,spotify:track:5aIVCx5tnk0ntmdiinnYvw,Tyla,Water,FAX Records/Epic,4,20,32,198885,ZA,South Africa,Q2,2024
25,spotify:track:2ee1Pa7Gs7lIGRXrl217IG,"DJ Lag, Mr Nation Thingz, K.C Driller",Hade Boss,Black Major x Ice Drop,13,16,11,194588,ZA,South Africa,Q2,2024
26,spotify:track:0UBK6HcgmmWUQzFQTncmDz,"Wanitwa Mos, Nkosazana Daughter, Master KG, Dalom Kids",Keneilwe (feat. Dalom Kids),Wanitwa Mos Entertainment,2,8,21,193108,ZA,South Africa,Q2,2024
27,spotify:track:4J9WveqdoaEUQu1aeoSH9X,"J. Cole, Cam'ron",Ready ‘24 (feat. Cam’ron),"Cole World, Inc. under exclusive license to Interscope Records",27,-1,1,187874,ZA,South Africa,Q2,2024
28,spotify:track:3w0w2T288dec0mgeZZqoNN,"¥$, Kanye West, Ty Dolla $ign",CARNIVAL,YZY,5,21,9,187753,ZA,South Africa,Q2,2024
29,spotify:track:40ds3xedbMkWhszkGnZwxi,Tyla,ART,FAX Records/Epic,23,30,3,178755,ZA,South Africa,Q2,2024
30,spotify:track:4xXHrIiIeW7dMh5FoYI5m1,"Zee Nxumalo, Pabi Cooper, 031CHOPPA, Shakes & Les",Thula Mabota,KwaNxumalo,23,23,2,175934,ZA,South Africa,Q2,2024
31,spotify:track:7axl6v0Yv4ksLVMt6XItpc,Tyla,Truth or Dare,FAX Records/Epic,17,22,19,173888,ZA,South Africa,Q2,2024
32,spotify:track:6XkIQqAsFjk1XfD4L7G6qR,J. Cole,Fever,"Cole World, Inc. under exclusive license to Interscope Records",32,-1,1,170728,ZA,South Africa,Q2,2024
33,spotify:track:17phhZDn6oGtzMe56NuWvj,Teddy Swims,Lose Control,Warner Records,26,39,14,170210,ZA,South Africa,Q2,2024
34,spotify:track:1tTKy8pW1dMaXJm7bYrSzA,J. Cole,Stickz N Stonez,"Cole World, Inc. under exclusive license to Interscope Records",34,-1,1,168473,ZA,South Africa,Q2,2024
35,spotify:track:0NXRZaUn11do0EzDFlXkbj,"J. Cole, Daylyt, Ab-Soul",Pi (feat. Daylyt & Ab-Soul),"Cole World, Inc. under exclusive license to Interscope Records",35,-1,1,165729,ZA,South Africa,Q2,2024
36,spotify:track:2fofdfhRxFVP1bRdjA1FEc,"TxC, Tony Duardo",Turn Off The Lights,"TXC Enterprises (PTY) LTD., under exclusive license to LVRN Records (Love Renaissance)",9,15,12,165491,ZA,South Africa,Q2,2024
37,spotify:track:5yyYL1FpimADTIftYQU0cg,"Dlala Thukzin, Zaba, Sykes",iPlan,Dlala Records (PTY) Ltd,1,19,30,165252,ZA,South Africa,Q2,2024
38,spotify:track:3qhlB30KknSejmIvZZLjOD,Djo,End of Beginning,Djo,24,34,7,164270,ZA,South Africa,Q2,2024
39,spotify:track:1IMRi5UVOV77PsAgdWDvzh,"Chike, Mohbad",Egwu,"Brothers Records, under exclusive license to ONErpm",25,25,7,160884,ZA,South Africa,Q2,2024
40,spotify:track:7GaFYUqP2WdR4KTPk7cXoP,Mario,Let Me Love You,J Records,39,44,279,156071,ZA,South Africa,Q2,2024
41,spotify:track:3zyjnHtoi8AtiGgZFnJP7O,"J. Cole, Bas",Stealth Mode (feat. Bas),"Cole World, Inc. under exclusive license to Interscope Records",41,-1,1,155187,ZA,South Africa,Q2,2024
42,spotify:track:4J1H4EuucGhhYfcPpYCBRr,"DJ Stokie, Zee_nhle, Omit ST, Sobzeen",Awukhuzeki,Universal Music (Pty) Ltd.,1,32,43,153083,ZA,South Africa,Q2,2024
43,spotify:track:51ZQ1vr10ffzbwIjDCwqm4,Ariana Grande,we can't be friends (wait for your love),Republic Records,16,31,5,152780,ZA,South Africa,Q2,2024
44,spotify:track:4E2fOeF5A6onC10OtnjXJa,J. Cole,Trae The Truth in Ibiza,"Cole World, Inc. under exclusive license to Interscope Records",44,-1,1,151987,ZA,South Africa,Q2,2024
45,spotify:track:1p77bVbZdKaMv4CgRys5Gu,"Vetkuk, Mahoota, DJ Maphorisa, Jelly Babie, Xduppy, Uncool MC, Ricky Lenyora","Bula Nthweo (feat. Jelly Babie, Xduppy, Uncool MC & Ricky Lenyora)",Sound African Recordings,29,29,3,151265,ZA,South Africa,Q2,2024
46,spotify:track:4nFrcGM7MY1mpoQCC7Kefj,Tems,Me & U,RCA Records/Since 93',22,54,27,150329,ZA,South Africa,Q2,2024
47,spotify:track:43PuMrRfbyyuz4QpZ3oAwN,Bryson Tiller,Exchange,TrapSoul/RCA Records,43,46,114,149784,ZA,South Africa,Q2,2024
48,spotify:track:1ng4byy7mejezJ08hs4P7R,"Sam Deep, Njelic, Aymos",Isgubhu,Universal Music (Pty) Ltd.,6,24,32,147597,ZA,South Africa,Q2,2024
49,spotify:track:5hJFhO9dvhJoDvUZZ9iWSw,Miguel,Adorn,ByStorm Entertainment/RCA Records,42,57,82,147143,ZA,South Africa,Q2,2024
50,spotify:track:51eSHglvG1RJXtL3qI5trr,Benson Boone,Slow It Down,"Night Street Records, Inc./Warner Records Inc.",50,51,3,145811,ZA,South Africa,Q2,2024
1,spotify:track:6AI3ezQ4o3HUoP6Dhudph3,Kendrick Lamar,Not Like Us,"Kendrick Lamar, under exclusive license to Interscope Records",1,1,10,533598,ZA,South Africa,Q3,2024
2,spotify:track:0NLRYW9HyqHcbyzfAwskKN,"Felo Le Tee, Scotts Maphuma, Thabza Tee, DJ Maphorisa, Djy Biza",Yebo Lapho (Gogo) (feat. DJ Maphorisa & Djy Biza),New Money Gang Records,2,-1,1,381326,ZA,South Africa,Q3,2024
3,spotify:track:4GxZKOak4mz6VmMJUmO4Is,"Tyler ICU, DJ Maphorisa, Masterpiece YVK, Ceeka RSA, M.J, Silas Africa, Al Xapo","Manzi Nte (feat. Masterpiece YVK, Ceeka RSA, M.J, Silas Africa & Al Xapo)",New Money Gang Records,3,3,6,325947,ZA,South Africa,Q3,2024
4,spotify:track:1G3NTy7WKbEznyJlTQXWMX,"Kabza De Small, Young Stunna, Nkosazana Daughter, Mthunzi, Nokwazi, Anzo, Mashudu, Murumba Pitch, Tman Xpress","Kabza Chant (feat. Young Stunna, Nkosazana Daughter, Mthunzi, Nokwazi, Anzo, Mashudu, Murumba Pitch & Tman Xpress)",Piano Hub,1,2,5,314887,ZA,South Africa,Q3,2024
5,spotify:track:3bqCtq5RcPzULlyqkFGVJ7,"Umafikizolo, Umashotana",Ngathi Nguye,Insika Yethonga,5,6,5,297872,ZA,South Africa,Q3,2024
6,spotify:track:5DqA8IUhk1DQSGmf6XOVrI,"Uncle Waffles, Royal MusiQ, OHP Sage, Pcee","Wadibusa (feat. Royal MusiQ, OHP Sage, & Pcee)",Encore Recordings,2,5,12,292471,ZA,South Africa,Q3,2024
7,spotify:track:5AJ9hqTS2wcFQCELCFRO7A,Tommy Richman,MILLION DOLLAR BABY,PULSE Records,2,7,11,279213,ZA,South Africa,Q3,2024
8,spotify:track:1gM44tVZ9pfUe9v35Stp31,"Bassie, M-Touch, Ranger, Amaza, LeeMcKrazy, Tman Xpress",Kwelanga 2.0 (feat. Tman Xpress & LeeMcKrazy),Warner Music Africa,8,11,5,261657,ZA,South Africa,Q3,2024
9,spotify:track:6Kijtp0DB6VwcoJIw7PJ9W,"Kabza De Small, Mthunzi, DJ Maphorisa, Young Stunna, Sizwe Alakine, Umthakathi Kush","Imithandazo (feat. Young Stunna, DJ Maphorisa, Sizwe Alakine & Umthakathi Kush)",Piano Hub,1,4,37,261018,ZA,South Africa,Q3,2024
10,spotify:track:6dOtVTDdiauQNBQEDOtlAB,Billie Eilish,BIRDS OF A FEATHER,Darkroom/Interscope Records,10,12,8,260865,ZA,South Africa,Q3,2024
11,spotify:track:6hqel7QjWBsjk1LJG6J0pD,"Shakes & Les, LeeMcKrazy",Funk 99,Kreativekornerr,1,8,14,256095,ZA,South Africa,Q3,2024
12,spotify:track:5SefJrw27Juf3N9eGhNHi3,"Mid9t, Officixl RSA",Banyana,Mid9t,8,10,11,251879,ZA,South Africa,Q3,2024
13,spotify:track:2hrycoFU1mZw6YPvMcn8yC,Jordan Adetunji,KEHLANI,300 Entertainment,13,13,5,244135,ZA,South Africa,Q3,2024
14,spotify:track:2Oe52Ggx8lxxI55azZbr5h,"Kabza De Small, Mthunzi, MaWhoo",Amazwe (feat. Mawhoo),Piano Hub,9,9,37,242844,ZA,South Africa,Q3,2024
15,spotify:track:3xkHsmpQCBMytMJNiDf3Ii,Benson Boone,Beautiful Things,"Night Street Records, Inc./Warner Records Inc.",4,14,25,236434,ZA,South Africa,Q3,2024
16,spotify:track:5fZJQrFKWQLb7FpJXZ1g7K,Shaboozey,A Bar Song (Tipsy),American Dogwood / EMPIRE,7,16,13,222984,ZA,South Africa,Q3,2024
17,spotify:track:2qSkIjg1o9h3YT9RAgYN75,Sabrina Carpenter,Espresso,Island Records,14,15,13,220710,ZA,South Africa,Q3,2024
18,spotify:track:4kydNoaTX4vfyCPeXE2bpt,"Sam Deep, Azana",BoGogo,Universal Music (Pty) Ltd.,17,17,5,213604,ZA,South Africa,Q3,2024
19,spotify:track:1KpHX3zexEHvYTw0dSyfgF,"Msongi, Cici, Sir Trill, Dot Mega",Xola,Global Media Group,19,19,8,203210,ZA,South Africa,Q3,2024
20,spotify:track:2pqIaYg12ziqIpVtdVESGt,"Kelvin Momo, Babalwa M, Nia Pearl, Stixx","Amalobolo (feat. Stixx, Nia Pearl)",Kelvin Momo Productions,6,22,31,200702,ZA,South Africa,Q3,2024
21,spotify:track:7iabz12vAuVQYyekFIWJxD,"Central Cee, Lil Baby",BAND4BAND (feat. Lil Baby),Columbia,6,20,7,200308,ZA,South Africa,Q3,2024
22,spotify:track:3Vr3zh0r7ALn8VLqCiRR10,Myles Smith,Stargazing,RCA Records Label,8,23,9,200294,ZA,South Africa,Q3,2024
23,spotify:track:54seQV7MCcppBrznALCdlT,"TitoM, Yuppe, S.N.E, EeQue","Tshwala Bam (feat. S.N.E, EeQue)",TitoM,1,18,20,192779,ZA,South Africa,Q3,2024
24,spotify:track:4iZ4pt7kvcaH6Yo8UoZ4s2,SZA,Snooze,Top Dawg Entertainment/RCA Records,12,27,83,191576,ZA,South Africa,Q3,2024
25,spotify:track:2idjAQVybG1IRGeZIxIxYK,"DJ Stokie, Eemoh",Masithokoze,Universal Music (Pty) Ltd.,3,28,38,186476,ZA,South Africa,Q3,2024
26,spotify:track:40zr1pQlSaIWUYyR8APyy2,"Bandros, Kelvin Momo, Smash SA, Mr. Maker",Uhambe Wrongo (feat. Mr. Maker),Jive Hub Productions Pty (Ltd),4,21,15,185982,ZA,South Africa,Q3,2024
27,spotify:track:5N3hjp1WNayUPZrA8kJmJP,Sabrina Carpenter,Please Please Please,Island Records,12,24,5,185104,ZA,South Africa,Q3,2024
28,spotify:track:5Z0UnEtpLDQyYlWwgi8m9C,Hozier,Too Sweet,Columbia,6,30,15,183888,ZA,South Africa,Q3,2024
29,spotify:track:3E1PwVodPiDbBHOI85CO9M,"Tyler ICU, LeeMcKrazy, Tman Xpress, Visca, Ceeka RSA, SjavasDaDeejay, Al Xapo","Ebasini (feat. Tman Xpress, Visca, Ceeka RSA, Sjavasdadeejay & Al Xapo)",Baby Blue Entertainment,26,26,20,180520,ZA,South Africa,Q3,2024
30,spotify:track:2cwsLyg0jSqOS0FIgaN0S3,"Makhadzi Entertainment, Iyanya, Prince Benza","Number 1 (feat. Iyanya, Prince Benza)",Makhadzi Entertainment,22,33,9,174582,ZA,South Africa,Q3,2024
31,spotify:track:0JXXNGljqupsJaZsgSbMZV,Miguel,Sure Thing,Jive,13,29,184,172379,ZA,South Africa,Q3,2024
32,spotify:track:3jTedBPHIIr48xoJchYHNH,"Kharishma, Ba Bethe Gashoazen",Chokeslem,4397321 Records DK,32,57,4,172110,ZA,South Africa,Q3,2024
33,spotify:track:7JNPhwzFNg4pb7wZqfR5ms,"KMAT, CowBoii, Gubziin, Ranger","MKK (feat. CowBoii, djygubzin.live & Ranger)",Matt Records / EMPIRE,11,25,13,172034,ZA,South Africa,Q3,2024
34,spotify:track:7GaFYUqP2WdR4KTPk7cXoP,Mario,Let Me Love You,J Records,25,31,292,168282,ZA,South Africa,Q3,2024
35,spotify:track:7JbLSEDlRdoJaXk5ddZae2,"Mthandeni SK, Lwah Ndlunkulu",Paris,Mthandeni Music Production,4,32,48,164227,ZA,South Africa,Q3,2024
36,spotify:track:5b3XJ1pjrHO5JtY2PcTjnI,"Megan Thee Stallion, Yuki Chiba",Mamushi (feat. Yuki Chiba),Hot Girl Productions,36,135,2,162701,ZA,South Africa,Q3,2024
37,spotify:track:2nYDr6EASJj7UcjiEmlvj0,"Babalwa M, Kelvin Momo, Stixx, Baby S.O.N",Pholisa (feat. Stixx & Baby S.O.N),Babalwa M / EMPIRE,5,34,11,162391,ZA,South Africa,Q3,2024
38,spotify:track:3XqM8hLCEYlbnFjoWwqtFv,Chris Brown,Angel Numbers / Ten Toes,Chris Brown Entertainment/RCA Records,15,38,35,162100,ZA,South Africa,Q3,2024
39,spotify:track:17phhZDn6oGtzMe56NuWvj,Teddy Swims,Lose Control,Warner Records,24,36,27,161787,ZA,South Africa,Q3,2024
40,spotify:track:43PuMrRfbyyuz4QpZ3oAwN,Bryson Tiller,Exchange,TrapSoul/RCA Records,33,41,127,156379,ZA,South Africa,Q3,2024
41,spotify:track:6jlG8gBPNAgBgoivw2Ig09,Tommy Richman,DEVIL IS A LIE,PULSE Records,41,45,4,154467,ZA,South Africa,Q3,2024
42,spotify:track:4xXHrIiIeW7dMh5FoYI5m1,"Zee Nxumalo, Pabi Cooper, 031CHOPPA, Shakes & Les",Thula Mabota,KwaNxumalo,19,37,15,149228,ZA,South Africa,Q3,2024
43,spotify:track:2tudvzsrR56uom6smgOcSf,"Future, Metro Boomin, Kendrick Lamar",Like That,Wilburn Holding Co./Boominati/Epic/Republic,3,42,16,148627,ZA,South Africa,Q3,2024
44,spotify:track:1tvDDR0ZAowEqKLN15g7tH,"Zwide, Umafikizolo, uMehlabomvu",Wenhliziyo Yami,Insika Yethonga,11,40,20,143618,ZA,South Africa,Q3,2024
45,spotify:track:48lcmlbwm4VHcOfXqWlVbx,"Mellow & Sleazy, Eltee, LeeMcKrazy, Scotts Maphuma, Gipa",Kokotela (feat. Scotts Maphuma & Gipa),Sound African Recordings,27,35,20,143346,ZA,South Africa,Q3,2024
46,spotify:track:5TY9ovYtBeJTY9s7K3ijEd,Ugatsheni,Hit after Hit,Kuhleliwe Mmema Holdings,9,39,28,143229,ZA,South Africa,Q3,2024
47,spotify:track:3JG1uFc40wfyrqaWC7iv0e,Artemas,i like the way you kiss me,Artemas,5,43,16,141737,ZA,South Africa,Q3,2024
48,spotify:track:3mxQry8oUO3gvdz9sGkbud,"SjavasDaDeejay, TitoM, Vyno Keys, CowBoii, Mellow & Sleazy, Nobantu Vilakazi","Bayazi (feat. Mellow & Sleazy, Nobantu Vilakazi, Cowboii)",SjavasDaDeejay,44,44,7,133580,ZA,South Africa,Q3,2024
49,spotify:track:3pImmSzeKex5ffzsDoaL3z,"Bassie, Aymos, T-Man SA",Izenzo,Djs Production Pty Ltd,5,46,46,132028,ZA,South Africa,Q3,2024
50,spotify:track:3TpQcE8EqBqobOznNdl20l,"DJ KSB, LeeMcKrazy, Soulful G",Umaqondana,Wanitwa Mos Entertainment,22,48,9,130472,ZA,South Africa,Q3,2024
1,spotify:track:567NwM1L86vGvZwiZfCsMo,"Mthandeni SK, MaWhoo",Gucci,Mthandeni Music Production,1,1,2,842901,ZA,South Africa,Q4,2024
2,spotify:track:21fhgH4tjYcAKzkzCuYyr6,"Blaq Major, BLESS THE GENTLEMAN, DJ Kap",Sdakiwe Sbali (feat. Bless The Gentleman & DJ Kap),Wanitwa Mos Entertainment,2,3,11,506675,ZA,South Africa,Q4,2024
3,spotify:track:3H8XWGDteOl8nmUqeYrHw5,"Usimamane, Sjava",Uvalo,gamma. Africa,1,2,4,478210,ZA,South Africa,Q4,2024
4,spotify:track:0NLRYW9HyqHcbyzfAwskKN,"Felo Le Tee, Scotts Maphuma, Thabza Tee, DJ Maphorisa, Djy Biza",Yebo Lapho (Gogo) (feat. DJ Maphorisa & Djy Biza),New Money Gang Records,1,4,14,393781,ZA,South Africa,Q4,2024
5,spotify:track:6eyJuobFFGXLAOOkxrIdSV,"Mawelele, Kwesta",All My Life,ONE FIFTY EMPIRE / gamma. Africa,4,6,6,388960,ZA,South Africa,Q4,2024
6,spotify:track:6COIIA7XjaExDj4fkCqaB9,"Casswell P, Nobuhle",Can't Get,Wanitwa Mos Entertainment,6,16,4,388618,ZA,South Africa,Q4,2024
7,spotify:track:1gM44tVZ9pfUe9v35Stp31,"Bassie, M-Touch, Ranger, Amaza, LeeMcKrazy, Tman Xpress",Kwelanga 2.0 (feat. Tman Xpress & LeeMcKrazy),Warner Music Africa,2,5,18,378654,ZA,South Africa,Q4,2024
8,spotify:track:2ZdiSdC1ElfhEsFanMlpdO,"Caiiro, Ami Faku",Ndisize (feat. Ami Faku),OwnIt Music,8,46,3,350398,ZA,South Africa,Q4,2024
9,spotify:track:7of6lpTmDwVshVQ7kcQxYo,"Blacko SA, Mellow & Sleazy, Scotts Maphuma",Zase England,BlackoSA,9,21,2,342093,ZA,South Africa,Q4,2024
10,spotify:track:2pdid5w8VxdgMmYlp7r17z,"Mjolisi, Mnqobi yazo",My Dululu,3262181 Records DK,7,7,5,329004,ZA,South Africa,Q4,2024
11,spotify:track:3jTedBPHIIr48xoJchYHNH,"Kharishma, Ba Bethe Gashoazen",Chokeslem,4397321 Records DK,10,10,17,323188,ZA,South Africa,Q4,2024
12,spotify:track:0cnbEf12FLBWx9QnBlw1EL,"Dlala Thukzin, Funky Qla, Zee Nxumalo, MK Productions",Ama Gear,Dlala Records (PTY) Ltd,5,9,14,298119,ZA,South Africa,Q4,2024
13,spotify:track:6dOtVTDdiauQNBQEDOtlAB,Billie Eilish,BIRDS OF A FEATHER,Darkroom/Interscope Records,5,13,21,293354,ZA,South Africa,Q4,2024
14,spotify:track:7hO6BIPeHb0Y5v9bgXoxKg,"Dlala Thukzin, Zeh McGeba, MK Productions",Sohlala Sisonke,Dlala Records (PTY) Ltd,14,20,2,286986,ZA,South Africa,Q4,2024
15,spotify:track:0X5qaCnHN98ELiqincjJwg,"DoouShii, Scotts Maphuma, Mellow & Sleazy",MaDlamini (feat. Mellow & Sleazy),Sessions 55 (Pty) LTD,5,14,9,285636,ZA,South Africa,Q4,2024
16,spotify:track:0nW9PrcihaknNnldmEx08O,"Mas Musiq, Lawd Weezy, DJ Maphorisa, TO Starquality, Chley, Kabza De Small","Amalanga (feat. TO Starquality, Chley & Kabza De Small)",New Money Gang Records,7,11,4,284347,ZA,South Africa,Q4,2024
17,spotify:track:03el79rU07nAtJYgX1v62f,"Wanitwa Mos, Nkosazana Daughter, Master KG, Big Zulu, Zee Nxumalo",Mfazi Wephepha (feat. Big Zulu & Zee Nxumalo),Wanitwa Mos Entertainment,2,12,9,277510,ZA,South Africa,Q4,2024
18,spotify:track:4zZxynw8cwhCRlDl9pay2f,"Khathapillar, Sol Phenduka, Smash SA, Kamoh Xaba",Diqabang,Unity Music Africa,18,19,14,273943,ZA,South Africa,Q4,2024
19,spotify:track:1KpHX3zexEHvYTw0dSyfgF,"Msongi, Cici, Sir Trill, Dot Mega",Xola,Global Media Group,8,17,21,267628,ZA,South Africa,Q4,2024
20,spotify:track:7xDarhJmf6HSN4NbxShpUO,"2Point1, BelloM, EPIC DJ, DJ Seneath, X-Morizo","Sthandwa Sam (feat. BelloM, Epic DJ, DJ Seneath & X-Morizo)",2Point1 Music,20,29,4,259336,ZA,South Africa,Q4,2024
21,spotify:track:3mWu4sw2LsmNX4UBfhrvC1,"CowBoii, Mellow & Sleazy, Scotts Maphuma, Eltee, Novatron",eGoli (feat. Eltee & Novatron),Mculo / EMPIRE,4,18,11,251418,ZA,South Africa,Q4,2024
22,spotify:track:5DqA8IUhk1DQSGmf6XOVrI,"Uncle Waffles, Royal MusiQ, OHP Sage, Pcee","Wadibusa (feat. Royal MusiQ, OHP Sage, & Pcee)",Encore Recordings,2,22,25,238764,ZA,South Africa,Q4,2024
23,spotify:track:7JbLSEDlRdoJaXk5ddZae2,"Mthandeni SK, Lwah Ndlunkulu",Paris,Mthandeni Music Production,4,35,61,231191,ZA,South Africa,Q4,2024
24,spotify:track:5W6KyyrmTImJK4vGsnfQuZ,"Makhadzi Entertainment, Ba Bethe Gashoazen",Bafana (feat. Ba Bethe Gashoazen),Makhadzi Entertainment,24,32,3,229194,ZA,South Africa,Q4,2024
25,spotify:track:2plbrEY59IikOBgBGLjaoe,"Lady Gaga, Bruno Mars",Die With A Smile,Interscope,19,23,8,225917,ZA,South Africa,Q4,2024
26,spotify:track:3bqCtq5RcPzULlyqkFGVJ7,"Umafikizolo, Umashotana",Ngathi Nguye,Insika Yethonga,3,25,18,225524,ZA,South Africa,Q4,2024
27,spotify:track:7GaFYUqP2WdR4KTPk7cXoP,Mario,Let Me Love You,J Records,18,33,305,224044,ZA,South Africa,Q4,2024
28,spotify:track:3rtv6UeFWYOAbegjRrrGCB,Solly Moholo,Banaka Nako Ea Me E Haufi,Sony Music Special Projects,28,80,19,222523,ZA,South Africa,Q4,2024
29,spotify:track:1Es7AUAhQvapIcoh3qMKDL,"The Weeknd, Playboi Carti",Timeless (feat Playboi Carti),XO / Republic Records,15,15,2,219862,ZA,South Africa,Q4,2024
30,spotify:track:6nzdbRzlTopbYwutzoakvI,"Makhadzi Entertainment, Iyanya, Prince Benza","Number 1 (feat. Iyanya, Prince Benza)",Makhadzi Entertainment,22,41,22,216525,ZA,South Africa,Q4,2024
31,spotify:track:4kydNoaTX4vfyCPeXE2bpt,"Sam Deep, Azana",BoGogo,Universal Music (Pty) Ltd.,11,36,18,216118,ZA,South Africa,Q4,2024
32,spotify:track:0JXXNGljqupsJaZsgSbMZV,Miguel,Sure Thing,Jive,13,26,197,213777,ZA,South Africa,Q4,2024
33,spotify:track:3E1PwVodPiDbBHOI85CO9M,"Tyler ICU, LeeMcKrazy, Tman Xpress, Visca, Ceeka RSA, SjavasDaDeejay, Al Xapo","Ebasini (feat. Tman Xpress, Visca, Ceeka RSA, Sjavasdadeejay & Al Xapo)",Baby Blue Entertainment,16,24,33,211882,ZA,South Africa,Q4,2024
34,spotify:track:3xkHsmpQCBMytMJNiDf3Ii,Benson Boone,Beautiful Things,"Night Street Records, Inc./Warner Records Inc.",4,31,38,209566,ZA,South Africa,Q4,2024
35,spotify:track:5YYr3ZK6KToGSvr44sdO7E,"Mthandeni SK, Nomcebo Zikode",Ishephisi ejezini,Mthandeni Music Production,8,8,2,209544,ZA,South Africa,Q4,2024
36,spotify:track:1S1K6RxkEkm9a9op800QEk,"Q Twins, Blaq Major",Nhliziyo Yami,Afrotainment,36,70,6,208286,ZA,South Africa,Q4,2024
37,spotify:track:3QaPy1KgI7nu9FJEQUgn6h,Billie Eilish,WILDFLOWER,Darkroom/Interscope Records,32,40,21,201190,ZA,South Africa,Q4,2024
38,spotify:track:0WowHKVNsbEBaPLZbB4Zmj,"Makhadzi Entertainment, Dr Skaro",Jealous Down (feat. Dr Skaro),Makhadzi Entertainment,30,34,5,200494,ZA,South Africa,Q4,2024
39,spotify:track:6AI3ezQ4o3HUoP6Dhudph3,Kendrick Lamar,Not Like Us,"Kendrick Lamar, under exclusive license to Interscope Records",1,27,23,200414,ZA,South Africa,Q4,2024
40,spotify:track:4wZB5QFhGjwAHisMeSicPl,"Ntokzin, Zee_nhle, Moscow, Macfowlen",Hleka nabo,Groove Natives Productions,22,30,8,197535,ZA,South Africa,Q4,2024
41,spotify:track:4GxZKOak4mz6VmMJUmO4Is,"Tyler ICU, DJ Maphorisa, Masterpiece YVK, Ceeka RSA, M.J, Silas Africa, Al Xapo","Manzi Nte (feat. Masterpiece YVK, Ceeka RSA, M.J, Silas Africa & Al Xapo)",New Money Gang Records,3,28,19,193638,ZA,South Africa,Q4,2024
42,spotify:track:0io16MKpbeDIdYzmGpQaES,Ndotz,Embrace It,Isekai Records,34,44,5,192860,ZA,South Africa,Q4,2024
43,spotify:track:4iZ4pt7kvcaH6Yo8UoZ4s2,SZA,Snooze,Top Dawg Entertainment/RCA Records,12,54,96,192203,ZA,South Africa,Q4,2024
44,spotify:track:2HiHffF7XArCZDDn5VNUGM,"DJ Stokie, Zee_nhle, Sobzeen, Faith Strings",Selimathunzi,Universal Music (Pty) Ltd.,27,42,13,192078,ZA,South Africa,Q4,2024
45,spotify:track:40zr1pQlSaIWUYyR8APyy2,"Bandros, Kelvin Momo, Smash SA, Mr. Maker",Uhambe Wrongo (feat. Mr. Maker),Jive Hub Productions Pty (Ltd),4,56,28,188738,ZA,South Africa,Q4,2024
46,spotify:track:6Kijtp0DB6VwcoJIw7PJ9W,"Kabza De Small, Mthunzi, DJ Maphorisa, Young Stunna, Sizwe Alakine, Umthakathi Kush","Imithandazo (feat. Young Stunna, DJ Maphorisa, Sizwe Alakine & Umthakathi Kush)",Piano Hub,1,37,50,183789,ZA,South Africa,Q4,2024
47,spotify:track:5fZJQrFKWQLb7FpJXZ1g7K,Shaboozey,A Bar Song (Tipsy),American Dogwood / EMPIRE,7,43,26,182266,ZA,South Africa,Q4,2024
48,spotify:track:6hqel7QjWBsjk1LJG6J0pD,"Shakes & Les, LeeMcKrazy",Funk 99,Kreativekornerr,1,63,27,178826,ZA,South Africa,Q4,2024
49,spotify:track:5IgjP7X4th6nMNDh4akUHb,Chris Brown,Under The Influence,Chris Brown Entertainment/RCA Records,2,55,134,178228,ZA,South Africa,Q4,2024
50,spotify:track:2hrycoFU1mZw6YPvMcn8yC,Jordan Adetunji,KEHLANI,300 Entertainment,6,38,18,177325,ZA,South Africa,Q4,2024