rank,uri,artist_names,track_name,source,peak_rank,previous_rank,weeks_on_chart,streams,country_code,country_name,quarter,year
1,spotify:track:4MzXwWMhyBbmu6hOcLVD49,"Bad Bunny, JHAYCO",DÁKITI,Rimas Entertainment LLC,1,1,10,2758086,AR,Argentina,Q1,2021
2,spotify:track:6EHrppRT1Uj4cyShAujxFu,"Papu DJ, L-Gante",L-Gante: RKT SESSIONS #1,PAPU DJ,2,4,6,2735464,AR,Argentina,Q1,2021
3,spotify:track:7vrJn5hDSXRmdXoR30KgF1,KAROL G,BICHOTA,UMLE - Latino,2,2,11,2720767,AR,Argentina,Q1,2021
4,spotify:track:3lCbsHaN1wCxyDzcNN2x4N,"Migrantes, Alico",Si Me Tomo Una Cerveza,LEB Records,2,3,8,2628891,AR,Argentina,Q1,2021
5,spotify:track:5uD4fcXch2qE5LYeyDipA1,"El Reja, Lira",Bésame,Montevideo Music Group,2,5,13,2076924,AR,Argentina,Q1,2021
6,spotify:track:7D7EH7MGyNHWSkqrszerI1,"Camilo, El Alfa",BEBÉ,Sony Music Latin,6,7,6,1982856,AR,Argentina,Q1,2021
7,spotify:track:78SeXVRJ7KCqVmOwTiFjnI,"Bizarrap, NATHY PELUSO","Nathy Peluso: Bzrp Music Sessions, Vol. 36/66",DALE PLAY Records,5,6,6,1918143,AR,Argentina,Q1,2021
8,spotify:track:2XIc1pqjXV3Cr2BQUGNBck,"Bad Bunny, ROSALÍA",LA NOCHE DE ANOCHE,Rimas Entertainment LLC,6,11,6,1864105,AR,Argentina,Q1,2021
9,spotify:track:1yoMvmasuxZfqHEipJhRbp,Maluma,Hawái,Sony Music Latin,1,8,23,1801791,AR,Argentina,Q1,2021
10,spotify:track:73nAK3HgQK8dak83Y2WQ8F,Camilo,Vida de Rico,Sony Music Latin,2,10,16,1755097,AR,Argentina,Q1,2021
11,spotify:track:21N4Buj4xsyLb218lYle61,"Sebastian Yatra, Guaynaa",Chica Ideal,UMLE - Latino,7,9,12,1745958,AR,Argentina,Q1,2021
12,spotify:track:3VvA1wSxukMLsvXoXtlwWx,Boza,Hecha Pa' Mi,Sony Music Latin,12,13,7,1699308,AR,Argentina,Q1,2021
13,spotify:track:1xK1Gg9SxG8fy2Ya373oqb,"Myke Towers, Juhn",Bandido,White World Music,13,30,4,1593564,AR,Argentina,Q1,2021
14,spotify:track:15OjBeqNX3bShsGYQbteRv,Farruko,La Tóxica,Sony Music Latin,5,12,23,1564289,AR,Argentina,Q1,2021
15,spotify:track:4loQgPwJHocL3dFwLfjb1J,"Rauw Alejandro, Anuel AA",Reloj,Sony Music Latin/Duars Entertainment,12,14,11,1518858,AR,Argentina,Q1,2021
16,spotify:track:3GtnId3Cm1Xa6joCj08nzW,Justin Quiles,Jeans,WEA Latina,2,15,21,1398974,AR,Argentina,Q1,2021
17,spotify:track:7ndTONDDRFGiPnnhOzOXxq,"Manuel Turizo, Rauw Alejandro, Myke Towers",La Nota,Sony Music Latin/La Industria,9,16,13,1372632,AR,Argentina,Q1,2021
18,spotify:track:35UUpTmrcFXNIVIN26ujXl,"Sech, Daddy Yankee, J Balvin, ROSALÍA, Farruko",Relación - Remix,Rich Music,3,17,18,1307039,AR,Argentina,Q1,2021
19,spotify:track:5y7DaS3jAc9eZzcSOoUIwU,"Ozuna, J Balvin, Chencho Corleone",Una Locura,Aura Music Corp.,11,18,18,1287202,AR,Argentina,Q1,2021
20,spotify:track:1jtkP2Vj67mcBTXJgIOZsW,"Maria Becerra, Rusherking",Confiesalo,300 Entertainment,20,21,8,1274803,AR,Argentina,Q1,2021
21,spotify:track:4RJz8NfIe09gpKMiRUWKhJ,"Maluma, Lenny Tavárez, Justin Quiles",Parce (feat. Justin Quiles),Sony Music Latin,8,19,20,1165708,AR,Argentina,Q1,2021
22,spotify:track:4HYDUMY0xSpeBr0AMY9cUz,"Jay Wheeler, DJ Nelson, Myke Towers",La Curiosidad,Linked Music / Dynamic Records / EMPIRE,4,22,29,1137048,AR,Argentina,Q1,2021
23,spotify:track:2I3qA0KslRCxFTfZnPyDhf,"The La Planta, Nestor En Bloque, Marka Akme, MOMO, Pushi",Barrio Prendido,The La Planta,23,23,10,1111570,AR,Argentina,Q1,2021
24,spotify:track:7x4ASXYEKfQBCewcZhK776,KAROL G,"Ay, DiOs Mío!",UMLE - Latino,6,24,26,1056968,AR,Argentina,Q1,2021
25,spotify:track:4G3PTss3mU33Tau7t4KbwE,"Rauw Alejandro, Camilo",Tattoo - Remix with Camilo,Sony Music Latin/Duars Entertainment,2,20,26,1033006,AR,Argentina,Q1,2021
26,spotify:track:2HpbDdD3JLpAPMJFYCeC6o,"Maria Becerra, TINI, Lola Indigo",High (Remix),300 Entertainment / Maria Becerra,2,27,18,1030632,AR,Argentina,Q1,2021
27,spotify:track:2mMZAd3ol9wGI2WJl4XJCF,"Nicki Nicole, Dread Mar I, Bizarrap",Verte,Sony Music Latin/DALE PLAY Records,17,26,4,1024646,AR,Argentina,Q1,2021
28,spotify:track:59nnGpAU3AiL2tD0o2It11,"KHEA, NATTI NATASHA, Prince Royce, Lenny Santos",Ayer Me Llamó Mi Ex (Remix),Young Flex - Khea,23,25,9,1013402,AR,Argentina,Q1,2021
29,spotify:track:4C6BlqqMwjFzOXzqpTeoWR,Justin Quiles,Ponte Pa' Mi,WEA Latina,26,29,7,1013302,AR,Argentina,Q1,2021
30,spotify:track:0JAZWvvqttGFm4UMDsPQXC,"Ozuna, Camilo",Despeinada,Aura Music Corp.,7,28,18,986370,AR,Argentina,Q1,2021
31,spotify:track:68mrW6gXHgupgSiDHgaDi5,"Nicky Jam, Myke Towers",Polvo,Sony Music Latin,31,33,7,982634,AR,Argentina,Q1,2021
32,spotify:track:11EnQRgRMJwMAesfkB5pnu,"Lele Pons, Guaynaa",Se Te Nota (with Guaynaa),Shots Studios & Music/10:22pm/Interscope Records,16,31,16,926008,AR,Argentina,Q1,2021
33,spotify:track:4gQG2Ic7hnJMAcqunk4ERT,"Fer Palacio, DJ Alex, Santiago Saez",Ya No Más,P2020,10,35,90,911103,AR,Argentina,Q1,2021
34,spotify:track:2bgcUk2A3jjKbCJ7KPquTi,"Wisin, Myke Towers, Los Legendarios",Mi Niña,La Base Music Group/ WK Records,22,32,14,894494,AR,Argentina,Q1,2021
35,spotify:track:5Jm4w8jmPEBTLjI9vH4fXo,Ozuna,Caramelo,Aura Music Corp.,1,34,30,879570,AR,Argentina,Q1,2021
36,spotify:track:4KlrEwjhXnHLtmKauxVHJz,"El Reja, Agustín Casanova, The La Planta",Bonita,Montevideo Music Group,36,36,6,767311,AR,Argentina,Q1,2021
37,spotify:track:0EhpEsp4L0oRGM0vmeaN5e,"J Balvin, Dua Lipa, Bad Bunny, Tainy",UN DIA (ONE DAY) (Feat. Tainy),Universal Music Latino/ NEON16,22,42,24,747564,AR,Argentina,Q1,2021
38,spotify:track:22Sh5dlwbERqJAq1fZk5b2,"Rauw Alejandro, J Balvin",De Cora <3,Sony Music Latin/Duars Entertainment,37,38,8,708368,AR,Argentina,Q1,2021
39,spotify:track:6fmQjRuo7XvRFCK2qex5hQ,Jerry Di,Mi Cuarto,Nacho,15,37,21,702772,AR,Argentina,Q1,2021
40,spotify:track:0TUW9faHNaBmi89wsYGp9y,"Trueno, Nicki Nicole, Bizarrap, Taiu, tatool",Mamichula - con Nicki Nicole,NEUEN,1,39,24,697865,AR,Argentina,Q1,2021
41,spotify:track:3dEtfTtCXWW7N8WQ9FD29z,"Lyanno, Rauw Alejandro, Lenny Tavárez, Maria Becerra",En Tu Cuerpo - Remix,Rimas Entertainment LLC,18,40,18,677024,AR,Argentina,Q1,2021
42,spotify:track:51g3eI9dcemoeyk2mSe8wN,"Tiago PZK, LIT killah, Seven Kayne, Bhavi, Rusherking, Tobi","Cerca de ti (feat. Rusherking, Bhavi, Tobi) - Remix",Grand Move Records,27,41,10,663053,AR,Argentina,Q1,2021
43,spotify:track:7k4t7uLgtOxPwTpFmtJNTY,"KAROL G, Nicki Minaj",Tusa,TUSA - Karol G & Nicki Minaj,1,43,61,639254,AR,Argentina,Q1,2021
44,spotify:track:6bvfJf4KjonPMuPfGfy3S2,"Nio Garcia, Anuel AA, Myke Towers, Brray, Juanka",La Jeepeta - Remix,"Flow La Movie, Inc.",1,44,37,595186,AR,Argentina,Q1,2021
45,spotify:track:5RubKOuDoPn5Kj5TLVxSxY,Bad Bunny,TE MUDASTE,Rimas Entertainment LLC,28,45,6,589344,AR,Argentina,Q1,2021
46,spotify:track:1mjHyr9e7uP0QisX3y7a6T,"Dillom, Evar, Omar Varela",DUDADE,Bohemian Groove,46,51,5,587563,AR,Argentina,Q1,2021
47,spotify:track:0S9ZVNTNRzLMgb96tmmG1u,Rauw Alejandro,Enchule,Sony Music Latin/Duars Entertainment,30,47,16,572199,AR,Argentina,Q1,2021
48,spotify:track:0jT8Nl0shPS8115is0wD2Q,Camilo,Favorito,Sony Music Latin,1,48,41,556880,AR,Argentina,Q1,2021
49,spotify:track:4a0XLZUjHFHPwMBxQJD2JX,Alonzo Cortes,Momentos de Nuestra Felicidad,Alonzo Cortes Musica,46,46,8,554116,AR,Argentina,Q1,2021
50,spotify:track:0VjIjW4GlUZAMYd2vXMi3b,The Weeknd,Blinding Lights,Republic Records,15,56,53,536565,AR,Argentina,Q1,2021
1,spotify:track:1Crj1zkRMpsEjb9NOR6Zof,"Bizarrap, L-Gante","L-Gante: Bzrp Music Sessions, Vol. 38/66",DALE PLAY Records,1,1,5,2871882,AR,Argentina,Q2,2021
2,spotify:track:7I8L3vYCLThw2FDrE6LuzE,"Rusherking, KHEA, Duki, Maria Becerra, LIT killah, Tiago PZK",Además de Mí - Remix,Rusherking,1,2,5,2494644,AR,Argentina,Q2,2021
3,spotify:track:5RmSunLqeDqNWww8LWhAiK,"KHEA, Duki",WACHA,Young Flex - Khea,3,-1,1,2490730,AR,Argentina,Q2,2021
4,spotify:track:5YYW3yRktprLRr47WK219Y,"Rochy RD, Myke Towers, Nicki Nicole",Ella No Es Tuya - Remix,Sony Music Latin,1,3,9,1872417,AR,Argentina,Q2,2021
5,spotify:track:1xK1Gg9SxG8fy2Ya373oqb,"Myke Towers, Juhn",Bandido,White World Music,1,4,17,1792784,AR,Argentina,Q2,2021
6,spotify:track:7Bk0uXKk1uPT0XuQbpFzvs,"Los Legendarios, Wisin, JHAYCO",Fiel,La Base Music Group/ WK Records,6,8,8,1759486,AR,Argentina,Q2,2021
7,spotify:track:6EHrppRT1Uj4cyShAujxFu,"Papu DJ, L-Gante",L-Gante: RKT SESSIONS #1,PAPU DJ,1,5,19,1695985,AR,Argentina,Q2,2021
8,spotify:track:4fipVdNyG6zx7nxuqHScsy,Maria Becerra,Acaramelao,300 Entertainment,6,6,6,1512531,AR,Argentina,Q2,2021
9,spotify:track:2XIc1pqjXV3Cr2BQUGNBck,"Bad Bunny, ROSALÍA",LA NOCHE DE ANOCHE,Rimas Entertainment LLC,4,7,19,1326490,AR,Argentina,Q2,2021
10,spotify:track:079Ey5uxL04AKPQgVQwx5h,"Selena Gomez, Rauw Alejandro",Baila Conmigo (with Rauw Alejandro),Selena Gomez Latin Project,10,10,10,1276485,AR,Argentina,Q2,2021
11,spotify:track:2TksvaRivgAEj780DgRB73,Sech,911,Rich Music,11,11,9,1250496,AR,Argentina,Q2,2021
12,spotify:track:3VvA1wSxukMLsvXoXtlwWx,Boza,Hecha Pa' Mi,Sony Music Latin,5,9,20,1232724,AR,Argentina,Q2,2021
13,spotify:track:4iJyoBOLtHqaGxP12qzhQI,"Justin Bieber, Daniel Caesar, GIVĒON",Peaches (feat. Daniel Caesar & Giveon),RBMG/Def Jam,13,20,3,1172467,AR,Argentina,Q2,2021
14,spotify:track:3OXxCquI8i14EigwILaLx9,"Maria Becerra, Cazzu",Animal,300 Entertainment,6,12,13,1120398,AR,Argentina,Q2,2021
15,spotify:track:4MzXwWMhyBbmu6hOcLVD49,"Bad Bunny, JHAYCO",DÁKITI,Rimas Entertainment LLC,1,13,23,1104816,AR,Argentina,Q2,2021
16,spotify:track:3lCbsHaN1wCxyDzcNN2x4N,"Migrantes, Alico",Si Me Tomo Una Cerveza,LEB Records,2,16,21,1054568,AR,Argentina,Q2,2021
17,spotify:track:4loQgPwJHocL3dFwLfjb1J,"Rauw Alejandro, Anuel AA",Reloj,Sony Music Latin/Duars Entertainment,11,15,24,1040402,AR,Argentina,Q2,2021
18,spotify:track:2OEVXCvrzJfpZaIPwsR99i,"L-Gante, El Mas Ladron, DT.Bilardo",Pistola,Kriterio Music,16,17,15,1033765,AR,Argentina,Q2,2021
19,spotify:track:6tDDoYIxWvMLTdKpjFkc1B,Kali Uchis,telepatía,EMI / Interscope,17,18,7,897869,AR,Argentina,Q2,2021
20,spotify:track:3Zf4GutWZ7Hv3wsVQsSQPs,"Camilo, El Alfa",BEBÉ,Sony Music Latin,6,19,19,868151,AR,Argentina,Q2,2021
21,spotify:track:1WvrDdouh6C51In1SdATbq,KAROL G,BICHOTA,UMLE - Latino,2,14,24,854847,AR,Argentina,Q2,2021
22,spotify:track:2mMZAd3ol9wGI2WJl4XJCF,"Nicki Nicole, Dread Mar I, Bizarrap",Verte,Sony Music Latin/DALE PLAY Records,17,21,17,838662,AR,Argentina,Q2,2021
23,spotify:track:1jtkP2Vj67mcBTXJgIOZsW,"Maria Becerra, Rusherking",Confiesalo,300 Entertainment,17,25,21,813968,AR,Argentina,Q2,2021
24,spotify:track:6RV9pRLIQiXm3qTGeyQluf,"Camilo, Evaluna Montaner",Machu Picchu,Sony Music Latin,22,22,6,808399,AR,Argentina,Q2,2021
25,spotify:track:4C6BlqqMwjFzOXzqpTeoWR,Justin Quiles,Ponte Pa' Mi,WEA Latina,21,24,20,805464,AR,Argentina,Q2,2021
26,spotify:track:7ndTONDDRFGiPnnhOzOXxq,"Manuel Turizo, Rauw Alejandro, Myke Towers",La Nota,Sony Music Latin/La Industria,9,23,26,802616,AR,Argentina,Q2,2021
27,spotify:track:5uD4fcXch2qE5LYeyDipA1,"El Reja, Lira",Bésame,Montevideo Music Group,2,26,26,781448,AR,Argentina,Q2,2021
28,spotify:track:21N4Buj4xsyLb218lYle61,"Sebastian Yatra, Guaynaa",Chica Ideal,UMLE - Latino,7,27,25,769852,AR,Argentina,Q2,2021
29,spotify:track:5MOF8J0yJVHdKE3gRgpM6r,Luck Ra,Te Mentiria,Luck Ra,26,28,7,754462,AR,Argentina,Q2,2021
30,spotify:track:1VYaM9VSix6jth7nXiHvo2,Duki,Chico Estrella,SSJ Records / DALE PLAY Records,22,29,4,719347,AR,Argentina,Q2,2021
31,spotify:track:6qraVL4IJaIj0IuEexYJNa,Myke Towers,Explícito,White World Music,31,35,9,708717,AR,Argentina,Q2,2021
32,spotify:track:78SeXVRJ7KCqVmOwTiFjnI,"Bizarrap, NATHY PELUSO","Nathy Peluso: Bzrp Music Sessions, Vol. 36/66",DALE PLAY Records,5,31,19,707246,AR,Argentina,Q2,2021
33,spotify:track:5y7DaS3jAc9eZzcSOoUIwU,"Ozuna, J Balvin, Chencho Corleone",Una Locura,Aura Music Corp.,11,30,31,696695,AR,Argentina,Q2,2021
34,spotify:track:68mrW6gXHgupgSiDHgaDi5,"Nicky Jam, Myke Towers",Polvo,Sony Music Latin,21,32,20,692831,AR,Argentina,Q2,2021
35,spotify:track:2dNhNlpZAtV4lwAFW45LIv,"Nio Garcia, Flow La Movie",AM,"Flow La Movie, Inc.",35,72,3,692824,AR,Argentina,Q2,2021
36,spotify:track:1e0NatUVfOD9xRgeXSedrl,"L-Gante, DT.Bilardo, Omar Varela, Dillom",Tinty Nasty,Kriterio Music,36,43,4,669332,AR,Argentina,Q2,2021
37,spotify:track:2mM3gZ0BbPwPPMelbA8vgt,"Milly, Farruko, Nio Garcia, Jay Wheeler, Amenazzy",No Te Enamores - Remix,Carbon Fiber Music,25,34,13,662069,AR,Argentina,Q2,2021
38,spotify:track:0TBbNYzmtCfN5cpZSCVNIz,"Nicki Nicole, Lunay",No Toque Mi Naik,Sony Music Latin/DALE PLAY Records,38,54,2,638721,AR,Argentina,Q2,2021
39,spotify:track:1yc7ERfIzFxPP1E0OFRvp0,CNCO,Tan Enamorados,Sony Music Latin,38,38,19,630768,AR,Argentina,Q2,2021
40,spotify:track:2dl5K2ScW7jYhAhuem06cm,Daddy Yankee,PROBLEMA,Republic Records,33,33,6,626781,AR,Argentina,Q2,2021
41,spotify:track:6NKrW1a2OYNwAXuN4MgwXi,"L-Gante, DT.Bilardo",Malianteo 420,Kriterio Music,37,39,13,608951,AR,Argentina,Q2,2021
42,spotify:track:2bgcUk2A3jjKbCJ7KPquTi,"Wisin, Myke Towers, Los Legendarios",Mi Niña,La Base Music Group/ WK Records,22,41,27,594582,AR,Argentina,Q2,2021
43,spotify:track:1yoMvmasuxZfqHEipJhRbp,Maluma,Hawái,Sony Music Latin,1,37,36,586599,AR,Argentina,Q2,2021
44,spotify:track:0VWLId2RwPCno9s1cJm2Vy,"Nio Garcia, Casper Magico, Ozuna, Wisin & Yandel, Myke Towers, Flow La Movie",Travesuras - Remix,"Flow La Movie, Inc",44,53,4,578175,AR,Argentina,Q2,2021
45,spotify:track:15OjBeqNX3bShsGYQbteRv,Farruko,La Tóxica,Sony Music Latin,5,42,36,570956,AR,Argentina,Q2,2021
46,spotify:track:2I3qA0KslRCxFTfZnPyDhf,"The La Planta, Nestor En Bloque, Marka Akme, MOMO, Pushi",Barrio Prendido,The La Planta,23,49,23,561464,AR,Argentina,Q2,2021
47,spotify:track:2zY1iTaEgs8ROkkWtWLe7l,Camilo,Ropa Cara,Sony Music Latin,9,36,12,552828,AR,Argentina,Q2,2021
48,spotify:track:23UX82uDIfCUUneRfzDTD5,"L-Gante, Homer El Mero Mero, DT.Bilardo",Titubeo,Kriterio Music,48,48,11,548171,AR,Argentina,Q2,2021
49,spotify:track:5RubKOuDoPn5Kj5TLVxSxY,Bad Bunny,TE MUDASTE,Rimas Entertainment LLC,28,46,19,542567,AR,Argentina,Q2,2021
50,spotify:track:4RJz8NfIe09gpKMiRUWKhJ,"Maluma, Lenny Tavárez, Justin Quiles",Parce (feat. Justin Quiles),Sony Music Latin,8,40,33,510501,AR,Argentina,Q2,2021
1,spotify:track:03LfOYi0icz4souspZVVhq,"Bizarrap, Nicky Jam","Nicky Jam: Bzrp Music Sessions, Vol. 41/66",DALE PLAY Records,1,23,2,4704707,AR,Argentina,Q3,2021
2,spotify:track:74znaWw1hmQBusGPSOuTFy,"MYA, TINI, Duki",2:50 Remix,Columbia,1,1,3,3771314,AR,Argentina,Q3,2021
3,spotify:track:6hf0RpxTbOprT5nnwzkk8e,"J Balvin, Maria Becerra",Qué Más Pues?,"Sueños Globales, LLC",2,2,6,3613767,AR,Argentina,Q3,2021
4,spotify:track:7COGuXyTr12KvdaYXMqheC,"BANDIDO, Duki, Rei, Tiago PZK","No Me Conocen (Remix) [con DUKI, Rei & Tiago PZK]",DALE PLAY Records,3,3,4,3376360,AR,Argentina,Q3,2021
5,spotify:track:5RwV8BvLfX5injfqYodke9,Rauw Alejandro,Todo De Ti,Sony Music Latin/Duars Entertainment,1,4,7,3107933,AR,Argentina,Q3,2021
6,spotify:track:2JPLbjOn0wPCngEot2STUS,Bad Bunny,Yonaguni,Rimas Entertainment LLC,3,5,5,2799169,AR,Argentina,Q3,2021
7,spotify:track:05bfbizlM5AX6Mf1RRyMho,"Nio Garcia, J Balvin, Bad Bunny",AM Remix,Flow La Movie,7,8,2,2434546,AR,Argentina,Q3,2021
8,spotify:track:0cOa970mzTWAxKtltpkpLc,"TINI, Maria Becerra",Miénteme,Sony Music Latin,1,6,10,2286697,AR,Argentina,Q3,2021
9,spotify:track:2LtTHIXTaFwvY9oLOThElU,"Maria Becerra, Tiago PZK",Cazame,300 Entertainment,6,7,4,2048616,AR,Argentina,Q3,2021
10,spotify:track:4M4DTyLupKvbJKlE4I4EYq,"FMK, Tiago PZK, LIT killah, Rusherking",YO SE QUE TU (feat. Rusherking),Columbia,4,9,8,1832768,AR,Argentina,Q3,2021
11,spotify:track:2rCbl9naJYhaxjLsfx88uM,"Sebastian Yatra, Myke Towers",Pareja Del Año,UMLE - Latino,2,10,12,1595986,AR,Argentina,Q3,2021
12,spotify:track:43qcs9NpJhDxtG91zxFkj7,"Wisin, JHAYCO, Anuel AA, Los Legendarios, Myke Towers",Fiel - Remix,La Base Music Group/ WK Records,12,13,3,1528309,AR,Argentina,Q3,2021
13,spotify:track:1WedZeiezCmCEOzLwhx0hV,"J Balvin, KAROL G, Nicky Jam, Crissin, Totoy El Frio, Natan & Shander",Poblado - Remix,Universal Music Latino,13,15,3,1432690,AR,Argentina,Q3,2021
14,spotify:track:74UFJflGMdA46TltO7XPSB,"KHEA, Maria Becerra",Te Necesito,Young Flex - Khea,3,11,8,1427957,AR,Argentina,Q3,2021
15,spotify:track:3Wrjm47oTz2sjIgck11l5e,Måneskin,Beggin',RCA Records Label,15,17,4,1391483,AR,Argentina,Q3,2021
16,spotify:track:0PwFN7vRvY80Hnkoew2x3f,"Rauw Alejandro, Mr. Naisgai",2/Catorce,Sony Music Latin/Duars Entertainment,7,12,13,1352254,AR,Argentina,Q3,2021
17,spotify:track:27t4JURZ1Tv7a3zMfPneAw,"Bruno LC, Blunted Vato, Mesita",BLUNTED 5 - Remix,Bruno Lopez,14,16,9,1242383,AR,Argentina,Q3,2021
18,spotify:track:1VauUM5CBX7nkLcgafQL2B,"Bizarrap, Eladio Carrion","Eladio Carrion: Bzrp Music Sessions, Vol. 40/66",DALE PLAY Records,8,14,5,1190299,AR,Argentina,Q3,2021
19,spotify:track:5jzEwSyyymBlf1fa1o39T2,"Mora, JHAYCO",512,Rimas Entertainment LLC,10,20,11,1134714,AR,Argentina,Q3,2021
20,spotify:track:276rXWKRL20v33E2UnF3ks,Rusherking,Loba,Rusherking,20,47,2,1128635,AR,Argentina,Q3,2021
21,spotify:track:1Crj1zkRMpsEjb9NOR6Zof,"Bizarrap, L-Gante","L-Gante: Bzrp Music Sessions, Vol. 38/66",DALE PLAY Records,1,22,18,1120695,AR,Argentina,Q3,2021
22,spotify:track:7fz7HrFRF4y8YEe0duWTDW,"Trueno, Duki",PANAMÁ,2021 Sur Capital Records (por Tierra Agencia),11,19,5,1075403,AR,Argentina,Q3,2021
23,spotify:track:7I8L3vYCLThw2FDrE6LuzE,"Rusherking, KHEA, Duki, Maria Becerra, LIT killah, Tiago PZK",Además de Mí - Remix,Rusherking,1,18,18,1069787,AR,Argentina,Q3,2021
24,spotify:track:2FSGUA0gFgGeQdprjtGM2M,"KAROL G, Mariah Angeliq",EL MAKINON,UMLE - Latino,13,25,15,978690,AR,Argentina,Q3,2021
25,spotify:track:5s2SRpPmDiYFf0Qu17r9Uk,"Big Apple, Omar Varela",Que a Pasao,1.8M,24,24,8,939926,AR,Argentina,Q3,2021
26,spotify:track:6KEb17S00Inf0v1qYDgUAj,"Duki, Bizarrap",Malbec,SSJ Records / DALE PLAY Records,10,27,11,909839,AR,Argentina,Q3,2021
27,spotify:track:3K5JiDtBPElni1lrjLIGOG,LIT killah,California,WM Argentina,21,28,3,841372,AR,Argentina,Q3,2021
28,spotify:track:079Ey5uxL04AKPQgVQwx5h,"Selena Gomez, Rauw Alejandro",Baila Conmigo (with Rauw Alejandro),Selena Gomez Latin Project,10,31,23,830857,AR,Argentina,Q3,2021
29,spotify:track:4fipVdNyG6zx7nxuqHScsy,Maria Becerra,Acaramelao,300 Entertainment,6,21,19,816631,AR,Argentina,Q3,2021
30,spotify:track:4ZtFanR9U6ndgddUvNcjcG,Olivia Rodrigo,good 4 u,Olivia Rodrigo PS,16,26,8,802164,AR,Argentina,Q3,2021
31,spotify:track:2UcWAHN6TRQtkZovAuwySo,"FMK, Tiago PZK",Prende la Cámara,Columbia,31,-1,1,797867,AR,Argentina,Q3,2021
32,spotify:track:3ke6it1vTmHtz2ApcIVUz5,"Bizarrap, Snow Tha Product","Snow Tha Product: Bzrp Music Sessions, Vol. 39/66",DALE PLAY Records,5,36,11,796868,AR,Argentina,Q3,2021
33,spotify:track:5RmSunLqeDqNWww8LWhAiK,"KHEA, Duki",WACHA,Young Flex - Khea,2,29,14,792888,AR,Argentina,Q3,2021
34,spotify:track:6qraVL4IJaIj0IuEexYJNa,Myke Towers,Explícito,White World Music,18,32,22,792395,AR,Argentina,Q3,2021
35,spotify:track:10cA6m379GINGe7ZF6g3q1,"L-Gante, DT.Bilardo, El Mas Ladron, Damas Gratis",Pistola Remix,Kriterio Music,13,33,12,790162,AR,Argentina,Q3,2021
36,spotify:track:4DHDIdeayp8xvlyg22wREO,"NATTI NATASHA, Becky G",Ram Pam Pam,Sony Music Latin,36,38,10,783245,AR,Argentina,Q3,2021
37,spotify:track:67BtfxlNbhBmCDR2L2l8qd,Lil Nas X,MONTERO (Call Me By Your Name),Columbia,22,35,15,704787,AR,Argentina,Q3,2021
38,spotify:track:1sZ39ZxvFo8FyMz4s7iVlf,"Damas Gratis, L-Gante, Marita",Perrito Malvado,Pelo Music S.A.,14,40,12,695323,AR,Argentina,Q3,2021
39,spotify:track:5u7twkeask1VIyDeNTElSU,Sech,Sal y Perrea,Rich Music,28,43,9,694184,AR,Argentina,Q3,2021
40,spotify:track:5YYW3yRktprLRr47WK219Y,"Rochy RD, Myke Towers, Nicki Nicole",Ella No Es Tuya - Remix,Sony Music Latin,1,37,22,693252,AR,Argentina,Q3,2021
41,spotify:track:2XIc1pqjXV3Cr2BQUGNBck,"Bad Bunny, ROSALÍA",LA NOCHE DE ANOCHE,Rimas Entertainment LLC,4,41,32,661380,AR,Argentina,Q3,2021
42,spotify:track:4OwhwvKESFtuu06dTgct7i,"Marc Seguí, Rauw Alejandro, Pol Granch",Tiroteo - Remix,WEA Latina,42,135,2,658558,AR,Argentina,Q3,2021
43,spotify:track:1xK1Gg9SxG8fy2Ya373oqb,"Myke Towers, Juhn",Bandido,White World Music,1,34,30,637747,AR,Argentina,Q3,2021
44,spotify:track:2p2Q23iaaPSEa1tI6TsCVX,Sech,911,Rich Music,9,44,22,624340,AR,Argentina,Q3,2021
45,spotify:track:4A9u8OrzFYbxdjiydkNdUi,"Papu DJ, L-Gante",L-Gante: RKT SESSIONS #1,PAPU DJ,1,42,32,619409,AR,Argentina,Q3,2021
46,spotify:track:4MzXwWMhyBbmu6hOcLVD49,"Bad Bunny, JHAYCO",DÁKITI,Rimas Entertainment LLC,1,46,36,618531,AR,Argentina,Q3,2021
47,spotify:track:7Bk0uXKk1uPT0XuQbpFzvs,"Los Legendarios, Wisin, JHAYCO",Fiel,La Base Music Group/ WK Records,1,39,21,593084,AR,Argentina,Q3,2021
48,spotify:track:2dNhNlpZAtV4lwAFW45LIv,"Nio Garcia, Flow La Movie",AM,"Flow La Movie, Inc.",2,30,16,573000,AR,Argentina,Q3,2021
49,spotify:track:5kuidI7QNbpJCB1ObdCPKx,Luck Ra,Te Mentiría,Sony Music Entertainment Chile S.A,26,45,20,570947,AR,Argentina,Q3,2021
50,spotify:track:4loQgPwJHocL3dFwLfjb1J,"Rauw Alejandro, Anuel AA",Reloj,Sony Music Latin/Duars Entertainment,11,48,37,559199,AR,Argentina,Q3,2021
1,spotify:track:2Qv0DF1us4LhzLj0Cx9cSn,"Kaleb Di Masi, ECKO, Papichamp, Blunted Vato, Bruno LC",Turraka - Remix,Wapeo,1,1,5,2683100,AR,Argentina,Q4,2021
2,spotify:track:6w8yBI2vthyN9UnwO4UBWb,"Tiago PZK, LIT killah",Entre Nosotros,WM Chile,1,3,13,2193752,AR,Argentina,Q4,2021
3,spotify:track:4Yip3hds5IHyT7AqoNHfmX,"Maria Becerra, Becky G",Wow Wow (feat. Becky G),300 Entertainment,1,2,6,2188090,AR,Argentina,Q4,2021
4,spotify:track:1wcE84DVQUF16xudVFzezL,"Mau y Ricky, Maria Becerra",Mal Acostumbrao - con Maria Becerra,Sony Music Latin,4,5,5,1962333,AR,Argentina,Q4,2021
5,spotify:track:2B4GHvToeLTOBB4QLzW3Ni,Farruko,Pepas,Sony Music Latin,3,4,11,1883054,AR,Argentina,Q4,2021
6,spotify:track:1GYJpuLq41vEVKXiHGEY9j,"Emilia, Duki",como si no importara,Sony Music Latin,2,6,13,1735894,AR,Argentina,Q4,2021
7,spotify:track:6aMgqUHmyLs5vnyaV98HID,Marama,Ya No Llora,Montevideo Music Group,7,78,2,1721203,AR,Argentina,Q4,2021
8,spotify:track:7COGuXyTr12KvdaYXMqheC,"BANDIDO, Duki, Rei, Tiago PZK","No Me Conocen (Remix) [con DUKI, Rei & Tiago PZK]",DALE PLAY Records,2,8,17,1619743,AR,Argentina,Q4,2021
9,spotify:track:4it6vaFbkGRUaQlwWUMg3v,Maria Becerra,Mi Debilidad,300 Entertainment,3,7,10,1580324,AR,Argentina,Q4,2021
10,spotify:track:6D2TCm4nf5nxAcdGJ7w3QP,"J Balvin, Maria Becerra",Qué Más Pues?,"Sueños Globales, LLC",2,10,19,1447564,AR,Argentina,Q4,2021
11,spotify:track:3PwRuzdphgedcWVUOVYJ7I,Rauw Alejandro,Cúrame,Sony Music Latin/Duars Entertainment,9,9,11,1440201,AR,Argentina,Q4,2021
12,spotify:track:6WeJGp7MB7sEEf9InLEvh1,Tiago PZK,Loco,WM Chile,12,12,3,1438929,AR,Argentina,Q4,2021
13,spotify:track:7m2iTdEKAtiGULWnTIRhX2,"Kaleb Di Masi, Alan Gomez",Matatan,UMLE - Latino,13,14,8,1401793,AR,Argentina,Q4,2021
14,spotify:track:0cOa970mzTWAxKtltpkpLc,"TINI, Maria Becerra",Miénteme,Sony Music Latin,1,11,23,1391847,AR,Argentina,Q4,2021
15,spotify:track:4xv2A022v5A8nyewDkYOkQ,"Emilia, Tiago PZK",rápido lento,Sony Music Latin,15,-1,1,1326515,AR,Argentina,Q4,2021
16,spotify:track:74znaWw1hmQBusGPSOuTFy,"MYA, TINI, Duki",2:50 Remix,Columbia,1,16,16,1276518,AR,Argentina,Q4,2021
17,spotify:track:5RwV8BvLfX5injfqYodke9,Rauw Alejandro,Todo De Ti,Sony Music Latin/Duars Entertainment,1,15,20,1253490,AR,Argentina,Q4,2021
18,spotify:track:2vmfvSoZBFAt9hhRoEByLi,"Aventura, Bad Bunny",Volví,Rimas Entertainment LLC,13,17,10,1184397,AR,Argentina,Q4,2021
19,spotify:track:2JPLbjOn0wPCngEot2STUS,Bad Bunny,Yonaguni,Rimas Entertainment LLC,3,18,18,1183358,AR,Argentina,Q4,2021
20,spotify:track:3xnzkgl56WCFFzLxQ8c07L,"DJ Tao, Kaleb Di Masi",KALEB DI MASI | DJ TAO Turreo Sessions #5,WM Chile,20,46,3,1180749,AR,Argentina,Q4,2021
21,spotify:track:42ahuAFlYGjIGBpVdHcLij,"Bizarrap, Duki, Nicki Nicole",YaMeFui,DALE PLAY Records,4,13,11,1176076,AR,Argentina,Q4,2021
22,spotify:track:4bF2y8rR7GUjrd5LNEvej3,Ingratax,París,Room28,13,19,11,1148695,AR,Argentina,Q4,2021
23,spotify:track:4HzqWEdAbzcVFDv0pvxV4w,Maluma,Sobrio,Sony Music Latin,22,22,13,1109569,AR,Argentina,Q4,2021
24,spotify:track:0G2zPzWqVjR68iNPmx2TBe,"Mora, Bad Bunny, Sech",Volando - Remix,Rimas Entertainment LLC,15,21,13,1093050,AR,Argentina,Q4,2021
25,spotify:track:52PVGjg5sUhfs9PHiSl02c,Duki,Ley de Atracción,SSJ Records / DALE PLAY Records,17,20,5,1070976,AR,Argentina,Q4,2021
26,spotify:track:4kELKaXaNP4EQR8Q8xNIID,Trueno,FEEL ME??,2021 Sur Capital Records (por Tierra Agencia),26,29,4,1022284,AR,Argentina,Q4,2021
27,spotify:track:4aXicRG47bBEcKXlDaSRwW,"Locura Mix, Kaleb Di Masi",Turraka - Remix,Locura Mix,9,25,15,1012136,AR,Argentina,Q4,2021
28,spotify:track:4M4DTyLupKvbJKlE4I4EYq,"FMK, Tiago PZK, LIT killah, Rusherking",YO SE QUE TU (feat. Rusherking),Columbia,4,24,21,1009644,AR,Argentina,Q4,2021
29,spotify:track:4WkEH0PgystZUaN6QU6Z0B,"TINI, Manuel Turizo",Maldita Foto,Sony Music Latin,12,23,7,1005996,AR,Argentina,Q4,2021
30,spotify:track:05bfbizlM5AX6Mf1RRyMho,"Nio Garcia, J Balvin, Bad Bunny",AM Remix,Flow La Movie,7,27,15,940300,AR,Argentina,Q4,2021
31,spotify:track:27t4JURZ1Tv7a3zMfPneAw,"Bruno LC, Blunted Vato, Mesita",BLUNTED 5 - Remix,Bruno Lopez,14,28,22,927560,AR,Argentina,Q4,2021
32,spotify:track:704LUEih663hiE3CnyUrFW,KAROL G,SEJODIOTO,UMLE - Latino,32,38,2,881985,AR,Argentina,Q4,2021
33,spotify:track:2BEcap3xJtmiPaHKyfQi4e,"Rvssian, Rauw Alejandro, Chris Brown",Nostálgico,Sony Music Latin,33,82,4,866307,AR,Argentina,Q4,2021
34,spotify:track:7iqOIHHEmu6Vhw25GgQ2eA,"J Balvin, Sech",Una Nota,"Sueños Globales, LLC",26,26,4,852247,AR,Argentina,Q4,2021
35,spotify:track:03LfOYi0icz4souspZVVhq,"Bizarrap, Nicky Jam","Nicky Jam: Bzrp Music Sessions, Vol. 41/66",DALE PLAY Records,1,31,15,836945,AR,Argentina,Q4,2021
36,spotify:track:2UcWAHN6TRQtkZovAuwySo,"FMK, Tiago PZK",Prende la Cámara,Columbia,14,33,14,823094,AR,Argentina,Q4,2021
37,spotify:track:7FfQ2E4LqvwKKOyKXyC2L2,"LIT killah, Duki",Mala Mía,WEA Latina,18,32,7,816646,AR,Argentina,Q4,2021
38,spotify:track:6C1LZVwMRRsUdGOe7t7PSD,"Nicki Nicole, Mora",Toa la Vida,Sony Music Latin/DALE PLAY Records,33,35,5,807586,AR,Argentina,Q4,2021
39,spotify:track:3STO1ZJi4EBbYCWY6qC8rv,"LIT killah, KHEA",Dejame Tranki,WEA Latina,17,34,7,787334,AR,Argentina,Q4,2021
40,spotify:track:4OwhwvKESFtuu06dTgct7i,"Marc Seguí, Rauw Alejandro, Pol Granch",Tiroteo - Remix,WEA Latina,26,30,15,763654,AR,Argentina,Q4,2021
41,spotify:track:4AKK4j6sYhOO1r6My2qqWO,"Perro Primo, EL NOBA, Al Records",TRUCHO,Kriterio Music,41,80,3,719806,AR,Argentina,Q4,2021
42,spotify:track:2rCbl9naJYhaxjLsfx88uM,"Sebastian Yatra, Myke Towers",Pareja Del Año,UMLE - Latino,2,37,25,707240,AR,Argentina,Q4,2021
43,spotify:track:2KcNrONbZ0hvBPjvrDO2tx,Myke Towers,ALMAS GEMELAS,WEA Latina,26,40,11,702913,AR,Argentina,Q4,2021
44,spotify:track:0vvuIsoJ101Hme1VIXBIEi,"Rusherking, Duki",Bailando Te Conocí,Rusherking,11,41,13,689220,AR,Argentina,Q4,2021
45,spotify:track:5Z9KJZvQzH6PFmb8SNkxuk,"Lil Nas X, Jack Harlow",INDUSTRY BABY (feat. Jack Harlow),Columbia,45,47,10,657158,AR,Argentina,Q4,2021
46,spotify:track:4OrAAeefsDOdUSfE87C6WR,"LIT killah, Maria Becerra",En la Oscuridad,WEA Latina,35,45,7,654387,AR,Argentina,Q4,2021
47,spotify:track:3qW3oIG7ZYzs3Ru5988fP5,Nicki Nicole,Parte de Mí,Sony Music Latin/DALE PLAY Records,47,-1,1,652262,AR,Argentina,Q4,2021
48,spotify:track:2K1CQMoG2Dy5nmeOYnhoi8,"J Balvin, KAROL G, Nicky Jam, Crissin, Totoy El Frio, Natan & Shander",Poblado - Remix,"Sueños Globales, LLC",13,39,16,652256,AR,Argentina,Q4,2021
49,spotify:track:3TSB6v3t9nmizD5PzyiiFv,"MYA, LIT killah, Rusherking",Como + Nadie,Columbia,49,58,4,648415,AR,Argentina,Q4,2021
50,spotify:track:25YMD8Bf1CiQvAsYz5Bq0p,"Papichamp, L-Gante, Blunted Vato, ECKO",Combi Nueva,Wapeo,41,43,33,644157,AR,Argentina,Q4,2021
1,spotify:track:27OeeYzk6klgBh83TSvGMA,The Kid LAROI,WITHOUT YOU,Columbia,1,1,9,1338455,AU,Australia,Q1,2021
2,spotify:track:3tjFYV6RSFtuktYl3ZtYcq,"24kGoldn, iann dior",Mood (feat. iann dior),Records/Columbia,1,2,21,1201122,AU,Australia,Q1,2021
3,spotify:track:35mvY5S1H3J2QZyna3TFe0,Ariana Grande,positions,Republic Records,1,3,11,1035994,AU,Australia,Q1,2021
4,spotify:track:6cx06DFPPHchuUAcTxznu9,"Joel Corry, MNEK",Head & Heart (feat. MNEK),Atlantic Records UK,3,4,25,1031971,AU,Australia,Q1,2021
5,spotify:track:3qgPpwtuRu5oP8EtFSj8HE,The Kid LAROI,SO DONE,Columbia,4,6,11,992857,AU,Australia,Q1,2021
6,spotify:track:5nujrmhLynf4yMoMtj8AQF,"Dua Lipa, DaBaby",Levitating (feat. DaBaby),Warner Records,5,5,13,976832,AU,Australia,Q1,2021
7,spotify:track:31qCy5ZaophVA81wtlwLc4,Justin Bieber,Anyone,RBMG/Def Jam,7,-1,1,875874,AU,Australia,Q1,2021
8,spotify:track:6Im9k8u9iIzKMrmV7BWtlF,Ariana Grande,34+35,Republic Records,8,10,10,865869,AU,Australia,Q1,2021
9,spotify:track:5vGLcdRuSbUhD8ScwsGSdA,CJ,Whoopty,CJ Music Group/T-Series,9,11,11,852390,AU,Australia,Q1,2021
10,spotify:track:1tkg4EHVoqnhR6iFEXb60y,Pop Smoke,What You Know Bout Love,Victor Victor Worldwide,3,9,24,811965,AU,Australia,Q1,2021
11,spotify:track:0E4Y1XIbs8GrAT1YqVy6dq,Ed Sheeran,Afterglow,Atlantic Records UK,11,18,3,801479,AU,Australia,Q1,2021
12,spotify:track:0VjIjW4GlUZAMYd2vXMi3b,The Weeknd,Blinding Lights,Republic Records,1,8,58,801000,AU,Australia,Q1,2021
13,spotify:track:54bFM56PmE4YLRnqpW6Tha,Billie Eilish,Therefore I Am,Darkroom/Interscope Records,3,13,8,800551,AU,Australia,Q1,2021
14,spotify:track:45bE4HXI0AwGZXfZtMp8JR,Tate McRae,you broke me first,RCA Records Label,8,16,26,779615,AU,Australia,Q1,2021
15,spotify:track:5ri4zqtWhG07hIuNNDWP76,Tones And I,Fly Away,Elektra (NEK),15,21,8,732883,AU,Australia,Q1,2021
16,spotify:track:7hxHWCCAIIxFLCzvDgnQHX,"Internet Money, Gunna, Don Toliver, NAV",Lemonade (feat. NAV),Internet Money Records / TenThousand Projects,4,22,21,715234,AU,Australia,Q1,2021
17,spotify:track:3Uo7WG0vmLQ07WB4BDwy7D,Taylor Swift,willow,Taylor Swift,3,20,4,711616,AU,Australia,Q1,2021
18,spotify:track:0ofHAoxe9vBkTCp2UQIavz,Fleetwood Mac,Dreams - 2004 Remaster,Rhino/Warner Records,7,14,131,687784,AU,Australia,Q1,2021
19,spotify:track:6UelLqGlWMcVH1E5c4H7lY,Harry Styles,Watermelon Sugar,Columbia,3,23,60,673268,AU,Australia,Q1,2021
20,spotify:track:02MWAaffLxlfxAUY7c5dvx,Glass Animals,Heat Waves,Polydor Records,20,34,23,672270,AU,Australia,Q1,2021
21,spotify:track:5u1n1kITHCxxp8twBcZxWy,"Justin Bieber, Chance the Rapper",Holy (feat. Chance The Rapper),RBMG/Def Jam,4,19,16,671384,AU,Australia,Q1,2021
22,spotify:track:0DmAvNCAK08oCi7miSZUIY,"Sigala, James Arthur",Lasting Lover,Ministry of Sound Recordings,22,26,12,669205,AU,Australia,Q1,2021
23,spotify:track:1HbA4N1MiOsPthALesGFR1,"Shawn Mendes, Justin Bieber",Monster (Shawn Mendes & Justin Bieber),Shawn Mendes LP4-5 PS/ Island,7,28,7,669053,AU,Australia,Q1,2021
24,spotify:track:59qrUpoplZxbIZxk6X0Bm3,Jason Derulo,Take You Dancing,Atlantic Records,12,25,21,664192,AU,Australia,Q1,2021
25,spotify:track:4Oun2ylbjFKMPTiaSbbCih,"Cardi B, Megan Thee Stallion",WAP (feat. Megan Thee Stallion),Atlantic/KSR,1,15,22,660731,AU,Australia,Q1,2021
26,spotify:track:2Oycxb8QbPkpHTo8ZrmG0B,"Miley Cyrus, Dua Lipa",Prisoner (feat. Dua Lipa),RCA Records Label,15,29,7,638527,AU,Australia,Q1,2021
27,spotify:track:4saklk6nie3yiGePpBwUoc,BTS,Dynamite,BIGHIT MUSIC,14,27,20,634941,AU,Australia,Q1,2021
28,spotify:track:6ft4hAq6yde8jPZY2i5zLr,"MEDUZA, Dermot Kennedy",Paradise (feat. Dermot Kennedy),Universal-Island Records Ltd.,28,33,9,619150,AU,Australia,Q1,2021
29,spotify:track:3YJJjQPAbDT7mGpX3WtQ9A,SZA,Good Days,Top Dawg Entertainment/RCA Records,29,151,2,615448,AU,Australia,Q1,2021
30,spotify:track:6AGOKlMZWLCaEJGnaROtF9,Ritt Momney,Put Your Records On,Columbia,8,32,17,610294,AU,Australia,Q1,2021
31,spotify:track:7ytR5pFWmSjzHJIeQkgog4,"DaBaby, Roddy Ricch",ROCKSTAR (feat. Roddy Ricch),South Coast Music Group/Interscope Records,1,35,38,588789,AU,Australia,Q1,2021
32,spotify:track:6zFMeegAMYQo0mt8rXtrli,Lil Nas X,HOLIDAY,Columbia,31,31,8,580864,AU,Australia,Q1,2021
33,spotify:track:0zLCBJZSiELJf02ucPP9wb,"SAINt JHN, Imanbek",Roses - Imanbek Remix,Craft Recordings,1,30,54,575641,AU,Australia,Q1,2021
34,spotify:track:7qEHsqek33rTcFNT9PFqLf,Lewis Capaldi,Someone You Loved,Vertigo Berlin,4,43,102,560491,AU,Australia,Q1,2021
35,spotify:track:3H7ihDc1dqLriiWXwsc2po,"Topic, A7S",Breaking Me,Intercord,3,38,39,552829,AU,Australia,Q1,2021
36,spotify:track:1rgnBhdG2JDFTbYkYRZAku,Tones And I,Dance Monkey,Elektra (NEK),1,36,87,545796,AU,Australia,Q1,2021
37,spotify:track:3QcKhQwiyrQACTeb2pdi3u,Hooligan Hefs,SEND IT!,WM Australia,37,40,7,521730,AU,Australia,Q1,2021
38,spotify:track:1xQ6trAsedVPCdbtDAmk0c,"Jawsh 685, Jason Derulo",Savage Love (Laxed - Siren Beat),Columbia,1,39,30,518243,AU,Australia,Q1,2021
39,spotify:track:3PfIrDoz19wz7qK7tYeu62,Dua Lipa,Don't Start Now,Warner Records,2,44,62,514841,AU,Australia,Q1,2021
40,spotify:track:3X7H1FAiWAW937WvsFeMhe,"Keith Urban, P!nk",One Too Many,Keith Urban LP11,33,41,16,514442,AU,Australia,Q1,2021
41,spotify:track:5YSHygGN9D0mID1NsVd5my,"Juice WRLD, The Kid LAROI",Reminds Me Of You,Grade A Productions/Interscope Records,41,47,5,502968,AU,Australia,Q1,2021
42,spotify:track:6ZuahEctZD6w75peme58hm,Shawn Mendes,Wonder,Shawn Mendes LP4-5 PS/ Island,14,49,14,497241,AU,Australia,Q1,2021
43,spotify:track:21jGcNKet2qwijlDFuPiPb,Post Malone,Circles,Republic Records,2,46,71,492587,AU,Australia,Q1,2021
44,spotify:track:6f3Slt0GbA2bPZlz0aIFXN,Tiësto,The Business,Atlantic Records,44,59,8,492544,AU,Australia,Q1,2021
45,spotify:track:4y4spB9m0Q6026KfkAvy9Q,"Justin Bieber, benny blanco",Lonely (with benny blanco),Friends Keep Secrets/Def Jam Recordings/Interscope Records,11,51,12,485507,AU,Australia,Q1,2021
46,spotify:track:0PvFJmanyNQMseIFrU708S,"Pop Smoke, Lil Baby, DaBaby",For The Night (feat. Lil Baby & DaBaby),Victor Victor Worldwide,7,52,27,479337,AU,Australia,Q1,2021
47,spotify:track:7C1trmcQQ5n5RNy4l6ziCv,"Nea, Felix Jaehn",Some Say - Felix Jaehn Remix,Milkshake,14,50,30,456307,AU,Australia,Q1,2021
48,spotify:track:2gMXnyrvIjhVBUZwvLZDMP,Lewis Capaldi,Before You Go,Vertigo Berlin,10,58,59,453408,AU,Australia,Q1,2021
49,spotify:track:4i2qxFEVVUi8yOYoxB8TCX,Miley Cyrus,Midnight Sky,RCA Records Label,22,57,21,450146,AU,Australia,Q1,2021
50,spotify:track:003vvx7Niy0yvhvHt4a68B,The Killers,Mr. Brightside,Island Records,45,48,211,448332,AU,Australia,Q1,2021
1,spotify:track:4iJyoBOLtHqaGxP12qzhQI,"Justin Bieber, Daniel Caesar, GIVĒON",Peaches (feat. Daniel Caesar & Giveon),RBMG/Def Jam,1,1,3,1878975,AU,Australia,Q2,2021
2,spotify:track:02MWAaffLxlfxAUY7c5dvx,Glass Animals,Heat Waves,Polydor Records,1,2,36,1651084,AU,Australia,Q2,2021
3,spotify:track:3BZEcbdtXQSo7OrvKRJ6mb,Lil Nas X,MONTERO (Call Me By Your Name),Columbia,3,14,2,1598269,AU,Australia,Q2,2021
4,spotify:track:3VT8hOC5vuDXBsHrR53WFh,Masked Wolf,Astronaut In The Ocean,Elektra (NEK),4,4,10,1320020,AU,Australia,Q2,2021
5,spotify:track:27OeeYzk6klgBh83TSvGMA,The Kid LAROI,WITHOUT YOU,Columbia,1,3,22,1243335,AU,Australia,Q2,2021
6,spotify:track:7lPN2DXiMsVn7XUKtOW1CS,Olivia Rodrigo,drivers license,Olivia Rodrigo PS,1,5,13,1204485,AU,Australia,Q2,2021
7,spotify:track:6f3Slt0GbA2bPZlz0aIFXN,Tiësto,The Business,Atlantic Records,5,6,21,1112044,AU,Australia,Q2,2021
8,spotify:track:4cG7HUWYHBV6R6tHn1gxrl,"Riton, Nightcrawlers, Mufasa & Hypeman, Mufasa, Dopamine",Friday (feat. Mufasa & Hypeman) - Dopamine Re-Edit,Ministry of Sound Recordings,8,10,7,977210,AU,Australia,Q2,2021
9,spotify:track:1nahzW3kfMuwReTka28tH5,Justin Bieber,Hold On,RBMG/Def Jam,5,7,5,973150,AU,Australia,Q2,2021
10,spotify:track:3FAJ6O0NOHQV8Mc5Ri6ENp,GIVĒON,Heartbreak Anniversary,Epic/Not So Fast,9,9,8,966619,AU,Australia,Q2,2021
11,spotify:track:3J8EOeKLTLXORtWPpOU5bE,"Lil Tjay, 6LACK",Calling My Phone,Columbia,3,8,8,965174,AU,Australia,Q2,2021
12,spotify:track:61KpQadow081I2AsbeLcsb,Olivia Rodrigo,deja vu,Olivia Rodrigo PS,12,-1,1,952714,AU,Australia,Q2,2021
13,spotify:track:5uEYRdEIh9Bo4fpjDd4Na9,"Travis Scott, HVME",Goosebumps - Remix,Cactus Jack/Epic,6,11,12,911507,AU,Australia,Q2,2021
14,spotify:track:6Tio0ZoDeSQnI7EBAqWer2,"P!nk, Willow Sage Hart",Cover Me In Sunshine,RCA Records Label,13,13,8,896497,AU,Australia,Q2,2021
15,spotify:track:1M4OcYkxAtu3ErzSgDEfoi,Cardi B,Up,Atlantic Records,10,12,9,882041,AU,Australia,Q2,2021
16,spotify:track:7MAibcTli4IisCtbHKrGMh,"Bruno Mars, Anderson .Paak, Silk Sonic",Leave The Door Open,Aftermath Entertainment/Atlantic,7,16,5,866230,AU,Australia,Q2,2021
17,spotify:track:5QO79kh1waicV47BqGRL3g,The Weeknd,Save Your Tears,Republic Records,4,15,17,810048,AU,Australia,Q2,2021
18,spotify:track:5nujrmhLynf4yMoMtj8AQF,"Dua Lipa, DaBaby",Levitating (feat. DaBaby),Warner Records,4,17,26,769809,AU,Australia,Q2,2021
19,spotify:track:5YaskwnGDZFDRipaqzbwQx,"ATB, Topic, A7S",Your Love (9PM),Intercord,19,19,9,718681,AU,Australia,Q2,2021
20,spotify:track:4jPy3l0RUwlUI9T5XHBW2m,"24kGoldn, iann dior",Mood (feat. iann dior),Records/Columbia,1,18,34,689425,AU,Australia,Q2,2021
21,spotify:track:0VjIjW4GlUZAMYd2vXMi3b,The Weeknd,Blinding Lights,Republic Records,1,20,71,684018,AU,Australia,Q2,2021
22,spotify:track:60ynsPSSKe6O3sfwRnIBRf,Doja Cat,Streets,Kemosabe Records/RCA Records,8,21,12,648959,AU,Australia,Q2,2021
23,spotify:track:2gqWRRCXnma9L8xQ1RdemQ,The Kid LAROI,SO DONE,Columbia,4,23,24,648874,AU,Australia,Q2,2021
24,spotify:track:2WnAKZefdRHxtBEkRjFOHC,Justin Bieber,Anyone,RBMG/Def Jam,5,22,14,639948,AU,Australia,Q2,2021
25,spotify:track:4wqzOaLxiCRy2Et8tRyNSX,"Wiz Khalifa, Empire Of The Sun",The Thrill,Rostrum Records,25,26,6,627897,AU,Australia,Q2,2021
26,spotify:track:6cx06DFPPHchuUAcTxznu9,"Joel Corry, MNEK",Head & Heart (feat. MNEK),Atlantic Records UK,3,27,38,592251,AU,Australia,Q2,2021
27,spotify:track:3YJJjQPAbDT7mGpX3WtQ9A,SZA,Good Days,Top Dawg Entertainment/RCA Records,4,25,15,586642,AU,Australia,Q2,2021
28,spotify:track:1KixkQVDUHggZMU9dUobgm,Ava Max,My Head & My Heart,Atlantic Records,23,24,13,574068,AU,Australia,Q2,2021
29,spotify:track:7qEHsqek33rTcFNT9PFqLf,Lewis Capaldi,Someone You Loved,Vertigo Berlin,4,32,115,568863,AU,Australia,Q2,2021
30,spotify:track:0ofHAoxe9vBkTCp2UQIavz,Fleetwood Mac,Dreams - 2004 Remaster,Rhino/Warner Records,7,38,144,566644,AU,Australia,Q2,2021
31,spotify:track:6ft4hAq6yde8jPZY2i5zLr,"MEDUZA, Dermot Kennedy",Paradise (feat. Dermot Kennedy),Universal-Island Records Ltd.,17,29,22,561342,AU,Australia,Q2,2021
32,spotify:track:6Xgq7MvZiet0hVi3KaDSgJ,"Justin Bieber, Chance the Rapper",Holy (feat. Chance The Rapper),RBMG/Def Jam,4,28,29,560721,AU,Australia,Q2,2021
33,spotify:track:5ri4zqtWhG07hIuNNDWP76,Tones And I,Fly Away,Elektra (NEK),11,30,21,551637,AU,Australia,Q2,2021
34,spotify:track:1diS6nkxMQc3wwC4G1j0bh,Dua Lipa,We're Good,Warner Records,21,31,8,549742,AU,Australia,Q2,2021
35,spotify:track:5FQPpxOXsvkMN6v18gtpwY,AJR,Bang!,BMG Rights Management (US) LLC,34,34,10,543345,AU,Australia,Q2,2021
36,spotify:track:6fRxMU4LWwyaSSowV441IU,"Maroon 5, Megan Thee Stallion",Beautiful Mistakes (feat. Megan Thee Stallion),Interscope Records*,36,37,4,524465,AU,Australia,Q2,2021
37,spotify:track:6tDDoYIxWvMLTdKpjFkc1B,Kali Uchis,telepatía,EMI / Interscope,29,33,6,523672,AU,Australia,Q2,2021
38,spotify:track:1J14CdDAvBTE1AJYUOwl6C,Duncan Laurence,Arcade,"Universal Music, a division of Universal International Music BV",38,39,8,522583,AU,Australia,Q2,2021
39,spotify:track:45bE4HXI0AwGZXfZtMp8JR,Tate McRae,you broke me first,RCA Records Label,8,35,39,508540,AU,Australia,Q2,2021
40,spotify:track:6UelLqGlWMcVH1E5c4H7lY,Harry Styles,Watermelon Sugar,Columbia,3,44,73,500798,AU,Australia,Q2,2021
41,spotify:track:7hxHWCCAIIxFLCzvDgnQHX,"Internet Money, Gunna, Don Toliver, NAV",Lemonade (feat. NAV),Internet Money Records / TenThousand Projects,4,43,34,499375,AU,Australia,Q2,2021
42,spotify:track:4Oun2ylbjFKMPTiaSbbCih,"Cardi B, Megan Thee Stallion",WAP (feat. Megan Thee Stallion),Atlantic/KSR,1,40,35,495140,AU,Australia,Q2,2021
43,spotify:track:2h9TDNEXRhcDIV3fsoEVq9,"Sam Fischer, Demi Lovato",What Other People Say,RCA Records Label,43,47,7,494491,AU,Australia,Q2,2021
44,spotify:track:1tkg4EHVoqnhR6iFEXb60y,Pop Smoke,What You Know Bout Love,Victor Victor Worldwide,3,41,37,493164,AU,Australia,Q2,2021
45,spotify:track:003vvx7Niy0yvhvHt4a68B,The Killers,Mr. Brightside,Island Records,45,54,224,482270,AU,Australia,Q2,2021
46,spotify:track:5th1bFGGaXLM7wDBJpcF06,Spacey Jane,Booster Seat,Spacey Jane,7,42,13,481761,AU,Australia,Q2,2021
47,spotify:track:35mvY5S1H3J2QZyna3TFe0,Ariana Grande,positions,Republic Records,1,48,24,475972,AU,Australia,Q2,2021
48,spotify:track:3CVb6hkMrlF7eHhXi5B3PZ,"Russ Millions, Tion Wayne",Body,Atlantic Records UK,48,102,2,466684,AU,Australia,Q2,2021
49,spotify:track:0DmAvNCAK08oCi7miSZUIY,"Sigala, James Arthur",Lasting Lover,Ministry of Sound Recordings,18,46,25,460626,AU,Australia,Q2,2021
50,spotify:track:4yyX2Iu4xJjW9xMvBZKSBi,"Demi Lovato, Ariana Grande",Met Him Last Night (feat. Ariana Grande),Island Records,50,-1,1,449771,AU,Australia,Q2,2021
1,spotify:track:4ZtFanR9U6ndgddUvNcjcG,Olivia Rodrigo,good 4 u,Olivia Rodrigo PS,1,1,8,2094027,AU,Australia,Q3,2021
2,spotify:track:6PQ88X9TkUIAUIZJHW2upE,Ed Sheeran,Bad Habits,Atlantic Records UK,2,3,2,1698156,AU,Australia,Q3,2021
3,spotify:track:3Wrjm47oTz2sjIgck11l5e,Måneskin,Beggin',RCA Records Label,3,4,4,1455423,AU,Australia,Q3,2021
4,spotify:track:3DarAbFujv6eYNliUTyqtz,"Doja Cat, SZA",Kiss Me More (feat. SZA),Kemosabe Records/RCA Records,1,2,13,1356746,AU,Australia,Q3,2021
5,spotify:track:67BtfxlNbhBmCDR2L2l8qd,Lil Nas X,MONTERO (Call Me By Your Name),Columbia,1,5,15,982224,AU,Australia,Q3,2021
6,spotify:track:5CZ40GBx1sQ9agT82CLQCT,Olivia Rodrigo,traitor,Olivia Rodrigo PS,4,8,7,963633,AU,Australia,Q3,2021
7,spotify:track:6HU7h9RYOaPRFeh0R3UeAr,Olivia Rodrigo,deja vu,Olivia Rodrigo PS,2,6,14,949203,AU,Australia,Q3,2021
8,spotify:track:02MWAaffLxlfxAUY7c5dvx,Glass Animals,Heat Waves,Polydor Records,1,9,49,937800,AU,Australia,Q3,2021
9,spotify:track:5nujrmhLynf4yMoMtj8AQF,"Dua Lipa, DaBaby",Levitating (feat. DaBaby),Warner Records,4,7,39,930924,AU,Australia,Q3,2021
10,spotify:track:4pt5fDVTg5GhEvEtlz9dKk,Måneskin,I WANNA BE YOUR SLAVE,RCA Records Label,10,16,6,860716,AU,Australia,Q3,2021
11,spotify:track:0BGwAKW4u8kWOhWFflZxfl,Masked Wolf,Astronaut In The Ocean,Elektra (NEK),4,11,23,798802,AU,Australia,Q3,2021
12,spotify:track:0k4d5YPDr1r7FX77VdqWez,"Doja Cat, The Weeknd",You Right,Kemosabe Records/RCA Records,10,10,2,794174,AU,Australia,Q3,2021
13,spotify:track:4cG7HUWYHBV6R6tHn1gxrl,"Riton, Nightcrawlers, Mufasa & Hypeman, Mufasa, Dopamine",Friday (feat. Mufasa & Hypeman) - Dopamine Re-Edit,Ministry of Sound Recordings,8,13,20,768727,AU,Australia,Q3,2021
14,spotify:track:37BZB0z9T8Xu7U3e65qxFy,"The Weeknd, Ariana Grande",Save Your Tears (with Ariana Grande) (Remix),Republic Records,12,14,11,760077,AU,Australia,Q3,2021
15,spotify:track:5wANPM4fQCJwkGd4rN57mH,Olivia Rodrigo,drivers license,Olivia Rodrigo PS,1,15,26,753395,AU,Australia,Q3,2021
16,spotify:track:6uvMKqNlrSvcC4NaKnrwjZ,"Tion Wayne, Russ Millions, ArrDee, E1 (3x3), ZT (3x3), Bugzy Malone, Buni, Fivio Foreign, Darkoo","Body (Remix) [feat. ArrDee, E1 (3x3), ZT (3x3), Bugzy Malone, Buni, Fivio Foreign & Darkoo]",Atlantic Records UK,1,12,10,729174,AU,Australia,Q3,2021
17,spotify:track:5JCoSi02qi3jJeHdZXMmR8,Olivia Rodrigo,favorite crime,Olivia Rodrigo PS,7,19,7,721830,AU,Australia,Q3,2021
18,spotify:track:4iJyoBOLtHqaGxP12qzhQI,"Justin Bieber, Daniel Caesar, GIVĒON",Peaches (feat. Daniel Caesar & Giveon),RBMG/Def Jam,1,17,16,719174,AU,Australia,Q3,2021
19,spotify:track:5YqdiryRmdAzYFlxo43hAJ,Vance Joy,Missing Piece,Atlantic Records,19,25,7,658652,AU,Australia,Q3,2021
20,spotify:track:18vXApRmJSgQ6wG2ll9AOg,Polo G,RAPSTAR,Columbia,3,18,13,642370,AU,Australia,Q3,2021
21,spotify:track:0siYMEsGrzzzlWLXK5zJfS,"Joel Corry, RAYE, David Guetta",BED,Perfect Havoc / Asylum Records,19,21,16,615512,AU,Australia,Q3,2021
22,spotify:track:3Iba59sFmGhQ4kbCY5L8AX,Tom Grennan,Little Bit of Love,Insanity Records,22,36,3,609034,AU,Australia,Q3,2021
23,spotify:track:2tGvwE8GcFKwNdAXMnlbfl,Olivia Rodrigo,happier,Olivia Rodrigo PS,13,22,7,601236,AU,Australia,Q3,2021
24,spotify:track:0UKUfxIkDAMZz7hMdiVX3m,"P!nk, Willow Sage Hart",Cover Me In Sunshine,RCA Records Label,13,23,21,597663,AU,Australia,Q3,2021
25,spotify:track:0b18g3G5spr4ZCkz7Y6Q0Q,"Majestic, Boney M.",Rasputin,NITRON music,25,27,12,578740,AU,Australia,Q3,2021
26,spotify:track:27OeeYzk6klgBh83TSvGMA,The Kid LAROI,WITHOUT YOU,Columbia,1,24,35,578076,AU,Australia,Q3,2021
27,spotify:track:6f3Slt0GbA2bPZlz0aIFXN,Tiësto,The Business,Atlantic Records,5,26,34,568967,AU,Australia,Q3,2021
28,spotify:track:5YaskwnGDZFDRipaqzbwQx,"ATB, Topic, A7S",Your Love (9PM),Intercord,19,28,22,556845,AU,Australia,Q3,2021
29,spotify:track:7MAibcTli4IisCtbHKrGMh,"Bruno Mars, Anderson .Paak, Silk Sonic",Leave The Door Open,Aftermath Entertainment/Atlantic,7,31,18,548292,AU,Australia,Q3,2021
30,spotify:track:5uEYRdEIh9Bo4fpjDd4Na9,"Travis Scott, HVME",Goosebumps - Remix,Cactus Jack/Epic,6,29,25,543219,AU,Australia,Q3,2021
31,spotify:track:6SRsiMl7w1USE4mFqrOhHC,Olivia Rodrigo,brutal,Olivia Rodrigo PS,9,32,7,541137,AU,Australia,Q3,2021
32,spotify:track:4wqzOaLxiCRy2Et8tRyNSX,"Wiz Khalifa, Empire Of The Sun",The Thrill,Rostrum Records,24,30,19,538056,AU,Australia,Q3,2021
33,spotify:track:6nV2dFZXpv1JlqDWBeTXRl,KSI,Holiday,BMG Rights Management (US) LLC,24,48,3,535788,AU,Australia,Q3,2021
34,spotify:track:0MMyJUC3WNnFS1lit5pTjk,Olivia Rodrigo,"jealousy, jealousy",Olivia Rodrigo PS,20,34,7,535754,AU,Australia,Q3,2021
35,spotify:track:0VjIjW4GlUZAMYd2vXMi3b,The Weeknd,Blinding Lights,Republic Records,1,35,84,510211,AU,Australia,Q3,2021
36,spotify:track:4qu63nuBpdn0qHUHuObEj1,"Marshmello, Jonas Brothers",Leave Before You Love Me (with Jonas Brothers),Republic Records,36,45,5,502241,AU,Australia,Q3,2021
37,spotify:track:5B0kgjHULYJhAQkK5XsMoC,"Tyler, The Creator, YoungBoy Never Broke Again, Ty Dolla $ign",WUSYANAME (feat. Youngboy Never Broke Again & Ty Dolla $ign),Columbia,20,20,2,500281,AU,Australia,Q3,2021
38,spotify:track:0ofHAoxe9vBkTCp2UQIavz,Fleetwood Mac,Dreams - 2004 Remaster,Rhino/Warner Records,7,38,157,493371,AU,Australia,Q3,2021
39,spotify:track:7qEHsqek33rTcFNT9PFqLf,Lewis Capaldi,Someone You Loved,Vertigo Berlin,4,41,128,470734,AU,Australia,Q3,2021
40,spotify:track:4jPy3l0RUwlUI9T5XHBW2m,"24kGoldn, iann dior",Mood (feat. iann dior),Records/Columbia,1,42,47,469299,AU,Australia,Q3,2021
41,spotify:track:1QL7nSDZCwZMnbisV4KOXt,"WILLOW, Travis Barker",t r a n s p a r e n t s o u l feat. Travis Barker,"MSFTSMusic / Roc Nation Records, LLC",34,37,5,462143,AU,Australia,Q3,2021
42,spotify:track:003vvx7Niy0yvhvHt4a68B,The Killers,Mr. Brightside,Island Records,42,46,237,460993,AU,Australia,Q3,2021
43,spotify:track:5lAnYvAIkSDNXqfo7DyFUm,Doja Cat,Ain't Shit,Kemosabe Records/RCA Records,39,39,2,458182,AU,Australia,Q3,2021
44,spotify:track:1nahzW3kfMuwReTka28tH5,Justin Bieber,Hold On,RBMG/Def Jam,5,44,18,456667,AU,Australia,Q3,2021
45,spotify:track:5zNW5ARjYhJQJz1AChP33n,Megan Thee Stallion,Thot Shit,300 Entertainment,45,59,4,455834,AU,Australia,Q3,2021
46,spotify:track:2bgTY4UwhfBYhGT4HUYStN,BTS,Butter,BIGHIT MUSIC,17,40,7,450723,AU,Australia,Q3,2021
47,spotify:track:6cx06DFPPHchuUAcTxznu9,"Joel Corry, MNEK",Head & Heart (feat. MNEK),Atlantic Records UK,3,50,51,447126,AU,Australia,Q3,2021
48,spotify:track:7BoobGhD4x5K96Me0hqC8Q,Bella Poarch,Build a Bitch,Warner Records,27,49,8,435515,AU,Australia,Q3,2021
49,spotify:track:6UelLqGlWMcVH1E5c4H7lY,Harry Styles,Watermelon Sugar,Columbia,3,52,86,427127,AU,Australia,Q3,2021
50,spotify:track:3Vi5XqYrmQgOYBajMWSvCi,Doja Cat,Need to Know,Kemosabe Records/RCA Records,28,33,4,423750,AU,Australia,Q3,2021
1,spotify:track:5PjdY0CKGZdEuoNab3yDmX,"The Kid LAROI, Justin Bieber",STAY (with Justin Bieber),Columbia,1,1,13,1940721,AU,Australia,Q4,2021
2,spotify:track:6zSpb8dQRaw0M1dK8PBwQz,"Elton John, Dua Lipa, PNAU",Cold Heart - PNAU Remix,EMI,2,4,8,1451236,AU,Australia,Q4,2021
3,spotify:track:5Z9KJZvQzH6PFmb8SNkxuk,"Lil Nas X, Jack Harlow",INDUSTRY BABY (feat. Jack Harlow),Columbia,2,2,11,1414936,AU,Australia,Q4,2021
4,spotify:track:02MWAaffLxlfxAUY7c5dvx,Glass Animals,Heat Waves,Polydor Records,1,3,62,1384582,AU,Australia,Q4,2021
5,spotify:track:6PQ88X9TkUIAUIZJHW2upE,Ed Sheeran,Bad Habits,Atlantic Records UK,2,5,15,1298615,AU,Australia,Q4,2021
6,spotify:track:75MNhvTCCKsST3YqqUiU9r,Ed Sheeran,Shivers,Atlantic Records UK,6,6,4,1168887,AU,Australia,Q4,2021
7,spotify:track:0e8nrvls4Qqv5Rfa2UhqmO,Lil Nas X,THATS WHAT I WANT,Columbia,6,7,3,1057408,AU,Australia,Q4,2021
8,spotify:track:4ZtFanR9U6ndgddUvNcjcG,Olivia Rodrigo,good 4 u,Olivia Rodrigo PS,1,8,21,1031281,AU,Australia,Q4,2021
9,spotify:track:3Wrjm47oTz2sjIgck11l5e,Måneskin,Beggin',RCA Records Label,3,9,17,951839,AU,Australia,Q4,2021
10,spotify:track:07MDkzWARZaLEdKxo6yArG,"THE ANXIETY, WILLOW, Tyler Cole",Meet Me At Our Spot,"MSFTSMusic / Roc Nation Records, LLC",10,13,6,829130,AU,Australia,Q4,2021
11,spotify:track:1SC5rEoYDGUK4NfG82494W,Lil Nas X,MONTERO (Call Me By Your Name),Columbia,1,10,28,824418,AU,Australia,Q4,2021
12,spotify:track:3DarAbFujv6eYNliUTyqtz,"Doja Cat, SZA",Kiss Me More (feat. SZA),Kemosabe Records/RCA Records,1,11,26,824405,AU,Australia,Q4,2021
13,spotify:track:6Uj1ctrBOjOas8xZXGqKk4,Doja Cat,Woman,Kemosabe Records/RCA Records,12,12,11,763805,AU,Australia,Q4,2021
14,spotify:track:4XvcHTUfIlWfyJTRG0aqlo,Sleepy Hallow,2055,Winners Circle/RCA Records,10,15,15,738649,AU,Australia,Q4,2021
15,spotify:track:3Vi5XqYrmQgOYBajMWSvCi,Doja Cat,Need to Know,Kemosabe Records/RCA Records,7,16,17,738361,AU,Australia,Q4,2021
16,spotify:track:2ctj1bvKeVGfm78V9pN4CW,Rancid Eddie,Dry,Rancid Eddie,16,50,2,710748,AU,Australia,Q4,2021
17,spotify:track:5nujrmhLynf4yMoMtj8AQF,"Dua Lipa, DaBaby",Levitating (feat. DaBaby),Warner Records,4,18,52,694495,AU,Australia,Q4,2021
18,spotify:track:40iJIUlhi6renaREYGeIDS,"Drake, Travis Scott",Fair Trade (with Travis Scott),OVO,3,14,5,691167,AU,Australia,Q4,2021
19,spotify:track:3FeVmId7tL5YN8B7R3imoM,"Coldplay, BTS",My Universe,Parlophone UK,19,26,2,675664,AU,Australia,Q4,2021
20,spotify:track:2BcMwX1MPV6ZHP4tUT9uq6,"Drake, 21 Savage, Project Pat",Knife Talk (with 21 Savage ft. Project Pat),OVO,13,23,5,675662,AU,Australia,Q4,2021
21,spotify:track:4RVwu0g32PAqgUiJoXsdF8,Billie Eilish,Happier Than Ever,Darkroom/Interscope Records,3,19,10,675336,AU,Australia,Q4,2021
22,spotify:track:2Xr1dTzJee307rmrkt8c0g,CKay,love nwantiti (ah ah ah),Chocolate City Music,22,32,3,650919,AU,Australia,Q4,2021
23,spotify:track:1sx0XsWUusUoPstbvokZjP,Tai Verdes,AOK,Arista Records,21,21,8,644506,AU,Australia,Q4,2021
24,spotify:track:0k1WUmIRnG3xU6fvvDVfRG,"Drake, Future, Young Thug",Way 2 Sexy (with Future & Young Thug),OVO,6,20,5,618992,AU,Australia,Q4,2021
25,spotify:track:37Nqx7iavZpotJSDXZWbJ3,"Drake, Lil Baby",Girls Want Girls (with Lil Baby),OVO,2,17,5,611269,AU,Australia,Q4,2021
26,spotify:track:4PYfFHKfjYz6dwAtZhBy1z,Central Cee,Obsessed With You,Central Cee,24,24,4,573919,AU,Australia,Q4,2021
27,spotify:track:0eu4C55hL6x29mmeAjytzC,Oliver Tree,Life Goes On,Atlantic Records,27,33,4,567769,AU,Australia,Q4,2021
28,spotify:track:1is8gU4RVcN4J8xItxWoOY,Clinton Kane,I GUESS I'M IN LOVE,Columbia,21,25,7,559559,AU,Australia,Q4,2021
29,spotify:track:3Iba59sFmGhQ4kbCY5L8AX,Tom Grennan,Little Bit of Love,Insanity Records,21,29,16,541735,AU,Australia,Q4,2021
30,spotify:track:6Hfu9sc7jvv6coyy2LlzBF,"Kanye West, The Weeknd, Lil Baby",Hurricane,Rock The World/IDJ/Kanye LP7,3,22,6,541724,AU,Australia,Q4,2021
31,spotify:track:5YqdiryRmdAzYFlxo43hAJ,Vance Joy,Missing Piece,Atlantic Records,19,30,20,525468,AU,Australia,Q4,2021
32,spotify:track:4tFwRLlaNsozRmWXWqohT5,"Jolyon Petch, Reigan",Dreams,Hussle Recordings,22,27,11,518619,AU,Australia,Q4,2021
33,spotify:track:6M3PsepEj5gyJoIi7Xvr7u,The Weeknd,Take My Breath - Single Version,XO / Republic Records,10,31,9,511432,AU,Australia,Q4,2021
34,spotify:track:4iJyoBOLtHqaGxP12qzhQI,"Justin Bieber, Daniel Caesar, GIVĒON",Peaches (feat. Daniel Caesar & Giveon),RBMG/Def Jam,1,34,29,504966,AU,Australia,Q4,2021
35,spotify:track:0W6I02J9xcqK8MtSeosEXb,Doja Cat,Get Into It (Yuh),Kemosabe Records/RCA Records,27,36,10,503726,AU,Australia,Q4,2021
36,spotify:track:0ofHAoxe9vBkTCp2UQIavz,Fleetwood Mac,Dreams - 2004 Remaster,Rhino/Warner Records,7,37,170,503230,AU,Australia,Q4,2021
37,spotify:track:5CZ40GBx1sQ9agT82CLQCT,Olivia Rodrigo,traitor,Olivia Rodrigo PS,4,28,20,501078,AU,Australia,Q4,2021
38,spotify:track:4qu63nuBpdn0qHUHuObEj1,"Marshmello, Jonas Brothers",Leave Before You Love Me (with Jonas Brothers),Republic Records,34,41,18,486818,AU,Australia,Q4,2021
39,spotify:track:37BZB0z9T8Xu7U3e65qxFy,"The Weeknd, Ariana Grande",Save Your Tears (with Ariana Grande) (Remix),Republic Records,12,42,24,484037,AU,Australia,Q4,2021
40,spotify:track:003vvx7Niy0yvhvHt4a68B,The Killers,Mr. Brightside,Island Records,39,43,250,483132,AU,Australia,Q4,2021
41,spotify:track:5wANPM4fQCJwkGd4rN57mH,Olivia Rodrigo,drivers license,Olivia Rodrigo PS,1,39,39,475010,AU,Australia,Q4,2021
42,spotify:track:0W7brFokN6QtGRNp32RCQP,Arz,Alone With You,Capitol,41,46,7,474772,AU,Australia,Q4,2021
43,spotify:track:6Dy1jexKYriXAVG6evyUTJ,"Joel Corry, Jax Jones, Charli xcx, Saweetie",OUT OUT (feat. Charli XCX & Saweetie),Atlantic Records UK,43,53,4,464478,AU,Australia,Q4,2021
44,spotify:track:27OeeYzk6klgBh83TSvGMA,The Kid LAROI,WITHOUT YOU,Columbia,1,38,48,463496,AU,Australia,Q4,2021
45,spotify:track:4wqzOaLxiCRy2Et8tRyNSX,"Wiz Khalifa, Empire Of The Sun",The Thrill,Rostrum Records,24,49,32,462979,AU,Australia,Q4,2021
46,spotify:track:0VjIjW4GlUZAMYd2vXMi3b,The Weeknd,Blinding Lights,Republic Records,1,45,97,457455,AU,Australia,Q4,2021
47,spotify:track:4cG7HUWYHBV6R6tHn1gxrl,"Riton, Nightcrawlers, Mufasa & Hypeman, Mufasa, Dopamine",Friday (feat. Mufasa & Hypeman) - Dopamine Re-Edit,Ministry of Sound Recordings,8,35,33,448741,AU,Australia,Q4,2021
48,spotify:track:0mJBiaODgK0XjOLCN5fItq,Sam Smith,Like I Can,PLG - Capitol,28,40,8,444494,AU,Australia,Q4,2021
49,spotify:track:6E90gq0KO6FYZVOXx8kCcC,Masked Wolf,Astronaut In The Ocean,Elektra (NEK),4,48,36,440427,AU,Australia,Q4,2021
50,spotify:track:4jPy3l0RUwlUI9T5XHBW2m,"24kGoldn, iann dior",Mood (feat. iann dior),Records/Columbia,1,47,60,440297,AU,Australia,Q4,2021
1,spotify:track:2JTir3y1VuJQmexiTCMcTP,Os Barões Da Pisadinha,Recairei - Ao Vivo,Sony Music Entertainment,1,1,34,5530668,BR,Brazil,Q1,2021
2,spotify:track:6sPBi0qLI6KM3yXX56NxsA,Tarcísio do Acordeon,Meia Noite (Você tem meu Whatsapp),Sua Música,2,3,5,5193992,BR,Brazil,Q1,2021
3,spotify:track:0YqTL3nSL36OFdHwHoqCag,"Luísa Sonza, Pabllo Vittar, Anitta",MODO TURBO,Universal Music Ltda.,2,2,3,5154203,BR,Brazil,Q1,2021
4,spotify:track:7qmnP8Woc47dLSrMD5MxL1,"Petter Ferraz, Menor Nico",Amor ou o Litrão,k+ produçoes,1,4,7,4662300,BR,Brazil,Q1,2021
5,spotify:track:3rRin3LyLY92kpEbkCgwf4,"Os Barões Da Pisadinha, Xand Avião",Basta Você Me Ligar - Ao Vivo,Sony Music Entertainment,3,5,29,4444102,BR,Brazil,Q1,2021
6,spotify:track:7GLWWrk1YlkPYqJK3ynIA0,Jorge & Mateus,Lance Individual,Som Livre,4,7,8,4250540,BR,Brazil,Q1,2021
7,spotify:track:15k1TDabqSEmyXOwMq9RM7,Jonas Esticado,Investe Em Mim,Som Livre,1,6,28,4150470,BR,Brazil,Q1,2021
8,spotify:track:5m5aY6S9ttfIG157xli2Rs,Zé Neto & Cristiano,Alô Ambev (Segue Sua Vida) - Ao Vivo,Som Livre,4,8,19,4010503,BR,Brazil,Q1,2021
9,spotify:track:7EWXP47VlXKO3r7mNxuWHw,"Wesley Safadão, Os Barões Da Pisadinha","Ele É Ele, Eu Sou Eu",Wesley Safadao,9,18,8,3616702,BR,Brazil,Q1,2021
10,spotify:track:0WlmiIK5qFQ4dAB4mCA4sI,"Os Barões Da Pisadinha, Fernando & Sorocaba",Amor da Despedida,Sony Music Entertainment,9,9,9,3552126,BR,Brazil,Q1,2021
11,spotify:track:1X0MaGErD8rcspqQs9s2m0,Zé Felipe,Só Tem Eu,Som Livre,3,10,13,3462400,BR,Brazil,Q1,2021
12,spotify:track:187Pge0WmJNoS73kaIORSE,"Douglas & Vinicius, MC Bruninho",Figurinha - Ao Vivo,Virgin Music Label And Artist Services (S&D),3,11,25,3442501,BR,Brazil,Q1,2021
13,spotify:track:1nDCZBI8MaHXI2f36dnQyG,Tierry,Rita,Virgin Music Label And Artist Services (S&D),8,12,16,3359016,BR,Brazil,Q1,2021
14,spotify:track:2R1OgezGfBMeiAcMpJ1EkH,Zé Vaqueiro,Letícia,Sony Music Entertainment,13,13,10,3278699,BR,Brazil,Q1,2021
15,spotify:track:4yD8WmB9NJVz1qYLD98iS1,DJ Lucas Beat,ALÔ AMBEV - funk remix,iMusics,15,31,4,3215334,BR,Brazil,Q1,2021
16,spotify:track:3vu864xi5Xis9VfOsJpmXu,LUDMILLA,Rainha da Favela,WM Brazil,16,17,8,3184320,BR,Brazil,Q1,2021
17,spotify:track:3dPvQLKl42dMYWV4LWRTLK,Os Barões Da Pisadinha,Tá Rocheda,Sony Music Entertainment,7,14,49,3136364,BR,Brazil,Q1,2021
18,spotify:track:1uA7fD01YlQr1Rm0oyNB4H,Guilherme & Benuto,Pulei na Piscina - Ao Vivo,Sony Music Entertainment,14,15,20,3114159,BR,Brazil,Q1,2021
19,spotify:track:42P3wMiPfXQM93TYZotuPQ,Gusttavo Lima,De Menina pra Mulher - Ao Vivo,Sony Music Entertainment,3,16,16,2996268,BR,Brazil,Q1,2021
20,spotify:track:7lJoRyuNJtuiqTcKtuMuIR,"MC Hariel, Caio Passos",Maçã Verde,GR6 Music,20,29,9,2878494,BR,Brazil,Q1,2021
21,spotify:track:7J3QMuDCSv56jRSiD9jFBF,"Eric Land, Xand Avião",Cidade Inteira,Potencia Music,6,19,26,2803528,BR,Brazil,Q1,2021
22,spotify:track:1ere9b9vDw2N3m9d4uiXxa,"Diego & Victor Hugo, Bruno & Marrone",Facas - Ao Vivo,Sony Music Entertainment,22,30,12,2800666,BR,Brazil,Q1,2021
23,spotify:track:4xWzZmX4K1yyrdtRfbUvjt,"Niack, Two Maloka, DJ Léo da 17",Oh Juliana,Niack,1,25,26,2781552,BR,Brazil,Q1,2021
24,spotify:track:6WXglvTFRmjlHHhgjYMNif,"MC Hariel, Alok, Djay W, Mc Davi, MC Ryan SP, Salvador Da Rima",Ilusão (Cracolândia),GR6 Music,2,21,8,2766162,BR,Brazil,Q1,2021
25,spotify:track:2QCwoYDn4DRfjs4NhW2KpO,"João Bosco e Gabriel, Humberto & Ronaldo",Alô Ex-Amor - Ao Vivo,Som Livre,14,20,19,2685934,BR,Brazil,Q1,2021
26,spotify:track:4zsiMjB0794HztyqUkD3Zi,"Dilsinho, Henrique & Juliano",Sogra - Ao Vivo,Sony Music Entertainment,6,22,31,2677642,BR,Brazil,Q1,2021
27,spotify:track:0eoMMLrWtXbLk64baeESkc,"Marcos & Belutti, Jorge & Mateus",Tudo Indica (feat. Jorge & Mateus) - Ao Vivo,Sony Music Entertainment,27,27,17,2584440,BR,Brazil,Q1,2021
28,spotify:track:64I6t2tuUGnIlaDIzHJ6YI,"Marília Mendonça, Maiara & Maraisa",Quero Você do Jeito Que Quiser,Som Livre,4,24,26,2525106,BR,Brazil,Q1,2021
29,spotify:track:260n4ECk9j4IEvTAVBYojl,Matheus & Kauan,Nem Doeu - Ao Vivo,Universal Music Ltda.,12,23,32,2503112,BR,Brazil,Q1,2021
30,spotify:track:59kRq8rb5uJCrSYYbGCk7o,Rogerinho,Só Você,MC Rogerinho,4,26,21,2478655,BR,Brazil,Q1,2021
31,spotify:track:6juD9PQwAPvuXYIAE2gjhO,Henrique & Juliano,Volta Por Baixo - Ao Vivo,Virgin Music Label And Artist Services (S&D),3,28,52,2420684,BR,Brazil,Q1,2021
32,spotify:track:3S2iI46NmKyZsoxs2NByIP,"Tarcísio do Acordeon, Vitor Fernandes",Nêga,Sua Música,27,32,12,2347379,BR,Brazil,Q1,2021
33,spotify:track:5r9CZJMoMmxio2AnJdxuDS,"Grupo Menos É Mais, Di Propósito, Vou Zuar",Pot-Pourri: Melhor Eu Ir / Ligando Os Fatos / Sonho de Amor / Deixa Eu Te Querer - Ao Vivo,Som Livre,21,33,31,2340871,BR,Brazil,Q1,2021
34,spotify:track:5ra6CI0pEzqjxPEZeBz0d7,Hungria,Amor e Fé - Acústico,Hungria Hip Hop,22,37,20,2287489,BR,Brazil,Q1,2021
35,spotify:track:1UF3sCkxXH4OE7ja83GRzj,Gusttavo Lima,Espetinho - Ao Vivo,Sony Music Entertainment,27,34,7,2283651,BR,Brazil,Q1,2021
36,spotify:track:3KfyRuNdcCGsZb15sqrXDA,Mc Talibã,Um Sabadão Desse Uma Lua Dessa,FW Music,29,38,12,2263906,BR,Brazil,Q1,2021
37,spotify:track:4KLvGldnzUZU4xdELyWBom,Zé Neto & Cristiano,Barzinho Aleatório - Ao Vivo,Som Livre,8,35,57,2207943,BR,Brazil,Q1,2021
38,spotify:track:12v6LfkX9YIR3uLefIAAYZ,Mc Jacaré,Comprei um Lança,Mc Jacare / Los Pantchos,5,39,28,2187320,BR,Brazil,Q1,2021
39,spotify:track:3056x1XkmICnQmji68rrft,"Murilo Huff, Henrique & Juliano",Desejando Eu - Ao Vivo,M Show,24,36,33,2154976,BR,Brazil,Q1,2021
40,spotify:track:3tkEf7vw4zDBFAQxY1vdcv,Anderson & Vei da Pisadinha,Elas Gostam de Gasolina,Anderson & Vei Da Pisadinha Digital Music,40,44,6,2093570,BR,Brazil,Q1,2021
41,spotify:track:2nZj5YymF54qhAu7RneVP6,Hugo & Guilherme,Coração Na Cama - Ao Vivo,Som Livre,41,41,6,2064161,BR,Brazil,Q1,2021
42,spotify:track:1GWUiFYLYEapxYHnASyOud,Wesley Safadão,Não Valeu,Wesley Safadao,28,40,34,2003454,BR,Brazil,Q1,2021
43,spotify:track:6F7tttrdq7aUdxXVeo0nKp,Simone & Simaria,Foi Pá Pum,Universal Music Ltda.,43,45,6,1990289,BR,Brazil,Q1,2021
44,spotify:track:5gTgQBtNP08fUijxpEgmzF,Matheus & Kauan,É Problema,Universal Music Ltda.,43,43,8,1974830,BR,Brazil,Q1,2021
45,spotify:track:1JHvLQWHUoYuapwQikeDuD,"Jonas Esticado, Gusttavo Lima",Ele Não Tem,Som Livre,45,46,9,1916959,BR,Brazil,Q1,2021
46,spotify:track:7e1VoRlNumuEkXlITMHKLE,"Anitta, Myke Towers, Cardi B",Me Gusta (with Cardi B & Myke Towers),Warner Records,3,48,16,1853623,BR,Brazil,Q1,2021
47,spotify:track:0VjIjW4GlUZAMYd2vXMi3b,The Weeknd,Blinding Lights,Republic Records,25,60,53,1840115,BR,Brazil,Q1,2021
48,spotify:track:0QglpM23kl9ldvVdoYNZwF,"Kawe, Mc Lele JP, Original Quality",Mds,OQProduções,48,136,2,1833291,BR,Brazil,Q1,2021
49,spotify:track:3Xuo5utyzk86BwlUHdTR2O,Henrique & Juliano,Briga Feia - Ao Vivo,Virgin Music Label And Artist Services (S&D),22,42,56,1723452,BR,Brazil,Q1,2021
50,spotify:track:2pBEAodCImE4LgbKAG4bfz,"Bruno & Marrone, Wesley Safadão",Último Beijo,Worldshow Promoções e Eventos,50,53,5,1720355,BR,Brazil,Q1,2021
1,spotify:track:2kJRlOyrxsy7Ot3c5TZ8Q6,João Gomes,Meu Pedaço de Pecado,JG Shows,1,3,5,8091134,BR,Brazil,Q3,2021
2,spotify:track:0xBQvhJAm6f7J142ympKOn,Mari Fernandez,"Não, Não Vou",Sony Music Entertainment,1,1,5,6226941,BR,Brazil,Q3,2021
3,spotify:track:5R9KPXQVeyqsHZoPLMgfNy,"Matheus Fernandes, Dilsinho",Baby Me Atende,Som Livre,3,5,15,5655415,BR,Brazil,Q3,2021
4,spotify:track:0qxLQ6opocOGyFnlXqJ53x,"Mc Davi, Mc Pedrinho, Mc Don Juan, DJ 900",Bipolar,GR6 Music,1,2,11,5428371,BR,Brazil,Q3,2021
5,spotify:track:4wQUopWk9Ed7Ng5qpKN5qd,"Dj Guuga, DJ Ivis","Volta Bebê, Volta Neném",GR6 Music,2,4,13,5372649,BR,Brazil,Q3,2021
6,spotify:track:7Kba4OaxQFQ1zlknQUpNqN,"Israel & Rodolffo, Wesley Safadão",Faz Amor Comigo Só Hoje - Ao Vivo,Som Livre,5,9,6,5075090,BR,Brazil,Q3,2021
7,spotify:track:6pQKUKBpwr6GhfhcFFFozo,"MC Zaquin, MC Rick",Não Nasceu pra Namorar,Funk Explode Records,6,6,17,5032992,BR,Brazil,Q3,2021
8,spotify:track:5SwyN9hzmWjBsINlif8li8,Gusttavo Lima,Ficha Limpa,Sony Music Entertainment,7,7,4,4934519,BR,Brazil,Q3,2021
9,spotify:track:2MZQAvsA7aZDssppBLRxYp,Israel & Rodolffo,Batom de Cereja - Ao Vivo,Som Livre,1,8,22,4738270,BR,Brazil,Q3,2021
10,spotify:track:0FqVtQxRD3HsPltldG5v5M,João Gomes,Aquelas Coisas,JG Shows,10,29,4,4501661,BR,Brazil,Q3,2021
11,spotify:track:6HV630GY0GT3RN2efFRmbP,Jorge & Mateus,Troca,Som Livre,7,11,11,4264777,BR,Brazil,Q3,2021
12,spotify:track:4PQdrXMDHDPl1RczrrlADd,Luan Santana,MORENA,Sony Music Entertainment,12,14,3,4233907,BR,Brazil,Q3,2021
13,spotify:track:3HquWF2pZmWYu3WAEP9Heb,"Fernando & Sorocaba, Tarcísio do Acordeon",Só Não Divulga,Sony Music Entertainment,6,10,19,4229116,BR,Brazil,Q3,2021
14,spotify:track:3Wrjm47oTz2sjIgck11l5e,Måneskin,Beggin',RCA Records Label,14,30,3,3812917,BR,Brazil,Q3,2021
15,spotify:track:7IG7laqVpcvIIULrwWP5SA,"Mc Poze do Rodo, Neo Beats, Mainstreet",Vida Louca,Mainstreet Records,6,13,14,3736273,BR,Brazil,Q3,2021
16,spotify:track:6giaOyDFbE4J8iclhCdW7E,"Azzy, MC Ryan SP, Chris MC, Xamã, Lourena, L7NNON, Cynthia Luz, Mc Poze do Rodo, Salve Malak",Poesia Acústica #11 Nada Mudou,Pineapple StormTV,12,12,3,3566186,BR,Brazil,Q3,2021
17,spotify:track:2SUPbyD77tJuOUbqbxct6l,"Os Barões Da Pisadinha, Jorge",Quero Ver é Me Esquecer (feat. Jorge) - Ao Vivo,Sony Music Entertainment,7,16,20,3437160,BR,Brazil,Q3,2021
18,spotify:track:4llr8mcoauwrHBtjGb7F9S,MC Kevin o Chris,Tipo Gin - Ao Vivo,MC Kevin o Chris,4,15,11,3367160,BR,Brazil,Q3,2021
19,spotify:track:4ZtFanR9U6ndgddUvNcjcG,Olivia Rodrigo,good 4 u,Olivia Rodrigo PS,7,17,8,3317286,BR,Brazil,Q3,2021
20,spotify:track:3ibiPPqHxdmX4nNp4kNHE9,Wesley Safadão,Passatempo,Wesley Safadao,19,19,9,3260165,BR,Brazil,Q3,2021
21,spotify:track:0wRn3ggAY1fIupTaVigdza,"Mc Poze do Rodo, Bielzin, Mainstreet, MC Cabelinho, PL Quest, Neo Beats",A Cara do Crime (Nós Incomoda),Mainstreet Records,18,18,6,3143690,BR,Brazil,Q3,2021
22,spotify:track:17UfXrL7Run3GyZJW4uRjC,Jorge & Mateus,Paradigmas,Som Livre,7,24,24,2920839,BR,Brazil,Q3,2021
23,spotify:track:2Gjt4rUHBUH0rMKpBg0hF4,"Malu, DJ Lucas Beat",Disco Arranhado - Funk Remix,Universal Music Ltda.,2,20,18,2895292,BR,Brazil,Q3,2021
24,spotify:track:2QLbRVzixE282JSQjBz2DG,"Alok, Mc Don Juan, Dj GBR",Liberdade (Quando o Grave Bate Forte),GR6 Music,3,22,14,2829488,BR,Brazil,Q3,2021
25,spotify:track:6Lrzxd7ST5oQ6FYKXKH7Ia,"Matheus & Kauan, Zé Vaqueiro",Vagabundo,Universal Music Ltda.,25,46,7,2809210,BR,Brazil,Q3,2021
26,spotify:track:4mdlehe2znCTAzlFhrOa09,"mc jhenny, Mc Gw, KOSTA",Chamo Teu Vulgo Malvadão,Love Funk,26,77,2,2787919,BR,Brazil,Q3,2021
27,spotify:track:1ere9b9vDw2N3m9d4uiXxa,"Diego & Victor Hugo, Bruno & Marrone",Facas - Ao Vivo,Sony Music Entertainment,3,27,38,2780502,BR,Brazil,Q3,2021
28,spotify:track:5AhnPqydkYbZAp4NkyJ7ED,"PEDRO SAMPAIO, Luísa Sonza",ATENÇÃO,WM Brazil,15,23,8,2774407,BR,Brazil,Q3,2021
29,spotify:track:1h4u5t0EJZki8ieNGwwFXc,Zé Vaqueiro,Volta Comigo BB,Sony Music Entertainment,22,28,18,2753360,BR,Brazil,Q3,2021
30,spotify:track:1oIqP923yBKV45IaXm5s14,"Os Barões Da Pisadinha, Maiara & Maraisa",Zero Saudade - Ao Vivo,Sony Music Entertainment,30,32,7,2648328,BR,Brazil,Q3,2021
31,spotify:track:7EWXP47VlXKO3r7mNxuWHw,"Wesley Safadão, Os Barões Da Pisadinha","Ele É Ele, Eu Sou Eu",Wesley Safadao,1,25,34,2577343,BR,Brazil,Q3,2021
32,spotify:track:58pgi1RpcU2fVJsxhm7BIr,Raí Saia Rodada,Tapão Na Raba,Som Livre,1,26,23,2538985,BR,Brazil,Q3,2021
33,spotify:track:6zsEKAZZulmsl1Qlw5G3EX,NATTAN,Morena,Nattan,31,33,9,2482535,BR,Brazil,Q3,2021
34,spotify:track:41pFFOnh1glVNIlrWOpBjb,"Brisa Star, Thiago Jhonathan (TJ)",Se Joga no Passinho,Brisa Star,34,73,2,2469943,BR,Brazil,Q3,2021
35,spotify:track:1a17gIb57XhPj2CMbqYABw,Hugo & Guilherme,Pingo de Dó - Ao Vivo,Som Livre,28,35,10,2465580,BR,Brazil,Q3,2021
36,spotify:track:67BtfxlNbhBmCDR2L2l8qd,Lil Nas X,MONTERO (Call Me By Your Name),Columbia,15,34,15,2446009,BR,Brazil,Q3,2021
37,spotify:track:7vCvUJyjMxRkPeo19nxmuk,Hugo & Guilherme,Coração Na Cama - Ao Vivo,Som Livre,5,31,32,2386513,BR,Brazil,Q3,2021
38,spotify:track:6fe5D0ivKnpXFMAnoSRjah,"Vitor e Luan, Henrique & Juliano",Localiza Aí BB,Vitor & Luan,38,44,21,2382253,BR,Brazil,Q3,2021
39,spotify:track:66HWIQEq6xO0IZ47AHrybG,Diego & Victor Hugo,Desbloqueado - Ao Vivo,Sony Music Entertainment,39,47,8,2322818,BR,Brazil,Q3,2021
40,spotify:track:5gTgQBtNP08fUijxpEgmzF,Matheus & Kauan,É Problema,Universal Music Ltda.,19,37,34,2280699,BR,Brazil,Q3,2021
41,spotify:track:6AMTUbWihFZOwOeHxZN2Ge,Vitor Fernandes,Vou falar que não quero,Sua Música,29,39,19,2180612,BR,Brazil,Q3,2021
42,spotify:track:4AAIAVjSyiq1N7SXKkwXZe,Marília Mendonça,Troca de Calçada,Som Livre,7,41,23,2172070,BR,Brazil,Q3,2021
43,spotify:track:0L8nJt3b5LjXvFfDt7x2pP,Pabllo Vittar,Triste com T,Mataderos,21,21,2,2146053,BR,Brazil,Q3,2021
44,spotify:track:17Gh6E6eRfAAw7sCgmnkFc,Gusttavo Lima,O Ex da Sua Vida,Sony Music Entertainment,44,-1,1,2110943,BR,Brazil,Q3,2021
45,spotify:track:1vims9R9tOTb8f4Hx3JD0B,"Zé Felipe, DJ Ivis",Galega,Som Livre,45,55,4,2095081,BR,Brazil,Q3,2021
46,spotify:track:0x0V1IID2Sj902k6LzuWds,Mc Livinho,Ela é Espetacular (Mulher Kama Sutra 2),Diamond,25,36,13,2003536,BR,Brazil,Q3,2021
47,spotify:track:5F2xRvRFkxDvqdFtUNAEyw,"João Gomes, Vitor Fernandes",Se For Amor,JG Shows,47,116,2,2003468,BR,Brazil,Q3,2021
48,spotify:track:5uztIMqjl5FTZSYDlOBJjV,Simone & Simaria,Foi Pá Pum,Universal Music Ltda.,13,43,32,1992659,BR,Brazil,Q3,2021
49,spotify:track:3ydmNkAyYq0AKtG8sTfE9P,VMZ,Plutão,VMZ,30,40,7,1931098,BR,Brazil,Q3,2021
50,spotify:track:2uLt06E9xCZVPFXg9v794o,"MC Gontijo, Dj Sati Marconex",Baile do Cinga do 12,MBB Diamond,50,51,5,1923796,BR,Brazil,Q3,2021
1,spotify:track:4u06FbRh6FvV2FQZkouzCw,Henrique & Juliano,Arranhão - Ao Vivo,Virgin Music Label And Artist Services (S&D),1,1,9,6382909,BR,Brazil,Q4,2021
2,spotify:track:48Ll1C6qAnP2UjnopQDh4a,"Mc Anjim, Dj Lv Mdp, DJ PH DA SERRA",Bala Love,Mc Anjim,2,2,7,5464349,BR,Brazil,Q4,2021
3,spotify:track:5Yu1AOnIzC1tWRJ4U0uW7u,Zé Neto & Cristiano,Ela e Ela,Som Livre,3,4,6,5432311,BR,Brazil,Q4,2021
4,spotify:track:3agFBAMPiIvzfTh7a9Udm6,Gusttavo Lima,Nota de Repúdio - Ao Vivo,Sony Music Entertainment,4,8,5,5158045,BR,Brazil,Q4,2021
5,spotify:track:2kJRlOyrxsy7Ot3c5TZ8Q6,João Gomes,Meu Pedaço de Pecado,JG Shows,1,3,18,5017998,BR,Brazil,Q4,2021
6,spotify:track:4kGdnA7FzSVsXC29LPghej,"Zé Felipe, Marcynho Sensação",Revoada No Colchão,Som Livre,6,20,3,4861051,BR,Brazil,Q4,2021
7,spotify:track:4P7IXYPAkinTdZrBF5bGWp,Zé Neto & Cristiano,Você Beberia Ou Não Beberia?,Som Livre,4,5,11,4741294,BR,Brazil,Q4,2021
8,spotify:track:7aZusA4cWXz3Wv9e9uhavz,Matuê,Quer Voar,Sony Music Entertainment,2,6,9,4653660,BR,Brazil,Q4,2021
9,spotify:track:2RGIuYTsyyHoOCqW0krvNE,"Avine Vinny, Matheus Fernandes",Coração Cachorro,Sony Music Entertainment,9,55,2,4573324,BR,Brazil,Q4,2021
10,spotify:track:3ua3rqwBNmeGeQfcKnA3bT,"Doode, Teto, Matuê",Groupies,Sony Music Entertainment,10,85,2,4475245,BR,Brazil,Q4,2021
11,spotify:track:2ookQf9qP2qiBuNFnNXyfl,John Amplificado,Chega E Senta - Ao Vivo,Virgin Music Label And Artist Services (S&D),1,7,8,4442085,BR,Brazil,Q4,2021
12,spotify:track:50gPsfGHy5OnPauA9455DM,"Tarcísio do Acordeon, Marcynho Sensação",Rolê,Sua Música,3,10,11,4183585,BR,Brazil,Q4,2021
13,spotify:track:5SwyN9hzmWjBsINlif8li8,Gusttavo Lima,Ficha Limpa,Sony Music Entertainment,3,9,17,4130951,BR,Brazil,Q4,2021
14,spotify:track:5Q0ZnQjk4lQpScX7ujswun,Henrique & Juliano,A Maior Saudade - Ao Vivo,Virgin Music Label And Artist Services (S&D),13,13,5,4111263,BR,Brazil,Q4,2021
15,spotify:track:4PQdrXMDHDPl1RczrrlADd,Luan Santana,MORENA,Sony Music Entertainment,2,11,16,4044738,BR,Brazil,Q4,2021
16,spotify:track:1bWBG6IkMnDr3qvCKSvQT7,"Matheus Fernandes, Dilsinho",Baby Me Atende - Ao Vivo,Som Livre,3,12,28,4030546,BR,Brazil,Q4,2021
17,spotify:track:5Z9KJZvQzH6PFmb8SNkxuk,"Lil Nas X, Jack Harlow",INDUSTRY BABY (feat. Jack Harlow),Columbia,8,14,11,3791301,BR,Brazil,Q4,2021
18,spotify:track:4XiFqfUXyTwOChvMLKKi0T,"DG e Batidão Stronda, Felipe Amorim, Mc Danny",Sem Sentimento,GR6 Music,18,24,7,3780902,BR,Brazil,Q4,2021
19,spotify:track:1wdhj1r7aeWVDUl9d18YKu,Matheus & Kauan,Expectativa x Realidade,Universal Music Ltda.,15,15,14,3697001,BR,Brazil,Q4,2021
20,spotify:track:1tYJnXtKLoWVIL4lZOouQG,"Tayrone, Marília Mendonça",Cê Tá Preparada - Ao Vivo,Universal Music Ltda.,20,21,12,3559493,BR,Brazil,Q4,2021
21,spotify:track:79Wou8NwYEFzTyDQudjENF,Diego & Victor Hugo,Desbloqueado - Ao Vivo,Sony Music Entertainment,17,17,21,3420730,BR,Brazil,Q4,2021
22,spotify:track:6fe5D0ivKnpXFMAnoSRjah,"Vitor e Luan, Henrique & Juliano",Localiza Aí BB,Vitor & Luan,20,25,34,3347383,BR,Brazil,Q4,2021
23,spotify:track:0FqVtQxRD3HsPltldG5v5M,João Gomes,Aquelas Coisas,JG Shows,3,16,17,3301851,BR,Brazil,Q4,2021
24,spotify:track:5F2xRvRFkxDvqdFtUNAEyw,"João Gomes, Vitor Fernandes",Se For Amor,JG Shows,4,18,15,3295264,BR,Brazil,Q4,2021
25,spotify:track:2R9IrE42Mw4zdUXAEFNiZL,"Zé Felipe, Os Barões Da Pisadinha",Senta Danada,Som Livre,14,19,12,3208528,BR,Brazil,Q4,2021
26,spotify:track:1hs2hRwPfyFLoYIf6jY1W7,"Os Barões Da Pisadinha, Maiara & Maraisa",Zero Saudade - Ao Vivo,Sony Music Entertainment,9,23,20,2990706,BR,Brazil,Q4,2021
27,spotify:track:53BkPZwlaLbW77uV9BnJkl,"Mc Poze do Rodo, Mainstreet, Ajaxx, Galdino",Eu Fiz o Jogo Virar,Mainstreet Records,22,22,5,2943912,BR,Brazil,Q4,2021
28,spotify:track:1tdDDOJRdbo1Uz47D1k62G,Dan Ventura,Passinho Debochado,Dan Ventura,27,27,7,2897199,BR,Brazil,Q4,2021
29,spotify:track:6pQKUKBpwr6GhfhcFFFozo,"MC Zaquin, MC Rick",Não Nasceu pra Namorar,Funk Explode Records,5,26,30,2880884,BR,Brazil,Q4,2021
30,spotify:track:2jPACjKR21inTnWeo3eHla,Sidoka,"Louis V, Menina Linda",Sidoka,30,50,3,2829003,BR,Brazil,Q4,2021
31,spotify:track:4DWKtQVURjepn8uzBgmwuv,"Mc Kevin, Perera DJ",Doutora 3,GR6 Music,28,28,20,2746101,BR,Brazil,Q4,2021
32,spotify:track:6Lrzxd7ST5oQ6FYKXKH7Ia,"Matheus & Kauan, Zé Vaqueiro",Vagabundo,Universal Music Ltda.,24,30,20,2692156,BR,Brazil,Q4,2021
33,spotify:track:41pFFOnh1glVNIlrWOpBjb,"Brisa Star, Thiago Jhonathan (TJ)",Se Joga no Passinho,Brisa Star,10,29,15,2609315,BR,Brazil,Q4,2021
34,spotify:track:0wRn3ggAY1fIupTaVigdza,"Mc Poze do Rodo, Bielzin, Mainstreet, MC Cabelinho, PL Quest, Neo Beats",A Cara do Crime (Nós Incomoda),Mainstreet Records,17,31,19,2587946,BR,Brazil,Q4,2021
35,spotify:track:6H1OZfzhdwK4lmaPnOLJ0b,"Marília Mendonça, Maiara & Maraisa",Todo Mundo Menos Você,Som Livre,35,67,2,2551849,BR,Brazil,Q4,2021
36,spotify:track:2jwrYBGz7osKI31v50bS7b,Felipe Amorim,Putariazinha,One Play,36,89,2,2534711,BR,Brazil,Q4,2021
37,spotify:track:3ibiPPqHxdmX4nNp4kNHE9,Wesley Safadão,Passatempo,Wesley Safadao,17,38,22,2456216,BR,Brazil,Q4,2021
38,spotify:track:3jSG8oE8doxDxmpe5GlFee,Mari Fernandez,"Não, Não Vou",Sony Music Entertainment,1,33,18,2456086,BR,Brazil,Q4,2021
39,spotify:track:6RMYuqlTn8777j5arY9zhC,"Brisa Star, Zé Vaqueiro",Cena de Amor,Sony Music Entertainment,37,37,10,2439025,BR,Brazil,Q4,2021
40,spotify:track:3HquWF2pZmWYu3WAEP9Heb,"Fernando & Sorocaba, Tarcísio do Acordeon",Só Não Divulga,Sony Music Entertainment,6,36,32,2393935,BR,Brazil,Q4,2021
41,spotify:track:5PjdY0CKGZdEuoNab3yDmX,"The Kid LAROI, Justin Bieber",STAY (with Justin Bieber),Columbia,30,34,13,2361066,BR,Brazil,Q4,2021
42,spotify:track:1YiO0AdZz9HNoJZr8nkaDR,Zé Neto & Cristiano,Vamo Tomar Uma,Som Livre,39,39,6,2357426,BR,Brazil,Q4,2021
43,spotify:track:7gMWTBRgB5CZdNDSuweCyr,"Costa Gold, Kawe, André Nine",Se Essa Bunda,Som Livre,9,32,10,2297335,BR,Brazil,Q4,2021
44,spotify:track:6HV630GY0GT3RN2efFRmbP,Jorge & Mateus,Troca,Som Livre,7,35,24,2275056,BR,Brazil,Q4,2021
45,spotify:track:2MZQAvsA7aZDssppBLRxYp,Israel & Rodolffo,Batom de Cereja - Ao Vivo,Som Livre,1,41,35,2269818,BR,Brazil,Q4,2021
46,spotify:track:1jwEnLN5hMOwotwXfchUaf,"MD Chefe, Offlei Sounds, DomLaike",Rei Lacoste,Offlei Sounds,34,40,10,2209724,BR,Brazil,Q4,2021
47,spotify:track:4jMrV2f00zM9ifqJal3CcG,Zé Vaqueiro,Fim da Noite,Sony Music Entertainment,45,45,7,2159370,BR,Brazil,Q4,2021
48,spotify:track:4gvrJnKCKIPiacNsWVQwEU,"CKay, Dj Yo!, AX'EL",love nwantiti (feat. Dj Yo! & AX'EL) - Remix,WM South Africa,48,60,3,2076329,BR,Brazil,Q4,2021
49,spotify:track:73ghohUx3BscZn4hQbD35X,"Guilherme & Benuto, Os Barões Da Pisadinha",Faxina (Ao Vivo No Casa Filtr),Sony Music Entertainment,42,48,9,2049794,BR,Brazil,Q4,2021
50,spotify:track:685gjMmRjwLFrtCWtF2sXo,Henrique & Juliano,Rasteira - Ao Vivo,Virgin Music Label And Artist Services (S&D),50,53,3,1898878,BR,Brazil,Q4,2021
1,spotify:track:31qCy5ZaophVA81wtlwLc4,Justin Bieber,Anyone,RBMG/Def Jam,1,-1,1,1110463,CA,Canada,Q1,2021
2,spotify:track:3tjFYV6RSFtuktYl3ZtYcq,"24kGoldn, iann dior",Mood (feat. iann dior),Records/Columbia,1,8,22,973640,CA,Canada,Q1,2021
3,spotify:track:5vGLcdRuSbUhD8ScwsGSdA,CJ,Whoopty,CJ Music Group/T-Series,3,10,12,845888,CA,Canada,Q1,2021
4,spotify:track:27OeeYzk6klgBh83TSvGMA,The Kid LAROI,WITHOUT YOU,Columbia,4,13,9,833232,CA,Canada,Q1,2021
5,spotify:track:5nujrmhLynf4yMoMtj8AQF,"Dua Lipa, DaBaby",Levitating (feat. DaBaby),Warner Records,5,23,14,828927,CA,Canada,Q1,2021
6,spotify:track:35mvY5S1H3J2QZyna3TFe0,Ariana Grande,positions,Republic Records,1,19,11,762546,CA,Canada,Q1,2021
7,spotify:track:7hxHWCCAIIxFLCzvDgnQHX,"Internet Money, Gunna, Don Toliver, NAV",Lemonade (feat. NAV),Internet Money Records / TenThousand Projects,2,21,21,748575,CA,Canada,Q1,2021
8,spotify:track:3YJJjQPAbDT7mGpX3WtQ9A,SZA,Good Days,Top Dawg Entertainment/RCA Records,8,43,2,729295,CA,Canada,Q1,2021
9,spotify:track:0VjIjW4GlUZAMYd2vXMi3b,The Weeknd,Blinding Lights,Republic Records,1,33,58,706968,CA,Canada,Q1,2021
10,spotify:track:54bFM56PmE4YLRnqpW6Tha,Billie Eilish,Therefore I Am,Darkroom/Interscope Records,1,28,8,701662,CA,Canada,Q1,2021
11,spotify:track:1HbA4N1MiOsPthALesGFR1,"Shawn Mendes, Justin Bieber",Monster (Shawn Mendes & Justin Bieber),Shawn Mendes LP4-5 PS/ Island,1,34,7,701523,CA,Canada,Q1,2021
12,spotify:track:1tkg4EHVoqnhR6iFEXb60y,Pop Smoke,What You Know Bout Love,Victor Victor Worldwide,4,24,27,694757,CA,Canada,Q1,2021
13,spotify:track:3Uo7WG0vmLQ07WB4BDwy7D,Taylor Swift,willow,Taylor Swift,1,26,4,665414,CA,Canada,Q1,2021
14,spotify:track:6Im9k8u9iIzKMrmV7BWtlF,Ariana Grande,34+35,Republic Records,3,32,10,660172,CA,Canada,Q1,2021
15,spotify:track:0E4Y1XIbs8GrAT1YqVy6dq,Ed Sheeran,Afterglow,Atlantic Records UK,15,30,3,637908,CA,Canada,Q1,2021
16,spotify:track:7ytR5pFWmSjzHJIeQkgog4,"DaBaby, Roddy Ricch",ROCKSTAR (feat. Roddy Ricch),South Coast Music Group/Interscope Records,1,35,38,620497,CA,Canada,Q1,2021
17,spotify:track:6zFMeegAMYQo0mt8rXtrli,Lil Nas X,HOLIDAY,Columbia,17,29,8,605471,CA,Canada,Q1,2021
18,spotify:track:0PvFJmanyNQMseIFrU708S,"Pop Smoke, Lil Baby, DaBaby",For The Night (feat. Lil Baby & DaBaby),Victor Victor Worldwide,4,39,27,566510,CA,Canada,Q1,2021
19,spotify:track:4Oun2ylbjFKMPTiaSbbCih,"Cardi B, Megan Thee Stallion",WAP (feat. Megan Thee Stallion),Atlantic/KSR,1,40,22,558466,CA,Canada,Q1,2021
20,spotify:track:45bE4HXI0AwGZXfZtMp8JR,Tate McRae,you broke me first,RCA Records Label,12,41,26,556557,CA,Canada,Q1,2021
21,spotify:track:0zLCBJZSiELJf02ucPP9wb,"SAINt JHN, Imanbek",Roses - Imanbek Remix,Craft Recordings,2,46,54,553238,CA,Canada,Q1,2021
22,spotify:track:6UelLqGlWMcVH1E5c4H7lY,Harry Styles,Watermelon Sugar,Columbia,5,50,60,536218,CA,Canada,Q1,2021
23,spotify:track:4y4spB9m0Q6026KfkAvy9Q,"Justin Bieber, benny blanco",Lonely (with benny blanco),Friends Keep Secrets/Def Jam Recordings/Interscope Records,3,45,12,523666,CA,Canada,Q1,2021
24,spotify:track:5u1n1kITHCxxp8twBcZxWy,"Justin Bieber, Chance the Rapper",Holy (feat. Chance The Rapper),RBMG/Def Jam,4,42,16,516256,CA,Canada,Q1,2021
25,spotify:track:2SAqBLGA283SUiwJ3xOUVI,"Drake, Lil Durk",Laugh Now Cry Later (feat. Lil Durk),OVO,1,47,21,503668,CA,Canada,Q1,2021
26,spotify:track:7qEHsqek33rTcFNT9PFqLf,Lewis Capaldi,Someone You Loved,Vertigo Berlin,3,51,106,496834,CA,Canada,Q1,2021
27,spotify:track:6ZuahEctZD6w75peme58hm,Shawn Mendes,Wonder,Shawn Mendes LP4-5 PS/ Island,9,56,14,487970,CA,Canada,Q1,2021
28,spotify:track:1rgnBhdG2JDFTbYkYRZAku,Tones And I,Dance Monkey,Elektra (NEK),1,54,76,485530,CA,Canada,Q1,2021
29,spotify:track:57VeLYXrvNxe8Vs18K2M9W,"Jack Harlow, Big Sean",Way Out (feat. Big Sean),Generation Now/Atlantic,29,49,4,482056,CA,Canada,Q1,2021
30,spotify:track:4saklk6nie3yiGePpBwUoc,BTS,Dynamite,BIGHIT MUSIC,6,61,20,473155,CA,Canada,Q1,2021
31,spotify:track:2Oycxb8QbPkpHTo8ZrmG0B,"Miley Cyrus, Dua Lipa",Prisoner (feat. Dua Lipa),RCA Records Label,18,58,7,470275,CA,Canada,Q1,2021
32,spotify:track:1xQ6trAsedVPCdbtDAmk0c,"Jawsh 685, Jason Derulo",Savage Love (Laxed - Siren Beat),Columbia,2,53,30,466810,CA,Canada,Q1,2021
33,spotify:track:5YSHygGN9D0mID1NsVd5my,"Juice WRLD, The Kid LAROI",Reminds Me Of You,Grade A Productions/Interscope Records,33,52,5,449406,CA,Canada,Q1,2021
34,spotify:track:3qgPpwtuRu5oP8EtFSj8HE,The Kid LAROI,SO DONE,Columbia,12,59,11,448913,CA,Canada,Q1,2021
35,spotify:track:6AGOKlMZWLCaEJGnaROtF9,Ritt Momney,Put Your Records On,Columbia,12,67,17,447584,CA,Canada,Q1,2021
36,spotify:track:22LAwLoDA5b4AaGSkg6bKW,Lil Mosey,Blueberry Faygo,Mogul Vision/Interscope Records,4,60,48,443024,CA,Canada,Q1,2021
37,spotify:track:20McUFi8KCIVdNDLrkTDuZ,HVME,Goosebumps,Columbia/B1 Recordings,37,97,4,440981,CA,Canada,Q1,2021
38,spotify:track:5f1joOtoMeyppIcJGZQvqJ,"Kane Brown, Swae Lee, Khalid",Be Like That - feat. Swae Lee & Khalid,RCA Records Label Nashville,14,69,26,437087,CA,Canada,Q1,2021
39,spotify:track:6f3Slt0GbA2bPZlz0aIFXN,Tiësto,The Business,Atlantic Records,39,79,9,436273,CA,Canada,Q1,2021
40,spotify:track:2gMXnyrvIjhVBUZwvLZDMP,Lewis Capaldi,Before You Go,Vertigo Berlin,19,65,59,431328,CA,Canada,Q1,2021
41,spotify:track:21jGcNKet2qwijlDFuPiPb,Post Malone,Circles,Republic Records,1,76,71,430078,CA,Canada,Q1,2021
42,spotify:track:2U5WueTLIK5WJLD7mvDODv,Juice WRLD,Wishing Well,Grade A Productions/Interscope Records,3,63,26,423437,CA,Canada,Q1,2021
43,spotify:track:2r6OAV3WsYtXuXjvJ1lIDi,"Pop Smoke, A Boogie Wit da Hoodie",Hello (feat. A Boogie Wit da Hoodie),Victor Victor Worldwide,20,68,25,420632,CA,Canada,Q1,2021
44,spotify:track:2Y0wPrPQBrGhoLn14xRYCG,"Juice WRLD, Marshmello",Come & Go (with Marshmello),Grade A Productions/Interscope Records,2,64,26,412809,CA,Canada,Q1,2021
45,spotify:track:6IBcOGPsniK3Pso1wHIhew,Luke Combs,Forever After All,River House Artists/Columbia Nashville,6,71,11,409996,CA,Canada,Q1,2021
46,spotify:track:0ofHAoxe9vBkTCp2UQIavz,Fleetwood Mac,Dreams - 2004 Remaster,Rhino/Warner Records,6,95,15,408159,CA,Canada,Q1,2021
47,spotify:track:7kDUspsoYfLkWnZR7qwHZl,"mgk, blackbear",my ex's best friend (with blackbear),Bad Boy/Interscope Records,19,84,22,405495,CA,Canada,Q1,2021
48,spotify:track:0nbXyq5TXYPCO7pr3N8S4I,Roddy Ricch,The Box,Atlantic Records,1,66,57,402715,CA,Canada,Q1,2021
49,spotify:track:3w1WjD2zJqjBjDz5fwqQPJ,Jack Harlow,Tyler Herro,Generation Now/Atlantic,15,70,11,399222,CA,Canada,Q1,2021
50,spotify:track:0A1hoCfMLkiAgvhWkkucJa,Megan Thee Stallion,Body,300 Entertainment,37,78,7,394311,CA,Canada,Q1,2021
1,spotify:track:3BZEcbdtXQSo7OrvKRJ6mb,Lil Nas X,MONTERO (Call Me By Your Name),Columbia,1,2,2,2348810,CA,Canada,Q2,2021
2,spotify:track:4iJyoBOLtHqaGxP12qzhQI,"Justin Bieber, Daniel Caesar, GIVĒON",Peaches (feat. Daniel Caesar & Giveon),RBMG/Def Jam,1,1,3,2337613,CA,Canada,Q2,2021
3,spotify:track:3VT8hOC5vuDXBsHrR53WFh,Masked Wolf,Astronaut In The Ocean,Elektra (NEK),3,3,11,1350255,CA,Canada,Q2,2021
4,spotify:track:61KpQadow081I2AsbeLcsb,Olivia Rodrigo,deja vu,Olivia Rodrigo PS,4,-1,1,1022745,CA,Canada,Q2,2021
5,spotify:track:5nujrmhLynf4yMoMtj8AQF,"Dua Lipa, DaBaby",Levitating (feat. DaBaby),Warner Records,5,8,27,984876,CA,Canada,Q2,2021
6,spotify:track:3J8EOeKLTLXORtWPpOU5bE,"Lil Tjay, 6LACK",Calling My Phone,Columbia,1,6,8,935532,CA,Canada,Q2,2021
7,spotify:track:1nahzW3kfMuwReTka28tH5,Justin Bieber,Hold On,RBMG/Def Jam,2,4,5,900597,CA,Canada,Q2,2021
8,spotify:track:7lPN2DXiMsVn7XUKtOW1CS,Olivia Rodrigo,drivers license,Olivia Rodrigo PS,1,5,13,895507,CA,Canada,Q2,2021
9,spotify:track:5QO79kh1waicV47BqGRL3g,The Weeknd,Save Your Tears,Republic Records,2,9,19,855008,CA,Canada,Q2,2021
10,spotify:track:1M4OcYkxAtu3ErzSgDEfoi,Cardi B,Up,Atlantic Records,4,10,9,838473,CA,Canada,Q2,2021
11,spotify:track:7MAibcTli4IisCtbHKrGMh,"Bruno Mars, Anderson .Paak, Silk Sonic",Leave The Door Open,Aftermath Entertainment/Atlantic,6,12,5,778078,CA,Canada,Q2,2021
12,spotify:track:3aQem4jVGdhtg116TmJnHz,Drake,What’s Next,OVO,1,11,5,777914,CA,Canada,Q2,2021
13,spotify:track:3FAJ6O0NOHQV8Mc5Ri6ENp,GIVĒON,Heartbreak Anniversary,Epic/Not So Fast,13,14,9,760169,CA,Canada,Q2,2021
14,spotify:track:4eNOLmx8r2IJAVKvBBL1jv,"Lil Tjay, Polo G, Fivio Foreign",Headshot (feat. Polo G & Fivio Foreign),Columbia,14,18,3,757242,CA,Canada,Q2,2021
15,spotify:track:4jPy3l0RUwlUI9T5XHBW2m,"24kGoldn, iann dior",Mood (feat. iann dior),Records/Columbia,1,13,35,720757,CA,Canada,Q2,2021
16,spotify:track:27OeeYzk6klgBh83TSvGMA,The Kid LAROI,WITHOUT YOU,Columbia,4,15,22,714146,CA,Canada,Q2,2021
17,spotify:track:6f3Slt0GbA2bPZlz0aIFXN,Tiësto,The Business,Atlantic Records,12,17,22,710082,CA,Canada,Q2,2021
18,spotify:track:6F2r4HgpJnvKDmkN6JEN6J,"Justin Bieber, Khalid",As I Am (feat. Khalid),RBMG/Def Jam,3,7,3,704424,CA,Canada,Q2,2021
19,spotify:track:5uEYRdEIh9Bo4fpjDd4Na9,"Travis Scott, HVME",Goosebumps - Remix,Cactus Jack/Epic,14,21,12,677506,CA,Canada,Q2,2021
20,spotify:track:6fRxMU4LWwyaSSowV441IU,"Maroon 5, Megan Thee Stallion",Beautiful Mistakes (feat. Megan Thee Stallion),Interscope Records*,20,24,5,661254,CA,Canada,Q2,2021
21,spotify:track:0VjIjW4GlUZAMYd2vXMi3b,The Weeknd,Blinding Lights,Republic Records,1,23,71,639847,CA,Canada,Q2,2021
22,spotify:track:1dg3qy5DjoJodawfOCgrTP,"Lil Tjay, Offset, Moneybagg Yo",Run It Up (feat. Offset & Moneybagg Yo),Columbia,22,-1,1,621313,CA,Canada,Q2,2021
23,spotify:track:4yyX2Iu4xJjW9xMvBZKSBi,"Demi Lovato, Ariana Grande",Met Him Last Night (feat. Ariana Grande),Island Records,23,-1,1,602826,CA,Canada,Q2,2021
24,spotify:track:2WnAKZefdRHxtBEkRjFOHC,Justin Bieber,Anyone,RBMG/Def Jam,1,16,14,594922,CA,Canada,Q2,2021
25,spotify:track:6Xgq7MvZiet0hVi3KaDSgJ,"Justin Bieber, Chance the Rapper",Holy (feat. Chance The Rapper),RBMG/Def Jam,4,22,29,576849,CA,Canada,Q2,2021
26,spotify:track:65OVbaJR5O1RmwOQx0875b,"Drake, Lil Baby",Wants and Needs (feat. Lil Baby),OVO,2,19,5,574572,CA,Canada,Q2,2021
27,spotify:track:02MWAaffLxlfxAUY7c5dvx,Glass Animals,Heat Waves,Polydor Records,27,28,15,570077,CA,Canada,Q2,2021
28,spotify:track:6tDDoYIxWvMLTdKpjFkc1B,Kali Uchis,telepatía,EMI / Interscope,16,25,7,548041,CA,Canada,Q2,2021
29,spotify:track:60ynsPSSKe6O3sfwRnIBRf,Doja Cat,Streets,Kemosabe Records/RCA Records,8,26,13,546953,CA,Canada,Q2,2021
30,spotify:track:2etHQJxIbV0soyPhelVs9Y,"Saweetie, Doja Cat",Best Friend (feat. Doja Cat),ICY/Warner Records,20,29,13,543731,CA,Canada,Q2,2021
31,spotify:track:3YJJjQPAbDT7mGpX3WtQ9A,SZA,Good Days,Top Dawg Entertainment/RCA Records,2,27,15,515230,CA,Canada,Q2,2021
32,spotify:track:7ytR5pFWmSjzHJIeQkgog4,"DaBaby, Roddy Ricch",ROCKSTAR (feat. Roddy Ricch),South Coast Music Group/Interscope Records,1,31,51,499942,CA,Canada,Q2,2021
33,spotify:track:7qEHsqek33rTcFNT9PFqLf,Lewis Capaldi,Someone You Loved,Vertigo Berlin,3,32,119,491540,CA,Canada,Q2,2021
34,spotify:track:7hxHWCCAIIxFLCzvDgnQHX,"Internet Money, Gunna, Don Toliver, NAV",Lemonade (feat. NAV),Internet Money Records / TenThousand Projects,2,35,34,485603,CA,Canada,Q2,2021
35,spotify:track:1tkg4EHVoqnhR6iFEXb60y,Pop Smoke,What You Know Bout Love,Victor Victor Worldwide,4,34,40,483861,CA,Canada,Q2,2021
36,spotify:track:1KixkQVDUHggZMU9dUobgm,Ava Max,My Head & My Heart,Atlantic Records,36,40,8,469103,CA,Canada,Q2,2021
37,spotify:track:0zLCBJZSiELJf02ucPP9wb,"SAINt JHN, Imanbek",Roses - Imanbek Remix,Craft Recordings,2,38,67,464480,CA,Canada,Q2,2021
38,spotify:track:1t9WgS8FN0534tLBRwbaxO,CJ,Whoopty,Warner Records,3,30,25,454778,CA,Canada,Q2,2021
39,spotify:track:45bE4HXI0AwGZXfZtMp8JR,Tate McRae,you broke me first,RCA Records Label,12,37,39,433040,CA,Canada,Q2,2021
40,spotify:track:5FQPpxOXsvkMN6v18gtpwY,AJR,Bang!,BMG Rights Management (US) LLC,24,41,15,432301,CA,Canada,Q2,2021
41,spotify:track:6UelLqGlWMcVH1E5c4H7lY,Harry Styles,Watermelon Sugar,Columbia,5,46,73,428943,CA,Canada,Q2,2021
42,spotify:track:1J14CdDAvBTE1AJYUOwl6C,Duncan Laurence,Arcade,"Universal Music, a division of Universal International Music BV",31,44,9,426390,CA,Canada,Q2,2021
43,spotify:track:6ft4hAq6yde8jPZY2i5zLr,"MEDUZA, Dermot Kennedy",Paradise (feat. Dermot Kennedy),Universal-Island Records Ltd.,25,45,23,426299,CA,Canada,Q2,2021
44,spotify:track:1VLtjHwRWOVJiE5Py7JxoQ,Polo G,Martin & Gina,Columbia,38,50,34,420173,CA,Canada,Q2,2021
45,spotify:track:1diS6nkxMQc3wwC4G1j0bh,Dua Lipa,We're Good,Warner Records,15,43,8,419735,CA,Canada,Q2,2021
46,spotify:track:0PvFJmanyNQMseIFrU708S,"Pop Smoke, Lil Baby, DaBaby",For The Night (feat. Lil Baby & DaBaby),Victor Victor Worldwide,4,48,40,404005,CA,Canada,Q2,2021
47,spotify:track:4cG7HUWYHBV6R6tHn1gxrl,"Riton, Nightcrawlers, Mufasa & Hypeman, Mufasa, Dopamine",Friday (feat. Mufasa & Hypeman) - Dopamine Re-Edit,Ministry of Sound Recordings,47,58,6,403601,CA,Canada,Q2,2021
48,spotify:track:35mvY5S1H3J2QZyna3TFe0,Ariana Grande,positions,Republic Records,1,51,24,403510,CA,Canada,Q2,2021
49,spotify:track:1rgnBhdG2JDFTbYkYRZAku,Tones And I,Dance Monkey,Elektra (NEK),1,53,89,401331,CA,Canada,Q2,2021
50,spotify:track:5pcjystBtalYeqaiXCcgEY,"Taylor Swift, Maren Morris",You All Over Me (feat. Maren Morris) (Taylor’s Version) (From The Vault),Taylor Swift,20,20,2,398625,CA,Canada,Q2,2021
1,spotify:track:4ZtFanR9U6ndgddUvNcjcG,Olivia Rodrigo,good 4 u,Olivia Rodrigo PS,1,1,8,1861150,CA,Canada,Q3,2021
2,spotify:track:6PQ88X9TkUIAUIZJHW2upE,Ed Sheeran,Bad Habits,Atlantic Records UK,2,2,2,1441887,CA,Canada,Q3,2021
3,spotify:track:3Wrjm47oTz2sjIgck11l5e,Måneskin,Beggin',RCA Records Label,3,8,3,1229823,CA,Canada,Q3,2021
4,spotify:track:5nujrmhLynf4yMoMtj8AQF,"Dua Lipa, DaBaby",Levitating (feat. DaBaby),Warner Records,4,4,40,1145966,CA,Canada,Q3,2021
5,spotify:track:67BtfxlNbhBmCDR2L2l8qd,Lil Nas X,MONTERO (Call Me By Your Name),Columbia,1,5,15,1142474,CA,Canada,Q3,2021
6,spotify:track:3DarAbFujv6eYNliUTyqtz,"Doja Cat, SZA",Kiss Me More (feat. SZA),Kemosabe Records/RCA Records,1,3,13,1119874,CA,Canada,Q3,2021
7,spotify:track:4iJyoBOLtHqaGxP12qzhQI,"Justin Bieber, Daniel Caesar, GIVĒON",Peaches (feat. Daniel Caesar & Giveon),RBMG/Def Jam,1,7,16,972268,CA,Canada,Q3,2021
8,spotify:track:0k4d5YPDr1r7FX77VdqWez,"Doja Cat, The Weeknd",You Right,Kemosabe Records/RCA Records,6,6,2,953681,CA,Canada,Q3,2021
9,spotify:track:02MWAaffLxlfxAUY7c5dvx,Glass Animals,Heat Waves,Polydor Records,9,12,28,817433,CA,Canada,Q3,2021
10,spotify:track:6HU7h9RYOaPRFeh0R3UeAr,Olivia Rodrigo,deja vu,Olivia Rodrigo PS,2,11,14,808408,CA,Canada,Q3,2021
11,spotify:track:18vXApRmJSgQ6wG2ll9AOg,Polo G,RAPSTAR,Columbia,1,10,13,790315,CA,Canada,Q3,2021
12,spotify:track:5zFglKYiknIxks8geR8rcL,"Maroon 5, Megan Thee Stallion",Beautiful Mistakes (feat. Megan Thee Stallion),Interscope Records*,10,13,18,749579,CA,Canada,Q3,2021
13,spotify:track:37BZB0z9T8Xu7U3e65qxFy,"The Weeknd, Ariana Grande",Save Your Tears (with Ariana Grande) (Remix),Republic Records,7,15,11,745349,CA,Canada,Q3,2021
14,spotify:track:0BGwAKW4u8kWOhWFflZxfl,Masked Wolf,Astronaut In The Ocean,Elektra (NEK),3,14,24,738229,CA,Canada,Q3,2021
15,spotify:track:5CZ40GBx1sQ9agT82CLQCT,Olivia Rodrigo,traitor,Olivia Rodrigo PS,3,16,7,727630,CA,Canada,Q3,2021
16,spotify:track:4cG7HUWYHBV6R6tHn1gxrl,"Riton, Nightcrawlers, Mufasa & Hypeman, Mufasa, Dopamine",Friday (feat. Mufasa & Hypeman) - Dopamine Re-Edit,Ministry of Sound Recordings,16,17,19,660707,CA,Canada,Q3,2021
17,spotify:track:4jPy3l0RUwlUI9T5XHBW2m,"24kGoldn, iann dior",Mood (feat. iann dior),Records/Columbia,1,25,48,620457,CA,Canada,Q3,2021
18,spotify:track:4pt5fDVTg5GhEvEtlz9dKk,Måneskin,I WANNA BE YOUR SLAVE,RCA Records Label,18,35,5,618790,CA,Canada,Q3,2021
19,spotify:track:5wANPM4fQCJwkGd4rN57mH,Olivia Rodrigo,drivers license,Olivia Rodrigo PS,1,24,26,603029,CA,Canada,Q3,2021
20,spotify:track:5uEYRdEIh9Bo4fpjDd4Na9,"Travis Scott, HVME",Goosebumps - Remix,Cactus Jack/Epic,11,21,25,600253,CA,Canada,Q3,2021
21,spotify:track:2bgTY4UwhfBYhGT4HUYStN,BTS,Butter,BIGHIT MUSIC,4,18,7,595346,CA,Canada,Q3,2021
22,spotify:track:4qu63nuBpdn0qHUHuObEj1,"Marshmello, Jonas Brothers",Leave Before You Love Me (with Jonas Brothers),Republic Records,22,27,6,588809,CA,Canada,Q3,2021
23,spotify:track:65OVbaJR5O1RmwOQx0875b,"Drake, Lil Baby",Wants and Needs (feat. Lil Baby),OVO,2,20,18,587912,CA,Canada,Q3,2021
24,spotify:track:5JCoSi02qi3jJeHdZXMmR8,Olivia Rodrigo,favorite crime,Olivia Rodrigo PS,8,37,7,583187,CA,Canada,Q3,2021
25,spotify:track:2tGvwE8GcFKwNdAXMnlbfl,Olivia Rodrigo,happier,Olivia Rodrigo PS,9,29,7,532411,CA,Canada,Q3,2021
26,spotify:track:5B0kgjHULYJhAQkK5XsMoC,"Tyler, The Creator, YoungBoy Never Broke Again, Ty Dolla $ign",WUSYANAME (feat. Youngboy Never Broke Again & Ty Dolla $ign),Columbia,9,9,2,527245,CA,Canada,Q3,2021
27,spotify:track:6f3Slt0GbA2bPZlz0aIFXN,Tiësto,The Business,Atlantic Records,12,32,35,521284,CA,Canada,Q3,2021
28,spotify:track:0VjIjW4GlUZAMYd2vXMi3b,The Weeknd,Blinding Lights,Republic Records,1,33,84,518349,CA,Canada,Q3,2021
29,spotify:track:5lAnYvAIkSDNXqfo7DyFUm,Doja Cat,Ain't Shit,Kemosabe Records/RCA Records,22,22,2,515824,CA,Canada,Q3,2021
30,spotify:track:7MAibcTli4IisCtbHKrGMh,"Bruno Mars, Anderson .Paak, Silk Sonic",Leave The Door Open,Aftermath Entertainment/Atlantic,6,30,18,514706,CA,Canada,Q3,2021
31,spotify:track:5zNW5ARjYhJQJz1AChP33n,Megan Thee Stallion,Thot Shit,300 Entertainment,31,38,4,495282,CA,Canada,Q3,2021
32,spotify:track:7BoobGhD4x5K96Me0hqC8Q,Bella Poarch,Build a Bitch,Warner Records,20,31,8,487778,CA,Canada,Q3,2021
33,spotify:track:0b18g3G5spr4ZCkz7Y6Q0Q,"Majestic, Boney M.",Rasputin,NITRON music,33,40,8,479838,CA,Canada,Q3,2021
34,spotify:track:6SRsiMl7w1USE4mFqrOhHC,Olivia Rodrigo,brutal,Olivia Rodrigo PS,6,42,7,474899,CA,Canada,Q3,2021
35,spotify:track:6UelLqGlWMcVH1E5c4H7lY,Harry Styles,Watermelon Sugar,Columbia,5,43,86,469755,CA,Canada,Q3,2021
36,spotify:track:1sx0XsWUusUoPstbvokZjP,Tai Verdes,AOK,Arista Records,36,58,6,459085,CA,Canada,Q3,2021
37,spotify:track:1fxYz1s15pyZLsJT0Hdh1m,Roddy Ricch,late at night,Atlantic Records,18,36,5,457039,CA,Canada,Q3,2021
38,spotify:track:48WidxP9CqyYtk97pwGZ3c,"Brent Faiyaz, Drake, The Neptunes",Wasting Time ( feat. Drake & The Neptunes ),Lost kids,38,-1,1,449756,CA,Canada,Q3,2021
39,spotify:track:0MMyJUC3WNnFS1lit5pTjk,Olivia Rodrigo,"jealousy, jealousy",Olivia Rodrigo PS,16,53,7,446777,CA,Canada,Q3,2021
40,spotify:track:2UbVnbE5FH6008mAm6Mmgw,OneRepublic,Run,Mosley Music/Interscope Records,40,51,9,440221,CA,Canada,Q3,2021
41,spotify:track:3ggtU1ZOKO8ZNiqPNyXGcm,Trinidad Cardona,Dinero,Run It Up Records/Island,33,41,4,432626,CA,Canada,Q3,2021
42,spotify:track:3Vi5XqYrmQgOYBajMWSvCi,Doja Cat,Need to Know,Kemosabe Records/RCA Records,24,26,4,426669,CA,Canada,Q3,2021
43,spotify:track:1nahzW3kfMuwReTka28tH5,Justin Bieber,Hold On,RBMG/Def Jam,2,49,18,419370,CA,Canada,Q3,2021
44,spotify:track:1QL7nSDZCwZMnbisV4KOXt,"WILLOW, Travis Barker",t r a n s p a r e n t s o u l feat. Travis Barker,"MSFTSMusic / Roc Nation Records, LLC",35,45,6,417182,CA,Canada,Q3,2021
45,spotify:track:1YDebgap5OFwXEBG18NJvy,DaBaby,Red Light Green Light,South Coast Music Group/Interscope Records,45,56,2,404007,CA,Canada,Q3,2021
46,spotify:track:27OeeYzk6klgBh83TSvGMA,The Kid LAROI,WITHOUT YOU,Columbia,4,52,35,400545,CA,Canada,Q3,2021
47,spotify:track:0cu0rhnlCnJ7JIeHRiLpj3,DaBaby,Ball If I Want To,South Coast Music Group/Interscope Records,41,66,3,398260,CA,Canada,Q3,2021
48,spotify:track:3FAJ6O0NOHQV8Mc5Ri6ENp,GIVĒON,Heartbreak Anniversary,Epic/Not So Fast,12,55,22,393376,CA,Canada,Q3,2021
49,spotify:track:20BOju91NaEFK5Py4VJ2pp,"Saweetie, Doja Cat",Best Friend (feat. Doja Cat),ICY/Warner Records,20,54,26,388719,CA,Canada,Q3,2021
50,spotify:track:0zLCBJZSiELJf02ucPP9wb,"SAINt JHN, Imanbek",Roses - Imanbek Remix,Craft Recordings,2,62,80,377334,CA,Canada,Q3,2021
1,spotify:track:5PjdY0CKGZdEuoNab3yDmX,"The Kid LAROI, Justin Bieber",STAY (with Justin Bieber),Columbia,1,1,13,1672663,CA,Canada,Q4,2021
2,spotify:track:5Z9KJZvQzH6PFmb8SNkxuk,"Lil Nas X, Jack Harlow",INDUSTRY BABY (feat. Jack Harlow),Columbia,1,2,11,1628306,CA,Canada,Q4,2021
3,spotify:track:2BcMwX1MPV6ZHP4tUT9uq6,"Drake, 21 Savage, Project Pat",Knife Talk (with 21 Savage ft. Project Pat),OVO,3,4,5,1252657,CA,Canada,Q4,2021
4,spotify:track:02MWAaffLxlfxAUY7c5dvx,Glass Animals,Heat Waves,Polydor Records,4,5,41,1237711,CA,Canada,Q4,2021
5,spotify:track:0k1WUmIRnG3xU6fvvDVfRG,"Drake, Future, Young Thug",Way 2 Sexy (with Future & Young Thug),OVO,2,3,5,1189273,CA,Canada,Q4,2021
6,spotify:track:6PQ88X9TkUIAUIZJHW2upE,Ed Sheeran,Bad Habits,Atlantic Records UK,2,6,15,1138002,CA,Canada,Q4,2021
7,spotify:track:75MNhvTCCKsST3YqqUiU9r,Ed Sheeran,Shivers,Atlantic Records UK,7,9,4,1019489,CA,Canada,Q4,2021
8,spotify:track:0e8nrvls4Qqv5Rfa2UhqmO,Lil Nas X,THATS WHAT I WANT,Columbia,4,8,3,1014344,CA,Canada,Q4,2021
9,spotify:track:40iJIUlhi6renaREYGeIDS,"Drake, Travis Scott",Fair Trade (with Travis Scott),OVO,1,7,5,974134,CA,Canada,Q4,2021
10,spotify:track:4ZtFanR9U6ndgddUvNcjcG,Olivia Rodrigo,good 4 u,Olivia Rodrigo PS,1,10,21,854821,CA,Canada,Q4,2021
11,spotify:track:2Xr1dTzJee307rmrkt8c0g,CKay,love nwantiti (ah ah ah),Chocolate City Music,11,15,4,814556,CA,Canada,Q4,2021
12,spotify:track:3Wrjm47oTz2sjIgck11l5e,Måneskin,Beggin',RCA Records Label,3,12,16,796489,CA,Canada,Q4,2021
13,spotify:track:1SC5rEoYDGUK4NfG82494W,Lil Nas X,MONTERO (Call Me By Your Name),Columbia,1,11,28,771780,CA,Canada,Q4,2021
14,spotify:track:4XvcHTUfIlWfyJTRG0aqlo,Sleepy Hallow,2055,Winners Circle/RCA Records,9,16,16,714043,CA,Canada,Q4,2021
15,spotify:track:6zSpb8dQRaw0M1dK8PBwQz,"Elton John, Dua Lipa, PNAU",Cold Heart - PNAU Remix,EMI,15,20,8,709261,CA,Canada,Q4,2021
16,spotify:track:3DarAbFujv6eYNliUTyqtz,"Doja Cat, SZA",Kiss Me More (feat. SZA),Kemosabe Records/RCA Records,1,18,26,707964,CA,Canada,Q4,2021
17,spotify:track:37Nqx7iavZpotJSDXZWbJ3,"Drake, Lil Baby",Girls Want Girls (with Lil Baby),OVO,2,13,5,693192,CA,Canada,Q4,2021
18,spotify:track:6Uj1ctrBOjOas8xZXGqKk4,Doja Cat,Woman,Kemosabe Records/RCA Records,16,17,13,687588,CA,Canada,Q4,2021
19,spotify:track:07MDkzWARZaLEdKxo6yArG,"THE ANXIETY, WILLOW, Tyler Cole",Meet Me At Our Spot,"MSFTSMusic / Roc Nation Records, LLC",19,21,6,654447,CA,Canada,Q4,2021
20,spotify:track:1uMHCAyGmHqyygoNRuo7MV,"bbno$, Rich Brian",edamame,bbno$,20,26,11,633789,CA,Canada,Q4,2021
21,spotify:track:3FeVmId7tL5YN8B7R3imoM,"Coldplay, BTS",My Universe,Parlophone UK,14,14,2,617490,CA,Canada,Q4,2021
22,spotify:track:4RVwu0g32PAqgUiJoXsdF8,Billie Eilish,Happier Than Ever,Darkroom/Interscope Records,4,22,10,615540,CA,Canada,Q4,2021
23,spotify:track:3Vi5XqYrmQgOYBajMWSvCi,Doja Cat,Need to Know,Kemosabe Records/RCA Records,6,23,17,612971,CA,Canada,Q4,2021
24,spotify:track:5nujrmhLynf4yMoMtj8AQF,"Dua Lipa, DaBaby",Levitating (feat. DaBaby),Warner Records,4,27,53,590650,CA,Canada,Q4,2021
25,spotify:track:5W8HXMOMLtXLz0RGKUtnlZ,"Skylar Grey, Polo G, Mozzy, Eminem","Last One Standing (feat. Polo G, Mozzy & Eminem) - From Venom: Let There Be Carnage",Shady Records/Interscope Records,25,-1,1,580550,CA,Canada,Q4,2021
26,spotify:track:6Hfu9sc7jvv6coyy2LlzBF,"Kanye West, The Weeknd, Lil Baby",Hurricane,Rock The World/IDJ/Kanye LP7,2,19,6,576586,CA,Canada,Q4,2021
27,spotify:track:3QFInJAm9eyaho5vBzxInN,"Baby Keem, Kendrick Lamar",family ties (with Kendrick Lamar),Columbia,12,24,6,569707,CA,Canada,Q4,2021
28,spotify:track:0eu4C55hL6x29mmeAjytzC,Oliver Tree,Life Goes On,Atlantic Records,28,33,4,556380,CA,Canada,Q4,2021
29,spotify:track:4gvrJnKCKIPiacNsWVQwEU,"CKay, Dj Yo!, AX'EL",love nwantiti (feat. Dj Yo! & AX'EL) - Remix,WM South Africa,29,39,3,523157,CA,Canada,Q4,2021
30,spotify:track:4iJyoBOLtHqaGxP12qzhQI,"Justin Bieber, Daniel Caesar, GIVĒON",Peaches (feat. Daniel Caesar & Giveon),RBMG/Def Jam,1,28,29,521246,CA,Canada,Q4,2021
31,spotify:track:6M3PsepEj5gyJoIi7Xvr7u,The Weeknd,Take My Breath - Single Version,XO / Republic Records,5,29,9,505581,CA,Canada,Q4,2021
32,spotify:track:0lnpnsrVaW9elGgRxpDCgE,Walker Hayes,Fancy Like,Monument Records,21,35,14,502345,CA,Canada,Q4,2021
33,spotify:track:1sx0XsWUusUoPstbvokZjP,Tai Verdes,AOK,Arista Records,17,30,19,496193,CA,Canada,Q4,2021
34,spotify:track:2DTpP3caqX3QdJIEoS83mD,"Joyner Lucas, J. Cole",Your Heart,Twenty Nine Music Group,25,25,2,492250,CA,Canada,Q4,2021
35,spotify:track:5CZ40GBx1sQ9agT82CLQCT,Olivia Rodrigo,traitor,Olivia Rodrigo PS,3,34,20,486927,CA,Canada,Q4,2021
36,spotify:track:4qu63nuBpdn0qHUHuObEj1,"Marshmello, Jonas Brothers",Leave Before You Love Me (with Jonas Brothers),Republic Records,22,36,19,482510,CA,Canada,Q4,2021
37,spotify:track:3T9BKc4kB7ukeNQrCqv6ZV,"Meek Mill, Lil Durk, Lil Baby",Sharing Locations (feat. Lil Baby & Lil Durk),MMG/Atlantic,32,48,6,479384,CA,Canada,Q4,2021
38,spotify:track:4pt5fDVTg5GhEvEtlz9dKk,Måneskin,I WANNA BE YOUR SLAVE,RCA Records Label,18,42,18,462077,CA,Canada,Q4,2021
39,spotify:track:0W6I02J9xcqK8MtSeosEXb,Doja Cat,Get Into It (Yuh),Kemosabe Records/RCA Records,23,37,12,458049,CA,Canada,Q4,2021
40,spotify:track:2B4GHvToeLTOBB4QLzW3Ni,Farruko,Pepas,Sony Music Latin,40,44,9,431505,CA,Canada,Q4,2021
41,spotify:track:7hU3IHwjX150XLoTVmjD0q,LISA,MONEY,YG Entertainment/Interscope Records,41,129,2,429185,CA,Canada,Q4,2021
42,spotify:track:5zFglKYiknIxks8geR8rcL,"Maroon 5, Megan Thee Stallion",Beautiful Mistakes (feat. Megan Thee Stallion),Interscope Records*,10,43,31,425443,CA,Canada,Q4,2021
43,spotify:track:0VjIjW4GlUZAMYd2vXMi3b,The Weeknd,Blinding Lights,Republic Records,1,49,97,424646,CA,Canada,Q4,2021
44,spotify:track:18vXApRmJSgQ6wG2ll9AOg,Polo G,RAPSTAR,Columbia,1,45,26,416653,CA,Canada,Q4,2021
45,spotify:track:4eL3XeuGaEoVT8ttDh3hwY,"Gunna, Future",too easy,300 Entertainment,31,31,2,409915,CA,Canada,Q4,2021
46,spotify:track:4rPkN1FMzQyFNP9cLUGIIB,Dua Lipa,Love Again,Warner Records,46,53,13,409409,CA,Canada,Q4,2021
47,spotify:track:4jPy3l0RUwlUI9T5XHBW2m,"24kGoldn, iann dior",Mood (feat. iann dior),Records/Columbia,1,46,61,408127,CA,Canada,Q4,2021
48,spotify:track:37BZB0z9T8Xu7U3e65qxFy,"The Weeknd, Ariana Grande",Save Your Tears (with Ariana Grande) (Remix),Republic Records,7,47,24,407150,CA,Canada,Q4,2021
49,spotify:track:6LNoArVBBVZzUTUiAX2aKO,Kanye West,Off The Grid,Rock The World/IDJ/Kanye LP7,5,38,6,387117,CA,Canada,Q4,2021
50,spotify:track:6Dy1jexKYriXAVG6evyUTJ,"Joel Corry, Jax Jones, Charli xcx, Saweetie",OUT OUT (feat. Charli XCX & Saweetie),Atlantic Records UK,50,56,5,384545,CA,Canada,Q4,2021
1,spotify:track:4MzXwWMhyBbmu6hOcLVD49,"Bad Bunny, JHAYCO",DÁKITI,Rimas Entertainment LLC,1,1,10,880284,CO,Colombia,Q1,2021
2,spotify:track:7vrJn5hDSXRmdXoR30KgF1,KAROL G,BICHOTA,UMLE - Latino,2,2,11,719640,CO,Colombia,Q1,2021
3,spotify:track:1yoMvmasuxZfqHEipJhRbp,Maluma,Hawái,Sony Music Latin,1,3,23,556660,CO,Colombia,Q1,2021
4,spotify:track:2XIc1pqjXV3Cr2BQUGNBck,"Bad Bunny, ROSALÍA",LA NOCHE DE ANOCHE,Rimas Entertainment LLC,2,4,6,555562,CO,Colombia,Q1,2021
5,spotify:track:7ndTONDDRFGiPnnhOzOXxq,"Manuel Turizo, Rauw Alejandro, Myke Towers",La Nota,Sony Music Latin/La Industria,4,5,13,458131,CO,Colombia,Q1,2021
6,spotify:track:4loQgPwJHocL3dFwLfjb1J,"Rauw Alejandro, Anuel AA",Reloj,Sony Music Latin/Duars Entertainment,6,6,11,449330,CO,Colombia,Q1,2021
7,spotify:track:3VvA1wSxukMLsvXoXtlwWx,Boza,Hecha Pa' Mi,Sony Music Latin,7,10,7,413596,CO,Colombia,Q1,2021
8,spotify:track:73nAK3HgQK8dak83Y2WQ8F,Camilo,Vida de Rico,Sony Music Latin,2,7,16,405643,CO,Colombia,Q1,2021
9,spotify:track:5y7DaS3jAc9eZzcSOoUIwU,"Ozuna, J Balvin, Chencho Corleone",Una Locura,Aura Music Corp.,4,8,18,390592,CO,Colombia,Q1,2021
10,spotify:track:4HYDUMY0xSpeBr0AMY9cUz,"Jay Wheeler, DJ Nelson, Myke Towers",La Curiosidad,Linked Music / Dynamic Records / EMPIRE,2,9,30,381412,CO,Colombia,Q1,2021
11,spotify:track:21N4Buj4xsyLb218lYle61,"Sebastian Yatra, Guaynaa",Chica Ideal,UMLE - Latino,9,13,12,380316,CO,Colombia,Q1,2021
12,spotify:track:15OjBeqNX3bShsGYQbteRv,Farruko,La Tóxica,Sony Music Latin,4,11,24,376078,CO,Colombia,Q1,2021
13,spotify:track:4RJz8NfIe09gpKMiRUWKhJ,"Maluma, Lenny Tavárez, Justin Quiles",Parce (feat. Justin Quiles),Sony Music Latin,5,12,20,373262,CO,Colombia,Q1,2021
14,spotify:track:7D7EH7MGyNHWSkqrszerI1,"Camilo, El Alfa",BEBÉ,Sony Music Latin,14,14,6,347908,CO,Colombia,Q1,2021
15,spotify:track:5RubKOuDoPn5Kj5TLVxSxY,Bad Bunny,TE MUDASTE,Rimas Entertainment LLC,4,15,6,347542,CO,Colombia,Q1,2021
16,spotify:track:35UUpTmrcFXNIVIN26ujXl,"Sech, Daddy Yankee, J Balvin, ROSALÍA, Farruko",Relación - Remix,Rich Music,6,16,18,339036,CO,Colombia,Q1,2021
17,spotify:track:1xK1Gg9SxG8fy2Ya373oqb,"Myke Towers, Juhn",Bandido,White World Music,17,25,4,338538,CO,Colombia,Q1,2021
18,spotify:track:5xwjEzvJ2OSdnHlzusKNYA,"Feid, Sky Rompiendo",CHIMBITA,Universal Music Latino,18,24,4,332149,CO,Colombia,Q1,2021
19,spotify:track:7x4ASXYEKfQBCewcZhK776,KAROL G,"Ay, DiOs Mío!",UMLE - Latino,2,17,26,328467,CO,Colombia,Q1,2021
20,spotify:track:2bgcUk2A3jjKbCJ7KPquTi,"Wisin, Myke Towers, Los Legendarios",Mi Niña,La Base Music Group/ WK Records,14,20,15,325601,CO,Colombia,Q1,2021
21,spotify:track:3GtnId3Cm1Xa6joCj08nzW,Justin Quiles,Jeans,WEA Latina,11,19,21,323874,CO,Colombia,Q1,2021
22,spotify:track:0JAZWvvqttGFm4UMDsPQXC,"Ozuna, Camilo",Despeinada,Aura Music Corp.,4,18,18,319789,CO,Colombia,Q1,2021
23,spotify:track:58sCyRSFBV0m60kbV9rtp9,Silvestre Dangond,Las Locuras Mías,Sony Music Latin,15,21,11,310823,CO,Colombia,Q1,2021
24,spotify:track:4G3PTss3mU33Tau7t4KbwE,"Rauw Alejandro, Camilo",Tattoo - Remix with Camilo,Sony Music Latin/Duars Entertainment,2,22,26,290634,CO,Colombia,Q1,2021
25,spotify:track:0EhpEsp4L0oRGM0vmeaN5e,"J Balvin, Dua Lipa, Bad Bunny, Tainy",UN DIA (ONE DAY) (Feat. Tainy),Universal Music Latino/ NEON16,2,23,24,286432,CO,Colombia,Q1,2021
26,spotify:track:2lCkncy6bIB0LTMT7kvrD1,J Balvin,Azul,UMLE - Latino,3,26,42,259355,CO,Colombia,Q1,2021
27,spotify:track:0VjIjW4GlUZAMYd2vXMi3b,The Weeknd,Blinding Lights,Republic Records,12,31,58,247705,CO,Colombia,Q1,2021
28,spotify:track:11EnQRgRMJwMAesfkB5pnu,"Lele Pons, Guaynaa",Se Te Nota (with Guaynaa),Shots Studios & Music/10:22pm/Interscope Records,17,27,17,244515,CO,Colombia,Q1,2021
29,spotify:track:6fmQjRuo7XvRFCK2qex5hQ,Jerry Di,Mi Cuarto,Nacho,13,29,22,229561,CO,Colombia,Q1,2021
30,spotify:track:6bvfJf4KjonPMuPfGfy3S2,"Nio Garcia, Anuel AA, Myke Towers, Brray, Juanka",La Jeepeta - Remix,"Flow La Movie, Inc.",1,28,36,224812,CO,Colombia,Q1,2021
31,spotify:track:68mrW6gXHgupgSiDHgaDi5,"Nicky Jam, Myke Towers",Polvo,Sony Music Latin,30,33,7,223208,CO,Colombia,Q1,2021
32,spotify:track:26QApq0cuO9brJigr0C0W4,Bad Bunny,HACIENDO QUE ME AMAS,Rimas Entertainment LLC,5,30,6,221898,CO,Colombia,Q1,2021
33,spotify:track:5zj8WNkBrEzlI5FKeYV4ol,"Sech, J Balvin",La Luz,Rich Music,18,32,10,216213,CO,Colombia,Q1,2021
34,spotify:track:34LI7rwi9H8w2S5KTHnv1M,Manuel Turizo,Quiéreme Mientras Se Pueda,Sony Music Latin/La Industria,13,36,36,211010,CO,Colombia,Q1,2021
35,spotify:track:380HmhwTE2NJgawn1NwkXi,J Balvin,Rojo,UMLE - Latino,1,35,45,209933,CO,Colombia,Q1,2021
36,spotify:track:7k4t7uLgtOxPwTpFmtJNTY,"KAROL G, Nicki Minaj",Tusa,TUSA - Karol G & Nicki Minaj,1,34,61,208145,CO,Colombia,Q1,2021
37,spotify:track:69Y5IZuBvGyzySFt5x7kCq,"Piso 21, Maluma",Más De La Una,WM Mexico,32,38,5,207118,CO,Colombia,Q1,2021
38,spotify:track:1pqnQ41XbfKjaFu6M0eGJp,"Tainy, J Balvin",Agua (with J Balvin),NEON16/Interscope Records,1,37,26,197375,CO,Colombia,Q1,2021
39,spotify:track:22Sh5dlwbERqJAq1fZk5b2,"Rauw Alejandro, J Balvin",De Cora <3,Sony Music Latin/Duars Entertainment,27,39,8,190882,CO,Colombia,Q1,2021
40,spotify:track:0cRgJuB6TRtb5RZ2HkjSLh,"Jowell & Randy, J Balvin",Anaranjado,Rimas Entertainment LLC.,11,40,25,190414,CO,Colombia,Q1,2021
41,spotify:track:26w9NTiE9NGjW1ZvIOd1So,Bad Bunny,BOOKER T,Rimas Entertainment LLC,10,49,6,186505,CO,Colombia,Q1,2021
42,spotify:track:2vBET2pmrQqafaS6zIaYta,"Black Eyed Peas, Shakira",GIRL LIKE ME,Epic,41,41,5,185034,CO,Colombia,Q1,2021
43,spotify:track:67jvGGbJmOmVonlyX3mNkV,"Ozuna, KAROL G, Myke Towers",Caramelo - Remix,Aura Music Corp.,16,42,21,181266,CO,Colombia,Q1,2021
44,spotify:track:2tFwfmceQa1Y6nRPhYbEtC,"JHAYCO, Bad Bunny",CÓMO SE SIENTE - Remix,N&E Entertainment LLC,19,45,35,178891,CO,Colombia,Q1,2021
45,spotify:track:0jT8Nl0shPS8115is0wD2Q,Camilo,Favorito,Sony Music Latin,2,44,41,178614,CO,Colombia,Q1,2021
46,spotify:track:1cVlW9WQiGlFdWUXFdFZGh,"Piso 21, Christian Nodal",Pa' Olvidarme De Ella,WM Mexico,21,43,70,177717,CO,Colombia,Q1,2021
47,spotify:track:5stPVcRqb4qixbafP9e8lt,"Dalex, Lenny Tavárez, Chencho Corleone, Juhn, Dímelo Flow",Hola - Remix,Rich Music,4,47,62,170963,CO,Colombia,Q1,2021
48,spotify:track:19OXtYzrJyCrQvTbfukt4H,"Maluma, Myke Towers",Madrid (feat. Myke Towers),Sony Music Latin,14,46,20,170144,CO,Colombia,Q1,2021
49,spotify:track:5Jm4w8jmPEBTLjI9vH4fXo,Ozuna,Caramelo,Aura Music Corp.,10,48,30,167355,CO,Colombia,Q1,2021
50,spotify:track:7lUdbnz7wsv3C9zzf4WHl9,"Feid, J Balvin, Maluma, Nicky Jam, Sech, Justin Quiles","PORFA Remix ( Feat. Maluma, Nicky Jam, Sech) - Remix",JP Entertainment (Jorge Pino),4,50,28,166218,CO,Colombia,Q1,2021
1,spotify:track:7Bk0uXKk1uPT0XuQbpFzvs,"Los Legendarios, Wisin, JHAYCO",Fiel,La Base Music Group/ WK Records,1,1,9,772591,CO,Colombia,Q2,2021
2,spotify:track:1xK1Gg9SxG8fy2Ya373oqb,"Myke Towers, Juhn",Bandido,White World Music,1,2,17,557168,CO,Colombia,Q2,2021
3,spotify:track:4MzXwWMhyBbmu6hOcLVD49,"Bad Bunny, JHAYCO",DÁKITI,Rimas Entertainment LLC,1,3,23,544787,CO,Colombia,Q2,2021
4,spotify:track:2XIc1pqjXV3Cr2BQUGNBck,"Bad Bunny, ROSALÍA",LA NOCHE DE ANOCHE,Rimas Entertainment LLC,2,4,19,473368,CO,Colombia,Q2,2021
5,spotify:track:6tDDoYIxWvMLTdKpjFkc1B,Kali Uchis,telepatía,EMI / Interscope,3,5,8,470728,CO,Colombia,Q2,2021
6,spotify:track:2TksvaRivgAEj780DgRB73,Sech,911,Rich Music,6,7,9,465688,CO,Colombia,Q2,2021
7,spotify:track:4iJyoBOLtHqaGxP12qzhQI,"Justin Bieber, Daniel Caesar, GIVĒON",Peaches (feat. Daniel Caesar & Giveon),RBMG/Def Jam,7,17,3,432193,CO,Colombia,Q2,2021
8,spotify:track:5xwjEzvJ2OSdnHlzusKNYA,"Feid, Sky Rompiendo",CHIMBITA,Universal Music Latino,5,8,17,411649,CO,Colombia,Q2,2021
9,spotify:track:4e54PAuILqrhjr2ryuMvdq,"Feid, ICON",PURRITO APA,Universal Music Latino,9,-1,1,393232,CO,Colombia,Q2,2021
10,spotify:track:5YYW3yRktprLRr47WK219Y,"Rochy RD, Myke Towers, Nicki Nicole",Ella No Es Tuya - Remix,Sony Music Latin,6,10,8,374967,CO,Colombia,Q2,2021
11,spotify:track:4loQgPwJHocL3dFwLfjb1J,"Rauw Alejandro, Anuel AA",Reloj,Sony Music Latin/Duars Entertainment,6,9,24,374488,CO,Colombia,Q2,2021
12,spotify:track:7ndTONDDRFGiPnnhOzOXxq,"Manuel Turizo, Rauw Alejandro, Myke Towers",La Nota,Sony Music Latin/La Industria,4,14,26,347279,CO,Colombia,Q2,2021
13,spotify:track:3VvA1wSxukMLsvXoXtlwWx,Boza,Hecha Pa' Mi,Sony Music Latin,5,13,20,346366,CO,Colombia,Q2,2021
14,spotify:track:1WvrDdouh6C51In1SdATbq,KAROL G,BICHOTA,UMLE - Latino,2,6,24,337762,CO,Colombia,Q2,2021
15,spotify:track:1yoMvmasuxZfqHEipJhRbp,Maluma,Hawái,Sony Music Latin,1,16,36,332182,CO,Colombia,Q2,2021
16,spotify:track:6RV9pRLIQiXm3qTGeyQluf,"Camilo, Evaluna Montaner",Machu Picchu,Sony Music Latin,7,15,6,326109,CO,Colombia,Q2,2021
17,spotify:track:478g4LSkyMB1PMkVOVmIaE,"KAROL G, Anuel AA, J Balvin",LOCATION,UMLE - Latino,10,12,8,316163,CO,Colombia,Q2,2021
18,spotify:track:4PEfJZpVjdclfzZ9XO8uDw,"KEVIN ROLDAN, Bryant Myers, Lyanno",HASTA ABAJO,UMLE - Latino,12,19,47,314983,CO,Colombia,Q2,2021
19,spotify:track:5y7DaS3jAc9eZzcSOoUIwU,"Ozuna, J Balvin, Chencho Corleone",Una Locura,Aura Music Corp.,4,18,31,311741,CO,Colombia,Q2,2021
20,spotify:track:5KFHrrBMyGj5MhVbZMM3ts,J Balvin,Tu Veneno,"Sueños Globales, LLC",11,11,3,310328,CO,Colombia,Q2,2021
21,spotify:track:2FSGUA0gFgGeQdprjtGM2M,"KAROL G, Mariah Angeliq",EL MAKINON,UMLE - Latino,20,20,2,306348,CO,Colombia,Q2,2021
22,spotify:track:0MT6qJd7wKlWjH7tP7oWHi,KAROL G,EL BARCO,UMLE - Latino,21,21,2,270039,CO,Colombia,Q2,2021
23,spotify:track:6qraVL4IJaIj0IuEexYJNa,Myke Towers,Explícito,White World Music,23,24,11,261385,CO,Colombia,Q2,2021
24,spotify:track:4RJz8NfIe09gpKMiRUWKhJ,"Maluma, Lenny Tavárez, Justin Quiles",Parce (feat. Justin Quiles),Sony Music Latin,5,22,33,258654,CO,Colombia,Q2,2021
25,spotify:track:3BZEcbdtXQSo7OrvKRJ6mb,Lil Nas X,MONTERO (Call Me By Your Name),Columbia,25,84,2,257497,CO,Colombia,Q2,2021
26,spotify:track:5RAIMjdrCEjpjaR5tBATXU,"Maluma, Beéle, Rauw Alejandro, Mambo Kingz, DJ Luian, Darell",Aloha,Hear This Music,26,33,5,257201,CO,Colombia,Q2,2021
27,spotify:track:2bgcUk2A3jjKbCJ7KPquTi,"Wisin, Myke Towers, Los Legendarios",Mi Niña,La Base Music Group/ WK Records,14,23,28,255968,CO,Colombia,Q2,2021
28,spotify:track:0VjIjW4GlUZAMYd2vXMi3b,The Weeknd,Blinding Lights,Republic Records,12,28,71,255610,CO,Colombia,Q2,2021
29,spotify:track:35UUpTmrcFXNIVIN26ujXl,"Sech, Daddy Yankee, J Balvin, ROSALÍA, Farruko",Relación - Remix,Rich Music,6,25,31,245069,CO,Colombia,Q2,2021
30,spotify:track:0EhpEsp4L0oRGM0vmeaN5e,"J Balvin, Dua Lipa, Bad Bunny, Tainy",UN DIA (ONE DAY) (Feat. Tainy),Universal Music Latino/ NEON16,2,27,37,244519,CO,Colombia,Q2,2021
31,spotify:track:4HYDUMY0xSpeBr0AMY9cUz,"Jay Wheeler, DJ Nelson, Myke Towers",La Curiosidad,Linked Music / Dynamic Records / EMPIRE,2,26,43,244257,CO,Colombia,Q2,2021
32,spotify:track:21N4Buj4xsyLb218lYle61,"Sebastian Yatra, Guaynaa",Chica Ideal,UMLE - Latino,9,30,25,235523,CO,Colombia,Q2,2021
33,spotify:track:15OjBeqNX3bShsGYQbteRv,Farruko,La Tóxica,Sony Music Latin,4,29,37,232721,CO,Colombia,Q2,2021
34,spotify:track:00szcRmgqJGtqrfIUYkM1h,"Piso 21, Maluma",Más De La Una,WM Mexico,25,31,18,227271,CO,Colombia,Q2,2021
35,spotify:track:2mM3gZ0BbPwPPMelbA8vgt,"Milly, Farruko, Nio Garcia, Jay Wheeler, Amenazzy",No Te Enamores - Remix,Carbon Fiber Music,20,32,14,222947,CO,Colombia,Q2,2021
36,spotify:track:5QO79kh1waicV47BqGRL3g,The Weeknd,Save Your Tears,Republic Records,30,39,14,221634,CO,Colombia,Q2,2021
37,spotify:track:079Ey5uxL04AKPQgVQwx5h,"Selena Gomez, Rauw Alejandro",Baila Conmigo (with Rauw Alejandro),Selena Gomez Latin Project,22,36,10,220314,CO,Colombia,Q2,2021
38,spotify:track:5RubKOuDoPn5Kj5TLVxSxY,Bad Bunny,TE MUDASTE,Rimas Entertainment LLC,4,35,19,220135,CO,Colombia,Q2,2021
39,spotify:track:68mrW6gXHgupgSiDHgaDi5,"Nicky Jam, Myke Towers",Polvo,Sony Music Latin,20,37,20,214802,CO,Colombia,Q2,2021
40,spotify:track:58sCyRSFBV0m60kbV9rtp9,Silvestre Dangond,Las Locuras Mías,Sony Music Latin,15,34,24,211168,CO,Colombia,Q2,2021
41,spotify:track:0JAZWvvqttGFm4UMDsPQXC,"Ozuna, Camilo",Despeinada,Aura Music Corp.,4,38,31,209671,CO,Colombia,Q2,2021
42,spotify:track:1mauYRwbpoGQX6itP2FAJC,"Nicky Jam, Romeo Santos",Fan de Tus Fotos,Sony Music Latin,38,40,8,201660,CO,Colombia,Q2,2021
43,spotify:track:3GtnId3Cm1Xa6joCj08nzW,Justin Quiles,Jeans,WEA Latina,11,41,34,196223,CO,Colombia,Q2,2021
44,spotify:track:4nTduFjaTmGysc9WKNuCcs,Camilo,Vida de Rico,Sony Music Latin,2,43,29,193515,CO,Colombia,Q2,2021
45,spotify:track:41BzKiCrKpUQHS3TP0jmdr,Maluma,Agua de Jamaica,Sony Music Latin,28,46,10,193484,CO,Colombia,Q2,2021
46,spotify:track:3Zf4GutWZ7Hv3wsVQsSQPs,"Camilo, El Alfa",BEBÉ,Sony Music Latin,14,44,19,193207,CO,Colombia,Q2,2021
47,spotify:track:4G3PTss3mU33Tau7t4KbwE,"Rauw Alejandro, Camilo",Tattoo - Remix with Camilo,Sony Music Latin/Duars Entertainment,2,45,39,192529,CO,Colombia,Q2,2021
48,spotify:track:0VWLId2RwPCno9s1cJm2Vy,"Nio Garcia, Casper Magico, Ozuna, Wisin & Yandel, Myke Towers, Flow La Movie",Travesuras - Remix,"Flow La Movie, Inc",48,51,4,189320,CO,Colombia,Q2,2021
49,spotify:track:4C6BlqqMwjFzOXzqpTeoWR,Justin Quiles,Ponte Pa' Mi,WEA Latina,37,47,20,189166,CO,Colombia,Q2,2021
50,spotify:track:1beTDCe7sT7fzm8WIKXicz,KAROL G,"Ay, DiOs Mío!",UMLE - Latino,2,42,39,172937,CO,Colombia,Q2,2021
1,spotify:track:2JPLbjOn0wPCngEot2STUS,Bad Bunny,Yonaguni,Rimas Entertainment LLC,1,1,5,1220431,CO,Colombia,Q3,2021
2,spotify:track:5RwV8BvLfX5injfqYodke9,Rauw Alejandro,Todo De Ti,Sony Music Latin/Duars Entertainment,1,2,7,959324,CO,Colombia,Q3,2021
3,spotify:track:6hf0RpxTbOprT5nnwzkk8e,"J Balvin, Maria Becerra",Qué Más Pues?,"Sueños Globales, LLC",3,4,6,949783,CO,Colombia,Q3,2021
4,spotify:track:05bfbizlM5AX6Mf1RRyMho,"Nio Garcia, J Balvin, Bad Bunny",AM Remix,Flow La Movie,3,3,2,900612,CO,Colombia,Q3,2021
5,spotify:track:1WedZeiezCmCEOzLwhx0hV,"J Balvin, KAROL G, Nicky Jam, Crissin, Totoy El Frio, Natan & Shander",Poblado - Remix,Universal Music Latino,4,5,3,787452,CO,Colombia,Q3,2021
6,spotify:track:0PwFN7vRvY80Hnkoew2x3f,"Rauw Alejandro, Mr. Naisgai",2/Catorce,Sony Music Latin/Duars Entertainment,5,6,13,586463,CO,Colombia,Q3,2021
7,spotify:track:03LfOYi0icz4souspZVVhq,"Bizarrap, Nicky Jam","Nicky Jam: Bzrp Music Sessions, Vol. 41/66",DALE PLAY Records,7,138,2,527388,CO,Colombia,Q3,2021
8,spotify:track:2rCbl9naJYhaxjLsfx88uM,"Sebastian Yatra, Myke Towers",Pareja Del Año,UMLE - Latino,3,7,12,521948,CO,Colombia,Q3,2021
9,spotify:track:4MzXwWMhyBbmu6hOcLVD49,"Bad Bunny, JHAYCO",DÁKITI,Rimas Entertainment LLC,1,10,36,482026,CO,Colombia,Q3,2021
10,spotify:track:2FSGUA0gFgGeQdprjtGM2M,"KAROL G, Mariah Angeliq",EL MAKINON,UMLE - Latino,4,9,15,467672,CO,Colombia,Q3,2021
11,spotify:track:3Wrjm47oTz2sjIgck11l5e,Måneskin,Beggin',RCA Records Label,11,14,3,453491,CO,Colombia,Q3,2021
12,spotify:track:2rDZhKnPaPG054ExZ6nXUS,Ryan Castro,Jordan,Holdings,12,13,9,453397,CO,Colombia,Q3,2021
13,spotify:track:7Bk0uXKk1uPT0XuQbpFzvs,"Los Legendarios, Wisin, JHAYCO",Fiel,La Base Music Group/ WK Records,1,8,22,445878,CO,Colombia,Q3,2021
14,spotify:track:43qcs9NpJhDxtG91zxFkj7,"Wisin, JHAYCO, Anuel AA, Los Legendarios, Myke Towers",Fiel - Remix,La Base Music Group/ WK Records,12,12,4,433777,CO,Colombia,Q3,2021
15,spotify:track:5u7twkeask1VIyDeNTElSU,Sech,Sal y Perrea,Rich Music,13,16,11,371364,CO,Colombia,Q3,2021
16,spotify:track:2MnLkFqY9Rpg9s3Zv6ZJdK,"Gera MX, Christian Nodal",Botella Tras Botella,Virgin Music México,3,17,11,361646,CO,Colombia,Q3,2021
17,spotify:track:47gSYfwFBbV1BXHfXEq1qs,"Crissin, Totoy El Frio, Natan & Shander",Poblado,Kapital Music & Entertainment,2,15,12,352268,CO,Colombia,Q3,2021
18,spotify:track:1xK1Gg9SxG8fy2Ya373oqb,"Myke Towers, Juhn",Bandido,White World Music,1,18,30,341143,CO,Colombia,Q3,2021
19,spotify:track:2XIc1pqjXV3Cr2BQUGNBck,"Bad Bunny, ROSALÍA",LA NOCHE DE ANOCHE,Rimas Entertainment LLC,2,20,32,340270,CO,Colombia,Q3,2021
20,spotify:track:2p2Q23iaaPSEa1tI6TsCVX,Sech,911,Rich Music,4,19,22,329488,CO,Colombia,Q3,2021
21,spotify:track:2dNhNlpZAtV4lwAFW45LIv,"Nio Garcia, Flow La Movie",AM,"Flow La Movie, Inc.",1,11,15,328870,CO,Colombia,Q3,2021
22,spotify:track:5jzEwSyyymBlf1fa1o39T2,"Mora, JHAYCO",512,Rimas Entertainment LLC,18,23,12,319818,CO,Colombia,Q3,2021
23,spotify:track:5eaLGyPrVG7FbZ5vVnBm93,"Blessd, Maluma",IMPOSIBLE - REMIX,Sony Music Latin,13,22,8,319181,CO,Colombia,Q3,2021
24,spotify:track:2bgTY4UwhfBYhGT4HUYStN,BTS,Butter,BIGHIT MUSIC,6,21,7,318142,CO,Colombia,Q3,2021
25,spotify:track:4ZtFanR9U6ndgddUvNcjcG,Olivia Rodrigo,good 4 u,Olivia Rodrigo PS,14,24,8,300350,CO,Colombia,Q3,2021
26,spotify:track:1yoMvmasuxZfqHEipJhRbp,Maluma,Hawái,Sony Music Latin,1,29,49,275099,CO,Colombia,Q3,2021
27,spotify:track:6q4yEf6ZZzYls2e4rM6fnK,Ñejo,Muy Feliz,"2020 La Fama Allstars, LLC | Powered by GLAD Empire, LLC",27,32,4,274520,CO,Colombia,Q3,2021
28,spotify:track:4loQgPwJHocL3dFwLfjb1J,"Rauw Alejandro, Anuel AA",Reloj,Sony Music Latin/Duars Entertainment,6,25,37,273830,CO,Colombia,Q3,2021
29,spotify:track:5y7DaS3jAc9eZzcSOoUIwU,"Ozuna, J Balvin, Chencho Corleone",Una Locura,Aura Music Corp.,4,26,44,272937,CO,Colombia,Q3,2021
30,spotify:track:63aj87TQG6F3RVO5nbG2VQ,"J Balvin, Skrillex",In Da Getto,"Sueños Globales, LLC",30,-1,1,269974,CO,Colombia,Q3,2021
31,spotify:track:67BtfxlNbhBmCDR2L2l8qd,Lil Nas X,MONTERO (Call Me By Your Name),Columbia,14,27,15,266088,CO,Colombia,Q3,2021
32,spotify:track:5RAIMjdrCEjpjaR5tBATXU,"Maluma, Beéle, Rauw Alejandro, Mambo Kingz, DJ Luian, Darell",Aloha,Hear This Music,18,30,18,260199,CO,Colombia,Q3,2021
33,spotify:track:5xwjEzvJ2OSdnHlzusKNYA,"Feid, Sky Rompiendo",CHIMBITA,Universal Music Latino,5,31,30,246518,CO,Colombia,Q3,2021
34,spotify:track:5A7JEsHGffQ1w3Qp0iih1d,Feid,FUMETEO,Universal Music Latino,22,28,4,246081,CO,Colombia,Q3,2021
35,spotify:track:1WvrDdouh6C51In1SdATbq,KAROL G,BICHOTA,UMLE - Latino,2,37,37,230353,CO,Colombia,Q3,2021
36,spotify:track:0MT6qJd7wKlWjH7tP7oWHi,KAROL G,EL BARCO,UMLE - Latino,21,35,15,226446,CO,Colombia,Q3,2021
37,spotify:track:5mROvpdGeu1vSbZhZoay5O,Andy Rivera,Alguien Más,Andy Rivera,17,45,8,225023,CO,Colombia,Q3,2021
38,spotify:track:6qraVL4IJaIj0IuEexYJNa,Myke Towers,Explícito,White World Music,23,38,24,221316,CO,Colombia,Q3,2021
39,spotify:track:4PEfJZpVjdclfzZ9XO8uDw,"KEVIN ROLDAN, Bryant Myers, Lyanno",HASTA ABAJO,UMLE - Latino,12,39,60,220749,CO,Colombia,Q3,2021
40,spotify:track:3DarAbFujv6eYNliUTyqtz,"Doja Cat, SZA",Kiss Me More (feat. SZA),Kemosabe Records/RCA Records,27,36,13,217862,CO,Colombia,Q3,2021
41,spotify:track:5VzNsUnLmYcRfRfxpQsusa,"Manuel Turizo, Rauw Alejandro, Myke Towers",La Nota,Sony Music Latin/La Industria,4,34,39,217312,CO,Colombia,Q3,2021
42,spotify:track:4iJyoBOLtHqaGxP12qzhQI,"Justin Bieber, Daniel Caesar, GIVĒON",Peaches (feat. Daniel Caesar & Giveon),RBMG/Def Jam,7,40,16,213926,CO,Colombia,Q3,2021
43,spotify:track:5RubKOuDoPn5Kj5TLVxSxY,Bad Bunny,TE MUDASTE,Rimas Entertainment LLC,4,42,32,212618,CO,Colombia,Q3,2021
44,spotify:track:0EhpEsp4L0oRGM0vmeaN5e,"J Balvin, Dua Lipa, Bad Bunny, Tainy",UN DIA (ONE DAY) (Feat. Tainy),Universal Music Latino/ NEON16,2,41,50,211364,CO,Colombia,Q3,2021
45,spotify:track:079Ey5uxL04AKPQgVQwx5h,"Selena Gomez, Rauw Alejandro",Baila Conmigo (with Rauw Alejandro),Selena Gomez Latin Project,22,44,23,200811,CO,Colombia,Q3,2021
46,spotify:track:4HYDUMY0xSpeBr0AMY9cUz,"Jay Wheeler, DJ Nelson, Myke Towers",La Curiosidad,Linked Music / Dynamic Records / EMPIRE,2,33,56,199990,CO,Colombia,Q3,2021
47,spotify:track:3SgybTfx3GWHAcjhK9iPmz,"Jossef, Jamby El Favo, Eix",Persia - Remix,"JR Records, LLC",47,50,10,199680,CO,Colombia,Q3,2021
48,spotify:track:5nujrmhLynf4yMoMtj8AQF,"Dua Lipa, DaBaby",Levitating (feat. DaBaby),Warner Records,27,47,35,197446,CO,Colombia,Q3,2021
49,spotify:track:4r9jkMEnArtWGH2rL2FZl0,Bad Bunny,A Tu Merced,Rimas Entertainment LLC,23,93,71,183214,CO,Colombia,Q3,2021
50,spotify:track:5KFHrrBMyGj5MhVbZMM3ts,J Balvin,Tu Veneno,"Sueños Globales, LLC",11,48,16,179471,CO,Colombia,Q3,2021
1,spotify:track:2JPLbjOn0wPCngEot2STUS,Bad Bunny,Yonaguni,Rimas Entertainment LLC,1,1,18,700792,CO,Colombia,Q4,2021
2,spotify:track:1SCYfmGM5ueb6YiiQbLXVn,Feid,SI TÚ SUPIERAS - Bonus Track,Universal Music Latino,1,2,7,660946,CO,Colombia,Q4,2021
3,spotify:track:17jcYtUYRhpPL19fDedfTD,Ryan Castro,Wasa Wasa,Holdings,3,3,9,616715,CO,Colombia,Q4,2021
4,spotify:track:2rDZhKnPaPG054ExZ6nXUS,Ryan Castro,Jordan,Holdings,4,12,22,585797,CO,Colombia,Q4,2021
5,spotify:track:2vmfvSoZBFAt9hhRoEByLi,"Aventura, Bad Bunny",Volví,Rimas Entertainment LLC,3,5,10,533163,CO,Colombia,Q4,2021
6,spotify:track:2B4GHvToeLTOBB4QLzW3Ni,Farruko,Pepas,Sony Music Latin,2,4,13,527305,CO,Colombia,Q4,2021
7,spotify:track:4HzqWEdAbzcVFDv0pvxV4w,Maluma,Sobrio,Sony Music Latin,6,6,13,510573,CO,Colombia,Q4,2021
8,spotify:track:5RwV8BvLfX5injfqYodke9,Rauw Alejandro,Todo De Ti,Sony Music Latin/Duars Entertainment,1,7,20,508085,CO,Colombia,Q4,2021
9,spotify:track:0G2zPzWqVjR68iNPmx2TBe,"Mora, Bad Bunny, Sech",Volando - Remix,Rimas Entertainment LLC,5,9,13,498360,CO,Colombia,Q4,2021
10,spotify:track:6D2TCm4nf5nxAcdGJ7w3QP,"J Balvin, Maria Becerra",Qué Más Pues?,"Sueños Globales, LLC",2,8,19,498302,CO,Colombia,Q4,2021
11,spotify:track:05bfbizlM5AX6Mf1RRyMho,"Nio Garcia, J Balvin, Bad Bunny",AM Remix,Flow La Movie,3,11,15,468851,CO,Colombia,Q4,2021
12,spotify:track:7iqOIHHEmu6Vhw25GgQ2eA,"J Balvin, Sech",Una Nota,"Sueños Globales, LLC",8,10,4,423122,CO,Colombia,Q4,2021
13,spotify:track:2K1CQMoG2Dy5nmeOYnhoi8,"J Balvin, KAROL G, Nicky Jam, Crissin, Totoy El Frio, Natan & Shander",Poblado - Remix,"Sueños Globales, LLC",4,13,16,402305,CO,Colombia,Q4,2021
14,spotify:track:3eFL5cxO22TpyjK3wNb27q,Feid,TE MATA,Universal Music Latino,10,14,7,390511,CO,Colombia,Q4,2021
15,spotify:track:704LUEih663hiE3CnyUrFW,KAROL G,SEJODIOTO,UMLE - Latino,15,18,3,387675,CO,Colombia,Q4,2021
16,spotify:track:4MzXwWMhyBbmu6hOcLVD49,"Bad Bunny, JHAYCO",DÁKITI,Rimas Entertainment LLC,1,15,49,381273,CO,Colombia,Q4,2021
17,spotify:track:0aZnyTWJNgdzYoOiaW8HKG,KAROL G,200 COPAS,UMLE - Latino,15,17,28,363894,CO,Colombia,Q4,2021
18,spotify:track:3PwRuzdphgedcWVUOVYJ7I,Rauw Alejandro,Cúrame,Sony Music Latin/Duars Entertainment,18,22,11,352042,CO,Colombia,Q4,2021
19,spotify:track:3JCaq3KDSROg3TXhdiDa9n,"JHAYCO, Anuel AA",Ley Seca,N&E Entertainment LLC,16,16,5,344471,CO,Colombia,Q4,2021
20,spotify:track:57pkksnRS4NOOphTmoRlK2,Feid,TENGO FE,Universal Music Latino,4,19,11,342660,CO,Colombia,Q4,2021
21,spotify:track:0PwFN7vRvY80Hnkoew2x3f,"Rauw Alejandro, Mr. Naisgai",2/Catorce,Sony Music Latin/Duars Entertainment,5,24,26,336301,CO,Colombia,Q4,2021
22,spotify:track:5PjdY0CKGZdEuoNab3yDmX,"The Kid LAROI, Justin Bieber",STAY (with Justin Bieber),Columbia,16,21,13,326916,CO,Colombia,Q4,2021
23,spotify:track:2rCbl9naJYhaxjLsfx88uM,"Sebastian Yatra, Myke Towers",Pareja Del Año,UMLE - Latino,3,23,25,321744,CO,Colombia,Q4,2021
24,spotify:track:2FSGUA0gFgGeQdprjtGM2M,"KAROL G, Mariah Angeliq",EL MAKINON,UMLE - Latino,4,26,28,312539,CO,Colombia,Q4,2021
25,spotify:track:4gzsuuZypVbxs0Af1LSZyB,"Tainy, Bad Bunny, Julieta Venegas",Lo Siento BB:/ (with Bad Bunny & Julieta Venegas),Neon16,25,-1,1,304360,CO,Colombia,Q4,2021
26,spotify:track:27RSJHEA99Y0Vsow7nA37A,"Sech, JHAYCO",911 (Remix),Rich Music,9,30,13,299777,CO,Colombia,Q4,2021
27,spotify:track:4bF2y8rR7GUjrd5LNEvej3,Ingratax,París,Room28,13,28,12,296142,CO,Colombia,Q4,2021
28,spotify:track:4HYDUMY0xSpeBr0AMY9cUz,"Jay Wheeler, DJ Nelson, Myke Towers",La Curiosidad,Linked Music / Dynamic Records / EMPIRE,2,33,69,293909,CO,Colombia,Q4,2021
29,spotify:track:3FeVmId7tL5YN8B7R3imoM,"Coldplay, BTS",My Universe,Parlophone UK,20,20,2,292847,CO,Colombia,Q4,2021
30,spotify:track:66S2z95FN3nUAr9S1gUIsp,Boza,Ella,Sony Music Latin,30,32,19,292338,CO,Colombia,Q4,2021
31,spotify:track:5PSgIaJp6mjIoO5y8kNkrK,"Blessd, The Rudeboyz",Hace Tiempo,WM Mexico,24,29,13,290269,CO,Colombia,Q4,2021
32,spotify:track:0bI7K9Becu2dtXK1Q3cZNB,"Tiësto, KAROL G",Don't Be Shy,Atlantic Records,25,31,8,278329,CO,Colombia,Q4,2021
33,spotify:track:4T18CIOag4LfuqqfzyBQmw,Ryan Castro,Malory,King Records,33,35,2,277947,CO,Colombia,Q4,2021
34,spotify:track:6Se3CKRvYOyuzHGdHAooem,"J Balvin, Feid",Bebé Que Bien Te Ves,"Sueños Globales, LLC",14,25,4,277878,CO,Colombia,Q4,2021
35,spotify:track:7bx66Je824Iak8c1CfsMrE,"Blessd, Javiielo, Neutro Shorty, Big Soto",Dos Problemas (feat. Big Soto) - Remix,WM Mexico,29,38,9,274162,CO,Colombia,Q4,2021
36,spotify:track:35xvhWIZMpsDcJxr14Ukbx,"Feid, Sky Rompiendo",CHIMBITA,Universal Music Latino,5,34,43,270838,CO,Colombia,Q4,2021
37,spotify:track:5Z9KJZvQzH6PFmb8SNkxuk,"Lil Nas X, Jack Harlow",INDUSTRY BABY (feat. Jack Harlow),Columbia,37,42,11,266896,CO,Colombia,Q4,2021
38,spotify:track:5eaLGyPrVG7FbZ5vVnBm93,"Blessd, Maluma",IMPOSIBLE - REMIX,Sony Music Latin,13,37,21,265186,CO,Colombia,Q4,2021
39,spotify:track:0cOa970mzTWAxKtltpkpLc,"TINI, Maria Becerra",Miénteme,Sony Music Latin,23,36,22,259069,CO,Colombia,Q4,2021
40,spotify:track:2MnLkFqY9Rpg9s3Zv6ZJdK,"Gera MX, Christian Nodal",Botella Tras Botella,Virgin Music México,3,40,24,254621,CO,Colombia,Q4,2021
41,spotify:track:5ZyNCQmxZlYZfAHeJXTkI2,Feid,JORDAN IV,Universal Music Latino,12,39,7,251902,CO,Colombia,Q4,2021
42,spotify:track:1xK1Gg9SxG8fy2Ya373oqb,"Myke Towers, Juhn",Bandido,White World Music,1,44,43,248457,CO,Colombia,Q4,2021
43,spotify:track:1q0PYXTbDsirp2l74ng6pn,"J Balvin, Skrillex",In Da Getto,"Sueños Globales, LLC",15,27,14,245278,CO,Colombia,Q4,2021
44,spotify:track:5u7twkeask1VIyDeNTElSU,Sech,Sal y Perrea,Rich Music,13,46,24,239182,CO,Colombia,Q4,2021
45,spotify:track:0eu4C55hL6x29mmeAjytzC,Oliver Tree,Life Goes On,Atlantic Records,41,41,6,237779,CO,Colombia,Q4,2021
46,spotify:track:1yoMvmasuxZfqHEipJhRbp,Maluma,Hawái,Sony Music Latin,1,45,62,236224,CO,Colombia,Q4,2021
47,spotify:track:7Bk0uXKk1uPT0XuQbpFzvs,"Los Legendarios, Wisin, JHAYCO",Fiel,La Base Music Group/ WK Records,1,43,35,236201,CO,Colombia,Q4,2021
48,spotify:track:4gvrJnKCKIPiacNsWVQwEU,"CKay, Dj Yo!, AX'EL",love nwantiti (feat. Dj Yo! & AX'EL) - Remix,WM South Africa,48,61,3,228413,CO,Colombia,Q4,2021
49,spotify:track:3Wrjm47oTz2sjIgck11l5e,Måneskin,Beggin',RCA Records Label,9,48,16,218579,CO,Colombia,Q4,2021
50,spotify:track:6Uj1ctrBOjOas8xZXGqKk4,Doja Cat,Woman,Kemosabe Records/RCA Records,46,50,11,218319,CO,Colombia,Q4,2021
1,spotify:track:5yUzqd3H7cmJ1no6B4uTzu,Apache 207,Angst,Four Music/Two Sides,1,-1,1,4786951,DE,Germany,Q1,2021
2,spotify:track:3ipliatTDndCmnYGaNiAbI,"Ufo361, Bonez MC",7,Stay High,2,-1,1,3622792,DE,Germany,Q1,2021
3,spotify:track:19LqJBBfd73oeBc3CPgDdl,"Samra, TOPIC42",Lost (feat. TOPIC42),Urban,1,1,4,2278862,DE,Germany,Q1,2021
4,spotify:track:3tjFYV6RSFtuktYl3ZtYcq,"24kGoldn, iann dior",Mood (feat. iann dior),Records/Columbia,1,2,21,1795531,DE,Germany,Q1,2021
5,spotify:track:6f3Slt0GbA2bPZlz0aIFXN,Tiësto,The Business,Atlantic Records,4,4,11,1786970,DE,Germany,Q1,2021
6,spotify:track:6cx06DFPPHchuUAcTxznu9,"Joel Corry, MNEK",Head & Heart (feat. MNEK),Atlantic Records UK,3,3,26,1654118,DE,Germany,Q1,2021
7,spotify:track:5vGLcdRuSbUhD8ScwsGSdA,CJ,Whoopty,CJ Music Group/T-Series,7,13,11,1464717,DE,Germany,Q1,2021
8,spotify:track:1FP9s72rDYty6mfoOEYKnE,"Robin Schulz, KIDDO",All We Got (feat. KIDDO),WM Germany,8,12,12,1443950,DE,Germany,Q1,2021
9,spotify:track:20McUFi8KCIVdNDLrkTDuZ,HVME,Goosebumps,Columbia/B1 Recordings,9,10,25,1436893,DE,Germany,Q1,2021
10,spotify:track:6i7zAdNhzUN2k1HcrBxPHG,"Ofenbach, Quarterhead, Norma Jean Martine",Head Shoulders Knees & Toes (feat. Norma Jean Martine),Elektra France,7,7,24,1433984,DE,Germany,Q1,2021
11,spotify:track:0VjIjW4GlUZAMYd2vXMi3b,The Weeknd,Blinding Lights,Republic Records,2,5,58,1432195,DE,Germany,Q1,2021
12,spotify:track:6ZklqpekeC0KFGzyFVjQuj,LUNA,verlierer,Four Music/Treppenhaus Records,4,9,6,1392986,DE,Germany,Q1,2021
13,spotify:track:6zFMeegAMYQo0mt8rXtrli,Lil Nas X,HOLIDAY,Columbia,11,11,8,1331480,DE,Germany,Q1,2021
14,spotify:track:7hxHWCCAIIxFLCzvDgnQHX,"Internet Money, Gunna, Don Toliver, NAV",Lemonade (feat. NAV),Internet Money Records / TenThousand Projects,2,14,21,1321815,DE,Germany,Q1,2021
15,spotify:track:27OeeYzk6klgBh83TSvGMA,The Kid LAROI,WITHOUT YOU,Columbia,15,27,5,1312109,DE,Germany,Q1,2021
16,spotify:track:2zeWbdSyAcN0O0r7em4j3B,Luciano,SHAWTY,URBAN,4,21,4,1239133,DE,Germany,Q1,2021
17,spotify:track:1upzszB5JxMfNUEBmkcgaO,Lune,gebe auf.,Lune/WM Germany,1,16,13,1228287,DE,Germany,Q1,2021
18,spotify:track:25UeoyPPgMgvmQVhUBhlow,Miami Yacine,Europol,KMN Gang,18,22,2,1217983,DE,Germany,Q1,2021
19,spotify:track:5eu4Lxm5TlI0tKSTTDWJAT,Bonez MC,Angeklagt,187 Strassenbande & Vertigo/Capitol,1,24,11,1183442,DE,Germany,Q1,2021
20,spotify:track:2ZiltmlAPVrh2ZSDlrxwsE,Pashanim,istanbul freestyle,Urban,20,42,2,1170134,DE,Germany,Q1,2021
21,spotify:track:6ft4hAq6yde8jPZY2i5zLr,"MEDUZA, Dermot Kennedy",Paradise (feat. Dermot Kennedy),Universal-Island Records Ltd.,21,25,10,1150648,DE,Germany,Q1,2021
22,spotify:track:0E4Y1XIbs8GrAT1YqVy6dq,Ed Sheeran,Afterglow,Atlantic Records UK,19,19,3,1145277,DE,Germany,Q1,2021
23,spotify:track:6Xlske5nAmkPb123IfyZ5S,"Bausa, RIN, Ufo361",Centre Court,WM Germany,15,15,3,1107905,DE,Germany,Q1,2021
24,spotify:track:2MlOUXmcofMackX3bxfSwi,"Master KG, Nomcebo Zikode",Jerusalema (feat. Nomcebo Zikode),Elektra France,18,18,20,1085064,DE,Germany,Q1,2021
25,spotify:track:7BBmK5XPK2nKfWMFtxgOJJ,Pashanim,junge ceos,Urban,25,57,2,1079892,DE,Germany,Q1,2021
26,spotify:track:45bE4HXI0AwGZXfZtMp8JR,Tate McRae,you broke me first,RCA Records Label,23,36,28,1066592,DE,Germany,Q1,2021
27,spotify:track:6hw1Sy9wZ8UCxYGdpKrU6M,Apache 207,Roller,Four Music Local,1,30,72,1049665,DE,Germany,Q1,2021
28,spotify:track:4Lt6GXGzYsa1tgkv3nGSTm,"Jason Derulo, Nuka",Love Not War (The Tampa Beat),Robots & Humans,28,40,7,1021726,DE,Germany,Q1,2021
29,spotify:track:2qpZjutAe3pstQsjwSXQb4,"VIZE, Joker Bra, Leony",Paradise,"Ultra Records, LLC",4,29,20,1010342,DE,Germany,Q1,2021
30,spotify:track:31qCy5ZaophVA81wtlwLc4,Justin Bieber,Anyone,RBMG/Def Jam,30,-1,1,1002622,DE,Germany,Q1,2021
31,spotify:track:1tkg4EHVoqnhR6iFEXb60y,Pop Smoke,What You Know Bout Love,Victor Victor Worldwide,6,39,15,983931,DE,Germany,Q1,2021
32,spotify:track:0zLCBJZSiELJf02ucPP9wb,"SAINt JHN, Imanbek",Roses - Imanbek Remix,Craft Recordings,4,26,60,980160,DE,Germany,Q1,2021
33,spotify:track:0vWUhCPxpJOJR5urYbZypB,"Purple Disco Machine, Sophie and the Giants",Hypnotized,Positiva,31,38,23,952313,DE,Germany,Q1,2021
34,spotify:track:7ytR5pFWmSjzHJIeQkgog4,"DaBaby, Roddy Ricch",ROCKSTAR (feat. Roddy Ricch),South Coast Music Group/Interscope Records,3,34,38,939335,DE,Germany,Q1,2021
35,spotify:track:2Oycxb8QbPkpHTo8ZrmG0B,"Miley Cyrus, Dua Lipa",Prisoner (feat. Dua Lipa),RCA Records Label,28,45,7,923278,DE,Germany,Q1,2021
36,spotify:track:54bFM56PmE4YLRnqpW6Tha,Billie Eilish,Therefore I Am,Darkroom/Interscope Records,6,47,8,882426,DE,Germany,Q1,2021
37,spotify:track:3H7ihDc1dqLriiWXwsc2po,"Topic, A7S",Breaking Me,Intercord,5,37,53,876041,DE,Germany,Q1,2021
38,spotify:track:0IhTszc48NK2EBCvvc1KKU,Dardan,ka je,Hypnotize Entertainment,10,53,4,858273,DE,Germany,Q1,2021
39,spotify:track:1HbA4N1MiOsPthALesGFR1,"Shawn Mendes, Justin Bieber",Monster (Shawn Mendes & Justin Bieber),Shawn Mendes LP4-5 PS/ Island,8,52,7,850382,DE,Germany,Q1,2021
40,spotify:track:2WRTnY0slmFgWcrmEr8dPj,Apache 207,Bläulich,Four Music Local,1,68,27,842121,DE,Germany,Q1,2021
41,spotify:track:51Of5p3lKZeOg6itfs4og4,twocolors,Lovefool,Intercord,14,43,32,831673,DE,Germany,Q1,2021
42,spotify:track:7mrWTjhYctgEQb0lJKrVWy,"KITSCHKRIEG, Jamule",Unterwegs,SoulForce/BMG,1,50,22,828899,DE,Germany,Q1,2021
43,spotify:track:5CqkgDH8QZjSqqI3HmYxDD,Pashanim,Airwaves,Urban,2,49,34,822425,DE,Germany,Q1,2021
44,spotify:track:0FUDSjFuqeVwGFVsZMByZp,"KASIMIR1441, Chapo102","1,50",Bis Es Klappt Records,23,23,2,813817,DE,Germany,Q1,2021
45,spotify:track:2kvJnNMqnimkCZUUWjOINy,Bozza,Elbe,Def Jam Germany,15,64,15,805071,DE,Germany,Q1,2021
46,spotify:track:4iPElkkIU4A0QZQOntwNlA,"Celo & Abdi, Olexesh",FN21 (feat. Olexesh),385ideal,46,-1,1,782148,DE,Germany,Q1,2021
47,spotify:track:2vS1HmVoOpvWeFKf7HnWdJ,"Alligatoah, Sido",Monet,Trailerpark,12,54,12,776802,DE,Germany,Q1,2021
48,spotify:track:1xQ6trAsedVPCdbtDAmk0c,"Jawsh 685, Jason Derulo",Savage Love (Laxed - Siren Beat),Columbia,2,48,30,775342,DE,Germany,Q1,2021
49,spotify:track:5TGcyccg8Hkgn9jB7gUpMN,"VIZE, Tom Gregory",Never Let Me Down,Kontor Records,8,51,37,760069,DE,Germany,Q1,2021
50,spotify:track:5wvuvSerLcNK5Xc8v2duWn,Casar,Habibi,Urban,7,61,9,751827,DE,Germany,Q1,2021
1,spotify:track:46zfTi4Wg6mmkOBPimtg6X,"Miksu / Macloud, Nimo, Jamule",Frag mich nicht,Futura,1,1,2,3266215,DE,Germany,Q2,2021
2,spotify:track:4iJyoBOLtHqaGxP12qzhQI,"Justin Bieber, Daniel Caesar, GIVĒON",Peaches (feat. Daniel Caesar & Giveon),RBMG/Def Jam,2,3,3,3212635,DE,Germany,Q2,2021
3,spotify:track:3BZEcbdtXQSo7OrvKRJ6mb,Lil Nas X,MONTERO (Call Me By Your Name),Columbia,3,20,2,2961446,DE,Germany,Q2,2021
4,spotify:track:6a3kNt1UlUOapDKmEr3JzZ,"Bausa, Apache 207",Madonna,WM Germany,1,2,7,2625722,DE,Germany,Q2,2021
5,spotify:track:4cG7HUWYHBV6R6tHn1gxrl,"Riton, Nightcrawlers, Mufasa & Hypeman, Mufasa, Dopamine",Friday (feat. Mufasa & Hypeman) - Dopamine Re-Edit,Ministry of Sound Recordings,4,4,8,2507803,DE,Germany,Q2,2021
6,spotify:track:3VT8hOC5vuDXBsHrR53WFh,Masked Wolf,Astronaut In The Ocean,Elektra (NEK),3,5,15,2390881,DE,Germany,Q2,2021
7,spotify:track:3iw6V4LH7yPj1ESORX9RIN,"Nathan Evans, 220 KID",Wellerman - Sea Shanty / 220 KID x Billen Ted Remix,Polydor Records,2,6,10,2259029,DE,Germany,Q2,2021
8,spotify:track:4allObWlgZ21WeVKbxSIlk,Samra,Diebe,Urban,8,-1,1,1949963,DE,Germany,Q2,2021
9,spotify:track:0iSNXzEBlNNJrqRiEIAw1s,Jamule,Overdose,Life Is Pain,9,-1,1,1943460,DE,Germany,Q2,2021
10,spotify:track:5YaskwnGDZFDRipaqzbwQx,"ATB, Topic, A7S",Your Love (9PM),Intercord,7,8,12,1868819,DE,Germany,Q2,2021
11,spotify:track:6f3Slt0GbA2bPZlz0aIFXN,Tiësto,The Business,Atlantic Records,4,9,24,1791207,DE,Germany,Q2,2021
12,spotify:track:4hSJUp6k7QeHLxU32MrLIU,"KASIMIR1441, badmómzjay, WILDBWOYS",Ohne Dich,Bis Es Klappt Records,1,10,12,1694866,DE,Germany,Q2,2021
13,spotify:track:2pPO9YecZimmuVQfIzfV6U,"Ofenbach, Lagique",Wasted Love (feat. Lagique),Elektra France,11,11,11,1693814,DE,Germany,Q2,2021
14,spotify:track:6Tio0ZoDeSQnI7EBAqWer2,"P!nk, Willow Sage Hart",Cover Me In Sunshine,RCA Records Label,14,23,6,1630173,DE,Germany,Q2,2021
15,spotify:track:5QO79kh1waicV47BqGRL3g,The Weeknd,Save Your Tears,Republic Records,6,13,14,1589431,DE,Germany,Q2,2021
16,spotify:track:5SFXOMJJ334Wn2PwBHeRZN,Zoe Wees,Girls Like Us,Capitol Records UK / EMI,13,15,12,1505330,DE,Germany,Q2,2021
17,spotify:track:6V1lWr7s8CO5VkxXe4hBtg,Luciano,PEPPERMINT,URBAN,2,12,5,1493903,DE,Germany,Q2,2021
18,spotify:track:5dDQDduj3EaWrPIZ9bc8tj,"Nimo, Luciano",BAD EYEZ,MOONBOYS ENT.,3,17,7,1387501,DE,Germany,Q2,2021
19,spotify:track:38ymFU7u5XorxpySYJT0FA,"187 Strassenbande, Bonez MC, LX, Sa4",Verpennt,187 Strassenbande & Vertigo/Capitol,7,7,2,1385003,DE,Germany,Q2,2021
20,spotify:track:4DnHEa1fuf3bn61AwT8Qiv,t-low,Ordentlich,t-low,12,16,7,1374617,DE,Germany,Q2,2021
21,spotify:track:27OeeYzk6klgBh83TSvGMA,The Kid LAROI,WITHOUT YOU,Columbia,7,19,18,1353669,DE,Germany,Q2,2021
22,spotify:track:453XFFLA4D028MrRuXBl9i,"Kontra K, BACI",Big Bad Wolf (feat. BACI),BMG Rights Management GmbH,22,-1,1,1290936,DE,Germany,Q2,2021
23,spotify:track:0nYSnbFVX5ghrERjwVZgwZ,Marteria,Niemand bringt Marten um,Four Music Local,9,27,4,1275119,DE,Germany,Q2,2021
24,spotify:track:7lPN2DXiMsVn7XUKtOW1CS,Olivia Rodrigo,drivers license,Olivia Rodrigo PS,2,25,13,1227600,DE,Germany,Q2,2021
25,spotify:track:3cOK7STaGJNeQseiu1ogKn,"Schmyt, RIN",Gift,GOLD LEAGUE/DIVISION Entertainment,25,-1,1,1217217,DE,Germany,Q2,2021
26,spotify:track:1nahzW3kfMuwReTka28tH5,Justin Bieber,Hold On,RBMG/Def Jam,13,21,5,1201911,DE,Germany,Q2,2021
27,spotify:track:6cx06DFPPHchuUAcTxznu9,"Joel Corry, MNEK",Head & Heart (feat. MNEK),Atlantic Records UK,3,24,39,1196885,DE,Germany,Q2,2021
28,spotify:track:2QuQkdLLzgktXwruPAz6f4,"VIZE, Tokio Hotel",White Lies,Epic Local,11,26,12,1192351,DE,Germany,Q2,2021
29,spotify:track:6ft4hAq6yde8jPZY2i5zLr,"MEDUZA, Dermot Kennedy",Paradise (feat. Dermot Kennedy),Universal-Island Records Ltd.,18,28,23,1166061,DE,Germany,Q2,2021
30,spotify:track:1J14CdDAvBTE1AJYUOwl6C,Duncan Laurence,Arcade,"Universal Music, a division of Universal International Music BV",30,42,17,1107413,DE,Germany,Q2,2021
31,spotify:track:0VjIjW4GlUZAMYd2vXMi3b,The Weeknd,Blinding Lights,Republic Records,2,30,71,1105295,DE,Germany,Q2,2021
32,spotify:track:54OBgO0Xwu20Jak9TMXbR7,Nathan Evans,Wellerman - Sea Shanty,Polydor Records,22,31,10,1102644,DE,Germany,Q2,2021
33,spotify:track:3RcXFW8aiRYHRaDDYBqJ76,Leony,Faded Love,Kontor Records,33,41,6,1102288,DE,Germany,Q2,2021
34,spotify:track:3IjfWBZrBISpcLhIMY44T6,"Ufo361, RIN",LOW LIFE,Stay High,2,14,3,1098357,DE,Germany,Q2,2021
35,spotify:track:6i7zAdNhzUN2k1HcrBxPHG,"Ofenbach, Quarterhead, Norma Jean Martine",Head Shoulders Knees & Toes (feat. Norma Jean Martine),Elektra France,7,32,37,1096795,DE,Germany,Q2,2021
36,spotify:track:1dXz1boMWgpeiNcTK3jRtU,AYLIVA,Deine Schuld,Whiteheart Records/WM Germany,16,35,3,1092105,DE,Germany,Q2,2021
37,spotify:track:1hmVbvTeSxe8lul1azKFgJ,Azet,Nicht da,KMN Gang,37,-1,1,1087619,DE,Germany,Q2,2021
38,spotify:track:34qur6ZYY0BKhQodz6X3lh,"Undacava, Luciano",Melodien,Smash & Grab,38,-1,1,1084364,DE,Germany,Q2,2021
39,spotify:track:4Lt6GXGzYsa1tgkv3nGSTm,"Jason Derulo, Nuka",Love Not War (The Tampa Beat),Robots & Humans,22,29,20,1076400,DE,Germany,Q2,2021
40,spotify:track:4jPy3l0RUwlUI9T5XHBW2m,"24kGoldn, iann dior",Mood (feat. iann dior),Records/Columbia,1,34,34,1036337,DE,Germany,Q2,2021
41,spotify:track:46lyJh9GYmWsHez3EsvmAx,"VINAI, VAMERO",Rise Up (feat. Vamero),Spinnin' Records,30,36,15,1027950,DE,Germany,Q2,2021
42,spotify:track:5jYDCxuSx1mfApeWA4SlqX,Wincent Weiss,Wer wenn nicht wir,Vertigo Berlin,37,44,11,1021943,DE,Germany,Q2,2021
43,spotify:track:0Cnb8XdGDMHAmIRBUJMkIS,"Toby Romeo, Felix Jaehn, FAULHABER",Where The Lights Are Low,Intercord,31,38,11,1012570,DE,Germany,Q2,2021
44,spotify:track:1KixkQVDUHggZMU9dUobgm,Ava Max,My Head & My Heart,Atlantic Records,29,33,13,1010928,DE,Germany,Q2,2021
45,spotify:track:5hCtPGRLgeF05Q902Qdxe2,"KASIMIR1441, WILDBWOYS",Wein für mich,Bis Es Klappt Records,10,22,3,995087,DE,Germany,Q2,2021
46,spotify:track:20McUFi8KCIVdNDLrkTDuZ,HVME,Goosebumps,Columbia/B1 Recordings,9,37,38,985609,DE,Germany,Q2,2021
47,spotify:track:6hw1Sy9wZ8UCxYGdpKrU6M,Apache 207,Roller,Four Music Local,1,40,85,982595,DE,Germany,Q2,2021
48,spotify:track:6Evihn02CIO4xI3YfePAJD,"Longus Mongus, Dead Dawg, BHZ, Ion Miles, Monk",Lustig,BHZ,48,-1,1,885232,DE,Germany,Q2,2021
49,spotify:track:1iAyJBksvAI6DQEnzv8l1E,"Robin Schulz, KIDDO",All We Got (feat. KIDDO),WM Germany,8,46,25,857475,DE,Germany,Q2,2021
50,spotify:track:3Jd94fDI4bSfGPIvrU1szz,Lucio101,Wir sind drin,Columbia/1019 Records,50,-1,1,855778,DE,Germany,Q2,2021
1,spotify:track:2H7jZg2HliuQhZjfBblLrZ,Pashanim,Sommergewitter,Urban,1,1,2,5581874,DE,Germany,Q3,2021
2,spotify:track:49gzU1IS1B6P3GATSZ5eCE,Shirin David,Lieben wir,Juicy Money Records,2,-1,1,4480683,DE,Germany,Q3,2021
3,spotify:track:3Wrjm47oTz2sjIgck11l5e,Måneskin,Beggin',RCA Records Label,1,2,6,4214463,DE,Germany,Q3,2021
4,spotify:track:4pt5fDVTg5GhEvEtlz9dKk,Måneskin,I WANNA BE YOUR SLAVE,RCA Records Label,3,4,7,3200484,DE,Germany,Q3,2021
5,spotify:track:4ZtFanR9U6ndgddUvNcjcG,Olivia Rodrigo,good 4 u,Olivia Rodrigo PS,1,3,8,3110577,DE,Germany,Q3,2021
6,spotify:track:6PQ88X9TkUIAUIZJHW2upE,Ed Sheeran,Bad Habits,Atlantic Records UK,6,7,2,2905633,DE,Germany,Q3,2021
7,spotify:track:3gUVLJZ0JoGRuoRNUCIYsI,Luciano,SCHMETTERLING,URBAN,2,5,3,2595836,DE,Germany,Q3,2021
8,spotify:track:11NL4WkilMYNvu1iQrzCLL,Ufo361,Daniel Lee,Stay High,8,-1,1,2261790,DE,Germany,Q3,2021
9,spotify:track:1m0UFnuTktOkksvjbF9z0m,Vegedream,Ramenez la coupe à la maison,Universal Music Division Island Def Jam,6,6,11,2255688,DE,Germany,Q3,2021
10,spotify:track:2y50t3ORpk3mCj3mPxVG3V,Luciano,PROMISE,URBAN,10,-1,1,2233693,DE,Germany,Q3,2021
11,spotify:track:326YJamh2CKMWGH0EbQXM2,"Farid Bang, Capital Bra",KAMPFSPORT,Farid Bang/WM Germany,11,-1,1,2107893,DE,Germany,Q3,2021
12,spotify:track:0XpTuvT4Yueddiv20w6M9a,"LEA, Casper",Schwarz,Four Music/Treppenhaus Records,12,-1,1,2026198,DE,Germany,Q3,2021
13,spotify:track:1YHjRAptXqPdsdx3g6FNJL,"Wes Nelson, Yxng Bane",Nice To Meet Ya (feat. Yxng Bane),EMI,5,8,7,2000646,DE,Germany,Q3,2021
14,spotify:track:4cG7HUWYHBV6R6tHn1gxrl,"Riton, Nightcrawlers, Mufasa & Hypeman, Mufasa, Dopamine",Friday (feat. Mufasa & Hypeman) - Dopamine Re-Edit,Ministry of Sound Recordings,4,12,21,1962662,DE,Germany,Q3,2021
15,spotify:track:67BtfxlNbhBmCDR2L2l8qd,Lil Nas X,MONTERO (Call Me By Your Name),Columbia,2,10,15,1938177,DE,Germany,Q3,2021
16,spotify:track:4txsSBdT4yVJtUj41YaQEB,Shirin David,Ich darf das,Juicy Money Records,1,15,8,1919931,DE,Germany,Q3,2021
17,spotify:track:51S7lhJk6AHiFg0PhJupfz,"01099, Gustav, Zachi",Durstlöscher,Bamboo Artists,13,14,8,1707087,DE,Germany,Q3,2021
18,spotify:track:2knDuFWczh1Wv92eBAdPTa,Jamule,Liege wieder wach,Life Is Pain,1,13,11,1621674,DE,Germany,Q3,2021
19,spotify:track:0G5x5rALxKOkwicMjKta79,CAPO,GHETTOGIRL,Capo Distributed/WM Germany,5,16,6,1509357,DE,Germany,Q3,2021
20,spotify:track:7MC4XR9M9amdmKQr2iDF7i,"Justin Wellington, Small Jam",Iko Iko (My Bestie),RCA Records Label,15,18,10,1467590,DE,Germany,Q3,2021
21,spotify:track:65U2jvRzP5dqAj004FVtHw,"Luciano, Headie One",ARRIVED,URBAN,21,-1,1,1388812,DE,Germany,Q3,2021
22,spotify:track:3ggtU1ZOKO8ZNiqPNyXGcm,Trinidad Cardona,Dinero,Run It Up Records/Island,15,19,4,1336115,DE,Germany,Q3,2021
23,spotify:track:4Wuu6qS3D0Veevv2ZtbbrD,AYLIVA,Wenn ich wein,Whiteheart Records/WM Germany,23,48,4,1325775,DE,Germany,Q3,2021
24,spotify:track:5nujrmhLynf4yMoMtj8AQF,"Dua Lipa, DaBaby",Levitating (feat. DaBaby),Warner Records,15,22,29,1312418,DE,Germany,Q3,2021
25,spotify:track:6OufwUcCqo81guU2jAlDVP,Shouse,Love Tonight (Edit),Hell Beach,25,90,4,1287854,DE,Germany,Q3,2021
26,spotify:track:4HAzTQo22iVcz9KIkTjlpz,"KALIM, Lucio101, YY",FLYY,Urban,26,-1,1,1269417,DE,Germany,Q3,2021
27,spotify:track:79lc69ZXfL4WmJIzVSDmWT,"187 Strassenbande, Bonez MC, Frauenarzt",Extasy,187 Strassenbande,1,24,9,1247838,DE,Germany,Q3,2021
28,spotify:track:5nYkfmKEscQb8RdGfCYDln,"JAZN, Jamule",Purple Rain,Ariola/Hansa Local,28,-1,1,1230868,DE,Germany,Q3,2021
29,spotify:track:24osWl0SQSyHzGyEMdf394,"Glockenbach, ClockClock",Redlight,WEFOR,29,32,8,1223363,DE,Germany,Q3,2021
30,spotify:track:1bQduKjv7s88QkGmzcxHMh,Dardan,GTA,Hypnotize Entertainment,9,9,2,1208448,DE,Germany,Q3,2021
31,spotify:track:4qRJsMWWpezvWOiXpz96fp,Bushido,King Sonny Black,ersguterjunge,31,-1,1,1166087,DE,Germany,Q3,2021
32,spotify:track:5YaskwnGDZFDRipaqzbwQx,"ATB, Topic, A7S",Your Love (9PM),Intercord,7,29,25,1162418,DE,Germany,Q3,2021
33,spotify:track:3g1xpWXrQT5KriZ381i9Zg,"Luciano, Lil Zey",ELMAS,URBAN,3,59,9,1160626,DE,Germany,Q3,2021
34,spotify:track:7toCqux0Ln42OttYYyds4k,"Gustav, 01099",Frisch,Bamboo Artists,22,34,22,1143629,DE,Germany,Q3,2021
35,spotify:track:0BGwAKW4u8kWOhWFflZxfl,Masked Wolf,Astronaut In The Ocean,Elektra (NEK),3,27,28,1141034,DE,Germany,Q3,2021
36,spotify:track:6a3kNt1UlUOapDKmEr3JzZ,"Bausa, Apache 207",Madonna,WM Germany,1,30,20,1123732,DE,Germany,Q3,2021
37,spotify:track:1PA74X8eXACUS8WnUF5IqI,Luciano,KIDS FROM THE BLOCK,URBAN,2,80,13,1103464,DE,Germany,Q3,2021
38,spotify:track:6NvSpY7aZpcO0SQUMWJECl,Luciano,DRILLA,URBAN,4,64,6,1099460,DE,Germany,Q3,2021
39,spotify:track:0UKUfxIkDAMZz7hMdiVX3m,"P!nk, Willow Sage Hart",Cover Me In Sunshine,RCA Records Label,12,35,19,1091859,DE,Germany,Q3,2021
40,spotify:track:4iJyoBOLtHqaGxP12qzhQI,"Justin Bieber, Daniel Caesar, GIVĒON",Peaches (feat. Daniel Caesar & Giveon),RBMG/Def Jam,2,31,16,1085425,DE,Germany,Q3,2021
41,spotify:track:6f3Slt0GbA2bPZlz0aIFXN,Tiësto,The Business,Atlantic Records,4,36,37,1082139,DE,Germany,Q3,2021
42,spotify:track:4rewc9tTT02T7Tfxpd0mo4,"Big Pat, Ion Miles, BHZ, Longus Mongus",Drink Ist Kalt,BHZ,14,26,5,1078967,DE,Germany,Q3,2021
43,spotify:track:28tBoBognmn3BBdfjPzSw9,"CRO, Capital Bra",BLESSED (feat. Capital Bra),Urban,1,28,10,1063287,DE,Germany,Q3,2021
44,spotify:track:2UbVnbE5FH6008mAm6Mmgw,OneRepublic,Run,Mosley Music/Interscope Records,37,37,9,1057300,DE,Germany,Q3,2021
45,spotify:track:1kTlT3phtU2yqTJYT1x6hb,"Purple Disco Machine, Moss Kena, The Knocks",Fireworks (feat. Moss Kena & The Knocks),Positiva,36,38,10,1056478,DE,Germany,Q3,2021
46,spotify:track:6hDXNYlSbJb5kpB3lfHxb0,"Luciano, Lucio101",SOLL KOMMEN WER WILL,URBAN,46,-1,1,1049669,DE,Germany,Q3,2021
47,spotify:track:7GIlBNE6pZRfoRfo4oL7f0,HBz,King Kong,Zeitgeist,47,49,6,1040879,DE,Germany,Q3,2021
48,spotify:track:2TcWjEXtpzziW28yOEiUPJ,Luciano,PEPPERMINT,URBAN,2,100,18,1031783,DE,Germany,Q3,2021
49,spotify:track:776AftMmFFAWUIEAb3lHhw,Måneskin,ZITTI E BUONI,RCA Records Label,9,33,7,1027943,DE,Germany,Q3,2021
50,spotify:track:2JzXBqTIVHYX43t7EcLyMs,"SUPER-Hi, NEEKA",Following the Sun,BLENDED,42,46,10,1024862,DE,Germany,Q3,2021
1,spotify:track:5axqVsveGtmOkq7H1wV3c0,Apache 207,Vodka,Four Music/Two Sides,1,-1,1,3369202,DE,Germany,Q4,2021
2,spotify:track:02MWAaffLxlfxAUY7c5dvx,Glass Animals,Heat Waves,Polydor Records,2,2,40,3167923,DE,Germany,Q4,2021
3,spotify:track:5PjdY0CKGZdEuoNab3yDmX,"The Kid LAROI, Justin Bieber",STAY (with Justin Bieber),Columbia,1,1,13,3043345,DE,Germany,Q4,2021
4,spotify:track:0RSZ8EmUPEN3ySfCgytPke,Montez,Auf & Ab,Vertigo Berlin,1,3,10,2800414,DE,Germany,Q4,2021
5,spotify:track:3uUuGVFu1V7jTQL60S1r8z,"Lost Frequencies, Calum Scott",Where Are You Now,Epic Amsterdam,5,6,10,2675589,DE,Germany,Q4,2021
6,spotify:track:7ucTEwb8eRMpRlA744gjOo,"Montez, badmómzjay",Mond,Vertigo Berlin,6,-1,1,2675100,DE,Germany,Q4,2021
7,spotify:track:75MNhvTCCKsST3YqqUiU9r,Ed Sheeran,Shivers,Atlantic Records UK,7,7,4,2604450,DE,Germany,Q4,2021
8,spotify:track:1sa59Q9urE82MD3ELi44HN,Pajel,10von10,Epic/DOPE,1,4,8,2492587,DE,Germany,Q4,2021
9,spotify:track:1f6Paz0Vf1CPhcNDs1vMyR,"Samra, TOPIC42, Arash",Ich bin weg - BoroBoro,Cataleya Edition - igroovemusic.com (Topic appears by courtesy of Universal Music GmbH),5,5,2,2384948,DE,Germany,Q4,2021
10,spotify:track:1LBWVVGfTCr8EYNSd92W81,Hava,Moje Sve,RCA/Imperium Music,10,-1,1,2287592,DE,Germany,Q4,2021
11,spotify:track:08EPQiLMyGB8GJX2EiVoCM,"RAF Camora, Bonez MC",Blaues Licht,Indipendenza,1,11,11,2256783,DE,Germany,Q4,2021
12,spotify:track:2r9gIpt17PhZv0y2nCpFHC,"RAF Camora, Luciano",2CB,Indipendenza,1,8,4,2216786,DE,Germany,Q4,2021
13,spotify:track:5Z9KJZvQzH6PFmb8SNkxuk,"Lil Nas X, Jack Harlow",INDUSTRY BABY (feat. Jack Harlow),Columbia,8,10,11,2148255,DE,Germany,Q4,2021
14,spotify:track:1h3d2lvISrSIV6fS89U51S,ART,Belgisches Viertel,23HOURS,10,14,6,2080500,DE,Germany,Q4,2021
15,spotify:track:6PQ88X9TkUIAUIZJHW2upE,Ed Sheeran,Bad Habits,Atlantic Records UK,3,13,15,2014390,DE,Germany,Q4,2021
16,spotify:track:2H7jZg2HliuQhZjfBblLrZ,Pashanim,Sommergewitter,Urban,1,17,15,1629810,DE,Germany,Q4,2021
17,spotify:track:4mc0wGvP83zeFlhuatdyXM,"Zuna, Lune",Baby 2.0,KMN Gang,12,12,2,1628037,DE,Germany,Q4,2021
18,spotify:track:6OufwUcCqo81guU2jAlDVP,Shouse,Love Tonight (Edit),Hell Beach,7,18,17,1588071,DE,Germany,Q4,2021
19,spotify:track:3uSWJuI3SGbn2HGKrhM3Mn,Nura,Fair,Vertigo Berlin,19,23,5,1515175,DE,Germany,Q4,2021
20,spotify:track:7hU3IHwjX150XLoTVmjD0q,LISA,MONEY,YG Entertainment/Interscope Records,20,122,2,1439298,DE,Germany,Q4,2021
21,spotify:track:6Dy1jexKYriXAVG6evyUTJ,"Joel Corry, Jax Jones, Charli xcx, Saweetie",OUT OUT (feat. Charli XCX & Saweetie),Atlantic Records UK,21,22,8,1427722,DE,Germany,Q4,2021
22,spotify:track:2Xr1dTzJee307rmrkt8c0g,CKay,love nwantiti (ah ah ah),Chocolate City Music,22,36,3,1417354,DE,Germany,Q4,2021
23,spotify:track:6Uj1ctrBOjOas8xZXGqKk4,Doja Cat,Woman,Kemosabe Records/RCA Records,14,20,10,1410537,DE,Germany,Q4,2021
24,spotify:track:4ZtFanR9U6ndgddUvNcjcG,Olivia Rodrigo,good 4 u,Olivia Rodrigo PS,1,24,21,1398749,DE,Germany,Q4,2021
25,spotify:track:3Wrjm47oTz2sjIgck11l5e,Måneskin,Beggin',RCA Records Label,1,19,19,1380807,DE,Germany,Q4,2021
26,spotify:track:2B4GHvToeLTOBB4QLzW3Ni,Farruko,Pepas,Sony Music Latin,26,32,8,1360604,DE,Germany,Q4,2021
27,spotify:track:3AVC5l5wCEALuj4tg02uIL,"RAF Camora, Juju",Wenn du mich siehst,Indipendenza,3,25,7,1353186,DE,Germany,Q4,2021
28,spotify:track:0e8nrvls4Qqv5Rfa2UhqmO,Lil Nas X,THATS WHAT I WANT,Columbia,18,26,3,1299369,DE,Germany,Q4,2021
29,spotify:track:5STeQZH1Ahz3h0X9Njaij7,t-low,Crashen,t-low,16,27,13,1279614,DE,Germany,Q4,2021
30,spotify:track:2xwYEsJIXhbQdtHS0eLHF0,RAF Camora,DNA,Indipendenza,30,-1,1,1279457,DE,Germany,Q4,2021
31,spotify:track:1F80MEkZA9yTlpMQp9dhht,"Tinlicker, Helsloot",Because You Move Me,Armada Electronic Elements,12,28,16,1230121,DE,Germany,Q4,2021
32,spotify:track:54mztWQ0VfH2pqw0jRROZC,Bonez MC,Eine Pille,187 Strassenbande & Vertigo/Capitol,9,9,2,1227684,DE,Germany,Q4,2021
33,spotify:track:4EkINDGSjzvOKxOFMZACW0,Jamule,Intro,Life Is Pain,33,-1,1,1223590,DE,Germany,Q4,2021
34,spotify:track:4pt5fDVTg5GhEvEtlz9dKk,Måneskin,I WANNA BE YOUR SLAVE,RCA Records Label,3,29,20,1221526,DE,Germany,Q4,2021
35,spotify:track:1ET2yDvPFLjWGNUoZHPbSh,"Loredana, Mozzik",Immer wenn es regnet,Loredana,16,16,2,1170250,DE,Germany,Q4,2021
36,spotify:track:4gvrJnKCKIPiacNsWVQwEU,"CKay, Dj Yo!, AX'EL",love nwantiti (feat. Dj Yo! & AX'EL) - Remix,WM South Africa,36,49,3,1147500,DE,Germany,Q4,2021
37,spotify:track:6TVjsvC0IzHsVwfSmt2EjO,"Rubi, ThatGurlHanna",ICH WILL DICH,Rubi Inc.,37,51,3,1133886,DE,Germany,Q4,2021
38,spotify:track:0eZmBWVC1HYayrP2fqQ7nu,Milky Chance,Colorado,Muggelig Records GmbH,31,38,11,1130489,DE,Germany,Q4,2021
39,spotify:track:1SC5rEoYDGUK4NfG82494W,Lil Nas X,MONTERO (Call Me By Your Name),Columbia,2,34,28,1118483,DE,Germany,Q4,2021
40,spotify:track:0J7oHYxjF6Oln61wy0kP2i,niteboi,u.,niteboi,35,37,5,1110098,DE,Germany,Q4,2021
41,spotify:track:3vQqFgN3bhO1Lim4yXzmi5,"KALIM, Haftbefehl",OZEAN,Urban,10,21,3,1102452,DE,Germany,Q4,2021
42,spotify:track:1JOAfPOJkTIdrVdrYMF9LD,"Dardan, Nimo",Para Drill,Hypnotize Entertainment,15,15,2,1098167,DE,Germany,Q4,2021
43,spotify:track:6Ey7KSTV0Zx0fnxOw6bdK8,LEA,Wenn Du mich lässt,Four Music/Treppenhaus Records,27,39,7,1085369,DE,Germany,Q4,2021
44,spotify:track:4cG7HUWYHBV6R6tHn1gxrl,"Riton, Nightcrawlers, Mufasa & Hypeman, Mufasa, Dopamine",Friday (feat. Mufasa & Hypeman) - Dopamine Re-Edit,Ministry of Sound Recordings,4,40,34,1013778,DE,Germany,Q4,2021
45,spotify:track:1edUWAS1x66v10yguQ6qkO,badmómzjay,Sterne unterm Dach,Vertigo Berlin,14,35,4,1013540,DE,Germany,Q4,2021
46,spotify:track:3eJH2nAjvNXdmPfBkALiPZ,Jason Derulo,Acapulco,Atlantic Records,46,63,5,1010019,DE,Germany,Q4,2021
47,spotify:track:3RcMZdAgZmG645LyMKFH3I,Apache 207,Lamborghini Doors,Four Music/Two Sides,47,-1,1,990356,DE,Germany,Q4,2021
48,spotify:track:6zSpb8dQRaw0M1dK8PBwQz,"Elton John, Dua Lipa, PNAU",Cold Heart - PNAU Remix,EMI,48,57,8,963410,DE,Germany,Q4,2021
49,spotify:track:5Z7J2Au61uO7K1ZPNG1eTv,"Endzone, TM",61 Grad,2Live Entertainment,17,42,10,961405,DE,Germany,Q4,2021
50,spotify:track:7IfMueN16euoLMqLmiXkq3,"BILLA JOE, KOZIKOZA, Summer Cem, Scorpion Gang, Faroon",ICE CUBES (feat. Scorpion Gang & Faroon),GOLD LEAGUE/OG Scrpngang GmbH,50,-1,1,956579,DE,Germany,Q4,2021
1,spotify:track:4MzXwWMhyBbmu6hOcLVD49,"Bad Bunny, JHAYCO",DÁKITI,Rimas Entertainment LLC,1,1,10,3044892,ES,Spain,Q1,2021
2,spotify:track:1xK1Gg9SxG8fy2Ya373oqb,"Myke Towers, Juhn",Bandido,White World Music,2,4,4,2597167,ES,Spain,Q1,2021
3,spotify:track:2XIc1pqjXV3Cr2BQUGNBck,"Bad Bunny, ROSALÍA",LA NOCHE DE ANOCHE,Rimas Entertainment LLC,2,3,6,2396780,ES,Spain,Q1,2021
4,spotify:track:0XinBYhf1X3kdvKQHOX971,"C. Tangana, Niño de Elche, La Húngara",Tú Me Dejaste De Querer,Sony Music Entertainment,1,2,9,2383660,ES,Spain,Q1,2021
5,spotify:track:7vrJn5hDSXRmdXoR30KgF1,KAROL G,BICHOTA,UMLE - Latino,4,5,11,2090778,ES,Spain,Q1,2021
6,spotify:track:3VvA1wSxukMLsvXoXtlwWx,Boza,Hecha Pa' Mi,Sony Music Latin,5,6,7,2064464,ES,Spain,Q1,2021
7,spotify:track:7ndTONDDRFGiPnnhOzOXxq,"Manuel Turizo, Rauw Alejandro, Myke Towers",La Nota,Sony Music Latin/La Industria,1,7,13,1863139,ES,Spain,Q1,2021
8,spotify:track:21N4Buj4xsyLb218lYle61,"Sebastian Yatra, Guaynaa",Chica Ideal,UMLE - Latino,7,9,11,1552084,ES,Spain,Q1,2021
9,spotify:track:78SeXVRJ7KCqVmOwTiFjnI,"Bizarrap, NATHY PELUSO","Nathy Peluso: Bzrp Music Sessions, Vol. 36/66",DALE PLAY Records,8,8,6,1525632,ES,Spain,Q1,2021
10,spotify:track:7D7EH7MGyNHWSkqrszerI1,"Camilo, El Alfa",BEBÉ,Sony Music Latin,10,10,6,1515052,ES,Spain,Q1,2021
11,spotify:track:73nAK3HgQK8dak83Y2WQ8F,Camilo,Vida de Rico,Sony Music Latin,9,11,15,1477204,ES,Spain,Q1,2021
12,spotify:track:7ql2RUmAmj36tkMUNWo7MT,"Ana Mena, Rocco Hunt",A Un Paso De La Luna,RCA Records Label,7,12,21,1417508,ES,Spain,Q1,2021
13,spotify:track:68mrW6gXHgupgSiDHgaDi5,"Nicky Jam, Myke Towers",Polvo,Sony Music Latin,13,13,7,1358568,ES,Spain,Q1,2021
14,spotify:track:4loQgPwJHocL3dFwLfjb1J,"Rauw Alejandro, Anuel AA",Reloj,Sony Music Latin/Duars Entertainment,8,15,11,1252702,ES,Spain,Q1,2021
15,spotify:track:5u5S7D8NaQzyKkdU4duHJR,"Bad Gyal, Juanka",Blin Blin,Bad Gyal Aftercluv/Interscope,10,14,8,1211655,ES,Spain,Q1,2021
16,spotify:track:2bgcUk2A3jjKbCJ7KPquTi,"Wisin, Myke Towers, Los Legendarios",Mi Niña,La Base Music Group/ WK Records,4,17,15,1158026,ES,Spain,Q1,2021
17,spotify:track:5zj8WNkBrEzlI5FKeYV4ol,"Sech, J Balvin",La Luz,Rich Music,6,16,10,1148964,ES,Spain,Q1,2021
18,spotify:track:1yoMvmasuxZfqHEipJhRbp,Maluma,Hawái,Sony Music Latin,1,19,23,1101759,ES,Spain,Q1,2021
19,spotify:track:2aQJOc2QUTdQl1J2Z9VxYO,Paris Boy,Problemas,Sony Music Entertainment,4,18,11,1059748,ES,Spain,Q1,2021
20,spotify:track:0JAZWvvqttGFm4UMDsPQXC,"Ozuna, Camilo",Despeinada,Aura Music Corp.,2,21,18,1049285,ES,Spain,Q1,2021
21,spotify:track:3XkPX66UVP2FhtnvJBzpl1,Morad,Motorola,M.D.L.R,14,20,8,1043978,ES,Spain,Q1,2021
22,spotify:track:35UUpTmrcFXNIVIN26ujXl,"Sech, Daddy Yankee, J Balvin, ROSALÍA, Farruko",Relación - Remix,Rich Music,2,24,18,1011930,ES,Spain,Q1,2021
23,spotify:track:43ic0un1f9Nak0ZCQgvKjY,"Rvfv, Pablo Mas",Yo No Sé,NASTU MUSIC,23,27,7,1004106,ES,Spain,Q1,2021
24,spotify:track:5cpJFiNwYyWwFLH0V6B3N8,"Ozuna, Doja Cat, Sia",Del Mar,Aura Music Corp.,19,22,18,996727,ES,Spain,Q1,2021
25,spotify:track:5y7DaS3jAc9eZzcSOoUIwU,"Ozuna, J Balvin, Chencho Corleone",Una Locura,Aura Music Corp.,4,23,18,980585,ES,Spain,Q1,2021
26,spotify:track:7EUvcSFkyVB73zrblhQmEL,Jeeiph,Bonita,Play Music,26,29,12,956320,ES,Spain,Q1,2021
27,spotify:track:5RubKOuDoPn5Kj5TLVxSxY,Bad Bunny,TE MUDASTE,Rimas Entertainment LLC,5,26,6,927100,ES,Spain,Q1,2021
28,spotify:track:3pnpENd2PXAKuetjLIylEr,"Arcángel, Justin Quiles, Eladio Carrion, De La Ghetto",Tussi,Rimas Entertainment LLC.,21,33,16,898513,ES,Spain,Q1,2021
29,spotify:track:4G3PTss3mU33Tau7t4KbwE,"Rauw Alejandro, Camilo",Tattoo - Remix with Camilo,Sony Music Latin/Duars Entertainment,4,31,26,895615,ES,Spain,Q1,2021
30,spotify:track:5K4T7KJlGKoiwKA2nuQCjy,Skechi,Qué Le Voy a Hacer,Sony Music Entertainment,20,28,11,885187,ES,Spain,Q1,2021
31,spotify:track:22Sh5dlwbERqJAq1fZk5b2,"Rauw Alejandro, J Balvin",De Cora <3,Sony Music Latin/Duars Entertainment,24,32,8,879008,ES,Spain,Q1,2021
32,spotify:track:2iUz95Osgl4fFZbNJ0xuoD,C. Tangana,Demasiadas Mujeres,Sony Music Entertainment,1,30,13,877161,ES,Spain,Q1,2021
33,spotify:track:1mrQYY0NATPCe7WOYcCKf1,"Yan Block, Jay Wheeler, DJ Nelson",Vete Pal Carajo,Linked Music / EMPIRE,33,191,2,860695,ES,Spain,Q1,2021
34,spotify:track:7LE1K0lZyRFZjSlrnm7lfD,"Jay Wheeler, Myke Towers, Rauw Alejandro, DJ Nelson, JHAYCO, Lunay, Kendo Kaponi","La Curiosidad (feat. Dj Nelson, JHAYCO, Lunay & Kendo Kaponi) - Blue Grand Prix Remix",Linked Music / Dynamic Records / EMPIRE,15,25,3,858255,ES,Spain,Q1,2021
35,spotify:track:2tuL5CiDgPwwJXTFxUlfpX,Morad,Yo No Voy,M.D.L.R,19,34,10,832047,ES,Spain,Q1,2021
36,spotify:track:2nleoafEjZ3h1NUtkz6i1X,Chema Rivas,Entre Tú y Yo,Chema Rivas,9,35,14,812025,ES,Spain,Q1,2021
37,spotify:track:2ack8D0tjC7mzdDOg7ikQ5,"Belén Aguilera, Lola Indigo",LA TIRITA,Must Producciones,32,38,6,811113,ES,Spain,Q1,2021
38,spotify:track:15OjBeqNX3bShsGYQbteRv,Farruko,La Tóxica,Sony Music Latin,16,39,23,808922,ES,Spain,Q1,2021
39,spotify:track:4qEHMJyER7OntYTtPsIT1W,Aitana,11 RAZONES,Universal Music Spain S.L.,28,37,5,802594,ES,Spain,Q1,2021
40,spotify:track:2HhmZirVUVPo4wWCgUU70P,"Karetta el Gucci, Omar Montes, Rvfv, Chimbala",Fake Capo - Remix,karetta el gucci,22,36,9,791428,ES,Spain,Q1,2021
41,spotify:track:3Iql4v0ISjuMqj7MNkuWJX,LA YOUNG,Como Estrellas,La Young,7,41,25,754097,ES,Spain,Q1,2021
42,spotify:track:7k4t7uLgtOxPwTpFmtJNTY,"KAROL G, Nicki Minaj",Tusa,TUSA - Karol G & Nicki Minaj,1,40,61,727136,ES,Spain,Q1,2021
43,spotify:track:4HYDUMY0xSpeBr0AMY9cUz,"Jay Wheeler, DJ Nelson, Myke Towers",La Curiosidad,Linked Music / Dynamic Records / EMPIRE,2,43,30,714168,ES,Spain,Q1,2021
44,spotify:track:5fROvzNghPid8mbKNDYvpJ,Bad Bunny,YO VISTO ASÍ,Rimas Entertainment LLC,4,42,6,708729,ES,Spain,Q1,2021
45,spotify:track:0VjIjW4GlUZAMYd2vXMi3b,The Weeknd,Blinding Lights,Republic Records,23,52,58,699223,ES,Spain,Q1,2021
46,spotify:track:2mM3gZ0BbPwPPMelbA8vgt,"Milly, Farruko, Nio Garcia, Jay Wheeler, Amenazzy",No Te Enamores - Remix,Carbon Fiber Music,46,105,2,692276,ES,Spain,Q1,2021
47,spotify:track:11EnQRgRMJwMAesfkB5pnu,"Lele Pons, Guaynaa",Se Te Nota (with Guaynaa),Shots Studios & Music/10:22pm/Interscope Records,15,45,17,666741,ES,Spain,Q1,2021
48,spotify:track:0jT8Nl0shPS8115is0wD2Q,Camilo,Favorito,Sony Music Latin,4,46,41,662751,ES,Spain,Q1,2021
49,spotify:track:4RJz8NfIe09gpKMiRUWKhJ,"Maluma, Lenny Tavárez, Justin Quiles",Parce (feat. Justin Quiles),Sony Music Latin,29,48,20,645171,ES,Spain,Q1,2021
50,spotify:track:4yWFdN9K3CgzPfMltDZ8Cj,"Aitana, Sebastian Yatra",CORAZÓN SIN VIDA,Universal Music Spain S.L.,10,49,14,632980,ES,Spain,Q1,2021
1,spotify:track:7Bk0uXKk1uPT0XuQbpFzvs,"Los Legendarios, Wisin, JHAYCO",Fiel,La Base Music Group/ WK Records,1,3,9,3616157,ES,Spain,Q2,2021
2,spotify:track:2TksvaRivgAEj780DgRB73,Sech,911,Rich Music,1,1,9,3004165,ES,Spain,Q2,2021
3,spotify:track:5YYW3yRktprLRr47WK219Y,"Rochy RD, Myke Towers, Nicki Nicole",Ella No Es Tuya - Remix,Sony Music Latin,1,2,9,2869691,ES,Spain,Q2,2021
4,spotify:track:6ynErSDSlxqsxg0D3LJ8sK,Daviles de Novelda,Flamenco y Bachata,Sony Music Entertainment,4,6,6,2578589,ES,Spain,Q2,2021
5,spotify:track:1xK1Gg9SxG8fy2Ya373oqb,"Myke Towers, Juhn",Bandido,White World Music,1,4,17,2346140,ES,Spain,Q2,2021
6,spotify:track:0VWLId2RwPCno9s1cJm2Vy,"Nio Garcia, Casper Magico, Ozuna, Wisin & Yandel, Myke Towers, Flow La Movie",Travesuras - Remix,"Flow La Movie, Inc",4,5,4,2243646,ES,Spain,Q2,2021
7,spotify:track:3SK45LddxlEkzI8OWO9Eyo,"C. Tangana, Gipsy Kings, Nicolás Reyes, Tonino Baliardo",Ingobernable,Sony Music Entertainment,2,7,6,1842519,ES,Spain,Q2,2021
8,spotify:track:1wPAOYQJcGSqvXkqcQHExr,"Omar Montes, Ana Mena, Maffio",Solo,Sony Music Entertainment,8,8,10,1739163,ES,Spain,Q2,2021
9,spotify:track:6Et5KimMg3IXwD6lJPGmQw,"Alex Rose, Rauw Alejandro",Me Fije,WK Records,9,17,3,1635583,ES,Spain,Q2,2021
10,spotify:track:7DqfZaGd7v0J0ISy92GTan,Dudi,No te decides,WM Spain,10,13,2,1556765,ES,Spain,Q2,2021
11,spotify:track:2mM3gZ0BbPwPPMelbA8vgt,"Milly, Farruko, Nio Garcia, Jay Wheeler, Amenazzy",No Te Enamores - Remix,Carbon Fiber Music,3,9,15,1555759,ES,Spain,Q2,2021
12,spotify:track:3BZEcbdtXQSo7OrvKRJ6mb,Lil Nas X,MONTERO (Call Me By Your Name),Columbia,12,49,2,1535179,ES,Spain,Q2,2021
13,spotify:track:4iJyoBOLtHqaGxP12qzhQI,"Justin Bieber, Daniel Caesar, GIVĒON",Peaches (feat. Daniel Caesar & Giveon),RBMG/Def Jam,13,21,3,1517188,ES,Spain,Q2,2021
14,spotify:track:73O30uMI7n6DuzBmbtO7kC,"Anuel AA, Ozuna",Antes,Real Hasta La Muerte LLC & Aura Music Corp.,3,10,11,1475788,ES,Spain,Q2,2021
15,spotify:track:6RV9pRLIQiXm3qTGeyQluf,"Camilo, Evaluna Montaner",Machu Picchu,Sony Music Latin,14,14,5,1439556,ES,Spain,Q2,2021
16,spotify:track:0NipDzamAtvro0HMcZD5DK,"Bad Gyal, Rema",44,Bad Gyal Aftercluv/Interscope,16,20,3,1392399,ES,Spain,Q2,2021
17,spotify:track:5ddFjrPG8NgQQ6xlOQIVd2,"C. Tangana, Niño de Elche, La Húngara",Tú Me Dejaste De Querer,Sony Music Entertainment,1,12,22,1382488,ES,Spain,Q2,2021
18,spotify:track:4MzXwWMhyBbmu6hOcLVD49,"Bad Bunny, JHAYCO",DÁKITI,Rimas Entertainment LLC,1,11,23,1369686,ES,Spain,Q2,2021
19,spotify:track:079Ey5uxL04AKPQgVQwx5h,"Selena Gomez, Rauw Alejandro",Baila Conmigo (with Rauw Alejandro),Selena Gomez Latin Project,7,16,10,1345213,ES,Spain,Q2,2021
20,spotify:track:6qraVL4IJaIj0IuEexYJNa,Myke Towers,Explícito,White World Music,16,18,16,1254932,ES,Spain,Q2,2021
21,spotify:track:4jOBQxq4Ffd8DDrsN4wPOR,JHAYCO,Christian Dior,N&E Entertainment LLC,21,24,4,1253725,ES,Spain,Q2,2021
22,spotify:track:3VvA1wSxukMLsvXoXtlwWx,Boza,Hecha Pa' Mi,Sony Music Latin,3,15,20,1241817,ES,Spain,Q2,2021
23,spotify:track:2XIc1pqjXV3Cr2BQUGNBck,"Bad Bunny, ROSALÍA",LA NOCHE DE ANOCHE,Rimas Entertainment LLC,2,19,19,1200157,ES,Spain,Q2,2021
24,spotify:track:2FSGUA0gFgGeQdprjtGM2M,"KAROL G, Mariah Angeliq",EL MAKINON,UMLE - Latino,24,33,2,1172248,ES,Spain,Q2,2021
25,spotify:track:71R8HJxQk5qMiRstrlXN9t,"Rauw Alejandro, Mr. Naisgai",2/Catorce,Sony Music Latin/Duars Entertainment,20,23,8,1171304,ES,Spain,Q2,2021
26,spotify:track:5RAIMjdrCEjpjaR5tBATXU,"Maluma, Beéle, Rauw Alejandro, Mambo Kingz, DJ Luian, Darell",Aloha,Hear This Music,26,34,5,1120018,ES,Spain,Q2,2021
27,spotify:track:70uX4beGHc1nQikXveOknp,"Manuel Turizo, Wisin & Yandel",Mala Costumbre,Sony Music Latin/La Industria,22,28,13,1107635,ES,Spain,Q2,2021
28,spotify:track:6dyUkkcyYuDiHOwIRXYOJm,"Wisin, Yandel, Farruko, Jon Z, Don Chezina, Chencho Corleone, Myke Towers","3G (feat. Jon Z, Don Chezina, Chencho Corleone & Myke Towers) - Remix",Sony Music Latin,27,27,9,1098029,ES,Spain,Q2,2021
29,spotify:track:4cG7HUWYHBV6R6tHn1gxrl,"Riton, Nightcrawlers, Mufasa & Hypeman, Mufasa, Dopamine",Friday (feat. Mufasa & Hypeman) - Dopamine Re-Edit,Ministry of Sound Recordings,29,30,7,1091532,ES,Spain,Q2,2021
30,spotify:track:7ql2RUmAmj36tkMUNWo7MT,"Ana Mena, Rocco Hunt",A Un Paso De La Luna,RCA Records Label,7,26,34,1049875,ES,Spain,Q2,2021
31,spotify:track:4nTduFjaTmGysc9WKNuCcs,Camilo,Vida de Rico,Sony Music Latin,9,25,28,1049822,ES,Spain,Q2,2021
32,spotify:track:478g4LSkyMB1PMkVOVmIaE,"KAROL G, Anuel AA, J Balvin",LOCATION,UMLE - Latino,14,22,8,1024550,ES,Spain,Q2,2021
33,spotify:track:1mauYRwbpoGQX6itP2FAJC,"Nicky Jam, Romeo Santos",Fan de Tus Fotos,Sony Music Latin,31,32,8,978297,ES,Spain,Q2,2021
34,spotify:track:2dNhNlpZAtV4lwAFW45LIv,"Nio Garcia, Flow La Movie",AM,"Flow La Movie, Inc.",34,77,2,937682,ES,Spain,Q2,2021
35,spotify:track:23E53f3C9SJ9MqBh1f6hEw,Álvaro De Luna,Juramento eterno de sal,WM Spain,35,53,22,921709,ES,Spain,Q2,2021
36,spotify:track:68mrW6gXHgupgSiDHgaDi5,"Nicky Jam, Myke Towers",Polvo,Sony Music Latin,12,29,20,900741,ES,Spain,Q2,2021
37,spotify:track:5jzEwSyyymBlf1fa1o39T2,"Mora, JHAYCO",512,Rimas Entertainment LLC,32,36,9,884933,ES,Spain,Q2,2021
38,spotify:track:1Crj1zkRMpsEjb9NOR6Zof,"Bizarrap, L-Gante","L-Gante: Bzrp Music Sessions, Vol. 38/66",DALE PLAY Records,38,47,4,866025,ES,Spain,Q2,2021
39,spotify:track:43ic0un1f9Nak0ZCQgvKjY,"Rvfv, Pablo Mas",Yo No Sé,NASTU MUSIC,16,35,20,862073,ES,Spain,Q2,2021
40,spotify:track:7ndTONDDRFGiPnnhOzOXxq,"Manuel Turizo, Rauw Alejandro, Myke Towers",La Nota,Sony Music Latin/La Industria,1,31,26,848477,ES,Spain,Q2,2021
41,spotify:track:7m6aTkKrrPHAZ4fGnksoda,"Anuel AA, Ozuna",Nena Buena,Real Hasta La Muerte LLC & Aura Music Corp.,28,38,11,847678,ES,Spain,Q2,2021
42,spotify:track:5RmSunLqeDqNWww8LWhAiK,"KHEA, Duki",WACHA,Young Flex - Khea,42,-1,1,823056,ES,Spain,Q2,2021
43,spotify:track:3Zf4GutWZ7Hv3wsVQsSQPs,"Camilo, El Alfa",BEBÉ,Sony Music Latin,10,41,19,787547,ES,Spain,Q2,2021
44,spotify:track:21N4Buj4xsyLb218lYle61,"Sebastian Yatra, Guaynaa",Chica Ideal,UMLE - Latino,7,44,24,777137,ES,Spain,Q2,2021
45,spotify:track:1yoMvmasuxZfqHEipJhRbp,Maluma,Hawái,Sony Music Latin,1,45,36,762753,ES,Spain,Q2,2021
46,spotify:track:1UmZpd5navRsg2ukqCKJjc,"Mora, Lunay",Cuando Sera,Rimas Entertainment LLC,34,43,9,759948,ES,Spain,Q2,2021
47,spotify:track:5gEUDNQvoQjdjklrwPdGwD,"C. Tangana, Ed Maverick",Párteme La Cara,Sony Music Entertainment,3,37,6,731005,ES,Spain,Q2,2021
48,spotify:track:2KTCXvWUbqfiinbFe7PJKP,"NATTI NATASHA, Cazzu, FARIANA, La Duraca",Las Nenas (feat. La Duraca),Sony Music Latin,48,72,5,727419,ES,Spain,Q2,2021
49,spotify:track:6f3Slt0GbA2bPZlz0aIFXN,Tiësto,The Business,Atlantic Records,49,65,13,722841,ES,Spain,Q2,2021
50,spotify:track:4PEfJZpVjdclfzZ9XO8uDw,"KEVIN ROLDAN, Bryant Myers, Lyanno",HASTA ABAJO,UMLE - Latino,28,48,21,709016,ES,Spain,Q2,2021
1,spotify:track:5RwV8BvLfX5injfqYodke9,Rauw Alejandro,Todo De Ti,Sony Music Latin/Duars Entertainment,1,1,7,5115258,ES,Spain,Q3,2021
2,spotify:track:03LfOYi0icz4souspZVVhq,"Bizarrap, Nicky Jam","Nicky Jam: Bzrp Music Sessions, Vol. 41/66",DALE PLAY Records,2,52,2,4833216,ES,Spain,Q3,2021
3,spotify:track:6hf0RpxTbOprT5nnwzkk8e,"J Balvin, Maria Becerra",Qué Más Pues?,"Sueños Globales, LLC",2,2,6,4525360,ES,Spain,Q3,2021
4,spotify:track:2JPLbjOn0wPCngEot2STUS,Bad Bunny,Yonaguni,Rimas Entertainment LLC,2,3,5,4251642,ES,Spain,Q3,2021
5,spotify:track:05bfbizlM5AX6Mf1RRyMho,"Nio Garcia, J Balvin, Bad Bunny",AM Remix,Flow La Movie,5,5,2,3824007,ES,Spain,Q3,2021
6,spotify:track:6PDlkWmrq2ZKiUuFt2aQsH,"Justin Quiles, Chimbala, Zion & Lennox",Loco,WEA Latina,4,4,8,3391038,ES,Spain,Q3,2021
7,spotify:track:4OwhwvKESFtuu06dTgct7i,"Marc Seguí, Rauw Alejandro, Pol Granch",Tiroteo - Remix,WEA Latina,7,7,14,3366213,ES,Spain,Q3,2021
8,spotify:track:2rCbl9naJYhaxjLsfx88uM,"Sebastian Yatra, Myke Towers",Pareja Del Año,UMLE - Latino,1,8,12,2874178,ES,Spain,Q3,2021
9,spotify:track:43qcs9NpJhDxtG91zxFkj7,"Wisin, JHAYCO, Anuel AA, Los Legendarios, Myke Towers",Fiel - Remix,La Base Music Group/ WK Records,6,6,4,2735118,ES,Spain,Q3,2021
10,spotify:track:0cOa970mzTWAxKtltpkpLc,"TINI, Maria Becerra",Miénteme,Sony Music Latin,3,9,10,2628525,ES,Spain,Q3,2021
11,spotify:track:20RGQHWvqyyacpuxMBeLsZ,"El Taiger, DJ Conds",La Historia,El Taiger,5,10,14,2530909,ES,Spain,Q3,2021
12,spotify:track:1WedZeiezCmCEOzLwhx0hV,"J Balvin, KAROL G, Nicky Jam, Crissin, Totoy El Frio, Natan & Shander",Poblado - Remix,Universal Music Latino,12,12,3,2174836,ES,Spain,Q3,2021
13,spotify:track:1ESyXyXxZmII2sXhMVpk9D,"Luis Fonsi, Myke Towers",Bésame,UMLE - Latino,11,11,5,2117540,ES,Spain,Q3,2021
14,spotify:track:5lFSvyRAeG0asgqBuM5MQW,"El Bobe, alPeDue",Ella,Montebello,14,14,11,1862452,ES,Spain,Q3,2021
15,spotify:track:3Wrjm47oTz2sjIgck11l5e,Måneskin,Beggin',RCA Records Label,15,18,5,1848739,ES,Spain,Q3,2021
16,spotify:track:59L8x0xy8njj75vzVCPMqg,"Becky G, El Alfa",FULANITO,Kemosabe Records/RCA Records/Sony Music Latin,16,24,5,1832673,ES,Spain,Q3,2021
17,spotify:track:5u7twkeask1VIyDeNTElSU,Sech,Sal y Perrea,Rich Music,8,13,12,1775704,ES,Spain,Q3,2021
18,spotify:track:0giiXonRhODYy4J1iy4Lb3,Rauw Alejandro,Sexo Virtual,Sony Music Latin/Duars Entertainment,18,26,2,1724411,ES,Spain,Q3,2021
19,spotify:track:6ynErSDSlxqsxg0D3LJ8sK,Daviles de Novelda,Flamenco y Bachata,Sony Music Entertainment,3,17,19,1710029,ES,Spain,Q3,2021
20,spotify:track:1VauUM5CBX7nkLcgafQL2B,"Bizarrap, Eladio Carrion","Eladio Carrion: Bzrp Music Sessions, Vol. 40/66",DALE PLAY Records,12,16,5,1630452,ES,Spain,Q3,2021
21,spotify:track:1g4cZvi0nLeeIycd0Rkljj,"Lola Indigo, TINI, Belinda",La Niña de la Escuela,Universal Music Spain S.L.,21,-1,1,1627116,ES,Spain,Q3,2021
22,spotify:track:6Et5KimMg3IXwD6lJPGmQw,"Alex Rose, Rauw Alejandro",Me Fije,WK Records,6,15,16,1624894,ES,Spain,Q3,2021
23,spotify:track:23E53f3C9SJ9MqBh1f6hEw,Álvaro De Luna,Juramento eterno de sal,WM Spain,17,22,35,1441098,ES,Spain,Q3,2021
24,spotify:track:0H0jMZIQY74YRIkjgssfsr,"Rvfv, Omar Montes",No Quiero Amor,NASTU MUSIC,20,20,4,1409917,ES,Spain,Q3,2021
25,spotify:track:0PwFN7vRvY80Hnkoew2x3f,"Rauw Alejandro, Mr. Naisgai",2/Catorce,Sony Music Latin/Duars Entertainment,11,19,21,1337093,ES,Spain,Q3,2021
26,spotify:track:4DHDIdeayp8xvlyg22wREO,"NATTI NATASHA, Becky G",Ram Pam Pam,Sony Music Latin,21,28,11,1327949,ES,Spain,Q3,2021
27,spotify:track:5jzEwSyyymBlf1fa1o39T2,"Mora, JHAYCO",512,Rimas Entertainment LLC,5,25,22,1314425,ES,Spain,Q3,2021
28,spotify:track:66S2z95FN3nUAr9S1gUIsp,Boza,Ella,Sony Music Latin,21,27,10,1280071,ES,Spain,Q3,2021
29,spotify:track:5RAIMjdrCEjpjaR5tBATXU,"Maluma, Beéle, Rauw Alejandro, Mambo Kingz, DJ Luian, Darell",Aloha,Hear This Music,11,23,18,1269730,ES,Spain,Q3,2021
30,spotify:track:2FSGUA0gFgGeQdprjtGM2M,"KAROL G, Mariah Angeliq",EL MAKINON,UMLE - Latino,8,29,15,1222274,ES,Spain,Q3,2021
31,spotify:track:7Bk0uXKk1uPT0XuQbpFzvs,"Los Legendarios, Wisin, JHAYCO",Fiel,La Base Music Group/ WK Records,1,30,22,1152378,ES,Spain,Q3,2021
32,spotify:track:5ddFjrPG8NgQQ6xlOQIVd2,"C. Tangana, Niño de Elche, La Húngara",Tú Me Dejaste De Querer,Sony Music Entertainment,1,36,35,1149977,ES,Spain,Q3,2021
33,spotify:track:74znaWw1hmQBusGPSOuTFy,"MYA, TINI, Duki",2:50 Remix,Columbia,33,53,2,1146294,ES,Spain,Q3,2021
34,spotify:track:4MzXwWMhyBbmu6hOcLVD49,"Bad Bunny, JHAYCO",DÁKITI,Rimas Entertainment LLC,1,34,36,1142401,ES,Spain,Q3,2021
35,spotify:track:3SK45LddxlEkzI8OWO9Eyo,"C. Tangana, Gipsy Kings, Nicolás Reyes, Tonino Baliardo",Ingobernable,Sony Music Entertainment,2,37,19,1137055,ES,Spain,Q3,2021
36,spotify:track:3YNolHalg56UrvPabqw6JP,"Juhn, Jay Wheeler",Fragancia,This is M Records,31,35,8,1101004,ES,Spain,Q3,2021
37,spotify:track:6M35eZA3iR3VUWUt7MXLlS,"Original Elias, Moncho Chavea, Yotuel, C de Cama",Rakata,Zamara Music D3,37,72,2,1079859,ES,Spain,Q3,2021
38,spotify:track:67BtfxlNbhBmCDR2L2l8qd,Lil Nas X,MONTERO (Call Me By Your Name),Columbia,7,31,15,1065683,ES,Spain,Q3,2021
39,spotify:track:2p2Q23iaaPSEa1tI6TsCVX,Sech,911,Rich Music,1,32,22,1058093,ES,Spain,Q3,2021
40,spotify:track:1wPAOYQJcGSqvXkqcQHExr,"Omar Montes, Ana Mena, Maffio",Solo,Sony Music Entertainment,8,38,23,1054150,ES,Spain,Q3,2021
41,spotify:track:6KEb17S00Inf0v1qYDgUAj,"Duki, Bizarrap",Malbec,SSJ Records / DALE PLAY Records,20,40,11,1020406,ES,Spain,Q3,2021
42,spotify:track:1m0UFnuTktOkksvjbF9z0m,Vegedream,Ramenez la coupe à la maison,Universal Music Division Island Def Jam,42,43,10,1015228,ES,Spain,Q3,2021
43,spotify:track:0VWLId2RwPCno9s1cJm2Vy,"Nio Garcia, Casper Magico, Ozuna, Wisin & Yandel, Myke Towers, Flow La Movie",Travesuras - Remix,"Flow La Movie, Inc",4,39,17,1004399,ES,Spain,Q3,2021
44,spotify:track:5vQwugZBbpQxqe5H0GN3AY,"Chema Rivas, Juan Magán",Anda Suelta,Chema Rivas,11,33,17,1000551,ES,Spain,Q3,2021
45,spotify:track:0DG5cF1AxYfkeRgjXu9R3x,"Rasel, Keen Levy",La Cartita,WM Spain,36,41,15,966174,ES,Spain,Q3,2021
46,spotify:track:42lpuSQmnLUM1ZXJVzIVOi,Camilo,KESI,Sony Music Latin,22,44,18,949754,ES,Spain,Q3,2021
47,spotify:track:4ZtFanR9U6ndgddUvNcjcG,Olivia Rodrigo,good 4 u,Olivia Rodrigo PS,17,45,8,925336,ES,Spain,Q3,2021
48,spotify:track:4nTduFjaTmGysc9WKNuCcs,Camilo,Vida de Rico,Sony Music Latin,9,47,41,902855,ES,Spain,Q3,2021
49,spotify:track:1xK1Gg9SxG8fy2Ya373oqb,"Myke Towers, Juhn",Bandido,White World Music,1,46,30,840297,ES,Spain,Q3,2021
50,spotify:track:2dNhNlpZAtV4lwAFW45LIv,"Nio Garcia, Flow La Movie",AM,"Flow La Movie, Inc.",3,21,15,831804,ES,Spain,Q3,2021
1,spotify:track:5TMLavqGRKNxgzMBrVpC9R,"zzoilo, Aitana",Mon Amour - Remix,Universal Music Spain S.L.,1,1,8,3250897,ES,Spain,Q4,2021
2,spotify:track:3JCaq3KDSROg3TXhdiDa9n,"JHAYCO, Anuel AA",Ley Seca,N&E Entertainment LLC,2,2,5,3047962,ES,Spain,Q4,2021
3,spotify:track:2BEcap3xJtmiPaHKyfQi4e,"Rvssian, Rauw Alejandro, Chris Brown",Nostálgico,Sony Music Latin,3,3,4,2977620,ES,Spain,Q4,2021
4,spotify:track:3PwRuzdphgedcWVUOVYJ7I,Rauw Alejandro,Cúrame,Sony Music Latin/Duars Entertainment,2,4,15,2747945,ES,Spain,Q4,2021
5,spotify:track:073yIM7v2j6XadD4Nkn0Fh,JHAYCO,Dile (Homenaje),N&E Entertainment LLC,5,5,5,2686345,ES,Spain,Q4,2021
6,spotify:track:2B4GHvToeLTOBB4QLzW3Ni,Farruko,Pepas,Sony Music Latin,1,6,15,2242210,ES,Spain,Q4,2021
7,spotify:track:5RwV8BvLfX5injfqYodke9,Rauw Alejandro,Todo De Ti,Sony Music Latin/Duars Entertainment,1,8,20,2164867,ES,Spain,Q4,2021
8,spotify:track:6c32C8T3KlXrbvWSoD5aON,Myke Towers,EXPERIMENTO,WEA Latina,8,39,2,2059795,ES,Spain,Q4,2021
9,spotify:track:1tbm7fLDA9t056yuOTTeR5,"Jc La Nevula, Atomic Otro Way",Búscate Otro,WK Records,6,7,7,2057828,ES,Spain,Q4,2021
10,spotify:track:2vmfvSoZBFAt9hhRoEByLi,"Aventura, Bad Bunny",Volví,Rimas Entertainment LLC,2,9,10,1901990,ES,Spain,Q4,2021
11,spotify:track:0G2zPzWqVjR68iNPmx2TBe,"Mora, Bad Bunny, Sech",Volando - Remix,Rimas Entertainment LLC,3,11,13,1825809,ES,Spain,Q4,2021
12,spotify:track:2YZDh5CecWx0qlFiTvqVQ9,Justin Quiles,Colorín Colorado,WEA Latina,12,17,7,1825772,ES,Spain,Q4,2021
13,spotify:track:3KJ3opyV29269SXkPrc19l,Bad Bunny,120,Rimas Entertainment LLC,13,16,12,1669738,ES,Spain,Q4,2021
14,spotify:track:2JPLbjOn0wPCngEot2STUS,Bad Bunny,Yonaguni,Rimas Entertainment LLC,2,13,18,1594974,ES,Spain,Q4,2021
15,spotify:track:2mL37yB3f3Lfy4iiXV02Qf,"Farruko, Victor Cardenas, Dj Adoni",El Incomprendido,Sony Music Latin,15,-1,1,1579740,ES,Spain,Q4,2021
16,spotify:track:2KcNrONbZ0hvBPjvrDO2tx,Myke Towers,ALMAS GEMELAS,WEA Latina,10,14,11,1579534,ES,Spain,Q4,2021
17,spotify:track:20RGQHWvqyyacpuxMBeLsZ,"El Taiger, DJ Conds",La Historia,El Taiger,5,12,27,1577328,ES,Spain,Q4,2021
18,spotify:track:49iOVtExuJU9faigS2JRUf,"Omar Montes, JC el Diamante",Beba Qué Quieres Que Haga,Sony Music Latin,6,10,9,1534460,ES,Spain,Q4,2021
19,spotify:track:6b2HYgqcK9mvktt4GxAu72,"Justin Quiles, Chimbala, Zion & Lennox",Loco,WEA Latina,4,22,21,1475218,ES,Spain,Q4,2021
20,spotify:track:4nVuhPrmtIO1m2hRrtxBlI,Funzo & Baby Loud,INMORTALES,Sony Music Entertainment,20,82,2,1392876,ES,Spain,Q4,2021
21,spotify:track:4OwhwvKESFtuu06dTgct7i,"Marc Seguí, Rauw Alejandro, Pol Granch",Tiroteo - Remix,WEA Latina,7,23,27,1391049,ES,Spain,Q4,2021
22,spotify:track:6D2TCm4nf5nxAcdGJ7w3QP,"J Balvin, Maria Becerra",Qué Más Pues?,"Sueños Globales, LLC",2,15,19,1391045,ES,Spain,Q4,2021
23,spotify:track:5Z9KJZvQzH6PFmb8SNkxuk,"Lil Nas X, Jack Harlow",INDUSTRY BABY (feat. Jack Harlow),Columbia,22,24,11,1358512,ES,Spain,Q4,2021
24,spotify:track:5N5GaRpXYZl5ZKKU5a5LtH,Aitana,Berlín,Universal Music Spain S.L.,19,19,3,1326677,ES,Spain,Q4,2021
25,spotify:track:1CMPYloogotoC6z9n9wdQT,"Fabbio, Omar Montes, Lennis Rodriguez, Chus Santana",Diablita Remix,Zamara Music S.L.,12,18,13,1317632,ES,Spain,Q4,2021
26,spotify:track:6GPBXtnSepHovJi1uD1Ggj,"Justin Quiles, Maluma",La Botella,WEA Latina,25,25,7,1305764,ES,Spain,Q4,2021
27,spotify:track:0cOa970mzTWAxKtltpkpLc,"TINI, Maria Becerra",Miénteme,Sony Music Latin,3,28,23,1305154,ES,Spain,Q4,2021
28,spotify:track:5PjdY0CKGZdEuoNab3yDmX,"The Kid LAROI, Justin Bieber",STAY (with Justin Bieber),Columbia,18,20,13,1299184,ES,Spain,Q4,2021
29,spotify:track:4xTd8fz0mZFK5b9IYdGKNd,"Bizarrap, Chucky73","Chucky73: Bzrp Music Sessions, Vol. 43/66",DALE PLAY Records,21,21,6,1297970,ES,Spain,Q4,2021
30,spotify:track:2rCbl9naJYhaxjLsfx88uM,"Sebastian Yatra, Myke Towers",Pareja Del Año,UMLE - Latino,1,29,25,1250546,ES,Spain,Q4,2021
31,spotify:track:5AQTFpm3oDPTenmw5Lmfoi,"Delaossa, KIDDO, J.Moods",Veneno,DALE PLAY Records,26,27,45,1205556,ES,Spain,Q4,2021
32,spotify:track:4bF2y8rR7GUjrd5LNEvej3,Ingratax,París,Room28,8,26,12,1202960,ES,Spain,Q4,2021
33,spotify:track:7iqOIHHEmu6Vhw25GgQ2eA,"J Balvin, Sech",Una Nota,"Sueños Globales, LLC",30,30,4,1188239,ES,Spain,Q4,2021
34,spotify:track:5lFSvyRAeG0asgqBuM5MQW,"El Bobe, alPeDue",Ella,Montebello,14,33,24,1152490,ES,Spain,Q4,2021
35,spotify:track:27RSJHEA99Y0Vsow7nA37A,"Sech, JHAYCO",911 (Remix),Rich Music,7,37,13,1135566,ES,Spain,Q4,2021
36,spotify:track:6Qi1MNFHCLo4bVsV14MOmz,Nil Moliner,Libertad,WM Spain,32,36,22,1135422,ES,Spain,Q4,2021
37,spotify:track:1q0PYXTbDsirp2l74ng6pn,"J Balvin, Skrillex",In Da Getto,"Sueños Globales, LLC",16,31,14,1132213,ES,Spain,Q4,2021
38,spotify:track:1ahCrpeTt94LL7y1aXw0Y8,"Tokischa, ROSALÍA",Linda,Sony Music Latin,28,32,6,1129386,ES,Spain,Q4,2021
39,spotify:track:7kbKXgIpWuljf9WUYoelqg,"Moncho Chavea, Yotuel, Original Elias, C de Cama, Omar Montes, Mala Rodríguez, Rvfv, Beatriz Luengo, Nyno Vargas",Rakata - Remix,Universal Music Spain S.L.,35,35,5,1127604,ES,Spain,Q4,2021
40,spotify:track:07hvsxeAYfZFgiLiBos6Pz,"Beny Jr, El Guincho",Combo la L,RICO,33,34,13,1120308,ES,Spain,Q4,2021
41,spotify:track:59L8x0xy8njj75vzVCPMqg,"Becky G, El Alfa",FULANITO,Kemosabe Records/RCA Records/Sony Music Latin,10,41,18,1055339,ES,Spain,Q4,2021
42,spotify:track:6ynErSDSlxqsxg0D3LJ8sK,Daviles de Novelda,Flamenco y Bachata,Sony Music Entertainment,3,38,32,1036662,ES,Spain,Q4,2021
43,spotify:track:704LUEih663hiE3CnyUrFW,KAROL G,SEJODIOTO,UMLE - Latino,43,48,2,1023298,ES,Spain,Q4,2021
44,spotify:track:3CQDFLetMMxD5hzAnUk410,Rels B,SHORTY QUE TE VAYA BN <3,DALE PLAY Records / Flakk Team,44,-1,1,984741,ES,Spain,Q4,2021
45,spotify:track:1g4cZvi0nLeeIycd0Rkljj,"Lola Indigo, TINI, Belinda",La Niña de la Escuela,Universal Music Spain S.L.,16,44,14,965118,ES,Spain,Q4,2021
46,spotify:track:05bfbizlM5AX6Mf1RRyMho,"Nio Garcia, J Balvin, Bad Bunny",AM Remix,Flow La Movie,5,43,15,964122,ES,Spain,Q4,2021
47,spotify:track:6KEb17S00Inf0v1qYDgUAj,"Duki, Bizarrap",Malbec,SSJ Records / DALE PLAY Records,20,42,24,942142,ES,Spain,Q4,2021
48,spotify:track:2Xr1dTzJee307rmrkt8c0g,CKay,love nwantiti (ah ah ah),Chocolate City Music,48,54,3,930834,ES,Spain,Q4,2021
49,spotify:track:2Doh4izLZGrUD3yOSs9y9G,"JHAYCO, Skrillex",En Mi Cuarto,N&E Entertainment LLC,26,45,10,908983,ES,Spain,Q4,2021
50,spotify:track:23E53f3C9SJ9MqBh1f6hEw,Álvaro De Luna,Juramento eterno de sal,WM Spain,17,40,48,887502,ES,Spain,Q4,2021
1,spotify:track:6atYbfU3m7CYTDe4LzQlUI,"Jul, SCH",Mother Fuck,D'Or et de Platine,1,2,4,1597196,FR,France,Q1,2021
2,spotify:track:717QGTmZdkemDaCo1vQHG0,"13 Organisé, SCH, Kofs, Jul, Naps, Soso Maness, Elams, Solda, Houari",Bande organisée,Rien 100 Rien,1,1,21,1539703,FR,France,Q1,2021
3,spotify:track:3F1P0QzdXtBz0MXy7KIO5w,"Dua Lipa, Angèle",Fever,Warner Records,2,3,10,1423003,FR,France,Q1,2021
4,spotify:track:2SYYB9pwxbYJducVc2xGWD,Eva,Cœur noir,Universal Music Distributed Labels,4,5,5,1208222,FR,France,Q1,2021
5,spotify:track:6pdgDTMMDY8HjfJ1n7T9z5,"Landy, Niska",Millions d'euros,109 Record,5,9,6,1104798,FR,France,Q1,2021
6,spotify:track:4tJYqq9gYr0RATc1BpDkpy,"DA Uzi, Ninho, SCH, Hornet La Frappe, Leto, Sadek, Soprano","La vie du binks (feat. Hornet La Frappe, Leto, Sadek, Soprano)",Rec. 118,6,-1,1,1076345,FR,France,Q1,2021
7,spotify:track:1J4oMIhWDUd9cI1urhEyjl,"Naza, Niska",Joli bébé,Capricarolesque,2,4,17,1073654,FR,France,Q1,2021
8,spotify:track:0i5GJckWb9uCZU4jcGoBca,Ninho,Tout en Gucci,Rec. 118,6,14,10,1061904,FR,France,Q1,2021
9,spotify:track:1HDqaIxeJ70BTHgZWEuaeT,"Dadju, Tiakola",Dieu merci,Universal Music Division Capitol Music France,7,7,13,1027975,FR,France,Q1,2021
10,spotify:track:4MzXwWMhyBbmu6hOcLVD49,"Bad Bunny, JHAYCO",DÁKITI,Rimas Entertainment LLC,10,12,9,1019044,FR,France,Q1,2021
11,spotify:track:70pkwEEG7nDTXBFqoGQkH0,"Koba LaD, Maes, Zed",Coffre plein,Universal Music Division Capitol Music France,2,6,11,986607,FR,France,Q1,2021
12,spotify:track:3c39RLhnaw269QgsKnhFng,"Landy, Ninho",Enfants terribles,109 Record,8,8,3,980665,FR,France,Q1,2021
13,spotify:track:7hxHWCCAIIxFLCzvDgnQHX,"Internet Money, Gunna, Don Toliver, NAV",Lemonade (feat. NAV),Internet Money Records / TenThousand Projects,8,13,18,939685,FR,France,Q1,2021
14,spotify:track:2hL0WVDLvlxZ60J4YyWvFW,Landy,Médusa,109 Record,14,29,3,932963,FR,France,Q1,2021
15,spotify:track:3tjFYV6RSFtuktYl3ZtYcq,"24kGoldn, iann dior",Mood (feat. iann dior),Records/Columbia,3,11,20,916195,FR,France,Q1,2021
16,spotify:track:7iZVBT6LV32t4l00p73VAw,"Aya Nakamura, Stormzy",Plus Jamais (feat. Stormzy),Rec. 118,2,15,8,907629,FR,France,Q1,2021
17,spotify:track:3WCMzZvH2zK476lasbLx0s,"Zola, SCH",9 1 1 3 (feat. SCH),AWA,1,16,7,847871,FR,France,Q1,2021
18,spotify:track:66tNDqYNR2S6Svwgm3BMi9,OBOY,Cabeza,Syndicate Records,5,17,27,846108,FR,France,Q1,2021
19,spotify:track:5BUoMHwSI66mBNJB3H6yM5,"Jul, Wejdene",Loin de tout,D'Or et de Platine,5,10,3,830657,FR,France,Q1,2021
20,spotify:track:5vGLcdRuSbUhD8ScwsGSdA,CJ,Whoopty,CJ Music Group/T-Series,20,26,7,803592,FR,France,Q1,2021
21,spotify:track:12GV2Wr4p1hBWQCrQcVsew,"PLK, Hamza",Pilote (feat. Hamza),Panenka Music,6,22,19,770660,FR,France,Q1,2021
22,spotify:track:0VjIjW4GlUZAMYd2vXMi3b,The Weeknd,Blinding Lights,Republic Records,1,18,58,770449,FR,France,Q1,2021
23,spotify:track:0jUBH6aktBM2KCNnEZfBWJ,Bosh,Slide,Arista France,13,19,11,764652,FR,France,Q1,2021
24,spotify:track:1FP9s72rDYty6mfoOEYKnE,"Robin Schulz, KIDDO",All We Got (feat. KIDDO),WM Germany,23,23,10,758663,FR,France,Q1,2021
25,spotify:track:1tkg4EHVoqnhR6iFEXb60y,Pop Smoke,What You Know Bout Love,Victor Victor Worldwide,15,20,16,745795,FR,France,Q1,2021
26,spotify:track:2vBET2pmrQqafaS6zIaYta,"Black Eyed Peas, Shakira",GIRL LIKE ME,Epic,26,40,3,744206,FR,France,Q1,2021
27,spotify:track:0qARyMVNjA6q1uxxO3nofB,UZI,À la fête,Argentic Music / Capitol,6,24,27,734243,FR,France,Q1,2021
28,spotify:track:5Re3VKVOVnEhUi2TF56dMz,GIMS,Jusqu'ici tout va bien,Play Two,14,21,9,716480,FR,France,Q1,2021
29,spotify:track:2g63GxCZUmhsr4XoKR93F6,"Hatik, Jok'air",La meilleure,Play Two,15,25,41,712830,FR,France,Q1,2021
30,spotify:track:3fbxI1r2tjTM3iVeoq50lH,Jul,La passat,D'Or et de Platine,9,35,3,683149,FR,France,Q1,2021
31,spotify:track:4Z9CNGHElj2rLkB8mQdvnA,"Leto, Ninho",Macaroni (feat. Ninho),Rec. 118,2,30,19,664310,FR,France,Q1,2021
32,spotify:track:6i7zAdNhzUN2k1HcrBxPHG,"Ofenbach, Quarterhead, Norma Jean Martine",Head Shoulders Knees & Toes (feat. Norma Jean Martine),Elektra France,13,34,31,661272,FR,France,Q1,2021
33,spotify:track:20McUFi8KCIVdNDLrkTDuZ,HVME,Goosebumps,Columbia/B1 Recordings,33,36,17,652965,FR,France,Q1,2021
34,spotify:track:5wXkbtZO1HsOQ1P75zi35p,Vianney,beau-papa,Tôt Ou Tard,33,33,11,646427,FR,France,Q1,2021
35,spotify:track:4Q7FNGrWglfCRDeSGifLiz,Djadja & Dinaz,Perdu,Carré music,5,32,4,641045,FR,France,Q1,2021
36,spotify:track:6mXnfGvmempTdQUoOlJ8hr,"Heuss L'enfoiré, Vald",Canada,150 Productions / Echelon Records,27,27,3,625231,FR,France,Q1,2021
37,spotify:track:70APCdHsWV5BEsacwjzXmd,Dadju,Amour toxic,Universal Music Division Capitol Music France,16,39,15,623515,FR,France,Q1,2021
38,spotify:track:6ab3CQvDlAVttThZucwGQ1,Hatik,Angela,Play Two,1,28,42,620706,FR,France,Q1,2021
39,spotify:track:7toL2moA2sVueHJKDhVD0n,"Leto, Ninho",Vie de star (feat. Ninho),Rec. 118,39,-1,1,603055,FR,France,Q1,2021
40,spotify:track:35K7XwUfrCfPZBnBgoaHc8,Jok'air,Elles ont trop joué avec mon coeur,Play Two,40,73,4,602949,FR,France,Q1,2021
41,spotify:track:6zFMeegAMYQo0mt8rXtrli,Lil Nas X,HOLIDAY,Columbia,35,41,7,589112,FR,France,Q1,2021
42,spotify:track:5nujrmhLynf4yMoMtj8AQF,"Dua Lipa, DaBaby",Levitating (feat. DaBaby),Warner Records,42,44,10,586380,FR,France,Q1,2021
43,spotify:track:35mvY5S1H3J2QZyna3TFe0,Ariana Grande,positions,Republic Records,14,49,11,559401,FR,France,Q1,2021
44,spotify:track:5HEtuK03ygUzqca6yfgOYZ,Ninho,Lettre à une femme,Rec. 118 / Mal Luné Music,1,48,44,553307,FR,France,Q1,2021
45,spotify:track:0W4MOQ2kTOm1y7ooahgQP1,"Dadju, Ninho",Grand bain,Universal Music Division Capitol Music France,2,47,29,546018,FR,France,Q1,2021
46,spotify:track:4saklk6nie3yiGePpBwUoc,BTS,Dynamite,BIGHIT MUSIC,35,42,20,539063,FR,France,Q1,2021
47,spotify:track:51Of5p3lKZeOg6itfs4og4,twocolors,Lovefool,Intercord,38,38,24,534322,FR,France,Q1,2021
48,spotify:track:1Gk9DMuuVlCWXqzJLKvw2j,Jul,La pharmacie,D'Or et de Platine,8,37,3,516087,FR,France,Q1,2021
49,spotify:track:2twcZTB1udOEzDCPpTiOju,"Grand Corps Malade, Camille Lellouche",Mais je t'aime,Anouche Productions,22,52,29,515100,FR,France,Q1,2021
50,spotify:track:3FMhzMn4vB32InnfA2DiEf,"DJ Kayz, Niska",Monte le son,Juston Records,50,65,14,503532,FR,France,Q1,2021
1,spotify:track:3BZEcbdtXQSo7OrvKRJ6mb,Lil Nas X,MONTERO (Call Me By Your Name),Columbia,1,10,2,2712693,FR,France,Q2,2021
2,spotify:track:6sRPU30pj9A6G1pBXqzQkM,Moha K,Vroum Vroum,Wagram Music / W Lab,2,2,2,2278615,FR,France,Q2,2021
3,spotify:track:1bwhDrXcAtqePp8mNJ0pTe,Naps,La kiffance,OK Many Industrie et 13ème art Music,3,3,6,2211793,FR,France,Q2,2021
4,spotify:track:360oH1CqXe9XXzbbi6hvyr,Tayc,Le temps,Play Two,1,1,6,1980272,FR,France,Q2,2021
5,spotify:track:1SelxYHPb04GjUy0oYV1Jw,"Kore, Ninho",Mon poto - Extrait de la BO de « En Passant Pécho »,RCA Group,3,6,4,1708020,FR,France,Q2,2021
6,spotify:track:5BUl0EBl4tOmPtT9IN0UUP,Wejdene,Je t’aime de ouf,Universal Music Division Virgin Music,6,-1,1,1604814,FR,France,Q2,2021
7,spotify:track:5LYRIyhmlrDAQsYdHEvP0f,"Booba, JSX",Mona Lisa,Universal Music Distribution Deal,1,7,5,1553165,FR,France,Q2,2021
8,spotify:track:03cOUvF1fyW60AuUfUNiDc,"SCH, Freeze corleone",Mannschaft (feat. Freeze Corleone),Rec. 118,1,5,3,1417034,FR,France,Q2,2021
9,spotify:track:7qezIDRM0E3WTW1lWxItug,"SCH, Jul",Mode Akimbo (feat. Jul),Rec. 118,3,4,3,1390714,FR,France,Q2,2021
10,spotify:track:6Vcxzw4ifKqYxVrp3ckpVF,Gazo,HAINE&SEX,BSB PROD,10,57,6,1357704,FR,France,Q2,2021
11,spotify:track:4cG7HUWYHBV6R6tHn1gxrl,"Riton, Nightcrawlers, Mufasa & Hypeman, Mufasa, Dopamine",Friday (feat. Mufasa & Hypeman) - Dopamine Re-Edit,Ministry of Sound Recordings,11,28,10,1217573,FR,France,Q2,2021
12,spotify:track:4iJyoBOLtHqaGxP12qzhQI,"Justin Bieber, Daniel Caesar, GIVĒON",Peaches (feat. Daniel Caesar & Giveon),RBMG/Def Jam,12,36,3,1212655,FR,France,Q2,2021
13,spotify:track:2vBET2pmrQqafaS6zIaYta,"Black Eyed Peas, Shakira",GIRL LIKE ME,Epic,2,12,16,1157444,FR,France,Q2,2021
14,spotify:track:7moGDROshDKDpuQxtQ3q4m,"Serge Ibaka, Ninho",Champion,Ouenzé Music,13,13,6,1144765,FR,France,Q2,2021
15,spotify:track:4MzXwWMhyBbmu6hOcLVD49,"Bad Bunny, JHAYCO",DÁKITI,Rimas Entertainment LLC,4,15,22,1111692,FR,France,Q2,2021
16,spotify:track:3bGGvbwbhq9kIMhHaXBdYL,"Naps, SCH",La danse des bandits,OK Many Industrie et 13ème art Music,16,-1,1,1102991,FR,France,Q2,2021
17,spotify:track:3F1P0QzdXtBz0MXy7KIO5w,"Dua Lipa, Angèle",Fever,Warner Records,1,17,23,1082387,FR,France,Q2,2021
18,spotify:track:3BDHFeYIrqGpL8HNkuI6zv,SCH,Marché noir,Rec. 118,1,8,9,1079449,FR,France,Q2,2021
19,spotify:track:5xriTc82DdSAGToWcixBKf,Were-vana,Casanova,Play Two,19,20,8,1077614,FR,France,Q2,2021
20,spotify:track:717QGTmZdkemDaCo1vQHG0,"13 Organisé, SCH, Kofs, Jul, Naps, Soso Maness, Elams, Solda, Houari",Bande organisée,Rien 100 Rien,1,18,34,1059435,FR,France,Q2,2021
21,spotify:track:2vd2HEhrkafOi2uveHjzzh,"Alonzo, Jul, Naps",La Seleçao,Universal Music Distribution Deal,14,14,2,1045607,FR,France,Q2,2021
22,spotify:track:5uEYRdEIh9Bo4fpjDd4Na9,"Travis Scott, HVME",Goosebumps - Remix,Cactus Jack/Epic,12,19,10,1024108,FR,France,Q2,2021
23,spotify:track:52yZydTRNmxinmjt5hjk95,SCH,Crack,Rec. 118,2,9,3,1020968,FR,France,Q2,2021
24,spotify:track:3IWsDAFAwPNVnnTeQyUj7w,"Marwa Loud, Eva",Allo,Argentic Music / Capitol,24,42,3,993564,FR,France,Q2,2021
25,spotify:track:5QO79kh1waicV47BqGRL3g,The Weeknd,Save Your Tears,Republic Records,5,22,14,968510,FR,France,Q2,2021
26,spotify:track:25PVU9aowaP69bSYRBe3sj,"Gazo, Tiakola",KASSAV (feat. Tiakola),BSB PROD,14,38,12,967940,FR,France,Q2,2021
27,spotify:track:5SqR7dxbJiTSadTaVEhZ04,Jok'air,Elles ont trop joué avec mon coeur,Play Two,12,25,17,962278,FR,France,Q2,2021
28,spotify:track:3VT8hOC5vuDXBsHrR53WFh,Masked Wolf,Astronaut In The Ocean,Elektra (NEK),27,27,9,949543,FR,France,Q2,2021
29,spotify:track:0i5GJckWb9uCZU4jcGoBca,Ninho,Tout en Gucci,Rec. 118,5,32,23,939334,FR,France,Q2,2021
30,spotify:track:2pPO9YecZimmuVQfIzfV6U,"Ofenbach, Lagique",Wasted Love (feat. Lagique),Elektra France,30,34,11,933979,FR,France,Q2,2021
31,spotify:track:1j9kCQ1R2mh2AAieXmZOZ5,Djadja & Dinaz,À cœur ouvert,Carré music,8,16,7,926320,FR,France,Q2,2021
32,spotify:track:7uCLrBdy5FH6T7vcJzqRd7,"Amel Bent, Hatik","1,2,3",Universal Music Division Capitol Music France,10,29,23,913499,FR,France,Q2,2021
33,spotify:track:5cpJFiNwYyWwFLH0V6B3N8,"Ozuna, Doja Cat, Sia",Del Mar,Aura Music Corp.,29,41,27,842836,FR,France,Q2,2021
34,spotify:track:0qPcwdfndSahEBm4pPGZYq,SCH,Loup noir,Rec. 118,4,11,4,825482,FR,France,Q2,2021
35,spotify:track:0Z8DRG0HgZJ1bIhCQqyzPo,Eva,Cœur noir,Universal Music Distributed Labels,3,39,18,815158,FR,France,Q2,2021
36,spotify:track:5YaskwnGDZFDRipaqzbwQx,"ATB, Topic, A7S",Your Love (9PM),Intercord,36,43,8,795956,FR,France,Q2,2021
37,spotify:track:66tNDqYNR2S6Svwgm3BMi9,OBOY,Cabeza,Syndicate Records,5,53,40,740485,FR,France,Q2,2021
38,spotify:track:2hL0WVDLvlxZ60J4YyWvFW,Landy,Médusa,109 Record,1,61,16,704065,FR,France,Q2,2021
39,spotify:track:6uAL5MbQ6bOBOrgqf05FK6,Djadja & Dinaz,Plein les poches,Carré music,21,21,2,693986,FR,France,Q2,2021
40,spotify:track:1p9dxTMtG4gZpLp7yzvT54,Therapie TAXI,Eté 90,Panenka Music,40,73,13,679083,FR,France,Q2,2021
41,spotify:track:4jPy3l0RUwlUI9T5XHBW2m,"24kGoldn, iann dior",Mood (feat. iann dior),Records/Columbia,3,55,33,678289,FR,France,Q2,2021
42,spotify:track:3iw6V4LH7yPj1ESORX9RIN,"Nathan Evans, 220 KID",Wellerman - Sea Shanty / 220 KID x Billen Ted Remix,Polydor Records,42,62,8,667576,FR,France,Q2,2021
43,spotify:track:3XoflnowYPFRPOh3uFvHcm,"DJ Snake, Selena Gomez",Selfish Love (with Selena Gomez),DJ Snake Music Productions Limited,43,81,5,653402,FR,France,Q2,2021
44,spotify:track:59o6ojGNGJOYiVJSzC6Lsa,"David Guetta, Kid Cudi",Memories (feat. Kid Cudi) - 2021 Remix,Parlophone (France),36,60,9,650965,FR,France,Q2,2021
45,spotify:track:0G4puQDFyihFfN8h6PpVDo,Wejdene,Réfléchir,Universal Music Division Virgin Music,21,88,7,650678,FR,France,Q2,2021
46,spotify:track:7n2IirOomwTTGdGZVZ3vCD,SCH,Grand bain,Rec. 118,6,24,3,643529,FR,France,Q2,2021
47,spotify:track:1iAyJBksvAI6DQEnzv8l1E,"Robin Schulz, KIDDO",All We Got (feat. KIDDO),WM Germany,16,67,23,642459,FR,France,Q2,2021
48,spotify:track:0VjIjW4GlUZAMYd2vXMi3b,The Weeknd,Blinding Lights,Republic Records,1,70,71,640995,FR,France,Q2,2021
49,spotify:track:70pkwEEG7nDTXBFqoGQkH0,"Koba LaD, Maes, Zed",Coffre plein,Universal Music Division Capitol Music France,2,71,24,634870,FR,France,Q2,2021
50,spotify:track:6f3Slt0GbA2bPZlz0aIFXN,Tiësto,The Business,Atlantic Records,45,77,22,633323,FR,France,Q2,2021
1,spotify:track:03y045SZqaC94yfXl1cU4E,"Soso Maness, PLK",Petrouchka (feat. PLK),RCA Group,1,1,5,3560422,FR,France,Q3,2021
2,spotify:track:1bwhDrXcAtqePp8mNJ0pTe,Naps,La kiffance,OK Many Industrie et 13ème art Music,1,2,19,2979604,FR,France,Q3,2021
3,spotify:track:3Wrjm47oTz2sjIgck11l5e,Måneskin,Beggin',RCA Records Label,3,9,5,2009456,FR,France,Q3,2021
4,spotify:track:14M6BbiHt2w9KHVvoIUIUF,Jul,"Pic et pic, alcool et drame",D'Or et de Platine,4,4,2,1837504,FR,France,Q3,2021
5,spotify:track:67BtfxlNbhBmCDR2L2l8qd,Lil Nas X,MONTERO (Call Me By Your Name),Columbia,1,3,15,1807003,FR,France,Q3,2021
6,spotify:track:5SYovWMQq0vPKMg7kzYCVy,Jul,Alors la zone,D'Or et de Platine,5,5,5,1645339,FR,France,Q3,2021
7,spotify:track:2vd2HEhrkafOi2uveHjzzh,"Alonzo, Jul, Naps",La Seleçao,Universal Music Distribution Deal,2,6,15,1533684,FR,France,Q3,2021
8,spotify:track:62nJqZs3Qs7DGUto35dVUv,MHD,Afro Trap Part. 11 (King Kong),Artside,4,7,6,1509933,FR,France,Q3,2021
9,spotify:track:3ieLcaMIyl1Avm7JtHSk0d,"Marwa Loud, Moha K",Bimbo,Argentic Music / Capitol,7,10,6,1433295,FR,France,Q3,2021
10,spotify:track:0xfMlIW8lS40qvpsUw1l0X,Kungs,Never Going Home,Universal Music Division Island Def Jam,10,14,6,1332607,FR,France,Q3,2021
11,spotify:track:6wL9pSXJ4roDSEoBpYyQy7,Aya Nakamura,Bobo,Rec. 118,3,8,6,1304944,FR,France,Q3,2021
12,spotify:track:6EQR7Y5vVZFiPD0RUECIDv,"Reik, Rocco Hunt, Ana Mena",A Un Paso De La Luna - Remix,RCA Records Label,10,13,9,1293243,FR,France,Q3,2021
13,spotify:track:4IbDTrLxImTJfZePAX2nKB,"Koba LaD, Gazo",Daddy chocolat,"Grinta Records, en coproduction avec Millenium, un label Universal Music France",13,41,3,1256443,FR,France,Q3,2021
14,spotify:track:7MC4XR9M9amdmKQr2iDF7i,"Justin Wellington, Small Jam",Iko Iko (My Bestie),RCA Records Label,10,17,11,1201762,FR,France,Q3,2021
15,spotify:track:6Vcxzw4ifKqYxVrp3ckpVF,Gazo,HAINE&SEX,BSB PROD,1,11,19,1161831,FR,France,Q3,2021
16,spotify:track:360oH1CqXe9XXzbbi6hvyr,Tayc,Le temps,Play Two,1,18,19,1058373,FR,France,Q3,2021
17,spotify:track:3ggtU1ZOKO8ZNiqPNyXGcm,Trinidad Cardona,Dinero,Run It Up Records/Island,17,24,4,1047528,FR,France,Q3,2021
18,spotify:track:5nujrmhLynf4yMoMtj8AQF,"Dua Lipa, DaBaby",Levitating (feat. DaBaby),Warner Records,18,23,36,1029611,FR,France,Q3,2021
19,spotify:track:3M89zvwwb1jtDUDKYNsdiA,"Dance Fruits Music, DMNDS, dnvn, Lunis, Lujavo",Calabria (feat. Lunis & Lujavo),Fruits Music,13,27,8,1028017,FR,France,Q3,2021
20,spotify:track:1TmuaS1lnCUf7yCLk2hwDT,Moha K,Vroum Vroum,Wagram Music / W Lab,2,22,15,995881,FR,France,Q3,2021
21,spotify:track:4cG7HUWYHBV6R6tHn1gxrl,"Riton, Nightcrawlers, Mufasa & Hypeman, Mufasa, Dopamine",Friday (feat. Mufasa & Hypeman) - Dopamine Re-Edit,Ministry of Sound Recordings,11,28,23,994393,FR,France,Q3,2021
22,spotify:track:6krr1QQpT7nN8fjLjdWXIC,"Dinos, Damso",Du mal à te dire,Universal Music Distribution Deal,22,-1,1,992536,FR,France,Q3,2021
23,spotify:track:6gblTHN7eKFPvm4XxnYhl8,"Joé Dwèt Filé, Ronisia",Jolie madame (feat. Ronisia),DF EMPIRE,10,21,13,987042,FR,France,Q3,2021
24,spotify:track:717QGTmZdkemDaCo1vQHG0,"13 Organisé, SCH, Kofs, Jul, Naps, Soso Maness, Elams, Solda, Houari",Bande organisée,Rien 100 Rien,1,26,47,983587,FR,France,Q3,2021
25,spotify:track:1p9dxTMtG4gZpLp7yzvT54,Therapie TAXI,Eté 90,Panenka Music,14,34,26,896695,FR,France,Q3,2021
26,spotify:track:6PQ88X9TkUIAUIZJHW2upE,Ed Sheeran,Bad Habits,Atlantic Records UK,26,52,2,891025,FR,France,Q3,2021
27,spotify:track:3fdOkTuwYW2nyBi8vIibKc,Jul,Assassinat,D'Or et de Platine,12,12,2,888727,FR,France,Q3,2021
28,spotify:track:3DarAbFujv6eYNliUTyqtz,"Doja Cat, SZA",Kiss Me More (feat. SZA),Kemosabe Records/RCA Records,20,29,13,880780,FR,France,Q3,2021
29,spotify:track:4ZtFanR9U6ndgddUvNcjcG,Olivia Rodrigo,good 4 u,Olivia Rodrigo PS,15,35,8,878731,FR,France,Q3,2021
30,spotify:track:3bGGvbwbhq9kIMhHaXBdYL,"Naps, SCH",La danse des bandits,OK Many Industrie et 13ème art Music,11,30,14,875437,FR,France,Q3,2021
31,spotify:track:4iJyoBOLtHqaGxP12qzhQI,"Justin Bieber, Daniel Caesar, GIVĒON",Peaches (feat. Daniel Caesar & Giveon),RBMG/Def Jam,6,43,16,872060,FR,France,Q3,2021
32,spotify:track:5qFOdxS3v8Dny9T4p2CUIy,"Kore, Ninho",Mon poto - Extrait de la BO de « En Passant Pécho »,RCA Group,3,31,17,840638,FR,France,Q3,2021
33,spotify:track:5LYRIyhmlrDAQsYdHEvP0f,"Booba, JSX",Mona Lisa,Universal Music Distribution Deal,1,44,18,837088,FR,France,Q3,2021
34,spotify:track:5xriTc82DdSAGToWcixBKf,Were-vana,Casanova,Play Two,14,38,21,831816,FR,France,Q3,2021
35,spotify:track:27Z3UdqvdAhtJlWBMoDjBD,OBOY,TDB,SYNDICATE RECORDS,35,-1,1,817257,FR,France,Q3,2021
36,spotify:track:0fukO3WYYUHaXOrvEohpEG,Damso,Σ. MOROSE,Trente-quatre Centimes,1,36,11,816917,FR,France,Q3,2021
37,spotify:track:5zFglKYiknIxks8geR8rcL,"Maroon 5, Megan Thee Stallion",Beautiful Mistakes (feat. Megan Thee Stallion),Interscope Records*,24,42,17,815474,FR,France,Q3,2021
38,spotify:track:0PBLRJSxoXpxWRsKjXQw24,"Jul, Naps",C'est la cité,D'Or et de Platine,16,16,2,806528,FR,France,Q3,2021
39,spotify:track:7qezIDRM0E3WTW1lWxItug,"SCH, Jul",Mode Akimbo (feat. Jul),Rec. 118,3,37,16,790027,FR,France,Q3,2021
40,spotify:track:37BZB0z9T8Xu7U3e65qxFy,"The Weeknd, Ariana Grande",Save Your Tears (with Ariana Grande) (Remix),Republic Records,33,50,11,769112,FR,France,Q3,2021
41,spotify:track:2Dv1CPIgX29t816ZLscdB2,"Dadju, Anitta",Mon soleil,Universal Music Division Capitol Music France,41,83,5,767650,FR,France,Q3,2021
42,spotify:track:6OYZvwKN8GaauTrJS1TuuH,"Imanbek, Sean Paul, Sofía Reyes",Dancing On Dangerous,MITH,31,39,10,766059,FR,France,Q3,2021
43,spotify:track:70jyIxNr3R5k3bofVYX9GS,"No Limit, Orelsan, Ninho",Millions,NO LIMIT PROD,8,15,3,743440,FR,France,Q3,2021
44,spotify:track:5uEYRdEIh9Bo4fpjDd4Na9,"Travis Scott, HVME",Goosebumps - Remix,Cactus Jack/Epic,12,46,23,727844,FR,France,Q3,2021
45,spotify:track:5dQIouH7fnD63c0Nd7muR5,"Kendji Girac, Soolking",Bebeto,Universal Music Division Island Def Jam,45,58,8,721717,FR,France,Q3,2021
46,spotify:track:0JyX9jNf4mUdp1eNUVAqyR,Djadja & Dinaz,Manège,Carré music,46,-1,1,719210,FR,France,Q3,2021
47,spotify:track:4mNDKJGdcdt20KnZOIglRE,Zkr,Freestyle 5min #11,Morning Glory Music / All Road / Allpoints,47,-1,1,703892,FR,France,Q3,2021
48,spotify:track:0b18g3G5spr4ZCkz7Y6Q0Q,"Majestic, Boney M.",Rasputin,NITRON music,39,55,15,696304,FR,France,Q3,2021
49,spotify:track:70MrRXJfGbZz4D5YFLpWpm,Jul,Je n'ai pas que des potes,D'Or et de Platine,19,19,3,692681,FR,France,Q3,2021
50,spotify:track:5woXULngEdyMvrNIPE2fbx,Jul,Le bouton,D'Or et de Platine,20,20,2,658081,FR,France,Q3,2021
1,spotify:track:5YoDQgB4j7oBHWXH3DcwFD,OBOY,TDB,SYNDICATE RECORDS,1,1,14,2247481,FR,France,Q4,2021
2,spotify:track:1bwhDrXcAtqePp8mNJ0pTe,Naps,La kiffance,OK Many Industrie et 13ème art Music,1,5,32,1895471,FR,France,Q4,2021
3,spotify:track:5Z9KJZvQzH6PFmb8SNkxuk,"Lil Nas X, Jack Harlow",INDUSTRY BABY (feat. Jack Harlow),Columbia,2,2,11,1858400,FR,France,Q4,2021
4,spotify:track:2B4GHvToeLTOBB4QLzW3Ni,Farruko,Pepas,Sony Music Latin,3,3,8,1784977,FR,France,Q4,2021
5,spotify:track:5PjdY0CKGZdEuoNab3yDmX,"The Kid LAROI, Justin Bieber",STAY (with Justin Bieber),Columbia,3,4,13,1745333,FR,France,Q4,2021
6,spotify:track:2Xr1dTzJee307rmrkt8c0g,CKay,love nwantiti (ah ah ah),Chocolate City Music,6,23,4,1529807,FR,France,Q4,2021
7,spotify:track:4IbDTrLxImTJfZePAX2nKB,"Koba LaD, Gazo",Daddy chocolat,"Grinta Records, en coproduction avec Millenium, un label Universal Music France",2,6,16,1428551,FR,France,Q4,2021
8,spotify:track:6Uj1ctrBOjOas8xZXGqKk4,Doja Cat,Woman,Kemosabe Records/RCA Records,7,7,9,1397137,FR,France,Q4,2021
9,spotify:track:6PQ88X9TkUIAUIZJHW2upE,Ed Sheeran,Bad Habits,Atlantic Records UK,6,8,15,1357163,FR,France,Q4,2021
10,spotify:track:03y045SZqaC94yfXl1cU4E,"Soso Maness, PLK",Petrouchka (feat. PLK),RCA Group,1,9,18,1108561,FR,France,Q4,2021
11,spotify:track:02MWAaffLxlfxAUY7c5dvx,Glass Animals,Heat Waves,Polydor Records,11,11,11,1103981,FR,France,Q4,2021
12,spotify:track:7r9KkTYiFYMuNcGR4aySxh,"Bolémvn, Guy2Bezbar",Ça canarde,Universal Music Division Capitol Music France,9,10,8,1025487,FR,France,Q4,2021
13,spotify:track:6CyIkPh5mRkJg7T5xXynQ8,"Hornet La Frappe, Ninho",Gasolina (feat. Ninho),Rec. 118,13,21,6,995905,FR,France,Q4,2021
14,spotify:track:6zSpb8dQRaw0M1dK8PBwQz,"Elton John, Dua Lipa, PNAU",Cold Heart - PNAU Remix,EMI,14,19,7,985107,FR,France,Q4,2021
15,spotify:track:6YC6zgdJog4gw0y2IyfRmR,"Sasso, Kaza",Elle veut,Wagram Music / W Lab,12,13,8,937624,FR,France,Q4,2021
16,spotify:track:14M6BbiHt2w9KHVvoIUIUF,Jul,"Pic et pic, alcool et drame",D'Or et de Platine,4,14,15,925645,FR,France,Q4,2021
17,spotify:track:2kUKeN9ZpYHqfBjB8Gphb2,"Naps, GIMS",Best life,OK Many Industrie/13ème Art Music,17,-1,1,904962,FR,France,Q4,2021
18,spotify:track:66tNDqYNR2S6Svwgm3BMi9,OBOY,Cabeza,Syndicate Records,5,15,66,893839,FR,France,Q4,2021
19,spotify:track:4QAv7uyOwIgqOVgzczomOo,"Leto, Tiakola",Mapessa (feat. Tiakola),Rec. 118,9,12,3,886543,FR,France,Q4,2021
20,spotify:track:2Dv1CPIgX29t816ZLscdB2,"Dadju, Anitta",Mon soleil,Universal Music Division Capitol Music France,10,16,18,870392,FR,France,Q4,2021
21,spotify:track:0xfMlIW8lS40qvpsUw1l0X,Kungs,Never Going Home,Universal Music Division Island Def Jam,5,17,19,848103,FR,France,Q4,2021
22,spotify:track:3uUuGVFu1V7jTQL60S1r8z,"Lost Frequencies, Calum Scott",Where Are You Now,Epic Amsterdam,22,22,6,839390,FR,France,Q4,2021
23,spotify:track:0X5zETsfr8nGAVABRcD4o4,Djadja & Dinaz,Dans le Réseau,Carré music,16,24,5,815721,FR,France,Q4,2021
24,spotify:track:717QGTmZdkemDaCo1vQHG0,"13 Organisé, SCH, Kofs, Jul, Naps, Soso Maness, Elams, Solda, Houari",Bande organisée,Rien 100 Rien,1,25,60,809766,FR,France,Q4,2021
25,spotify:track:1SC5rEoYDGUK4NfG82494W,Lil Nas X,MONTERO (Call Me By Your Name),Columbia,1,18,28,806059,FR,France,Q4,2021
26,spotify:track:3bGGvbwbhq9kIMhHaXBdYL,"Naps, SCH",La danse des bandits,OK Many Industrie et 13ème art Music,11,50,27,796078,FR,France,Q4,2021
27,spotify:track:3IR9wKWxI0TK1DLXvZq8uQ,"Franglish, Gradur",Trucs de choses,Argentic Music / Capitol,27,29,10,787031,FR,France,Q4,2021
28,spotify:track:3Wrjm47oTz2sjIgck11l5e,Måneskin,Beggin',RCA Records Label,3,28,18,781572,FR,France,Q4,2021
29,spotify:track:11HLDMuPD3wh88XHw4udKO,"Laylow, Nekfeu, Fousheé",SPECIAL (feat. Nekfeu & Fousheé),Digitalmundo,8,26,12,773823,FR,France,Q4,2021
30,spotify:track:6M3PsepEj5gyJoIi7Xvr7u,The Weeknd,Take My Breath - Single Version,XO / Republic Records,17,34,9,770589,FR,France,Q4,2021
31,spotify:track:2s1lS0DxcxTB8Y6oFgVKqW,"Kalash, Gazo",Tu le sais,Play Two,31,33,11,768679,FR,France,Q4,2021
32,spotify:track:6OufwUcCqo81guU2jAlDVP,Shouse,Love Tonight (Edit),Hell Beach,12,20,14,767886,FR,France,Q4,2021
33,spotify:track:2vd2HEhrkafOi2uveHjzzh,"Alonzo, Jul, Naps",La Seleçao,Universal Music Distribution Deal,2,27,28,760802,FR,France,Q4,2021
34,spotify:track:0e8nrvls4Qqv5Rfa2UhqmO,Lil Nas X,THATS WHAT I WANT,Columbia,26,30,3,695638,FR,France,Q4,2021
35,spotify:track:75MNhvTCCKsST3YqqUiU9r,Ed Sheeran,Shivers,Atlantic Records UK,35,55,4,691530,FR,France,Q4,2021
36,spotify:track:6EQR7Y5vVZFiPD0RUECIDv,"Reik, Rocco Hunt, Ana Mena",A Un Paso De La Luna - Remix,RCA Records Label,10,31,22,665104,FR,France,Q4,2021
37,spotify:track:0PuQvRclIp1bN8et2lVA4d,OBOY,Louis V,SYNDICATE RECORDS,11,32,4,663259,FR,France,Q4,2021
38,spotify:track:656vbT8JKkVx7g1yG12L89,OBOY,Avec Toi,SYNDICATE RECORDS,36,36,14,660190,FR,France,Q4,2021
39,spotify:track:1q0PYXTbDsirp2l74ng6pn,"J Balvin, Skrillex",In Da Getto,"Sueños Globales, LLC",33,38,11,656610,FR,France,Q4,2021
40,spotify:track:4MQgqO4HollqhSs1Cu9xRR,Hatik,Ma p'tite étoile,Play Two,38,42,15,656029,FR,France,Q4,2021
41,spotify:track:4kD8R79tBSosgKhVjgU4Zl,Ziak,Fixette - Bonus,Universal Music Division Capitol Music France,41,117,4,655166,FR,France,Q4,2021
42,spotify:track:375kzpRydDdOxOSCGMK53b,Imagine Dragons,Follow You,Kid Ina Korner / Interscope,31,39,30,634870,FR,France,Q4,2021
43,spotify:track:6Vcxzw4ifKqYxVrp3ckpVF,Gazo,HAINE&SEX,BSB PROD,1,41,32,628134,FR,France,Q4,2021
44,spotify:track:1058fW9H3fZA6QjYCdOBad,Camila Cabello,Don't Go Yet,Epic,37,37,11,623715,FR,France,Q4,2021
45,spotify:track:5qFOdxS3v8Dny9T4p2CUIy,"Kore, Ninho",Mon poto - Extrait de la BO de « En Passant Pécho »,RCA Group,3,45,30,619624,FR,France,Q4,2021
46,spotify:track:70jyIxNr3R5k3bofVYX9GS,"No Limit, Orelsan, Ninho",Millions,NO LIMIT PROD,8,44,16,616002,FR,France,Q4,2021
47,spotify:track:22ryI5wBJBvCFf0EjwG3Du,"Sia, Amir, Banx & Ranx",1+1 (feat. Amir) - Banx & Ranx Remix,Monkey Puzzle/Atlantic,47,61,6,610460,FR,France,Q4,2021
48,spotify:track:5LYRIyhmlrDAQsYdHEvP0f,"Booba, JSX",Mona Lisa,Universal Music Distribution Deal,1,46,31,587878,FR,France,Q4,2021
49,spotify:track:6krr1QQpT7nN8fjLjdWXIC,"Dinos, Damso",Du mal à te dire,Universal Music Distribution Deal,22,74,14,587645,FR,France,Q4,2021
50,spotify:track:1ZSdPeVhNy8VuSiXM3pXhv,MHD,Afro Trap Part. 11 (King Kong),Universal Music Division Capitol Music France,4,43,19,583380,FR,France,Q4,2021
1,spotify:track:35mvY5S1H3J2QZyna3TFe0,Ariana Grande,positions,Republic Records,1,18,11,1488080,GB,United Kingdom,Q1,2021
2,spotify:track:3tjFYV6RSFtuktYl3ZtYcq,"24kGoldn, iann dior",Mood (feat. iann dior),Records/Columbia,1,20,21,1465006,GB,United Kingdom,Q1,2021
3,spotify:track:5vGLcdRuSbUhD8ScwsGSdA,CJ,Whoopty,CJ Music Group/T-Series,3,23,12,1423050,GB,United Kingdom,Q1,2021
4,spotify:track:6cx06DFPPHchuUAcTxznu9,"Joel Corry, MNEK",Head & Heart (feat. MNEK),Atlantic Records UK,1,26,27,1299068,GB,United Kingdom,Q1,2021
5,spotify:track:7hxHWCCAIIxFLCzvDgnQHX,"Internet Money, Gunna, Don Toliver, NAV",Lemonade (feat. NAV),Internet Money Records / TenThousand Projects,2,24,21,1297137,GB,United Kingdom,Q1,2021
6,spotify:track:0VjIjW4GlUZAMYd2vXMi3b,The Weeknd,Blinding Lights,Republic Records,1,28,58,1291799,GB,United Kingdom,Q1,2021
7,spotify:track:27OeeYzk6klgBh83TSvGMA,The Kid LAROI,WITHOUT YOU,Columbia,7,34,9,1269502,GB,United Kingdom,Q1,2021
8,spotify:track:1tkg4EHVoqnhR6iFEXb60y,Pop Smoke,What You Know Bout Love,Victor Victor Worldwide,4,27,27,1261685,GB,United Kingdom,Q1,2021
9,spotify:track:0E4Y1XIbs8GrAT1YqVy6dq,Ed Sheeran,Afterglow,Atlantic Records UK,9,33,3,1218024,GB,United Kingdom,Q1,2021
10,spotify:track:6Im9k8u9iIzKMrmV7BWtlF,Ariana Grande,34+35,Republic Records,6,30,10,1193321,GB,United Kingdom,Q1,2021
11,spotify:track:31qCy5ZaophVA81wtlwLc4,Justin Bieber,Anyone,RBMG/Def Jam,11,-1,1,1152548,GB,United Kingdom,Q1,2021
12,spotify:track:76Tuo484SLohJakHLnGI3B,Little Mix,Sweet Melody,RCA Records Label,7,38,11,1054057,GB,United Kingdom,Q1,2021
13,spotify:track:45bE4HXI0AwGZXfZtMp8JR,Tate McRae,you broke me first,RCA Records Label,8,41,25,1034800,GB,United Kingdom,Q1,2021
14,spotify:track:6ft4hAq6yde8jPZY2i5zLr,"MEDUZA, Dermot Kennedy",Paradise (feat. Dermot Kennedy),Universal-Island Records Ltd.,14,42,10,1031543,GB,United Kingdom,Q1,2021
15,spotify:track:5nujrmhLynf4yMoMtj8AQF,"Dua Lipa, DaBaby",Levitating (feat. DaBaby),Warner Records,12,43,14,1020189,GB,United Kingdom,Q1,2021
16,spotify:track:2Oycxb8QbPkpHTo8ZrmG0B,"Miley Cyrus, Dua Lipa",Prisoner (feat. Dua Lipa),RCA Records Label,13,49,7,929970,GB,United Kingdom,Q1,2021
17,spotify:track:54bFM56PmE4YLRnqpW6Tha,Billie Eilish,Therefore I Am,Darkroom/Interscope Records,1,50,8,896307,GB,United Kingdom,Q1,2021
18,spotify:track:0osdzA0D159EUmBcrwMcB4,"Wes Nelson, Hardy Caprio",See Nobody,EMI,6,48,16,883975,GB,United Kingdom,Q1,2021
19,spotify:track:6zFMeegAMYQo0mt8rXtrli,Lil Nas X,HOLIDAY,Columbia,19,47,8,870167,GB,United Kingdom,Q1,2021
20,spotify:track:4Oun2ylbjFKMPTiaSbbCih,"Cardi B, Megan Thee Stallion",WAP (feat. Megan Thee Stallion),Atlantic/KSR,1,45,22,861783,GB,United Kingdom,Q1,2021
21,spotify:track:4D0GT8zWuA7Z2em6dpajAn,Central Cee,Loading,Central Cee,21,58,11,851873,GB,United Kingdom,Q1,2021
22,spotify:track:6UelLqGlWMcVH1E5c4H7lY,Harry Styles,Watermelon Sugar,Columbia,4,55,60,846056,GB,United Kingdom,Q1,2021
23,spotify:track:3YJJjQPAbDT7mGpX3WtQ9A,SZA,Good Days,Top Dawg Entertainment/RCA Records,23,134,2,819348,GB,United Kingdom,Q1,2021
24,spotify:track:3Uo7WG0vmLQ07WB4BDwy7D,Taylor Swift,willow,Taylor Swift,11,60,4,805043,GB,United Kingdom,Q1,2021
25,spotify:track:7ytR5pFWmSjzHJIeQkgog4,"DaBaby, Roddy Ricch",ROCKSTAR (feat. Roddy Ricch),South Coast Music Group/Interscope Records,1,53,38,804766,GB,United Kingdom,Q1,2021
26,spotify:track:50v2TSRV31bwpAPkjWejNL,"KSI, Digital Farm Animals, Craig David",Really Love - feat. Craig David & Digital Farm Animals,BMG Rights Management (US) LLC,6,54,11,790446,GB,United Kingdom,Q1,2021
27,spotify:track:055Mme9ReKK99jRFA5UJ55,Shane Codd,Get Out My Head,Polydor Records,27,63,8,789249,GB,United Kingdom,Q1,2021
28,spotify:track:7qEHsqek33rTcFNT9PFqLf,Lewis Capaldi,Someone You Loved,Vertigo Berlin,1,66,106,782860,GB,United Kingdom,Q1,2021
29,spotify:track:17bGtGqqaXOgVnhnfx5NlE,"Paul Woolford, Diplo, Kareen Lomax",Looking For Me,Higher Ground,6,59,25,777597,GB,United Kingdom,Q1,2021
30,spotify:track:2U5WueTLIK5WJLD7mvDODv,Juice WRLD,Wishing Well,Grade A Productions/Interscope Records,11,68,26,756142,GB,United Kingdom,Q1,2021
31,spotify:track:0PvFJmanyNQMseIFrU708S,"Pop Smoke, Lil Baby, DaBaby",For The Night (feat. Lil Baby & DaBaby),Victor Victor Worldwide,10,64,27,746066,GB,United Kingdom,Q1,2021
32,spotify:track:45S5WTQEGOB1VHr1Q4FuPl,Harry Styles,Golden,Columbia,32,85,14,733772,GB,United Kingdom,Q1,2021
33,spotify:track:03snIuKJr5u7zpyp9zpQMU,"Headie One, AJ Tracey, Stormzy",Ain't It Different (feat. AJ Tracey & Stormzy),Relentless Records,2,65,20,702782,GB,United Kingdom,Q1,2021
34,spotify:track:5rZlwNFl01HqLWBQGryKSm,"Pop Smoke, Lil Tjay",Mood Swings (feat. Lil Tjay),Victor Victor Worldwide,6,67,27,702458,GB,United Kingdom,Q1,2021
35,spotify:track:285pBltuF7vW8TeWk8hdRR,Juice WRLD,Lucid Dreams,Juice WRLD Mixtape / ISR P&D,6,70,138,692217,GB,United Kingdom,Q1,2021
36,spotify:track:3qgPpwtuRu5oP8EtFSj8HE,The Kid LAROI,SO DONE,Columbia,36,82,11,690193,GB,United Kingdom,Q1,2021
37,spotify:track:55Am8neGJkdj2ADaM3aw5H,James Arthur,Train Wreck,Columbia,27,77,16,687058,GB,United Kingdom,Q1,2021
38,spotify:track:4i2qxFEVVUi8yOYoxB8TCX,Miley Cyrus,Midnight Sky,RCA Records Label,14,69,21,675987,GB,United Kingdom,Q1,2021
39,spotify:track:2QjOHCTQ1Jl3zawyYOpxh6,The Neighbourhood,Sweater Weather,Columbia,39,84,15,671366,GB,United Kingdom,Q1,2021
40,spotify:track:6Hj9jySrnFppAI0sEMCZpJ,Juice WRLD,Robbery,Grade A Productions/Interscope Records,31,76,72,662385,GB,United Kingdom,Q1,2021
41,spotify:track:003vvx7Niy0yvhvHt4a68B,The Killers,Mr. Brightside,Island Records,37,71,211,656987,GB,United Kingdom,Q1,2021
42,spotify:track:6f3Slt0GbA2bPZlz0aIFXN,Tiësto,The Business,Atlantic Records,42,90,8,654530,GB,United Kingdom,Q1,2021
43,spotify:track:20McUFi8KCIVdNDLrkTDuZ,HVME,Goosebumps,Columbia/B1 Recordings,43,121,4,644440,GB,United Kingdom,Q1,2021
44,spotify:track:0ofHAoxe9vBkTCp2UQIavz,Fleetwood Mac,Dreams - 2004 Remaster,Rhino/Warner Records,17,78,38,635440,GB,United Kingdom,Q1,2021
45,spotify:track:1HbA4N1MiOsPthALesGFR1,"Shawn Mendes, Justin Bieber",Monster (Shawn Mendes & Justin Bieber),Shawn Mendes LP4-5 PS/ Island,21,92,7,634983,GB,United Kingdom,Q1,2021
46,spotify:track:0zLCBJZSiELJf02ucPP9wb,"SAINt JHN, Imanbek",Roses - Imanbek Remix,Craft Recordings,2,75,54,633316,GB,United Kingdom,Q1,2021
47,spotify:track:5u1n1kITHCxxp8twBcZxWy,"Justin Bieber, Chance the Rapper",Holy (feat. Chance The Rapper),RBMG/Def Jam,11,74,16,625737,GB,United Kingdom,Q1,2021
48,spotify:track:59qrUpoplZxbIZxk6X0Bm3,Jason Derulo,Take You Dancing,Atlantic Records,15,88,24,624268,GB,United Kingdom,Q1,2021
49,spotify:track:7ju97lgwC2rKQ6wwsf9no9,"Lady Gaga, Ariana Grande",Rain On Me (with Ariana Grande),Interscope,2,83,33,621974,GB,United Kingdom,Q1,2021
50,spotify:track:48q0vSHcJdhK3IiXH8C5WJ,Arctic Monkeys,Why'd You Only Call Me When You're High?,Domino Recording Co,50,93,12,599273,GB,United Kingdom,Q1,2021
1,spotify:track:3BZEcbdtXQSo7OrvKRJ6mb,Lil Nas X,MONTERO (Call Me By Your Name),Columbia,1,2,2,3816813,GB,United Kingdom,Q2,2021
2,spotify:track:4iJyoBOLtHqaGxP12qzhQI,"Justin Bieber, Daniel Caesar, GIVĒON",Peaches (feat. Daniel Caesar & Giveon),RBMG/Def Jam,1,1,3,3155731,GB,United Kingdom,Q2,2021
3,spotify:track:4cG7HUWYHBV6R6tHn1gxrl,"Riton, Nightcrawlers, Mufasa & Hypeman, Mufasa, Dopamine",Friday (feat. Mufasa & Hypeman) - Dopamine Re-Edit,Ministry of Sound Recordings,3,3,11,1862454,GB,United Kingdom,Q2,2021
4,spotify:track:3J8EOeKLTLXORtWPpOU5bE,"Lil Tjay, 6LACK",Calling My Phone,Columbia,1,6,8,1809162,GB,United Kingdom,Q2,2021
5,spotify:track:7lPN2DXiMsVn7XUKtOW1CS,Olivia Rodrigo,drivers license,Olivia Rodrigo PS,1,4,13,1803548,GB,United Kingdom,Q2,2021
6,spotify:track:0siYMEsGrzzzlWLXK5zJfS,"Joel Corry, RAYE, David Guetta",BED,Perfect Havoc / Asylum Records,6,8,6,1756816,GB,United Kingdom,Q2,2021
7,spotify:track:6f3Slt0GbA2bPZlz0aIFXN,Tiësto,The Business,Atlantic Records,4,5,21,1751479,GB,United Kingdom,Q2,2021
8,spotify:track:7pnQ23WgZca9jEfMts9qsR,A1 x J1,Latest Trends,EMI,4,7,9,1645019,GB,United Kingdom,Q2,2021
9,spotify:track:3CVb6hkMrlF7eHhXi5B3PZ,"Russ Millions, Tion Wayne",Body,Atlantic Records UK,9,21,2,1529669,GB,United Kingdom,Q2,2021
10,spotify:track:4I5bvu2KDsrCg0EWHIcvul,"Anne-Marie, KSI, Digital Farm Animals",Don't Play,Asylum Records,2,9,12,1462907,GB,United Kingdom,Q2,2021
11,spotify:track:27OeeYzk6klgBh83TSvGMA,The Kid LAROI,WITHOUT YOU,Columbia,2,10,22,1402377,GB,United Kingdom,Q2,2021
12,spotify:track:02MWAaffLxlfxAUY7c5dvx,Glass Animals,Heat Waves,Polydor Records,12,18,25,1384256,GB,United Kingdom,Q2,2021
13,spotify:track:1nahzW3kfMuwReTka28tH5,Justin Bieber,Hold On,RBMG/Def Jam,7,11,5,1373863,GB,United Kingdom,Q2,2021
14,spotify:track:5YaskwnGDZFDRipaqzbwQx,"ATB, Topic, A7S",Your Love (9PM),Intercord,14,15,10,1369609,GB,United Kingdom,Q2,2021
15,spotify:track:0UCKUJU94sx8XBQnaNsRkB,Central Cee,Commitment Issues,Central Cee,9,12,8,1351652,GB,United Kingdom,Q2,2021
16,spotify:track:3iw6V4LH7yPj1ESORX9RIN,"Nathan Evans, 220 KID",Wellerman - Sea Shanty / 220 KID x Billen Ted Remix,Polydor Records,10,13,11,1333709,GB,United Kingdom,Q2,2021
17,spotify:track:1M4OcYkxAtu3ErzSgDEfoi,Cardi B,Up,Atlantic Records,16,16,9,1324439,GB,United Kingdom,Q2,2021
18,spotify:track:5QO79kh1waicV47BqGRL3g,The Weeknd,Save Your Tears,Republic Records,7,14,16,1323818,GB,United Kingdom,Q2,2021
19,spotify:track:3VT8hOC5vuDXBsHrR53WFh,Masked Wolf,Astronaut In The Ocean,Elektra (NEK),19,19,9,1309220,GB,United Kingdom,Q2,2021
20,spotify:track:5nujrmhLynf4yMoMtj8AQF,"Dua Lipa, DaBaby",Levitating (feat. DaBaby),Warner Records,12,22,27,1256578,GB,United Kingdom,Q2,2021
21,spotify:track:6cx06DFPPHchuUAcTxznu9,"Joel Corry, MNEK",Head & Heart (feat. MNEK),Atlantic Records UK,1,17,40,1241923,GB,United Kingdom,Q2,2021
22,spotify:track:3Iba59sFmGhQ4kbCY5L8AX,Tom Grennan,Little Bit of Love,Insanity Records,22,27,6,1230165,GB,United Kingdom,Q2,2021
23,spotify:track:5erCwioOcRwP59NJUAtEK3,"D-Block Europe, RAYE",Ferrari Horses,D-Block Europe,23,28,6,1230002,GB,United Kingdom,Q2,2021
24,spotify:track:0VjIjW4GlUZAMYd2vXMi3b,The Weeknd,Blinding Lights,Republic Records,1,20,71,1169268,GB,United Kingdom,Q2,2021
25,spotify:track:15OCqNPYoLziEAsbVnqRj5,Mimi Webb,Good Without,Epic,24,24,2,1161477,GB,United Kingdom,Q2,2021
26,spotify:track:61KpQadow081I2AsbeLcsb,Olivia Rodrigo,deja vu,Olivia Rodrigo PS,26,-1,1,1088700,GB,United Kingdom,Q2,2021
27,spotify:track:60ynsPSSKe6O3sfwRnIBRf,Doja Cat,Streets,Kemosabe Records/RCA Records,5,25,13,1081511,GB,United Kingdom,Q2,2021
28,spotify:track:6ft4hAq6yde8jPZY2i5zLr,"MEDUZA, Dermot Kennedy",Paradise (feat. Dermot Kennedy),Universal-Island Records Ltd.,6,26,23,1029889,GB,United Kingdom,Q2,2021
29,spotify:track:5J5CpT6bgE6KYKk23jgp9W,"KSI, YUNGBLUD, Polo G",Patience - feat. YUNGBLUD & Polo G,BMG Rights Management (US) LLC,2,23,4,1026398,GB,United Kingdom,Q2,2021
30,spotify:track:44xO8889yUQHn70P73NILS,Navos,Believe Me,Universal-Island Records Ltd.,29,29,9,997181,GB,United Kingdom,Q2,2021
31,spotify:track:7MAibcTli4IisCtbHKrGMh,"Bruno Mars, Anderson .Paak, Silk Sonic",Leave The Door Open,Aftermath Entertainment/Atlantic,22,35,5,964114,GB,United Kingdom,Q2,2021
32,spotify:track:1KixkQVDUHggZMU9dUobgm,Ava Max,My Head & My Heart,Atlantic Records,32,37,8,941867,GB,United Kingdom,Q2,2021
33,spotify:track:055Mme9ReKK99jRFA5UJ55,Shane Codd,Get Out My Head,Polydor Records,19,30,21,924499,GB,United Kingdom,Q2,2021
34,spotify:track:3FAJ6O0NOHQV8Mc5Ri6ENp,GIVĒON,Heartbreak Anniversary,Epic/Not So Fast,34,38,7,908472,GB,United Kingdom,Q2,2021
35,spotify:track:4jPy3l0RUwlUI9T5XHBW2m,"24kGoldn, iann dior",Mood (feat. iann dior),Records/Columbia,1,31,34,890667,GB,United Kingdom,Q2,2021
36,spotify:track:003vvx7Niy0yvhvHt4a68B,The Killers,Mr. Brightside,Island Records,36,44,224,881114,GB,United Kingdom,Q2,2021
37,spotify:track:4CH0dVylkeBPydRM7AaG8g,"Ella Henderson, Tom Grennan",Let’s Go Home Together,Atlantic Records UK,37,50,6,871614,GB,United Kingdom,Q2,2021
38,spotify:track:1tLV0GD0WXQ1Z8BKOQscti,Central Cee,6 For 6,Central Cee,14,32,4,863717,GB,United Kingdom,Q2,2021
39,spotify:track:4vzJrkfHbCGaodPA5RY5BV,Central Cee,Loading,Central Cee,20,34,24,863688,GB,United Kingdom,Q2,2021
40,spotify:track:3YJJjQPAbDT7mGpX3WtQ9A,SZA,Good Days,Top Dawg Entertainment/RCA Records,4,36,15,861387,GB,United Kingdom,Q2,2021
41,spotify:track:1diS6nkxMQc3wwC4G1j0bh,Dua Lipa,We're Good,Warner Records,37,43,8,842721,GB,United Kingdom,Q2,2021
42,spotify:track:7hxHWCCAIIxFLCzvDgnQHX,"Internet Money, Gunna, Don Toliver, NAV",Lemonade (feat. NAV),Internet Money Records / TenThousand Projects,2,42,34,834280,GB,United Kingdom,Q2,2021
43,spotify:track:2WnAKZefdRHxtBEkRjFOHC,Justin Bieber,Anyone,RBMG/Def Jam,6,33,14,819505,GB,United Kingdom,Q2,2021
44,spotify:track:20McUFi8KCIVdNDLrkTDuZ,HVME,Goosebumps,Columbia/B1 Recordings,21,40,17,803479,GB,United Kingdom,Q2,2021
45,spotify:track:7htmRcPbmrY9oenatxz9UL,"A1 x J1, Aitch",Latest Trends (feat. Aitch) - Remix,EMI,23,39,4,788258,GB,United Kingdom,Q2,2021
46,spotify:track:2Lhdl74nwwVGOE2Gv35QuK,Gym Class Heroes,Cupid's Chokehold / Breakfast in America,Decaydance/Fueled By Ramen/ATL,46,47,5,787320,GB,United Kingdom,Q2,2021
47,spotify:track:7qEHsqek33rTcFNT9PFqLf,Lewis Capaldi,Someone You Loved,Vertigo Berlin,1,49,119,779629,GB,United Kingdom,Q2,2021
48,spotify:track:1tkg4EHVoqnhR6iFEXb60y,Pop Smoke,What You Know Bout Love,Victor Victor Worldwide,4,46,40,761765,GB,United Kingdom,Q2,2021
49,spotify:track:1t9WgS8FN0534tLBRwbaxO,CJ,Whoopty,Warner Records,3,45,25,755816,GB,United Kingdom,Q2,2021
50,spotify:track:6UelLqGlWMcVH1E5c4H7lY,Harry Styles,Watermelon Sugar,Columbia,4,52,73,748487,GB,United Kingdom,Q2,2021
1,spotify:track:6PQ88X9TkUIAUIZJHW2upE,Ed Sheeran,Bad Habits,Atlantic Records UK,1,2,2,4885211,GB,United Kingdom,Q3,2021
2,spotify:track:4ZtFanR9U6ndgddUvNcjcG,Olivia Rodrigo,good 4 u,Olivia Rodrigo PS,1,1,8,4383401,GB,United Kingdom,Q3,2021
3,spotify:track:0Ai6qtPfiEYGCqBGJYWD1W,"Baddiel, Skinner & Lightning Seeds",Three Lions (Football's Coming Home),Sony Music UK,3,20,9,2816788,GB,United Kingdom,Q3,2021
4,spotify:track:3Wrjm47oTz2sjIgck11l5e,Måneskin,Beggin',RCA Records Label,4,4,5,2644268,GB,United Kingdom,Q3,2021
5,spotify:track:4pt5fDVTg5GhEvEtlz9dKk,Måneskin,I WANNA BE YOUR SLAVE,RCA Records Label,5,5,7,2563085,GB,United Kingdom,Q3,2021
6,spotify:track:3DarAbFujv6eYNliUTyqtz,"Doja Cat, SZA",Kiss Me More (feat. SZA),Kemosabe Records/RCA Records,2,3,13,2207297,GB,United Kingdom,Q3,2021
7,spotify:track:5K6Ssv4Z3zRvxt0P6EKUAP,"Galantis, David Guetta, Little Mix",Heartbreak Anthem (with David Guetta & Little Mix),Big Beat Records,7,8,7,2058546,GB,United Kingdom,Q3,2021
8,spotify:track:67BtfxlNbhBmCDR2L2l8qd,Lil Nas X,MONTERO (Call Me By Your Name),Columbia,1,7,15,2012998,GB,United Kingdom,Q3,2021
9,spotify:track:6nV2dFZXpv1JlqDWBeTXRl,KSI,Holiday,BMG Rights Management (US) LLC,2,6,3,1851958,GB,United Kingdom,Q3,2021
10,spotify:track:5CZ40GBx1sQ9agT82CLQCT,Olivia Rodrigo,traitor,Olivia Rodrigo PS,6,11,7,1796743,GB,United Kingdom,Q3,2021
11,spotify:track:6HU7h9RYOaPRFeh0R3UeAr,Olivia Rodrigo,deja vu,Olivia Rodrigo PS,3,10,14,1611264,GB,United Kingdom,Q3,2021
12,spotify:track:6uvMKqNlrSvcC4NaKnrwjZ,"Tion Wayne, Russ Millions, ArrDee, E1 (3x3), ZT (3x3), Bugzy Malone, Buni, Fivio Foreign, Darkoo","Body (Remix) [feat. ArrDee, E1 (3x3), ZT (3x3), Bugzy Malone, Buni, Fivio Foreign & Darkoo]",Atlantic Records UK,1,9,11,1533973,GB,United Kingdom,Q3,2021
13,spotify:track:6mSzsSdu0CWIV70jEjWMhI,ArrDee,Oliver Twist,Universal-Island Records Ltd.,8,12,5,1495523,GB,United Kingdom,Q3,2021
14,spotify:track:5nujrmhLynf4yMoMtj8AQF,"Dua Lipa, DaBaby",Levitating (feat. DaBaby),Warner Records,7,15,40,1395682,GB,United Kingdom,Q3,2021
15,spotify:track:37BZB0z9T8Xu7U3e65qxFy,"The Weeknd, Ariana Grande",Save Your Tears (with Ariana Grande) (Remix),Republic Records,14,14,11,1388027,GB,United Kingdom,Q3,2021
16,spotify:track:5JCoSi02qi3jJeHdZXMmR8,Olivia Rodrigo,favorite crime,Olivia Rodrigo PS,8,21,7,1349154,GB,United Kingdom,Q3,2021
17,spotify:track:15OCqNPYoLziEAsbVnqRj5,Mimi Webb,Good Without,Epic,16,16,15,1327120,GB,United Kingdom,Q3,2021
18,spotify:track:0siYMEsGrzzzlWLXK5zJfS,"Joel Corry, RAYE, David Guetta",BED,Perfect Havoc / Asylum Records,4,18,19,1322790,GB,United Kingdom,Q3,2021
19,spotify:track:5wANPM4fQCJwkGd4rN57mH,Olivia Rodrigo,drivers license,Olivia Rodrigo PS,1,19,26,1283021,GB,United Kingdom,Q3,2021
20,spotify:track:0vR2rIVORmgeKiGIgNT0fV,"Calvin Harris, Tom Grennan",By Your Side (feat. Tom Grennan),Columbia,20,22,5,1278754,GB,United Kingdom,Q3,2021
21,spotify:track:0k4d5YPDr1r7FX77VdqWez,"Doja Cat, The Weeknd",You Right,Kemosabe Records/RCA Records,13,13,2,1272438,GB,United Kingdom,Q3,2021
22,spotify:track:18vXApRmJSgQ6wG2ll9AOg,Polo G,RAPSTAR,Columbia,3,17,13,1222474,GB,United Kingdom,Q3,2021
23,spotify:track:0MMyJUC3WNnFS1lit5pTjk,Olivia Rodrigo,"jealousy, jealousy",Olivia Rodrigo PS,14,30,7,1130112,GB,United Kingdom,Q3,2021
24,spotify:track:7zx1i0jGcFwMBurajgKlO7,Jonasu,Black Magic,3Beat,24,85,2,1117738,GB,United Kingdom,Q3,2021
25,spotify:track:2tGvwE8GcFKwNdAXMnlbfl,Olivia Rodrigo,happier,Olivia Rodrigo PS,10,26,7,1099846,GB,United Kingdom,Q3,2021
26,spotify:track:2Ms8MDDtYBw7M3K5F3EqPX,Mimi Webb,Dumb Love,Epic,21,24,4,1084391,GB,United Kingdom,Q3,2021
27,spotify:track:02MWAaffLxlfxAUY7c5dvx,Glass Animals,Heat Waves,Polydor Records,12,27,38,1050697,GB,United Kingdom,Q3,2021
28,spotify:track:6SRsiMl7w1USE4mFqrOhHC,Olivia Rodrigo,brutal,Olivia Rodrigo PS,8,29,7,1044361,GB,United Kingdom,Q3,2021
29,spotify:track:4iJyoBOLtHqaGxP12qzhQI,"Justin Bieber, Daniel Caesar, GIVĒON",Peaches (feat. Daniel Caesar & Giveon),RBMG/Def Jam,1,23,16,1043885,GB,United Kingdom,Q3,2021
30,spotify:track:3kNWyHdLVW1x6pn9EnSQ1H,Tom Zanetti,Didn't Know,SiC Records Limited,30,32,20,1006296,GB,United Kingdom,Q3,2021
31,spotify:track:4cG7HUWYHBV6R6tHn1gxrl,"Riton, Nightcrawlers, Mufasa & Hypeman, Mufasa, Dopamine",Friday (feat. Mufasa & Hypeman) - Dopamine Re-Edit,Ministry of Sound Recordings,3,25,24,995703,GB,United Kingdom,Q3,2021
32,spotify:track:4laAKIq9ZxBCwf99rauPYb,"Becky Hill, David Guetta",Remember,Polydor Records,32,45,3,992055,GB,United Kingdom,Q3,2021
33,spotify:track:5YaskwnGDZFDRipaqzbwQx,"ATB, Topic, A7S",Your Love (9PM),Intercord,11,33,23,973637,GB,United Kingdom,Q3,2021
34,spotify:track:6rok0MW3ze4KBEng4ZBAna,Fat Les,Vindaloo,Union Square Music,34,152,4,958179,GB,United Kingdom,Q3,2021
35,spotify:track:6cx06DFPPHchuUAcTxznu9,"Joel Corry, MNEK",Head & Heart (feat. MNEK),Atlantic Records UK,1,35,53,945248,GB,United Kingdom,Q3,2021
36,spotify:track:3Iba59sFmGhQ4kbCY5L8AX,Tom Grennan,Little Bit of Love,Insanity Records,12,34,19,923863,GB,United Kingdom,Q3,2021
37,spotify:track:1QL7nSDZCwZMnbisV4KOXt,"WILLOW, Travis Barker",t r a n s p a r e n t s o u l feat. Travis Barker,"MSFTSMusic / Roc Nation Records, LLC",25,31,6,914726,GB,United Kingdom,Q3,2021
38,spotify:track:5zqObw7wjBgL9TDiAymxPn,"Anne-Marie, Niall Horan",Our Song,Atlantic Records/Asylum,38,40,7,886989,GB,United Kingdom,Q3,2021
39,spotify:track:0VjIjW4GlUZAMYd2vXMi3b,The Weeknd,Blinding Lights,Republic Records,1,38,84,860575,GB,United Kingdom,Q3,2021
40,spotify:track:0b18g3G5spr4ZCkz7Y6Q0Q,"Majestic, Boney M.",Rasputin,NITRON music,25,36,15,850838,GB,United Kingdom,Q3,2021
41,spotify:track:003vvx7Niy0yvhvHt4a68B,The Killers,Mr. Brightside,Island Records,36,43,237,844289,GB,United Kingdom,Q3,2021
42,spotify:track:6f3Slt0GbA2bPZlz0aIFXN,Tiësto,The Business,Atlantic Records,4,46,34,831847,GB,United Kingdom,Q3,2021
43,spotify:track:40JjCZcdzT9ldZk5DhFqdZ,"Little Mix, Saweetie",Confetti (feat. Saweetie),RCA Records Label,32,41,10,828875,GB,United Kingdom,Q3,2021
44,spotify:track:47x8g4l24IpCvlcRxv2Jb6,New Order,World in Motion,Warner Records,44,-1,3,786694,GB,United Kingdom,Q3,2021
45,spotify:track:4CH0dVylkeBPydRM7AaG8g,"Ella Henderson, Tom Grennan",Let’s Go Home Together,Atlantic Records UK,24,42,19,783291,GB,United Kingdom,Q3,2021
46,spotify:track:0BGwAKW4u8kWOhWFflZxfl,Masked Wolf,Astronaut In The Ocean,Elektra (NEK),18,39,22,755022,GB,United Kingdom,Q3,2021
47,spotify:track:5erCwioOcRwP59NJUAtEK3,"D-Block Europe, RAYE",Ferrari Horses,D-Block Europe,11,44,19,750384,GB,United Kingdom,Q3,2021
48,spotify:track:5lAnYvAIkSDNXqfo7DyFUm,Doja Cat,Ain't Shit,Kemosabe Records/RCA Records,37,37,2,739538,GB,United Kingdom,Q3,2021
49,spotify:track:53HqOfi7OfHRXzcWTdGJB3,AJ Tracey,Little More Love,Revenge Records,20,47,12,731945,GB,United Kingdom,Q3,2021
50,spotify:track:7uD5yn7Ll3XqvaY93FwSQ2,Aitch,Learning Curve,Capitol Records UK / EMI,48,48,2,710853,GB,United Kingdom,Q3,2021
1,spotify:track:75MNhvTCCKsST3YqqUiU9r,Ed Sheeran,Shivers,Atlantic Records UK,1,1,4,2753023,GB,United Kingdom,Q4,2021
2,spotify:track:5PjdY0CKGZdEuoNab3yDmX,"The Kid LAROI, Justin Bieber",STAY (with Justin Bieber),Columbia,1,2,13,2651220,GB,United Kingdom,Q4,2021
3,spotify:track:6PQ88X9TkUIAUIZJHW2upE,Ed Sheeran,Bad Habits,Atlantic Records UK,1,3,15,2357680,GB,United Kingdom,Q4,2021
4,spotify:track:6zSpb8dQRaw0M1dK8PBwQz,"Elton John, Dua Lipa, PNAU",Cold Heart - PNAU Remix,EMI,4,7,8,2192495,GB,United Kingdom,Q4,2021
5,spotify:track:5Z9KJZvQzH6PFmb8SNkxuk,"Lil Nas X, Jack Harlow",INDUSTRY BABY (feat. Jack Harlow),Columbia,4,4,11,2111470,GB,United Kingdom,Q4,2021
6,spotify:track:02MWAaffLxlfxAUY7c5dvx,Glass Animals,Heat Waves,Polydor Records,6,6,51,2090797,GB,United Kingdom,Q4,2021
7,spotify:track:4PYfFHKfjYz6dwAtZhBy1z,Central Cee,Obsessed With You,Central Cee,5,5,4,2079079,GB,United Kingdom,Q4,2021
8,spotify:track:4ZtFanR9U6ndgddUvNcjcG,Olivia Rodrigo,good 4 u,Olivia Rodrigo PS,1,9,21,1740617,GB,United Kingdom,Q4,2021
9,spotify:track:2Xr1dTzJee307rmrkt8c0g,CKay,love nwantiti (ah ah ah),Chocolate City Music,9,14,4,1613700,GB,United Kingdom,Q4,2021
10,spotify:track:37Nqx7iavZpotJSDXZWbJ3,"Drake, Lil Baby",Girls Want Girls (with Lil Baby),OVO,1,8,5,1612041,GB,United Kingdom,Q4,2021
11,spotify:track:0e8nrvls4Qqv5Rfa2UhqmO,Lil Nas X,THATS WHAT I WANT,Columbia,9,10,3,1595956,GB,United Kingdom,Q4,2021
12,spotify:track:6Uj1ctrBOjOas8xZXGqKk4,Doja Cat,Woman,Kemosabe Records/RCA Records,11,11,13,1563522,GB,United Kingdom,Q4,2021
13,spotify:track:6Dy1jexKYriXAVG6evyUTJ,"Joel Corry, Jax Jones, Charli xcx, Saweetie",OUT OUT (feat. Charli XCX & Saweetie),Atlantic Records UK,12,13,8,1410919,GB,United Kingdom,Q4,2021
14,spotify:track:4RVwu0g32PAqgUiJoXsdF8,Billie Eilish,Happier Than Ever,Darkroom/Interscope Records,4,15,10,1348428,GB,United Kingdom,Q4,2021
15,spotify:track:40iJIUlhi6renaREYGeIDS,"Drake, Travis Scott",Fair Trade (with Travis Scott),OVO,2,12,5,1292061,GB,United Kingdom,Q4,2021
16,spotify:track:2zxEc1GCSCxbHIXTfhraRC,"Dave, Stormzy",Clash (feat. Stormzy),Neighbourhood [GB] / Dave,2,17,13,1261033,GB,United Kingdom,Q4,2021
17,spotify:track:7zx1i0jGcFwMBurajgKlO7,Jonasu,Black Magic,3Beat,4,18,15,1232217,GB,United Kingdom,Q4,2021
18,spotify:track:6feiJqgHqeSvkGUzf11AYs,"Becky Hill, David Guetta",Remember (with David Guetta),Polydor Records,6,16,16,1195234,GB,United Kingdom,Q4,2021
19,spotify:track:2dWNKXTs5z7Iu1g0kYh4Xe,"Becky Hill, Topic",My Heart Goes (La Di Da) (feat. Topic),Polydor Records,19,24,6,1142845,GB,United Kingdom,Q4,2021
20,spotify:track:1SC5rEoYDGUK4NfG82494W,Lil Nas X,MONTERO (Call Me By Your Name),Columbia,1,20,28,1125329,GB,United Kingdom,Q4,2021
21,spotify:track:07MDkzWARZaLEdKxo6yArG,"THE ANXIETY, WILLOW, Tyler Cole",Meet Me At Our Spot,"MSFTSMusic / Roc Nation Records, LLC",21,25,6,1125253,GB,United Kingdom,Q4,2021
22,spotify:track:0k1WUmIRnG3xU6fvvDVfRG,"Drake, Future, Young Thug",Way 2 Sexy (with Future & Young Thug),OVO,5,19,5,1124466,GB,United Kingdom,Q4,2021
23,spotify:track:32pPek0KsHsMSSFogNu49f,"Digga D, ArrDee",Wasted,EGA Music Group,9,22,8,1117690,GB,United Kingdom,Q4,2021
24,spotify:track:3Vi5XqYrmQgOYBajMWSvCi,Doja Cat,Need to Know,Kemosabe Records/RCA Records,8,21,17,1099929,GB,United Kingdom,Q4,2021
25,spotify:track:4XvcHTUfIlWfyJTRG0aqlo,Sleepy Hallow,2055,Winners Circle/RCA Records,21,23,12,1090765,GB,United Kingdom,Q4,2021
26,spotify:track:3DarAbFujv6eYNliUTyqtz,"Doja Cat, SZA",Kiss Me More (feat. SZA),Kemosabe Records/RCA Records,2,27,26,952809,GB,United Kingdom,Q4,2021
27,spotify:track:3FeVmId7tL5YN8B7R3imoM,"Coldplay, BTS",My Universe,Parlophone UK,27,31,2,931688,GB,United Kingdom,Q4,2021
28,spotify:track:3Wrjm47oTz2sjIgck11l5e,Måneskin,Beggin',RCA Records Label,4,28,18,912672,GB,United Kingdom,Q4,2021
29,spotify:track:6Hfu9sc7jvv6coyy2LlzBF,"Kanye West, The Weeknd, Lil Baby",Hurricane,Rock The World/IDJ/Kanye LP7,5,26,6,873106,GB,United Kingdom,Q4,2021
30,spotify:track:0eu4C55hL6x29mmeAjytzC,Oliver Tree,Life Goes On,Atlantic Records,30,39,3,869655,GB,United Kingdom,Q4,2021
31,spotify:track:1olCzMxaeiQKNO64ssWVGr,"Rain Radio, DJ Craig Gorman",Talk About,Polydor Records,18,29,14,853552,GB,United Kingdom,Q4,2021
32,spotify:track:0MWiSBKm8Avs8iDIxcertp,"Anne-Marie, Little Mix",Kiss My (Uh Oh),Atlantic Records/Asylum,21,30,11,851339,GB,United Kingdom,Q4,2021
33,spotify:track:5CZ40GBx1sQ9agT82CLQCT,Olivia Rodrigo,traitor,Olivia Rodrigo PS,6,33,20,840474,GB,United Kingdom,Q4,2021
34,spotify:track:5K6Ssv4Z3zRvxt0P6EKUAP,"Galantis, David Guetta, Little Mix",Heartbreak Anthem (with David Guetta & Little Mix),Big Beat Records,7,32,20,827732,GB,United Kingdom,Q4,2021
35,spotify:track:003vvx7Niy0yvhvHt4a68B,The Killers,Mr. Brightside,Island Records,35,36,250,823324,GB,United Kingdom,Q4,2021
36,spotify:track:6M3PsepEj5gyJoIi7Xvr7u,The Weeknd,Take My Breath - Single Version,XO / Republic Records,17,34,9,823050,GB,United Kingdom,Q4,2021
37,spotify:track:0W7brFokN6QtGRNp32RCQP,Arz,Alone With You,Capitol,37,49,8,768151,GB,United Kingdom,Q4,2021
38,spotify:track:4pt5fDVTg5GhEvEtlz9dKk,Måneskin,I WANNA BE YOUR SLAVE,RCA Records Label,5,37,20,763673,GB,United Kingdom,Q4,2021
39,spotify:track:3wA4ronkc8ZcPXUP0fDgYA,Justus Bennetts,Bad Day,Sounds Good,39,41,4,747258,GB,United Kingdom,Q4,2021
40,spotify:track:3DQRe4gHJOY4ufHBZr2jUF,"Tion Wayne, ArrDee",Wid It,Atlantic Records UK,26,35,7,721026,GB,United Kingdom,Q4,2021
41,spotify:track:2zBDKzqa6sdxeI0fC6OWIC,Tones And I,Fly Away,Elektra (NEK),20,42,17,703595,GB,United Kingdom,Q4,2021
42,spotify:track:14Bcv6siTBPw3TlP84dasC,KSI,Holiday,BMG Rights Management (US) LLC,2,40,16,699887,GB,United Kingdom,Q4,2021
43,spotify:track:5nujrmhLynf4yMoMtj8AQF,"Dua Lipa, DaBaby",Levitating (feat. DaBaby),Warner Records,7,46,53,699428,GB,United Kingdom,Q4,2021
44,spotify:track:2prnn41CblB8B4yWACDljP,"Shouse, David Guetta",Love Tonight (David Guetta Remix Edit),Hell Beach,44,47,10,697532,GB,United Kingdom,Q4,2021
45,spotify:track:1uzRV0C8fuXoO3oe5veC5C,Digga D,2k17,EGA Music Group,34,44,4,686344,GB,United Kingdom,Q4,2021
46,spotify:track:44V6EzbUSYgyfsNiP0FrlA,Ed Sheeran,Visiting Hours,Atlantic Records UK,12,45,7,681427,GB,United Kingdom,Q4,2021
47,spotify:track:0W6I02J9xcqK8MtSeosEXb,Doja Cat,Get Into It (Yuh),Kemosabe Records/RCA Records,42,48,10,680931,GB,United Kingdom,Q4,2021
48,spotify:track:5wANPM4fQCJwkGd4rN57mH,Olivia Rodrigo,drivers license,Olivia Rodrigo PS,1,52,39,672783,GB,United Kingdom,Q4,2021
49,spotify:track:0VjIjW4GlUZAMYd2vXMi3b,The Weeknd,Blinding Lights,Republic Records,1,53,97,669676,GB,United Kingdom,Q4,2021
50,spotify:track:4gvrJnKCKIPiacNsWVQwEU,"CKay, Dj Yo!, AX'EL",love nwantiti (feat. Dj Yo! & AX'EL) - Remix,WM South Africa,50,57,3,669336,GB,United Kingdom,Q4,2021
1,spotify:track:4Nc4ojIRbHohLiX9NmKkVh,"Harnoor, Gifty",Waalian,Sky Digital,1,1,13,1327784,IN,India,Q1,2021
2,spotify:track:1smFN2CLqGROu0J0UyvDfL,"Pritam, Arijit Singh",Shayad,Sony Music Entertainment India Pvt. Ltd.,1,2,51,1230211,IN,India,Q1,2021
3,spotify:track:1980E4Grgu5xAhNbFZ1mb1,"Afsana Khan, Avvy Sra, Harrdy Sandhu, Sargun Mehta",Titliaan,Universal Music India Pvt Ltd. – Distribution,1,4,8,1121732,IN,India,Q1,2021
4,spotify:track:7zKzD5wM18bQSiJTAxTpwH,"DIVINE, MC Altaf, Stylo G, Phenom",Mirchi,Universal Music India Pvt Ltd.,2,3,12,1114454,IN,India,Q1,2021
5,spotify:track:35mvY5S1H3J2QZyna3TFe0,Ariana Grande,positions,Republic Records,3,5,11,1058671,IN,India,Q1,2021
6,spotify:track:3jxNbVmugKWFFc3YAVl0sD,"Pritam, Arijit Singh",Aabaad Barbaad,T-Series,6,7,10,1042127,IN,India,Q1,2021
7,spotify:track:2FCXQHugkoHE1K3tiDu8pu,"Alka Yagnik, Arijit Singh","Agar Tum Saath Ho (From ""Tamasha"")",T-Series,7,8,84,1020178,IN,India,Q1,2021
8,spotify:track:66Nmp3ztIMqX1j8yYtWl1X,Ritviz,Liggi,Ritviz,4,9,54,984939,IN,India,Q1,2021
9,spotify:track:1orM67pmkNc4alrZkWjYkV,"Guru Randhawa, Tanishk Bagchi, Nikhita Gandhi",Naach Meri Rani (Feat. Nora Fatehi),T-Series,1,6,12,978048,IN,India,Q1,2021
10,spotify:track:4saklk6nie3yiGePpBwUoc,BTS,Dynamite,BIGHIT MUSIC,1,10,20,959583,IN,India,Q1,2021
11,spotify:track:3Uo7WG0vmLQ07WB4BDwy7D,Taylor Swift,willow,Taylor Swift,5,11,4,941383,IN,India,Q1,2021
12,spotify:track:0vqw3BCyNr3DDVBmjD21H8,Kaka,Libaas,Single Track Studios,12,13,5,913745,IN,India,Q1,2021
14,spotify:track:3tjFYV6RSFtuktYl3ZtYcq,"24kGoldn, iann dior",Mood (feat. iann dior),Records/Columbia,2,12,20,884928,IN,India,Q1,2021
15,spotify:track:2Fv2injs4qAm8mJBGaxVKU,"Arijit Singh, Mithoon","Tujhe Kitna Chahne Lage (From ""Kabir Singh"")",T-Series,2,17,84,804398,IN,India,Q1,2021
16,spotify:track:5O932cZmzOZGOGZz9RHx20,"Pritam, Arijit Singh",Khairiyat,T-Series,1,15,70,797027,IN,India,Q1,2021
18,spotify:track:0VjIjW4GlUZAMYd2vXMi3b,The Weeknd,Blinding Lights,Republic Records,4,20,58,752664,IN,India,Q1,2021
19,spotify:track:3wmI2n0Whs6kg4MT8jFRU1,"Darshan Raval, Neha Kakkar, Manan Bhardwaj",Teri Aankhon Mein,T-Series,9,18,13,750896,IN,India,Q1,2021
20,spotify:track:31qCy5ZaophVA81wtlwLc4,Justin Bieber,Anyone,RBMG/Def Jam,20,-1,1,749565,IN,India,Q1,2021
21,spotify:track:0WdbnNKO0Jt4BZACSDQh44,"Vishal-Shekhar, Arijit Singh, Shilpa Rao, Kumaar","Ghungroo (From ""War"")",YRF Music,1,16,70,744538,IN,India,Q1,2021
22,spotify:track:249gnXrbfmV8NG6jTEMSwD,BTS,Life Goes On,BIGHIT MUSIC,1,19,7,706974,IN,India,Q1,2021
24,spotify:track:1r6sFC5J0p9r3jcfIoSGDM,"Neha Kakkar, Jubin Nautiyal, Jaani",Taaron Ke Shehar,T-Series,5,23,16,667665,IN,India,Q1,2021
25,spotify:track:57jOEZtoLQK4zF2x55bdkp,"Rochak Kohli, Arijit Singh, Neha Kakkar","Tu Hi Yaar Mera (From ""Pati Patni Aur Woh"")",T-Series,8,25,57,667438,IN,India,Q1,2021
26,spotify:track:4DpNNXFMMxQEKl7r0ykkWA,Melanie Martinez,Play Date,Atlantic Records,1,27,37,655055,IN,India,Q1,2021
27,spotify:track:4AVe62GFbb3ffKXjUSpiuv,"DIVINE, Jass Manak",No Competition,GEET MP3,12,26,20,649215,IN,India,Q1,2021
28,spotify:track:0u2P5u6lvoDfwTYjAADbn4,"Billie Eilish, Khalid",lovely (with Khalid),Darkroom,23,31,92,642107,IN,India,Q1,2021
29,spotify:track:6e5DH8YHXdM40ROnD76hZd,"Sweetaj Brar, Yo Yo Honey Singh","Care Ni Karda (From ""Chhalaang"")",T-Series,13,24,11,639930,IN,India,Q1,2021
30,spotify:track:6Im9k8u9iIzKMrmV7BWtlF,Ariana Grande,34+35,Republic Records,30,35,10,636425,IN,India,Q1,2021
31,spotify:track:6q9XTgfWilsnyiFofvYrIF,"Badshah, Neha Kakkar, Varun Dhawan","Garmi (From ""Street Dancer 3D"") (feat. Varun Dhawan)",T-Series,3,21,54,628705,IN,India,Q1,2021
32,spotify:track:1nhJF3mMAL9UgBz3vLLNuM,"Yo Yo Honey Singh, Ipsitaa",First Kiss,T-Series,32,32,6,628385,IN,India,Q1,2021
33,spotify:track:6v3KW9xbzN5yKLt9YKDYA2,"Shawn Mendes, Camila Cabello",Señorita,Island Records,1,30,81,624839,IN,India,Q1,2021
34,spotify:track:58f4twRnbZOOVUhMUpplJ4,"AP Dhillon, Gminxr, Gurinder Gill, Shinda Kahlon",Brown Munde,Run-up Records,34,37,7,614787,IN,India,Q1,2021
35,spotify:track:11IAzj9706fIKBVCJyMNNt,"Jasmine Sandlas, Garry Sandhu","Illegal Weapon 2.0 (From ""Street Dancer 3D"")",T-Series,1,28,53,604092,IN,India,Q1,2021
36,spotify:track:0gzu5mm36VJH2Zqu8sQPTf,"Badshah, Payal Dev",Genda Phool (feat. Payal Dev),Sony Music Entertainment India Pvt. Ltd.,1,29,41,594927,IN,India,Q1,2021
37,spotify:track:75VNPADAFa4iNpjEBUYMhF,JONY,Love Your Voice,Atlantic Records Russia (Distribution),33,33,22,582282,IN,India,Q1,2021
38,spotify:track:2b8fOow8UzyDFAE27YhOZM,Maroon 5,Memories,Interscope Records*,2,34,68,575548,IN,India,Q1,2021
39,spotify:track:0pqnGHJpmpxLKifKRmU6WP,Imagine Dragons,Believer,Kid Ina Korner / Interscope,30,39,98,574215,IN,India,Q1,2021
40,spotify:track:3CHZhkihLupVrfYIyg869S,"Kaka, Inder Chahal, Himanshi Khurana",Keh Len De,Single Track Studios,33,50,9,561499,IN,India,Q1,2021
41,spotify:track:1y1rQTkWmrZdJmjwuK07GC,"Vishal Mishra, Manoj Muntashir","Kaise Hua (From ""Kabir Singh"")",T-Series,5,38,82,555794,IN,India,Q1,2021
43,spotify:track:4xmkpE1Si5JL7NFxWrhV0S,"Sachet Tandon, Kunaal Vermaa, The Fusion Project","Humraah (From ""Malang - Unleash The Madness"")",T-Series,11,41,50,538830,IN,India,Q1,2021
44,spotify:track:75blgc6LjSNv4MQyJkPka7,"Mika Singh, Payal Dev, Neha Kakkar, Badshah","Sawan Mein Lag Gayi Aag (From ""Ginny Weds Sunny"")",Sony Music Entertainment India Pvt. Ltd.,19,36,14,538313,IN,India,Q1,2021
45,spotify:track:2rRJrJEo19S2J82BDsQ3F7,Trevor Daniel,Falling,Alamo,2,42,59,533151,IN,India,Q1,2021
46,spotify:track:25MPTnqXQB1H6OkwSYUXWx,"Ved Sharma, Kunaal Vermaa","Malang (Title Track) [From ""Malang - Unleash The Madness""]",T-Series,2,40,51,529924,IN,India,Q1,2021
50,spotify:track:7mNZUnDWUDidWBFaUpVtOC,Vilen,Chidiya,Universal Music India Pvt Ltd.,4,49,28,507775,IN,India,Q1,2021
51,spotify:track:1wC3wTjpX2FhkDEf2igSX4,"Hommie Dilliwala, Yo Yo Honey Singh",Jingle Bell,Yo Yo Honey Singh,44,44,2,500518,IN,India,Q1,2021
52,spotify:track:3s3J70eRpRH2hcYq4mEXTJ,"Akhil, Dhvani Bhanushali","Duniyaa (From ""Luka Chuppi"")",T-Series,1,52,98,493570,IN,India,Q1,2021
53,spotify:track:5nujrmhLynf4yMoMtj8AQF,"Dua Lipa, DaBaby",Levitating (feat. DaBaby),Warner Records,46,75,10,482598,IN,India,Q1,2021
54,spotify:track:2gNMXJDKRmKWuevBGjN8wo,DIVINE,3:59 AM,Universal Music India Pvt Ltd.,20,51,5,480881,IN,India,Q1,2021
55,spotify:track:2qxmye6gAegTMjLKEBoR3d,Alec Benjamin,Let Me Down Slowly,2018,50,64,39,480097,IN,India,Q1,2021
56,spotify:track:46QbY78ha62aiu6gBgC7lS,Diljit Dosanjh,G.O.A.T.,FAMOUS STUDIOS INC,1,48,24,479527,IN,India,Q1,2021
57,spotify:track:2KrrAi2smn5Fa7sy7TxrKg,"Dhvani Bhanushali, Jubin Nautiyal, Manoj Muntashir",Nayan,T-Series,57,67,4,479523,IN,India,Q1,2021
1,spotify:track:2ufLEVbzvEcJ3subW8jBUp,"Jubin Nautiyal, Tanishk Bagchi, Manoj Muntashir, Nusrat Fateh Ali Khan",Lut Gaye,T-Series,1,1,7,2410194,IN,India,Q2,2021
2,spotify:track:58f4twRnbZOOVUhMUpplJ4,"AP Dhillon, Gminxr, Gurinder Gill, Shinda Kahlon",Brown Munde,Run-up Records,1,2,20,2299012,IN,India,Q2,2021
3,spotify:track:4iJyoBOLtHqaGxP12qzhQI,"Justin Bieber, Daniel Caesar, GIVĒON",Peaches (feat. Daniel Caesar & Giveon),RBMG/Def Jam,3,5,3,1829886,IN,India,Q2,2021
4,spotify:track:3UHPGOkUcE4hE7sqBF4Snt,BTS,Film out,Universal Music LLC,4,-1,1,1404356,IN,India,Q2,2021
5,spotify:track:3VT8hOC5vuDXBsHrR53WFh,Masked Wolf,Astronaut In The Ocean,Elektra (NEK),3,4,12,1327867,IN,India,Q2,2021
6,spotify:track:2MJz8BxxMsERULatmBikDH,Pink Sweat$,At My Worst,Atlantic Records,3,3,14,1276347,IN,India,Q2,2021
7,spotify:track:2ePtv8MlBO9nuuXABqAfEX,ElyOtto,SugarCrash!,Otto Dynamite/RCA Records,7,8,5,1205017,IN,India,Q2,2021
8,spotify:track:2PEo8JQ48mfEv8a2HLqDvt,"Sachin-Jigar, Rashmeet Kaur, Shamur, IP Singh","Nadiyon Paar (Let the Music Play Again) (From ""Roohi"")",Sony Music Entertainment India Pvt. Ltd.,5,6,5,1183797,IN,India,Q2,2021
9,spotify:track:3FAJ6O0NOHQV8Mc5Ri6ENp,GIVĒON,Heartbreak Anniversary,Epic/Not So Fast,9,9,5,1159714,IN,India,Q2,2021
10,spotify:track:4OQFlJOSID2AzpmOcuDlJl,"B Praak, Nawazuddin Siddiqui, Sunanda Sharma",Baarish Ki Jaaye,Universal Music India Pvt Ltd. – Distribution,10,65,2,1135258,IN,India,Q2,2021
11,spotify:track:0yCWDaAgOtg6TKlNCg9rwA,King,Tu Aake Dekhle,Warner Music India,11,13,10,1110158,IN,India,Q2,2021
12,spotify:track:1baHxgYktT8eDdmtTozJF9,"Dhee, Arivu, Santhosh Narayanan",Enjoy Enjaami,Santhosh Narayanan,3,7,5,1022910,IN,India,Q2,2021
13,spotify:track:1J14CdDAvBTE1AJYUOwl6C,Duncan Laurence,Arcade,"Universal Music, a division of Universal International Music BV",13,14,7,1004454,IN,India,Q2,2021
14,spotify:track:1smFN2CLqGROu0J0UyvDfL,"Pritam, Arijit Singh",Shayad,Sony Music Entertainment India Pvt. Ltd.,1,10,64,990096,IN,India,Q2,2021
15,spotify:track:2FCXQHugkoHE1K3tiDu8pu,"Alka Yagnik, Arijit Singh","Agar Tum Saath Ho (From ""Tamasha"")",T-Series,4,11,97,965247,IN,India,Q2,2021
16,spotify:track:0qOnSQQF0yzuPWsXrQ9paz,"Gym Class Heroes, Adam Levine",Stereo Hearts (feat. Adam Levine),Decaydance/Fueled By Ramen,12,12,10,952015,IN,India,Q2,2021
17,spotify:track:4saklk6nie3yiGePpBwUoc,BTS,Dynamite,BIGHIT MUSIC,1,17,33,867758,IN,India,Q2,2021
18,spotify:track:4vwPirpSJCOiIsgxMV4Xcv,Ritviz,Liggi,Ritviz,4,16,67,760688,IN,India,Q2,2021
19,spotify:track:5O932cZmzOZGOGZz9RHx20,"Pritam, Arijit Singh",Khairiyat,T-Series,1,19,83,732597,IN,India,Q2,2021
20,spotify:track:7lPN2DXiMsVn7XUKtOW1CS,Olivia Rodrigo,drivers license,Olivia Rodrigo PS,1,23,13,703017,IN,India,Q2,2021
21,spotify:track:3BZEcbdtXQSo7OrvKRJ6mb,Lil Nas X,MONTERO (Call Me By Your Name),Columbia,21,105,2,698729,IN,India,Q2,2021
22,spotify:track:0VjIjW4GlUZAMYd2vXMi3b,The Weeknd,Blinding Lights,Republic Records,4,21,71,695368,IN,India,Q2,2021
23,spotify:track:2Fv2injs4qAm8mJBGaxVKU,"Arijit Singh, Mithoon","Tujhe Kitna Chahne Lage (From ""Kabir Singh"")",T-Series,2,25,97,690603,IN,India,Q2,2021
25,spotify:track:5mnvugwfFYnJm9zuyGkgqF,"Asim Azhar, Zenab Fatimah Sultan","Ghalat Fehmi - From ""Superstar""",Hum Films,2,18,12,677677,IN,India,Q2,2021
26,spotify:track:1nahzW3kfMuwReTka28tH5,Justin Bieber,Hold On,RBMG/Def Jam,10,24,5,664410,IN,India,Q2,2021
27,spotify:track:4hOsYVSWKWP71u3yQbcqZB,"Harnoor, Gifty",Waalian,Sky Digital,15,27,8,663487,IN,India,Q2,2021
28,spotify:track:0vqw3BCyNr3DDVBmjD21H8,Kaka,Libaas,Single Track Studios,3,20,18,645493,IN,India,Q2,2021
29,spotify:track:2BcPFQ7nrtUObgAs72xaac,"Anirudh Ravichander, Gana Balachandar",Vaathi Coming,Sony Music Entertainment India Pvt. Ltd.,11,29,34,641921,IN,India,Q2,2021
30,spotify:track:39QJ7KkN3L8LLqQqsO85W1,"Yo Yo Honey Singh, Neha Kakkar, Nushrratt Bharuccha",Saiyaan Ji,T-Series,6,15,10,638020,IN,India,Q2,2021
31,spotify:track:6tDDoYIxWvMLTdKpjFkc1B,Kali Uchis,telepatía,EMI / Interscope,26,26,5,632218,IN,India,Q2,2021
32,spotify:track:6Z40IRipd6pNcUULY6SXng,"Ram Miriyala, Radhan, Ramajogayya Sastry",Chitti,Lahari Music,12,22,7,623741,IN,India,Q2,2021
33,spotify:track:3jxNbVmugKWFFc3YAVl0sD,"Pritam, Arijit Singh",Aabaad Barbaad,T-Series,6,28,23,614593,IN,India,Q2,2021
34,spotify:track:249gnXrbfmV8NG6jTEMSwD,BTS,Life Goes On,BIGHIT MUSIC,1,66,20,600837,IN,India,Q2,2021
35,spotify:track:2plj6f8TqOF0YNuHd2VzJD,"Rochak Kohli, Jubin Nautiyal, Rashmi Virag",Bewafa Tera Masoom Chehra,T-Series,26,36,20,598745,IN,India,Q2,2021
36,spotify:track:0WdbnNKO0Jt4BZACSDQh44,"Vishal-Shekhar, Arijit Singh, Shilpa Rao, Kumaar","Ghungroo (From ""War"")",YRF Music,1,30,83,585784,IN,India,Q2,2021
37,spotify:track:0pqnGHJpmpxLKifKRmU6WP,Imagine Dragons,Believer,Kid Ina Korner / Interscope,30,46,111,579883,IN,India,Q2,2021
38,spotify:track:1r6sFC5J0p9r3jcfIoSGDM,"Neha Kakkar, Jubin Nautiyal, Jaani",Taaron Ke Shehar,T-Series,5,32,29,574700,IN,India,Q2,2021
39,spotify:track:6v3KW9xbzN5yKLt9YKDYA2,"Shawn Mendes, Camila Cabello",Señorita,Island Records,1,40,94,569358,IN,India,Q2,2021
40,spotify:track:4jPy3l0RUwlUI9T5XHBW2m,"24kGoldn, iann dior",Mood (feat. iann dior),Records/Columbia,2,34,33,567871,IN,India,Q2,2021
41,spotify:track:1Bhm5HNO1cq8olDbBmokyL,Aya Nakamura,Copines,Rec. 118,38,38,13,566563,IN,India,Q2,2021
42,spotify:track:1O5mTSQa0sCce9ghhDqIZl,"A.R. Rahman, Javed Ali",Jashn-E-Bahaaraa,UTV,37,37,14,564384,IN,India,Q2,2021
43,spotify:track:0ct6r3EGTcMLPtrXHDvVjc,Avicii,The Nights,Pophouse Entertainment Group,25,56,14,560491,IN,India,Q2,2021
44,spotify:track:0u2P5u6lvoDfwTYjAADbn4,"Billie Eilish, Khalid",lovely (with Khalid),Darkroom,23,51,105,559919,IN,India,Q2,2021
45,spotify:track:74IQCxI4nws964fic1Q4pv,Mangli,Saranga Dariya,Aditya Music,31,39,6,548282,IN,India,Q2,2021
47,spotify:track:4DpNNXFMMxQEKl7r0ykkWA,Melanie Martinez,Play Date,Atlantic Records,1,47,50,539837,IN,India,Q2,2021
48,spotify:track:57jOEZtoLQK4zF2x55bdkp,"Rochak Kohli, Arijit Singh, Neha Kakkar","Tu Hi Yaar Mera (From ""Pati Patni Aur Woh"")",T-Series,8,45,70,539187,IN,India,Q2,2021
49,spotify:track:35mvY5S1H3J2QZyna3TFe0,Ariana Grande,positions,Republic Records,3,52,24,527073,IN,India,Q2,2021
50,spotify:track:5QO79kh1waicV47BqGRL3g,The Weeknd,Save Your Tears,Republic Records,27,53,14,526553,IN,India,Q2,2021
52,spotify:track:0b4HHjeg2b8xLj28WWnUkM,"Amrit Maan, Nimrat Khaira",Sira E Hou,Times Music – Speed Records,22,44,7,513475,IN,India,Q2,2021
53,spotify:track:2qxmye6gAegTMjLKEBoR3d,Alec Benjamin,Let Me Down Slowly,2018,43,61,52,500109,IN,India,Q2,2021
1,spotify:track:2bgTY4UwhfBYhGT4HUYStN,BTS,Butter,BIGHIT MUSIC,1,1,7,1597494,IN,India,Q3,2021
2,spotify:track:47Rqh5ZSamtIOFi7G6VgFJ,"Badshah, Aastha Gill",Paani Paani,Saregama,2,2,4,1480769,IN,India,Q3,2021
3,spotify:track:67BtfxlNbhBmCDR2L2l8qd,Lil Nas X,MONTERO (Call Me By Your Name),Columbia,1,3,15,1446522,IN,India,Q3,2021
4,spotify:track:3Wrjm47oTz2sjIgck11l5e,Måneskin,Beggin',RCA Records Label,4,12,3,1339211,IN,India,Q3,2021
5,spotify:track:2ufLEVbzvEcJ3subW8jBUp,"Jubin Nautiyal, Tanishk Bagchi, Manoj Muntashir, Nusrat Fateh Ali Khan",Lut Gaye,T-Series,1,4,20,1139461,IN,India,Q3,2021
6,spotify:track:0yCWDaAgOtg6TKlNCg9rwA,King,Tu Aake Dekhle,Warner Music India,6,7,23,1135997,IN,India,Q3,2021
7,spotify:track:58f4twRnbZOOVUhMUpplJ4,"AP Dhillon, Gminxr, Gurinder Gill, Shinda Kahlon",Brown Munde,Run-up Records,1,5,33,1103387,IN,India,Q3,2021
8,spotify:track:4ZtFanR9U6ndgddUvNcjcG,Olivia Rodrigo,good 4 u,Olivia Rodrigo PS,5,6,8,1062333,IN,India,Q3,2021
9,spotify:track:5urYiIXu1ZhfMAOsp7WDTc,"Rajat Nagpal, Yasser Desai, Neha Kakkar, Rana Sotal","Dil Ko Karaar Aaya (From ""Sukoon"")",Desi Music Factory,9,13,7,998447,IN,India,Q3,2021
10,spotify:track:4saklk6nie3yiGePpBwUoc,BTS,Dynamite,BIGHIT MUSIC,1,9,46,966129,IN,India,Q3,2021
11,spotify:track:2FCXQHugkoHE1K3tiDu8pu,"Alka Yagnik, Arijit Singh","Agar Tum Saath Ho (From ""Tamasha"")",T-Series,4,10,110,954371,IN,India,Q3,2021
12,spotify:track:5nujrmhLynf4yMoMtj8AQF,"Dua Lipa, DaBaby",Levitating (feat. DaBaby),Warner Records,8,8,36,944880,IN,India,Q3,2021
13,spotify:track:6PQ88X9TkUIAUIZJHW2upE,Ed Sheeran,Bad Habits,Atlantic Records UK,13,15,2,897348,IN,India,Q3,2021
14,spotify:track:4iJyoBOLtHqaGxP12qzhQI,"Justin Bieber, Daniel Caesar, GIVĒON",Peaches (feat. Daniel Caesar & Giveon),RBMG/Def Jam,1,11,16,893622,IN,India,Q3,2021
16,spotify:track:39LLxExYz6ewLAcYrzQQyP,Dua Lipa,Levitating,Warner Records,16,18,12,840874,IN,India,Q3,2021
17,spotify:track:1smFN2CLqGROu0J0UyvDfL,"Pritam, Arijit Singh",Shayad,Sony Music Entertainment India Pvt. Ltd.,1,17,77,838454,IN,India,Q3,2021
18,spotify:track:0BGwAKW4u8kWOhWFflZxfl,Masked Wolf,Astronaut In The Ocean,Elektra (NEK),3,16,25,809973,IN,India,Q3,2021
19,spotify:track:3UhmuWcFaLS3AO3kI9ynQ2,"AP Dhillon, Shinda Kahlon, Gurinder Gill, Gminxr",Insane,RUN-UP RECORDS,9,21,12,788384,IN,India,Q3,2021
21,spotify:track:7BoobGhD4x5K96Me0hqC8Q,Bella Poarch,Build a Bitch,Warner Records,15,23,8,756281,IN,India,Q3,2021
22,spotify:track:0qOnSQQF0yzuPWsXrQ9paz,"Gym Class Heroes, Adam Levine",Stereo Hearts (feat. Adam Levine),Decaydance/Fueled By Ramen,12,24,23,752430,IN,India,Q3,2021
23,spotify:track:3DarAbFujv6eYNliUTyqtz,"Doja Cat, SZA",Kiss Me More (feat. SZA),Kemosabe Records/RCA Records,16,19,13,751885,IN,India,Q3,2021
24,spotify:track:6v3KW9xbzN5yKLt9YKDYA2,"Shawn Mendes, Camila Cabello",Señorita,Island Records,1,25,107,733314,IN,India,Q3,2021
25,spotify:track:2PEo8JQ48mfEv8a2HLqDvt,"Sachin-Jigar, Rashmeet Kaur, Shamur, IP Singh","Nadiyon Paar (Let the Music Play Again) (From ""Roohi"")",Sony Music Entertainment India Pvt. Ltd.,5,22,18,717940,IN,India,Q3,2021
26,spotify:track:6UelLqGlWMcVH1E5c4H7lY,Harry Styles,Watermelon Sugar,Columbia,26,31,65,672850,IN,India,Q3,2021
27,spotify:track:2Fv2injs4qAm8mJBGaxVKU,"Arijit Singh, Mithoon","Tujhe Kitna Chahne Lage (From ""Kabir Singh"")",T-Series,2,29,110,663143,IN,India,Q3,2021
28,spotify:track:1J14CdDAvBTE1AJYUOwl6C,Duncan Laurence,Arcade,"Universal Music, a division of Universal International Music BV",7,27,20,655256,IN,India,Q3,2021
29,spotify:track:5O932cZmzOZGOGZz9RHx20,"Pritam, Arijit Singh",Khairiyat,T-Series,1,28,96,648037,IN,India,Q3,2021
30,spotify:track:6IaHIJYxIG8xbosaRr25AC,Harnoor,Parshawan,Legacy Records,30,30,4,640265,IN,India,Q3,2021
32,spotify:track:3sFlG5sYt712TtjvWM8Ocb,"Payal Dev, Stebin Ben, Kunaal Vermaa",Baarish Ban Jaana,Universal Music India Pvt Ltd.,23,26,5,619219,IN,India,Q3,2021
33,spotify:track:0pqnGHJpmpxLKifKRmU6WP,Imagine Dragons,Believer,Kid Ina Korner / Interscope,26,32,124,606843,IN,India,Q3,2021
34,spotify:track:576v1keY82NOPITMNu0wD2,"B Praak, Akshay Kumar, Nupur Sanon, Ammy Virk",Filhaal2 Mohabbat,Universal Music India Pvt Ltd. – Distribution,34,-1,1,601757,IN,India,Q3,2021
35,spotify:track:1y1rQTkWmrZdJmjwuK07GC,"Vishal Mishra, Manoj Muntashir","Kaise Hua (From ""Kabir Singh"")",T-Series,5,34,108,565956,IN,India,Q3,2021
36,spotify:track:249gnXrbfmV8NG6jTEMSwD,BTS,Life Goes On,BIGHIT MUSIC,1,35,33,561567,IN,India,Q3,2021
37,spotify:track:4OQFlJOSID2AzpmOcuDlJl,"B Praak, Nawazuddin Siddiqui, Sunanda Sharma",Baarish Ki Jaaye,Universal Music India Pvt Ltd. – Distribution,4,33,15,554222,IN,India,Q3,2021
38,spotify:track:2qxmye6gAegTMjLKEBoR3d,Alec Benjamin,Let Me Down Slowly,2018,34,36,65,543307,IN,India,Q3,2021
39,spotify:track:0VjIjW4GlUZAMYd2vXMi3b,The Weeknd,Blinding Lights,Republic Records,4,38,84,543250,IN,India,Q3,2021
40,spotify:track:0u2P5u6lvoDfwTYjAADbn4,"Billie Eilish, Khalid",lovely (with Khalid),Darkroom,23,39,118,527407,IN,India,Q3,2021
41,spotify:track:4jPy3l0RUwlUI9T5XHBW2m,"24kGoldn, iann dior",Mood (feat. iann dior),Records/Columbia,2,42,46,524147,IN,India,Q3,2021
42,spotify:track:2MJz8BxxMsERULatmBikDH,Pink Sweat$,At My Worst,Atlantic Records,3,37,27,521035,IN,India,Q3,2021
44,spotify:track:4hOsYVSWKWP71u3yQbcqZB,"Harnoor, Gifty",Waalian,Sky Digital,15,40,21,514083,IN,India,Q3,2021
45,spotify:track:7mNZUnDWUDidWBFaUpVtOC,Vilen,Chidiya,Universal Music India Pvt Ltd.,4,73,54,509062,IN,India,Q3,2021
46,spotify:track:1zi7xx7UVEFkmKfv06H8x0,"Drake, Wizkid, Kyla",One Dance,Cash Money Records/Young Money Ent./Universal Rec.,23,54,12,503858,IN,India,Q3,2021
47,spotify:track:5KawlOMHjWeUjQtnuRs22c,"BTS, Halsey",Boy With Luv (feat. Halsey),BIGHIT MUSIC,1,46,111,497503,IN,India,Q3,2021
48,spotify:track:5wANPM4fQCJwkGd4rN57mH,Olivia Rodrigo,drivers license,Olivia Rodrigo PS,1,43,26,494569,IN,India,Q3,2021
49,spotify:track:37BZB0z9T8Xu7U3e65qxFy,"The Weeknd, Ariana Grande",Save Your Tears (with Ariana Grande) (Remix),Republic Records,21,41,11,491153,IN,India,Q3,2021
50,spotify:track:0k4d5YPDr1r7FX77VdqWez,"Doja Cat, The Weeknd",You Right,Kemosabe Records/RCA Records,48,48,2,485988,IN,India,Q3,2021
52,spotify:track:3Rvdqwgbr3rryZkNRrItt3,"Tulsi Kumar, Darshan Raval, Sachet-Parampara",Is Qadar,T-Series,47,47,13,470985,IN,India,Q3,2021
53,spotify:track:1Ef0TmgS1QrVO6tKHrMMmH,"Vishal-Shekhar, Arijit Singh, Shilpa Rao, Kumaar","Ghungroo (From ""War"")",YRF Music,1,56,96,469091,IN,India,Q3,2021
54,spotify:track:6HU7h9RYOaPRFeh0R3UeAr,Olivia Rodrigo,deja vu,Olivia Rodrigo PS,24,52,14,465638,IN,India,Q3,2021
55,spotify:track:4SFknyjLcyTLJFPKD2m96o,BLACKPINK,How You Like That,YG Entertainment/Interscope Records,4,55,54,463076,IN,India,Q3,2021
1,spotify:track:2rOnSn2piaqLAlYjtfUBlY,"Tanishk Bagchi, Jubin Nautiyal, Asees Kaur","Raataan Lambiyan (From ""Shershaah"")",Sony Music Entertainment India Pvt. Ltd.,1,1,10,4934964,IN,India,Q4,2021
2,spotify:track:72zHuDxFQTjbL51qJQSA7j,"Jasleen Royal, B Praak, Romy","Ranjha (From ""Shershaah"")",Sony Music Entertainment India Pvt. Ltd.,2,2,9,4640795,IN,India,Q4,2021
3,spotify:track:5PjdY0CKGZdEuoNab3yDmX,"The Kid LAROI, Justin Bieber",STAY (with Justin Bieber),Columbia,1,3,13,3512525,IN,India,Q4,2021
4,spotify:track:4gvrJnKCKIPiacNsWVQwEU,"CKay, Dj Yo!, AX'EL",love nwantiti (feat. Dj Yo! & AX'EL) - Remix,WM South Africa,4,6,3,3087061,IN,India,Q4,2021
5,spotify:track:3jf5303mzzJ96O8xFTcEn4,"B Praak, Jaani","Mann Bharryaa 2.0 (From ""Shershaah"")",Sony Music Entertainment India Pvt. Ltd.,3,4,8,2451837,IN,India,Q4,2021
6,spotify:track:3FeVmId7tL5YN8B7R3imoM,"Coldplay, BTS",My Universe,Parlophone UK,5,5,2,1730065,IN,India,Q4,2021
7,spotify:track:5Z9KJZvQzH6PFmb8SNkxuk,"Lil Nas X, Jack Harlow",INDUSTRY BABY (feat. Jack Harlow),Columbia,7,9,11,1665064,IN,India,Q4,2021
8,spotify:track:6R6BpMBFQrF7n2uEOxYmss,"Javed-Mohsin, Darshan Raval, Rashmi Virag","Kabhii Tumhhe (From ""Shershaah"")",Sony Music Entertainment India Pvt. Ltd.,5,8,8,1648116,IN,India,Q4,2021
9,spotify:track:2Xr1dTzJee307rmrkt8c0g,CKay,love nwantiti (ah ah ah),Chocolate City Music,7,7,3,1595761,IN,India,Q4,2021
10,spotify:track:6Uj1ctrBOjOas8xZXGqKk4,Doja Cat,Woman,Kemosabe Records/RCA Records,6,10,8,1512660,IN,India,Q4,2021
11,spotify:track:5urYiIXu1ZhfMAOsp7WDTc,"Rajat Nagpal, Yasser Desai, Neha Kakkar, Rana Sotal","Dil Ko Karaar Aaya (From ""Sukoon"")",Desi Music Factory,3,11,20,1386528,IN,India,Q4,2021
12,spotify:track:3KeMulXbLDJBQdY5PZbGEh,"A.R. Rahman, Shreya Ghoshal",Param Sundari,Sony Music Entertainment India Pvt. Ltd.,7,12,12,1316110,IN,India,Q4,2021
13,spotify:track:1y5beX4vn7QPfg36r4jiWo,"Maninder Buttar, Zara Khan, Tanishk Bagchi","Sakhiyan2.0 (From ""BellBottom"")",Saregama,7,14,8,1280620,IN,India,Q4,2021
14,spotify:track:0yCWDaAgOtg6TKlNCg9rwA,King,Tu Aake Dekhle,Warner Music India,6,13,36,1253029,IN,India,Q4,2021
15,spotify:track:2FCXQHugkoHE1K3tiDu8pu,"Alka Yagnik, Arijit Singh","Agar Tum Saath Ho (From ""Tamasha"")",T-Series,4,15,123,1216449,IN,India,Q4,2021
16,spotify:track:1smFN2CLqGROu0J0UyvDfL,"Pritam, Arijit Singh",Shayad,Sony Music Entertainment India Pvt. Ltd.,1,18,90,1129854,IN,India,Q4,2021
17,spotify:track:02MWAaffLxlfxAUY7c5dvx,Glass Animals,Heat Waves,Polydor Records,17,20,12,1121861,IN,India,Q4,2021
18,spotify:track:7hU3IHwjX150XLoTVmjD0q,LISA,MONEY,YG Entertainment/Interscope Records,18,25,4,1119708,IN,India,Q4,2021
19,spotify:track:1SC5rEoYDGUK4NfG82494W,Lil Nas X,MONTERO (Call Me By Your Name),Columbia,1,21,28,1032102,IN,India,Q4,2021
20,spotify:track:2RwMi90yo3dhVuHCH4Z8yC,Jubin Nautiyal,Lut Gaye,Virgin Records India,20,-1,1,988512,IN,India,Q4,2021
21,spotify:track:7uQZVznj0uQOGC9KhV2Mg6,LISA,LALISA,YG Entertainment/Interscope Records,9,17,4,980985,IN,India,Q4,2021
22,spotify:track:5JO2usoem1CW1pLL1kLj9E,"Chamath Sangeeth, Yohani, Satheeshan",Manike Mage Hithe,Aryans Music,10,19,10,970893,IN,India,Q4,2021
24,spotify:track:3Vi5XqYrmQgOYBajMWSvCi,Doja Cat,Need to Know,Kemosabe Records/RCA Records,9,22,10,932714,IN,India,Q4,2021
25,spotify:track:2bgTY4UwhfBYhGT4HUYStN,BTS,Butter,BIGHIT MUSIC,1,23,20,843429,IN,India,Q4,2021
26,spotify:track:0XwRlvv3KlOu4HWlOH34XG,Diljit Dosanjh,Lover,Diljit Dosanjh,26,45,7,834156,IN,India,Q4,2021
27,spotify:track:576v1keY82NOPITMNu0wD2,"B Praak, Akshay Kumar, Nupur Sanon, Ammy Virk",Filhaal2 Mohabbat,Universal Music India Pvt Ltd. – Distribution,4,26,14,825157,IN,India,Q4,2021
28,spotify:track:58f4twRnbZOOVUhMUpplJ4,"AP Dhillon, Gminxr, Gurinder Gill, Shinda Kahlon",Brown Munde,Run-up Records,1,29,46,822366,IN,India,Q4,2021
29,spotify:track:3UhmuWcFaLS3AO3kI9ynQ2,"AP Dhillon, Shinda Kahlon, Gurinder Gill, Gminxr",Insane,RUN-UP RECORDS,9,27,25,809927,IN,India,Q4,2021
30,spotify:track:2uBlWwG0P6cUOUBiZhPmBM,"Gurnazar, Asees Kaur","Marjaawaan (From ""BellBottom"")",Saregama,30,30,9,779663,IN,India,Q4,2021
31,spotify:track:3Wrjm47oTz2sjIgck11l5e,Måneskin,Beggin',RCA Records Label,2,31,16,770857,IN,India,Q4,2021
32,spotify:track:7HPM13Xek5XoRWxRzHfvkB,"Jubin Nautiyal, Meet Bros., Manoj Muntashir, Shardul Rathod",Dil Galti Kar Baitha Hai,T-Series,32,91,2,760803,IN,India,Q4,2021
33,spotify:track:5O932cZmzOZGOGZz9RHx20,"Pritam, Arijit Singh",Khairiyat,T-Series,1,37,109,759786,IN,India,Q4,2021
34,spotify:track:4iJyoBOLtHqaGxP12qzhQI,"Justin Bieber, Daniel Caesar, GIVĒON",Peaches (feat. Daniel Caesar & Giveon),RBMG/Def Jam,1,34,29,753852,IN,India,Q4,2021
35,spotify:track:6v3KW9xbzN5yKLt9YKDYA2,"Shawn Mendes, Camila Cabello",Señorita,Island Records,1,36,120,748798,IN,India,Q4,2021
36,spotify:track:1J14CdDAvBTE1AJYUOwl6C,Duncan Laurence,Arcade,"Universal Music, a division of Universal International Music BV",7,32,33,745356,IN,India,Q4,2021
37,spotify:track:47Rqh5ZSamtIOFi7G6VgFJ,"Badshah, Aastha Gill",Paani Paani,Saregama,2,33,17,742329,IN,India,Q4,2021
38,spotify:track:2Fv2injs4qAm8mJBGaxVKU,"Arijit Singh, Mithoon","Tujhe Kitna Chahne Lage (From ""Kabir Singh"")",T-Series,2,38,123,731907,IN,India,Q4,2021
39,spotify:track:4saklk6nie3yiGePpBwUoc,BTS,Dynamite,BIGHIT MUSIC,1,35,59,724020,IN,India,Q4,2021
40,spotify:track:0pqnGHJpmpxLKifKRmU6WP,Imagine Dragons,Believer,Kid Ina Korner / Interscope,25,40,137,698762,IN,India,Q4,2021
41,spotify:track:5eGsHi6RcL33gb9k89UYaB,"Tegi Pannu, Manni Sandhu",Schedule,Collab Creations Ltd,41,43,6,696187,IN,India,Q4,2021
42,spotify:track:5eXBXreN3d1zdj6Sa8dS0u,BTS,Permission to Dance,BIGHIT MUSIC,1,28,13,695471,IN,India,Q4,2021
43,spotify:track:39LLxExYz6ewLAcYrzQQyP,Dua Lipa,Levitating,Warner Records,11,39,25,694276,IN,India,Q4,2021
44,spotify:track:0yIUl79oGZKSYeLY1KEOxP,"Tanishk Bagchi, Jubin Nautiyal, Hanita Bhambri","Raataan Chill Mix - Spotify Singles (Tanishk Bagchi, Jubin Nautiyal, Hanita Bhambri)",Sony Music Entertainment India Pvt. Ltd.,42,42,2,693550,IN,India,Q4,2021
45,spotify:track:4hOsYVSWKWP71u3yQbcqZB,"Harnoor, Gifty",Waalian,Sky Digital,15,86,34,688066,IN,India,Q4,2021
46,spotify:track:0b11D9D0hMOYCIMN3OKreM,"Witt Lowry, Ava Max",Into Your Arms (feat. Ava Max),Witt Lowry,31,41,33,681918,IN,India,Q4,2021
48,spotify:track:2qxmye6gAegTMjLKEBoR3d,Alec Benjamin,Let Me Down Slowly,2018,34,49,78,675667,IN,India,Q4,2021
49,spotify:track:43GfQ1SC17rBWiHkOtdwK8,"Atif Aslam, Shirley Setia, Dj Chetas",Jab Koi Baat - Recreated,Ishtar Music Pvt. Ltd.,44,44,19,675575,IN,India,Q4,2021
50,spotify:track:0eu4C55hL6x29mmeAjytzC,Oliver Tree,Life Goes On,Atlantic Records,50,-1,1,651467,IN,India,Q4,2021
51,spotify:track:2PEo8JQ48mfEv8a2HLqDvt,"Sachin-Jigar, Rashmeet Kaur, Shamur, IP Singh","Nadiyon Paar (Let the Music Play Again) (From ""Roohi"")",Sony Music Entertainment India Pvt. Ltd.,5,50,31,642830,IN,India,Q4,2021
52,spotify:track:6PQ88X9TkUIAUIZJHW2upE,Ed Sheeran,Bad Habits,Atlantic Records UK,13,46,15,626404,IN,India,Q4,2021
1,spotify:track:4L5ZhW0VJeQ6je2iqvqZ4X,"Sfera Ebbasta, J Balvin",Baby (with J Balvin),Universal Music Italia srL.,1,1,7,1351269,IT,Italy,Q1,2021
2,spotify:track:1YvhcTM8aIRTg03AavA2HJ,"Rondodasosa, Capo Plaza",SLATT (feat. Capo Plaza),WM Italy,2,3,12,1164793,IT,Italy,Q1,2021
3,spotify:track:0WBg2If3H9nN9RFl2xO2SZ,Gazzelle,Destri,Artist First / Maciste Dischi,2,6,15,1132794,IT,Italy,Q1,2021
4,spotify:track:6Ahg1hncxUdK0ICqU03BCu,Ernia,Superclassico,Universal Music Italia srL.,1,5,29,1121920,IT,Italy,Q1,2021
5,spotify:track:4hExiZDbGdegofpEc9t0Fu,Sfera Ebbasta,Bottiglie Privè,Universal Music Italia srL.,1,2,11,1086408,IT,Italy,Q1,2021
6,spotify:track:2zqxUV6h5y6Y9WhyH0FVvX,"BLOODY VINYL, Slait, thasup, Mara Sattei, Coez",ALTALENE (feat. Mara Sattei & Coez),Arista,1,4,14,1073865,IT,Italy,Q1,2021
7,spotify:track:1P6TlFb8EVH2nCX3luVpZW,Pinguini Tattici Nucleari,Scooby Doo,RCA Records Label,5,9,8,1004257,IT,Italy,Q1,2021
8,spotify:track:0pFjYM7JdNJhjuooMgesks,Matteo Romano,Concedimi,Universal Music Italia srL.,8,8,8,937038,IT,Italy,Q1,2021
9,spotify:track:4MzXwWMhyBbmu6hOcLVD49,"Bad Bunny, JHAYCO",DÁKITI,Rimas Entertainment LLC,9,10,10,926603,IT,Italy,Q1,2021
10,spotify:track:11jGgkrtDbYaKlN0y1nPbC,"Sfera Ebbasta, Marracash, Guè",Tik Tok (feat. Marracash & Guè),Universal Music Italia srL.,2,7,7,920797,IT,Italy,Q1,2021
11,spotify:track:3tjFYV6RSFtuktYl3ZtYcq,"24kGoldn, iann dior",Mood (feat. iann dior),Records/Columbia,6,11,19,875583,IT,Italy,Q1,2021
12,spotify:track:0CjTQ01ADXx3BMO07LxpKx,"MV Killa, Yung Snapp, Enzo Dong",SPLASH (feat. Enzo Dong),Universal Music Italia srL.,12,21,3,850716,IT,Italy,Q1,2021
13,spotify:track:2aQJOc2QUTdQl1J2Z9VxYO,Paris Boy,Problemas,Sony Music Entertainment,8,12,7,809902,IT,Italy,Q1,2021
14,spotify:track:7KnC2wSD0I5Fju3A7qCFX8,"VillaBanks, Linch, Reizon, Capo Plaza",Pasticche (feat. Capo Plaza),Universal Music Italia srL.,14,18,15,766742,IT,Italy,Q1,2021
15,spotify:track:3Xhl7OqWAFgVxQKrWhyVVO,"Guè, Rose Villain, Luchè",Chico (feat. Rose Villain & Luchè),Universal Music Italia srL.,3,14,28,744606,IT,Italy,Q1,2021
16,spotify:track:0824Kyozhv4yBbM86aBFCG,Fedez,BELLA STORIA,Sony Music Entertainment,8,16,15,728072,IT,Italy,Q1,2021
17,spotify:track:6cx06DFPPHchuUAcTxznu9,"Joel Corry, MNEK",Head & Heart (feat. MNEK),Atlantic Records UK,11,20,22,727529,IT,Italy,Q1,2021
18,spotify:track:5vGLcdRuSbUhD8ScwsGSdA,CJ,Whoopty,CJ Music Group/T-Series,18,29,9,684406,IT,Italy,Q1,2021
19,spotify:track:3YNcQUeVOpM3SDmwBeGfMK,"Rocco Hunt, Ana Mena",A Un Passo Dalla Luna,RCA Records Label,1,23,27,663827,IT,Italy,Q1,2021
20,spotify:track:4CvW0iHAs7yJhbpnJ3NSnS,"Sfera Ebbasta, Diplo",Hollywood (feat. Diplo),Universal Music Italia srL.,4,17,7,651127,IT,Italy,Q1,2021
21,spotify:track:1MGReaXx6mzqSzOpeyhbHD,Blind,Cuore Nero - prod. Frenetik&Orang3,RCA Records Label,6,22,10,650428,IT,Italy,Q1,2021
22,spotify:track:3hV8uIYz5D5orhpgqixZHj,Vasco Rossi,Una Canzone D'Amore Buttata Via,Universal Music Italia srL.,22,-1,1,648619,IT,Italy,Q1,2021
23,spotify:track:34r4voojt51Kk6ax5FJI1M,Måneskin,VENT'ANNI,RCA Records Label,18,28,10,628320,IT,Italy,Q1,2021
24,spotify:track:0MLu1cFYL4ikdRTdasCQT9,"Shablo, Geolier, Sfera Ebbasta",M' Manc (con Geolier & Sfera Ebbasta),Universal Music Italia srL.,1,25,30,627252,IT,Italy,Q1,2021
25,spotify:track:0vWUhCPxpJOJR5urYbZypB,"Purple Disco Machine, Sophie and the Giants",Hypnotized,Positiva,6,27,28,626573,IT,Italy,Q1,2021
26,spotify:track:2j9wr1cxfYcMJoANfmoJA9,Sfera Ebbasta,$€ Freestyle,Universal Music Italia srL.,6,24,7,625740,IT,Italy,Q1,2021
27,spotify:track:0lSVjlxmAMSJGFSjVB1FtU,"Sfera Ebbasta, Future",Abracadabra (feat. Future),Universal Music Italia srL.,3,26,7,568933,IT,Italy,Q1,2021
28,spotify:track:1SIl1FBbHmGa4PmJu5q6Lm,Lortex,MIA,Epic,28,34,6,559927,IT,Italy,Q1,2021
29,spotify:track:3teW1cB7e8HMmtHUeWF7Je,"Franco126, Calcutta ",Blue Jeans (feat. Calcutta),Universal Music Italia srL.,22,30,4,550124,IT,Italy,Q1,2021
30,spotify:track:57pRUe152ADvLINx0or1m8,Sfera Ebbasta,Famoso,Universal Music Italia srL.,2,19,3,549020,IT,Italy,Q1,2021
31,spotify:track:1ws9IBGum9LLNEdSVNO2pH,"Gemitaiz, Nitro",Mama (feat. Nitro),Universal Music Italia srL.,2,32,9,546768,IT,Italy,Q1,2021
32,spotify:track:3Bd5A7Yxg4zxFeiKiYlMId,Boomdabash,Don't Worry,Universal Music Italia srL.,32,51,6,541057,IT,Italy,Q1,2021
33,spotify:track:54bFM56PmE4YLRnqpW6Tha,Billie Eilish,Therefore I Am,Darkroom/Interscope Records,14,36,8,532176,IT,Italy,Q1,2021
34,spotify:track:4saklk6nie3yiGePpBwUoc,BTS,Dynamite,BIGHIT MUSIC,30,49,20,516450,IT,Italy,Q1,2021
35,spotify:track:6f3Slt0GbA2bPZlz0aIFXN,Tiësto,The Business,Atlantic Records,35,50,7,512293,IT,Italy,Q1,2021
36,spotify:track:1tkg4EHVoqnhR6iFEXb60y,Pop Smoke,What You Know Bout Love,Victor Victor Worldwide,17,38,15,510683,IT,Italy,Q1,2021
37,spotify:track:5YPKiDLejR1JhnX6w2lhro,"Carl Brave, Mara Sattei, thasup",Spigoli (feat. Mara Sattei & thasup),Universal Music Italia srL.,1,37,35,498185,IT,Italy,Q1,2021
38,spotify:track:1uPPyvMOaaVLnVcwD1Sp0d,"Sfera Ebbasta, Offset",Macarena (feat. Offset),Universal Music Italia srL.,5,31,7,496356,IT,Italy,Q1,2021
39,spotify:track:6ft4hAq6yde8jPZY2i5zLr,"MEDUZA, Dermot Kennedy",Paradise (feat. Dermot Kennedy),Universal-Island Records Ltd.,39,46,6,494149,IT,Italy,Q1,2021
40,spotify:track:5BxBGvLJdwBBjCYJRdezxM,Sfera Ebbasta,Male,Universal Music Italia srL.,7,33,7,493812,IT,Italy,Q1,2021
41,spotify:track:2Up8QSKRV7WnZxZAQasEUq,Irama,Mediterranea,WM Italy,1,41,34,492592,IT,Italy,Q1,2021
42,spotify:track:51zuoAf9f1DNTVmBJHVErg,Ghali,Barcellona,WM Italy,31,42,17,491231,IT,Italy,Q1,2021
43,spotify:track:3H7ihDc1dqLriiWXwsc2po,"Topic, A7S",Breaking Me,Intercord,8,40,38,489593,IT,Italy,Q1,2021
44,spotify:track:6L671UzJPyAzbHEhaNhDUJ,Irama,Crepe,WM Italy,22,44,19,488858,IT,Italy,Q1,2021
45,spotify:track:3E1FgPTXX203rgBTD5nlKF,Emanuele Aloia,Il bacio di Klimt,Epic,2,45,37,484051,IT,Italy,Q1,2021
46,spotify:track:15WIkk29b7NqOK2poTRnOU,"PSICOLOGI, ARIETE",TATUAGGI (feat. ARIETE),Universal Music Italia srL.,25,47,16,481093,IT,Italy,Q1,2021
47,spotify:track:0VjIjW4GlUZAMYd2vXMi3b,The Weeknd,Blinding Lights,Republic Records,5,52,58,480253,IT,Italy,Q1,2021
48,spotify:track:6WEyOmkv1I4PcYkfkHWjCE,Ultimo,7+3,Ultimo Records,39,39,3,458063,IT,Italy,Q1,2021
49,spotify:track:59qrUpoplZxbIZxk6X0Bm3,Jason Derulo,Take You Dancing,Atlantic Records,49,54,11,446925,IT,Italy,Q1,2021
50,spotify:track:5LZVK19ieaV8Mk9FsqTL3F,Pinguini Tattici Nucleari,Ridere,RCA Records Label,31,55,41,437006,IT,Italy,Q1,2021
1,spotify:track:4ylL1oPx1rY1yFivslLFOR,Madame,VOCE,Universal Music Italia srL. (Sugar),1,1,6,2568904,IT,Italy,Q2,2021
2,spotify:track:67qxSUoyng1ohzvfyOyNWW,"Colapesce, Dimartino",Musica leggerissima,Columbia,1,2,6,2237571,IT,Italy,Q2,2021
3,spotify:track:2uyQXAGGwHuQVsu04OTVsB,sangiovanni,lady,Universal Music Italia srL. (Sugar),2,7,12,2128869,IT,Italy,Q2,2021
4,spotify:track:0HyDNYQmQ3obfA81D3y9tG,Irama,La genesi del tuo colore,WM Italy,4,4,6,1968010,IT,Italy,Q2,2021
5,spotify:track:1uXJYnCsXy2v50y0fDEEiV,"MACE, BLANCO, Salmo",LA CANZONE NOSTRA ⟁ ︎(con BLANCO & SALMO),Universal Music Italia srL.,1,5,13,1842746,IT,Italy,Q2,2021
6,spotify:track:776AftMmFFAWUIEAb3lHhw,Måneskin,ZITTI E BUONI,RCA Records Label,2,3,6,1740273,IT,Italy,Q2,2021
7,spotify:track:5Q47Vr7OH4XdXR6tqdwTE2,Aka 7even,Mi Manchi,Columbia,7,9,7,1674848,IT,Italy,Q2,2021
8,spotify:track:0ZqHo6eTBHUcOVjZzPvftT,"Francesca Michielin, Fedez",CHIAMAMI PER NOME,RCA Records Label,3,6,6,1631086,IT,Italy,Q2,2021
9,spotify:track:3nSIfipKhCaeo2Iu2YRi3H,"Rosa Chemical, Guè, Ernia",polka 2 :-/,Universal Music Italia srL.,9,-1,1,1458882,IT,Italy,Q2,2021
10,spotify:track:4iJyoBOLtHqaGxP12qzhQI,"Justin Bieber, Daniel Caesar, GIVĒON",Peaches (feat. Daniel Caesar & Giveon),RBMG/Def Jam,10,20,3,1372503,IT,Italy,Q2,2021
11,spotify:track:3BZEcbdtXQSo7OrvKRJ6mb,Lil Nas X,MONTERO (Call Me By Your Name),Columbia,11,77,2,1319516,IT,Italy,Q2,2021
12,spotify:track:00QN58Gx571pB1MEuBAcmL,"Fasma, GG",Parlami,RCA Records Label,8,10,6,1204995,IT,Italy,Q2,2021
13,spotify:track:32SclbEhaMKvlMbncpy8W2,sangiovanni,tutta la notte,Universal Music Italia srL. (Sugar),13,18,8,1185191,IT,Italy,Q2,2021
14,spotify:track:1eDC4NiUYgQSKpKDIvXxi4,"Ernia, Pinguini Tattici Nucleari",Ferma A Guardare (feat. Pinguini Tattici Nucleari),Universal Music Italia srL.,5,13,12,1149071,IT,Italy,Q2,2021
15,spotify:track:5qn15Hs4s26YaNd5UWVe00,Coma_Cose,Fiamme negli occhi,Asian Fake,7,12,6,1108691,IT,Italy,Q2,2021
16,spotify:track:4cG7HUWYHBV6R6tHn1gxrl,"Riton, Nightcrawlers, Mufasa & Hypeman, Mufasa, Dopamine",Friday (feat. Mufasa & Hypeman) - Dopamine Re-Edit,Ministry of Sound Recordings,16,29,7,1064142,IT,Italy,Q2,2021
17,spotify:track:3Ks12KDKwrT1anFMW0tevG,Fred De Palma,Ti raggiungerò,WM Italy,17,32,4,1027573,IT,Italy,Q2,2021
18,spotify:track:3RqausOoS1TMLly9Q12JgT,Annalisa,Dieci,Warner Records/WM Italy,9,14,6,966506,IT,Italy,Q2,2021
19,spotify:track:4O3sAZoZDIhNRcfHNuU4Ps,"Takagi & Ketra, Marco Mengoni, Frah Quintale","Venere e Marte (feat. Marco Mengoni, Frah Quintale)",Sony Music Entertainment,3,17,13,915469,IT,Italy,Q2,2021
20,spotify:track:3VvA1wSxukMLsvXoXtlwWx,Boza,Hecha Pa' Mi,Sony Music Latin,9,23,14,874678,IT,Italy,Q2,2021
21,spotify:track:5YaskwnGDZFDRipaqzbwQx,"ATB, Topic, A7S",Your Love (9PM),Intercord,21,26,8,869736,IT,Italy,Q2,2021
22,spotify:track:43ic0un1f9Nak0ZCQgvKjY,"Rvfv, Pablo Mas",Yo No Sé,NASTU MUSIC,22,55,3,853768,IT,Italy,Q2,2021
23,spotify:track:769M2rTiAoL7x2lKDHLjRa,Capo Plaza,Non Fare Così,WM Italy,1,24,11,840229,IT,Italy,Q2,2021
24,spotify:track:1P6TlFb8EVH2nCX3luVpZW,Pinguini Tattici Nucleari,Scooby Doo,RCA Records Label,5,25,21,823079,IT,Italy,Q2,2021
25,spotify:track:5QO79kh1waicV47BqGRL3g,The Weeknd,Save Your Tears,Republic Records,10,31,14,819992,IT,Italy,Q2,2021
26,spotify:track:7kbWJ8cCpn2IlsQTEagWi7,Dennis,0 passi,WM Italy,26,132,2,812273,IT,Italy,Q2,2021
27,spotify:track:3VT8hOC5vuDXBsHrR53WFh,Masked Wolf,Astronaut In The Ocean,Elektra (NEK),27,30,10,791901,IT,Italy,Q2,2021
28,spotify:track:4mrr7agl0tGMOiuDT1AwMQ,"Madame, Fabri Fibra",IL MIO AMICO (feat. Fabri Fibra),Universal Music Italia srL. (Sugar),10,21,12,787132,IT,Italy,Q2,2021
29,spotify:track:2zE2D5b8xKpdsVyWM2vlTt,Dennis,Il Cielo Contromano,WM Italy,29,60,13,779918,IT,Italy,Q2,2021
30,spotify:track:4jmvkbDw0cuWD2Fi9VswFQ,Willie Peyote,Mai Dire Mai (La Locura),Universal Music Italia srL.,6,22,6,779493,IT,Italy,Q2,2021
31,spotify:track:6Ahg1hncxUdK0ICqU03BCu,Ernia,Superclassico,Universal Music Italia srL.,1,34,42,755645,IT,Italy,Q2,2021
32,spotify:track:4MTlIhliwFJnTfbEoctDyB,"Massimo Pericolo, Crookers, Madame",AIRFORCE (feat. Madame),Epic,11,11,2,753040,IT,Italy,Q2,2021
33,spotify:track:5dP8HoPhDJ53ILl7oxfA87,"Madame, Rkomi, Carl Brave",BUGIE (feat. Rkomi & Carl Brave),Universal Music Italia srL. (Sugar),12,27,3,726782,IT,Italy,Q2,2021
34,spotify:track:4MzXwWMhyBbmu6hOcLVD49,"Bad Bunny, JHAYCO",DÁKITI,Rimas Entertainment LLC,9,36,23,698559,IT,Italy,Q2,2021
35,spotify:track:6HVRRlc2sBlkcKEkhlsp86,"Massimo Pericolo, Crookers",STUPIDO,Epic,16,16,2,685139,IT,Italy,Q2,2021
36,spotify:track:7dYgzrhdIIjTQTvUjlrWxa,"Leon Faun, Duffy",Occhi Lucidi,Universal Music Italia srL.,36,56,5,672050,IT,Italy,Q2,2021
37,spotify:track:3uqFFmxrCv4nzkKFSNbXHv,"Emis Killa, Jake La Furia, Geolier",No Cap (feat. Geolier),Epic,7,44,6,669720,IT,Italy,Q2,2021
38,spotify:track:6ft4hAq6yde8jPZY2i5zLr,"MEDUZA, Dermot Kennedy",Paradise (feat. Dermot Kennedy),Universal-Island Records Ltd.,20,42,19,655972,IT,Italy,Q2,2021
39,spotify:track:20t66ReqDDum1dvDSlpZzk,"Massimo Pericolo, Crookers, Salmo, Nic Sarno",CAZZO CULO (feat. Salmo),Epic,8,8,2,644265,IT,Italy,Q2,2021
40,spotify:track:3oTNtTmOOekaUDvDiqM4br,Noemi,Glicine,Red Sap Srl,13,40,6,642056,IT,Italy,Q2,2021
41,spotify:track:38UoVEHcZ85EGBo6k79643,BLANCO,Notti In Bianco,Universal Music Italia srL.,41,52,13,634534,IT,Italy,Q2,2021
42,spotify:track:6UP3eoMcJDoEssjjHqAdjn,Emanuele Aloia,L'urlo di Munch,RCA Records Label,30,48,10,627218,IT,Italy,Q2,2021
43,spotify:track:53LX6p75hOcCtAelMDyB8B,Gazzelle,Destri,Artist First / Maciste Dischi,2,51,28,624718,IT,Italy,Q2,2021
44,spotify:track:361UCyu0eeQnfw2FCEy8tv,Mahmood,Inuyasha,Universal Music Italia srL.,32,46,10,619327,IT,Italy,Q2,2021
45,spotify:track:5TpiEQwR25UTdvIGh6Zdz1,sangiovanni,hype,Universal Music Italia srL. (Sugar),45,97,2,602820,IT,Italy,Q2,2021
46,spotify:track:2RVdq0QXC4JxU0X51ZQYaH,Il Tre,Il tuo nome,WM Italy,22,54,7,601991,IT,Italy,Q2,2021
47,spotify:track:6hhuex6bSsCfgDffHJmRo9,La rappresentante di lista,Amare,Woodworm Publishing Srl,12,45,5,590822,IT,Italy,Q2,2021
48,spotify:track:7HMz8o0m7ASQ3ImFPfhWTY,Måneskin,CORALINE,RCA Records Label,11,39,3,583634,IT,Italy,Q2,2021
49,spotify:track:3YNcQUeVOpM3SDmwBeGfMK,"Rocco Hunt, Ana Mena",A Un Passo Dalla Luna,RCA Records Label,1,59,40,567409,IT,Italy,Q2,2021
50,spotify:track:1AA3XZWWaLTcOgVdeSWg3S,Capo Plaza,Street,WM Italy,5,57,11,549905,IT,Italy,Q2,2021
1,spotify:track:1x3Qb8np6S1UvpSLthwEJN,"BLANCO, Sfera Ebbasta",MI FAI IMPAZZIRE,Universal Music Italia srL.,1,3,3,4949680,IT,Italy,Q3,2021
2,spotify:track:01hEpx8jnOG4q7nDK14Rhi,sangiovanni,malibu,Universal Music Italia srL. (Sugar),1,1,8,4629203,IT,Italy,Q3,2021
3,spotify:track:6qdMhG7pRFi0csRlFGvLE4,"Fedez, Achille Lauro, Orietta Berti",MILLE – feat. Orietta Berti,Columbia,2,2,4,4206273,IT,Italy,Q3,2021
4,spotify:track:6Y3E68GAhdvbJramkIOKJK,Elettra Lamborghini,Pistolero,Universal Music Italia srL.,4,4,5,3130361,IT,Italy,Q3,2021
5,spotify:track:4iMigesJsEKt8JczIwUrBO,"Rocco Hunt, Ana Mena",Un bacio all'improvviso,RCA Records Label,5,5,5,3078475,IT,Italy,Q3,2021
6,spotify:track:4pt5fDVTg5GhEvEtlz9dKk,Måneskin,I WANNA BE YOUR SLAVE,RCA Records Label,6,8,13,2777462,IT,Italy,Q3,2021
7,spotify:track:3fxSSvnUS7ALxmhOckb7t6,"Rkomi, Sfera Ebbasta, Junior K",NUOVO RANGE (con SFERA EBBASTA),Universal Music Italia srL.,1,6,10,2753159,IT,Italy,Q3,2021
8,spotify:track:6uS2uan3JwpHko4E8Bg0UR,Aka 7even,Loca,Columbia,2,7,8,2522195,IT,Italy,Q3,2021
9,spotify:track:3Wrjm47oTz2sjIgck11l5e,Måneskin,Beggin',RCA Records Label,9,18,7,2453916,IT,Italy,Q3,2021
10,spotify:track:7xtDBQTR47nZwpBRu6pOdO,"Rkomi, Irama, Shablo",LUNA PIENA (con IRAMA),Universal Music Italia srL.,7,10,10,2259994,IT,Italy,Q3,2021
11,spotify:track:38UoVEHcZ85EGBo6k79643,BLANCO,Notti In Bianco,Universal Music Italia srL.,11,11,26,2156560,IT,Italy,Q3,2021
12,spotify:track:3cqu5fPwdsXZHIRpDeXPoh,Fred De Palma,Ti raggiungerò,WM Italy,7,9,17,2097447,IT,Italy,Q3,2021
13,spotify:track:2opRyiaqpnQCH0jfCY9Wjd,"Noemi, Carl Brave",MAKUMBA,Red Sap Srl,13,39,5,2045313,IT,Italy,Q3,2021
14,spotify:track:43mGIsFZwISk1WWTcAK728,Rkomi,PARTIRE DA TE,Universal Music Italia srL.,4,12,10,1919410,IT,Italy,Q3,2021
15,spotify:track:6VAdJCy8hFSxTNsxlBADSE,"J-AX, Jake La Furia",Salsa,Columbia,14,14,7,1884372,IT,Italy,Q3,2021
16,spotify:track:7BKGYx89QYgfdnpVo3zapq,Madame,MAREA,Universal Music Italia srL. (Sugar),15,15,5,1878842,IT,Italy,Q3,2021
17,spotify:track:5Wml9i3afqwcm8UNDD1GXw,"Boomdabash, Baby K",Mohicani (feat. Baby K),Universal Music Italia srL.,17,22,4,1784551,IT,Italy,Q3,2021
18,spotify:track:776AftMmFFAWUIEAb3lHhw,Måneskin,ZITTI E BUONI,RCA Records Label,2,13,19,1760637,IT,Italy,Q3,2021
19,spotify:track:43ic0un1f9Nak0ZCQgvKjY,"Rvfv, Pablo Mas",Yo No Sé,NASTU MUSIC,15,16,16,1626415,IT,Italy,Q3,2021
20,spotify:track:3H6wIwh1C3GVJI0LaWQF7P,"Annalisa, Federico Rossi",Movimento lento (feat. Federico Rossi),WM Italy,20,31,4,1596192,IT,Italy,Q3,2021
21,spotify:track:4cG7HUWYHBV6R6tHn1gxrl,"Riton, Nightcrawlers, Mufasa & Hypeman, Mufasa, Dopamine",Friday (feat. Mufasa & Hypeman) - Dopamine Re-Edit,Ministry of Sound Recordings,11,19,20,1536438,IT,Italy,Q3,2021
22,spotify:track:7wXb66O5ZZU77xtqNDH0gl,sangiovanni,lady,Universal Music Italia srL. (Sugar),2,17,25,1524710,IT,Italy,Q3,2021
23,spotify:track:2g7xewu0kXt7Uo3X8MBlgj,Shade,In un'ora,WM Italy,20,20,5,1499790,IT,Italy,Q3,2021
24,spotify:track:71r3UlkV7sWvUYjas5paqi,Pinguini Tattici Nucleari,Scrivile Scemo,RCA Records Label,15,21,23,1497867,IT,Italy,Q3,2021
25,spotify:track:56nvQibJaC1V84wVMqA3Ck,Tony Effe,Effe,Universal Music Italia srL.,18,27,5,1458730,IT,Italy,Q3,2021
26,spotify:track:3WZ0y6ycgr5PpOeygirDvu,Irama,Melodia proibita,WM Italy,25,25,3,1442663,IT,Italy,Q3,2021
27,spotify:track:34fqJK3MV1eToqwBm6vo33,Tancredi,Las Vegas,WM Italy,7,23,20,1395542,IT,Italy,Q3,2021
28,spotify:track:6OYZvwKN8GaauTrJS1TuuH,"Imanbek, Sean Paul, Sofía Reyes",Dancing On Dangerous,MITH,24,24,9,1395147,IT,Italy,Q3,2021
29,spotify:track:67BtfxlNbhBmCDR2L2l8qd,Lil Nas X,MONTERO (Call Me By Your Name),Columbia,4,28,15,1360231,IT,Italy,Q3,2021
30,spotify:track:1stFp5p3h2svKierTqfEN6,"Takagi & Ketra, Giusy Ferreri",SHIMMY SHIMMY,Columbia,25,26,6,1345909,IT,Italy,Q3,2021
31,spotify:track:2UbVnbE5FH6008mAm6Mmgw,OneRepublic,Run,Mosley Music/Interscope Records,30,30,9,1332108,IT,Italy,Q3,2021
32,spotify:track:5YaskwnGDZFDRipaqzbwQx,"ATB, Topic, A7S",Your Love (9PM),Intercord,18,29,21,1312419,IT,Italy,Q3,2021
33,spotify:track:6HVRRlc2sBlkcKEkhlsp86,"Massimo Pericolo, Crookers",STUPIDO,Epic,16,32,15,1260668,IT,Italy,Q3,2021
34,spotify:track:0pmtvLQaPHx6nqZmi2KDbr,"Fred De Palma, Anitta",Un altro ballo (feat. Anitta),WM Italy,34,44,2,1162076,IT,Italy,Q3,2021
35,spotify:track:0xfMlIW8lS40qvpsUw1l0X,Kungs,Never Going Home,Universal Music Division Island Def Jam,35,46,4,1146770,IT,Italy,Q3,2021
36,spotify:track:4rstEjIOddR5CuzzLv2bhS,"Rkomi, Ernia, MACE",10 RAGAZZE (con ERNIA),Universal Music Italia srL.,2,34,10,1108539,IT,Italy,Q3,2021
37,spotify:track:1uXJYnCsXy2v50y0fDEEiV,"MACE, BLANCO, Salmo",LA CANZONE NOSTRA ⟁ ︎(con BLANCO & SALMO),Universal Music Italia srL.,1,35,26,1103304,IT,Italy,Q3,2021
38,spotify:track:6KLjClrXcuXiX4PWGHtmDk,"Gazzelle, Mara Sattei",Tuttecose,Artist First / Maciste Dischi,25,36,5,1068005,IT,Italy,Q3,2021
39,spotify:track:4ZtFanR9U6ndgddUvNcjcG,Olivia Rodrigo,good 4 u,Olivia Rodrigo PS,25,43,8,1036973,IT,Italy,Q3,2021
40,spotify:track:1JAkXiY10vwLhSbcsiimrp,"Tion Wayne, Russ Millions, Capo Plaza, Rondodasosa",Body (Remix) [feat. Capo Plaza & Rondodasosa],Atlantic Records UK,24,42,10,1025963,IT,Italy,Q3,2021
41,spotify:track:2pPO9YecZimmuVQfIzfV6U,"Ofenbach, Lagique",Wasted Love (feat. Lagique),Elektra France,35,37,13,1022056,IT,Italy,Q3,2021
42,spotify:track:7MC4XR9M9amdmKQr2iDF7i,"Justin Wellington, Small Jam",Iko Iko (My Bestie),RCA Records Label,41,41,10,1019273,IT,Italy,Q3,2021
43,spotify:track:6PQ88X9TkUIAUIZJHW2upE,Ed Sheeran,Bad Habits,Atlantic Records UK,43,47,2,1013864,IT,Italy,Q3,2021
44,spotify:track:4ILtwYPIonCeRGCIiXAASp,Federico Rossi,Pesche,WM Italy,33,40,13,1011739,IT,Italy,Q3,2021
45,spotify:track:3mYQaVTYv6suVMD1MjPBlR,"Shiva, Paky",Fendi belt,Milano Ovest,19,33,4,980985,IT,Italy,Q3,2021
46,spotify:track:3c1hhyuDTsP3hqRztpg2S5,BLANCO,Paraocchi,Universal Music Italia srL.,20,59,19,916496,IT,Italy,Q3,2021
47,spotify:track:0siYMEsGrzzzlWLXK5zJfS,"Joel Corry, RAYE, David Guetta",BED,Perfect Havoc / Asylum Records,31,48,12,880138,IT,Italy,Q3,2021
48,spotify:track:3EyZw5sCXxOkE8EWsOIkB1,"Il Pagante, Stash",Open Bar,Il Pagante,48,54,4,876306,IT,Italy,Q3,2021
49,spotify:track:1feGbMzfkaybNk96cXcqnO,Dennis,0 passi,WM Italy,4,38,15,874216,IT,Italy,Q3,2021
50,spotify:track:0k6Ru4EOidm7czaSvDjTX1,Marco Mengoni,Ma stasera,Epic,50,84,3,815155,IT,Italy,Q3,2021
1,spotify:track:6yaNNYWPjkWHbh1jADEyJO,Salmo,KUMITE,Columbia,1,-1,1,3492581,IT,Italy,Q4,2021
2,spotify:track:0BeXxjO6mgLDzg4xA6UheO,BLANCO,Blu Celeste,Universal Music Italia srL.,1,1,4,2897045,IT,Italy,Q4,2021
3,spotify:track:20Op27p3aV0WiaP7qOTlWP,"Salmo, Marracash",LA CHIAVE - feat. Marracash,Columbia,3,-1,1,2870134,IT,Italy,Q4,2021
4,spotify:track:01BCvCKQNDmFQQQSjrzPnm,"Salmo, Noyz Narcos",GHIGLIOTTINA - feat. Noyz Narcos,Columbia,4,-1,1,2746260,IT,Italy,Q4,2021
5,spotify:track:5mJDKaEsF02C8BOZoJ14rl,Salmo,ANTIPATICO,Columbia,5,-1,1,2740807,IT,Italy,Q4,2021
6,spotify:track:1PWOkqMORYdGa0OEh2GaXM,BLANCO,Notti In Bianco,Universal Music Italia srL.,1,2,39,2730415,IT,Italy,Q4,2021
7,spotify:track:1x3Qb8np6S1UvpSLthwEJN,"BLANCO, Sfera Ebbasta",MI FAI IMPAZZIRE,Universal Music Italia srL.,1,3,16,2661146,IT,Italy,Q4,2021
8,spotify:track:2v4kWcQ7LWML8TEQmLDAEO,Salmo,MI SENTO BENE,Columbia,8,-1,1,2581978,IT,Italy,Q4,2021
9,spotify:track:40zkeKA3HRN8Nzo6kbNOCp,BLANCO,Paraocchi,Universal Music Italia srL.,3,4,32,2458711,IT,Italy,Q4,2021
10,spotify:track:2tIyoiGw4F82z2C8zb7eZB,"Madame, Sfera Ebbasta",TU MI HAI CAPITO (feat. Sfera Ebbasta),Universal Music Italia srL. (Sugar),3,7,5,2298356,IT,Italy,Q4,2021
11,spotify:track:6FCWM1nmcM5fEPgS2EUAtB,Salmo,CRIMINALE,Columbia,11,-1,1,2278581,IT,Italy,Q4,2021
12,spotify:track:3Oot2B5eeU7WTwlk4wsMJE,"Salmo, Guè",YHWH - feat. Guè,Columbia,12,-1,1,2277302,IT,Italy,Q4,2021
13,spotify:track:7HmgMA9PqikUtSG4eusHy2,BLANCO,Lucciole,Universal Music Italia srL.,5,6,4,2116328,IT,Italy,Q4,2021
14,spotify:track:25zlvKhD4wtNyjWQ91APzB,Salmo,IN TRAPPOLA,Columbia,14,-1,1,2074951,IT,Italy,Q4,2021
15,spotify:track:2et2A0W3In3OYaRdJrY6m9,"Salmo, Par-T-One",FUORI DI TESTA - feat. Par-T-One,Columbia,15,-1,1,1964218,IT,Italy,Q4,2021
16,spotify:track:2P0wERnEOoWN2PC5ubmaV3,Salmo,CHE NE SO,Columbia,16,-1,1,1958658,IT,Italy,Q4,2021
17,spotify:track:1RUb1k0SOaaajHR9szL4bA,Salmo,HELLVISBACK 2,Columbia,17,-1,1,1952800,IT,Italy,Q4,2021
18,spotify:track:6byHOsfSzBH0R5WQ6QRv54,Fedez,MEGLIO DEL CINEMA,Columbia,5,5,2,1944013,IT,Italy,Q4,2021
19,spotify:track:2sLjcE5PnsLf33zW432MFg,Salmo,A DIO,Columbia,19,-1,1,1845438,IT,Italy,Q4,2021
20,spotify:track:5bYINUZAHhHaC4J0sdeWnl,Salmo,MARLA,Columbia,20,-1,1,1836324,IT,Italy,Q4,2021
21,spotify:track:3fxSSvnUS7ALxmhOckb7t6,"Rkomi, Sfera Ebbasta, Junior K",NUOVO RANGE (con SFERA EBBASTA),Universal Music Italia srL.,1,10,23,1753563,IT,Italy,Q4,2021
22,spotify:track:3eZUF65HbA141qh7OGsBER,"Salmo, Shari",L'ANGELO CADUTO - feat. Shari,Columbia,22,-1,1,1728786,IT,Italy,Q4,2021
23,spotify:track:1ktyKCzfI8hooCJP3X2yP5,"yungest Moonstar, Neffa, thasup",uNa DiReZioNe giUsTa,Arista,8,9,10,1686515,IT,Italy,Q4,2021
24,spotify:track:1kZtyxJakwddLIxfEDDXEx,Salmo,ALDO RITMO,Columbia,24,-1,1,1673061,IT,Italy,Q4,2021
25,spotify:track:5PjdY0CKGZdEuoNab3yDmX,"The Kid LAROI, Justin Bieber",STAY (with Justin Bieber),Columbia,3,8,13,1672891,IT,Italy,Q4,2021
26,spotify:track:2B4GHvToeLTOBB4QLzW3Ni,Farruko,Pepas,Sony Music Latin,13,13,10,1611754,IT,Italy,Q4,2021
27,spotify:track:5Z9KJZvQzH6PFmb8SNkxuk,"Lil Nas X, Jack Harlow",INDUSTRY BABY (feat. Jack Harlow),Columbia,11,11,11,1594446,IT,Italy,Q4,2021
28,spotify:track:0dsivsEA2U7cMVWq8aRjcW,Salmo,FLOP!,Columbia,28,-1,1,1554869,IT,Italy,Q4,2021
29,spotify:track:43mGIsFZwISk1WWTcAK728,Rkomi,PARTIRE DA TE,Universal Music Italia srL.,4,15,23,1466128,IT,Italy,Q4,2021
30,spotify:track:0bKDQionn4VKcgNKbs4SWX,Pinguini Tattici Nucleari,Pastello Bianco,RCA Records Label,19,19,19,1443396,IT,Italy,Q4,2021
31,spotify:track:3NI4VgVswVf503sOiZvv4m,BLANCO,Sai Cosa C’è,Universal Music Italia srL.,6,12,4,1427001,IT,Italy,Q4,2021
32,spotify:track:63mdY4U0KvnbMkUEc7FHN8,ARIETE,L'ultima notte,Universal Music Italia srL.,14,16,23,1420510,IT,Italy,Q4,2021
33,spotify:track:16EJNayKtC09M0Fi7Py47s,BLANCO,Finché Non Mi Seppelliscono,Universal Music Italia srL.,9,14,4,1391155,IT,Italy,Q4,2021
34,spotify:track:71r3UlkV7sWvUYjas5paqi,Pinguini Tattici Nucleari,Scrivile Scemo,RCA Records Label,15,20,36,1333103,IT,Italy,Q4,2021
35,spotify:track:7xtDBQTR47nZwpBRu6pOdO,"Rkomi, Irama, Shablo",LUNA PIENA (con IRAMA),Universal Music Italia srL.,7,21,23,1287442,IT,Italy,Q4,2021
36,spotify:track:4p0o4pBoJPxYMXKhYbRzzw,sangiovanni,malibu,Universal Music Italia srL. (Sugar),1,17,21,1285108,IT,Italy,Q4,2021
37,spotify:track:6PQ88X9TkUIAUIZJHW2upE,Ed Sheeran,Bad Habits,Atlantic Records UK,11,26,15,1214347,IT,Italy,Q4,2021
38,spotify:track:18E4wq8is4m6wL8HxrEaQ9,BLANCO,Ladro Di Fiori,Universal Music Italia srL.,11,23,27,1178535,IT,Italy,Q4,2021
39,spotify:track:0tD4EXZRm1JGDYWtKYFLWK,"Bresh, SHUNE",Angelina Jolie,Epic,27,27,30,1177693,IT,Italy,Q4,2021
40,spotify:track:6qdMhG7pRFi0csRlFGvLE4,"Fedez, Achille Lauro, Orietta Berti",MILLE – feat. Orietta Berti,Columbia,2,24,17,1165258,IT,Italy,Q4,2021
41,spotify:track:0GMrDNkDnTcSX7NDJoCj64,BLANCO,Mezz’Ora Di Sole,Universal Music Italia srL.,7,18,4,1163640,IT,Italy,Q4,2021
42,spotify:track:7BKGYx89QYgfdnpVo3zapq,Madame,MAREA,Universal Music Italia srL. (Sugar),10,29,18,1143089,IT,Italy,Q4,2021
43,spotify:track:2MF9dzFQxu3YTywQ72Bhax,"Lele Blade, Paky",Extendo (feat. Paky),Columbia,25,25,3,1121714,IT,Italy,Q4,2021
44,spotify:track:4oPh7HAoMR1bLBbxwqKmgn,"VillaBanks, Boro",Rompo (feat. Boro),Universal Music Italia srL.,31,31,21,1108375,IT,Italy,Q4,2021
45,spotify:track:7vWjyIST4LV6AOJsI0lolL,BLANCO,Pornografia (Bianco Paradiso),Universal Music Italia srL.,10,22,4,1103527,IT,Italy,Q4,2021
46,spotify:track:0O7YPBpKbvmwQN5LrKeLtN,Salmo,VIVO,Columbia,46,-1,1,1082009,IT,Italy,Q4,2021
47,spotify:track:6zSpb8dQRaw0M1dK8PBwQz,"Elton John, Dua Lipa, PNAU",Cold Heart - PNAU Remix,EMI,39,39,7,1052155,IT,Italy,Q4,2021
48,spotify:track:1zDFKQ2JfsRQpQSivgFFkR,ARIETE,L,Universal Music Italia srL.,48,117,2,1016864,IT,Italy,Q4,2021
49,spotify:track:1uXJYnCsXy2v50y0fDEEiV,"MACE, BLANCO, Salmo",LA CANZONE NOSTRA ⟁ ︎(con BLANCO & SALMO),Universal Music Italia srL.,1,41,39,1011071,IT,Italy,Q4,2021
50,spotify:track:02MWAaffLxlfxAUY7c5dvx,Glass Animals,Heat Waves,Polydor Records,37,37,6,1003701,IT,Italy,Q4,2021
1,spotify:track:4saklk6nie3yiGePpBwUoc,BTS,Dynamite,BIGHIT MUSIC,1,1,20,2161464,JP,Japan,Q1,2021
2,spotify:track:6MCjmGYlw6mQVWRFVgBRvB,YOASOBI,夜に駆ける,YOASOBI,1,3,43,1840188,JP,Japan,Q1,2021
3,spotify:track:0cSkn2l67csUljEy0EEBPn,LiSA,炎,Sony Music Labels Inc.,1,2,13,1771035,JP,Japan,Q1,2021
4,spotify:track:7dH0dpi751EoguDDg3xx6J,Yuuri,ドライフラワー,Sony Music Labels Inc.,3,4,10,1748504,JP,Japan,Q1,2021
5,spotify:track:7AIj86wFWqm7X1TZ2hzHwS,SUDA MASAKI,虹,Sony Music Labels Inc.,5,5,8,1288292,JP,Japan,Q1,2021
6,spotify:track:2RbVD1IgXtyQFlLtbthaZ3,HIRAIDAI,"Stand by me, Stand by you.",avex trax,4,7,17,1207737,JP,Japan,Q1,2021
7,spotify:track:4FrxgrNbNrdfq8093JaEJf,NiziU,Make you happy,Sony Music Labels Inc.,3,9,28,1199865,JP,Japan,Q1,2021
8,spotify:track:4Jv7U0JJpbQnOrjtDwDZTZ,Aimyon,Naked Heart,WM Japan,3,8,36,1186903,JP,Japan,Q1,2021
9,spotify:track:5DgAgJbHcm74RyA9YKj6k1,NiziU,Step and a step,Sony Music Labels Inc.,6,10,7,1173769,JP,Japan,Q1,2021
10,spotify:track:0qMip0B2D4ePEjBJvAtYre,LiSA,紅蓮華,Sony Music Labels Inc.,6,11,63,1055308,JP,Japan,Q1,2021
11,spotify:track:5MVjxslIF7mVtYo75Nk445,Eve,Kaikai Kitan,TOY'S FACTORY,11,13,13,1050785,JP,Japan,Q1,2021
12,spotify:track:6c5k0VC9TBzlcKwtjpzFW2,SEKAI NO OWARI,silent,Universal Music LLC,5,6,11,1046296,JP,Japan,Q1,2021
13,spotify:track:38qQqIxE80HGZWbhCfN7hp,DISH//,猫 〜THE FIRST TAKE ver.〜,THE FIRST TAKE MUSIC,6,14,35,1029330,JP,Japan,Q1,2021
14,spotify:track:1rd3RSjrOShIUG8rG9FvDI,Kenshi Yonezu,感電,Sony Music Labels Inc.,2,15,23,965074,JP,Japan,Q1,2021
15,spotify:track:1zd35Y44Blc1CwwVbW3Qnk,YOASOBI,群青,YOASOBI,10,25,19,940024,JP,Japan,Q1,2021
16,spotify:track:4pRqq3MwcqitKqNO8rOrOb,OFFICIAL HIGE DANDISM,I Love...,PONY CANYON INC.,1,16,52,924854,JP,Japan,Q1,2021
17,spotify:track:786dSB84yrSaICJwCT7VxP,Eito,香水,A.S.A.B,2,12,37,920414,JP,Japan,Q1,2021
18,spotify:track:278JqkBGkjDovOYAwE8TW7,OFFICIAL HIGE DANDISM,115 million kilometer film,LASTRUM,6,17,88,897164,JP,Japan,Q1,2021
19,spotify:track:08YwAPnX8sygJUXG9rvhDv,YOASOBI,ハルジオン,YOASOBI,16,28,35,878425,JP,Japan,Q1,2021
20,spotify:track:2Gmyw5Vg2X5YW2lM3OC7nD,yama,Haru wo Tsugeru,yama,6,19,35,863311,JP,Japan,Q1,2021
21,spotify:track:6sIx7Cn37DGEhjy9hBP8Gx,DISH//,猫,Sony Music Labels Inc.,18,21,37,859204,JP,Japan,Q1,2021
22,spotify:track:37IPQgBkvbmH9JR5mlY6a8,Takaya Kawasaki,魔法の絨毯,Warner Music D.N.A.,22,26,16,855914,JP,Japan,Q1,2021
23,spotify:track:15HNdxGKNCIO9pgaY4n7FU,OFFICIAL HIGE DANDISM,Pretender,PONY CANYON INC.,1,18,90,854988,JP,Japan,Q1,2021
24,spotify:track:0JTjZnuciQH4M3620aMDtZ,Yuuri,かくれんぼ,Sony Music Labels Inc.,23,24,33,829083,JP,Japan,Q1,2021
25,spotify:track:7tGDXCPLpAScEwmqab9YZd,Novelbright,Walking with you,Emperor Mode,14,22,66,825582,JP,Japan,Q1,2021
26,spotify:track:6uUtmCz8XXep7n1QmC1jJG,Rin音,snow jam,ROOFTOP,12,23,42,817186,JP,Japan,Q1,2021
27,spotify:track:4wel6DQu0dMVBRVn2ZTPoy,King Gnu,白日,Sony Music Labels Inc.,2,20,98,796495,JP,Japan,Q1,2021
28,spotify:track:18nkY3pJTub8WwEGiQAGh4,Vaundy,Fukakoryoku,SDR Inc.,20,30,27,748748,JP,Japan,Q1,2021
29,spotify:track:7BMKWT0Vw0EKDELXLvuWCp,King Gnu,三文小説,Sony Music Labels Inc.,15,27,10,732053,JP,Japan,Q1,2021
30,spotify:track:1sIIlVrnPhrvmTrHtzM7tV,"Mrs. GREEN APPLE, Sonoko Inoue",点描の唄,Universal Music LLC,19,32,86,700563,JP,Japan,Q1,2021
31,spotify:track:7p8JJm7CT2F4k11f1DtNUa,オレンジスパイニクラブ,キンモクセイ,TBD/A,14,34,25,699636,JP,Japan,Q1,2021
32,spotify:track:1SdwlHsv8bWHbAlIw5Jfgo,OFFICIAL HIGE DANDISM,Laughter,IRORI Records,9,31,26,697100,JP,Japan,Q1,2021
33,spotify:track:398dL22bDbKbAmiOnPaq7o,YOASOBI,たぶん,YOASOBI,18,46,25,695540,JP,Japan,Q1,2021
34,spotify:track:249gnXrbfmV8NG6jTEMSwD,BTS,Life Goes On,BIGHIT MUSIC,11,36,7,694549,JP,Japan,Q1,2021
35,spotify:track:2cKiHG16JBiqHdi7Llq0r7,Aimyon,Marigold,WM Japan,1,29,129,691971,JP,Japan,Q1,2021
36,spotify:track:2SihT7AVMiI2VtaAyVIcnO,Macaroni Empitsu,恋人ごっこ,TALTO,36,48,33,688256,JP,Japan,Q1,2021
37,spotify:track:3wJHCry960drNlAUGrJLmz,Yorushika,ただ君に晴れ,U&R records,12,33,105,687189,JP,Japan,Q1,2021
38,spotify:track:2Kpsws23Oqf0wFwPrzJnWA,ZUTOMAYO,正しくなれない,Universal Music LLC,38,50,3,677654,JP,Japan,Q1,2021
39,spotify:track:52IsIvHidofM9JMjw78Jyz,"LiSA, Uru",再会 (produced by Ayase),Sony Music Labels Inc.,39,49,7,675199,JP,Japan,Q1,2021
40,spotify:track:3Ys2PYl1wyPKQIwyqhP9cQ,BTS,Stay Gold,Universal Music LLC,19,35,29,675107,JP,Japan,Q1,2021
41,spotify:track:6nqfKM9JvQIiuAuzWZFvGW,もさを。,ぎゅっと。,Mosawo,32,40,23,659034,JP,Japan,Q1,2021
42,spotify:track:5wc4f6crkCzAvwNhoEeMhh,Tani Yuuki,Myra,Valley Records,10,39,27,647913,JP,Japan,Q1,2021
43,spotify:track:2vOAHp8PBBFYqvQUWSoITY,Mrs. GREEN APPLE,インフェルノ,Universal Music LLC,16,37,77,640427,JP,Japan,Q1,2021
44,spotify:track:3apeXzypBMnUfYcZYNX6DH,TWICE,I CAN'T STOP ME,Republic Records - TWICE,13,44,11,639413,JP,Japan,Q1,2021
45,spotify:track:0tnhoHUrHfcLi9hPknUFZ4,Mrs. GREEN APPLE,僕のこと,Universal Music LLC,16,43,106,615770,JP,Japan,Q1,2021
46,spotify:track:5DMEvbg3gUmiR5HIBWdveV,OFFICIAL HIGE DANDISM,No Doubt,LASTRUM,3,41,143,614008,JP,Japan,Q1,2021
47,spotify:track:4rvtqOGyTPZJwWtVTNdZbu,Kenshi Yonezu,Lemon,Sony Music Labels Inc.,5,45,23,607375,JP,Japan,Q1,2021
48,spotify:track:4Jj31lihp5Nvdi4lFRjrqc,SUDA MASAKI,まちがいさがし,Sony Music Labels Inc.,3,42,84,603690,JP,Japan,Q1,2021
49,spotify:track:0XaHPBAzPAC5ubwcRBqc1p,OFFICIAL HIGE DANDISM,Shukumei,PONY CANYON INC.,2,47,79,594987,JP,Japan,Q1,2021
50,spotify:track:5P8ZvBQoCrujjNcLAxO3Su,back number,クリスマスソング,Universal Music LLC,6,38,98,500183,JP,Japan,Q1,2021
1,spotify:track:7dH0dpi751EoguDDg3xx6J,Yuuri,ドライフラワー,Sony Music Labels Inc.,1,1,23,2233300,JP,Japan,Q2,2021
2,spotify:track:4saklk6nie3yiGePpBwUoc,BTS,Dynamite,BIGHIT MUSIC,1,3,33,1930124,JP,Japan,Q2,2021
3,spotify:track:6MCjmGYlw6mQVWRFVgBRvB,YOASOBI,夜に駆ける,YOASOBI,1,2,56,1915704,JP,Japan,Q2,2021
4,spotify:track:0XZyF9lv6diMt4bxThOL0h,Awesome City Club,勿忘,cutting edge,4,4,10,1847440,JP,Japan,Q2,2021
5,spotify:track:06XQvnJb53SUYmlWIhUXUi,YOASOBI,怪物,YOASOBI,5,5,13,1750052,JP,Japan,Q2,2021
6,spotify:track:3UHPGOkUcE4hE7sqBF4Snt,BTS,Film out,Universal Music LLC,6,-1,1,1595894,JP,Japan,Q2,2021
7,spotify:track:1zd35Y44Blc1CwwVbW3Qnk,YOASOBI,群青,YOASOBI,6,6,32,1593161,JP,Japan,Q2,2021
8,spotify:track:6EzZn96uOc9JsVGNRpx06n,Ado,うっせぇわ,Universal Music LLC,4,7,19,1437010,JP,Japan,Q2,2021
9,spotify:track:5RhWszHMSKzb7KiXk4Ae0M,Hikaru Utada,One Last Kiss,Sony Music Labels Inc.,6,8,5,1312333,JP,Japan,Q2,2021
10,spotify:track:0iEzzJ3zmNQqATy2MilumS,NiziU,Take a picture,Sony Music Labels Inc.,10,60,2,1273212,JP,Japan,Q2,2021
11,spotify:track:6y4GYuZszeXNOXuBFsJlos,Eve,Kaikai Kitan,TOY'S FACTORY,8,9,26,1226109,JP,Japan,Q2,2021
12,spotify:track:0cSkn2l67csUljEy0EEBPn,LiSA,炎,Sony Music Labels Inc.,1,10,26,1182348,JP,Japan,Q2,2021
13,spotify:track:7AIj86wFWqm7X1TZ2hzHwS,SUDA MASAKI,虹,Sony Music Labels Inc.,5,11,21,1179605,JP,Japan,Q2,2021
14,spotify:track:08YwAPnX8sygJUXG9rvhDv,YOASOBI,ハルジオン,YOASOBI,11,12,48,1170209,JP,Japan,Q2,2021
15,spotify:track:1iEsGutpDvMJG0zYqoKKmQ,Aimyon,On a Cherry Blossom Night,WM Japan,14,14,7,1159928,JP,Japan,Q2,2021
16,spotify:track:3EYWY7XBj1BkCKX3R3hoZk,BLOOM VASE,Bluma to Lunch,BLOOM VASE,16,35,9,1139612,JP,Japan,Q2,2021
17,spotify:track:465JzFiajJO59sUrDFsxdC,YOASOBI,アンコール,YOASOBI,13,13,14,1135980,JP,Japan,Q2,2021
18,spotify:track:2Gmyw5Vg2X5YW2lM3OC7nD,yama,Haru wo Tsugeru,yama,6,15,48,1117246,JP,Japan,Q2,2021
19,spotify:track:7DyS11kB1YNrfDzQqtjmTh,HIRAIDAI,"Stand by me, Stand by you.",avex trax,4,16,30,1095198,JP,Japan,Q2,2021
20,spotify:track:1LnJVIG1BaHTRznuOgR0yc,NiziU,Make you happy,Sony Music Labels Inc.,3,20,41,1081332,JP,Japan,Q2,2021
21,spotify:track:5D9MPWdY2hjSeTIGE5n5kv,YOASOBI,ハルカ,YOASOBI,17,19,16,1075677,JP,Japan,Q2,2021
22,spotify:track:37IPQgBkvbmH9JR5mlY6a8,Takaya Kawasaki,魔法の絨毯,Warner Music D.N.A.,13,17,29,1071938,JP,Japan,Q2,2021
23,spotify:track:5Ym4egUmT9wHEvZM2anGG8,Vaundy,napori,SDR Inc.,19,22,20,1024151,JP,Japan,Q2,2021
24,spotify:track:4Jv7U0JJpbQnOrjtDwDZTZ,Aimyon,Naked Heart,WM Japan,3,18,49,1017593,JP,Japan,Q2,2021
25,spotify:track:0JTjZnuciQH4M3620aMDtZ,Yuuri,かくれんぼ,Sony Music Labels Inc.,14,21,46,999026,JP,Japan,Q2,2021
26,spotify:track:398dL22bDbKbAmiOnPaq7o,YOASOBI,たぶん,YOASOBI,18,24,38,975441,JP,Japan,Q2,2021
27,spotify:track:5DgAgJbHcm74RyA9YKj6k1,NiziU,Step and a step,Sony Music Labels Inc.,6,26,20,965637,JP,Japan,Q2,2021
28,spotify:track:25BJRpLBe3i6d8okphoRAm,DISH//,猫 〜THE FIRST TAKE ver.〜,Sony Music Labels Inc.,6,23,48,940702,JP,Japan,Q2,2021
29,spotify:track:6sIx7Cn37DGEhjy9hBP8Gx,DISH//,猫,Sony Music Labels Inc.,18,25,50,927386,JP,Japan,Q2,2021
30,spotify:track:18nkY3pJTub8WwEGiQAGh4,Vaundy,Fukakoryoku,SDR Inc.,20,27,40,906479,JP,Japan,Q2,2021
31,spotify:track:15HNdxGKNCIO9pgaY4n7FU,OFFICIAL HIGE DANDISM,Pretender,PONY CANYON INC.,1,28,103,889318,JP,Japan,Q2,2021
32,spotify:track:278JqkBGkjDovOYAwE8TW7,OFFICIAL HIGE DANDISM,115 million kilometer film,LASTRUM,6,29,101,882178,JP,Japan,Q2,2021
33,spotify:track:172fMG26G2OoEzzg0wn26r,King Gnu,白日,Sony Music Labels Inc.,2,33,111,875538,JP,Japan,Q2,2021
34,spotify:track:2FHexlZenTsS3lsjUYHiDx,ZUTOMAYO,Can't Be Right,Universal Music LLC,19,31,16,867874,JP,Japan,Q2,2021
35,spotify:track:7tGDXCPLpAScEwmqab9YZd,Novelbright,Walking with you,Emperor Mode,14,34,79,861732,JP,Japan,Q2,2021
36,spotify:track:6H0PLsSYMzDOqhLgyOlzIj,Kenshi Yonezu,感電,Sony Music Labels Inc.,2,30,36,854760,JP,Japan,Q2,2021
37,spotify:track:4pRqq3MwcqitKqNO8rOrOb,OFFICIAL HIGE DANDISM,I Love...,PONY CANYON INC.,1,32,65,846396,JP,Japan,Q2,2021
38,spotify:track:0qMip0B2D4ePEjBJvAtYre,LiSA,紅蓮華,Sony Music Labels Inc.,6,36,76,814121,JP,Japan,Q2,2021
39,spotify:track:6uUtmCz8XXep7n1QmC1jJG,Rin音,snow jam,ROOFTOP,12,37,55,812061,JP,Japan,Q2,2021
40,spotify:track:6c5k0VC9TBzlcKwtjpzFW2,SEKAI NO OWARI,silent,Universal Music LLC,5,38,24,791021,JP,Japan,Q2,2021
41,spotify:track:1sIIlVrnPhrvmTrHtzM7tV,"Mrs. GREEN APPLE, Sonoko Inoue",点描の唄,Universal Music LLC,19,40,99,762330,JP,Japan,Q2,2021
42,spotify:track:3wJHCry960drNlAUGrJLmz,Yorushika,ただ君に晴れ,U&R records,12,39,118,758840,JP,Japan,Q2,2021
43,spotify:track:249gnXrbfmV8NG6jTEMSwD,BTS,Life Goes On,BIGHIT MUSIC,11,48,20,758362,JP,Japan,Q2,2021
44,spotify:track:3Ys2PYl1wyPKQIwyqhP9cQ,BTS,Stay Gold,Universal Music LLC,19,44,42,750236,JP,Japan,Q2,2021
45,spotify:track:2SihT7AVMiI2VtaAyVIcnO,Macaroni Empitsu,恋人ごっこ,TALTO,36,43,46,743888,JP,Japan,Q2,2021
46,spotify:track:2cKiHG16JBiqHdi7Llq0r7,Aimyon,Marigold,WM Japan,1,41,142,742099,JP,Japan,Q2,2021
47,spotify:track:786dSB84yrSaICJwCT7VxP,Eito,香水,A.S.A.B,2,42,50,725283,JP,Japan,Q2,2021
48,spotify:track:7D7GCO3CtDT1WDcj2W5VDV,Ado,ギラギラ,Universal Music LLC,48,54,8,706944,JP,Japan,Q2,2021
49,spotify:track:2vOAHp8PBBFYqvQUWSoITY,Mrs. GREEN APPLE,インフェルノ,Universal Music LLC,16,45,90,692443,JP,Japan,Q2,2021
50,spotify:track:1SdwlHsv8bWHbAlIw5Jfgo,OFFICIAL HIGE DANDISM,Laughter,IRORI Records,9,47,39,667002,JP,Japan,Q2,2021
1,spotify:track:2bgTY4UwhfBYhGT4HUYStN,BTS,Butter,BIGHIT MUSIC,1,1,7,2317757,JP,Japan,Q3,2021
2,spotify:track:7dH0dpi751EoguDDg3xx6J,Yuuri,ドライフラワー,Sony Music Labels Inc.,1,3,36,1750250,JP,Japan,Q3,2021
3,spotify:track:4saklk6nie3yiGePpBwUoc,BTS,Dynamite,BIGHIT MUSIC,1,2,46,1727742,JP,Japan,Q3,2021
4,spotify:track:6MCjmGYlw6mQVWRFVgBRvB,YOASOBI,夜に駆ける,YOASOBI,1,4,69,1548823,JP,Japan,Q3,2021
5,spotify:track:06XQvnJb53SUYmlWIhUXUi,YOASOBI,怪物,YOASOBI,4,6,26,1507498,JP,Japan,Q3,2021
6,spotify:track:3ciqhcLmXP4hVGBD98QlEj,Fujii Kaze,きらり,Universal Music LLC,5,5,10,1401828,JP,Japan,Q3,2021
7,spotify:track:1zd35Y44Blc1CwwVbW3Qnk,YOASOBI,群青,YOASOBI,6,8,45,1395700,JP,Japan,Q3,2021
8,spotify:track:3FUCuf498nFHJXFYR1V9Bd,YOASOBI,三原色,YOASOBI,8,-1,1,1377694,JP,Japan,Q3,2021
9,spotify:track:7vBX6cVsCPFSx2C58hpZ4f,OFFICIAL HIGE DANDISM,Cry Baby,IRORI Records,9,12,9,1303552,JP,Japan,Q3,2021
10,spotify:track:0XZyF9lv6diMt4bxThOL0h,Awesome City Club,勿忘,cutting edge,4,9,23,1239486,JP,Japan,Q3,2021
11,spotify:track:52RfEh76AVKPwtUtTV9ufl,Kenshi Yonezu,Pale Blue,Sony Music Labels Inc.,7,7,6,1229012,JP,Japan,Q3,2021
12,spotify:track:7z6qHGEKxRtwtYym2epV7l,Ado,踊,Universal Music LLC,10,11,11,1200677,JP,Japan,Q3,2021
13,spotify:track:2pXmohBUnD5Li93sgpbPSg,YOASOBI,もう少しだけ,YOASOBI,8,10,9,1166771,JP,Japan,Q3,2021
14,spotify:track:2VIK6jaaKghS4QPHr6sAkv,ZUTOMAYO,あいつら全員同窓会,Universal Music LLC,14,14,3,1136261,JP,Japan,Q3,2021
15,spotify:track:10Eyo4juZQFthKqlJgGMdp,back number,怪盗,Universal Music LLC,10,13,7,1061210,JP,Japan,Q3,2021
16,spotify:track:6NKn02oJDkUkRa9IHbMe3n,Gen Hoshino,FUSHIGI,Speedstar,13,15,11,1046092,JP,Japan,Q3,2021
17,spotify:track:6EzZn96uOc9JsVGNRpx06n,Ado,うっせぇわ,Universal Music LLC,4,17,32,992272,JP,Japan,Q3,2021
18,spotify:track:3UHPGOkUcE4hE7sqBF4Snt,BTS,Film out,Universal Music LLC,6,16,14,967226,JP,Japan,Q3,2021
19,spotify:track:7DyS11kB1YNrfDzQqtjmTh,HIRAIDAI,"Stand by me, Stand by you.",avex trax,4,18,43,965953,JP,Japan,Q3,2021
20,spotify:track:465JzFiajJO59sUrDFsxdC,YOASOBI,アンコール,YOASOBI,13,24,27,964336,JP,Japan,Q3,2021
21,spotify:track:08YwAPnX8sygJUXG9rvhDv,YOASOBI,ハルジオン,YOASOBI,11,26,61,921469,JP,Japan,Q3,2021
22,spotify:track:5D9MPWdY2hjSeTIGE5n5kv,YOASOBI,ハルカ,YOASOBI,17,28,29,896380,JP,Japan,Q3,2021
23,spotify:track:3EYWY7XBj1BkCKX3R3hoZk,BLOOM VASE,Bluma to Lunch,BLOOM VASE,13,19,22,895580,JP,Japan,Q3,2021
24,spotify:track:6y4GYuZszeXNOXuBFsJlos,Eve,Kaikai Kitan,TOY'S FACTORY,8,21,39,880281,JP,Japan,Q3,2021
25,spotify:track:7D7GCO3CtDT1WDcj2W5VDV,Ado,ギラギラ,Universal Music LLC,23,23,21,870782,JP,Japan,Q3,2021
26,spotify:track:7AIj86wFWqm7X1TZ2hzHwS,SUDA MASAKI,虹,Sony Music Labels Inc.,5,20,34,863864,JP,Japan,Q3,2021
27,spotify:track:3PK5ERLCyMuQ5Cb89GbZVL,Takaya Kawasaki,魔法の絨毯,Warner Music D.N.A.,13,22,42,850236,JP,Japan,Q3,2021
28,spotify:track:2Gmyw5Vg2X5YW2lM3OC7nD,yama,Haru wo Tsugeru,yama,6,25,61,841734,JP,Japan,Q3,2021
29,spotify:track:0cSkn2l67csUljEy0EEBPn,LiSA,炎,Sony Music Labels Inc.,1,27,39,826975,JP,Japan,Q3,2021
30,spotify:track:4Jv7U0JJpbQnOrjtDwDZTZ,Aimyon,Naked Heart,WM Japan,3,30,62,826228,JP,Japan,Q3,2021
31,spotify:track:15HNdxGKNCIO9pgaY4n7FU,OFFICIAL HIGE DANDISM,Pretender,PONY CANYON INC.,1,32,116,815893,JP,Japan,Q3,2021
32,spotify:track:6H0PLsSYMzDOqhLgyOlzIj,Kenshi Yonezu,感電,Sony Music Labels Inc.,2,29,49,810006,JP,Japan,Q3,2021
33,spotify:track:6sIx7Cn37DGEhjy9hBP8Gx,DISH//,猫,Sony Music Labels Inc.,18,33,63,809644,JP,Japan,Q3,2021
34,spotify:track:5Ym4egUmT9wHEvZM2anGG8,Vaundy,napori,SDR Inc.,18,31,33,804398,JP,Japan,Q3,2021
35,spotify:track:398dL22bDbKbAmiOnPaq7o,YOASOBI,たぶん,YOASOBI,18,42,51,779097,JP,Japan,Q3,2021
36,spotify:track:0JTjZnuciQH4M3620aMDtZ,Yuuri,かくれんぼ,Sony Music Labels Inc.,14,34,59,773345,JP,Japan,Q3,2021
37,spotify:track:278JqkBGkjDovOYAwE8TW7,OFFICIAL HIGE DANDISM,115 million kilometer film,LASTRUM,6,37,114,772317,JP,Japan,Q3,2021
38,spotify:track:18nkY3pJTub8WwEGiQAGh4,Vaundy,Fukakoryoku,SDR Inc.,20,35,53,758400,JP,Japan,Q3,2021
39,spotify:track:0iEzzJ3zmNQqATy2MilumS,NiziU,Take a picture,Sony Music Labels Inc.,7,36,15,753889,JP,Japan,Q3,2021
40,spotify:track:25BJRpLBe3i6d8okphoRAm,DISH//,猫 〜THE FIRST TAKE ver.〜,Sony Music Labels Inc.,6,40,61,743285,JP,Japan,Q3,2021
41,spotify:track:172fMG26G2OoEzzg0wn26r,King Gnu,白日,Sony Music Labels Inc.,2,41,124,739943,JP,Japan,Q3,2021
42,spotify:track:1iEsGutpDvMJG0zYqoKKmQ,Aimyon,On a Cherry Blossom Night,WM Japan,14,38,20,738679,JP,Japan,Q3,2021
43,spotify:track:3RpFwqdROrxJvHywpT1pJ4,ONE OK ROCK,Renegades,Fueled By Ramen,9,39,12,726212,JP,Japan,Q3,2021
44,spotify:track:4pRqq3MwcqitKqNO8rOrOb,OFFICIAL HIGE DANDISM,I Love...,PONY CANYON INC.,1,46,78,726162,JP,Japan,Q3,2021
45,spotify:track:1sIIlVrnPhrvmTrHtzM7tV,"Mrs. GREEN APPLE, Sonoko Inoue",点描の唄,Universal Music LLC,19,44,112,721482,JP,Japan,Q3,2021
46,spotify:track:7tGDXCPLpAScEwmqab9YZd,Novelbright,Walking with you,Emperor Mode,14,43,92,717501,JP,Japan,Q3,2021
47,spotify:track:1LnJVIG1BaHTRznuOgR0yc,NiziU,Make you happy,Sony Music Labels Inc.,3,45,54,708119,JP,Japan,Q3,2021
48,spotify:track:2SihT7AVMiI2VtaAyVIcnO,Macaroni Empitsu,恋人ごっこ,TALTO,36,47,59,677859,JP,Japan,Q3,2021
49,spotify:track:5DLqCKIi1lquKvGTIjlf6I,ONE OK ROCK,Broken Heart of Gold - Japanese Version,Fueled By Ramen,32,49,6,660797,JP,Japan,Q3,2021
50,spotify:track:6uUtmCz8XXep7n1QmC1jJG,Rin音,snow jam,ROOFTOP,12,48,68,652691,JP,Japan,Q3,2021
1,spotify:track:5m1i6hq7dmRlp3c1utE48L,back number,水平線,Universal Music LLC,1,3,8,1530530,JP,Japan,Q4,2021
2,spotify:track:2bgTY4UwhfBYhGT4HUYStN,BTS,Butter,BIGHIT MUSIC,1,2,20,1505652,JP,Japan,Q4,2021
3,spotify:track:5eXBXreN3d1zdj6Sa8dS0u,BTS,Permission to Dance,BIGHIT MUSIC,1,1,13,1495606,JP,Japan,Q4,2021
4,spotify:track:7dH0dpi751EoguDDg3xx6J,Yuuri,ドライフラワー,Sony Music Labels Inc.,1,4,49,1439757,JP,Japan,Q4,2021
5,spotify:track:3ciqhcLmXP4hVGBD98QlEj,Fujii Kaze,きらり,Universal Music LLC,4,6,23,1382766,JP,Japan,Q4,2021
6,spotify:track:6wDntdm888mDo458RaYjGl,OFFICIAL HIGE DANDISM,Cry Baby,IRORI Records,4,5,22,1374284,JP,Japan,Q4,2021
7,spotify:track:4saklk6nie3yiGePpBwUoc,BTS,Dynamite,BIGHIT MUSIC,1,7,59,1316628,JP,Japan,Q4,2021
8,spotify:track:5PjdY0CKGZdEuoNab3yDmX,"The Kid LAROI, Justin Bieber",STAY (with Justin Bieber),Columbia,7,8,13,1255452,JP,Japan,Q4,2021
9,spotify:track:3FeVmId7tL5YN8B7R3imoM,"Coldplay, BTS",My Universe,Parlophone UK,9,11,2,1212889,JP,Japan,Q4,2021
10,spotify:track:6MCjmGYlw6mQVWRFVgBRvB,YOASOBI,夜に駆ける,YOASOBI,1,9,82,1181907,JP,Japan,Q4,2021
11,spotify:track:06XQvnJb53SUYmlWIhUXUi,YOASOBI,怪物,YOASOBI,4,10,39,1139243,JP,Japan,Q4,2021
12,spotify:track:0FOVGBW0RpVRuDuUuN4ZVw,"MAISONdes, 和ぬか, asmi",ヨワネハキ,Sony Music Labels Inc.,12,12,10,1116138,JP,Japan,Q4,2021
13,spotify:track:1zd35Y44Blc1CwwVbW3Qnk,YOASOBI,群青,YOASOBI,6,13,58,1100059,JP,Japan,Q4,2021
14,spotify:track:0XZyF9lv6diMt4bxThOL0h,Awesome City Club,勿忘,cutting edge,4,14,36,1078583,JP,Japan,Q4,2021
15,spotify:track:6tkSMR8bEIfEcJn7ybJtSP,HENTAI SHINSHI CLUB,YOKAZE,TOY'S FACTORY,15,15,45,1033788,JP,Japan,Q4,2021
16,spotify:track:2IL2asrtx7XM1y8fu2RMnR,Da-iCE,CITRUS,avex trax,15,18,41,996431,JP,Japan,Q4,2021
17,spotify:track:7z6qHGEKxRtwtYym2epV7l,Ado,踊,Universal Music LLC,10,17,24,994859,JP,Japan,Q4,2021
18,spotify:track:3uw93CiI34uZlfk8ywep1e,YOASOBI,Romance,YOASOBI,14,16,4,993065,JP,Japan,Q4,2021
19,spotify:track:3FUCuf498nFHJXFYR1V9Bd,YOASOBI,三原色,YOASOBI,5,19,14,967768,JP,Japan,Q4,2021
20,spotify:track:6VwpOZpqx8IqoF201VGAp8,Yuuri,シャッター,Sony Music Labels Inc.,14,20,13,966800,JP,Japan,Q4,2021
21,spotify:track:7DyS11kB1YNrfDzQqtjmTh,HIRAIDAI,"Stand by me, Stand by you.",avex trax,4,21,56,873728,JP,Japan,Q4,2021
22,spotify:track:6pgqZ7Iw4LfHlfgWWaRFSY,TWICE,The Feels,Republic Records - TWICE,22,-1,1,854039,JP,Japan,Q4,2021
23,spotify:track:10Eyo4juZQFthKqlJgGMdp,back number,怪盗,Universal Music LLC,10,28,20,820539,JP,Japan,Q4,2021
24,spotify:track:2pXmohBUnD5Li93sgpbPSg,YOASOBI,もう少しだけ,YOASOBI,8,24,22,809029,JP,Japan,Q4,2021
25,spotify:track:4X34YVOtNvldHeEt6aLYDW,Vaundy,花占い,SDR Inc.,18,22,14,783777,JP,Japan,Q4,2021
26,spotify:track:0cSkn2l67csUljEy0EEBPn,LiSA,炎,Sony Music Labels Inc.,1,23,52,771147,JP,Japan,Q4,2021
27,spotify:track:3EYWY7XBj1BkCKX3R3hoZk,BLOOM VASE,Bluma to Lunch,BLOOM VASE,13,26,35,767431,JP,Japan,Q4,2021
28,spotify:track:222BlW44cS9nOM6C369IB2,OFFICIAL HIGE DANDISM,Apoptosis,IRORI Records,13,25,8,761576,JP,Japan,Q4,2021
29,spotify:track:3PK5ERLCyMuQ5Cb89GbZVL,Takaya Kawasaki,魔法の絨毯,Warner Music D.N.A.,13,29,55,758603,JP,Japan,Q4,2021
30,spotify:track:15HNdxGKNCIO9pgaY4n7FU,OFFICIAL HIGE DANDISM,Pretender,PONY CANYON INC.,1,30,129,751767,JP,Japan,Q4,2021
31,spotify:track:185Wm4Mx09dQG0fUktklDm,YOASOBI,ラブレター,YOASOBI,16,27,9,751320,JP,Japan,Q4,2021
32,spotify:track:278JqkBGkjDovOYAwE8TW7,OFFICIAL HIGE DANDISM,115 million kilometer film,LASTRUM,6,32,127,736121,JP,Japan,Q4,2021
33,spotify:track:1sIIlVrnPhrvmTrHtzM7tV,"Mrs. GREEN APPLE, Sonoko Inoue",点描の唄,Universal Music LLC,19,31,125,732912,JP,Japan,Q4,2021
34,spotify:track:5Ym4egUmT9wHEvZM2anGG8,Vaundy,napori,SDR Inc.,18,33,46,719207,JP,Japan,Q4,2021
35,spotify:track:08YwAPnX8sygJUXG9rvhDv,YOASOBI,ハルジオン,YOASOBI,11,35,74,710503,JP,Japan,Q4,2021
36,spotify:track:7AIj86wFWqm7X1TZ2hzHwS,SUDA MASAKI,虹,Sony Music Labels Inc.,5,34,47,708401,JP,Japan,Q4,2021
37,spotify:track:465JzFiajJO59sUrDFsxdC,YOASOBI,アンコール,YOASOBI,13,38,40,705676,JP,Japan,Q4,2021
38,spotify:track:5wWLNNwMAehpj83FU4Lz0m,OFFICIAL HIGE DANDISM,I Love...,IRORI Records,1,39,91,705561,JP,Japan,Q4,2021
39,spotify:track:6EzZn96uOc9JsVGNRpx06n,Ado,うっせぇわ,Universal Music LLC,4,40,45,704256,JP,Japan,Q4,2021
40,spotify:track:6sIx7Cn37DGEhjy9hBP8Gx,DISH//,猫,Sony Music Labels Inc.,18,37,76,699896,JP,Japan,Q4,2021
41,spotify:track:3UHPGOkUcE4hE7sqBF4Snt,BTS,Film out,Universal Music LLC,6,41,27,697394,JP,Japan,Q4,2021
42,spotify:track:0JTjZnuciQH4M3620aMDtZ,Yuuri,かくれんぼ,Sony Music Labels Inc.,14,44,72,696108,JP,Japan,Q4,2021
43,spotify:track:7D7GCO3CtDT1WDcj2W5VDV,Ado,ギラギラ,Universal Music LLC,23,47,34,687978,JP,Japan,Q4,2021
44,spotify:track:2VIK6jaaKghS4QPHr6sAkv,ZUTOMAYO,あいつら全員同窓会,Universal Music LLC,14,42,16,683211,JP,Japan,Q4,2021
45,spotify:track:5D9MPWdY2hjSeTIGE5n5kv,YOASOBI,ハルカ,YOASOBI,17,45,42,682812,JP,Japan,Q4,2021
46,spotify:track:4Jv7U0JJpbQnOrjtDwDZTZ,Aimyon,Naked Heart,WM Japan,3,46,75,670646,JP,Japan,Q4,2021
47,spotify:track:2Gmyw5Vg2X5YW2lM3OC7nD,yama,Haru wo Tsugeru,yama,6,43,74,667221,JP,Japan,Q4,2021
48,spotify:track:6H0PLsSYMzDOqhLgyOlzIj,Kenshi Yonezu,感電,Sony Music Labels Inc.,2,49,62,660903,JP,Japan,Q4,2021
49,spotify:track:18nkY3pJTub8WwEGiQAGh4,Vaundy,Fukakoryoku,SDR Inc.,20,48,66,657946,JP,Japan,Q4,2021
50,spotify:track:1MwOfRqCALxvx9keUhGCdV,back number,黄色,Universal Music LLC,50,104,2,631983,JP,Japan,Q4,2021
1,spotify:track:4iJyoBOLtHqaGxP12qzhQI,"Justin Bieber, Daniel Caesar, GIVĒON",Peaches (feat. Daniel Caesar & Giveon),RBMG/Def Jam,1,2,3,163717,KR,South Korea,Q2,2021
2,spotify:track:5xrtzzzikpG3BLbo4q1Yul,IU,LILAC,EDAM Entertainment,1,1,3,116416,KR,South Korea,Q2,2021
3,spotify:track:5nCwjUUsmBuNZKn9Xu10Os,IU,Celebrity,EDAM Entertainment,3,3,6,75089,KR,South Korea,Q2,2021
4,spotify:track:2VJOpzv5sBpstCX9venJr5,Brave Girls,Rollin',브레이브 엔터테인먼트,3,6,5,73165,KR,South Korea,Q2,2021
5,spotify:track:2pn8dNVSpYnAtlKFC8Q0DJ,ROSÉ,On The Ground,YG Entertainment/Interscope Records,1,5,4,70561,KR,South Korea,Q2,2021
6,spotify:track:3UHPGOkUcE4hE7sqBF4Snt,BTS,Film out,Universal Music LLC,6,135,2,62181,KR,South Korea,Q2,2021
7,spotify:track:7CZRguMolNqIobnXxpV735,IU,Coin,EDAM Entertainment,4,4,3,62145,KR,South Korea,Q2,2021
8,spotify:track:7MAibcTli4IisCtbHKrGMh,"Bruno Mars, Anderson .Paak, Silk Sonic",Leave The Door Open,Aftermath Entertainment/Atlantic,1,8,5,57941,KR,South Korea,Q2,2021
9,spotify:track:4saklk6nie3yiGePpBwUoc,BTS,Dynamite,BIGHIT MUSIC,1,14,10,53415,KR,South Korea,Q2,2021
10,spotify:track:1nahzW3kfMuwReTka28tH5,Justin Bieber,Hold On,RBMG/Def Jam,3,12,5,53216,KR,South Korea,Q2,2021
11,spotify:track:3BZEcbdtXQSo7OrvKRJ6mb,Lil Nas X,MONTERO (Call Me By Your Name),Columbia,11,24,2,46158,KR,South Korea,Q2,2021
12,spotify:track:2j0MsDAMJ2ahsxP3z86ChI,IU,Flu,EDAM Entertainment,7,7,3,41157,KR,South Korea,Q2,2021
13,spotify:track:46wDG6evLn2iPoQ0F8CUWk,IU,My sea,EDAM Entertainment,10,10,3,37286,KR,South Korea,Q2,2021
14,spotify:track:64P4md3mdMM8Dog2aThmzj,"IU, DEAN",Troll (Feat. DEAN),EDAM Entertainment,9,9,3,36601,KR,South Korea,Q2,2021
15,spotify:track:60VaORSJ5x1D4ZPSc0g2En,BAEKHYUN,Bambi,SM Entertainment,15,33,2,36134,KR,South Korea,Q2,2021
16,spotify:track:1IJxbEXfgiKuRx6oXMX87e,IU,Ah puh,EDAM Entertainment,13,13,3,35676,KR,South Korea,Q2,2021
17,spotify:track:249gnXrbfmV8NG6jTEMSwD,BTS,Life Goes On,BIGHIT MUSIC,2,19,10,35611,KR,South Korea,Q2,2021
18,spotify:track:3FAJ6O0NOHQV8Mc5Ri6ENp,GIVĒON,Heartbreak Anniversary,Epic/Not So Fast,18,22,8,34699,KR,South Korea,Q2,2021
19,spotify:track:5nujrmhLynf4yMoMtj8AQF,"Dua Lipa, DaBaby",Levitating (feat. DaBaby),Warner Records,6,21,10,34409,KR,South Korea,Q2,2021
20,spotify:track:6fRxMU4LWwyaSSowV441IU,"Maroon 5, Megan Thee Stallion",Beautiful Mistakes (feat. Megan Thee Stallion),Interscope Records*,13,20,5,34018,KR,South Korea,Q2,2021
21,spotify:track:2M7a2Us8CEU1HZHj70byGX,IU,Hi spring Bye,EDAM Entertainment,11,11,3,33559,KR,South Korea,Q2,2021
22,spotify:track:2dHoVW9AxJVSRebPRyV2aA,ROSÉ,Gone,YG Entertainment/Interscope Records,2,18,4,33415,KR,South Korea,Q2,2021
23,spotify:track:0pYacDCZuRhcrwGUA5nTBe,"IU, SUGA",eight(Prod.&Feat. SUGA of BTS),EDAM Entertainment,20,29,4,33345,KR,South Korea,Q2,2021
24,spotify:track:6F2r4HgpJnvKDmkN6JEN6J,"Justin Bieber, Khalid",As I Am (feat. Khalid),RBMG/Def Jam,9,17,3,33169,KR,South Korea,Q2,2021
25,spotify:track:6rcwrRWKyjaFyUL8b8GlIJ,IU,Epilogue,EDAM Entertainment,15,15,3,32941,KR,South Korea,Q2,2021
26,spotify:track:6kH1sKkvgN4Yikake52glq,Brave Girls,We Ride,Brave Entertainment,14,25,4,32806,KR,South Korea,Q2,2021
27,spotify:track:61KpQadow081I2AsbeLcsb,Olivia Rodrigo,deja vu,Olivia Rodrigo PS,27,-1,1,32791,KR,South Korea,Q2,2021
28,spotify:track:5QO79kh1waicV47BqGRL3g,The Weeknd,Save Your Tears,Republic Records,3,23,10,31746,KR,South Korea,Q2,2021
29,spotify:track:3VT8hOC5vuDXBsHrR53WFh,Masked Wolf,Astronaut In The Ocean,Elektra (NEK),18,26,8,31143,KR,South Korea,Q2,2021
30,spotify:track:1M4OcYkxAtu3ErzSgDEfoi,Cardi B,Up,Atlantic Records,10,27,9,28873,KR,South Korea,Q2,2021
31,spotify:track:2WnAKZefdRHxtBEkRjFOHC,Justin Bieber,Anyone,RBMG/Def Jam,11,28,10,28292,KR,South Korea,Q2,2021
32,spotify:track:7lPN2DXiMsVn7XUKtOW1CS,Olivia Rodrigo,drivers license,Olivia Rodrigo PS,2,30,10,27541,KR,South Korea,Q2,2021
33,spotify:track:6Xgq7MvZiet0hVi3KaDSgJ,"Justin Bieber, Chance the Rapper",Holy (feat. Chance The Rapper),RBMG/Def Jam,24,31,10,26999,KR,South Korea,Q2,2021
34,spotify:track:4YnVz2QRU6OnoJ8lt23QHM,IU,Empty Cup,EDAM Entertainment,16,16,3,26868,KR,South Korea,Q2,2021
35,spotify:track:4Dr2hJ3EnVh2Aaot6fRwDO,IU,Blueming,Kakao Entertainment,31,36,4,26707,KR,South Korea,Q2,2021
36,spotify:track:4Ws314Ylb27BVsvlZOy30C,BLACKPINK,Lovesick Girls,YG Entertainment/Interscope Records,3,32,10,26614,KR,South Korea,Q2,2021
37,spotify:track:2MJz8BxxMsERULatmBikDH,Pink Sweat$,At My Worst,Atlantic Records,12,35,10,25389,KR,South Korea,Q2,2021
38,spotify:track:1diS6nkxMQc3wwC4G1j0bh,Dua Lipa,We're Good,Warner Records,5,34,8,23580,KR,South Korea,Q2,2021
39,spotify:track:0VjIjW4GlUZAMYd2vXMi3b,The Weeknd,Blinding Lights,Republic Records,8,39,10,22996,KR,South Korea,Q2,2021
40,spotify:track:6JeleVHUHrdvgiFESE33ZU,ASH ISLAND,MELODY,"Genie Music Corporation, Stone Music Entertainment",17,40,6,22443,KR,South Korea,Q2,2021
41,spotify:track:5KawlOMHjWeUjQtnuRs22c,"BTS, Halsey",Boy With Luv (feat. Halsey),BIGHIT MUSIC,6,41,10,22363,KR,South Korea,Q2,2021
42,spotify:track:6tDDoYIxWvMLTdKpjFkc1B,Kali Uchis,telepatía,EMI / Interscope,16,38,7,22339,KR,South Korea,Q2,2021
43,spotify:track:462OPOKW0VMbvW9H7HIb0U,SHINee,Don't Call Me,SM Entertainment,3,37,7,21846,KR,South Korea,Q2,2021
44,spotify:track:0KVClXxsZEKkyWRNXeRFrE,IU,Hold my hand,Kakao Entertainment,44,73,4,21291,KR,South Korea,Q2,2021
45,spotify:track:6Im9k8u9iIzKMrmV7BWtlF,Ariana Grande,34+35,Republic Records,9,43,10,20541,KR,South Korea,Q2,2021
46,spotify:track:35mvY5S1H3J2QZyna3TFe0,Ariana Grande,positions,Republic Records,12,50,10,18284,KR,South Korea,Q2,2021
47,spotify:track:4SFknyjLcyTLJFPKD2m96o,BLACKPINK,How You Like That,YG Entertainment/Interscope Records,8,47,10,18250,KR,South Korea,Q2,2021
48,spotify:track:4jPy3l0RUwlUI9T5XHBW2m,"24kGoldn, iann dior",Mood (feat. iann dior),Records/Columbia,17,45,10,18096,KR,South Korea,Q2,2021
49,spotify:track:3S8jK1mGzQi24ilFb45DAZ,"Justin Bieber, benny blanco",Lonely (with benny blanco),RBMG/Def Jam,38,42,8,17947,KR,South Korea,Q2,2021
50,spotify:track:3YJJjQPAbDT7mGpX3WtQ9A,SZA,Good Days,Top Dawg Entertainment/RCA Records,14,49,10,17785,KR,South Korea,Q2,2021
1,spotify:track:2bgTY4UwhfBYhGT4HUYStN,BTS,Butter,BIGHIT MUSIC,1,1,7,160166,KR,South Korea,Q3,2021
2,spotify:track:2zrhoHlFKxFTRF5aMyxMoQ,aespa,Next Level,SM Entertainment,1,2,8,116645,KR,South Korea,Q3,2021
3,spotify:track:6PQ88X9TkUIAUIZJHW2upE,Ed Sheeran,Bad Habits,Atlantic Records UK,3,3,2,96779,KR,South Korea,Q3,2021
4,spotify:track:4iJyoBOLtHqaGxP12qzhQI,"Justin Bieber, Daniel Caesar, GIVĒON",Peaches (feat. Daniel Caesar & Giveon),RBMG/Def Jam,1,5,16,76725,KR,South Korea,Q3,2021
5,spotify:track:4saklk6nie3yiGePpBwUoc,BTS,Dynamite,BIGHIT MUSIC,1,4,23,74747,KR,South Korea,Q3,2021
6,spotify:track:3iPbmpKBMflYd7UjdYftoj,TWICE,Alcohol-Free,Republic Records - TWICE,3,6,5,66962,KR,South Korea,Q3,2021
7,spotify:track:3DarAbFujv6eYNliUTyqtz,"Doja Cat, SZA",Kiss Me More (feat. SZA),Kemosabe Records/RCA Records,2,7,13,65505,KR,South Korea,Q3,2021
8,spotify:track:4ZtFanR9U6ndgddUvNcjcG,Olivia Rodrigo,good 4 u,Olivia Rodrigo PS,6,8,8,61147,KR,South Korea,Q3,2021
9,spotify:track:5nujrmhLynf4yMoMtj8AQF,"Dua Lipa, DaBaby",Levitating (feat. DaBaby),Warner Records,6,9,23,56518,KR,South Korea,Q3,2021
10,spotify:track:7I7TTfKcDDAeSf6HPgbdPT,M.O.M,Foolish Love,"Genie Music Corporation, Stone Music Entertainment",10,19,2,56228,KR,South Korea,Q3,2021
11,spotify:track:37BZB0z9T8Xu7U3e65qxFy,"The Weeknd, Ariana Grande",Save Your Tears (with Ariana Grande) (Remix),Republic Records,8,10,11,54544,KR,South Korea,Q3,2021
12,spotify:track:0k4d5YPDr1r7FX77VdqWez,"Doja Cat, The Weeknd",You Right,Kemosabe Records/RCA Records,12,12,2,52787,KR,South Korea,Q3,2021
13,spotify:track:7MAibcTli4IisCtbHKrGMh,"Bruno Mars, Anderson .Paak, Silk Sonic",Leave The Door Open,Aftermath Entertainment/Atlantic,1,16,18,51361,KR,South Korea,Q3,2021
14,spotify:track:332GJ8ykVuEt3jOT1sy7j6,NCT DREAM,Hello Future,SM Entertainment,14,30,2,49369,KR,South Korea,Q3,2021
15,spotify:track:03qu1u4hDyepQQi2lNxCka,LEE MU JIN,Traffic light,ShowPLAY ENTERTAINMENT,15,23,4,48958,KR,South Korea,Q3,2021
16,spotify:track:7od91jr6uXk0JoxVaIRA18,Brave Girls,Chi Mat Ba Ram,Brave Entertainment,6,11,3,48838,KR,South Korea,Q3,2021
17,spotify:track:5xrtzzzikpG3BLbo4q1Yul,IU,LILAC,EDAM Entertainment,1,15,16,48349,KR,South Korea,Q3,2021
18,spotify:track:5BXr7hYZQOeRttkeWYTq5S,STAYC,ASAP,High Up Entertainment,4,14,13,48180,KR,South Korea,Q3,2021
19,spotify:track:4qu63nuBpdn0qHUHuObEj1,"Marshmello, Jonas Brothers",Leave Before You Love Me (with Jonas Brothers),Republic Records,18,18,7,47838,KR,South Korea,Q3,2021
20,spotify:track:54HsCR7lJJdwxmEnTY1JfF,OH MY GIRL,Dun Dun Dance,WM ENTERTAINMENT INC.,3,13,9,47464,KR,South Korea,Q3,2021
21,spotify:track:1jRYyE9MEg7nxUgWEtsqFp,Heize,HAPPEN,"Genie Music Corporation, Stone Music Entertainment",9,17,7,46664,KR,South Korea,Q3,2021
22,spotify:track:67BtfxlNbhBmCDR2L2l8qd,Lil Nas X,MONTERO (Call Me By Your Name),Columbia,10,24,15,39981,KR,South Korea,Q3,2021
23,spotify:track:3cGp1jXxLReLKz7QgVbWZR,JOY,Hello,SM Entertainment,13,20,6,39672,KR,South Korea,Q3,2021
24,spotify:track:6cqH1q7g5GeRVQVMK1Vc7f,TAEYEON,Weekend,SM Entertainment,24,-1,1,37937,KR,South Korea,Q3,2021
25,spotify:track:249gnXrbfmV8NG6jTEMSwD,BTS,Life Goes On,BIGHIT MUSIC,2,21,23,37862,KR,South Korea,Q3,2021
26,spotify:track:5zFglKYiknIxks8geR8rcL,"Maroon 5, Megan Thee Stallion",Beautiful Mistakes (feat. Megan Thee Stallion),Interscope Records*,13,22,18,37743,KR,South Korea,Q3,2021
27,spotify:track:5nCwjUUsmBuNZKn9Xu10Os,IU,Celebrity,EDAM Entertainment,3,25,19,37578,KR,South Korea,Q3,2021
28,spotify:track:3Wrjm47oTz2sjIgck11l5e,Måneskin,Beggin',RCA Records Label,28,51,2,36883,KR,South Korea,Q3,2021
29,spotify:track:1nahzW3kfMuwReTka28tH5,Justin Bieber,Hold On,RBMG/Def Jam,3,28,18,35294,KR,South Korea,Q3,2021
30,spotify:track:4ajYy2PqT3czWrpI4rgmIP,Brave Girls,Rollin',브레이브 엔터테인먼트,3,26,17,35277,KR,South Korea,Q3,2021
31,spotify:track:7b4E6eJJwIKHZJvRqSHEXI,JSDK,Only You,"Genie Music Corporation, Stone Music Entertainment",27,27,2,35244,KR,South Korea,Q3,2021
32,spotify:track:1t2qYCAjUAoGfeFeoBlK51,aespa,Black Mamba,SM Entertainment,14,29,23,32798,KR,South Korea,Q3,2021
33,spotify:track:2pn8dNVSpYnAtlKFC8Q0DJ,ROSÉ,On The Ground,YG Entertainment/Interscope Records,1,36,17,32489,KR,South Korea,Q3,2021
34,spotify:track:5KawlOMHjWeUjQtnuRs22c,"BTS, Halsey",Boy With Luv (feat. Halsey),BIGHIT MUSIC,6,34,23,32040,KR,South Korea,Q3,2021
35,spotify:track:6HU7h9RYOaPRFeh0R3UeAr,Olivia Rodrigo,deja vu,Olivia Rodrigo PS,17,35,14,31028,KR,South Korea,Q3,2021
36,spotify:track:6JeleVHUHrdvgiFESE33ZU,ASH ISLAND,MELODY,"Genie Music Corporation, Stone Music Entertainment",17,38,19,31026,KR,South Korea,Q3,2021
37,spotify:track:2FymmKBuog0loCuNXMwQID,SEVENTEEN,Ready to love,PLEDIS Entertainment,20,31,3,30738,KR,South Korea,Q3,2021
38,spotify:track:1Z8TPHiKeCUyClxV6WTTIf,"TOMORROW X TOGETHER, Seori",0X1=LOVESONG (I Know I Love You) feat. Seori,Republic Records - TXT,10,32,6,30012,KR,South Korea,Q3,2021
39,spotify:track:5IWlLl3xT95o8TSv3O8tRH,"Epik High, Colde",Rain Song (Feat. Colde),OURS Co.,39,140,2,29352,KR,South Korea,Q3,2021
40,spotify:track:7BoobGhD4x5K96Me0hqC8Q,Bella Poarch,Build a Bitch,Warner Records,29,41,8,29132,KR,South Korea,Q3,2021
41,spotify:track:5qtVXK2ZRv9tfmvqr2MnBZ,BTS,Butter (Hotter Remix),BIGHIT MUSIC,11,33,6,28930,KR,South Korea,Q3,2021
42,spotify:track:6B8MM3PVQtUbZLay7tP7er,NCT DREAM,Hot Sauce,SM Entertainment,5,39,9,27741,KR,South Korea,Q3,2021
43,spotify:track:3FAJ6O0NOHQV8Mc5Ri6ENp,GIVĒON,Heartbreak Anniversary,Epic/Not So Fast,13,43,21,27585,KR,South Korea,Q3,2021
44,spotify:track:4Ws314Ylb27BVsvlZOy30C,BLACKPINK,Lovesick Girls,YG Entertainment/Interscope Records,3,48,23,26965,KR,South Korea,Q3,2021
45,spotify:track:0xmEcb4yhUy5PS8MHdAvmc,BTS,Butter (Cooler Remix),BIGHIT MUSIC,31,42,5,26958,KR,South Korea,Q3,2021
46,spotify:track:2QdH0rKlV3d9Y6lWzcnlBH,ITZY,In the morning,Republic Records - ITZY,3,40,10,26881,KR,South Korea,Q3,2021
47,spotify:track:0pYacDCZuRhcrwGUA5nTBe,"IU, SUGA",eight(Prod.&Feat. SUGA of BTS),EDAM Entertainment,20,47,17,26524,KR,South Korea,Q3,2021
48,spotify:track:68nqgUs4Wzhje6w4HrSWet,BTS,Butter (Sweeter Remix),BIGHIT MUSIC,37,46,5,25846,KR,South Korea,Q3,2021
49,spotify:track:6kH1sKkvgN4Yikake52glq,Brave Girls,We Ride,Brave Entertainment,12,50,17,25672,KR,South Korea,Q3,2021
50,spotify:track:52CBUrIdyf8tbZaUY9iawE,Weeekly,After School,Above Music,33,49,14,25613,KR,South Korea,Q3,2021
1,spotify:track:3FeVmId7tL5YN8B7R3imoM,"Coldplay, BTS",My Universe,Parlophone UK,1,1,2,145296,KR,South Korea,Q4,2021
2,spotify:track:5PjdY0CKGZdEuoNab3yDmX,"The Kid LAROI, Justin Bieber",STAY (with Justin Bieber),Columbia,1,2,13,103280,KR,South Korea,Q4,2021
3,spotify:track:3dbLT62Cvs46Ju7a8gpr36,aespa,Savage,SM Entertainment,3,-1,1,68524,KR,South Korea,Q4,2021
4,spotify:track:5eXBXreN3d1zdj6Sa8dS0u,BTS,Permission to Dance,BIGHIT MUSIC,1,3,13,66018,KR,South Korea,Q4,2021
5,spotify:track:2bgTY4UwhfBYhGT4HUYStN,BTS,Butter,BIGHIT MUSIC,1,4,20,62387,KR,South Korea,Q4,2021
6,spotify:track:75MNhvTCCKsST3YqqUiU9r,Ed Sheeran,Shivers,Atlantic Records UK,4,5,4,53344,KR,South Korea,Q4,2021
7,spotify:track:6PQ88X9TkUIAUIZJHW2upE,Ed Sheeran,Bad Habits,Atlantic Records UK,3,6,15,51199,KR,South Korea,Q4,2021
8,spotify:track:5Z9KJZvQzH6PFmb8SNkxuk,"Lil Nas X, Jack Harlow",INDUSTRY BABY (feat. Jack Harlow),Columbia,6,7,11,50051,KR,South Korea,Q4,2021
9,spotify:track:2zrhoHlFKxFTRF5aMyxMoQ,aespa,Next Level,SM Entertainment,1,8,21,49833,KR,South Korea,Q4,2021
10,spotify:track:59c0HrzmHfyQs6LgDw5cHe,ITZY,LOCO,Republic Records - ITZY,10,11,2,44995,KR,South Korea,Q4,2021
11,spotify:track:4t2FIqZJORKZGSKg30SShr,"AKMU, IU",NAKKA (with IU),YG Entertainment,4,15,11,43755,KR,South Korea,Q4,2021
12,spotify:track:4iJyoBOLtHqaGxP12qzhQI,"Justin Bieber, Daniel Caesar, GIVĒON",Peaches (feat. Daniel Caesar & Giveon),RBMG/Def Jam,1,13,29,40439,KR,South Korea,Q4,2021
13,spotify:track:4saklk6nie3yiGePpBwUoc,BTS,Dynamite,BIGHIT MUSIC,1,10,36,39799,KR,South Korea,Q4,2021
14,spotify:track:03qu1u4hDyepQQi2lNxCka,LEE MU JIN,Traffic light,ShowPLAY ENTERTAINMENT,11,16,17,39236,KR,South Korea,Q4,2021
15,spotify:track:2bZIDMpzVooosmPHn0tHnd,STAYC,STEREOTYPE,High Up Entertainment,9,14,5,37975,KR,South Korea,Q4,2021
16,spotify:track:7uQZVznj0uQOGC9KhV2Mg6,LISA,LALISA,YG Entertainment/Interscope Records,4,9,4,37638,KR,South Korea,Q4,2021
17,spotify:track:4iJprGt1rt5iy0sxXXaRWn,"D-Hack, PATEKO",OHAYO MY NIGHT,NEOKIDZ,17,19,15,36970,KR,South Korea,Q4,2021
18,spotify:track:6SpPr7K4YQ2wp8jU6uOTmQ,Red Velvet,Queendom,SM Entertainment,2,12,8,36350,KR,South Korea,Q4,2021
19,spotify:track:0e8nrvls4Qqv5Rfa2UhqmO,Lil Nas X,THATS WHAT I WANT,Columbia,15,17,3,33735,KR,South Korea,Q4,2021
20,spotify:track:7hU3IHwjX150XLoTVmjD0q,LISA,MONEY,YG Entertainment/Interscope Records,20,36,4,32797,KR,South Korea,Q4,2021
21,spotify:track:6cqH1q7g5GeRVQVMK1Vc7f,TAEYEON,Weekend,SM Entertainment,4,21,14,32111,KR,South Korea,Q4,2021
22,spotify:track:3DarAbFujv6eYNliUTyqtz,"Doja Cat, SZA",Kiss Me More (feat. SZA),Kemosabe Records/RCA Records,2,22,26,31277,KR,South Korea,Q4,2021
23,spotify:track:02MWAaffLxlfxAUY7c5dvx,Glass Animals,Heat Waves,Polydor Records,23,24,36,30264,KR,South Korea,Q4,2021
24,spotify:track:0dnkOK5hGUCmIJ7FDF0yHz,JEON SOMI,DUMB DUMB,THE BLACK LABEL/Interscope Records,7,23,10,30157,KR,South Korea,Q4,2021
25,spotify:track:6pgqZ7Iw4LfHlfgWWaRFSY,TWICE,The Feels,Republic Records - TWICE,25,-1,1,29543,KR,South Korea,Q4,2021
26,spotify:track:3JR0ducCexKbeK47g6AHm5,"BTS, Megan Thee Stallion",Butter (Megan Thee Stallion Remix),BIGHIT MUSIC,5,18,6,29075,KR,South Korea,Q4,2021
27,spotify:track:5xrtzzzikpG3BLbo4q1Yul,IU,LILAC,EDAM Entertainment,1,25,29,28152,KR,South Korea,Q4,2021
28,spotify:track:4rBoCpnlrW5c5F1hiYQ0GT,Yerin Baek,Antifreeze,Blue Vinyl,11,30,4,25665,KR,South Korea,Q4,2021
29,spotify:track:4ZtFanR9U6ndgddUvNcjcG,Olivia Rodrigo,good 4 u,Olivia Rodrigo PS,6,29,21,25596,KR,South Korea,Q4,2021
30,spotify:track:1iGQpclvzonFNzy7Ko89V7,NCT 127,Sticker,SM Entertainment,9,20,3,25534,KR,South Korea,Q4,2021
31,spotify:track:1SC5rEoYDGUK4NfG82494W,Lil Nas X,MONTERO (Call Me By Your Name),Columbia,10,28,28,25328,KR,South Korea,Q4,2021
32,spotify:track:5BXr7hYZQOeRttkeWYTq5S,STAYC,ASAP,High Up Entertainment,4,27,26,25194,KR,South Korea,Q4,2021
33,spotify:track:0eu4C55hL6x29mmeAjytzC,Oliver Tree,Life Goes On,Atlantic Records,33,37,4,24826,KR,South Korea,Q4,2021
34,spotify:track:285HeuLxsngjFn4GGegGNm,"David Guetta, AFROJACK, Bebe Rexha, Nicki Minaj","Hey Mama (feat. Nicki Minaj, Bebe Rexha & Afrojack)",Atlantic/Parlophone,26,26,5,24532,KR,South Korea,Q4,2021
35,spotify:track:5nujrmhLynf4yMoMtj8AQF,"Dua Lipa, DaBaby",Levitating (feat. DaBaby),Warner Records,6,32,36,23783,KR,South Korea,Q4,2021
36,spotify:track:6Uj1ctrBOjOas8xZXGqKk4,Doja Cat,Woman,Kemosabe Records/RCA Records,31,31,9,23757,KR,South Korea,Q4,2021
37,spotify:track:5nCwjUUsmBuNZKn9Xu10Os,IU,Celebrity,EDAM Entertainment,3,35,32,23448,KR,South Korea,Q4,2021
38,spotify:track:37BZB0z9T8Xu7U3e65qxFy,"The Weeknd, Ariana Grande",Save Your Tears (with Ariana Grande) (Remix),Republic Records,8,40,24,22704,KR,South Korea,Q4,2021
39,spotify:track:2k44rKotfi2k55hwwiCImN,BoA,Better,SM Entertainment,39,49,5,22142,KR,South Korea,Q4,2021
40,spotify:track:4qu63nuBpdn0qHUHuObEj1,"Marshmello, Jonas Brothers",Leave Before You Love Me (with Jonas Brothers),Republic Records,18,43,20,21755,KR,South Korea,Q4,2021
41,spotify:track:1jRYyE9MEg7nxUgWEtsqFp,Heize,HAPPEN,"Genie Music Corporation, Stone Music Entertainment",9,46,20,21680,KR,South Korea,Q4,2021
42,spotify:track:6l1dTAhX7P6EKvA11NLNuW,aespa,I'll Make You Cry,SM Entertainment,42,-1,1,21588,KR,South Korea,Q4,2021
43,spotify:track:3UKKwGrpWWamc0XNSKXjmz,aespa,YEPPI YEPPI,SM Entertainment,43,-1,1,21471,KR,South Korea,Q4,2021
44,spotify:track:3Wrjm47oTz2sjIgck11l5e,Måneskin,Beggin',RCA Records Label,15,44,15,21069,KR,South Korea,Q4,2021
45,spotify:track:7MAibcTli4IisCtbHKrGMh,"Bruno Mars, Anderson .Paak, Silk Sonic",Leave The Door Open,Aftermath Entertainment/Atlantic,1,47,31,20803,KR,South Korea,Q4,2021
46,spotify:track:249gnXrbfmV8NG6jTEMSwD,BTS,Life Goes On,BIGHIT MUSIC,2,45,36,20529,KR,South Korea,Q4,2021
47,spotify:track:0k1WUmIRnG3xU6fvvDVfRG,"Drake, Future, Young Thug",Way 2 Sexy (with Future & Young Thug),OVO,27,41,5,20265,KR,South Korea,Q4,2021
48,spotify:track:4Ws314Ylb27BVsvlZOy30C,BLACKPINK,Lovesick Girls,YG Entertainment/Interscope Records,3,50,36,20115,KR,South Korea,Q4,2021
49,spotify:track:2m6Ko3CY1qXNNja8AlugNc,Troye Sivan,Angel Baby,EMI Recorded Music Australia Pty Ltd,33,42,4,19880,KR,South Korea,Q4,2021
50,spotify:track:2Xr1dTzJee307rmrkt8c0g,CKay,love nwantiti (ah ah ah),Chocolate City Music,50,81,2,19605,KR,South Korea,Q4,2021
1,spotify:track:4MzXwWMhyBbmu6hOcLVD49,"Bad Bunny, JHAYCO",DÁKITI,Rimas Entertainment LLC,1,1,10,6853242,MX,Mexico,Q1,2021
2,spotify:track:7vrJn5hDSXRmdXoR30KgF1,KAROL G,BICHOTA,UMLE - Latino,2,2,11,6295036,MX,Mexico,Q1,2021
3,spotify:track:2XIc1pqjXV3Cr2BQUGNBck,"Bad Bunny, ROSALÍA",LA NOCHE DE ANOCHE,Rimas Entertainment LLC,3,3,6,3727314,MX,Mexico,Q1,2021
4,spotify:track:1yoMvmasuxZfqHEipJhRbp,Maluma,Hawái,Sony Music Latin,1,4,23,3455054,MX,Mexico,Q1,2021
5,spotify:track:4loQgPwJHocL3dFwLfjb1J,"Rauw Alejandro, Anuel AA",Reloj,Sony Music Latin/Duars Entertainment,5,5,11,3173989,MX,Mexico,Q1,2021
6,spotify:track:15OjBeqNX3bShsGYQbteRv,Farruko,La Tóxica,Sony Music Latin,4,8,19,2548974,MX,Mexico,Q1,2021
7,spotify:track:35UUpTmrcFXNIVIN26ujXl,"Sech, Daddy Yankee, J Balvin, ROSALÍA, Farruko",Relación - Remix,Rich Music,2,6,18,2544366,MX,Mexico,Q1,2021
8,spotify:track:11EnQRgRMJwMAesfkB5pnu,"Lele Pons, Guaynaa",Se Te Nota (with Guaynaa),Shots Studios & Music/10:22pm/Interscope Records,2,7,18,2527681,MX,Mexico,Q1,2021
9,spotify:track:3VvA1wSxukMLsvXoXtlwWx,Boza,Hecha Pa' Mi,Sony Music Latin,9,10,7,2498319,MX,Mexico,Q1,2021
10,spotify:track:4jcxBTrNvyqMJdMDyyjdYV,"Christian Nodal, Ángela Aguilar",Dime Cómo Quieres,Universal Music Mexico,4,9,8,2342422,MX,Mexico,Q1,2021
11,spotify:track:2bgcUk2A3jjKbCJ7KPquTi,"Wisin, Myke Towers, Los Legendarios",Mi Niña,La Base Music Group/ WK Records,10,11,14,2274016,MX,Mexico,Q1,2021
12,spotify:track:21N4Buj4xsyLb218lYle61,"Sebastian Yatra, Guaynaa",Chica Ideal,UMLE - Latino,12,13,11,2267899,MX,Mexico,Q1,2021
13,spotify:track:7ndTONDDRFGiPnnhOzOXxq,"Manuel Turizo, Rauw Alejandro, Myke Towers",La Nota,Sony Music Latin/La Industria,11,12,13,2253292,MX,Mexico,Q1,2021
14,spotify:track:5RubKOuDoPn5Kj5TLVxSxY,Bad Bunny,TE MUDASTE,Rimas Entertainment LLC,4,14,6,2193136,MX,Mexico,Q1,2021
15,spotify:track:73nAK3HgQK8dak83Y2WQ8F,Camilo,Vida de Rico,Sony Music Latin,5,16,16,2171554,MX,Mexico,Q1,2021
16,spotify:track:16ONd70tvWAaLIc6hcLzaG,Christian Nodal,Aquí Abajo,Universal Music Mexico,6,15,26,2037091,MX,Mexico,Q1,2021
17,spotify:track:4HYDUMY0xSpeBr0AMY9cUz,"Jay Wheeler, DJ Nelson, Myke Towers",La Curiosidad,Linked Music / Dynamic Records / EMPIRE,6,18,28,1968669,MX,Mexico,Q1,2021
18,spotify:track:7x4ASXYEKfQBCewcZhK776,KAROL G,"Ay, DiOs Mío!",UMLE - Latino,3,19,26,1951233,MX,Mexico,Q1,2021
19,spotify:track:4nbWX2HzrOEnX4xxvYRCyU,"El Fantasma, Los Dos Carnales",Cabrón y Vago - En Vivo,Afinarte Music,17,17,22,1930538,MX,Mexico,Q1,2021
20,spotify:track:0VjIjW4GlUZAMYd2vXMi3b,The Weeknd,Blinding Lights,Republic Records,2,23,58,1850564,MX,Mexico,Q1,2021
21,spotify:track:4RJz8NfIe09gpKMiRUWKhJ,"Maluma, Lenny Tavárez, Justin Quiles",Parce (feat. Justin Quiles),Sony Music Latin,6,20,20,1834080,MX,Mexico,Q1,2021
22,spotify:track:7D7EH7MGyNHWSkqrszerI1,"Camilo, El Alfa",BEBÉ,Sony Music Latin,22,22,6,1797195,MX,Mexico,Q1,2021
23,spotify:track:3GtnId3Cm1Xa6joCj08nzW,Justin Quiles,Jeans,WEA Latina,12,21,20,1774400,MX,Mexico,Q1,2021
24,spotify:track:78SeXVRJ7KCqVmOwTiFjnI,"Bizarrap, NATHY PELUSO","Nathy Peluso: Bzrp Music Sessions, Vol. 36/66",DALE PLAY Records,24,26,5,1766029,MX,Mexico,Q1,2021
25,spotify:track:6fmQjRuo7XvRFCK2qex5hQ,Jerry Di,Mi Cuarto,Nacho,4,24,22,1727443,MX,Mexico,Q1,2021
26,spotify:track:2vBET2pmrQqafaS6zIaYta,"Black Eyed Peas, Shakira",GIRL LIKE ME,Epic,26,28,4,1723981,MX,Mexico,Q1,2021
27,spotify:track:0EhpEsp4L0oRGM0vmeaN5e,"J Balvin, Dua Lipa, Bad Bunny, Tainy",UN DIA (ONE DAY) (Feat. Tainy),Universal Music Latino/ NEON16,4,27,24,1646337,MX,Mexico,Q1,2021
28,spotify:track:1cVlW9WQiGlFdWUXFdFZGh,"Piso 21, Christian Nodal",Pa' Olvidarme De Ella,WM Mexico,6,25,70,1614010,MX,Mexico,Q1,2021
29,spotify:track:1xK1Gg9SxG8fy2Ya373oqb,"Myke Towers, Juhn",Bandido,White World Music,29,53,3,1609908,MX,Mexico,Q1,2021
30,spotify:track:2lCkncy6bIB0LTMT7kvrD1,J Balvin,Azul,UMLE - Latino,1,29,42,1587724,MX,Mexico,Q1,2021
31,spotify:track:7k4t7uLgtOxPwTpFmtJNTY,"KAROL G, Nicki Minaj",Tusa,TUSA - Karol G & Nicki Minaj,1,33,61,1542051,MX,Mexico,Q1,2021
32,spotify:track:4G3PTss3mU33Tau7t4KbwE,"Rauw Alejandro, Camilo",Tattoo - Remix with Camilo,Sony Music Latin/Duars Entertainment,4,31,26,1536984,MX,Mexico,Q1,2021
33,spotify:track:5y7DaS3jAc9eZzcSOoUIwU,"Ozuna, J Balvin, Chencho Corleone",Una Locura,Aura Music Corp.,18,32,18,1536532,MX,Mexico,Q1,2021
34,spotify:track:1s59X35jDULAyOGmBuTAnd,"Lenin Ramírez, Grupo Firme",Yo Ya No Vuelvo Contigo - En Vivo,DEL Records,30,30,57,1496891,MX,Mexico,Q1,2021
35,spotify:track:1qfoq1qvZT7VwDVeekCJ97,Christian Nodal,De Los Besos Que Te Di,Universal Music Mexico,17,34,91,1486445,MX,Mexico,Q1,2021
36,spotify:track:6bvfJf4KjonPMuPfGfy3S2,"Nio Garcia, Anuel AA, Myke Towers, Brray, Juanka",La Jeepeta - Remix,"Flow La Movie, Inc.",1,36,34,1484422,MX,Mexico,Q1,2021
37,spotify:track:26QApq0cuO9brJigr0C0W4,Bad Bunny,HACIENDO QUE ME AMAS,Rimas Entertainment LLC,5,35,6,1475977,MX,Mexico,Q1,2021
38,spotify:track:26w9NTiE9NGjW1ZvIOd1So,Bad Bunny,BOOKER T,Rimas Entertainment LLC,10,48,6,1411534,MX,Mexico,Q1,2021
39,spotify:track:1nLs8r6K4YN0avBwUmmTnr,Carín León,Tu - En Vivo,Tamarindo Rekordsz,14,37,32,1392793,MX,Mexico,Q1,2021
40,spotify:track:7paFC3FEu1WtPVP4Do6VZN,Christian Nodal,Se Me Olvidó,Universal Music Mexico,3,38,44,1361016,MX,Mexico,Q1,2021
41,spotify:track:2QwMXe5zbqymDZGYsMDVqZ,Carín León,Me la Avente,Tamarindo Rekordsz,27,39,83,1326650,MX,Mexico,Q1,2021
42,spotify:track:4K8cyoCDovlc4FvtUr2Hfx,"Cali Y El Dandee, Danna Paola",Nada,Cali y El Dandee PS,20,41,21,1310181,MX,Mexico,Q1,2021
43,spotify:track:69Y5IZuBvGyzySFt5x7kCq,"Piso 21, Maluma",Más De La Una,WM Mexico,42,45,5,1283621,MX,Mexico,Q1,2021
44,spotify:track:6sRaqq9SYsSTPvrWkL1sRy,Mi Banda El Mexicano,Ramito De Violetas,Craft Recordings,40,40,47,1262059,MX,Mexico,Q1,2021
45,spotify:track:5DoLhdU27owX1NMrKLUbUl,"Super Yei, Sammy, Jone Quest, Towy, Osquel, Beltito, Sammy & Falsetto",Lean,Superiority,9,43,25,1252074,MX,Mexico,Q1,2021
46,spotify:track:4XKC4nfeXgyd4KQDu8arKL,"Carlos Rivera, Maluma",100 Años,Sony Music Latin,34,42,7,1236429,MX,Mexico,Q1,2021
47,spotify:track:41wtwzCZkXwpnakmwJ239F,Bad Bunny,Si Veo a Tu Mamá,Rimas Entertainment LLC,1,56,45,1222709,MX,Mexico,Q1,2021
48,spotify:track:6VZMIyzOupI4vA68RaUgXb,"Reik, Christian Nodal",Poco,Sony Music México,44,44,6,1206209,MX,Mexico,Q1,2021
49,spotify:track:2DEZmgHKAvm41k4J3R2E9Y,"Bad Bunny, Jowell & Randy, Ñengo Flow",Safaera,Rimas Entertainment LLC,1,47,45,1188146,MX,Mexico,Q1,2021
50,spotify:track:4PEfJZpVjdclfzZ9XO8uDw,"KEVIN ROLDAN, Bryant Myers, Lyanno",HASTA ABAJO,UMLE - Latino,50,55,9,1161643,MX,Mexico,Q1,2021
1,spotify:track:7Bk0uXKk1uPT0XuQbpFzvs,"Los Legendarios, Wisin, JHAYCO",Fiel,La Base Music Group/ WK Records,1,3,8,4745749,MX,Mexico,Q2,2021
2,spotify:track:6tDDoYIxWvMLTdKpjFkc1B,Kali Uchis,telepatía,EMI / Interscope,1,1,8,4214564,MX,Mexico,Q2,2021
3,spotify:track:4MzXwWMhyBbmu6hOcLVD49,"Bad Bunny, JHAYCO",DÁKITI,Rimas Entertainment LLC,1,2,23,4013649,MX,Mexico,Q2,2021
4,spotify:track:1xK1Gg9SxG8fy2Ya373oqb,"Myke Towers, Juhn",Bandido,White World Music,3,5,16,3432973,MX,Mexico,Q2,2021
5,spotify:track:2XIc1pqjXV3Cr2BQUGNBck,"Bad Bunny, ROSALÍA",LA NOCHE DE ANOCHE,Rimas Entertainment LLC,3,6,19,3094169,MX,Mexico,Q2,2021
6,spotify:track:1WvrDdouh6C51In1SdATbq,KAROL G,BICHOTA,UMLE - Latino,2,4,24,2963155,MX,Mexico,Q2,2021
7,spotify:track:4iJyoBOLtHqaGxP12qzhQI,"Justin Bieber, Daniel Caesar, GIVĒON",Peaches (feat. Daniel Caesar & Giveon),RBMG/Def Jam,7,14,3,2521601,MX,Mexico,Q2,2021
8,spotify:track:1yoMvmasuxZfqHEipJhRbp,Maluma,Hawái,Sony Music Latin,1,7,36,2514890,MX,Mexico,Q2,2021
9,spotify:track:5QO79kh1waicV47BqGRL3g,The Weeknd,Save Your Tears,Republic Records,5,8,15,2497641,MX,Mexico,Q2,2021
10,spotify:track:4loQgPwJHocL3dFwLfjb1J,"Rauw Alejandro, Anuel AA",Reloj,Sony Music Latin/Duars Entertainment,5,9,24,2424506,MX,Mexico,Q2,2021
11,spotify:track:079Ey5uxL04AKPQgVQwx5h,"Selena Gomez, Rauw Alejandro",Baila Conmigo (with Rauw Alejandro),Selena Gomez Latin Project,7,10,10,2251556,MX,Mexico,Q2,2021
12,spotify:track:2TksvaRivgAEj780DgRB73,Sech,911,Rich Music,12,18,8,2192670,MX,Mexico,Q2,2021
13,spotify:track:7D93pJcwymzaZx8WgBo2zG,Rauw Alejandro,Algo Mágico,Sony Music Latin/Duars Entertainment,11,11,10,2143127,MX,Mexico,Q2,2021
14,spotify:track:5YYW3yRktprLRr47WK219Y,"Rochy RD, Myke Towers, Nicki Nicole",Ella No Es Tuya - Remix,Sony Music Latin,10,12,7,2032870,MX,Mexico,Q2,2021
15,spotify:track:3VvA1wSxukMLsvXoXtlwWx,Boza,Hecha Pa' Mi,Sony Music Latin,6,13,20,1991879,MX,Mexico,Q2,2021
16,spotify:track:0VjIjW4GlUZAMYd2vXMi3b,The Weeknd,Blinding Lights,Republic Records,2,15,71,1834629,MX,Mexico,Q2,2021
17,spotify:track:7E9GeFGfjXw9LAI4ay6rsw,"Grupo Firme, Carín León",El Tóxico,Music VIP Entertainment Presenta Grupo Firme,17,23,23,1778421,MX,Mexico,Q2,2021
18,spotify:track:2bgcUk2A3jjKbCJ7KPquTi,"Wisin, Myke Towers, Los Legendarios",Mi Niña,La Base Music Group/ WK Records,10,16,27,1748836,MX,Mexico,Q2,2021
19,spotify:track:35UUpTmrcFXNIVIN26ujXl,"Sech, Daddy Yankee, J Balvin, ROSALÍA, Farruko",Relación - Remix,Rich Music,2,19,31,1726887,MX,Mexico,Q2,2021
20,spotify:track:5RubKOuDoPn5Kj5TLVxSxY,Bad Bunny,TE MUDASTE,Rimas Entertainment LLC,4,20,19,1680312,MX,Mexico,Q2,2021
21,spotify:track:478g4LSkyMB1PMkVOVmIaE,"KAROL G, Anuel AA, J Balvin",LOCATION,UMLE - Latino,17,17,8,1663678,MX,Mexico,Q2,2021
22,spotify:track:4nbWX2HzrOEnX4xxvYRCyU,"El Fantasma, Los Dos Carnales",Cabrón y Vago - En Vivo,Afinarte Music,17,22,35,1656053,MX,Mexico,Q2,2021
23,spotify:track:15OjBeqNX3bShsGYQbteRv,Farruko,La Tóxica,Sony Music Latin,4,24,32,1652347,MX,Mexico,Q2,2021
24,spotify:track:4PEfJZpVjdclfzZ9XO8uDw,"KEVIN ROLDAN, Bryant Myers, Lyanno",HASTA ABAJO,UMLE - Latino,17,21,22,1637405,MX,Mexico,Q2,2021
25,spotify:track:00szcRmgqJGtqrfIUYkM1h,"Piso 21, Maluma",Más De La Una,WM Mexico,18,25,18,1625177,MX,Mexico,Q2,2021
26,spotify:track:16ONd70tvWAaLIc6hcLzaG,Christian Nodal,Aquí Abajo,Universal Music Mexico,6,26,39,1595013,MX,Mexico,Q2,2021
27,spotify:track:1s59X35jDULAyOGmBuTAnd,"Lenin Ramírez, Grupo Firme",Yo Ya No Vuelvo Contigo - En Vivo,DEL Records,27,27,70,1563953,MX,Mexico,Q2,2021
28,spotify:track:6RV9pRLIQiXm3qTGeyQluf,"Camilo, Evaluna Montaner",Machu Picchu,Sony Music Latin,25,29,5,1553306,MX,Mexico,Q2,2021
29,spotify:track:11EnQRgRMJwMAesfkB5pnu,"Lele Pons, Guaynaa",Se Te Nota (with Guaynaa),Shots Studios & Music/10:22pm/Interscope Records,2,30,31,1526540,MX,Mexico,Q2,2021
30,spotify:track:7ndTONDDRFGiPnnhOzOXxq,"Manuel Turizo, Rauw Alejandro, Myke Towers",La Nota,Sony Music Latin/La Industria,11,28,26,1515141,MX,Mexico,Q2,2021
31,spotify:track:4jcxBTrNvyqMJdMDyyjdYV,"Christian Nodal, Ángela Aguilar",Dime Cómo Quieres,Universal Music Mexico,4,33,21,1504406,MX,Mexico,Q2,2021
32,spotify:track:4RJz8NfIe09gpKMiRUWKhJ,"Maluma, Lenny Tavárez, Justin Quiles",Parce (feat. Justin Quiles),Sony Music Latin,6,32,33,1485288,MX,Mexico,Q2,2021
33,spotify:track:7MAibcTli4IisCtbHKrGMh,"Bruno Mars, Anderson .Paak, Silk Sonic",Leave The Door Open,Aftermath Entertainment/Atlantic,33,61,5,1469887,MX,Mexico,Q2,2021
34,spotify:track:3BZEcbdtXQSo7OrvKRJ6mb,Lil Nas X,MONTERO (Call Me By Your Name),Columbia,34,196,2,1446767,MX,Mexico,Q2,2021
35,spotify:track:5nujrmhLynf4yMoMtj8AQF,"Dua Lipa, DaBaby",Levitating (feat. DaBaby),Warner Records,35,56,15,1437492,MX,Mexico,Q2,2021
36,spotify:track:2zY1iTaEgs8ROkkWtWLe7l,Camilo,Ropa Cara,Sony Music Latin,4,31,12,1436390,MX,Mexico,Q2,2021
37,spotify:track:4HYDUMY0xSpeBr0AMY9cUz,"Jay Wheeler, DJ Nelson, Myke Towers",La Curiosidad,Linked Music / Dynamic Records / EMPIRE,6,35,41,1419443,MX,Mexico,Q2,2021
38,spotify:track:21N4Buj4xsyLb218lYle61,"Sebastian Yatra, Guaynaa",Chica Ideal,UMLE - Latino,12,34,24,1416424,MX,Mexico,Q2,2021
39,spotify:track:6f3Slt0GbA2bPZlz0aIFXN,Tiësto,The Business,Atlantic Records,39,42,8,1385820,MX,Mexico,Q2,2021
40,spotify:track:2vBET2pmrQqafaS6zIaYta,"Black Eyed Peas, Shakira",GIRL LIKE ME,Epic,17,36,17,1384474,MX,Mexico,Q2,2021
41,spotify:track:4nTduFjaTmGysc9WKNuCcs,Camilo,Vida de Rico,Sony Music Latin,5,40,29,1347381,MX,Mexico,Q2,2021
42,spotify:track:2FSGUA0gFgGeQdprjtGM2M,"KAROL G, Mariah Angeliq",EL MAKINON,UMLE - Latino,42,53,2,1324160,MX,Mexico,Q2,2021
43,spotify:track:0vtYnEw1eJwW26BrBnOAYJ,Banda MS de Sergio Lizárraga,La Casita,Lizos Music,37,37,12,1323043,MX,Mexico,Q2,2021
44,spotify:track:2QwMXe5zbqymDZGYsMDVqZ,Carín León,Me la Avente,Tamarindo Rekordsz,27,38,96,1304366,MX,Mexico,Q2,2021
45,spotify:track:0EhpEsp4L0oRGM0vmeaN5e,"J Balvin, Dua Lipa, Bad Bunny, Tainy",UN DIA (ONE DAY) (Feat. Tainy),Universal Music Latino/ NEON16,4,39,37,1286297,MX,Mexico,Q2,2021
46,spotify:track:1qfoq1qvZT7VwDVeekCJ97,Christian Nodal,De Los Besos Que Te Di,Universal Music Mexico,17,43,104,1254197,MX,Mexico,Q2,2021
47,spotify:track:7lPN2DXiMsVn7XUKtOW1CS,Olivia Rodrigo,drivers license,Olivia Rodrigo PS,8,41,13,1245482,MX,Mexico,Q2,2021
48,spotify:track:3Zf4GutWZ7Hv3wsVQsSQPs,"Camilo, El Alfa",BEBÉ,Sony Music Latin,17,49,19,1230998,MX,Mexico,Q2,2021
49,spotify:track:0fea68AdmYNygeTGI4RC18,"J Balvin, Bad Bunny",LA CANCIÓN,Universal Music Latino / Rimas,1,46,93,1230459,MX,Mexico,Q2,2021
50,spotify:track:3PfIrDoz19wz7qK7tYeu62,Dua Lipa,Don't Start Now,Warner Records,8,44,75,1190400,MX,Mexico,Q2,2021
1,spotify:track:5RwV8BvLfX5injfqYodke9,Rauw Alejandro,Todo De Ti,Sony Music Latin/Duars Entertainment,1,1,7,8259751,MX,Mexico,Q3,2021
2,spotify:track:2JPLbjOn0wPCngEot2STUS,Bad Bunny,Yonaguni,Rimas Entertainment LLC,2,2,5,7746259,MX,Mexico,Q3,2021
3,spotify:track:05bfbizlM5AX6Mf1RRyMho,"Nio Garcia, J Balvin, Bad Bunny",AM Remix,Flow La Movie,3,3,2,5403640,MX,Mexico,Q3,2021
4,spotify:track:6hf0RpxTbOprT5nnwzkk8e,"J Balvin, Maria Becerra",Qué Más Pues?,"Sueños Globales, LLC",4,5,6,5369822,MX,Mexico,Q3,2021
5,spotify:track:2MnLkFqY9Rpg9s3Zv6ZJdK,"Gera MX, Christian Nodal",Botella Tras Botella,Virgin Music México,1,4,11,4711141,MX,Mexico,Q3,2021
6,spotify:track:2rCbl9naJYhaxjLsfx88uM,"Sebastian Yatra, Myke Towers",Pareja Del Año,UMLE - Latino,4,6,12,3960756,MX,Mexico,Q3,2021
7,spotify:track:4MzXwWMhyBbmu6hOcLVD49,"Bad Bunny, JHAYCO",DÁKITI,Rimas Entertainment LLC,1,7,36,3192232,MX,Mexico,Q3,2021
8,spotify:track:3Wrjm47oTz2sjIgck11l5e,Måneskin,Beggin',RCA Records Label,8,14,3,2918299,MX,Mexico,Q3,2021
9,spotify:track:03LfOYi0icz4souspZVVhq,"Bizarrap, Nicky Jam","Nicky Jam: Bzrp Music Sessions, Vol. 41/66",DALE PLAY Records,9,-1,1,2701239,MX,Mexico,Q3,2021
10,spotify:track:0PwFN7vRvY80Hnkoew2x3f,"Rauw Alejandro, Mr. Naisgai",2/Catorce,Sony Music Latin/Duars Entertainment,6,8,10,2688818,MX,Mexico,Q3,2021
11,spotify:track:7Bk0uXKk1uPT0XuQbpFzvs,"Los Legendarios, Wisin, JHAYCO",Fiel,La Base Music Group/ WK Records,1,9,21,2574389,MX,Mexico,Q3,2021
12,spotify:track:43qcs9NpJhDxtG91zxFkj7,"Wisin, JHAYCO, Anuel AA, Los Legendarios, Myke Towers",Fiel - Remix,La Base Music Group/ WK Records,10,11,3,2428962,MX,Mexico,Q3,2021
13,spotify:track:1WedZeiezCmCEOzLwhx0hV,"J Balvin, KAROL G, Nicky Jam, Crissin, Totoy El Frio, Natan & Shander",Poblado - Remix,Universal Music Latino,13,13,3,2421630,MX,Mexico,Q3,2021
14,spotify:track:4DdnffqoFr9wDRlCACNmGf,"Natanael Cano, Oscar Maydon",Porte Exuberante,WEA Latina,12,15,6,2347322,MX,Mexico,Q3,2021
15,spotify:track:2FSGUA0gFgGeQdprjtGM2M,"KAROL G, Mariah Angeliq",EL MAKINON,UMLE - Latino,7,12,15,2281922,MX,Mexico,Q3,2021
16,spotify:track:4ZtFanR9U6ndgddUvNcjcG,Olivia Rodrigo,good 4 u,Olivia Rodrigo PS,14,18,8,1990490,MX,Mexico,Q3,2021
17,spotify:track:4H3t8C59tXjKf1R2iKtc5M,Marca MP,Ya Acabo,Marca MP,17,21,15,1962618,MX,Mexico,Q3,2021
18,spotify:track:6tDDoYIxWvMLTdKpjFkc1B,Kali Uchis,telepatía,EMI / Interscope,1,16,21,1942269,MX,Mexico,Q3,2021
19,spotify:track:1xK1Gg9SxG8fy2Ya373oqb,"Myke Towers, Juhn",Bandido,White World Music,3,17,29,1898536,MX,Mexico,Q3,2021
20,spotify:track:2dNhNlpZAtV4lwAFW45LIv,"Nio Garcia, Flow La Movie",AM,"Flow La Movie, Inc.",3,10,15,1884230,MX,Mexico,Q3,2021
21,spotify:track:3DarAbFujv6eYNliUTyqtz,"Doja Cat, SZA",Kiss Me More (feat. SZA),Kemosabe Records/RCA Records,19,19,12,1879495,MX,Mexico,Q3,2021
22,spotify:track:1yoMvmasuxZfqHEipJhRbp,Maluma,Hawái,Sony Music Latin,1,24,49,1830426,MX,Mexico,Q3,2021
23,spotify:track:2XIc1pqjXV3Cr2BQUGNBck,"Bad Bunny, ROSALÍA",LA NOCHE DE ANOCHE,Rimas Entertainment LLC,3,20,32,1819337,MX,Mexico,Q3,2021
24,spotify:track:2f0Ft2XdvNSMSY5TUlZgEz,Pablo Alborán,Saturno,WM Spain,24,31,33,1807340,MX,Mexico,Q3,2021
25,spotify:track:5jzEwSyyymBlf1fa1o39T2,"Mora, JHAYCO",512,Rimas Entertainment LLC,18,26,10,1790951,MX,Mexico,Q3,2021
26,spotify:track:4DHDIdeayp8xvlyg22wREO,"NATTI NATASHA, Becky G",Ram Pam Pam,Sony Music Latin,26,29,9,1750314,MX,Mexico,Q3,2021
27,spotify:track:37BZB0z9T8Xu7U3e65qxFy,"The Weeknd, Ariana Grande",Save Your Tears (with Ariana Grande) (Remix),Republic Records,19,25,11,1717601,MX,Mexico,Q3,2021
28,spotify:track:3HgvO4B5LLmdPOT2d8cSZd,"LAGOS, Danny Ocean",Mónaco,WM Mexico,28,72,2,1706931,MX,Mexico,Q3,2021
29,spotify:track:67BtfxlNbhBmCDR2L2l8qd,Lil Nas X,MONTERO (Call Me By Your Name),Columbia,15,23,15,1688004,MX,Mexico,Q3,2021
30,spotify:track:7E9GeFGfjXw9LAI4ay6rsw,"Grupo Firme, Carín León",El Tóxico,Music VIP Entertainment Presenta Grupo Firme,17,33,36,1632776,MX,Mexico,Q3,2021
31,spotify:track:1WvrDdouh6C51In1SdATbq,KAROL G,BICHOTA,UMLE - Latino,2,30,37,1619148,MX,Mexico,Q3,2021
32,spotify:track:2bgTY4UwhfBYhGT4HUYStN,BTS,Butter,BIGHIT MUSIC,6,22,7,1612027,MX,Mexico,Q3,2021
33,spotify:track:5nujrmhLynf4yMoMtj8AQF,"Dua Lipa, DaBaby",Levitating (feat. DaBaby),Warner Records,16,27,28,1584350,MX,Mexico,Q3,2021
34,spotify:track:2p2Q23iaaPSEa1tI6TsCVX,Sech,911,Rich Music,8,28,21,1579848,MX,Mexico,Q3,2021
35,spotify:track:6mm3K0yWp6uzfOMuipM9Zh,Piso 21,Tan Bonita,WM Mexico,31,35,14,1560557,MX,Mexico,Q3,2021
36,spotify:track:5u7twkeask1VIyDeNTElSU,Sech,Sal y Perrea,Rich Music,27,34,9,1551624,MX,Mexico,Q3,2021
37,spotify:track:4OwhwvKESFtuu06dTgct7i,"Marc Seguí, Rauw Alejandro, Pol Granch",Tiroteo - Remix,WEA Latina,37,196,2,1520508,MX,Mexico,Q3,2021
38,spotify:track:7D93pJcwymzaZx8WgBo2zG,Rauw Alejandro,Algo Mágico,Sony Music Latin/Duars Entertainment,11,38,23,1519150,MX,Mexico,Q3,2021
39,spotify:track:4nbWX2HzrOEnX4xxvYRCyU,"El Fantasma, Los Dos Carnales",Cabrón y Vago - En Vivo,Afinarte Music,17,43,48,1501731,MX,Mexico,Q3,2021
40,spotify:track:16ONd70tvWAaLIc6hcLzaG,Christian Nodal,Aquí Abajo,Universal Music Mexico,6,40,52,1490771,MX,Mexico,Q3,2021
41,spotify:track:4r9jkMEnArtWGH2rL2FZl0,Bad Bunny,A Tu Merced,Rimas Entertainment LLC,18,68,71,1489271,MX,Mexico,Q3,2021
42,spotify:track:1s59X35jDULAyOGmBuTAnd,"Lenin Ramírez, Grupo Firme",Yo Ya No Vuelvo Contigo - En Vivo,DEL Records,27,41,83,1458515,MX,Mexico,Q3,2021
43,spotify:track:079Ey5uxL04AKPQgVQwx5h,"Selena Gomez, Rauw Alejandro",Baila Conmigo (with Rauw Alejandro),Selena Gomez Latin Project,7,37,23,1456698,MX,Mexico,Q3,2021
44,spotify:track:7MAibcTli4IisCtbHKrGMh,"Bruno Mars, Anderson .Paak, Silk Sonic",Leave The Door Open,Aftermath Entertainment/Atlantic,19,39,18,1437264,MX,Mexico,Q3,2021
45,spotify:track:4loQgPwJHocL3dFwLfjb1J,"Rauw Alejandro, Anuel AA",Reloj,Sony Music Latin/Duars Entertainment,5,32,37,1433357,MX,Mexico,Q3,2021
46,spotify:track:4iJyoBOLtHqaGxP12qzhQI,"Justin Bieber, Daniel Caesar, GIVĒON",Peaches (feat. Daniel Caesar & Giveon),RBMG/Def Jam,7,36,16,1413055,MX,Mexico,Q3,2021
47,spotify:track:0VjIjW4GlUZAMYd2vXMi3b,The Weeknd,Blinding Lights,Republic Records,2,44,84,1379653,MX,Mexico,Q3,2021
48,spotify:track:5RubKOuDoPn5Kj5TLVxSxY,Bad Bunny,TE MUDASTE,Rimas Entertainment LLC,4,46,32,1374288,MX,Mexico,Q3,2021
49,spotify:track:0fea68AdmYNygeTGI4RC18,"J Balvin, Bad Bunny",LA CANCIÓN,Universal Music Latino / Rimas,1,48,106,1368950,MX,Mexico,Q3,2021
50,spotify:track:63aj87TQG6F3RVO5nbG2VQ,"J Balvin, Skrillex",In Da Getto,"Sueños Globales, LLC",50,-1,1,1358486,MX,Mexico,Q3,2021
1,spotify:track:798ahLNEcoFER7Vywg1FMT,Calibre 50,A La Antigüita,FONO/Andaluz Records,1,1,21,4364528,MX,Mexico,Q4,2021
2,spotify:track:2B4GHvToeLTOBB4QLzW3Ni,Farruko,Pepas,Sony Music Latin,1,2,11,4137812,MX,Mexico,Q4,2021
3,spotify:track:2JPLbjOn0wPCngEot2STUS,Bad Bunny,Yonaguni,Rimas Entertainment LLC,2,3,18,4119761,MX,Mexico,Q4,2021
4,spotify:track:5RwV8BvLfX5injfqYodke9,Rauw Alejandro,Todo De Ti,Sony Music Latin/Duars Entertainment,1,4,20,3911299,MX,Mexico,Q4,2021
5,spotify:track:6HIIuuUIEzH1meVdGbMXyf,Grupo Firme,Ya Supérame (En Vivo),Music VIP Entertainment Presenta Grupo Firme,5,10,8,3210818,MX,Mexico,Q4,2021
6,spotify:track:2vmfvSoZBFAt9hhRoEByLi,"Aventura, Bad Bunny",Volví,Rimas Entertainment LLC,3,6,10,3205937,MX,Mexico,Q4,2021
7,spotify:track:4H3t8C59tXjKf1R2iKtc5M,Marca MP,Ya Acabo,Marca MP,7,9,28,3157632,MX,Mexico,Q4,2021
8,spotify:track:4HzqWEdAbzcVFDv0pvxV4w,Maluma,Sobrio,Sony Music Latin,7,8,13,2926355,MX,Mexico,Q4,2021
9,spotify:track:2MnLkFqY9Rpg9s3Zv6ZJdK,"Gera MX, Christian Nodal",Botella Tras Botella,Virgin Music México,1,7,24,2873878,MX,Mexico,Q4,2021
10,spotify:track:1xO7tp4J5Wj0NeKrzIpd1V,"Christian Nodal, Banda MS de Sergio Lizárraga",La Sinvergüenza,"Producciones Ladon, S.A de C.V./Sony Music México",5,5,2,2873090,MX,Mexico,Q4,2021
11,spotify:track:6D2TCm4nf5nxAcdGJ7w3QP,"J Balvin, Maria Becerra",Qué Más Pues?,"Sueños Globales, LLC",3,11,19,2763355,MX,Mexico,Q4,2021
12,spotify:track:64JzNzcoSZOh3RWeoghVfk,"Matisse, Carín León",Como Lo Hice Yo,Sony Music México,12,19,4,2542063,MX,Mexico,Q4,2021
13,spotify:track:5PjdY0CKGZdEuoNab3yDmX,"The Kid LAROI, Justin Bieber",STAY (with Justin Bieber),Columbia,7,13,13,2536274,MX,Mexico,Q4,2021
14,spotify:track:05bfbizlM5AX6Mf1RRyMho,"Nio Garcia, J Balvin, Bad Bunny",AM Remix,Flow La Movie,3,16,15,2499113,MX,Mexico,Q4,2021
15,spotify:track:0eu4C55hL6x29mmeAjytzC,Oliver Tree,Life Goes On,Atlantic Records,12,14,7,2497621,MX,Mexico,Q4,2021
16,spotify:track:4bF2y8rR7GUjrd5LNEvej3,Ingratax,París,Room28,7,15,13,2457331,MX,Mexico,Q4,2021
17,spotify:track:3HgvO4B5LLmdPOT2d8cSZd,"LAGOS, Danny Ocean",Mónaco,WM Mexico,12,22,15,2363458,MX,Mexico,Q4,2021
18,spotify:track:4MzXwWMhyBbmu6hOcLVD49,"Bad Bunny, JHAYCO",DÁKITI,Rimas Entertainment LLC,1,20,49,2301818,MX,Mexico,Q4,2021
19,spotify:track:7E9GeFGfjXw9LAI4ay6rsw,"Grupo Firme, Carín León",El Tóxico,Music VIP Entertainment Presenta Grupo Firme,17,24,49,2251734,MX,Mexico,Q4,2021
20,spotify:track:2rCbl9naJYhaxjLsfx88uM,"Sebastian Yatra, Myke Towers",Pareja Del Año,UMLE - Latino,4,17,25,2226340,MX,Mexico,Q4,2021
21,spotify:track:0bI7K9Becu2dtXK1Q3cZNB,"Tiësto, KAROL G",Don't Be Shy,Atlantic Records,17,23,8,2181005,MX,Mexico,Q4,2021
22,spotify:track:1q0PYXTbDsirp2l74ng6pn,"J Balvin, Skrillex",In Da Getto,"Sueños Globales, LLC",11,18,14,2158862,MX,Mexico,Q4,2021
23,spotify:track:4OwhwvKESFtuu06dTgct7i,"Marc Seguí, Rauw Alejandro, Pol Granch",Tiroteo - Remix,WEA Latina,10,21,15,2155915,MX,Mexico,Q4,2021
24,spotify:track:3FeVmId7tL5YN8B7R3imoM,"Coldplay, BTS",My Universe,Parlophone UK,12,12,2,2110877,MX,Mexico,Q4,2021
25,spotify:track:4gzsuuZypVbxs0Af1LSZyB,"Tainy, Bad Bunny, Julieta Venegas",Lo Siento BB:/ (with Bad Bunny & Julieta Venegas),Neon16,25,-1,1,2060171,MX,Mexico,Q4,2021
26,spotify:track:6zSpb8dQRaw0M1dK8PBwQz,"Elton John, Dua Lipa, PNAU",Cold Heart - PNAU Remix,EMI,26,28,7,1942215,MX,Mexico,Q4,2021
27,spotify:track:64ImcY4fJhY243wr20SR3e,"Calibre 50, Santa Fe Klan, Beto Sierra",Cuidando El Territorio,BS Music,15,25,10,1937754,MX,Mexico,Q4,2021
28,spotify:track:3PwRuzdphgedcWVUOVYJ7I,Rauw Alejandro,Cúrame,Sony Music Latin/Duars Entertainment,24,26,9,1923751,MX,Mexico,Q4,2021
29,spotify:track:0cOa970mzTWAxKtltpkpLc,"TINI, Maria Becerra",Miénteme,Sony Music Latin,20,27,18,1864938,MX,Mexico,Q4,2021
30,spotify:track:3pQYf90V5idOGrXzosm9rt,Junior H,Se Amerita,WEA Latina,30,35,12,1822090,MX,Mexico,Q4,2021
31,spotify:track:0giiXonRhODYy4J1iy4Lb3,Rauw Alejandro,Sexo Virtual,Sony Music Latin/Duars Entertainment,29,29,15,1787842,MX,Mexico,Q4,2021
32,spotify:track:4gvrJnKCKIPiacNsWVQwEU,"CKay, Dj Yo!, AX'EL",love nwantiti (feat. Dj Yo! & AX'EL) - Remix,WM South Africa,32,60,3,1779852,MX,Mexico,Q4,2021
33,spotify:track:3NqBxTOMCJ3zW9CIP51td4,"Eslabon Armado, DannyLux",Jugaste y Sufrí,DEL Records,33,42,7,1718370,MX,Mexico,Q4,2021
34,spotify:track:0G2zPzWqVjR68iNPmx2TBe,"Mora, Bad Bunny, Sech",Volando - Remix,Rimas Entertainment LLC,7,30,13,1665744,MX,Mexico,Q4,2021
35,spotify:track:55mzJ0LftLnef8sxAjrMkU,"Santa Fe Klan, Neto Peña, Yoss Bones",Debo Entender,473 Music,26,37,20,1642879,MX,Mexico,Q4,2021
36,spotify:track:1s59X35jDULAyOGmBuTAnd,"Lenin Ramírez, Grupo Firme",Yo Ya No Vuelvo Contigo - En Vivo,DEL Records,27,31,96,1637242,MX,Mexico,Q4,2021
37,spotify:track:4DdnffqoFr9wDRlCACNmGf,"Natanael Cano, Oscar Maydon",Porte Exuberante,WEA Latina,12,36,19,1632080,MX,Mexico,Q4,2021
38,spotify:track:704LUEih663hiE3CnyUrFW,KAROL G,SEJODIOTO,UMLE - Latino,34,34,2,1616982,MX,Mexico,Q4,2021
39,spotify:track:6w8yBI2vthyN9UnwO4UBWb,"Tiago PZK, LIT killah",Entre Nosotros,WM Chile,18,32,13,1571388,MX,Mexico,Q4,2021
40,spotify:track:3Wrjm47oTz2sjIgck11l5e,Måneskin,Beggin',RCA Records Label,8,33,16,1556899,MX,Mexico,Q4,2021
41,spotify:track:1yoMvmasuxZfqHEipJhRbp,Maluma,Hawái,Sony Music Latin,1,38,62,1531780,MX,Mexico,Q4,2021
42,spotify:track:0akyEssGRVHstqCSWXusJL,Ed Maverick,Fuentes de Ortiz,Universal Music Mexico,21,46,143,1517181,MX,Mexico,Q4,2021
43,spotify:track:1ahCrpeTt94LL7y1aXw0Y8,"Tokischa, ROSALÍA",Linda,Sony Music Latin,43,96,3,1485415,MX,Mexico,Q4,2021
44,spotify:track:7hU3IHwjX150XLoTVmjD0q,LISA,MONEY,YG Entertainment/Interscope Records,44,118,2,1484416,MX,Mexico,Q4,2021
45,spotify:track:5Z9KJZvQzH6PFmb8SNkxuk,"Lil Nas X, Jack Harlow",INDUSTRY BABY (feat. Jack Harlow),Columbia,39,44,10,1483458,MX,Mexico,Q4,2021
46,spotify:track:0ldT3gl7aGNzrJyd4b1CA4,"Grupo Firme, Lenin Ramírez",En Tu Perra Vida,Music VIP Entertainment Presenta Grupo Firme,41,48,19,1459563,MX,Mexico,Q4,2021
47,spotify:track:2XlGKZNMkRKvEJsbwQ6MCl,"Grupo Firme, Grupo Codiciado",Gracias (En Vivo),Music VIP Entertainment Presenta Grupo Firme,45,45,27,1388921,MX,Mexico,Q4,2021
48,spotify:track:6G2xXQRSZlEzYsUEb3uvuR,Ivan Cornejo,Está Dañada,"Manzana Records, Inc.",48,-1,1,1388918,MX,Mexico,Q4,2021
49,spotify:track:3elpkpwYlmUbuvmVps08lJ,"Santa Fe Klan, Nanpa Básico",Te Ire A Buscar,473 Music,45,51,28,1377682,MX,Mexico,Q4,2021
50,spotify:track:2LJRoFOtMGLnSxJqlJuhge,Gerardo Ortiz,Tranquilito,Sony Music Latin,50,67,7,1350151,MX,Mexico,Q4,2021
1,spotify:track:6FXys8EUcfwoRiuSTdVZSE,"Bedoes 2115, Lanek",TOA$T /,SBM Label,1,-1,1,958782,PL,Poland,Q1,2021
2,spotify:track:27gknDBOqYJmOFYyaOBAfa,"Guzior, Favst",BLUEBERRY,QueQuality,1,1,7,776008,PL,Poland,Q1,2021
3,spotify:track:4XZxxP6ilbl56BooNjq7Ki,"Guzior, Oskar83",FALA,QueQuality,1,2,11,657536,PL,Poland,Q1,2021
4,spotify:track:39lqrU1jqIuEHlrYbbMLLh,"Żabson, Vladimir Cauchemar",OBOK,INTERNAZIOMALE,4,40,2,601618,PL,Poland,Q1,2021
5,spotify:track:2beQhTsnVS7jsTwUxU29xo,Quebonafide,MATCHA LATTE,Sony Music Entertainment,5,14,2,493912,PL,Poland,Q1,2021
6,spotify:track:4yP4P2pHqtejjQ1l12J8bA,"Wiatr, Sobel, be vis",Testarossa,Sony Music Entertainment,2,3,21,489103,PL,Poland,Q1,2021
7,spotify:track:79PexJOYIrfKZhwV6J3pUG,"Sobel, Magiera",Kinol,Universal Music Polska Sp. z o.o.,7,81,2,442151,PL,Poland,Q1,2021
8,spotify:track:2qX1iJIRJDlVsBQbQkz6L0,"ReTo, Kubi Producent",Billy Kid,spacerange,1,4,26,426591,PL,Poland,Q1,2021
9,spotify:track:7eBYMVok43QesT0KnuIkjn,"Quebonafide, Duit, Daria Zawiałow",BUBBLETEA,QueQuality,1,8,41,386924,PL,Poland,Q1,2021
10,spotify:track:6f3Slt0GbA2bPZlz0aIFXN,Tiësto,The Business,Atlantic Records,7,7,8,383153,PL,Poland,Q1,2021
11,spotify:track:2Y1Nd54Jrgciu2HtpP5ymM,Sobel,Impreza,Universal Music Polska Sp. z o.o.,3,6,51,382035,PL,Poland,Q1,2021
12,spotify:track:7jP1BjqK9Qkbmk4rq3Vjdy,"Kabe, Opiat",Nad ranem,QueQuality,5,12,10,377249,PL,Poland,Q1,2021
13,spotify:track:3qpjYSbwUgWeNzTMBwPNLZ,"Bedoes 2115, Lanek",Chrome Hearts /,SBM Label,13,15,3,372261,PL,Poland,Q1,2021
14,spotify:track:2ViEgPwGDB2hoeSRe2eDSk,Guzior,TRAPSTAR,QueQuality,5,11,5,368629,PL,Poland,Q1,2021
15,spotify:track:0VjIjW4GlUZAMYd2vXMi3b,The Weeknd,Blinding Lights,Republic Records,1,9,58,361793,PL,Poland,Q1,2021
16,spotify:track:3tjFYV6RSFtuktYl3ZtYcq,"24kGoldn, iann dior",Mood (feat. iann dior),Records/Columbia,11,13,19,357346,PL,Poland,Q1,2021
17,spotify:track:6ty2E6Aa5D2yWB46mzovBl,"Kukon, Quebonafide",Piję wódę i słucham Ich Troje,KUKON,10,10,2,343628,PL,Poland,Q1,2021
18,spotify:track:0NKAurJjAVHkLQ9AoekWSo,"Kizo, Trill Pem",Fitness,Universal Music Polska Sp. z o.o.,18,20,3,340966,PL,Poland,Q1,2021
19,spotify:track:4TuDLKQkTcUeRWAXrZiaP8,"Quebonafide, Forxst",TEEN KASIA,QueQuality,5,5,3,323338,PL,Poland,Q1,2021
20,spotify:track:6cx06DFPPHchuUAcTxznu9,"Joel Corry, MNEK",Head & Heart (feat. MNEK),Atlantic Records UK,14,16,22,313446,PL,Poland,Q1,2021
21,spotify:track:26N0AElCFxUuGQ7YoYs0tU,"Chivas, White 2115",Mam Na Twarzy Krew I Tym Razem Nie Jest Sztuczna,Universal Music Polska Sp. z o.o.,21,-1,1,310413,PL,Poland,Q1,2021
22,spotify:track:54bFM56PmE4YLRnqpW6Tha,Billie Eilish,Therefore I Am,Darkroom/Interscope Records,2,22,8,306259,PL,Poland,Q1,2021
23,spotify:track:2wMo0pUpFklPf5x47ZUR8I,"Alberto, OLEK",Dwutakt,GM2L,8,24,13,302696,PL,Poland,Q1,2021
24,spotify:track:0vIdj6ZxZrHhHjkbsLHap8,"Taco Hemingway, Lanek",Polskie Tango,2020,1,21,26,298888,PL,Poland,Q1,2021
25,spotify:track:0ekFMfccSsXN5a449K2gqB,"Favst, Gibbs, Kukon",halo,QueQuality,18,25,16,298886,PL,Poland,Q1,2021
26,spotify:track:0Fq9G6zqp6VGEfJv3XM7vf,"Żabson, Young Leosia, Beteo, Borucci",ULALA,INTERNAZIOMALE,1,27,12,296250,PL,Poland,Q1,2021
27,spotify:track:6i7zAdNhzUN2k1HcrBxPHG,"Ofenbach, Quarterhead, Norma Jean Martine",Head Shoulders Knees & Toes (feat. Norma Jean Martine),Elektra France,12,19,23,280949,PL,Poland,Q1,2021
28,spotify:track:0xwpK0H2aL5YxREvcNw4Pe,sanah,Szampan,Universal Music Polska Sp. z o.o. (Magic Records),1,23,52,273825,PL,Poland,Q1,2021
29,spotify:track:2e1xSv89zdaxk6VLP7JfXT,"Qry, Mini Majk, PSR",Mały ale wariat,spacerange,29,-1,1,273469,PL,Poland,Q1,2021
30,spotify:track:6UelLqGlWMcVH1E5c4H7lY,Harry Styles,Watermelon Sugar,Columbia,4,26,59,272798,PL,Poland,Q1,2021
31,spotify:track:5nujrmhLynf4yMoMtj8AQF,"Dua Lipa, DaBaby",Levitating (feat. DaBaby),Warner Records,31,39,9,270319,PL,Poland,Q1,2021
32,spotify:track:4y4spB9m0Q6026KfkAvy9Q,"Justin Bieber, benny blanco",Lonely (with benny blanco),Friends Keep Secrets/Def Jam Recordings/Interscope Records,7,37,12,264956,PL,Poland,Q1,2021
33,spotify:track:2sTuKKRZI1ciK5tflR00YE,"Mata, Wyguś, Szczepan, Adam",GOMBAO 33,SBM Label,6,30,51,261354,PL,Poland,Q1,2021
34,spotify:track:3GJW3WLsbqcP0HAFlIvzAC,Wac Toja,Kapitan,Universal Music Polska Sp. z o.o.,17,36,13,260118,PL,Poland,Q1,2021
35,spotify:track:1HbA4N1MiOsPthALesGFR1,"Shawn Mendes, Justin Bieber",Monster (Shawn Mendes & Justin Bieber),Shawn Mendes LP4-5 PS/ Island,11,42,7,258466,PL,Poland,Q1,2021
36,spotify:track:0vWUhCPxpJOJR5urYbZypB,"Purple Disco Machine, Sophie and the Giants",Hypnotized,Positiva,28,28,14,258062,PL,Poland,Q1,2021
37,spotify:track:35mvY5S1H3J2QZyna3TFe0,Ariana Grande,positions,Republic Records,6,35,11,256188,PL,Poland,Q1,2021
38,spotify:track:0zLCBJZSiELJf02ucPP9wb,"SAINt JHN, Imanbek",Roses - Imanbek Remix,Craft Recordings,5,29,65,248635,PL,Poland,Q1,2021
39,spotify:track:0vPVqOKo8LWVganQgBZS5y,Mata,Schodki,SBM Label,4,38,68,244115,PL,Poland,Q1,2021
40,spotify:track:0XthAWvbDoOunjDceV6Jq2,"Bedoes 2115, Lanek",VOGUE,SBM Label,2,45,58,240779,PL,Poland,Q1,2021
41,spotify:track:3AywVeV8DzB7KQ1QbH3zFZ,chillwagon,jeden jeden,spacerange,21,33,5,239447,PL,Poland,Q1,2021
42,spotify:track:2QjOHCTQ1Jl3zawyYOpxh6,The Neighbourhood,Sweater Weather,Columbia,42,47,25,238567,PL,Poland,Q1,2021
43,spotify:track:1MvKqm1tHKFUF88IKx7MKs,"Taco Hemingway, Bedoes 2115, Zeppy Zep",Europa,2020,1,52,18,237930,PL,Poland,Q1,2021
44,spotify:track:2yjSMIxii1fcnrf1R9tU4g,"Quebonafide, Taco Hemingway",TOKYO2020,QueQuality,1,32,41,237724,PL,Poland,Q1,2021
45,spotify:track:56H7O0iIqcZqWWA0QYQAwE,"Żabson, Mata",Aromatyczne Przyprawy,INTERNAZIOMALE,3,43,7,237098,PL,Poland,Q1,2021
46,spotify:track:2fuA2bAFbVidQUdCiLjuG7,"SB Maffija, Mata, White 2115, Jan-Rapowanie, Janusz Walczuk, Beteo, Adi Nowak, Kacperczyk",A nie pamiętasz jak?,SBM Label,1,48,31,235498,PL,Poland,Q1,2021
47,spotify:track:45bE4HXI0AwGZXfZtMp8JR,Tate McRae,you broke me first,RCA Records Label,27,54,23,235195,PL,Poland,Q1,2021
48,spotify:track:2kYgryHD0pSjhorV2DOdxc,"Białas, Mata, Lanek",Drift,SBM Label,5,46,49,231746,PL,Poland,Q1,2021
49,spotify:track:4i2qxFEVVUi8yOYoxB8TCX,Miley Cyrus,Midnight Sky,RCA Records Label,26,41,21,226724,PL,Poland,Q1,2021
50,spotify:track:1YSjp4pscPTOHaw2lyKVTA,"Pezet, Auer, Kayah",Nisko jest niebo,Universal Music Polska Sp. z o.o.,2,50,10,225680,PL,Poland,Q1,2021
1,spotify:track:5RYqeL42n0Ta7OvSuc36ZJ,"Mata, Trooh Hippi",Patoreakcja,SBM Label,1,1,2,2893656,PL,Poland,Q2,2021
2,spotify:track:3OcyTN8Nz3bdne5aq9mMR5,"Sobel, PSR",Bandyta,Universal Music Polska Sp. z o.o.,2,28,2,1050057,PL,Poland,Q2,2021
3,spotify:track:7fuvhZxxLou4qRRo4Z63wE,"sanah, Vito Bambino",Ale jazz!,Magic Records,1,2,12,808746,PL,Poland,Q2,2021
4,spotify:track:2qcMsA3iyaDAELRijqwKcg,sanah,2:00,Magic Records,4,4,2,723480,PL,Poland,Q2,2021
5,spotify:track:1ViGe38tmbdDapmz5ReZQR,Ekipa,3KIPA,EKIPA/DONPRO,1,3,5,703296,PL,Poland,Q2,2021
6,spotify:track:3BZEcbdtXQSo7OrvKRJ6mb,Lil Nas X,MONTERO (Call Me By Your Name),Columbia,6,26,2,688913,PL,Poland,Q2,2021
7,spotify:track:27gknDBOqYJmOFYyaOBAfa,"Guzior, Favst",BLUEBERRY,QueQuality,1,6,20,571001,PL,Poland,Q2,2021
8,spotify:track:7umEhzfURpGTSRbcX84qLy,Young Leosia,Szklanki,INTERNAZIOMALE,1,5,10,553312,PL,Poland,Q2,2021
9,spotify:track:5fW7kCi1JS94MMFDepJvtb,"PRO8L3M, Kaz Bałagane, Szpaku",GeForce,2020,9,15,2,495101,PL,Poland,Q2,2021
10,spotify:track:4cG7HUWYHBV6R6tHn1gxrl,"Riton, Nightcrawlers, Mufasa & Hypeman, Mufasa, Dopamine",Friday (feat. Mufasa & Hypeman) - Dopamine Re-Edit,Ministry of Sound Recordings,5,8,7,467461,PL,Poland,Q2,2021
11,spotify:track:38ulSoRgKwpxJjTLIKneDl,"PRO8L3M, Dawid Podsiadło, Duit",Freon,2020,11,29,2,462238,PL,Poland,Q2,2021
12,spotify:track:4XZxxP6ilbl56BooNjq7Ki,"Guzior, Oskar83",FALA,QueQuality,1,9,24,460037,PL,Poland,Q2,2021
13,spotify:track:4iJyoBOLtHqaGxP12qzhQI,"Justin Bieber, Daniel Caesar, GIVĒON",Peaches (feat. Daniel Caesar & Giveon),RBMG/Def Jam,10,10,3,447463,PL,Poland,Q2,2021
14,spotify:track:4yP4P2pHqtejjQ1l12J8bA,"Wiatr, Sobel, be vis",Testarossa,Sony Music Entertainment,2,13,34,425250,PL,Poland,Q2,2021
15,spotify:track:3VT8hOC5vuDXBsHrR53WFh,Masked Wolf,Astronaut In The Ocean,Elektra (NEK),12,12,8,414382,PL,Poland,Q2,2021
16,spotify:track:26N0AElCFxUuGQ7YoYs0tU,"Chivas, White 2115",Mam Na Twarzy Krew I Tym Razem Nie Jest Sztuczna,Universal Music Polska Sp. z o.o.,10,16,14,409302,PL,Poland,Q2,2021
17,spotify:track:1k66TKeE51BtgF0q2ZOCOy,"Sobel, Magiera",Alien,Universal Music Polska Sp. z o.o.,5,18,8,400463,PL,Poland,Q2,2021
18,spotify:track:25vX1mMJilMWIc5Ht6hkGj,"Maciej Musiałowski, Julia Wieniawa","Zabierz tę miłość (Storytel ""Random"")",Kayax Distribution / Storytel,7,7,3,390244,PL,Poland,Q2,2021
19,spotify:track:18vIGGupRFoboQp2DuJJAG,"Kizo, Trill Pem",Fitness,Universal Music Polska Sp. z o.o.,8,19,16,381562,PL,Poland,Q2,2021
20,spotify:track:7HvMlXXpPKj3nYClkyoxbE,"Oki, Young Igi, Otsochodzi, OIO, @atutowy",Moonwalk,Universal Music Polska Sp. z o.o.,4,21,5,378972,PL,Poland,Q2,2021
21,spotify:track:2sTuKKRZI1ciK5tflR00YE,"Mata, Wyguś, Szczepan, Adam",GOMBAO 33,SBM Label,6,46,64,376588,PL,Poland,Q2,2021
22,spotify:track:2Y1Nd54Jrgciu2HtpP5ymM,Sobel,Impreza,Universal Music Polska Sp. z o.o.,3,25,64,373783,PL,Poland,Q2,2021
23,spotify:track:1YYyfjeqq910iiPShYlAYj,"Żabson, Vladimir Cauchemar",OBOK,INTERNAZIOMALE,2,23,15,367331,PL,Poland,Q2,2021
24,spotify:track:1oXFV3zeWXf8Hh0hAzlxTc,"PRO8L3M, Paluch, Luxon",A2,2020,24,27,2,366922,PL,Poland,Q2,2021
25,spotify:track:0vPVqOKo8LWVganQgBZS5y,Mata,Schodki,SBM Label,4,44,81,365069,PL,Poland,Q2,2021
26,spotify:track:7lPN2DXiMsVn7XUKtOW1CS,Olivia Rodrigo,drivers license,Olivia Rodrigo PS,1,17,13,362853,PL,Poland,Q2,2021
27,spotify:track:4a3fip00VzmP4cEr6exdvv,"Janusz Walczuk, Pedro",Janusz Walczuk,SBM Label,18,20,4,359891,PL,Poland,Q2,2021
28,spotify:track:5QO79kh1waicV47BqGRL3g,The Weeknd,Save Your Tears,Republic Records,6,14,14,348877,PL,Poland,Q2,2021
29,spotify:track:2qX1iJIRJDlVsBQbQkz6L0,"ReTo, Kubi Producent",Billy Kid,spacerange,1,30,39,344419,PL,Poland,Q2,2021
30,spotify:track:3qivRyvKMWAznXNQZqEhsm,"Hodak, 2K, Deemz",Oh No!,Universal Music Polska Sp. z o.o.,28,32,4,342878,PL,Poland,Q2,2021
31,spotify:track:2wMo0pUpFklPf5x47ZUR8I,"Alberto, OLEK",Dwutakt,GM2L,8,33,26,340480,PL,Poland,Q2,2021
32,spotify:track:79PexJOYIrfKZhwV6J3pUG,"Sobel, Magiera",Kinol,Universal Music Polska Sp. z o.o.,7,39,15,333087,PL,Poland,Q2,2021
33,spotify:track:7eBYMVok43QesT0KnuIkjn,"Quebonafide, Duit, Daria Zawiałow",BUBBLETEA,QueQuality,1,31,54,322057,PL,Poland,Q2,2021
34,spotify:track:6GbhNUh4u0d5RDu5jtMdyH,"PRO8L3M, CatchUp, Pezet",NASCAR,2020,34,38,2,320369,PL,Poland,Q2,2021
35,spotify:track:6f3Slt0GbA2bPZlz0aIFXN,Tiësto,The Business,Atlantic Records,7,24,21,319457,PL,Poland,Q2,2021
36,spotify:track:0fYlYYQalXtBCZw0IkKF3j,PRO8L3M,Fight Club,2020,11,11,3,315851,PL,Poland,Q2,2021
37,spotify:track:78L2RUFISfqkmZMTCLYQJC,"Mata, Ezra Williams, Sarcastic Sounds",100 dni do matury,SBM Label,1,74,64,313830,PL,Poland,Q2,2021
38,spotify:track:62pq3YoAVXxbHCrrG9kse4,Żabson,Trapczan,INTERNAZIOMALE,38,48,5,310329,PL,Poland,Q2,2021
39,spotify:track:1IP0wkv3Hj7cPE159G9c2O,"PRO8L3M, Brodka",Zar,2020,10,22,13,307197,PL,Poland,Q2,2021
40,spotify:track:2kYgryHD0pSjhorV2DOdxc,"Białas, Mata, Lanek",Drift,SBM Label,5,69,62,297380,PL,Poland,Q2,2021
41,spotify:track:6M399qo2yoIDnoOOQMbaZR,"sanah, Maro Music, Skytech",Invisible Dress - Maro Music x Skytech Remix - Short Edit,Raison,22,34,12,291754,PL,Poland,Q2,2021
42,spotify:track:0VjIjW4GlUZAMYd2vXMi3b,The Weeknd,Blinding Lights,Republic Records,1,35,71,289567,PL,Poland,Q2,2021
43,spotify:track:2uR9nWZDvjjmQm5CTrqA1Y,"Oki, Young Igi, Otsochodzi, OIO, @atutowy",WMTB,Universal Music Polska Sp. z o.o.,8,37,3,283240,PL,Poland,Q2,2021
44,spotify:track:3ZjytV5BojgvkPnXdY5zV2,Mata,Patointeligencja,SBM Label,1,98,70,282957,PL,Poland,Q2,2021
45,spotify:track:1NKUIcXPJE9LSQLzTo38Kg,"Bedoes 2115, Lanek",TOA$T /,SBM Label,1,40,14,281124,PL,Poland,Q2,2021
46,spotify:track:7jP1BjqK9Qkbmk4rq3Vjdy,"Kabe, Opiat",Nad ranem,QueQuality,5,45,23,273635,PL,Poland,Q2,2021
47,spotify:track:5vteuuQ7C2pAqPF8Bnx5Nr,"Oki, Young Igi, Otsochodzi, OIO, Michał Anioł",Przypadkiem,Universal Music Polska Sp. z o.o.,47,-1,1,271610,PL,Poland,Q2,2021
48,spotify:track:0xwpK0H2aL5YxREvcNw4Pe,sanah,Szampan,Universal Music Polska Sp. z o.o. (Magic Records),1,42,65,271281,PL,Poland,Q2,2021
49,spotify:track:5MbYQqYwRscQ2pptWysA9a,"PRO8L3M, Kukon, The Returners, PIH",Ziemia obiecana,2020,41,41,2,269215,PL,Poland,Q2,2021
50,spotify:track:4xksreNndYyr2ohEAzr7r0,"Bedoes 2115, Lanek",City Boy :*,SBM Label,20,56,12,263450,PL,Poland,Q2,2021
1,spotify:track:5hfJcAXpOVb65HtYqgtoE4,"Mata, Pedro, francis",Kiss cam (podryw roku),SBM Label,1,1,3,2824343,PL,Poland,Q3,2021
2,spotify:track:2fLClepW4DP6WrwTbAuDOn,"Kizo, Sergiusz, Leśny",Disney,spacerange,2,2,3,1680543,PL,Poland,Q3,2021
3,spotify:track:64F1Z2LAsf04V346A75hi1,"Męskie Granie Orkiestra, Daria Zawiałow, Dawid Podsiadło, Vito Bambino","I Ciebie też, bardzo (feat. Daria Zawiałow, Dawid Podsiadło & Vito Bambino)",Sony Music Entertainment,3,86,2,1362419,PL,Poland,Q3,2021
4,spotify:track:4pt5fDVTg5GhEvEtlz9dKk,Måneskin,I WANNA BE YOUR SLAVE,RCA Records Label,2,3,7,1194578,PL,Poland,Q3,2021
5,spotify:track:4SCKjcOBEHYu7EKKOdQBXJ,"Sobel, PSR",Bandyta,Universal Music Polska Sp. z o.o.,2,5,15,1052950,PL,Poland,Q3,2021
6,spotify:track:5bQFAKQF1mhcPPThw97kjw,"Sobel, Piotrek Lewandowski",Fiołkowe Pole,Universal Music Polska Sp. z o.o.,1,4,13,1044305,PL,Poland,Q3,2021
7,spotify:track:2gCY88kKDnhR2gQ8p1SJ1Z,sanah,etc. (na disco),Magic Records,7,7,10,904162,PL,Poland,Q3,2021
8,spotify:track:1WwbHNsRQFYVUTYGAyw2V3,"Ekipa, Jacuś",Zygzak,EKIPA/DONPRO,1,6,6,885005,PL,Poland,Q3,2021
9,spotify:track:6N975YOMIqDFlU6gr0KpU2,White 2115,Booker (baw się),SBM Label,9,21,2,875734,PL,Poland,Q3,2021
10,spotify:track:4TFKJpEEwdRCYkNoANmuqt,"Oki, Young Igi, Otsochodzi, OIO, Kubi Producent",Amerykańskie Teledyski,2020,3,8,10,837233,PL,Poland,Q3,2021
11,spotify:track:6tFUO9fvH7dLQFXGAXrVdn,"Kizo, Wac Toja, BeMelo",Nasze lato,spacerange,5,11,11,800573,PL,Poland,Q3,2021
12,spotify:track:3Wrjm47oTz2sjIgck11l5e,Måneskin,Beggin',RCA Records Label,9,9,6,797508,PL,Poland,Q3,2021
13,spotify:track:7g05XsuwROZFkUDNyktZdm,"Żabson, Kizo, Vladimir Cauchemar, ZetHa",Puerto Bounce,INTERNAZIOMALE,9,14,6,764916,PL,Poland,Q3,2021
14,spotify:track:5RYqeL42n0Ta7OvSuc36ZJ,"Mata, Trooh Hippi",Patoreakcja,SBM Label,1,10,15,728411,PL,Poland,Q3,2021
15,spotify:track:6ClWZ12bBTGXAUjSkvGZdj,"Oki, Young Igi, Otsochodzi, OIO",Worki W Tłum,2020,2,12,11,673675,PL,Poland,Q3,2021
16,spotify:track:6lfg5PabZsH0WAMzllXWLK,sanah,ten Stan,Magic Records,5,16,9,636070,PL,Poland,Q3,2021
17,spotify:track:776AftMmFFAWUIEAb3lHhw,Måneskin,ZITTI E BUONI,RCA Records Label,6,13,7,630937,PL,Poland,Q3,2021
18,spotify:track:5YLUFXAhH8ONdcyxvEvnkT,ReTo,Bourbon,spacerange,18,-1,1,619709,PL,Poland,Q3,2021
19,spotify:track:0IiNfOoR2hkB0FznzscP5T,"sanah, Vito Bambino",Ale jazz!,Magic Records,1,19,25,611495,PL,Poland,Q3,2021
20,spotify:track:6PQ88X9TkUIAUIZJHW2upE,Ed Sheeran,Bad Habits,Atlantic Records UK,20,20,2,598653,PL,Poland,Q3,2021
21,spotify:track:317BKia1vQ2fQza3QOSYl0,"Ekipa, Roxie",Napad Na Bank,EKIPA/DONPRO,15,15,2,565647,PL,Poland,Q3,2021
22,spotify:track:3RF2igIVJSCr19izf01C8h,"Oki, Young Igi, Otsochodzi, OIO, Michał Anioł",Przypadkiem,2020,4,17,14,555993,PL,Poland,Q3,2021
23,spotify:track:4ZtFanR9U6ndgddUvNcjcG,Olivia Rodrigo,good 4 u,Olivia Rodrigo PS,9,18,8,550304,PL,Poland,Q3,2021
24,spotify:track:5svu5mLA4U2kdxPj1tLJ2I,"Chivas, White 2115",Mam Na Twarzy Krew I Tym Razem Nie Jest Sztuczna,GUGU,10,23,27,526544,PL,Poland,Q3,2021
25,spotify:track:3zTqGuGyxdkNeHUdgj9Din,"Białas, White 2115",Święto ogródka,SBM Label,7,27,9,521075,PL,Poland,Q3,2021
26,spotify:track:6ALzx0Gppfh8B9mTMoF0BV,"Sobel, Magiera",Kinol,Universal Music Polska Sp. z o.o.,7,24,28,520439,PL,Poland,Q3,2021
27,spotify:track:4cG7HUWYHBV6R6tHn1gxrl,"Riton, Nightcrawlers, Mufasa & Hypeman, Mufasa, Dopamine",Friday (feat. Mufasa & Hypeman) - Dopamine Re-Edit,Ministry of Sound Recordings,5,22,20,519054,PL,Poland,Q3,2021
28,spotify:track:0X3TiaSGJxudhcBu87Ug4z,"Wiatr, Sobel, be vis",Testarossa,Sony Music Entertainment,2,26,47,510379,PL,Poland,Q3,2021
29,spotify:track:24Gw6xOLcc028XPZJBQeEr,Zdechły Osa,Patolove,WM Poland/WMI,29,51,3,469526,PL,Poland,Q3,2021
30,spotify:track:2Y1Nd54Jrgciu2HtpP5ymM,Sobel,Impreza,Universal Music Polska Sp. z o.o.,3,28,77,462738,PL,Poland,Q3,2021
31,spotify:track:27gknDBOqYJmOFYyaOBAfa,"Guzior, Favst",BLUEBERRY,QueQuality,1,30,33,449454,PL,Poland,Q3,2021
32,spotify:track:0vPVqOKo8LWVganQgBZS5y,Mata,Schodki,SBM Label,4,29,94,432711,PL,Poland,Q3,2021
33,spotify:track:4s0LlMTMlsd6OrrcWJeKMI,sanah,2:00,Magic Records,4,34,15,427285,PL,Poland,Q3,2021
34,spotify:track:4XZxxP6ilbl56BooNjq7Ki,"Guzior, Oskar83",FALA,QueQuality,1,32,37,424834,PL,Poland,Q3,2021
35,spotify:track:5nujrmhLynf4yMoMtj8AQF,"Dua Lipa, DaBaby",Levitating (feat. DaBaby),Warner Records,21,35,35,424478,PL,Poland,Q3,2021
36,spotify:track:67BtfxlNbhBmCDR2L2l8qd,Lil Nas X,MONTERO (Call Me By Your Name),Columbia,6,36,15,419449,PL,Poland,Q3,2021
37,spotify:track:2nFaT0t36H6UX3wN3Vxvjm,White 2115,California,SBM Label,6,37,159,405973,PL,Poland,Q3,2021
38,spotify:track:18vIGGupRFoboQp2DuJJAG,"Kizo, Trill Pem",Fitness,Universal Music Polska Sp. z o.o.,8,44,29,396334,PL,Poland,Q3,2021
39,spotify:track:4obnT7iTKdBDaG07Y7r6nq,"Sobel, Young Igi, PSR",Nie Teraz,Universal Music Polska Sp. z o.o.,9,39,12,375659,PL,Poland,Q3,2021
40,spotify:track:5HD2G9oEvsL8JGxBU0PZul,"Chivas, White 2115, Szpaku",Hellcat Redeye,GUGU,21,38,7,371024,PL,Poland,Q3,2021
41,spotify:track:28rASnN07Gun1cXpOsbCHo,Dawid Kwiatkowski,Bez Ciebie,DB4 Management/WM Poland/WMI,38,45,20,364914,PL,Poland,Q3,2021
42,spotify:track:3mCr3EZ4QNgTEFdkNTNSLr,"Sobel, Magiera",Alien,Universal Music Polska Sp. z o.o.,5,41,21,364204,PL,Poland,Q3,2021
43,spotify:track:7t6gTBdcXvmkaNX2uqvBxq,"Paluch, PSR",Każdy blok,Łukasz Paluszak Biuro Ochrony Rapu,22,49,5,360107,PL,Poland,Q3,2021
44,spotify:track:6ji7toELiyMNtxJeMsDLe3,"Ekipa, Janusz Walczuk",Szlafroki - Deluxe,EKIPA/DONPRO,31,31,2,351757,PL,Poland,Q3,2021
45,spotify:track:0tvy0ZLlvPXKTJMvDK0wjx,"Oki, Young Igi, Otsochodzi, OIO, Phunk'ill, CatchUp, Sem0r",MVP,2020,14,40,9,349043,PL,Poland,Q3,2021
46,spotify:track:0V3vDfdJmTYjLkR3va0UQu,Ekipa,Sen,EKIPA/DONPRO,33,33,2,348917,PL,Poland,Q3,2021
47,spotify:track:0BGwAKW4u8kWOhWFflZxfl,Masked Wolf,Astronaut In The Ocean,Elektra (NEK),12,46,21,344493,PL,Poland,Q3,2021
48,spotify:track:1KQnW2vrpepMQG9Keo8vbY,"White 2115, Mata",Oh oh (lalala),SBM Label,8,47,45,343884,PL,Poland,Q3,2021
49,spotify:track:4FFzaJPLTbkzITiNrP2a1Q,"Pusher, Oska030, Oil Beatz, @atutowy",Baba Hassan,PUSHER x OSKA030,42,50,19,341018,PL,Poland,Q3,2021
50,spotify:track:63yqAyFIlZTKz91NVzR4ro,Ekipa,Chill,EKIPA/DONPRO,4,25,10,325774,PL,Poland,Q3,2021
1,spotify:track:1BwnO14BpmoRjGt2lla75r,Mata,Szmata,SBM Label,1,1,2,3629006,PL,Poland,Q4,2021
2,spotify:track:3QrkrDpopE53v2TMgnwaR9,"Mata, Quebonafide, Malik Montana",Papuga,SBM Label,1,2,6,2086561,PL,Poland,Q4,2021
3,spotify:track:4Ca4yzwIFgYJxupDhcXLka,"Mata, Taco Hemingway, Kubi Producent",Kurtz,SBM Label,3,-1,1,1807652,PL,Poland,Q4,2021
4,spotify:track:6eIVuPSZ7D8Q1uaZc8cQnz,"Mata, Pedro, francis",Kiss cam (podryw roku),SBM Label,1,3,16,1611806,PL,Poland,Q4,2021
5,spotify:track:09rv2xotIve5jMa8ZqRQve,"Mata, GOMBAO 33, Sir Mich",Blok,SBM Label,5,-1,1,1517939,PL,Poland,Q4,2021
6,spotify:track:4x37DDVZ6L5MRaWpwFHzWz,SKUTE BOBO,SKUTE BOBO,SBM Label,6,15,7,1396840,PL,Poland,Q4,2021
7,spotify:track:6lHwA7R2CNHSOFJXiSZprk,"Mata, White 2115, Maurycy Żółtański",La La La (Oh Oh),SBM Label,2,14,13,1302370,PL,Poland,Q4,2021
8,spotify:track:2IwpIyyFlNYhwLW5ZeHxNe,"Mata, Popek, Pedro, młody klakson",Nasza klasa ale to DRILL,SBM Label,8,-1,1,1273376,PL,Poland,Q4,2021
9,spotify:track:1NF8ykbDKG5jjX2lngFr8I,"Mata, Maurycy Żółtański",2001,SBM Label,9,-1,1,1220597,PL,Poland,Q4,2021
10,spotify:track:5sGv8YdAa3XjggnbpF9NC9,"Mata, Trooh Hippi",Szafir,SBM Label,10,-1,1,1199538,PL,Poland,Q4,2021
11,spotify:track:369UJeRvrV88tPihhNIWlF,Mata,IKEA (intro),SBM Label,11,-1,1,1178255,PL,Poland,Q4,2021
12,spotify:track:2fLClepW4DP6WrwTbAuDOn,"Kizo, Sergiusz, Leśny",Disney,spacerange,2,4,16,1167206,PL,Poland,Q4,2021
13,spotify:track:0O4OIQKow8DloWa7UzIgyd,"Smolasty, francis, Pedro, Tribbs",Duże Oczy,WM Poland/WMI,4,5,9,1153621,PL,Poland,Q4,2021
14,spotify:track:6h15XoaiqaAxzxZa30YVOo,"Mata, Trooh Hippi",Patoreakcja,SBM Label,1,35,28,1033137,PL,Poland,Q4,2021
15,spotify:track:2Ei5fjJrwugA91fSaXsfA8,"Mata, Pedro",Faka,SBM Label,15,-1,1,1024946,PL,Poland,Q4,2021
16,spotify:track:0rQDol2Ko2DHzFzLeqH0uz,"Young Leosia, Żabson",Jungle Girl,INTERNAZIOMALE,1,6,9,1001946,PL,Poland,Q4,2021
17,spotify:track:2w8C31hIPvJMPD4MDdNTro,"Mata, Pedro, Maurycy Żółtański",67-410,SBM Label,17,-1,1,947483,PL,Poland,Q4,2021
18,spotify:track:2Y6sYRN1zHuC4RE7ftNWYt,Young Leosia,Baila Ella,INTERNAZIOMALE,13,13,2,944200,PL,Poland,Q4,2021
19,spotify:track:6Liuuc7uvWjJkhbYTAHx5t,"Diho, Alberto, Bibič, Josef Bratan",Szyby,Diho,2,7,6,941291,PL,Poland,Q4,2021
20,spotify:track:64F1Z2LAsf04V346A75hi1,"Męskie Granie Orkiestra, Daria Zawiałow, Dawid Podsiadło, Vito Bambino","I Ciebie też, bardzo (feat. Daria Zawiałow, Dawid Podsiadło & Vito Bambino)",Sony Music Entertainment,3,8,15,931022,PL,Poland,Q4,2021
21,spotify:track:5IU8x0JVDXxVSX5IJ9YbEH,"Mata, GOMBAO 33, Deemz",Młody Bachor (outro),SBM Label,21,-1,1,842315,PL,Poland,Q4,2021
22,spotify:track:3hnutz0QWeWbvGS1hdowla,"Alberto, Josef Bratan",Z BRATEM ZARABIAM PAPIER,GM2L,6,9,6,829290,PL,Poland,Q4,2021
23,spotify:track:3EqxetFYR8Z9YFZ2yl4cXD,"Magiera, Sobel",Drobna zabawa,Sony Music Entertainment,9,10,9,823608,PL,Poland,Q4,2021
24,spotify:track:6FejloHojCZDBE911vH4z0,"Mata, Pedro, francis","15,2 (FREESTYLE)",SBM Label,24,-1,1,818870,PL,Poland,Q4,2021
25,spotify:track:3Mp6HobnoQEyjvCGSVQUay,"Mata, Sir Mich",Blok (skit),SBM Label,25,-1,1,734376,PL,Poland,Q4,2021
26,spotify:track:6lfg5PabZsH0WAMzllXWLK,sanah,ten Stan,Magic Records,5,17,22,726374,PL,Poland,Q4,2021
27,spotify:track:4tGTwV7iuUD9Kp9nvL5Uqv,"Kizo, Oki",Pogo,spacerange,9,22,7,719950,PL,Poland,Q4,2021
28,spotify:track:5PjdY0CKGZdEuoNab3yDmX,"The Kid LAROI, Justin Bieber",STAY (with Justin Bieber),Columbia,9,18,13,681206,PL,Poland,Q4,2021
29,spotify:track:2gCY88kKDnhR2gQ8p1SJ1Z,sanah,etc. (na disco),Magic Records,6,19,23,657558,PL,Poland,Q4,2021
30,spotify:track:7A0BvbXNwKcKvn1zrFeiVO,Oliwka Brazil,Big Mommy,WM Poland/WMI,16,16,3,646657,PL,Poland,Q4,2021
31,spotify:track:0ik8ogBO3JPpWZiBCIlHEr,White 2115,Broly,SBM Label,6,11,4,638102,PL,Poland,Q4,2021
32,spotify:track:24Gw6xOLcc028XPZJBQeEr,Zdechły Osa,Patolove,WM Poland/WMI,12,24,16,630148,PL,Poland,Q4,2021
33,spotify:track:3OindX9YgXhV9kUqO8H4WS,"Malik Montana, Dosseh",Click Clack Bang,Epic/Malik Montana,33,-1,1,629025,PL,Poland,Q4,2021
34,spotify:track:7g05XsuwROZFkUDNyktZdm,"Żabson, Kizo, Vladimir Cauchemar, ZetHa",Puerto Bounce,INTERNAZIOMALE,5,21,19,621084,PL,Poland,Q4,2021
35,spotify:track:77D8ROc0lMXtforsXK7Lou,sanah,Oczy,Magic Records,18,23,18,620195,PL,Poland,Q4,2021
36,spotify:track:4ykvjxFpao25h7QOPkRzFW,ReTo,Blask,spacerange,36,-1,1,565644,PL,Poland,Q4,2021
37,spotify:track:6PQ88X9TkUIAUIZJHW2upE,Ed Sheeran,Bad Habits,Atlantic Records UK,10,27,15,557273,PL,Poland,Q4,2021
38,spotify:track:17WFj5Mbg9gP2NdmYgkCpd,"Young Leosia, Oliwka Brazil",Stonerki,INTERNAZIOMALE,12,12,2,545859,PL,Poland,Q4,2021
39,spotify:track:5jFlj0Gzkk7mxdi8e4IlXx,Young Leosia,Szklanki,INTERNAZIOMALE,1,26,36,541448,PL,Poland,Q4,2021
40,spotify:track:4Q5tf4EFmf3DjObv8a8YvF,"Kabe, Opiat, Danzel",Cały hajs,QueQuality,40,-1,1,520379,PL,Poland,Q4,2021
41,spotify:track:4pt5fDVTg5GhEvEtlz9dKk,Måneskin,I WANNA BE YOUR SLAVE,RCA Records Label,2,29,20,517139,PL,Poland,Q4,2021
42,spotify:track:18jMcemzVVcq46yu67K3Dq,"ReTo, PSR",Jeździec,spacerange,19,30,3,510757,PL,Poland,Q4,2021
43,spotify:track:59x6oq3mHjNYkj0y9WJVBI,Jacuś,Queen,Jacuś,18,28,11,505103,PL,Poland,Q4,2021
44,spotify:track:4JpZXMkLCZqpaF4dkm08QT,"Kizo, Pusher",OXA,spacerange,20,20,2,496505,PL,Poland,Q4,2021
45,spotify:track:02MWAaffLxlfxAUY7c5dvx,Glass Animals,Heat Waves,Polydor Records,31,38,34,494546,PL,Poland,Q4,2021
46,spotify:track:7ruTr9Oc6YbKgMfb1Po53a,"Deemz, Sobel, Oki",Rutyna,Universal Music Polska Sp. z o.o.,12,25,5,493233,PL,Poland,Q4,2021
47,spotify:track:4SCKjcOBEHYu7EKKOdQBXJ,"Sobel, PSR",Bandyta,Universal Music Polska Sp. z o.o.,2,32,28,490711,PL,Poland,Q4,2021
48,spotify:track:5bQFAKQF1mhcPPThw97kjw,"Sobel, Piotrek Lewandowski",Fiołkowe Pole,Universal Music Polska Sp. z o.o.,1,37,26,470771,PL,Poland,Q4,2021
49,spotify:track:5Z9KJZvQzH6PFmb8SNkxuk,"Lil Nas X, Jack Harlow",INDUSTRY BABY (feat. Jack Harlow),Columbia,22,33,11,466816,PL,Poland,Q4,2021
50,spotify:track:1dJsl5X7etmjyNBeBL7iu7,Dawid Kwiatkowski,Proste,DB4 Management/WM Poland/WMI,26,36,12,461972,PL,Poland,Q4,2021
1,spotify:track:32z2QHVJTOPzzczl4MjmHo,Newkid,Du måste finnas,Sony Music Local,1,1,5,963184,SE,Sweden,Q1,2021
2,spotify:track:5IONrCRMaQomlgoKpIoI8O,"Miriam Bryant, Yasin",Ge upp igen,WM Sweden,1,3,8,905777,SE,Sweden,Q1,2021
3,spotify:track:1KaddVS6HXYrvt6ETZtRQ8,Newkid,Starkare,Sony Music Local,2,2,7,852489,SE,Sweden,Q1,2021
4,spotify:track:4SS4YfDAEQG0fZAe1xfgn3,Victor Leksell,Svag,Columbia,1,4,51,788535,SE,Sweden,Q1,2021
5,spotify:track:27OeeYzk6klgBh83TSvGMA,The Kid LAROI,WITHOUT YOU,Columbia,5,6,5,741701,SE,Sweden,Q1,2021
6,spotify:track:31qCy5ZaophVA81wtlwLc4,Justin Bieber,Anyone,RBMG/Def Jam,6,-1,1,589132,SE,Sweden,Q1,2021
7,spotify:track:4SLYrBfzgbLmiEdoKajyHL,Thomas Stenström,Ser du månen där du är ikväll? (Tillsammans igen),Korpstaden Produktion,3,5,5,561366,SE,Sweden,Q1,2021
8,spotify:track:0VjIjW4GlUZAMYd2vXMi3b,The Weeknd,Blinding Lights,Republic Records,1,7,58,546826,SE,Sweden,Q1,2021
9,spotify:track:3tjFYV6RSFtuktYl3ZtYcq,"24kGoldn, iann dior",Mood (feat. iann dior),Records/Columbia,1,8,21,525491,SE,Sweden,Q1,2021
10,spotify:track:6cx06DFPPHchuUAcTxznu9,"Joel Corry, MNEK",Head & Heart (feat. MNEK),Atlantic Records UK,4,9,27,515698,SE,Sweden,Q1,2021
11,spotify:track:247LJ2oARxtQuFAlbPIx79,"Molly Sandén, Newkid",Jag mår bra nu (feat. Newkid),Milkshake,4,11,18,479743,SE,Sweden,Q1,2021
12,spotify:track:0E4Y1XIbs8GrAT1YqVy6dq,Ed Sheeran,Afterglow,Atlantic Records UK,12,12,2,458740,SE,Sweden,Q1,2021
13,spotify:track:704iA6CyFdeP24JvGFxsRs,"Carola, Zara Larsson",Säg Mig Var Du Står,Record Company TEN,2,14,19,451882,SE,Sweden,Q1,2021
14,spotify:track:2YjWAJEES4VMcwoOWvqk08,Myra Granberg,HKF (Håll käften & försvinn),Columbia,14,15,12,425920,SE,Sweden,Q1,2021
15,spotify:track:5vGLcdRuSbUhD8ScwsGSdA,CJ,Whoopty,CJ Music Group/T-Series,15,20,13,424563,SE,Sweden,Q1,2021
16,spotify:track:29nwG4y9NFmN76yfUfc01d,Miss Li,Komplicerad,Pistol Packin' Music,3,13,45,419053,SE,Sweden,Q1,2021
17,spotify:track:0LQF85Yt5Q4msjImIMshbL,Yasin,Talk 2 Me,BRKN REC,10,17,5,416474,SE,Sweden,Q1,2021
18,spotify:track:6f3Slt0GbA2bPZlz0aIFXN,Tiësto,The Business,Atlantic Records,18,21,15,410976,SE,Sweden,Q1,2021
19,spotify:track:45bE4HXI0AwGZXfZtMp8JR,Tate McRae,you broke me first,RCA Records Label,7,19,28,398208,SE,Sweden,Q1,2021
20,spotify:track:14eKSIRO006SRXYpfoY8HK,Darin,En säng av rosor,Universal Music AB Distributed Labels,7,16,48,397332,SE,Sweden,Q1,2021
21,spotify:track:5QyyYa6v0HHyiHuyrIH3bi,JB,Pistol Whip,BRKN,10,10,3,390861,SE,Sweden,Q1,2021
22,spotify:track:2AfIH7lNuwcbKBBfZH3ks5,Babblarna,Babblarnas vaggvisa,Universal Music AB Distributed Labels,22,26,106,381717,SE,Sweden,Q1,2021
23,spotify:track:20McUFi8KCIVdNDLrkTDuZ,HVME,Goosebumps,Columbia/B1 Recordings,23,25,20,362859,SE,Sweden,Q1,2021
24,spotify:track:7hxHWCCAIIxFLCzvDgnQHX,"Internet Money, Gunna, Don Toliver, NAV",Lemonade (feat. NAV),Internet Money Records / TenThousand Projects,3,27,21,347531,SE,Sweden,Q1,2021
25,spotify:track:5Gltinn48NXDSsIwCuIRmK,"Albatraoz, Kåren",Raggarbil,House of Albatraoz,25,31,5,337697,SE,Sweden,Q1,2021
26,spotify:track:5WBaMuA6gMy90SZXyS4Yz0,Hov1,När jag ser dig,Universal Music AB,2,49,15,322261,SE,Sweden,Q1,2021
27,spotify:track:7iLzSAzJqoksFm7fErnHnS,Benjamin Ingrosso,Judy min vän,Record Company TEN,7,29,7,317475,SE,Sweden,Q1,2021
28,spotify:track:2YLwBWEAGltK5r0XBp1G7k,Newkid,Mitt hjärta bara sviker mig,Sony Music Local,18,18,4,315669,SE,Sweden,Q1,2021
29,spotify:track:5ri4zqtWhG07hIuNNDWP76,Tones And I,Fly Away,Elektra (NEK),29,37,8,314312,SE,Sweden,Q1,2021
30,spotify:track:4CnQqdd5qOv3THNqkjjsf7,Ant Wan,Bars,Ant Wan,21,32,4,301673,SE,Sweden,Q1,2021
31,spotify:track:6HJasLoTKvxglAMQH8nPcD,Miss Li,Lev nu dö sen,Pistol Packin' Music,1,23,64,300244,SE,Sweden,Q1,2021
32,spotify:track:7x5A8tRuDcw9qoRQ7W0OA3,"HAVAL, Manny Flaco",HAYATI,Haval,31,48,6,291607,SE,Sweden,Q1,2021
33,spotify:track:1tkg4EHVoqnhR6iFEXb60y,Pop Smoke,What You Know Bout Love,Victor Victor Worldwide,6,39,19,289516,SE,Sweden,Q1,2021
34,spotify:track:0xfpnnU2xGRDfaAXLqe6Je,Tove Styrke,Bara du och jag,Milkshake,28,28,6,287983,SE,Sweden,Q1,2021
35,spotify:track:1rgnBhdG2JDFTbYkYRZAku,Tones And I,Dance Monkey,Elektra (NEK),1,43,82,282554,SE,Sweden,Q1,2021
36,spotify:track:05HKKlHqE1HJ1oIqXpJ7yI,Newkid,Kanske var vi rätt bra ändå,Columbia,5,33,37,279343,SE,Sweden,Q1,2021
37,spotify:track:3qgPpwtuRu5oP8EtFSj8HE,The Kid LAROI,SO DONE,Columbia,37,54,11,279097,SE,Sweden,Q1,2021
38,spotify:track:1xQ6trAsedVPCdbtDAmk0c,"Jawsh 685, Jason Derulo",Savage Love (Laxed - Siren Beat),Columbia,1,30,30,275753,SE,Sweden,Q1,2021
39,spotify:track:35mvY5S1H3J2QZyna3TFe0,Ariana Grande,positions,Republic Records,11,45,11,273731,SE,Sweden,Q1,2021
40,spotify:track:4gmkulE2YsAwcvKjXjJlH7,Laleh,Det Kommer Bli Bra,Universal Music AB Distributed Labels,15,46,38,271591,SE,Sweden,Q1,2021
41,spotify:track:3qXk3WyASI5y4lcmffzMBY,Newkid,Vill vi samma sak,Sony Music Local,24,24,3,269700,SE,Sweden,Q1,2021
42,spotify:track:1wivNQohIUv614sujbBJ6V,Benjamin Ingrosso,Långsamt farväl,Record Company TEN,1,42,11,268024,SE,Sweden,Q1,2021
43,spotify:track:1Ci5HADivPCNRoNEitJEqi,Agnes,Fingers Crossed,Universal Music AB,43,44,19,262862,SE,Sweden,Q1,2021
44,spotify:track:54bFM56PmE4YLRnqpW6Tha,Billie Eilish,Therefore I Am,Darkroom/Interscope Records,3,50,8,262365,SE,Sweden,Q1,2021
45,spotify:track:55Am8neGJkdj2ADaM3aw5H,James Arthur,Train Wreck,Columbia,21,53,15,259350,SE,Sweden,Q1,2021
46,spotify:track:4r3MaUVtwfSPXTsN5xX91i,Victor Leksell,Bedövning,Columbia,3,47,30,255527,SE,Sweden,Q1,2021
47,spotify:track:1HbA4N1MiOsPthALesGFR1,"Shawn Mendes, Justin Bieber",Monster (Shawn Mendes & Justin Bieber),Shawn Mendes LP4-5 PS/ Island,10,52,7,251870,SE,Sweden,Q1,2021
48,spotify:track:3ySRhREV5ceozxdk0lPqIe,Dree Low,PIPPI,Top Class Music,1,51,71,249903,SE,Sweden,Q1,2021
49,spotify:track:1fx5GVC6CqeEJCEpYKmrce,Ana Diaz,100,WINWIN Recordings,14,61,12,247415,SE,Sweden,Q1,2021
50,spotify:track:7qEHsqek33rTcFNT9PFqLf,Lewis Capaldi,Someone You Loved,Vertigo Berlin,7,60,112,246959,SE,Sweden,Q1,2021
1,spotify:track:4tGPi30jgutml0z5QgNd8Q,"Hov1, Einár",Gamora,Universal Music AB,1,1,5,1637572,SE,Sweden,Q2,2021
2,spotify:track:4dxeRrYgeAQ1F0uH9g04lN,"Miriam Bryant, Victor Leksell",tystnar i luren,WM Sweden,1,2,8,1166473,SE,Sweden,Q2,2021
3,spotify:track:4iJyoBOLtHqaGxP12qzhQI,"Justin Bieber, Daniel Caesar, GIVĒON",Peaches (feat. Daniel Caesar & Giveon),RBMG/Def Jam,3,4,3,1091031,SE,Sweden,Q2,2021
4,spotify:track:5zxZ7M4RgWZUHlMEwac8vt,Tusse,Voices,Universal Music AB,1,3,6,1035181,SE,Sweden,Q2,2021
5,spotify:track:3BZEcbdtXQSo7OrvKRJ6mb,Lil Nas X,MONTERO (Call Me By Your Name),Columbia,5,31,2,823024,SE,Sweden,Q2,2021
6,spotify:track:0r6uP3bakGB2SlfA5JEotS,Dree Low,Mimosa,Universal Music AB Distributed Labels,5,5,3,759856,SE,Sweden,Q2,2021
7,spotify:track:09ZI6ytqLZe1sRXLKPKZNe,Hov1,Barn av vår tid,Universal Music AB,1,6,12,739841,SE,Sweden,Q2,2021
8,spotify:track:5lsvS3ENLMRBNuDG4fn9Ki,Molly Sandén,Nån annan nu,Milkshake,7,7,2,672333,SE,Sweden,Q2,2021
9,spotify:track:2MlOUXmcofMackX3bxfSwi,"Master KG, Nomcebo Zikode",Jerusalema (feat. Nomcebo Zikode),Elektra France,5,9,20,657634,SE,Sweden,Q2,2021
10,spotify:track:4SS4YfDAEQG0fZAe1xfgn3,Victor Leksell,Svag,Columbia,1,10,64,651317,SE,Sweden,Q2,2021
11,spotify:track:32z2QHVJTOPzzczl4MjmHo,Newkid,Du måste finnas,Sony Music Local,1,11,18,639931,SE,Sweden,Q2,2021
12,spotify:track:61YmcO62hGjw1RlDHZ0XEg,Clara Klingenström,Behöver inte dig idag,WM Sweden,4,8,6,636419,SE,Sweden,Q2,2021
13,spotify:track:0GJbfGoCNAE0SafM9LW0nF,"Benjamin Ingrosso, Cherrie",VHS - Spotify Studio It's Hits Recording,Record Company TEN,13,13,3,571757,SE,Sweden,Q2,2021
14,spotify:track:5QO79kh1waicV47BqGRL3g,The Weeknd,Save Your Tears,Republic Records,6,14,19,562175,SE,Sweden,Q2,2021
15,spotify:track:3iw6V4LH7yPj1ESORX9RIN,"Nathan Evans, 220 KID",Wellerman - Sea Shanty / 220 KID x Billen Ted Remix,Polydor Records,15,17,10,522118,SE,Sweden,Q2,2021
16,spotify:track:7t3VznmzfrDXFyexb2wA0q,Eric Saade,Every Minute,WM Sweden,4,12,6,520389,SE,Sweden,Q2,2021
17,spotify:track:1KaddVS6HXYrvt6ETZtRQ8,Newkid,Starkare,Sony Music Local,2,18,20,515284,SE,Sweden,Q2,2021
18,spotify:track:1nahzW3kfMuwReTka28tH5,Justin Bieber,Hold On,RBMG/Def Jam,13,15,5,503633,SE,Sweden,Q2,2021
19,spotify:track:5IONrCRMaQomlgoKpIoI8O,"Miriam Bryant, Yasin",Ge upp igen,WM Sweden,1,19,21,502847,SE,Sweden,Q2,2021
20,spotify:track:3VT8hOC5vuDXBsHrR53WFh,Masked Wolf,Astronaut In The Ocean,Elektra (NEK),20,24,11,496278,SE,Sweden,Q2,2021
21,spotify:track:7lPN2DXiMsVn7XUKtOW1CS,Olivia Rodrigo,drivers license,Olivia Rodrigo PS,1,23,13,468049,SE,Sweden,Q2,2021
22,spotify:track:6inhRGv7e8iqDEMRQuFk0W,Dotter,Little Tot,WM Sweden,6,16,6,465867,SE,Sweden,Q2,2021
23,spotify:track:27OeeYzk6klgBh83TSvGMA,The Kid LAROI,WITHOUT YOU,Columbia,5,26,18,440162,SE,Sweden,Q2,2021
24,spotify:track:1T43ASu3jRDUOtv80ebNJO,"HAVAL, Manny Flaco",GANG GANG,Haval,24,-1,1,429797,SE,Sweden,Q2,2021
25,spotify:track:2YjWAJEES4VMcwoOWvqk08,Myra Granberg,HKF (Håll käften & försvinn),Columbia,14,28,25,425963,SE,Sweden,Q2,2021
26,spotify:track:4SLYrBfzgbLmiEdoKajyHL,Thomas Stenström,Ser du månen där du är ikväll? (Tillsammans igen),Korpstaden Produktion,3,27,18,421643,SE,Sweden,Q2,2021
27,spotify:track:3R9KvtovDyPBPtBqiulmoq,Ant Wan,1942,Ant Wan,3,22,6,413086,SE,Sweden,Q2,2021
28,spotify:track:0VjIjW4GlUZAMYd2vXMi3b,The Weeknd,Blinding Lights,Republic Records,1,30,71,405979,SE,Sweden,Q2,2021
29,spotify:track:41iZhFesLQ6JLjyPxI4LLL,Danny Saucedo,Dandi dansa,Chiliboyproductions,7,21,6,402875,SE,Sweden,Q2,2021
30,spotify:track:7jDtQkIxKFELTpQa27VWWR,Zara Larsson,Look What You've Done,Epic/Record Company TEN,25,29,6,398472,SE,Sweden,Q2,2021
31,spotify:track:6f3Slt0GbA2bPZlz0aIFXN,Tiësto,The Business,Atlantic Records,12,33,28,391617,SE,Sweden,Q2,2021
32,spotify:track:3MMJuk00QLVAjS6vwBZ67V,Alvaro Estrella,Bailá Bailá,Universal Music AB,8,25,7,384898,SE,Sweden,Q2,2021
33,spotify:track:5WBaMuA6gMy90SZXyS4Yz0,Hov1,När jag ser dig,Universal Music AB,2,32,28,380347,SE,Sweden,Q2,2021
34,spotify:track:6cx06DFPPHchuUAcTxznu9,"Joel Corry, MNEK",Head & Heart (feat. MNEK),Atlantic Records UK,4,35,40,364763,SE,Sweden,Q2,2021
35,spotify:track:2WnAKZefdRHxtBEkRjFOHC,Justin Bieber,Anyone,RBMG/Def Jam,6,34,14,352181,SE,Sweden,Q2,2021
36,spotify:track:2AfIH7lNuwcbKBBfZH3ks5,Babblarna,Babblarnas vaggvisa,Universal Music AB Distributed Labels,22,45,119,346321,SE,Sweden,Q2,2021
37,spotify:track:6T5FJhpJcY7lH2PLO1Htg0,SINAN,COMMANDO,Virgin Music Sweden,37,60,6,339472,SE,Sweden,Q2,2021
38,spotify:track:5T2JZCDT0QyyKw4dBr65LG,rezspawn,SSM LS,FS Media,20,20,3,338453,SE,Sweden,Q2,2021
39,spotify:track:704iA6CyFdeP24JvGFxsRs,"Carola, Zara Larsson",Säg Mig Var Du Står,Record Company TEN,2,43,32,334721,SE,Sweden,Q2,2021
40,spotify:track:247LJ2oARxtQuFAlbPIx79,"Molly Sandén, Newkid",Jag mår bra nu (feat. Newkid),Milkshake,4,44,31,330329,SE,Sweden,Q2,2021
41,spotify:track:6IgMLWNcxP1vONuQSIDEpk,Ant Wan,Malaika,Ant Wan,13,41,6,329540,SE,Sweden,Q2,2021
42,spotify:track:2dTCGgZ3e6kzPpYXcn0PWM,Owen,BILZERIAN,Owen,42,53,5,317650,SE,Sweden,Q2,2021
43,spotify:track:5Gltinn48NXDSsIwCuIRmK,"Albatraoz, Kåren",Raggarbil,House of Albatraoz,25,62,18,315318,SE,Sweden,Q2,2021
44,spotify:track:6O27WBEqkGeyq3hNYE0BdS,"WAHL, SAMI",90-talet,Universal Music AB,13,40,8,309476,SE,Sweden,Q2,2021
45,spotify:track:6qnvjsMmlxf4TPfbD53ybj,The Mamas,In The Middle,Universal Music AB,9,37,6,305010,SE,Sweden,Q2,2021
46,spotify:track:2vTin2H3idCl2nuc3CqdPR,Ricky Rich,ICE,WM Sweden,9,48,9,295897,SE,Sweden,Q2,2021
47,spotify:track:2QknNfweEEo2wZsUCZbzpo,Klara Hammarström,Beat Of Broken Hearts,WM Sweden,10,39,7,295585,SE,Sweden,Q2,2021
48,spotify:track:43cM4eJO1So9iyNy8nfnpc,"Dizzy, Manny Flaco",BARA OM NI VISSTE,WM Sweden,30,51,7,280874,SE,Sweden,Q2,2021
49,spotify:track:7MAibcTli4IisCtbHKrGMh,"Bruno Mars, Anderson .Paak, Silk Sonic",Leave The Door Open,Aftermath Entertainment/Atlantic,49,64,5,275743,SE,Sweden,Q2,2021
50,spotify:track:14eKSIRO006SRXYpfoY8HK,Darin,En säng av rosor,Universal Music AB Distributed Labels,7,69,61,271102,SE,Sweden,Q2,2021
1,spotify:track:4hsTQQgfBnBgtBkTGKWS1G,A36,Samma gamla vanliga,WM Sweden,1,1,13,1447877,SE,Sweden,Q3,2021
2,spotify:track:4Cz2101t2TdPKBsgb7O6dS,Myra Granberg,Lose my mind,Columbia,2,3,12,1191373,SE,Sweden,Q3,2021
3,spotify:track:6PQ88X9TkUIAUIZJHW2upE,Ed Sheeran,Bad Habits,Atlantic Records UK,3,10,2,1179443,SE,Sweden,Q3,2021
4,spotify:track:31gGBW3iiuwtrLwiJYLROq,Bianca Ingrosso,Blomstertid,Record Company TEN,4,-1,1,1156664,SE,Sweden,Q3,2021
5,spotify:track:4pt5fDVTg5GhEvEtlz9dKk,Måneskin,I WANNA BE YOUR SLAVE,RCA Records Label,4,4,7,1142554,SE,Sweden,Q3,2021
6,spotify:track:3Wrjm47oTz2sjIgck11l5e,Måneskin,Beggin',RCA Records Label,5,5,6,1131705,SE,Sweden,Q3,2021
7,spotify:track:4ZtFanR9U6ndgddUvNcjcG,Olivia Rodrigo,good 4 u,Olivia Rodrigo PS,2,6,8,995098,SE,Sweden,Q3,2021
8,spotify:track:0hel3UahHwK9SfUF85M1WK,Hov1,Blå,Universal Music AB,2,2,5,979968,SE,Sweden,Q3,2021
9,spotify:track:6PWTqk0c1L5ehd3tG3Zpf2,Ant Wan,Marbella,Ant Wan,6,9,3,876102,SE,Sweden,Q3,2021
10,spotify:track:6iuEK9IFiwlbchU6Fg35x4,Asme,Färger,BL,2,7,10,871626,SE,Sweden,Q3,2021
11,spotify:track:4dxeRrYgeAQ1F0uH9g04lN,"Miriam Bryant, Victor Leksell",tystnar i luren,WM Sweden,1,11,21,820643,SE,Sweden,Q3,2021
12,spotify:track:1CuVhIZAAc8h360WoVJYhD,Hanna Ferm,För Evigt,Universal Music AB,12,13,11,813641,SE,Sweden,Q3,2021
13,spotify:track:1m0UFnuTktOkksvjbF9z0m,Vegedream,Ramenez la coupe à la maison,Universal Music Division Island Def Jam,13,15,10,718791,SE,Sweden,Q3,2021
14,spotify:track:0djNuMqEv8KCVE0tUQyyrJ,Veronica Maggio,SE MIG,Universal Music AB,5,14,6,689498,SE,Sweden,Q3,2021
15,spotify:track:776AftMmFFAWUIEAb3lHhw,Måneskin,ZITTI E BUONI,RCA Records Label,1,12,7,675939,SE,Sweden,Q3,2021
16,spotify:track:7MC4XR9M9amdmKQr2iDF7i,"Justin Wellington, Small Jam",Iko Iko (My Bestie),RCA Records Label,16,16,8,657348,SE,Sweden,Q3,2021
17,spotify:track:7w2sCUWVAop5sTmikAdhCD,"Anis Don Demina, SAMI",Flaggan i topp - Sveriges Officiella EM-låt 2021,WM Sweden,4,8,7,618847,SE,Sweden,Q3,2021
18,spotify:track:5tB3935lICfBBLAfe5Un6l,"Sarettii, Dree Low",Skräckfilm,Ringtone Records x Top Class Music,18,-1,1,583571,SE,Sweden,Q3,2021
19,spotify:track:1CJlboHH1QfCwigjMatpxq,Molly Sandén,Nån annan nu,Milkshake,5,19,15,578080,SE,Sweden,Q3,2021
20,spotify:track:3g9Bd3dzWumpEYS381Veiz,Norlie & KKV,Ensam,Universal Music AB,9,24,10,566271,SE,Sweden,Q3,2021
21,spotify:track:32Qea3SN5b6VydcG4ytZ4V,Miss Li,Instruktionsboken,Pistol Packin' Music,20,20,11,559062,SE,Sweden,Q3,2021
22,spotify:track:3OUlwrGsM6xGuA66YVpeGT,Benjamin Ingrosso,Smile,Record Company TEN,10,21,7,552669,SE,Sweden,Q3,2021
23,spotify:track:4tGPi30jgutml0z5QgNd8Q,"Hov1, Einár",Gamora,Universal Music AB,1,18,18,552056,SE,Sweden,Q3,2021
24,spotify:track:37BZB0z9T8Xu7U3e65qxFy,"The Weeknd, Ariana Grande",Save Your Tears (with Ariana Grande) (Remix),Republic Records,11,22,11,549018,SE,Sweden,Q3,2021
25,spotify:track:4SS4YfDAEQG0fZAe1xfgn3,Victor Leksell,Svag,Columbia,1,17,77,510816,SE,Sweden,Q3,2021
26,spotify:track:1gEC4hNi86y1Vbl7M5RjnW,"HAVAL, Manny Flaco",DANSA TILL MISÄR,Haval Music AB,23,23,2,479050,SE,Sweden,Q3,2021
27,spotify:track:2fq0dSsyewXwQsgR4w9wgT,"Hov1, Dree Low",Tokken,Universal Music AB,1,25,9,470141,SE,Sweden,Q3,2021
28,spotify:track:2aTbJ9yyMrseRuHq9c9jY2,Newkid,Aldrig haft något annat val,Sony Music Local,7,29,9,461601,SE,Sweden,Q3,2021
29,spotify:track:0UKUfxIkDAMZz7hMdiVX3m,"P!nk, Willow Sage Hart",Cover Me In Sunshine,RCA Records Label,29,34,13,455704,SE,Sweden,Q3,2021
30,spotify:track:3IrNhMvzard7nCKgfe18IW,Benjamin Ingrosso,Allt det vackra,Record Company TEN,6,33,12,451311,SE,Sweden,Q3,2021
31,spotify:track:0b18g3G5spr4ZCkz7Y6Q0Q,"Majestic, Boney M.",Rasputin,NITRON music,26,26,9,444473,SE,Sweden,Q3,2021
32,spotify:track:6mDcLPGVCmdhMN4gBzNb7s,"1.Cuz, Yei Gonzalez, Greekazo",FÖRSENT,1.Cuz,2,32,69,435281,SE,Sweden,Q3,2021
33,spotify:track:4cG7HUWYHBV6R6tHn1gxrl,"Riton, Nightcrawlers, Mufasa & Hypeman, Mufasa, Dopamine",Friday (feat. Mufasa & Hypeman) - Dopamine Re-Edit,Ministry of Sound Recordings,22,30,19,433617,SE,Sweden,Q3,2021
34,spotify:track:67BtfxlNbhBmCDR2L2l8qd,Lil Nas X,MONTERO (Call Me By Your Name),Columbia,4,38,15,405294,SE,Sweden,Q3,2021
35,spotify:track:1qGPIV4FDsZAmhdrTkIU5G,Miriam Bryant,Mitt hjärta blöder - Spotify Studio It’s Hits Recording,WM Sweden,6,36,8,402422,SE,Sweden,Q3,2021
36,spotify:track:6FgEOsyPUWoV1ObJztFDbu,Einár,Haparanda,Einár,14,27,3,396336,SE,Sweden,Q3,2021
37,spotify:track:5K6Ssv4Z3zRvxt0P6EKUAP,"Galantis, David Guetta, Little Mix",Heartbreak Anthem (with David Guetta & Little Mix),Big Beat Records,37,50,7,390915,SE,Sweden,Q3,2021
38,spotify:track:4iJyoBOLtHqaGxP12qzhQI,"Justin Bieber, Daniel Caesar, GIVĒON",Peaches (feat. Daniel Caesar & Giveon),RBMG/Def Jam,3,44,16,382813,SE,Sweden,Q3,2021
39,spotify:track:1ZJdjsCEdolnRN83W9dWiX,Victor Leksell,Snälla bli min - Spotify Studio It's Hits Recording,Columbia,2,37,8,380325,SE,Sweden,Q3,2021
40,spotify:track:3DarAbFujv6eYNliUTyqtz,"Doja Cat, SZA",Kiss Me More (feat. SZA),Kemosabe Records/RCA Records,16,45,13,377398,SE,Sweden,Q3,2021
41,spotify:track:2gwirjNHYJPlBwOJ5Aftwv,Albin Lee Meldau,Josefin,Glassnote Music LLC,40,40,11,371857,SE,Sweden,Q3,2021
42,spotify:track:1YKR6UJR7wX1GVlfjMfW9x,"5iftyy, Einár",Chiquita,LivetLekerMusic,42,68,2,364130,SE,Sweden,Q3,2021
43,spotify:track:09ZI6ytqLZe1sRXLKPKZNe,Hov1,Barn av vår tid,Universal Music AB,1,43,25,354005,SE,Sweden,Q3,2021
44,spotify:track:3aIATlpQ3pnYPc7ebsBuRk,Owen,Murda,Owen,32,49,4,351986,SE,Sweden,Q3,2021
45,spotify:track:4uDhts78RdwIDjEqPrYVKp,"Alan Walker, Imanbek",Sweet Dreams,Kreatell Music,41,41,4,349820,SE,Sweden,Q3,2021
46,spotify:track:2AfIH7lNuwcbKBBfZH3ks5,Babblarna,Babblarnas vaggvisa,Universal Music AB Distributed Labels,22,48,132,348849,SE,Sweden,Q3,2021
47,spotify:track:32z2QHVJTOPzzczl4MjmHo,Newkid,Du måste finnas,Sony Music Local,1,46,31,346603,SE,Sweden,Q3,2021
48,spotify:track:5cdJVXKF2Ti7tEOPo5djaU,Ricky Rich,WHO,WM Sweden,48,-1,1,341461,SE,Sweden,Q3,2021
49,spotify:track:2YjWAJEES4VMcwoOWvqk08,Myra Granberg,HKF (Håll käften & försvinn),Columbia,14,42,38,334775,SE,Sweden,Q3,2021
50,spotify:track:1pmGoAvlHYVrJHM5TJwshR,Molly Sandén,DOM SKA VETA,Milkshake,4,52,9,330870,SE,Sweden,Q3,2021
1,spotify:track:7GWtRLE1ZeFat9k9iauEef,Hov1,Räkna dagar,Universal Music AB,1,-1,1,1180473,SE,Sweden,Q4,2021
2,spotify:track:5PjdY0CKGZdEuoNab3yDmX,"The Kid LAROI, Justin Bieber",STAY (with Justin Bieber),Columbia,1,1,13,1031633,SE,Sweden,Q4,2021
3,spotify:track:75MNhvTCCKsST3YqqUiU9r,Ed Sheeran,Shivers,Atlantic Records UK,2,2,4,994420,SE,Sweden,Q4,2021
4,spotify:track:6PQ88X9TkUIAUIZJHW2upE,Ed Sheeran,Bad Habits,Atlantic Records UK,2,3,15,862601,SE,Sweden,Q4,2021
5,spotify:track:5etlUg6yiQ8565mdyrWUiP,Victor Leksell,Eld & lågor,Sony Music Local,4,4,6,820954,SE,Sweden,Q4,2021
6,spotify:track:0F5L21B9FbT2Y9AM2OnCgE,"Hov1, Einár",Hur mycket? (pengar vill du ha),Universal Music AB,6,-1,1,780550,SE,Sweden,Q4,2021
7,spotify:track:3oF1ZBHm7qDn3bOxIrDEjy,"ADAAM, VC Barre",TOPP,Grind Gang Music,2,5,6,756133,SE,Sweden,Q4,2021
8,spotify:track:02MWAaffLxlfxAUY7c5dvx,Glass Animals,Heat Waves,Polydor Records,6,7,17,710821,SE,Sweden,Q4,2021
9,spotify:track:7iSuirVvJsBXZ95UEd9vQ0,Molly Sandén,Vi ska aldrig gå hem,Milkshake,9,-1,1,690058,SE,Sweden,Q4,2021
10,spotify:track:7rwijx2xejRaPkEXUftI11,Sarettii,SOM DOM,Ringtone Records,10,82,2,684691,SE,Sweden,Q4,2021
11,spotify:track:1hA5oGHUE1TLu5QCHPmz63,LOAM,MEDVETSLÖS,Universal Music AB,9,10,6,619003,SE,Sweden,Q4,2021
12,spotify:track:2USlegnFJLrVLpoVfPimKB,"Gabry Ponte, LUM!X, Prezioso",Thunder,Spinnin' Records,7,9,14,617129,SE,Sweden,Q4,2021
13,spotify:track:63IaMjanvXp9c3f0Y7OImT,"Einár, ADAAM",DANSA,Einár,6,6,2,612673,SE,Sweden,Q4,2021
14,spotify:track:2gwirjNHYJPlBwOJ5Aftwv,Albin Lee Meldau,Josefin,Glassnote Music LLC,14,14,24,563519,SE,Sweden,Q4,2021
15,spotify:track:5D2ZobLrLLFcPoOWw5YE0e,Myra Granberg,Lose my mind,Columbia,2,13,25,562056,SE,Sweden,Q4,2021
16,spotify:track:4hsTQQgfBnBgtBkTGKWS1G,A36,Samma gamla vanliga,WM Sweden,1,12,26,557425,SE,Sweden,Q4,2021
17,spotify:track:2Xr1dTzJee307rmrkt8c0g,CKay,love nwantiti (ah ah ah),Chocolate City Music,17,17,4,551375,SE,Sweden,Q4,2021
18,spotify:track:6Eug49joEqS3HOrduV5TxD,Hov1,458,Universal Music AB,18,-1,1,544257,SE,Sweden,Q4,2021
19,spotify:track:5Z9KJZvQzH6PFmb8SNkxuk,"Lil Nas X, Jack Harlow",INDUSTRY BABY (feat. Jack Harlow),Columbia,7,11,11,542294,SE,Sweden,Q4,2021
20,spotify:track:7aEoH0aL6hQEgRFwRb6fXb,Hov1,Hit the club,Universal Music AB,3,34,7,532301,SE,Sweden,Q4,2021
21,spotify:track:3uUuGVFu1V7jTQL60S1r8z,"Lost Frequencies, Calum Scott",Where Are You Now,Epic Amsterdam,17,18,10,512701,SE,Sweden,Q4,2021
22,spotify:track:7p9Z1ynUiwOZYkQR82YK6v,Hov1,Tjuvheder,Universal Music AB,22,-1,1,478196,SE,Sweden,Q4,2021
23,spotify:track:5Bv6jNkvB82p6NCeaFsVuA,1.Cuz,Caravaggio,WM Sweden,8,8,3,470533,SE,Sweden,Q4,2021
24,spotify:track:2Gd0oV24QsH0zb9nKFx7s5,"Hov1, Einár",Gamora,Universal Music AB,1,53,31,465656,SE,Sweden,Q4,2021
25,spotify:track:0e8nrvls4Qqv5Rfa2UhqmO,Lil Nas X,THATS WHAT I WANT,Columbia,10,15,3,457848,SE,Sweden,Q4,2021
26,spotify:track:3FeVmId7tL5YN8B7R3imoM,"Coldplay, BTS",My Universe,Parlophone UK,24,24,2,440670,SE,Sweden,Q4,2021
27,spotify:track:3k7gRqP7vcOSMaHcYxaHq2,Hov1,Banksy,Universal Music AB,27,-1,1,435226,SE,Sweden,Q4,2021
28,spotify:track:6zSpb8dQRaw0M1dK8PBwQz,"Elton John, Dua Lipa, PNAU",Cold Heart - PNAU Remix,EMI,28,33,8,427531,SE,Sweden,Q4,2021
29,spotify:track:1CuVhIZAAc8h360WoVJYhD,Hanna Ferm,För Evigt,Universal Music AB,9,22,24,411984,SE,Sweden,Q4,2021
30,spotify:track:5bZnSJZEqbBsXxHI5Qszxy,Rio,Chanel,Rio,13,16,11,404670,SE,Sweden,Q4,2021
31,spotify:track:4dxeRrYgeAQ1F0uH9g04lN,"Miriam Bryant, Victor Leksell",tystnar i luren,WM Sweden,1,21,34,394482,SE,Sweden,Q4,2021
32,spotify:track:2AfIH7lNuwcbKBBfZH3ks5,Babblarna,Babblarnas vaggvisa,Universal Music AB Distributed Labels,22,30,145,385113,SE,Sweden,Q4,2021
33,spotify:track:2AHnmlkyZbnxqSA66B7jK3,ABBA,Don't Shut Me Down,Polar Music International AB,1,20,6,382165,SE,Sweden,Q4,2021
34,spotify:track:2muh7P8rylTiI0IJIn2d3z,VC Barre,Vvvalsta,Universal Music AB,3,23,11,366900,SE,Sweden,Q4,2021
35,spotify:track:5pgOoj7TbVdJg2CQr7DY2B,Hov1,365,Universal Music AB,35,-1,1,365124,SE,Sweden,Q4,2021
36,spotify:track:3zx5ne2XxVwFcPg4t6OxRC,C.Gambino,CCTV,WM Sweden,23,26,5,357072,SE,Sweden,Q4,2021
37,spotify:track:4ZtFanR9U6ndgddUvNcjcG,Olivia Rodrigo,good 4 u,Olivia Rodrigo PS,2,29,21,356571,SE,Sweden,Q4,2021
38,spotify:track:7zKTQhQPCGnh2PgP93Pxsu,Miss Li,Instruktionsboken,Pistol Packin' Music,18,27,24,350822,SE,Sweden,Q4,2021
39,spotify:track:0mJBiaODgK0XjOLCN5fItq,Sam Smith,Like I Can,PLG - Capitol,18,25,8,350119,SE,Sweden,Q4,2021
40,spotify:track:7kfCddNl6apORk85Pi6uux,"Dani M, Einár, Prodotto di Superti",Draco,GMG SWEDEN AB,16,19,3,347224,SE,Sweden,Q4,2021
41,spotify:track:5II2AztMErwFd98efHZ09T,Hov1,Certified,Universal Music AB,41,-1,1,345909,SE,Sweden,Q4,2021
42,spotify:track:0ke6TRt2S3KTOFZzRUXtH7,"Hov1, Dree Low",Tokken,Universal Music AB,1,98,22,345565,SE,Sweden,Q4,2021
43,spotify:track:4RVwu0g32PAqgUiJoXsdF8,Billie Eilish,Happier Than Ever,Darkroom/Interscope Records,13,32,10,344979,SE,Sweden,Q4,2021
44,spotify:track:5YIMEJOJYmHaeZ0x4qAZjI,Hov1,Barn av vår tid,Universal Music AB,1,94,38,342139,SE,Sweden,Q4,2021
45,spotify:track:4SS4YfDAEQG0fZAe1xfgn3,Victor Leksell,Svag,Columbia,1,31,90,341995,SE,Sweden,Q4,2021
46,spotify:track:6M3PsepEj5gyJoIi7Xvr7u,The Weeknd,Take My Breath - Single Version,XO / Republic Records,8,39,9,322269,SE,Sweden,Q4,2021
47,spotify:track:2D5GrrD4Zx5NK9ZQdoLEVm,Hov1,Frankfurt,Universal Music AB,47,-1,1,316052,SE,Sweden,Q4,2021
48,spotify:track:0djNuMqEv8KCVE0tUQyyrJ,Veronica Maggio,SE MIG,Universal Music AB,5,45,19,307877,SE,Sweden,Q4,2021
49,spotify:track:7aEQtCekNaqdY6acN5TWkG,Miss Li,Utan dig,Pistol Packin' Music,25,38,7,303613,SE,Sweden,Q4,2021
50,spotify:track:6CIfNoYuI8bIkfQl72z3q4,23,Savastano,WM Sweden,28,28,3,298687,SE,Sweden,Q4,2021
1,spotify:track:3OC84eKMxRJ4x0Hcwl9i4i,Crowd Lu,刻在我心底的名字 (Your Name Engraved Herein) - 電影<刻在你心底的名字>主題曲,Team Ear Music,1,3,17,230248,SG,Singapore,Q1,2021
2,spotify:track:6Im9k8u9iIzKMrmV7BWtlF,Ariana Grande,34+35,Republic Records,1,1,10,215176,SG,Singapore,Q1,2021
3,spotify:track:2tI4WyzqOOwC23S5m0kqcB,Pink Sweat$,At My Worst,Atlantic Records,3,4,11,210976,SG,Singapore,Q1,2021
4,spotify:track:35mvY5S1H3J2QZyna3TFe0,Ariana Grande,positions,Republic Records,1,2,11,200800,SG,Singapore,Q1,2021
5,spotify:track:4saklk6nie3yiGePpBwUoc,BTS,Dynamite,BIGHIT MUSIC,1,5,20,195018,SG,Singapore,Q1,2021
6,spotify:track:31qCy5ZaophVA81wtlwLc4,Justin Bieber,Anyone,RBMG/Def Jam,6,-1,1,190621,SG,Singapore,Q1,2021
7,spotify:track:0E4Y1XIbs8GrAT1YqVy6dq,Ed Sheeran,Afterglow,Atlantic Records UK,7,8,3,180225,SG,Singapore,Q1,2021
8,spotify:track:249gnXrbfmV8NG6jTEMSwD,BTS,Life Goes On,BIGHIT MUSIC,1,7,7,175565,SG,Singapore,Q1,2021
9,spotify:track:3IveWAHTMxZA4KYBPnylq5,Ren Ran,飞鸟和蝉,北京千和世纪文化传播有限公司,7,11,21,165217,SG,Singapore,Q1,2021
10,spotify:track:1HbA4N1MiOsPthALesGFR1,"Shawn Mendes, Justin Bieber",Monster (Shawn Mendes & Justin Bieber),Shawn Mendes LP4-5 PS/ Island,4,12,7,156545,SG,Singapore,Q1,2021
11,spotify:track:7qEHsqek33rTcFNT9PFqLf,Lewis Capaldi,Someone You Loved,Vertigo Berlin,4,16,103,146341,SG,Singapore,Q1,2021
12,spotify:track:4xqrdfXkTW4T0RauPLv3WA,Conan Gray,Heather,Republic Records,2,17,28,144568,SG,Singapore,Q1,2021
13,spotify:track:5nujrmhLynf4yMoMtj8AQF,"Dua Lipa, DaBaby",Levitating (feat. DaBaby),Warner Records,13,20,13,142951,SG,Singapore,Q1,2021
14,spotify:track:3Uo7WG0vmLQ07WB4BDwy7D,Taylor Swift,willow,Taylor Swift,3,13,4,142752,SG,Singapore,Q1,2021
15,spotify:track:4y4spB9m0Q6026KfkAvy9Q,"Justin Bieber, benny blanco",Lonely (with benny blanco),Friends Keep Secrets/Def Jam Recordings/Interscope Records,5,18,12,140347,SG,Singapore,Q1,2021
16,spotify:track:4Ws314Ylb27BVsvlZOy30C,BLACKPINK,Lovesick Girls,YG Entertainment/Interscope Records,1,14,14,138957,SG,Singapore,Q1,2021
17,spotify:track:45bE4HXI0AwGZXfZtMp8JR,Tate McRae,you broke me first,RCA Records Label,5,19,32,137512,SG,Singapore,Q1,2021
18,spotify:track:27OeeYzk6klgBh83TSvGMA,The Kid LAROI,WITHOUT YOU,Columbia,18,22,5,130404,SG,Singapore,Q1,2021
19,spotify:track:2b8fOow8UzyDFAE27YhOZM,Maroon 5,Memories,Interscope Records*,1,25,68,122381,SG,Singapore,Q1,2021
20,spotify:track:2gMXnyrvIjhVBUZwvLZDMP,Lewis Capaldi,Before You Go,Vertigo Berlin,4,27,59,120121,SG,Singapore,Q1,2021
21,spotify:track:5cU1O9P0EDA0rPkPDykhIm,Eric Chou,怎麼了,Sony Music Entertainment,6,29,104,118584,SG,Singapore,Q1,2021
22,spotify:track:69zgyr5HVKdInjeKpq1qHa,831,想見你想見你想見你 - 電視劇《想見你》片尾曲,"Rock Records Co., Ltd.",14,30,47,118560,SG,Singapore,Q1,2021
23,spotify:track:0PoAZ7SLFpqpYR9LSCYAo8,TWICE,CRY FOR ME,Republic Records - TWICE,21,21,3,117365,SG,Singapore,Q1,2021
24,spotify:track:4SFknyjLcyTLJFPKD2m96o,BLACKPINK,How You Like That,YG Entertainment/Interscope Records,1,24,28,115718,SG,Singapore,Q1,2021
25,spotify:track:54bFM56PmE4YLRnqpW6Tha,Billie Eilish,Therefore I Am,Darkroom/Interscope Records,4,28,8,113412,SG,Singapore,Q1,2021
26,spotify:track:6ZuahEctZD6w75peme58hm,Shawn Mendes,Wonder,Shawn Mendes LP4-5 PS/ Island,8,34,14,111244,SG,Singapore,Q1,2021
27,spotify:track:3tjFYV6RSFtuktYl3ZtYcq,"24kGoldn, iann dior",Mood (feat. iann dior),Records/Columbia,4,31,21,111218,SG,Singapore,Q1,2021
28,spotify:track:7uoFMmxln0GPXQ0AcCBXRq,Sia,Snowman,Monkey Puzzle/Atlantic,6,6,4,109787,SG,Singapore,Q1,2021
29,spotify:track:0VjIjW4GlUZAMYd2vXMi3b,The Weeknd,Blinding Lights,Republic Records,2,32,58,108483,SG,Singapore,Q1,2021
30,spotify:track:1lrafepXruMZB5qHCNqy88,"Jackson Wang, JJ Lin",過 (Should've Let Go),Avex Hong Kong Limited,23,23,3,107511,SG,Singapore,Q1,2021
31,spotify:track:56wVfJKtnwlSZtC4NVgIrf,"Jay Chou, Ashin Chen",說好不哭,Universal Music Taiwan (JVR),1,40,69,103817,SG,Singapore,Q1,2021
32,spotify:track:3t8M86tiO0aKMMTXzRrFn8,en,嚣张,嗨库文化,24,42,53,99878,SG,Singapore,Q1,2021
33,spotify:track:3apeXzypBMnUfYcZYNX6DH,TWICE,I CAN'T STOP ME,Republic Records - TWICE,3,37,11,99233,SG,Singapore,Q1,2021
34,spotify:track:7B3z0ySL9Rr0XvZEAjWZzM,Clairo,Sofia,FADER Label,13,41,15,96501,SG,Singapore,Q1,2021
35,spotify:track:7F1CiKqrY44kh5cDqwHOnx,"SLANDER, Dylan Matthew",Love Is Gone - Acoustic,Gud Vibrations / Create Music Group Inc.,35,46,15,94620,SG,Singapore,Q1,2021
36,spotify:track:6zFMeegAMYQo0mt8rXtrli,Lil Nas X,HOLIDAY,Columbia,36,44,8,93030,SG,Singapore,Q1,2021
37,spotify:track:2gug6MRv4xQFYi9LA3PJCS,Eric Chou,你，好不好？ - TVBS連續劇【遺憾拼圖】片尾曲,Sony Music Entertainment,23,47,211,92971,SG,Singapore,Q1,2021
38,spotify:track:6v3KW9xbzN5yKLt9YKDYA2,"Shawn Mendes, Camila Cabello",Señorita,Island Records,1,45,81,92805,SG,Singapore,Q1,2021
39,spotify:track:2kJwzbxV2ppxnQoYw4GLBZ,"JP Saxe, Julia Michaels",If the World Was Ending (feat. Julia Michaels),Arista Records,18,50,61,90081,SG,Singapore,Q1,2021
40,spotify:track:5uCax9HTNlzGybIStD3vDh,James Arthur,Say You Won't Let Go,Columbia,2,54,211,89929,SG,Singapore,Q1,2021
41,spotify:track:4HBZA5flZLE435QTztThqH,"Ariana Grande, Justin Bieber",Stuck with U (with Justin Bieber),"Ariana Grande & Justin Bieber ""Stuck With U""- Charity",1,39,35,89721,SG,Singapore,Q1,2021
42,spotify:track:3Z8FwOEN59mRMxDCtb8N0A,"Marshmello, Halsey",Be Kind (with Halsey),Astralwerks,3,55,36,85317,SG,Singapore,Q1,2021
43,spotify:track:4JUPEh2DVSXFGExu4Uxevz,"BLACKPINK, Selena Gomez",Ice Cream (with Selena Gomez),YG Entertainment/Interscope Records,2,48,19,83464,SG,Singapore,Q1,2021
44,spotify:track:5GhJIMWAw0uMLgkdbt6uMz,Why Don't We,Fallin’ (Adrenaline),Atlantic Records,31,53,14,83276,SG,Singapore,Q1,2021
45,spotify:track:7hxHWCCAIIxFLCzvDgnQHX,"Internet Money, Gunna, Don Toliver, NAV",Lemonade (feat. NAV),Internet Money Records / TenThousand Projects,21,57,19,82867,SG,Singapore,Q1,2021
46,spotify:track:5u1n1kITHCxxp8twBcZxWy,"Justin Bieber, Chance the Rapper",Holy (feat. Chance The Rapper),RBMG/Def Jam,6,49,16,81813,SG,Singapore,Q1,2021
47,spotify:track:1rgnBhdG2JDFTbYkYRZAku,Tones And I,Dance Monkey,Elektra (NEK),1,56,75,81290,SG,Singapore,Q1,2021
48,spotify:track:21jGcNKet2qwijlDFuPiPb,Post Malone,Circles,Republic Records,2,58,71,79661,SG,Singapore,Q1,2021
49,spotify:track:1ivCIgrYZyE0BvItL4Z8lk,Jay Chou,告白氣球,Universal Music Taiwan (JVR),28,60,211,78866,SG,Singapore,Q1,2021
50,spotify:track:1Bhm5HNO1cq8olDbBmokyL,Aya Nakamura,Copines,Rec. 118,50,62,3,77200,SG,Singapore,Q1,2021
1,spotify:track:4iJyoBOLtHqaGxP12qzhQI,"Justin Bieber, Daniel Caesar, GIVĒON",Peaches (feat. Daniel Caesar & Giveon),RBMG/Def Jam,1,1,3,382164,SG,Singapore,Q2,2021
2,spotify:track:7MAibcTli4IisCtbHKrGMh,"Bruno Mars, Anderson .Paak, Silk Sonic",Leave The Door Open,Aftermath Entertainment/Atlantic,2,2,5,327918,SG,Singapore,Q2,2021
3,spotify:track:3FAJ6O0NOHQV8Mc5Ri6ENp,GIVĒON,Heartbreak Anniversary,Epic/Not So Fast,1,3,13,312706,SG,Singapore,Q2,2021
4,spotify:track:2pn8dNVSpYnAtlKFC8Q0DJ,ROSÉ,On The Ground,YG Entertainment/Interscope Records,1,4,4,273607,SG,Singapore,Q2,2021
5,spotify:track:3BZEcbdtXQSo7OrvKRJ6mb,Lil Nas X,MONTERO (Call Me By Your Name),Columbia,5,22,2,265840,SG,Singapore,Q2,2021
6,spotify:track:7lPN2DXiMsVn7XUKtOW1CS,Olivia Rodrigo,drivers license,Olivia Rodrigo PS,1,5,13,248419,SG,Singapore,Q2,2021
7,spotify:track:2MJz8BxxMsERULatmBikDH,Pink Sweat$,At My Worst,Atlantic Records,2,7,24,231212,SG,Singapore,Q2,2021
8,spotify:track:1nahzW3kfMuwReTka28tH5,Justin Bieber,Hold On,RBMG/Def Jam,6,8,5,222192,SG,Singapore,Q2,2021
9,spotify:track:3VT8hOC5vuDXBsHrR53WFh,Masked Wolf,Astronaut In The Ocean,Elektra (NEK),9,10,9,202421,SG,Singapore,Q2,2021
10,spotify:track:61KpQadow081I2AsbeLcsb,Olivia Rodrigo,deja vu,Olivia Rodrigo PS,10,-1,1,196793,SG,Singapore,Q2,2021
11,spotify:track:5QO79kh1waicV47BqGRL3g,The Weeknd,Save Your Tears,Republic Records,3,11,16,192212,SG,Singapore,Q2,2021
12,spotify:track:2dHoVW9AxJVSRebPRyV2aA,ROSÉ,Gone,YG Entertainment/Interscope Records,2,9,4,191938,SG,Singapore,Q2,2021
13,spotify:track:3UHPGOkUcE4hE7sqBF4Snt,BTS,Film out,Universal Music LLC,13,-1,1,189689,SG,Singapore,Q2,2021
14,spotify:track:5xrtzzzikpG3BLbo4q1Yul,IU,LILAC,EDAM Entertainment,6,6,2,187809,SG,Singapore,Q2,2021
15,spotify:track:6fRxMU4LWwyaSSowV441IU,"Maroon 5, Megan Thee Stallion",Beautiful Mistakes (feat. Megan Thee Stallion),Interscope Records*,13,13,5,176416,SG,Singapore,Q2,2021
16,spotify:track:1J14CdDAvBTE1AJYUOwl6C,Duncan Laurence,Arcade,"Universal Music, a division of Universal International Music BV",5,12,10,175790,SG,Singapore,Q2,2021
17,spotify:track:1aEsTgCsv8nOjEgyEoRCpS,"Jeremy Zucker, Chelsea Cutler",this is how you fall in love,Republic Records,8,15,12,155506,SG,Singapore,Q2,2021
18,spotify:track:0O7O4sssbFxoNoB4QRGra1,Ren Ran,飞鸟和蝉,北京千和世纪文化传播有限公司,7,16,34,150589,SG,Singapore,Q2,2021
19,spotify:track:5nujrmhLynf4yMoMtj8AQF,"Dua Lipa, DaBaby",Levitating (feat. DaBaby),Warner Records,11,18,26,147762,SG,Singapore,Q2,2021
20,spotify:track:7qEHsqek33rTcFNT9PFqLf,Lewis Capaldi,Someone You Loved,Vertigo Berlin,4,19,116,147567,SG,Singapore,Q2,2021
21,spotify:track:3OC84eKMxRJ4x0Hcwl9i4i,Crowd Lu,刻在我心底的名字 (Your Name Engraved Herein) - 電影<刻在你心底的名字>主題曲,Team Ear Music,1,21,30,140885,SG,Singapore,Q2,2021
22,spotify:track:6tDDoYIxWvMLTdKpjFkc1B,Kali Uchis,telepatía,EMI / Interscope,12,20,7,138077,SG,Singapore,Q2,2021
23,spotify:track:7F1CiKqrY44kh5cDqwHOnx,"SLANDER, Dylan Matthew",Love Is Gone - Acoustic,Gud Vibrations / Create Music Group Inc.,12,24,28,136133,SG,Singapore,Q2,2021
24,spotify:track:5nCwjUUsmBuNZKn9Xu10Os,IU,Celebrity,EDAM Entertainment,2,14,9,135919,SG,Singapore,Q2,2021
25,spotify:track:2WnAKZefdRHxtBEkRjFOHC,Justin Bieber,Anyone,RBMG/Def Jam,5,23,14,130662,SG,Singapore,Q2,2021
26,spotify:track:4saklk6nie3yiGePpBwUoc,BTS,Dynamite,BIGHIT MUSIC,1,25,33,122469,SG,Singapore,Q2,2021
27,spotify:track:6F2r4HgpJnvKDmkN6JEN6J,"Justin Bieber, Khalid",As I Am (feat. Khalid),RBMG/Def Jam,17,17,3,122049,SG,Singapore,Q2,2021
28,spotify:track:1M4OcYkxAtu3ErzSgDEfoi,Cardi B,Up,Atlantic Records,27,27,9,116750,SG,Singapore,Q2,2021
29,spotify:track:4xqrdfXkTW4T0RauPLv3WA,Conan Gray,Heather,Republic Records,2,30,41,111423,SG,Singapore,Q2,2021
30,spotify:track:35mvY5S1H3J2QZyna3TFe0,Ariana Grande,positions,Republic Records,1,26,24,110216,SG,Singapore,Q2,2021
31,spotify:track:5cU1O9P0EDA0rPkPDykhIm,Eric Chou,怎麼了,Sony Music Entertainment,6,32,117,110092,SG,Singapore,Q2,2021
32,spotify:track:45bE4HXI0AwGZXfZtMp8JR,Tate McRae,you broke me first,RCA Records Label,5,31,45,108536,SG,Singapore,Q2,2021
33,spotify:track:2b8fOow8UzyDFAE27YhOZM,Maroon 5,Memories,Interscope Records*,1,34,81,106030,SG,Singapore,Q2,2021
34,spotify:track:27OeeYzk6klgBh83TSvGMA,The Kid LAROI,WITHOUT YOU,Columbia,17,28,18,105900,SG,Singapore,Q2,2021
35,spotify:track:2gMXnyrvIjhVBUZwvLZDMP,Lewis Capaldi,Before You Go,Vertigo Berlin,4,35,72,104200,SG,Singapore,Q2,2021
36,spotify:track:1diS6nkxMQc3wwC4G1j0bh,Dua Lipa,We're Good,Warner Records,21,33,8,101219,SG,Singapore,Q2,2021
37,spotify:track:69zgyr5HVKdInjeKpq1qHa,831,想見你想見你想見你 - 電視劇《想見你》片尾曲,"Rock Records Co., Ltd.",14,37,60,100222,SG,Singapore,Q2,2021
38,spotify:track:6Im9k8u9iIzKMrmV7BWtlF,Ariana Grande,34+35,Republic Records,1,38,23,99052,SG,Singapore,Q2,2021
39,spotify:track:0VjIjW4GlUZAMYd2vXMi3b,The Weeknd,Blinding Lights,Republic Records,2,36,71,98416,SG,Singapore,Q2,2021
40,spotify:track:6vFsBXYczYsP0H3lgunZOm,Beach Bunny,Cloud 9,Mom+Pop,40,45,4,98127,SG,Singapore,Q2,2021
41,spotify:track:161DnLWsx1i3u1JT05lzqU,Bruno Mars,Talking to the Moon,Atlantic Records,41,51,5,97370,SG,Singapore,Q2,2021
42,spotify:track:249gnXrbfmV8NG6jTEMSwD,BTS,Life Goes On,BIGHIT MUSIC,1,41,20,96292,SG,Singapore,Q2,2021
43,spotify:track:3t8M86tiO0aKMMTXzRrFn8,en,嚣张,嗨库文化,24,40,66,95770,SG,Singapore,Q2,2021
44,spotify:track:3YJJjQPAbDT7mGpX3WtQ9A,SZA,Good Days,Top Dawg Entertainment/RCA Records,7,39,14,94286,SG,Singapore,Q2,2021
45,spotify:track:56wVfJKtnwlSZtC4NVgIrf,"Jay Chou, Ashin Chen",說好不哭,Universal Music Taiwan (JVR),1,44,82,92754,SG,Singapore,Q2,2021
46,spotify:track:74nVCj4vMVemLIs71vXcnP,"大籽, 嘿人李逵Noisemakers",白月光与朱砂痣 - 中英文版,鲸鱼向海,30,42,12,92470,SG,Singapore,Q2,2021
47,spotify:track:5uCax9HTNlzGybIStD3vDh,James Arthur,Say You Won't Let Go,Columbia,2,47,224,90557,SG,Singapore,Q2,2021
48,spotify:track:2gug6MRv4xQFYi9LA3PJCS,Eric Chou,你，好不好？ - TVBS連續劇【遺憾拼圖】片尾曲,Sony Music Entertainment,23,48,224,89479,SG,Singapore,Q2,2021
49,spotify:track:3S8jK1mGzQi24ilFb45DAZ,"Justin Bieber, benny blanco",Lonely (with benny blanco),RBMG/Def Jam,5,43,25,88307,SG,Singapore,Q2,2021
50,spotify:track:6Xgq7MvZiet0hVi3KaDSgJ,"Justin Bieber, Chance the Rapper",Holy (feat. Chance The Rapper),RBMG/Def Jam,6,50,29,82197,SG,Singapore,Q2,2021
1,spotify:track:6PQ88X9TkUIAUIZJHW2upE,Ed Sheeran,Bad Habits,Atlantic Records UK,1,3,2,318256,SG,Singapore,Q3,2021
2,spotify:track:4ZtFanR9U6ndgddUvNcjcG,Olivia Rodrigo,good 4 u,Olivia Rodrigo PS,1,1,8,314306,SG,Singapore,Q3,2021
3,spotify:track:2bgTY4UwhfBYhGT4HUYStN,BTS,Butter,BIGHIT MUSIC,1,2,7,269076,SG,Singapore,Q3,2021
4,spotify:track:3DarAbFujv6eYNliUTyqtz,"Doja Cat, SZA",Kiss Me More (feat. SZA),Kemosabe Records/RCA Records,1,4,13,261766,SG,Singapore,Q3,2021
5,spotify:track:3Wrjm47oTz2sjIgck11l5e,Måneskin,Beggin',RCA Records Label,5,6,4,236121,SG,Singapore,Q3,2021
6,spotify:track:6HU7h9RYOaPRFeh0R3UeAr,Olivia Rodrigo,deja vu,Olivia Rodrigo PS,2,5,14,224169,SG,Singapore,Q3,2021
7,spotify:track:4iJyoBOLtHqaGxP12qzhQI,"Justin Bieber, Daniel Caesar, GIVĒON",Peaches (feat. Daniel Caesar & Giveon),RBMG/Def Jam,1,7,16,187357,SG,Singapore,Q3,2021
8,spotify:track:2tGvwE8GcFKwNdAXMnlbfl,Olivia Rodrigo,happier,Olivia Rodrigo PS,8,10,7,184465,SG,Singapore,Q3,2021
9,spotify:track:37BZB0z9T8Xu7U3e65qxFy,"The Weeknd, Ariana Grande",Save Your Tears (with Ariana Grande) (Remix),Republic Records,5,8,11,183784,SG,Singapore,Q3,2021
10,spotify:track:7MAibcTli4IisCtbHKrGMh,"Bruno Mars, Anderson .Paak, Silk Sonic",Leave The Door Open,Aftermath Entertainment/Atlantic,2,9,18,177183,SG,Singapore,Q3,2021
11,spotify:track:5ajjAnNRh8bxFvaVHzpPjh,Madison Beer,Reckless,Epic/Sing It Loud,11,20,5,169837,SG,Singapore,Q3,2021
12,spotify:track:5wANPM4fQCJwkGd4rN57mH,Olivia Rodrigo,drivers license,Olivia Rodrigo PS,1,11,26,169562,SG,Singapore,Q3,2021
13,spotify:track:5CZ40GBx1sQ9agT82CLQCT,Olivia Rodrigo,traitor,Olivia Rodrigo PS,9,16,7,161248,SG,Singapore,Q3,2021
14,spotify:track:7BoobGhD4x5K96Me0hqC8Q,Bella Poarch,Build a Bitch,Warner Records,6,12,8,160767,SG,Singapore,Q3,2021
15,spotify:track:4qu63nuBpdn0qHUHuObEj1,"Marshmello, Jonas Brothers",Leave Before You Love Me (with Jonas Brothers),Republic Records,15,17,7,159477,SG,Singapore,Q3,2021
16,spotify:track:2CVChktEKBsM6v4IfdFU5k,Dhruv,double take,Little Worry/RCA Records,16,35,5,158790,SG,Singapore,Q3,2021
17,spotify:track:5nujrmhLynf4yMoMtj8AQF,"Dua Lipa, DaBaby",Levitating (feat. DaBaby),Warner Records,10,13,39,158619,SG,Singapore,Q3,2021
18,spotify:track:67BtfxlNbhBmCDR2L2l8qd,Lil Nas X,MONTERO (Call Me By Your Name),Columbia,4,15,15,156949,SG,Singapore,Q3,2021
19,spotify:track:0k4d5YPDr1r7FX77VdqWez,"Doja Cat, The Weeknd",You Right,Kemosabe Records/RCA Records,14,14,2,156304,SG,Singapore,Q3,2021
20,spotify:track:2MJz8BxxMsERULatmBikDH,Pink Sweat$,At My Worst,Atlantic Records,2,18,37,139752,SG,Singapore,Q3,2021
21,spotify:track:3FAJ6O0NOHQV8Mc5Ri6ENp,GIVĒON,Heartbreak Anniversary,Epic/Not So Fast,1,19,26,137342,SG,Singapore,Q3,2021
22,spotify:track:0O7O4sssbFxoNoB4QRGra1,Ren Ran,飞鸟和蝉,北京千和世纪文化传播有限公司,7,24,47,136443,SG,Singapore,Q3,2021
23,spotify:track:0BGwAKW4u8kWOhWFflZxfl,Masked Wolf,Astronaut In The Ocean,Elektra (NEK),9,23,22,122963,SG,Singapore,Q3,2021
24,spotify:track:4saklk6nie3yiGePpBwUoc,BTS,Dynamite,BIGHIT MUSIC,1,21,46,122275,SG,Singapore,Q3,2021
25,spotify:track:5zFglKYiknIxks8geR8rcL,"Maroon 5, Megan Thee Stallion",Beautiful Mistakes (feat. Megan Thee Stallion),Interscope Records*,12,22,18,120341,SG,Singapore,Q3,2021
26,spotify:track:7qEHsqek33rTcFNT9PFqLf,Lewis Capaldi,Someone You Loved,Vertigo Berlin,4,27,129,111404,SG,Singapore,Q3,2021
27,spotify:track:1J14CdDAvBTE1AJYUOwl6C,Duncan Laurence,Arcade,"Universal Music, a division of Universal International Music BV",5,28,23,106207,SG,Singapore,Q3,2021
28,spotify:track:6nV2dFZXpv1JlqDWBeTXRl,KSI,Holiday,BMG Rights Management (US) LLC,15,26,3,104766,SG,Singapore,Q3,2021
29,spotify:track:3iPbmpKBMflYd7UjdYftoj,TWICE,Alcohol-Free,Republic Records - TWICE,9,25,5,104725,SG,Singapore,Q3,2021
30,spotify:track:4cSCMlCcY65zlz1ZPhqsCe,Eric Chou,離開你以後 - 電影《你的婚禮》插曲,Sony Music Entertainment,19,32,7,101988,SG,Singapore,Q3,2021
31,spotify:track:1aEsTgCsv8nOjEgyEoRCpS,"Jeremy Zucker, Chelsea Cutler",this is how you fall in love,Republic Records,8,30,25,100204,SG,Singapore,Q3,2021
32,spotify:track:1U6aNzlYxoCGGm7K6Nu9EE,"JJ Lin, Anne-Marie",Bedroom (feat. Anne-Marie),WM Taiwan,16,29,11,99246,SG,Singapore,Q3,2021
33,spotify:track:5JCoSi02qi3jJeHdZXMmR8,Olivia Rodrigo,favorite crime,Olivia Rodrigo PS,20,34,7,98542,SG,Singapore,Q3,2021
34,spotify:track:3OC84eKMxRJ4x0Hcwl9i4i,Crowd Lu,刻在我心底的名字 (Your Name Engraved Herein) - 電影<刻在你心底的名字>主題曲,Team Ear Music,1,31,43,96244,SG,Singapore,Q3,2021
35,spotify:track:2gMXnyrvIjhVBUZwvLZDMP,Lewis Capaldi,Before You Go,Vertigo Berlin,4,37,85,95782,SG,Singapore,Q3,2021
36,spotify:track:2zrhoHlFKxFTRF5aMyxMoQ,aespa,Next Level,SM Entertainment,25,36,8,91377,SG,Singapore,Q3,2021
37,spotify:track:1nahzW3kfMuwReTka28tH5,Justin Bieber,Hold On,RBMG/Def Jam,6,33,18,90742,SG,Singapore,Q3,2021
38,spotify:track:4cktbXiXOapiLBMprHFErI,Maroon 5,Memories,Interscope Records*,1,39,94,90688,SG,Singapore,Q3,2021
39,spotify:track:5cU1O9P0EDA0rPkPDykhIm,Eric Chou,怎麼了,Sony Music Entertainment,6,38,130,90202,SG,Singapore,Q3,2021
40,spotify:track:5zqObw7wjBgL9TDiAymxPn,"Anne-Marie, Niall Horan",Our Song,Atlantic Records/Asylum,37,41,7,88770,SG,Singapore,Q3,2021
41,spotify:track:2aTKrdenCq5qBOoJPFdn4P,Jamie Miller,Here's Your Perfect,Atlantic Records,41,66,3,88756,SG,Singapore,Q3,2021
42,spotify:track:2UbVnbE5FH6008mAm6Mmgw,OneRepublic,Run,Mosley Music/Interscope Records,37,48,9,86589,SG,Singapore,Q3,2021
43,spotify:track:7F1CiKqrY44kh5cDqwHOnx,"SLANDER, Dylan Matthew",Love Is Gone - Acoustic,Gud Vibrations / Create Music Group Inc.,12,49,41,84931,SG,Singapore,Q3,2021
44,spotify:track:31sSFHIe4NaxltVFOEIcTa,"Tate McRae, Khalid",working,RCA Records Label,42,42,3,83972,SG,Singapore,Q3,2021
45,spotify:track:2zI9NSx3dncJHCw0QClcx0,"New Hope Club, Danna Paola",Know Me Too Well,Hollywood Records/Virgin EMI,45,148,2,83887,SG,Singapore,Q3,2021
46,spotify:track:161DnLWsx1i3u1JT05lzqU,Bruno Mars,Talking to the Moon,Atlantic Records,24,47,18,83820,SG,Singapore,Q3,2021
47,spotify:track:45bE4HXI0AwGZXfZtMp8JR,Tate McRae,you broke me first,RCA Records Label,5,43,58,82505,SG,Singapore,Q3,2021
48,spotify:track:2gug6MRv4xQFYi9LA3PJCS,Eric Chou,你，好不好？ - TVBS連續劇【遺憾拼圖】片尾曲,Sony Music Entertainment,23,45,237,82148,SG,Singapore,Q3,2021
49,spotify:track:4xqrdfXkTW4T0RauPLv3WA,Conan Gray,Heather,Republic Records,2,46,54,81985,SG,Singapore,Q3,2021
50,spotify:track:2QdH0rKlV3d9Y6lWzcnlBH,ITZY,In the morning,Republic Records - ITZY,5,44,10,79838,SG,Singapore,Q3,2021
1,spotify:track:5PjdY0CKGZdEuoNab3yDmX,"The Kid LAROI, Justin Bieber",STAY (with Justin Bieber),Columbia,1,1,13,409406,SG,Singapore,Q4,2021
2,spotify:track:7hU3IHwjX150XLoTVmjD0q,LISA,MONEY,YG Entertainment/Interscope Records,2,4,4,324092,SG,Singapore,Q4,2021
3,spotify:track:3FeVmId7tL5YN8B7R3imoM,"Coldplay, BTS",My Universe,Parlophone UK,2,2,2,299515,SG,Singapore,Q4,2021
4,spotify:track:7uQZVznj0uQOGC9KhV2Mg6,LISA,LALISA,YG Entertainment/Interscope Records,2,3,4,258264,SG,Singapore,Q4,2021
5,spotify:track:5Z9KJZvQzH6PFmb8SNkxuk,"Lil Nas X, Jack Harlow",INDUSTRY BABY (feat. Jack Harlow),Columbia,2,5,11,252336,SG,Singapore,Q4,2021
6,spotify:track:59c0HrzmHfyQs6LgDw5cHe,ITZY,LOCO,Republic Records - ITZY,6,8,2,236297,SG,Singapore,Q4,2021
7,spotify:track:75MNhvTCCKsST3YqqUiU9r,Ed Sheeran,Shivers,Atlantic Records UK,4,6,4,235326,SG,Singapore,Q4,2021
8,spotify:track:02MWAaffLxlfxAUY7c5dvx,Glass Animals,Heat Waves,Polydor Records,5,7,38,225213,SG,Singapore,Q4,2021
9,spotify:track:6PQ88X9TkUIAUIZJHW2upE,Ed Sheeran,Bad Habits,Atlantic Records UK,1,9,15,202632,SG,Singapore,Q4,2021
10,spotify:track:2CVChktEKBsM6v4IfdFU5k,Dhruv,double take,Little Worry/RCA Records,2,11,18,188861,SG,Singapore,Q4,2021
11,spotify:track:0e8nrvls4Qqv5Rfa2UhqmO,Lil Nas X,THATS WHAT I WANT,Columbia,7,10,3,184224,SG,Singapore,Q4,2021
12,spotify:track:6pgqZ7Iw4LfHlfgWWaRFSY,TWICE,The Feels,Republic Records - TWICE,12,-1,1,183193,SG,Singapore,Q4,2021
13,spotify:track:2aTKrdenCq5qBOoJPFdn4P,Jamie Miller,Here's Your Perfect,Atlantic Records,7,13,16,168176,SG,Singapore,Q4,2021
14,spotify:track:6Uj1ctrBOjOas8xZXGqKk4,Doja Cat,Woman,Kemosabe Records/RCA Records,6,12,11,165090,SG,Singapore,Q4,2021
15,spotify:track:1uMHCAyGmHqyygoNRuo7MV,"bbno$, Rich Brian",edamame,bbno$,11,14,11,152700,SG,Singapore,Q4,2021
16,spotify:track:6TBJkXHPhu3EsMk1bshwuI,LeeHi,ONLY,"Genie Music Corporation, Stone Music Entertainment",16,23,3,150574,SG,Singapore,Q4,2021
17,spotify:track:1is8gU4RVcN4J8xItxWoOY,Clinton Kane,I GUESS I'M IN LOVE,Columbia,6,15,7,149831,SG,Singapore,Q4,2021
18,spotify:track:3DarAbFujv6eYNliUTyqtz,"Doja Cat, SZA",Kiss Me More (feat. SZA),Kemosabe Records/RCA Records,1,17,26,145323,SG,Singapore,Q4,2021
19,spotify:track:4ZtFanR9U6ndgddUvNcjcG,Olivia Rodrigo,good 4 u,Olivia Rodrigo PS,1,16,21,143695,SG,Singapore,Q4,2021
20,spotify:track:2Xr1dTzJee307rmrkt8c0g,CKay,love nwantiti (ah ah ah),Chocolate City Music,20,21,4,139620,SG,Singapore,Q4,2021
21,spotify:track:2eAvDnpXP5W0cVtiI0PUxV,Ruth B.,Dandelions,Columbia,19,19,30,132507,SG,Singapore,Q4,2021
22,spotify:track:4qu63nuBpdn0qHUHuObEj1,"Marshmello, Jonas Brothers",Leave Before You Love Me (with Jonas Brothers),Republic Records,12,20,20,129127,SG,Singapore,Q4,2021
23,spotify:track:3Vi5XqYrmQgOYBajMWSvCi,Doja Cat,Need to Know,Kemosabe Records/RCA Records,5,18,16,126827,SG,Singapore,Q4,2021
24,spotify:track:2MJz8BxxMsERULatmBikDH,Pink Sweat$,At My Worst,Atlantic Records,2,22,50,124895,SG,Singapore,Q4,2021
25,spotify:track:1IVj6CsBbTgOEpo0W6hgwN,张远,嘉賓,United Entertainment Group Limited,25,42,6,123127,SG,Singapore,Q4,2021
26,spotify:track:5CZ40GBx1sQ9agT82CLQCT,Olivia Rodrigo,traitor,Olivia Rodrigo PS,9,26,20,121030,SG,Singapore,Q4,2021
27,spotify:track:2bgTY4UwhfBYhGT4HUYStN,BTS,Butter,BIGHIT MUSIC,1,28,20,117286,SG,Singapore,Q4,2021
28,spotify:track:3Wrjm47oTz2sjIgck11l5e,Måneskin,Beggin',RCA Records Label,5,25,17,114883,SG,Singapore,Q4,2021
29,spotify:track:4RVwu0g32PAqgUiJoXsdF8,Billie Eilish,Happier Than Ever,Darkroom/Interscope Records,9,27,10,114301,SG,Singapore,Q4,2021
30,spotify:track:4iJyoBOLtHqaGxP12qzhQI,"Justin Bieber, Daniel Caesar, GIVĒON",Peaches (feat. Daniel Caesar & Giveon),RBMG/Def Jam,1,31,29,113039,SG,Singapore,Q4,2021
31,spotify:track:5eXBXreN3d1zdj6Sa8dS0u,BTS,Permission to Dance,BIGHIT MUSIC,1,24,13,112811,SG,Singapore,Q4,2021
32,spotify:track:5ajjAnNRh8bxFvaVHzpPjh,Madison Beer,Reckless,Epic/Sing It Loud,11,30,18,111971,SG,Singapore,Q4,2021
33,spotify:track:5wANPM4fQCJwkGd4rN57mH,Olivia Rodrigo,drivers license,Olivia Rodrigo PS,1,32,39,111192,SG,Singapore,Q4,2021
34,spotify:track:1SC5rEoYDGUK4NfG82494W,Lil Nas X,MONTERO (Call Me By Your Name),Columbia,4,29,28,110922,SG,Singapore,Q4,2021
35,spotify:track:0eu4C55hL6x29mmeAjytzC,Oliver Tree,Life Goes On,Atlantic Records,35,36,5,109663,SG,Singapore,Q4,2021
36,spotify:track:2m6Ko3CY1qXNNja8AlugNc,Troye Sivan,Angel Baby,EMI Recorded Music Australia Pty Ltd,33,33,4,109612,SG,Singapore,Q4,2021
37,spotify:track:6zSpb8dQRaw0M1dK8PBwQz,"Elton John, Dua Lipa, PNAU",Cold Heart - PNAU Remix,EMI,37,45,7,99995,SG,Singapore,Q4,2021
38,spotify:track:6HU7h9RYOaPRFeh0R3UeAr,Olivia Rodrigo,deja vu,Olivia Rodrigo PS,2,37,27,98216,SG,Singapore,Q4,2021
39,spotify:track:6XBL9naPxZjATbmGAWGJ9V,Ren Ran,飞鸟和蝉,北京千和世纪文化传播有限公司,7,41,60,98062,SG,Singapore,Q4,2021
40,spotify:track:7qEHsqek33rTcFNT9PFqLf,Lewis Capaldi,Someone You Loved,Vertigo Berlin,4,44,142,94955,SG,Singapore,Q4,2021
41,spotify:track:2zI9NSx3dncJHCw0QClcx0,"New Hope Club, Danna Paola",Know Me Too Well,Hollywood Records/Virgin EMI,24,39,15,94450,SG,Singapore,Q4,2021
42,spotify:track:5nujrmhLynf4yMoMtj8AQF,"Dua Lipa, DaBaby",Levitating (feat. DaBaby),Warner Records,10,38,52,93588,SG,Singapore,Q4,2021
43,spotify:track:37BZB0z9T8Xu7U3e65qxFy,"The Weeknd, Ariana Grande",Save Your Tears (with Ariana Grande) (Remix),Republic Records,5,43,24,92775,SG,Singapore,Q4,2021
44,spotify:track:7aonAWn0J0AJ47ZU9WHCXC,"Sub Urban, Bella Poarch",INFERNO,Warner Records,32,40,8,91074,SG,Singapore,Q4,2021
45,spotify:track:2bZIDMpzVooosmPHn0tHnd,STAYC,STEREOTYPE,High Up Entertainment,24,35,5,89892,SG,Singapore,Q4,2021
46,spotify:track:4saklk6nie3yiGePpBwUoc,BTS,Dynamite,BIGHIT MUSIC,1,48,59,87512,SG,Singapore,Q4,2021
47,spotify:track:0ClPIeT6MSgfSgQ9ZrJbAq,Charlie Puth,Cheating on You,Artist Partner,16,46,21,87490,SG,Singapore,Q4,2021
48,spotify:track:1lhm29o3syw122xynSKaAK,Sam Kim,Love Me Like That,ADA Korea,21,47,11,85060,SG,Singapore,Q4,2021
49,spotify:track:7MAibcTli4IisCtbHKrGMh,"Bruno Mars, Anderson .Paak, Silk Sonic",Leave The Door Open,Aftermath Entertainment/Atlantic,2,49,31,84273,SG,Singapore,Q4,2021
50,spotify:track:1Ov37jtRQ2YNAe8HzfczkL,Taylor Swift,Wildest Dreams (Taylor's Version),Taylor Swift,16,34,3,77922,SG,Singapore,Q4,2021
1,spotify:track:6XbuJHhqugUVdJbTdshUEL,Reynmen,Melek,Houze Istanbul,1,1,5,1358266,TR,Turkey,Q1,2021
2,spotify:track:2Aq4sw2LKalsQ7m4pzLZ88,Madrigal,Seni Dert Etmeler,AVRUPA MÜZİK YAPIM,2,2,39,1330088,TR,Turkey,Q1,2021
3,spotify:track:7ng3MkDXpSUVFQEhN6vtqG,Tuğkan,Kusura Bakma,ERM,2,3,10,1166861,TR,Turkey,Q1,2021
4,spotify:track:3wzk1F5yzkOl6aJE81pNkB,İkilem,Bir Sebebi Var,AVRUPA MÜZİK YAPIM,4,6,7,1083719,TR,Turkey,Q1,2021
5,spotify:track:350aUOZhGtTOK1dQbQFKNc,Ezhel,Allah’ından Bul,StageArt Europe,1,4,13,1007898,TR,Turkey,Q1,2021
6,spotify:track:3XeMdSHi48X0XsDHckDhIM,Contra,ıslak kum,667,5,5,8,990237,TR,Turkey,Q1,2021
7,spotify:track:4KhTyJ1cJeHaY4ZS2u3e6A,Pinhani,Dünyadan Uzak,BEĞENİ MÜZİK YAPIM,5,9,41,866899,TR,Turkey,Q1,2021
8,spotify:track:2huQiKGkgUfp4WjnVRSobL,UZI,Makina,M.O.B. Entertainment,8,10,6,837132,TR,Turkey,Q1,2021
9,spotify:track:67VXzMGtIrbj52tB6D4djH,emir taha,Huyu Suyu,Polydor Records,5,7,12,827654,TR,Turkey,Q1,2021
10,spotify:track:0RH1ZApXTLZmEexGJaBUX2,Sakiler,Dünyadan Uzak,Zeyn Music,10,32,2,823612,TR,Turkey,Q1,2021
11,spotify:track:5lylTIELvRSbDYKQyrOWBa,"Bilal Sonses, Yıldız Tilbe",Hasbelkader,Sonses Müzik,4,8,8,762423,TR,Turkey,Q1,2021
12,spotify:track:3aXTeIVnDvo2MT1xLTdGK3,Gazapizm,Unutulacak Dünler,Argo Yapım,1,11,48,729485,TR,Turkey,Q1,2021
13,spotify:track:2ReOPzZ5eaKbZjLhlMjxDT,"Mustafa Ceceli, Ekin Uzunlar",Öptüm Nefesinden,Doğan Müzik Yapim,11,12,4,707483,TR,Turkey,Q1,2021
14,spotify:track:5mfj5WeL3JYtjfExtOXkQ6,İkiye On Kala,Kafamda Kentsel Dönüşümler,Joojee,1,15,26,685616,TR,Turkey,Q1,2021
15,spotify:track:5jSjin6KJMH6WT68YnE7bW,Yaşlı Amca,Yıldızlara Bak,GARAJ,15,17,9,682356,TR,Turkey,Q1,2021
16,spotify:track:67r4nlknjr8J3gJzguAulY,BEGE,NAZAR,BEGE,1,13,6,664020,TR,Turkey,Q1,2021
17,spotify:track:3ujA1fUPLzTh6laI4SGCoW,BEGE,HARMAN,BEGE,2,16,12,654407,TR,Turkey,Q1,2021
18,spotify:track:3VQJS46K7ClaoJU4fza4Ou,"Ben Fero, Cash Flow",Üçe Beşe Bakamam,Ben Fero,18,-1,1,623727,TR,Turkey,Q1,2021
19,spotify:track:5wGp8DdUCDYKZXhQfuwEAl,Sefo,YOUNGSTAR,Columbia,19,-1,1,615312,TR,Turkey,Q1,2021
20,spotify:track:50yfuYbSeVQd3T34aUbG7u,Zeynep Bastık,Boş Yapma,Hypers,8,14,3,610187,TR,Turkey,Q1,2021
21,spotify:track:3DZ2ivlwnX8KDyRTmxLGfi,"Zeynep Bastık, Anıl Piyancı",Bırakman Doğru Mu 2,Hypers,2,18,7,591361,TR,Turkey,Q1,2021
22,spotify:track:1L7W7G37sxUhikHIJCgEMh,Evdeki Saat,Uzunlar - V1,AVRUPA MÜZİK YAPIM,19,21,33,578546,TR,Turkey,Q1,2021
23,spotify:track:0kjKKPlUlB4q54k0e7HoF8,"Gentleman, Luciano, Ezhel",Devam,Kingstone/Gentleman,1,19,16,558881,TR,Turkey,Q1,2021
24,spotify:track:3stdThAnYBXklYHWijURbn,Ati242,EVERE$T,PMC,24,-1,1,545879,TR,Turkey,Q1,2021
25,spotify:track:4LW7pZxqjg9y3W1k3tHCJv,Perdenin Ardındakiler,Beni Kendinden Kurtar,Yeşil Oda Yapım,25,26,55,543555,TR,Turkey,Q1,2021
26,spotify:track:2SNvFw3DuQxfeReepENclp,"Sıla, Yalın",Ver O Zaman Gömleklerimi,Y Prodüksiyon,26,-1,1,539094,TR,Turkey,Q1,2021
27,spotify:track:3JHzYXarT3Y3Fta58XNuXD,Mabel Matiz,Toy,Pose Records,5,20,12,529506,TR,Turkey,Q1,2021
28,spotify:track:6VIGABEcC3uzw0Bque9ux5,Xir,Sallan,Basemode Records,10,22,21,524742,TR,Turkey,Q1,2021
29,spotify:track:0y4qZpjvskqgvPY5Wc1mJU,"Zeynep Bastık, Emir Can İğrek",Dargın,Hypers,1,25,18,507653,TR,Turkey,Q1,2021
30,spotify:track:2BWjJ4Tv26am2QSzwRpQRk,Ceg,Ölümün Kuzeni,Whitechapel Müzik Organizasyon Ticaret Limited,6,23,4,500658,TR,Turkey,Q1,2021
31,spotify:track:3QWpTf2VIdELYUUiKJAXlI,Lia Shine,Ben Gibi Bakmaz,WBR,28,28,14,499199,TR,Turkey,Q1,2021
32,spotify:track:3UtxLgkmTZZkPr6scOEglC,Diyar Pala,Uzak Ol,Diyar Pala,20,24,12,494823,TR,Turkey,Q1,2021
33,spotify:track:087cds8zjbUmokjg2jdMOp,Kaan Boşnak,Bırakma Kendini,Hayırsız,9,29,38,486587,TR,Turkey,Q1,2021
34,spotify:track:3HEfzQob3O16TIDMPC8PTx,"Güneş, UZI",Dua,M.O.B. Entertainment,34,36,4,471734,TR,Turkey,Q1,2021
35,spotify:track:2OzcQ5gL1VNcOe7FkmE2St,Perdenin Ardındakiler,Kalbinde Birileri Var,Perdenin Ardındakiler,28,31,7,469518,TR,Turkey,Q1,2021
36,spotify:track:68DrWFjKkrn2W3mkIRP3bc,Serdar Ortaç,Mesafe,EMRE GRAFSON MÜZİK,36,51,35,465572,TR,Turkey,Q1,2021
37,spotify:track:3917xM4PvycBOYacEeJfXt,"Didomido, Eglo G",Nimet,WELOG SOCİAL,1,30,26,464806,TR,Turkey,Q1,2021
38,spotify:track:5DJEXxOutnFD5GEUVk88yE,Yüzyüzeyken Konuşuruz,Kazılı Kuyum,SONY MUSIC TURKEY,2,34,52,459125,TR,Turkey,Q1,2021
39,spotify:track:4YiW28JXKVnk0wGTLUfUz8,Canozan,Sar Bu Şehri - Akustik,Canozan,6,37,45,450863,TR,Turkey,Q1,2021
40,spotify:track:3aX0N8IdY9rECrbuuR4FMp,"Anıl Piyancı, Perdenin Ardındakiler",Yağmurlar,Yeşil Oda Yapım,5,38,39,440793,TR,Turkey,Q1,2021
41,spotify:track:7lmPbiKRN5aY5lOhq5Pq9s,Ceg,First Class,Whitechapel Müzik Organizasyon Ticaret Limited,4,27,7,433351,TR,Turkey,Q1,2021
42,spotify:track:5vGLcdRuSbUhD8ScwsGSdA,CJ,Whoopty,CJ Music Group/T-Series,42,52,5,419419,TR,Turkey,Q1,2021
43,spotify:track:0VjIjW4GlUZAMYd2vXMi3b,The Weeknd,Blinding Lights,Republic Records,14,42,58,418572,TR,Turkey,Q1,2021
44,spotify:track:5SYkeNpjhJPFUMOP5TK8iw,"Murda, Ezhel",Bi Sonraki Hayatımda Gel,Noah's Ark BV,1,39,50,406854,TR,Turkey,Q1,2021
45,spotify:track:4WaxccyM7lk1pmompcC8yR,Adamlar,Sarılırım Birine,GARAJ,41,48,91,398497,TR,Turkey,Q1,2021
46,spotify:track:46nUIq8brEPcaFAsBow4Ex,"Bedo, POS",Sana Ne,PMC,4,40,19,398238,TR,Turkey,Q1,2021
47,spotify:track:0FqKrH1lJPwSjFyLu8ndlN,Kendimden Hallice,Sakince Yoruldum,Buralar Değişik Records,47,64,4,392069,TR,Turkey,Q1,2021
48,spotify:track:7msHf1EMPuB73Pq8zQV4Gw,"Gülşen, EDIS",Nirvana,Doğan Müzik Yapim,3,53,19,384987,TR,Turkey,Q1,2021
49,spotify:track:3oQCBK7XlbmgqWa4YonX8S,MERO,Ben Elimi Sana Verdim,Groove Attack TraX,2,33,10,383215,TR,Turkey,Q1,2021
50,spotify:track:0YGzausz5cMhQDiJj1RQuv,Sezen Aksu,Ben De Yoluma Giderim,EMI - Kent Elektronik Sanayi ve Ticaret A.S.,2,68,46,377020,TR,Turkey,Q1,2021
1,spotify:track:5KfEZIfXixRmVadOEMfzum,EDIS,Martılar,EDS Company,1,1,2,2639249,TR,Turkey,Q2,2021
2,spotify:track:1r56JjG9mRobTXWfb7UGvO,Ezhel,Sakatat,StageArt Europe,2,-1,1,2397184,TR,Turkey,Q2,2021
3,spotify:track:4D36ZNHfLE3joglWbDLn5X,Tuğçe Kandemir,Ah Ellerim Kırılaydı,TTE Production,3,3,3,1502842,TR,Turkey,Q2,2021
4,spotify:track:5jvhTc0g18kwYQNUJM5C4e,UZI,Makina,M.O.B. Entertainment,2,2,19,1454663,TR,Turkey,Q2,2021
5,spotify:track:72t3CRd8YEFrlc3x0OVaob,UZI,Umrumda Değil,M.O.B. Entertainment,5,5,3,1419421,TR,Turkey,Q2,2021
6,spotify:track:5SrPeOqm3SBecyiAsI9HTT,"Reckol, cakal",Perros Blancos,Reckol Music,6,-1,1,1262147,TR,Turkey,Q2,2021
7,spotify:track:10n66m41IGjA2ZulKPK7Ew,Madrigal,Seni Dert Etmeler,AVRUPA MÜZİK YAPIM,1,6,52,1147662,TR,Turkey,Q2,2021
8,spotify:track:3VT8hOC5vuDXBsHrR53WFh,Masked Wolf,Astronaut In The Ocean,Elektra (NEK),1,4,12,1141465,TR,Turkey,Q2,2021
9,spotify:track:4a1WLOoydq7u011UG9jjC9,UZI,Krvn,M.O.B. Entertainment,9,9,3,982928,TR,Turkey,Q2,2021
10,spotify:track:3XeMdSHi48X0XsDHckDhIM,Contra,ıslak kum,667,4,8,21,941719,TR,Turkey,Q2,2021
11,spotify:track:7ng3MkDXpSUVFQEhN6vtqG,Tuğkan,Kusura Bakma,ERM,2,7,23,932820,TR,Turkey,Q2,2021
12,spotify:track:3HEfzQob3O16TIDMPC8PTx,"Güneş, UZI",Dua,M.O.B. Entertainment,11,11,17,900895,TR,Turkey,Q2,2021
13,spotify:track:032ncNwownsax2RsiC5iCN,"Murda, MERO",Gece Gündüz,Noah's Ark BV,6,10,10,753608,TR,Turkey,Q2,2021
14,spotify:track:3UtxLgkmTZZkPr6scOEglC,Diyar Pala,Uzak Ol,Diyar Pala,14,16,25,708274,TR,Turkey,Q2,2021
15,spotify:track:3kMcV1es4HbWcWBhcteJ8Z,"Batuflex, cakal",Dumanı Pasla,Batuflex & cakal,8,12,3,694256,TR,Turkey,Q2,2021
16,spotify:track:3lJOIGsFylH947nMpYzfGO,Buray,Alaz Alaz,GOMMA & WASP ENT.,16,39,4,687572,TR,Turkey,Q2,2021
17,spotify:track:3BZEcbdtXQSo7OrvKRJ6mb,Lil Nas X,MONTERO (Call Me By Your Name),Columbia,17,91,2,633328,TR,Turkey,Q2,2021
18,spotify:track:1pgSJ8yNeLCqyrCeix7caQ,"Tuğçe Kandemir, Eypio",Seni Öptüğüm Sokak,TTE Production,7,14,12,616045,TR,Turkey,Q2,2021
19,spotify:track:6XbuJHhqugUVdJbTdshUEL,Reynmen,Melek,Houze Istanbul,1,17,18,602856,TR,Turkey,Q2,2021
20,spotify:track:1sLJtaMAbXGdvHDiPjg0eq,Patron,Neyse Ne,PMC,20,-1,1,596736,TR,Turkey,Q2,2021
21,spotify:track:350aUOZhGtTOK1dQbQFKNc,Ezhel,Allah’ından Bul,StageArt Europe,1,23,26,592540,TR,Turkey,Q2,2021
22,spotify:track:1vLkBVAy8ZWrqcQjYTPP3a,Evdeki Saat,Uzunlar - V1,AVRUPA MÜZİK YAPIM,19,25,46,589533,TR,Turkey,Q2,2021
23,spotify:track:45psv4nJ95oCkdkp8UCkQk,Irmak Arıcı,Güya,DOĞAN MÜZİK YAPIM,23,37,3,588275,TR,Turkey,Q2,2021
24,spotify:track:4KhTyJ1cJeHaY4ZS2u3e6A,Pinhani,Dünyadan Uzak,BEĞENİ MÜZİK YAPIM,5,15,54,573139,TR,Turkey,Q2,2021
25,spotify:track:49h58JmgimzHHqH2BhI0Dk,Sagopa Kajmer,Onca Şeyin Ardından,Melankolia Müzik,25,36,2,568442,TR,Turkey,Q2,2021
26,spotify:track:1m5zdKxtqhzg3S4WdiHJeo,"cakal, Reckol",Glock,Perros Blancos,13,29,12,563609,TR,Turkey,Q2,2021
27,spotify:track:6tDDoYIxWvMLTdKpjFkc1B,Kali Uchis,telepatía,EMI / Interscope,18,18,5,557126,TR,Turkey,Q2,2021
28,spotify:track:4WixufiyHUgg1jFqkYop2K,İkilem,Bir Sebebi Var,AVRUPA MÜZİK YAPIM,4,19,20,557059,TR,Turkey,Q2,2021
29,spotify:track:0c4orZI2hBcd7VfkFB6FDI,"Perdenin Ardındakiler, Mark Eliyahu",Uzaklara Savrulalım,Perdenin Ardındakiler & Yeşil Oda Yapım,8,13,9,548335,TR,Turkey,Q2,2021
30,spotify:track:2QxaqKlNW0XZIjppSQJahw,Zeynep Bastık,Bana Sorma,Hypers,30,-1,1,527653,TR,Turkey,Q2,2021
31,spotify:track:2EiDxAtcTF4vHAr95ztZwU,Oğuzhan Koç,Hepsi Geçiyor,Hypers,4,27,12,523743,TR,Turkey,Q2,2021
32,spotify:track:5G5CKxNBvl6FRqNdVnmJUC,Kerimcan Durmaz,Peşimde,KCD Production,3,21,6,508980,TR,Turkey,Q2,2021
33,spotify:track:2xIC5DmTHaGBL83a9OUXM4,"Buray, Arem Ozguc, Arman Aydin",Senin Yüzünden,GOMMA,17,24,16,505380,TR,Turkey,Q2,2021
34,spotify:track:5KvWAPJDBNXzy5l1bywB7x,"BEGE, emir taha",B.S.G,BEGE,1,20,10,502069,TR,Turkey,Q2,2021
35,spotify:track:68DrWFjKkrn2W3mkIRP3bc,Serdar Ortaç,Mesafe,EMRE GRAFSON MÜZİK,18,26,48,497372,TR,Turkey,Q2,2021
36,spotify:track:4LW7pZxqjg9y3W1k3tHCJv,Perdenin Ardındakiler,Beni Kendinden Kurtar,Yeşil Oda Yapım,22,28,68,496133,TR,Turkey,Q2,2021
37,spotify:track:5hOHq0l62utc2aP7YSso2Y,Hadise,Olsun,PASAJ,13,30,7,488728,TR,Turkey,Q2,2021
38,spotify:track:7zrezWXOFZQt6c85kBrxW3,Tuğkan,Yazık,ERM,13,22,3,488646,TR,Turkey,Q2,2021
39,spotify:track:3aXTeIVnDvo2MT1xLTdGK3,Gazapizm,Unutulacak Dünler,Argo Yapım,1,35,61,479465,TR,Turkey,Q2,2021
40,spotify:track:6GKGoi0FHzldk1ZRQoV1fv,Tesher,Jalebi Baby,Capitol Records,40,44,3,466777,TR,Turkey,Q2,2021
41,spotify:track:3mcvBUQFQLzklDgU1bBnaW,Bilal Sonses,Şimdiki Aklım,Sonses Müzik,41,48,2,456986,TR,Turkey,Q2,2021
42,spotify:track:2qmdgQun2BbLmIRsQsedER,"Zen-G, Bayhan",İSTANBUL,SONY MUSIC TURKEY,17,33,4,456551,TR,Turkey,Q2,2021
43,spotify:track:5jSjin6KJMH6WT68YnE7bW,Yaşlı Amca,Yıldızlara Bak,GARAJ,15,41,22,445457,TR,Turkey,Q2,2021
44,spotify:track:087cds8zjbUmokjg2jdMOp,Kaan Boşnak,Bırakma Kendini,Hayırsız,9,42,51,444902,TR,Turkey,Q2,2021
45,spotify:track:6VIGABEcC3uzw0Bque9ux5,Xir,Sallan,Basemode Records,10,47,34,432372,TR,Turkey,Q2,2021
46,spotify:track:0RH1ZApXTLZmEexGJaBUX2,Sakiler,Dünyadan Uzak,Zeyn Music,3,31,15,432123,TR,Turkey,Q2,2021
47,spotify:track:3QWpTf2VIdELYUUiKJAXlI,Lia Shine,Ben Gibi Bakmaz,WBR,28,50,27,432041,TR,Turkey,Q2,2021
48,spotify:track:60ynsPSSKe6O3sfwRnIBRf,Doja Cat,Streets,Kemosabe Records/RCA Records,27,40,11,427761,TR,Turkey,Q2,2021
49,spotify:track:5NPg92vbjaGk4q9mh7MMEM,"Cem Adrian, Mark Eliyahu",Kül,SONY MUSIC TURKEY,15,46,11,425025,TR,Turkey,Q2,2021
50,spotify:track:5SYkeNpjhJPFUMOP5TK8iw,"Murda, Ezhel",Bi Sonraki Hayatımda Gel,Noah's Ark BV,1,58,63,403810,TR,Turkey,Q2,2021
1,spotify:track:1riBwVUqVsk5RGJ9iLN8cG,Ezhel,Bul Beni,StageArt Europe,1,-1,1,2754848,TR,Turkey,Q3,2021
2,spotify:track:3Wrjm47oTz2sjIgck11l5e,Måneskin,Beggin',RCA Records Label,1,1,5,1908001,TR,Turkey,Q3,2021
3,spotify:track:5jtqm1ZWbtyaUfhX9zc0ls,"Bedo, Patron",Ölebilirim,PMC,3,3,20,1869335,TR,Turkey,Q3,2021
4,spotify:track:4a1WLOoydq7u011UG9jjC9,UZI,Krvn,M.O.B. Entertainment,1,2,16,1665799,TR,Turkey,Q3,2021
5,spotify:track:5KfEZIfXixRmVadOEMfzum,EDIS,Martılar,EDS Company,1,4,15,1467572,TR,Turkey,Q3,2021
6,spotify:track:4Ou1xyvjbsmXUZ0UpC59OM,"Kurtuluş Kuş, Burak Bulut",Sevmedim Deme,Mahzen Media,6,6,4,1385514,TR,Turkey,Q3,2021
7,spotify:track:4pt5fDVTg5GhEvEtlz9dKk,Måneskin,I WANNA BE YOUR SLAVE,RCA Records Label,4,5,6,1382576,TR,Turkey,Q3,2021
8,spotify:track:3b8UW227uLkRDvd0w9e1Sw,Yüzyüzeyken Konuşuruz,Sen Varsın Diye,SONY MUSIC TURKEY,8,-1,1,1305949,TR,Turkey,Q3,2021
9,spotify:track:3HEfzQob3O16TIDMPC8PTx,"Güneş, UZI",Dua,M.O.B. Entertainment,3,10,30,1232518,TR,Turkey,Q3,2021
10,spotify:track:10n66m41IGjA2ZulKPK7Ew,Madrigal,Seni Dert Etmeler,AVRUPA MÜZİK YAPIM,1,16,65,1161286,TR,Turkey,Q3,2021
11,spotify:track:3Obq1XTegJy7ISrAA9VjQk,"Sefo, Reynmen",Bonita,Houze Istanbul,9,9,2,1143537,TR,Turkey,Q3,2021
12,spotify:track:3lJOIGsFylH947nMpYzfGO,Buray,Alaz Alaz,GOMMA & WASP ENT.,7,8,17,1135365,TR,Turkey,Q3,2021
13,spotify:track:0UN0qSJUnWWvIOgv3nYY2A,Kaan Boşnak,Barbar,Columbia,3,7,21,1120069,TR,Turkey,Q3,2021
14,spotify:track:72t3CRd8YEFrlc3x0OVaob,UZI,Umrumda Değil,M.O.B. Entertainment,2,11,16,1115006,TR,Turkey,Q3,2021
15,spotify:track:6zWHTeyazeysU2rNJ49vmz,Derya Uluğ,Kanunlar Gibi,DOĞAN MÜZİK YAPIM,11,13,10,1027468,TR,Turkey,Q3,2021
16,spotify:track:0qNeSaQsn2MzBppf6T8GdR,Batuflex,Dünya Hain,Batuflex,14,14,2,1001791,TR,Turkey,Q3,2021
17,spotify:track:6775h2mEBbRRXUAYG9P3bs,Yalın,Yaz Gülü,Y Prodüksiyon,3,12,6,955043,TR,Turkey,Q3,2021
18,spotify:track:0awjgmoviztbv4tnHUUzUE,Hadise,Hay Hay,PASAJ,8,15,3,935023,TR,Turkey,Q3,2021
19,spotify:track:1gLCVATJt0IT6aRuqZvrKt,Emir Can İğrek,Beyaz Skandalım,Hypers,16,18,5,910034,TR,Turkey,Q3,2021
20,spotify:track:5jvhTc0g18kwYQNUJM5C4e,UZI,Makina,M.O.B. Entertainment,2,17,32,886581,TR,Turkey,Q3,2021
21,spotify:track:0DiAIN5MAF39fpUVzL7o6u,Hayat,Müslüm,igroovemusic.com,21,43,2,880179,TR,Turkey,Q3,2021
22,spotify:track:34MM2UIWX7JOdI7NmnVNyD,Emir Can İğrek,Çiftetelli,Hypers,22,-1,1,866749,TR,Turkey,Q3,2021
23,spotify:track:67BtfxlNbhBmCDR2L2l8qd,Lil Nas X,MONTERO (Call Me By Your Name),Columbia,8,19,15,744163,TR,Turkey,Q3,2021
24,spotify:track:1vLkBVAy8ZWrqcQjYTPP3a,Evdeki Saat,Uzunlar - V1,AVRUPA MÜZİK YAPIM,19,27,59,738310,TR,Turkey,Q3,2021
25,spotify:track:2pqe4vRhVzf6lHN4rzOTiB,İbrahim Tatlıses,Tamam Aşkım,DOĞAN MÜZİK YAPIM,25,44,2,694305,TR,Turkey,Q3,2021
26,spotify:track:6w55Qrt9626sXuYs01trjl,"Batuflex, UZI, Lvbel C5, Critical",AMCAS RMX,Batuflex,12,22,8,660164,TR,Turkey,Q3,2021
27,spotify:track:7ii8zZXL1SvOzQCf0FHGow,Zeynep Bastık,Marlon Brando,Hypers,16,21,9,647321,TR,Turkey,Q3,2021
28,spotify:track:67ZwIUIM4se0mV5OT5ugsB,İkilem,Kaybolurum Gülüşünde,AVRUPA MÜZİK YAPIM,21,24,12,635970,TR,Turkey,Q3,2021
29,spotify:track:5rS3b5yHagEQGI7HqDusZ5,Sefo,toz duman,3TR6AP2,19,23,6,623766,TR,Turkey,Q3,2021
30,spotify:track:5nujrmhLynf4yMoMtj8AQF,"Dua Lipa, DaBaby",Levitating (feat. DaBaby),Warner Records,17,25,15,618447,TR,Turkey,Q3,2021
31,spotify:track:2AlPvpsWlG7dEfhfNf9qJR,maNga,Dünyanın Sonuna Doğmuşum,SONY MUSIC TURKEY,20,20,9,612315,TR,Turkey,Q3,2021
32,spotify:track:1Knoa94gtVFBucOd0n5US3,"Reckol, cakal",Perros Blancos,Reckol Music,4,32,14,607791,TR,Turkey,Q3,2021
33,spotify:track:3XeMdSHi48X0XsDHckDhIM,Contra,ıslak kum,667,4,28,34,583410,TR,Turkey,Q3,2021
34,spotify:track:7ng3MkDXpSUVFQEhN6vtqG,Tuğkan,Kusura Bakma,ERM,2,26,36,581634,TR,Turkey,Q3,2021
35,spotify:track:4WixufiyHUgg1jFqkYop2K,İkilem,Bir Sebebi Var,AVRUPA MÜZİK YAPIM,4,42,33,566034,TR,Turkey,Q3,2021
36,spotify:track:4ZtFanR9U6ndgddUvNcjcG,Olivia Rodrigo,good 4 u,Olivia Rodrigo PS,31,33,8,561902,TR,Turkey,Q3,2021
37,spotify:track:1YwRyNs61T8oPFyAmLbLCS,Sagopa Kajmer,Kim,Melankolia Müzik,37,-1,1,561862,TR,Turkey,Q3,2021
38,spotify:track:4HbGWKUGE4kZveaZ4IJOXQ,"Ati242, Şehinşah",GÜNEŞ,PMC,15,37,4,551482,TR,Turkey,Q3,2021
39,spotify:track:0AkvY8WDd022glmGKtP43y,Tuğba Yurt,Benim O,DOĞAN MÜZİK YAPIM,34,34,10,550895,TR,Turkey,Q3,2021
40,spotify:track:6KXCI6kj8Pj5zaJWcpXzKd,Organize,Mercedes-Benz,Mundo Music,29,29,13,547102,TR,Turkey,Q3,2021
41,spotify:track:4D36ZNHfLE3joglWbDLn5X,Tuğçe Kandemir,Ah Ellerim Kırılaydı,TTE Production,3,31,16,545325,TR,Turkey,Q3,2021
42,spotify:track:3DarAbFujv6eYNliUTyqtz,"Doja Cat, SZA",Kiss Me More (feat. SZA),Kemosabe Records/RCA Records,33,35,11,533898,TR,Turkey,Q3,2021
43,spotify:track:032ncNwownsax2RsiC5iCN,"Murda, MERO",Gece Gündüz,Noah's Ark BV,6,40,23,529142,TR,Turkey,Q3,2021
44,spotify:track:4MKL1sm8VqknemVs2yjs4M,Batuhan Kordel,Anıları Sakla,Batuhan Kordel,35,39,12,523219,TR,Turkey,Q3,2021
45,spotify:track:0BGwAKW4u8kWOhWFflZxfl,Masked Wolf,Astronaut In The Ocean,Elektra (NEK),1,30,25,499121,TR,Turkey,Q3,2021
46,spotify:track:350aUOZhGtTOK1dQbQFKNc,Ezhel,Allah’ından Bul,StageArt Europe,1,53,39,496502,TR,Turkey,Q3,2021
47,spotify:track:1m4nj2HR88dY4hleKc71qn,Ziynet Sali,Efkarım Var,DOĞAN MÜZİK YAPIM,26,36,15,484117,TR,Turkey,Q3,2021
48,spotify:track:62N782Va609fZ9aDAVIgvN,Reckol,Istediğim Olucak,Reckol Music,18,-1,3,481746,TR,Turkey,Q3,2021
49,spotify:track:4O0ciydImtiS58qOIxCSIi,Lvbel C5,dans,EMI - Kent Elektronik Sanayi ve Ticaret A.S.,41,48,3,477089,TR,Turkey,Q3,2021
50,spotify:track:0zSCWFgvPX3b3tmO1eVBA7,Ece Mumay,Peri,Dark'n Dark Music,47,47,4,464613,TR,Turkey,Q3,2021
1,spotify:track:2MvIexkUblP1QdpBzKot3N,UZI,CINDY,Ava Music / Avrupa Müzik,1,1,2,2963448,TR,Turkey,Q4,2021
2,spotify:track:3P0WmQXWzV3yqFyfgVolrT,Batuflex,Dalga,Batuflex,1,2,3,2779203,TR,Turkey,Q4,2021
3,spotify:track:6wbDn8NI3ygkOeDJiS0ASi,Sefo,Bilmem Mi?,3TR6AP2,1,3,13,2335502,TR,Turkey,Q4,2021
4,spotify:track:1jWXlhsOpwVGXtYUcI96tV,EDIS,Arıyorum,EDS Company,3,4,3,2076381,TR,Turkey,Q4,2021
5,spotify:track:7JFlVFtzAQQKXcgYRRhoKA,"Lvbel C5, Batuflex",ralli,EMI - Kent Elektronik Sanayi ve Ticaret A.S.,1,6,13,1762936,TR,Turkey,Q4,2021
6,spotify:track:1riBwVUqVsk5RGJ9iLN8cG,Ezhel,Bul Beni,StageArt Europe,1,5,14,1667831,TR,Turkey,Q4,2021
7,spotify:track:72t3CRd8YEFrlc3x0OVaob,UZI,Umrumda Değil,M.O.B. Entertainment,2,13,29,1573898,TR,Turkey,Q4,2021
8,spotify:track:5L9oweGjkwBg0Mt9ZU9OhW,BEGE,GECELERİN DERDİ,BEGE,4,8,26,1427192,TR,Turkey,Q4,2021
9,spotify:track:18yBnbSt7VvEVV3Hkm9xwV,cakal,Lütfen,NinetyFive,3,10,13,1353034,TR,Turkey,Q4,2021
10,spotify:track:7iPURFHXYLPT7vb5p3wLiz,"Ege Balkiz, Burry Soprano",Affet Beni Sevgilim,SolidTunes,7,9,8,1340729,TR,Turkey,Q4,2021
11,spotify:track:2coKk2gtpeK86rFNEtYjzP,"Reynmen, Zeynep Bastık, Arem Ozguc, Arman Aydin",Yalan,Houze Istanbul,7,7,2,1306888,TR,Turkey,Q4,2021
12,spotify:track:10n66m41IGjA2ZulKPK7Ew,Madrigal,Seni Dert Etmeler,AVRUPA MÜZİK YAPIM,1,11,78,1249999,TR,Turkey,Q4,2021
13,spotify:track:1vLkBVAy8ZWrqcQjYTPP3a,Evdeki Saat,Uzunlar - V1,AVRUPA MÜZİK YAPIM,11,14,72,1214811,TR,Turkey,Q4,2021
14,spotify:track:3b8UW227uLkRDvd0w9e1Sw,Yüzyüzeyken Konuşuruz,Sen Varsın Diye,SONY MUSIC TURKEY,4,15,14,1197548,TR,Turkey,Q4,2021
15,spotify:track:3HEfzQob3O16TIDMPC8PTx,"Güneş, UZI",Dua,M.O.B. Entertainment,3,22,43,1185582,TR,Turkey,Q4,2021
16,spotify:track:4a1WLOoydq7u011UG9jjC9,UZI,Krvn,M.O.B. Entertainment,1,20,29,1159065,TR,Turkey,Q4,2021
17,spotify:track:3Obq1XTegJy7ISrAA9VjQk,"Sefo, Reynmen",Bonita,Houze Istanbul,5,12,15,1148627,TR,Turkey,Q4,2021
18,spotify:track:4vKiDUH9yQnnDdD793DeNM,Ezhel,Mayrig,StageArt Europe,14,17,3,944730,TR,Turkey,Q4,2021
19,spotify:track:11PO9iu6PtpgL1JK4QNUEJ,Yüzyüzeyken Konuşuruz,Dinle Beni Bi',SONY MUSIC TURKEY,19,28,189,931426,TR,Turkey,Q4,2021
20,spotify:track:0GwSSml9L21vNI7VGLz1ae,"Motive, Murda",Ömrüm,Ava Music / Avrupa Müzik,10,16,5,893087,TR,Turkey,Q4,2021
21,spotify:track:7dxlHPdMeGZQDX70TK0jB5,Melek Mosso,Hayatım Kaymış,Piu Sound,18,18,8,883157,TR,Turkey,Q4,2021
22,spotify:track:1CHaheVKXgbu4kkAJov2m8,Sura İskenderli,YOK (Ee daha daha nasılsınız?),WediaCorp Music,19,19,5,854631,TR,Turkey,Q4,2021
23,spotify:track:5jtqm1ZWbtyaUfhX9zc0ls,"Bedo, Patron",Ölebilirim,PMC,3,21,33,853700,TR,Turkey,Q4,2021
24,spotify:track:5Z9KJZvQzH6PFmb8SNkxuk,"Lil Nas X, Jack Harlow",INDUSTRY BABY (feat. Jack Harlow),Columbia,24,26,11,813748,TR,Turkey,Q4,2021
25,spotify:track:2AwLtOEK3qqZlYTPdBFhke,Lvbel C5,Aynen Öyle,EMI - Kent Elektronik Sanayi ve Ticaret A.S.,25,31,14,782957,TR,Turkey,Q4,2021
26,spotify:track:5jvhTc0g18kwYQNUJM5C4e,UZI,Makina,M.O.B. Entertainment,2,35,45,765417,TR,Turkey,Q4,2021
27,spotify:track:5KfEZIfXixRmVadOEMfzum,EDIS,Martılar,EDS Company,1,25,28,760106,TR,Turkey,Q4,2021
28,spotify:track:3WY8ZHo8BfZqOaLmCYyBJo,Ati242,Tiki Taka Flow,PMC,28,-1,1,712883,TR,Turkey,Q4,2021
29,spotify:track:7usrRc80h2SFbDC5BU4Txp,"Kurtuluş Kuş, Burak Bulut",Baba Yak,Mahzen Media,17,23,5,709071,TR,Turkey,Q4,2021
30,spotify:track:6Uj1ctrBOjOas8xZXGqKk4,Doja Cat,Woman,Kemosabe Records/RCA Records,22,29,10,681511,TR,Turkey,Q4,2021
31,spotify:track:5rS3b5yHagEQGI7HqDusZ5,Sefo,toz duman,3TR6AP2,16,30,19,674135,TR,Turkey,Q4,2021
32,spotify:track:5GKPjeEbJOiV28JLtCe5hN,"Ati242, Batuflex, Lvbel C5, Motive, Murda",KHRBR,PMC,10,32,9,673452,TR,Turkey,Q4,2021
33,spotify:track:4gvrJnKCKIPiacNsWVQwEU,"CKay, Dj Yo!, AX'EL",love nwantiti (feat. Dj Yo! & AX'EL) - Remix,WM South Africa,33,51,3,661053,TR,Turkey,Q4,2021
34,spotify:track:5QfhqYAS8wmNnvFuOgLNRs,Cem Karaca,Bu Son Olsun,YAVUZ BURÇ PLAKÇILIK,34,39,22,655736,TR,Turkey,Q4,2021
35,spotify:track:1gLCVATJt0IT6aRuqZvrKt,Emir Can İğrek,Beyaz Skandalım,Hypers,16,43,18,645575,TR,Turkey,Q4,2021
36,spotify:track:1Xn2GNoMUPxjgxweGjypQ8,Yüzyüzeyken Konuşuruz,Son Seslenişim,SONY MUSIC TURKEY,15,24,3,637836,TR,Turkey,Q4,2021
37,spotify:track:03S0moTUyxwtznCNWOreb4,"Muti, UZI, Critical, Heijan",LE CANE,Ava Music,18,37,12,633143,TR,Turkey,Q4,2021
38,spotify:track:67ZwIUIM4se0mV5OT5ugsB,İkilem,Kaybolurum Gülüşünde,AVRUPA MÜZİK YAPIM,21,66,25,630670,TR,Turkey,Q4,2021
39,spotify:track:5nH7scL0E9sDQjGnNiTWMm,Lia Shine,Aden P2,WBR,35,38,13,626746,TR,Turkey,Q4,2021
40,spotify:track:0qNeSaQsn2MzBppf6T8GdR,Batuflex,Dünya Hain,Batuflex,14,42,13,614496,TR,Turkey,Q4,2021
41,spotify:track:03LlyuzR1zbPjMypv1Y1rp,Sakiler,Aşığın Kaderi,Zeyn Music,23,34,12,599538,TR,Turkey,Q4,2021
42,spotify:track:4CFYUqMwzV3ENIeLEpj2MU,"Lil Zey, Rosalie.",80 Kere,EMI - Kent Elektronik Sanayi ve Ticaret A.S.,23,27,4,583790,TR,Turkey,Q4,2021
43,spotify:track:0UN0qSJUnWWvIOgv3nYY2A,Kaan Boşnak,Barbar,Columbia,3,41,34,581564,TR,Turkey,Q4,2021
44,spotify:track:6w55Qrt9626sXuYs01trjl,"Batuflex, UZI, Lvbel C5, Critical",AMCAS RMX,Batuflex,12,40,21,581403,TR,Turkey,Q4,2021
45,spotify:track:3Wrjm47oTz2sjIgck11l5e,Måneskin,Beggin',RCA Records Label,1,47,18,565146,TR,Turkey,Q4,2021
46,spotify:track:7hU3IHwjX150XLoTVmjD0q,LISA,MONEY,YG Entertainment/Interscope Records,46,82,4,564088,TR,Turkey,Q4,2021
47,spotify:track:4MKL1sm8VqknemVs2yjs4M,Batuhan Kordel,Anıları Sakla,Batuhan Kordel,35,48,25,563944,TR,Turkey,Q4,2021
48,spotify:track:0zSCWFgvPX3b3tmO1eVBA7,Ece Mumay,Peri,Dark'n Dark Music,14,36,17,555638,TR,Turkey,Q4,2021
49,spotify:track:20xMGFi1F2jejmGYpDglfi,"Burak Bulut, Kurtuluş Kuş",Nabız,Mahzen Media,6,44,11,546581,TR,Turkey,Q4,2021
50,spotify:track:3Vi5XqYrmQgOYBajMWSvCi,Doja Cat,Need to Know,Kemosabe Records/RCA Records,19,46,12,543102,TR,Turkey,Q4,2021
1,spotify:track:3YJJjQPAbDT7mGpX3WtQ9A,SZA,Good Days,Top Dawg Entertainment/RCA Records,1,10,2,6323585,US,United States,Q1,2021
2,spotify:track:31qCy5ZaophVA81wtlwLc4,Justin Bieber,Anyone,RBMG/Def Jam,2,-1,1,6149984,US,United States,Q1,2021
3,spotify:track:6Im9k8u9iIzKMrmV7BWtlF,Ariana Grande,34+35,Republic Records,2,2,10,5606876,US,United States,Q1,2021
4,spotify:track:3tjFYV6RSFtuktYl3ZtYcq,"24kGoldn, iann dior",Mood (feat. iann dior),Records/Columbia,2,4,22,5583614,US,United States,Q1,2021
5,spotify:track:7hxHWCCAIIxFLCzvDgnQHX,"Internet Money, Gunna, Don Toliver, NAV",Lemonade (feat. NAV),Internet Money Records / TenThousand Projects,1,5,21,5368252,US,United States,Q1,2021
6,spotify:track:4MzXwWMhyBbmu6hOcLVD49,"Bad Bunny, JHAYCO",DÁKITI,Rimas Entertainment LLC,1,6,10,5161927,US,United States,Q1,2021
7,spotify:track:35mvY5S1H3J2QZyna3TFe0,Ariana Grande,positions,Republic Records,1,9,11,5102841,US,United States,Q1,2021
8,spotify:track:5vGLcdRuSbUhD8ScwsGSdA,CJ,Whoopty,CJ Music Group/T-Series,8,13,11,4877062,US,United States,Q1,2021
9,spotify:track:27OeeYzk6klgBh83TSvGMA,The Kid LAROI,WITHOUT YOU,Columbia,9,11,8,4777818,US,United States,Q1,2021
10,spotify:track:0VjIjW4GlUZAMYd2vXMi3b,The Weeknd,Blinding Lights,Republic Records,1,19,58,4440447,US,United States,Q1,2021
11,spotify:track:5nujrmhLynf4yMoMtj8AQF,"Dua Lipa, DaBaby",Levitating (feat. DaBaby),Warner Records,11,31,14,4422483,US,United States,Q1,2021
12,spotify:track:0PvFJmanyNQMseIFrU708S,"Pop Smoke, Lil Baby, DaBaby",For The Night (feat. Lil Baby & DaBaby),Victor Victor Worldwide,2,17,27,4156151,US,United States,Q1,2021
13,spotify:track:4Oun2ylbjFKMPTiaSbbCih,"Cardi B, Megan Thee Stallion",WAP (feat. Megan Thee Stallion),Atlantic/KSR,1,18,22,4075050,US,United States,Q1,2021
14,spotify:track:3Uo7WG0vmLQ07WB4BDwy7D,Taylor Swift,willow,Taylor Swift,1,14,4,4063837,US,United States,Q1,2021
15,spotify:track:1tkg4EHVoqnhR6iFEXb60y,Pop Smoke,What You Know Bout Love,Victor Victor Worldwide,6,20,19,3951385,US,United States,Q1,2021
16,spotify:track:54bFM56PmE4YLRnqpW6Tha,Billie Eilish,Therefore I Am,Darkroom/Interscope Records,1,25,8,3894603,US,United States,Q1,2021
17,spotify:track:0A1hoCfMLkiAgvhWkkucJa,Megan Thee Stallion,Body,300 Entertainment,13,22,7,3880068,US,United States,Q1,2021
18,spotify:track:2SAqBLGA283SUiwJ3xOUVI,"Drake, Lil Durk",Laugh Now Cry Later (feat. Lil Durk),OVO,2,23,21,3868635,US,United States,Q1,2021
19,spotify:track:6zFMeegAMYQo0mt8rXtrli,Lil Nas X,HOLIDAY,Columbia,14,16,8,3804112,US,United States,Q1,2021
20,spotify:track:7ytR5pFWmSjzHJIeQkgog4,"DaBaby, Roddy Ricch",ROCKSTAR (feat. Roddy Ricch),South Coast Music Group/Interscope Records,1,30,38,3541901,US,United States,Q1,2021
21,spotify:track:2U5WueTLIK5WJLD7mvDODv,Juice WRLD,Wishing Well,Grade A Productions/Interscope Records,1,32,26,3404248,US,United States,Q1,2021
22,spotify:track:2QjOHCTQ1Jl3zawyYOpxh6,The Neighbourhood,Sweater Weather,Columbia,22,35,20,3400346,US,United States,Q1,2021
23,spotify:track:22LAwLoDA5b4AaGSkg6bKW,Lil Mosey,Blueberry Faygo,Mogul Vision/Interscope Records,2,37,48,3150550,US,United States,Q1,2021
24,spotify:track:57VeLYXrvNxe8Vs18K2M9W,"Jack Harlow, Big Sean",Way Out (feat. Big Sean),Generation Now/Atlantic,24,44,4,3120455,US,United States,Q1,2021
25,spotify:track:2Y0wPrPQBrGhoLn14xRYCG,"Juice WRLD, Marshmello",Come & Go (with Marshmello),Grade A Productions/Interscope Records,1,36,26,3084736,US,United States,Q1,2021
26,spotify:track:3w1WjD2zJqjBjDz5fwqQPJ,Jack Harlow,Tyler Herro,Generation Now/Atlantic,9,45,11,3012027,US,United States,Q1,2021
27,spotify:track:4VXIryQMWpIdGgYR4TrjT1,Juice WRLD,All Girls Are The Same,Juice WRLD Mixtape / ISR P&D,13,39,141,2961057,US,United States,Q1,2021
28,spotify:track:5YSHygGN9D0mID1NsVd5my,"Juice WRLD, The Kid LAROI",Reminds Me Of You,Grade A Productions/Interscope Records,28,41,5,2957522,US,United States,Q1,2021
29,spotify:track:1HbA4N1MiOsPthALesGFR1,"Shawn Mendes, Justin Bieber",Monster (Shawn Mendes & Justin Bieber),Shawn Mendes LP4-5 PS/ Island,5,65,7,2947806,US,United States,Q1,2021
30,spotify:track:0sY6ZUTh4yoctD8VIXz339,Taylor Swift,champagne problems,Taylor Swift,2,34,4,2875906,US,United States,Q1,2021
31,spotify:track:0ZLuW8uOXdFNWcI40C0OC2,"Jack Harlow, Tory Lanez, DaBaby, Lil Wayne","Whats Poppin (feat. DaBaby, Tory Lanez & Lil Wayne) [Remix] - Bonus Track",Generation Now/Atlantic,2,53,29,2861265,US,United States,Q1,2021
32,spotify:track:2r6OAV3WsYtXuXjvJ1lIDi,"Pop Smoke, A Boogie Wit da Hoodie",Hello (feat. A Boogie Wit da Hoodie),Victor Victor Worldwide,32,64,18,2858702,US,United States,Q1,2021
33,spotify:track:6UelLqGlWMcVH1E5c4H7lY,Harry Styles,Watermelon Sugar,Columbia,4,73,60,2840470,US,United States,Q1,2021
34,spotify:track:0nbXyq5TXYPCO7pr3N8S4I,Roddy Ricch,The Box,Atlantic Records,1,49,57,2810078,US,United States,Q1,2021
35,spotify:track:21jGcNKet2qwijlDFuPiPb,Post Malone,Circles,Republic Records,1,66,71,2804775,US,United States,Q1,2021
36,spotify:track:45bE4HXI0AwGZXfZtMp8JR,Tate McRae,you broke me first,RCA Records Label,16,63,25,2783099,US,United States,Q1,2021
37,spotify:track:7kDUspsoYfLkWnZR7qwHZl,"mgk, blackbear",my ex's best friend (with blackbear),Bad Boy/Interscope Records,11,71,22,2773001,US,United States,Q1,2021
38,spotify:track:285pBltuF7vW8TeWk8hdRR,Juice WRLD,Lucid Dreams,Juice WRLD Mixtape / ISR P&D,1,48,140,2769384,US,United States,Q1,2021
39,spotify:track:3UoULw70kMsiVXxW0L3A33,Ariana Grande,pov,Republic Records,8,50,10,2754127,US,United States,Q1,2021
40,spotify:track:6IBcOGPsniK3Pso1wHIhew,Luke Combs,Forever After All,River House Artists/Columbia Nashville,2,56,11,2740228,US,United States,Q1,2021
41,spotify:track:4xqrdfXkTW4T0RauPLv3WA,Conan Gray,Heather,Republic Records,9,61,27,2720201,US,United States,Q1,2021
42,spotify:track:6AGOKlMZWLCaEJGnaROtF9,Ritt Momney,Put Your Records On,Columbia,16,77,17,2706892,US,United States,Q1,2021
43,spotify:track:4aarlAfLKVCTxUDNgbwhjH,"Megan Thee Stallion, DaBaby",Cry Baby (feat. DaBaby),300 Entertainment,43,86,5,2660651,US,United States,Q1,2021
44,spotify:track:4y4spB9m0Q6026KfkAvy9Q,"Justin Bieber, benny blanco",Lonely (with benny blanco),Friends Keep Secrets/Def Jam Recordings/Interscope Records,8,80,12,2651993,US,United States,Q1,2021
45,spotify:track:30KctD1WsHKTIYczXjip5a,Kid Cudi,Tequila Shots,Republic Records,10,43,4,2626837,US,United States,Q1,2021
46,spotify:track:3qgPpwtuRu5oP8EtFSj8HE,The Kid LAROI,SO DONE,Columbia,13,68,11,2612974,US,United States,Q1,2021
47,spotify:track:6Hj9jySrnFppAI0sEMCZpJ,Juice WRLD,Robbery,Grade A Productions/Interscope Records,3,59,99,2592895,US,United States,Q1,2021
48,spotify:track:02MWAaffLxlfxAUY7c5dvx,Glass Animals,Heat Waves,Polydor Records,48,90,6,2591076,US,United States,Q1,2021
49,spotify:track:0SErdEdRcVX1uJCf1eTGYH,Morgan Wallen,Somebody’s Problem,Morgan Wallen,10,79,7,2587814,US,United States,Q1,2021
50,spotify:track:0E4Y1XIbs8GrAT1YqVy6dq,Ed Sheeran,Afterglow,Atlantic Records UK,50,57,2,2543629,US,United States,Q1,2021
1,spotify:track:3BZEcbdtXQSo7OrvKRJ6mb,Lil Nas X,MONTERO (Call Me By Your Name),Columbia,1,1,2,14538057,US,United States,Q2,2021
2,spotify:track:4iJyoBOLtHqaGxP12qzhQI,"Justin Bieber, Daniel Caesar, GIVĒON",Peaches (feat. Daniel Caesar & Giveon),RBMG/Def Jam,1,2,3,11843594,US,United States,Q2,2021
3,spotify:track:61KpQadow081I2AsbeLcsb,Olivia Rodrigo,deja vu,Olivia Rodrigo PS,3,-1,1,8916140,US,United States,Q2,2021
4,spotify:track:1M4OcYkxAtu3ErzSgDEfoi,Cardi B,Up,Atlantic Records,3,3,9,7055344,US,United States,Q2,2021
5,spotify:track:3VT8hOC5vuDXBsHrR53WFh,Masked Wolf,Astronaut In The Ocean,Elektra (NEK),4,4,9,6786324,US,United States,Q2,2021
6,spotify:track:3J8EOeKLTLXORtWPpOU5bE,"Lil Tjay, 6LACK",Calling My Phone,Columbia,1,7,8,6248820,US,United States,Q2,2021
7,spotify:track:5nujrmhLynf4yMoMtj8AQF,"Dua Lipa, DaBaby",Levitating (feat. DaBaby),Warner Records,7,9,27,6166000,US,United States,Q2,2021
8,spotify:track:7MAibcTli4IisCtbHKrGMh,"Bruno Mars, Anderson .Paak, Silk Sonic",Leave The Door Open,Aftermath Entertainment/Atlantic,4,6,5,5996454,US,United States,Q2,2021
9,spotify:track:6tDDoYIxWvMLTdKpjFkc1B,Kali Uchis,telepatía,EMI / Interscope,4,5,8,5806178,US,United States,Q2,2021
10,spotify:track:3FAJ6O0NOHQV8Mc5Ri6ENp,GIVĒON,Heartbreak Anniversary,Epic/Not So Fast,10,10,9,5711623,US,United States,Q2,2021
11,spotify:track:7lPN2DXiMsVn7XUKtOW1CS,Olivia Rodrigo,drivers license,Olivia Rodrigo PS,1,8,13,5682358,US,United States,Q2,2021
12,spotify:track:3aQem4jVGdhtg116TmJnHz,Drake,What’s Next,OVO,1,13,5,5291172,US,United States,Q2,2021
13,spotify:track:5QO79kh1waicV47BqGRL3g,The Weeknd,Save Your Tears,Republic Records,2,12,19,5249292,US,United States,Q2,2021
14,spotify:track:3YJJjQPAbDT7mGpX3WtQ9A,SZA,Good Days,Top Dawg Entertainment/RCA Records,1,14,15,4975399,US,United States,Q2,2021
15,spotify:track:60ynsPSSKe6O3sfwRnIBRf,Doja Cat,Streets,Kemosabe Records/RCA Records,3,11,13,4962785,US,United States,Q2,2021
16,spotify:track:02MWAaffLxlfxAUY7c5dvx,Glass Animals,Heat Waves,Polydor Records,15,19,19,4699184,US,United States,Q2,2021
17,spotify:track:2etHQJxIbV0soyPhelVs9Y,"Saweetie, Doja Cat",Best Friend (feat. Doja Cat),ICY/Warner Records,12,21,13,4694986,US,United States,Q2,2021
18,spotify:track:4eNOLmx8r2IJAVKvBBL1jv,"Lil Tjay, Polo G, Fivio Foreign",Headshot (feat. Polo G & Fivio Foreign),Columbia,18,27,3,4539026,US,United States,Q2,2021
19,spotify:track:1nahzW3kfMuwReTka28tH5,Justin Bieber,Hold On,RBMG/Def Jam,3,16,5,4478521,US,United States,Q2,2021
20,spotify:track:65OVbaJR5O1RmwOQx0875b,"Drake, Lil Baby",Wants and Needs (feat. Lil Baby),OVO,2,15,5,4377180,US,United States,Q2,2021
21,spotify:track:4yyX2Iu4xJjW9xMvBZKSBi,"Demi Lovato, Ariana Grande",Met Him Last Night (feat. Ariana Grande),Island Records,21,-1,1,4303217,US,United States,Q2,2021
22,spotify:track:7FGdjbZ32vMybPuP0IuE7d,"Pooh Shiesty, Lil Durk",Back in Blood (feat. Lil Durk),Atlantic Records,9,22,13,4296401,US,United States,Q2,2021
23,spotify:track:0VjIjW4GlUZAMYd2vXMi3b,The Weeknd,Blinding Lights,Republic Records,1,23,71,4083029,US,United States,Q2,2021
24,spotify:track:4MzXwWMhyBbmu6hOcLVD49,"Bad Bunny, JHAYCO",DÁKITI,Rimas Entertainment LLC,1,25,23,3686889,US,United States,Q2,2021
25,spotify:track:4jPy3l0RUwlUI9T5XHBW2m,"24kGoldn, iann dior",Mood (feat. iann dior),Records/Columbia,2,24,35,3622979,US,United States,Q2,2021
26,spotify:track:6F2r4HgpJnvKDmkN6JEN6J,"Justin Bieber, Khalid",As I Am (feat. Khalid),RBMG/Def Jam,2,18,3,3589644,US,United States,Q2,2021
27,spotify:track:27OeeYzk6klgBh83TSvGMA,The Kid LAROI,WITHOUT YOU,Columbia,8,28,21,3528528,US,United States,Q2,2021
28,spotify:track:1dg3qy5DjoJodawfOCgrTP,"Lil Tjay, Offset, Moneybagg Yo",Run It Up (feat. Offset & Moneybagg Yo),Columbia,28,-1,1,3504289,US,United States,Q2,2021
29,spotify:track:7HsjuVBM93Z2RoxjpWLgTT,"Rod Wave, Polo G",Richer (feat. Polo G),Alamo,20,20,2,3350690,US,United States,Q2,2021
30,spotify:track:1tkg4EHVoqnhR6iFEXb60y,Pop Smoke,What You Know Bout Love,Victor Victor Worldwide,6,34,32,3160844,US,United States,Q2,2021
31,spotify:track:7hxHWCCAIIxFLCzvDgnQHX,"Internet Money, Gunna, Don Toliver, NAV",Lemonade (feat. NAV),Internet Money Records / TenThousand Projects,1,33,34,3127308,US,United States,Q2,2021
32,spotify:track:4Iedi94TIaB2GGb1nMB68v,Lil Baby,On Me,Quality Control Music/Motown Records,28,39,18,3112524,US,United States,Q2,2021
33,spotify:track:6fRxMU4LWwyaSSowV441IU,"Maroon 5, Megan Thee Stallion",Beautiful Mistakes (feat. Megan Thee Stallion),Interscope Records*,33,47,4,3036962,US,United States,Q2,2021
34,spotify:track:2WnAKZefdRHxtBEkRjFOHC,Justin Bieber,Anyone,RBMG/Def Jam,2,29,14,3025875,US,United States,Q2,2021
35,spotify:track:6Xgq7MvZiet0hVi3KaDSgJ,"Justin Bieber, Chance the Rapper",Holy (feat. Chance The Rapper),RBMG/Def Jam,3,31,29,2978896,US,United States,Q2,2021
36,spotify:track:2QjOHCTQ1Jl3zawyYOpxh6,The Neighbourhood,Sweater Weather,Columbia,19,35,33,2977057,US,United States,Q2,2021
37,spotify:track:5uEYRdEIh9Bo4fpjDd4Na9,"Travis Scott, HVME",Goosebumps - Remix,Cactus Jack/Epic,36,45,12,2975243,US,United States,Q2,2021
38,spotify:track:7kDUspsoYfLkWnZR7qwHZl,"mgk, blackbear",my ex's best friend (with blackbear),Bad Boy/Interscope Records,11,41,35,2927013,US,United States,Q2,2021
39,spotify:track:0PvFJmanyNQMseIFrU708S,"Pop Smoke, Lil Baby, DaBaby",For The Night (feat. Lil Baby & DaBaby),Victor Victor Worldwide,2,36,40,2908375,US,United States,Q2,2021
40,spotify:track:7ytR5pFWmSjzHJIeQkgog4,"DaBaby, Roddy Ricch",ROCKSTAR (feat. Roddy Ricch),South Coast Music Group/Interscope Records,1,40,51,2877473,US,United States,Q2,2021
41,spotify:track:4Oun2ylbjFKMPTiaSbbCih,"Cardi B, Megan Thee Stallion",WAP (feat. Megan Thee Stallion),Atlantic/KSR,1,37,35,2870563,US,United States,Q2,2021
42,spotify:track:1VLtjHwRWOVJiE5Py7JxoQ,Polo G,Martin & Gina,Columbia,23,49,36,2857268,US,United States,Q2,2021
43,spotify:track:35mvY5S1H3J2QZyna3TFe0,Ariana Grande,positions,Republic Records,1,43,24,2844465,US,United States,Q2,2021
44,spotify:track:1diS6nkxMQc3wwC4G1j0bh,Dua Lipa,We're Good,Warner Records,20,44,8,2804462,US,United States,Q2,2021
45,spotify:track:6Im9k8u9iIzKMrmV7BWtlF,Ariana Grande,34+35,Republic Records,2,42,23,2782803,US,United States,Q2,2021
46,spotify:track:6toQdWWc4noiOk3Eo5mVDS,"SpotemGottem, DaBaby",Beat Box 3 (feat. DaBaby),Rebel Music PS,33,38,6,2758540,US,United States,Q2,2021
47,spotify:track:1t9WgS8FN0534tLBRwbaxO,CJ,Whoopty,Warner Records,4,32,24,2744920,US,United States,Q2,2021
48,spotify:track:2SAqBLGA283SUiwJ3xOUVI,"Drake, Lil Durk",Laugh Now Cry Later (feat. Lil Durk),OVO,2,46,34,2744846,US,United States,Q2,2021
49,spotify:track:7l2tmgUhV7Y2aJHjiszifg,Taylor Swift,Mr. Perfectly Fine (Taylor’s Version) (From The Vault),Taylor Swift,49,-1,1,2672685,US,United States,Q2,2021
50,spotify:track:6vFsBXYczYsP0H3lgunZOm,Beach Bunny,Cloud 9,Mom+Pop,50,56,4,2671030,US,United States,Q2,2021
1,spotify:track:4ZtFanR9U6ndgddUvNcjcG,Olivia Rodrigo,good 4 u,Olivia Rodrigo PS,1,1,8,12960250,US,United States,Q3,2021
2,spotify:track:3DarAbFujv6eYNliUTyqtz,"Doja Cat, SZA",Kiss Me More (feat. SZA),Kemosabe Records/RCA Records,1,2,13,8876571,US,United States,Q3,2021
3,spotify:track:6HU7h9RYOaPRFeh0R3UeAr,Olivia Rodrigo,deja vu,Olivia Rodrigo PS,2,5,14,6926114,US,United States,Q3,2021
4,spotify:track:5nujrmhLynf4yMoMtj8AQF,"Dua Lipa, DaBaby",Levitating (feat. DaBaby),Warner Records,4,6,40,6828872,US,United States,Q3,2021
5,spotify:track:67BtfxlNbhBmCDR2L2l8qd,Lil Nas X,MONTERO (Call Me By Your Name),Columbia,1,9,15,6632746,US,United States,Q3,2021
6,spotify:track:18vXApRmJSgQ6wG2ll9AOg,Polo G,RAPSTAR,Columbia,1,7,13,6498615,US,United States,Q3,2021
7,spotify:track:5CZ40GBx1sQ9agT82CLQCT,Olivia Rodrigo,traitor,Olivia Rodrigo PS,3,13,7,6458471,US,United States,Q3,2021
8,spotify:track:3Wrjm47oTz2sjIgck11l5e,Måneskin,Beggin',RCA Records Label,8,29,3,6331645,US,United States,Q3,2021
9,spotify:track:0k4d5YPDr1r7FX77VdqWez,"Doja Cat, The Weeknd",You Right,Kemosabe Records/RCA Records,4,4,2,6168667,US,United States,Q3,2021
10,spotify:track:6PQ88X9TkUIAUIZJHW2upE,Ed Sheeran,Bad Habits,Atlantic Records UK,8,8,2,5932293,US,United States,Q3,2021
11,spotify:track:5zNW5ARjYhJQJz1AChP33n,Megan Thee Stallion,Thot Shit,300 Entertainment,11,15,4,5609259,US,United States,Q3,2021
12,spotify:track:5B0kgjHULYJhAQkK5XsMoC,"Tyler, The Creator, YoungBoy Never Broke Again, Ty Dolla $ign",WUSYANAME (feat. Youngboy Never Broke Again & Ty Dolla $ign),Columbia,3,3,2,5508588,US,United States,Q3,2021
13,spotify:track:5lAnYvAIkSDNXqfo7DyFUm,Doja Cat,Ain't Shit,Kemosabe Records/RCA Records,11,11,2,5466737,US,United States,Q3,2021
14,spotify:track:02MWAaffLxlfxAUY7c5dvx,Glass Animals,Heat Waves,Polydor Records,12,18,32,5302849,US,United States,Q3,2021
15,spotify:track:65OVbaJR5O1RmwOQx0875b,"Drake, Lil Baby",Wants and Needs (feat. Lil Baby),OVO,2,17,18,5270908,US,United States,Q3,2021
16,spotify:track:5JCoSi02qi3jJeHdZXMmR8,Olivia Rodrigo,favorite crime,Olivia Rodrigo PS,5,26,7,5095844,US,United States,Q3,2021
17,spotify:track:2JPLbjOn0wPCngEot2STUS,Bad Bunny,Yonaguni,Rimas Entertainment LLC,5,19,5,5071572,US,United States,Q3,2021
18,spotify:track:4iJyoBOLtHqaGxP12qzhQI,"Justin Bieber, Daniel Caesar, GIVĒON",Peaches (feat. Daniel Caesar & Giveon),RBMG/Def Jam,1,23,16,4956776,US,United States,Q3,2021
19,spotify:track:2tGvwE8GcFKwNdAXMnlbfl,Olivia Rodrigo,happier,Olivia Rodrigo PS,5,27,7,4641121,US,United States,Q3,2021
20,spotify:track:5RwV8BvLfX5injfqYodke9,Rauw Alejandro,Todo De Ti,Sony Music Latin/Duars Entertainment,18,22,6,4481572,US,United States,Q3,2021
21,spotify:track:6SRsiMl7w1USE4mFqrOhHC,Olivia Rodrigo,brutal,Olivia Rodrigo PS,4,31,7,4410777,US,United States,Q3,2021
22,spotify:track:5wANPM4fQCJwkGd4rN57mH,Olivia Rodrigo,drivers license,Olivia Rodrigo PS,1,32,26,4345047,US,United States,Q3,2021
23,spotify:track:7MAibcTli4IisCtbHKrGMh,"Bruno Mars, Anderson .Paak, Silk Sonic",Leave The Door Open,Aftermath Entertainment/Atlantic,4,37,18,4197270,US,United States,Q3,2021
24,spotify:track:0BGwAKW4u8kWOhWFflZxfl,Masked Wolf,Astronaut In The Ocean,Elektra (NEK),4,34,22,4043813,US,United States,Q3,2021
25,spotify:track:37BZB0z9T8Xu7U3e65qxFy,"The Weeknd, Ariana Grande",Save Your Tears (with Ariana Grande) (Remix),Republic Records,5,36,11,4039518,US,United States,Q3,2021
26,spotify:track:0MMyJUC3WNnFS1lit5pTjk,Olivia Rodrigo,"jealousy, jealousy",Olivia Rodrigo PS,10,40,7,3975256,US,United States,Q3,2021
27,spotify:track:1QL7nSDZCwZMnbisV4KOXt,"WILLOW, Travis Barker",t r a n s p a r e n t s o u l feat. Travis Barker,"MSFTSMusic / Roc Nation Records, LLC",20,35,8,3895620,US,United States,Q3,2021
28,spotify:track:2bgTY4UwhfBYhGT4HUYStN,BTS,Butter,BIGHIT MUSIC,13,39,7,3701922,US,United States,Q3,2021
29,spotify:track:3Vi5XqYrmQgOYBajMWSvCi,Doja Cat,Need to Know,Kemosabe Records/RCA Records,17,24,4,3660112,US,United States,Q3,2021
30,spotify:track:0cu0rhnlCnJ7JIeHRiLpj3,DaBaby,Ball If I Want To,South Coast Music Group/Interscope Records,28,57,3,3648809,US,United States,Q3,2021
31,spotify:track:1EJIcDYXwSqipW5dFe4uJz,"DJ Khaled, Lil Baby, Lil Durk",EVERY CHANCE I GET (feat. Lil Baby & Lil Durk),Epic/We The Best,24,58,10,3609431,US,United States,Q3,2021
32,spotify:track:1YDebgap5OFwXEBG18NJvy,DaBaby,Red Light Green Light,South Coast Music Group/Interscope Records,32,42,2,3487781,US,United States,Q3,2021
33,spotify:track:3FAJ6O0NOHQV8Mc5Ri6ENp,GIVĒON,Heartbreak Anniversary,Epic/Not So Fast,9,44,22,3323093,US,United States,Q3,2021
34,spotify:track:0VjIjW4GlUZAMYd2vXMi3b,The Weeknd,Blinding Lights,Republic Records,1,52,84,3237960,US,United States,Q3,2021
35,spotify:track:2BITQ360Knh6qNAOqR7Dyq,"Trippie Redd, Playboi Carti",Miss The Rage,"1400 Entertainment, Inc. / 10K Projects",4,48,9,3189781,US,United States,Q3,2021
36,spotify:track:5zFglKYiknIxks8geR8rcL,"Maroon 5, Megan Thee Stallion",Beautiful Mistakes (feat. Megan Thee Stallion),Interscope Records*,29,46,17,3129059,US,United States,Q3,2021
37,spotify:track:7nc7mlSdWYeFom84zZ8Wr8,"Cochise, $NOT",Tell Em,Columbia,26,54,6,3108542,US,United States,Q3,2021
38,spotify:track:7z4xW9WY86uH3gd1V9pfCM,"Tyler, The Creator, Lil Uzi Vert, Pharrell Williams",JUGGERNAUT (feat. Lil Uzi Vert & Pharrell Williams),Columbia,10,10,2,3091555,US,United States,Q3,2021
39,spotify:track:20BOju91NaEFK5Py4VJ2pp,"Saweetie, Doja Cat",Best Friend (feat. Doja Cat),ICY/Warner Records,12,49,26,3064931,US,United States,Q3,2021
40,spotify:track:2TOzTqQXNmR2zDJXihjZ2e,Olivia Rodrigo,enough for you,Olivia Rodrigo PS,6,50,7,3064133,US,United States,Q3,2021
41,spotify:track:1fxYz1s15pyZLsJT0Hdh1m,Roddy Ricch,late at night,Atlantic Records,24,53,5,3013772,US,United States,Q3,2021
42,spotify:track:48WidxP9CqyYtk97pwGZ3c,"Brent Faiyaz, Drake, The Neptunes",Wasting Time ( feat. Drake & The Neptunes ),Lost kids,42,-1,1,2990783,US,United States,Q3,2021
43,spotify:track:1M4OcYkxAtu3ErzSgDEfoi,Cardi B,Up,Atlantic Records,3,55,22,2957555,US,United States,Q3,2021
44,spotify:track:0NmuYnjETG3u3qx0OmEJev,"Nelly, Florida Georgia Line",Lil Bit,Records/Columbia,44,66,11,2866556,US,United States,Q3,2021
45,spotify:track:4qu63nuBpdn0qHUHuObEj1,"Marshmello, Jonas Brothers",Leave Before You Love Me (with Jonas Brothers),Republic Records,45,59,7,2792067,US,United States,Q3,2021
46,spotify:track:4MzXwWMhyBbmu6hOcLVD49,"Bad Bunny, JHAYCO",DÁKITI,Rimas Entertainment LLC,1,62,36,2769037,US,United States,Q3,2021
47,spotify:track:7BoobGhD4x5K96Me0hqC8Q,Bella Poarch,Build a Bitch,Warner Records,28,56,8,2705257,US,United States,Q3,2021
48,spotify:track:4jPy3l0RUwlUI9T5XHBW2m,"24kGoldn, iann dior",Mood (feat. iann dior),Records/Columbia,2,78,48,2668630,US,United States,Q3,2021
49,spotify:track:7EkWXAI1wn8Ii883ecd9xr,Surf Curse,Freaks,Surf Curse,49,77,11,2659963,US,United States,Q3,2021
50,spotify:track:6tDDoYIxWvMLTdKpjFkc1B,Kali Uchis,telepatía,EMI / Interscope,4,60,21,2654923,US,United States,Q3,2021
1,spotify:track:5Z9KJZvQzH6PFmb8SNkxuk,"Lil Nas X, Jack Harlow",INDUSTRY BABY (feat. Jack Harlow),Columbia,1,1,11,10346423,US,United States,Q4,2021
2,spotify:track:5PjdY0CKGZdEuoNab3yDmX,"The Kid LAROI, Justin Bieber",STAY (with Justin Bieber),Columbia,1,3,13,8805462,US,United States,Q4,2021
3,spotify:track:2BcMwX1MPV6ZHP4tUT9uq6,"Drake, 21 Savage, Project Pat",Knife Talk (with 21 Savage ft. Project Pat),OVO,2,4,5,8219699,US,United States,Q4,2021
4,spotify:track:0k1WUmIRnG3xU6fvvDVfRG,"Drake, Future, Young Thug",Way 2 Sexy (with Future & Young Thug),OVO,1,2,5,8147757,US,United States,Q4,2021
5,spotify:track:02MWAaffLxlfxAUY7c5dvx,Glass Animals,Heat Waves,Polydor Records,5,5,45,7214318,US,United States,Q4,2021
6,spotify:track:4ZtFanR9U6ndgddUvNcjcG,Olivia Rodrigo,good 4 u,Olivia Rodrigo PS,1,7,21,5727192,US,United States,Q4,2021
7,spotify:track:3Vi5XqYrmQgOYBajMWSvCi,Doja Cat,Need to Know,Kemosabe Records/RCA Records,4,10,17,5659718,US,United States,Q4,2021
8,spotify:track:0e8nrvls4Qqv5Rfa2UhqmO,Lil Nas X,THATS WHAT I WANT,Columbia,4,6,3,5280799,US,United States,Q4,2021
9,spotify:track:3QFInJAm9eyaho5vBzxInN,"Baby Keem, Kendrick Lamar",family ties (with Kendrick Lamar),Columbia,8,9,6,5129911,US,United States,Q4,2021
10,spotify:track:40iJIUlhi6renaREYGeIDS,"Drake, Travis Scott",Fair Trade (with Travis Scott),OVO,3,8,5,5078518,US,United States,Q4,2021
11,spotify:track:3DarAbFujv6eYNliUTyqtz,"Doja Cat, SZA",Kiss Me More (feat. SZA),Kemosabe Records/RCA Records,1,13,26,5054317,US,United States,Q4,2021
12,spotify:track:07MDkzWARZaLEdKxo6yArG,"THE ANXIETY, WILLOW, Tyler Cole",Meet Me At Our Spot,"MSFTSMusic / Roc Nation Records, LLC",12,12,7,4915878,US,United States,Q4,2021
13,spotify:track:1SC5rEoYDGUK4NfG82494W,Lil Nas X,MONTERO (Call Me By Your Name),Columbia,1,11,28,4914458,US,United States,Q4,2021
14,spotify:track:6Uj1ctrBOjOas8xZXGqKk4,Doja Cat,Woman,Kemosabe Records/RCA Records,14,14,15,4636766,US,United States,Q4,2021
15,spotify:track:4XvcHTUfIlWfyJTRG0aqlo,Sleepy Hallow,2055,Winners Circle/RCA Records,8,17,16,4341974,US,United States,Q4,2021
16,spotify:track:4RVwu0g32PAqgUiJoXsdF8,Billie Eilish,Happier Than Ever,Darkroom/Interscope Records,3,18,10,4253723,US,United States,Q4,2021
17,spotify:track:6PQ88X9TkUIAUIZJHW2upE,Ed Sheeran,Bad Habits,Atlantic Records UK,7,21,15,4125257,US,United States,Q4,2021
18,spotify:track:37Nqx7iavZpotJSDXZWbJ3,"Drake, Lil Baby",Girls Want Girls (with Lil Baby),OVO,1,15,5,4123941,US,United States,Q4,2021
19,spotify:track:75MNhvTCCKsST3YqqUiU9r,Ed Sheeran,Shivers,Atlantic Records UK,15,20,4,4057147,US,United States,Q4,2021
20,spotify:track:5CZ40GBx1sQ9agT82CLQCT,Olivia Rodrigo,traitor,Olivia Rodrigo PS,3,24,20,3895394,US,United States,Q4,2021
21,spotify:track:6Hfu9sc7jvv6coyy2LlzBF,"Kanye West, The Weeknd, Lil Baby",Hurricane,Rock The World/IDJ/Kanye LP7,1,16,6,3893368,US,United States,Q4,2021
22,spotify:track:2B4GHvToeLTOBB4QLzW3Ni,Farruko,Pepas,Sony Music Latin,20,23,11,3851874,US,United States,Q4,2021
23,spotify:track:3Wrjm47oTz2sjIgck11l5e,Måneskin,Beggin',RCA Records Label,5,25,16,3636790,US,United States,Q4,2021
24,spotify:track:5nujrmhLynf4yMoMtj8AQF,"Dua Lipa, DaBaby",Levitating (feat. DaBaby),Warner Records,4,26,53,3584791,US,United States,Q4,2021
25,spotify:track:37y7iDayfwm3WXn5BiAoRk,Steve Lacy,Dark Red,Three Quarter,25,29,9,3580861,US,United States,Q4,2021
26,spotify:track:3T9BKc4kB7ukeNQrCqv6ZV,"Meek Mill, Lil Durk, Lil Baby",Sharing Locations (feat. Lil Baby & Lil Durk),MMG/Atlantic,26,44,6,3563523,US,United States,Q4,2021
27,spotify:track:0lnpnsrVaW9elGgRxpDCgE,Walker Hayes,Fancy Like,Monument Records,22,33,15,3556679,US,United States,Q4,2021
28,spotify:track:0W6I02J9xcqK8MtSeosEXb,Doja Cat,Get Into It (Yuh),Kemosabe Records/RCA Records,18,30,15,3439623,US,United States,Q4,2021
29,spotify:track:3NqBxTOMCJ3zW9CIP51td4,"Eslabon Armado, DannyLux",Jugaste y Sufrí,DEL Records,29,42,7,3405467,US,United States,Q4,2021
30,spotify:track:3FeVmId7tL5YN8B7R3imoM,"Coldplay, BTS",My Universe,Parlophone UK,19,19,2,3276104,US,United States,Q4,2021
31,spotify:track:0eu4C55hL6x29mmeAjytzC,Oliver Tree,Life Goes On,Atlantic Records,31,45,4,3251873,US,United States,Q4,2021
32,spotify:track:18vXApRmJSgQ6wG2ll9AOg,Polo G,RAPSTAR,Columbia,1,34,26,3194490,US,United States,Q4,2021
33,spotify:track:2QjOHCTQ1Jl3zawyYOpxh6,The Neighbourhood,Sweater Weather,Columbia,19,36,59,3151303,US,United States,Q4,2021
34,spotify:track:2Xr1dTzJee307rmrkt8c0g,CKay,love nwantiti (ah ah ah),Chocolate City Music,34,53,3,3148864,US,United States,Q4,2021
35,spotify:track:7CC6UbCs4iGsePSzFxYxNn,Kanye West,Moon,Rock The World/IDJ/Kanye LP7,6,27,6,3088200,US,United States,Q4,2021
36,spotify:track:5W8HXMOMLtXLz0RGKUtnlZ,"Skylar Grey, Polo G, Mozzy, Eminem","Last One Standing (feat. Polo G, Mozzy & Eminem) - From Venom: Let There Be Carnage",Shady Records/Interscope Records,36,-1,1,2995656,US,United States,Q4,2021
37,spotify:track:30QR0ndUdiiMQMA9g1PGCm,$uicideboy$,"...And to Those I Love, Thanks for Sticking Around",G59 Records,37,51,28,2974818,US,United States,Q4,2021
38,spotify:track:2DTpP3caqX3QdJIEoS83mD,"Joyner Lucas, J. Cole",Your Heart,Twenty Nine Music Group,22,22,2,2967620,US,United States,Q4,2021
39,spotify:track:5lAnYvAIkSDNXqfo7DyFUm,Doja Cat,Ain't Shit,Kemosabe Records/RCA Records,4,40,15,2926831,US,United States,Q4,2021
40,spotify:track:6HU7h9RYOaPRFeh0R3UeAr,Olivia Rodrigo,deja vu,Olivia Rodrigo PS,2,35,27,2885293,US,United States,Q4,2021
41,spotify:track:65OVbaJR5O1RmwOQx0875b,"Drake, Lil Baby",Wants and Needs (feat. Lil Baby),OVO,2,38,31,2874566,US,United States,Q4,2021
42,spotify:track:7EkWXAI1wn8Ii883ecd9xr,Surf Curse,Freaks,Surf Curse,31,41,24,2809537,US,United States,Q4,2021
43,spotify:track:2HSmyk2qMN8WQjuGhaQgCk,Drake,Champagne Poetry,OVO,4,32,5,2767965,US,United States,Q4,2021
44,spotify:track:4eL3XeuGaEoVT8ttDh3hwY,"Gunna, Future",too easy,300 Entertainment,28,28,2,2756399,US,United States,Q4,2021
45,spotify:track:6zSpb8dQRaw0M1dK8PBwQz,"Elton John, Dua Lipa, PNAU",Cold Heart - PNAU Remix,EMI,45,48,7,2724881,US,United States,Q4,2021
46,spotify:track:62vpWI1CHwFy7tMIcSStl8,J. Cole,No Role Modelz,Roc Nation Records LLC,45,47,191,2706210,US,United States,Q4,2021
47,spotify:track:5wANPM4fQCJwkGd4rN57mH,Olivia Rodrigo,drivers license,Olivia Rodrigo PS,1,50,39,2559779,US,United States,Q4,2021
48,spotify:track:2tUL6dZf1mywCj5WvCPZw6,Drake,No Friends In The Industry,OVO,9,37,5,2554413,US,United States,Q4,2021
49,spotify:track:5SixeLvPsYpk7qq9lo5xYg,Chlöe,Have Mercy,Parkwood Entertainment/Columbia,43,43,4,2540065,US,United States,Q4,2021
50,spotify:track:4iJyoBOLtHqaGxP12qzhQI,"Justin Bieber, Daniel Caesar, GIVĒON",Peaches (feat. Daniel Caesar & Giveon),RBMG/Def Jam,1,46,29,2535303,US,United States,Q4,2021
1,spotify:track:7hxHWCCAIIxFLCzvDgnQHX,"Internet Money, Gunna, Don Toliver, NAV",Lemonade (feat. NAV),Internet Money Records / TenThousand Projects,1,2,21,73576,ZA,South Africa,Q1,2021
2,spotify:track:3tjFYV6RSFtuktYl3ZtYcq,"24kGoldn, iann dior",Mood (feat. iann dior),Records/Columbia,1,4,21,68729,ZA,South Africa,Q1,2021
3,spotify:track:0VjIjW4GlUZAMYd2vXMi3b,The Weeknd,Blinding Lights,Republic Records,1,3,58,65668,ZA,South Africa,Q1,2021
4,spotify:track:6f3Slt0GbA2bPZlz0aIFXN,Tiësto,The Business,Atlantic Records,4,9,12,58583,ZA,South Africa,Q1,2021
5,spotify:track:6zFMeegAMYQo0mt8rXtrli,Lil Nas X,HOLIDAY,Columbia,5,14,8,57457,ZA,South Africa,Q1,2021
6,spotify:track:6cx06DFPPHchuUAcTxznu9,"Joel Corry, MNEK",Head & Heart (feat. MNEK),Atlantic Records UK,5,10,25,57052,ZA,South Africa,Q1,2021
7,spotify:track:27OeeYzk6klgBh83TSvGMA,The Kid LAROI,WITHOUT YOU,Columbia,7,18,6,53752,ZA,South Africa,Q1,2021
8,spotify:track:3pLUJWBRx9PBdphuNxn3Ka,Blaq Diamond,Summer YoMuthi,Ambitiouz Entertainment,8,8,7,50863,ZA,South Africa,Q1,2021
9,spotify:track:35mvY5S1H3J2QZyna3TFe0,Ariana Grande,positions,Republic Records,2,17,11,50113,ZA,South Africa,Q1,2021
10,spotify:track:7ytR5pFWmSjzHJIeQkgog4,"DaBaby, Roddy Ricch",ROCKSTAR (feat. Roddy Ricch),South Coast Music Group/Interscope Records,1,19,38,48071,ZA,South Africa,Q1,2021
11,spotify:track:0PvFJmanyNQMseIFrU708S,"Pop Smoke, Lil Baby, DaBaby",For The Night (feat. Lil Baby & DaBaby),Victor Victor Worldwide,3,25,27,48044,ZA,South Africa,Q1,2021
12,spotify:track:5vGLcdRuSbUhD8ScwsGSdA,CJ,Whoopty,CJ Music Group/T-Series,12,29,10,47902,ZA,South Africa,Q1,2021
13,spotify:track:5IvqTpprgCdj6dcw588MPZ,"Soa Mattrix, Soulful G, Shaun 101",uThando,Gaba Cannal Music Inc.,1,1,18,46660,ZA,South Africa,Q1,2021
14,spotify:track:1tkg4EHVoqnhR6iFEXb60y,Pop Smoke,What You Know Bout Love,Victor Victor Worldwide,5,23,26,45781,ZA,South Africa,Q1,2021
15,spotify:track:2SAqBLGA283SUiwJ3xOUVI,"Drake, Lil Durk",Laugh Now Cry Later (feat. Lil Durk),OVO,1,26,21,45099,ZA,South Africa,Q1,2021
16,spotify:track:6UelLqGlWMcVH1E5c4H7lY,Harry Styles,Watermelon Sugar,Columbia,12,22,60,44961,ZA,South Africa,Q1,2021
17,spotify:track:0zLCBJZSiELJf02ucPP9wb,"SAINt JHN, Imanbek",Roses - Imanbek Remix,Craft Recordings,3,24,56,43588,ZA,South Africa,Q1,2021
18,spotify:track:54bFM56PmE4YLRnqpW6Tha,Billie Eilish,Therefore I Am,Darkroom/Interscope Records,1,30,8,43319,ZA,South Africa,Q1,2021
19,spotify:track:0kNOuZYnpu1RiQTWXUUzE8,"Major League Djz, Abidoza, Mpho Sebina",Dinaledi,Universal Music (Pty) Ltd.,7,7,9,41108,ZA,South Africa,Q1,2021
20,spotify:track:45bE4HXI0AwGZXfZtMp8JR,Tate McRae,you broke me first,RCA Records Label,14,40,26,40870,ZA,South Africa,Q1,2021
21,spotify:track:7qEHsqek33rTcFNT9PFqLf,Lewis Capaldi,Someone You Loved,Vertigo Berlin,7,33,104,40767,ZA,South Africa,Q1,2021
22,spotify:track:3H7ihDc1dqLriiWXwsc2po,"Topic, A7S",Breaking Me,Intercord,9,28,40,40306,ZA,South Africa,Q1,2021
23,spotify:track:1ORbu4FMNtNn0ZmwaCmiPb,"Big Zulu, Riky Rick, Intaba Yase Dubai",Mali Eningi,Nkabi Records,1,5,6,39924,ZA,South Africa,Q1,2021
24,spotify:track:2U5WueTLIK5WJLD7mvDODv,Juice WRLD,Wishing Well,Grade A Productions/Interscope Records,4,48,26,39921,ZA,South Africa,Q1,2021
25,spotify:track:6Im9k8u9iIzKMrmV7BWtlF,Ariana Grande,34+35,Republic Records,18,44,10,38696,ZA,South Africa,Q1,2021
26,spotify:track:31qCy5ZaophVA81wtlwLc4,Justin Bieber,Anyone,RBMG/Def Jam,26,-1,1,37729,ZA,South Africa,Q1,2021
27,spotify:track:10sQHZ1h3LYoNGGMDSDx49,"Reece Madlisa, Zuma, Mr JazziQ, Busta 929",Sithi Sithi,Black Is Brown,6,6,9,37385,ZA,South Africa,Q1,2021
28,spotify:track:4saklk6nie3yiGePpBwUoc,BTS,Dynamite,BIGHIT MUSIC,7,39,20,37226,ZA,South Africa,Q1,2021
29,spotify:track:5nujrmhLynf4yMoMtj8AQF,"Dua Lipa, DaBaby",Levitating (feat. DaBaby),Warner Records,29,56,13,36511,ZA,South Africa,Q1,2021
30,spotify:track:4Oun2ylbjFKMPTiaSbbCih,"Cardi B, Megan Thee Stallion",WAP (feat. Megan Thee Stallion),Atlantic/KSR,1,41,22,36445,ZA,South Africa,Q1,2021
31,spotify:track:4KHNX2uuE1USVfokLMjlry,"9umba, Mr JazziQ, Zuma, Mpura",uLazi,Black Is Brown,11,11,7,35333,ZA,South Africa,Q1,2021
32,spotify:track:1rgnBhdG2JDFTbYkYRZAku,Tones And I,Dance Monkey,Elektra (NEK),1,31,75,35083,ZA,South Africa,Q1,2021
33,spotify:track:6ft4hAq6yde8jPZY2i5zLr,"MEDUZA, Dermot Kennedy",Paradise (feat. Dermot Kennedy),Universal-Island Records Ltd.,33,53,10,34778,ZA,South Africa,Q1,2021
34,spotify:track:3qgPpwtuRu5oP8EtFSj8HE,The Kid LAROI,SO DONE,Columbia,34,61,11,34170,ZA,South Africa,Q1,2021
35,spotify:track:3am2BKue6ewiBUxjkPEAQd,"Tyler ICU, Nicole Elocin, Kabza De Small, DJ Maphorisa",Bella Ciao (feat. Kabza De Small & DJ Maphorisa),New Money Gang Records,13,13,15,33605,ZA,South Africa,Q1,2021
36,spotify:track:5rZlwNFl01HqLWBQGryKSm,"Pop Smoke, Lil Tjay",Mood Swings (feat. Lil Tjay),Victor Victor Worldwide,7,51,27,33513,ZA,South Africa,Q1,2021
37,spotify:track:59qrUpoplZxbIZxk6X0Bm3,Jason Derulo,Take You Dancing,Atlantic Records,26,58,24,33112,ZA,South Africa,Q1,2021
38,spotify:track:0E4Y1XIbs8GrAT1YqVy6dq,Ed Sheeran,Afterglow,Atlantic Records UK,38,54,2,32848,ZA,South Africa,Q1,2021
39,spotify:track:5u1n1kITHCxxp8twBcZxWy,"Justin Bieber, Chance the Rapper",Holy (feat. Chance The Rapper),RBMG/Def Jam,12,45,16,32598,ZA,South Africa,Q1,2021
40,spotify:track:3YJJjQPAbDT7mGpX3WtQ9A,SZA,Good Days,Top Dawg Entertainment/RCA Records,40,166,2,32355,ZA,South Africa,Q1,2021
41,spotify:track:1xQ6trAsedVPCdbtDAmk0c,"Jawsh 685, Jason Derulo",Savage Love (Laxed - Siren Beat),Columbia,3,47,30,32207,ZA,South Africa,Q1,2021
42,spotify:track:1HbA4N1MiOsPthALesGFR1,"Shawn Mendes, Justin Bieber",Monster (Shawn Mendes & Justin Bieber),Shawn Mendes LP4-5 PS/ Island,11,63,7,32163,ZA,South Africa,Q1,2021
43,spotify:track:1IIKrJVP1C9N7iPtG6eOsK,"Chris Brown, Young Thug",Go Crazy,Chris Brown Entertainment/300 Entertainment/RCA Records,4,52,35,32014,ZA,South Africa,Q1,2021
44,spotify:track:2Y0wPrPQBrGhoLn14xRYCG,"Juice WRLD, Marshmello",Come & Go (with Marshmello),Grade A Productions/Interscope Records,2,67,26,31913,ZA,South Africa,Q1,2021
45,spotify:track:21jGcNKet2qwijlDFuPiPb,Post Malone,Circles,Republic Records,1,55,71,31775,ZA,South Africa,Q1,2021
46,spotify:track:2b8fOow8UzyDFAE27YhOZM,Maroon 5,Memories,Interscope Records*,2,57,68,31462,ZA,South Africa,Q1,2021
47,spotify:track:20McUFi8KCIVdNDLrkTDuZ,HVME,Goosebumps,Columbia/B1 Recordings,47,75,6,31275,ZA,South Africa,Q1,2021
48,spotify:track:79s5XnCN4TJKTVMSmOx8Ep,Pop Smoke,Dior,Victor Victor Worldwide/Republic Records,7,60,46,31156,ZA,South Africa,Q1,2021
49,spotify:track:6EDO9iiTtwNv6waLwa1UUq,"DJ Khaled, Drake",POPSTAR (feat. Drake),OVO/We The Best/Epic,1,59,25,30996,ZA,South Africa,Q1,2021
50,spotify:track:22LAwLoDA5b4AaGSkg6bKW,Lil Mosey,Blueberry Faygo,Mogul Vision/Interscope Records,5,66,48,30087,ZA,South Africa,Q1,2021
1,spotify:track:4iJyoBOLtHqaGxP12qzhQI,"Justin Bieber, Daniel Caesar, GIVĒON",Peaches (feat. Daniel Caesar & Giveon),RBMG/Def Jam,1,1,3,122250,ZA,South Africa,Q2,2021
2,spotify:track:3BZEcbdtXQSo7OrvKRJ6mb,Lil Nas X,MONTERO (Call Me By Your Name),Columbia,2,10,2,114706,ZA,South Africa,Q2,2021
3,spotify:track:4nLJnkaFq9VNYVz1SxJsXi,"De Mthuda, Sir Trill, Da Muziqal Chef",John Wick,Universal Music (Pty) Ltd.,2,2,8,92006,ZA,South Africa,Q2,2021
4,spotify:track:7zJYbquljYLkTShkGhiBTX,"DBN Gogo, Blaqnick & MasterBlaq, Mpura, Ama Avenger, M.J",Khuza Gogo,D&D Studios,4,7,2,90496,ZA,South Africa,Q2,2021
5,spotify:track:4ckpR1gCb3PuoDAbEA9a66,"Musa Keys, Sir Trill, Nobantu Vilakazi",Vula Mlomo,Keys Records,4,4,4,87918,ZA,South Africa,Q2,2021
6,spotify:track:2H1hYPeKgIQAp439cx7GsX,"Busta 929, Mpura, Zuma, Mr JazziQ, Lady Du, Reece Madlisa",Umsebenzi Wethu,Black Is Brown,2,3,13,87745,ZA,South Africa,Q2,2021
7,spotify:track:3FAJ6O0NOHQV8Mc5Ri6ENp,GIVĒON,Heartbreak Anniversary,Epic/Not So Fast,3,5,9,87642,ZA,South Africa,Q2,2021
8,spotify:track:6f3Slt0GbA2bPZlz0aIFXN,Tiësto,The Business,Atlantic Records,2,6,25,78159,ZA,South Africa,Q2,2021
9,spotify:track:3VT8hOC5vuDXBsHrR53WFh,Masked Wolf,Astronaut In The Ocean,Elektra (NEK),9,9,14,74157,ZA,South Africa,Q2,2021
10,spotify:track:1shPobG6XTGg5ryUEtSkzK,"Dj Obza, DJ Freetz, Nkosazana",Idlozi Lami (feat. Nkosazana and DJ FreeTz),Open Mic Productions,10,13,11,73086,ZA,South Africa,Q2,2021
11,spotify:track:7MAibcTli4IisCtbHKrGMh,"Bruno Mars, Anderson .Paak, Silk Sonic",Leave The Door Open,Aftermath Entertainment/Atlantic,4,8,5,71734,ZA,South Africa,Q2,2021
12,spotify:track:3J8EOeKLTLXORtWPpOU5bE,"Lil Tjay, 6LACK",Calling My Phone,Columbia,2,16,8,71708,ZA,South Africa,Q2,2021
13,spotify:track:1M4OcYkxAtu3ErzSgDEfoi,Cardi B,Up,Atlantic Records,8,11,9,69691,ZA,South Africa,Q2,2021
14,spotify:track:60ynsPSSKe6O3sfwRnIBRf,Doja Cat,Streets,Kemosabe Records/RCA Records,4,15,13,68697,ZA,South Africa,Q2,2021
15,spotify:track:7ke2C0XWkZFo1PaVZjh2aF,"Mr JazziQ, Kabza De Small, Lady Du, Boohle",Woza,Black Is Brown Entertainment,12,12,3,66869,ZA,South Africa,Q2,2021
16,spotify:track:5QO79kh1waicV47BqGRL3g,The Weeknd,Save Your Tears,Republic Records,6,14,16,65798,ZA,South Africa,Q2,2021
17,spotify:track:7lPN2DXiMsVn7XUKtOW1CS,Olivia Rodrigo,drivers license,Olivia Rodrigo PS,1,17,13,64493,ZA,South Africa,Q2,2021
18,spotify:track:32dzOvkFzmjEPjPidQRxU4,"Kwiish SA, Njelic, MalumNator, De Mthuda",LiYoshona (Main Mix),Content Connect Africa,18,24,5,59777,ZA,South Africa,Q2,2021
19,spotify:track:0VjIjW4GlUZAMYd2vXMi3b,The Weeknd,Blinding Lights,Republic Records,1,21,71,59470,ZA,South Africa,Q2,2021
20,spotify:track:3aQem4jVGdhtg116TmJnHz,Drake,What’s Next,OVO,1,23,5,54674,ZA,South Africa,Q2,2021
21,spotify:track:1jUn1Fnx0cptNd71CIBWiO,Blaq Diamond,Summer YoMuthi,Ambitiouz Entertainment,8,29,20,52573,ZA,South Africa,Q2,2021
22,spotify:track:2a1O7kNCzspA2otqOpS4fV,"Busta 929, Miano, 20ty Soundz",Paradise,Umsebenzi Wethu Records,22,26,5,52269,ZA,South Africa,Q2,2021
23,spotify:track:4jPy3l0RUwlUI9T5XHBW2m,"24kGoldn, iann dior",Mood (feat. iann dior),Records/Columbia,1,25,34,51542,ZA,South Africa,Q2,2021
24,spotify:track:5nujrmhLynf4yMoMtj8AQF,"Dua Lipa, DaBaby",Levitating (feat. DaBaby),Warner Records,17,32,26,50834,ZA,South Africa,Q2,2021
25,spotify:track:52j3P6Wla1UVgG2aMCn6Sv,"9umba, Mr JazziQ, Zuma, Mpura",uLazi,Black Is Brown,11,30,20,49031,ZA,South Africa,Q2,2021
26,spotify:track:7hxHWCCAIIxFLCzvDgnQHX,"Internet Money, Gunna, Don Toliver, NAV",Lemonade (feat. NAV),Internet Money Records / TenThousand Projects,1,38,34,48958,ZA,South Africa,Q2,2021
27,spotify:track:2WnAKZefdRHxtBEkRjFOHC,Justin Bieber,Anyone,RBMG/Def Jam,11,28,14,48486,ZA,South Africa,Q2,2021
28,spotify:track:6cx06DFPPHchuUAcTxznu9,"Joel Corry, MNEK",Head & Heart (feat. MNEK),Atlantic Records UK,5,33,38,48076,ZA,South Africa,Q2,2021
29,spotify:track:0SZtkfDkXwoZshG9hv98WR,"Lady Du, DBN Gogo, Mr JazziQ, Seekay, Busta 929",Dakiwe,Prime Hold Consult Black is Brown,29,35,10,47874,ZA,South Africa,Q2,2021
30,spotify:track:27OeeYzk6klgBh83TSvGMA,The Kid LAROI,WITHOUT YOU,Columbia,6,41,19,47745,ZA,South Africa,Q2,2021
31,spotify:track:1nahzW3kfMuwReTka28tH5,Justin Bieber,Hold On,RBMG/Def Jam,17,39,5,46920,ZA,South Africa,Q2,2021
32,spotify:track:7qEHsqek33rTcFNT9PFqLf,Lewis Capaldi,Someone You Loved,Vertigo Berlin,7,43,117,46811,ZA,South Africa,Q2,2021
33,spotify:track:61KpQadow081I2AsbeLcsb,Olivia Rodrigo,deja vu,Olivia Rodrigo PS,33,-1,1,45627,ZA,South Africa,Q2,2021
34,spotify:track:6ft4hAq6yde8jPZY2i5zLr,"MEDUZA, Dermot Kennedy",Paradise (feat. Dermot Kennedy),Universal-Island Records Ltd.,14,40,23,45285,ZA,South Africa,Q2,2021
35,spotify:track:3YJJjQPAbDT7mGpX3WtQ9A,SZA,Good Days,Top Dawg Entertainment/RCA Records,13,47,15,44056,ZA,South Africa,Q2,2021
36,spotify:track:5uEYRdEIh9Bo4fpjDd4Na9,"Travis Scott, HVME",Goosebumps - Remix,Cactus Jack/Epic,28,48,12,42986,ZA,South Africa,Q2,2021
37,spotify:track:7ytR5pFWmSjzHJIeQkgog4,"DaBaby, Roddy Ricch",ROCKSTAR (feat. Roddy Ricch),South Coast Music Group/Interscope Records,1,45,51,42046,ZA,South Africa,Q2,2021
38,spotify:track:65OVbaJR5O1RmwOQx0875b,"Drake, Lil Baby",Wants and Needs (feat. Lil Baby),OVO,3,36,5,41574,ZA,South Africa,Q2,2021
39,spotify:track:2etHQJxIbV0soyPhelVs9Y,"Saweetie, Doja Cat",Best Friend (feat. Doja Cat),ICY/Warner Records,36,63,13,41564,ZA,South Africa,Q2,2021
40,spotify:track:1tRK9gkWkgKRb0zqM2qhMv,"Reece Madlisa, Zuma, Mr JazziQ, Busta 929",Sithi Sithi,Black Is Brown,6,50,22,40402,ZA,South Africa,Q2,2021
41,spotify:track:2PgDbeuhqT2vY6fOe15PDf,"Junior De Rocka, Lady Du, Mr JazziQ, Mellow, Sleazy",Catalia,Rocka Empire,32,56,9,40376,ZA,South Africa,Q2,2021
42,spotify:track:3mnL4RKOwb5dlzCuaZjzPG,Mi Casa,Mamela,Universal Music (Pty) Ltd.,34,55,12,39420,ZA,South Africa,Q2,2021
43,spotify:track:45bE4HXI0AwGZXfZtMp8JR,Tate McRae,you broke me first,RCA Records Label,14,53,39,39163,ZA,South Africa,Q2,2021
44,spotify:track:6iKJIYuyGWZ1YTwee1FzBJ,"DJ Stokie, Kabza De Small, Masterpiece YVK, Madumane",Superman,Universal Music (Pty) Ltd.,25,57,13,39080,ZA,South Africa,Q2,2021
45,spotify:track:0mOoPsb9xZTzFqKLLqvkjL,"Killer Kau, Mr JazziQ, Reece Madlisa, ThackzinDJ, Zuma","Amaneighbour (feat. Reece Madlisa, Zuma and ThackzinDJ)",Soweto Music & Entertainment Academy,19,58,9,38882,ZA,South Africa,Q2,2021
46,spotify:track:4FRW5Nza1Ym91BGV4nFWXI,"Drake, Rick Ross",Lemon Pepper Freestyle (feat. Rick Ross),OVO,2,44,5,38659,ZA,South Africa,Q2,2021
47,spotify:track:4cG7HUWYHBV6R6tHn1gxrl,"Riton, Nightcrawlers, Mufasa & Hypeman, Mufasa, Dopamine",Friday (feat. Mufasa & Hypeman) - Dopamine Re-Edit,Ministry of Sound Recordings,47,59,6,37987,ZA,South Africa,Q2,2021
48,spotify:track:5YaskwnGDZFDRipaqzbwQx,"ATB, Topic, A7S",Your Love (9PM),Intercord,41,61,9,37632,ZA,South Africa,Q2,2021
49,spotify:track:6tDDoYIxWvMLTdKpjFkc1B,Kali Uchis,telepatía,EMI / Interscope,39,60,6,37345,ZA,South Africa,Q2,2021
50,spotify:track:6UelLqGlWMcVH1E5c4H7lY,Harry Styles,Watermelon Sugar,Columbia,12,66,73,37311,ZA,South Africa,Q2,2021
1,spotify:track:6PQ88X9TkUIAUIZJHW2upE,Ed Sheeran,Bad Habits,Atlantic Records UK,1,3,2,125108,ZA,South Africa,Q3,2021
2,spotify:track:1NaxpfTsKPGG3Dpw6Fnv35,"Cassper Nyovest, Abidoza, Boohle",Siyathandana,Universal Music (Pty) Ltd.,1,1,6,113775,ZA,South Africa,Q3,2021
3,spotify:track:4ZtFanR9U6ndgddUvNcjcG,Olivia Rodrigo,good 4 u,Olivia Rodrigo PS,1,2,8,101782,ZA,South Africa,Q3,2021
4,spotify:track:3rj4UYvUttaCsXNEuEqAyy,"DJ Maphorisa, Tyler ICU, Kabza De Small, Sir Trill, Daliwonga","Banyana (feat. Sir Trill, Daliwonga & Kabza De Small)",New Money Gang Records,1,4,11,92322,ZA,South Africa,Q3,2021
5,spotify:track:3Wrjm47oTz2sjIgck11l5e,Måneskin,Beggin',RCA Records Label,5,11,3,80454,ZA,South Africa,Q3,2021
6,spotify:track:3DarAbFujv6eYNliUTyqtz,"Doja Cat, SZA",Kiss Me More (feat. SZA),Kemosabe Records/RCA Records,3,5,13,80088,ZA,South Africa,Q3,2021
7,spotify:track:66qOuPxn0XSg27YLKpdExn,"Dzo 729, Guyu Payne, Young Stunna",Ba Xolele (feat. Guyu Payne & Young Stunna),Ziiki Media,7,15,5,80029,ZA,South Africa,Q3,2021
8,spotify:track:4nLJnkaFq9VNYVz1SxJsXi,"De Mthuda, Sir Trill, Da Muziqal Chef",John Wick,Universal Music (Pty) Ltd.,2,6,21,77477,ZA,South Africa,Q3,2021
9,spotify:track:67BtfxlNbhBmCDR2L2l8qd,Lil Nas X,MONTERO (Call Me By Your Name),Columbia,2,12,15,73076,ZA,South Africa,Q3,2021
10,spotify:track:18vXApRmJSgQ6wG2ll9AOg,Polo G,RAPSTAR,Columbia,3,10,13,72981,ZA,South Africa,Q3,2021
11,spotify:track:1ix1dhMZI8cYXiyzHgun42,"DJ Maphorisa, Tyler ICU, Visca, Madumane, Mpura, Daliwonga","Izolo (feat. Madumane, Mpura & Daliwonga)",New Money Gang Records,11,17,7,70890,ZA,South Africa,Q3,2021
12,spotify:track:3ZDWlHNxPkVcjhRWJUvPz0,"Focalistic, Mr JazziQ, Lady Du, Mellow & Sleazy",GUPTA (feat. Lady Du and Mellow and Sleazy),18 Area Holdings,7,8,9,70114,ZA,South Africa,Q3,2021
13,spotify:track:48WidxP9CqyYtk97pwGZ3c,"Brent Faiyaz, Drake, The Neptunes",Wasting Time ( feat. Drake & The Neptunes ),Lost kids,13,-1,1,69292,ZA,South Africa,Q3,2021
14,spotify:track:0k4d5YPDr1r7FX77VdqWez,"Doja Cat, The Weeknd",You Right,Kemosabe Records/RCA Records,7,7,2,67081,ZA,South Africa,Q3,2021
15,spotify:track:09mer8EOsqtdQ43Dqsm54m,"DJ Sumbody, Drip Gogo, The Lowkeys",Iyamemeza,Sound African Recordings,15,24,4,66253,ZA,South Africa,Q3,2021
16,spotify:track:4iJyoBOLtHqaGxP12qzhQI,"Justin Bieber, Daniel Caesar, GIVĒON",Peaches (feat. Daniel Caesar & Giveon),RBMG/Def Jam,1,14,16,65479,ZA,South Africa,Q3,2021
17,spotify:track:32dzOvkFzmjEPjPidQRxU4,"Kwiish SA, Njelic, MalumNator, De Mthuda",LiYoshona (Main Mix),Content Connect Africa,4,13,18,63902,ZA,South Africa,Q3,2021
18,spotify:track:5nujrmhLynf4yMoMtj8AQF,"Dua Lipa, DaBaby",Levitating (feat. DaBaby),Warner Records,11,18,39,61527,ZA,South Africa,Q3,2021
19,spotify:track:5hMRPijl4hm6jOnDhT5EbY,"De Mthuda, Sir Trill, Da Muziqal Chef",Abekho Ready - Maplankeng Reshuffle,Universal Music (Pty) Ltd.,19,19,15,60586,ZA,South Africa,Q3,2021
20,spotify:track:4ckpR1gCb3PuoDAbEA9a66,"Musa Keys, Sir Trill, Nobantu Vilakazi",Vula Mlomo,Keys Records,4,16,17,57940,ZA,South Africa,Q3,2021
21,spotify:track:6f3Slt0GbA2bPZlz0aIFXN,Tiësto,The Business,Atlantic Records,2,23,38,57861,ZA,South Africa,Q3,2021
22,spotify:track:0BGwAKW4u8kWOhWFflZxfl,Masked Wolf,Astronaut In The Ocean,Elektra (NEK),8,21,27,57414,ZA,South Africa,Q3,2021
23,spotify:track:7MAibcTli4IisCtbHKrGMh,"Bruno Mars, Anderson .Paak, Silk Sonic",Leave The Door Open,Aftermath Entertainment/Atlantic,4,26,18,56366,ZA,South Africa,Q3,2021
24,spotify:track:4pt5fDVTg5GhEvEtlz9dKk,Måneskin,I WANNA BE YOUR SLAVE,RCA Records Label,24,30,5,56117,ZA,South Africa,Q3,2021
25,spotify:track:0MydMUtzMjfPI1htepCM6J,Nasty C,Jack,Universal Music (Pty) Ltd.,9,9,2,55606,ZA,South Africa,Q3,2021
26,spotify:track:7zJYbquljYLkTShkGhiBTX,"DBN Gogo, Blaqnick & MasterBlaq, Mpura, Ama Avenger, M.J",Khuza Gogo,D&D Studios,3,20,15,53595,ZA,South Africa,Q3,2021
27,spotify:track:37BZB0z9T8Xu7U3e65qxFy,"The Weeknd, Ariana Grande",Save Your Tears (with Ariana Grande) (Remix),Republic Records,25,33,11,52708,ZA,South Africa,Q3,2021
28,spotify:track:0VjIjW4GlUZAMYd2vXMi3b,The Weeknd,Blinding Lights,Republic Records,1,32,84,51337,ZA,South Africa,Q3,2021
29,spotify:track:3FAJ6O0NOHQV8Mc5Ri6ENp,GIVĒON,Heartbreak Anniversary,Epic/Not So Fast,3,31,22,51317,ZA,South Africa,Q3,2021
30,spotify:track:6HU7h9RYOaPRFeh0R3UeAr,Olivia Rodrigo,deja vu,Olivia Rodrigo PS,10,28,14,51249,ZA,South Africa,Q3,2021
31,spotify:track:2H1hYPeKgIQAp439cx7GsX,"Busta 929, Mpura, Zuma, Mr JazziQ, Lady Du, Reece Madlisa",Umsebenzi Wethu,Black Is Brown,2,25,26,50230,ZA,South Africa,Q3,2021
32,spotify:track:65OVbaJR5O1RmwOQx0875b,"Drake, Lil Baby",Wants and Needs (feat. Lil Baby),OVO,3,38,18,49508,ZA,South Africa,Q3,2021
33,spotify:track:5wANPM4fQCJwkGd4rN57mH,Olivia Rodrigo,drivers license,Olivia Rodrigo PS,1,35,26,49399,ZA,South Africa,Q3,2021
34,spotify:track:661C89rRG5698Nr7CzODjv,"Semi Tee, MDU aka TRP, Sir Trill",Isingisi,JOZI ENTERTAINMENT,13,36,14,48455,ZA,South Africa,Q3,2021
35,spotify:track:4jPy3l0RUwlUI9T5XHBW2m,"24kGoldn, iann dior",Mood (feat. iann dior),Records/Columbia,1,40,47,48352,ZA,South Africa,Q3,2021
36,spotify:track:3830LcxTUk1zTWA51f5xfF,"Mr JazziQ, Kabza De Small, Lady Du, Boohle",Woza,Black Is Brown Entertainment,8,29,16,44694,ZA,South Africa,Q3,2021
37,spotify:track:0gljB4tf7L1JztTaSBG3AN,"De Mthuda, Ntokzin, MalumNator",uMsholozi,Universal Music (Pty) Ltd.,27,39,16,44442,ZA,South Africa,Q3,2021
38,spotify:track:3Oy6Mo7uiWeOuK88Efq92V,"25K, A-Reece",Hustlers Prayer (feat. A-Reece),Sound African Recordings,38,-1,1,44418,ZA,South Africa,Q3,2021
39,spotify:track:5lAnYvAIkSDNXqfo7DyFUm,Doja Cat,Ain't Shit,Kemosabe Records/RCA Records,27,27,2,44357,ZA,South Africa,Q3,2021
40,spotify:track:6cx06DFPPHchuUAcTxznu9,"Joel Corry, MNEK",Head & Heart (feat. MNEK),Atlantic Records UK,5,45,51,43920,ZA,South Africa,Q3,2021
41,spotify:track:7qEHsqek33rTcFNT9PFqLf,Lewis Capaldi,Someone You Loved,Vertigo Berlin,7,48,130,43298,ZA,South Africa,Q3,2021
42,spotify:track:4cG7HUWYHBV6R6tHn1gxrl,"Riton, Nightcrawlers, Mufasa & Hypeman, Mufasa, Dopamine",Friday (feat. Mufasa & Hypeman) - Dopamine Re-Edit,Ministry of Sound Recordings,31,44,19,43242,ZA,South Africa,Q3,2021
43,spotify:track:3J8EOeKLTLXORtWPpOU5bE,"Lil Tjay, 6LACK",Calling My Phone,Columbia,2,50,21,43225,ZA,South Africa,Q3,2021
44,spotify:track:5zFglKYiknIxks8geR8rcL,"Maroon 5, Megan Thee Stallion",Beautiful Mistakes (feat. Megan Thee Stallion),Interscope Records*,34,46,17,42820,ZA,South Africa,Q3,2021
45,spotify:track:02MWAaffLxlfxAUY7c5dvx,Glass Animals,Heat Waves,Polydor Records,42,52,27,42633,ZA,South Africa,Q3,2021
46,spotify:track:5uEYRdEIh9Bo4fpjDd4Na9,"Travis Scott, HVME",Goosebumps - Remix,Cactus Jack/Epic,28,54,25,42396,ZA,South Africa,Q3,2021
47,spotify:track:1fxYz1s15pyZLsJT0Hdh1m,Roddy Ricch,late at night,Atlantic Records,43,61,5,41704,ZA,South Africa,Q3,2021
48,spotify:track:7hxHWCCAIIxFLCzvDgnQHX,"Internet Money, Gunna, Don Toliver, NAV",Lemonade (feat. NAV),Internet Money Records / TenThousand Projects,1,56,47,41279,ZA,South Africa,Q3,2021
49,spotify:track:2bgTY4UwhfBYhGT4HUYStN,BTS,Butter,BIGHIT MUSIC,3,53,7,41037,ZA,South Africa,Q3,2021
50,spotify:track:6nV2dFZXpv1JlqDWBeTXRl,KSI,Holiday,BMG Rights Management (US) LLC,20,37,3,40860,ZA,South Africa,Q3,2021
1,spotify:track:2qxgejJTaZIHNSHDD22Uhl,"Kabza De Small, DJ Maphorisa, Ami Faku",Abalele,Piano Hub,1,1,3,212973,ZA,South Africa,Q4,2021
2,spotify:track:5PjdY0CKGZdEuoNab3yDmX,"The Kid LAROI, Justin Bieber",STAY (with Justin Bieber),Columbia,1,2,13,150296,ZA,South Africa,Q4,2021
3,spotify:track:22sG77yM0PrgIpbVKZ40yY,"Busta 929, Mzu M",Mmapula,Umsebenzi Wethu Records,3,4,9,132057,ZA,South Africa,Q4,2021
4,spotify:track:5Z9KJZvQzH6PFmb8SNkxuk,"Lil Nas X, Jack Harlow",INDUSTRY BABY (feat. Jack Harlow),Columbia,3,5,11,131512,ZA,South Africa,Q4,2021
5,spotify:track:6PQ88X9TkUIAUIZJHW2upE,Ed Sheeran,Bad Habits,Atlantic Records UK,1,6,15,128164,ZA,South Africa,Q4,2021
6,spotify:track:3ODhKM44KPGGaHSXLCgMuk,"Mellow & Sleazy, Felo Le Tee, DJ Maphorisa, Madumane, Young Stunna","Bopha (feat. DJ Maphorisa, Madumane & Young Stunna)",Sound African Recordings,3,3,5,115721,ZA,South Africa,Q4,2021
7,spotify:track:02MWAaffLxlfxAUY7c5dvx,Glass Animals,Heat Waves,Polydor Records,7,10,40,105460,ZA,South Africa,Q4,2021
8,spotify:track:1ix1dhMZI8cYXiyzHgun42,"DJ Maphorisa, Tyler ICU, Visca, Madumane, Mpura, Daliwonga","Izolo (feat. Madumane, Mpura & Daliwonga)",New Money Gang Records,3,7,20,99800,ZA,South Africa,Q4,2021
9,spotify:track:7iUEGVJWIvWP98odIfuQ2p,"De Mthuda, Sino Msolo, Da Muziqal Chef",Jola,Universal Music (Pty) Ltd.,9,9,2,96999,ZA,South Africa,Q4,2021
10,spotify:track:1YPkBfrRCpvBrwJU66LQWq,"Zakes Bantwini, Kasango",Osama,Universal Music (Pty) Ltd.,5,8,4,95418,ZA,South Africa,Q4,2021
11,spotify:track:0k1WUmIRnG3xU6fvvDVfRG,"Drake, Future, Young Thug",Way 2 Sexy (with Future & Young Thug),OVO,4,12,5,94090,ZA,South Africa,Q4,2021
12,spotify:track:2JfguQBeDKvJhzT8Ysf5Vj,"Khanyisa, Marcus MC, Lady Du, Tsiki XII",Bheka Mina Ngedwa (feat. Tsiki XII),Superstar Studios,12,-1,1,92746,ZA,South Africa,Q4,2021
13,spotify:track:40iJIUlhi6renaREYGeIDS,"Drake, Travis Scott",Fair Trade (with Travis Scott),OVO,1,11,5,91013,ZA,South Africa,Q4,2021
14,spotify:track:6NiIeSYh1awgujDrQ9dAkn,"Mas Musiq, Babalwa M",Inhliziyo (feat. Babalwa M),New Money Gang Records,14,22,2,90096,ZA,South Africa,Q4,2021
15,spotify:track:2Xr1dTzJee307rmrkt8c0g,CKay,love nwantiti (ah ah ah),Chocolate City Music,15,20,4,87534,ZA,South Africa,Q4,2021
16,spotify:track:7GHKr2Fg86xWObxTnz26vK,"Pabi Cooper, Reece Madlisa, Busta 929, Joocy",Isphithiphithi,Ama Roto Entertainment,7,13,9,87274,ZA,South Africa,Q4,2021
17,spotify:track:1juCUMeUqFP7oId0SR2Yfg,"Mas Musiq, Aymos, Kabza De Small, DJ Maphorisa","Uzozisola (feat. Aymos, Kabza De Small & DJ Maphorisa)",New Money Gang Records,17,-1,1,86537,ZA,South Africa,Q4,2021
18,spotify:track:2Q7chNue0LxoNT4iKSyfbo,"Kweyama Brothers, Mpura, Abidoza, Thabiso Lavish",Impilo yaseSandton,Sundance Music,7,17,9,84061,ZA,South Africa,Q4,2021
19,spotify:track:6RXF8afghRd2Ha6npUg8jk,"ThackzinDJ, Tee Jay, Sir Trill, Dlala Thukzin, Nkosazana Daughter, Rascoe Kaos, Moscow, Mpura",Yini Sdakwa,Universal Music (Pty) Ltd.,16,16,8,80647,ZA,South Africa,Q4,2021
20,spotify:track:6zSpb8dQRaw0M1dK8PBwQz,"Elton John, Dua Lipa, PNAU",Cold Heart - PNAU Remix,EMI,20,26,8,77122,ZA,South Africa,Q4,2021
21,spotify:track:37Nqx7iavZpotJSDXZWbJ3,"Drake, Lil Baby",Girls Want Girls (with Lil Baby),OVO,2,15,5,76803,ZA,South Africa,Q4,2021
22,spotify:track:75MNhvTCCKsST3YqqUiU9r,Ed Sheeran,Shivers,Atlantic Records UK,15,18,4,75744,ZA,South Africa,Q4,2021
23,spotify:track:7jJhZesrKHW9ZADIDloRJp,"De Mthuda, Sir Trill, Da Muziqal Chef",Emlanjeni,Universal Music (Pty) Ltd.,4,14,11,74487,ZA,South Africa,Q4,2021
24,spotify:track:6Uj1ctrBOjOas8xZXGqKk4,Doja Cat,Woman,Kemosabe Records/RCA Records,13,21,13,72741,ZA,South Africa,Q4,2021
25,spotify:track:6ARmMd93cqRGYDP0XC6JH7,"DBN Gogo, Musa Keys, Dinho, Optimist Music ZA, Makhanj, Lebza TheVillain, Koek Sista",Possible,NTS,24,24,13,70681,ZA,South Africa,Q4,2021
26,spotify:track:0e8nrvls4Qqv5Rfa2UhqmO,Lil Nas X,THATS WHAT I WANT,Columbia,14,23,3,69673,ZA,South Africa,Q4,2021
27,spotify:track:4XvcHTUfIlWfyJTRG0aqlo,Sleepy Hallow,2055,Winners Circle/RCA Records,14,27,12,68596,ZA,South Africa,Q4,2021
28,spotify:track:2BcMwX1MPV6ZHP4tUT9uq6,"Drake, 21 Savage, Project Pat",Knife Talk (with 21 Savage ft. Project Pat),OVO,10,25,5,68213,ZA,South Africa,Q4,2021
29,spotify:track:3Vi5XqYrmQgOYBajMWSvCi,Doja Cat,Need to Know,Kemosabe Records/RCA Records,5,29,17,64498,ZA,South Africa,Q4,2021
30,spotify:track:3QFInJAm9eyaho5vBzxInN,"Baby Keem, Kendrick Lamar",family ties (with Kendrick Lamar),Columbia,15,34,6,62931,ZA,South Africa,Q4,2021
31,spotify:track:1SC5rEoYDGUK4NfG82494W,Lil Nas X,MONTERO (Call Me By Your Name),Columbia,2,35,28,62361,ZA,South Africa,Q4,2021
32,spotify:track:4WFtz7J6aNHwRJVctT1gcs,"Mr JazziQ, Khanyisa",Ungangi Bambi (feat. Khanyisa),Sound African Recordings,19,19,4,61941,ZA,South Africa,Q4,2021
33,spotify:track:66qOuPxn0XSg27YLKpdExn,"Dzo 729, Guyu Payne, Young Stunna",Ba Xolele (feat. Guyu Payne & Young Stunna),Ziiki Media,7,32,18,61430,ZA,South Africa,Q4,2021
34,spotify:track:3uUuGVFu1V7jTQL60S1r8z,"Lost Frequencies, Calum Scott",Where Are You Now,Epic Amsterdam,34,39,7,61175,ZA,South Africa,Q4,2021
35,spotify:track:3DarAbFujv6eYNliUTyqtz,"Doja Cat, SZA",Kiss Me More (feat. SZA),Kemosabe Records/RCA Records,3,38,26,60096,ZA,South Africa,Q4,2021
36,spotify:track:4ZtFanR9U6ndgddUvNcjcG,Olivia Rodrigo,good 4 u,Olivia Rodrigo PS,1,40,21,58223,ZA,South Africa,Q4,2021
37,spotify:track:0eu4C55hL6x29mmeAjytzC,Oliver Tree,Life Goes On,Atlantic Records,37,43,4,57777,ZA,South Africa,Q4,2021
38,spotify:track:6Hfu9sc7jvv6coyy2LlzBF,"Kanye West, The Weeknd, Lil Baby",Hurricane,Rock The World/IDJ/Kanye LP7,1,30,6,57173,ZA,South Africa,Q4,2021
39,spotify:track:4xMuBafSCIbIihcCHAvvnZ,sanny,It Ain't Me (Amapiano),Create Capital,24,31,5,53907,ZA,South Africa,Q4,2021
40,spotify:track:4gvrJnKCKIPiacNsWVQwEU,"CKay, Dj Yo!, AX'EL",love nwantiti (feat. Dj Yo! & AX'EL) - Remix,WM South Africa,40,50,3,53079,ZA,South Africa,Q4,2021
41,spotify:track:3rj4UYvUttaCsXNEuEqAyy,"DJ Maphorisa, Tyler ICU, Kabza De Small, Sir Trill, Daliwonga","Banyana (feat. Sir Trill, Daliwonga & Kabza De Small)",New Money Gang Records,1,36,24,52764,ZA,South Africa,Q4,2021
42,spotify:track:6f3Slt0GbA2bPZlz0aIFXN,Tiësto,The Business,Atlantic Records,2,47,51,52733,ZA,South Africa,Q4,2021
43,spotify:track:0W6I02J9xcqK8MtSeosEXb,Doja Cat,Get Into It (Yuh),Kemosabe Records/RCA Records,30,55,13,51241,ZA,South Africa,Q4,2021
44,spotify:track:3FeVmId7tL5YN8B7R3imoM,"Coldplay, BTS",My Universe,Parlophone UK,44,44,2,50749,ZA,South Africa,Q4,2021
45,spotify:track:3wbr62bpX7B3Mw5ullGD8Z,"Njelic, Boohle, Da Muziqal Chef, De Mthuda",Wamuhle,Universal Music (Pty) Ltd.,45,-1,1,49394,ZA,South Africa,Q4,2021
46,spotify:track:5nujrmhLynf4yMoMtj8AQF,"Dua Lipa, DaBaby",Levitating (feat. DaBaby),Warner Records,11,52,52,48968,ZA,South Africa,Q4,2021
47,spotify:track:5M89cRY3rjyaaLLmqx80Aa,"UNLIMITED SOUL, DBN Gogo",Awoa,D&D Studios,45,45,9,48868,ZA,South Africa,Q4,2021
48,spotify:track:3Wrjm47oTz2sjIgck11l5e,Måneskin,Beggin',RCA Records Label,5,48,16,48567,ZA,South Africa,Q4,2021
49,spotify:track:2HSmyk2qMN8WQjuGhaQgCk,Drake,Champagne Poetry,OVO,3,42,5,48276,ZA,South Africa,Q4,2021
50,spotify:track:2H1hYPeKgIQAp439cx7GsX,"Busta 929, Mpura, Zuma, Mr JazziQ, Lady Du, Reece Madlisa",Umsebenzi Wethu,Black Is Brown,2,33,39,47851,ZA,South Africa,Q4,2021