rank,uri,artist_names,track_name,source,peak_rank,previous_rank,weeks_on_chart,streams,country_code,country_name,quarter,year
1,spotify:track:4TGwERXRlyQtBdggYTHo6j,"Tiago PZK, LIT killah, Maria Becerra, Nicki Nicole",Entre Nosotros (Remix) [con Nicki Nicole],WEA Latina,1,55,2,3455458,AR,Argentina,Q1,2022
2,spotify:track:2Gq636OOGgxCTqEuzCZhsa,"Bizarrap, Tiago PZK","Tiago PZK: Bzrp Music Sessions, Vol. 48/66",DALE PLAY Records,1,1,3,2749851,AR,Argentina,Q1,2022
3,spotify:track:5fBQLapwAPSLw27STml9kr,Salastkbron,TITAN,WM Argentina,2,3,7,2622667,AR,Argentina,Q1,2022
4,spotify:track:0lJE8f0lx8mUSfMyxeYpiC,"TINI, L-Gante",Bar,Sony Music Latin,1,2,9,2567952,AR,Argentina,Q1,2022
5,spotify:track:6P096SaOzrgGxs8NWOfX7M,"Tiago PZK, Trueno",Salimo de Noche,WM Chile,1,4,12,2247804,AR,Argentina,Q1,2022
6,spotify:track:1kjs5eR4DMzyB0gm1Z8waV,Trueno,DANCE CRIP,©️ Ⓟ 2022 Sur Capital Records (por Tierra Agencia),3,5,8,2121627,AR,Argentina,Q1,2022
7,spotify:track:5j3wzSS6z80VEs71O0gysC,"Kaleb Di Masi, Omar Varela",Hace Calor,Wapeo,7,7,5,2032633,AR,Argentina,Q1,2022
8,spotify:track:3sVuWmggRqfAK3qk7OIEAz,"MYA, Emilia",BB,Columbia,5,6,7,1817046,AR,Argentina,Q1,2022
9,spotify:track:4xv2A022v5A8nyewDkYOkQ,"Emilia, Tiago PZK",rápido lento,Sony Music Latin,2,9,15,1647603,AR,Argentina,Q1,2022
10,spotify:track:2qEoAz0i6yEz5dPggABcLH,"Fuego, Manuel Turizo, Duki",Una Vaina Loca,Chosen Few/ WK Records,3,8,12,1573705,AR,Argentina,Q1,2022
11,spotify:track:7JZ5mOTea5T4LH0UdwCsWx,Duki,TOP 5,DALE PLAY Records / SSJ Records,11,35,7,1521359,AR,Argentina,Q1,2022
12,spotify:track:23R68uWGdp07SwQdK8mWzI,"Rusherking, Maria Becerra",Antes de Ti,Rusherking,1,10,14,1505621,AR,Argentina,Q1,2022
13,spotify:track:1CpRJLarXSUho5AopXxNQj,"Callejero Fino, Pusho DJ",Pa Tra Rkt,Callejero Fino,10,11,10,1441195,AR,Argentina,Q1,2022
14,spotify:track:5i82o3878xCPNCUK8VIeqX,"Los Ángeles Azules, Nicki Nicole",Otra Noche,Seitrack,12,12,9,1428856,AR,Argentina,Q1,2022
15,spotify:track:3xnzkgl56WCFFzLxQ8c07L,"DJ Tao, Kaleb Di Masi",KALEB DI MASI | DJ TAO Turreo Sessions #5,WM Chile,6,13,17,1331312,AR,Argentina,Q1,2022
16,spotify:track:1GYJpuLq41vEVKXiHGEY9j,"Emilia, Duki",como si no importara,Sony Music Latin,2,18,27,1326428,AR,Argentina,Q1,2022
17,spotify:track:1p22yVi9e8DT6BEUvOZ0TL,"Emilia, Rusherking",De Enero a Diciembre,Sony Music Latin,17,20,4,1319592,AR,Argentina,Q1,2022
18,spotify:track:1wcE84DVQUF16xudVFzezL,"Mau y Ricky, Maria Becerra",Mal Acostumbrao - con Maria Becerra,Sony Music Latin,4,19,19,1298599,AR,Argentina,Q1,2022
19,spotify:track:2Qv0DF1us4LhzLj0Cx9cSn,"Kaleb Di Masi, ECKO, Papichamp, Blunted Vato, Bruno LC",Turraka - Remix,Wapeo,1,16,19,1201613,AR,Argentina,Q1,2022
20,spotify:track:0cOa970mzTWAxKtltpkpLc,"TINI, Maria Becerra",Miénteme,Sony Music Latin,1,15,37,1192476,AR,Argentina,Q1,2022
21,spotify:track:6w8yBI2vthyN9UnwO4UBWb,"Tiago PZK, LIT killah",Entre Nosotros,WM Chile,1,14,27,1187080,AR,Argentina,Q1,2022
22,spotify:track:6lX6l7OuA3qrnIRfdsr0dw,"Blessd, Justin Quiles, Lenny Tavárez",Medallo,WEA Latina,21,23,11,1176353,AR,Argentina,Q1,2022
23,spotify:track:7onMf0QvWgRba2MRxG27yj,La K'onga,El Mismo Aire,Leader Music,16,17,57,1153032,AR,Argentina,Q1,2022
24,spotify:track:4Yip3hds5IHyT7AqoNHfmX,"Maria Becerra, Becky G",Wow Wow (feat. Becky G),300 Entertainment,1,22,20,1118735,AR,Argentina,Q1,2022
25,spotify:track:6KGGhJoXrztLp8ZT91zizs,"Duki, Rels B",YIN YAN,DALE PLAY Records / SSJ Records,25,27,7,1102412,AR,Argentina,Q1,2022
26,spotify:track:75HnDKDqsmEzdOKFWe5FZS,NATHY PELUSO,VIVIR ASÍ ES MORIR DE AMOR,Sony Music Entertainment,24,24,5,1070135,AR,Argentina,Q1,2022
27,spotify:track:2B4GHvToeLTOBB4QLzW3Ni,Farruko,Pepas,Sony Music Latin,3,21,25,1043608,AR,Argentina,Q1,2022
28,spotify:track:4WaopyDgvKQP6T852K9boe,"Alan Gomez, Mesita",MESITA | Mission 05,WM Chile,26,26,10,1036719,AR,Argentina,Q1,2022
29,spotify:track:0XYZhJIcwKNjd0tjbSXwaQ,"Nicki Nicole, Rauw Alejandro",Sabe,Sony Music Latin/DALE PLAY Records,14,25,12,1029021,AR,Argentina,Q1,2022
30,spotify:track:4kELKaXaNP4EQR8Q8xNIID,Trueno,FEEL ME??,2021 Sur Capital Records (por Tierra Agencia),9,28,18,1019766,AR,Argentina,Q1,2022
31,spotify:track:5TMLavqGRKNxgzMBrVpC9R,"zzoilo, Aitana",Mon Amour - Remix,Universal Music Spain S.L.,29,31,17,1018226,AR,Argentina,Q1,2022
32,spotify:track:0Be7sopyKMv8Y8npsUkax2,Sebastian Yatra,Tacones Rojos,UMLE - Latino,32,33,12,1004653,AR,Argentina,Q1,2022
33,spotify:track:1rxX4SkYDqluMJcYSijMSH,"Duki, Justin Quiles, Bizarrap",Unfollow,DALE PLAY Records / SSJ Records,5,30,13,997822,AR,Argentina,Q1,2022
34,spotify:track:6aMgqUHmyLs5vnyaV98HID,Marama,Ya No Llora,Montevideo Music Group,7,29,16,977023,AR,Argentina,Q1,2022
35,spotify:track:2BEcap3xJtmiPaHKyfQi4e,"Rvssian, Rauw Alejandro, Chris Brown",Nostálgico,Sony Music Latin,17,34,18,939950,AR,Argentina,Q1,2022
36,spotify:track:4AKK4j6sYhOO1r6My2qqWO,"Perro Primo, EL NOBA, Al Records",TRUCHO,Kriterio Music,26,32,17,903392,AR,Argentina,Q1,2022
37,spotify:track:7hiAGGyiLaLBTVroaE08hx,Jona Mix,Cosas Malas - Remix,JonaMix,36,36,13,897728,AR,Argentina,Q1,2022
38,spotify:track:5saUoeceT2zau6ScmU77e6,"Big Apple, Damas Gratis, Kaleb Di Masi, Homer El Mero Mero, Omar Varela",Que a Pasao - Remix,1.8M,38,43,2,854126,AR,Argentina,Q1,2022
39,spotify:track:0G2zPzWqVjR68iNPmx2TBe,"Mora, Bad Bunny, Sech",Volando - Remix,Rimas Entertainment LLC,15,42,27,829379,AR,Argentina,Q1,2022
40,spotify:track:2JPLbjOn0wPCngEot2STUS,Bad Bunny,Yonaguni,Rimas Entertainment LLC,3,38,32,829089,AR,Argentina,Q1,2022
41,spotify:track:7iXJg4IUyrWont5YSQrbKP,"Reik, Maria Becerra",Los Tragos,Sony Music México,40,40,7,820958,AR,Argentina,Q1,2022
42,spotify:track:6mmPpaltUZK7xjNlBPQQ0p,"Rauw Alejandro, Chencho Corleone",Desesperados,Sony Music Latin/Duars Entertainment,42,56,5,792209,AR,Argentina,Q1,2022
43,spotify:track:4it6vaFbkGRUaQlwWUMg3v,Maria Becerra,Mi Debilidad,300 Entertainment,3,46,24,780316,AR,Argentina,Q1,2022
44,spotify:track:3rdAz1fbUfZxYgaCviYhRo,Rauw Alejandro,Todo De Ti,Sony Music Latin/Duars Entertainment,1,37,34,769122,AR,Argentina,Q1,2022
45,spotify:track:1FlL8ycld6uVDDyhV7P5FA,Rauw Alejandro,Cúrame,Sony Music Latin/Duars Entertainment,9,44,25,758101,AR,Argentina,Q1,2022
46,spotify:track:2vmfvSoZBFAt9hhRoEByLi,"Aventura, Bad Bunny",Volví,Rimas Entertainment LLC,13,48,24,750241,AR,Argentina,Q1,2022
47,spotify:track:4gzsuuZypVbxs0Af1LSZyB,"Tainy, Bad Bunny, Julieta Venegas",Lo Siento BB:/ (with Bad Bunny & Julieta Venegas),Neon16,20,47,15,739493,AR,Argentina,Q1,2022
48,spotify:track:3EcCc1U405tm8yKm1x6Y8W,La K'onga,Te Mentiría,Leader Music,41,41,34,728250,AR,Argentina,Q1,2022
49,spotify:track:6D2TCm4nf5nxAcdGJ7w3QP,"J Balvin, Maria Becerra",Qué Más Pues?,"Sueños Globales, LLC",2,45,33,717787,AR,Argentina,Q1,2022
50,spotify:track:6LBpjWMfy1NUfyxAJbcMRs,"La K'onga, Nahuel Pennisi",Universo Paralelo,Leader Music,50,58,9,717360,AR,Argentina,Q1,2022
1,spotify:track:2gpQi3hbcUAcEG8m2dlgfB,Paulo Londra,Plan A,WEA Latina,1,1,3,3271178,AR,Argentina,Q2,2022
2,spotify:track:1uK5rDY3BnikyG0sl3tPpc,"Sofía Reyes, Maria Becerra",Marte,WEA Latina,2,3,8,1911627,AR,Argentina,Q2,2022
3,spotify:track:6mmPpaltUZK7xjNlBPQQ0p,"Rauw Alejandro, Chencho Corleone",Desesperados,Sony Music Latin/Duars Entertainment,1,2,17,1904444,AR,Argentina,Q2,2022
4,spotify:track:6bQ5823aHmFVKLZW8E7rRo,"Duki, De La Ghetto, Quevedo",Si Quieren Frontear,DALE PLAY Records / SSJ Records,4,-1,1,1886706,AR,Argentina,Q2,2022
5,spotify:track:1O2pcBJGej0pmH2Y9XZMs6,Cris MJ,Una Noche en Medellín,Sonar LLC.,5,7,7,1829468,AR,Argentina,Q2,2022
6,spotify:track:4LRPiXqCikLlN15c3yImP7,Harry Styles,As It Was,Columbia,6,-1,1,1722185,AR,Argentina,Q2,2022
7,spotify:track:6LBpjWMfy1NUfyxAJbcMRs,"La K'onga, Nahuel Pennisi",Universo Paralelo,Leader Music,2,5,21,1707227,AR,Argentina,Q2,2022
8,spotify:track:2Gq636OOGgxCTqEuzCZhsa,"Bizarrap, Tiago PZK","Tiago PZK: Bzrp Music Sessions, Vol. 48/66",DALE PLAY Records,1,4,15,1666157,AR,Argentina,Q2,2022
9,spotify:track:1TpZKxGnHp37ohJRszTSiq,Emilia,cuatro veinte,Sony Music Latin,9,24,2,1567904,AR,Argentina,Q2,2022
10,spotify:track:0ZLkb9lDDlTPwYZPvuGnHB,"Duki, Emilia",Esto Recién Empieza,DALE PLAY Records / SSJ Records,5,6,8,1565322,AR,Argentina,Q2,2022
11,spotify:track:1v5QhGtlv2bkpUz2kAXTCq,"FMK, Maria Becerra",Tranquila,Columbia,3,8,12,1413459,AR,Argentina,Q2,2022
12,spotify:track:63GTuNSVLynH3n3PdqObgd,"TINI, Beéle",Fantasi,Sony Music Latin,5,9,7,1389363,AR,Argentina,Q2,2022
13,spotify:track:5i82o3878xCPNCUK8VIeqX,"Los Ángeles Azules, Nicki Nicole",Otra Noche,Seitrack,10,10,21,1358836,AR,Argentina,Q2,2022
14,spotify:track:0Bv7O6fmZk3GrNQFYJaXPn,"La Pantera, Quevedo, Juseph, BEJO, Cruz Cafuné, ABHIR, EL IMA","Cayó La Noche (feat. Cruz Cafuné, Abhir Hathi, Bejo, EL IMA) [Remix]",La Pantera,9,11,9,1328967,AR,Argentina,Q2,2022
15,spotify:track:42Gzfqnfpk7Pp1ydM60eNn,Maria Becerra,Felices x Siempre,300 Entertainment,11,12,7,1261894,AR,Argentina,Q2,2022
16,spotify:track:3EcCc1U405tm8yKm1x6Y8W,La K'onga,Te Mentiría,Leader Music,14,15,46,1219218,AR,Argentina,Q2,2022
17,spotify:track:3IAfUEeaXRX9s9UdKOJrFI,Anitta,Envolver,WEA Latina,13,13,5,1196300,AR,Argentina,Q2,2022
18,spotify:track:4TGwERXRlyQtBdggYTHo6j,"Tiago PZK, LIT killah, Maria Becerra, Nicki Nicole",Entre Nosotros (Remix) [con Nicki Nicole],WEA Latina,1,16,14,1159327,AR,Argentina,Q2,2022
19,spotify:track:1ri9ZUkBJVFUdgwzCnfcYs,"Becky G, KAROL G",MAMIII,Kemosabe Records/RCA Records,10,17,8,1154422,AR,Argentina,Q2,2022
20,spotify:track:6P096SaOzrgGxs8NWOfX7M,"Tiago PZK, Trueno",Salimo de Noche,WM Chile,1,18,24,1137877,AR,Argentina,Q2,2022
21,spotify:track:5Us3svqTvNAdnQfEYfoL5g,LIT killah,La Trampa es Ley,WEA Latina,2,14,8,1125981,AR,Argentina,Q2,2022
22,spotify:track:0lJE8f0lx8mUSfMyxeYpiC,"TINI, L-Gante",Bar,Sony Music Latin,1,19,21,1121156,AR,Argentina,Q2,2022
23,spotify:track:7JZ5mOTea5T4LH0UdwCsWx,Duki,TOP 5,DALE PLAY Records / SSJ Records,3,20,19,1018598,AR,Argentina,Q2,2022
24,spotify:track:166qsYi2wR3u6qfg7wrh1r,"Perro Primo, EL NOBA, R Jota, Dj Plaga, DT.Bilardo","Yendo No, Llegando",Kriterio Music,10,22,13,989678,AR,Argentina,Q2,2022
25,spotify:track:7onMf0QvWgRba2MRxG27yj,La K'onga,El Mismo Aire,Leader Music,16,23,69,987919,AR,Argentina,Q2,2022
26,spotify:track:4WaopyDgvKQP6T852K9boe,"Alan Gomez, Mesita",MESITA | Mission 05,WM Chile,21,21,22,977652,AR,Argentina,Q2,2022
27,spotify:track:6lX6l7OuA3qrnIRfdsr0dw,"Blessd, Justin Quiles, Lenny Tavárez",Medallo,WEA Latina,19,25,23,922352,AR,Argentina,Q2,2022
28,spotify:track:1p22yVi9e8DT6BEUvOZ0TL,"Emilia, Rusherking",De Enero a Diciembre,Sony Music Latin,13,27,16,892879,AR,Argentina,Q2,2022
29,spotify:track:2cR9cH9ta7MStHBKs0aOcz,Salastkbron,TITAN,WM Argentina,2,26,19,876511,AR,Argentina,Q2,2022
30,spotify:track:7iXJg4IUyrWont5YSQrbKP,"Reik, Maria Becerra",Los Tragos,Sony Music México,30,33,19,847788,AR,Argentina,Q2,2022
31,spotify:track:3GaGWoU1KfVqgl7vnRHP55,C. Tangana,Demasiadas Mujeres,Sony Music Entertainment,31,34,8,827343,AR,Argentina,Q2,2022
32,spotify:track:5gJuYaon5zaZahQyAd0LVx,"Rusherking, Tiago PZK",NOW,Rusherking,8,29,9,825893,AR,Argentina,Q2,2022
33,spotify:track:1PmKfNsHxPdMaHP496myD3,Salastkbron,TURROMANTIKO,WM Argentina,28,31,10,824740,AR,Argentina,Q2,2022
34,spotify:track:74aGIoQo8pokxzylUTw603,Tiago PZK,Hablando De Love,WEA Latina,29,30,3,812723,AR,Argentina,Q2,2022
35,spotify:track:4xv2A022v5A8nyewDkYOkQ,"Emilia, Tiago PZK",rápido lento,Sony Music Latin,2,32,27,811459,AR,Argentina,Q2,2022
36,spotify:track:1kjs5eR4DMzyB0gm1Z8waV,Trueno,DANCE CRIP,©️ Ⓟ 2022 Sur Capital Records (por Tierra Agencia),3,35,20,794887,AR,Argentina,Q2,2022
37,spotify:track:1fKFxmSByZfjwVSbq0PHye,Ke Personajes,Si No Te Tengo / Ángel / Aquello Que Pasó,Ke Personajes,29,37,30,794046,AR,Argentina,Q2,2022
38,spotify:track:6ylDpki1VpIsc525KC1ojF,Sebastian Yatra,Tacones Rojos,UMLE - Latino,21,36,24,789204,AR,Argentina,Q2,2022
39,spotify:track:0cOa970mzTWAxKtltpkpLc,"TINI, Maria Becerra",Miénteme,Sony Music Latin,1,39,49,760739,AR,Argentina,Q2,2022
40,spotify:track:4RuXJVAsDaF52Z8D6lYRXX,"Callejero Fino, L-Gante, ECKO, Kaleb Di Masi, Fili Wey, Homer El Mero Mero, John C, Papichamp",Pa Tra Rkt - Remix,Callejero Fino,40,71,2,757462,AR,Argentina,Q2,2022
41,spotify:track:1GYJpuLq41vEVKXiHGEY9j,"Emilia, Duki",como si no importara,Sony Music Latin,2,28,39,727246,AR,Argentina,Q2,2022
42,spotify:track:23R68uWGdp07SwQdK8mWzI,"Rusherking, Maria Becerra",Antes de Ti,Rusherking,1,38,26,723278,AR,Argentina,Q2,2022
43,spotify:track:3sVuWmggRqfAK3qk7OIEAz,"MYA, Emilia",BB,Columbia,5,42,19,710212,AR,Argentina,Q2,2022
44,spotify:track:1wcE84DVQUF16xudVFzezL,"Mau y Ricky, Maria Becerra",Mal Acostumbrao - con Maria Becerra,Sony Music Latin,4,40,31,700703,AR,Argentina,Q2,2022
45,spotify:track:4S1KxKOfMg8SbH97TxYqPY,"Kaleb Di Masi, ECKO, Cazzu, Brray, Alan Gomez, DJ Tao",Matatan - Remix,UMLE - Latino,45,45,4,689456,AR,Argentina,Q2,2022
46,spotify:track:5DberPEjKBTY8WTzLgr0zZ,"FMK, Duki",Tu Nombre,Columbia,39,41,4,673939,AR,Argentina,Q2,2022
47,spotify:track:5TMLavqGRKNxgzMBrVpC9R,"zzoilo, Aitana",Mon Amour - Remix,Universal Music Spain S.L.,25,48,29,648192,AR,Argentina,Q2,2022
48,spotify:track:48AJSd42lXpicsGqcgopof,"Daddy Yankee, Bad Bunny",X ÚLTIMA VEZ,Republic Records,48,51,2,642219,AR,Argentina,Q2,2022
49,spotify:track:1UdzJEpgJxtuXAlCOvD4S0,Danny Ocean,Fuera del mercado,Atlantic Records,49,92,2,641319,AR,Argentina,Q2,2022
50,spotify:track:5j3wzSS6z80VEs71O0gysC,"Kaleb Di Masi, Omar Varela",Hace Calor,Wapeo,5,44,17,636806,AR,Argentina,Q2,2022
1,spotify:track:3k3NWokhRRkEPhCzPmV8TW,"Bad Bunny, Bomba Estéreo",Ojitos Lindos,Rimas Entertainment LLC,1,1,9,2448167,AR,Argentina,Q3,2022
2,spotify:track:6Sq7ltF9Qa7SNFBsV5Cogx,"Bad Bunny, Chencho Corleone",Me Porto Bonito,Rimas Entertainment LLC,2,3,9,2428541,AR,Argentina,Q3,2022
3,spotify:track:7kYbxvrGXv8cmKjkqgqhrw,TINI,La Triple T,Sony Music Latin,1,4,9,2274392,AR,Argentina,Q3,2022
4,spotify:track:1uGdRSOpObu3lp0jvrVREl,Maria Becerra,OJALÁ,300 Entertainment,2,2,6,2273286,AR,Argentina,Q3,2022
5,spotify:track:2rurDawMfoKP4uHyb2kJBt,"Shakira, Rauw Alejandro",Te Felicito,Sony Music Latin,3,5,11,2167614,AR,Argentina,Q3,2022
6,spotify:track:1IHWl5LamUGEuP4ozKQSXZ,Bad Bunny,Tití Me Preguntó,Rimas Entertainment LLC,6,6,9,2163518,AR,Argentina,Q3,2022
7,spotify:track:6Xom58OOXk2SoU711L2IXO,Bad Bunny,Moscow Mule,Rimas Entertainment LLC,1,7,9,2024486,AR,Argentina,Q3,2022
8,spotify:track:5Eax0qFko2dh7Rl2lYs3bx,Bad Bunny,Efecto,Rimas Entertainment LLC,8,9,9,1751991,AR,Argentina,Q3,2022
9,spotify:track:49ev1nUTrNxbjm04jaoL5Z,Duki,Antes de Perderte,DALE PLAY Records / SSJ Records,7,8,5,1577188,AR,Argentina,Q3,2022
10,spotify:track:7dSZ6zGTQx66c2GF91xCrb,KAROL G,PROVENZA,BICHOTA RECORDS / INTERSCOPE RECORDS / UNIVERSAL MUSIC LATINO,9,11,11,1463782,AR,Argentina,Q3,2022
11,spotify:track:1uK5rDY3BnikyG0sl3tPpc,"Sofía Reyes, Maria Becerra",Marte,WEA Latina,2,12,21,1430274,AR,Argentina,Q3,2022
12,spotify:track:6ojZtz3sZr6ynvejLOqgCj,"Tiago PZK, Ozuna",Nos Comemos (feat. Ozuna),WEA Latina,9,10,5,1422964,AR,Argentina,Q3,2022
13,spotify:track:67Wqby5IjOMMpIYwqmCYOG,"Emilia, Nicki Nicole",intoxicao,Sony Music Latin,11,14,6,1382403,AR,Argentina,Q3,2022
14,spotify:track:1O2pcBJGej0pmH2Y9XZMs6,Cris MJ,Una Noche en Medellín,Sonar LLC.,4,16,20,1322825,AR,Argentina,Q3,2022
15,spotify:track:4hceSKjrkDTO0nMKFcb3sj,"Bizarrap, Villano Antillano","Villano Antillano: Bzrp Music Sessions, Vol. 51/66",DALE PLAY Records,14,17,4,1308099,AR,Argentina,Q3,2022
16,spotify:track:5aQtcr0PfEtk4FZCz5rLdV,"Emanero, FMK, Rusherking, Estani",BANDIDO,Fifty One,15,15,6,1278974,AR,Argentina,Q3,2022
17,spotify:track:45dlaEXrXW47TVbrQ4gK7E,"Rei, Callejero Fino",Tu Turrito,DALE PLAY Records,17,26,9,1260143,AR,Argentina,Q3,2022
18,spotify:track:77UICuAzXRYuJqdhcy6R3m,Paulo Londra,Luces,WEA Latina,18,-1,1,1228322,AR,Argentina,Q3,2022
19,spotify:track:3UT2CkCgSWjK6h5v5Ye4GH,"Duki, De La Ghetto, Quevedo",Si Quieren Frontear,DALE PLAY Records / SSJ Records,2,13,14,1190350,AR,Argentina,Q3,2022
20,spotify:track:3ushwCdjpWNdSnZgRFU6Oc,Emilia,cuatro veinte,Sony Music Latin,4,19,15,1159603,AR,Argentina,Q3,2022
21,spotify:track:2x8oBuYaObjqHqgGuIUZ0b,WOS,ARRANCÁRMELO,DOGUITO Records / DALE PLAY Records,2,18,14,1153126,AR,Argentina,Q3,2022
22,spotify:track:6mmPpaltUZK7xjNlBPQQ0p,"Rauw Alejandro, Chencho Corleone",Desesperados,Sony Music Latin/Duars Entertainment,1,20,30,1113190,AR,Argentina,Q3,2022
23,spotify:track:41oY4WCTj5kccfesTVFnvN,"Bad Bunny, JHAYCO",Tarot,Rimas Entertainment LLC,17,27,9,1061855,AR,Argentina,Q3,2022
24,spotify:track:6LBpjWMfy1NUfyxAJbcMRs,"La K'onga, Nahuel Pennisi",Universo Paralelo,Leader Music,2,22,34,1051039,AR,Argentina,Q3,2022
25,spotify:track:1txrFHh4XUU3Kp8HcD2TFW,"Luck Ra, Rusherking",Te Mentiría Remix,Sony Music Entertainment Chile S.A,13,21,10,1045743,AR,Argentina,Q3,2022
26,spotify:track:6WZk0S0t6YP414VJz99mWT,Lali,N5,Ariola,26,52,2,1018984,AR,Argentina,Q3,2022
27,spotify:track:0U9OZFbn82oICL2jNbpNHy,"Cazzu, Maria Becerra",Maléfica,Rimas Entertainment LLC.,20,23,7,1017024,AR,Argentina,Q3,2022
28,spotify:track:5JCquuXMmdXNypO32fPb0M,Paulo Londra,Nublado,WEA Latina,28,-1,1,999019,AR,Argentina,Q3,2022
29,spotify:track:2Gq636OOGgxCTqEuzCZhsa,"Bizarrap, Tiago PZK","Tiago PZK: Bzrp Music Sessions, Vol. 48/66",DALE PLAY Records,1,24,28,988055,AR,Argentina,Q3,2022
30,spotify:track:63GTuNSVLynH3n3PdqObgd,"TINI, Beéle",Fantasi,Sony Music Latin,5,29,20,974712,AR,Argentina,Q3,2022
31,spotify:track:5i82o3878xCPNCUK8VIeqX,"Los Ángeles Azules, Nicki Nicole",Otra Noche,Seitrack,10,28,34,964185,AR,Argentina,Q3,2022
32,spotify:track:4tYFy8ALRjIZvnvSLw5lxN,"Bad Bunny, Rauw Alejandro",Party,Rimas Entertainment LLC,17,32,9,963809,AR,Argentina,Q3,2022
33,spotify:track:6DoL1yYIwEW7VZMRaJhoJI,"Chris Jedi, Anuel AA, Chencho Corleone, Ñengo Flow",La Llevo Al Cielo (Ft. Ñengo Flow),UMLE - Latino,32,35,7,930772,AR,Argentina,Q3,2022
34,spotify:track:3yeFTYLMz4nOtyPXWEMKsW,TINI,Carne y Hueso,Sony Music Latin,13,31,7,916477,AR,Argentina,Q3,2022
35,spotify:track:7FlQk2gJ6TBrHHiidvdR2O,"Becky G, KAROL G",MAMIII,Kemosabe Records/RCA Records/Sony Music Latin,10,36,21,900172,AR,Argentina,Q3,2022
36,spotify:track:4TGwERXRlyQtBdggYTHo6j,"Tiago PZK, LIT killah, Maria Becerra, Nicki Nicole",Entre Nosotros (Remix) [con Nicki Nicole],WEA Latina,1,33,27,880597,AR,Argentina,Q3,2022
37,spotify:track:4Dvkj6JhhA12EX05fT7y2e,Harry Styles,As It Was,Columbia,6,30,14,849937,AR,Argentina,Q3,2022
38,spotify:track:75FEaRjZTKLhTrFGsfMUXR,Kate Bush,Running Up That Hill (A Deal With God),Fish People,38,55,6,818514,AR,Argentina,Q3,2022
39,spotify:track:2IzV2SPZQLadtA46ni3ICq,"Zion & Lennox, Maria Becerra",Berlin,WEA Latina,39,-1,1,816377,AR,Argentina,Q3,2022
40,spotify:track:0cOa970mzTWAxKtltpkpLc,"TINI, Maria Becerra",Miénteme,Sony Music Latin,1,42,62,789241,AR,Argentina,Q3,2022
41,spotify:track:42Gzfqnfpk7Pp1ydM60eNn,Maria Becerra,Felices x Siempre,300 Entertainment,11,37,20,784587,AR,Argentina,Q3,2022
42,spotify:track:1v5QhGtlv2bkpUz2kAXTCq,"FMK, Maria Becerra",Tranquila,Columbia,3,38,25,777418,AR,Argentina,Q3,2022
43,spotify:track:2gpQi3hbcUAcEG8m2dlgfB,Paulo Londra,Plan A,WEA Latina,1,39,16,776671,AR,Argentina,Q3,2022
44,spotify:track:6HXvazdtAr9hy0kThzxrE3,"Oscu, Nobeat",Numero 1,1.8M,22,41,14,775600,AR,Argentina,Q3,2022
45,spotify:track:69n1Bh7n79MXbA9XqH4MfM,Duki,Perreo Bendito,DALE PLAY Records / SSJ Records,25,25,2,775272,AR,Argentina,Q3,2022
46,spotify:track:0lJE8f0lx8mUSfMyxeYpiC,"TINI, L-Gante",Bar,Sony Music Latin,1,40,34,775166,AR,Argentina,Q3,2022
47,spotify:track:2uky0VCI2EZni0nArOPznM,"Bizarrap, Paulo Londra","Paulo Londra: Bzrp Music Sessions, Vol. 23/66",DALE PLAY Records,1,46,11,757596,AR,Argentina,Q3,2022
48,spotify:track:3ehHqgYRzmeUi345MfHS2N,"Morat, Duki",París,Universal Music Spain S.L.,26,44,7,742887,AR,Argentina,Q3,2022
49,spotify:track:5CzixCxDkRXX9mScCmah8O,Bad Bunny,Un Ratito,Rimas Entertainment LLC,23,45,9,711124,AR,Argentina,Q3,2022
50,spotify:track:0OTNHGKcqQbk51bOYe462Y,"Polimá Westcoast, Pailita",ULTRA SOLO,Sony Music Entertainment Chile S.A,29,47,10,710940,AR,Argentina,Q3,2022
1,spotify:track:5ww2BF9slyYgNOk37BlC4u,Manuel Turizo,La Bachata,Sony Music Latin/La Industria,1,1,18,4181715,AR,Argentina,Q4,2022
2,spotify:track:2tTmW7RDtMQtBk7m2rYeSw,"Bizarrap, Quevedo","Quevedo: Bzrp Music Sessions, Vol. 52/66",DALE PLAY Records,1,2,15,3509173,AR,Argentina,Q4,2022
3,spotify:track:45dlaEXrXW47TVbrQ4gK7E,"Rei, Callejero Fino",Tu Turrito,DALE PLAY Records,3,3,23,3204674,AR,Argentina,Q4,2022
4,spotify:track:3Ne5uYDFzHEFYAPbaBMIck,Maria Becerra,AUTOMÁTICO,300 Entertainment,4,4,5,2815141,AR,Argentina,Q4,2022
5,spotify:track:53tfEupEzQRtVFOeZvk7xq,ROSALÍA,DESPECHÁ,Columbia,3,5,11,2760311,AR,Argentina,Q4,2022
6,spotify:track:12BLBKATlbWXPhuSNL8eAr,"Alan Gomez, Callejero Fino",CALLEJERO FINO | Mission 10,WM Chile,6,6,6,2248517,AR,Argentina,Q4,2022
7,spotify:track:2GVahxIzxivfRZc8lR39Ms,"Rei, Quevedo",FERNET,DALE PLAY Records,7,7,19,2002554,AR,Argentina,Q4,2022
8,spotify:track:3fjN3y5x4hN53rykAN2LHQ,Rels B,cómo dormiste?,DALE PLAY Records / Flakk Team,4,8,10,1939385,AR,Argentina,Q4,2022
9,spotify:track:6Sq7ltF9Qa7SNFBsV5Cogx,"Bad Bunny, Chencho Corleone",Me Porto Bonito,Rimas Entertainment LLC,2,9,23,1887772,AR,Argentina,Q4,2022
10,spotify:track:2bbwjxA68m9PHZFWgF1fze,Duki,GIVENCHY,DALE PLAY Records / SSJ Records,2,18,13,1860728,AR,Argentina,Q4,2022
11,spotify:track:6i1g5ZRmJZAkDwBaUZ3f2i,Luar La L,Caile,Rimas Entertainment LLC.,7,10,10,1790283,AR,Argentina,Q4,2022
12,spotify:track:2pR6bipXfJySBhje19SW02,"Cris MJ, Standly, Stars Music Chile",Marisola,Stars Music Chile 2024,12,13,9,1762384,AR,Argentina,Q4,2022
13,spotify:track:7iwJOi3hlMqZt6pj1sQOBj,Quevedo,VISTA AL MAR,Rimas Entertainment LLC.,13,14,5,1757696,AR,Argentina,Q4,2022
14,spotify:track:60DHrnRAhNJMy4WeEf23NH,"La Joaqui, Alan Gomez, EL NOBA",Butakera,DALE PLAY Records / GOAT Records,14,26,10,1604801,AR,Argentina,Q4,2022
15,spotify:track:3k3NWokhRRkEPhCzPmV8TW,"Bad Bunny, Bomba Estéreo",Ojitos Lindos,Rimas Entertainment LLC,1,12,23,1588924,AR,Argentina,Q4,2022
16,spotify:track:1gYtMKmICjH8KQG3MheNJt,"TINI, Tiago PZK",El Último Beso,5020 Records,9,11,4,1552537,AR,Argentina,Q4,2022
17,spotify:track:1IHWl5LamUGEuP4ozKQSXZ,Bad Bunny,Tití Me Preguntó,Rimas Entertainment LLC,3,15,23,1496505,AR,Argentina,Q4,2022
18,spotify:track:7kYbxvrGXv8cmKjkqgqhrw,TINI,La Triple T,Sony Music Latin,1,19,23,1417299,AR,Argentina,Q4,2022
19,spotify:track:2IzV2SPZQLadtA46ni3ICq,"Zion & Lennox, Maria Becerra",Berlin,WEA Latina,11,16,15,1388132,AR,Argentina,Q4,2022
20,spotify:track:0kTMK4gNFfLXaTb62w1UaJ,"Pablito Pesadilla, Polimá Westcoast, Nickoog Clk, Fran C",BABY OTAKU,Pablito Pesadilla,20,21,4,1387675,AR,Argentina,Q4,2022
21,spotify:track:1uGdRSOpObu3lp0jvrVREl,Maria Becerra,OJALÁ,300 Entertainment,2,17,20,1385709,AR,Argentina,Q4,2022
22,spotify:track:5Eax0qFko2dh7Rl2lYs3bx,Bad Bunny,Efecto,Rimas Entertainment LLC,8,22,23,1202478,AR,Argentina,Q4,2022
23,spotify:track:5GF0X7GdNmnouKcdhhRmtm,"Paulo Londra, Duki",Party en el Barrio (feat. Duki),WEA Latina,9,20,5,1110905,AR,Argentina,Q4,2022
24,spotify:track:7dSZ6zGTQx66c2GF91xCrb,KAROL G,PROVENZA,BICHOTA RECORDS / INTERSCOPE RECORDS / UNIVERSAL MUSIC LATINO,9,23,25,1094808,AR,Argentina,Q4,2022
25,spotify:track:6Xom58OOXk2SoU711L2IXO,Bad Bunny,Moscow Mule,Rimas Entertainment LLC,1,24,23,1069355,AR,Argentina,Q4,2022
26,spotify:track:03a359wbiUsjN9h6yzXvmS,"Duki, KHEA",She Don't Give a Fo,DALE PLAY Records,3,67,142,1028757,AR,Argentina,Q4,2022
27,spotify:track:2rurDawMfoKP4uHyb2kJBt,"Shakira, Rauw Alejandro",Te Felicito,Sony Music Latin,3,25,25,1012912,AR,Argentina,Q4,2022
28,spotify:track:3UytZp1xDkNkROyIwE7DbY,"Trueno, Tiago PZK",Hood - Remix,5020 Records,28,-1,1,990239,AR,Argentina,Q4,2022
29,spotify:track:3AbNNvo2OmyeDMvRBgf9vk,"TINI, Becky G, Anitta",La Loto,Sony Music Latin,8,27,15,975342,AR,Argentina,Q4,2022
30,spotify:track:5i82o3878xCPNCUK8VIeqX,"Los Ángeles Azules, Nicki Nicole",Otra Noche,Seitrack,10,32,48,973568,AR,Argentina,Q4,2022
31,spotify:track:6LBpjWMfy1NUfyxAJbcMRs,"La K'onga, Nahuel Pennisi",Universo Paralelo,Leader Music,2,30,48,969542,AR,Argentina,Q4,2022
32,spotify:track:6mmPpaltUZK7xjNlBPQQ0p,"Rauw Alejandro, Chencho Corleone",Desesperados,Sony Music Latin/Duars Entertainment,1,28,44,959522,AR,Argentina,Q4,2022
33,spotify:track:2LgxW2t2H6lAf7tJuOnxxj,Duki,Antes de Perderte,DALE PLAY Records / SSJ Records,7,38,19,954627,AR,Argentina,Q4,2022
34,spotify:track:1O2pcBJGej0pmH2Y9XZMs6,Cris MJ,Una Noche en Medellín,Sonar LLC.,4,33,34,927002,AR,Argentina,Q4,2022
35,spotify:track:1uK5rDY3BnikyG0sl3tPpc,"Sofía Reyes, Maria Becerra",Marte,WEA Latina,2,29,35,904520,AR,Argentina,Q4,2022
36,spotify:track:2x8oBuYaObjqHqgGuIUZ0b,WOS,ARRANCÁRMELO,DOGUITO Records / DALE PLAY Records,2,35,28,896290,AR,Argentina,Q4,2022
37,spotify:track:5x17YrAwajDUCqB8zT9ElY,"Tiago PZK, Myke Towers",Traductor,WEA Latina,18,31,13,896222,AR,Argentina,Q4,2022
38,spotify:track:3EcCc1U405tm8yKm1x6Y8W,La K'onga,Te Mentiría,Leader Music,14,37,73,885159,AR,Argentina,Q4,2022
39,spotify:track:67Wqby5IjOMMpIYwqmCYOG,"Emilia, Nicki Nicole",intoxicao,Sony Music Latin,11,34,20,859452,AR,Argentina,Q4,2022
40,spotify:track:31i56LZnwE6uSu3exoHjtB,Bad Bunny,Neverita,Rimas Entertainment LLC,35,39,23,839106,AR,Argentina,Q4,2022
41,spotify:track:6ojZtz3sZr6ynvejLOqgCj,"Tiago PZK, Ozuna",Nos Comemos (feat. Ozuna),WEA Latina,9,36,19,835411,AR,Argentina,Q4,2022
42,spotify:track:6TsVhM8qIkWN5cJVDIVbbz,"Wisin & Yandel, ROSALÍA",Besos Moja2,Sony Music Latin,42,56,2,808407,AR,Argentina,Q4,2022
43,spotify:track:0cOa970mzTWAxKtltpkpLc,"TINI, Maria Becerra",Miénteme,Sony Music Latin,1,41,76,782820,AR,Argentina,Q4,2022
44,spotify:track:5aQtcr0PfEtk4FZCz5rLdV,"Emanero, FMK, Rusherking, Estani",BANDIDO,Fifty One,15,42,20,776707,AR,Argentina,Q4,2022
45,spotify:track:5lkgHMBFyhk6P3jinwsYo0,Emilia,La Chain,Sony Music Latin,22,43,8,760325,AR,Argentina,Q4,2022
46,spotify:track:1v5QhGtlv2bkpUz2kAXTCq,"FMK, Maria Becerra",Tranquila,Columbia,3,47,39,747933,AR,Argentina,Q4,2022
47,spotify:track:1IT2VUL1Nx6Y3AdCfm0wcO,Rei,Pechito Partido,DALE PLAY Records,47,52,7,744316,AR,Argentina,Q4,2022
48,spotify:track:6HXvazdtAr9hy0kThzxrE3,"Oscu, Nobeat",Numero 1,1.8M,22,49,28,730744,AR,Argentina,Q4,2022
49,spotify:track:6DoL1yYIwEW7VZMRaJhoJI,"Chris Jedi, Anuel AA, Chencho Corleone, Ñengo Flow",La Llevo Al Cielo (Ft. Ñengo Flow),UMLE - Latino,26,46,21,725942,AR,Argentina,Q4,2022
50,spotify:track:3MBNAfBXIq9fI2Sez8EcNX,"Duki, De La Ghetto, Quevedo",Si Quieren Frontear,DALE PLAY Records / SSJ Records,2,51,28,722210,AR,Argentina,Q4,2022
1,spotify:track:7rglLriMNBPAyuJOMGwi39,"Elton John, Dua Lipa, PNAU",Cold Heart - PNAU Remix,EMI,1,1,22,1265429,AU,Australia,Q1,2022
2,spotify:track:5PjdY0CKGZdEuoNab3yDmX,"The Kid LAROI, Justin Bieber",STAY (with Justin Bieber),Columbia,1,2,27,1265054,AU,Australia,Q1,2022
3,spotify:track:02MWAaffLxlfxAUY7c5dvx,Glass Animals,Heat Waves,Polydor Records,1,3,76,1178966,AU,Australia,Q1,2022
4,spotify:track:4fouWK6XVHhzl78KzQ1UjL,GAYLE,abcdefu,Atlantic/Arthouse Records,4,4,9,1138261,AU,Australia,Q1,2022
5,spotify:track:46IZ0fSY2mpAiktS3KOqds,Adele,Easy On Me,Columbia,1,7,13,983377,AU,Australia,Q1,2022
6,spotify:track:50nfwKoDiSYg8zOCREWAm5,Ed Sheeran,Shivers,Atlantic Records UK,4,8,18,958873,AU,Australia,Q1,2022
7,spotify:track:5S9Zs5g9lTWnLIboN1pdlU,Lauren Spencer Smith,Fingers Crossed,"Three Name Productions, Inc./ Island Records & Republic Records",7,-1,1,949641,AU,Australia,Q1,2022
8,spotify:track:1nH2PkJL1XoUq8oE6tBZoU,The Weeknd,Sacrifice,XO / Republic Records,8,-1,1,944190,AU,Australia,Q1,2022
9,spotify:track:20on25jryn53hWghthWWW3,"ACRAZE, Cherish",Do It To It,Thrive Music,5,5,11,925139,AU,Australia,Q1,2022
10,spotify:track:3rmo8F54jFF8OgYsqTxm5d,Ed Sheeran,Bad Habits,Atlantic Records UK,2,6,29,917353,AU,Australia,Q1,2022
11,spotify:track:5Z9KJZvQzH6PFmb8SNkxuk,"Lil Nas X, Jack Harlow",INDUSTRY BABY (feat. Jack Harlow),Columbia,2,9,25,904904,AU,Australia,Q1,2022
12,spotify:track:3uUuGVFu1V7jTQL60S1r8z,"Lost Frequencies, Calum Scott",Where Are You Now,Epic Amsterdam,10,10,15,851034,AU,Australia,Q1,2022
13,spotify:track:52xJxFP6TqMuO4Yt0eOkMz,"Carolina Gaitán - La Gaita, Mauro Castillo, Adassa, Rhenzy Feliz, Diane Guerrero, Stephanie Beatriz, Encanto - Cast",We Don't Talk About Bruno,Walt Disney Records,13,18,3,824845,AU,Australia,Q1,2022
14,spotify:track:6I3mqTwhRpn34SLVafSH7G,Justin Bieber,Ghost,RBMG/Def Jam,11,12,16,800779,AU,Australia,Q1,2022
15,spotify:track:4ZtFanR9U6ndgddUvNcjcG,Olivia Rodrigo,good 4 u,Olivia Rodrigo PS,1,11,35,765549,AU,Australia,Q1,2022
16,spotify:track:1r9xUipOqoNwggBpENDsvJ,"Imagine Dragons, JID, Arcane, League of Legends",Enemy (with JID) - from the series Arcane League of Legends,KIDinaKORNER/Interscope Records,14,14,9,736171,AU,Australia,Q1,2022
17,spotify:track:7AVyve7cFYTd51ha5i9kE2,"Luude, Colin Hay",Down Under (feat. Colin Hay),Sweat It Out,17,40,4,708975,AU,Australia,Q1,2022
18,spotify:track:3DarAbFujv6eYNliUTyqtz,"Doja Cat, SZA",Kiss Me More (feat. SZA),Kemosabe Records/RCA Records,1,13,40,687069,AU,Australia,Q1,2022
19,spotify:track:0mL82sxCRjrs3br407IdJh,The Weeknd,Is There Someone Else?,XO / Republic Records,19,-1,1,684256,AU,Australia,Q1,2022
20,spotify:track:00Blm7zeNqgYLPtW6zg8cj,"Post Malone, The Weeknd",One Right Now (with The Weeknd),Republic Records,10,16,10,680205,AU,Australia,Q1,2022
21,spotify:track:6f5ExP43esnvdKPddwKXJH,"NEIKED, Mae Muller, Polo G",Better Days (NEIKED x Mae Muller x Polo G),Capitol Records UK / EMI,8,15,12,636728,AU,Australia,Q1,2022
22,spotify:track:0e8nrvls4Qqv5Rfa2UhqmO,Lil Nas X,THATS WHAT I WANT,Columbia,6,17,17,636280,AU,Australia,Q1,2022
23,spotify:track:760jhRscwGbIIe1m1IIQpU,Jessica Darrow,Surface Pressure,Walt Disney Records,23,44,2,576388,AU,Australia,Q1,2022
24,spotify:track:5dXWFMwD7I7zXsInONVl0H,SZA,I Hate U,Top Dawg Entertainment/RCA Records,15,19,6,566660,AU,Australia,Q1,2022
25,spotify:track:6Uj1ctrBOjOas8xZXGqKk4,Doja Cat,Woman,Kemosabe Records/RCA Records,12,21,25,563989,AU,Australia,Q1,2022
26,spotify:track:5rW7qTn83sCKtqBoneJs63,"bbno$, Rich Brian",edamame,bbno$,26,26,18,554673,AU,Australia,Q1,2022
27,spotify:track:3nOz1U41SZZ0N3fuUWr9nb,Emmy Meli,I AM WOMAN,Disruptor Records/Arista Records,24,24,8,546034,AU,Australia,Q1,2022
28,spotify:track:2SLwbpExuoBDZBpjfefCtV,The Weeknd,Out of Time,XO / Republic Records,28,-1,1,543909,AU,Australia,Q1,2022
29,spotify:track:3KyKxJ4P3pVCgaZwaq2rUC,The Weeknd,Gasoline,XO / Republic Records,29,-1,1,540210,AU,Australia,Q1,2022
30,spotify:track:2Ghp894n1laIf2w98VeAOJ,The Weeknd,How Do I Make You Love Me?,XO / Republic Records,30,-1,1,540127,AU,Australia,Q1,2022
31,spotify:track:1SC5rEoYDGUK4NfG82494W,Lil Nas X,MONTERO (Call Me By Your Name),Columbia,1,20,42,537090,AU,Australia,Q1,2022
32,spotify:track:6gPPoRYJwCsoB2VVdPJfmo,David Kushner,Miserable Man,Miserable Music Group,32,-1,1,524094,AU,Australia,Q1,2022
33,spotify:track:3Wrjm47oTz2sjIgck11l5e,Måneskin,Beggin',RCA Records Label,3,25,31,520480,AU,Australia,Q1,2022
34,spotify:track:2gpWyfu7eZ01zzncHpxOtA,"Swedish House Mafia, The Weeknd",Moth To A Flame (with The Weeknd),Republic Records,8,39,12,517693,AU,Australia,Q1,2022
35,spotify:track:18asYwWugKjjsihZ0YvRxO,"Tiësto, Ava Max",The Motto,Atlantic Records,32,32,4,512519,AU,Australia,Q1,2022
36,spotify:track:5nujrmhLynf4yMoMtj8AQF,"Dua Lipa, DaBaby",Levitating (feat. DaBaby),Warner Records,4,22,66,503181,AU,Australia,Q1,2022
37,spotify:track:0qOvlEzD7xU35GLFT8DF1t,"Havana Brown, Hooligan Hefs, Teddy Cream",We Run The Night - Teddy Cream Remix,Universal Music Australia Pty. Ltd.,28,28,5,502204,AU,Australia,Q1,2022
38,spotify:track:07MDkzWARZaLEdKxo6yArG,"THE ANXIETY, WILLOW, Tyler Cole",Meet Me At Our Spot,"MSFTSMusic / Roc Nation Records, LLC",10,30,20,488711,AU,Australia,Q1,2022
39,spotify:track:46HNZY1i7O6jwTA7Slo2PI,"Coldplay, BTS",My Universe,Parlophone UK,17,31,16,485579,AU,Australia,Q1,2022
40,spotify:track:003vvx7Niy0yvhvHt4a68B,The Killers,Mr. Brightside,Island Records,23,23,264,484010,AU,Australia,Q1,2022
41,spotify:track:0VjIjW4GlUZAMYd2vXMi3b,The Weeknd,Blinding Lights,Republic Records,1,29,111,466576,AU,Australia,Q1,2022
42,spotify:track:3Kkjo3cT83cw09VJyrLNwX,Adele,Oh My God,Columbia,4,41,8,460777,AU,Australia,Q1,2022
43,spotify:track:2vgUijXOTRMnWXDtvgMp2b,The Weeknd,Take My Breath,XO / Republic Records,43,-1,1,458574,AU,Australia,Q1,2022
44,spotify:track:0ofHAoxe9vBkTCp2UQIavz,Fleetwood Mac,Dreams - 2004 Remaster,Rhino/Warner Records,7,27,184,456554,AU,Australia,Q1,2022
45,spotify:track:1NhjYYcYTRywc0di98xHxf,"The Weeknd, Tyler, The Creator","Here We Go… Again (feat. Tyler, the Creator)",XO / Republic Records,45,-1,1,455634,AU,Australia,Q1,2022
46,spotify:track:2D4dV2KXDTszzJ3p3cFqhA,The Weeknd,Less Than Zero,XO / Republic Records,46,-1,1,452749,AU,Australia,Q1,2022
47,spotify:track:1E5Xu8dur0fAjSP1VpVhAZ,The Weeknd,Best Friends,XO / Republic Records,47,-1,1,449143,AU,Australia,Q1,2022
48,spotify:track:3eJH2nAjvNXdmPfBkALiPZ,Jason Derulo,Acapulco,Atlantic Records,33,33,13,444057,AU,Australia,Q1,2022
49,spotify:track:5YqdiryRmdAzYFlxo43hAJ,Vance Joy,Missing Piece,Atlantic Records,19,38,34,438091,AU,Australia,Q1,2022
50,spotify:track:3Vi5XqYrmQgOYBajMWSvCi,Doja Cat,Need to Know,Kemosabe Records/RCA Records,7,42,31,432847,AU,Australia,Q1,2022
1,spotify:track:4LRPiXqCikLlN15c3yImP7,Harry Styles,As It Was,Columbia,1,-1,1,2806828,AU,Australia,Q2,2022
2,spotify:track:02MWAaffLxlfxAUY7c5dvx,Glass Animals,Heat Waves,Polydor Records,1,1,88,1066604,AU,Australia,Q2,2022
3,spotify:track:5PjdY0CKGZdEuoNab3yDmX,"The Kid LAROI, Justin Bieber",STAY (with Justin Bieber),Columbia,1,2,39,954218,AU,Australia,Q2,2022
4,spotify:track:7rglLriMNBPAyuJOMGwi39,"Elton John, Dua Lipa, PNAU",Cold Heart - PNAU Remix,EMI,1,3,34,841193,AU,Australia,Q2,2022
5,spotify:track:531KGXtBroSrOX9LVmiIgc,Dave,Starlight,Dave / Neighbourhood Recordings,4,4,5,838437,AU,Australia,Q2,2022
6,spotify:track:3uUuGVFu1V7jTQL60S1r8z,"Lost Frequencies, Calum Scott",Where Are You Now,Epic Amsterdam,4,5,27,805129,AU,Australia,Q2,2022
7,spotify:track:3rmo8F54jFF8OgYsqTxm5d,Ed Sheeran,Bad Habits,Atlantic Records UK,2,7,41,753790,AU,Australia,Q2,2022
8,spotify:track:50nfwKoDiSYg8zOCREWAm5,Ed Sheeran,Shivers,Atlantic Records UK,4,6,30,751686,AU,Australia,Q2,2022
9,spotify:track:5Z9KJZvQzH6PFmb8SNkxuk,"Lil Nas X, Jack Harlow",INDUSTRY BABY (feat. Jack Harlow),Columbia,2,11,37,730973,AU,Australia,Q2,2022
10,spotify:track:6I3mqTwhRpn34SLVafSH7G,Justin Bieber,Ghost,RBMG/Def Jam,8,8,28,708525,AU,Australia,Q2,2022
11,spotify:track:0e8nrvls4Qqv5Rfa2UhqmO,Lil Nas X,THATS WHAT I WANT,Columbia,6,9,29,703026,AU,Australia,Q2,2022
12,spotify:track:4fouWK6XVHhzl78KzQ1UjL,GAYLE,abcdefu,Atlantic/Arthouse Records,4,10,21,672491,AU,Australia,Q2,2022
13,spotify:track:4ZtFanR9U6ndgddUvNcjcG,Olivia Rodrigo,good 4 u,Olivia Rodrigo PS,1,12,47,650954,AU,Australia,Q2,2022
14,spotify:track:0QBzMgT7NIeoCYy3sJCof1,"Camila Cabello, Ed Sheeran",Bam Bam (feat. Ed Sheeran),Epic,14,15,5,621729,AU,Australia,Q2,2022
15,spotify:track:0oA9wBGDY4uyILLg4GymWP,"AnnenMayKantereit, Giant Rooks",Tom's Diner,Vertigo Berlin,15,16,4,598860,AU,Australia,Q2,2022
16,spotify:track:1HhNoOuqm1a5MXYEgAFl8o,"Imagine Dragons, JID, Arcane, League of Legends",Enemy (with JID) - from the series Arcane League of Legends,Kid Ina Korner / Interscope,14,14,21,589138,AU,Australia,Q2,2022
17,spotify:track:58HvfVOeJY7lUuCqF0m3ly,Elley Duhé,MIDDLE OF THE NIGHT,Not Fit For Society/RCA Records,17,18,8,576207,AU,Australia,Q2,2022
18,spotify:track:3Oww84xrmgjyr5J1ilOmAf,"Luude, Colin Hay",Down Under (feat. Colin Hay),Sweat It Out,7,13,16,575615,AU,Australia,Q2,2022
19,spotify:track:46IZ0fSY2mpAiktS3KOqds,Adele,Easy On Me,Columbia,1,17,25,568554,AU,Australia,Q2,2022
20,spotify:track:2oqlgNaWn1ewr3FNKYLoie,"Brothers, Joel Fletcher",LET'S TROT!,WM Australia,20,20,3,560566,AU,Australia,Q2,2022
21,spotify:track:1HvTxgCj0mTzQlEo0zLvFb,Lil Tjay,In My Head,Columbia,21,-1,1,547375,AU,Australia,Q2,2022
22,spotify:track:5A5bLKdL5I3k3FTEQlAUw7,"SUPER-Hi, NEEKA",Following the Sun,BLENDED,22,22,6,547316,AU,Australia,Q2,2022
23,spotify:track:3DarAbFujv6eYNliUTyqtz,"Doja Cat, SZA",Kiss Me More (feat. SZA),Kemosabe Records/RCA Records,1,24,52,538422,AU,Australia,Q2,2022
24,spotify:track:59CfNbkERJ3NoTXDvoURjj,Dove Cameron,Boyfriend,Disruptor Records/Columbia,13,21,8,524151,AU,Australia,Q2,2022
25,spotify:track:20on25jryn53hWghthWWW3,"ACRAZE, Cherish",Do It To It,Thrive Music,5,23,23,515749,AU,Australia,Q2,2022
26,spotify:track:52xJxFP6TqMuO4Yt0eOkMz,"Carolina Gaitán - La Gaita, Mauro Castillo, Adassa, Rhenzy Feliz, Diane Guerrero, Stephanie Beatriz, Encanto - Cast",We Don't Talk About Bruno,Walt Disney Records,5,19,15,511230,AU,Australia,Q2,2022
27,spotify:track:0U1W2LZVUX7qTm7dDpqxh6,Shawn Mendes,When You're Gone,Shawn Mendes LP4-5 PS/ Island,27,-1,1,508105,AU,Australia,Q2,2022
28,spotify:track:6Uj1ctrBOjOas8xZXGqKk4,Doja Cat,Woman,Kemosabe Records/RCA Records,12,25,37,504575,AU,Australia,Q2,2022
29,spotify:track:0IuVhCflrQPMGRrOyoY5RW,Tate McRae,she's all i wanna be,RCA Records Label,19,27,9,493797,AU,Australia,Q2,2022
30,spotify:track:003vvx7Niy0yvhvHt4a68B,The Killers,Mr. Brightside,Island Records,23,31,276,493779,AU,Australia,Q2,2022
31,spotify:track:3o9kpgkIcffx0iSwxhuNI2,Em Beihold,Numb Little Bug,"Republic Records/Moon Projects, LLC.",27,30,10,477473,AU,Australia,Q2,2022
32,spotify:track:3GZD6HmiNUhxXYf8Gch723,Frank Ocean,Lost,Red Zone Entertainment / IDJ,17,28,22,473691,AU,Australia,Q2,2022
33,spotify:track:18asYwWugKjjsihZ0YvRxO,"Tiësto, Ava Max",The Motto,Atlantic Records,22,26,16,473348,AU,Australia,Q2,2022
34,spotify:track:3yMC1KsTwh0ceXdIe4QQAQ,Lauren Spencer Smith,Fingers Crossed,"Three Name Productions, Inc./ Island Records & Republic Records",7,32,13,451471,AU,Australia,Q2,2022
35,spotify:track:5wANPM4fQCJwkGd4rN57mH,Olivia Rodrigo,drivers license,Olivia Rodrigo PS,1,49,65,435468,AU,Australia,Q2,2022
36,spotify:track:3AVXwaOGCEL8cmBecfcsFJ,Charlie Puth,Light Switch,Atlantic Records,20,35,11,432152,AU,Australia,Q2,2022
37,spotify:track:5nujrmhLynf4yMoMtj8AQF,"Dua Lipa, DaBaby",Levitating (feat. DaBaby),Warner Records,4,37,78,428404,AU,Australia,Q2,2022
38,spotify:track:68Dni7IE4VyPkTOH9mRWHr,J. Cole,No Role Modelz,Roc Nation Records LLC,38,38,145,420429,AU,Australia,Q2,2022
39,spotify:track:0VjIjW4GlUZAMYd2vXMi3b,The Weeknd,Blinding Lights,Republic Records,1,41,123,416794,AU,Australia,Q2,2022
40,spotify:track:7mFj0LlWtEJaEigguaWqYh,"Megan Thee Stallion, Dua Lipa",Sweetest Pie,300 Entertainment,20,29,4,415141,AU,Australia,Q2,2022
41,spotify:track:00Blm7zeNqgYLPtW6zg8cj,"Post Malone, The Weeknd",One Right Now (with The Weeknd),Republic Records,10,34,22,413923,AU,Australia,Q2,2022
42,spotify:track:6HJizCbaqaEQG1eLjn341Z,Dean Lewis,Hurtless,Universal Music Australia Pty. Ltd.,42,-1,1,413169,AU,Australia,Q2,2022
43,spotify:track:6f5ExP43esnvdKPddwKXJH,"NEIKED, Mae Muller, Polo G",Better Days (NEIKED x Mae Muller x Polo G),Capitol Records UK / EMI,8,39,24,412459,AU,Australia,Q2,2022
44,spotify:track:3vySEUpD0tc801F2WZDLYw,"Tyga, Doja Cat",Freaky Deaky,Kemosabe / RCA Records / Last Kings Music / EMPIRE,24,33,6,400004,AU,Australia,Q2,2022
45,spotify:track:6UelLqGlWMcVH1E5c4H7lY,Harry Styles,Watermelon Sugar,Columbia,3,77,125,393251,AU,Australia,Q2,2022
46,spotify:track:62Yo3FDddWY8ydu6PW2wyz,Jack Harlow,Nail Tech,Generation Now/Atlantic,19,40,7,392985,AU,Australia,Q2,2022
47,spotify:track:46HNZY1i7O6jwTA7Slo2PI,"Coldplay, BTS",My Universe,Parlophone UK,17,47,28,386096,AU,Australia,Q2,2022
48,spotify:track:7lQ8MOhq6IN2w8EYcFNSUk,Eminem,Without Me,Eminem Catalog PS,42,48,36,382181,AU,Australia,Q2,2022
49,spotify:track:5UWwZ5lm5PKu6eKsHAGxOk,Foo Fighters,Everlong,RCA Records Label,45,45,3,379480,AU,Australia,Q2,2022
50,spotify:track:1SOClUWhOi8vHZYMz3GluK,Jaymes Young,Infinity,Atlantic Records,41,43,18,376028,AU,Australia,Q2,2022
1,spotify:track:75FEaRjZTKLhTrFGsfMUXR,Kate Bush,Running Up That Hill (A Deal With God),Fish People,1,2,6,1748963,AU,Australia,Q3,2022
2,spotify:track:6xGruZOHLs39ZbVccQTuPZ,Joji,Glimpse of Us,88rising Music,1,1,4,1461914,AU,Australia,Q3,2022
3,spotify:track:4Dvkj6JhhA12EX05fT7y2e,Harry Styles,As It Was,Columbia,1,3,14,1316109,AU,Australia,Q3,2022
4,spotify:track:0hquQWY3xvYqN4qtiquniF,Doja Cat,Vegas (From the Original Motion Picture Soundtrack ELVIS),Kemosabe Records/RCA Records,4,4,8,1054299,AU,Australia,Q3,2022
5,spotify:track:02MWAaffLxlfxAUY7c5dvx,Glass Animals,Heat Waves,Polydor Records,1,8,101,909627,AU,Australia,Q3,2022
6,spotify:track:1PckUlxKqWQs3RlWXVBLw3,Lizzo,About Damn Time,Nice Life/Atlantic,3,7,10,903128,AU,Australia,Q3,2022
7,spotify:track:0wHFktze2PHC5jDt3B17DC,Jack Harlow,First Class,Generation Now/Atlantic,1,5,13,881808,AU,Australia,Q3,2022
8,spotify:track:3F5CgOj3wFlRv51JsHbxhe,"Drake, 21 Savage",Jimmy Cooks (feat. 21 Savage),OVO,4,6,3,849114,AU,Australia,Q3,2022
9,spotify:track:4h9wh7iOZ0GGn8QVp4RAOB,OneRepublic,I Ain't Worried,Interscope Records,9,14,5,783454,AU,Australia,Q3,2022
10,spotify:track:5PjdY0CKGZdEuoNab3yDmX,"The Kid LAROI, Justin Bieber",STAY (with Justin Bieber),Columbia,1,10,52,781804,AU,Australia,Q3,2022
11,spotify:track:0O6u0VJ46W86TxN9wgyqDj,"Post Malone, Doja Cat",I Like You (A Happier Song) (with Doja Cat),Mercury Records/Republic Records,6,11,5,776367,AU,Australia,Q3,2022
12,spotify:track:2KukL7UlQ8TdvpaA7bY3ZJ,Beyoncé,BREAK MY SOUL,Parkwood Entertainment/Columbia,9,9,3,731441,AU,Australia,Q3,2022
13,spotify:track:1r8ZCjfrQxoy2wVaBUbpwg,The Kid LAROI,THOUSAND MILES,Columbia,3,12,11,712683,AU,Australia,Q3,2022
14,spotify:track:6JIC3hbC28JZKZ8AlAqX8h,"Elton John, Dua Lipa, PNAU",Cold Heart - PNAU Remix,EMI,1,15,47,643822,AU,Australia,Q3,2022
15,spotify:track:1qEmFfgcLObUfQm0j1W2CK,Harry Styles,Late Night Talking,Columbia,2,13,7,640596,AU,Australia,Q3,2022
16,spotify:track:4h4QlmocP3IuwYEj2j14p8,"Nicky Youre, hey daisy",Sunroof,Thirty Knots/Columbia,16,19,11,619938,AU,Australia,Q3,2022
17,spotify:track:6I3mqTwhRpn34SLVafSH7G,Justin Bieber,Ghost,RBMG/Def Jam,8,20,41,610984,AU,Australia,Q3,2022
18,spotify:track:0mBP9X2gPCuapvpZ7TGDk3,"Charlie Puth, Jung Kook, BTS",Left and Right (Feat. Jung Kook of BTS),Atlantic Records,18,26,2,603208,AU,Australia,Q3,2022
19,spotify:track:50nfwKoDiSYg8zOCREWAm5,Ed Sheeran,Shivers,Atlantic Records UK,4,18,43,580863,AU,Australia,Q3,2022
20,spotify:track:3uUuGVFu1V7jTQL60S1r8z,"Lost Frequencies, Calum Scott",Where Are You Now,Epic Amsterdam,4,17,40,568068,AU,Australia,Q3,2022
21,spotify:track:0oiv4E896TUTTeQU0cmIui,Drake,Massive,OVO,15,16,3,547612,AU,Australia,Q3,2022
22,spotify:track:2MuWTIM3b0YEAskbeeFE1i,Metallica,Master of Puppets (Remastered),Blackened Recordings,22,-1,1,543808,AU,Australia,Q3,2022
23,spotify:track:3rmo8F54jFF8OgYsqTxm5d,Ed Sheeran,Bad Habits,Atlantic Records UK,2,22,54,523989,AU,Australia,Q3,2022
24,spotify:track:59nOXPmaKlBfGMDeOVGrIK,"Future, Drake, Tems",WAIT FOR U (feat. Drake & Tems),Epic/Freebandz,8,21,10,522434,AU,Australia,Q3,2022
25,spotify:track:003vvx7Niy0yvhvHt4a68B,The Killers,Mr. Brightside,Island Records,23,28,289,488900,AU,Australia,Q3,2022
26,spotify:track:7l9IqDtVWJurTvkQHq1BGh,Tate McRae,she's all i wanna be,RCA Records Label,19,24,22,487528,AU,Australia,Q3,2022
27,spotify:track:1HhNoOuqm1a5MXYEgAFl8o,"Imagine Dragons, JID, Arcane, League of Legends",Enemy (with JID) - from the series Arcane League of Legends,Kid Ina Korner / Interscope,14,36,34,462804,AU,Australia,Q3,2022
28,spotify:track:4ZtFanR9U6ndgddUvNcjcG,Olivia Rodrigo,good 4 u,Olivia Rodrigo PS,1,27,60,462286,AU,Australia,Q3,2022
29,spotify:track:2DB4DdfCFMw1iaR6JaR03a,"Camila Cabello, Ed Sheeran",Bam Bam (feat. Ed Sheeran),Epic,13,30,18,445182,AU,Australia,Q3,2022
30,spotify:track:4rmVZajAF7PkrCagGPHbqa,Drake,Sticky,OVO,11,23,3,443498,AU,Australia,Q3,2022
31,spotify:track:5A5bLKdL5I3k3FTEQlAUw7,"SUPER-Hi, NEEKA",Following the Sun,BLENDED,16,31,19,439822,AU,Australia,Q3,2022
32,spotify:track:32vE1nuG8T9c8bhmZdRY6d,"Post Malone, Roddy Ricch",Cooped Up (with Roddy Ricch),Mercury Records/Republic Records,10,29,8,439732,AU,Australia,Q3,2022
33,spotify:track:5Z9KJZvQzH6PFmb8SNkxuk,"Lil Nas X, Jack Harlow",INDUSTRY BABY (feat. Jack Harlow),Columbia,2,33,50,436092,AU,Australia,Q3,2022
34,spotify:track:3uJFmluXzYedoJcvhpC1AW,"Cardi B, Kanye West, Lil Durk",Hot Shit (feat. Ye & Lil Durk),Atlantic Records,34,-1,1,431760,AU,Australia,Q3,2022
35,spotify:track:58HvfVOeJY7lUuCqF0m3ly,Elley Duhé,MIDDLE OF THE NIGHT,Not Fit For Society/RCA Records,17,34,21,428169,AU,Australia,Q3,2022
36,spotify:track:0e8nrvls4Qqv5Rfa2UhqmO,Lil Nas X,THATS WHAT I WANT,Columbia,6,32,42,424267,AU,Australia,Q3,2022
37,spotify:track:2QjOHCTQ1Jl3zawyYOpxh6,The Neighbourhood,Sweater Weather,Columbia,35,37,89,423066,AU,Australia,Q3,2022
38,spotify:track:3sa06xVNmLLYIxdNNmVQN8,"Jax Jones, MNEK",Where Did You Go? (feat. MNEK),Polydor Records,38,46,8,417229,AU,Australia,Q3,2022
39,spotify:track:0y60itmpH0aPKsFiGxmtnh,WILLOW,Wait a Minute!,Roc Nation W Smith P&D,17,39,30,416040,AU,Australia,Q3,2022
40,spotify:track:6Uj1ctrBOjOas8xZXGqKk4,Doja Cat,Woman,Kemosabe Records/RCA Records,12,41,50,413712,AU,Australia,Q3,2022
41,spotify:track:1ei3hzQmrgealgRKFxIcWn,Benson Boone,In The Stars,Warner Records,31,45,10,413317,AU,Australia,Q3,2022
42,spotify:track:68Dni7IE4VyPkTOH9mRWHr,J. Cole,No Role Modelz,Roc Nation Records LLC,34,35,158,409656,AU,Australia,Q3,2022
43,spotify:track:6EbVuwU7EnKeF2hdpViXCH,"Sleepy Hallow, 347aidan",Die Young (feat. 347aidan),Winners Circle/RCA Records,25,40,6,409232,AU,Australia,Q3,2022
44,spotify:track:4pi1G1x8tl9VfdD9bL3maT,Latto,Big Energy,Streamcut/RCA Records,24,42,18,403286,AU,Australia,Q3,2022
45,spotify:track:46IZ0fSY2mpAiktS3KOqds,Adele,Easy On Me,Columbia,1,49,38,395787,AU,Australia,Q3,2022
46,spotify:track:6Jkm5kUldvIqxzI1Pa7nXH,Leah Kate,10 Things I Hate About You,Leah Kate /10K Projects / MDDN,15,47,12,393662,AU,Australia,Q3,2022
47,spotify:track:48UKTR66uUOT9LaUvooTNx,Luke Combs,The Kind of Love We Make,River House Artists/Columbia Nashville,25,25,3,392168,AU,Australia,Q3,2022
48,spotify:track:1R0a2iXumgCiFb7HEZ7gUE,Taylor Swift,Don’t Blame Me,Taylor Swift,40,43,9,390876,AU,Australia,Q3,2022
49,spotify:track:6Qyc6fS4DsZjB2mRW9DsQs,The Goo Goo Dolls,Iris,Warner Records,36,50,70,387894,AU,Australia,Q3,2022
50,spotify:track:6uvh0In7u1Xn4HgxOfAn8O,Harry Styles,Matilda,Columbia,3,38,7,371537,AU,Australia,Q3,2022
1,spotify:track:3nqQXoyQOWXiESFLlDF1hG,"Sam Smith, Kim Petras",Unholy (feat. Kim Petras),Capitol Records UK / EMI,1,1,3,1975469,AU,Australia,Q4,2022
2,spotify:track:4uUG5RXrOk84mYEfFvj3cK,"David Guetta, Bebe Rexha",I'm Good (Blue),Parlophone UK,2,2,7,1406121,AU,Australia,Q4,2022
3,spotify:track:4h9wh7iOZ0GGn8QVp4RAOB,OneRepublic,I Ain't Worried,Interscope Records,1,3,19,1380484,AU,Australia,Q4,2022
4,spotify:track:4k6Uh1HXdhtusDW5y8Gbvy,Steve Lacy,Bad Habit,L-M Records/RCA Records,1,4,14,1198560,AU,Australia,Q4,2022
5,spotify:track:4Dvkj6JhhA12EX05fT7y2e,Harry Styles,As It Was,Columbia,1,6,28,1050230,AU,Australia,Q4,2022
6,spotify:track:2yjlYDiNiQkdxVqTlaSrlX,Nicki Minaj,Super Freaky Girl,Republic Records,1,5,9,1022843,AU,Australia,Q4,2022
7,spotify:track:39JofJHEtg8I4fSyo7Imft,"Eliza Rose, Interplanetary Criminal",B.O.T.A. (Baddest Of Them All) - Edit,Warner Records,6,7,7,1013338,AU,Australia,Q4,2022
8,spotify:track:1xzi1Jcr7mEi9K2RfzLOqS,Beyoncé,CUFF IT,Parkwood Entertainment/Columbia,8,14,11,969980,AU,Australia,Q4,2022
9,spotify:track:02MWAaffLxlfxAUY7c5dvx,Glass Animals,Heat Waves,Polydor Records,1,9,115,850316,AU,Australia,Q4,2022
10,spotify:track:3LtpKP5abr2qqjunvjlX5i,Central Cee,Doja,Central Cee,4,8,12,849655,AU,Australia,Q4,2022
11,spotify:track:5IgjP7X4th6nMNDh4akUHb,Chris Brown,Under The Influence,Chris Brown Entertainment/RCA Records,7,11,12,838068,AU,Australia,Q4,2022
12,spotify:track:0O6u0VJ46W86TxN9wgyqDj,"Post Malone, Doja Cat",I Like You (A Happier Song) (with Doja Cat),Mercury Records/Republic Records,6,12,19,811278,AU,Australia,Q4,2022
13,spotify:track:13Irp51zj01BZu2XtDrnAg,Lizzo,2 Be Loved (Am I Ready),Nice Life/Atlantic,13,13,9,794630,AU,Australia,Q4,2022
14,spotify:track:4h4QlmocP3IuwYEj2j14p8,"Nicky Youre, hey daisy",Sunroof,Thirty Knots/Columbia,8,10,25,793847,AU,Australia,Q4,2022
15,spotify:track:5PjdY0CKGZdEuoNab3yDmX,"The Kid LAROI, Justin Bieber",STAY (with Justin Bieber),Columbia,1,15,66,743087,AU,Australia,Q4,2022
16,spotify:track:3WMj8moIAXJhHsyLaqIIHI,Zach Bryan,Something in the Orange,Warner Records,16,32,17,722545,AU,Australia,Q4,2022
17,spotify:track:40SBS57su9xLiE1WqkXOVr,LF SYSTEM,Afraid To Feel,Warner Records,17,18,12,719984,AU,Australia,Q4,2022
18,spotify:track:6HMtHNpW6YPi1hrw9tgF8P,Lizzo,About Damn Time,Nice Life/Atlantic,3,17,24,694248,AU,Australia,Q4,2022
19,spotify:track:5TJEBoTCDbJXiKMdCN9pd3,"Elton John, Britney Spears",Hold Me Closer,EMI,11,16,7,692204,AU,Australia,Q4,2022
20,spotify:track:6zJejIfVYLgjud3lTk4DLB,Rosa Linn,SNAP,Nvak Collective,18,22,13,672656,AU,Australia,Q4,2022
21,spotify:track:1qEmFfgcLObUfQm0j1W2CK,Harry Styles,Late Night Talking,Columbia,2,23,21,642171,AU,Australia,Q4,2022
22,spotify:track:6JIC3hbC28JZKZ8AlAqX8h,"Elton John, Dua Lipa, PNAU",Cold Heart - PNAU Remix,EMI,1,20,61,630358,AU,Australia,Q4,2022
23,spotify:track:0hquQWY3xvYqN4qtiquniF,Doja Cat,Vegas (From the Original Motion Picture Soundtrack ELVIS),Kemosabe Records/RCA Records,4,21,22,627388,AU,Australia,Q4,2022
24,spotify:track:2QjOHCTQ1Jl3zawyYOpxh6,The Neighbourhood,Sweater Weather,Columbia,24,29,103,624307,AU,Australia,Q4,2022
25,spotify:track:2TktkzfozZifbQhXjT6I33,Omar Apollo,Evergreen (You Didn’t Deserve Me At All),Warner Records,25,28,4,622638,AU,Australia,Q4,2022
26,spotify:track:1xK59OXxi2TAAAbmZK0kBL,d4vd,Romantic Homicide,Darkroom/Interscope Records,26,33,6,617969,AU,Australia,Q4,2022
27,spotify:track:48UKTR66uUOT9LaUvooTNx,Luke Combs,The Kind of Love We Make,River House Artists/Columbia Nashville,24,27,17,608170,AU,Australia,Q4,2022
28,spotify:track:27ZZdyTSQWI7Cug2d2PkqV,Armani White,BILLIE EILISH.,"Legendbound, LLC / Def Jam Recordings",24,24,9,605344,AU,Australia,Q4,2022
29,spotify:track:0wHFktze2PHC5jDt3B17DC,Jack Harlow,First Class,Generation Now/Atlantic,1,25,27,596339,AU,Australia,Q4,2022
30,spotify:track:38T0tPVZHcPZyhtOcCP7pF,Lil Nas X,STAR WALKIN' (League of Legends Worlds Anthem),Columbia,19,19,3,594132,AU,Australia,Q4,2022
31,spotify:track:6xGruZOHLs39ZbVccQTuPZ,Joji,Glimpse of Us,88rising Music,1,30,18,588671,AU,Australia,Q4,2022
32,spotify:track:7jtQIBanIiJOMS6RyCx6jZ,Tom Odell,Another Love,ITNO/Columbia,29,39,43,570354,AU,Australia,Q4,2022
33,spotify:track:75FEaRjZTKLhTrFGsfMUXR,Kate Bush,Running Up That Hill (A Deal With God),Fish People,1,26,20,566454,AU,Australia,Q4,2022
34,spotify:track:73vIOb4Q7YN6HeJTbscRx5,"Oliver Tree, Robin Schulz",Miss You - Bonus Track,Atlantic Records,34,-1,1,550394,AU,Australia,Q4,2022
35,spotify:track:0N9C80kcgL0xXGduKnYKWi,"Mac Miller, The Temper Trap",Love Lost,Rostrum Records,21,31,12,547360,AU,Australia,Q4,2022
36,spotify:track:003vvx7Niy0yvhvHt4a68B,The Killers,Mr. Brightside,Island Records,23,35,303,536290,AU,Australia,Q4,2022
37,spotify:track:5uSFGgIfHMT3osrAd9n9ym,Lewis Capaldi,Forget Me,Vertigo Berlin,24,34,5,533408,AU,Australia,Q4,2022
38,spotify:track:6I3mqTwhRpn34SLVafSH7G,Justin Bieber,Ghost,RBMG/Def Jam,8,38,55,529889,AU,Australia,Q4,2022
39,spotify:track:3uUuGVFu1V7jTQL60S1r8z,"Lost Frequencies, Calum Scott",Where Are You Now,Epic Amsterdam,4,37,54,518968,AU,Australia,Q4,2022
40,spotify:track:3xWGA8pa0IKFI7IMPri4P0,Ed Sheeran,Shivers,Atlantic Records UK,4,40,57,503604,AU,Australia,Q4,2022
41,spotify:track:10xV5l9nhLvFpR8mqzs0bL,"Marshmello, Khalid",Numb,Joytime Collective/RCA Records,34,42,18,498374,AU,Australia,Q4,2022
42,spotify:track:5hnGrTBaEsdukpDF6aZg8a,Dean Lewis,How Do I Say Goodbye,Universal Music Australia Pty. Ltd.,42,52,6,498079,AU,Australia,Q4,2022
43,spotify:track:68Dni7IE4VyPkTOH9mRWHr,J. Cole,No Role Modelz,Roc Nation Records LLC,29,49,172,489989,AU,Australia,Q4,2022
44,spotify:track:4zN21mbAuaD0WqtmaTZZeP,"James Hype, Miggy Dela Rosa",Ferrari,Universal-Island Records Ltd.,44,44,8,485720,AU,Australia,Q4,2022
45,spotify:track:59nOXPmaKlBfGMDeOVGrIK,"Future, Drake, Tems",WAIT FOR U (feat. Drake & Tems),Epic/Freebandz,8,47,24,477630,AU,Australia,Q4,2022
46,spotify:track:3F5CgOj3wFlRv51JsHbxhe,"Drake, 21 Savage",Jimmy Cooks (feat. 21 Savage),OVO,4,48,17,464418,AU,Australia,Q4,2022
47,spotify:track:2LBqCSwhJGcFQeTHMVGwy3,The Weeknd,Die For You,Universal Republic Records,31,51,21,460426,AU,Australia,Q4,2022
48,spotify:track:7xTDT7gyIrv0xWpwwXExxU,Ed Sheeran,Celestial,Atlantic Records UK,48,153,2,456936,AU,Australia,Q4,2022
49,spotify:track:3sNVsP50132BTNlImLx70i,Kanye West,Bound 2,Rock The World/IDJ/Kanye/LP6,36,50,23,452004,AU,Australia,Q4,2022
50,spotify:track:6ex1Pz3pntgy4NPtxHXN2V,Ed Sheeran,Bad Habits,Atlantic Records UK,2,43,68,447642,AU,Australia,Q4,2022
1,spotify:track:0NBgyml7T0IvUNbXIkcSpH,"Xamã, Gustah, Neo Beats, Bagua Records",Malvadão 3,Bagua Records,1,1,6,9916692,BR,Brazil,Q1,2022
2,spotify:track:1c4htMHiolERc0YJvZNdlc,"George Henrique & Rodrigo, Marília Mendonça",Vai Lá Em Casa Hoje - Ao Vivo,Worldshow Promoções e Eventos,1,2,12,6457531,BR,Brazil,Q1,2022
3,spotify:track:4qsOrxBv09HhNSpsgMRXdC,"Marília Mendonça, Maiara & Maraisa",Esqueça-Me Se For Capaz,Som Livre,1,4,13,5763853,BR,Brazil,Q1,2022
4,spotify:track:5VTjBl3ddZEiG2LrH4VzyR,"Zé Felipe, Mc Danny",Toma Toma Vapo Vapo,Som Livre,3,3,9,5318185,BR,Brazil,Q1,2022
5,spotify:track:6nkoWsFZeFt5dUdNmlIceh,Gusttavo Lima,Bloqueado - Ao Vivo,Sony Music Entertainment,5,9,7,5318124,BR,Brazil,Q1,2022
6,spotify:track:0yL7K9MzC20uBesZTPY81r,"DJ Matt D, Menor MC, MC GP, Vulgo FK",Pandora,GREE CASSUA,6,12,6,5201657,BR,Brazil,Q1,2022
7,spotify:track:3IMLoeLerS7TMpKjxUgAhx,Henrique & Juliano,Arranhão - Ao Vivo,Virgin Music Label And Artist Services (S&D),1,5,23,4956600,BR,Brazil,Q1,2022
8,spotify:track:3YvE7uo4ffseBoJPh8IhHp,"Marília Mendonça, Maiara & Maraisa",Presepada,Som Livre,3,7,10,4953951,BR,Brazil,Q1,2022
9,spotify:track:2wG1R0uDFwyobcWzVssC1J,"PEDRO SAMPAIO, Mc Danflin",GALOPA,WM Brazil,4,10,17,4833939,BR,Brazil,Q1,2022
10,spotify:track:72g37RoelSnovZakG5MwnF,"Mari Fernandez, Marcynho Sensação",Parada Louca,Sony Music Entertainment,8,8,9,4678230,BR,Brazil,Q1,2022
11,spotify:track:3ITkrUvAA6gzxer2UIom3P,Jorge & Mateus,Molhando o Volante,Som Livre,11,13,5,4472516,BR,Brazil,Q1,2022
12,spotify:track:4fSHADbZbhpZCT9oJpxwbP,"Paulo Pires, Mc Danny, Marcynho Sensação",Ameaça,Paulo Pires,4,6,13,4242899,BR,Brazil,Q1,2022
13,spotify:track:053zWWZDziDJd3U94x8RuP,"Marília Mendonça, Maiara & Maraisa",Todo Mundo Menos Você,Som Livre,2,15,16,3713852,BR,Brazil,Q1,2022
14,spotify:track:14JKzKrJbPDflw8XyATMey,Henrique & Juliano,A Maior Saudade - Ao Vivo,Virgin Music Label And Artist Services (S&D),10,16,19,3684473,BR,Brazil,Q1,2022
15,spotify:track:2RGIuYTsyyHoOCqW0krvNE,"Avine Vinny, Matheus Fernandes",Coração Cachorro,Sony Music Entertainment,1,11,16,3493595,BR,Brazil,Q1,2022
16,spotify:track:0JdkDCdrhMOaeXjIZdeBXN,"MC Levin, DJ Nikolas Alves Exclusive, DJ Kaioken, DJ Gege",Ela me Falou Que Quer Rave,Ritmo dos Fluxos Records,6,14,11,3483323,BR,Brazil,Q1,2022
17,spotify:track:1tYJnXtKLoWVIL4lZOouQG,"Tayrone, Marília Mendonça",Cê Tá Preparada - Ao Vivo,Universal Music Ltda.,17,22,26,3382885,BR,Brazil,Q1,2022
18,spotify:track:4kGdnA7FzSVsXC29LPghej,"Zé Felipe, Marcynho Sensação",Revoada No Colchão,Som Livre,3,17,17,3231493,BR,Brazil,Q1,2022
19,spotify:track:7pvrsbBKUQI2QmA74WCJa5,Zé Neto & Cristiano,Ela e Ela,Som Livre,3,18,20,3154494,BR,Brazil,Q1,2022
20,spotify:track:7ARoqP7G8UYW8SyYPyPp7k,"Anitta, PEDRO SAMPAIO",NO CHÃO NOVINHA,WM Brazil,11,19,5,3100985,BR,Brazil,Q1,2022
21,spotify:track:6qdJZIjxrPaJjaGqlXFLSs,Gusttavo Lima,Nota de Repúdio - Ao Vivo,Sony Music Entertainment,4,20,19,2991315,BR,Brazil,Q1,2022
22,spotify:track:2kJRlOyrxsy7Ot3c5TZ8Q6,João Gomes,Meu Pedaço de Pecado,JG Shows,1,21,32,2937096,BR,Brazil,Q1,2022
23,spotify:track:2jwrYBGz7osKI31v50bS7b,Felipe Amorim,Putariazinha,One Play,9,23,16,2802355,BR,Brazil,Q1,2022
24,spotify:track:1wdhj1r7aeWVDUl9d18YKu,Matheus & Kauan,Expectativa x Realidade,Universal Music Ltda.,15,25,28,2720259,BR,Brazil,Q1,2022
25,spotify:track:2AQJRDfQJbfgmTf5e62Czl,"Matuê, L7NNON",Sem Dó,Sony Music Entertainment,25,42,2,2630334,BR,Brazil,Q1,2022
26,spotify:track:1bWBG6IkMnDr3qvCKSvQT7,"Matheus Fernandes, Dilsinho",Baby Me Atende - Ao Vivo,Som Livre,3,24,42,2576229,BR,Brazil,Q1,2022
27,spotify:track:2xebCnKCjYWBhJ4Ai8hO5E,"Mc Davi, Mc Kevin, Mc Don Juan, MC Hariel, MC Marks, MC G15, Mc Phe Cachorrera, Gaab, MC Menor da VG, MC Ryan SP, MC Kapela, Perera DJ, Veiga no Beat",Set dos Casados,GR6 Music,27,40,14,2537505,BR,Brazil,Q1,2022
28,spotify:track:0tM4J8aID6qYZOE3e14sCj,Henrique & Juliano,Acordo - Ao Vivo,Virgin Music Label And Artist Services (S&D),28,28,12,2472294,BR,Brazil,Q1,2022
29,spotify:track:5lCAtKxkZL6tFDyGX9t87j,Wesley Safadão,Eu Já Tava Bem - Ao Vivo,Wesley Safadao,29,33,6,2460123,BR,Brazil,Q1,2022
30,spotify:track:2ixi9HWJw5lnLDmRMsiCS5,Zé Neto & Cristiano,Você Beberia Ou Não Beberia?,Som Livre,4,26,25,2435906,BR,Brazil,Q1,2022
31,spotify:track:7xVSNhAUQhUIpwfR6lTOwA,Marina Sena,Por Supuesto,Marina Sena,10,31,12,2427881,BR,Brazil,Q1,2022
32,spotify:track:2PZmUFZGlUqkYJL0s0Cl6C,Israel & Rodolffo,Dar uma Namorada - Ao Vivo,Som Livre,29,29,8,2410912,BR,Brazil,Q1,2022
33,spotify:track:1d7AtPeraWVsvI4U1YTHt1,Max e Luan,Vestido Coladinho,Max e Luan,30,30,15,2396839,BR,Brazil,Q1,2022
34,spotify:track:48Ll1C6qAnP2UjnopQDh4a,"Mc Anjim, Dj Lv Mdp, DJ PH DA SERRA",Bala Love,Mc Anjim,2,32,21,2378781,BR,Brazil,Q1,2022
35,spotify:track:77rIMl1WIrLf4ZDKFYZ4ji,"Clayton & Romário, Jorge & Mateus",Água Nos Zói - Ao Vivo,Virgin Music Label And Artist Services (S&D),35,35,13,2287833,BR,Brazil,Q1,2022
36,spotify:track:50gPsfGHy5OnPauA9455DM,"Tarcísio do Acordeon, Marcynho Sensação",Rolê,Sua Música,3,27,25,2265298,BR,Brazil,Q1,2022
37,spotify:track:7HjZD0NPC1hzFpjUjo45GR,"Mc Poze do Rodo, Filipe Ret, Mainstreet, Ajaxx",Me Sinto Abençoado,Mainstreet Records,37,50,5,2245194,BR,Brazil,Q1,2022
38,spotify:track:2342lPAZ9zddhgAQEiLx4V,"Luísa Sonza, Mariah Angeliq",ANACONDA *o* ~~~,Universal Music Ltda.,38,66,5,2205011,BR,Brazil,Q1,2022
39,spotify:track:28m65cMH7QXHzFnZSTtNHY,"Marília Mendonça, Maiara & Maraisa",Não Sei o Que Lá,Som Livre,21,38,15,2201427,BR,Brazil,Q1,2022
40,spotify:track:2s9BO8c0co0PmgBiUoTT17,Gloria Groove,A QUEDA,SB Music,11,43,13,2196773,BR,Brazil,Q1,2022
41,spotify:track:6fe5D0ivKnpXFMAnoSRjah,"Vitor e Luan, Henrique & Juliano",Localiza Aí BB,Vitor & Luan,20,36,48,2152500,BR,Brazil,Q1,2022
42,spotify:track:0DsPj89zlY3Us7xb5cXK5h,"DJ Patrick Muniz, Dj Olliver, Mc Topre, Mc Rennan","Trava na Pose, Chama no Zoom, Da um Close",Tratto Entretenimentos,4,34,15,2044643,BR,Brazil,Q1,2022
43,spotify:track:7aZusA4cWXz3Wv9e9uhavz,Matuê,Quer Voar,Sony Music Entertainment,2,44,23,2001322,BR,Brazil,Q1,2022
44,spotify:track:1r9xUipOqoNwggBpENDsvJ,"Imagine Dragons, JID, Arcane, League of Legends",Enemy (with JID) - from the series Arcane League of Legends,KIDinaKORNER/Interscope Records,39,60,11,1935209,BR,Brazil,Q1,2022
45,spotify:track:2R9IrE42Mw4zdUXAEFNiZL,"Zé Felipe, Os Barões Da Pisadinha",Senta Danada,Som Livre,14,37,26,1928770,BR,Brazil,Q1,2022
46,spotify:track:6T6SDJszPbuMCBpSm3aS3G,Japãozin,Carinha de Neném,Sua Música Records,25,39,16,1889521,BR,Brazil,Q1,2022
47,spotify:track:0lxGtl0S9wO2LAFchHrEtM,Matheus & Kauan,Imagina A Sentada - Ao Vivo,Universal Music Ltda.,47,72,5,1887804,BR,Brazil,Q1,2022
48,spotify:track:5Z9KJZvQzH6PFmb8SNkxuk,"Lil Nas X, Jack Harlow",INDUSTRY BABY (feat. Jack Harlow),Columbia,8,58,25,1874691,BR,Brazil,Q1,2022
49,spotify:track:79Wou8NwYEFzTyDQudjENF,Diego & Victor Hugo,Desbloqueado - Ao Vivo,Sony Music Entertainment,17,46,35,1864587,BR,Brazil,Q1,2022
50,spotify:track:17QN5kFprJqHdHLMj7hz4s,Gusttavo Lima,Ficha Limpa - Ao Vivo,Sony Music Entertainment,3,41,31,1860285,BR,Brazil,Q1,2022
1,spotify:track:3sd2p4kE7xQmFH3lPnFl6h,"Davi Kneip, Mc Frog, Dj Gabriel do Borel, Luísa Sonza",sentaDONA (Remix) s2,Davi Kneip,1,2,3,6887242,BR,Brazil,Q2,2022
2,spotify:track:5zNxUkUW9WiV5oyg6gh2wB,"PEDRO SAMPAIO, Mc Pedrinho",DANÇARINA,WM Brazil,1,3,9,6109879,BR,Brazil,Q2,2022
3,spotify:track:7afaZ37wJJL6880z1NRgJS,Teto,Fim de Semana no Rio,Sony Music Entertainment,3,-1,1,5790766,BR,Brazil,Q2,2022
4,spotify:track:3IAfUEeaXRX9s9UdKOJrFI,Anitta,Envolver,WEA Latina,1,1,21,5575223,BR,Brazil,Q2,2022
5,spotify:track:5719MEdRQcH4c3phXqX7WN,"Hugo & Guilherme, Marília Mendonça",Mal Feito - Ao Vivo,Som Livre,2,5,12,5091451,BR,Brazil,Q2,2022
6,spotify:track:6bTdZ7xfKp3NqqADJ8HLyj,"Matuê, WIU, Teto",Vampiro,Sony Music Entertainment,6,-1,1,4967536,BR,Brazil,Q2,2022
7,spotify:track:0NBgyml7T0IvUNbXIkcSpH,"Xamã, Gustah, Neo Beats, Bagua Records",Malvadão 3,Bagua Records,1,4,18,4853932,BR,Brazil,Q2,2022
8,spotify:track:53RxHysDJ0cjugMcPymwja,Luan Santana,ABALO EMOCIONAL - Ao Vivo,Sony Music Entertainment,6,7,9,4582457,BR,Brazil,Q2,2022
9,spotify:track:7gVzhRCrLRUBEGdS7zNTp0,Zé Felipe,Malvada,Som Livre,2,6,10,4543891,BR,Brazil,Q2,2022
10,spotify:track:4LRPiXqCikLlN15c3yImP7,Harry Styles,As It Was,Columbia,10,-1,1,4294696,BR,Brazil,Q2,2022
11,spotify:track:4QWumyD2uwiePBBha9XBHI,Felipe Amorim,No Ouvidinho,One Play,11,77,2,4255165,BR,Brazil,Q2,2022
12,spotify:track:3ITkrUvAA6gzxer2UIom3P,Jorge & Mateus,Molhando o Volante,Som Livre,8,13,17,4043535,BR,Brazil,Q2,2022
13,spotify:track:6nkoWsFZeFt5dUdNmlIceh,Gusttavo Lima,Bloqueado - Ao Vivo,Sony Music Entertainment,4,8,19,3936003,BR,Brazil,Q2,2022
14,spotify:track:0qYW2jULeN9giEty0ee9Fy,Rogerinho,Botadinha Saliente,MC Rogerinho Oficial,5,9,9,3736763,BR,Brazil,Q2,2022
15,spotify:track:3QGxgNaqaFSpORp2OVLXHR,"Chefin, Mainstreet",212,Mainstreet Records,2,10,12,3660051,BR,Brazil,Q2,2022
16,spotify:track:2wSCalnGOnXdAJC0Fn8OUY,"George Henrique & Rodrigo, Marília Mendonça",Vai Lá Em Casa Hoje - Ao Vivo,Worldshow Promoções e Eventos,1,12,24,3532000,BR,Brazil,Q2,2022
17,spotify:track:4EVzu5mYyigjyLrryKbZs7,Gloria Groove,VERMELHO,SB Music,9,11,8,3459128,BR,Brazil,Q2,2022
18,spotify:track:6Lk3kU7JcQ5dZ7jbmhJzQN,Zé Neto & Cristiano,Melhor Ser uma Saudade,Som Livre,18,19,10,3337016,BR,Brazil,Q2,2022
19,spotify:track:5Z4TYur0O9OxmxIo6GC2Gq,"Vulgo FK, AMUSIK, WEY, Wall Hein","Oi, Como Ce Tá?",Elenko Music,13,16,7,3314820,BR,Brazil,Q2,2022
20,spotify:track:4qsOrxBv09HhNSpsgMRXdC,"Marília Mendonça, Maiara & Maraisa",Esqueça-Me Se For Capaz,Som Livre,1,15,25,3304725,BR,Brazil,Q2,2022
21,spotify:track:14JKzKrJbPDflw8XyATMey,Henrique & Juliano,A Maior Saudade - Ao Vivo,Virgin Music Label And Artist Services (S&D),10,17,31,3123699,BR,Brazil,Q2,2022
22,spotify:track:1K8AtBJXcdq5mywMnZuARP,Gusttavo Lima,Termina Comigo Antes - Ao Vivo,Sony Music Entertainment,22,-1,1,3018663,BR,Brazil,Q2,2022
23,spotify:track:2qmG7dokbGpDGD0T5wORWt,"Matheus Fernandes, Xand Avião",Balanço da Rede,Som Livre,23,53,4,2965797,BR,Brazil,Q2,2022
24,spotify:track:0yL7K9MzC20uBesZTPY81r,"DJ Matt D, Menor MC, MC GP, Vulgo FK",Pandora,GREE CASSUA,6,18,18,2957739,BR,Brazil,Q2,2022
25,spotify:track:3IMLoeLerS7TMpKjxUgAhx,Henrique & Juliano,Arranhão - Ao Vivo,Virgin Music Label And Artist Services (S&D),1,20,35,2929734,BR,Brazil,Q2,2022
26,spotify:track:5lCAtKxkZL6tFDyGX9t87j,Wesley Safadão,Eu Já Tava Bem - Ao Vivo,Wesley Safadao,19,22,18,2892745,BR,Brazil,Q2,2022
27,spotify:track:0sPtV4stCHkFJB6GpoaZ1f,"Luísa Sonza, LUDMILLA",CAFÉ DA MANHÃ ;P,Universal Music Ltda.,14,14,9,2863860,BR,Brazil,Q2,2022
28,spotify:track:0tM4J8aID6qYZOE3e14sCj,Henrique & Juliano,Acordo - Ao Vivo,Virgin Music Label And Artist Services (S&D),21,23,24,2694797,BR,Brazil,Q2,2022
29,spotify:track:72g37RoelSnovZakG5MwnF,"Mari Fernandez, Marcynho Sensação",Parada Louca,Sony Music Entertainment,8,24,21,2656364,BR,Brazil,Q2,2022
30,spotify:track:5VTjBl3ddZEiG2LrH4VzyR,"Zé Felipe, Mc Danny",Toma Toma Vapo Vapo,Som Livre,3,25,21,2540117,BR,Brazil,Q2,2022
31,spotify:track:3YvE7uo4ffseBoJPh8IhHp,"Marília Mendonça, Maiara & Maraisa",Presepada,Som Livre,3,26,22,2517564,BR,Brazil,Q2,2022
32,spotify:track:42nZBOwXNdO24Ml032bLBS,Matheus & Kauan,Gatilho - Ao Vivo,Universal Music Ltda.,32,37,3,2476426,BR,Brazil,Q2,2022
33,spotify:track:1M5OUvKG03C0QtzvxRS4Zk,"Dj Guuga, Wesley Safadão, Zé Felipe",Depende,Dj Guuga,8,21,11,2474084,BR,Brazil,Q2,2022
34,spotify:track:3xt7v3bMNnQ8ie8RjhmkX2,Matheus & Kauan,Imagina A Sentada - Ao Vivo,Universal Music Ltda.,18,29,17,2463408,BR,Brazil,Q2,2022
35,spotify:track:4can6ssapSsRCEbZZfYL8K,"Filipe Ret, Caio Luccas, BIN, Budah, Borges, Marina Sena, Teto, Luiz Lins, Pineapple StormTv",Poesia Acústica #12 Pra Sempre,Pineapple StormTV,24,28,6,2460956,BR,Brazil,Q2,2022
36,spotify:track:3gK5ckT0cq3t5enyqzzRgV,"PEDRO SAMPAIO, Mc Danflin",GALOPA,WM Brazil,4,30,29,2232143,BR,Brazil,Q2,2022
37,spotify:track:4NJKCE1TBC653P3dCnto0u,"Mc Gabzin, DJ Marcus Vinicius",Simplesmente Ela,Sony Music Entertainment,37,56,3,2229288,BR,Brazil,Q2,2022
38,spotify:track:3qmdfYpfvKRIXmWaLllHZ3,"MC Teteu, Dj Serpinha, 2Click",Black Lança (Catucando Gostosinho),2click Produções,19,31,11,2223384,BR,Brazil,Q2,2022
39,spotify:track:4fSHADbZbhpZCT9oJpxwbP,"Paulo Pires, Mc Danny, Marcynho Sensação",Ameaça,Paulo Pires,4,34,25,2211753,BR,Brazil,Q2,2022
40,spotify:track:4dwBkgq4a4gEissxTY0YDT,"Tayrone, Marília Mendonça",Cê Tá Preparada - Ao Vivo,Universal Music Ltda.,16,38,38,2161882,BR,Brazil,Q2,2022
41,spotify:track:7HjZD0NPC1hzFpjUjo45GR,"Mc Poze do Rodo, Filipe Ret, Mainstreet, Ajaxx",Me Sinto Abençoado,Mainstreet Records,33,39,17,2148018,BR,Brazil,Q2,2022
42,spotify:track:6EDj1nbl9wo6ivGI1t59G4,Jão,Idiota,Universal Music Ltda.,21,36,16,2126229,BR,Brazil,Q2,2022
43,spotify:track:4lsDFVKOVwPeAVw1hPOn7G,"Simone & Simaria, Zé Felipe",Vontade De Morder,Universal Music Ltda.,19,32,12,2082401,BR,Brazil,Q2,2022
44,spotify:track:2AQJRDfQJbfgmTf5e62Czl,"Matuê, L7NNON",Sem Dó,Sony Music Entertainment,25,51,14,1986787,BR,Brazil,Q2,2022
45,spotify:track:2xebCnKCjYWBhJ4Ai8hO5E,"Mc Davi, Mc Kevin, Mc Don Juan, MC Hariel, MC Marks, MC G15, Mc Phe Cachorrera, Gaab, MC Menor da VG, MC Ryan SP, MC Kapela, Perera DJ, Veiga no Beat",Set dos Casados,GR6 Music,22,41,26,1941296,BR,Brazil,Q2,2022
46,spotify:track:5yRgMxdDhdYlbUQNCOlW3o,"Mc Don Juan, Tarcísio do Acordeon, DG e Batidão Stronda",Não Vou Te Bloquear - Ao vivo,WM Brazil,17,42,14,1925201,BR,Brazil,Q2,2022
47,spotify:track:28m65cMH7QXHzFnZSTtNHY,"Marília Mendonça, Maiara & Maraisa",Não Sei o Que Lá,Som Livre,21,49,27,1917478,BR,Brazil,Q2,2022
48,spotify:track:5jYEiTNR3FQXFouTX7Ju0N,"LUDMILLA, Mariah Angeliq, Topo La Maskara, Mr. Vegas",Socadona,WM Brazil,17,35,14,1884414,BR,Brazil,Q2,2022
49,spotify:track:053zWWZDziDJd3U94x8RuP,"Marília Mendonça, Maiara & Maraisa",Todo Mundo Menos Você,Som Livre,2,47,28,1877590,BR,Brazil,Q2,2022
50,spotify:track:5Z9KJZvQzH6PFmb8SNkxuk,"Lil Nas X, Jack Harlow",INDUSTRY BABY (feat. Jack Harlow),Columbia,8,40,37,1830858,BR,Brazil,Q2,2022
1,spotify:track:0i4UV3HjjvsUuV3BajEXoD,"MC Tairon, Mc Vitin Da Igrejinha, Dj Win, life song",Baile no Morro,ID1642 - Life Song Records,1,12,3,5787423,BR,Brazil,Q3,2022
2,spotify:track:5PZAbR6JHYYV9xp5gv0XES,"Zé Felipe, MC Mari",Bandido,Som Livre,1,1,3,5501254,BR,Brazil,Q3,2022
3,spotify:track:5vC8UAOHeG95ehRzZChniB,"L7NNON, DJ Biel do Furduncinho, Bianca",Ai preto,Papatunes Records,3,11,4,5456899,BR,Brazil,Q3,2022
4,spotify:track:2qmG7dokbGpDGD0T5wORWt,"Matheus Fernandes, Xand Avião",Balanço da Rede,Som Livre,1,2,17,4535243,BR,Brazil,Q3,2022
5,spotify:track:4QWumyD2uwiePBBha9XBHI,Felipe Amorim,No Ouvidinho,One Play,1,4,15,4336089,BR,Brazil,Q3,2022
6,spotify:track:6Ulh9GPYz6JKdv04qc3q2U,João Gomes,Dengo,JG Shows,3,3,9,4250214,BR,Brazil,Q3,2022
7,spotify:track:0sjhY8nPIm6cPOQfyUPmJe,"Luan Santana, Henrique & Juliano",ERRO PLANEJADO - Ao Vivo,Sony Music Entertainment,4,5,12,4101679,BR,Brazil,Q3,2022
8,spotify:track:7qD2vjd3btuOgwpQPEY7ci,"Mc Don Juan, MC G15, Mc Davi",EU VOU COM CARINHO ELA QUER COM FORÇA,WM Brazil,4,6,7,4064091,BR,Brazil,Q3,2022
9,spotify:track:7AwVSKaQxpidrtYBerkHKk,"Ana Castela, Melody, Dj Chris No Beat",Pipoco,Ana Castela,9,35,6,4031334,BR,Brazil,Q3,2022
10,spotify:track:1K8AtBJXcdq5mywMnZuARP,Gusttavo Lima,Termina Comigo Antes - Ao Vivo,Sony Music Entertainment,3,7,14,4017978,BR,Brazil,Q3,2022
11,spotify:track:6Zw25LRLP0j0MsezDFIUM4,"Hugo & Guilherme, Marília Mendonça",Mal Feito - Ao Vivo,Som Livre,2,13,25,3711959,BR,Brazil,Q3,2022
12,spotify:track:3ShKPhFkexrwl7WoyTtNND,"Rogerinho, Wesley Safadão",Tchuco Nela,AgitoFunk,5,10,12,3703045,BR,Brazil,Q3,2022
13,spotify:track:3sd2p4kE7xQmFH3lPnFl6h,"Davi Kneip, Mc Frog, Dj Gabriel do Borel, Luísa Sonza",sentaDONA (Remix) s2,Davi Kneip,1,9,16,3682293,BR,Brazil,Q3,2022
14,spotify:track:546dFmvwFGBY7MJOkV5ctq,Jorge & Mateus,Todo Seu - Ao Vivo,Som Livre,12,15,9,3662818,BR,Brazil,Q3,2022
15,spotify:track:6bTdZ7xfKp3NqqADJ8HLyj,"Matuê, WIU, Teto",Vampiro,Sony Music Entertainment,1,14,14,3573731,BR,Brazil,Q3,2022
16,spotify:track:6BF3nZQkAg9qvE0DLVSfyH,"Baco Exu do Blues, Luísa Sonza",Hotel Caro,Baco Exu do Blues,4,8,4,3436534,BR,Brazil,Q3,2022
17,spotify:track:4a0sqvCBo7aRIS4GzBQpnp,"MC Braz, MC Tairon, Dj Win",Kikando e Me Olhando,Fun Mídia,14,16,13,3402423,BR,Brazil,Q3,2022
18,spotify:track:7bhvRvE56NHBvedx0EeALS,"Mari Fernandez, NATTAN",Comunicação Falhou - Ao Vivo,Sony Music Entertainment,17,18,10,3363908,BR,Brazil,Q3,2022
19,spotify:track:6hFwju6M40CKovKBPu5IpY,Jovem Dionisio,ACORDA PEDRINHO,Jovem Dionisio,1,17,8,3128277,BR,Brazil,Q3,2022
20,spotify:track:75FEaRjZTKLhTrFGsfMUXR,Kate Bush,Running Up That Hill (A Deal With God),Fish People,16,38,6,3125865,BR,Brazil,Q3,2022
21,spotify:track:3XF598RmEUF3XW4XKo1lyP,"Hugo & Guilherme, Jorge & Mateus",Meu Número - Ao Vivo,Som Livre,17,23,12,3071569,BR,Brazil,Q3,2022
22,spotify:track:5zNxUkUW9WiV5oyg6gh2wB,"PEDRO SAMPAIO, Mc Pedrinho",DANÇARINA,WM Brazil,1,19,22,3035833,BR,Brazil,Q3,2022
23,spotify:track:53RxHysDJ0cjugMcPymwja,Luan Santana,ABALO EMOCIONAL - Ao Vivo,Sony Music Entertainment,6,21,22,2992917,BR,Brazil,Q3,2022
24,spotify:track:5dFxhpYLOton7aawKsDeiS,"Léo Santana, Mc Don Juan, Mari Fernandez",Áudio Que Te Entrega,Universal Music Ltda.,24,27,15,2973195,BR,Brazil,Q3,2022
25,spotify:track:2LEV3lTRxKqLBfmt5BWkLj,Gusttavo Lima,Não Pega Ninguém Ainda (Ao Vivo),Sony Music Entertainment,19,22,5,2930309,BR,Brazil,Q3,2022
26,spotify:track:3ITkrUvAA6gzxer2UIom3P,Jorge & Mateus,Molhando o Volante,Som Livre,8,20,30,2919008,BR,Brazil,Q3,2022
27,spotify:track:11fqunD6qlOCrRd88kMOk6,Henrique & Juliano,Evento Cancelado - Ao Vivo,Virgin Music Label And Artist Services (S&D),22,26,7,2712556,BR,Brazil,Q3,2022
28,spotify:track:7afaZ37wJJL6880z1NRgJS,Teto,Fim de Semana no Rio,Sony Music Entertainment,3,24,14,2628589,BR,Brazil,Q3,2022
29,spotify:track:4Dvkj6JhhA12EX05fT7y2e,Harry Styles,As It Was,Columbia,10,32,14,2619812,BR,Brazil,Q3,2022
30,spotify:track:2ebFBmle5uXcdbrCAOvPcZ,Guilherme & Benuto,Vagabundo Chora - Ao Vivo,Sony Music Entertainment,20,28,21,2609270,BR,Brazil,Q3,2022
31,spotify:track:42nZBOwXNdO24Ml032bLBS,Matheus & Kauan,Gatilho - Ao Vivo,Universal Music Ltda.,29,40,16,2533406,BR,Brazil,Q3,2022
32,spotify:track:2wSCalnGOnXdAJC0Fn8OUY,"George Henrique & Rodrigo, Marília Mendonça",Vai Lá Em Casa Hoje - Ao Vivo,Worldshow Promoções e Eventos,1,33,37,2480910,BR,Brazil,Q3,2022
33,spotify:track:14JKzKrJbPDflw8XyATMey,Henrique & Juliano,A Maior Saudade - Ao Vivo,Virgin Music Label And Artist Services (S&D),10,29,44,2465642,BR,Brazil,Q3,2022
34,spotify:track:75fCsUnTiDelE4HMd06t4O,"Mc Pepeu, DJ Swat",Gostosinho Tu Cai,Doug Filmes,19,30,11,2458330,BR,Brazil,Q3,2022
35,spotify:track:1RgJ4lexKGNBlKnyxB5SRt,"Teto, Mateca",Balazul,Sony Music Entertainment,31,31,5,2451943,BR,Brazil,Q3,2022
36,spotify:track:0NBgyml7T0IvUNbXIkcSpH,"Xamã, Gustah, Neo Beats, Bagua Records",Malvadão 3,Bagua Records,1,25,31,2394239,BR,Brazil,Q3,2022
37,spotify:track:5lCAtKxkZL6tFDyGX9t87j,Wesley Safadão,Eu Já Tava Bem - Ao Vivo,Wesley Safadao,19,34,31,2388673,BR,Brazil,Q3,2022
38,spotify:track:6bwx7pcKJY05D9S6CVa1k6,"Israel & Rodolffo, Maiara & Maraisa",Nem Namorado e Nem Ficante - Ao Vivo | Faixa Bônus,Som Livre,38,41,6,2327670,BR,Brazil,Q3,2022
39,spotify:track:4NJKCE1TBC653P3dCnto0u,"Mc Gabzin, DJ Marcus Vinicius",Simplesmente Ela,Sony Music Entertainment,22,37,16,2316130,BR,Brazil,Q3,2022
40,spotify:track:48LEhRW4gLMCVSYFEZvt8b,"João Bosco e Gabriel, Diego & Victor Hugo",Assume a Gente - Ao Vivo,Som Livre,40,42,15,2281303,BR,Brazil,Q3,2022
41,spotify:track:7gVzhRCrLRUBEGdS7zNTp0,Zé Felipe,Malvada,Som Livre,2,39,23,2256547,BR,Brazil,Q3,2022
42,spotify:track:6Lk3kU7JcQ5dZ7jbmhJzQN,Zé Neto & Cristiano,Melhor Ser uma Saudade,Som Livre,13,43,23,2221612,BR,Brazil,Q3,2022
43,spotify:track:1ih3nbYJ0lugsku6065BC5,"O Tubarão, Treyce",Me Chama de Amor - Arrochadeira Remix,Tops da Arrochadeira,33,44,10,2155883,BR,Brazil,Q3,2022
44,spotify:track:347KmRWwYXcZSUgelz7Cit,"Filipe Ret, L7NNON, Nagalli",Konteiner,Som Livre,36,36,3,2121337,BR,Brazil,Q3,2022
45,spotify:track:4qsOrxBv09HhNSpsgMRXdC,"Marília Mendonça, Maiara & Maraisa",Esqueça-Me Se For Capaz,Som Livre,1,48,38,2095067,BR,Brazil,Q3,2022
46,spotify:track:3JFB72hbbt3zy30puJTc3q,"LUDMILLA, Luísa Sonza",Lud Session #3: Tudo porque você mentiu / penhasco / De rolê / CAFÉ DA MANHÃ ;P / Doutora 3,WM Brazil,46,-1,1,2086602,BR,Brazil,Q3,2022
47,spotify:track:1ELsaYdj2NlxLvkx9g24xZ,"Guilherme & Benuto, Hugo & Guilherme",Haja Colírio (feat. Hugo & Guilherme) - Ao Vivo,Sony Music Entertainment,47,68,2,2015988,BR,Brazil,Q3,2022
48,spotify:track:0E0OENqh3jaZ4VpDFTOLGj,"Mc Delux, DJ ABDO, CLUB DA DZ7",EU BEM QUE TE AVISEI - TU EMPINOU ELE PEI,Club da DZ7,25,47,12,1985364,BR,Brazil,Q3,2022
49,spotify:track:6nkoWsFZeFt5dUdNmlIceh,Gusttavo Lima,Bloqueado - Ao Vivo,Sony Music Entertainment,4,49,32,1971999,BR,Brazil,Q3,2022
50,spotify:track:4SIBZgMomGFnrIWjmq7Np8,"L7NNON, Os Hawaianos, DJ Bel da CDD, DJ Biel do Furduncinho",Desenrola Bate Joga de Ladin (feat. DJ Biel do Furduncinho),Papatunes,9,45,13,1944730,BR,Brazil,Q3,2022
1,spotify:track:4ASA1PZyWGbuc4d9N8OAcF,"Gustavo Mioto, Mari Fernandez",Eu Gosto Assim - Ao Vivo,Universal Music Ltda.,1,5,4,6731085,BR,Brazil,Q4,2022
2,spotify:track:1OZ4uv7OAP24Ix6j3vojLt,"Mc Paiva ZS, MC Ryan SP, Kotim",Casei Com a Putaria,Love Funk,1,1,14,5875306,BR,Brazil,Q4,2022
3,spotify:track:1ELsaYdj2NlxLvkx9g24xZ,"Guilherme & Benuto, Hugo & Guilherme",Haja Colírio (feat. Hugo & Guilherme) - Ao Vivo,Sony Music Entertainment,2,3,16,5608027,BR,Brazil,Q4,2022
4,spotify:track:3yHXEidSu4gYVRqKoI653O,"Guilherme & Benuto, Xand Avião",Assunto Delicado - Ao Vivo,Sony Music Entertainment,4,4,8,5207923,BR,Brazil,Q4,2022
5,spotify:track:7qoIhutxU269Zqo9PG5IOj,"Pineapple StormTv, Chris MC, Salve Malak, Tz da Coronel, MC Cabelinho, Chefin, L7NNON, Luísa Sonza, Oruam, Xamã, N.I.N.A",Poesia Acústica 13,Pineapple StormTV,1,2,4,4468744,BR,Brazil,Q4,2022
6,spotify:track:3nqQXoyQOWXiESFLlDF1hG,"Sam Smith, Kim Petras",Unholy (feat. Kim Petras),Capitol Records UK / EMI,5,6,3,4105017,BR,Brazil,Q4,2022
7,spotify:track:6gyhp7IcNhTYzwlk8utsgP,"Diego & Victor Hugo, Jorge & Mateus",Beijo de Glicose - Ao Vivo,Sony Music Entertainment,7,9,6,4104000,BR,Brazil,Q4,2022
8,spotify:track:5vC8UAOHeG95ehRzZChniB,"L7NNON, DJ Biel do Furduncinho, Bianca",Ai preto,Papatunes Records,1,8,18,3985201,BR,Brazil,Q4,2022
9,spotify:track:2orGm2E68ODFYOURjaES62,"WIU, MC Ryan SP",Felina,Sony Music Entertainment,9,16,3,3950901,BR,Brazil,Q4,2022
10,spotify:track:7AwVSKaQxpidrtYBerkHKk,"Ana Castela, Melody, Dj Chris No Beat",Pipoco,Ana Castela,1,7,20,3661870,BR,Brazil,Q4,2022
11,spotify:track:4vWh6tEfcLzdvYWp2IlOJS,"Luan Santana, Luísa Sonza",CORAÇÃO CIGANO - Ao Vivo,Sony Music Entertainment,3,10,10,3647699,BR,Brazil,Q4,2022
12,spotify:track:7bhvRvE56NHBvedx0EeALS,"Mari Fernandez, NATTAN",Comunicação Falhou - Ao Vivo,Sony Music Entertainment,12,13,24,3612062,BR,Brazil,Q4,2022
13,spotify:track:3gCWngngUs1uojw33vrE8K,Jorge & Mateus,5 Regras - Ao Vivo,Som Livre,7,11,11,3601696,BR,Brazil,Q4,2022
14,spotify:track:6Zw25LRLP0j0MsezDFIUM4,"Hugo & Guilherme, Marília Mendonça",Mal Feito - Ao Vivo,Som Livre,2,15,39,3413197,BR,Brazil,Q4,2022
15,spotify:track:2qmG7dokbGpDGD0T5wORWt,"Matheus Fernandes, Xand Avião",Balanço da Rede,Som Livre,1,22,31,3383507,BR,Brazil,Q4,2022
16,spotify:track:6gEOM9IEBzvTdbwNrSkBdC,Gusttavo Lima,Fala Mal de Mim - Ao Vivo,Sony Music Entertainment,6,12,14,3346802,BR,Brazil,Q4,2022
17,spotify:track:2ykYxd8UGHOsdjP3Z5jSHh,"Hugo & Guilherme, Gusttavo Lima",Cheiro de Balada - Ao Vivo,Som Livre,11,14,10,3148324,BR,Brazil,Q4,2022
18,spotify:track:4NNZZXHgn9F3cCgC1YGmLl,Jorge & Mateus,Todo Seu - Ao Vivo,Som Livre,9,18,23,3009642,BR,Brazil,Q4,2022
19,spotify:track:5PSkF3QpVMlAx8U5Inxj39,"Mc Jacaré, Dj Tk",Vento Forte,A Chave,3,19,13,2991074,BR,Brazil,Q4,2022
20,spotify:track:4x5q5T5mhE1xvoCVXY6qrN,"DJ AK BR, Dj Darge, Niack",Melodia Alucinógena,DJ AK BR,7,17,11,2990483,BR,Brazil,Q4,2022
21,spotify:track:4xxeEWGQNFQ6qehlnev5LS,Marília Mendonça,Te Amo Demais,Som Livre,4,21,12,2960393,BR,Brazil,Q4,2022
22,spotify:track:2HMbGPbGiqGaHXzFkQAmZI,Matheus & Kauan,Basiquinho - Ao Vivo,Universal Music Ltda.,16,20,10,2936806,BR,Brazil,Q4,2022
23,spotify:track:0i4UV3HjjvsUuV3BajEXoD,"MC Tairon, Mc Vitin Da Igrejinha, Dj Win, life song",Baile no Morro,ID1642 - Life Song Records,1,23,17,2818747,BR,Brazil,Q4,2022
24,spotify:track:7LUZT12r4xmwR1Kh8TJgjv,Gusttavo Lima,Ex dos Meus Sonhos - Ao Vivo,Sony Music Entertainment,24,-1,1,2750788,BR,Brazil,Q4,2022
25,spotify:track:1K8AtBJXcdq5mywMnZuARP,Gusttavo Lima,Termina Comigo Antes - Ao Vivo,Sony Music Entertainment,3,26,28,2745483,BR,Brazil,Q4,2022
26,spotify:track:42nZBOwXNdO24Ml032bLBS,Matheus & Kauan,Gatilho - Ao Vivo,Universal Music Ltda.,13,24,30,2726688,BR,Brazil,Q4,2022
27,spotify:track:6bwx7pcKJY05D9S6CVa1k6,"Israel & Rodolffo, Maiara & Maraisa",Nem Namorado e Nem Ficante - Ao Vivo | Faixa Bônus,Som Livre,22,25,20,2620024,BR,Brazil,Q4,2022
28,spotify:track:4cxQWmXmmbFoWvV8qipQTe,"Murilo Huff, Maiara & Maraisa",Perfeito Pra Ficar Sozinho - Ao Vivo,M Show,22,27,10,2515966,BR,Brazil,Q4,2022
29,spotify:track:11fqunD6qlOCrRd88kMOk6,Henrique & Juliano,Evento Cancelado - Ao Vivo,Virgin Music Label And Artist Services (S&D),22,54,21,2499428,BR,Brazil,Q4,2022
30,spotify:track:0jAAnWNbcHf6X1EXOtvOT7,MC Kevin o Chris,Incendeia,MC Kevin o Chris,14,29,14,2387339,BR,Brazil,Q4,2022
31,spotify:track:4QQTPEwqE4Aq7LXSyIgSci,"Mc Kitinho, Mc guizinho niazi, DJ DEIVÃO, Silva Mc",Primeiro Beck Ela Me Mamou,Ritmo dos Fluxos Records,28,28,5,2360744,BR,Brazil,Q4,2022
32,spotify:track:4QWumyD2uwiePBBha9XBHI,Felipe Amorim,No Ouvidinho,One Play,1,33,29,2352508,BR,Brazil,Q4,2022
33,spotify:track:3XF598RmEUF3XW4XKo1lyP,"Hugo & Guilherme, Jorge & Mateus",Meu Número - Ao Vivo,Som Livre,17,30,26,2330167,BR,Brazil,Q4,2022
34,spotify:track:6Ulh9GPYz6JKdv04qc3q2U,João Gomes,Dengo,JG Shows,3,36,23,2296148,BR,Brazil,Q4,2022
35,spotify:track:4Dvkj6JhhA12EX05fT7y2e,Harry Styles,As It Was,Columbia,10,34,28,2214307,BR,Brazil,Q4,2022
36,spotify:track:0XyPPyGes0omXppV5YE8gy,Felipe Amorim,Gostosinha é Ela,One Play,27,32,11,2190854,BR,Brazil,Q4,2022
37,spotify:track:6bTdZ7xfKp3NqqADJ8HLyj,"Matuê, WIU, Teto",Vampiro,Sony Music Entertainment,1,35,28,2154543,BR,Brazil,Q4,2022
38,spotify:track:0BWEkqsmPe3qOzrRVztHU3,"Paulo e Nathan, Hugo & Guilherme",Acabei de Terminar - Ao Vivo,Sony Music Entertainment,22,31,27,2119814,BR,Brazil,Q4,2022
39,spotify:track:2TdOWHAolNaQx8gyRDVS1N,"Luan Santana, Henrique & Juliano",ERRO PLANEJADO - Ao Vivo,Sony Music Entertainment,4,38,26,2110940,BR,Brazil,Q4,2022
40,spotify:track:6TnCI16uLWhyQCrHva9VWj,Kevi Jonny,Te Love - Ao Vivo,LG Produções,40,63,5,2053661,BR,Brazil,Q4,2022
41,spotify:track:0dcHD9QhnWRA41zoLnC83X,"MC Cabelinho, Dallass",X1,MC Cabelinho,37,37,23,2053359,BR,Brazil,Q4,2022
42,spotify:track:3ShKPhFkexrwl7WoyTtNND,"Rogerinho, Wesley Safadão",Tchuco Nela,AgitoFunk,5,44,26,2043287,BR,Brazil,Q4,2022
43,spotify:track:04vzhKfl5HtPEgrdZJCZ7L,"Mc Paiva ZS, Kotim",Bagulho Louco,Love Funk,34,39,22,1992019,BR,Brazil,Q4,2022
44,spotify:track:5PZAbR6JHYYV9xp5gv0XES,"Zé Felipe, MC Mari",Bandido,Som Livre,1,40,17,1973202,BR,Brazil,Q4,2022
45,spotify:track:5mJFh4iRzgmWuEVPG8257V,"MC Marks, DJ BOY, Dj GM",Quem Não Conhece Tá Sem Internet,GR6 Music,45,47,5,1944502,BR,Brazil,Q4,2022
46,spotify:track:3imzmQM2DPPVBLMiBBexRL,"Kweller, Enzo Cello, Thomie, prodbyeros",202,Kweller,31,46,9,1927426,BR,Brazil,Q4,2022
47,spotify:track:7qD2vjd3btuOgwpQPEY7ci,"Mc Don Juan, MC G15, Mc Davi",EU VOU COM CARINHO ELA QUER COM FORÇA,WM Brazil,4,42,21,1925307,BR,Brazil,Q4,2022
48,spotify:track:0MKd4uZd8Ag8qyReZBTarP,Murilo Huff,Pino da Granada - Ao Vivo em Rio Preto,M Show,35,43,20,1902474,BR,Brazil,Q4,2022
49,spotify:track:4UldILPVpnZO69ffK4B9aA,"Dj LK da Escócia, Tchakabum, MC Ryan SP, mc jhenny, Mc RF",Tubarão Te Amo,Nas Nuvens Catalog,49,-1,1,1898435,BR,Brazil,Q4,2022
50,spotify:track:3IMLoeLerS7TMpKjxUgAhx,Henrique & Juliano,Arranhão - Ao Vivo,Virgin Music Label And Artist Services (S&D),1,53,62,1886259,BR,Brazil,Q4,2022
1,spotify:track:1nH2PkJL1XoUq8oE6tBZoU,The Weeknd,Sacrifice,XO / Republic Records,1,-1,1,1494833,CA,Canada,Q1,2022
2,spotify:track:5S9Zs5g9lTWnLIboN1pdlU,Lauren Spencer Smith,Fingers Crossed,"Three Name Productions, Inc./ Island Records & Republic Records",2,50,2,1234185,CA,Canada,Q1,2022
3,spotify:track:2SLwbpExuoBDZBpjfefCtV,The Weeknd,Out of Time,XO / Republic Records,3,-1,1,1215134,CA,Canada,Q1,2022
4,spotify:track:0mL82sxCRjrs3br407IdJh,The Weeknd,Is There Someone Else?,XO / Republic Records,4,-1,1,1209613,CA,Canada,Q1,2022
5,spotify:track:3KyKxJ4P3pVCgaZwaq2rUC,The Weeknd,Gasoline,XO / Republic Records,5,-1,1,1029007,CA,Canada,Q1,2022
6,spotify:track:02MWAaffLxlfxAUY7c5dvx,Glass Animals,Heat Waves,Polydor Records,2,2,55,1025209,CA,Canada,Q1,2022
7,spotify:track:7rglLriMNBPAyuJOMGwi39,"Elton John, Dua Lipa, PNAU",Cold Heart - PNAU Remix,EMI,1,1,22,1017723,CA,Canada,Q1,2022
8,spotify:track:2Ghp894n1laIf2w98VeAOJ,The Weeknd,How Do I Make You Love Me?,XO / Republic Records,8,-1,1,999535,CA,Canada,Q1,2022
9,spotify:track:52xJxFP6TqMuO4Yt0eOkMz,"Carolina Gaitán - La Gaita, Mauro Castillo, Adassa, Rhenzy Feliz, Diane Guerrero, Stephanie Beatriz, Encanto - Cast",We Don't Talk About Bruno,Walt Disney Records,9,10,3,999322,CA,Canada,Q1,2022
10,spotify:track:5PjdY0CKGZdEuoNab3yDmX,"The Kid LAROI, Justin Bieber",STAY (with Justin Bieber),Columbia,1,3,27,968042,CA,Canada,Q1,2022
11,spotify:track:4fouWK6XVHhzl78KzQ1UjL,GAYLE,abcdefu,Atlantic/Arthouse Records,4,4,9,955713,CA,Canada,Q1,2022
12,spotify:track:5XbA7TAqsD0fj0dGBrbb0D,"The Weeknd, Lil Wayne",I Heard You’re Married (feat. Lil Wayne),XO / Republic Records,12,-1,1,929008,CA,Canada,Q1,2022
13,spotify:track:5Z9KJZvQzH6PFmb8SNkxuk,"Lil Nas X, Jack Harlow",INDUSTRY BABY (feat. Jack Harlow),Columbia,1,5,25,892876,CA,Canada,Q1,2022
14,spotify:track:46IZ0fSY2mpAiktS3KOqds,Adele,Easy On Me,Columbia,1,6,13,883108,CA,Canada,Q1,2022
15,spotify:track:2D4dV2KXDTszzJ3p3cFqhA,The Weeknd,Less Than Zero,XO / Republic Records,15,-1,1,877367,CA,Canada,Q1,2022
16,spotify:track:1E5Xu8dur0fAjSP1VpVhAZ,The Weeknd,Best Friends,XO / Republic Records,16,-1,1,874170,CA,Canada,Q1,2022
17,spotify:track:1NhjYYcYTRywc0di98xHxf,"The Weeknd, Tyler, The Creator","Here We Go… Again (feat. Tyler, the Creator)",XO / Republic Records,17,-1,1,873278,CA,Canada,Q1,2022
18,spotify:track:2vgUijXOTRMnWXDtvgMp2b,The Weeknd,Take My Breath,XO / Republic Records,18,-1,1,868368,CA,Canada,Q1,2022
19,spotify:track:50nfwKoDiSYg8zOCREWAm5,Ed Sheeran,Shivers,Atlantic Records UK,4,7,18,811729,CA,Canada,Q1,2022
20,spotify:track:6krYS8KtmNAYyb5uTZiYW4,The Weeknd,Dawn FM,XO / Republic Records,20,-1,1,785274,CA,Canada,Q1,2022
21,spotify:track:6zzdyvVWjGrQBraSvuqJPY,The Weeknd,Starry Eyes,XO / Republic Records,21,-1,1,774613,CA,Canada,Q1,2022
22,spotify:track:1r9xUipOqoNwggBpENDsvJ,"Imagine Dragons, JID, Arcane, League of Legends",Enemy (with JID) - from the series Arcane League of Legends,KIDinaKORNER/Interscope Records,9,9,11,761240,CA,Canada,Q1,2022
23,spotify:track:3rmo8F54jFF8OgYsqTxm5d,Ed Sheeran,Bad Habits,Atlantic Records UK,2,8,29,693348,CA,Canada,Q1,2022
24,spotify:track:760jhRscwGbIIe1m1IIQpU,Jessica Darrow,Surface Pressure,Walt Disney Records,22,22,3,653521,CA,Canada,Q1,2022
25,spotify:track:3LnpBazWpD31QMTn6LgVGv,"Gunna, Future, Young Thug",pushin P (feat. Young Thug),300 Entertainment,25,-1,1,624443,CA,Canada,Q1,2022
26,spotify:track:6a4GH1gljLL7VvmO9u5O92,The Weeknd,Don’t Break My Heart,XO / Republic Records,26,-1,1,624135,CA,Canada,Q1,2022
27,spotify:track:759ndr57jb0URg4j9YSWml,The Weeknd,A Tale By Quincy,XO / Republic Records,27,-1,1,604332,CA,Canada,Q1,2022
28,spotify:track:3vJcz8exedHCjQ9ed95NqU,The Weeknd,Every Angel is Terrifying,XO / Republic Records,28,-1,1,586162,CA,Canada,Q1,2022
29,spotify:track:20on25jryn53hWghthWWW3,"ACRAZE, Cherish",Do It To It,Thrive Music,11,11,10,585907,CA,Canada,Q1,2022
30,spotify:track:00Blm7zeNqgYLPtW6zg8cj,"Post Malone, The Weeknd",One Right Now (with The Weeknd),Republic Records,2,14,10,569799,CA,Canada,Q1,2022
31,spotify:track:4ZtFanR9U6ndgddUvNcjcG,Olivia Rodrigo,good 4 u,Olivia Rodrigo PS,1,12,35,560145,CA,Canada,Q1,2022
32,spotify:track:6I3mqTwhRpn34SLVafSH7G,Justin Bieber,Ghost,RBMG/Def Jam,15,15,19,553803,CA,Canada,Q1,2022
33,spotify:track:3uUuGVFu1V7jTQL60S1r8z,"Lost Frequencies, Calum Scott",Where Are You Now,Epic Amsterdam,21,21,17,530934,CA,Canada,Q1,2022
34,spotify:track:4A8cWXxKfIL3lAyUDzXbCF,Kodak Black,Super Gremlin,Atlantic/Sniper Gang,23,23,6,527748,CA,Canada,Q1,2022
35,spotify:track:5rW7qTn83sCKtqBoneJs63,"bbno$, Rich Brian",edamame,bbno$,16,19,25,510248,CA,Canada,Q1,2022
36,spotify:track:3DarAbFujv6eYNliUTyqtz,"Doja Cat, SZA",Kiss Me More (feat. SZA),Kemosabe Records/RCA Records,1,13,40,509667,CA,Canada,Q1,2022
37,spotify:track:0e8nrvls4Qqv5Rfa2UhqmO,Lil Nas X,THATS WHAT I WANT,Columbia,4,16,17,508209,CA,Canada,Q1,2022
38,spotify:track:6f5ExP43esnvdKPddwKXJH,"NEIKED, Mae Muller, Polo G",Better Days (NEIKED x Mae Muller x Polo G),Capitol Records UK / EMI,12,17,13,503229,CA,Canada,Q1,2022
39,spotify:track:6Uj1ctrBOjOas8xZXGqKk4,Doja Cat,Woman,Kemosabe Records/RCA Records,16,18,27,491162,CA,Canada,Q1,2022
40,spotify:track:2BcMwX1MPV6ZHP4tUT9uq6,"Drake, 21 Savage, Project Pat",Knife Talk (with 21 Savage ft. Project Pat),OVO,3,29,19,478862,CA,Canada,Q1,2022
41,spotify:track:18asYwWugKjjsihZ0YvRxO,"Tiësto, Ava Max",The Motto,Atlantic Records,25,25,10,477814,CA,Canada,Q1,2022
42,spotify:track:1NlK2NtpuUazpziLhnJwEV,The Weeknd,Phantom Regret by Jim,XO / Republic Records,42,-1,1,475906,CA,Canada,Q1,2022
43,spotify:track:3Wrjm47oTz2sjIgck11l5e,Måneskin,Beggin',RCA Records Label,3,20,30,473937,CA,Canada,Q1,2022
44,spotify:track:3XLbDUB5BX2WqL2qoAsvtb,"Gunna, 21 Savage",thought i was playing,300 Entertainment,44,-1,1,466136,CA,Canada,Q1,2022
45,spotify:track:5dXWFMwD7I7zXsInONVl0H,SZA,I Hate U,Top Dawg Entertainment/RCA Records,10,26,6,451708,CA,Canada,Q1,2022
46,spotify:track:07MDkzWARZaLEdKxo6yArG,"THE ANXIETY, WILLOW, Tyler Cole",Meet Me At Our Spot,"MSFTSMusic / Roc Nation Records, LLC",17,30,20,450858,CA,Canada,Q1,2022
47,spotify:track:3DZ8dbKg4OTSSqGARvecYd,"Lil Durk, Morgan Wallen",Broadway Girls (feat. Morgan Wallen),Alamo,31,31,4,435889,CA,Canada,Q1,2022
48,spotify:track:1SOClUWhOi8vHZYMz3GluK,Jaymes Young,Infinity,Atlantic Records,37,37,6,435168,CA,Canada,Q1,2022
49,spotify:track:3Kkjo3cT83cw09VJyrLNwX,Adele,Oh My God,Columbia,2,36,8,434787,CA,Canada,Q1,2022
50,spotify:track:3Vi5XqYrmQgOYBajMWSvCi,Doja Cat,Need to Know,Kemosabe Records/RCA Records,6,33,31,433357,CA,Canada,Q1,2022
1,spotify:track:4LRPiXqCikLlN15c3yImP7,Harry Styles,As It Was,Columbia,1,-1,1,2837052,CA,Canada,Q2,2022
2,spotify:track:02MWAaffLxlfxAUY7c5dvx,Glass Animals,Heat Waves,Polydor Records,1,1,67,1072032,CA,Canada,Q2,2022
3,spotify:track:1HvTxgCj0mTzQlEo0zLvFb,Lil Tjay,In My Head,Columbia,3,-1,1,920210,CA,Canada,Q2,2022
4,spotify:track:7rglLriMNBPAyuJOMGwi39,"Elton John, Dua Lipa, PNAU",Cold Heart - PNAU Remix,EMI,1,3,34,817074,CA,Canada,Q2,2022
5,spotify:track:5PjdY0CKGZdEuoNab3yDmX,"The Kid LAROI, Justin Bieber",STAY (with Justin Bieber),Columbia,1,2,39,801666,CA,Canada,Q2,2022
6,spotify:track:0U1W2LZVUX7qTm7dDpqxh6,Shawn Mendes,When You're Gone,Shawn Mendes LP4-5 PS/ Island,6,-1,1,760460,CA,Canada,Q2,2022
7,spotify:track:6I3mqTwhRpn34SLVafSH7G,Justin Bieber,Ghost,RBMG/Def Jam,4,4,31,736934,CA,Canada,Q2,2022
8,spotify:track:1HhNoOuqm1a5MXYEgAFl8o,"Imagine Dragons, JID, Arcane, League of Legends",Enemy (with JID) - from the series Arcane League of Legends,Kid Ina Korner / Interscope,4,5,23,700039,CA,Canada,Q2,2022
9,spotify:track:5Z9KJZvQzH6PFmb8SNkxuk,"Lil Nas X, Jack Harlow",INDUSTRY BABY (feat. Jack Harlow),Columbia,1,8,37,697765,CA,Canada,Q2,2022
10,spotify:track:0e8nrvls4Qqv5Rfa2UhqmO,Lil Nas X,THATS WHAT I WANT,Columbia,4,7,29,690226,CA,Canada,Q2,2022
11,spotify:track:50nfwKoDiSYg8zOCREWAm5,Ed Sheeran,Shivers,Atlantic Records UK,4,6,30,682165,CA,Canada,Q2,2022
12,spotify:track:18asYwWugKjjsihZ0YvRxO,"Tiësto, Ava Max",The Motto,Atlantic Records,9,9,22,648264,CA,Canada,Q2,2022
13,spotify:track:0QBzMgT7NIeoCYy3sJCof1,"Camila Cabello, Ed Sheeran",Bam Bam (feat. Ed Sheeran),Epic,9,11,5,624572,CA,Canada,Q2,2022
14,spotify:track:4ZtFanR9U6ndgddUvNcjcG,Olivia Rodrigo,good 4 u,Olivia Rodrigo PS,1,17,47,595949,CA,Canada,Q2,2022
15,spotify:track:4fouWK6XVHhzl78KzQ1UjL,GAYLE,abcdefu,Atlantic/Arthouse Records,4,10,21,593278,CA,Canada,Q2,2022
16,spotify:track:3rmo8F54jFF8OgYsqTxm5d,Ed Sheeran,Bad Habits,Atlantic Records UK,2,14,41,569688,CA,Canada,Q2,2022
17,spotify:track:6Uj1ctrBOjOas8xZXGqKk4,Doja Cat,Woman,Kemosabe Records/RCA Records,14,15,39,563888,CA,Canada,Q2,2022
18,spotify:track:3uUuGVFu1V7jTQL60S1r8z,"Lost Frequencies, Calum Scott",Where Are You Now,Epic Amsterdam,16,16,29,543021,CA,Canada,Q2,2022
19,spotify:track:52xJxFP6TqMuO4Yt0eOkMz,"Carolina Gaitán - La Gaita, Mauro Castillo, Adassa, Rhenzy Feliz, Diane Guerrero, Stephanie Beatriz, Encanto - Cast",We Don't Talk About Bruno,Walt Disney Records,1,12,15,531527,CA,Canada,Q2,2022
20,spotify:track:46IZ0fSY2mpAiktS3KOqds,Adele,Easy On Me,Columbia,1,18,25,504799,CA,Canada,Q2,2022
21,spotify:track:59CfNbkERJ3NoTXDvoURjj,Dove Cameron,Boyfriend,Disruptor Records/Columbia,13,19,8,489609,CA,Canada,Q2,2022
22,spotify:track:58HvfVOeJY7lUuCqF0m3ly,Elley Duhé,MIDDLE OF THE NIGHT,Not Fit For Society/RCA Records,20,20,9,464587,CA,Canada,Q2,2022
23,spotify:track:2BcMwX1MPV6ZHP4tUT9uq6,"Drake, 21 Savage, Project Pat",Knife Talk (with 21 Savage ft. Project Pat),OVO,3,21,31,458318,CA,Canada,Q2,2022
24,spotify:track:2B4GHvToeLTOBB4QLzW3Ni,Farruko,Pepas,Sony Music Latin,24,31,35,437134,CA,Canada,Q2,2022
25,spotify:track:0oA9wBGDY4uyILLg4GymWP,"AnnenMayKantereit, Giant Rooks",Tom's Diner,Vertigo Berlin,22,22,4,434546,CA,Canada,Q2,2022
26,spotify:track:62Yo3FDddWY8ydu6PW2wyz,Jack Harlow,Nail Tech,Generation Now/Atlantic,5,32,7,434296,CA,Canada,Q2,2022
27,spotify:track:3AVXwaOGCEL8cmBecfcsFJ,Charlie Puth,Light Switch,Atlantic Records,13,27,11,429246,CA,Canada,Q2,2022
28,spotify:track:6f5ExP43esnvdKPddwKXJH,"NEIKED, Mae Muller, Polo G",Better Days (NEIKED x Mae Muller x Polo G),Capitol Records UK / EMI,12,25,25,425668,CA,Canada,Q2,2022
29,spotify:track:3DarAbFujv6eYNliUTyqtz,"Doja Cat, SZA",Kiss Me More (feat. SZA),Kemosabe Records/RCA Records,1,42,52,424058,CA,Canada,Q2,2022
30,spotify:track:5nujrmhLynf4yMoMtj8AQF,"Dua Lipa, DaBaby",Levitating (feat. DaBaby),Warner Records,4,34,79,414839,CA,Canada,Q2,2022
31,spotify:track:00Blm7zeNqgYLPtW6zg8cj,"Post Malone, The Weeknd",One Right Now (with The Weeknd),Republic Records,2,30,22,413838,CA,Canada,Q2,2022
32,spotify:track:0IuVhCflrQPMGRrOyoY5RW,Tate McRae,she's all i wanna be,RCA Records Label,6,29,9,407586,CA,Canada,Q2,2022
33,spotify:track:5rW7qTn83sCKtqBoneJs63,"bbno$, Rich Brian",edamame,bbno$,16,48,37,401529,CA,Canada,Q2,2022
34,spotify:track:3Vi5XqYrmQgOYBajMWSvCi,Doja Cat,Need to Know,Kemosabe Records/RCA Records,6,36,43,399398,CA,Canada,Q2,2022
35,spotify:track:2QjOHCTQ1Jl3zawyYOpxh6,The Neighbourhood,Sweater Weather,Columbia,35,44,79,396698,CA,Canada,Q2,2022
36,spotify:track:0VjIjW4GlUZAMYd2vXMi3b,The Weeknd,Blinding Lights,Republic Records,1,41,123,391357,CA,Canada,Q2,2022
37,spotify:track:68Dni7IE4VyPkTOH9mRWHr,J. Cole,No Role Modelz,Roc Nation Records LLC,37,49,150,388523,CA,Canada,Q2,2022
38,spotify:track:4SqWKzw0CbA05TGszDgMlc,The Walters,I Love You So,Warner Records,23,39,25,383900,CA,Canada,Q2,2022
39,spotify:track:3yMC1KsTwh0ceXdIe4QQAQ,Lauren Spencer Smith,Fingers Crossed,"Three Name Productions, Inc./ Island Records & Republic Records",2,43,14,380920,CA,Canada,Q2,2022
40,spotify:track:3GZD6HmiNUhxXYf8Gch723,Frank Ocean,Lost,Red Zone Entertainment / IDJ,14,37,13,380261,CA,Canada,Q2,2022
41,spotify:track:3o9kpgkIcffx0iSwxhuNI2,Em Beihold,Numb Little Bug,"Republic Records/Moon Projects, LLC.",25,38,10,378948,CA,Canada,Q2,2022
42,spotify:track:5wANPM4fQCJwkGd4rN57mH,Olivia Rodrigo,drivers license,Olivia Rodrigo PS,1,68,65,375964,CA,Canada,Q2,2022
43,spotify:track:4WghJOMjDpGdlk3b8aJIgy,"Kehlani, Justin Bieber",up at night (feat. justin bieber),TSNMI / Atlantic,43,-1,1,373819,CA,Canada,Q2,2022
44,spotify:track:2bdqU7C4softKNcMYDFi96,Tate McRae,chaotic,RCA Records Label,13,13,2,370677,CA,Canada,Q2,2022
45,spotify:track:6Jrdb6CFOJEGaHjaa6c4WR,"BoyWithUke, blackbear",IDGAF (with blackbear),Republic Records,26,28,3,369752,CA,Canada,Q2,2022
46,spotify:track:3XOalgusokruzA5ZBA2Qcb,"Gunna, Future, Young Thug",pushin P (feat. Young Thug),300 Entertainment,4,35,13,369073,CA,Canada,Q2,2022
47,spotify:track:503OTo2dSqe7qk76rgsbep,"Dr. Dre, Snoop Dogg",Still D.R.E.,Aftermath,11,47,11,365222,CA,Canada,Q2,2022
48,spotify:track:5CZ40GBx1sQ9agT82CLQCT,Olivia Rodrigo,traitor,Olivia Rodrigo PS,3,64,46,359467,CA,Canada,Q2,2022
49,spotify:track:531KGXtBroSrOX9LVmiIgc,Dave,Starlight,Dave / Neighbourhood Recordings,49,51,5,357871,CA,Canada,Q2,2022
50,spotify:track:2WL6GQzPuK9Nrpy9XwNEbz,Nirvana,Something In The Way,Geffen,16,26,5,355607,CA,Canada,Q2,2022
1,spotify:track:75FEaRjZTKLhTrFGsfMUXR,Kate Bush,Running Up That Hill (A Deal With God),Fish People,1,4,6,1622493,CA,Canada,Q3,2022
2,spotify:track:3F5CgOj3wFlRv51JsHbxhe,"Drake, 21 Savage",Jimmy Cooks (feat. 21 Savage),OVO,1,1,3,1513536,CA,Canada,Q3,2022
3,spotify:track:4Dvkj6JhhA12EX05fT7y2e,Harry Styles,As It Was,Columbia,1,3,14,1395031,CA,Canada,Q3,2022
4,spotify:track:6xGruZOHLs39ZbVccQTuPZ,Joji,Glimpse of Us,88rising Music,2,2,4,1269993,CA,Canada,Q3,2022
5,spotify:track:02MWAaffLxlfxAUY7c5dvx,Glass Animals,Heat Waves,Polydor Records,1,5,80,997054,CA,Canada,Q3,2022
6,spotify:track:1PckUlxKqWQs3RlWXVBLw3,Lizzo,About Damn Time,Nice Life/Atlantic,3,6,12,944912,CA,Canada,Q3,2022
7,spotify:track:0wHFktze2PHC5jDt3B17DC,Jack Harlow,First Class,Generation Now/Atlantic,1,8,13,887232,CA,Canada,Q3,2022
8,spotify:track:0O6u0VJ46W86TxN9wgyqDj,"Post Malone, Doja Cat",I Like You (A Happier Song) (with Doja Cat),Mercury Records/Republic Records,3,9,5,881193,CA,Canada,Q3,2022
9,spotify:track:4h9wh7iOZ0GGn8QVp4RAOB,OneRepublic,I Ain't Worried,Interscope Records,9,21,5,706591,CA,Canada,Q3,2022
10,spotify:track:6JIC3hbC28JZKZ8AlAqX8h,"Elton John, Dua Lipa, PNAU",Cold Heart - PNAU Remix,EMI,1,12,47,699759,CA,Canada,Q3,2022
11,spotify:track:4h4QlmocP3IuwYEj2j14p8,"Nicky Youre, hey daisy",Sunroof,Thirty Knots/Columbia,11,19,14,697098,CA,Canada,Q3,2022
12,spotify:track:0hquQWY3xvYqN4qtiquniF,Doja Cat,Vegas (From the Original Motion Picture Soundtrack ELVIS),Kemosabe Records/RCA Records,12,18,9,690508,CA,Canada,Q3,2022
13,spotify:track:0oiv4E896TUTTeQU0cmIui,Drake,Massive,OVO,7,10,3,687952,CA,Canada,Q3,2022
14,spotify:track:3uJFmluXzYedoJcvhpC1AW,"Cardi B, Kanye West, Lil Durk",Hot Shit (feat. Ye & Lil Durk),Atlantic Records,14,-1,1,683062,CA,Canada,Q3,2022
15,spotify:track:2KukL7UlQ8TdvpaA7bY3ZJ,Beyoncé,BREAK MY SOUL,Parkwood Entertainment/Columbia,7,7,3,682406,CA,Canada,Q3,2022
16,spotify:track:4rmVZajAF7PkrCagGPHbqa,Drake,Sticky,OVO,3,11,3,663416,CA,Canada,Q3,2022
17,spotify:track:2DB4DdfCFMw1iaR6JaR03a,"Camila Cabello, Ed Sheeran",Bam Bam (feat. Ed Sheeran),Epic,7,16,18,655828,CA,Canada,Q3,2022
18,spotify:track:0mBP9X2gPCuapvpZ7TGDk3,"Charlie Puth, Jung Kook, BTS",Left and Right (Feat. Jung Kook of BTS),Atlantic Records,15,15,2,655156,CA,Canada,Q3,2022
19,spotify:track:59nOXPmaKlBfGMDeOVGrIK,"Future, Drake, Tems",WAIT FOR U (feat. Drake & Tems),Epic/Freebandz,3,13,10,632045,CA,Canada,Q3,2022
20,spotify:track:1qEmFfgcLObUfQm0j1W2CK,Harry Styles,Late Night Talking,Columbia,2,17,7,624142,CA,Canada,Q3,2022
21,spotify:track:5PjdY0CKGZdEuoNab3yDmX,"The Kid LAROI, Justin Bieber",STAY (with Justin Bieber),Columbia,1,20,52,616183,CA,Canada,Q3,2022
22,spotify:track:10xV5l9nhLvFpR8mqzs0bL,"Marshmello, Khalid",Numb,Joytime Collective/RCA Records,22,23,4,584856,CA,Canada,Q3,2022
23,spotify:track:6I3mqTwhRpn34SLVafSH7G,Justin Bieber,Ghost,RBMG/Def Jam,4,25,44,577199,CA,Canada,Q3,2022
24,spotify:track:50nfwKoDiSYg8zOCREWAm5,Ed Sheeran,Shivers,Atlantic Records UK,4,22,43,574129,CA,Canada,Q3,2022
25,spotify:track:48UKTR66uUOT9LaUvooTNx,Luke Combs,The Kind of Love We Make,River House Artists/Columbia Nashville,14,14,3,547625,CA,Canada,Q3,2022
26,spotify:track:2MuWTIM3b0YEAskbeeFE1i,Metallica,Master of Puppets (Remastered),Blackened Recordings,26,-1,1,527189,CA,Canada,Q3,2022
27,spotify:track:3uUuGVFu1V7jTQL60S1r8z,"Lost Frequencies, Calum Scott",Where Are You Now,Epic Amsterdam,16,26,42,508116,CA,Canada,Q3,2022
28,spotify:track:18asYwWugKjjsihZ0YvRxO,"Tiësto, Ava Max",The Motto,Atlantic Records,9,24,35,504146,CA,Canada,Q3,2022
29,spotify:track:1HhNoOuqm1a5MXYEgAFl8o,"Imagine Dragons, JID, Arcane, League of Legends",Enemy (with JID) - from the series Arcane League of Legends,Kid Ina Korner / Interscope,4,36,36,474554,CA,Canada,Q3,2022
30,spotify:track:0e8nrvls4Qqv5Rfa2UhqmO,Lil Nas X,THATS WHAT I WANT,Columbia,4,30,42,463974,CA,Canada,Q3,2022
31,spotify:track:6Uj1ctrBOjOas8xZXGqKk4,Doja Cat,Woman,Kemosabe Records/RCA Records,14,29,52,462966,CA,Canada,Q3,2022
32,spotify:track:5Z9KJZvQzH6PFmb8SNkxuk,"Lil Nas X, Jack Harlow",INDUSTRY BABY (feat. Jack Harlow),Columbia,1,32,50,460997,CA,Canada,Q3,2022
33,spotify:track:32vE1nuG8T9c8bhmZdRY6d,"Post Malone, Roddy Ricch",Cooped Up (with Roddy Ricch),Mercury Records/Republic Records,6,27,8,450689,CA,Canada,Q3,2022
34,spotify:track:3rmo8F54jFF8OgYsqTxm5d,Ed Sheeran,Bad Habits,Atlantic Records UK,2,33,54,449984,CA,Canada,Q3,2022
35,spotify:track:6EbVuwU7EnKeF2hdpViXCH,"Sleepy Hallow, 347aidan",Die Young (feat. 347aidan),Winners Circle/RCA Records,9,34,7,439035,CA,Canada,Q3,2022
36,spotify:track:2B4GHvToeLTOBB4QLzW3Ni,Farruko,Pepas,Sony Music Latin,24,39,48,412764,CA,Canada,Q3,2022
37,spotify:track:2BcMwX1MPV6ZHP4tUT9uq6,"Drake, 21 Savage, Project Pat",Knife Talk (with 21 Savage ft. Project Pat),OVO,3,40,44,408399,CA,Canada,Q3,2022
38,spotify:track:0T5iIrXA4p5GsubkhuBIKV,Stephen Sanchez,Until I Found You,Republic Records,38,44,8,400467,CA,Canada,Q3,2022
39,spotify:track:5nujrmhLynf4yMoMtj8AQF,"Dua Lipa, DaBaby",Levitating (feat. DaBaby),Warner Records,4,42,92,399428,CA,Canada,Q3,2022
40,spotify:track:4ZtFanR9U6ndgddUvNcjcG,Olivia Rodrigo,good 4 u,Olivia Rodrigo PS,1,38,60,398360,CA,Canada,Q3,2022
41,spotify:track:0VjIjW4GlUZAMYd2vXMi3b,The Weeknd,Blinding Lights,Republic Records,1,45,136,395083,CA,Canada,Q3,2022
42,spotify:track:6Sq7ltF9Qa7SNFBsV5Cogx,"Bad Bunny, Chencho Corleone",Me Porto Bonito,Rimas Entertainment LLC,42,54,9,382524,CA,Canada,Q3,2022
43,spotify:track:6UelLqGlWMcVH1E5c4H7lY,Harry Styles,Watermelon Sugar,Columbia,5,47,136,380421,CA,Canada,Q3,2022
44,spotify:track:68Dni7IE4VyPkTOH9mRWHr,J. Cole,No Role Modelz,Roc Nation Records LLC,30,41,163,374169,CA,Canada,Q3,2022
45,spotify:track:1r8ZCjfrQxoy2wVaBUbpwg,The Kid LAROI,THOUSAND MILES,Columbia,4,46,11,373950,CA,Canada,Q3,2022
46,spotify:track:4686eQ81DEswHa90bcdlC9,Bailey Zimmerman,Rock and A Hard Place,Warner Records Nashville/Elektra,33,64,4,367695,CA,Canada,Q3,2022
47,spotify:track:5uU1uuyaUIBOiiUSQG7Wl3,Morgan Wallen,You Proof,Morgan Wallen,18,79,8,367582,CA,Canada,Q3,2022
48,spotify:track:5YbPxJwPfrj7uswNwoF1pJ,Burna Boy,Last Last,Spaceship/ Bad Habit/Atlantic Records,48,70,8,364974,CA,Canada,Q3,2022
49,spotify:track:3cBsEDNhFI9E82vPj3kvi3,Morgan Wallen,Wasted On You,Morgan Wallen,8,52,29,364942,CA,Canada,Q3,2022
50,spotify:track:2LBqCSwhJGcFQeTHMVGwy3,The Weeknd,Die For You,Universal Republic Records,50,72,61,354657,CA,Canada,Q3,2022
1,spotify:track:3nqQXoyQOWXiESFLlDF1hG,"Sam Smith, Kim Petras",Unholy (feat. Kim Petras),Capitol Records UK / EMI,1,1,3,1784003,CA,Canada,Q4,2022
2,spotify:track:4uUG5RXrOk84mYEfFvj3cK,"David Guetta, Bebe Rexha",I'm Good (Blue),Parlophone UK,1,2,7,1370059,CA,Canada,Q4,2022
3,spotify:track:4h9wh7iOZ0GGn8QVp4RAOB,OneRepublic,I Ain't Worried,Interscope Records,3,3,19,1059417,CA,Canada,Q4,2022
4,spotify:track:4k6Uh1HXdhtusDW5y8Gbvy,Steve Lacy,Bad Habit,L-M Records/RCA Records,2,4,15,1013533,CA,Canada,Q4,2022
5,spotify:track:4Dvkj6JhhA12EX05fT7y2e,Harry Styles,As It Was,Columbia,1,5,28,932211,CA,Canada,Q4,2022
6,spotify:track:2yjlYDiNiQkdxVqTlaSrlX,Nicki Minaj,Super Freaky Girl,Republic Records,2,6,9,814017,CA,Canada,Q4,2022
7,spotify:track:3F5CgOj3wFlRv51JsHbxhe,"Drake, 21 Savage",Jimmy Cooks (feat. 21 Savage),OVO,1,8,17,750151,CA,Canada,Q4,2022
8,spotify:track:5IgjP7X4th6nMNDh4akUHb,Chris Brown,Under The Influence,Chris Brown Entertainment/RCA Records,7,7,12,750125,CA,Canada,Q4,2022
9,spotify:track:1xzi1Jcr7mEi9K2RfzLOqS,Beyoncé,CUFF IT,Parkwood Entertainment/Columbia,9,15,7,735321,CA,Canada,Q4,2022
10,spotify:track:0O6u0VJ46W86TxN9wgyqDj,"Post Malone, Doja Cat",I Like You (A Happier Song) (with Doja Cat),Mercury Records/Republic Records,3,9,19,709846,CA,Canada,Q4,2022
11,spotify:track:1xK59OXxi2TAAAbmZK0kBL,d4vd,Romantic Homicide,Darkroom/Interscope Records,11,13,6,694200,CA,Canada,Q4,2022
12,spotify:track:3WMj8moIAXJhHsyLaqIIHI,Zach Bryan,Something in the Orange,Warner Records,12,19,23,679013,CA,Canada,Q4,2022
13,spotify:track:2LBqCSwhJGcFQeTHMVGwy3,The Weeknd,Die For You,Universal Republic Records,8,11,75,674808,CA,Canada,Q4,2022
14,spotify:track:02MWAaffLxlfxAUY7c5dvx,Glass Animals,Heat Waves,Polydor Records,1,12,94,673141,CA,Canada,Q4,2022
15,spotify:track:4h4QlmocP3IuwYEj2j14p8,"Nicky Youre, hey daisy",Sunroof,Thirty Knots/Columbia,6,10,28,666896,CA,Canada,Q4,2022
16,spotify:track:10xV5l9nhLvFpR8mqzs0bL,"Marshmello, Khalid",Numb,Joytime Collective/RCA Records,10,14,18,663401,CA,Canada,Q4,2022
17,spotify:track:0WtM2NBVQNNJLh6scP13H8,"Rema, Selena Gomez",Calm Down (with Selena Gomez),Mavin Records / Jonzing World,17,17,7,627672,CA,Canada,Q4,2022
18,spotify:track:2QjOHCTQ1Jl3zawyYOpxh6,The Neighbourhood,Sweater Weather,Columbia,18,22,106,601434,CA,Canada,Q4,2022
19,spotify:track:38T0tPVZHcPZyhtOcCP7pF,Lil Nas X,STAR WALKIN' (League of Legends Worlds Anthem),Columbia,12,16,3,598103,CA,Canada,Q4,2022
20,spotify:track:6xGruZOHLs39ZbVccQTuPZ,Joji,Glimpse of Us,88rising Music,2,20,18,590362,CA,Canada,Q4,2022
21,spotify:track:3LtpKP5abr2qqjunvjlX5i,Central Cee,Doja,Central Cee,6,18,12,576301,CA,Canada,Q4,2022
22,spotify:track:6HMtHNpW6YPi1hrw9tgF8P,Lizzo,About Damn Time,Nice Life/Atlantic,3,23,26,567923,CA,Canada,Q4,2022
23,spotify:track:27ZZdyTSQWI7Cug2d2PkqV,Armani White,BILLIE EILISH.,"Legendbound, LLC / Def Jam Recordings",23,25,13,532283,CA,Canada,Q4,2022
24,spotify:track:1qEmFfgcLObUfQm0j1W2CK,Harry Styles,Late Night Talking,Columbia,2,28,21,529501,CA,Canada,Q4,2022
25,spotify:track:6VhuP99TE6gYNQRJIlAWFD,Stephen Sanchez,Until I Found You,Republic Records,25,34,22,527803,CA,Canada,Q4,2022
26,spotify:track:3azJifCSqg9fRij2yKIbWz,Tory Lanez,The Color Violet,One Umbrella Records,26,31,9,526849,CA,Canada,Q4,2022
27,spotify:track:0hquQWY3xvYqN4qtiquniF,Doja Cat,Vegas (From the Original Motion Picture Soundtrack ELVIS),Kemosabe Records/RCA Records,12,24,23,526706,CA,Canada,Q4,2022
28,spotify:track:5TJEBoTCDbJXiKMdCN9pd3,"Elton John, Britney Spears",Hold Me Closer,EMI,10,27,7,521515,CA,Canada,Q4,2022
29,spotify:track:59nOXPmaKlBfGMDeOVGrIK,"Future, Drake, Tems",WAIT FOR U (feat. Drake & Tems),Epic/Freebandz,3,29,24,511208,CA,Canada,Q4,2022
30,spotify:track:2TktkzfozZifbQhXjT6I33,Omar Apollo,Evergreen (You Didn’t Deserve Me At All),Warner Records,25,26,4,503737,CA,Canada,Q4,2022
31,spotify:track:5PjdY0CKGZdEuoNab3yDmX,"The Kid LAROI, Justin Bieber",STAY (with Justin Bieber),Columbia,1,32,66,494858,CA,Canada,Q4,2022
32,spotify:track:079mntueS2KWjxVqOHjG70,"Preston Pablo, Banx & Ranx",Flowers Need Rain,31 East JV (2021),30,30,15,493678,CA,Canada,Q4,2022
33,spotify:track:7gRFDGEzF9UkBV233yv2dc,BLACKPINK,Shut Down,YG Entertainment/Interscope Records,2,21,4,486223,CA,Canada,Q4,2022
34,spotify:track:68Dni7IE4VyPkTOH9mRWHr,J. Cole,No Role Modelz,Roc Nation Records LLC,30,38,177,456791,CA,Canada,Q4,2022
35,spotify:track:48UKTR66uUOT9LaUvooTNx,Luke Combs,The Kind of Love We Make,River House Artists/Columbia Nashville,14,35,17,454004,CA,Canada,Q4,2022
36,spotify:track:6JIC3hbC28JZKZ8AlAqX8h,"Elton John, Dua Lipa, PNAU",Cold Heart - PNAU Remix,EMI,1,39,61,452225,CA,Canada,Q4,2022
37,spotify:track:7jtQIBanIiJOMS6RyCx6jZ,Tom Odell,Another Love,ITNO/Columbia,37,43,37,450604,CA,Canada,Q4,2022
38,spotify:track:54ipXppHLA8U4yqpOFTUhr,Imagine Dragons,Bones,Kid Ina Korner / Interscope,28,49,26,443085,CA,Canada,Q4,2022
39,spotify:track:75FEaRjZTKLhTrFGsfMUXR,Kate Bush,Running Up That Hill (A Deal With God),Fish People,1,37,20,433935,CA,Canada,Q4,2022
40,spotify:track:0wHFktze2PHC5jDt3B17DC,Jack Harlow,First Class,Generation Now/Atlantic,1,36,27,431319,CA,Canada,Q4,2022
41,spotify:track:1cKHdTo9u0ZymJdPGSh6nq,"The Weeknd, Gesaffelstein",I Was Never There,Universal Republic Records,7,41,25,431060,CA,Canada,Q4,2022
42,spotify:track:4686eQ81DEswHa90bcdlC9,Bailey Zimmerman,Rock and A Hard Place,Warner Records Nashville/Elektra,26,45,18,429648,CA,Canada,Q4,2022
43,spotify:track:3xWGA8pa0IKFI7IMPri4P0,Ed Sheeran,Shivers,Atlantic Records UK,4,44,57,426633,CA,Canada,Q4,2022
44,spotify:track:6zJejIfVYLgjud3lTk4DLB,Rosa Linn,SNAP,Nvak Collective,37,48,13,425701,CA,Canada,Q4,2022
45,spotify:track:5odlY52u43F5BjByhxg7wg,JVKE,golden hour,JVKE,42,42,7,422780,CA,Canada,Q4,2022
46,spotify:track:3EaJDYHA0KnX88JvDhL9oa,Steve Lacy,Dark Red,Three Quarter,46,47,60,415393,CA,Canada,Q4,2022
47,spotify:track:6I3mqTwhRpn34SLVafSH7G,Justin Bieber,Ghost,RBMG/Def Jam,4,46,58,414665,CA,Canada,Q4,2022
48,spotify:track:5uU1uuyaUIBOiiUSQG7Wl3,Morgan Wallen,You Proof,Morgan Wallen,18,51,22,408502,CA,Canada,Q4,2022
49,spotify:track:4OmfWzukSVD140NiAIEjem,Steve Lacy,Static,L-M Records/RCA Records,49,55,6,391287,CA,Canada,Q4,2022
50,spotify:track:3sNVsP50132BTNlImLx70i,Kanye West,Bound 2,Rock The World/IDJ/Kanye/LP6,39,50,8,390722,CA,Canada,Q4,2022
1,spotify:track:1JpzJfxjHGFUyTHXLZidok,"Ryan Castro, Feid",Monastery,UMLE - Latino,1,1,9,1124356,CO,Colombia,Q1,2022
2,spotify:track:6lX6l7OuA3qrnIRfdsr0dw,"Blessd, Justin Quiles, Lenny Tavárez",Medallo,WEA Latina,1,2,12,991709,CO,Colombia,Q1,2022
3,spotify:track:1MxMBirljZVgAB9jdjB61x,"Chucho Flash, Flex",Yo No Se,M74 Records,3,48,2,909083,CO,Colombia,Q1,2022
4,spotify:track:17jcYtUYRhpPL19fDedfTD,Ryan Castro,Wasa Wasa,Holdings,3,3,23,743270,CO,Colombia,Q1,2022
5,spotify:track:2JPLbjOn0wPCngEot2STUS,Bad Bunny,Yonaguni,Rimas Entertainment LLC,1,4,32,598683,CO,Colombia,Q1,2022
6,spotify:track:2rDZhKnPaPG054ExZ6nXUS,Ryan Castro,Jordan,Holdings,4,5,36,555432,CO,Colombia,Q1,2022
7,spotify:track:4gzsuuZypVbxs0Af1LSZyB,"Tainy, Bad Bunny, Julieta Venegas",Lo Siento BB:/ (with Bad Bunny & Julieta Venegas),Neon16,1,7,15,545304,CO,Colombia,Q1,2022
8,spotify:track:5QLs1kIWkkxcdUBfTkqWBX,Feid,VACAXIONES,Universal Music Latino,1,6,11,533275,CO,Colombia,Q1,2022
9,spotify:track:1SCYfmGM5ueb6YiiQbLXVn,Feid,SI TÚ SUPIERAS - Bonus Track,Universal Music Latino,1,8,21,509198,CO,Colombia,Q1,2022
10,spotify:track:2C6eINAA8cO6e5a8PjnWsK,Feid,AMOR DE MI VIDA,Universal Music Latino,3,9,4,427025,CO,Colombia,Q1,2022
11,spotify:track:2WrqTrNIHqfcMCgmEo0A7E,"Feid, KAROL G",FRIKI,Universal Music Latino,9,10,5,424749,CO,Colombia,Q1,2022
12,spotify:track:0G2zPzWqVjR68iNPmx2TBe,"Mora, Bad Bunny, Sech",Volando - Remix,Rimas Entertainment LLC,5,11,27,418353,CO,Colombia,Q1,2022
13,spotify:track:5TMLavqGRKNxgzMBrVpC9R,"zzoilo, Aitana",Mon Amour - Remix,Universal Music Spain S.L.,10,16,17,388787,CO,Colombia,Q1,2022
14,spotify:track:4MzXwWMhyBbmu6hOcLVD49,"Bad Bunny, JHAYCO",DÁKITI,Rimas Entertainment LLC,1,12,63,384451,CO,Colombia,Q1,2022
15,spotify:track:2ThSBT4fDS83BWu3iMjMRn,Blessd,Quien TV,WEA Latina,15,17,11,377901,CO,Colombia,Q1,2022
16,spotify:track:2vmfvSoZBFAt9hhRoEByLi,"Aventura, Bad Bunny",Volví,Rimas Entertainment LLC,3,15,24,371594,CO,Colombia,Q1,2022
17,spotify:track:3rdAz1fbUfZxYgaCviYhRo,Rauw Alejandro,Todo De Ti,Sony Music Latin/Duars Entertainment,1,13,34,368993,CO,Colombia,Q1,2022
18,spotify:track:4HzqWEdAbzcVFDv0pvxV4w,Maluma,Sobrio,Sony Music Latin,6,14,27,365088,CO,Colombia,Q1,2022
19,spotify:track:05bfbizlM5AX6Mf1RRyMho,"Nio Garcia, J Balvin, Bad Bunny",AM Remix,Flow La Movie,3,18,29,330493,CO,Colombia,Q1,2022
20,spotify:track:4T18CIOag4LfuqqfzyBQmw,Ryan Castro,Malory,King Records,19,22,16,328514,CO,Colombia,Q1,2022
21,spotify:track:7rglLriMNBPAyuJOMGwi39,"Elton John, Dua Lipa, PNAU",Cold Heart - PNAU Remix,EMI,21,29,18,318263,CO,Colombia,Q1,2022
22,spotify:track:6mmPpaltUZK7xjNlBPQQ0p,"Rauw Alejandro, Chencho Corleone",Desesperados,Sony Music Latin/Duars Entertainment,22,49,5,314101,CO,Colombia,Q1,2022
23,spotify:track:6D2TCm4nf5nxAcdGJ7w3QP,"J Balvin, Maria Becerra",Qué Más Pues?,"Sueños Globales, LLC",2,21,33,306228,CO,Colombia,Q1,2022
24,spotify:track:3h6uFCOSSpj7FIgzDhuJJN,"Andy Rivera, Ñejo",Monumento,Sony Music Entertainment,18,27,14,301748,CO,Colombia,Q1,2022
25,spotify:track:3eFL5cxO22TpyjK3wNb27q,Feid,TE MATA,Universal Music Latino,10,24,21,300009,CO,Colombia,Q1,2022
26,spotify:track:2B4GHvToeLTOBB4QLzW3Ni,Farruko,Pepas,Sony Music Latin,2,19,27,295940,CO,Colombia,Q1,2022
27,spotify:track:78kygHp1dvW1kncYjBgbe1,Ryan Castro,Mujeriego,Sony Music Entertainment,23,26,4,290573,CO,Colombia,Q1,2022
28,spotify:track:0aZnyTWJNgdzYoOiaW8HKG,KAROL G,200 COPAS,UMLE - Latino,15,20,42,279693,CO,Colombia,Q1,2022
29,spotify:track:2K1CQMoG2Dy5nmeOYnhoi8,"J Balvin, KAROL G, Nicky Jam, Crissin, Totoy El Frio, Natan & Shander",Poblado - Remix,"Sueños Globales, LLC",4,25,30,277131,CO,Colombia,Q1,2022
30,spotify:track:35xvhWIZMpsDcJxr14Ukbx,"Feid, Sky Rompiendo",CHIMBITA,Universal Music Latino,5,28,57,272482,CO,Colombia,Q1,2022
31,spotify:track:0Be7sopyKMv8Y8npsUkax2,Sebastian Yatra,Tacones Rojos,UMLE - Latino,31,32,12,272406,CO,Colombia,Q1,2022
32,spotify:track:5W1qmxHrMlQGGAiFA3ZQqP,"Dímelo Flow, Dalex, Sech, Justin Quiles, Arcángel, De La Ghetto, Lenny Tavárez",Se Le Ve,Rich Music,32,35,7,271730,CO,Colombia,Q1,2022
33,spotify:track:704LUEih663hiE3CnyUrFW,KAROL G,SEJODIOTO,UMLE - Latino,15,31,17,263665,CO,Colombia,Q1,2022
34,spotify:track:2MnLkFqY9Rpg9s3Zv6ZJdK,"Gera MX, Christian Nodal",Botella Tras Botella,Virgin Music México,3,23,38,262960,CO,Colombia,Q1,2022
35,spotify:track:0fea68AdmYNygeTGI4RC18,"J Balvin, Bad Bunny",LA CANCIÓN,Universal Music Latino / Rimas,2,33,133,256646,CO,Colombia,Q1,2022
36,spotify:track:1r9xUipOqoNwggBpENDsvJ,"Imagine Dragons, JID, Arcane, League of Legends",Enemy (with JID) - from the series Arcane League of Legends,KIDinaKORNER/Interscope Records,36,42,10,252703,CO,Colombia,Q1,2022
37,spotify:track:2rCbl9naJYhaxjLsfx88uM,"Sebastian Yatra, Myke Towers",Pareja Del Año,UMLE - Latino,3,36,39,250881,CO,Colombia,Q1,2022
38,spotify:track:1JXcB149QtbcIpDUA6YZOB,Grupo Niche,Algo Que Se Quede,Grupo Niche,30,30,19,250535,CO,Colombia,Q1,2022
39,spotify:track:1bRex9K0O9h0Nr5vD2M8AQ,"Blessd, The Rudeboyz",Hace Tiempo,WEA Latina,19,40,27,244673,CO,Colombia,Q1,2022
40,spotify:track:7iqOIHHEmu6Vhw25GgQ2eA,"J Balvin, Sech",Una Nota,"Sueños Globales, LLC",8,37,18,243097,CO,Colombia,Q1,2022
41,spotify:track:4HYDUMY0xSpeBr0AMY9cUz,"Jay Wheeler, DJ Nelson, Myke Towers",La Curiosidad,Linked Music / Dynamic Records / EMPIRE,2,39,83,242391,CO,Colombia,Q1,2022
42,spotify:track:1FlL8ycld6uVDDyhV7P5FA,Rauw Alejandro,Cúrame,Sony Music Latin/Duars Entertainment,18,41,25,234638,CO,Colombia,Q1,2022
43,spotify:track:78QcVmzxS0wIwuC2rpAauI,"Rauw Alejandro, Mr. Naisgai",2/Catorce,Sony Music Latin/Duars Entertainment,5,43,40,231017,CO,Colombia,Q1,2022
44,spotify:track:1yoMvmasuxZfqHEipJhRbp,Maluma,Hawái,Sony Music Latin,1,38,76,230927,CO,Colombia,Q1,2022
45,spotify:track:3JCaq3KDSROg3TXhdiDa9n,"JHAYCO, Anuel AA",Ley Seca,N&E Entertainment LLC,16,44,19,228976,CO,Colombia,Q1,2022
46,spotify:track:5eaLGyPrVG7FbZ5vVnBm93,"Blessd, Maluma",IMPOSIBLE - REMIX,Sony Music Latin,13,47,35,219029,CO,Colombia,Q1,2022
47,spotify:track:57pkksnRS4NOOphTmoRlK2,Feid,TENGO FE,Universal Music Latino,4,45,25,217347,CO,Colombia,Q1,2022
48,spotify:track:3xv8JksRyqHa1lwkM9xvJf,"Anuel AA, Myke Towers, JHAYCO",Súbelo,"Real Hasta La Muerte, LLC",28,50,8,214117,CO,Colombia,Q1,2022
49,spotify:track:4knc1Fp3kbuq8bH2byOvLu,"Camilo, Evaluna Montaner",Índigo,Sony Music Latin,5,46,14,209079,CO,Colombia,Q1,2022
50,spotify:track:0HINQFSerZ6iMfSsaTO3G5,DEKKO,12x3,Interscope Records,50,85,2,208806,CO,Colombia,Q1,2022
1,spotify:track:4srcMdbm2qzVG98tJajHxp,"Alejo, Feid, ROBI",Pantysito,UMLE - Latino,1,1,3,934041,CO,Colombia,Q2,2022
2,spotify:track:1JpzJfxjHGFUyTHXLZidok,"Ryan Castro, Feid",Monastery,UMLE - Latino,1,3,21,859813,CO,Colombia,Q2,2022
3,spotify:track:6lX6l7OuA3qrnIRfdsr0dw,"Blessd, Justin Quiles, Lenny Tavárez",Medallo,WEA Latina,1,4,24,818082,CO,Colombia,Q2,2022
4,spotify:track:2iLegn1UOmpNpQAxcQoGJW,"Blessd, Myke Towers, Ovy On The Drums",Tendencia Global,WEA Latina,4,5,3,788462,CO,Colombia,Q2,2022
5,spotify:track:2rDZhKnPaPG054ExZ6nXUS,Ryan Castro,Jordan,Holdings,4,7,48,730523,CO,Colombia,Q2,2022
6,spotify:track:1ri9ZUkBJVFUdgwzCnfcYs,"Becky G, KAROL G",MAMIII,Kemosabe Records/RCA Records,1,6,8,730247,CO,Colombia,Q2,2022
7,spotify:track:2gpQi3hbcUAcEG8m2dlgfB,Paulo Londra,Plan A,WEA Latina,2,2,3,706514,CO,Colombia,Q2,2022
8,spotify:track:58h5RuCMWCkstuXckWuRpp,"Blessd, Ryan Castro",Quien TV Remix,WEA Latina,6,9,10,683822,CO,Colombia,Q2,2022
9,spotify:track:6mmPpaltUZK7xjNlBPQQ0p,"Rauw Alejandro, Chencho Corleone",Desesperados,Sony Music Latin/Duars Entertainment,3,8,17,682895,CO,Colombia,Q2,2022
10,spotify:track:1O2pcBJGej0pmH2Y9XZMs6,Cris MJ,Una Noche en Medellín,Sonar LLC.,10,12,7,609929,CO,Colombia,Q2,2022
11,spotify:track:4gzsuuZypVbxs0Af1LSZyB,"Tainy, Bad Bunny, Julieta Venegas",Lo Siento BB:/ (with Bad Bunny & Julieta Venegas),Neon16,1,11,27,574368,CO,Colombia,Q2,2022
12,spotify:track:4LRPiXqCikLlN15c3yImP7,Harry Styles,As It Was,Columbia,12,-1,1,569116,CO,Colombia,Q2,2022
13,spotify:track:0LKu09Iq053CEUZ5ktQEWc,"Maluma, Feid",Mojando Asientos (feat. Feid),Sony Music Latin,10,10,2,556984,CO,Colombia,Q2,2022
14,spotify:track:48AJSd42lXpicsGqcgopof,"Daddy Yankee, Bad Bunny",X ÚLTIMA VEZ,Republic Records,13,13,2,550118,CO,Colombia,Q2,2022
15,spotify:track:2JPLbjOn0wPCngEot2STUS,Bad Bunny,Yonaguni,Rimas Entertainment LLC,1,15,44,526798,CO,Colombia,Q2,2022
16,spotify:track:17jcYtUYRhpPL19fDedfTD,Ryan Castro,Wasa Wasa,Holdings,3,14,35,525017,CO,Colombia,Q2,2022
17,spotify:track:0HINQFSerZ6iMfSsaTO3G5,DEKKO,12x3,Interscope Records,10,17,14,457769,CO,Colombia,Q2,2022
18,spotify:track:3IAfUEeaXRX9s9UdKOJrFI,Anitta,Envolver,WEA Latina,15,16,5,456192,CO,Colombia,Q2,2022
19,spotify:track:1UdzJEpgJxtuXAlCOvD4S0,Danny Ocean,Fuera del mercado,Atlantic Records,19,40,4,455770,CO,Colombia,Q2,2022
20,spotify:track:1SCYfmGM5ueb6YiiQbLXVn,Feid,SI TÚ SUPIERAS - Bonus Track,Universal Music Latino,1,18,33,445541,CO,Colombia,Q2,2022
21,spotify:track:5jt25aFjW2kNoBqaEVaz5W,"Mora, Feid",LA INOCENTE,Rimas Entertainment LLC,21,-1,1,433558,CO,Colombia,Q2,2022
22,spotify:track:0G2zPzWqVjR68iNPmx2TBe,"Mora, Bad Bunny, Sech",Volando - Remix,Rimas Entertainment LLC,5,20,39,411760,CO,Colombia,Q2,2022
23,spotify:track:4r9jkMEnArtWGH2rL2FZl0,Bad Bunny,A Tu Merced,Rimas Entertainment LLC,18,21,110,405466,CO,Colombia,Q2,2022
24,spotify:track:78kygHp1dvW1kncYjBgbe1,Ryan Castro,Mujeriego,Sony Music Entertainment,10,19,16,382955,CO,Colombia,Q2,2022
25,spotify:track:4MzXwWMhyBbmu6hOcLVD49,"Bad Bunny, JHAYCO",DÁKITI,Rimas Entertainment LLC,1,24,75,379081,CO,Colombia,Q2,2022
26,spotify:track:5QLs1kIWkkxcdUBfTkqWBX,Feid,VACAXIONES,Universal Music Latino,1,23,23,377447,CO,Colombia,Q2,2022
27,spotify:track:3GaGWoU1KfVqgl7vnRHP55,C. Tangana,Demasiadas Mujeres,Sony Music Entertainment,27,29,8,374047,CO,Colombia,Q2,2022
28,spotify:track:2WrqTrNIHqfcMCgmEo0A7E,"Feid, KAROL G",FRIKI,Universal Music Latino,9,22,17,369673,CO,Colombia,Q2,2022
29,spotify:track:0fea68AdmYNygeTGI4RC18,"J Balvin, Bad Bunny",LA CANCIÓN,Universal Music Latino / Rimas,2,32,145,359256,CO,Colombia,Q2,2022
30,spotify:track:5R70etCKr7FOqdTqnohNfT,"Ryan Castro, Blessd",Niña de Mis Sueños,Sony Music Entertainment,8,25,11,358773,CO,Colombia,Q2,2022
31,spotify:track:2vmfvSoZBFAt9hhRoEByLi,"Aventura, Bad Bunny",Volví,Rimas Entertainment LLC,3,26,36,349233,CO,Colombia,Q2,2022
32,spotify:track:3h6uFCOSSpj7FIgzDhuJJN,"Andy Rivera, Ñejo",Monumento,Sony Music Entertainment,18,27,26,347298,CO,Colombia,Q2,2022
33,spotify:track:5W1qmxHrMlQGGAiFA3ZQqP,"Dímelo Flow, Dalex, Sech, Justin Quiles, Arcángel, De La Ghetto, Lenny Tavárez",Se Le Ve,Rich Music,18,31,19,327283,CO,Colombia,Q2,2022
34,spotify:track:4HzqWEdAbzcVFDv0pvxV4w,Maluma,Sobrio,Sony Music Latin,6,30,39,323996,CO,Colombia,Q2,2022
35,spotify:track:3rdAz1fbUfZxYgaCviYhRo,Rauw Alejandro,Todo De Ti,Sony Music Latin/Duars Entertainment,1,35,46,314455,CO,Colombia,Q2,2022
36,spotify:track:66uR26h9WTxwKhJCWnz5J9,Feid,Nieve,UMLE - Latino,17,28,5,313595,CO,Colombia,Q2,2022
37,spotify:track:69vlMrzHwATKzupwNcUPyK,"Bad Bunny, Daddy Yankee",La Santa,Rimas Entertainment LLC,9,33,110,309101,CO,Colombia,Q2,2022
38,spotify:track:2C6eINAA8cO6e5a8PjnWsK,Feid,AMOR DE MI VIDA,Universal Music Latino,3,36,16,308217,CO,Colombia,Q2,2022
39,spotify:track:1JXcB149QtbcIpDUA6YZOB,Grupo Niche,Algo Que Se Quede,Grupo Niche,30,41,31,298841,CO,Colombia,Q2,2022
40,spotify:track:5TMLavqGRKNxgzMBrVpC9R,"zzoilo, Aitana",Mon Amour - Remix,Universal Music Spain S.L.,10,38,29,295291,CO,Colombia,Q2,2022
41,spotify:track:4T18CIOag4LfuqqfzyBQmw,Ryan Castro,Malory,King Records,19,37,28,291487,CO,Colombia,Q2,2022
42,spotify:track:7rglLriMNBPAyuJOMGwi39,"Elton John, Dua Lipa, PNAU",Cold Heart - PNAU Remix,EMI,21,46,30,286183,CO,Colombia,Q2,2022
43,spotify:track:6ylDpki1VpIsc525KC1ojF,Sebastian Yatra,Tacones Rojos,UMLE - Latino,29,45,24,278017,CO,Colombia,Q2,2022
44,spotify:track:78QcVmzxS0wIwuC2rpAauI,"Rauw Alejandro, Mr. Naisgai",2/Catorce,Sony Music Latin/Duars Entertainment,5,44,52,277608,CO,Colombia,Q2,2022
45,spotify:track:4khWEpnaijN0G1x019Uzdr,Morat,No Se Va,Universal Music Spain S.L.,34,34,38,276616,CO,Colombia,Q2,2022
46,spotify:track:2ThSBT4fDS83BWu3iMjMRn,Blessd,Quien TV,WEA Latina,9,47,23,273076,CO,Colombia,Q2,2022
47,spotify:track:4HYDUMY0xSpeBr0AMY9cUz,"Jay Wheeler, DJ Nelson, Myke Towers",La Curiosidad,Linked Music / Dynamic Records / EMPIRE,2,49,95,271549,CO,Colombia,Q2,2022
48,spotify:track:5gflgO9EPbIBf16n5TKnQS,Zion & Lennox,Yo Voy (feat. Daddy Yankee),Baby Records Inc,48,55,6,266381,CO,Colombia,Q2,2022
49,spotify:track:0aZnyTWJNgdzYoOiaW8HKG,KAROL G,200 COPAS,UMLE - Latino,15,50,54,259314,CO,Colombia,Q2,2022
50,spotify:track:704LUEih663hiE3CnyUrFW,KAROL G,SEJODIOTO,UMLE - Latino,15,42,29,248589,CO,Colombia,Q2,2022
1,spotify:track:6Sq7ltF9Qa7SNFBsV5Cogx,"Bad Bunny, Chencho Corleone",Me Porto Bonito,Rimas Entertainment LLC,1,1,9,1791142,CO,Colombia,Q3,2022
2,spotify:track:3k3NWokhRRkEPhCzPmV8TW,"Bad Bunny, Bomba Estéreo",Ojitos Lindos,Rimas Entertainment LLC,1,2,9,1393560,CO,Colombia,Q3,2022
3,spotify:track:1IHWl5LamUGEuP4ozKQSXZ,Bad Bunny,Tití Me Preguntó,Rimas Entertainment LLC,3,3,9,1342574,CO,Colombia,Q3,2022
4,spotify:track:5Eax0qFko2dh7Rl2lYs3bx,Bad Bunny,Efecto,Rimas Entertainment LLC,4,4,9,1285268,CO,Colombia,Q3,2022
5,spotify:track:6Xom58OOXk2SoU711L2IXO,Bad Bunny,Moscow Mule,Rimas Entertainment LLC,2,5,9,1181446,CO,Colombia,Q3,2022
6,spotify:track:7dSZ6zGTQx66c2GF91xCrb,KAROL G,PROVENZA,BICHOTA RECORDS / INTERSCOPE RECORDS / UNIVERSAL MUSIC LATINO,1,6,11,1034990,CO,Colombia,Q3,2022
7,spotify:track:6ipzb1kHhWIxp1tS0vwqPl,Feid,Ferxxo 100,Universal Music Latino,7,7,5,1033044,CO,Colombia,Q3,2022
8,spotify:track:41oY4WCTj5kccfesTVFnvN,"Bad Bunny, JHAYCO",Tarot,Rimas Entertainment LLC,6,9,9,745832,CO,Colombia,Q3,2022
9,spotify:track:4tYFy8ALRjIZvnvSLw5lxN,"Bad Bunny, Rauw Alejandro",Party,Rimas Entertainment LLC,6,8,9,736749,CO,Colombia,Q3,2022
10,spotify:track:1JpzJfxjHGFUyTHXLZidok,"Ryan Castro, Feid",Monastery,UMLE - Latino,1,11,34,723086,CO,Colombia,Q3,2022
11,spotify:track:6lV9cTvioGWqRXSgfjAUGL,"Maluma, Feid",Mojando Asientos (feat. Feid),Sony Music Latin,9,10,15,676347,CO,Colombia,Q3,2022
12,spotify:track:1797zYiX4cKosMH836X9Gt,"Bad Bunny, Tony Dize",La Corriente,Rimas Entertainment LLC,12,12,9,638501,CO,Colombia,Q3,2022
13,spotify:track:5jt25aFjW2kNoBqaEVaz5W,"Mora, Feid",LA INOCENTE,Rimas Entertainment LLC,13,19,14,620998,CO,Colombia,Q3,2022
14,spotify:track:4srcMdbm2qzVG98tJajHxp,"Alejo, Feid, ROBI",Pantysito,UMLE - Latino,1,16,16,599475,CO,Colombia,Q3,2022
15,spotify:track:2rurDawMfoKP4uHyb2kJBt,"Shakira, Rauw Alejandro",Te Felicito,Sony Music Latin,11,13,11,598876,CO,Colombia,Q3,2022
16,spotify:track:6wtZPYBIXUvCpXwVjMCJBf,"Polimá Westcoast, Feid, Pailita, Paloma Mami, De La Ghetto",ULTRA SOLO REMIX,Sony Music Entertainment Chile S.A,14,14,3,580321,CO,Colombia,Q3,2022
17,spotify:track:5CzixCxDkRXX9mScCmah8O,Bad Bunny,Un Ratito,Rimas Entertainment LLC,8,15,9,576177,CO,Colombia,Q3,2022
18,spotify:track:2iLegn1UOmpNpQAxcQoGJW,"Blessd, Myke Towers, Ovy On The Drums",Tendencia Global,WEA Latina,3,17,16,574372,CO,Colombia,Q3,2022
19,spotify:track:0EFxJw34fK8DWlTxx9qYeW,Blessd,Instagram,WEA Latina,2,18,13,555270,CO,Colombia,Q3,2022
20,spotify:track:7FlQk2gJ6TBrHHiidvdR2O,"Becky G, KAROL G",MAMIII,Kemosabe Records/RCA Records/Sony Music Latin,1,22,21,544749,CO,Colombia,Q3,2022
21,spotify:track:44XjoNvtwevktFKjvVe1vH,"Bad Bunny, Buscabulla",Andrea,Rimas Entertainment LLC,18,21,9,539296,CO,Colombia,Q3,2022
22,spotify:track:6lX6l7OuA3qrnIRfdsr0dw,"Blessd, Justin Quiles, Lenny Tavárez",Medallo,WEA Latina,1,20,37,538518,CO,Colombia,Q3,2022
23,spotify:track:6mmPpaltUZK7xjNlBPQQ0p,"Rauw Alejandro, Chencho Corleone",Desesperados,Sony Music Latin/Duars Entertainment,3,25,30,522945,CO,Colombia,Q3,2022
24,spotify:track:1O2pcBJGej0pmH2Y9XZMs6,Cris MJ,Una Noche en Medellín,Sonar LLC.,9,26,20,517227,CO,Colombia,Q3,2022
25,spotify:track:1dm6z1fWB0cErMszU25dy2,Bad Bunny,Después de la Playa,Rimas Entertainment LLC,7,24,9,509609,CO,Colombia,Q3,2022
26,spotify:track:7INDea2qgB7TlUgpux3hsg,Feid,Castigo,UMLE - Latino,18,23,8,496601,CO,Colombia,Q3,2022
27,spotify:track:4gzsuuZypVbxs0Af1LSZyB,"Tainy, Bad Bunny, Julieta Venegas",Lo Siento BB:/ (with Bad Bunny & Julieta Venegas),Neon16,1,35,40,492552,CO,Colombia,Q3,2022
28,spotify:track:28GCbKgjlVD9eDmasGbe0T,Bad Bunny,Me Fui de Vacaciones,Rimas Entertainment LLC,10,28,9,492084,CO,Colombia,Q3,2022
29,spotify:track:6VrQTLzzuyGIYjUDe4kAZk,Bad Bunny,Un Coco,Rimas Entertainment LLC,16,29,9,488382,CO,Colombia,Q3,2022
30,spotify:track:2uflssWlCaJ6CbTMOsUpNI,Bad Bunny,Aguacero,Rimas Entertainment LLC,19,27,9,470150,CO,Colombia,Q3,2022
31,spotify:track:31i56LZnwE6uSu3exoHjtB,Bad Bunny,Neverita,Rimas Entertainment LLC,16,33,9,464581,CO,Colombia,Q3,2022
32,spotify:track:4Dvkj6JhhA12EX05fT7y2e,Harry Styles,As It Was,Columbia,12,30,14,450162,CO,Colombia,Q3,2022
33,spotify:track:6DoL1yYIwEW7VZMRaJhoJI,"Chris Jedi, Anuel AA, Chencho Corleone, Ñengo Flow",La Llevo Al Cielo (Ft. Ñengo Flow),UMLE - Latino,33,40,7,441021,CO,Colombia,Q3,2022
34,spotify:track:5kVZxyMY1gfdCLiChsfjn1,Bad Bunny,Yo No Soy Celoso,Rimas Entertainment LLC,11,31,9,439623,CO,Colombia,Q3,2022
35,spotify:track:6y8z28epOv5FlaxDv1Lo5B,Ryan Castro,Jordan,Holdings,3,34,61,438157,CO,Colombia,Q3,2022
36,spotify:track:58h5RuCMWCkstuXckWuRpp,"Blessd, Ryan Castro",Quien TV Remix,WEA Latina,6,32,23,436441,CO,Colombia,Q3,2022
37,spotify:track:2JPLbjOn0wPCngEot2STUS,Bad Bunny,Yonaguni,Rimas Entertainment LLC,1,38,57,406625,CO,Colombia,Q3,2022
38,spotify:track:4d4ZXH4dr5bYfgErHiZCX2,Bad Bunny,Dos Mil 16,Rimas Entertainment LLC,13,37,9,401834,CO,Colombia,Q3,2022
39,spotify:track:48AJSd42lXpicsGqcgopof,"Daddy Yankee, Bad Bunny",X ÚLTIMA VEZ,Republic Records,10,36,15,394635,CO,Colombia,Q3,2022
40,spotify:track:4r9jkMEnArtWGH2rL2FZl0,Bad Bunny,A Tu Merced,Rimas Entertainment LLC,18,46,123,386473,CO,Colombia,Q3,2022
41,spotify:track:17jcYtUYRhpPL19fDedfTD,Ryan Castro,Wasa Wasa,Holdings,3,39,48,385101,CO,Colombia,Q3,2022
42,spotify:track:1SCYfmGM5ueb6YiiQbLXVn,Feid,SI TÚ SUPIERAS - Bonus Track,Universal Music Latino,1,41,46,367183,CO,Colombia,Q3,2022
43,spotify:track:0HINQFSerZ6iMfSsaTO3G5,DEKKO,12x3,Interscope Records,10,42,27,365420,CO,Colombia,Q3,2022
44,spotify:track:18HOjcvTVV7W8YzBuOsAPS,Bad Bunny,Un Verano Sin Ti,Rimas Entertainment LLC,14,43,9,364967,CO,Colombia,Q3,2022
45,spotify:track:0E0DRHf5PfMeor0ZCwB3oT,"Bad Bunny, The Marías",Otro Atardecer,Rimas Entertainment LLC,20,44,9,360638,CO,Colombia,Q3,2022
46,spotify:track:0nDGgXV5oI8TdAmWjUx65l,"J Balvin, Ryan Castro",Nivel De Perreo,"Sueños Globales, LLC",46,-1,1,353226,CO,Colombia,Q3,2022
47,spotify:track:0bI5WRiDfU5BY38ufOJtGu,"Maluma, Chencho Corleone",Nos Comemos Vivos,Sony Music Latin,47,50,4,350112,CO,Colombia,Q3,2022
48,spotify:track:71wFwRo8xGc4lrcyKwsvba,"Bad Bunny, Tainy",Callaita,Rimas Entertainment LLC,1,48,162,339869,CO,Colombia,Q3,2022
49,spotify:track:75FEaRjZTKLhTrFGsfMUXR,Kate Bush,Running Up That Hill (A Deal With God),Fish People,49,71,6,327693,CO,Colombia,Q3,2022
50,spotify:track:1JXcB149QtbcIpDUA6YZOB,Grupo Niche,Algo Que Se Quede,Grupo Niche,30,49,44,321117,CO,Colombia,Q3,2022
1,spotify:track:2CeKVsFFXG4QzA415QygGb,Feid,Feliz Cumpleaños Ferxxo,UMLE - Latino,1,1,8,1544616,CO,Colombia,Q4,2022
2,spotify:track:5ww2BF9slyYgNOk37BlC4u,Manuel Turizo,La Bachata,Sony Music Latin/La Industria,2,2,19,1317709,CO,Colombia,Q4,2022
3,spotify:track:3PpWCS95gDUDRPko3u1MZ9,Feid,Prohibidox,UMLE - Latino,2,4,5,1191220,CO,Colombia,Q4,2022
4,spotify:track:2tTmW7RDtMQtBk7m2rYeSw,"Bizarrap, Quevedo","Quevedo: Bzrp Music Sessions, Vol. 52/66",DALE PLAY Records,1,3,15,1173624,CO,Colombia,Q4,2022
5,spotify:track:0T2pB7P1VdXPhLdQZ488uH,Feid,Normal,UMLE - Latino,1,5,14,1135387,CO,Colombia,Q4,2022
6,spotify:track:6Sq7ltF9Qa7SNFBsV5Cogx,"Bad Bunny, Chencho Corleone",Me Porto Bonito,Rimas Entertainment LLC,1,6,23,1097461,CO,Colombia,Q4,2022
7,spotify:track:5Eax0qFko2dh7Rl2lYs3bx,Bad Bunny,Efecto,Rimas Entertainment LLC,3,7,23,987541,CO,Colombia,Q4,2022
8,spotify:track:1sbNEFiURUYfy024cJX8JG,Feid,Ferxxo 100,UMLE - Latino,4,8,19,949595,CO,Colombia,Q4,2022
9,spotify:track:5jt25aFjW2kNoBqaEVaz5W,"Mora, Feid",LA INOCENTE,Rimas Entertainment LLC,9,11,28,874057,CO,Colombia,Q4,2022
10,spotify:track:3k3NWokhRRkEPhCzPmV8TW,"Bad Bunny, Bomba Estéreo",Ojitos Lindos,Rimas Entertainment LLC,1,10,23,855328,CO,Colombia,Q4,2022
11,spotify:track:1ga4PztXOIw1yBbdUt2X8v,"KAROL G, Maldy",GATÚBELA,BICHOTA RECORDS / INTERSCOPE RECORDS / UNIVERSAL MUSIC LATINO,6,9,7,846546,CO,Colombia,Q4,2022
12,spotify:track:1IHWl5LamUGEuP4ozKQSXZ,Bad Bunny,Tití Me Preguntó,Rimas Entertainment LLC,3,12,23,802517,CO,Colombia,Q4,2022
13,spotify:track:7dSZ6zGTQx66c2GF91xCrb,KAROL G,PROVENZA,BICHOTA RECORDS / INTERSCOPE RECORDS / UNIVERSAL MUSIC LATINO,1,13,25,754313,CO,Colombia,Q4,2022
14,spotify:track:1zsPaEkglFvxjAhrM8yhpr,"Ozuna, Feid",Hey Mor,Aura Music Corp.,14,-1,1,699757,CO,Colombia,Q4,2022
15,spotify:track:2vsoD8S1OyrWSVIA43hjaU,Feid,Si Te La Encuentras Por Ahí,UMLE - Latino,5,14,10,691511,CO,Colombia,Q4,2022
16,spotify:track:6Xom58OOXk2SoU711L2IXO,Bad Bunny,Moscow Mule,Rimas Entertainment LLC,2,15,23,683651,CO,Colombia,Q4,2022
17,spotify:track:31i56LZnwE6uSu3exoHjtB,Bad Bunny,Neverita,Rimas Entertainment LLC,16,16,23,570617,CO,Colombia,Q4,2022
18,spotify:track:1JpzJfxjHGFUyTHXLZidok,"Ryan Castro, Feid",Monastery,UMLE - Latino,1,18,48,543979,CO,Colombia,Q4,2022
19,spotify:track:18pWcEUcUJpBFs7eNBsBht,Feid,Castigo,UMLE - Latino,15,17,22,541554,CO,Colombia,Q4,2022
20,spotify:track:6lV9cTvioGWqRXSgfjAUGL,"Maluma, Feid",Mojando Asientos (feat. Feid),Sony Music Latin,9,19,29,538993,CO,Colombia,Q4,2022
21,spotify:track:79HZAZNnOE97rb2hnI0XQr,"Rauw Alejandro, Lyanno, Brray",LOKERA,Sony Music Latin/Duars Entertainment,21,25,11,511651,CO,Colombia,Q4,2022
22,spotify:track:6wtZPYBIXUvCpXwVjMCJBf,"Polimá Westcoast, Feid, Pailita, Paloma Mami, De La Ghetto",ULTRA SOLO REMIX,Sony Music Entertainment Chile S.A,14,21,17,506104,CO,Colombia,Q4,2022
23,spotify:track:0S4w5ZBEbxYxiygvz9wWdK,Feid,Belixe,UMLE - Latino,20,20,5,492787,CO,Colombia,Q4,2022
24,spotify:track:53tfEupEzQRtVFOeZvk7xq,ROSALÍA,DESPECHÁ,Columbia,17,26,11,485039,CO,Colombia,Q4,2022
25,spotify:track:1797zYiX4cKosMH836X9Gt,"Bad Bunny, Tony Dize",La Corriente,Rimas Entertainment LLC,12,24,23,480103,CO,Colombia,Q4,2022
26,spotify:track:6i1g5ZRmJZAkDwBaUZ3f2i,Luar La L,Caile,Rimas Entertainment LLC.,16,30,10,474498,CO,Colombia,Q4,2022
27,spotify:track:30Xh83fw03PZ2Wfm36H4EZ,Feid,Lady Mi Amor,UMLE - Latino,13,22,5,472707,CO,Colombia,Q4,2022
28,spotify:track:4srcMdbm2qzVG98tJajHxp,"Alejo, Feid, ROBI",Pantysito,UMLE - Latino,1,23,30,468822,CO,Colombia,Q4,2022
29,spotify:track:3fjN3y5x4hN53rykAN2LHQ,Rels B,cómo dormiste?,DALE PLAY Records / Flakk Team,17,27,10,446855,CO,Colombia,Q4,2022
30,spotify:track:41oY4WCTj5kccfesTVFnvN,"Bad Bunny, JHAYCO",Tarot,Rimas Entertainment LLC,6,28,23,445031,CO,Colombia,Q4,2022
31,spotify:track:0fea68AdmYNygeTGI4RC18,"J Balvin, Bad Bunny",LA CANCIÓN,Universal Music Latino / Rimas,2,29,172,438376,CO,Colombia,Q4,2022
32,spotify:track:5Zf8ytWP3Q6LWoTPl4SGHO,"Feid, Totoy El Frio",De Tanto Chimbiar,UME - Global Clearing House,15,31,6,415860,CO,Colombia,Q4,2022
33,spotify:track:0EFxJw34fK8DWlTxx9qYeW,Blessd,Instagram,WEA Latina,2,36,27,412173,CO,Colombia,Q4,2022
34,spotify:track:6mmPpaltUZK7xjNlBPQQ0p,"Rauw Alejandro, Chencho Corleone",Desesperados,Sony Music Latin/Duars Entertainment,3,37,44,397371,CO,Colombia,Q4,2022
35,spotify:track:6DoL1yYIwEW7VZMRaJhoJI,"Chris Jedi, Anuel AA, Chencho Corleone, Ñengo Flow",La Llevo Al Cielo (Ft. Ñengo Flow),UMLE - Latino,18,33,21,392397,CO,Colombia,Q4,2022
36,spotify:track:2iLegn1UOmpNpQAxcQoGJW,"Blessd, Myke Towers, Ovy On The Drums",Tendencia Global,WEA Latina,3,34,30,379708,CO,Colombia,Q4,2022
37,spotify:track:5YJ4BVvTFmVCxUyhKejHfR,Tego Calderón,Pa' Que Retozen,"Jiggiri Records, Inc.",37,44,97,374520,CO,Colombia,Q4,2022
38,spotify:track:7FlQk2gJ6TBrHHiidvdR2O,"Becky G, KAROL G",MAMIII,Kemosabe Records/RCA Records/Sony Music Latin,1,38,35,373915,CO,Colombia,Q4,2022
39,spotify:track:3ss6y0Id5Iwk2L5MIZp4xF,"Feid, Sky Rompiendo",Quemando Calorías,UMLE - Latino,18,32,5,372551,CO,Colombia,Q4,2022
40,spotify:track:6lX6l7OuA3qrnIRfdsr0dw,"Blessd, Justin Quiles, Lenny Tavárez",Medallo,WEA Latina,1,39,51,370637,CO,Colombia,Q4,2022
41,spotify:track:2rurDawMfoKP4uHyb2kJBt,"Shakira, Rauw Alejandro",Te Felicito,Sony Music Latin,11,40,25,369260,CO,Colombia,Q4,2022
42,spotify:track:6JUMswocQ7Hp46kj9kyljT,"Feid, Yandel",XQ Te Pones Así,UMLE - Latino,21,35,5,365480,CO,Colombia,Q4,2022
43,spotify:track:4Dvkj6JhhA12EX05fT7y2e,Harry Styles,As It Was,Columbia,12,41,28,365389,CO,Colombia,Q4,2022
44,spotify:track:6y8z28epOv5FlaxDv1Lo5B,Ryan Castro,Jordan,Holdings,3,43,75,351797,CO,Colombia,Q4,2022
45,spotify:track:62jJgYMqkNuVlOiyscQo15,"El Bird, JQ ""The #1 Contender"", Pacho y Cirilo, Polaco, Gastam, Prynce, Klaze & Eztylo",Quiero Fumar - Remix,El Bird,45,120,2,333061,CO,Colombia,Q4,2022
46,spotify:track:4tYFy8ALRjIZvnvSLw5lxN,"Bad Bunny, Rauw Alejandro",Party,Rimas Entertainment LLC,6,45,23,332367,CO,Colombia,Q4,2022
47,spotify:track:2dWGQ975YrNma4SdfmJRDg,Feid,Aguante,UMLE - Latino,23,42,5,325132,CO,Colombia,Q4,2022
48,spotify:track:48AJSd42lXpicsGqcgopof,"Daddy Yankee, Bad Bunny",X ÚLTIMA VEZ,Republic Records,10,47,29,321617,CO,Colombia,Q4,2022
49,spotify:track:1JXcB149QtbcIpDUA6YZOB,Grupo Niche,Algo Que Se Quede,Grupo Niche,30,52,58,321109,CO,Colombia,Q4,2022
50,spotify:track:1O2pcBJGej0pmH2Y9XZMs6,Cris MJ,Una Noche en Medellín,Sonar LLC.,9,49,34,320764,CO,Colombia,Q4,2022
1,spotify:track:0Dfyjnusld4dFOUl91gf0z,"Gzuz, Bonez MC",Wenn ich will,187 Strassenbande & Vertigo/Capitol,1,-1,1,3136198,DE,Germany,Q1,2022
2,spotify:track:4fouWK6XVHhzl78KzQ1UjL,GAYLE,abcdefu,Atlantic/Arthouse Records,2,3,9,2542589,DE,Germany,Q1,2022
3,spotify:track:5aoj3AXkJ7K2h5r8mmD6FS,"Pajel, Luciano, Headie One",10von10 - Remix,Epic/DOPE,1,1,2,2253655,DE,Germany,Q1,2022
4,spotify:track:20on25jryn53hWghthWWW3,"ACRAZE, Cherish",Do It To It,Thrive Music,2,2,13,2194210,DE,Germany,Q1,2022
5,spotify:track:2xFMvrqk99biaLQavjufta,Sido,Mit Dir,Urban,3,6,8,2158632,DE,Germany,Q1,2022
6,spotify:track:02MWAaffLxlfxAUY7c5dvx,Glass Animals,Heat Waves,Polydor Records,1,5,54,2102170,DE,Germany,Q1,2022
7,spotify:track:0BtIXZTbb0cczvMEvZILDJ,"Selmon, Bausa",Molly (feat. Bausa),diggiduwaist,7,-1,1,1911330,DE,Germany,Q1,2022
8,spotify:track:1r9xUipOqoNwggBpENDsvJ,"Imagine Dragons, JID, Arcane, League of Legends",Enemy (with JID) - from the series Arcane League of Legends,KIDinaKORNER/Interscope Records,8,13,11,1826110,DE,Germany,Q1,2022
9,spotify:track:50nfwKoDiSYg8zOCREWAm5,Ed Sheeran,Shivers,Atlantic Records UK,2,10,18,1776370,DE,Germany,Q1,2022
10,spotify:track:3uUuGVFu1V7jTQL60S1r8z,"Lost Frequencies, Calum Scott",Where Are You Now,Epic Amsterdam,4,11,24,1775133,DE,Germany,Q1,2022
11,spotify:track:0pA0BVXTONNqSldC9FdiaU,"Ufo361, Pashanim",allein allein,ADS THC,3,4,3,1751649,DE,Germany,Q1,2022
12,spotify:track:7rglLriMNBPAyuJOMGwi39,"Elton John, Dua Lipa, PNAU",Cold Heart - PNAU Remix,EMI,8,8,22,1724510,DE,Germany,Q1,2022
13,spotify:track:2FQRZLR31e3423Nmrgv0Pv,"KUMMER, Fred Rabe",DER LETZTE SONG (ALLES WIRD GUT) (feat. Fred Rabe),Eklat Tonträger,2,14,9,1663858,DE,Germany,Q1,2022
14,spotify:track:2B4GHvToeLTOBB4QLzW3Ni,Farruko,Pepas,Sony Music Latin,9,9,22,1644668,DE,Germany,Q1,2022
15,spotify:track:5PjdY0CKGZdEuoNab3yDmX,"The Kid LAROI, Justin Bieber",STAY (with Justin Bieber),Columbia,1,12,27,1506151,DE,Germany,Q1,2022
16,spotify:track:18asYwWugKjjsihZ0YvRxO,"Tiësto, Ava Max",The Motto,Atlantic Records,15,15,10,1487825,DE,Germany,Q1,2022
17,spotify:track:1SOClUWhOi8vHZYMz3GluK,Jaymes Young,Infinity,Atlantic Records,17,21,15,1444167,DE,Germany,Q1,2022
18,spotify:track:0iW7kcRCbGZrgHeCENon1x,reezy,LOYALTY OVER LOVE,Four Music/Two Sides,18,-1,1,1428617,DE,Germany,Q1,2022
19,spotify:track:0hYFc3HSZHDaDzquLVRwBH,"JNR CHOI, Sam Tompkins",TO THE MOON,Jnr Choi/Epic,19,29,3,1428241,DE,Germany,Q1,2022
20,spotify:track:0RSZ8EmUPEN3ySfCgytPke,Montez,Auf & Ab,Vertigo Berlin,1,19,24,1394819,DE,Germany,Q1,2022
21,spotify:track:11sK6e6vCnbIznpH3NfIFA,Alligatoah,Nachbeben,Trailerpark,21,-1,1,1350712,DE,Germany,Q1,2022
22,spotify:track:6I36pBjiMiLQLF4cRMdtZ0,"Samra, Lune",Pourquoi,Cataleya Edition,7,7,2,1329214,DE,Germany,Q1,2022
23,spotify:track:1S4Ehm8b7O4n9lIy3uAMS1,Gzuz,Späti,187 Strassenbande,2,24,13,1320614,DE,Germany,Q1,2022
24,spotify:track:5aYQ6eeE2qIDI4Nkp3P4DP,ART,Rubinroter Wein,23HOURS,16,16,4,1317722,DE,Germany,Q1,2022
25,spotify:track:6fuO9uk9wbjCHvQJqk2Qpx,"Pashanim, skrilla",paris freestyle - skrilla remix,Urban,1,20,12,1294115,DE,Germany,Q1,2022
26,spotify:track:5Z9KJZvQzH6PFmb8SNkxuk,"Lil Nas X, Jack Harlow",INDUSTRY BABY (feat. Jack Harlow),Columbia,8,18,25,1260346,DE,Germany,Q1,2022
27,spotify:track:46IZ0fSY2mpAiktS3KOqds,Adele,Easy On Me,Columbia,1,22,13,1219005,DE,Germany,Q1,2022
28,spotify:track:1nH2PkJL1XoUq8oE6tBZoU,The Weeknd,Sacrifice,XO / Republic Records,28,-1,1,1136530,DE,Germany,Q1,2022
29,spotify:track:3rmo8F54jFF8OgYsqTxm5d,Ed Sheeran,Bad Habits,Atlantic Records UK,3,17,29,1127821,DE,Germany,Q1,2022
30,spotify:track:3eJH2nAjvNXdmPfBkALiPZ,Jason Derulo,Acapulco,Atlantic Records,24,25,19,1116007,DE,Germany,Q1,2022
31,spotify:track:6VcBDMF2ykm5HDcJMVLRZW,"Glockenbach, ClockClock",Brooklyn,WEFOR,31,37,4,1017211,DE,Germany,Q1,2022
32,spotify:track:2Oi1IJ6JEUX1aya9VUAA1Z,"RAF Camora, Bonez MC",Blaues Licht,Indipendenza,1,30,25,1013267,DE,Germany,Q1,2022
33,spotify:track:2ez3Jmw9dFAJEGX1naEqBg,Jazeek,Blunt für dich,Good Kid Records & VENTURA Records,27,27,4,1006450,DE,Germany,Q1,2022
34,spotify:track:1CeqWLMh3P8Gf6zLlZRzPX,"Kurdo, CAPO",Awimbawe (feat. CAPO),URBAN,34,-1,1,1004850,DE,Germany,Q1,2022
35,spotify:track:531n3dMqe9gewmw1n18iXl,Kollegah,Bossmode,ALPHA MUSIC / igroovemusic.com,35,-1,1,995635,DE,Germany,Q1,2022
36,spotify:track:0e8nrvls4Qqv5Rfa2UhqmO,Lil Nas X,THATS WHAT I WANT,Columbia,18,39,17,994114,DE,Germany,Q1,2022
37,spotify:track:5S9Zs5g9lTWnLIboN1pdlU,Lauren Spencer Smith,Fingers Crossed,"Three Name Productions, Inc./ Island Records & Republic Records",37,-1,1,969685,DE,Germany,Q1,2022
38,spotify:track:1h3d2lvISrSIV6fS89U51S,ART,Belgisches Viertel,23HOURS,10,41,20,951044,DE,Germany,Q1,2022
39,spotify:track:3N0KdzIP3kDCm4SPSIl7CT,"Kool Savas, Alies",King,Sony Music/Essah Media GmbH,39,71,4,947610,DE,Germany,Q1,2022
40,spotify:track:2H7jZg2HliuQhZjfBblLrZ,Pashanim,Sommergewitter,Urban,1,35,29,944679,DE,Germany,Q1,2022
41,spotify:track:2gQPv5jvVPqU2a9HhMNO1v,BoyWithUke,Toxic,Republic Records,17,38,13,917127,DE,Germany,Q1,2022
42,spotify:track:7AVyve7cFYTd51ha5i9kE2,"Luude, Colin Hay",Down Under (feat. Colin Hay),Sweat It Out,42,189,2,912029,DE,Germany,Q1,2022
43,spotify:track:1sa59Q9urE82MD3ELi44HN,Pajel,10von10,Epic/DOPE,1,31,22,910712,DE,Germany,Q1,2022
44,spotify:track:2KnLkZ3z7PO3kgVGHGqDpD,Shawn Mendes,It'll Be Okay,Shawn Mendes LP4-5 PS/ Island,42,42,6,903737,DE,Germany,Q1,2022
45,spotify:track:46HNZY1i7O6jwTA7Slo2PI,"Coldplay, BTS",My Universe,Parlophone UK,40,40,16,878948,DE,Germany,Q1,2022
46,spotify:track:01I8aPBUJIMzCtHsCVvmq5,Luciano,SUVs,URBAN,6,43,6,853685,DE,Germany,Q1,2022
47,spotify:track:4ZtFanR9U6ndgddUvNcjcG,Olivia Rodrigo,good 4 u,Olivia Rodrigo PS,1,33,35,841791,DE,Germany,Q1,2022
48,spotify:track:6OufwUcCqo81guU2jAlDVP,Shouse,Love Tonight (Edit),Hell Beach,7,26,31,836850,DE,Germany,Q1,2022
49,spotify:track:1F80MEkZA9yTlpMQp9dhht,"Tinlicker, Helsloot",Because You Move Me,Armada Electronic Elements,12,44,30,829742,DE,Germany,Q1,2022
50,spotify:track:0lQ2obtzmAsJu9xk3D6FqH,"Pascal Letoublon, Leony",Friendships (Lost My Love),Intercord,34,34,19,806609,DE,Germany,Q1,2022
1,spotify:track:1W1N3usYjgI3XGQA0iX9Vq,"Miksu / Macloud, t-low",Sehnsucht,Futura,1,1,5,2912082,DE,Germany,Q2,2022
2,spotify:track:4LRPiXqCikLlN15c3yImP7,Harry Styles,As It Was,Columbia,2,-1,1,2902329,DE,Germany,Q2,2022
3,spotify:track:0h14I7cPYi1RZG6GmVpMso,CIVO,Weg von mir,Good Kid Records & VENTURA Records,1,2,10,2143974,DE,Germany,Q2,2022
4,spotify:track:02MWAaffLxlfxAUY7c5dvx,Glass Animals,Heat Waves,Polydor Records,1,3,66,1913220,DE,Germany,Q2,2022
5,spotify:track:1HvTxgCj0mTzQlEo0zLvFb,Lil Tjay,In My Head,Columbia,5,-1,1,1559724,DE,Germany,Q2,2022
6,spotify:track:2xSIcmvFQHs2CeS34Mgp62,Leony,Remedy,Kontor Records,5,5,9,1488241,DE,Germany,Q2,2022
7,spotify:track:6kwTAVrensYnx7JqejwgeG,Kraftklub,Ein Song reicht,Vertigo Berlin,7,-1,1,1487563,DE,Germany,Q2,2022
8,spotify:track:1IPehjfuM8MXe6GIoen6Nl,Dardan,PARIS,Hypnotize Entertainment,8,-1,1,1399357,DE,Germany,Q2,2022
9,spotify:track:3uUuGVFu1V7jTQL60S1r8z,"Lost Frequencies, Calum Scott",Where Are You Now,Epic Amsterdam,4,6,36,1385231,DE,Germany,Q2,2022
10,spotify:track:7ueVeEUspC7Q9guZgiRb59,"Gzuz, Veysel, The Cratez",Riesenjoints,GOLD LEAGUE/RBK,10,-1,1,1361847,DE,Germany,Q2,2022
11,spotify:track:1HhNoOuqm1a5MXYEgAFl8o,"Imagine Dragons, JID, Arcane, League of Legends",Enemy (with JID) - from the series Arcane League of Legends,Kid Ina Korner / Interscope,4,10,23,1355551,DE,Germany,Q2,2022
12,spotify:track:3Oww84xrmgjyr5J1ilOmAf,"Luude, Colin Hay",Down Under (feat. Colin Hay),Sweat It Out,3,7,14,1330216,DE,Germany,Q2,2022
13,spotify:track:6ggAvP0nLXpBKPeHAiM49t,"O.G., Nimo",Baradar (feat. Nimo),Epic/DOPE,13,-1,1,1323738,DE,Germany,Q2,2022
14,spotify:track:4fouWK6XVHhzl78KzQ1UjL,GAYLE,abcdefu,Atlantic/Arthouse Records,1,9,21,1315118,DE,Germany,Q2,2022
15,spotify:track:7jtQIBanIiJOMS6RyCx6jZ,Tom Odell,Another Love,ITNO/Columbia,15,24,57,1269603,DE,Germany,Q2,2022
16,spotify:track:58HvfVOeJY7lUuCqF0m3ly,Elley Duhé,MIDDLE OF THE NIGHT,Not Fit For Society/RCA Records,16,17,20,1256994,DE,Germany,Q2,2022
17,spotify:track:18asYwWugKjjsihZ0YvRxO,"Tiësto, Ava Max",The Motto,Atlantic Records,11,11,22,1254820,DE,Germany,Q2,2022
18,spotify:track:2B4GHvToeLTOBB4QLzW3Ni,Farruko,Pepas,Sony Music Latin,9,12,34,1225427,DE,Germany,Q2,2022
19,spotify:track:1SOClUWhOi8vHZYMz3GluK,Jaymes Young,Infinity,Atlantic Records,11,13,27,1203543,DE,Germany,Q2,2022
20,spotify:track:3uBsCp12X74MIcqTItpz3i,"NGEE, Kolja Goldstein",VON DA WO ICH KOMME,Bra Musik,20,-1,1,1156306,DE,Germany,Q2,2022
21,spotify:track:4RHDWNlp4yrk54rQATSiQK,"Chapo102, 102 Boyz",MISSED CALLS,JINX,8,8,2,1152293,DE,Germany,Q2,2022
22,spotify:track:5Th2Rs48Gz3iqfcGMXG5PC,1986zig,Kopf aus,Good Kid Records & Polydor x Island Records,1,15,10,1122805,DE,Germany,Q2,2022
23,spotify:track:7rglLriMNBPAyuJOMGwi39,"Elton John, Dua Lipa, PNAU",Cold Heart - PNAU Remix,EMI,8,16,34,1107710,DE,Germany,Q2,2022
24,spotify:track:5PjdY0CKGZdEuoNab3yDmX,"The Kid LAROI, Justin Bieber",STAY (with Justin Bieber),Columbia,1,22,39,1098119,DE,Germany,Q2,2022
25,spotify:track:0PoorhuDSZ7hgvFT7C6fgf,"01099, CRO",Glücklich,Bamboo Artists,4,4,2,1095825,DE,Germany,Q2,2022
26,spotify:track:20on25jryn53hWghthWWW3,"ACRAZE, Cherish",Do It To It,Thrive Music,2,19,25,1081497,DE,Germany,Q2,2022
27,spotify:track:3CQhud304mI5VmW6EjoTDg,"SDP, Montez",Wie viele Lieder muss ich noch schreiben?,Nur Musik Ist Schöner,5,28,6,1061294,DE,Germany,Q2,2022
28,spotify:track:50nfwKoDiSYg8zOCREWAm5,Ed Sheeran,Shivers,Atlantic Records UK,2,21,30,1054295,DE,Germany,Q2,2022
29,spotify:track:0e8nrvls4Qqv5Rfa2UhqmO,Lil Nas X,THATS WHAT I WANT,Columbia,10,26,29,1033461,DE,Germany,Q2,2022
30,spotify:track:7EtfwHVS8FcciOBU1VnT8G,"FOURTY, Mathea",WENN DU MICH VERMISST,Life Is Pain,6,18,8,1018793,DE,Germany,Q2,2022
31,spotify:track:7z5G2LOdV8okZn4yWg3q5g,"A1 x J1, Tion Wayne",Night Away (Dance) (feat. Tion Wayne),EMI,31,36,5,1005651,DE,Germany,Q2,2022
32,spotify:track:0U1W2LZVUX7qTm7dDpqxh6,Shawn Mendes,When You're Gone,Shawn Mendes LP4-5 PS/ Island,32,-1,1,993092,DE,Germany,Q2,2022
33,spotify:track:2Oi1IJ6JEUX1aya9VUAA1Z,"RAF Camora, Bonez MC",Blaues Licht,Indipendenza,1,43,37,969172,DE,Germany,Q2,2022
34,spotify:track:3iCckMWZpbgQCsZLBjHv3t,twenty4tim,Bling Bling,biddz records,34,-1,1,967037,DE,Germany,Q2,2022
35,spotify:track:75UUG6x5zQe0gCVOiQpa6X,"Purple Disco Machine, Sophie and the Giants",In The Dark,Positiva,33,33,6,953682,DE,Germany,Q2,2022
36,spotify:track:0RSZ8EmUPEN3ySfCgytPke,Montez,Auf & Ab,Vertigo Berlin,1,38,36,949117,DE,Germany,Q2,2022
37,spotify:track:77xNGtwVQMDfwOrVcazmGp,Silva,Jumper,Urban,37,75,2,931522,DE,Germany,Q2,2022
38,spotify:track:4FXX4P3dxc1JMBx5wVRJ5N,"Tream, treamiboii, HBz",LEBENSLANG - HBz Remix,HBzMusic,38,48,7,931503,DE,Germany,Q2,2022
39,spotify:track:0QBzMgT7NIeoCYy3sJCof1,"Camila Cabello, Ed Sheeran",Bam Bam (feat. Ed Sheeran),Epic,32,34,5,927195,DE,Germany,Q2,2022
40,spotify:track:5Z9KJZvQzH6PFmb8SNkxuk,"Lil Nas X, Jack Harlow",INDUSTRY BABY (feat. Jack Harlow),Columbia,8,40,37,925993,DE,Germany,Q2,2022
41,spotify:track:2xFMvrqk99biaLQavjufta,Sido,Mit Dir,Urban,3,30,20,918183,DE,Germany,Q2,2022
42,spotify:track:3uwnnTQcHM1rDqSfA4gQNz,Demi Lovato,Cool for the Summer,Hollywood Records,27,27,3,917499,DE,Germany,Q2,2022
43,spotify:track:1T5leQGZnrZgJMKcrzaG0I,Montez,Niemals ohne Dich,Vertigo Berlin,43,-1,1,916637,DE,Germany,Q2,2022
44,spotify:track:2hBkoDhuGk2AtSCprEFDFP,"Ray Dalton, Alvaro Soler",Manila,Epic Local,28,31,10,907741,DE,Germany,Q2,2022
45,spotify:track:5DqvoUR0STVl6qmXGTpYtK,"AYLIVA, Milano",Bleib,Whiteheart Records/WM Germany,25,25,2,898537,DE,Germany,Q2,2022
46,spotify:track:59CfNbkERJ3NoTXDvoURjj,Dove Cameron,Boyfriend,Disruptor Records/Columbia,23,41,8,871420,DE,Germany,Q2,2022
47,spotify:track:2D1hGSFBSTcKccY1FI3blA,"IAM, Luciano",DUNYA (feat. Luciano),Suburban,47,-1,1,866616,DE,Germany,Q2,2022
48,spotify:track:3eJH2nAjvNXdmPfBkALiPZ,Jason Derulo,Acapulco,Atlantic Records,24,37,31,856928,DE,Germany,Q2,2022
49,spotify:track:6VcBDMF2ykm5HDcJMVLRZW,"Glockenbach, ClockClock",Brooklyn,WEFOR,28,42,16,824317,DE,Germany,Q2,2022
50,spotify:track:6GomT970rCOkKAyyrwJeZi,"Öwnboss, Sevek",Move Your Body,Musical Freedom,50,54,8,814166,DE,Germany,Q2,2022
1,spotify:track:3ujiq7yK4Uan5z4876fHLK,"DJ Robin, Schürze",Layla,Polydor x Island Records & Kontor New Media & Summerfield Records,1,1,9,4918272,DE,Germany,Q3,2022
2,spotify:track:2q7jpVfCtcuRwcur9nQeuC,"Liaze, equal",PARADISE (MIT DIR),Ventura Records,2,3,6,3744556,DE,Germany,Q3,2022
3,spotify:track:2XRn6Qu0Wd1KvOND8JbaTx,Luciano,Beautiful Girl,URBAN,1,2,10,3614167,DE,Germany,Q3,2022
4,spotify:track:75FEaRjZTKLhTrFGsfMUXR,Kate Bush,Running Up That Hill (A Deal With God),Fish People,3,5,6,2689036,DE,Germany,Q3,2022
5,spotify:track:35DkXhxqTMiQB582tfjowU,"BHZ, SIRA, Ion Miles",Powerade,BHZ,2,4,11,2541816,DE,Germany,Q3,2022
6,spotify:track:1W1N3usYjgI3XGQA0iX9Vq,"Miksu / Macloud, t-low",Sehnsucht,Futura,1,7,18,2285398,DE,Germany,Q3,2022
7,spotify:track:3JXdzlvJJrKlmfBfoCLsOo,"t-low, Miksu / Macloud",We Made It,t-low,1,9,11,2258461,DE,Germany,Q3,2022
8,spotify:track:3a0F2N6rXJSibQTp77xH4f,Domiziana,Ohne Benzin,Four Music Local,3,6,7,2207176,DE,Germany,Q3,2022
9,spotify:track:4zN21mbAuaD0WqtmaTZZeP,"James Hype, Miggy Dela Rosa",Ferrari,Universal-Island Records Ltd.,9,11,7,2118719,DE,Germany,Q3,2022
10,spotify:track:4Dvkj6JhhA12EX05fT7y2e,Harry Styles,As It Was,Columbia,2,8,14,2017481,DE,Germany,Q3,2022
11,spotify:track:6sS77FZh2eJfYBsFUW6hjI,Julian Sommer,Dicht im Flieger,Electrola,10,10,15,1877336,DE,Germany,Q3,2022
12,spotify:track:7fZBQnc0zXwVybgCIrQQil,"Imanbek, BYOR",Belly Dancer,Musical Freedom,10,15,14,1661829,DE,Germany,Q3,2022
13,spotify:track:6sDfeHgrQvvBFdg88Qq8TM,Emilio,AUSMACHT,Jive,4,13,5,1597462,DE,Germany,Q3,2022
14,spotify:track:6GomT970rCOkKAyyrwJeZi,"Öwnboss, Sevek",Move Your Body,Musical Freedom,11,17,21,1469442,DE,Germany,Q3,2022
15,spotify:track:02MWAaffLxlfxAUY7c5dvx,Glass Animals,Heat Waves,Polydor Records,1,18,79,1371908,DE,Germany,Q3,2022
16,spotify:track:4FXX4P3dxc1JMBx5wVRJ5N,"Tream, treamiboii, HBz",LEBENSLANG - HBz Remix,HBzMusic,16,21,20,1365101,DE,Germany,Q3,2022
17,spotify:track:3gyRaifTaAoQrwtYiQu9ur,"The Ironix, BAZU, RUFUZ, Nullzweizwei",COACHELLA,Between Worlds x VENTURA Records,13,19,6,1286072,DE,Germany,Q3,2022
18,spotify:track:6A3SB2C4U6JtCavQOXLYNN,Benzz,Je M'appelle,Universal-Island Records Ltd.,11,23,9,1220334,DE,Germany,Q3,2022
19,spotify:track:2B4GHvToeLTOBB4QLzW3Ni,Farruko,Pepas,Sony Music Latin,9,26,47,1175834,DE,Germany,Q3,2022
20,spotify:track:3F5CgOj3wFlRv51JsHbxhe,"Drake, 21 Savage",Jimmy Cooks (feat. 21 Savage),OVO,16,25,3,1168211,DE,Germany,Q3,2022
21,spotify:track:6xGruZOHLs39ZbVccQTuPZ,Joji,Glimpse of Us,88rising Music,17,22,4,1160784,DE,Germany,Q3,2022
22,spotify:track:2DgdHcjWmO3qd50RzuBLgZ,Panic! At The Disco,House of Memories,Decaydance/Fueled By Ramen,7,28,12,1127573,DE,Germany,Q3,2022
23,spotify:track:2DB4DdfCFMw1iaR6JaR03a,"Camila Cabello, Ed Sheeran",Bam Bam (feat. Ed Sheeran),Epic,13,32,18,1092794,DE,Germany,Q3,2022
24,spotify:track:3uUuGVFu1V7jTQL60S1r8z,"Lost Frequencies, Calum Scott",Where Are You Now,Epic Amsterdam,4,30,49,1088467,DE,Germany,Q3,2022
25,spotify:track:5u8Y0lAUlBLwuhpXSDUGf4,"Felix Jaehn, The Stickmen Project, Calum Scott",Rain In Ibiza,Intercord,25,38,13,1083393,DE,Germany,Q3,2022
26,spotify:track:2ERn9fVsix3AyuVv7UN6RC,"SDP, Clueso",Die schönsten Tage,Nur Musik Ist Schöner,15,31,10,1083114,DE,Germany,Q3,2022
27,spotify:track:0wHFktze2PHC5jDt3B17DC,Jack Harlow,First Class,Generation Now/Atlantic,1,27,13,1069969,DE,Germany,Q3,2022
28,spotify:track:18asYwWugKjjsihZ0YvRxO,"Tiësto, Ava Max",The Motto,Atlantic Records,8,33,35,1033320,DE,Germany,Q3,2022
29,spotify:track:63oIpOHmjQ41v3bCJ8Ewl2,"Dardan, Ricky Rich",ON FIRE (feat. Ricky Rich),Hypnotize Entertainment,29,-1,1,1031010,DE,Germany,Q3,2022
30,spotify:track:2xSIcmvFQHs2CeS34Mgp62,Leony,Remedy,Kontor Records,5,37,22,1030068,DE,Germany,Q3,2022
31,spotify:track:0h14I7cPYi1RZG6GmVpMso,CIVO,Weg von mir,Good Kid Records & VENTURA Records,1,34,23,1021936,DE,Germany,Q3,2022
32,spotify:track:58HvfVOeJY7lUuCqF0m3ly,Elley Duhé,MIDDLE OF THE NIGHT,Not Fit For Society/RCA Records,13,36,33,1019025,DE,Germany,Q3,2022
33,spotify:track:30RZmaMqWS7Ixkf8h83mtW,HoodBlaq,Barrio,Columbia/BE.ELA.QU GmbH,20,20,2,1018396,DE,Germany,Q3,2022
34,spotify:track:2CewvqbfMOcnvYE3yayAJV,KAMRAD,I Believe,Epic Local,34,40,23,1012999,DE,Germany,Q3,2022
35,spotify:track:6JIC3hbC28JZKZ8AlAqX8h,"Elton John, Dua Lipa, PNAU",Cold Heart - PNAU Remix,EMI,8,41,47,999427,DE,Germany,Q3,2022
36,spotify:track:3sa06xVNmLLYIxdNNmVQN8,"Jax Jones, MNEK",Where Did You Go? (feat. MNEK),Polydor Records,25,43,16,950872,DE,Germany,Q3,2022
37,spotify:track:2H7jZg2HliuQhZjfBblLrZ,Pashanim,Sommergewitter,Urban,1,47,54,938794,DE,Germany,Q3,2022
38,spotify:track:50nfwKoDiSYg8zOCREWAm5,Ed Sheeran,Shivers,Atlantic Records UK,2,46,43,928790,DE,Germany,Q3,2022
39,spotify:track:2Oi1IJ6JEUX1aya9VUAA1Z,"RAF Camora, Bonez MC",Blaues Licht,Indipendenza,1,45,50,920796,DE,Germany,Q3,2022
40,spotify:track:7jtQIBanIiJOMS6RyCx6jZ,Tom Odell,Another Love,ITNO/Columbia,15,48,70,905605,DE,Germany,Q3,2022
41,spotify:track:4xBLgpxzMtaZxAE3fdycGN,"Azet, Zuna",KMN,KMN Gang,12,12,2,890971,DE,Germany,Q3,2022
42,spotify:track:2MrKx1k7CSLryCP1sf3cwl,Domiziana,"Ohne Benzin - 1,1x Speed Version",Four Music Local,18,42,7,861330,DE,Germany,Q3,2022
43,spotify:track:4vsDPNuvcN56CDpKKWzrkZ,Luciano,Push It,URBAN,14,14,2,852376,DE,Germany,Q3,2022
44,spotify:track:4h4QlmocP3IuwYEj2j14p8,"Nicky Youre, hey daisy",Sunroof,Thirty Knots/Columbia,44,59,8,839783,DE,Germany,Q3,2022
45,spotify:track:4h9wh7iOZ0GGn8QVp4RAOB,OneRepublic,I Ain't Worried,Interscope Records,45,64,4,838343,DE,Germany,Q3,2022
46,spotify:track:5gRXyFtArVXYk8OOSWIXBO,"Endzone, TM",61 Grad (Deep House RMX),2Live Entertainment,46,53,18,836931,DE,Germany,Q3,2022
47,spotify:track:1WCEAGGRD066z2Q89ObXTq,"David Guetta, Becky Hill, Ella Henderson",Crazy What Love Can Do,Parlophone UK,47,65,13,828140,DE,Germany,Q3,2022
48,spotify:track:72H4lwbSuX8xjyJseUC5Ux,"CRO, Claudia Valentina",HIGH (feat. Claudia Valentina),Urban,18,35,3,825205,DE,Germany,Q3,2022
49,spotify:track:0oiv4E896TUTTeQU0cmIui,Drake,Massive,OVO,40,44,3,818998,DE,Germany,Q3,2022
50,spotify:track:0X2Loosj0gjkusQEcJNBwR,"1019, Lucio101, Nizi19, Omar101, Karamel19","Million (feat. Lucio101, Nizi19, Omar101 & Karamel19)",Columbia/1019 Records,50,-1,1,805417,DE,Germany,Q3,2022
1,spotify:track:7sJNeWTXkZCEC7OnFMpGWL,"Luciano, Aitch, BIA",Bamba (feat. Aitch & BIA),URBAN,1,1,3,5687442,DE,Germany,Q4,2022
2,spotify:track:3nqQXoyQOWXiESFLlDF1hG,"Sam Smith, Kim Petras",Unholy (feat. Kim Petras),Capitol Records UK / EMI,2,2,3,3557945,DE,Germany,Q4,2022
3,spotify:track:2MYXbdNTkOmjOr9sVQ288m,Apache 207,Fühlst du das auch,Four Music/Feder Musik,3,-1,1,3413010,DE,Germany,Q4,2022
4,spotify:track:4uUG5RXrOk84mYEfFvj3cK,"David Guetta, Bebe Rexha",I'm Good (Blue),Parlophone UK,2,6,7,3034767,DE,Germany,Q4,2022
5,spotify:track:6yeZM8gyykjaf8w0GqRfK4,Nina Chuba,Wildberry Lillet,Jive,1,5,9,3006996,DE,Germany,Q4,2022
6,spotify:track:70Xfh3baxA4xusCiV5B5jg,"Jamule, FOURTY",KISSENSCHLACHT,Life Is Pain,4,4,2,2937990,DE,Germany,Q4,2022
7,spotify:track:5CGPOGyyF3XvyQwyqlJH0P,"Nina Chuba, Chapo102",Ich hass dich,Jive,7,-1,1,2674203,DE,Germany,Q4,2022
8,spotify:track:4tRhRLBxIZ34Iw0eCuiC03,southstar,Miss You,Columbia/B1 Recordings,8,10,13,2321747,DE,Germany,Q4,2022
9,spotify:track:1Fb8gCHRkmNAaN8vytd5vg,"Luciano, Central Cee",West Connect (feat. Central Cee),URBAN,3,3,2,2183854,DE,Germany,Q4,2022
10,spotify:track:0g2leZuI3jD5pRsrRIDvYe,"Miksu / Macloud, makko",Nachts wach,Futura,1,8,14,1899189,DE,Germany,Q4,2022
11,spotify:track:6ZjuBJah2xFEl4z3X20di3,"Miksu / Macloud, makko",Nachts wach (Lila Wolken Bootleg),Futura,5,11,7,1844641,DE,Germany,Q4,2022
12,spotify:track:6Pk9SrYcNROzVANFESonWh,Pashanim,Doppel G,Urban,7,7,2,1785636,DE,Germany,Q4,2022
13,spotify:track:5xX2LYdXyx0Boa61rZOjq5,Luciano,Beautiful Girl,URBAN,1,9,24,1755342,DE,Germany,Q4,2022
14,spotify:track:5IgjP7X4th6nMNDh4akUHb,Chris Brown,Under The Influence,Chris Brown Entertainment/RCA Records,10,13,12,1635747,DE,Germany,Q4,2022
15,spotify:track:7jtQIBanIiJOMS6RyCx6jZ,Tom Odell,Another Love,ITNO/Columbia,15,15,84,1629805,DE,Germany,Q4,2022
16,spotify:track:038awuS65sn5GQxlpJGkqj,Rosc,Sternzeichen Arrogant,Rosc x VENTURA Records,16,22,2,1564327,DE,Germany,Q4,2022
17,spotify:track:08mqF80M4AvAF0pGbR2ETA,"Makar, RAF Camora",Mood - RAF Camora Remix,Intercord,17,-1,1,1521540,DE,Germany,Q4,2022
18,spotify:track:2q7jpVfCtcuRwcur9nQeuC,"Liaze, equal",PARADISE (MIT DIR),Ventura Records,2,16,20,1495881,DE,Germany,Q4,2022
19,spotify:track:4zN21mbAuaD0WqtmaTZZeP,"James Hype, Miggy Dela Rosa",Ferrari,Universal-Island Records Ltd.,5,18,21,1490976,DE,Germany,Q4,2022
20,spotify:track:72OiqNd63K8IlVFPg007OO,"Monet192, Nael",Missing You (feat. Nael),WM Germany,20,-1,1,1446540,DE,Germany,Q4,2022
21,spotify:track:6Hh6pxNSScePI9zjKBIUg2,OsTEKKe,Another Love,Sony Music CG,12,20,6,1441586,DE,Germany,Q4,2022
22,spotify:track:7dq9QIXx5eIz6w2MNzTan4,"Yung Hurn, SW43 L33 D1DO",ALLEINE - SW43 L33 D1DO REMIX,Yung Hurn/WM Germany,3,14,4,1403852,DE,Germany,Q4,2022
23,spotify:track:5uBeRTSy5YX6DRE3JEnXbx,"Pajel, Nimo",Sie will,Epic/DOPE,23,-1,1,1384877,DE,Germany,Q4,2022
24,spotify:track:7fZBQnc0zXwVybgCIrQQil,"Imanbek, BYOR",Belly Dancer,Musical Freedom,10,24,28,1329578,DE,Germany,Q4,2022
25,spotify:track:4h9wh7iOZ0GGn8QVp4RAOB,OneRepublic,I Ain't Worried,Interscope Records,22,27,18,1329285,DE,Germany,Q4,2022
26,spotify:track:5ucyKDPjLpYLGadsRO1wSB,"DJ Robin, Schürze",Layla,Polydor x Island Records & Kontor New Media & Summerfield Records,1,19,23,1321661,DE,Germany,Q4,2022
27,spotify:track:6zJejIfVYLgjud3lTk4DLB,Rosa Linn,SNAP,Nvak Collective,21,29,15,1288953,DE,Germany,Q4,2022
28,spotify:track:4Dvkj6JhhA12EX05fT7y2e,Harry Styles,As It Was,Columbia,2,26,28,1284043,DE,Germany,Q4,2022
29,spotify:track:03ClGz3IWepPxLcVlGSC5Q,badmómzjay,Keine Tränen,Vertigo Berlin,6,21,3,1180802,DE,Germany,Q4,2022
30,spotify:track:1xzi1Jcr7mEi9K2RfzLOqS,Beyoncé,CUFF IT,Parkwood Entertainment/Columbia,30,46,5,1169337,DE,Germany,Q4,2022
31,spotify:track:38T0tPVZHcPZyhtOcCP7pF,Lil Nas X,STAR WALKIN' (League of Legends Worlds Anthem),Columbia,20,30,3,1151535,DE,Germany,Q4,2022
32,spotify:track:1W1N3usYjgI3XGQA0iX9Vq,"Miksu / Macloud, t-low",Sehnsucht,Futura,1,34,32,1118382,DE,Germany,Q4,2022
33,spotify:track:1kKvfCmzXzRcfszwQrXFPM,AYLIVA,Bei Nacht,Whiteheart Records/WM Germany,33,187,3,1113360,DE,Germany,Q4,2022
34,spotify:track:1DTVCRW8QPPteXXhBlohM2,"Kontra K, Sido, Leony",Follow,Letzte Wölfe,4,35,14,1100091,DE,Germany,Q4,2022
35,spotify:track:3LtpKP5abr2qqjunvjlX5i,Central Cee,Doja,Central Cee,12,36,12,1082400,DE,Germany,Q4,2022
36,spotify:track:2EriVX6pX9RcmMsgU8Hsir,"Bonez MC, RAF Camora, Gzuz",Taxi,187 Strassenbande & Vertigo/Capitol,2,31,6,1076969,DE,Germany,Q4,2022
37,spotify:track:5E2JcyolDstvqZ0PNpT3pS,Luciano,SUVs,URBAN,6,40,36,1026725,DE,Germany,Q4,2022
38,spotify:track:3d2VATBZJbAVXyqoKQcBe7,KALIM,AirDrop,Urban,38,-1,1,1023784,DE,Germany,Q4,2022
39,spotify:track:2XXpLFPZGxgtohTd79DjZO,Luciano,Drill LUV,URBAN,32,32,2,1015459,DE,Germany,Q4,2022
40,spotify:track:7y2CanQNBGTd7EVJy80hLC,Kontra K,Nur für Dich,Letzte Wölfe,35,48,7,1009157,DE,Germany,Q4,2022
41,spotify:track:47gFO4wiq9rLJo9vz0DP3q,"Ski Aggu, Endzone, Ericson",Party Sahne,jungeratze & Bamboo Artists,41,-1,1,1008401,DE,Germany,Q4,2022
42,spotify:track:35DkXhxqTMiQB582tfjowU,"BHZ, SIRA, Ion Miles",Powerade,BHZ,2,37,25,991292,DE,Germany,Q4,2022
43,spotify:track:39JofJHEtg8I4fSyo7Imft,"Eliza Rose, Interplanetary Criminal",B.O.T.A. (Baddest Of Them All) - Edit,Warner Records,35,44,6,974377,DE,Germany,Q4,2022
44,spotify:track:27ZZdyTSQWI7Cug2d2PkqV,Armani White,BILLIE EILISH.,"Legendbound, LLC / Def Jam Recordings",29,43,15,964550,DE,Germany,Q4,2022
45,spotify:track:0j1whACQqbHlGzSZaUh6uR,"RIN, Schmyt, Miksu / Macloud",Sternenstaub,GOLD LEAGUE/DIVISION,7,33,5,956818,DE,Germany,Q4,2022
46,spotify:track:5hnGrTBaEsdukpDF6aZg8a,Dean Lewis,How Do I Say Goodbye,Universal Music Australia Pty. Ltd.,46,70,5,955957,DE,Germany,Q4,2022
47,spotify:track:5IOF2LmEZaGDPOepCRFXTC,Samra,Undercover,Cataleya Edition,17,17,2,939631,DE,Germany,Q4,2022
48,spotify:track:2yjlYDiNiQkdxVqTlaSrlX,Nicki Minaj,Super Freaky Girl,Republic Records,33,47,9,912811,DE,Germany,Q4,2022
49,spotify:track:6evJ8sysntgtBBBs6WSxqQ,"MADE, San Andreas, Dorian",Krankenwagen,MADE Entertainment,49,52,2,898329,DE,Germany,Q4,2022
50,spotify:track:6hw1Sy9wZ8UCxYGdpKrU6M,Apache 207,Roller,Four Music Local,1,55,164,872878,DE,Germany,Q4,2022
1,spotify:track:6mmPpaltUZK7xjNlBPQQ0p,"Rauw Alejandro, Chencho Corleone",Desesperados,Sony Music Latin/Duars Entertainment,1,4,5,2713341,ES,Spain,Q1,2022
2,spotify:track:5h5TUj8pU2WhdSeJx9BnX2,Morad,Pelele,M.D.L.R,2,2,3,2658106,ES,Spain,Q1,2022
3,spotify:track:39yyHtQ4tkjZzd8TfIBKQw,"Bizarrap, Morad","Morad: Bzrp Music Sessions, Vol. 47/66",DALE PLAY Records,1,3,6,2350852,ES,Spain,Q1,2022
4,spotify:track:2Gq636OOGgxCTqEuzCZhsa,"Bizarrap, Tiago PZK","Tiago PZK: Bzrp Music Sessions, Vol. 48/66",DALE PLAY Records,1,1,3,2197830,ES,Spain,Q1,2022
5,spotify:track:0Be7sopyKMv8Y8npsUkax2,Sebastian Yatra,Tacones Rojos,UMLE - Latino,3,5,12,1993961,ES,Spain,Q1,2022
6,spotify:track:5TMLavqGRKNxgzMBrVpC9R,"zzoilo, Aitana",Mon Amour - Remix,Universal Music Spain S.L.,1,6,22,1969207,ES,Spain,Q1,2022
7,spotify:track:6P096SaOzrgGxs8NWOfX7M,"Tiago PZK, Trueno",Salimo de Noche,WM Chile,3,7,12,1693310,ES,Spain,Q1,2022
8,spotify:track:6dmXZ9B5HdFAyzHeTneYBK,"ROSALÍA, The Weeknd",LA FAMA,Columbia,1,8,9,1590381,ES,Spain,Q1,2022
9,spotify:track:3nfICwo20uiFdEGzgNUSrG,"Aitana, Nicki Nicole",Formentera,Universal Music Spain S.L.,2,12,6,1453022,ES,Spain,Q1,2022
10,spotify:track:5xiAfKzE3mbxYbOkUZPR11,"C. Tangana, NATHY PELUSO",Ateo,Sony Music Entertainment,1,9,14,1450125,ES,Spain,Q1,2022
11,spotify:track:4TGwERXRlyQtBdggYTHo6j,"Tiago PZK, LIT killah, Maria Becerra, Nicki Nicole",Entre Nosotros (Remix) [con Nicki Nicole],WEA Latina,11,-1,1,1449072,ES,Spain,Q1,2022
12,spotify:track:2BEcap3xJtmiPaHKyfQi4e,"Rvssian, Rauw Alejandro, Chris Brown",Nostálgico,Sony Music Latin,3,13,18,1373317,ES,Spain,Q1,2022
13,spotify:track:3JCaq3KDSROg3TXhdiDa9n,"JHAYCO, Anuel AA",Ley Seca,N&E Entertainment LLC,2,14,19,1329479,ES,Spain,Q1,2022
14,spotify:track:0G2zPzWqVjR68iNPmx2TBe,"Mora, Bad Bunny, Sech",Volando - Remix,Rimas Entertainment LLC,3,22,27,1314503,ES,Spain,Q1,2022
15,spotify:track:03a359wbiUsjN9h6yzXvmS,"Duki, KHEA",She Don't Give a Fo,DALE PLAY Records,15,17,88,1295533,ES,Spain,Q1,2022
16,spotify:track:07hvsxeAYfZFgiLiBos6Pz,"Beny Jr, El Guincho",Combo la L,RICO,16,19,27,1293880,ES,Spain,Q1,2022
17,spotify:track:3HQxzXOb4p9pfpD5gP38D5,"Eladio Carrion, KAROL G",No Te Deseo el Mal,Rimas Entertainment LLC,13,15,6,1285131,ES,Spain,Q1,2022
18,spotify:track:3rdAz1fbUfZxYgaCviYhRo,Rauw Alejandro,Todo De Ti,Sony Music Latin/Duars Entertainment,1,10,34,1277013,ES,Spain,Q1,2022
19,spotify:track:1kjs5eR4DMzyB0gm1Z8waV,Trueno,DANCE CRIP,©️ Ⓟ 2022 Sur Capital Records (por Tierra Agencia),4,11,8,1247782,ES,Spain,Q1,2022
20,spotify:track:5pVEORKrVAtcWOEMJlZCFB,"Cano, Los del Control",Tu Y Yo (feat. Los del Control),WM Spain,19,26,10,1223874,ES,Spain,Q1,2022
21,spotify:track:2JPLbjOn0wPCngEot2STUS,Bad Bunny,Yonaguni,Rimas Entertainment LLC,2,16,32,1213539,ES,Spain,Q1,2022
22,spotify:track:073yIM7v2j6XadD4Nkn0Fh,JHAYCO,Dile (Homenaje),N&E Entertainment LLC,4,23,19,1205322,ES,Spain,Q1,2022
23,spotify:track:6c32C8T3KlXrbvWSoD5aON,Myke Towers,EXPERIMENTO,WEA Latina,2,18,16,1193111,ES,Spain,Q1,2022
24,spotify:track:2qEoAz0i6yEz5dPggABcLH,"Fuego, Manuel Turizo, Duki",Una Vaina Loca,Chosen Few/ WK Records,5,24,12,1110891,ES,Spain,Q1,2022
25,spotify:track:1FlL8ycld6uVDDyhV7P5FA,Rauw Alejandro,Cúrame,Sony Music Latin/Duars Entertainment,2,25,29,1094796,ES,Spain,Q1,2022
26,spotify:track:1z5TNHJ4WP2ftKhRpqdoNY,Bad Gyal,Nueva York (Tot*),Bad Gyal Aftercluv/Interscope,8,21,7,1068414,ES,Spain,Q1,2022
27,spotify:track:2B4GHvToeLTOBB4QLzW3Ni,Farruko,Pepas,Sony Music Latin,1,20,29,1042228,ES,Spain,Q1,2022
28,spotify:track:6lX6l7OuA3qrnIRfdsr0dw,"Blessd, Justin Quiles, Lenny Tavárez",Medallo,WEA Latina,27,28,11,1038312,ES,Spain,Q1,2022
29,spotify:track:2vmfvSoZBFAt9hhRoEByLi,"Aventura, Bad Bunny",Volví,Rimas Entertainment LLC,2,27,24,1003937,ES,Spain,Q1,2022
30,spotify:track:3KJ3opyV29269SXkPrc19l,Bad Bunny,120,Rimas Entertainment LLC,13,31,26,950123,ES,Spain,Q1,2022
31,spotify:track:75HnDKDqsmEzdOKFWe5FZS,NATHY PELUSO,VIVIR ASÍ ES MORIR DE AMOR,Sony Music Entertainment,31,44,5,940624,ES,Spain,Q1,2022
32,spotify:track:20RGQHWvqyyacpuxMBeLsZ,"El Taiger, DJ Conds",La Historia,El Taiger,5,29,41,931873,ES,Spain,Q1,2022
33,spotify:track:1lMuQJHBznRfq7GdQrIQN4,Ana Mena,Música Ligera,Sony Music Entertainment,33,61,5,918813,ES,Spain,Q1,2022
34,spotify:track:4fouWK6XVHhzl78KzQ1UjL,GAYLE,abcdefu,Atlantic/Arthouse Records,34,37,8,893645,ES,Spain,Q1,2022
35,spotify:track:4OwhwvKESFtuu06dTgct7i,"Marc Seguí, Rauw Alejandro, Pol Granch",Tiroteo - Remix,WEA Latina,7,32,41,881797,ES,Spain,Q1,2022
36,spotify:track:4nVuhPrmtIO1m2hRrtxBlI,Funzo & Baby Loud,INMORTALES,Sony Music Entertainment,12,41,16,861029,ES,Spain,Q1,2022
37,spotify:track:0bxzF2Kyql0pQ58Mymztue,Morad,Cuando Ella Sale,M.D.L.R,22,40,12,845175,ES,Spain,Q1,2022
38,spotify:track:3xv8JksRyqHa1lwkM9xvJf,"Anuel AA, Myke Towers, JHAYCO",Súbelo,"Real Hasta La Muerte, LLC",15,35,8,842733,ES,Spain,Q1,2022
39,spotify:track:7rglLriMNBPAyuJOMGwi39,"Elton John, Dua Lipa, PNAU",Cold Heart - PNAU Remix,EMI,36,36,19,841169,ES,Spain,Q1,2022
40,spotify:track:6b2HYgqcK9mvktt4GxAu72,"Justin Quiles, Chimbala, Zion & Lennox",Loco,WEA Latina,4,30,35,835473,ES,Spain,Q1,2022
41,spotify:track:4axxCbc4tWlpqHP5UbJMc3,"Bizarrap, Ptazeta","Ptazeta: Bzrp Music Sessions, Vol. 45/66",DALE PLAY Records,7,33,15,816316,ES,Spain,Q1,2022
42,spotify:track:2rCbl9naJYhaxjLsfx88uM,"Sebastian Yatra, Myke Towers",Pareja Del Año,UMLE - Latino,1,38,39,804541,ES,Spain,Q1,2022
43,spotify:track:20on25jryn53hWghthWWW3,"ACRAZE, Cherish",Do It To It,Thrive Music,34,34,9,797943,ES,Spain,Q1,2022
44,spotify:track:4Z8HZSApeddaRM2ovivUj4,Rauw Alejandro,La Old Skul,Sony Music Latin/Duars Entertainment,31,43,29,751809,ES,Spain,Q1,2022
45,spotify:track:2YZDh5CecWx0qlFiTvqVQ9,Justin Quiles,Colorín Colorado,WEA Latina,11,45,21,749568,ES,Spain,Q1,2022
46,spotify:track:4MzXwWMhyBbmu6hOcLVD49,"Bad Bunny, JHAYCO",DÁKITI,Rimas Entertainment LLC,1,42,63,747655,ES,Spain,Q1,2022
47,spotify:track:0cOa970mzTWAxKtltpkpLc,"TINI, Maria Becerra",Miénteme,Sony Music Latin,3,47,37,746317,ES,Spain,Q1,2022
48,spotify:track:1Ixi7vcTIvgyeFlbqy1QQ7,"Eladio Carrion, Morad",Habla Claro,SONAR,24,49,9,732746,ES,Spain,Q1,2022
49,spotify:track:2mL37yB3f3Lfy4iiXV02Qf,"Farruko, Victor Cardenas, Dj Adoni",El Incomprendido,Sony Music Latin,9,39,15,720633,ES,Spain,Q1,2022
50,spotify:track:1r9xUipOqoNwggBpENDsvJ,"Imagine Dragons, JID, Arcane, League of Legends",Enemy (with JID) - from the series Arcane League of Legends,KIDinaKORNER/Interscope Records,39,57,11,648312,ES,Spain,Q1,2022
1,spotify:track:4srcMdbm2qzVG98tJajHxp,"Alejo, Feid, ROBI",Pantysito,UMLE - Latino,1,2,3,2724923,ES,Spain,Q2,2022
2,spotify:track:2gpQi3hbcUAcEG8m2dlgfB,Paulo Londra,Plan A,WEA Latina,1,1,3,2699717,ES,Spain,Q2,2022
3,spotify:track:6bQ5823aHmFVKLZW8E7rRo,"Duki, De La Ghetto, Quevedo",Si Quieren Frontear,DALE PLAY Records / SSJ Records,3,-1,1,2658772,ES,Spain,Q2,2022
4,spotify:track:0Bv7O6fmZk3GrNQFYJaXPn,"La Pantera, Quevedo, Juseph, BEJO, Cruz Cafuné, ABHIR, EL IMA","Cayó La Noche (feat. Cruz Cafuné, Abhir Hathi, Bejo, EL IMA) [Remix]",La Pantera,1,3,12,2637776,ES,Spain,Q2,2022
5,spotify:track:1O2pcBJGej0pmH2Y9XZMs6,Cris MJ,Una Noche en Medellín,Sonar LLC.,4,4,7,2425987,ES,Spain,Q2,2022
6,spotify:track:6mmPpaltUZK7xjNlBPQQ0p,"Rauw Alejandro, Chencho Corleone",Desesperados,Sony Music Latin/Duars Entertainment,1,5,17,2057401,ES,Spain,Q2,2022
7,spotify:track:1ri9ZUkBJVFUdgwzCnfcYs,"Becky G, KAROL G",MAMIII,Kemosabe Records/RCA Records,2,6,8,1985361,ES,Spain,Q2,2022
8,spotify:track:5mcYWxQAAlqGAhEPqVMMR5,Aitana,En El Coche,Universal Music Spain S.L.,8,-1,1,1937147,ES,Spain,Q2,2022
9,spotify:track:4LRPiXqCikLlN15c3yImP7,Harry Styles,As It Was,Columbia,9,-1,1,1896479,ES,Spain,Q2,2022
10,spotify:track:2Gq636OOGgxCTqEuzCZhsa,"Bizarrap, Tiago PZK","Tiago PZK: Bzrp Music Sessions, Vol. 48/66",DALE PLAY Records,1,7,15,1851870,ES,Spain,Q2,2022
11,spotify:track:3XjN0mvFkQp1FMVM9Ro5hm,Daddy Yankee,RUMBATÓN,Republic Records,10,10,2,1804211,ES,Spain,Q2,2022
12,spotify:track:1UdzJEpgJxtuXAlCOvD4S0,Danny Ocean,Fuera del mercado,Atlantic Records,12,31,5,1716770,ES,Spain,Q2,2022
13,spotify:track:0TkIQ2I48rz4kpk1XpfyHq,"Rvfv, Rels B",Mi Luz - ft. Rels B,NASTU MUSIC,9,11,10,1658467,ES,Spain,Q2,2022
14,spotify:track:7fRtruULHGuwC0wNRx1HSa,"Bad Gyal, Beny Jr",Flow 2000 - Remix,Universal Music Latino/Interscope,9,9,3,1637850,ES,Spain,Q2,2022
15,spotify:track:2rDZhKnPaPG054ExZ6nXUS,Ryan Castro,Jordan,Holdings,15,15,7,1566683,ES,Spain,Q2,2022
16,spotify:track:1AhNxunSSizAllibrQ7jhu,"Quevedo, Linton",Ahora y Siempre,Rimas Entertainment LLC.,5,12,10,1546504,ES,Spain,Q2,2022
17,spotify:track:6ylDpki1VpIsc525KC1ojF,Sebastian Yatra,Tacones Rojos,UMLE - Latino,3,13,24,1514505,ES,Spain,Q2,2022
18,spotify:track:5kqNIqFjijuzvVLhuY9B8j,Bad Bunny,La Zona,Rimas Entertainment LLC,10,14,12,1478132,ES,Spain,Q2,2022
19,spotify:track:4FjkjrvfbB3C4eUqWlw3vB,"Rvfv, Pablo Mas",Mami,NASTU MUSIC,17,17,8,1431468,ES,Spain,Q2,2022
20,spotify:track:5TMLavqGRKNxgzMBrVpC9R,"zzoilo, Aitana",Mon Amour - Remix,Universal Music Spain S.L.,1,20,34,1360656,ES,Spain,Q2,2022
21,spotify:track:5h5TUj8pU2WhdSeJx9BnX2,Morad,Pelele,M.D.L.R,2,16,15,1334260,ES,Spain,Q2,2022
22,spotify:track:43Tf6aMFSw2vP7IHBWsA1R,"Quevedo, La Pantera",Piel de Cordero,Rimas Entertainment LLC.,22,53,8,1258851,ES,Spain,Q2,2022
23,spotify:track:6Y46tOTRhkBamosyuWa6YX,"ROSALÍA, The Weeknd",LA FAMA,Columbia,1,18,21,1241146,ES,Spain,Q2,2022
24,spotify:track:3IAfUEeaXRX9s9UdKOJrFI,Anitta,Envolver,WEA Latina,21,21,4,1195407,ES,Spain,Q2,2022
25,spotify:track:277ia0CBOO47RhG7XSLj4b,"Omar Montes, Daviles de Novelda",Risueña,Sony Music Latin,25,28,4,1178855,ES,Spain,Q2,2022
26,spotify:track:70AYiGbc4mWZGEqiipBBDb,ROSALÍA,CANDY,Columbia,2,8,3,1145542,ES,Spain,Q2,2022
27,spotify:track:3nfICwo20uiFdEGzgNUSrG,"Aitana, Nicki Nicole",Formentera,Universal Music Spain S.L.,2,35,18,1139476,ES,Spain,Q2,2022
28,spotify:track:3GaGWoU1KfVqgl7vnRHP55,C. Tangana,Demasiadas Mujeres,Sony Music Entertainment,1,23,78,1130362,ES,Spain,Q2,2022
29,spotify:track:78kygHp1dvW1kncYjBgbe1,Ryan Castro,Mujeriego,Sony Music Entertainment,20,29,11,1065494,ES,Spain,Q2,2022
30,spotify:track:03a359wbiUsjN9h6yzXvmS,"Duki, KHEA",She Don't Give a Fo,DALE PLAY Records,15,38,100,1045372,ES,Spain,Q2,2022
31,spotify:track:39yyHtQ4tkjZzd8TfIBKQw,"Bizarrap, Morad","Morad: Bzrp Music Sessions, Vol. 47/66",DALE PLAY Records,1,26,18,1044949,ES,Spain,Q2,2022
32,spotify:track:63ZedTAVRCICh2CNLWnsPZ,"Beny Jr, Morad, K y B",Sigue,K y B,32,-1,1,1043848,ES,Spain,Q2,2022
33,spotify:track:0G2zPzWqVjR68iNPmx2TBe,"Mora, Bad Bunny, Sech",Volando - Remix,Rimas Entertainment LLC,3,25,39,1036139,ES,Spain,Q2,2022
34,spotify:track:6P096SaOzrgGxs8NWOfX7M,"Tiago PZK, Trueno",Salimo de Noche,WM Chile,3,33,24,1033788,ES,Spain,Q2,2022
35,spotify:track:6CHYyL3462Y2Bb2uWIIBkE,Chema Rivas,Algodón de azúcar,Sony Music Entertainment,9,34,12,1026348,ES,Spain,Q2,2022
36,spotify:track:3JCaq3KDSROg3TXhdiDa9n,"JHAYCO, Anuel AA",Ley Seca,N&E Entertainment LLC,2,27,31,1004774,ES,Spain,Q2,2022
37,spotify:track:2JPLbjOn0wPCngEot2STUS,Bad Bunny,Yonaguni,Rimas Entertainment LLC,2,39,44,995145,ES,Spain,Q2,2022
38,spotify:track:073yIM7v2j6XadD4Nkn0Fh,JHAYCO,Dile (Homenaje),N&E Entertainment LLC,4,32,31,992973,ES,Spain,Q2,2022
39,spotify:track:6lX6l7OuA3qrnIRfdsr0dw,"Blessd, Justin Quiles, Lenny Tavárez",Medallo,WEA Latina,27,40,23,963966,ES,Spain,Q2,2022
40,spotify:track:1FlL8ycld6uVDDyhV7P5FA,Rauw Alejandro,Cúrame,Sony Music Latin/Duars Entertainment,2,37,41,948028,ES,Spain,Q2,2022
41,spotify:track:3rdAz1fbUfZxYgaCviYhRo,Rauw Alejandro,Todo De Ti,Sony Music Latin/Duars Entertainment,1,45,46,933231,ES,Spain,Q2,2022
42,spotify:track:2BEcap3xJtmiPaHKyfQi4e,"Rvssian, Rauw Alejandro, Chris Brown",Nostálgico,Sony Music Latin,3,42,30,920953,ES,Spain,Q2,2022
43,spotify:track:48AJSd42lXpicsGqcgopof,"Daddy Yankee, Bad Bunny",X ÚLTIMA VEZ,Republic Records,22,22,2,882861,ES,Spain,Q2,2022
44,spotify:track:7JZ5mOTea5T4LH0UdwCsWx,Duki,TOP 5,DALE PLAY Records / SSJ Records,12,41,19,874499,ES,Spain,Q2,2022
45,spotify:track:2hLXUbsOU9cDb9RFva9FYr,"Mora, JHAYCO",MEMORIAS,Rimas Entertainment LLC,45,-1,1,873197,ES,Spain,Q2,2022
46,spotify:track:5WxYU8RRzy5X0kC6Fx9SpI,"C. Tangana, NATHY PELUSO",Ateo,Sony Music Entertainment,1,46,26,870319,ES,Spain,Q2,2022
47,spotify:track:5gCNf9wMVrYuM2fvfgLTlF,"ROSALÍA, Tokischa",LA COMBI VERSACE,Columbia,10,19,3,867506,ES,Spain,Q2,2022
48,spotify:track:6c32C8T3KlXrbvWSoD5aON,Myke Towers,EXPERIMENTO,WEA Latina,2,51,28,861453,ES,Spain,Q2,2022
49,spotify:track:2FYGZDfsAnNsrm1gVbyKnG,ROSALÍA,SAOKO,Columbia,6,24,9,832421,ES,Spain,Q2,2022
50,spotify:track:5pVEORKrVAtcWOEMJlZCFB,"Cano, Los del Control",Tu Y Yo (feat. Los del Control),WM Spain,19,49,22,825873,ES,Spain,Q2,2022
1,spotify:track:1IHWl5LamUGEuP4ozKQSXZ,Bad Bunny,Tití Me Preguntó,Rimas Entertainment LLC,1,1,9,4425001,ES,Spain,Q3,2022
2,spotify:track:6Sq7ltF9Qa7SNFBsV5Cogx,"Bad Bunny, Chencho Corleone",Me Porto Bonito,Rimas Entertainment LLC,2,2,9,3890138,ES,Spain,Q3,2022
3,spotify:track:41oY4WCTj5kccfesTVFnvN,"Bad Bunny, JHAYCO",Tarot,Rimas Entertainment LLC,2,3,9,3099832,ES,Spain,Q3,2022
4,spotify:track:3k3NWokhRRkEPhCzPmV8TW,"Bad Bunny, Bomba Estéreo",Ojitos Lindos,Rimas Entertainment LLC,2,4,9,2955528,ES,Spain,Q3,2022
5,spotify:track:2tTmW7RDtMQtBk7m2rYeSw,"Bizarrap, Quevedo","Quevedo: Bzrp Music Sessions, Vol. 52/66",DALE PLAY Records,5,-1,1,2803352,ES,Spain,Q3,2022
6,spotify:track:2rurDawMfoKP4uHyb2kJBt,"Shakira, Rauw Alejandro",Te Felicito,Sony Music Latin,5,5,11,2793145,ES,Spain,Q3,2022
7,spotify:track:6stWVqWxtPPednHy1mzoOz,"Rvfv, Kikimoteleba, Wesh Music",Tigini,NASTU MUSIC,3,6,7,2692045,ES,Spain,Q3,2022
8,spotify:track:6Xom58OOXk2SoU711L2IXO,Bad Bunny,Moscow Mule,Rimas Entertainment LLC,1,7,9,2549720,ES,Spain,Q3,2022
9,spotify:track:6DoL1yYIwEW7VZMRaJhoJI,"Chris Jedi, Anuel AA, Chencho Corleone, Ñengo Flow",La Llevo Al Cielo (Ft. Ñengo Flow),UMLE - Latino,7,10,7,2347918,ES,Spain,Q3,2022
10,spotify:track:5ww2BF9slyYgNOk37BlC4u,Manuel Turizo,La Bachata,Sony Music Latin/La Industria,10,14,6,2340484,ES,Spain,Q3,2022
11,spotify:track:4hceSKjrkDTO0nMKFcb3sj,"Bizarrap, Villano Antillano","Villano Antillano: Bzrp Music Sessions, Vol. 51/66",DALE PLAY Records,8,8,5,2293671,ES,Spain,Q3,2022
12,spotify:track:7dSZ6zGTQx66c2GF91xCrb,KAROL G,PROVENZA,BICHOTA RECORDS / INTERSCOPE RECORDS / UNIVERSAL MUSIC LATINO,6,9,11,2243824,ES,Spain,Q3,2022
13,spotify:track:4aYd4OvURiE7jrnkdbwk0t,"Omar Montes, Jairo deRemache, Farruquito",La Llama del Amor - Riega Este Querer - Rumba/Alborea,Sony Music Latin,13,26,2,2011178,ES,Spain,Q3,2022
14,spotify:track:5Eax0qFko2dh7Rl2lYs3bx,Bad Bunny,Efecto,Rimas Entertainment LLC,10,11,9,1954467,ES,Spain,Q3,2022
15,spotify:track:0OTNHGKcqQbk51bOYe462Y,"Polimá Westcoast, Pailita",ULTRA SOLO,Sony Music Entertainment Chile S.A,11,12,10,1882815,ES,Spain,Q3,2022
16,spotify:track:2hLXUbsOU9cDb9RFva9FYr,"Mora, JHAYCO",MEMORIAS,Rimas Entertainment LLC,16,25,14,1737589,ES,Spain,Q3,2022
17,spotify:track:5R2hNuiiwnKVAUNktF9j2Y,"sangiovanni, Aitana",mariposas,Universal Music Italia srL. (Sugar),12,13,5,1713784,ES,Spain,Q3,2022
18,spotify:track:6ojZtz3sZr6ynvejLOqgCj,"Tiago PZK, Ozuna",Nos Comemos (feat. Ozuna),WEA Latina,18,19,5,1683977,ES,Spain,Q3,2022
19,spotify:track:2Gq636OOGgxCTqEuzCZhsa,"Bizarrap, Tiago PZK","Tiago PZK: Bzrp Music Sessions, Vol. 48/66",DALE PLAY Records,1,21,28,1667670,ES,Spain,Q3,2022
20,spotify:track:0Bv7O6fmZk3GrNQFYJaXPn,"La Pantera, Quevedo, Juseph, BEJO, Cruz Cafuné, ABHIR, EL IMA","Cayó La Noche (feat. Cruz Cafuné, Abhir Hathi, Bejo, EL IMA) [Remix]",La Pantera,1,17,25,1658938,ES,Spain,Q3,2022
21,spotify:track:6mmPpaltUZK7xjNlBPQQ0p,"Rauw Alejandro, Chencho Corleone",Desesperados,Sony Music Latin/Duars Entertainment,1,16,30,1642662,ES,Spain,Q3,2022
22,spotify:track:7FlQk2gJ6TBrHHiidvdR2O,"Becky G, KAROL G",MAMIII,Kemosabe Records/RCA Records/Sony Music Latin,2,15,21,1640193,ES,Spain,Q3,2022
23,spotify:track:6ylDpki1VpIsc525KC1ojF,Sebastian Yatra,Tacones Rojos,UMLE - Latino,3,23,37,1637890,ES,Spain,Q3,2022
24,spotify:track:0TkIQ2I48rz4kpk1XpfyHq,"Rvfv, Rels B",Mi Luz - ft. Rels B,NASTU MUSIC,9,18,23,1604115,ES,Spain,Q3,2022
25,spotify:track:1O2pcBJGej0pmH2Y9XZMs6,Cris MJ,Una Noche en Medellín,Sonar LLC.,2,22,20,1562193,ES,Spain,Q3,2022
26,spotify:track:4FjkjrvfbB3C4eUqWlw3vB,"Rvfv, Pablo Mas",Mami,NASTU MUSIC,17,24,21,1422707,ES,Spain,Q3,2022
27,spotify:track:6t48UVZvQWh5wWfWlCZfzY,Bad Gyal,La Prendo,Universal Music Latino/Interscope,27,37,6,1393904,ES,Spain,Q3,2022
28,spotify:track:04d4GpLedinwpfctvgOIhY,"Quevedo, La Pantera",Piel de Cordero,Rimas Entertainment LLC.,2,29,21,1391242,ES,Spain,Q3,2022
29,spotify:track:49ev1nUTrNxbjm04jaoL5Z,Duki,Antes de Perderte,DALE PLAY Records / SSJ Records,20,20,5,1382612,ES,Spain,Q3,2022
30,spotify:track:5TMLavqGRKNxgzMBrVpC9R,"zzoilo, Aitana",Mon Amour - Remix,Universal Music Spain S.L.,1,35,47,1351503,ES,Spain,Q3,2022
31,spotify:track:1dm6z1fWB0cErMszU25dy2,Bad Bunny,Después de la Playa,Rimas Entertainment LLC,5,28,9,1343609,ES,Spain,Q3,2022
32,spotify:track:63ZedTAVRCICh2CNLWnsPZ,"Beny Jr, Morad, K y B",Sigue,K y B,16,31,14,1341386,ES,Spain,Q3,2022
33,spotify:track:4srcMdbm2qzVG98tJajHxp,"Alejo, Feid, ROBI",Pantysito,UMLE - Latino,1,30,16,1288333,ES,Spain,Q3,2022
34,spotify:track:0EpdLuptraYGFZ6J7HNSLc,"Ana Mena, Belinda",LAS 12,Epic,34,42,3,1286745,ES,Spain,Q3,2022
35,spotify:track:3nfICwo20uiFdEGzgNUSrG,"Aitana, Nicki Nicole",Formentera,Universal Music Spain S.L.,2,40,31,1284271,ES,Spain,Q3,2022
36,spotify:track:5jt25aFjW2kNoBqaEVaz5W,"Mora, Feid",LA INOCENTE,Rimas Entertainment LLC,36,51,14,1250243,ES,Spain,Q3,2022
37,spotify:track:0hhbgieI17DtGcjGRrtDDp,"JC Reyes, Pedro Calderon",Coronamos,JC Reyes,17,32,10,1238738,ES,Spain,Q3,2022
38,spotify:track:03a359wbiUsjN9h6yzXvmS,"Duki, KHEA",She Don't Give a Fo,DALE PLAY Records,15,47,113,1224196,ES,Spain,Q3,2022
39,spotify:track:3XREkzDHsWdBL5tybyCDBH,Chanel,SloMo,BMG Rights Management and Administration (Spain) S.L.U,7,33,20,1207480,ES,Spain,Q3,2022
40,spotify:track:4tYFy8ALRjIZvnvSLw5lxN,"Bad Bunny, Rauw Alejandro",Party,Rimas Entertainment LLC,8,34,9,1197920,ES,Spain,Q3,2022
41,spotify:track:7Dk8r4VR5NoveUvTiCKEXC,Camilo,Pegao,Sony Music Latin,34,39,7,1192963,ES,Spain,Q3,2022
42,spotify:track:4Dvkj6JhhA12EX05fT7y2e,Harry Styles,As It Was,Columbia,9,38,14,1187598,ES,Spain,Q3,2022
43,spotify:track:4FtuqEWmjtgKmVWW0iZOP7,Duki,Celosa,DALE PLAY Records / SSJ Records,36,36,2,1171589,ES,Spain,Q3,2022
44,spotify:track:6HXvazdtAr9hy0kThzxrE3,"Oscu, Nobeat",Numero 1,1.8M,11,41,12,1140499,ES,Spain,Q3,2022
45,spotify:track:6y8z28epOv5FlaxDv1Lo5B,Ryan Castro,Jordan,Holdings,8,43,20,1138192,ES,Spain,Q3,2022
46,spotify:track:3UT2CkCgSWjK6h5v5Ye4GH,"Duki, De La Ghetto, Quevedo",Si Quieren Frontear,DALE PLAY Records / SSJ Records,3,27,14,1125581,ES,Spain,Q3,2022
47,spotify:track:2NMjggapJcXXM7WccGEBUO,Bad Bunny,Enséñame a Bailar,Rimas Entertainment LLC,14,50,9,1121908,ES,Spain,Q3,2022
48,spotify:track:28GCbKgjlVD9eDmasGbe0T,Bad Bunny,Me Fui de Vacaciones,Rimas Entertainment LLC,7,45,9,1118844,ES,Spain,Q3,2022
49,spotify:track:1797zYiX4cKosMH836X9Gt,"Bad Bunny, Tony Dize",La Corriente,Rimas Entertainment LLC,13,44,9,1109679,ES,Spain,Q3,2022
50,spotify:track:77UICuAzXRYuJqdhcy6R3m,Paulo Londra,Luces,WEA Latina,50,-1,1,1057595,ES,Spain,Q3,2022
1,spotify:track:2tTmW7RDtMQtBk7m2rYeSw,"Bizarrap, Quevedo","Quevedo: Bzrp Music Sessions, Vol. 52/66",DALE PLAY Records,1,1,15,4627733,ES,Spain,Q4,2022
2,spotify:track:7iwJOi3hlMqZt6pj1sQOBj,Quevedo,VISTA AL MAR,Rimas Entertainment LLC.,2,2,5,4113332,ES,Spain,Q4,2022
3,spotify:track:5ww2BF9slyYgNOk37BlC4u,Manuel Turizo,La Bachata,Sony Music Latin/La Industria,3,3,20,4054304,ES,Spain,Q4,2022
4,spotify:track:53tfEupEzQRtVFOeZvk7xq,ROSALÍA,DESPECHÁ,Columbia,1,4,12,2993341,ES,Spain,Q4,2022
5,spotify:track:1Y62KpDaP5MEL43ZcI6IaG,"Quevedo, Ovy On the Drums",SIN SEÑAL,Rimas Entertainment LLC.,4,5,12,2931508,ES,Spain,Q4,2022
6,spotify:track:2hLXUbsOU9cDb9RFva9FYr,"Mora, JHAYCO",MEMORIAS,Rimas Entertainment LLC,6,6,28,2456714,ES,Spain,Q4,2022
7,spotify:track:6i1g5ZRmJZAkDwBaUZ3f2i,Luar La L,Caile,Rimas Entertainment LLC.,4,7,11,2434454,ES,Spain,Q4,2022
8,spotify:track:6TsVhM8qIkWN5cJVDIVbbz,"Wisin & Yandel, ROSALÍA",Besos Moja2,Sony Music Latin,8,9,2,2382340,ES,Spain,Q4,2022
9,spotify:track:5jt25aFjW2kNoBqaEVaz5W,"Mora, Feid",LA INOCENTE,Rimas Entertainment LLC,7,8,28,2368359,ES,Spain,Q4,2022
10,spotify:track:2CeKVsFFXG4QzA415QygGb,Feid,Feliz Cumpleaños Ferxxo,UMLE - Latino,10,10,8,2140329,ES,Spain,Q4,2022
11,spotify:track:6Sq7ltF9Qa7SNFBsV5Cogx,"Bad Bunny, Chencho Corleone",Me Porto Bonito,Rimas Entertainment LLC,2,13,23,2000547,ES,Spain,Q4,2022
12,spotify:track:1AWefrQG0I0OtvatTB01EZ,Munic HB,Pico y Pala,DALE PLAY Records,12,23,2,1938988,ES,Spain,Q4,2022
13,spotify:track:5dtNrI6WMGCTBbK8499242,Mora,CALENTÓN,Rimas Entertainment LLC,13,20,2,1891844,ES,Spain,Q4,2022
14,spotify:track:79HZAZNnOE97rb2hnI0XQr,"Rauw Alejandro, Lyanno, Brray",LOKERA,Sony Music Latin/Duars Entertainment,13,14,11,1876476,ES,Spain,Q4,2022
15,spotify:track:5R7l05dglCrUX0qjZ1Eec1,Cyril Kamer,Cinderella,Cyril Kamer.,15,19,14,1865809,ES,Spain,Q4,2022
16,spotify:track:2QFxZNTECGz7uGd7me4dzH,"Omar Montes, C. Tangana",Una y Mil Veces - Rumba,Sony Music Latin,16,-1,1,1821328,ES,Spain,Q4,2022
17,spotify:track:1IHWl5LamUGEuP4ozKQSXZ,Bad Bunny,Tití Me Preguntó,Rimas Entertainment LLC,1,15,23,1803424,ES,Spain,Q4,2022
18,spotify:track:2TDyyEBasw10wu5Uh94bR1,"Rauw Alejandro, Baby Rasta",PUNTO 40,Sony Music Latin/Duars Entertainment,18,51,3,1770975,ES,Spain,Q4,2022
19,spotify:track:5cp1Nx2K3FUWIH6Rzt8u33,"Omar Montes, Khaled, Kaydy Cain, Yung Beef",Si Tú Te Vas (feat. Yung Beef) - Remix,Sony Music Latin,6,12,10,1764682,ES,Spain,Q4,2022
20,spotify:track:4qGr8HmRjhdRoUCnLf82eM,"Rvfv, Duki",Pantera,NASTU MUSIC,9,11,5,1762025,ES,Spain,Q4,2022
21,spotify:track:5B60XFKzm8WsJTdVyt4u4I,Myke Towers,Luces De Neón,WEA Latina,18,21,5,1648848,ES,Spain,Q4,2022
22,spotify:track:0EpdLuptraYGFZ6J7HNSLc,"Ana Mena, Belinda",LAS 12,Epic,14,17,17,1629479,ES,Spain,Q4,2022
23,spotify:track:3k3NWokhRRkEPhCzPmV8TW,"Bad Bunny, Bomba Estéreo",Ojitos Lindos,Rimas Entertainment LLC,2,16,23,1580172,ES,Spain,Q4,2022
24,spotify:track:41oY4WCTj5kccfesTVFnvN,"Bad Bunny, JHAYCO",Tarot,Rimas Entertainment LLC,2,18,23,1549028,ES,Spain,Q4,2022
25,spotify:track:0kTMK4gNFfLXaTb62w1UaJ,"Pablito Pesadilla, Polimá Westcoast, Nickoog Clk, Fran C",BABY OTAKU,Pablito Pesadilla,24,24,4,1526820,ES,Spain,Q4,2022
26,spotify:track:4uUG5RXrOk84mYEfFvj3cK,"David Guetta, Bebe Rexha",I'm Good (Blue),Parlophone UK,20,22,7,1498479,ES,Spain,Q4,2022
27,spotify:track:3fjN3y5x4hN53rykAN2LHQ,Rels B,cómo dormiste?,DALE PLAY Records / Flakk Team,8,25,10,1385558,ES,Spain,Q4,2022
28,spotify:track:04d4GpLedinwpfctvgOIhY,"Quevedo, La Pantera",Piel de Cordero,Rimas Entertainment LLC.,2,28,35,1351830,ES,Spain,Q4,2022
29,spotify:track:2rurDawMfoKP4uHyb2kJBt,"Shakira, Rauw Alejandro",Te Felicito,Sony Music Latin,5,27,25,1317735,ES,Spain,Q4,2022
30,spotify:track:1HNcDOIGo9CE4sZoK5mhCq,"Juseph, Cruz Cafuné, Wiso Rivera",Muchoperro,Juseph,30,41,6,1305265,ES,Spain,Q4,2022
31,spotify:track:2vsoD8S1OyrWSVIA43hjaU,Feid,Si Te La Encuentras Por Ahí,UMLE - Latino,10,26,10,1288648,ES,Spain,Q4,2022
32,spotify:track:5R2hNuiiwnKVAUNktF9j2Y,"sangiovanni, Aitana",mariposas,Universal Music Italia srL. (Sugar),12,34,19,1233266,ES,Spain,Q4,2022
33,spotify:track:511ZMyXhrPlJvQSYtBWDy3,"Beret, Estopa",Diablo,WM Spain,33,35,6,1221160,ES,Spain,Q4,2022
34,spotify:track:6Xom58OOXk2SoU711L2IXO,Bad Bunny,Moscow Mule,Rimas Entertainment LLC,1,30,23,1177219,ES,Spain,Q4,2022
35,spotify:track:6VAS7m73rDopQe7BdrFMpD,"Bizarrap, Tiago PZK","Tiago PZK: Bzrp Music Sessions, Vol. 48/66",DALE PLAY Records,1,31,42,1168183,ES,Spain,Q4,2022
36,spotify:track:7jfmlr5W2AQWUGLVhT8ofl,"Romeo Santos, ROSALÍA",El Pañuelo,Sony Music Latin,11,29,6,1164061,ES,Spain,Q4,2022
37,spotify:track:7dSZ6zGTQx66c2GF91xCrb,KAROL G,PROVENZA,BICHOTA RECORDS / INTERSCOPE RECORDS / UNIVERSAL MUSIC LATINO,6,32,25,1162839,ES,Spain,Q4,2022
38,spotify:track:5x17YrAwajDUCqB8zT9ElY,"Tiago PZK, Myke Towers",Traductor,WEA Latina,30,38,13,1148518,ES,Spain,Q4,2022
39,spotify:track:4aYd4OvURiE7jrnkdbwk0t,"Omar Montes, Jairo deRemache, Farruquito",La Llama del Amor - Riega Este Querer - Rumba/Alborea,Sony Music Latin,7,37,16,1127928,ES,Spain,Q4,2022
40,spotify:track:5Eax0qFko2dh7Rl2lYs3bx,Bad Bunny,Efecto,Rimas Entertainment LLC,10,40,23,1120706,ES,Spain,Q4,2022
41,spotify:track:2mzDRrBn6M6rWX4bGzd1uQ,Chimbala,Feliz,Chimbala,19,33,17,1109195,ES,Spain,Q4,2022
42,spotify:track:0TkIQ2I48rz4kpk1XpfyHq,"Rvfv, Rels B",Mi Luz - ft. Rels B,NASTU MUSIC,9,36,37,1098580,ES,Spain,Q4,2022
43,spotify:track:4iaNmAvcZ6sPGvgZ6vQQdx,"Quevedo, Linton",Ahora y Siempre,Rimas Entertainment LLC.,5,42,37,1091682,ES,Spain,Q4,2022
44,spotify:track:0T2pB7P1VdXPhLdQZ488uH,Feid,Normal,UMLE - Latino,18,43,14,1083194,ES,Spain,Q4,2022
45,spotify:track:6DoL1yYIwEW7VZMRaJhoJI,"Chris Jedi, Anuel AA, Chencho Corleone, Ñengo Flow",La Llevo Al Cielo (Ft. Ñengo Flow),UMLE - Latino,7,44,21,1054004,ES,Spain,Q4,2022
46,spotify:track:03a359wbiUsjN9h6yzXvmS,"Duki, KHEA",She Don't Give a Fo,DALE PLAY Records,15,46,127,1040175,ES,Spain,Q4,2022
47,spotify:track:6stWVqWxtPPednHy1mzoOz,"Rvfv, Kikimoteleba, Wesh Music",Tigini,NASTU MUSIC,3,45,21,991602,ES,Spain,Q4,2022
48,spotify:track:31i56LZnwE6uSu3exoHjtB,Bad Bunny,Neverita,Rimas Entertainment LLC,11,49,23,979665,ES,Spain,Q4,2022
49,spotify:track:6ylDpki1VpIsc525KC1ojF,Sebastian Yatra,Tacones Rojos,UMLE - Latino,3,47,51,972324,ES,Spain,Q4,2022
50,spotify:track:5TMLavqGRKNxgzMBrVpC9R,"zzoilo, Aitana",Mon Amour - Remix,Universal Music Spain S.L.,1,48,61,938402,ES,Spain,Q4,2022
1,spotify:track:6HTJgY7iWWlVLSDHsfHePf,Ninho,Jefe,Rec. 118 / Mal Luné Music,1,1,6,2758404,FR,France,Q1,2022
2,spotify:track:5S12Ds2RswM2ITC0u1J01f,Ninho,VVS,Rec. 118 / Mal Luné Music,2,2,6,2082463,FR,France,Q1,2022
3,spotify:track:7bp3zmEvpHLa0h32nhDUkB,Stromae,L’enfer,Universal Music Division Carthage Music,3,-1,1,1909738,FR,France,Q1,2022
4,spotify:track:5dfgX2GxEMQsGycPvjxhdP,Vald,Anunnaki,Echelon Records,4,-1,1,1801865,FR,France,Q1,2022
5,spotify:track:6VOUfCrjmxH62oijWgbC6O,Orelsan,Jour meilleur,7TH Magnitude / Strong Ninja,1,5,8,1618039,FR,France,Q1,2022
6,spotify:track:4fouWK6XVHhzl78KzQ1UjL,GAYLE,abcdefu,Atlantic/Arthouse Records,6,13,8,1446341,FR,France,Q1,2022
7,spotify:track:46vfSYsDJZaNQcD4YvT8GD,"Naps, GIMS",Best life,OK Many Industrie/13ème Art Music,3,3,15,1445625,FR,France,Q1,2022
8,spotify:track:0Kvkx0NcqsdYOhQzYfDuDZ,Ziak,Fixette - Bonus,Universal Music Division Capitol Music France,1,7,18,1390117,FR,France,Q1,2022
9,spotify:track:3gAEAmxdP1GIjgQ3Zud2mE,"Angèle, Damso",Démons,Angèle VL Records,7,14,6,1342020,FR,France,Q1,2022
10,spotify:track:50nfwKoDiSYg8zOCREWAm5,Ed Sheeran,Shivers,Atlantic Records UK,10,12,18,1323813,FR,France,Q1,2022
11,spotify:track:1O1EqgvgRyj1ejZPUxI0UX,Ninho,Vérité,Rec. 118 / Mal Luné Music,3,8,6,1312995,FR,France,Q1,2022
12,spotify:track:5YoDQgB4j7oBHWXH3DcwFD,OBOY,TDB,SYNDICATE RECORDS,1,9,28,1262680,FR,France,Q1,2022
13,spotify:track:2B4GHvToeLTOBB4QLzW3Ni,Farruko,Pepas,Sony Music Latin,2,6,22,1221720,FR,France,Q1,2022
14,spotify:track:7rglLriMNBPAyuJOMGwi39,"Elton John, Dua Lipa, PNAU",Cold Heart - PNAU Remix,EMI,11,11,21,1167605,FR,France,Q1,2022
15,spotify:track:2O9enJqAqs46tfBlGhLsnW,"Le classico organisé, Koba LaD, Naps, PLK, Jul, SCH, Gazo, Kofs, Soso Maness, Guy2Bezbar",Le classico organisé,Rien 100 Rien,1,15,10,1129034,FR,France,Q1,2022
16,spotify:track:5PjdY0CKGZdEuoNab3yDmX,"The Kid LAROI, Justin Bieber",STAY (with Justin Bieber),Columbia,3,10,27,1122384,FR,France,Q1,2022
17,spotify:track:1r9xUipOqoNwggBpENDsvJ,"Imagine Dragons, JID, Arcane, League of Legends",Enemy (with JID) - from the series Arcane League of Legends,KIDinaKORNER/Interscope Records,17,23,11,1103818,FR,France,Q1,2022
18,spotify:track:3uUuGVFu1V7jTQL60S1r8z,"Lost Frequencies, Calum Scott",Where Are You Now,Epic Amsterdam,17,21,20,1083440,FR,France,Q1,2022
19,spotify:track:6CyIkPh5mRkJg7T5xXynQ8,"Hornet La Frappe, Ninho",Gasolina (feat. Ninho),Rec. 118,11,28,20,1075110,FR,France,Q1,2022
20,spotify:track:3u2NGFCIe5Ynxv8djbpVP8,Ninho,Aïcha,Rec. 118 / Mal Luné Music,4,17,6,1065429,FR,France,Q1,2022
21,spotify:track:1bwhDrXcAtqePp8mNJ0pTe,Naps,La kiffance,OK Many Industrie et 13ème art Music,1,4,46,1062488,FR,France,Q1,2022
22,spotify:track:1MkN8pZzDBf1b2uzfYVOQp,"Trei Degete, Squeezie, KronoMuzik, Myd",Time Time,Balai Steak // Play Two,3,16,9,1042344,FR,France,Q1,2022
23,spotify:track:5Z9KJZvQzH6PFmb8SNkxuk,"Lil Nas X, Jack Harlow",INDUSTRY BABY (feat. Jack Harlow),Columbia,2,20,25,1000375,FR,France,Q1,2022
24,spotify:track:0iqk44gA8PaId0Fwa6eesN,Angèle,Bruxelles je t’aime,Angèle VL Records,12,19,12,985403,FR,France,Q1,2022
25,spotify:track:2Xr1dTzJee307rmrkt8c0g,CKay,love nwantiti (ah ah ah),Chocolate City Music,6,25,18,980142,FR,France,Q1,2022
26,spotify:track:6UlSVbJrj3wsyxjGM4KPAv,"Gazo, Ninho",MAUVAIS 2X (feat. Ninho),BSB PROD,13,29,8,941229,FR,France,Q1,2022
27,spotify:track:0w6lsLBvhtGcqMYA7MB7r6,Orelsan,La Quête,7TH Magnitude / Strong Ninja,2,36,8,929072,FR,France,Q1,2022
28,spotify:track:1nH2PkJL1XoUq8oE6tBZoU,The Weeknd,Sacrifice,XO / Republic Records,28,-1,1,927865,FR,France,Q1,2022
29,spotify:track:2InKuNaoyiBDf4dmr780BZ,"Le classico organisé, Elams, Naza, Naps, Tayc, Jul, Vegedream, Lynda, SAF, THABITI",Cœur de pirate,Rien 100 Rien,20,31,10,906844,FR,France,Q1,2022
30,spotify:track:6ItXr7qOXzK6KlhTbUu6hp,Ninho,Sky Priority,Rec. 118 / Mal Luné Music,3,22,6,899584,FR,France,Q1,2022
31,spotify:track:02MWAaffLxlfxAUY7c5dvx,Glass Animals,Heat Waves,Polydor Records,11,30,25,889603,FR,France,Q1,2022
32,spotify:track:2WYpG3Kv1xRTqMSNXVOpAN,Ninho,Arme de poing,Rec. 118 / Mal Luné Music,4,24,6,887842,FR,France,Q1,2022
33,spotify:track:5ioieZofgvXQK70RFhVohl,"PLK, OBOY",Attentat,Panenka Music,8,40,9,876235,FR,France,Q1,2022
34,spotify:track:6sutxiq0dIw77z0rCB3Ekk,1PLIKÉ140,CANADA,Universal Music Division Capitol Music France,34,-1,1,865589,FR,France,Q1,2022
35,spotify:track:2s1lS0DxcxTB8Y6oFgVKqW,"Kalash, Gazo",Tu le sais,Play Two,26,39,25,859563,FR,France,Q1,2022
36,spotify:track:1cgRpYVOkYnxomkDpYLyba,"Koba LaD, Naps",Doudou,Universal Music Division Capitol Music France,36,46,5,855850,FR,France,Q1,2022
37,spotify:track:46IZ0fSY2mpAiktS3KOqds,Adele,Easy On Me,Columbia,2,34,13,852570,FR,France,Q1,2022
38,spotify:track:149BxWeweaCqmsyedkNiiE,Imagine Dragons,Wrecked,Kid Ina Korner / Interscope,38,38,21,852551,FR,France,Q1,2022
39,spotify:track:6Uj1ctrBOjOas8xZXGqKk4,Doja Cat,Woman,Kemosabe Records/RCA Records,7,32,23,848617,FR,France,Q1,2022
40,spotify:track:2USlegnFJLrVLpoVfPimKB,"Gabry Ponte, LUM!X, Prezioso",Thunder,Spinnin' Records,40,70,5,841898,FR,France,Q1,2022
41,spotify:track:4c3TC1eWvz6BgOqSlOAKdT,Orelsan,L'odeur de l'essence,7TH Magnitude / Strong Ninja,1,18,9,837431,FR,France,Q1,2022
42,spotify:track:3vXnuFnC5RhPGwsFi0ORcI,Stromae,Santé,Universal Music Division Carthage Music,7,66,13,829467,FR,France,Q1,2022
43,spotify:track:20on25jryn53hWghthWWW3,"ACRAZE, Cherish",Do It To It,Thrive Music,27,27,10,820595,FR,France,Q1,2022
44,spotify:track:4IbDTrLxImTJfZePAX2nKB,"Koba LaD, Gazo",Daddy chocolat,"Grinta Records, en coproduction avec Millenium, un label Universal Music France",2,35,30,799185,FR,France,Q1,2022
45,spotify:track:14M6BbiHt2w9KHVvoIUIUF,Jul,"Pic et pic, alcool et drame",D'Or et de Platine,4,45,29,776606,FR,France,Q1,2022
46,spotify:track:0e8nrvls4Qqv5Rfa2UhqmO,Lil Nas X,THATS WHAT I WANT,Columbia,26,50,17,754938,FR,France,Q1,2022
47,spotify:track:7fWotHT92my4vLN713vFTa,Tayc,D O D O,Play Two,30,33,8,752335,FR,France,Q1,2022
48,spotify:track:2gpWyfu7eZ01zzncHpxOtA,"Swedish House Mafia, The Weeknd",Moth To A Flame (with The Weeknd),Republic Records,29,59,12,744755,FR,France,Q1,2022
49,spotify:track:6RXHipTclQenO0vKFeGZYi,Jul,La miss,D'Or et de Platine,49,69,5,743235,FR,France,Q1,2022
50,spotify:track:0rLLENEBErAJjcTFTnQxhq,Ninho,Outro,Rec. 118 / Mal Luné Music,16,42,6,740437,FR,France,Q1,2022
1,spotify:track:2toEys3zZ8rRB242Na7FZh,"disiz, Damso",RENCONTRE,Argentic Music / Capitol,1,1,3,2546519,FR,France,Q2,2022
2,spotify:track:62UFeHhvgSjvEJ12Kwjc4p,"Timal, Gazo",Filtré,Argentic Music / Capitol,2,3,8,1512912,FR,France,Q2,2022
3,spotify:track:6HTJgY7iWWlVLSDHsfHePf,Ninho,Jefe,Rec. 118 / Mal Luné Music,1,2,18,1483879,FR,France,Q2,2022
4,spotify:track:4KHXk0rTD80mEf7bbdK29j,Soolking,Suavemente,Universal Music Division Capitol Music France,4,4,6,1438203,FR,France,Q2,2022
5,spotify:track:5cqLFudVQryezmVFmmyRJN,"Aya Nakamura, Damso",Dégaine (feat. Damso),Rec. 118,1,6,5,1388584,FR,France,Q2,2022
6,spotify:track:6Y46tOTRhkBamosyuWa6YX,"ROSALÍA, The Weeknd",LA FAMA,Columbia,5,5,20,1316206,FR,France,Q2,2022
7,spotify:track:1cgRpYVOkYnxomkDpYLyba,"Koba LaD, Naps",Doudou,Universal Music Division Capitol Music France,4,7,17,1255938,FR,France,Q2,2022
8,spotify:track:3gAEAmxdP1GIjgQ3Zud2mE,"Angèle, Damso",Démons,Angèle VL Records,5,10,18,1134457,FR,France,Q2,2022
9,spotify:track:5S12Ds2RswM2ITC0u1J01f,Ninho,VVS,Rec. 118 / Mal Luné Music,2,8,18,1131995,FR,France,Q2,2022
10,spotify:track:4LRPiXqCikLlN15c3yImP7,Harry Styles,As It Was,Columbia,10,-1,1,1120981,FR,France,Q2,2022
11,spotify:track:6aZPMuJetqwKQCPClCNgd3,Yanns,Clic clic pan pan,Prodige music,9,9,13,1082304,FR,France,Q2,2022
12,spotify:track:0RlsG2tl1JE53HC2zbeGnU,"DA Uzi, Gazo",On se reverra plus (feat. Gazo),Rec. 118 / Vrai2Vrai Industry,12,77,3,1069422,FR,France,Q2,2022
13,spotify:track:6sutxiq0dIw77z0rCB3Ekk,1PLIKÉ140,CANADA,Universal Music Division Capitol Music France,4,11,13,1058597,FR,France,Q2,2022
14,spotify:track:6lZ5p6VTbZ2ZvnsdTlLv7I,CKay,emiliana,WM South Africa,14,15,13,993151,FR,France,Q2,2022
15,spotify:track:46vfSYsDJZaNQcD4YvT8GD,"Naps, GIMS",Best life,OK Many Industrie/13ème Art Music,3,12,27,984769,FR,France,Q2,2022
16,spotify:track:4fouWK6XVHhzl78KzQ1UjL,GAYLE,abcdefu,Atlantic/Arthouse Records,5,13,20,981035,FR,France,Q2,2022
17,spotify:track:0w6lsLBvhtGcqMYA7MB7r6,Orelsan,La Quête,7TH Magnitude / Strong Ninja,2,16,20,970374,FR,France,Q2,2022
18,spotify:track:2cQyipGn0DEXYLgoeIwRFe,"Russ Millions, YV, SwitchOTR, Buni, CH (GMD), Gazo, RoseReal",Reggae & Calypso (Russ Millions x Buni x YV x CH (GMD) x SwitchOTR x Gazo x RoseReal) - Remix,One Of A Kind Music,18,88,2,942074,FR,France,Q2,2022
19,spotify:track:2USlegnFJLrVLpoVfPimKB,"Gabry Ponte, LUM!X, Prezioso",Thunder,Spinnin' Records,13,19,17,930984,FR,France,Q2,2022
20,spotify:track:5ioieZofgvXQK70RFhVohl,"PLK, OBOY",Attentat,Panenka Music,7,18,21,924222,FR,France,Q2,2022
21,spotify:track:1HhNoOuqm1a5MXYEgAFl8o,"Imagine Dragons, JID, Arcane, League of Legends",Enemy (with JID) - from the series Arcane League of Legends,Kid Ina Korner / Interscope,6,14,23,905071,FR,France,Q2,2022
22,spotify:track:1SOClUWhOi8vHZYMz3GluK,Jaymes Young,Infinity,Atlantic Records,11,17,20,889342,FR,France,Q2,2022
23,spotify:track:02MWAaffLxlfxAUY7c5dvx,Glass Animals,Heat Waves,Polydor Records,11,20,37,887835,FR,France,Q2,2022
24,spotify:track:6VOUfCrjmxH62oijWgbC6O,Orelsan,Jour meilleur,7TH Magnitude / Strong Ninja,1,21,20,859401,FR,France,Q2,2022
25,spotify:track:3wfQEIvOfeVkXgGZogK3gL,RIDSA,Santa Maria,Play Two,25,36,6,765954,FR,France,Q2,2022
26,spotify:track:6RXHipTclQenO0vKFeGZYi,Jul,La miss,D'Or et de Platine,23,25,17,749552,FR,France,Q2,2022
27,spotify:track:1bwhDrXcAtqePp8mNJ0pTe,Naps,La kiffance,OK Many Industrie et 13ème art Music,1,26,58,734700,FR,France,Q2,2022
28,spotify:track:50nfwKoDiSYg8zOCREWAm5,Ed Sheeran,Shivers,Atlantic Records UK,10,29,30,734018,FR,France,Q2,2022
29,spotify:track:7fWotHT92my4vLN713vFTa,Tayc,D O D O,Play Two,16,28,20,716225,FR,France,Q2,2022
30,spotify:track:6UlSVbJrj3wsyxjGM4KPAv,"Gazo, Ninho",MAUVAIS 2X (feat. Ninho),BSB PROD,13,33,20,715712,FR,France,Q2,2022
31,spotify:track:5vUnjhBzRJJIAOJPde6zDx,"JNR CHOI, Sam Tompkins",TO THE MOON,Jnr Choi/Epic,22,22,13,713816,FR,France,Q2,2022
32,spotify:track:0Kvkx0NcqsdYOhQzYfDuDZ,Ziak,Fixette - Bonus,Universal Music Division Capitol Music France,1,32,30,703751,FR,France,Q2,2022
33,spotify:track:3uUuGVFu1V7jTQL60S1r8z,"Lost Frequencies, Calum Scott",Where Are You Now,Epic Amsterdam,16,27,32,700584,FR,France,Q2,2022
34,spotify:track:5HdOXndzIyhcLTMhAJQkUs,"DA Uzi, Ninho",Kongolais mauvais (feat. Ninho),Rec. 118 / Vrai2Vrai Industry,34,-1,1,698788,FR,France,Q2,2022
35,spotify:track:2O9enJqAqs46tfBlGhLsnW,"Le classico organisé, Koba LaD, Naps, PLK, Jul, SCH, Gazo, Kofs, Soso Maness, Guy2Bezbar",Le classico organisé,Rien 100 Rien,1,31,22,688179,FR,France,Q2,2022
36,spotify:track:4SsSjoHtxj70UG5W88i0Dy,"Josman, Laylow",Brûle,SIDELINE,7,23,3,676663,FR,France,Q2,2022
37,spotify:track:5YoDQgB4j7oBHWXH3DcwFD,OBOY,TDB,SYNDICATE RECORDS,1,34,40,670503,FR,France,Q2,2022
38,spotify:track:1F80MEkZA9yTlpMQp9dhht,"Tinlicker, Helsloot",Because You Move Me,Armada Electronic Elements,37,37,31,665872,FR,France,Q2,2022
39,spotify:track:5PjdY0CKGZdEuoNab3yDmX,"The Kid LAROI, Justin Bieber",STAY (with Justin Bieber),Columbia,3,30,39,663329,FR,France,Q2,2022
40,spotify:track:6nSP9koY7i80mhkyCtjzJj,Lyna Mahyem,Mal de toi,Nouvelle Ecole,40,49,4,642998,FR,France,Q2,2022
41,spotify:track:2ewjMyCbNv2X1dB2qIDCwD,Damso,Θ. Macarena,Universal Music Division Carthage Music,1,48,164,642408,FR,France,Q2,2022
42,spotify:track:5yHoANSze7sGzhn9MUarH3,"SDM, Maes",Passat,Universal Music Division Capitol Music France,35,35,12,639424,FR,France,Q2,2022
43,spotify:track:1O1EqgvgRyj1ejZPUxI0UX,Ninho,Vérité,Rec. 118 / Mal Luné Music,3,38,18,639183,FR,France,Q2,2022
44,spotify:track:0e8nrvls4Qqv5Rfa2UhqmO,Lil Nas X,THATS WHAT I WANT,Columbia,26,39,29,624977,FR,France,Q2,2022
45,spotify:track:2Xr1dTzJee307rmrkt8c0g,CKay,love nwantiti (ah ah ah),Chocolate City Music,6,40,30,616621,FR,France,Q2,2022
46,spotify:track:7rglLriMNBPAyuJOMGwi39,"Elton John, Dua Lipa, PNAU",Cold Heart - PNAU Remix,EMI,11,24,33,616443,FR,France,Q2,2022
47,spotify:track:6CyIkPh5mRkJg7T5xXynQ8,"Hornet La Frappe, Ninho",Gasolina (feat. Ninho),Rec. 118,11,43,32,608131,FR,France,Q2,2022
48,spotify:track:1CsuHmKOfCYxPoO4xjlAWV,Stromae,L’enfer,Universal Music Division Carthage Music,2,42,13,597619,FR,France,Q2,2022
49,spotify:track:0Jh6iWjna1wk5le0Ahn7No,Ninho,La vie qu'on mène,Rec. 118 / Mal Luné Music,3,45,159,593542,FR,France,Q2,2022
50,spotify:track:2gpWyfu7eZ01zzncHpxOtA,"Swedish House Mafia, The Weeknd",Moth To A Flame (with The Weeknd),Republic Records,29,46,24,589563,FR,France,Q2,2022
1,spotify:track:6KHsTu4Ht4XYiWcZOOdwbW,Fresh,Chop - Nouvelle École,ICB Records,1,1,2,3528966,FR,France,Q3,2022
2,spotify:track:6OZwia8loN0aPS0vTvsBjR,"Alonzo, Ninho, Naps",TOUT VA BIEN (feat. Ninho & Naps),ONLY PRO,1,2,7,2847736,FR,France,Q3,2022
3,spotify:track:3im90dPSC5z1PYJ305kgSy,"Gazo, Damso",BODIES (feat. Damso),BSB PROD,3,-1,1,2448516,FR,France,Q3,2022
4,spotify:track:48BdA5qBxXVoe59xvu0bwc,Gazo,RAPPEL,BSB PROD,4,55,2,2362618,FR,France,Q3,2022
5,spotify:track:4ZpIuzx91EAPK3VimONbfB,"ZEG P, Hamza, SCH",FADE UP,On Da Trax,5,6,2,2002502,FR,France,Q3,2022
6,spotify:track:75FEaRjZTKLhTrFGsfMUXR,Kate Bush,Running Up That Hill (A Deal With God),Fish People,2,7,6,1975407,FR,France,Q3,2022
7,spotify:track:3BnDvpeuGOj21Ir2aVEtQo,Rema,Calm Down,Mavin Records / Jonzing World,2,3,11,1954969,FR,France,Q3,2022
8,spotify:track:2wXS2IXCyBX0WL76LLYT31,Gazo,CELINE 3X,BSB PROD,2,14,9,1804092,FR,France,Q3,2022
9,spotify:track:3fgEIHsl6ecyAK1rpAxBIY,Jul,J'ai tout su,D'Or et de Platine,3,4,5,1756928,FR,France,Q3,2022
10,spotify:track:6Qe7YCkIOc1iaw9HKqO3qV,Soolking,Suavemente,Universal Music Division Capitol Music France,1,5,19,1732694,FR,France,Q3,2022
11,spotify:track:4Dvkj6JhhA12EX05fT7y2e,Harry Styles,As It Was,Columbia,1,10,14,1727066,FR,France,Q3,2022
12,spotify:track:0i9RysNKssk6syOrKDX3U2,"Gazo, Tiakola",FLEURS (feat. Tiakola),BSB PROD,12,-1,1,1532982,FR,France,Q3,2022
13,spotify:track:7eb7JIRN6HKpedFSDGd4yI,"Timal, Gazo",Filtré,Argentic Music / Capitol,2,11,21,1525319,FR,France,Q3,2022
14,spotify:track:6kwmp0U8M1tPvgPHqvbwsr,"Tiakola, Rsko",Gasolina (feat. Rsko),Wati-B,6,9,6,1498852,FR,France,Q3,2022
15,spotify:track:4RVPmkIVvzcWF27zfn3sap,Fresh,Drama queen,ICB Records,13,13,3,1475693,FR,France,Q3,2022
16,spotify:track:6KNw3UKRp3QRsO7Cf4ASVE,Gazo,MOLLY - A COLORS SHOW,BSB PROD,6,8,6,1432718,FR,France,Q3,2022
17,spotify:track:6PrB4KpvuoYWtwjPC5a44S,"Soolking, Niska",Balader,Universal Music Division Capitol Music France,17,17,6,1428054,FR,France,Q3,2022
18,spotify:track:3D29kjUyWxsT3jUUTtARVQ,Gazo,DIE,BSB PROD,18,-1,1,1390979,FR,France,Q3,2022
19,spotify:track:7LQxyZwcn4Ryq4Z0qllQd3,Gazo,LETTRE À UN OPPS,BSB PROD,19,-1,1,1381406,FR,France,Q3,2022
20,spotify:track:5QowMIujytktMDC8pktNXH,"Naps, Gazo",Vamos,Ok Many Industrie / 13Eme Art Music,9,15,3,1376933,FR,France,Q3,2022
21,spotify:track:4BuRrEwP1C4E8NkpUMe6mI,Jul,Superstar,D'Or et de Platine,4,12,7,1319345,FR,France,Q3,2022
22,spotify:track:2DB4DdfCFMw1iaR6JaR03a,"Camila Cabello, Ed Sheeran",Bam Bam (feat. Ed Sheeran),Epic,10,18,18,1157366,FR,France,Q3,2022
23,spotify:track:6aZPMuJetqwKQCPClCNgd3,Yanns,Clic clic pan pan,Prodige music,8,16,26,1142382,FR,France,Q3,2022
24,spotify:track:0Fqpx84jq1cK3pDtPvTFyM,Gazo,BECTE,BSB PROD,24,-1,1,1132310,FR,France,Q3,2022
25,spotify:track:7fZBQnc0zXwVybgCIrQQil,"Imanbek, BYOR",Belly Dancer,Musical Freedom,19,26,11,1096914,FR,France,Q3,2022
26,spotify:track:1cgRpYVOkYnxomkDpYLyba,"Koba LaD, Naps",Doudou,Universal Music Division Capitol Music France,4,20,30,1082783,FR,France,Q3,2022
27,spotify:track:6Y46tOTRhkBamosyuWa6YX,"ROSALÍA, The Weeknd",LA FAMA,Columbia,5,22,33,1079513,FR,France,Q3,2022
28,spotify:track:3mTOTW2KnH9pJlpy5o3cJK,Alonzo,TRAFICANTE,ONLY PRO,12,21,18,1052640,FR,France,Q3,2022
29,spotify:track:63Rv4Exb1rc43qYL9AOXsa,"Gazo, M Huncho",M.A.L.A (feat. M Huncho),BSB PROD,29,-1,1,1035514,FR,France,Q3,2022
30,spotify:track:3wfQEIvOfeVkXgGZogK3gL,RIDSA,Santa Maria,Play Two,14,23,19,1031728,FR,France,Q3,2022
31,spotify:track:2toEys3zZ8rRB242Na7FZh,"disiz, Damso",RENCONTRE,Argentic Music / Capitol,1,28,16,1017852,FR,France,Q3,2022
32,spotify:track:5s4nWxnucgO7YPfoPGxR1e,Gazo,JEUX DANGEREUX,BSB PROD,32,-1,1,1011730,FR,France,Q3,2022
33,spotify:track:6fKYXAnTD96mFM9nAGaC7V,Gazo,HENNESSY,BSB PROD,33,-1,1,993874,FR,France,Q3,2022
34,spotify:track:6lZ5p6VTbZ2ZvnsdTlLv7I,CKay,emiliana,WM South Africa,10,25,26,987336,FR,France,Q3,2022
35,spotify:track:181AxLRTyYh9WUxEjmJt1Y,Willy William,Trompeta,Helix Records,25,31,13,981745,FR,France,Q3,2022
36,spotify:track:3aOzpOcVaAXCb2bkabANde,"Gazo, Skread",GRA GRA BOOM (feat. Skread),BSB PROD,36,-1,1,954315,FR,France,Q3,2022
37,spotify:track:58HvfVOeJY7lUuCqF0m3ly,Elley Duhé,MIDDLE OF THE NIGHT,Not Fit For Society/RCA Records,14,24,22,941144,FR,France,Q3,2022
38,spotify:track:6HTJgY7iWWlVLSDHsfHePf,Ninho,Jefe,Rec. 118 / Mal Luné Music,1,29,31,929984,FR,France,Q3,2022
39,spotify:track:54ipXppHLA8U4yqpOFTUhr,Imagine Dragons,Bones,Kid Ina Korner / Interscope,36,39,17,916915,FR,France,Q3,2022
40,spotify:track:5S12Ds2RswM2ITC0u1J01f,Ninho,VVS,Rec. 118 / Mal Luné Music,2,30,31,896515,FR,France,Q3,2022
41,spotify:track:2cHQh4eyfAasH8AzkiFtJO,"Dadju, Ronisia",Toko Toko,Universal Music Division Capitol Music France,30,43,11,886401,FR,France,Q3,2022
42,spotify:track:46vfSYsDJZaNQcD4YvT8GD,"Naps, GIMS",Best life,OK Many Industrie/13ème Art Music,3,33,40,881667,FR,France,Q3,2022
43,spotify:track:6jcfITWcR5egvbD4fsGayr,Kungs,Clap Your Hands,Universal Music Division Island Def Jam,19,34,17,875948,FR,France,Q3,2022
44,spotify:track:2K2hSiCZAwwlFvwTxVRqoi,Gazo,BOSS,BSB PROD,44,-1,1,865636,FR,France,Q3,2022
45,spotify:track:1hlUHJgbdFdvZvG64a3W1g,Gazo,IMPACT,BSB PROD,45,-1,1,840810,FR,France,Q3,2022
46,spotify:track:6rg7j8ig8msX7THtUH7Kxa,Sound Of Legend,Maniac,Intercord,30,35,8,818675,FR,France,Q3,2022
47,spotify:track:717QGTmZdkemDaCo1vQHG0,"13 Organisé, SCH, Kofs, Jul, Naps, Soso Maness, Elams, Solda, Houari",Bande organisée,Rien 100 Rien,1,37,99,786539,FR,France,Q3,2022
48,spotify:track:5cqLFudVQryezmVFmmyRJN,"Aya Nakamura, Damso",Dégaine (feat. Damso),Rec. 118,1,27,18,781337,FR,France,Q3,2022
49,spotify:track:1bwhDrXcAtqePp8mNJ0pTe,Naps,La kiffance,OK Many Industrie et 13ème art Music,1,46,71,735515,FR,France,Q3,2022
50,spotify:track:6UlSVbJrj3wsyxjGM4KPAv,"Gazo, Ninho",MAUVAIS 2X (feat. Ninho),BSB PROD,13,45,33,718869,FR,France,Q3,2022
1,spotify:track:3D29kjUyWxsT3jUUTtARVQ,Gazo,DIE,BSB PROD,1,1,15,2779113,FR,France,Q4,2022
2,spotify:track:6PrB4KpvuoYWtwjPC5a44S,"Soolking, Niska",Balader,Universal Music Division Capitol Music France,2,2,20,1784644,FR,France,Q4,2022
3,spotify:track:4ZpIuzx91EAPK3VimONbfB,"ZEG P, Hamza, SCH",FADE UP,On Da Trax,1,3,16,1699684,FR,France,Q4,2022
4,spotify:track:4uUG5RXrOk84mYEfFvj3cK,"David Guetta, Bebe Rexha",I'm Good (Blue),Parlophone UK,4,5,7,1593194,FR,France,Q4,2022
5,spotify:track:6OZwia8loN0aPS0vTvsBjR,"Alonzo, Ninho, Naps",TOUT VA BIEN (feat. Ninho & Naps),ONLY PRO,1,4,21,1525583,FR,France,Q4,2022
6,spotify:track:0z3bi63SNZ5ylyHOzb81Uq,Gambi,PETETE,Rec. 118,1,6,11,1437095,FR,France,Q4,2022
7,spotify:track:4h9wh7iOZ0GGn8QVp4RAOB,OneRepublic,I Ain't Worried,Interscope Records,7,7,18,1408512,FR,France,Q4,2022
8,spotify:track:3LtpKP5abr2qqjunvjlX5i,Central Cee,Doja,Central Cee,6,11,12,1244008,FR,France,Q4,2022
9,spotify:track:7IXQrRgmHxWYWitSlyFY7z,"Kerchak, Ziak",Peur (feat. Ziak),Label Blue Sky,4,9,3,1243752,FR,France,Q4,2022
10,spotify:track:53tfEupEzQRtVFOeZvk7xq,ROSALÍA,DESPECHÁ,Columbia,10,14,11,1212491,FR,France,Q4,2022
11,spotify:track:48BdA5qBxXVoe59xvu0bwc,Gazo,RAPPEL,BSB PROD,4,12,16,1204999,FR,France,Q4,2022
12,spotify:track:5EWPzyWm0b9McPS5Qyaijp,Pierre de Maere,Un jour je marierai un ange,Wagram Music / Cinq 7,12,19,12,1164610,FR,France,Q4,2022
13,spotify:track:3TVUW7bJJWDOonkVCZxfLV,Beendo Z,Pas bête,GUETTE MUSIC / ADA France,9,15,15,1156239,FR,France,Q4,2022
14,spotify:track:3nqQXoyQOWXiESFLlDF1hG,"Sam Smith, Kim Petras",Unholy (feat. Kim Petras),Capitol Records UK / EMI,10,10,3,1132749,FR,France,Q4,2022
15,spotify:track:0H5JKQ7qQ5MBeRSZSieZsM,Lomepal,Mauvais ordre,Pinéale,4,8,4,1110057,FR,France,Q4,2022
16,spotify:track:4Dvkj6JhhA12EX05fT7y2e,Harry Styles,As It Was,Columbia,1,13,28,1095760,FR,France,Q4,2022
17,spotify:track:4VpmtsVKIRfNlmrtaEnrQi,Lomepal,À peu près,Pinéale,5,16,4,1025913,FR,France,Q4,2022
18,spotify:track:3fgEIHsl6ecyAK1rpAxBIY,Jul,J'ai tout su,D'Or et de Platine,3,20,19,1019139,FR,France,Q4,2022
19,spotify:track:5QQKWOwPjG9vcDBTQ5Hv5Q,"PEDRO SAMPAIO, Anitta, Dadju, Mc Pedrinho, Nicky Jam","DANÇARINA (feat. Nicky Jam, MC Pedrinho) - Remix",WM Brazil,13,18,11,997886,FR,France,Q4,2022
20,spotify:track:6kwmp0U8M1tPvgPHqvbwsr,"Tiakola, Rsko",Gasolina (feat. Rsko),Wati-B,6,22,20,967861,FR,France,Q4,2022
21,spotify:track:5IgjP7X4th6nMNDh4akUHb,Chris Brown,Under The Influence,Chris Brown Entertainment/RCA Records,21,23,11,967730,FR,France,Q4,2022
22,spotify:track:6YWjskKykdPsBuiTBOg1VK,Damso,Δ. Dieu ne ment jamais,Universal Music Division Carthage Music,8,25,41,957956,FR,France,Q4,2022
23,spotify:track:0i9RysNKssk6syOrKDX3U2,"Gazo, Tiakola",FLEURS (feat. Tiakola),BSB PROD,12,28,15,933244,FR,France,Q4,2022
24,spotify:track:6KHsTu4Ht4XYiWcZOOdwbW,Fresh,Chop - Nouvelle École,ICB Records,1,21,16,932469,FR,France,Q4,2022
25,spotify:track:43vjYTKZg8R5LsuITJ4wVu,RK,Lola,Universal Music Distribution Deal,25,-1,1,919885,FR,France,Q4,2022
26,spotify:track:4otT81iBBpaf36roGtzT4a,Lomepal,Decrescendo,Pinéale,13,24,4,901441,FR,France,Q4,2022
27,spotify:track:3BnDvpeuGOj21Ir2aVEtQo,Rema,Calm Down,Mavin Records / Jonzing World,2,27,25,889391,FR,France,Q4,2022
28,spotify:track:7jtQIBanIiJOMS6RyCx6jZ,Tom Odell,Another Love,ITNO/Columbia,28,46,63,868577,FR,France,Q4,2022
29,spotify:track:38T0tPVZHcPZyhtOcCP7pF,Lil Nas X,STAR WALKIN' (League of Legends Worlds Anthem),Columbia,29,29,3,863134,FR,France,Q4,2022
30,spotify:track:3sgzxVe4NjuezbZ8CiPlLP,"Kalash, Damso",Malpolis,Play Two,8,26,3,845341,FR,France,Q4,2022
31,spotify:track:2WigMwGJysIh9fRnSJvpjn,Oxlade,KU LO SA - A COLORS SHOW,Troniq Inc,29,30,10,832665,FR,France,Q4,2022
32,spotify:track:1xzi1Jcr7mEi9K2RfzLOqS,Beyoncé,CUFF IT,Parkwood Entertainment/Columbia,32,39,5,830865,FR,France,Q4,2022
33,spotify:track:0WtM2NBVQNNJLh6scP13H8,"Rema, Selena Gomez",Calm Down (with Selena Gomez),Mavin Records / Jonzing World,27,33,7,828863,FR,France,Q4,2022
34,spotify:track:4UyVCLbNG8yhrqbzeSmdho,"Black Eyed Peas, Shakira, David Guetta",DON'T YOU WORRY,Epic,20,34,13,786160,FR,France,Q4,2022
35,spotify:track:54ipXppHLA8U4yqpOFTUhr,Imagine Dragons,Bones,Kid Ina Korner / Interscope,24,36,31,767584,FR,France,Q4,2022
36,spotify:track:6HTJgY7iWWlVLSDHsfHePf,Ninho,Jefe,Rec. 118 / Mal Luné Music,1,37,45,767001,FR,France,Q4,2022
37,spotify:track:0Jh6iWjna1wk5le0Ahn7No,Ninho,La vie qu'on mène,Rec. 118 / Mal Luné Music,3,49,186,760204,FR,France,Q4,2022
38,spotify:track:2wqnUV5B4g6u3somiH9JkX,Lomepal,Tee,Pinéale,10,31,19,746579,FR,France,Q4,2022
39,spotify:track:2wXS2IXCyBX0WL76LLYT31,Gazo,CELINE 3X,BSB PROD,2,38,23,731965,FR,France,Q4,2022
40,spotify:track:0Fqpx84jq1cK3pDtPvTFyM,Gazo,BECTE,BSB PROD,24,59,14,730204,FR,France,Q4,2022
41,spotify:track:63WuQOXohQIxOxIFA2K7bR,Måneskin,SUPERMODEL,Epic,35,41,20,726920,FR,France,Q4,2022
42,spotify:track:3BsYL1gVsiFpo0bM8oTbi0,"Mig, Tiakola",Quand j'y repense,Universal Music Division Capitol Music France,17,17,2,721605,FR,France,Q4,2022
43,spotify:track:63siBeZzxXVaY0uASns1V2,"Bigflo & Oli, Julien Doré",Coup de vieux,Universal Music Distributed Deals,43,48,13,714015,FR,France,Q4,2022
44,spotify:track:2GS9AEoOjgbztBfIbCJ2mr,Lucenzo,Baila Pa Mi,Play Two,39,45,15,711436,FR,France,Q4,2022
45,spotify:track:7sA2SKTo1QbTSSYn5YvJC4,Imagine Dragons,Sharks,Kid Ina Korner / Interscope,45,47,13,708183,FR,France,Q4,2022
46,spotify:track:5S12Ds2RswM2ITC0u1J01f,Ninho,VVS,Rec. 118 / Mal Luné Music,2,43,45,695378,FR,France,Q4,2022
47,spotify:track:5b8HD1dJDuPawgS5FjSC2q,"Tiakola, Niska, Gazo",Mode AV (feat. Niska & Gazo),Wati-B,16,42,20,691786,FR,France,Q4,2022
48,spotify:track:5YbPxJwPfrj7uswNwoF1pJ,Burna Boy,Last Last,Spaceship/ Bad Habit/Atlantic Records,31,51,15,691557,FR,France,Q4,2022
49,spotify:track:6V40xLcDlYwZpz3oKIVNhL,Lomepal,Hasarder,Pinéale,6,32,4,677540,FR,France,Q4,2022
50,spotify:track:7eb7JIRN6HKpedFSDGd4yI,"Timal, Gazo",Filtré,Argentic Music / Capitol,2,50,35,669522,FR,France,Q4,2022
1,spotify:track:5S9Zs5g9lTWnLIboN1pdlU,Lauren Spencer Smith,Fingers Crossed,"Three Name Productions, Inc./ Island Records & Republic Records",1,72,2,1977379,GB,United Kingdom,Q1,2022
2,spotify:track:46IZ0fSY2mpAiktS3KOqds,Adele,Easy On Me,Columbia,1,1,13,1947469,GB,United Kingdom,Q1,2022
3,spotify:track:4fouWK6XVHhzl78KzQ1UjL,GAYLE,abcdefu,Atlantic/Arthouse Records,2,2,9,1913607,GB,United Kingdom,Q1,2022
4,spotify:track:52xJxFP6TqMuO4Yt0eOkMz,"Carolina Gaitán - La Gaita, Mauro Castillo, Adassa, Rhenzy Feliz, Diane Guerrero, Stephanie Beatriz, Encanto - Cast",We Don't Talk About Bruno,Walt Disney Records,4,10,3,1817798,GB,United Kingdom,Q1,2022
5,spotify:track:337kcYVjYXdLBItCw9ry3b,"D-Block Europe, Central Cee",Overseas,D-Block Europe,5,7,8,1705278,GB,United Kingdom,Q1,2022
6,spotify:track:1nH2PkJL1XoUq8oE6tBZoU,The Weeknd,Sacrifice,XO / Republic Records,6,-1,1,1701480,GB,United Kingdom,Q1,2022
7,spotify:track:50nfwKoDiSYg8zOCREWAm5,Ed Sheeran,Shivers,Atlantic Records UK,1,3,18,1690256,GB,United Kingdom,Q1,2022
8,spotify:track:02MWAaffLxlfxAUY7c5dvx,Glass Animals,Heat Waves,Polydor Records,5,5,65,1549356,GB,United Kingdom,Q1,2022
9,spotify:track:5rF6YUIlgiat22OT1lWspJ,Sam Fender,Seventeen Going Under,Polydor Records,5,9,14,1497342,GB,United Kingdom,Q1,2022
10,spotify:track:7rglLriMNBPAyuJOMGwi39,"Elton John, Dua Lipa, PNAU",Cold Heart - PNAU Remix,EMI,2,6,22,1469668,GB,United Kingdom,Q1,2022
11,spotify:track:3rmo8F54jFF8OgYsqTxm5d,Ed Sheeran,Bad Habits,Atlantic Records UK,1,4,29,1447613,GB,United Kingdom,Q1,2022
12,spotify:track:5PjdY0CKGZdEuoNab3yDmX,"The Kid LAROI, Justin Bieber",STAY (with Justin Bieber),Columbia,1,8,27,1386980,GB,United Kingdom,Q1,2022
13,spotify:track:1xIqDFx3KdByBnKMlTECcM,"SwitchOTR, A1 x J1",Coming for You (feat. A1 x J1),Robots & Humans,8,11,11,1306762,GB,United Kingdom,Q1,2022
14,spotify:track:2BzAGK3lEZAQz5cU0Ae1wd,ArrDee,Flowers (Say My Name),Universal-Island Records Ltd.,5,14,10,1285504,GB,United Kingdom,Q1,2022
15,spotify:track:760jhRscwGbIIe1m1IIQpU,Jessica Darrow,Surface Pressure,Walt Disney Records,15,23,3,1275290,GB,United Kingdom,Q1,2022
16,spotify:track:7AVyve7cFYTd51ha5i9kE2,"Luude, Colin Hay",Down Under (feat. Colin Hay),Sweat It Out,16,26,2,1269074,GB,United Kingdom,Q1,2022
17,spotify:track:20on25jryn53hWghthWWW3,"ACRAZE, Cherish",Do It To It,Thrive Music,13,13,11,1231968,GB,United Kingdom,Q1,2022
18,spotify:track:7au23Qf6zRs72N3RztqUQe,"D-Block Europe, AJ Tracey",Make You Smile,D-Block Europe,16,16,8,1226807,GB,United Kingdom,Q1,2022
19,spotify:track:4hJhHbkhZFnxmWbAkZRoe0,"Fireboy DML, Ed Sheeran",Peru,YBNL Nation / EMPIRE,17,17,3,1220144,GB,United Kingdom,Q1,2022
20,spotify:track:4PYfFHKfjYz6dwAtZhBy1z,Central Cee,Obsessed With You,Central Cee,5,19,18,1160824,GB,United Kingdom,Q1,2022
21,spotify:track:2Ghp894n1laIf2w98VeAOJ,The Weeknd,How Do I Make You Love Me?,XO / Republic Records,21,-1,1,1151429,GB,United Kingdom,Q1,2022
22,spotify:track:3KyKxJ4P3pVCgaZwaq2rUC,The Weeknd,Gasoline,XO / Republic Records,22,-1,1,1123144,GB,United Kingdom,Q1,2022
23,spotify:track:0mL82sxCRjrs3br407IdJh,The Weeknd,Is There Someone Else?,XO / Republic Records,23,-1,1,1117938,GB,United Kingdom,Q1,2022
24,spotify:track:1r9xUipOqoNwggBpENDsvJ,"Imagine Dragons, JID, Arcane, League of Legends",Enemy (with JID) - from the series Arcane League of Legends,KIDinaKORNER/Interscope Records,18,18,9,1109975,GB,United Kingdom,Q1,2022
25,spotify:track:1E8xVRD9lPeXJQ3vXIlJk2,Central Cee,Retail Therapy,Central Cee,25,-1,1,1099307,GB,United Kingdom,Q1,2022
26,spotify:track:4ZtFanR9U6ndgddUvNcjcG,Olivia Rodrigo,good 4 u,Olivia Rodrigo PS,1,12,35,1095923,GB,United Kingdom,Q1,2022
27,spotify:track:2SLwbpExuoBDZBpjfefCtV,The Weeknd,Out of Time,XO / Republic Records,27,-1,1,1049818,GB,United Kingdom,Q1,2022
28,spotify:track:5Z9KJZvQzH6PFmb8SNkxuk,"Lil Nas X, Jack Harlow",INDUSTRY BABY (feat. Jack Harlow),Columbia,4,15,25,1029022,GB,United Kingdom,Q1,2022
29,spotify:track:6Uj1ctrBOjOas8xZXGqKk4,Doja Cat,Woman,Kemosabe Records/RCA Records,11,20,27,1018238,GB,United Kingdom,Q1,2022
30,spotify:track:2vgUijXOTRMnWXDtvgMp2b,The Weeknd,Take My Breath,XO / Republic Records,30,-1,1,978535,GB,United Kingdom,Q1,2022
31,spotify:track:2Xr1dTzJee307rmrkt8c0g,CKay,love nwantiti (ah ah ah),Chocolate City Music,8,22,18,966187,GB,United Kingdom,Q1,2022
32,spotify:track:3uUuGVFu1V7jTQL60S1r8z,"Lost Frequencies, Calum Scott",Where Are You Now,Epic Amsterdam,32,33,14,959137,GB,United Kingdom,Q1,2022
33,spotify:track:6I3mqTwhRpn34SLVafSH7G,Justin Bieber,Ghost,RBMG/Def Jam,29,29,16,905285,GB,United Kingdom,Q1,2022
34,spotify:track:1E5Xu8dur0fAjSP1VpVhAZ,The Weeknd,Best Friends,XO / Republic Records,34,-1,1,900029,GB,United Kingdom,Q1,2022
35,spotify:track:2D4dV2KXDTszzJ3p3cFqhA,The Weeknd,Less Than Zero,XO / Republic Records,35,-1,1,887057,GB,United Kingdom,Q1,2022
36,spotify:track:003vvx7Niy0yvhvHt4a68B,The Killers,Mr. Brightside,Island Records,21,21,264,873533,GB,United Kingdom,Q1,2022
37,spotify:track:1NhjYYcYTRywc0di98xHxf,"The Weeknd, Tyler, The Creator","Here We Go… Again (feat. Tyler, the Creator)",XO / Republic Records,37,-1,1,871906,GB,United Kingdom,Q1,2022
38,spotify:track:4btFHqumCO31GksfuBLLv3,Ed Sheeran,Overpass Graffiti,Atlantic Records UK,5,27,11,870327,GB,United Kingdom,Q1,2022
39,spotify:track:3Kkjo3cT83cw09VJyrLNwX,Adele,Oh My God,Columbia,2,36,8,853210,GB,United Kingdom,Q1,2022
40,spotify:track:0W7brFokN6QtGRNp32RCQP,Arz,Alone With You,Capitol,25,34,22,851084,GB,United Kingdom,Q1,2022
41,spotify:track:4b1yxSdlumA8N4fEk4UOZp,"Stephanie Beatriz, Olga Merediz, Encanto - Cast",The Family Madrigal,Walt Disney Records,41,51,2,834415,GB,United Kingdom,Q1,2022
42,spotify:track:6krYS8KtmNAYyb5uTZiYW4,The Weeknd,Dawn FM,XO / Republic Records,42,-1,1,824336,GB,United Kingdom,Q1,2022
43,spotify:track:5krhFNgUcYHwXlNPJJYzFM,Ewan McVicar,Tell Me Something Good,Ministry of Sound Recordings,22,25,19,806312,GB,United Kingdom,Q1,2022
44,spotify:track:2zxEc1GCSCxbHIXTfhraRC,"Dave, Stormzy",Clash (feat. Stormzy),Neighbourhood [GB] / Dave,2,31,27,792653,GB,United Kingdom,Q1,2022
45,spotify:track:5XbA7TAqsD0fj0dGBrbb0D,"The Weeknd, Lil Wayne",I Heard You’re Married (feat. Lil Wayne),XO / Republic Records,45,-1,1,789010,GB,United Kingdom,Q1,2022
46,spotify:track:0e8nrvls4Qqv5Rfa2UhqmO,Lil Nas X,THATS WHAT I WANT,Columbia,9,28,17,786450,GB,United Kingdom,Q1,2022
47,spotify:track:2dWNKXTs5z7Iu1g0kYh4Xe,"Becky Hill, Topic",My Heart Goes (La Di Da) (feat. Topic),Polydor Records,15,35,20,780771,GB,United Kingdom,Q1,2022
48,spotify:track:6zzdyvVWjGrQBraSvuqJPY,The Weeknd,Starry Eyes,XO / Republic Records,48,-1,1,765912,GB,United Kingdom,Q1,2022
49,spotify:track:4CUX44NA1CPEzd0ibMLQsL,"Belters Only, Jazzy",Make Me Feel Good,Polydor Records,49,121,2,733757,GB,United Kingdom,Q1,2022
50,spotify:track:3DarAbFujv6eYNliUTyqtz,"Doja Cat, SZA",Kiss Me More (feat. SZA),Kemosabe Records/RCA Records,2,24,40,719341,GB,United Kingdom,Q1,2022
1,spotify:track:4LRPiXqCikLlN15c3yImP7,Harry Styles,As It Was,Columbia,1,-1,1,5882463,GB,United Kingdom,Q2,2022
2,spotify:track:531KGXtBroSrOX9LVmiIgc,Dave,Starlight,Dave / Neighbourhood Recordings,1,1,5,3274118,GB,United Kingdom,Q2,2022
3,spotify:track:3pudQCMnsFGwOElTZmuml8,"Aitch, Ashanti",Baby,Capitol Records UK / EMI,2,2,4,2494278,GB,United Kingdom,Q2,2022
4,spotify:track:02MWAaffLxlfxAUY7c5dvx,Glass Animals,Heat Waves,Polydor Records,2,3,77,1734322,GB,United Kingdom,Q2,2022
5,spotify:track:3uUuGVFu1V7jTQL60S1r8z,"Lost Frequencies, Calum Scott",Where Are You Now,Epic Amsterdam,2,4,26,1523956,GB,United Kingdom,Q2,2022
6,spotify:track:5rF6YUIlgiat22OT1lWspJ,Sam Fender,Seventeen Going Under,Polydor Records,2,7,26,1407640,GB,United Kingdom,Q2,2022
7,spotify:track:3Oww84xrmgjyr5J1ilOmAf,"Luude, Colin Hay",Down Under (feat. Colin Hay),Sweat It Out,4,5,14,1378238,GB,United Kingdom,Q2,2022
8,spotify:track:4hJhHbkhZFnxmWbAkZRoe0,"Fireboy DML, Ed Sheeran",Peru,YBNL Nation / EMPIRE,6,6,15,1323321,GB,United Kingdom,Q2,2022
9,spotify:track:7z5G2LOdV8okZn4yWg3q5g,"A1 x J1, Tion Wayne",Night Away (Dance) (feat. Tion Wayne),EMI,9,9,5,1266076,GB,United Kingdom,Q2,2022
10,spotify:track:3sa06xVNmLLYIxdNNmVQN8,"Jax Jones, MNEK",Where Did You Go? (feat. MNEK),Polydor Records,10,10,9,1257368,GB,United Kingdom,Q2,2022
11,spotify:track:4CUX44NA1CPEzd0ibMLQsL,"Belters Only, Jazzy",Make Me Feel Good,Polydor Records,8,8,14,1218407,GB,United Kingdom,Q2,2022
12,spotify:track:52xJxFP6TqMuO4Yt0eOkMz,"Carolina Gaitán - La Gaita, Mauro Castillo, Adassa, Rhenzy Feliz, Diane Guerrero, Stephanie Beatriz, Encanto - Cast",We Don't Talk About Bruno,Walt Disney Records,1,12,15,1214506,GB,United Kingdom,Q2,2022
13,spotify:track:50nfwKoDiSYg8zOCREWAm5,Ed Sheeran,Shivers,Atlantic Records UK,1,11,30,1193353,GB,United Kingdom,Q2,2022
14,spotify:track:3rmo8F54jFF8OgYsqTxm5d,Ed Sheeran,Bad Habits,Atlantic Records UK,1,14,41,1129883,GB,United Kingdom,Q2,2022
15,spotify:track:0QBzMgT7NIeoCYy3sJCof1,"Camila Cabello, Ed Sheeran",Bam Bam (feat. Ed Sheeran),Epic,15,21,5,1119216,GB,United Kingdom,Q2,2022
16,spotify:track:337kcYVjYXdLBItCw9ry3b,"D-Block Europe, Central Cee",Overseas,D-Block Europe,2,13,20,1082597,GB,United Kingdom,Q2,2022
17,spotify:track:1HvTxgCj0mTzQlEo0zLvFb,Lil Tjay,In My Head,Columbia,17,-1,1,1049059,GB,United Kingdom,Q2,2022
18,spotify:track:3FMedgGsLUNwx8NciePFEK,"Russ Millions, Buni, YV",Reggae & Calypso (Russ Millions x Buni x YV),One Of A Kind Music,11,16,8,1040741,GB,United Kingdom,Q2,2022
19,spotify:track:5PjdY0CKGZdEuoNab3yDmX,"The Kid LAROI, Justin Bieber",STAY (with Justin Bieber),Columbia,1,17,39,1031571,GB,United Kingdom,Q2,2022
20,spotify:track:4ZtFanR9U6ndgddUvNcjcG,Olivia Rodrigo,good 4 u,Olivia Rodrigo PS,1,25,47,995626,GB,United Kingdom,Q2,2022
21,spotify:track:0P88fVbvRQGgRQN1GulQNy,"Liilz, ZieZie",Glad U Came (feat. ZieZie),Robots & Humans,13,15,5,995440,GB,United Kingdom,Q2,2022
22,spotify:track:7rglLriMNBPAyuJOMGwi39,"Elton John, Dua Lipa, PNAU",Cold Heart - PNAU Remix,EMI,2,18,34,983697,GB,United Kingdom,Q2,2022
23,spotify:track:2zxEc1GCSCxbHIXTfhraRC,"Dave, Stormzy",Clash (feat. Stormzy),Neighbourhood [GB] / Dave,2,19,39,945678,GB,United Kingdom,Q2,2022
24,spotify:track:4VtRHZ4tBDHaWltVAytlLY,Cat Burns,go,Since 93,24,29,12,945445,GB,United Kingdom,Q2,2022
25,spotify:track:2iHsdUnmKGIuc9oRE3DfgJ,Mimi Webb,House On Fire,Epic,3,22,7,932018,GB,United Kingdom,Q2,2022
26,spotify:track:18asYwWugKjjsihZ0YvRxO,"Tiësto, Ava Max",The Motto,Atlantic Records,23,23,18,928152,GB,United Kingdom,Q2,2022
27,spotify:track:7kjANxR8XN4hCzLaSc2roy,"Cat Burns, goddard.",go - goddard. Remix,Since 93,27,31,4,907545,GB,United Kingdom,Q2,2022
28,spotify:track:4fouWK6XVHhzl78KzQ1UjL,GAYLE,abcdefu,Atlantic/Arthouse Records,2,24,21,885737,GB,United Kingdom,Q2,2022
29,spotify:track:6I3mqTwhRpn34SLVafSH7G,Justin Bieber,Ghost,RBMG/Def Jam,23,30,28,882783,GB,United Kingdom,Q2,2022
30,spotify:track:46IZ0fSY2mpAiktS3KOqds,Adele,Easy On Me,Columbia,1,28,25,882351,GB,United Kingdom,Q2,2022
31,spotify:track:003vvx7Niy0yvhvHt4a68B,The Killers,Mr. Brightside,Island Records,21,32,276,876856,GB,United Kingdom,Q2,2022
32,spotify:track:3z4CGd63tpUn9a6oQSG0CI,"Dave, Burna Boy",Location (feat. Burna Boy),Neighbourhood [GB] / Dave,9,27,161,854551,GB,United Kingdom,Q2,2022
33,spotify:track:3M4lhhcss897JQ0qUp2g8B,Bad Boy Chiller Crew,BMW,Relentless Records,7,26,11,852783,GB,United Kingdom,Q2,2022
34,spotify:track:2Gg9UhRTym4rztR9vU0Pvu,"Potter Payper, Tiggs Da Author",Gangsteritus,0207 Def Jam,20,20,3,840192,GB,United Kingdom,Q2,2022
35,spotify:track:59CfNbkERJ3NoTXDvoURjj,Dove Cameron,Boyfriend,Disruptor Records/Columbia,17,33,8,831390,GB,United Kingdom,Q2,2022
36,spotify:track:6Uj1ctrBOjOas8xZXGqKk4,Doja Cat,Woman,Kemosabe Records/RCA Records,11,35,39,824401,GB,United Kingdom,Q2,2022
37,spotify:track:0IuVhCflrQPMGRrOyoY5RW,Tate McRae,she's all i wanna be,RCA Records Label,29,38,9,804991,GB,United Kingdom,Q2,2022
38,spotify:track:58ge6dfP91o9oXMzq3XkIS,Arctic Monkeys,505,Domino/Warner Records,38,41,64,783933,GB,United Kingdom,Q2,2022
39,spotify:track:5Z9KJZvQzH6PFmb8SNkxuk,"Lil Nas X, Jack Harlow",INDUSTRY BABY (feat. Jack Harlow),Columbia,4,44,37,783794,GB,United Kingdom,Q2,2022
40,spotify:track:7jtQIBanIiJOMS6RyCx6jZ,Tom Odell,Another Love,ITNO/Columbia,40,42,61,781823,GB,United Kingdom,Q2,2022
41,spotify:track:0e8nrvls4Qqv5Rfa2UhqmO,Lil Nas X,THATS WHAT I WANT,Columbia,9,39,29,774000,GB,United Kingdom,Q2,2022
42,spotify:track:7au23Qf6zRs72N3RztqUQe,"D-Block Europe, AJ Tracey",Make You Smile,D-Block Europe,16,34,20,763926,GB,United Kingdom,Q2,2022
43,spotify:track:3GZD6HmiNUhxXYf8Gch723,Frank Ocean,Lost,Red Zone Entertainment / IDJ,15,36,13,753468,GB,United Kingdom,Q2,2022
44,spotify:track:1HhNoOuqm1a5MXYEgAFl8o,"Imagine Dragons, JID, Arcane, League of Legends",Enemy (with JID) - from the series Arcane League of Legends,Kid Ina Korner / Interscope,18,43,21,752654,GB,United Kingdom,Q2,2022
45,spotify:track:01IQ4aQgOf0Kkq3a273hmO,"Dave, Fredo",Funky Friday,Neighbourhood [GB] / Dave,1,40,88,740267,GB,United Kingdom,Q2,2022
46,spotify:track:1xIqDFx3KdByBnKMlTECcM,"SwitchOTR, A1 x J1",Coming for You (feat. A1 x J1),Robots & Humans,8,37,23,734377,GB,United Kingdom,Q2,2022
47,spotify:track:58HvfVOeJY7lUuCqF0m3ly,Elley Duhé,MIDDLE OF THE NIGHT,Not Fit For Society/RCA Records,46,46,11,718639,GB,United Kingdom,Q2,2022
48,spotify:track:3DKCTIiJ97bS9TGiqcABjo,"Dave, AJ Tracey",Thiago Silva,Tropics Records,10,45,80,707919,GB,United Kingdom,Q2,2022
49,spotify:track:5iFQfP3AqVnHHS89LKQisL,George Ezra,Anyone For You (Tiger Lily),Columbia,49,52,10,705788,GB,United Kingdom,Q2,2022
50,spotify:track:6K5ph5mq1qprHae3TrgTj5,Jessica Darrow,"Surface Pressure - From ""Encanto""/Soundtrack Version",UME - Global Clearing House,4,48,15,683527,GB,United Kingdom,Q2,2022
1,spotify:track:75FEaRjZTKLhTrFGsfMUXR,Kate Bush,Running Up That Hill (A Deal With God),Fish People,1,1,6,3959212,GB,United Kingdom,Q3,2022
2,spotify:track:40SBS57su9xLiE1WqkXOVr,LF SYSTEM,Afraid To Feel,Warner Records,2,3,6,2879364,GB,United Kingdom,Q3,2022
3,spotify:track:4Dvkj6JhhA12EX05fT7y2e,Harry Styles,As It Was,Columbia,1,2,14,2820873,GB,United Kingdom,Q3,2022
4,spotify:track:2KukL7UlQ8TdvpaA7bY3ZJ,Beyoncé,BREAK MY SOUL,Parkwood Entertainment/Columbia,4,4,3,1943017,GB,United Kingdom,Q3,2022
5,spotify:track:1PckUlxKqWQs3RlWXVBLw3,Lizzo,About Damn Time,Nice Life/Atlantic,2,7,10,1643903,GB,United Kingdom,Q3,2022
6,spotify:track:6xGruZOHLs39ZbVccQTuPZ,Joji,Glimpse of Us,88rising Music,5,5,4,1628323,GB,United Kingdom,Q3,2022
7,spotify:track:0oiv4E896TUTTeQU0cmIui,Drake,Massive,OVO,6,6,3,1540048,GB,United Kingdom,Q3,2022
8,spotify:track:02MWAaffLxlfxAUY7c5dvx,Glass Animals,Heat Waves,Polydor Records,2,10,90,1436663,GB,United Kingdom,Q3,2022
9,spotify:track:4N5s8lPTsjI9EGP7K4SXzB,George Ezra,Green Green Grass,Columbia,9,12,9,1368779,GB,United Kingdom,Q3,2022
10,spotify:track:3F5CgOj3wFlRv51JsHbxhe,"Drake, 21 Savage",Jimmy Cooks (feat. 21 Savage),OVO,4,8,3,1368539,GB,United Kingdom,Q3,2022
11,spotify:track:1qEmFfgcLObUfQm0j1W2CK,Harry Styles,Late Night Talking,Columbia,2,9,7,1324975,GB,United Kingdom,Q3,2022
12,spotify:track:7u3w4fQhulC1etJbdfmv3Q,"Tion Wayne, La Roux",IFTK,Atlantic Records UK,6,13,8,1317319,GB,United Kingdom,Q3,2022
13,spotify:track:59nOXPmaKlBfGMDeOVGrIK,"Future, Drake, Tems",WAIT FOR U (feat. Drake & Tems),Epic/Freebandz,5,14,10,1269717,GB,United Kingdom,Q3,2022
14,spotify:track:2MuWTIM3b0YEAskbeeFE1i,Metallica,Master of Puppets (Remastered),Blackened Recordings,14,-1,1,1237845,GB,United Kingdom,Q3,2022
15,spotify:track:4h9wh7iOZ0GGn8QVp4RAOB,OneRepublic,I Ain't Worried,Interscope Records,15,20,5,1194490,GB,United Kingdom,Q3,2022
16,spotify:track:5LYMamLv12UPbemOaTPyeV,Harry Styles,Music For a Sushi Restaurant,Columbia,3,11,7,1192023,GB,United Kingdom,Q3,2022
17,spotify:track:531KGXtBroSrOX9LVmiIgc,Dave,Starlight,Dave / Neighbourhood Recordings,1,15,18,1168462,GB,United Kingdom,Q3,2022
18,spotify:track:5rF6YUIlgiat22OT1lWspJ,Sam Fender,Seventeen Going Under,Polydor Records,2,17,39,1162862,GB,United Kingdom,Q3,2022
19,spotify:track:1RF02Cf80mTaeNXG2P2boR,"Nathan Dawe, Ella Henderson",21 Reasons (feat. Ella Henderson),Atlantic Records UK,18,18,10,1160069,GB,United Kingdom,Q3,2022
20,spotify:track:0wHFktze2PHC5jDt3B17DC,Jack Harlow,First Class,Generation Now/Atlantic,2,16,13,1145231,GB,United Kingdom,Q3,2022
21,spotify:track:5YbPxJwPfrj7uswNwoF1pJ,Burna Boy,Last Last,Spaceship/ Bad Habit/Atlantic Records,21,32,8,1133610,GB,United Kingdom,Q3,2022
22,spotify:track:0hquQWY3xvYqN4qtiquniF,Doja Cat,Vegas (From the Original Motion Picture Soundtrack ELVIS),Kemosabe Records/RCA Records,22,30,5,1082289,GB,United Kingdom,Q3,2022
23,spotify:track:3sa06xVNmLLYIxdNNmVQN8,"Jax Jones, MNEK",Where Did You Go? (feat. MNEK),Polydor Records,9,23,22,1042489,GB,United Kingdom,Q3,2022
24,spotify:track:3pudQCMnsFGwOElTZmuml8,"Aitch, Ashanti",Baby,Capitol Records UK / EMI,2,21,17,1029961,GB,United Kingdom,Q3,2022
25,spotify:track:1WCEAGGRD066z2Q89ObXTq,"David Guetta, Becky Hill, Ella Henderson",Crazy What Love Can Do,Parlophone UK,24,26,13,1012749,GB,United Kingdom,Q3,2022
26,spotify:track:50nfwKoDiSYg8zOCREWAm5,Ed Sheeran,Shivers,Atlantic Records UK,1,22,43,992143,GB,United Kingdom,Q3,2022
27,spotify:track:003vvx7Niy0yvhvHt4a68B,The Killers,Mr. Brightside,Island Records,21,33,289,987907,GB,United Kingdom,Q3,2022
28,spotify:track:7kjANxR8XN4hCzLaSc2roy,"Cat Burns, goddard.",go - goddard. Remix,Since 93,10,27,17,983304,GB,United Kingdom,Q3,2022
29,spotify:track:3rmo8F54jFF8OgYsqTxm5d,Ed Sheeran,Bad Habits,Atlantic Records UK,1,28,54,951263,GB,United Kingdom,Q3,2022
30,spotify:track:3uUuGVFu1V7jTQL60S1r8z,"Lost Frequencies, Calum Scott",Where Are You Now,Epic Amsterdam,2,25,39,946937,GB,United Kingdom,Q3,2022
31,spotify:track:7fYRg3CEbk6rNCuzNzMT06,"Calvin Harris, Dua Lipa, Young Thug",Potion (with Dua Lipa & Young Thug),Columbia,18,24,6,934575,GB,United Kingdom,Q3,2022
32,spotify:track:2DB4DdfCFMw1iaR6JaR03a,"Camila Cabello, Ed Sheeran",Bam Bam (feat. Ed Sheeran),Epic,7,29,18,922304,GB,United Kingdom,Q3,2022
33,spotify:track:0O6u0VJ46W86TxN9wgyqDj,"Post Malone, Doja Cat",I Like You (A Happier Song) (with Doja Cat),Mercury Records/Republic Records,9,31,5,920773,GB,United Kingdom,Q3,2022
34,spotify:track:6uvh0In7u1Xn4HgxOfAn8O,Harry Styles,Matilda,Columbia,4,19,7,893309,GB,United Kingdom,Q3,2022
35,spotify:track:4CUX44NA1CPEzd0ibMLQsL,"Belters Only, Jazzy",Make Me Feel Good,Polydor Records,8,41,27,870241,GB,United Kingdom,Q3,2022
36,spotify:track:6JIC3hbC28JZKZ8AlAqX8h,"Elton John, Dua Lipa, PNAU",Cold Heart - PNAU Remix,EMI,2,38,47,848468,GB,United Kingdom,Q3,2022
37,spotify:track:4hJhHbkhZFnxmWbAkZRoe0,"Fireboy DML, Ed Sheeran",Peru,YBNL Nation / EMPIRE,6,35,28,833689,GB,United Kingdom,Q3,2022
38,spotify:track:7ef4DlsgrMEH11cDZd32M6,"Calvin Harris, Dua Lipa",One Kiss (with Dua Lipa),Sony Music UK,1,45,108,799164,GB,United Kingdom,Q3,2022
39,spotify:track:78ywqAbY9QktwlTHyc8c4I,"D-Block Europe, Ghost Killer Track",Elegant & Gang,D-Block Europe,26,36,4,794157,GB,United Kingdom,Q3,2022
40,spotify:track:4ZtFanR9U6ndgddUvNcjcG,Olivia Rodrigo,good 4 u,Olivia Rodrigo PS,1,39,60,793540,GB,United Kingdom,Q3,2022
41,spotify:track:6A3SB2C4U6JtCavQOXLYNN,Benzz,Je M'appelle,Universal-Island Records Ltd.,28,42,11,773834,GB,United Kingdom,Q3,2022
42,spotify:track:5PjdY0CKGZdEuoNab3yDmX,"The Kid LAROI, Justin Bieber",STAY (with Justin Bieber),Columbia,1,49,52,731139,GB,United Kingdom,Q3,2022
43,spotify:track:3nhGk6VnrDHy67pXvMhdPa,Sam Ryder,SPACE MAN,Parlophone UK,6,40,8,728280,GB,United Kingdom,Q3,2022
44,spotify:track:7l9IqDtVWJurTvkQHq1BGh,Tate McRae,she's all i wanna be,RCA Records Label,25,46,22,723521,GB,United Kingdom,Q3,2022
45,spotify:track:4rmVZajAF7PkrCagGPHbqa,Drake,Sticky,OVO,11,34,3,717861,GB,United Kingdom,Q3,2022
46,spotify:track:2wGSgTmgSF3xjRrHkTc25R,"The Game, 50 Cent",Hate It Or Love It,Geffen,46,88,2,706132,GB,United Kingdom,Q3,2022
47,spotify:track:51Zw1cKDgkad0CXv23HCMU,Harry Styles,Daylight,Columbia,7,37,7,678625,GB,United Kingdom,Q3,2022
48,spotify:track:46IZ0fSY2mpAiktS3KOqds,Adele,Easy On Me,Columbia,1,77,38,670984,GB,United Kingdom,Q3,2022
49,spotify:track:4qtdkdTY1t3RmlmSbWykzR,"Sigala, Talia Mar",Stay the Night,Ministry of Sound Recordings,49,56,6,670469,GB,United Kingdom,Q3,2022
50,spotify:track:4RVwu0g32PAqgUiJoXsdF8,Billie Eilish,Happier Than Ever,Darkroom/Interscope Records,4,47,49,667254,GB,United Kingdom,Q3,2022
1,spotify:track:3nqQXoyQOWXiESFLlDF1hG,"Sam Smith, Kim Petras",Unholy (feat. Kim Petras),Capitol Records UK / EMI,1,1,3,3472327,GB,United Kingdom,Q4,2022
2,spotify:track:4uUG5RXrOk84mYEfFvj3cK,"David Guetta, Bebe Rexha",I'm Good (Blue),Parlophone UK,1,2,7,2595609,GB,United Kingdom,Q4,2022
3,spotify:track:5uSFGgIfHMT3osrAd9n9ym,Lewis Capaldi,Forget Me,Vertigo Berlin,2,3,5,2106290,GB,United Kingdom,Q4,2022
4,spotify:track:4h9wh7iOZ0GGn8QVp4RAOB,OneRepublic,I Ain't Worried,Interscope Records,4,4,19,2053783,GB,United Kingdom,Q4,2022
5,spotify:track:4k6Uh1HXdhtusDW5y8Gbvy,Steve Lacy,Bad Habit,L-M Records/RCA Records,5,6,14,2049376,GB,United Kingdom,Q4,2022
6,spotify:track:39JofJHEtg8I4fSyo7Imft,"Eliza Rose, Interplanetary Criminal",B.O.T.A. (Baddest Of Them All) - Edit,Warner Records,2,5,10,1957245,GB,United Kingdom,Q4,2022
7,spotify:track:1xzi1Jcr7mEi9K2RfzLOqS,Beyoncé,CUFF IT,Parkwood Entertainment/Columbia,7,10,11,1847466,GB,United Kingdom,Q4,2022
8,spotify:track:5IgjP7X4th6nMNDh4akUHb,Chris Brown,Under The Influence,Chris Brown Entertainment/RCA Records,8,8,12,1725453,GB,United Kingdom,Q4,2022
9,spotify:track:2yjlYDiNiQkdxVqTlaSrlX,Nicki Minaj,Super Freaky Girl,Republic Records,5,7,9,1691643,GB,United Kingdom,Q4,2022
10,spotify:track:4Dvkj6JhhA12EX05fT7y2e,Harry Styles,As It Was,Columbia,1,9,28,1638817,GB,United Kingdom,Q4,2022
11,spotify:track:3LtpKP5abr2qqjunvjlX5i,Central Cee,Doja,Central Cee,2,12,12,1451307,GB,United Kingdom,Q4,2022
12,spotify:track:40SBS57su9xLiE1WqkXOVr,LF SYSTEM,Afraid To Feel,Warner Records,1,11,20,1427365,GB,United Kingdom,Q4,2022
13,spotify:track:1eprzC29mwUQqcVj0eILdx,"Anne-Marie, Aitch",PSYCHO,Atlantic Records UK,13,16,4,1384557,GB,United Kingdom,Q4,2022
14,spotify:track:1LIvdWNdKmHvU0FJvw2diN,"Luude, Mattafix",Big City Life,Warner Records,13,13,15,1301804,GB,United Kingdom,Q4,2022
15,spotify:track:5YbPxJwPfrj7uswNwoF1pJ,Burna Boy,Last Last,Spaceship/ Bad Habit/Atlantic Records,4,14,22,1265305,GB,United Kingdom,Q4,2022
16,spotify:track:7jtQIBanIiJOMS6RyCx6jZ,Tom Odell,Another Love,ITNO/Columbia,15,19,88,1217847,GB,United Kingdom,Q4,2022
17,spotify:track:4zN21mbAuaD0WqtmaTZZeP,"James Hype, Miggy Dela Rosa",Ferrari,Universal-Island Records Ltd.,10,15,16,1188235,GB,United Kingdom,Q4,2022
18,spotify:track:75FEaRjZTKLhTrFGsfMUXR,Kate Bush,Running Up That Hill (A Deal With God),Fish People,1,18,20,1104475,GB,United Kingdom,Q4,2022
19,spotify:track:2QjOHCTQ1Jl3zawyYOpxh6,The Neighbourhood,Sweater Weather,Columbia,19,21,107,1071080,GB,United Kingdom,Q4,2022
20,spotify:track:58ge6dfP91o9oXMzq3XkIS,Arctic Monkeys,505,Domino/Warner Records,17,17,91,1064248,GB,United Kingdom,Q4,2022
21,spotify:track:3PXmiB8Htr95ccAdKyIsyR,"KSI, Tom Grennan",Not Over Yet (feat. Tom Grennan),Atlantic Records UK,10,20,10,1043962,GB,United Kingdom,Q4,2022
22,spotify:track:1xK59OXxi2TAAAbmZK0kBL,d4vd,Romantic Homicide,Darkroom/Interscope Records,22,31,5,1024969,GB,United Kingdom,Q4,2022
23,spotify:track:13Irp51zj01BZu2XtDrnAg,Lizzo,2 Be Loved (Am I Ready),Nice Life/Atlantic,23,27,7,1011971,GB,United Kingdom,Q4,2022
24,spotify:track:73vIOb4Q7YN6HeJTbscRx5,"Oliver Tree, Robin Schulz",Miss You - Bonus Track,Atlantic Records,24,-1,1,985609,GB,United Kingdom,Q4,2022
25,spotify:track:1qEmFfgcLObUfQm0j1W2CK,Harry Styles,Late Night Talking,Columbia,2,23,21,976911,GB,United Kingdom,Q4,2022
26,spotify:track:5XeFesFbtLpXzIVDNQP22n,Arctic Monkeys,I Wanna Be Yours,Domino Recording Co,22,22,12,961643,GB,United Kingdom,Q4,2022
27,spotify:track:02MWAaffLxlfxAUY7c5dvx,Glass Animals,Heat Waves,Polydor Records,2,25,104,954784,GB,United Kingdom,Q4,2022
28,spotify:track:59nOXPmaKlBfGMDeOVGrIK,"Future, Drake, Tems",WAIT FOR U (feat. Drake & Tems),Epic/Freebandz,5,29,24,916535,GB,United Kingdom,Q4,2022
29,spotify:track:003vvx7Niy0yvhvHt4a68B,The Killers,Mr. Brightside,Island Records,21,32,303,885628,GB,United Kingdom,Q4,2022
30,spotify:track:5TJEBoTCDbJXiKMdCN9pd3,"Elton John, Britney Spears",Hold Me Closer,EMI,18,26,7,881765,GB,United Kingdom,Q4,2022
31,spotify:track:2WigMwGJysIh9fRnSJvpjn,Oxlade,KU LO SA - A COLORS SHOW,Troniq Inc,31,36,10,877478,GB,United Kingdom,Q4,2022
32,spotify:track:5FVd6KXrgO9B3JPmC8OPst,Arctic Monkeys,Do I Wanna Know?,Domino Recording Co,24,24,239,862683,GB,United Kingdom,Q4,2022
33,spotify:track:5RobAV5ROH5KARimi7n3cO,"venbee, goddard.",messy in heaven,Columbia,33,55,3,857968,GB,United Kingdom,Q4,2022
34,spotify:track:5pyoxDZ1PX0KxBxiRVxA4U,Beyoncé,BREAK MY SOUL,Parkwood Entertainment/Columbia,4,28,17,854710,GB,United Kingdom,Q4,2022
35,spotify:track:6HMtHNpW6YPi1hrw9tgF8P,Lizzo,About Damn Time,Nice Life/Atlantic,2,38,24,836072,GB,United Kingdom,Q4,2022
36,spotify:track:6Iqz3QB6zSdn1N61acinau,"Aitch, Ed Sheeran",My G (feat. Ed Sheeran),Capitol Records UK / EMI,20,34,8,819163,GB,United Kingdom,Q4,2022
37,spotify:track:4N5s8lPTsjI9EGP7K4SXzB,George Ezra,Green Green Grass,Columbia,7,35,23,817415,GB,United Kingdom,Q4,2022
38,spotify:track:086myS9r57YsLbJpU0TgK9,Arctic Monkeys,Why'd You Only Call Me When You're High?,Domino Recording Co,30,30,104,816617,GB,United Kingdom,Q4,2022
39,spotify:track:531KGXtBroSrOX9LVmiIgc,Dave,Starlight,Dave / Neighbourhood Recordings,1,39,32,798122,GB,United Kingdom,Q4,2022
40,spotify:track:1WCEAGGRD066z2Q89ObXTq,"David Guetta, Becky Hill, Ella Henderson",Crazy What Love Can Do,Parlophone UK,11,37,27,786804,GB,United Kingdom,Q4,2022
41,spotify:track:3sNVsP50132BTNlImLx70i,Kanye West,Bound 2,Rock The World/IDJ/Kanye/LP6,33,42,32,766605,GB,United Kingdom,Q4,2022
42,spotify:track:7DbdUf8aHSYoliSjO6LZv6,Beach Weather,"Sex, Drugs, Etc.",8123 / Arista Records,42,44,9,764839,GB,United Kingdom,Q4,2022
43,spotify:track:2TktkzfozZifbQhXjT6I33,Omar Apollo,Evergreen (You Didn’t Deserve Me At All),Warner Records,43,50,3,752661,GB,United Kingdom,Q4,2022
44,spotify:track:6xGruZOHLs39ZbVccQTuPZ,Joji,Glimpse of Us,88rising Music,5,43,18,751001,GB,United Kingdom,Q4,2022
45,spotify:track:6zJejIfVYLgjud3lTk4DLB,Rosa Linn,SNAP,Nvak Collective,37,48,13,736058,GB,United Kingdom,Q4,2022
46,spotify:track:3EaJDYHA0KnX88JvDhL9oa,Steve Lacy,Dark Red,Three Quarter,46,46,62,734231,GB,United Kingdom,Q4,2022
47,spotify:track:3gw91o4at6nDzewF9Hxzs7,Bru-C,No Excuses,0207 Def Jam,27,47,24,706856,GB,United Kingdom,Q4,2022
48,spotify:track:7JWYtvZzxAptMETUfm37oL,K-Trap,Warm,Thousand8,48,109,2,697500,GB,United Kingdom,Q4,2022
49,spotify:track:7u3w4fQhulC1etJbdfmv3Q,"Tion Wayne, La Roux",IFTK,Atlantic Records UK,6,53,22,668950,GB,United Kingdom,Q4,2022
50,spotify:track:0WtM2NBVQNNJLh6scP13H8,"Rema, Selena Gomez",Calm Down (with Selena Gomez),Mavin Records / Jonzing World,50,74,6,665754,GB,United Kingdom,Q4,2022
1,spotify:track:3NbehQmQsyuN17EP7dW5mJ,"Sick Luke, thasup, Sfera Ebbasta",SOLITE PARE (feat. thasup & Sfera Ebbasta),Universal Music Italia srL.,1,-1,1,5012169,IT,Italy,Q1,2022
2,spotify:track:1QlqHpITeEHB4EWFGqks9J,"Sick Luke, Shiva, Capo Plaza, Tedua, Pyrex","DREAM TEAM (feat. Pyrex, Capo Plaza, Tedua & Shiva)",Universal Music Italia srL.,2,-1,1,3027383,IT,Italy,Q1,2022
3,spotify:track:3jREEhgXvvwzyCW1iGWP38,"Sick Luke, Franco126, Coez, Ketama126","FALENA (feat. Franco126, Coez & Ketama126)",Universal Music Italia srL.,3,-1,1,2299277,IT,Italy,Q1,2022
4,spotify:track:28PVVfLs3utC1poGA0SYQs,"Sick Luke, ARIETE, Mecna",IL GIORNO PIÙ TRISTE DEL MONDO (feat. Ariete & Mecna),Universal Music Italia srL.,4,-1,1,2002410,IT,Italy,Q1,2022
5,spotify:track:6aBaooPpseTRI01stV7f58,"Sick Luke, Ernia, Geolier",CREATUR (feat. Geolier & Ernia),Universal Music Italia srL.,5,-1,1,1943540,IT,Italy,Q1,2022
6,spotify:track:2VyZWWKamfq7kVnh5gMgPd,"Marracash, Guè",∞ LOVE (feat. Guè),Universal Music Italia srL.,1,1,8,1896531,IT,Italy,Q1,2022
7,spotify:track:2N3lyNW0cOeJzVNWo85Ci8,"Sick Luke, Gazzelle, Tedua",NOTTE SCURA (feat. Gazzelle & Tedua),Universal Music Italia srL.,7,-1,1,1833040,IT,Italy,Q1,2022
8,spotify:track:0xD1pdwAdoa6SrBPoOyHDz,"Sick Luke, Drast, Leon Faun",SOGNI MATTI (feat. Leon Faun & Drast),Universal Music Italia srL.,8,-1,1,1821941,IT,Italy,Q1,2022
9,spotify:track:0ZA3ynCwEXH9sU5TCFRaTs,"Sick Luke, Ghali, Tony Effe",HENTAI (feat. Ghali & Tony Effe),Universal Music Italia srL.,9,-1,1,1753474,IT,Italy,Q1,2022
10,spotify:track:6CSNzPgC41ttk0RERlfr3f,"Sick Luke, Izi, Ketama126, Luchè","TEMPORALE (feat. Ketama126, Izi & Luche)",Universal Music Italia srL.,10,-1,1,1636378,IT,Italy,Q1,2022
11,spotify:track:16EJNayKtC09M0Fi7Py47s,BLANCO,Finché Non Mi Seppelliscono,Universal Music Italia srL.,2,2,18,1566796,IT,Italy,Q1,2022
12,spotify:track:0bKDQionn4VKcgNKbs4SWX,Pinguini Tattici Nucleari,Pastello Bianco,RCA Records Label,2,4,33,1501722,IT,Italy,Q1,2022
13,spotify:track:4g0OWz92tgdNlBgc80qF6y,"Sick Luke, chiello, Madame",LA STREGA DEL FRUTTETO (feat. chiello & Madame),Universal Music Italia srL.,13,-1,4,1498410,IT,Italy,Q1,2022
14,spotify:track:3FHQwJN2JL6x9pgmTILnMB,"Sick Luke, Emis Killa, Side Baby",PEZZI DA 20 (feat. Emis Killa & Side Baby),Universal Music Italia srL.,14,-1,1,1404302,IT,Italy,Q1,2022
15,spotify:track:6oYcyS6salzWI1ysjEScFh,"Rkomi, Elodie",LA CODA DEL DIAVOLO (con ELODIE),Universal Music Italia srL.,12,12,6,1368820,IT,Italy,Q1,2022
16,spotify:track:3QdtpN3K8s2aDsX6o10KZK,"Fedez, Tedua",SAPORE – with Tedua,Columbia,2,3,7,1356421,IT,Italy,Q1,2022
17,spotify:track:3IfwbxdAUjSjbFm2Yq3O6I,"Sick Luke, Jake La Furia, Fabri Fibra, Izi","FACCIO COSE (feat. Jake La Furia, Fabri Fibra & Izi)",Universal Music Italia srL.,17,-1,1,1341278,IT,Italy,Q1,2022
18,spotify:track:1oMZnVIuo6GmUNnemu8sLu,"Marracash, BLANCO",NEMESI (feat. BLANCO),Universal Music Italia srL.,3,6,8,1325332,IT,Italy,Q1,2022
19,spotify:track:3HYK8FMGNQu1Whl8DdtsRC,Marracash,CRAZY LOVE,Universal Music Italia srL.,2,5,8,1313732,IT,Italy,Q1,2022
20,spotify:track:5b5LAmQZx3mKmhL7PQGegi,Guè,Veleno,Universal Music Italia srL.,3,10,5,1239093,IT,Italy,Q1,2022
21,spotify:track:6z37P32HMJWEsHImmNVArF,"Sick Luke, Gaia, Carl Brave",MOSAICI (feat. Gaia & Carl Brave),Universal Music Italia srL.,21,-1,1,1236964,IT,Italy,Q1,2022
22,spotify:track:7zMhSaj07q1xOpg5T05yfK,"Sick Luke, Taxi B, Pyrex",CLOCHARD (feat. Taxi B & Pyrex),Universal Music Italia srL.,22,-1,1,1195444,IT,Italy,Q1,2022
23,spotify:track:6yaNNYWPjkWHbh1jADEyJO,Salmo,KUMITE,Columbia,1,9,15,1186514,IT,Italy,Q1,2022
24,spotify:track:1x3Qb8np6S1UvpSLthwEJN,"BLANCO, Sfera Ebbasta",MI FAI IMPAZZIRE,Universal Music Italia srL.,1,7,30,1170765,IT,Italy,Q1,2022
25,spotify:track:4fouWK6XVHhzl78KzQ1UjL,GAYLE,abcdefu,Atlantic/Arthouse Records,11,11,9,1119376,IT,Italy,Q1,2022
26,spotify:track:6cK1buCgdWeO9536VM4XrS,"Sick Luke, PSICOLOGI, CoCo",CAMEL E MALINCONIA (feat. PSICOLOGI & CoCo),Universal Music Italia srL.,26,-1,1,1104251,IT,Italy,Q1,2022
27,spotify:track:5M3SYjElWjKlD3jgONFw4w,PSICOLOGI,SUI MURI,Universal Music Italia srL.,8,13,5,1099019,IT,Italy,Q1,2022
28,spotify:track:0JsfWhQ2STKCqsvKse3Rgj,Coez,Come nelle canzoni,Coez licensed to Carosello Records,8,16,10,1088619,IT,Italy,Q1,2022
29,spotify:track:1PWOkqMORYdGa0OEh2GaXM,BLANCO,Notti In Bianco,Universal Music Italia srL.,1,8,53,1054185,IT,Italy,Q1,2022
30,spotify:track:0sAroRXvF6YQqMdonRDE9e,"Mecna, CoCo",La più bella,Universal Music Italia srL.,18,18,14,963514,IT,Italy,Q1,2022
31,spotify:track:0tD4EXZRm1JGDYWtKYFLWK,"Bresh, SHUNE",Angelina Jolie,Epic,21,22,44,918235,IT,Italy,Q1,2022
32,spotify:track:2B4GHvToeLTOBB4QLzW3Ni,Farruko,Pepas,Sony Music Latin,8,14,24,902222,IT,Italy,Q1,2022
33,spotify:track:1eMfykfketml0h2jCPTGwI,"Sick Luke, Cosmo, Pop X",FUNERAL PARTY (feat. Cosmo & Pop X),Universal Music Italia srL.,33,-1,1,862645,IT,Italy,Q1,2022
34,spotify:track:7u02ZUejB2uhTw1WuFXrlf,"Guè, Rose Villain",Piango Sulla Lambo (feat. Rose Villain),Universal Music Italia srL.,4,20,5,861924,IT,Italy,Q1,2022
35,spotify:track:1r9xUipOqoNwggBpENDsvJ,"Imagine Dragons, JID, Arcane, League of Legends",Enemy (with JID) - from the series Arcane League of Legends,KIDinaKORNER/Interscope Records,27,27,9,852042,IT,Italy,Q1,2022
36,spotify:track:5YSR0sWUZk7NuIbkycxndu,"Rkomi, Sfera Ebbasta, Junior K",NUOVO RANGE (con SFERA EBBASTA),Universal Music Italia srL.,1,15,37,835847,IT,Italy,Q1,2022
37,spotify:track:2tIyoiGw4F82z2C8zb7eZB,"Madame, Sfera Ebbasta",TU MI HAI CAPITO (feat. Sfera Ebbasta),Universal Music Italia srL. (Sugar),3,19,19,833311,IT,Italy,Q1,2022
38,spotify:track:40zkeKA3HRN8Nzo6kbNOCp,BLANCO,Paraocchi,Universal Music Italia srL.,3,21,46,831388,IT,Italy,Q1,2022
39,spotify:track:7rglLriMNBPAyuJOMGwi39,"Elton John, Dua Lipa, PNAU",Cold Heart - PNAU Remix,EMI,20,23,21,829089,IT,Italy,Q1,2022
40,spotify:track:2x4OEKlzSwCjHtQeHnCkJ8,"Sick Luke, Duke Montana",LIBERTÀ (feat. Duke Montana),Universal Music Italia srL.,40,-1,1,825143,IT,Italy,Q1,2022
41,spotify:track:20on25jryn53hWghthWWW3,"ACRAZE, Cherish",Do It To It,Thrive Music,17,17,10,821554,IT,Italy,Q1,2022
42,spotify:track:02MWAaffLxlfxAUY7c5dvx,Glass Animals,Heat Waves,Polydor Records,25,28,20,806626,IT,Italy,Q1,2022
43,spotify:track:5PjdY0CKGZdEuoNab3yDmX,"The Kid LAROI, Justin Bieber",STAY (with Justin Bieber),Columbia,3,24,27,797253,IT,Italy,Q1,2022
44,spotify:track:5Z9KJZvQzH6PFmb8SNkxuk,"Lil Nas X, Jack Harlow",INDUSTRY BABY (feat. Jack Harlow),Columbia,11,26,25,774246,IT,Italy,Q1,2022
45,spotify:track:1nH2PkJL1XoUq8oE6tBZoU,The Weeknd,Sacrifice,XO / Republic Records,45,-1,1,767134,IT,Italy,Q1,2022
46,spotify:track:1ktyKCzfI8hooCJP3X2yP5,"yungest Moonstar, Neffa, thasup",uNa DiReZioNe giUsTa,Arista,8,31,24,754014,IT,Italy,Q1,2022
47,spotify:track:0BeXxjO6mgLDzg4xA6UheO,BLANCO,Blu Celeste,Universal Music Italia srL.,1,25,18,740629,IT,Italy,Q1,2022
48,spotify:track:2ie4n6tymDnMjYkN32WWLV,Sacky,ANTIPATICO,WM Italy,48,-1,1,735897,IT,Italy,Q1,2022
49,spotify:track:46IZ0fSY2mpAiktS3KOqds,Adele,Easy On Me,Columbia,6,32,13,717916,IT,Italy,Q1,2022
50,spotify:track:6ZeuLKwFxg10M4DhJPBjNm,LIBERATO,ME STAJE APPENNENN' AMÒ,LIBERATO,50,102,7,688723,IT,Italy,Q1,2022
1,spotify:track:4EC028SvtlC25iHQSG2OIa,Rhove,Shakerando,Universal Music Italia srL.,1,3,16,2312027,IT,Italy,Q2,2022
2,spotify:track:1ZMGp9MTXbtAPvcKa0U3zS,"Mahmood, BLANCO",Brividi,Universal Music Italia srL.,1,2,10,2148309,IT,Italy,Q2,2022
3,spotify:track:3yWHQ4n4ARLDfYTuT2NhnN,Tananai,BABY GODDAMN,Universal Music Italia srL.,1,1,8,2138852,IT,Italy,Q2,2022
4,spotify:track:4LRPiXqCikLlN15c3yImP7,Harry Styles,As It Was,Columbia,4,-1,1,1734804,IT,Italy,Q2,2022
5,spotify:track:4lstxdn27jZqnTuyaLeJfq,Rhove,Cancelo,Universal Music Italia srL.,5,6,3,1509976,IT,Italy,Q2,2022
6,spotify:track:5HujDMiRNqZwEzVAh3oFD3,sangiovanni,farfalle,Universal Music Italia srL. (Sugar),3,7,10,1477049,IT,Italy,Q2,2022
7,spotify:track:3iV5VVzcAcqyCGy5u4ZlbP,"Luchè, Marracash",Le Pietre Non Volano (feat. Marracash),BFM Music,7,-1,1,1428329,IT,Italy,Q2,2022
8,spotify:track:6oYcyS6salzWI1ysjEScFh,"Rkomi, Elodie",LA CODA DEL DIAVOLO (con ELODIE),Universal Music Italia srL.,2,9,18,1427510,IT,Italy,Q2,2022
9,spotify:track:5ychvxJuts6RyjQz2aoXqY,"Fabri Fibra, Lazza, Madame",Caos,Epic,1,4,3,1315606,IT,Italy,Q2,2022
10,spotify:track:16EJNayKtC09M0Fi7Py47s,BLANCO,Finché Non Mi Seppelliscono,Universal Music Italia srL.,2,12,30,1309743,IT,Italy,Q2,2022
11,spotify:track:4Yi4RRhp3nfKR1FDbXlHBp,Shiva,Pensando a lei,Milano Ovest,4,10,8,1284038,IT,Italy,Q2,2022
12,spotify:track:4YhH8TVZAe2AUaz2oigGeQ,"Neima Ezza, Nko",CASA,Epic,12,16,10,1259704,IT,Italy,Q2,2022
13,spotify:track:02OFJLIZuX5l0IKApndnkh,Shiva,Soldi Puliti,Milano Ovest,5,5,2,1249746,IT,Italy,Q2,2022
14,spotify:track:5a6ABzVhqgVKI1znaI9tar,Dargen D'Amico,Dove Si Balla,Universal Music Italia srL.,4,11,10,1201758,IT,Italy,Q2,2022
15,spotify:track:0GsZZWhBMIQXAmPYPJ3PRQ,Rkomi,INSUPERABILE,Universal Music Italia srL.,4,15,10,1124557,IT,Italy,Q2,2022
16,spotify:track:0Dz9zyx2w3zYtRK6yp3VKD,Tananai,SESSO OCCASIONALE,Universal Music Italia srL.,7,14,10,1118378,IT,Italy,Q2,2022
17,spotify:track:75mCCeBwjfoZtfAPE0SxwO,Irama,Ovunque Sarai,Atlantic/WM Italy,2,13,10,1118325,IT,Italy,Q2,2022
18,spotify:track:788C9y2A5GSzMZ3uRYStBl,Lazza,MOLOTOV,Universal Music Italia srL.,8,8,2,1074567,IT,Italy,Q2,2022
19,spotify:track:3NbehQmQsyuN17EP7dW5mJ,"Sick Luke, thasup, Sfera Ebbasta",SOLITE PARE (feat. thasup & Sfera Ebbasta),Universal Music Italia srL.,1,17,13,1061028,IT,Italy,Q2,2022
20,spotify:track:1x3Qb8np6S1UvpSLthwEJN,"BLANCO, Sfera Ebbasta",MI FAI IMPAZZIRE,Universal Music Italia srL.,1,20,42,1033400,IT,Italy,Q2,2022
21,spotify:track:1ma63HYdwGlXmVhrQdgnTW,"Luchè, Geolier",Over (feat. Geolier),BFM Music,21,-1,1,1026877,IT,Italy,Q2,2022
22,spotify:track:0HhSB4nAJpI5expWnZL199,"Marracash, Guè",∞ LOVE (feat. Guè),Universal Music Italia srL.,1,18,20,1012066,IT,Italy,Q2,2022
23,spotify:track:1WXNkrOGGFpG7tjMVHLzxr,Luchè,Password,BFM Music,23,-1,1,976339,IT,Italy,Q2,2022
24,spotify:track:1PWOkqMORYdGa0OEh2GaXM,BLANCO,Notti In Bianco,Universal Music Italia srL.,1,24,65,974464,IT,Italy,Q2,2022
25,spotify:track:02MWAaffLxlfxAUY7c5dvx,Glass Animals,Heat Waves,Polydor Records,25,26,32,963301,IT,Italy,Q2,2022
26,spotify:track:6OPtTeyh2B4I3Pm6biB91c,sangiovanni,cielo dammi la luna,Universal Music Italia srL. (Sugar),26,32,2,925645,IT,Italy,Q2,2022
27,spotify:track:52t3V5rNpAYL0JQnOYhNfb,La rappresentante di lista,Ciao Ciao,Woodworm Publishing Srl,3,19,10,922093,IT,Italy,Q2,2022
28,spotify:track:3EtI6sLY2w2l4oCQ1JSI5m,"Luchè, CoCo",No Love (feat. CoCo),BFM Music,28,-1,1,916447,IT,Italy,Q2,2022
29,spotify:track:11EARgZsN3VaGmHKQ3tEeH,"Luchè, Ernia",Ci Riuscirò Davvero (feat. Ernia),BFM Music,29,-1,1,912019,IT,Italy,Q2,2022
30,spotify:track:47E18bCgrFTWXPFYkGnLMi,Paky,Blauer,Universal Music Italia srL.,4,25,10,864611,IT,Italy,Q2,2022
31,spotify:track:2V8AxW9KS5i60ccy7tXCP6,"Marco Mengoni, Madame",Mi Fiderò (feat. Madame),Epic,27,28,18,862688,IT,Italy,Q2,2022
32,spotify:track:7jtQIBanIiJOMS6RyCx6jZ,Tom Odell,Another Love,ITNO/Columbia,32,39,49,861771,IT,Italy,Q2,2022
33,spotify:track:2Z9uQAn8v8m6ZPFh4bsqY4,Rhove,LAPROVINCE #1,Universal Music Italia srL.,17,30,11,850034,IT,Italy,Q2,2022
34,spotify:track:5KkcthkQDnlhQN0WhO8DsM,Elodie,Bagno a mezzanotte,Universal Music Italia srL.,33,33,4,841575,IT,Italy,Q2,2022
35,spotify:track:0bKDQionn4VKcgNKbs4SWX,Pinguini Tattici Nucleari,Pastello Bianco,RCA Records Label,2,35,45,821241,IT,Italy,Q2,2022
36,spotify:track:0KS1D0MaqgqYku6LDj3ekl,Coez,Occhi rossi,Coez licensed to Carosello Records,36,38,18,807744,IT,Italy,Q2,2022
37,spotify:track:4LC3IJxi0FnvPALxJ8k6zw,"Paky, Shiva",Star (feat. Shiva),Universal Music Italia srL.,3,29,4,803508,IT,Italy,Q2,2022
38,spotify:track:2UaTiaxdp9uaRb6fMy8qpR,Matteo Romano,Virale,Universal Music Italia srL.,8,31,10,801209,IT,Italy,Q2,2022
39,spotify:track:2CLCQMr0ycXjaC5pVYkvyk,"Luchè, Madame",Qualcosa Di Grande (feat. Madame),BFM Music,39,-1,1,800011,IT,Italy,Q2,2022
40,spotify:track:2p5OyhSm5fS90n0Q7R3r6D,Marracash,CRAZY LOVE,Universal Music Italia srL.,2,34,20,778689,IT,Italy,Q2,2022
41,spotify:track:2szh2UCdEhLQjXLjDG8DQB,"Luchè, Elisa",D10S (feat. Elisa),BFM Music,41,-1,1,776676,IT,Italy,Q2,2022
42,spotify:track:4EId2C2yekjKDUVQ9UsPg7,Luchè,L'Ultima Volta,BFM Music,42,-1,1,771434,IT,Italy,Q2,2022
43,spotify:track:6t0ovtgnoAq9orbnisSzZp,"Fabri Fibra, Colapesce, Dimartino",Propaganda,Epic,10,27,3,766098,IT,Italy,Q2,2022
44,spotify:track:4fouWK6XVHhzl78KzQ1UjL,GAYLE,abcdefu,Atlantic/Arthouse Records,11,36,21,763506,IT,Italy,Q2,2022
45,spotify:track:3uUuGVFu1V7jTQL60S1r8z,"Lost Frequencies, Calum Scott",Where Are You Now,Epic Amsterdam,42,42,28,752190,IT,Italy,Q2,2022
46,spotify:track:0GU33khRk7UNSsTCTdPFEj,Luchè,Slang,BFM Music,46,-1,1,742036,IT,Italy,Q2,2022
47,spotify:track:7eA4sopBqbiwCfMvrU0504,"Trenches Baby, Rondodasosa",BIRKIN (feat. Rondodasosa),WM Italy,22,22,2,739773,IT,Italy,Q2,2022
48,spotify:track:3FfgFuY6NO3f06pB7R6nSs,"Irama, Sfera Ebbasta",Una Lacrima (feat. Sfera Ebbasta),Atlantic/WM Italy,19,40,6,739679,IT,Italy,Q2,2022
49,spotify:track:5gflgO9EPbIBf16n5TKnQS,Zion & Lennox,Yo Voy (feat. Daddy Yankee),Baby Records Inc,45,45,7,732203,IT,Italy,Q2,2022
50,spotify:track:3qWKjLK0EKxylouzVaiTwh,"Paky, Geolier",Comandamento (feat. Geolier),Universal Music Italia srL.,6,37,4,727328,IT,Italy,Q2,2022
1,spotify:track:0I0b7uTFfHhBz5bMkSDouF,"Fedez, Tananai, Mara Sattei",LA DOLCE VITA,Columbia,1,1,5,3297369,IT,Italy,Q3,2022
2,spotify:track:4EC028SvtlC25iHQSG2OIa,Rhove,Shakerando,Universal Music Italia srL.,1,2,29,2946170,IT,Italy,Q3,2022
3,spotify:track:3h043RAJ7tKaG1HDFeet6w,"Kaleb Di Masi, Sfera Ebbasta, Rvfv, Omar Varela",Hace Calor - Remix,Wapeo,3,3,4,2778208,IT,Italy,Q3,2022
4,spotify:track:7iLuBTHJSXM2HalKHFqEEy,Pinguini Tattici Nucleari,Giovani Wannabe,Columbia,4,4,6,2393566,IT,Italy,Q3,2022
5,spotify:track:3z0GeNGWyVduziP1cQ0mFN,"Irama, Rkomi",5 Gocce (feat. Rkomi),Atlantic/WM Italy,3,5,19,2183749,IT,Italy,Q3,2022
6,spotify:track:1v9ABGLSpdhPDEWyQ10NFD,"Jovanotti, Sixpm",I love you baby,Universal Music Italia srL.,2,6,14,2056261,IT,Italy,Q3,2022
7,spotify:track:1XpmMe95dk9jh3zuOMpeU2,Capo Plaza,Capri Sun,Atlantic/WM Italy,7,7,5,1898357,IT,Italy,Q3,2022
8,spotify:track:3yWHQ4n4ARLDfYTuT2NhnN,Tananai,BABY GODDAMN,Universal Music Italia srL.,1,9,21,1822114,IT,Italy,Q3,2022
9,spotify:track:3fIB4IEcvjlzItwnFUvIBk,"Takagi & Ketra, thasup, Salmo",BUBBLE (feat. thasup & Salmo),Columbia,8,16,4,1820910,IT,Italy,Q3,2022
10,spotify:track:01DXwNf1GzEJkYTbXgL0eb,Lazza,USCITO DI GALERA,Universal Music Italia srL.,5,14,13,1757677,IT,Italy,Q3,2022
11,spotify:track:6oYcyS6salzWI1ysjEScFh,"Rkomi, Elodie",LA CODA DEL DIAVOLO (con ELODIE),Universal Music Italia srL.,2,11,31,1751210,IT,Italy,Q3,2022
12,spotify:track:22gH5Qg5j5ZzF7LaR7Nrkj,BLANCO,Nostalgia,Universal Music Italia srL.,2,8,5,1692318,IT,Italy,Q3,2022
13,spotify:track:4Dvkj6JhhA12EX05fT7y2e,Harry Styles,As It Was,Columbia,3,12,14,1564762,IT,Italy,Q3,2022
14,spotify:track:1fdL0yW2DHzcOOUF0fZFv8,"Baby Gang, Bené",Lei (feat. Bené),Atlantic/WM Italy,4,10,3,1544303,IT,Italy,Q3,2022
15,spotify:track:7I9l9qOYfdUMuSO6Q4VQtZ,ANNA,GASOLINA,Universal Music Italia srL.,13,13,5,1522627,IT,Italy,Q3,2022
16,spotify:track:3YjriLRvztHSDJOZRTTiQz,"Boomdabash, Annalisa",Tropicana (feat. Annalisa),Universal Music Italia srL.,16,18,4,1502705,IT,Italy,Q3,2022
17,spotify:track:5KkcthkQDnlhQN0WhO8DsM,Elodie,Bagno a mezzanotte,Universal Music Italia srL.,10,17,17,1447251,IT,Italy,Q3,2022
18,spotify:track:4aKM9cfIDynkoNQdVyMZFW,"Rocco Hunt, Elettra Lamborghini, Lola Indigo",Caramello,Epic,18,21,3,1427772,IT,Italy,Q3,2022
19,spotify:track:0RFRr1i6USZRE66r5vB9OT,M¥SS KETA,FINIMONDO,Universal Music Italia srL.,19,38,4,1354144,IT,Italy,Q3,2022
20,spotify:track:7d7xucQmFY7PoESyJm2V9J,"Sfera Ebbasta, Rvssian",Mamma Mia,Universal Music Italia srL.,2,19,10,1352597,IT,Italy,Q3,2022
21,spotify:track:75FEaRjZTKLhTrFGsfMUXR,Kate Bush,Running Up That Hill (A Deal With God),Fish People,13,26,6,1331664,IT,Italy,Q3,2022
22,spotify:track:6ojrj2NSj3EkMm05yiuaMG,Fred De Palma,Extasi,WM Italy,22,32,3,1318674,IT,Italy,Q3,2022
23,spotify:track:3HiQ6Tn1mWVgYDLgeaxjS5,Shiva,Niente da perdere,Milano Ovest,7,15,6,1279998,IT,Italy,Q3,2022
24,spotify:track:4dNo8BDY0ZU7fJhiTQZuIq,"Rhove, Shiva, Ghali",Compliquè (feat. Shiva & Ghali),Universal Music Italia srL.,24,92,2,1278971,IT,Italy,Q3,2022
25,spotify:track:16EJNayKtC09M0Fi7Py47s,BLANCO,Finché Non Mi Seppelliscono,Universal Music Italia srL.,2,22,43,1155728,IT,Italy,Q3,2022
26,spotify:track:0SsUOrXUM2gZxVLYizZfQZ,"Lazza, Takagi & Ketra",PANICO (feat. Takagi & Ketra),Universal Music Italia srL.,6,25,13,1148317,IT,Italy,Q3,2022
27,spotify:track:6dMvLEipqRW6vh8Bt5PbOg,Elodie,Tribale,Universal Music Italia srL.,22,24,4,1141902,IT,Italy,Q3,2022
28,spotify:track:5a6ABzVhqgVKI1znaI9tar,Dargen D'Amico,Dove Si Balla,Universal Music Italia srL.,4,30,23,1131772,IT,Italy,Q3,2022
29,spotify:track:4lstxdn27jZqnTuyaLeJfq,Rhove,Cancelo,Universal Music Italia srL.,5,29,16,1131147,IT,Italy,Q3,2022
30,spotify:track:4zN21mbAuaD0WqtmaTZZeP,"James Hype, Miggy Dela Rosa",Ferrari,Universal-Island Records Ltd.,23,23,10,1131066,IT,Italy,Q3,2022
31,spotify:track:4Yi4RRhp3nfKR1FDbXlHBp,Shiva,Pensando a lei,Milano Ovest,4,20,21,1122451,IT,Italy,Q3,2022
32,spotify:track:0OHD6Ask31KqVqxge0OwlG,Ultimo,Vieni nel mio cuore,Ultimo Records,32,41,6,1078479,IT,Italy,Q3,2022
33,spotify:track:15223sfwoQj4IAJL8GSnfO,Raffa Fl,Ritmo,Another Rhythm,21,27,14,1061976,IT,Italy,Q3,2022
34,spotify:track:6BUueuMQR4k7CuoMEsnGou,"Lazza, Sfera Ebbasta",PIOVE (feat. Sfera Ebbasta),Universal Music Italia srL.,1,31,13,1048761,IT,Italy,Q3,2022
35,spotify:track:74lz9d1soQih0k9QtN0acn,"Medy, Timon",Bisous,Columbia,32,33,9,1014869,IT,Italy,Q3,2022
36,spotify:track:3uUuGVFu1V7jTQL60S1r8z,"Lost Frequencies, Calum Scott",Where Are You Now,Epic Amsterdam,26,34,41,1000361,IT,Italy,Q3,2022
37,spotify:track:2DB4DdfCFMw1iaR6JaR03a,"Camila Cabello, Ed Sheeran",Bam Bam (feat. Ed Sheeran),Epic,21,28,18,999931,IT,Italy,Q3,2022
38,spotify:track:1ZMGp9MTXbtAPvcKa0U3zS,"Mahmood, BLANCO",Brividi,Universal Music Italia srL.,1,45,23,930203,IT,Italy,Q3,2022
39,spotify:track:7aoU4HfD4yc1LhpyldWFtm,sangiovanni,scossa,Universal Music Italia srL. (Sugar),39,49,9,918124,IT,Italy,Q3,2022
40,spotify:track:32KxxVUfXnbdujTh5DGmgu,sangiovanni,farfalle,Universal Music Italia srL. (Sugar),3,44,23,916852,IT,Italy,Q3,2022
41,spotify:track:6jcfITWcR5egvbD4fsGayr,Kungs,Clap Your Hands,Universal Music Division Island Def Jam,33,37,17,915390,IT,Italy,Q3,2022
42,spotify:track:0b53fWGqxHfsdyzkwlEFFl,Ghali,FORTUNA,Atlantic/WM Italy,32,35,12,907452,IT,Italy,Q3,2022
43,spotify:track:6SQmh0L5icrThwGDTeLkg1,Lazza,MOLOTOV,Universal Music Italia srL.,5,51,15,906585,IT,Italy,Q3,2022
44,spotify:track:0N8UI3JyFSif4lKWLbb0mL,Irama,PAMPAMPAMPAMPAMPAMPAMPAM,Atlantic/WM Italy,44,-1,1,893945,IT,Italy,Q3,2022
45,spotify:track:7Bz5B6hEU5TS145QYTfc3k,"Soolking, Boro",Suavemente,Universal Music Division Capitol Music France,45,56,5,889509,IT,Italy,Q3,2022
46,spotify:track:1x3Qb8np6S1UvpSLthwEJN,"BLANCO, Sfera Ebbasta",MI FAI IMPAZZIRE,Universal Music Italia srL.,1,43,55,883129,IT,Italy,Q3,2022
47,spotify:track:63WuQOXohQIxOxIFA2K7bR,Måneskin,SUPERMODEL,Epic,18,39,8,880456,IT,Italy,Q3,2022
48,spotify:track:1PWOkqMORYdGa0OEh2GaXM,BLANCO,Notti In Bianco,Universal Music Italia srL.,1,50,78,856589,IT,Italy,Q3,2022
49,spotify:track:7CAnoTpF05LbICRLc8FUDY,"Rhove, Madfingerz",LAPROVINCE #2,Universal Music Italia srL.,9,46,7,854323,IT,Italy,Q3,2022
50,spotify:track:2Cp5UNKv8yUO6ng4ZDflRY,"Neima Ezza, Nko",CASA,Epic Local,12,52,23,841971,IT,Italy,Q3,2022
1,spotify:track:50DsGEqRiQr6KdEYi0NuSP,"thasup, Lazza, Sfera Ebbasta",s!r! (feat. Lazza & Sfera Ebbasta),Thasup s.r.l.,1,1,13,2935364,IT,Italy,Q4,2022
2,spotify:track:6Tj82tvIsDmfMTskuomuEq,Pinguini Tattici Nucleari,Ricordi,Columbia,2,2,3,2924408,IT,Italy,Q4,2022
3,spotify:track:78xAYXMtvQkDvlqJA3fKu6,"thasup, Rondodasosa",c!ao (feat. Rondodasosa),Thasup s.r.l.,3,4,2,2771439,IT,Italy,Q4,2022
4,spotify:track:1Ame8XTX6QHY0l0ahqUhgv,Måneskin,THE LONELIEST,Epic,4,-1,1,2432767,IT,Italy,Q4,2022
5,spotify:track:3XucsgiwXb8KPn9Csf9Zmu,"James Hype, Miggy Dela Rosa, Lazza",Ferrari - Remix,Universal-Island Records Ltd.,1,10,5,2278392,IT,Italy,Q4,2022
6,spotify:track:0GUPqrlZYs3ANVhAifVlgJ,"thasup, Tiziano Ferro",r()t()nda (feat. Tiziano Ferro),Thasup s.r.l.,3,3,2,2192320,IT,Italy,Q4,2022
7,spotify:track:1XpmMe95dk9jh3zuOMpeU2,Capo Plaza,Capri Sun,Atlantic/WM Italy,2,12,19,2023359,IT,Italy,Q4,2022
8,spotify:track:6K8MYTkn5mZzF6p14hV5cj,Icy Subzero,MUJER,Matteo D'Alessio,8,24,10,1781583,IT,Italy,Q4,2022
9,spotify:track:1E1nbIsPDO1PdtQwsAKKF3,"thasup, Coez",!ly (feat. Coez),Thasup s.r.l.,6,6,2,1746398,IT,Italy,Q4,2022
10,spotify:track:01DXwNf1GzEJkYTbXgL0eb,Lazza,USCITO DI GALERA,Universal Music Italia srL.,5,22,27,1651986,IT,Italy,Q4,2022
11,spotify:track:2tTmW7RDtMQtBk7m2rYeSw,"Bizarrap, Quevedo","Quevedo: Bzrp Music Sessions, Vol. 52/66",DALE PLAY Records,11,33,12,1650651,IT,Italy,Q4,2022
12,spotify:track:3W2tsZcoDxmNQaw61Kz1rb,thasup,mi @mi o è f@ke,Thasup s.r.l.,8,8,2,1626012,IT,Italy,Q4,2022
13,spotify:track:7iLuBTHJSXM2HalKHFqEEy,Pinguini Tattici Nucleari,Giovani Wannabe,Columbia,3,20,20,1588420,IT,Italy,Q4,2022
14,spotify:track:298vG7EUMAUWmvapd4PHL8,"Neima Ezza, Rondodasosa",LEI (feat. Rondodasosa),Epic Local,11,25,15,1579829,IT,Italy,Q4,2022
15,spotify:track:1IHWl5LamUGEuP4ozKQSXZ,Bad Bunny,Tití Me Preguntó,Rimas Entertainment LLC,6,23,15,1551284,IT,Italy,Q4,2022
16,spotify:track:75vXpgRif6ZFOBemaQUTfu,thasup,okk@pp@,Thasup s.r.l.,5,9,3,1510349,IT,Italy,Q4,2022
17,spotify:track:14XAuSrVFla2uyMiYVwQtq,"AVA, Medy, VillaBanks",TÊTE (feat. Medy & VillaBanks),Atlantic/WM Italy,8,29,15,1422810,IT,Italy,Q4,2022
18,spotify:track:0SsUOrXUM2gZxVLYizZfQZ,"Lazza, Takagi & Ketra",PANICO (feat. Takagi & Ketra),Universal Music Italia srL.,6,26,27,1400848,IT,Italy,Q4,2022
19,spotify:track:2BkoXEOE6vvkOKVNjPax2B,"thasup, Shiva",ye@h (feat. Shiva),Thasup s.r.l.,5,5,2,1392777,IT,Italy,Q4,2022
20,spotify:track:4HnloO8GMqz0IVJPANYXzo,"thasup, Mara Sattei",l%p (feat. Mara Sattei),Thasup s.r.l.,7,7,2,1374680,IT,Italy,Q4,2022
21,spotify:track:4uUG5RXrOk84mYEfFvj3cK,"David Guetta, Bebe Rexha",I'm Good (Blue),Parlophone UK,15,27,7,1318818,IT,Italy,Q4,2022
22,spotify:track:3h043RAJ7tKaG1HDFeet6w,"Kaleb Di Masi, Sfera Ebbasta, Rvfv, Omar Varela",Hace Calor - Remix,Wapeo,2,28,18,1303910,IT,Italy,Q4,2022
23,spotify:track:6ojrj2NSj3EkMm05yiuaMG,Fred De Palma,Extasi,WM Italy,5,30,17,1230377,IT,Italy,Q4,2022
24,spotify:track:3nqQXoyQOWXiESFLlDF1hG,"Sam Smith, Kim Petras",Unholy (feat. Kim Petras),Capitol Records UK / EMI,17,31,3,1226520,IT,Italy,Q4,2022
25,spotify:track:3g7ds9lLoBRTQag67wtUK3,"thasup, Rkomi",rock & rolla (feat. Rkomi),Thasup s.r.l.,11,11,2,1219288,IT,Italy,Q4,2022
26,spotify:track:6BUueuMQR4k7CuoMEsnGou,"Lazza, Sfera Ebbasta",PIOVE (feat. Sfera Ebbasta),Universal Music Italia srL.,1,34,27,1153762,IT,Italy,Q4,2022
27,spotify:track:22gH5Qg5j5ZzF7LaR7Nrkj,BLANCO,Nostalgia,Universal Music Italia srL.,2,35,19,1149582,IT,Italy,Q4,2022
28,spotify:track:6QjpEvmiZIM9qgTQhg5dzi,"Night Skinny, Paky, Noyz Narcos, Geolier, Shiva","Giorni Contati (con Paky, Noyz Narcos, Geolier & Shiva)",Universal Music Italia srL.,4,43,4,1141366,IT,Italy,Q4,2022
29,spotify:track:0OHD6Ask31KqVqxge0OwlG,Ultimo,Vieni nel mio cuore,Ultimo Records,19,41,20,1055380,IT,Italy,Q4,2022
30,spotify:track:1CGMJZj8kKIuK9kkO2TT7c,"Rose Villain, Tony Effe",Michelle Pfeiffer (feat. Tony Effe),Columbia,24,40,9,1053966,IT,Italy,Q4,2022
31,spotify:track:2dTjaUZFpnlohX8oZ5A2sy,Paky,Auto tedesca,Universal Music Italia srL.,13,38,25,1036062,IT,Italy,Q4,2022
32,spotify:track:6SQmh0L5icrThwGDTeLkg1,Lazza,MOLOTOV,Universal Music Italia srL.,5,44,29,985684,IT,Italy,Q4,2022
33,spotify:track:3z0GeNGWyVduziP1cQ0mFN,"Irama, Rkomi",5 Gocce (feat. Rkomi),Atlantic/WM Italy,3,39,33,980376,IT,Italy,Q4,2022
34,spotify:track:3fIB4IEcvjlzItwnFUvIBk,"Takagi & Ketra, thasup, Salmo",BUBBLE (feat. thasup & Salmo),Columbia,8,42,18,973530,IT,Italy,Q4,2022
35,spotify:track:1bQHZHNELY2uBOrOSRMXSr,thasup,mar+e,Thasup s.r.l.,13,13,2,968454,IT,Italy,Q4,2022
36,spotify:track:7vsofh7bdDeL0n0lodFiCi,thasup,molecole (interlude),Thasup s.r.l.,19,19,2,952211,IT,Italy,Q4,2022
37,spotify:track:18lJsd5w1ckiC8sebawPJA,"thasup, Salmo",cas!no nella m!a testa (feat. Salmo),Thasup s.r.l.,15,15,2,952010,IT,Italy,Q4,2022
38,spotify:track:3vCa88ij0fqwttqJ7E7pQL,"thasup, Pinguini Tattici Nucleari",r!va (feat. Pinguini Tattici Nucleari),Thasup s.r.l.,18,18,2,938909,IT,Italy,Q4,2022
39,spotify:track:53qZFgUIQKnFmdgsSDIYB1,"thasup, Tananai",sci@ll@ (feat. Tananai),Thasup s.r.l.,16,16,2,938789,IT,Italy,Q4,2022
40,spotify:track:7Dh5zvgpoz2kW1sbj20QWI,thasup,_bilico_,Thasup s.r.l.,17,17,2,937966,IT,Italy,Q4,2022
41,spotify:track:7nLd1J81Y2o5UhUEFUeCsb,thasup,come t! vorre!,Thasup s.r.l.,14,14,2,930619,IT,Italy,Q4,2022
42,spotify:track:3qKU0FvHKfIQSMgEEmYBtF,Luchè,La Notte di San Lorenzo,BFM Music,20,49,12,858832,IT,Italy,Q4,2022
43,spotify:track:1hjmd711q5mJQmp6T0mdol,thasup,w()ah,Thasup s.r.l.,21,21,2,849568,IT,Italy,Q4,2022
44,spotify:track:0D7gNQErvyNXUo8fwhJtiA,Icy Subzero,EGO,Matteo D'Alessio,42,54,20,836366,IT,Italy,Q4,2022
45,spotify:track:4EC028SvtlC25iHQSG2OIa,Rhove,Shakerando,Universal Music Italia srL.,1,45,43,832203,IT,Italy,Q4,2022
46,spotify:track:4Dvkj6JhhA12EX05fT7y2e,Harry Styles,As It Was,Columbia,3,48,28,826632,IT,Italy,Q4,2022
47,spotify:track:5dsz7MTrNdN9aMTrnp7sOG,Marracash,CRUDELIA - I nervi,Universal Music Italia srL.,2,55,153,820741,IT,Italy,Q4,2022
48,spotify:track:3yWHQ4n4ARLDfYTuT2NhnN,Tananai,BABY GODDAMN,Universal Music Italia srL.,1,53,35,819941,IT,Italy,Q4,2022
49,spotify:track:3YjriLRvztHSDJOZRTTiQz,"Boomdabash, Annalisa",Tropicana (feat. Annalisa),Universal Music Italia srL.,7,46,18,806065,IT,Italy,Q4,2022
50,spotify:track:7jtQIBanIiJOMS6RyCx6jZ,Tom Odell,Another Love,ITNO/Columbia,32,57,76,800063,IT,Italy,Q4,2022
1,spotify:track:7ncPjJBktLEOpstY5JOUMK,King Gnu,一途,Sony Music Labels Inc.,1,1,5,1873659,JP,Japan,Q1,2022
2,spotify:track:6ZiEWet0uFRwWBCEKCQ8rY,King Gnu,逆夢,Sony Music Labels Inc.,2,4,3,1832103,JP,Japan,Q1,2022
3,spotify:track:4JK1kDUdH9RTBQrrSO1QfR,Yuuri,ベテルギウス,Sony Music Labels Inc.,1,2,10,1791822,JP,Japan,Q1,2022
4,spotify:track:5W7Y92LB4jWvu9NeEQ0GZl,Macaroni Empitsu,なんでもないよ、,Toy's Factory,3,3,10,1636806,JP,Japan,Q1,2022
5,spotify:track:4kPlQKwtPrnqLgrmmKFSlA,Yuuri,ドライフラワー,Sony Music Labels Inc.,1,5,63,1534812,JP,Japan,Q1,2022
6,spotify:track:3ciqhcLmXP4hVGBD98QlEj,Fujii Kaze,きらり,Universal Music LLC,4,6,37,1480065,JP,Japan,Q1,2022
7,spotify:track:7v8wKvNQQIxkugCFFjrkaO,Aimer,残響散歌,Sony Music Labels Inc.,3,7,6,1478751,JP,Japan,Q1,2022
8,spotify:track:5m1i6hq7dmRlp3c1utE48L,back number,水平線,Universal Music LLC,1,10,22,1301330,JP,Japan,Q1,2022
9,spotify:track:2IL2asrtx7XM1y8fu2RMnR,Da-iCE,CITRUS,avex trax,9,9,55,1276006,JP,Japan,Q1,2022
10,spotify:track:0XZyF9lv6diMt4bxThOL0h,Awesome City Club,勿忘,cutting edge,4,8,50,1251667,JP,Japan,Q1,2022
11,spotify:track:1mWdTewIgB3gtBM3TOSFhB,BTS,Butter,BIGHIT MUSIC,1,11,34,1198774,JP,Japan,Q1,2022
12,spotify:track:6cvKfEw8rDcmXBslqSEC9G,Aimyon,Heart,WM Japan,10,16,12,1184625,JP,Japan,Q1,2022
13,spotify:track:1zd35Y44Blc1CwwVbW3Qnk,YOASOBI,群青,YOASOBI,6,12,72,1167335,JP,Japan,Q1,2022
14,spotify:track:5QDLhrAOJJdNAmCTJ8xMyW,BTS,Dynamite,BIGHIT MUSIC,1,13,73,1129438,JP,Japan,Q1,2022
15,spotify:track:4xk70Qur2QeRmWIzWPC63V,Vaundy,踊り子,SDR Inc.,10,19,8,1106888,JP,Japan,Q1,2022
16,spotify:track:6wDntdm888mDo458RaYjGl,OFFICIAL HIGE DANDISM,Cry Baby,IRORI Records,4,14,36,1104184,JP,Japan,Q1,2022
17,spotify:track:19mjCzLuMHZ0Tyn3eI85bo,Yuuri,シャッター,Sony Music Labels Inc.,11,18,27,1094944,JP,Japan,Q1,2022
18,spotify:track:3PK5ERLCyMuQ5Cb89GbZVL,Takaya Kawasaki,魔法の絨毯,Warner Music D.N.A.,13,20,69,1083637,JP,Japan,Q1,2022
19,spotify:track:6MCjmGYlw6mQVWRFVgBRvB,YOASOBI,夜に駆ける,YOASOBI,1,15,96,1082721,JP,Japan,Q1,2022
20,spotify:track:6uhIF5J5Txaie0is2nXdxU,YOASOBI,怪物,YOASOBI,4,17,53,1061990,JP,Japan,Q1,2022
21,spotify:track:3XYRV7ZSHqIRDG87DKTtry,BTS,Permission to Dance,BIGHIT MUSIC,1,21,27,1029696,JP,Japan,Q1,2022
22,spotify:track:6IO5nn84TKArsi3cjpIqaD,Ryokuoushoku Shakai,Mela!,Sony Music Labels Inc.,22,29,90,996081,JP,Japan,Q1,2022
23,spotify:track:5PjdY0CKGZdEuoNab3yDmX,"The Kid LAROI, Justin Bieber",STAY (with Justin Bieber),Columbia,7,22,27,988875,JP,Japan,Q1,2022
24,spotify:track:6qn31XzTa6YKXs5FZpAPgP,Chippoke Ohashi,常緑,"TRIAD/Nippon Columbia Co., Ltd.",20,28,10,963202,JP,Japan,Q1,2022
25,spotify:track:7z6qHGEKxRtwtYym2epV7l,Ado,踊,Universal Music LLC,10,23,38,951827,JP,Japan,Q1,2022
26,spotify:track:1Vqs0lXeJafYZz2sxnfB3V,Saucy Dog,Cinderella Boy,A-Sketch,19,30,14,927475,JP,Japan,Q1,2022
27,spotify:track:7DyS11kB1YNrfDzQqtjmTh,HIRAIDAI,"Stand by me, Stand by you.",avex trax,4,27,70,926582,JP,Japan,Q1,2022
28,spotify:track:0FOVGBW0RpVRuDuUuN4ZVw,"MAISONdes, 和ぬか, asmi",ヨワネハキ,Sony Music Labels Inc.,10,25,24,926483,JP,Japan,Q1,2022
29,spotify:track:6tkSMR8bEIfEcJn7ybJtSP,HENTAI SHINSHI CLUB,YOKAZE,TOY'S FACTORY,15,26,59,925466,JP,Japan,Q1,2022
30,spotify:track:0UBUg8NU4XJtQqzTPs8Pkr,YOASOBI,三原色,YOASOBI,5,24,28,921460,JP,Japan,Q1,2022
31,spotify:track:7n2FZQsaLb7ZRfRPfEeIvr,IVE,ELEVEN,STARSHIP Entertainment,27,31,6,912698,JP,Japan,Q1,2022
32,spotify:track:3mRNkUTu4ItqQ6GXy7L7KF,Hikaru Utada,君に夢中,Sony Music Labels Inc.,5,32,7,877156,JP,Japan,Q1,2022
33,spotify:track:3oQaOjaIYPsnJbGNzXcIID,King Gnu,BOY,Sony Music Labels Inc.,15,38,13,874929,JP,Japan,Q1,2022
34,spotify:track:6ts1KCOudfDYXYfyWtq0k1,"milet, Aimer, Lilas",おもかげ (produced by Vaundy),THE FIRST TAKE MUSIC,34,37,4,868911,JP,Japan,Q1,2022
35,spotify:track:1qE8DOtw7zdXHMgZm20eLM,TWICE,The Feels,Republic Records - TWICE,10,33,15,841936,JP,Japan,Q1,2022
36,spotify:track:6y4GYuZszeXNOXuBFsJlos,Eve,Kaikai Kitan,TOY'S FACTORY,8,39,66,830881,JP,Japan,Q1,2022
37,spotify:track:1sIIlVrnPhrvmTrHtzM7tV,"Mrs. GREEN APPLE, Sonoko Inoue",点描の唄,Universal Music LLC,19,34,139,828145,JP,Japan,Q1,2022
38,spotify:track:6sIx7Cn37DGEhjy9hBP8Gx,DISH//,猫,Sony Music Labels Inc.,18,35,90,817848,JP,Japan,Q1,2022
39,spotify:track:2cBAc8f0ueFKSXGQRJRsyN,YOASOBI,もう少しだけ,YOASOBI,8,36,36,796136,JP,Japan,Q1,2022
40,spotify:track:7sRYDTjWTX00fd9BCOflLo,Suzukisuzuki,ホワイトキス,Suzukisuzuki,40,41,8,790170,JP,Japan,Q1,2022
41,spotify:track:278JqkBGkjDovOYAwE8TW7,OFFICIAL HIGE DANDISM,115 million kilometer film,LASTRUM,6,42,141,769833,JP,Japan,Q1,2022
42,spotify:track:7AIj86wFWqm7X1TZ2hzHwS,SUDA MASAKI,虹,Sony Music Labels Inc.,5,43,61,767139,JP,Japan,Q1,2022
43,spotify:track:5wWLNNwMAehpj83FU4Lz0m,OFFICIAL HIGE DANDISM,I Love...,IRORI Records,1,44,105,757714,JP,Japan,Q1,2022
44,spotify:track:15HNdxGKNCIO9pgaY4n7FU,OFFICIAL HIGE DANDISM,Pretender,PONY CANYON INC.,1,45,143,750362,JP,Japan,Q1,2022
45,spotify:track:3mSqtn05vfpqAMpFTLsxpi,Yoru no Hitowarai,ミライチズ,夜のひと笑い,16,40,20,747806,JP,Japan,Q1,2022
46,spotify:track:0tMqllhrXe8CWOosrCD1fE,Yuuri,かくれんぼ,Sony Music Labels Inc.,14,46,86,739597,JP,Japan,Q1,2022
47,spotify:track:0hQNbQKW2dDATH1ngj4TI6,Kep1er,WA DA DA,"Genie Music Corporation, Stone Music Entertainment",47,106,2,725494,JP,Japan,Q1,2022
48,spotify:track:10Eyo4juZQFthKqlJgGMdp,back number,怪盗,Universal Music LLC,10,48,34,723759,JP,Japan,Q1,2022
49,spotify:track:3EYWY7XBj1BkCKX3R3hoZk,BLOOM VASE,Bluma to Lunch,BLOOM VASE,13,49,49,717257,JP,Japan,Q1,2022
50,spotify:track:6Yv0xoR37tcxzvey8ybW5l,NiziU,Chopstick,Sony Music Labels Inc.,19,47,9,671956,JP,Japan,Q1,2022
1,spotify:track:4JK1kDUdH9RTBQrrSO1QfR,Yuuri,ベテルギウス,Sony Music Labels Inc.,1,1,22,1445701,JP,Japan,Q2,2022
2,spotify:track:5W7Y92LB4jWvu9NeEQ0GZl,Macaroni Empitsu,なんでもないよ、,Toy's Factory,1,4,22,1419298,JP,Japan,Q2,2022
3,spotify:track:4IfrM44LofE9bSs6TDZS49,Tani Yuuki,W / X / Y,Valley Records,3,6,15,1410882,JP,Japan,Q2,2022
4,spotify:track:1Vqs0lXeJafYZz2sxnfB3V,Saucy Dog,Cinderella Boy,A-Sketch,4,5,26,1350902,JP,Japan,Q2,2022
5,spotify:track:0J0P8iSE6l3pYHbUdNFYdS,King Gnu,カメレオン,Sony Music Labels Inc.,1,3,6,1346128,JP,Japan,Q2,2022
6,spotify:track:7v8wKvNQQIxkugCFFjrkaO,Aimer,残響散歌,Sony Music Labels Inc.,1,2,18,1326000,JP,Japan,Q2,2022
7,spotify:track:4kPlQKwtPrnqLgrmmKFSlA,Yuuri,ドライフラワー,Sony Music Labels Inc.,1,7,75,1208664,JP,Japan,Q2,2022
8,spotify:track:5m1i6hq7dmRlp3c1utE48L,back number,水平線,Universal Music LLC,1,8,34,1124965,JP,Japan,Q2,2022
9,spotify:track:51oc6MEsXTpnPn6GOw5VuP,Fujii Kaze,きらり,Universal Music LLC,4,9,49,1091334,JP,Japan,Q2,2022
10,spotify:track:19mjCzLuMHZ0Tyn3eI85bo,Yuuri,シャッター,Sony Music Labels Inc.,10,13,39,1077464,JP,Japan,Q2,2022
11,spotify:track:7ncPjJBktLEOpstY5JOUMK,King Gnu,一途,Sony Music Labels Inc.,1,10,17,1076655,JP,Japan,Q2,2022
12,spotify:track:6ZiEWet0uFRwWBCEKCQ8rY,King Gnu,逆夢,Sony Music Labels Inc.,1,11,15,1066409,JP,Japan,Q2,2022
13,spotify:track:0XZyF9lv6diMt4bxThOL0h,Awesome City Club,勿忘,cutting edge,4,12,62,1024447,JP,Japan,Q2,2022
14,spotify:track:1mWdTewIgB3gtBM3TOSFhB,BTS,Butter,BIGHIT MUSIC,1,14,46,1020138,JP,Japan,Q2,2022
15,spotify:track:5PeXak0Ox3JmH2oor0qnGt,Vaundy,恋風邪にのせて,SDR Inc.,15,16,5,999126,JP,Japan,Q2,2022
16,spotify:track:1zd35Y44Blc1CwwVbW3Qnk,YOASOBI,群青,YOASOBI,6,15,84,997978,JP,Japan,Q2,2022
17,spotify:track:5QDLhrAOJJdNAmCTJ8xMyW,BTS,Dynamite,BIGHIT MUSIC,1,17,85,993490,JP,Japan,Q2,2022
18,spotify:track:2IL2asrtx7XM1y8fu2RMnR,Da-iCE,CITRUS,avex trax,9,18,67,984306,JP,Japan,Q2,2022
19,spotify:track:3XYRV7ZSHqIRDG87DKTtry,BTS,Permission to Dance,BIGHIT MUSIC,1,20,39,931528,JP,Japan,Q2,2022
20,spotify:track:5PjdY0CKGZdEuoNab3yDmX,"The Kid LAROI, Justin Bieber",STAY (with Justin Bieber),Columbia,7,19,39,927018,JP,Japan,Q2,2022
21,spotify:track:6MCjmGYlw6mQVWRFVgBRvB,YOASOBI,夜に駆ける,YOASOBI,1,22,108,909014,JP,Japan,Q2,2022
22,spotify:track:0hQNbQKW2dDATH1ngj4TI6,Kep1er,WA DA DA,"Genie Music Corporation, Stone Music Entertainment",13,21,14,895857,JP,Japan,Q2,2022
23,spotify:track:3PK5ERLCyMuQ5Cb89GbZVL,Takaya Kawasaki,魔法の絨毯,Warner Music D.N.A.,13,25,81,881399,JP,Japan,Q2,2022
24,spotify:track:6cvKfEw8rDcmXBslqSEC9G,Aimyon,Heart,WM Japan,10,24,24,879835,JP,Japan,Q2,2022
25,spotify:track:1sIIlVrnPhrvmTrHtzM7tV,"Mrs. GREEN APPLE, Sonoko Inoue",点描の唄,Universal Music LLC,19,28,151,854975,JP,Japan,Q2,2022
26,spotify:track:6uhIF5J5Txaie0is2nXdxU,YOASOBI,怪物,YOASOBI,4,26,65,846148,JP,Japan,Q2,2022
27,spotify:track:4xk70Qur2QeRmWIzWPC63V,Vaundy,踊り子,SDR Inc.,10,29,20,842383,JP,Japan,Q2,2022
28,spotify:track:6wDntdm888mDo458RaYjGl,OFFICIAL HIGE DANDISM,Cry Baby,IRORI Records,4,27,48,831231,JP,Japan,Q2,2022
29,spotify:track:6tkSMR8bEIfEcJn7ybJtSP,HENTAI SHINSHI CLUB,YOKAZE,TOY'S FACTORY,15,30,71,819610,JP,Japan,Q2,2022
30,spotify:track:3OdkC5pG8vc26S26qHyBo8,Fujii Kaze,Matsuri,Universal Music LLC,23,23,3,798250,JP,Japan,Q2,2022
31,spotify:track:6IO5nn84TKArsi3cjpIqaD,Ryokuoushoku Shakai,Mela!,Sony Music Labels Inc.,22,31,102,798249,JP,Japan,Q2,2022
32,spotify:track:0UBUg8NU4XJtQqzTPs8Pkr,YOASOBI,三原色,YOASOBI,5,32,40,790685,JP,Japan,Q2,2022
33,spotify:track:6qn31XzTa6YKXs5FZpAPgP,Chippoke Ohashi,常緑,"TRIAD/Nippon Columbia Co., Ltd.",20,33,22,767758,JP,Japan,Q2,2022
34,spotify:track:0FOVGBW0RpVRuDuUuN4ZVw,"MAISONdes, 和ぬか, asmi",ヨワネハキ,Sony Music Labels Inc.,10,34,36,762278,JP,Japan,Q2,2022
35,spotify:track:0871AdnvzzSGr5XdTJaDHC,Ado,Odo,Universal Music LLC,10,35,50,741343,JP,Japan,Q2,2022
36,spotify:track:1qE8DOtw7zdXHMgZm20eLM,TWICE,The Feels,Republic Records - TWICE,10,36,27,735594,JP,Japan,Q2,2022
37,spotify:track:278JqkBGkjDovOYAwE8TW7,OFFICIAL HIGE DANDISM,115 million kilometer film,LASTRUM,6,38,153,730249,JP,Japan,Q2,2022
38,spotify:track:7DyS11kB1YNrfDzQqtjmTh,HIRAIDAI,"Stand by me, Stand by you.",avex trax,4,39,82,724758,JP,Japan,Q2,2022
39,spotify:track:15HNdxGKNCIO9pgaY4n7FU,OFFICIAL HIGE DANDISM,Pretender,PONY CANYON INC.,1,40,155,710501,JP,Japan,Q2,2022
40,spotify:track:6ts1KCOudfDYXYfyWtq0k1,"milet, Aimer, Lilas",おもかげ (produced by Vaundy),THE FIRST TAKE MUSIC,26,41,16,708120,JP,Japan,Q2,2022
41,spotify:track:3oQaOjaIYPsnJbGNzXcIID,King Gnu,BOY,Sony Music Labels Inc.,15,37,25,706769,JP,Japan,Q2,2022
42,spotify:track:7n2FZQsaLb7ZRfRPfEeIvr,IVE,ELEVEN,STARSHIP Entertainment,27,42,18,697129,JP,Japan,Q2,2022
43,spotify:track:6sIx7Cn37DGEhjy9hBP8Gx,DISH//,猫,Sony Music Labels Inc.,18,43,102,678708,JP,Japan,Q2,2022
44,spotify:track:5wWLNNwMAehpj83FU4Lz0m,OFFICIAL HIGE DANDISM,I Love...,IRORI Records,1,44,117,667084,JP,Japan,Q2,2022
45,spotify:track:2cBAc8f0ueFKSXGQRJRsyN,YOASOBI,もう少しだけ,YOASOBI,8,47,48,665042,JP,Japan,Q2,2022
46,spotify:track:7eqjbcOZTgZbV0lX2ghtfV,SUDA MASAKI,虹,Sony Music Labels Inc.,5,48,73,648589,JP,Japan,Q2,2022
47,spotify:track:6y4GYuZszeXNOXuBFsJlos,Eve,Kaikai Kitan,TOY'S FACTORY,8,46,78,645563,JP,Japan,Q2,2022
48,spotify:track:3mSqtn05vfpqAMpFTLsxpi,Yoru no Hitowarai,ミライチズ,夜のひと笑い,16,45,32,635873,JP,Japan,Q2,2022
49,spotify:track:10Eyo4juZQFthKqlJgGMdp,back number,怪盗,Universal Music LLC,10,49,46,633321,JP,Japan,Q2,2022
50,spotify:track:0tMqllhrXe8CWOosrCD1fE,Yuuri,かくれんぼ,Sony Music Labels Inc.,14,50,98,577794,JP,Japan,Q2,2022
1,spotify:track:60ReNXcPcsVFd7nUuQw5HZ,OFFICIAL HIGE DANDISM,MIXED NUTS,IRORI Records,1,1,12,1653214,JP,Japan,Q3,2022
2,spotify:track:4IfrM44LofE9bSs6TDZS49,Tani Yuuki,W / X / Y,Valley Records,1,2,28,1579878,JP,Japan,Q3,2022
3,spotify:track:2uMNMcjjUz8oNIxjIu20qE,SEKAI NO OWARI,Habit,Universal Music LLC,2,3,10,1518910,JP,Japan,Q3,2022
4,spotify:track:1Vqs0lXeJafYZz2sxnfB3V,Saucy Dog,Cinderella Boy,A-Sketch,2,4,39,1437086,JP,Japan,Q3,2022
5,spotify:track:4JK1kDUdH9RTBQrrSO1QfR,Yuuri,ベテルギウス,Sony Music Labels Inc.,1,5,35,1301586,JP,Japan,Q3,2022
6,spotify:track:5W7Y92LB4jWvu9NeEQ0GZl,Macaroni Empitsu,なんでもないよ、,Toy's Factory,1,6,35,1180634,JP,Japan,Q3,2022
7,spotify:track:1VHL1PIkhDwWbFc65xHwOr,Novelbright,愛とか恋とか,Universal Music LLC,7,8,12,1114553,JP,Japan,Q3,2022
8,spotify:track:2mRMcwDCNyYvBXaoUxmsmE,Saucy Dog,Yasashisa Ni Afureta Sekaide,A-Sketch,8,11,5,1078751,JP,Japan,Q3,2022
9,spotify:track:5rJ7bdPmr8nfmm2JQ8xHOz,NAYEON,POP!,Republic Records – NAYEON (TWICE),9,45,2,1025576,JP,Japan,Q3,2022
10,spotify:track:5m1i6hq7dmRlp3c1utE48L,back number,水平線,Universal Music LLC,1,9,47,1024990,JP,Japan,Q3,2022
11,spotify:track:4kPlQKwtPrnqLgrmmKFSlA,Yuuri,ドライフラワー,Sony Music Labels Inc.,1,10,88,1024324,JP,Japan,Q3,2022
12,spotify:track:10SRMwb9EuVS1K9rYsBfHQ,BTS,Yet To Come,BIGHIT MUSIC,2,7,4,996044,JP,Japan,Q3,2022
13,spotify:track:5QDLhrAOJJdNAmCTJ8xMyW,BTS,Dynamite,BIGHIT MUSIC,1,12,98,976239,JP,Japan,Q3,2022
14,spotify:track:0mBP9X2gPCuapvpZ7TGDk3,"Charlie Puth, Jung Kook, BTS",Left and Right (Feat. Jung Kook of BTS),Atlantic Records,14,20,2,964812,JP,Japan,Q3,2022
15,spotify:track:5SuOikwiRyPMVoIQDJUgSV,Gen Hoshino,Comedy,Speedstar,6,13,13,944709,JP,Japan,Q3,2022
16,spotify:track:2IL2asrtx7XM1y8fu2RMnR,Da-iCE,CITRUS,avex trax,9,14,80,918107,JP,Japan,Q3,2022
17,spotify:track:19mjCzLuMHZ0Tyn3eI85bo,Yuuri,シャッター,Sony Music Labels Inc.,10,15,52,908858,JP,Japan,Q3,2022
18,spotify:track:2l2yRJWgMiJkfPbRNiuC25,Ado,新時代 - ウタ from ONE PIECE FILM RED,Universal Music LLC,11,16,4,897817,JP,Japan,Q3,2022
19,spotify:track:0J0P8iSE6l3pYHbUdNFYdS,King Gnu,カメレオン,Sony Music Labels Inc.,1,17,19,893919,JP,Japan,Q3,2022
20,spotify:track:51oc6MEsXTpnPn6GOw5VuP,Fujii Kaze,きらり,Universal Music LLC,4,18,62,893749,JP,Japan,Q3,2022
21,spotify:track:6jjYDGxVJsWS0a5wlVF5vS,BTS,Butter,BIGHIT MUSIC,1,19,59,856908,JP,Japan,Q3,2022
22,spotify:track:1zd35Y44Blc1CwwVbW3Qnk,YOASOBI,群青,YOASOBI,6,22,97,843248,JP,Japan,Q3,2022
23,spotify:track:7v8wKvNQQIxkugCFFjrkaO,Aimer,残響散歌,Sony Music Labels Inc.,1,23,31,837460,JP,Japan,Q3,2022
24,spotify:track:0rPrGZTtScNSRL2jZoooKO,BE:FIRST,Bye-Good-Bye,B-ME,8,27,18,814032,JP,Japan,Q3,2022
25,spotify:track:3sFdaHo9D3hfiFt2wVi6a5,Kenshi Yonezu,M八七,Sony Music Labels Inc.,5,21,8,810027,JP,Japan,Q3,2022
26,spotify:track:5PeXak0Ox3JmH2oor0qnGt,Vaundy,恋風邪にのせて,SDR Inc.,14,26,18,809616,JP,Japan,Q3,2022
27,spotify:track:3XYRV7ZSHqIRDG87DKTtry,BTS,Permission to Dance,BIGHIT MUSIC,1,24,52,802284,JP,Japan,Q3,2022
28,spotify:track:6qn31XzTa6YKXs5FZpAPgP,Chippoke Ohashi,常緑,"TRIAD/Nippon Columbia Co., Ltd.",20,30,35,795968,JP,Japan,Q3,2022
29,spotify:track:2wRKOmpe6I7q6k69bkjuFU,WEDNESDAY CAMPANELLA,Edison,WM Japan,29,62,4,789199,JP,Japan,Q3,2022
30,spotify:track:6IO5nn84TKArsi3cjpIqaD,Ryokuoushoku Shakai,Mela!,Sony Music Labels Inc.,22,34,115,781620,JP,Japan,Q3,2022
31,spotify:track:0Q5VnK2DYzRyfqQRJuUtvi,IVE,LOVE DIVE,STARSHIP Entertainment,9,31,14,778764,JP,Japan,Q3,2022
32,spotify:track:0l2wnmSJ8rW5dvS2eW3xNp,"Mrs. GREEN APPLE, Sonoko Inoue",点描の唄,Universal Music LLC,19,25,164,774084,JP,Japan,Q3,2022
33,spotify:track:0XZyF9lv6diMt4bxThOL0h,Awesome City Club,勿忘,cutting edge,4,28,75,771351,JP,Japan,Q3,2022
34,spotify:track:6MCjmGYlw6mQVWRFVgBRvB,YOASOBI,夜に駆ける,YOASOBI,1,32,121,770290,JP,Japan,Q3,2022
35,spotify:track:6ZiEWet0uFRwWBCEKCQ8rY,King Gnu,逆夢,Sony Music Labels Inc.,1,29,28,761893,JP,Japan,Q3,2022
36,spotify:track:3PK5ERLCyMuQ5Cb89GbZVL,Takaya Kawasaki,魔法の絨毯,Warner Music D.N.A.,13,33,94,759820,JP,Japan,Q3,2022
37,spotify:track:6tkSMR8bEIfEcJn7ybJtSP,HENTAI SHINSHI CLUB,YOKAZE,TOY'S FACTORY,15,35,84,745890,JP,Japan,Q3,2022
38,spotify:track:296nXCOv97WJNRWzIBQnoj,LE SSERAFIM,FEARLESS,SOURCE MUSIC,17,46,10,737193,JP,Japan,Q3,2022
39,spotify:track:0zfNtgPJ5FLkbveRjSdCMb,Kyanai,Vanilla,ENS Entertainment,39,53,12,733982,JP,Japan,Q3,2022
40,spotify:track:5PjdY0CKGZdEuoNab3yDmX,"The Kid LAROI, Justin Bieber",STAY (with Justin Bieber),Columbia,7,37,52,729954,JP,Japan,Q3,2022
41,spotify:track:1B04DTxiZUA5QW9Zxe1IEJ,ONE OK ROCK,Save Yourself,Fueled By Ramen,41,42,2,729184,JP,Japan,Q3,2022
42,spotify:track:7ncPjJBktLEOpstY5JOUMK,King Gnu,一途,Sony Music Labels Inc.,1,36,30,725673,JP,Japan,Q3,2022
43,spotify:track:278JqkBGkjDovOYAwE8TW7,OFFICIAL HIGE DANDISM,115 million kilometer film,LASTRUM,6,38,166,719118,JP,Japan,Q3,2022
44,spotify:track:6wDntdm888mDo458RaYjGl,OFFICIAL HIGE DANDISM,Cry Baby,IRORI Records,4,39,61,706416,JP,Japan,Q3,2022
45,spotify:track:6cvKfEw8rDcmXBslqSEC9G,Aimyon,Heart,WM Japan,10,40,37,700546,JP,Japan,Q3,2022
46,spotify:track:6uhIF5J5Txaie0is2nXdxU,YOASOBI,怪物,YOASOBI,4,43,78,694859,JP,Japan,Q3,2022
47,spotify:track:0UBUg8NU4XJtQqzTPs8Pkr,YOASOBI,三原色,YOASOBI,5,41,53,691115,JP,Japan,Q3,2022
48,spotify:track:4xk70Qur2QeRmWIzWPC63V,Vaundy,踊り子,SDR Inc.,10,47,33,677844,JP,Japan,Q3,2022
49,spotify:track:15HNdxGKNCIO9pgaY4n7FU,OFFICIAL HIGE DANDISM,Pretender,PONY CANYON INC.,1,44,168,676640,JP,Japan,Q3,2022
50,spotify:track:7DyS11kB1YNrfDzQqtjmTh,HIRAIDAI,"Stand by me, Stand by you.",avex trax,4,49,95,647618,JP,Japan,Q3,2022
1,spotify:track:28MATCYDctW5EiBa2repxb,Ado,New Genesis,Universal Music LLC,1,1,18,2140379,JP,Japan,Q4,2022
2,spotify:track:2Dzzhb1oV5ckgOjWZLraIB,natori,Overdose,なとり,2,2,5,1971187,JP,Japan,Q4,2022
3,spotify:track:4NaaF28BeO9WzjDrSS71Nz,Mrs. GREEN APPLE,ダンスホール,Universal Music LLC,2,3,20,1684338,JP,Japan,Q4,2022
4,spotify:track:4IfrM44LofE9bSs6TDZS49,Tani Yuuki,W / X / Y,Valley Records,1,4,42,1659011,JP,Japan,Q4,2022
5,spotify:track:5YQNjKZofFhlBCIzTVY6rW,Ado,I’m invincible,Universal Music LLC,2,5,16,1573903,JP,Japan,Q4,2022
6,spotify:track:1Vqs0lXeJafYZz2sxnfB3V,Saucy Dog,Cinderella Boy,A-Sketch,2,7,53,1354967,JP,Japan,Q4,2022
7,spotify:track:0HYAsQwJIO6FLqpyTeD3l6,Fujii Kaze,Shinunoga E-Wa,Universal Music LLC,7,8,8,1308799,JP,Japan,Q4,2022
8,spotify:track:78MS9OT9Flm2V78fhTw4rk,Ado,Backlight,Universal Music LLC,2,6,14,1295939,JP,Japan,Q4,2022
9,spotify:track:7ajpbW6tBpqUI9foCtwlLw,YOASOBI,祝福,YOASOBI,9,43,2,1279838,JP,Japan,Q4,2022
10,spotify:track:3IhHrBYZaxySuRu1zI7Vuk,Ado,Fleeting Lullaby,Universal Music LLC,4,9,10,1242108,JP,Japan,Q4,2022
11,spotify:track:1RChlirFdgtS1ZPH45dJX0,Tani Yuuki,Mouichido,Valley Records,11,16,3,1194998,JP,Japan,Q4,2022
12,spotify:track:4JK1kDUdH9RTBQrrSO1QfR,Yuuri,ベテルギウス,Sony Music Labels Inc.,1,10,49,1193537,JP,Japan,Q4,2022
13,spotify:track:60ReNXcPcsVFd7nUuQw5HZ,OFFICIAL HIGE DANDISM,MIXED NUTS,IRORI Records,1,11,26,1115390,JP,Japan,Q4,2022
14,spotify:track:5W7Y92LB4jWvu9NeEQ0GZl,Macaroni Empitsu,なんでもないよ、,Toy's Factory,1,13,49,1107425,JP,Japan,Q4,2022
15,spotify:track:7qOsSOpiL3R8RKyiBtIYNQ,BUMP OF CHICKEN,SOUVENIR,Toy's Factory,15,46,2,1093709,JP,Japan,Q4,2022
16,spotify:track:1VHL1PIkhDwWbFc65xHwOr,Novelbright,愛とか恋とか,Universal Music LLC,7,12,26,1060769,JP,Japan,Q4,2022
17,spotify:track:0ir7DGXo3hxaPa82h1vrOj,wacci,恋だろ,Sony Music Labels Inc.,15,15,16,1037033,JP,Japan,Q4,2022
18,spotify:track:3khEEPRyBeOUabbmOPJzAG,Kenshi Yonezu,KICK BACK,Sony Music Labels Inc.,18,-1,1,1036534,JP,Japan,Q4,2022
19,spotify:track:5m1i6hq7dmRlp3c1utE48L,back number,水平線,Universal Music LLC,1,17,61,976747,JP,Japan,Q4,2022
20,spotify:track:4kPlQKwtPrnqLgrmmKFSlA,Yuuri,ドライフラワー,Sony Music Labels Inc.,1,20,102,962780,JP,Japan,Q4,2022
21,spotify:track:2gYj9lubBorOPIVWsTXugG,IVE,After LIKE,Starship Entertainment,12,18,8,949840,JP,Japan,Q4,2022
22,spotify:track:2uMNMcjjUz8oNIxjIu20qE,SEKAI NO OWARI,Habit,Universal Music LLC,2,14,24,932958,JP,Japan,Q4,2022
23,spotify:track:0kqTXMHiQiB7IECD0WwcPq,TWICE,Talk that Talk,Republic Records - TWICE,13,22,7,918904,JP,Japan,Q4,2022
24,spotify:track:5hL1l3xsH0ZyKl8yUI6woj,Ado,Tot Musica,Universal Music LLC,7,19,10,909353,JP,Japan,Q4,2022
25,spotify:track:2N4lCwOeFRX7qrbMPRcZ7d,back number,ベルベットの詩,Universal Music LLC,23,23,7,896847,JP,Japan,Q4,2022
26,spotify:track:2JPT05xVbGuIkAc0LNRo3s,Ado,Where the Wind Blows,Universal Music LLC,10,21,10,896463,JP,Japan,Q4,2022
27,spotify:track:51oc6MEsXTpnPn6GOw5VuP,Fujii Kaze,きらり,Universal Music LLC,4,27,76,892479,JP,Japan,Q4,2022
28,spotify:track:34PR0zLBVl7VMF9E7dDwdo,King Gnu,雨燦々,Sony Music Labels Inc.,11,25,13,840505,JP,Japan,Q4,2022
29,spotify:track:1sIIlVrnPhrvmTrHtzM7tV,"Mrs. GREEN APPLE, Sonoko Inoue",点描の唄,Universal Music LLC,19,29,178,822879,JP,Japan,Q4,2022
30,spotify:track:2wRKOmpe6I7q6k69bkjuFU,WEDNESDAY CAMPANELLA,Edison,WM Japan,7,24,18,819703,JP,Japan,Q4,2022
31,spotify:track:0J0P8iSE6l3pYHbUdNFYdS,King Gnu,カメレオン,Sony Music Labels Inc.,1,32,33,807139,JP,Japan,Q4,2022
32,spotify:track:19mjCzLuMHZ0Tyn3eI85bo,Yuuri,シャッター,Sony Music Labels Inc.,10,31,66,794389,JP,Japan,Q4,2022
33,spotify:track:5QDLhrAOJJdNAmCTJ8xMyW,BTS,Dynamite,BIGHIT MUSIC,1,36,112,782241,JP,Japan,Q4,2022
34,spotify:track:17zp5n2rbiRJzQtCaZpXDD,Ado,The World's Continuation,Universal Music LLC,12,28,10,778168,JP,Japan,Q4,2022
35,spotify:track:1zd35Y44Blc1CwwVbW3Qnk,YOASOBI,群青,YOASOBI,6,35,111,767350,JP,Japan,Q4,2022
36,spotify:track:6IO5nn84TKArsi3cjpIqaD,Ryokuoushoku Shakai,Mela!,Sony Music Labels Inc.,22,34,129,764563,JP,Japan,Q4,2022
37,spotify:track:5rJ7bdPmr8nfmm2JQ8xHOz,NAYEON,POP!,Republic Records – NAYEON (TWICE),8,33,16,752056,JP,Japan,Q4,2022
38,spotify:track:7gRFDGEzF9UkBV233yv2dc,BLACKPINK,Shut Down,YG Entertainment/Interscope Records,23,26,4,743232,JP,Japan,Q4,2022
39,spotify:track:0zfNtgPJ5FLkbveRjSdCMb,Kyanai,Vanilla,ENS Entertainment,17,37,26,741942,JP,Japan,Q4,2022
40,spotify:track:6MCjmGYlw6mQVWRFVgBRvB,YOASOBI,夜に駆ける,YOASOBI,1,40,135,735355,JP,Japan,Q4,2022
41,spotify:track:2IL2asrtx7XM1y8fu2RMnR,Da-iCE,CITRUS,avex trax,9,38,94,734501,JP,Japan,Q4,2022
42,spotify:track:5zwwW9Oq7ubSxoCGyW1nbY,BLACKPINK,Pink Venom,YG Entertainment/Interscope Records,15,30,8,733342,JP,Japan,Q4,2022
43,spotify:track:5Odq8ohlgIbQKMZivbWkEo,"Charlie Puth, Jung Kook, BTS",Left and Right (Feat. Jung Kook of BTS),Atlantic Records,14,45,16,723448,JP,Japan,Q4,2022
44,spotify:track:278JqkBGkjDovOYAwE8TW7,OFFICIAL HIGE DANDISM,115 million kilometer film,LASTRUM,6,42,180,696036,JP,Japan,Q4,2022
45,spotify:track:7v8wKvNQQIxkugCFFjrkaO,Aimer,残響散歌,Sony Music Labels Inc.,1,39,45,695274,JP,Japan,Q4,2022
46,spotify:track:0Q5VnK2DYzRyfqQRJuUtvi,IVE,LOVE DIVE,STARSHIP Entertainment,9,41,28,692177,JP,Japan,Q4,2022
47,spotify:track:6jjYDGxVJsWS0a5wlVF5vS,BTS,Butter,BIGHIT MUSIC,1,44,73,690058,JP,Japan,Q4,2022
48,spotify:track:6qn31XzTa6YKXs5FZpAPgP,Chippoke Ohashi,常緑,"TRIAD/Nippon Columbia Co., Ltd.",20,48,49,677423,JP,Japan,Q4,2022
49,spotify:track:3XYRV7ZSHqIRDG87DKTtry,BTS,Permission to Dance,BIGHIT MUSIC,1,50,66,642470,JP,Japan,Q4,2022
50,spotify:track:10zz9RZt9DnqcxNWksRNrx,Vaundy,Kaiju no Hanauta,SDR Inc.,50,51,98,621517,JP,Japan,Q4,2022
1,spotify:track:7n2FZQsaLb7ZRfRPfEeIvr,IVE,ELEVEN,STARSHIP Entertainment,1,1,7,79847,KR,South Korea,Q1,2022
2,spotify:track:6rVCUwfnuYTAsX4P9fIdIu,aespa,Dreams Come True,SM Entertainment,2,3,4,78374,KR,South Korea,Q1,2022
3,spotify:track:3LCwQoTrdQgHsGJE5gGVqx,GOT the beat,Step Back,SM Entertainment,3,13,2,77905,KR,South Korea,Q1,2022
4,spotify:track:2eLe81VDUQ5f0xFfc9cMWz,"sokodomo, Zion.T, Wonstein","MERRY-GO-ROUND (Feat. Zion.T, Wonstein) (Prod. Slom)",Genie Music Corporation,1,2,9,74599,KR,South Korea,Q1,2022
5,spotify:track:1nH2PkJL1XoUq8oE6tBZoU,The Weeknd,Sacrifice,XO / Republic Records,5,-1,1,67386,KR,South Korea,Q1,2022
6,spotify:track:5PjdY0CKGZdEuoNab3yDmX,"The Kid LAROI, Justin Bieber",STAY (with Justin Bieber),Columbia,1,5,27,66849,KR,South Korea,Q1,2022
7,spotify:track:5g2Ik0WJG9rqu97nCLcQhV,"BE'O, MINO",Limousine (Feat. MINO) (Prod. GRAY),Genie Music Corporation,2,4,8,61662,KR,South Korea,Q1,2022
8,spotify:track:186NCtNk1tUYS7c2DxgJ7O,V,Christmas Tree,MOST CONTENTS,7,8,3,60225,KR,South Korea,Q1,2022
9,spotify:track:2SLwbpExuoBDZBpjfefCtV,The Weeknd,Out of Time,XO / Republic Records,9,-1,1,59833,KR,South Korea,Q1,2022
10,spotify:track:4MokmgyM83qhJ6IAaChom5,"BE'O, Beenzino",Counting Stars,"BPM ENTERTAINMENT, FameUs Entertainment",3,6,5,53906,KR,South Korea,Q1,2022
11,spotify:track:46HNZY1i7O6jwTA7Slo2PI,"Coldplay, BTS",My Universe,Parlophone UK,1,10,16,53260,KR,South Korea,Q1,2022
12,spotify:track:4fouWK6XVHhzl78KzQ1UjL,GAYLE,abcdefu,Atlantic/Arthouse Records,12,16,8,48107,KR,South Korea,Q1,2022
13,spotify:track:1GFS1xMbcAWXf5W0tSuZev,"Basick, Leellamarz","Meeting is easy, parting is hard (Feat. Leellamarz) (Prod. TOIL)",Genie Music Corporation,3,11,8,48084,KR,South Korea,Q1,2022
14,spotify:track:3dbLT62Cvs46Ju7a8gpr36,aespa,Savage,SM Entertainment,1,12,15,46725,KR,South Korea,Q1,2022
15,spotify:track:1mWdTewIgB3gtBM3TOSFhB,BTS,Butter,BIGHIT MUSIC,1,15,34,43533,KR,South Korea,Q1,2022
16,spotify:track:2y4hHM6c48Qzk0bqh33XfB,IU,Winter Sleep,EDAM Entertainment,7,7,3,41977,KR,South Korea,Q1,2022
17,spotify:track:5Z9KJZvQzH6PFmb8SNkxuk,"Lil Nas X, Jack Harlow",INDUSTRY BABY (feat. Jack Harlow),Columbia,6,19,25,40803,KR,South Korea,Q1,2022
18,spotify:track:2zrhoHlFKxFTRF5aMyxMoQ,aespa,Next Level,SM Entertainment,1,17,35,39988,KR,South Korea,Q1,2022
19,spotify:track:1NhjYYcYTRywc0di98xHxf,"The Weeknd, Tyler, The Creator","Here We Go… Again (feat. Tyler, the Creator)",XO / Republic Records,19,-1,1,38844,KR,South Korea,Q1,2022
20,spotify:track:3KyKxJ4P3pVCgaZwaq2rUC,The Weeknd,Gasoline,XO / Republic Records,20,-1,1,37832,KR,South Korea,Q1,2022
21,spotify:track:50nfwKoDiSYg8zOCREWAm5,Ed Sheeran,Shivers,Atlantic Records UK,4,21,18,37707,KR,South Korea,Q1,2022
22,spotify:track:3XYRV7ZSHqIRDG87DKTtry,BTS,Permission to Dance,BIGHIT MUSIC,1,20,27,37680,KR,South Korea,Q1,2022
23,spotify:track:3ijq6sRH7PgRabMb83VvQO,"Gaeko, Ourealgoat, SINCE, Ahn Byeong Woong, Tabber, Gwangil Jo, CODE KUNST",Wake Up (Prod. CODE KUNST),Genie Music Corporation,3,18,10,37471,KR,South Korea,Q1,2022
24,spotify:track:1r9xUipOqoNwggBpENDsvJ,"Imagine Dragons, JID, Arcane, League of Legends",Enemy (with JID) - from the series Arcane League of Legends,KIDinaKORNER/Interscope Records,17,26,11,37191,KR,South Korea,Q1,2022
25,spotify:track:2Ghp894n1laIf2w98VeAOJ,The Weeknd,How Do I Make You Love Me?,XO / Republic Records,25,-1,1,36700,KR,South Korea,Q1,2022
26,spotify:track:02MWAaffLxlfxAUY7c5dvx,Glass Animals,Heat Waves,Polydor Records,22,32,50,35844,KR,South Korea,Q1,2022
27,spotify:track:0mL82sxCRjrs3br407IdJh,The Weeknd,Is There Someone Else?,XO / Republic Records,27,-1,1,35665,KR,South Korea,Q1,2022
28,spotify:track:46IZ0fSY2mpAiktS3KOqds,Adele,Easy On Me,Columbia,4,28,13,35303,KR,South Korea,Q1,2022
29,spotify:track:02SbQgZbzMoylPoGr32ugF,IU,Drama,EDAM Entertainment,9,9,3,34520,KR,South Korea,Q1,2022
30,spotify:track:36kGkexLBfRK1hqdJ6qmaE,"Anandelight, LEE SUREEN, BE'O, Geegooin, Mudd the student, MINO",BREATHE (Feat. MINO) (Prod. GRAY),Genie Music Corporation,2,23,10,33751,KR,South Korea,Q1,2022
31,spotify:track:7gXMkqirKU23zgdlSAb00a,BE'O,Suddenly,"Genie Music Corporation, Stone Music Entertainment",23,27,13,33498,KR,South Korea,Q1,2022
32,spotify:track:2vgUijXOTRMnWXDtvgMp2b,The Weeknd,Take My Breath,XO / Republic Records,32,-1,1,32966,KR,South Korea,Q1,2022
33,spotify:track:2g0LdZQce9xlcHb1mBJyuz,IU,strawberry moon,EDAM Entertainment,1,25,13,32873,KR,South Korea,Q1,2022
34,spotify:track:3rmo8F54jFF8OgYsqTxm5d,Ed Sheeran,Bad Habits,Atlantic Records UK,3,31,29,32515,KR,South Korea,Q1,2022
35,spotify:track:0AF50NdDzZ3cze2O0SyjXf,"Mudd the student, AKMU",Dissonance (Feat. AKMU) (Prod. GRAY),Genie Music Corporation,6,22,7,32306,KR,South Korea,Q1,2022
36,spotify:track:6I3mqTwhRpn34SLVafSH7G,Justin Bieber,Ghost,RBMG/Def Jam,15,36,20,30875,KR,South Korea,Q1,2022
37,spotify:track:4iJprGt1rt5iy0sxXXaRWn,"D-Hack, PATEKO",OHAYO MY NIGHT,NEOKIDZ,16,35,29,30768,KR,South Korea,Q1,2022
38,spotify:track:6krYS8KtmNAYyb5uTZiYW4,The Weeknd,Dawn FM,XO / Republic Records,38,-1,1,30660,KR,South Korea,Q1,2022
39,spotify:track:00Blm7zeNqgYLPtW6zg8cj,"Post Malone, The Weeknd",One Right Now (with The Weeknd),Republic Records,5,41,10,30621,KR,South Korea,Q1,2022
40,spotify:track:1E5Xu8dur0fAjSP1VpVhAZ,The Weeknd,Best Friends,XO / Republic Records,40,-1,1,30598,KR,South Korea,Q1,2022
41,spotify:track:5XbA7TAqsD0fj0dGBrbb0D,"The Weeknd, Lil Wayne",I Heard You’re Married (feat. Lil Wayne),XO / Republic Records,41,-1,1,30297,KR,South Korea,Q1,2022
42,spotify:track:4t3Vgfjl9Sb6ZR5q5kGOUL,"BE'O, ASH ISLAND",Without You (Feat. ASH ISLAND) (Prod. GRAY),Genie Music Corporation,15,30,6,30239,KR,South Korea,Q1,2022
43,spotify:track:5QDLhrAOJJdNAmCTJ8xMyW,BTS,Dynamite,BIGHIT MUSIC,1,34,50,30197,KR,South Korea,Q1,2022
44,spotify:track:4iJyoBOLtHqaGxP12qzhQI,"Justin Bieber, Daniel Caesar, GIVĒON",Peaches (feat. Daniel Caesar & Giveon),RBMG/Def Jam,1,37,43,29699,KR,South Korea,Q1,2022
45,spotify:track:2D4dV2KXDTszzJ3p3cFqhA,The Weeknd,Less Than Zero,XO / Republic Records,45,-1,1,29562,KR,South Korea,Q1,2022
46,spotify:track:03qu1u4hDyepQQi2lNxCka,LEE MU JIN,Traffic light,ShowPLAY ENTERTAINMENT,11,38,31,28826,KR,South Korea,Q1,2022
47,spotify:track:7hU3IHwjX150XLoTVmjD0q,LISA,MONEY,YG Entertainment/Interscope Records,12,33,18,28177,KR,South Korea,Q1,2022
48,spotify:track:3DarAbFujv6eYNliUTyqtz,"Doja Cat, SZA",Kiss Me More (feat. SZA),Kemosabe Records/RCA Records,2,42,40,26595,KR,South Korea,Q1,2022
49,spotify:track:759ndr57jb0URg4j9YSWml,The Weeknd,A Tale By Quincy,XO / Republic Records,49,-1,1,26459,KR,South Korea,Q1,2022
50,spotify:track:5xrtzzzikpG3BLbo4q1Yul,IU,LILAC,EDAM Entertainment,1,40,43,25968,KR,South Korea,Q1,2022
1,spotify:track:3TSLqZssCoCdDlMhCJ08XW,BIGBANG,Still Life,YG Entertainment,1,-1,1,358676,KR,South Korea,Q2,2022
2,spotify:track:0IGUXY4JbK18bu9oD4mPIm,i-dle,TOMBOY,Cube Entertainment,1,2,4,162568,KR,South Korea,Q2,2022
3,spotify:track:2oBMZYteeO8DyXV9gDx6Za,Red Velvet,Feel My Rhythm,SM Entertainment,1,1,3,161305,KR,South Korea,Q2,2022
4,spotify:track:5quFr5s5PXYfUX5jV2EBZ1,"Jay Park, IU",GANADARA (Feat. IU),MORE VISION,1,3,4,98770,KR,South Korea,Q2,2022
5,spotify:track:0Q5VnK2DYzRyfqQRJuUtvi,IVE,LOVE DIVE,STARSHIP Entertainment,5,-1,1,95918,KR,South Korea,Q2,2022
6,spotify:track:4LRPiXqCikLlN15c3yImP7,Harry Styles,As It Was,Columbia,6,-1,1,83879,KR,South Korea,Q2,2022
7,spotify:track:7rXcCpIAoOUCydkVDMcoPV,TAEYEON,INVU,SM Entertainment,1,4,8,73834,KR,South Korea,Q2,2022
8,spotify:track:5b1PngLlxc7hj3fJXrE2Zm,NCT DREAM,Glitch Mode,SM Entertainment,8,8,2,71312,KR,South Korea,Q2,2022
9,spotify:track:5PjdY0CKGZdEuoNab3yDmX,"The Kid LAROI, Justin Bieber",STAY (with Justin Bieber),Columbia,1,6,39,61362,KR,South Korea,Q2,2022
10,spotify:track:1m2PksrrMpIev63uPxT1V0,NMIXX,O.O,Republic Records - NMIXX,7,7,7,58661,KR,South Korea,Q2,2022
11,spotify:track:3gFcGnU4kTdMYLXDjH1TK8,STAYC,RUN2U,High Up Entertainment,2,5,7,58118,KR,South Korea,Q2,2022
12,spotify:track:4zCIxSnVWpGNghERX4uWZF,"YENA, BIBI",SMILEY(Feat. BIBI),"Genie Music Corporation, Stone Music Entertainment",3,9,12,55939,KR,South Korea,Q2,2022
13,spotify:track:3AVXwaOGCEL8cmBecfcsFJ,Charlie Puth,Light Switch,Atlantic Records,7,11,11,55239,KR,South Korea,Q2,2022
14,spotify:track:7n2FZQsaLb7ZRfRPfEeIvr,IVE,ELEVEN,STARSHIP Entertainment,1,13,19,52223,KR,South Korea,Q2,2022
15,spotify:track:02MWAaffLxlfxAUY7c5dvx,Glass Animals,Heat Waves,Polydor Records,14,16,62,50813,KR,South Korea,Q2,2022
16,spotify:track:186NCtNk1tUYS7c2DxgJ7O,V,Christmas Tree,MOST CONTENTS,1,12,15,48856,KR,South Korea,Q2,2022
17,spotify:track:4fouWK6XVHhzl78KzQ1UjL,GAYLE,abcdefu,Atlantic/Arthouse Records,7,15,20,47079,KR,South Korea,Q2,2022
18,spotify:track:6I3mqTwhRpn34SLVafSH7G,Justin Bieber,Ghost,RBMG/Def Jam,15,19,32,46785,KR,South Korea,Q2,2022
19,spotify:track:2X45nVBeYzmDlrXji9Av0Q,MeloMance,"Love, Maybe",FLEX M,19,40,4,45093,KR,South Korea,Q2,2022
20,spotify:track:7BDHDiidJ8WV349p3HTxTV,Stray Kids,MANIAC,Republic Records - Stray Kids,5,10,3,44772,KR,South Korea,Q2,2022
21,spotify:track:1mWdTewIgB3gtBM3TOSFhB,BTS,Butter,BIGHIT MUSIC,1,20,46,43840,KR,South Korea,Q2,2022
22,spotify:track:46HNZY1i7O6jwTA7Slo2PI,"Coldplay, BTS",My Universe,Parlophone UK,1,18,28,43496,KR,South Korea,Q2,2022
23,spotify:track:7CAdT0HdiQNlt1C7xk2hep,Jung Kook,Stay Alive (Prod. SUGA of BTS),BIGHIT MUSIC,1,14,8,42160,KR,South Korea,Q2,2022
24,spotify:track:3LCwQoTrdQgHsGJE5gGVqx,GOT the beat,Step Back,SM Entertainment,2,17,14,41862,KR,South Korea,Q2,2022
25,spotify:track:6rVCUwfnuYTAsX4P9fIdIu,aespa,Dreams Come True,SM Entertainment,1,21,16,40346,KR,South Korea,Q2,2022
26,spotify:track:2tmX4T7ODY34NwvQ3DD3MC,Wonstein,Your Existence,"Studio MaumC, Hwa&Dam pictures",26,26,6,39976,KR,South Korea,Q2,2022
27,spotify:track:0QBzMgT7NIeoCYy3sJCof1,"Camila Cabello, Ed Sheeran",Bam Bam (feat. Ed Sheeran),Epic,19,23,5,38885,KR,South Korea,Q2,2022
28,spotify:track:50nfwKoDiSYg8zOCREWAm5,Ed Sheeran,Shivers,Atlantic Records UK,4,22,30,38669,KR,South Korea,Q2,2022
29,spotify:track:1t8sqIScEIP0B4bQzBuI2P,i-dle,MY BAG,Cube Entertainment,29,29,4,38184,KR,South Korea,Q2,2022
30,spotify:track:3mQwOUjViw1cpwUYugndPV,JAURIM,"스물다섯, 스물하나",Love maneuver,30,45,8,38140,KR,South Korea,Q2,2022
31,spotify:track:0hqngwyh8WnPuYlLYHRQqp,Kim MinSeok,DrunKen Confession,WM Korea,24,24,13,37086,KR,South Korea,Q2,2022
32,spotify:track:2SLwbpExuoBDZBpjfefCtV,The Weeknd,Out of Time,XO / Republic Records,7,63,13,36783,KR,South Korea,Q2,2022
33,spotify:track:0U1W2LZVUX7qTm7dDpqxh6,Shawn Mendes,When You're Gone,Shawn Mendes LP4-5 PS/ Island,33,-1,1,36703,KR,South Korea,Q2,2022
34,spotify:track:1HhNoOuqm1a5MXYEgAFl8o,"Imagine Dragons, JID, Arcane, League of Legends",Enemy (with JID) - from the series Arcane League of Legends,Kid Ina Korner / Interscope,17,28,23,36187,KR,South Korea,Q2,2022
35,spotify:track:2eLe81VDUQ5f0xFfc9cMWz,"sokodomo, Zion.T, Wonstein","MERRY-GO-ROUND (Feat. Zion.T, Wonstein) (Prod. Slom)",Genie Music Corporation,1,25,21,34895,KR,South Korea,Q2,2022
36,spotify:track:3XYRV7ZSHqIRDG87DKTtry,BTS,Permission to Dance,BIGHIT MUSIC,1,32,39,33792,KR,South Korea,Q2,2022
37,spotify:track:4iJyoBOLtHqaGxP12qzhQI,"Justin Bieber, Daniel Caesar, GIVĒON",Peaches (feat. Daniel Caesar & Giveon),RBMG/Def Jam,1,34,55,33711,KR,South Korea,Q2,2022
38,spotify:track:2zrhoHlFKxFTRF5aMyxMoQ,aespa,Next Level,SM Entertainment,1,31,47,32798,KR,South Korea,Q2,2022
39,spotify:track:5QDLhrAOJJdNAmCTJ8xMyW,BTS,Dynamite,BIGHIT MUSIC,1,35,62,32498,KR,South Korea,Q2,2022
40,spotify:track:5Z9KJZvQzH6PFmb8SNkxuk,"Lil Nas X, Jack Harlow",INDUSTRY BABY (feat. Jack Harlow),Columbia,6,36,37,32242,KR,South Korea,Q2,2022
41,spotify:track:5elW2CKSoqjYoJ32AGDxf1,ENHYPEN,Polaroid Love,BELIFT LAB,15,27,12,31544,KR,South Korea,Q2,2022
42,spotify:track:0dcnrLo8s1rhjm8euGjI4n,TREASURE,DARARI,YG Entertainment,27,30,6,31085,KR,South Korea,Q2,2022
43,spotify:track:3rmo8F54jFF8OgYsqTxm5d,Ed Sheeran,Bad Habits,Atlantic Records UK,3,38,41,30839,KR,South Korea,Q2,2022
44,spotify:track:3dbLT62Cvs46Ju7a8gpr36,aespa,Savage,SM Entertainment,1,33,27,30802,KR,South Korea,Q2,2022
45,spotify:track:4rMEoXVYww6Xy7q9wSj4gy,Lim Young Woong,Love Always Run Away,MOST CONTENTS,31,37,21,29899,KR,South Korea,Q2,2022
46,spotify:track:2g0LdZQce9xlcHb1mBJyuz,IU,strawberry moon,EDAM Entertainment,1,42,25,28247,KR,South Korea,Q2,2022
47,spotify:track:7B9W7Qsy5M2kyUNjQYIEG8,fromis_9,DM,PLEDIS Entertainment,8,39,12,27881,KR,South Korea,Q2,2022
48,spotify:track:5g2Ik0WJG9rqu97nCLcQhV,"BE'O, MINO",Limousine (Feat. MINO) (Prod. GRAY),Genie Music Corporation,2,48,20,26805,KR,South Korea,Q2,2022
49,spotify:track:5EAfUqytXYbH0yUZR3QGli,NCT DREAM,Never Goodbye,SM Entertainment,47,47,2,26300,KR,South Korea,Q2,2022
50,spotify:track:0hQNbQKW2dDATH1ngj4TI6,Kep1er,WA DA DA,"Genie Music Corporation, Stone Music Entertainment",23,41,13,26258,KR,South Korea,Q2,2022
1,spotify:track:0mBP9X2gPCuapvpZ7TGDk3,"Charlie Puth, Jung Kook, BTS",Left and Right (Feat. Jung Kook of BTS),Atlantic Records,1,1,2,188140,KR,South Korea,Q3,2022
2,spotify:track:0Q5VnK2DYzRyfqQRJuUtvi,IVE,LOVE DIVE,STARSHIP Entertainment,1,2,14,126960,KR,South Korea,Q3,2022
3,spotify:track:10SRMwb9EuVS1K9rYsBfHQ,BTS,Yet To Come,BIGHIT MUSIC,1,3,4,108255,KR,South Korea,Q3,2022
4,spotify:track:5rJ7bdPmr8nfmm2JQ8xHOz,NAYEON,POP!,Republic Records – NAYEON (TWICE),4,9,2,106346,KR,South Korea,Q3,2022
5,spotify:track:4XKXphKH76W4zNpkgFS5o2,j-hope,MORE,BIGHIT MUSIC,5,-1,1,104176,KR,South Korea,Q3,2022
6,spotify:track:0HsRZwZzHoZ5AM5W2ZYI5c,"BIG Naughty, 10CM",Beyond Love (Feat. 10CM),H1GHR MUSIC RECORDS,2,4,12,96642,KR,South Korea,Q3,2022
7,spotify:track:2RLdkXSaiQjRbey5pvP8Kt,Lim Young Woong,If We Ever Meet Again,물고기뮤직,5,5,9,89466,KR,South Korea,Q3,2022
8,spotify:track:0IGUXY4JbK18bu9oD4mPIm,i-dle,TOMBOY,Cube Entertainment,1,7,17,83992,KR,South Korea,Q3,2022
9,spotify:track:296nXCOv97WJNRWzIBQnoj,LE SSERAFIM,FEARLESS,SOURCE MUSIC,2,8,10,80548,KR,South Korea,Q3,2022
10,spotify:track:6xGruZOHLs39ZbVccQTuPZ,Joji,Glimpse of Us,88rising Music,4,6,4,75824,KR,South Korea,Q3,2022
11,spotify:track:4Dvkj6JhhA12EX05fT7y2e,Harry Styles,As It Was,Columbia,3,10,14,73907,KR,South Korea,Q3,2022
12,spotify:track:4h9wh7iOZ0GGn8QVp4RAOB,OneRepublic,I Ain't Worried,Interscope Records,12,47,3,69718,KR,South Korea,Q3,2022
13,spotify:track:2mgzUVvDpb1zMSB4glLQ6T,aespa,Life's Too Short (English Version),Warner Records,13,13,2,69707,KR,South Korea,Q3,2022
14,spotify:track:50xSycnGMDy0Wg5jJcOv3S,Lim Young Woong,Rainbow,물고기뮤직,11,11,8,69316,KR,South Korea,Q3,2022
15,spotify:track:2gzhQaCTeNgxpeB2TPllyY,"Jimin, HA SUNG WOON",With you,"Genie Music Corporation, Stone Music Entertainment",3,12,11,68163,KR,South Korea,Q3,2022
16,spotify:track:2jidjmWNeRmKgLjXhW52Gz,Lim Young Woong,"Our Blues, Our Life",물고기뮤직,12,15,9,62863,KR,South Korea,Q3,2022
17,spotify:track:5oH4DQAuu1J1800RzUsBWa,"PSY, SUGA",That That (prod.&feat. SUGA of BTS),P NATION,2,17,10,61488,KR,South Korea,Q3,2022
18,spotify:track:69xohKu8C1fsflYAiSNbwM,BTS,Run BTS,BIGHIT MUSIC,2,14,4,59833,KR,South Korea,Q3,2022
19,spotify:track:2lsRp40mCRkhqULWdMbOzn,Lim Young Woong,I Love You,물고기뮤직,15,18,8,56626,KR,South Korea,Q3,2022
20,spotify:track:0O6u0VJ46W86TxN9wgyqDj,"Post Malone, Doja Cat",I Like You (A Happier Song) (with Doja Cat),Mercury Records/Republic Records,4,19,5,55526,KR,South Korea,Q3,2022
21,spotify:track:1jIMjbzcGCcCQn5iMu9CUc,Charlie Puth,That's Hilarious,Atlantic Records,6,16,13,53414,KR,South Korea,Q3,2022
22,spotify:track:4bZZVcgWWMWPBwzTTp642w,BTS,Filter,BIGHIT MUSIC,12,20,71,52308,KR,South Korea,Q3,2022
23,spotify:track:7n2FZQsaLb7ZRfRPfEeIvr,IVE,ELEVEN,STARSHIP Entertainment,1,25,32,51864,KR,South Korea,Q3,2022
24,spotify:track:0UnOf7i44YK0ULpkEGHe4R,KyoungSeo,Dear my X,Engine of Dream,24,35,10,51457,KR,South Korea,Q3,2022
25,spotify:track:4Cr43xPo7bwyCcL1g3yVCu,Lim Young Woong,A bientot,물고기뮤직,21,22,7,50395,KR,South Korea,Q3,2022
26,spotify:track:3oiMjDZ1bShIpFfOQf55IW,BE'O,LOVE me,"BPM ENTERTAINMENT, SWING ENTERTAINMENT, FameUs Entertainment",13,30,13,49299,KR,South Korea,Q3,2022
27,spotify:track:3AVXwaOGCEL8cmBecfcsFJ,Charlie Puth,Light Switch,Atlantic Records,7,21,24,48886,KR,South Korea,Q3,2022
28,spotify:track:0yfQBmmOIVqiwhV5u10EhN,Lim Young Woong,Love Letter,물고기뮤직,23,24,7,48790,KR,South Korea,Q3,2022
29,spotify:track:5PjdY0CKGZdEuoNab3yDmX,"The Kid LAROI, Justin Bieber",STAY (with Justin Bieber),Columbia,1,31,52,48559,KR,South Korea,Q3,2022
30,spotify:track:2oBMZYteeO8DyXV9gDx6Za,Red Velvet,Feel My Rhythm,SM Entertainment,1,33,16,48086,KR,South Korea,Q3,2022
31,spotify:track:75FEaRjZTKLhTrFGsfMUXR,Kate Bush,Running Up That Hill (A Deal With God),Fish People,31,53,6,47924,KR,South Korea,Q3,2022
32,spotify:track:4rMEoXVYww6Xy7q9wSj4gy,Lim Young Woong,Love Always Run Away,MOST CONTENTS,24,28,34,47117,KR,South Korea,Q3,2022
33,spotify:track:2X45nVBeYzmDlrXji9Av0Q,MeloMance,"Love, Maybe",FLEX M,11,27,17,47023,KR,South Korea,Q3,2022
34,spotify:track:5uFqjHOo3Sh0bVPCKf3DdH,aespa,Illusion,Warner Records,26,77,6,46384,KR,South Korea,Q3,2022
35,spotify:track:6I2tqFhk8tq69iursYxuxd,SEVENTEEN,HOT,PLEDIS Entertainment,11,32,6,46085,KR,South Korea,Q3,2022
36,spotify:track:3TSLqZssCoCdDlMhCJ08XW,BIGBANG,Still Life,YG Entertainment,1,26,14,46017,KR,South Korea,Q3,2022
37,spotify:track:365znJ27Fb3faGsctmQYWR,Lim Young Woong,Father,물고기뮤직,29,29,7,45856,KR,South Korea,Q3,2022
38,spotify:track:3pqgVtpnQbBAZoWT4AEm1B,fromis_9,Stay This Way,PLEDIS Entertainment,38,83,2,45823,KR,South Korea,Q3,2022
39,spotify:track:7x3SGAkfIrzDr9paSslwMv,Lim Young Woong,Lovely Touch,물고기뮤직,28,34,7,43105,KR,South Korea,Q3,2022
40,spotify:track:4JzCFEc3O2UEdjKzevvFH5,BTS,For Youth,BIGHIT MUSIC,5,23,4,42640,KR,South Korea,Q3,2022
41,spotify:track:3bUD1FmJClHcD0U7rIN0TR,"BIG Naughty, CHANGMO, Jay Park","Romance Symphony (Feat. CHANGMO, Jay Park)",H1GHR MUSIC RECORDS,22,38,4,42479,KR,South Korea,Q3,2022
42,spotify:track:6jjYDGxVJsWS0a5wlVF5vS,BTS,Butter,BIGHIT MUSIC,1,42,59,39962,KR,South Korea,Q3,2022
43,spotify:track:5YMXGBD6vcYP7IolemyLtK,BTS,Euphoria,BIGHIT MUSIC,21,36,67,39520,KR,South Korea,Q3,2022
44,spotify:track:6I3mqTwhRpn34SLVafSH7G,Justin Bieber,Ghost,RBMG/Def Jam,15,43,45,39218,KR,South Korea,Q3,2022
45,spotify:track:4p4yxplNCSmt9xfaAMpcd5,BIG Naughty,Vancouver,H1GHR MUSIC RECORDS,41,44,9,38930,KR,South Korea,Q3,2022
46,spotify:track:0CatzXH85XWyBqqdB6qPMB,NCT DREAM,Beatbox,SM Entertainment,10,39,6,38754,KR,South Korea,Q3,2022
47,spotify:track:7rXcCpIAoOUCydkVDMcoPV,TAEYEON,INVU,SM Entertainment,1,46,21,37615,KR,South Korea,Q3,2022
48,spotify:track:7CAdT0HdiQNlt1C7xk2hep,Jung Kook,Stay Alive (Prod. SUGA of BTS),BIGHIT MUSIC,1,40,21,37612,KR,South Korea,Q3,2022
49,spotify:track:5QDLhrAOJJdNAmCTJ8xMyW,BTS,Dynamite,BIGHIT MUSIC,1,48,75,37584,KR,South Korea,Q3,2022
50,spotify:track:2D1xAiDD33nqcxtSMH30hO,Lim Young Woong,Love Station,물고기뮤직,39,41,7,37549,KR,South Korea,Q3,2022
1,spotify:track:0a4MMyCrzT0En247IhqZbD,NewJeans,Hype Boy,ADOR,1,1,11,206456,KR,South Korea,Q4,2022
2,spotify:track:2gYj9lubBorOPIVWsTXugG,IVE,After LIKE,Starship Entertainment,1,4,8,196221,KR,South Korea,Q4,2022
3,spotify:track:5mdWIwsJAzR97ShGkt8gcR,"ZICO, HOMIES",New thing (Prod. ZICO) (Feat. Homies),Genie Music Corporation,2,2,6,187430,KR,South Korea,Q4,2022
4,spotify:track:7gRFDGEzF9UkBV233yv2dc,BLACKPINK,Shut Down,YG Entertainment/Interscope Records,1,3,4,181108,KR,South Korea,Q4,2022
5,spotify:track:2pIUpMhHL6L9Z5lnKxJJr9,NewJeans,Attention,ADOR,1,5,11,178484,KR,South Korea,Q4,2022
6,spotify:track:5aucVLKiumD89mxVCB4zvS,"Crush, j-hope",Rush Hour (Feat. j-hope of BTS),피네이션,6,7,3,144521,KR,South Korea,Q4,2022
7,spotify:track:5zwwW9Oq7ubSxoCGyW1nbY,BLACKPINK,Pink Venom,YG Entertainment/Interscope Records,1,6,8,138415,KR,South Korea,Q4,2022
8,spotify:track:5Odq8ohlgIbQKMZivbWkEo,"Charlie Puth, Jung Kook, BTS",Left and Right (Feat. Jung Kook of BTS),Atlantic Records,1,11,16,120294,KR,South Korea,Q4,2022
9,spotify:track:0Q5VnK2DYzRyfqQRJuUtvi,IVE,LOVE DIVE,STARSHIP Entertainment,1,8,28,115965,KR,South Korea,Q4,2022
10,spotify:track:3iLBFgaQJ94iarMgzrTuWb,Charlie Puth,I Don’t Think That I Like Her,Atlantic Records,7,10,4,106966,KR,South Korea,Q4,2022
11,spotify:track:2DwUdMJ5uxv20EhAildreg,NewJeans,Cookie,ADOR,3,9,11,105440,KR,South Korea,Q4,2022
12,spotify:track:3nqQXoyQOWXiESFLlDF1hG,"Sam Smith, Kim Petras",Unholy (feat. Kim Petras),Capitol Records UK / EMI,12,14,3,101977,KR,South Korea,Q4,2022
13,spotify:track:4h9wh7iOZ0GGn8QVp4RAOB,OneRepublic,I Ain't Worried,Interscope Records,1,13,17,89950,KR,South Korea,Q4,2022
14,spotify:track:6C734SmqoIYuRWo2qSCnpC,NMIXX,DICE,Republic Records - NMIXX,12,12,4,86883,KR,South Korea,Q4,2022
15,spotify:track:296nXCOv97WJNRWzIBQnoj,LE SSERAFIM,FEARLESS,SOURCE MUSIC,2,15,24,79375,KR,South Korea,Q4,2022
16,spotify:track:1klq7dgG1Pz0ijci5Pmae1,Stray Kids,CASE 143,Republic Records - Stray Kids,16,-1,1,75260,KR,South Korea,Q4,2022
17,spotify:track:1BCXUbnU0486n4eeTyyVIj,Charlie Puth,Loser,Atlantic Records,17,-1,1,70897,KR,South Korea,Q4,2022
18,spotify:track:4Dvkj6JhhA12EX05fT7y2e,Harry Styles,As It Was,Columbia,3,16,28,68292,KR,South Korea,Q4,2022
19,spotify:track:07trPhWMgiagFnSOlmpzl0,"BE'O, ZICO",Complex,"BigPlanetMade, SWING ENTERTAINMENT, FameUs Entertainment",19,28,2,67810,KR,South Korea,Q4,2022
20,spotify:track:4FKmrrI6y8REWoCyV5tAhY,"10CM, BIG Naughty",Just 10 centimeters,"MAGIC STRAWBERRY SOUND, H1GHR MUSIC RECORDS",17,17,3,67572,KR,South Korea,Q4,2022
21,spotify:track:0wPKDeY4fZXT6k9bzV0kx0,Charlie Puth,That's Hilarious,Atlantic Records,6,29,27,67054,KR,South Korea,Q4,2022
22,spotify:track:5expoVGQPvXuwBBFuNGqBd,NewJeans,Hurt,ADOR,4,18,11,66309,KR,South Korea,Q4,2022
23,spotify:track:2NGPPfcQfNm3f2ym3WHBuf,Charlie Puth,Charlie Be Quiet!,Atlantic Records,19,19,2,66199,KR,South Korea,Q4,2022
24,spotify:track:2RLdkXSaiQjRbey5pvP8Kt,Lim Young Woong,If We Ever Meet Again,물고기뮤직,5,23,23,65854,KR,South Korea,Q4,2022
25,spotify:track:0HsRZwZzHoZ5AM5W2ZYI5c,"BIG Naughty, 10CM",Beyond Love (Feat. 10CM),H1GHR MUSIC RECORDS,2,21,26,63910,KR,South Korea,Q4,2022
26,spotify:track:1jEBSDN5vYViJQr78W7jr2,Charlie Puth,Light Switch,Atlantic Records,7,40,38,62523,KR,South Korea,Q4,2022
27,spotify:track:396FqjKmViUZ92Wmm4rx3i,aespa,Illusion,SM Entertainment / Warner Records,6,22,20,60621,KR,South Korea,Q4,2022
28,spotify:track:3scRk3rUGIwpCg9kMNrtEQ,Baek A,Amor,Baek A,28,42,4,60463,KR,South Korea,Q4,2022
29,spotify:track:1oen3GpTcA486fTHaT7neg,Girls' Generation,FOREVER 1,SM Entertainment,6,20,10,60239,KR,South Korea,Q4,2022
30,spotify:track:41HriGdYdajxCJIOMiIBWs,Kim Seungmin,My pleasure Is That You Ride The Bentley,Beautifulnoise,23,27,12,58060,KR,South Korea,Q4,2022
31,spotify:track:7n2FZQsaLb7ZRfRPfEeIvr,IVE,ELEVEN,STARSHIP Entertainment,1,26,46,56669,KR,South Korea,Q4,2022
32,spotify:track:38T0tPVZHcPZyhtOcCP7pF,Lil Nas X,STAR WALKIN' (League of Legends Worlds Anthem),Columbia,24,24,3,55882,KR,South Korea,Q4,2022
33,spotify:track:775S83AMYbQc8SYteOktTL,10CM,Gradation,MAGIC STRAWBERRY SOUND,31,31,15,55669,KR,South Korea,Q4,2022
34,spotify:track:6jjYDGxVJsWS0a5wlVF5vS,BTS,Butter,BIGHIT MUSIC,1,83,73,55382,KR,South Korea,Q4,2022
35,spotify:track:6RBziRcDeiho3iTPdtEeg9,Younha,Event Horizon,C9 Entertainment,35,88,2,55014,KR,South Korea,Q4,2022
36,spotify:track:1nX1b7kRg5a6XKAq7uQOpr,ITZY,SNEAKERS,Republic Records - ITZY,10,25,13,54853,KR,South Korea,Q4,2022
37,spotify:track:0xzI1KAr0Yd9tv8jlIk3sn,"benny blanco, BTS, Snoop Dogg",Bad Decisions (with BTS & Snoop Dogg),Friends Keep Secrets/Interscope Records,4,32,10,53790,KR,South Korea,Q4,2022
38,spotify:track:50xSycnGMDy0Wg5jJcOv3S,Lim Young Woong,Rainbow,물고기뮤직,11,33,22,52939,KR,South Korea,Q4,2022
39,spotify:track:4BLpd6QINAs4UXd1lVtdhj,Charlie Puth,Dangerously,Artist Partner,26,49,12,52035,KR,South Korea,Q4,2022
40,spotify:track:10SRMwb9EuVS1K9rYsBfHQ,BTS,Yet To Come,BIGHIT MUSIC,1,48,18,49975,KR,South Korea,Q4,2022
41,spotify:track:0IGUXY4JbK18bu9oD4mPIm,i-dle,TOMBOY,Cube Entertainment,1,36,31,49847,KR,South Korea,Q4,2022
42,spotify:track:0kqTXMHiQiB7IECD0WwcPq,TWICE,Talk that Talk,Republic Records - TWICE,10,35,7,49312,KR,South Korea,Q4,2022
43,spotify:track:5rJ7bdPmr8nfmm2JQ8xHOz,NAYEON,POP!,Republic Records – NAYEON (TWICE),4,34,16,49283,KR,South Korea,Q4,2022
44,spotify:track:1dfsPqH09vnzUWEOsN98Ex,SEULGI,28 Reasons,SM Entertainment,44,95,2,48535,KR,South Korea,Q4,2022
45,spotify:track:2WTHLEVjfefbGoW7F3dXIg,aespa,Girls,SM Entertainment / Warner Records,2,38,14,47073,KR,South Korea,Q4,2022
46,spotify:track:0HYAsQwJIO6FLqpyTeD3l6,Fujii Kaze,Shinunoga E-Wa,Universal Music LLC,35,39,7,46841,KR,South Korea,Q4,2022
47,spotify:track:2jidjmWNeRmKgLjXhW52Gz,Lim Young Woong,"Our Blues, Our Life",물고기뮤직,12,44,23,46676,KR,South Korea,Q4,2022
48,spotify:track:5PjdY0CKGZdEuoNab3yDmX,"The Kid LAROI, Justin Bieber",STAY (with Justin Bieber),Columbia,1,45,66,45353,KR,South Korea,Q4,2022
49,spotify:track:0VES0jpNQEdRpD31gYDIMe,"YOON MIRAE, BIBI",LAW (Prod. Czaer),Genie Music Corporation,26,37,5,44857,KR,South Korea,Q4,2022
50,spotify:track:0O6u0VJ46W86TxN9wgyqDj,"Post Malone, Doja Cat",I Like You (A Happier Song) (with Doja Cat),Mercury Records/Republic Records,4,47,19,43842,KR,South Korea,Q4,2022
1,spotify:track:4gzsuuZypVbxs0Af1LSZyB,"Tainy, Bad Bunny, Julieta Venegas",Lo Siento BB:/ (with Bad Bunny & Julieta Venegas),Neon16,1,2,15,3593683,MX,Mexico,Q1,2022
2,spotify:track:5TMLavqGRKNxgzMBrVpC9R,"zzoilo, Aitana",Mon Amour - Remix,Universal Music Spain S.L.,1,5,15,3467970,MX,Mexico,Q1,2022
3,spotify:track:798ahLNEcoFER7Vywg1FMT,Calibre 50,A La Antigüita,FONO/Andaluz Records,1,1,35,3426465,MX,Mexico,Q1,2022
4,spotify:track:2JPLbjOn0wPCngEot2STUS,Bad Bunny,Yonaguni,Rimas Entertainment LLC,2,3,32,3420483,MX,Mexico,Q1,2022
5,spotify:track:3p6eieHX6oEOzJStPtEsLu,Calibre 50,Si Te Pudiera Mentir,"Andaluz Music, LLC (Catalog)",2,4,77,3245780,MX,Mexico,Q1,2022
6,spotify:track:64JzNzcoSZOh3RWeoghVfk,"Matisse, Carín León",Como Lo Hice Yo,Sony Music México,6,8,18,2683424,MX,Mexico,Q1,2022
7,spotify:track:6HIIuuUIEzH1meVdGbMXyf,Grupo Firme,Ya Supérame (En Vivo),Music VIP Entertainment Presenta Grupo Firme,4,6,22,2668134,MX,Mexico,Q1,2022
8,spotify:track:4H3t8C59tXjKf1R2iKtc5M,Marca MP,Ya Acabo,Marca MP,7,9,42,2664903,MX,Mexico,Q1,2022
9,spotify:track:55mzJ0LftLnef8sxAjrMkU,"Santa Fe Klan, Neto Peña, Yoss Bones",Debo Entender,473 Music,9,10,34,2646866,MX,Mexico,Q1,2022
10,spotify:track:3rdAz1fbUfZxYgaCviYhRo,Rauw Alejandro,Todo De Ti,Sony Music Latin/Duars Entertainment,1,7,34,2627637,MX,Mexico,Q1,2022
11,spotify:track:0Be7sopyKMv8Y8npsUkax2,Sebastian Yatra,Tacones Rojos,UMLE - Latino,11,13,10,2579661,MX,Mexico,Q1,2022
12,spotify:track:2vmfvSoZBFAt9hhRoEByLi,"Aventura, Bad Bunny",Volví,Rimas Entertainment LLC,3,14,24,2419931,MX,Mexico,Q1,2022
13,spotify:track:7rglLriMNBPAyuJOMGwi39,"Elton John, Dua Lipa, PNAU",Cold Heart - PNAU Remix,EMI,13,15,21,2298624,MX,Mexico,Q1,2022
14,spotify:track:4MzXwWMhyBbmu6hOcLVD49,"Bad Bunny, JHAYCO",DÁKITI,Rimas Entertainment LLC,1,17,63,2198374,MX,Mexico,Q1,2022
15,spotify:track:2B4GHvToeLTOBB4QLzW3Ni,Farruko,Pepas,Sony Music Latin,1,11,25,2193318,MX,Mexico,Q1,2022
16,spotify:track:5BE9B2FiFWBbBdoIQ1m1UP,"Grupo Firme, Maluma",Cada Quien,Music VIP Entertainment Presenta Grupo Firme,8,16,6,2135936,MX,Mexico,Q1,2022
17,spotify:track:7E9GeFGfjXw9LAI4ay6rsw,"Grupo Firme, Carín León",El Tóxico,Music VIP Entertainment Presenta Grupo Firme,10,12,63,2035364,MX,Mexico,Q1,2022
18,spotify:track:3HgvO4B5LLmdPOT2d8cSZd,"LAGOS, Danny Ocean",Mónaco,WM Mexico,12,19,29,2012448,MX,Mexico,Q1,2022
19,spotify:track:6lX6l7OuA3qrnIRfdsr0dw,"Blessd, Justin Quiles, Lenny Tavárez",Medallo,WEA Latina,19,28,11,2004981,MX,Mexico,Q1,2022
20,spotify:track:0ldT3gl7aGNzrJyd4b1CA4,"Grupo Firme, Lenin Ramírez",En Tu Perra Vida,Music VIP Entertainment Presenta Grupo Firme,19,20,33,2003834,MX,Mexico,Q1,2022
21,spotify:track:3elpkpwYlmUbuvmVps08lJ,"Santa Fe Klan, Nanpa Básico",Te Ire A Buscar,473 Music,16,23,42,1962076,MX,Mexico,Q1,2022
22,spotify:track:2MnLkFqY9Rpg9s3Zv6ZJdK,"Gera MX, Christian Nodal",Botella Tras Botella,Virgin Music México,1,18,38,1916623,MX,Mexico,Q1,2022
23,spotify:track:4HzqWEdAbzcVFDv0pvxV4w,Maluma,Sobrio,Sony Music Latin,7,21,27,1855321,MX,Mexico,Q1,2022
24,spotify:track:3lGMtkONrZdJ8kTCg6KIFf,Natalia Lafourcade,Hasta la Raíz,RCA Records Label,24,30,116,1852102,MX,Mexico,Q1,2022
25,spotify:track:3pQYf90V5idOGrXzosm9rt,Junior H,Se Amerita,WEA Latina,20,24,26,1805565,MX,Mexico,Q1,2022
26,spotify:track:4OwhwvKESFtuu06dTgct7i,"Marc Seguí, Rauw Alejandro, Pol Granch",Tiroteo - Remix,WEA Latina,10,26,29,1739426,MX,Mexico,Q1,2022
27,spotify:track:1xO7tp4J5Wj0NeKrzIpd1V,"Christian Nodal, Banda MS de Sergio Lizárraga",La Sinvergüenza,"Producciones Ladon, S.A de C.V./Sony Music México",5,22,16,1734890,MX,Mexico,Q1,2022
28,spotify:track:64ImcY4fJhY243wr20SR3e,"Calibre 50, Santa Fe Klan, Beto Sierra",Cuidando El Territorio,BS Music,15,27,24,1662679,MX,Mexico,Q1,2022
29,spotify:track:1nH2PkJL1XoUq8oE6tBZoU,The Weeknd,Sacrifice,XO / Republic Records,29,-1,1,1647215,MX,Mexico,Q1,2022
30,spotify:track:6mmPpaltUZK7xjNlBPQQ0p,"Rauw Alejandro, Chencho Corleone",Desesperados,Sony Music Latin/Duars Entertainment,30,72,5,1634301,MX,Mexico,Q1,2022
31,spotify:track:1s59X35jDULAyOGmBuTAnd,"Lenin Ramírez, Grupo Firme",Yo Ya No Vuelvo Contigo - En Vivo,DEL Records,24,25,110,1562496,MX,Mexico,Q1,2022
32,spotify:track:0akyEssGRVHstqCSWXusJL,Ed Maverick,Fuentes de Ortiz,Universal Music Mexico,21,40,157,1543179,MX,Mexico,Q1,2022
33,spotify:track:05bfbizlM5AX6Mf1RRyMho,"Nio Garcia, J Balvin, Bad Bunny",AM Remix,Flow La Movie,3,31,29,1533790,MX,Mexico,Q1,2022
34,spotify:track:2rCbl9naJYhaxjLsfx88uM,"Sebastian Yatra, Myke Towers",Pareja Del Año,UMLE - Latino,4,36,39,1501350,MX,Mexico,Q1,2022
35,spotify:track:4knc1Fp3kbuq8bH2byOvLu,"Camilo, Evaluna Montaner",Índigo,Sony Music Latin,6,33,13,1491606,MX,Mexico,Q1,2022
36,spotify:track:0fea68AdmYNygeTGI4RC18,"J Balvin, Bad Bunny",LA CANCIÓN,Universal Music Latino / Rimas,1,38,133,1486390,MX,Mexico,Q1,2022
37,spotify:track:0bI7K9Becu2dtXK1Q3cZNB,"Tiësto, KAROL G",Don't Be Shy,Atlantic Records,17,35,22,1446373,MX,Mexico,Q1,2022
38,spotify:track:4TGwERXRlyQtBdggYTHo6j,"Tiago PZK, LIT killah, Maria Becerra, Nicki Nicole",Entre Nosotros (Remix) [con Nicki Nicole],WEA Latina,38,-1,1,1435251,MX,Mexico,Q1,2022
39,spotify:track:46IZ0fSY2mpAiktS3KOqds,Adele,Easy On Me,Columbia,4,43,13,1422092,MX,Mexico,Q1,2022
40,spotify:track:6D2TCm4nf5nxAcdGJ7w3QP,"J Balvin, Maria Becerra",Qué Más Pues?,"Sueños Globales, LLC",3,29,33,1413606,MX,Mexico,Q1,2022
41,spotify:track:5PjdY0CKGZdEuoNab3yDmX,"The Kid LAROI, Justin Bieber",STAY (with Justin Bieber),Columbia,7,37,27,1411578,MX,Mexico,Q1,2022
42,spotify:track:6Yard5LK4aXEn0kBKtHSob,"Grupo Firme, Grupo Recluta",Se Fue La Pantera (En Vivo),Music VIP Entertainment Presenta Grupo Firme,28,34,10,1409702,MX,Mexico,Q1,2022
43,spotify:track:5W1qmxHrMlQGGAiFA3ZQqP,"Dímelo Flow, Dalex, Sech, Justin Quiles, Arcángel, De La Ghetto, Lenny Tavárez",Se Le Ve,Rich Music,43,52,5,1408858,MX,Mexico,Q1,2022
44,spotify:track:3XjRIN9vEt35lm1iStPcgq,"Santa Fe Klan, Big Soto, Neto Peña",Todo Va Estar Bien,Cuatro Siete Tres Music,27,46,28,1404927,MX,Mexico,Q1,2022
45,spotify:track:4OVpyR6yhYyVoRj9D7CERz,"Banda MS de Sergio Lizárraga, Carín León",Ojos Cerrados,Lizos Music,45,-1,1,1400419,MX,Mexico,Q1,2022
46,spotify:track:2BEcap3xJtmiPaHKyfQi4e,"Rvssian, Rauw Alejandro, Chris Brown",Nostálgico,Sony Music Latin,36,42,17,1399420,MX,Mexico,Q1,2022
47,spotify:track:4r9jkMEnArtWGH2rL2FZl0,Bad Bunny,A Tu Merced,Rimas Entertainment LLC,18,48,98,1388833,MX,Mexico,Q1,2022
48,spotify:track:0G2zPzWqVjR68iNPmx2TBe,"Mora, Bad Bunny, Sech",Volando - Remix,Rimas Entertainment LLC,7,47,27,1384053,MX,Mexico,Q1,2022
49,spotify:track:0z5yLgBmAtaylDYrgwzlpH,Leo Rizzi,Amapolas,WM Spain,33,54,23,1353657,MX,Mexico,Q1,2022
50,spotify:track:41wtwzCZkXwpnakmwJ239F,Bad Bunny,Si Veo a Tu Mamá,Rimas Entertainment LLC,1,32,98,1326459,MX,Mexico,Q1,2022
1,spotify:track:4LRPiXqCikLlN15c3yImP7,Harry Styles,As It Was,Columbia,1,-1,1,5952194,MX,Mexico,Q2,2022
2,spotify:track:1UdzJEpgJxtuXAlCOvD4S0,Danny Ocean,Fuera del mercado,Atlantic Records,2,5,6,5072247,MX,Mexico,Q2,2022
3,spotify:track:74WROFXsox6wkeUrEK2DS6,Eden Muñoz,Chale,Lizos Music,1,2,7,4650157,MX,Mexico,Q2,2022
4,spotify:track:2gpQi3hbcUAcEG8m2dlgfB,Paulo Londra,Plan A,WEA Latina,1,1,3,4164182,MX,Mexico,Q2,2022
5,spotify:track:6mmPpaltUZK7xjNlBPQQ0p,"Rauw Alejandro, Chencho Corleone",Desesperados,Sony Music Latin/Duars Entertainment,3,4,17,3927295,MX,Mexico,Q2,2022
6,spotify:track:1O2pcBJGej0pmH2Y9XZMs6,Cris MJ,Una Noche en Medellín,Sonar LLC.,6,9,7,3827222,MX,Mexico,Q2,2022
7,spotify:track:0UXlu64mDLvfzR8IXMz06J,Christian Nodal,Ya No Somos Ni Seremos,"Producciones Ladon, S.A de C.V./Sony Music México",1,3,7,3826680,MX,Mexico,Q2,2022
8,spotify:track:4gzsuuZypVbxs0Af1LSZyB,"Tainy, Bad Bunny, Julieta Venegas",Lo Siento BB:/ (with Bad Bunny & Julieta Venegas),Neon16,1,7,27,3726809,MX,Mexico,Q2,2022
9,spotify:track:3IAfUEeaXRX9s9UdKOJrFI,Anitta,Envolver,WEA Latina,4,6,5,3684540,MX,Mexico,Q2,2022
10,spotify:track:1ri9ZUkBJVFUdgwzCnfcYs,"Becky G, KAROL G",MAMIII,Kemosabe Records/RCA Records,2,10,8,3562686,MX,Mexico,Q2,2022
11,spotify:track:48AJSd42lXpicsGqcgopof,"Daddy Yankee, Bad Bunny",X ÚLTIMA VEZ,Republic Records,8,8,2,3525073,MX,Mexico,Q2,2022
12,spotify:track:3GaGWoU1KfVqgl7vnRHP55,C. Tangana,Demasiadas Mujeres,Sony Music Entertainment,12,12,8,3359775,MX,Mexico,Q2,2022
13,spotify:track:2rDZhKnPaPG054ExZ6nXUS,Ryan Castro,Jordan,Holdings,11,11,8,3271501,MX,Mexico,Q2,2022
14,spotify:track:6HJIZUOiZDE814XMhRGSZN,Yahritza Y Su Esencia,Soy El Unico,Lumbre Music/Columbia,14,18,2,3252069,MX,Mexico,Q2,2022
15,spotify:track:3p6eieHX6oEOzJStPtEsLu,Calibre 50,Si Te Pudiera Mentir,"Andaluz Music, LLC (Catalog)",2,13,89,3029784,MX,Mexico,Q2,2022
16,spotify:track:2JPLbjOn0wPCngEot2STUS,Bad Bunny,Yonaguni,Rimas Entertainment LLC,1,14,44,3029723,MX,Mexico,Q2,2022
17,spotify:track:6ylDpki1VpIsc525KC1ojF,Sebastian Yatra,Tacones Rojos,UMLE - Latino,7,16,22,2718945,MX,Mexico,Q2,2022
18,spotify:track:4r9jkMEnArtWGH2rL2FZl0,Bad Bunny,A Tu Merced,Rimas Entertainment LLC,8,19,110,2670141,MX,Mexico,Q2,2022
19,spotify:track:64JzNzcoSZOh3RWeoghVfk,"Matisse, Carín León",Como Lo Hice Yo,Sony Music México,6,17,30,2669100,MX,Mexico,Q2,2022
20,spotify:track:798ahLNEcoFER7Vywg1FMT,Calibre 50,A La Antigüita,FONO/Andaluz Records,1,15,47,2666683,MX,Mexico,Q2,2022
21,spotify:track:5TMLavqGRKNxgzMBrVpC9R,"zzoilo, Aitana",Mon Amour - Remix,Universal Music Spain S.L.,1,20,27,2593204,MX,Mexico,Q2,2022
22,spotify:track:5IdyvWCaUa7AgTxMsFj0wB,Grupo Los de la O,Fuga Pa Cali 2,"Manzana Records, Inc.",21,23,9,2471558,MX,Mexico,Q2,2022
23,spotify:track:69vlMrzHwATKzupwNcUPyK,"Bad Bunny, Daddy Yankee",La Santa,Rimas Entertainment LLC,5,22,110,2395889,MX,Mexico,Q2,2022
24,spotify:track:6HIIuuUIEzH1meVdGbMXyf,Grupo Firme,Ya Supérame (En Vivo),Music VIP Entertainment Presenta Grupo Firme,4,21,34,2378110,MX,Mexico,Q2,2022
25,spotify:track:55mzJ0LftLnef8sxAjrMkU,"Santa Fe Klan, Neto Peña, Yoss Bones",Debo Entender,473 Music,6,24,46,2270806,MX,Mexico,Q2,2022
26,spotify:track:4MzXwWMhyBbmu6hOcLVD49,"Bad Bunny, JHAYCO",DÁKITI,Rimas Entertainment LLC,1,26,75,2168264,MX,Mexico,Q2,2022
27,spotify:track:3rdAz1fbUfZxYgaCviYhRo,Rauw Alejandro,Todo De Ti,Sony Music Latin/Duars Entertainment,1,25,46,2161635,MX,Mexico,Q2,2022
28,spotify:track:1xO7tp4J5Wj0NeKrzIpd1V,"Christian Nodal, Banda MS de Sergio Lizárraga",La Sinvergüenza,"Producciones Ladon, S.A de C.V./Sony Music México",5,27,28,2135772,MX,Mexico,Q2,2022
29,spotify:track:3HgvO4B5LLmdPOT2d8cSZd,"LAGOS, Danny Ocean",Mónaco,WM Mexico,12,29,41,2124830,MX,Mexico,Q2,2022
30,spotify:track:4H3t8C59tXjKf1R2iKtc5M,Marca MP,Ya Acabo,Marca MP,7,28,54,2092330,MX,Mexico,Q2,2022
31,spotify:track:6lX6l7OuA3qrnIRfdsr0dw,"Blessd, Justin Quiles, Lenny Tavárez",Medallo,WEA Latina,17,33,23,2072579,MX,Mexico,Q2,2022
32,spotify:track:7rglLriMNBPAyuJOMGwi39,"Elton John, Dua Lipa, PNAU",Cold Heart - PNAU Remix,EMI,13,34,33,2037732,MX,Mexico,Q2,2022
33,spotify:track:2MnLkFqY9Rpg9s3Zv6ZJdK,"Gera MX, Christian Nodal",Botella Tras Botella,Virgin Music México,1,35,50,2023989,MX,Mexico,Q2,2022
34,spotify:track:2vmfvSoZBFAt9hhRoEByLi,"Aventura, Bad Bunny",Volví,Rimas Entertainment LLC,3,31,36,2020361,MX,Mexico,Q2,2022
35,spotify:track:0fea68AdmYNygeTGI4RC18,"J Balvin, Bad Bunny",LA CANCIÓN,Universal Music Latino / Rimas,1,44,145,2005091,MX,Mexico,Q2,2022
36,spotify:track:3lGMtkONrZdJ8kTCg6KIFf,Natalia Lafourcade,Hasta la Raíz,RCA Records Label,15,36,128,1977680,MX,Mexico,Q2,2022
37,spotify:track:46HNZY1i7O6jwTA7Slo2PI,"Coldplay, BTS",My Universe,Parlophone UK,12,41,28,1945997,MX,Mexico,Q2,2022
38,spotify:track:24KGKNglICq4YhNvaZfkA7,"Adriel Favela, La Cotorrisa, Strecci",Contigo No Fue,UMLE - Fonovisa,15,37,5,1941673,MX,Mexico,Q2,2022
39,spotify:track:7E9GeFGfjXw9LAI4ay6rsw,"Grupo Firme, Carín León",El Tóxico,Music VIP Entertainment Presenta Grupo Firme,10,30,75,1925513,MX,Mexico,Q2,2022
40,spotify:track:6Yard5LK4aXEn0kBKtHSob,"Grupo Firme, Grupo Recluta",Se Fue La Pantera (En Vivo),Music VIP Entertainment Presenta Grupo Firme,28,39,22,1899661,MX,Mexico,Q2,2022
41,spotify:track:4hAYQuavbB0FYhyxBTbVal,"Alex Luna, DAAZ",Te Marqué Pedo,Worldwide Records,11,40,11,1882132,MX,Mexico,Q2,2022
42,spotify:track:3AJwUDP919kvQ9QcozQPxg,Coldplay,Yellow,Parlophone UK,42,47,6,1874625,MX,Mexico,Q2,2022
43,spotify:track:2LJRoFOtMGLnSxJqlJuhge,Gerardo Ortiz,Tranquilito,Sony Music Latin,23,38,33,1861472,MX,Mexico,Q2,2022
44,spotify:track:3elpkpwYlmUbuvmVps08lJ,"Santa Fe Klan, Nanpa Básico",Te Ire A Buscar,473 Music,16,43,54,1858849,MX,Mexico,Q2,2022
45,spotify:track:2FYGZDfsAnNsrm1gVbyKnG,ROSALÍA,SAOKO,Columbia,32,32,7,1824929,MX,Mexico,Q2,2022
46,spotify:track:75UMtPC77vqKRwfSuYuNPO,Kevin Kaarl,San Lucas,Kevin Kaarl,46,51,6,1768142,MX,Mexico,Q2,2022
47,spotify:track:5J7teKIJGtqVypgYI6sqXj,"Bad Bunny, Mora",Una Vez,Rimas Entertainment LLC,30,46,93,1764436,MX,Mexico,Q2,2022
48,spotify:track:0ldT3gl7aGNzrJyd4b1CA4,"Grupo Firme, Lenin Ramírez",En Tu Perra Vida,Music VIP Entertainment Presenta Grupo Firme,19,45,45,1762187,MX,Mexico,Q2,2022
49,spotify:track:6ifUES3keWjwXgae8pXI3o,Danny Ocean,Me Rehúso,Atlantic Records,1,52,271,1742518,MX,Mexico,Q2,2022
50,spotify:track:5BE9B2FiFWBbBdoIQ1m1UP,"Grupo Firme, Maluma",Cada Quien,Music VIP Entertainment Presenta Grupo Firme,8,42,18,1737284,MX,Mexico,Q2,2022
1,spotify:track:6Sq7ltF9Qa7SNFBsV5Cogx,"Bad Bunny, Chencho Corleone",Me Porto Bonito,Rimas Entertainment LLC,1,1,9,10541717,MX,Mexico,Q3,2022
2,spotify:track:1IHWl5LamUGEuP4ozKQSXZ,Bad Bunny,Tití Me Preguntó,Rimas Entertainment LLC,2,2,9,9231969,MX,Mexico,Q3,2022
3,spotify:track:3k3NWokhRRkEPhCzPmV8TW,"Bad Bunny, Bomba Estéreo",Ojitos Lindos,Rimas Entertainment LLC,1,3,9,8566013,MX,Mexico,Q3,2022
4,spotify:track:5Eax0qFko2dh7Rl2lYs3bx,Bad Bunny,Efecto,Rimas Entertainment LLC,4,4,9,7676948,MX,Mexico,Q3,2022
5,spotify:track:6Xom58OOXk2SoU711L2IXO,Bad Bunny,Moscow Mule,Rimas Entertainment LLC,1,5,9,6085676,MX,Mexico,Q3,2022
6,spotify:track:7dSZ6zGTQx66c2GF91xCrb,KAROL G,PROVENZA,BICHOTA RECORDS / INTERSCOPE RECORDS / UNIVERSAL MUSIC LATINO,1,6,11,5809373,MX,Mexico,Q3,2022
7,spotify:track:4tYFy8ALRjIZvnvSLw5lxN,"Bad Bunny, Rauw Alejandro",Party,Rimas Entertainment LLC,3,7,9,5652184,MX,Mexico,Q3,2022
8,spotify:track:2rurDawMfoKP4uHyb2kJBt,"Shakira, Rauw Alejandro",Te Felicito,Sony Music Latin,6,8,11,4857461,MX,Mexico,Q3,2022
9,spotify:track:41oY4WCTj5kccfesTVFnvN,"Bad Bunny, JHAYCO",Tarot,Rimas Entertainment LLC,7,9,9,4275001,MX,Mexico,Q3,2022
10,spotify:track:7gwT3HGL84vF7bgtwL1N88,Lasso,Ojos Marrones,Universal Music Mexico,10,34,2,3806305,MX,Mexico,Q3,2022
11,spotify:track:44XjoNvtwevktFKjvVe1vH,"Bad Bunny, Buscabulla",Andrea,Rimas Entertainment LLC,10,10,9,3742084,MX,Mexico,Q3,2022
12,spotify:track:5kpxVMDvYGRmNqawPqDTYR,"La Adictiva, Luis R Conriquez",JGL,Anval Music,12,14,16,3740312,MX,Mexico,Q3,2022
13,spotify:track:1797zYiX4cKosMH836X9Gt,"Bad Bunny, Tony Dize",La Corriente,Rimas Entertainment LLC,13,13,9,3628370,MX,Mexico,Q3,2022
14,spotify:track:2NWaWZZLFMcr5P4uI2KvWy,Victor Cibrian,En El Radio Un Cochinero,Rancho Humilde,8,12,8,3623821,MX,Mexico,Q3,2022
15,spotify:track:4Dvkj6JhhA12EX05fT7y2e,Harry Styles,As It Was,Columbia,1,11,14,3605499,MX,Mexico,Q3,2022
16,spotify:track:75FEaRjZTKLhTrFGsfMUXR,Kate Bush,Running Up That Hill (A Deal With God),Fish People,16,39,6,3450666,MX,Mexico,Q3,2022
17,spotify:track:3ZGkdrigbWXLgHungXfZkt,"Junior H, Luis R Conriquez",Los Botones Azules,WEA Latina,13,17,18,3425228,MX,Mexico,Q3,2022
18,spotify:track:1dm6z1fWB0cErMszU25dy2,Bad Bunny,Después de la Playa,Rimas Entertainment LLC,6,15,9,3380973,MX,Mexico,Q3,2022
19,spotify:track:31i56LZnwE6uSu3exoHjtB,Bad Bunny,Neverita,Rimas Entertainment LLC,12,19,9,3259140,MX,Mexico,Q3,2022
20,spotify:track:5CzixCxDkRXX9mScCmah8O,Bad Bunny,Un Ratito,Rimas Entertainment LLC,8,16,9,3253441,MX,Mexico,Q3,2022
21,spotify:track:1O2pcBJGej0pmH2Y9XZMs6,Cris MJ,Una Noche en Medellín,Sonar LLC.,3,18,20,3195933,MX,Mexico,Q3,2022
22,spotify:track:4d4ZXH4dr5bYfgErHiZCX2,Bad Bunny,Dos Mil 16,Rimas Entertainment LLC,13,20,9,3093218,MX,Mexico,Q3,2022
23,spotify:track:74WROFXsox6wkeUrEK2DS6,Eden Muñoz,Chale,Lizos Music,1,21,20,2949738,MX,Mexico,Q3,2022
24,spotify:track:7Jph6HJbfURt4Fea19IED3,Grupo Marca Registrada,Si Fuera Fácil,Boba Records,24,33,6,2917686,MX,Mexico,Q3,2022
25,spotify:track:6mmPpaltUZK7xjNlBPQQ0p,"Rauw Alejandro, Chencho Corleone",Desesperados,Sony Music Latin/Duars Entertainment,3,22,30,2875021,MX,Mexico,Q3,2022
26,spotify:track:6VrQTLzzuyGIYjUDe4kAZk,Bad Bunny,Un Coco,Rimas Entertainment LLC,20,32,9,2825473,MX,Mexico,Q3,2022
27,spotify:track:2uflssWlCaJ6CbTMOsUpNI,Bad Bunny,Aguacero,Rimas Entertainment LLC,18,23,9,2802241,MX,Mexico,Q3,2022
28,spotify:track:0UXlu64mDLvfzR8IXMz06J,Christian Nodal,Ya No Somos Ni Seremos,"Producciones Ladon, S.A de C.V./Sony Music México",1,25,20,2749240,MX,Mexico,Q3,2022
29,spotify:track:4gzsuuZypVbxs0Af1LSZyB,"Tainy, Bad Bunny, Julieta Venegas",Lo Siento BB:/ (with Bad Bunny & Julieta Venegas),Neon16,1,38,40,2748595,MX,Mexico,Q3,2022
30,spotify:track:7FlQk2gJ6TBrHHiidvdR2O,"Becky G, KAROL G",MAMIII,Kemosabe Records/RCA Records/Sony Music Latin,2,28,21,2719768,MX,Mexico,Q3,2022
31,spotify:track:1UdzJEpgJxtuXAlCOvD4S0,Danny Ocean,Fuera del mercado,Atlantic Records,2,26,19,2666674,MX,Mexico,Q3,2022
32,spotify:track:75UMtPC77vqKRwfSuYuNPO,Kevin Kaarl,San Lucas,Kevin Kaarl,8,24,19,2656107,MX,Mexico,Q3,2022
33,spotify:track:28GCbKgjlVD9eDmasGbe0T,Bad Bunny,Me Fui de Vacaciones,Rimas Entertainment LLC,9,31,9,2634575,MX,Mexico,Q3,2022
34,spotify:track:5kVZxyMY1gfdCLiChsfjn1,Bad Bunny,Yo No Soy Celoso,Rimas Entertainment LLC,11,29,9,2615724,MX,Mexico,Q3,2022
35,spotify:track:0E0DRHf5PfMeor0ZCwB3oT,"Bad Bunny, The Marías",Otro Atardecer,Rimas Entertainment LLC,17,35,9,2487740,MX,Mexico,Q3,2022
36,spotify:track:5IdyvWCaUa7AgTxMsFj0wB,Grupo Los de la O,Fuga Pa Cali 2,"Manzana Records, Inc.",19,36,22,2432890,MX,Mexico,Q3,2022
37,spotify:track:3p6eieHX6oEOzJStPtEsLu,Calibre 50,Si Te Pudiera Mentir,"Andaluz Music, LLC (Catalog)",2,40,102,2431689,MX,Mexico,Q3,2022
38,spotify:track:1OZpgVRQKkxcoeEocqTMRZ,Julión Álvarez y su Norteño Banda,Pongámonos De Acuerdo,UMLE - Fonovisa,27,27,10,2424596,MX,Mexico,Q3,2022
39,spotify:track:2JPLbjOn0wPCngEot2STUS,Bad Bunny,Yonaguni,Rimas Entertainment LLC,1,41,57,2342750,MX,Mexico,Q3,2022
40,spotify:track:798ahLNEcoFER7Vywg1FMT,Calibre 50,A La Antigüita,FONO/Andaluz Records,1,45,60,2214023,MX,Mexico,Q3,2022
41,spotify:track:6981hdSOqG8tP6xTqaySa1,Julión Álvarez y su Norteño Banda,Ojos Verdes,UMLE - Fonovisa,37,37,3,2193091,MX,Mexico,Q3,2022
42,spotify:track:71wFwRo8xGc4lrcyKwsvba,"Bad Bunny, Tainy",Callaita,Rimas Entertainment LLC,1,44,162,2161620,MX,Mexico,Q3,2022
43,spotify:track:6xGruZOHLs39ZbVccQTuPZ,Joji,Glimpse of Us,88rising Music,26,30,4,2085026,MX,Mexico,Q3,2022
44,spotify:track:1Tcm4Qi0lbzXofH11MIzJs,"Carín León, Los Honorables",La Boda del Huitlacoche - En Vivo,Tamarindo Rekordsz,44,53,10,2070795,MX,Mexico,Q3,2022
45,spotify:track:0OTNHGKcqQbk51bOYe462Y,"Polimá Westcoast, Pailita",ULTRA SOLO,Sony Music Entertainment Chile S.A,22,42,11,2040204,MX,Mexico,Q3,2022
46,spotify:track:6wtZPYBIXUvCpXwVjMCJBf,"Polimá Westcoast, Feid, Pailita, Paloma Mami, De La Ghetto",ULTRA SOLO REMIX,Sony Music Entertainment Chile S.A,46,46,3,2014467,MX,Mexico,Q3,2022
47,spotify:track:48AJSd42lXpicsGqcgopof,"Daddy Yankee, Bad Bunny",X ÚLTIMA VEZ,Republic Records,4,43,15,2014024,MX,Mexico,Q3,2022
48,spotify:track:4r9jkMEnArtWGH2rL2FZl0,Bad Bunny,A Tu Merced,Rimas Entertainment LLC,8,60,123,1985551,MX,Mexico,Q3,2022
49,spotify:track:18HOjcvTVV7W8YzBuOsAPS,Bad Bunny,Un Verano Sin Ti,Rimas Entertainment LLC,15,48,9,1972988,MX,Mexico,Q3,2022
50,spotify:track:6y8z28epOv5FlaxDv1Lo5B,Ryan Castro,Jordan,Holdings,6,47,21,1951251,MX,Mexico,Q3,2022
1,spotify:track:2tTmW7RDtMQtBk7m2rYeSw,"Bizarrap, Quevedo","Quevedo: Bzrp Music Sessions, Vol. 52/66",DALE PLAY Records,1,1,14,7282821,MX,Mexico,Q4,2022
2,spotify:track:5JhUm1v5AbI5Yu6jLKCPRO,Grupo Frontera,NO SE VA - En Vivo,BorderTown Records,2,2,11,7042954,MX,Mexico,Q4,2022
3,spotify:track:5ww2BF9slyYgNOk37BlC4u,Manuel Turizo,La Bachata,Sony Music Latin/La Industria,3,3,14,6911046,MX,Mexico,Q4,2022
4,spotify:track:5Eax0qFko2dh7Rl2lYs3bx,Bad Bunny,Efecto,Rimas Entertainment LLC,2,5,23,6317788,MX,Mexico,Q4,2022
5,spotify:track:6Sq7ltF9Qa7SNFBsV5Cogx,"Bad Bunny, Chencho Corleone",Me Porto Bonito,Rimas Entertainment LLC,1,4,23,6286488,MX,Mexico,Q4,2022
6,spotify:track:1IHWl5LamUGEuP4ozKQSXZ,Bad Bunny,Tití Me Preguntó,Rimas Entertainment LLC,2,6,23,5950941,MX,Mexico,Q4,2022
7,spotify:track:5PfFHceiEv61KldMOuVrv8,"Peso Pluma, Luis R Conriquez",Siempre Pendientes,Prajin Records,6,8,9,5461670,MX,Mexico,Q4,2022
8,spotify:track:31i56LZnwE6uSu3exoHjtB,Bad Bunny,Neverita,Rimas Entertainment LLC,6,7,23,5428693,MX,Mexico,Q4,2022
9,spotify:track:3k3NWokhRRkEPhCzPmV8TW,"Bad Bunny, Bomba Estéreo",Ojitos Lindos,Rimas Entertainment LLC,1,9,23,5271588,MX,Mexico,Q4,2022
10,spotify:track:53tfEupEzQRtVFOeZvk7xq,ROSALÍA,DESPECHÁ,Columbia,6,11,11,4368840,MX,Mexico,Q4,2022
11,spotify:track:4w273WCBXwM4P3jTX5HkB2,"Grupo Marca Registrada, Junior H",El Rescate,Boba Records,8,10,12,4368323,MX,Mexico,Q4,2022
12,spotify:track:5kpxVMDvYGRmNqawPqDTYR,"La Adictiva, Luis R Conriquez",JGL,Anval Music,10,13,30,4133243,MX,Mexico,Q4,2022
13,spotify:track:7dSZ6zGTQx66c2GF91xCrb,KAROL G,PROVENZA,BICHOTA RECORDS / INTERSCOPE RECORDS / UNIVERSAL MUSIC LATINO,1,12,25,4131345,MX,Mexico,Q4,2022
14,spotify:track:6Xom58OOXk2SoU711L2IXO,Bad Bunny,Moscow Mule,Rimas Entertainment LLC,1,14,23,4081100,MX,Mexico,Q4,2022
15,spotify:track:0uBcoM4zxRXk7kmsmxoiFS,"Luis Mexia, Grupo Firme",Calidad,Luis Mexia,15,15,13,3849616,MX,Mexico,Q4,2022
16,spotify:track:79HZAZNnOE97rb2hnI0XQr,"Rauw Alejandro, Lyanno, Brray",LOKERA,Sony Music Latin/Duars Entertainment,15,18,11,3581949,MX,Mexico,Q4,2022
17,spotify:track:74WROFXsox6wkeUrEK2DS6,Eden Muñoz,Chale,Lizos Music,1,16,34,3564800,MX,Mexico,Q4,2022
18,spotify:track:7Jph6HJbfURt4Fea19IED3,Grupo Marca Registrada,Si Fuera Fácil,Boba Records,17,17,20,3402959,MX,Mexico,Q4,2022
19,spotify:track:3ZGkdrigbWXLgHungXfZkt,"Junior H, Luis R Conriquez",Los Botones Azules,WEA Latina,13,20,32,3117826,MX,Mexico,Q4,2022
20,spotify:track:4tYFy8ALRjIZvnvSLw5lxN,"Bad Bunny, Rauw Alejandro",Party,Rimas Entertainment LLC,3,19,23,3050915,MX,Mexico,Q4,2022
21,spotify:track:7gwT3HGL84vF7bgtwL1N88,Lasso,Ojos Marrones,Universal Music Mexico,9,21,16,2962705,MX,Mexico,Q4,2022
22,spotify:track:1kJXYVVUu7o3B9gaJpoxjm,Julión Álvarez y su Norteño Banda,Que Te Vaya Bien,UMLE - Fonovisa,22,24,8,2798093,MX,Mexico,Q4,2022
23,spotify:track:1797zYiX4cKosMH836X9Gt,"Bad Bunny, Tony Dize",La Corriente,Rimas Entertainment LLC,13,22,23,2742992,MX,Mexico,Q4,2022
24,spotify:track:4Dvkj6JhhA12EX05fT7y2e,Harry Styles,As It Was,Columbia,1,26,28,2722686,MX,Mexico,Q4,2022
25,spotify:track:3bvJftZKZe5QKz433NczyV,Carín León,No Es Por Acá,"Socios Music, LLC",25,29,14,2718035,MX,Mexico,Q4,2022
26,spotify:track:3XfUFGzbr0LmwFVoLXd9cO,"Fuerza Regida, Edgardo Nuñez",Billete Grande (En Vivo),Rancho Humilde,26,32,9,2704792,MX,Mexico,Q4,2022
27,spotify:track:0kTMK4gNFfLXaTb62w1UaJ,"Pablito Pesadilla, Polimá Westcoast, Nickoog Clk, Fran C",BABY OTAKU,Pablito Pesadilla,27,30,4,2688883,MX,Mexico,Q4,2022
28,spotify:track:2rurDawMfoKP4uHyb2kJBt,"Shakira, Rauw Alejandro",Te Felicito,Sony Music Latin,6,27,25,2613061,MX,Mexico,Q4,2022
29,spotify:track:41oY4WCTj5kccfesTVFnvN,"Bad Bunny, JHAYCO",Tarot,Rimas Entertainment LLC,7,25,23,2612204,MX,Mexico,Q4,2022
30,spotify:track:7dMTCS9BLzBqYTlAuHP8TM,Danna Paola,XT4S1S,Universal Music Mexico,18,23,9,2594142,MX,Mexico,Q4,2022
31,spotify:track:2NWaWZZLFMcr5P4uI2KvWy,Victor Cibrian,En El Radio Un Cochinero,Rancho Humilde,8,28,22,2508336,MX,Mexico,Q4,2022
32,spotify:track:6VrQTLzzuyGIYjUDe4kAZk,Bad Bunny,Un Coco,Rimas Entertainment LLC,20,31,23,2497802,MX,Mexico,Q4,2022
33,spotify:track:1ga4PztXOIw1yBbdUt2X8v,"KAROL G, Maldy",GATÚBELA,BICHOTA RECORDS / INTERSCOPE RECORDS / UNIVERSAL MUSIC LATINO,21,33,7,2409834,MX,Mexico,Q4,2022
34,spotify:track:1RGlfmdvcfatN0ZLOmzanS,Junior H,El Hijo Mayor,WEA Latina,34,35,13,2401561,MX,Mexico,Q4,2022
35,spotify:track:1O2pcBJGej0pmH2Y9XZMs6,Cris MJ,Una Noche en Medellín,Sonar LLC.,3,34,34,2376858,MX,Mexico,Q4,2022
36,spotify:track:3nqQXoyQOWXiESFLlDF1hG,"Sam Smith, Kim Petras",Unholy (feat. Kim Petras),Capitol Records UK / EMI,36,40,3,2358455,MX,Mexico,Q4,2022
37,spotify:track:2CeKVsFFXG4QzA415QygGb,Feid,Feliz Cumpleaños Ferxxo,UMLE - Latino,37,42,8,2345924,MX,Mexico,Q4,2022
38,spotify:track:0UXlu64mDLvfzR8IXMz06J,Christian Nodal,Ya No Somos Ni Seremos,"Producciones Ladon, S.A de C.V./Sony Music México",1,37,34,2206317,MX,Mexico,Q4,2022
39,spotify:track:75UMtPC77vqKRwfSuYuNPO,Kevin Kaarl,San Lucas,Kevin Kaarl,8,44,33,2196667,MX,Mexico,Q4,2022
40,spotify:track:4d4ZXH4dr5bYfgErHiZCX2,Bad Bunny,Dos Mil 16,Rimas Entertainment LLC,13,36,23,2190420,MX,Mexico,Q4,2022
41,spotify:track:5IdyvWCaUa7AgTxMsFj0wB,Grupo Los de la O,Fuga Pa Cali 2,"Manzana Records, Inc.",19,39,36,2183900,MX,Mexico,Q4,2022
42,spotify:track:0fea68AdmYNygeTGI4RC18,"J Balvin, Bad Bunny",LA CANCIÓN,Universal Music Latino / Rimas,1,38,172,2173743,MX,Mexico,Q4,2022
43,spotify:track:4YF13O2n16dcTyGgVmiGvN,"Mau y Ricky, Carín León",Llorar y Llorar - con Carin Leon,Sony Music Latin,43,43,18,2132531,MX,Mexico,Q4,2022
44,spotify:track:44XjoNvtwevktFKjvVe1vH,"Bad Bunny, Buscabulla",Andrea,Rimas Entertainment LLC,10,41,23,2076130,MX,Mexico,Q4,2022
45,spotify:track:1UdzJEpgJxtuXAlCOvD4S0,Danny Ocean,Fuera del mercado,Atlantic Records,2,47,33,2071843,MX,Mexico,Q4,2022
46,spotify:track:3p6eieHX6oEOzJStPtEsLu,Calibre 50,Si Te Pudiera Mentir,"Andaluz Music, LLC (Catalog)",2,45,116,1999298,MX,Mexico,Q4,2022
47,spotify:track:2JPLbjOn0wPCngEot2STUS,Bad Bunny,Yonaguni,Rimas Entertainment LLC,1,49,71,1984044,MX,Mexico,Q4,2022
48,spotify:track:1dm6z1fWB0cErMszU25dy2,Bad Bunny,Después de la Playa,Rimas Entertainment LLC,6,48,23,1950096,MX,Mexico,Q4,2022
49,spotify:track:3fjN3y5x4hN53rykAN2LHQ,Rels B,cómo dormiste?,DALE PLAY Records / Flakk Team,28,50,10,1934491,MX,Mexico,Q4,2022
50,spotify:track:15UfWisTMmHsMjkUUEAoAa,"Peso Pluma, Raul Vega",El Belicon,Prajin Records / Worms Music,50,53,35,1888879,MX,Mexico,Q4,2022
1,spotify:track:7pXNFEzqeZB8rIbcFtYTop,Black Sherif,Kwaku the Traveller,Blacko Management / EMPIRE,1,-1,1,286699,NG,Nigeria,Q2,2022
2,spotify:track:4Gasn91fsCefnN8zM5GjA8,"Pheelz, BNXN",Finesse,Warner Records,1,1,6,142320,NG,Nigeria,Q2,2022
3,spotify:track:7d1aTQlsHMgWmkPywDi7h1,"Asake, Olamide",Omo Ope (feat. Olamide),Asake Music,2,4,8,114054,NG,Nigeria,Q2,2022
4,spotify:track:5FtWjKVBTMklN2yCP9UhF6,"Asake, Burna Boy",Sungba (feat. Burna Boy) - Remix,YBNL 2022,4,7,2,113345,NG,Nigeria,Q2,2022
5,spotify:track:3BnDvpeuGOj21Ir2aVEtQo,Rema,Calm Down,Mavin Records / Jonzing World,1,2,8,108791,NG,Nigeria,Q2,2022
6,spotify:track:1Cg51Jk6EoXBQ0KiwzWJfm,Fireboy DML,Playboy,YBNL Nation / EMPIRE,6,6,3,102347,NG,Nigeria,Q2,2022
7,spotify:track:2koM4vqlpUzeRbNkjsDBwF,"Darkoo, Black Sherif",Always (feat. Black Sherif),Atlantic Records UK,7,18,6,95484,NG,Nigeria,Q2,2022
8,spotify:track:3KO1322zrWwGa8TWQDBFvg,Asake,Sungba,YBNL 2022,3,3,8,90130,NG,Nigeria,Q2,2022
9,spotify:track:79P1sxrpp1phhTgF1gkaI8,"BNXN, Blaq Diamond",Italy (feat. Blaq Diamond),To Your Ears Entertainment,3,12,8,70618,NG,Nigeria,Q2,2022
10,spotify:track:2XuLnQELesgnkCGZbSJHO0,"Lil Kesh, Zinoleesky",Don't Call Me (feat. Zinoleesky),Ziiki Media,6,16,8,70431,NG,Nigeria,Q2,2022
11,spotify:track:4lDghGd035xrzGp6Yec2j1,"Skiibii, Davido",Baddest Boy - Remix,"More Grace Entertainment, Distributed by Dvpper",3,14,8,69672,NG,Nigeria,Q2,2022
12,spotify:track:7sSpKoxxtecQry1wxVmpIz,BNXN,For Days,T.Y.E. / EMPIRE,12,-1,1,66748,NG,Nigeria,Q2,2022
13,spotify:track:0aMOalD335v1hsSXmLURzz,"Chris Brown, Rema",Time N Affection,Mavin Records / Jonzing World,5,5,2,65300,NG,Nigeria,Q2,2022
14,spotify:track:574QNMkQGedluLOgr275s9,"Black Sherif, Burna Boy",Second Sermon - Remix,Blacko Mgt. / Spaceship Records,14,41,8,63737,NG,Nigeria,Q2,2022
15,spotify:track:6rDbIKxHWteL6TnhLtj634,"T.I BLAZE, Olamide",Sometimes (Remix),Dvpper Digital,8,23,8,63146,NG,Nigeria,Q2,2022
16,spotify:track:6PojTTCNlz3qo3qBKuUyaO,"Mayorkun, Victony",Holy Father,SM Entertainment West Africa Limited,5,19,8,61354,NG,Nigeria,Q2,2022
17,spotify:track:2jZ2MrAk8iNZk1dsI0Vr5z,"Timaya, BNXN",Cold Outside,DM Records Limited,5,21,8,59173,NG,Nigeria,Q2,2022
18,spotify:track:3OsZkVwyJhGLJ0KrdUx23o,Victony,Apollo,Encore Recordings,15,31,4,58880,NG,Nigeria,Q2,2022
19,spotify:track:1zwZ26A7OA5wTrA3FejCLL,"Lojay, Sarz",Monalisa,Metallic Music/1789,6,24,8,55181,NG,Nigeria,Q2,2022
20,spotify:track:0kmVNMFtYuiN3vjyxsyZZS,"AJ Tracey, Rema",FYN,Mavin Records / Jonzing World,6,9,4,47702,NG,Nigeria,Q2,2022
21,spotify:track:4G11wDzAKuCFqApL4g3ixC,"Adekunle Gold, Davido",High,Afro Urban Records,10,25,8,47152,NG,Nigeria,Q2,2022
22,spotify:track:2Ydj7wgn4ZrFFQsfFBTTYJ,Kizz Daniel,Eh God (Barnabas),FlyBoy INC / EMPIRE,16,32,8,47068,NG,Nigeria,Q2,2022
23,spotify:track:3ketN3dth18vSJ1T3HIztN,"Burna Boy, Wizkid",B. D’OR (feat. Wizkid),Spaceship/ Bad Habit/Atlantic Records,13,34,8,46682,NG,Nigeria,Q2,2022
24,spotify:track:0z0hrjBtCLS8WnQXWtKOWP,Zinoleesky,Rocking,Marlian Music,10,30,7,46465,NG,Nigeria,Q2,2022
25,spotify:track:0hW02S9ACVYANz1ica10jH,"Magixx, Ayra Starr",Love Don't Cost A Dime (Re-Up),Mavin Records,21,37,8,44369,NG,Nigeria,Q2,2022
26,spotify:track:6tTeRmhhuwDl5Y4UiJdHuO,"Omah Lay, Justin Bieber",attention (with Justin Bieber),KeyQaad/Sire Records,4,35,5,43859,NG,Nigeria,Q2,2022
27,spotify:track:2oOr7XZmuqYTdmCnC5qQsC,Ajebo Hustlers,Loyalty,Avante Entertainment,11,36,8,43797,NG,Nigeria,Q2,2022
28,spotify:track:6L0owZVOkCYYajP9ChDHdX,Joeboy,Cubana,emPawa Africa Limited,28,-1,1,43659,NG,Nigeria,Q2,2022
29,spotify:track:3Q78lDuzWs50Gry1eQA7NX,Khaid,WITH YOU,NEVILLE RECORDS,16,42,8,43369,NG,Nigeria,Q2,2022
30,spotify:track:6GkFcz1YNlGwDVyGSgwp3k,ArrDee,Come & Go,Universal-Island Records Ltd.,30,51,5,42954,NG,Nigeria,Q2,2022
31,spotify:track:4NLFnAPoMAiuuK8iXnit6W,Reekado Banks,Ozumba Mbadiwe,OtherSide Media Limited,11,38,8,42006,NG,Nigeria,Q2,2022
32,spotify:track:3k9Y1OBtIdPQNqbKILvJcD,"Aṣa, Wizkid",IDG,Platoon,4,40,6,41332,NG,Nigeria,Q2,2022
33,spotify:track:77eZIuMTB9HrQ86L4ljqEX,FAVE,Baby Riddim,TUMBLAR under exclusive license to emPawa Africa Limited,16,48,8,40280,NG,Nigeria,Q2,2022
34,spotify:track:7scINjDU13FTbCakH7bf2E,BNXN,Outside,To Your Ears Entertainment,28,45,8,40271,NG,Nigeria,Q2,2022
35,spotify:track:0m65pnkFyJ5w8vMjYTCsI5,Skiibii,Trenches,Africori,34,44,3,39769,NG,Nigeria,Q2,2022
36,spotify:track:10m1yYuud3w7bb43srjbWi,Ruger,Snapchat,Promised Land Recordings,15,46,8,39648,NG,Nigeria,Q2,2022
37,spotify:track:4tr4oHjFijp0EgISHYDIXe,Joeboy,Sip (Alcohol),emPawa Africa Limited,24,43,8,38888,NG,Nigeria,Q2,2022
38,spotify:track:3vTW0qXIitjhZW5kfTwBTv,"Davido, Focalistic",Champion Sound,Columbia,19,49,8,38601,NG,Nigeria,Q2,2022
39,spotify:track:6jdTkoEaer7XNGSblczoSu,"Wizkid, BNXN",Mood (feat. BNXN),Starboy/RCA Records,29,50,8,38487,NG,Nigeria,Q2,2022
40,spotify:track:6teW0qt23aGnWhC0rSvtoz,Omah Lay,understand,KeyQaad/Sire Records,20,52,8,38175,NG,Nigeria,Q2,2022
41,spotify:track:6lZ5p6VTbZ2ZvnsdTlLv7I,CKay,emiliana,WM South Africa,21,54,8,38087,NG,Nigeria,Q2,2022
42,spotify:track:1tDf8B65kTrz87w5RJmgXG,"Olamide, Wande Coal",Hate Me,YBNL Nation / EMPIRE,7,39,7,37069,NG,Nigeria,Q2,2022
43,spotify:track:192ciZ16D6JInKOktNTD02,Rema,Addicted,Mavin Records / Jonzing World,10,10,2,35456,NG,Nigeria,Q2,2022
44,spotify:track:4cL6ewTK0FjZKtbajym8zp,"Reminisce, BNXN, D Smoke",Hustle,LESROSESROUGE ENTERTAINMENT,20,59,7,35301,NG,Nigeria,Q2,2022
45,spotify:track:2WyowWnKQFrhHR7SLs2Fnf,Rema,Divine,Mavin Records / Jonzing World,8,8,2,34858,NG,Nigeria,Q2,2022
46,spotify:track:3q1cSJlfVFGfE7sMWPYJGm,Asake,Trabaye,YBNL 2022,23,47,8,33589,NG,Nigeria,Q2,2022
47,spotify:track:6nLdg1lpE3dHLmNam1aoA6,Ruger,Dior,Promised Land Recordings,22,57,8,32781,NG,Nigeria,Q2,2022
48,spotify:track:4yaPPFIafaVaMRHZ5IHkbA,"1da Banton, Kizz Daniel, Tiwa Savage",No Wahala - Remix,Squareball Ent. Limited,48,74,5,32373,NG,Nigeria,Q2,2022
49,spotify:track:50FX5UhHPAZQCL0rm0cZm6,Zinoleesky,Gone Far,Marlian Music,43,68,8,32130,NG,Nigeria,Q2,2022
50,spotify:track:2psl5iNJCrmmm2XtS7LZqb,Rema,Soundgasm,Mavin Records / Jonzing World,21,22,8,31964,NG,Nigeria,Q2,2022
1,spotify:track:1mJFFeluclL38IwV264lm9,Asake,Peace Be Unto You (PBUY),YBNL / EMPIRE,1,1,4,234781,NG,Nigeria,Q3,2022
2,spotify:track:5YbPxJwPfrj7uswNwoF1pJ,Burna Boy,Last Last,Spaceship/ Bad Habit/Atlantic Records,1,3,8,175354,NG,Nigeria,Q3,2022
3,spotify:track:4lVEVXrlQlXPdYWMGTwrFe,"Mavins, Crayon, Ayra Starr, LADIPOE, Magixx, Boy Spyce",Overloading (OVERDOSE),Mavin Records,2,2,8,158246,NG,Nigeria,Q3,2022
4,spotify:track:2SaRkvUkzNzL39fBB2hLpt,"SPINALL, Asake",PALAZZO,TheCAPMusic,1,4,8,150962,NG,Nigeria,Q3,2022
5,spotify:track:4MzOppXoeKvDsVaNMeOK3C,Ruger,Girlfriend,Promised Land Recordings,5,7,3,124542,NG,Nigeria,Q3,2022
6,spotify:track:4eZZofkV1OQ9GDqAgHqNpA,"Kizz Daniel, Tekno",Buga (Lo Lo Lo),FlyBoy INC / EMPIRE,1,6,10,110756,NG,Nigeria,Q3,2022
7,spotify:track:6NKuW3yaNXtloGw1RB8WUi,Mayorkun,Certified Loner (No Competition),SM Entertainment West Africa Limited,6,8,3,110084,NG,Nigeria,Q3,2022
8,spotify:track:1B5I5yqLpVI5EosZS6bJFs,"Chris Brown, Wizkid",Call Me Every Day (feat. Wizkid),Chris Brown Entertainment/RCA Records,2,5,3,101712,NG,Nigeria,Q3,2022
9,spotify:track:3AZY6NZ1R8GI9003EEFPeu,"CKay, Focalistic, Davido, Abidoza","WATAWI (feat. Davido, Focalistic & Abidoza)",Warner Music Africa,8,10,3,91805,NG,Nigeria,Q3,2022
10,spotify:track:6othjWxN6khdhiLu9GdOtj,Zinoleesky,Loving You,Marlian Music,4,9,8,90096,NG,Nigeria,Q3,2022
11,spotify:track:4Gasn91fsCefnN8zM5GjA8,"Pheelz, BNXN",Finesse,Warner Records,1,13,19,85395,NG,Nigeria,Q3,2022
12,spotify:track:7d1aTQlsHMgWmkPywDi7h1,"Asake, Olamide",Omo Ope (feat. Olamide),Asake Music,2,12,21,83107,NG,Nigeria,Q3,2022
13,spotify:track:1Cg51Jk6EoXBQ0KiwzWJfm,Fireboy DML,Playboy,YBNL Nation / EMPIRE,4,19,16,74705,NG,Nigeria,Q3,2022
14,spotify:track:59nOXPmaKlBfGMDeOVGrIK,"Future, Drake, Tems",WAIT FOR U (feat. Drake & Tems),Epic/Freebandz,5,14,10,74396,NG,Nigeria,Q3,2022
15,spotify:track:0ApflIvLLPwEZuS36WYlh6,"Camidoh, Mayorkun, Darkoo, King Promise",Sugarcane - Remix,Crux Global / MOVES Recordings,10,15,13,73407,NG,Nigeria,Q3,2022
16,spotify:track:2IBrgYf3Hjw16c6oNwkZ9M,"Young Jonn, Davido",Dada (feat. Davido) [Remix],Chocolate City Music,5,16,10,71423,NG,Nigeria,Q3,2022
17,spotify:track:6lXOGwFzCglrPMtuysPIUo,Victony,Kolomental,Encore Recordings,3,20,11,70197,NG,Nigeria,Q3,2022
18,spotify:track:1XUf5lpeTQbrohZWdx6Sbz,"Davido, Sunday Service Choir",Stand Strong (feat. Sunday Service Choir),Columbia,3,17,9,68084,NG,Nigeria,Q3,2022
19,spotify:track:5FtWjKVBTMklN2yCP9UhF6,"Asake, Burna Boy",Sungba (feat. Burna Boy) - Remix,YBNL 2022,2,18,15,67257,NG,Nigeria,Q3,2022
20,spotify:track:3BnDvpeuGOj21Ir2aVEtQo,Rema,Calm Down,Mavin Records / Jonzing World,1,21,21,57922,NG,Nigeria,Q3,2022
21,spotify:track:3AUW4YqukPw4YfBV1ZkkNe,Omah Lay,woman,KeyQaad/Sire Records,7,22,7,54487,NG,Nigeria,Q3,2022
22,spotify:track:4G11wDzAKuCFqApL4g3ixC,"Adekunle Gold, Davido",High,Afro Urban Records,10,25,21,54259,NG,Nigeria,Q3,2022
23,spotify:track:2jZ2MrAk8iNZk1dsI0Vr5z,"Timaya, BNXN",Cold Outside,DM Records Limited,5,27,21,52463,NG,Nigeria,Q3,2022
24,spotify:track:6PojTTCNlz3qo3qBKuUyaO,"Mayorkun, Victony",Holy Father,SM Entertainment West Africa Limited,5,28,21,52323,NG,Nigeria,Q3,2022
25,spotify:track:1kd8fI9o55GNWvNOfzKcz5,Mr Eazi,Legalize,emPawa Africa Limited,18,23,4,51823,NG,Nigeria,Q3,2022
26,spotify:track:4nwtkUjULEbhp5VJItUWbV,Victony,Many Man - A COLORS SHOW,COLORSxSTUDIOS,26,-1,1,51744,NG,Nigeria,Q3,2022
27,spotify:track:4wG7xubJwUdjvdVJvAV1d9,LADIPOE,Big Energy,Mavin Records,17,24,4,51312,NG,Nigeria,Q3,2022
28,spotify:track:6bZ9RWQGYr7XKQhxs9XT6a,BNXN,Kilometer,T.Y.E. / EMPIRE,6,30,21,48555,NG,Nigeria,Q3,2022
29,spotify:track:5xHodqknQtgokj6oO1giHb,"DaBaby, Davido",SHOWING OFF HER BODY (with Davido),South Coast Music Group/Interscope Records,11,11,2,47978,NG,Nigeria,Q3,2022
30,spotify:track:2XuLnQELesgnkCGZbSJHO0,"Lil Kesh, Zinoleesky",Don't Call Me (feat. Zinoleesky),Ziiki Media,6,29,21,47885,NG,Nigeria,Q3,2022
31,spotify:track:3baPniPXS0iEII8rDUJdYP,"Lojay, Sarz, Chris Brown",Monalisa,Metallic Music/1789,12,32,7,47767,NG,Nigeria,Q3,2022
32,spotify:track:0hW02S9ACVYANz1ica10jH,"Magixx, Ayra Starr",Love Don't Cost A Dime (Re-Up),Mavin Records,21,31,21,46910,NG,Nigeria,Q3,2022
33,spotify:track:7pXNFEzqeZB8rIbcFtYTop,Black Sherif,Kwaku the Traveller,Blacko Management / EMPIRE,1,33,14,46313,NG,Nigeria,Q3,2022
34,spotify:track:3OsZkVwyJhGLJ0KrdUx23o,Victony,Apollo,Encore Recordings,10,37,17,46147,NG,Nigeria,Q3,2022
35,spotify:track:6vy5gmpM2yuLAhDRtGOtPw,Ruger,WeWe,Promised Land Recordings,25,26,3,45738,NG,Nigeria,Q3,2022
36,spotify:track:6rDbIKxHWteL6TnhLtj634,"T.I BLAZE, Olamide",Sometimes (Remix),Dvpper Digital,8,36,21,45478,NG,Nigeria,Q3,2022
37,spotify:track:5p8e2CxX9frZepKoc8E9Z4,T.I BLAZE,Try,Dvpper Music,33,38,20,45238,NG,Nigeria,Q3,2022
38,spotify:track:4lDghGd035xrzGp6Yec2j1,"Skiibii, Davido",Baddest Boy - Remix,"More Grace Entertainment, Distributed by Dvpper",3,35,21,44630,NG,Nigeria,Q3,2022
39,spotify:track:1zwZ26A7OA5wTrA3FejCLL,"Lojay, Sarz",Monalisa,Metallic Music/1789,6,39,21,43053,NG,Nigeria,Q3,2022
40,spotify:track:3KO1322zrWwGa8TWQDBFvg,Asake,Sungba,YBNL 2022,3,34,21,42371,NG,Nigeria,Q3,2022
41,spotify:track:2oOr7XZmuqYTdmCnC5qQsC,Ajebo Hustlers,Loyalty,Avante Entertainment,11,41,21,39180,NG,Nigeria,Q3,2022
42,spotify:track:6teW0qt23aGnWhC0rSvtoz,Omah Lay,understand,KeyQaad/Sire Records,20,44,21,38978,NG,Nigeria,Q3,2022
43,spotify:track:6azpaZYOCLhhWr2amkJ1tQ,Ladé,Adulthood Anthem,Omolade Oyetundun 'Ladé',35,40,5,38611,NG,Nigeria,Q3,2022
44,spotify:track:3vTW0qXIitjhZW5kfTwBTv,"Davido, Focalistic",Champion Sound,Columbia,19,45,21,37564,NG,Nigeria,Q3,2022
45,spotify:track:1iM0xHlmZPGZ8gdbPXtUgN,"T.I BLAZE, Skiibii",Kilo,Dvpper Music,42,42,10,37515,NG,Nigeria,Q3,2022
46,spotify:track:3Q78lDuzWs50Gry1eQA7NX,Khaid,WITH YOU,NEVILLE RECORDS,16,43,21,37270,NG,Nigeria,Q3,2022
47,spotify:track:3F5CgOj3wFlRv51JsHbxhe,"Drake, 21 Savage",Jimmy Cooks (feat. 21 Savage),OVO,31,48,3,36991,NG,Nigeria,Q3,2022
48,spotify:track:03DxO8kGNrEGr1VjPSdQs2,Kizz Daniel,Lie,FlyBoy INC / EMPIRE,28,50,21,36444,NG,Nigeria,Q3,2022
49,spotify:track:3uJFmluXzYedoJcvhpC1AW,"Cardi B, Kanye West, Lil Durk",Hot Shit (feat. Ye & Lil Durk),Atlantic Records,49,-1,1,35772,NG,Nigeria,Q3,2022
50,spotify:track:2Ydj7wgn4ZrFFQsfFBTTYJ,Kizz Daniel,Eh God (Barnabas),FlyBoy INC / EMPIRE,16,47,21,35214,NG,Nigeria,Q3,2022
1,spotify:track:5UwxpuGHkwiojKDaPC5ZNu,Asake,Joha,YBNL Nation / EMPIRE,1,3,6,247011,NG,Nigeria,Q4,2022
2,spotify:track:5ycsqezujKrwviU3VFhci1,Asake,Terminator,YBNL Nation / EMPIRE,1,2,8,246550,NG,Nigeria,Q4,2022
3,spotify:track:1rrqJ9QkOBYJlsZgqqwxgB,Ayra Starr,Rush,Mavin Records,1,1,4,232401,NG,Nigeria,Q4,2022
4,spotify:track:2wgvxtggKVzPkl0smF2UzI,Asake,Organise,YBNL Nation / EMPIRE,1,4,6,219486,NG,Nigeria,Q4,2022
5,spotify:track:2qWwuCVeMjF9mUT0S5Iqvl,"Fireboy DML, Asake",Bandana,YBNL Nation / EMPIRE,1,5,14,195906,NG,Nigeria,Q4,2022
6,spotify:track:5F4OfeowSReF93KcH2eUcG,Young Jonn,Xtra Cool,Chocolate City Music,6,22,3,188798,NG,Nigeria,Q4,2022
7,spotify:track:6ewsOjbC1jWAZcjAhVxDs0,Asake,Peace Be Unto You (PBUY),YBNL Nation / EMPIRE,1,6,18,188038,NG,Nigeria,Q4,2022
8,spotify:track:6RbOyNeajWax51NtpO6WT8,"Victony, Tempoe",Soweto,Encore Recordings,8,8,10,163385,NG,Nigeria,Q4,2022
9,spotify:track:1DjjSWom4la3p67sZcBWTN,"Blaqbonez, JAE5",BACK IN UNI,Chocolate City Music,9,-1,1,162649,NG,Nigeria,Q4,2022
10,spotify:track:2WigMwGJysIh9fRnSJvpjn,Oxlade,KU LO SA - A COLORS SHOW,Troniq Inc,5,7,18,160165,NG,Nigeria,Q4,2022
11,spotify:track:46gfN72BxmLvACx6Pve4XU,Asake,Dull,YBNL Nation / EMPIRE,4,9,6,147288,NG,Nigeria,Q4,2022
12,spotify:track:6McBvfxgkVfREmQPwTKBUn,"Pheelz, Davido",Electricity,Warner Records,3,11,8,139369,NG,Nigeria,Q4,2022
13,spotify:track:5OTKO93FLT25URfam2hZgP,"Bella Shmurda, Omah Lay",Philo,Dangbana Republik,13,15,4,133346,NG,Nigeria,Q4,2022
14,spotify:track:2pUlBBWq8R10ylbBvZJV9j,Wizkid,Bad To Me,Starboy/RCA Records,3,13,5,129636,NG,Nigeria,Q4,2022
15,spotify:track:0VjzaXw81JQJM61pzWwP8b,Asake,Nzaza,YBNL Nation / EMPIRE,6,10,6,129119,NG,Nigeria,Q4,2022
16,spotify:track:0CUJV0Hh512Ns7U2yGflqt,Asake,Ototo,YBNL Nation / EMPIRE,7,12,6,129107,NG,Nigeria,Q4,2022
17,spotify:track:5hVjoL3sHepZROri63wBxP,Burna Boy,It's Plenty,Spaceship/ Bad Habit/Atlantic Records,2,14,14,128475,NG,Nigeria,Q4,2022
18,spotify:track:5YbPxJwPfrj7uswNwoF1pJ,Burna Boy,Last Last,Spaceship/ Bad Habit/Atlantic Records,1,16,22,122642,NG,Nigeria,Q4,2022
19,spotify:track:0HaRLPnr887lcQM2YQzkff,"Burna Boy, Ed Sheeran",For My Hand (feat. Ed Sheeran),Spaceship/ Bad Habit/Atlantic Records,1,18,14,107625,NG,Nigeria,Q4,2022
20,spotify:track:4iCUs97QSPyYaFmzDa25Tb,Asake,Dupe,YBNL Nation / EMPIRE,9,17,6,107416,NG,Nigeria,Q4,2022
21,spotify:track:4MzOppXoeKvDsVaNMeOK3C,Ruger,Girlfriend,Promised Land Recordings,5,20,17,100862,NG,Nigeria,Q4,2022
22,spotify:track:4lVEVXrlQlXPdYWMGTwrFe,"Mavins, Crayon, Ayra Starr, LADIPOE, Magixx, Boy Spyce",Overloading (OVERDOSE),Mavin Records,2,19,22,100329,NG,Nigeria,Q4,2022
23,spotify:track:0rkpKiWmsAs2VApWKJQRuY,Black Sherif,Soja,Blacko Management / EMPIRE,23,25,4,94691,NG,Nigeria,Q4,2022
24,spotify:track:4k4pdUWX8632g7yByxC3rS,"Asake, Burna Boy",Sungba (feat. Burna Boy) - Remix,YBNL Nation / EMPIRE,2,21,29,92947,NG,Nigeria,Q4,2022
25,spotify:track:65v99AWZyNz3aRmfrT2I7N,Omah Lay,i'm a mess,KeyQaad/Sire Records,10,26,13,83676,NG,Nigeria,Q4,2022
26,spotify:track:4A7sSA10D35HQUNrSOl5Zo,"JAE5, Dave, BNXN",Propeller (feat. Dave & BNXN),Black Butter,2,27,12,83596,NG,Nigeria,Q4,2022
27,spotify:track:3Nx9nMHMFgkeF8xpVk1Ev0,Asake,Muse,YBNL Nation / EMPIRE,10,23,6,82005,NG,Nigeria,Q4,2022
28,spotify:track:6NKuW3yaNXtloGw1RB8WUi,Mayorkun,Certified Loner (No Competition),SM Entertainment West Africa Limited,6,28,17,79624,NG,Nigeria,Q4,2022
29,spotify:track:7tZMF9Hn5uGsfC7zGXbSKM,Crayon,Ijo (Laba Laba),Mavin Records/Blowtime Ent,15,29,15,79316,NG,Nigeria,Q4,2022
30,spotify:track:6WavyUNdnJk9SRW7ko9ack,"Asake, Russ",Reason (feat. Russ),YBNL Nation / EMPIRE,11,24,6,77879,NG,Nigeria,Q4,2022
31,spotify:track:2wfWK2cmM5DZ4VnT7rDnFO,Zinoleesky,Call of Duty,Marlian Music,4,30,7,76343,NG,Nigeria,Q4,2022
32,spotify:track:0s5nhb6ts6uCKAVnGg46y6,"Burna Boy, Victony",Different Size (feat. Victony),Spaceship/ Bad Habit/Atlantic Records,3,32,14,68561,NG,Nigeria,Q4,2022
33,spotify:track:1B5I5yqLpVI5EosZS6bJFs,"Chris Brown, Wizkid",Call Me Every Day (feat. Wizkid),Chris Brown Entertainment/RCA Records,2,34,17,67619,NG,Nigeria,Q4,2022
34,spotify:track:5TqtBDyIdZiTpfJZL2o10M,Asake,Sunmomi,YBNL Nation / EMPIRE,13,31,6,64408,NG,Nigeria,Q4,2022
35,spotify:track:4Gasn91fsCefnN8zM5GjA8,"Pheelz, BNXN",Finesse,Warner Records,1,33,33,64272,NG,Nigeria,Q4,2022
36,spotify:track:7d1aTQlsHMgWmkPywDi7h1,"Asake, Olamide",Omo Ope (feat. Olamide),Asake Music,2,35,35,63911,NG,Nigeria,Q4,2022
37,spotify:track:4eZZofkV1OQ9GDqAgHqNpA,"Kizz Daniel, Tekno",Buga (Lo Lo Lo),FlyBoy INC / EMPIRE,1,36,24,63772,NG,Nigeria,Q4,2022
38,spotify:track:5IgjP7X4th6nMNDh4akUHb,Chris Brown,Under The Influence,Chris Brown Entertainment/RCA Records,26,38,16,62215,NG,Nigeria,Q4,2022
39,spotify:track:6459gZKddpOoPIH8PAcCwS,Fireboy DML,All Of Us (Ashawo),YBNL Nation / EMPIRE,2,43,10,62073,NG,Nigeria,Q4,2022
40,spotify:track:6lXOGwFzCglrPMtuysPIUo,Victony,Kolomental,Encore Recordings,3,37,25,61296,NG,Nigeria,Q4,2022
41,spotify:track:1IiNgs5RGEYyGQFLXJvte5,BNXN,In My Mind,T.Y.E. / EMPIRE,7,40,8,56609,NG,Nigeria,Q4,2022
42,spotify:track:0mb1o4mFhrcPHivtlVNCGD,"BNXN, Wande Coal",Kenkele,T.Y.E. / EMPIRE,11,41,13,56259,NG,Nigeria,Q4,2022
43,spotify:track:7xLP9GqWARDKSoGPsU3126,Black Sherif,45,Blacko Management / EMPIRE,43,-1,1,56127,NG,Nigeria,Q4,2022
44,spotify:track:2IBrgYf3Hjw16c6oNwkZ9M,"Young Jonn, Davido",Dada (feat. Davido) [Remix],Chocolate City Music,5,42,24,55907,NG,Nigeria,Q4,2022
45,spotify:track:6oOCGD2Sp9UTcDsuDz8Hdu,Omah Lay,understand,KeyQaad/Sire Records,20,46,35,54329,NG,Nigeria,Q4,2022
46,spotify:track:2AKS1HhpLu2rgkojECUm3V,Fireboy DML,Playboy,YBNL Nation / EMPIRE,4,48,30,54135,NG,Nigeria,Q4,2022
47,spotify:track:6vy5gmpM2yuLAhDRtGOtPw,Ruger,WeWe,Promised Land Recordings,25,45,17,53935,NG,Nigeria,Q4,2022
48,spotify:track:6othjWxN6khdhiLu9GdOtj,Zinoleesky,Loving You,Marlian Music,4,50,22,52551,NG,Nigeria,Q4,2022
49,spotify:track:2jZ2MrAk8iNZk1dsI0Vr5z,"Timaya, BNXN",Cold Outside,DM Records Limited,5,54,35,48246,NG,Nigeria,Q4,2022
50,spotify:track:4cukkgbgG9P9PKouQ462aV,Omah Lay,bend you,KeyQaad/Sire Records,23,51,13,47662,NG,Nigeria,Q4,2022
1,spotify:track:5Dwpfuw962xZq6mNg8OgzN,Kinny Zimmer,Rozmazana kreska,SBM Label,1,4,7,1100151,PL,Poland,Q1,2022
2,spotify:track:3205ZtwMnzMBtr7GQZ1IbH,"Ronnie Ferrari, korweta",Origami,ZPR Media,1,3,5,1094255,PL,Poland,Q1,2022
3,spotify:track:6hhRa7U5jBBXyyudOJMA0C,"Sentino, Schwesta Ewa, CrackHouse",Powww!,BNP.GLOBAL,3,148,2,1047444,PL,Poland,Q1,2022
4,spotify:track:5sGv8YdAa3XjggnbpF9NC9,"Mata, Trooh Hippi",Szafir,SBM Label,1,5,15,1046358,PL,Poland,Q1,2022
5,spotify:track:32IErAbP0G4WcnpqHpMd35,Gawryle,Harnaś ice tea,Gawryle,1,2,7,1037256,PL,Poland,Q1,2022
6,spotify:track:0O4OIQKow8DloWa7UzIgyd,"Smolasty, francis, Pedro, Tribbs",Duże Oczy,WM Poland/WMI,4,7,23,904613,PL,Poland,Q1,2022
7,spotify:track:6UQWIXmtV5GLwzLOtjTVPM,"FRIZ, MASNY BEN, mgng, Ekipa",YO MAMALE,Ekipa,1,1,3,898244,PL,Poland,Q1,2022
8,spotify:track:17cBWOOCK0NzWM1dqSTSf2,"Kinny Zimmer, Quebonafide, Forxst",Benz-Dealer,SBM Label,8,-1,1,863225,PL,Poland,Q1,2022
9,spotify:track:4huKZSBZ0UJt2RWwB8PEWU,"mgng, MASNY BEN, MRGH.",COCO,gng,3,6,19,828922,PL,Poland,Q1,2022
10,spotify:track:1zwuT3oMcSs6Bo1uBQMRtq,"Kacperczyk, Julia Wieniawa",Sebiksy,SBM Label,10,11,7,810480,PL,Poland,Q1,2022
11,spotify:track:6sKg6jzvmiNAVsJRl8MaDE,"Sobel, sanah","Cześć, jak się masz?",Universal Music Polska Sp. z o.o.,2,9,14,790851,PL,Poland,Q1,2022
12,spotify:track:4ycYGkJdkPXZt7lTAfrr1p,"SB Maffija, White 2115, Adi Nowak, Janusz Walczuk, Białas, Fukaj, SKUTE BOBO, Beteo, Kinny Zimmer, Solar, Lanek, Bedoes 2115, Jan-Rapowanie, Kacperczyk",Parapetówa (feat. Kacperczyk),SBM Label,12,-1,1,784221,PL,Poland,Q1,2022
13,spotify:track:40ztXOcIAX26Zgh4oo6Y9k,"młody klakson, Maciej Maleńczuk, Sentino, Yugopolis",Ostatnia nocka ale to DRILL,Universal Music Polska Sp. z o.o.,13,13,2,782478,PL,Poland,Q1,2022
14,spotify:track:4AHLYdPB19GLS2UUBaOCy3,"MASNY BEN, mgng",LOUDA,gng,3,8,8,675595,PL,Poland,Q1,2022
15,spotify:track:1BwnO14BpmoRjGt2lla75r,Mata,Szmata,SBM Label,1,12,16,669689,PL,Poland,Q1,2022
16,spotify:track:37xytNxwRuLRuZcJMFH8w7,"Kizo, Sergiusz, Leśny",Disney,spacerange,2,10,30,669099,PL,Poland,Q1,2022
17,spotify:track:6eIVuPSZ7D8Q1uaZc8cQnz,"Mata, Pedro, francis",Kiss cam (podryw roku),SBM Label,1,14,30,638747,PL,Poland,Q1,2022
18,spotify:track:0dqvGZ5X6uGoypZantcLOS,sanah,kolońska i szlugi,Magic Records,2,15,11,606173,PL,Poland,Q1,2022
19,spotify:track:5z1HXUQQvZCAzULKk3L4eX,Mata,MC,SBM Label,1,19,7,600797,PL,Poland,Q1,2022
20,spotify:track:02MWAaffLxlfxAUY7c5dvx,Glass Animals,Heat Waves,Polydor Records,20,20,48,599233,PL,Poland,Q1,2022
21,spotify:track:0CMxaedU31OgxQvrA1VE1J,"Young Igi, Włodi",THC,Universal Music Polska Sp. z o.o.,8,16,9,584005,PL,Poland,Q1,2022
22,spotify:track:64F1Z2LAsf04V346A75hi1,"Męskie Granie Orkiestra, Daria Zawiałow, Dawid Podsiadło, Vito Bambino","I Ciebie też, bardzo (feat. Daria Zawiałow, Dawid Podsiadło & Vito Bambino)",Sony Music Entertainment,3,22,29,573489,PL,Poland,Q1,2022
23,spotify:track:4fouWK6XVHhzl78KzQ1UjL,GAYLE,abcdefu,Atlantic/Arthouse Records,17,21,9,570131,PL,Poland,Q1,2022
24,spotify:track:3QrkrDpopE53v2TMgnwaR9,"Mata, Quebonafide, Malik Montana",Papuga,SBM Label,1,18,20,561776,PL,Poland,Q1,2022
25,spotify:track:2U1ApzZScKQbR5RWvVO3rY,"Diho, Josef Bratan",Antonio Banderas,Diho,25,29,3,552482,PL,Poland,Q1,2022
26,spotify:track:4ykvjxFpao25h7QOPkRzFW,ReTo,Blask,spacerange,19,23,15,551503,PL,Poland,Q1,2022
27,spotify:track:6Liuuc7uvWjJkhbYTAHx5t,"Diho, Alberto, Bibič, Josef Bratan",Szyby,Diho,2,24,20,550763,PL,Poland,Q1,2022
28,spotify:track:1r9xUipOqoNwggBpENDsvJ,"Imagine Dragons, JID, Arcane, League of Legends",Enemy (with JID) - from the series Arcane League of Legends,KIDinaKORNER/Interscope Records,15,25,11,539625,PL,Poland,Q1,2022
29,spotify:track:7rglLriMNBPAyuJOMGwi39,"Elton John, Dua Lipa, PNAU",Cold Heart - PNAU Remix,EMI,19,26,19,484358,PL,Poland,Q1,2022
30,spotify:track:0rQDol2Ko2DHzFzLeqH0uz,"Young Leosia, Żabson",Jungle Girl,INTERNAZIOMALE,1,17,23,479465,PL,Poland,Q1,2022
31,spotify:track:3xjPXRGIowUQ0OULFNyeHS,"Kizo, Lubin, BeMelo",Jeszcze pięć minut,spacerange,31,38,10,469804,PL,Poland,Q1,2022
32,spotify:track:45kOuu3YasGpxiumk6SBaT,Malik Montana,3 Telefony,Epic/Malik Montana,7,41,10,465241,PL,Poland,Q1,2022
33,spotify:track:6M0piiE5fhZLnWZzbtuXak,Qry,Deszcz,spacerange,33,49,4,464907,PL,Poland,Q1,2022
34,spotify:track:5PjdY0CKGZdEuoNab3yDmX,"The Kid LAROI, Justin Bieber",STAY (with Justin Bieber),Columbia,9,30,27,453388,PL,Poland,Q1,2022
35,spotify:track:20on25jryn53hWghthWWW3,"ACRAZE, Cherish",Do It To It,Thrive Music,32,32,9,451225,PL,Poland,Q1,2022
36,spotify:track:3EqxetFYR8Z9YFZ2yl4cXD,"Magiera, Sobel",Drobna zabawa,Sony Music Entertainment,9,45,23,447149,PL,Poland,Q1,2022
37,spotify:track:1BHp12cQ54QXlO2LpUECR6,"mgng, MASNY BEN",BELWEDER (omamale),gng,24,27,16,430753,PL,Poland,Q1,2022
38,spotify:track:18asYwWugKjjsihZ0YvRxO,"Tiësto, Ava Max",The Motto,Atlantic Records,38,44,8,430483,PL,Poland,Q1,2022
39,spotify:track:01AnaOESGIDMJiTXrvAY1M,Daria Marx,Paranoia,Pelican Songs,37,37,12,426119,PL,Poland,Q1,2022
40,spotify:track:3uUuGVFu1V7jTQL60S1r8z,"Lost Frequencies, Calum Scott",Where Are You Now,Epic Amsterdam,28,35,16,417683,PL,Poland,Q1,2022
41,spotify:track:09rv2xotIve5jMa8ZqRQve,"Mata, GOMBAO 33, Sir Mich",Blok,SBM Label,5,34,15,416943,PL,Poland,Q1,2022
42,spotify:track:27gknDBOqYJmOFYyaOBAfa,"Guzior, Favst",BLUEBERRY,QueQuality,1,36,60,407373,PL,Poland,Q1,2022
43,spotify:track:24Gw6xOLcc028XPZJBQeEr,Zdechły Osa,Patolove,WM Poland/WMI,12,47,30,402425,PL,Poland,Q1,2022
44,spotify:track:50nfwKoDiSYg8zOCREWAm5,Ed Sheeran,Shivers,Atlantic Records UK,21,39,18,396390,PL,Poland,Q1,2022
45,spotify:track:46IZ0fSY2mpAiktS3KOqds,Adele,Easy On Me,Columbia,9,56,13,395123,PL,Poland,Q1,2022
46,spotify:track:2B4GHvToeLTOBB4QLzW3Ni,Farruko,Pepas,Sony Music Latin,33,33,14,393433,PL,Poland,Q1,2022
47,spotify:track:2aItJ1oeMxElBTGhGc2nGf,"Marie, Producent Adam",Zero Calorie Cookie,Thecutestlabel,29,51,29,393248,PL,Poland,Q1,2022
48,spotify:track:3tW8M4Jrrw9K5atA2YpMOF,"Smolasty, Tribbs",Ratuj,WM Poland/WMI,48,54,6,390330,PL,Poland,Q1,2022
49,spotify:track:4Q5tf4EFmf3DjObv8a8YvF,"Kabe, Opiat, Danzel",Cały hajs,QueQuality,26,50,15,386911,PL,Poland,Q1,2022
50,spotify:track:1nH2PkJL1XoUq8oE6tBZoU,The Weeknd,Sacrifice,XO / Republic Records,50,-1,1,386371,PL,Poland,Q1,2022
1,spotify:track:4LRPiXqCikLlN15c3yImP7,Harry Styles,As It Was,Columbia,1,-1,1,1515299,PL,Poland,Q2,2022
2,spotify:track:6L84MxeCGyg7fjTXzWYdmQ,"Sentino, Nitro, MASNY BEN, mgng",Trójkąt Bermudzki,BNP.GLOBAL,1,1,3,1470321,PL,Poland,Q2,2022
3,spotify:track:7kHDzIjrqGw529abmoVgAa,"sanah, Kwiat Jabłoni",Szary świat,Magic Records,1,2,3,1402332,PL,Poland,Q2,2022
4,spotify:track:7EuS4txsabaZyF5mkixLAj,"sanah, Grzegorz Turnau",Sen we śnie,Magic Records,4,-1,1,1129959,PL,Poland,Q2,2022
5,spotify:track:6q5Bx8Jm9yZC7tmI3leDOi,"Malik Montana, FRNKIE, Farid Bang",Brudasy With Attitude (feat. Farid Bang),Epic/Malik Montana,5,-1,1,1076043,PL,Poland,Q2,2022
6,spotify:track:1kuw8HFbvgAg3tNqPj00Mb,"SB Maffija, White 2115, Białas, Kinny Zimmer, Pedro, francis, Bedoes 2115",Lawenda,SBM Label,1,4,12,1035526,PL,Poland,Q2,2022
7,spotify:track:0Vm4VKVkSvKLyAHm6XWrfx,"Young Igi, Żabson",Robotniczy Trap,Universal Music Polska Sp. z o.o.,7,103,3,1033615,PL,Poland,Q2,2022
8,spotify:track:2jG3STVcZ9fjYlhXPi7nJ1,"Malik Montana, DaChoyce, SRNO, The Plug",Jetlag (feat. The Plug),Epic/Malik Montana,1,5,9,993881,PL,Poland,Q2,2022
9,spotify:track:0tTy9lib8CQg7mwFF6lBbD,Chivas,narcyz,GUGU,3,3,3,961793,PL,Poland,Q2,2022
10,spotify:track:6QzEN3q6NpVFdxktMj427g,"Young Igi, Żabson",Polski Karnawał,Universal Music Polska Sp. z o.o.,3,7,6,892819,PL,Poland,Q2,2022
11,spotify:track:2XrxfDmGGAkU14vQ9QVJeb,"sanah, Artur Rojek",Tęsknię sobie,Magic Records,6,6,2,768877,PL,Poland,Q2,2022
12,spotify:track:6IVFyySW33VfordEuGDPHk,"SB Maffija, Bedoes 2115, White 2115, kuqe 2115, Flexxy 2115, Blacha 2115, Kubi Producent",Proste fakty,SBM Label,3,8,10,737088,PL,Poland,Q2,2022
13,spotify:track:38ryCMNFOZ6GW5udIFnQI7,"Jacuś, Young Leosia",PIĄTEK WIECZÓR,Universal Music Polska Sp. z o.o.,8,11,3,715233,PL,Poland,Q2,2022
14,spotify:track:5sGv8YdAa3XjggnbpF9NC9,"Mata, Trooh Hippi",Szafir,SBM Label,1,9,27,686296,PL,Poland,Q2,2022
15,spotify:track:62CHTBeGAVo9b0ivzaNdc1,"SB Maffija, White 2115, Adi Nowak, Janusz Walczuk, Białas, Fukaj, SKUTE BOBO, Beteo, Kinny Zimmer, Solar, Lanek, Bedoes 2115, Jan-Rapowanie, Kacperczyk",Parapetówa (feat. Kacperczyk),SBM Label,1,10,13,667971,PL,Poland,Q2,2022
16,spotify:track:0e9dWwZD9EemG1w92C3JLp,"ReTo, Avi, PSR",BMW,spacerange,5,12,8,667526,PL,Poland,Q2,2022
17,spotify:track:2JMzBOrwlTJFEKOea1uarD,"Miszel, Kabe, Premixm",dres,QueQuality,17,-1,1,642835,PL,Poland,Q2,2022
18,spotify:track:6BDfLF0GoHND77V6BvFeBo,"Żabson, Young Igi",Icey,Universal Music Polska Sp. z o.o.,6,13,12,632032,PL,Poland,Q2,2022
19,spotify:track:02MWAaffLxlfxAUY7c5dvx,Glass Animals,Heat Waves,Polydor Records,13,15,60,629551,PL,Poland,Q2,2022
20,spotify:track:5Dwpfuw962xZq6mNg8OgzN,Kinny Zimmer,Rozmazana kreska,SBM Label,1,14,19,617459,PL,Poland,Q2,2022
21,spotify:track:00Nl9PlaLr0g4ujpWosQuH,"Smolasty, Young Leosia",Boję Się Kochać,WM Poland/WMI,21,-1,1,607494,PL,Poland,Q2,2022
22,spotify:track:0O4OIQKow8DloWa7UzIgyd,"Smolasty, francis, Pedro, Tribbs",Duże Oczy,WM Poland/WMI,4,17,35,599645,PL,Poland,Q2,2022
23,spotify:track:7CRfTE9FGb9YdSvoGhl2IP,"Dawid, Artysta, Vłodarski, VHS, Zebraodzawsze, zawad",Pakuje Walize,New Age Label,23,31,4,563366,PL,Poland,Q2,2022
24,spotify:track:7JIYfLqWsCvrdoEnXvIQDM,"Rusina, Young Igi",NA FORACH,Universal Music Polska Sp. z o.o.,24,-1,1,558093,PL,Poland,Q2,2022
25,spotify:track:4SyOEnUogQDqYquwoJblvG,"sanah, Igor Herbut",Mamo tyś płakała,Magic Records,5,16,5,541689,PL,Poland,Q2,2022
26,spotify:track:6sKg6jzvmiNAVsJRl8MaDE,"Sobel, sanah","Cześć, jak się masz?",Universal Music Polska Sp. z o.o.,2,19,26,530704,PL,Poland,Q2,2022
27,spotify:track:4gUKSmeJ7TNcVzHcsGxRKK,"SB Maffija, GOMBAO 33, Pedro, francis",Łyk i buch,SBM Label,3,18,11,524413,PL,Poland,Q2,2022
28,spotify:track:1HhNoOuqm1a5MXYEgAFl8o,"Imagine Dragons, JID, Arcane, League of Legends",Enemy (with JID) - from the series Arcane League of Legends,Kid Ina Korner / Interscope,15,21,23,486026,PL,Poland,Q2,2022
29,spotify:track:6eIVuPSZ7D8Q1uaZc8cQnz,"Mata, Pedro, francis",Kiss cam (podryw roku),SBM Label,1,22,42,475404,PL,Poland,Q2,2022
30,spotify:track:5rcH7HIJH3l3eojjKmZWWi,"SB Maffija, Bedoes 2115, White 2115, Lanek, kuqe 2115, Flexxy 2115, Blacha 2115",Agrest i bez,SBM Label,2,24,13,455080,PL,Poland,Q2,2022
31,spotify:track:4dOkS135hpWHeSP0GSmHb4,SKUTE BOBO,SKUTE BOBO,SBM Label,6,25,33,454039,PL,Poland,Q2,2022
32,spotify:track:3205ZtwMnzMBtr7GQZ1IbH,"Ronnie Ferrari, korweta",Origami,ZPR Media,1,27,17,453429,PL,Poland,Q2,2022
33,spotify:track:37xytNxwRuLRuZcJMFH8w7,"Kizo, Sergiusz, Leśny",Disney,spacerange,2,32,42,451353,PL,Poland,Q2,2022
34,spotify:track:16jEmtfWRH709yGmYNR4hf,"Szpaku, PSR",Jeździec Bez Głowy,Universal Music Polska Sp. z o.o.,34,67,2,449336,PL,Poland,Q2,2022
35,spotify:track:1NiFHUcQAqgNIIaZGbbHsu,"SB Maffija, Lanek, Kinny Zimmer, Pedro, francis",co to za bluza lanek?,SBM Label,5,28,12,449277,PL,Poland,Q2,2022
36,spotify:track:4huKZSBZ0UJt2RWwB8PEWU,"mgng, MASNY BEN, MRGH.",COCO,gng,3,30,31,434326,PL,Poland,Q2,2022
37,spotify:track:1BwnO14BpmoRjGt2lla75r,Mata,Szmata,SBM Label,1,29,28,431204,PL,Poland,Q2,2022
38,spotify:track:5XQWRhOjCWb2HekJhdQXMB,"sanah, Miętha",audi,Magic Records,38,78,2,430485,PL,Poland,Q2,2022
39,spotify:track:2nFaT0t36H6UX3wN3Vxvjm,White 2115,California,SBM Label,6,35,198,426644,PL,Poland,Q2,2022
40,spotify:track:6hhRa7U5jBBXyyudOJMA0C,"Sentino, Schwesta Ewa, CrackHouse",Powww!,BNP.GLOBAL,3,36,14,412136,PL,Poland,Q2,2022
41,spotify:track:5zq97EBupOTN1XOPX5ukRJ,"PlanBe, Sir Mich",Bling Bling,WM Poland/WMI,38,38,6,406025,PL,Poland,Q2,2022
42,spotify:track:5Ci4cvMBSaCbrn5N531Ubz,"Favst, Gibbs",dddd,QueQuality,21,33,16,403967,PL,Poland,Q2,2022
43,spotify:track:2N0Id1zJJdDy0ijcQXBAAn,"sanah, Natalia Grosiak",Czesława,Magic Records,26,26,3,393933,PL,Poland,Q2,2022
44,spotify:track:2w23b547ua2WtNyf6Z9Qar,"Jan-Rapowanie, Kinny Zimmer",LAXJFK,SBM Label,12,40,4,388992,PL,Poland,Q2,2022
45,spotify:track:0dqvGZ5X6uGoypZantcLOS,sanah,kolońska i szlugi,Magic Records,2,41,23,384578,PL,Poland,Q2,2022
46,spotify:track:64F1Z2LAsf04V346A75hi1,"Męskie Granie Orkiestra, Daria Zawiałow, Dawid Podsiadło, Vito Bambino","I Ciebie też, bardzo (feat. Daria Zawiałow, Dawid Podsiadło & Vito Bambino)",Sony Music Entertainment,3,42,41,378309,PL,Poland,Q2,2022
47,spotify:track:32IErAbP0G4WcnpqHpMd35,Gawryle,Harnaś ice tea,Gawryle,1,39,19,378036,PL,Poland,Q2,2022
48,spotify:track:7jtQIBanIiJOMS6RyCx6jZ,Tom Odell,Another Love,ITNO/Columbia,44,48,59,377340,PL,Poland,Q2,2022
49,spotify:track:3QrkrDpopE53v2TMgnwaR9,"Mata, Quebonafide, Malik Montana",Papuga,SBM Label,1,37,32,372034,PL,Poland,Q2,2022
50,spotify:track:4hnztYqVVQOUw18AtGeiIk,"bryska, Mark Neve",odbicie - Mark Neve Remix,Magic Records,50,50,7,371154,PL,Poland,Q2,2022
1,spotify:track:5YvL3ytkusKcM5ozxD9fKN,White 2115,RiRi,SBM Label,1,1,4,1857593,PL,Poland,Q3,2022
2,spotify:track:0dorKIz071s55Jy0zxb4aW,"Mr. Polska, Abel de Jong",Złote Tarasy,MyMusic,1,2,13,1239465,PL,Poland,Q3,2022
3,spotify:track:032CWjRKDdkVHAsrdgOj1w,"Smolasty, 730 Huncho, Nearr",Pijemy Za Lepszy Czas,WM Poland/WMI,2,3,6,1214005,PL,Poland,Q3,2022
4,spotify:track:2KTfSSKBBfMLXwDqrtoOE5,"sanah, Dawid Podsiadło",ostatnia nadzieja,Magic Records,3,8,12,1199362,PL,Poland,Q3,2022
5,spotify:track:7kRCfAV3W39reD8Tjie8jP,"2115, Bedoes 2115, White 2115, @atutowy, Abel de Jong",BEDOESIARA,2115,1,5,6,1166004,PL,Poland,Q3,2022
6,spotify:track:1SDoIIjDCFjJuglM7qbIqf,"Oki, Nolyrics Beats",Jakie To Uczucie?,2020,3,6,8,1160478,PL,Poland,Q3,2022
7,spotify:track:7ApeFeWYcnTTGOpo5b9Yx6,"Alberto, Josef Bratan, Sir Mich",La Manga,GM2L,5,9,9,1103123,PL,Poland,Q3,2022
8,spotify:track:75FEaRjZTKLhTrFGsfMUXR,Kate Bush,Running Up That Hill (A Deal With God),Fish People,7,21,6,978884,PL,Poland,Q3,2022
9,spotify:track:18DbAECX4iPyws8Ux7MVMX,White 2115,18,SBM Label,3,4,6,941198,PL,Poland,Q3,2022
10,spotify:track:5unyYFSkKz0lhsNsAx3fAz,"FRIZ, Mr. Polska, LA$$A",Awaryjne światła,EKIPA,6,10,3,940405,PL,Poland,Q3,2022
11,spotify:track:7jCy1opEtV4a0TnKrtsSdo,"Oki, Nolyrics Beats",Jeżyk!,2020,2,14,13,918663,PL,Poland,Q3,2022
12,spotify:track:7mJlWux2bUOGUFMyCeDU8R,"Tribbs, Kubańczyk",Ostatni raz zatańczysz ze mną,Unified Songs,12,17,7,846335,PL,Poland,Q3,2022
13,spotify:track:4Dvkj6JhhA12EX05fT7y2e,Harry Styles,As It Was,Columbia,1,18,14,809443,PL,Poland,Q3,2022
14,spotify:track:15TrHBCTobTCJ4ojq9mABc,"Miszel, Kabe, Premixm",dres,QueQuality,6,16,14,808298,PL,Poland,Q3,2022
15,spotify:track:4uOHYc6dCVLcNdQBRUlA0G,"Mata, FUNDACJA 420",PATOPROHIBICJA (28.01.2022),SBM Label,1,15,6,742101,PL,Poland,Q3,2022
16,spotify:track:0IeTXtlaZaJ31r0TfPu6Gc,"sanah, Kwiat Jabłoni",Szary świat,Magic Records,1,23,16,736773,PL,Poland,Q3,2022
17,spotify:track:785dMrfsQWxg1hcPWXnyli,"Białas, prod.Białas",Zosia,SBM Label,3,20,9,707830,PL,Poland,Q3,2022
18,spotify:track:0u7wjOCv1AbuEkI9UVyMZ6,Dawid Podsiadło,POST,Pur Pur,11,11,2,682273,PL,Poland,Q3,2022
19,spotify:track:2nFaT0t36H6UX3wN3Vxvjm,White 2115,California,SBM Label,6,19,211,679075,PL,Poland,Q3,2022
20,spotify:track:35MRc3PXbP6CHCxr5jDyRj,"White 2115, @atutowy",Afterparty,SBM Label,7,7,2,650291,PL,Poland,Q3,2022
21,spotify:track:5FYjUbPN2SDxLVBWGxkb9z,"Żabson, Waima, Pedro, francis",Nie Mam Czasu Na Wakacje,INTERNAZIOMALE,21,-1,1,637941,PL,Poland,Q3,2022
22,spotify:track:1kuw8HFbvgAg3tNqPj00Mb,"SB Maffija, White 2115, Białas, Kinny Zimmer, Pedro, francis, Bedoes 2115",Lawenda,SBM Label,1,27,25,630613,PL,Poland,Q3,2022
23,spotify:track:6FE12L43AtddGuy2kh3x4g,"White 2115, Kinny Zimmer, @atutowy",Pierwszy raz,SBM Label,12,12,3,613177,PL,Poland,Q3,2022
24,spotify:track:4Xq0cVrd0JDXQ0p3mlKAr3,DR. VODKA,KOKAINA,DR. VODKA,9,31,11,609985,PL,Poland,Q3,2022
25,spotify:track:4QNoyvy5MPuxV3wSQOGTIe,"Kizo, Wac Toja, BeMelo",Lot,spacerange,6,29,13,595888,PL,Poland,Q3,2022
26,spotify:track:5mciN01WQyi171fxxYcxEh,White 2115,Easy Rider,SBM Label,13,13,2,594820,PL,Poland,Q3,2022
27,spotify:track:7CRfTE9FGb9YdSvoGhl2IP,"Dawid, Artysta, Vłodarski, VHS, Zebraodzawsze, zawad",Pakuje Walize,New Age Label,13,33,17,580733,PL,Poland,Q3,2022
28,spotify:track:1tb9XAB1rOFE86RUDGhvMQ,"Kizo, BeMelo, mikipublicenemy",Myto,spacerange,13,30,3,564663,PL,Poland,Q3,2022
29,spotify:track:0O4OIQKow8DloWa7UzIgyd,"Smolasty, francis, Pedro, Tribbs",Duże Oczy,WM Poland/WMI,4,39,48,562959,PL,Poland,Q3,2022
30,spotify:track:0e9dWwZD9EemG1w92C3JLp,"ReTo, Avi, PSR",BMW,spacerange,5,37,21,532729,PL,Poland,Q3,2022
31,spotify:track:1VSbzjgW7EiERehFVjFQRb,Otsochodzi,KFC,2020,31,32,3,530356,PL,Poland,Q3,2022
32,spotify:track:2jG3STVcZ9fjYlhXPi7nJ1,"Malik Montana, DaChoyce, SRNO, The Plug",Jetlag (feat. The Plug),Epic/Malik Montana,1,38,22,523225,PL,Poland,Q3,2022
33,spotify:track:276m46Zcnv9wAN0HL1alTu,"Kabe, Opiat, Białas",W cenie,QueQuality,33,-1,1,520400,PL,Poland,Q3,2022
34,spotify:track:3izCgazreV74HxRq40mkFR,"Oki, @atutowy","Pieniądze, Dziewczyny, Zwrotki",2020,11,35,5,517876,PL,Poland,Q3,2022
35,spotify:track:02MWAaffLxlfxAUY7c5dvx,Glass Animals,Heat Waves,Polydor Records,13,45,73,511203,PL,Poland,Q3,2022
36,spotify:track:1exAqJDmOQJiwenSklhP0Q,Kinny Zimmer,Zegarek ze Szwajcarii,SBM Label,4,40,10,498601,PL,Poland,Q3,2022
37,spotify:track:0tTy9lib8CQg7mwFF6lBbD,Chivas,narcyz,GUGU,3,73,16,485241,PL,Poland,Q3,2022
38,spotify:track:0czMIykCNrza3OEmWvJEYO,"Dawid, Artysta, Vłodarski",KOCIMIĘTKA,CZELNOŚĆ,37,54,11,484374,PL,Poland,Q3,2022
39,spotify:track:5sGv8YdAa3XjggnbpF9NC9,"Mata, Trooh Hippi",Szafir,SBM Label,1,46,40,482598,PL,Poland,Q3,2022
40,spotify:track:6eIVuPSZ7D8Q1uaZc8cQnz,"Mata, Pedro, francis",Kiss cam (podryw roku),SBM Label,1,44,55,472703,PL,Poland,Q3,2022
41,spotify:track:37xytNxwRuLRuZcJMFH8w7,"Kizo, Sergiusz, Leśny",Disney,spacerange,2,43,55,472050,PL,Poland,Q3,2022
42,spotify:track:63WuQOXohQIxOxIFA2K7bR,Måneskin,SUPERMODEL,Epic,42,67,8,471288,PL,Poland,Q3,2022
43,spotify:track:5jrgxqv21VtnVURWPAWoaS,"bryska, Skytech",mam kogoś lepszego - Skytech Remix,Magic Records,43,70,4,467517,PL,Poland,Q3,2022
44,spotify:track:5t82x7Pp2y5ji2R1BpiOik,"Oki, Sobel, Young Igi, Sekko",Dzielny Pacjent,2020,8,41,5,461870,PL,Poland,Q3,2022
45,spotify:track:4yRqjKmYzKutOFsQRaDAkV,"Malik Montana, Kazior",Self Made,GM2L,15,42,6,459984,PL,Poland,Q3,2022
46,spotify:track:5UZubwcBr5gKfGx2r8Ds8p,"Gibbs, Kiełas",Piękny Świat,DOPEHOUSE,46,59,7,458788,PL,Poland,Q3,2022
47,spotify:track:64F1Z2LAsf04V346A75hi1,"Męskie Granie Orkiestra, Daria Zawiałow, Dawid Podsiadło, Vito Bambino","I Ciebie też, bardzo (feat. Daria Zawiałow, Dawid Podsiadło & Vito Bambino)",Sony Music Entertainment,3,49,54,450377,PL,Poland,Q3,2022
48,spotify:track:7n7QAwwFJG7jOjxgACW1XC,"Białas, Lanek",Grill u Gawrona,SBM Label,48,55,104,443970,PL,Poland,Q3,2022
49,spotify:track:3YqafSKCCazkxZUdO23iWf,"sanah, Daria Zawiałow",Eldorado,Magic Records,9,63,13,439344,PL,Poland,Q3,2022
50,spotify:track:3vg8Z3aNXo8zUFxPmJJGIv,Kuki,Zgon przy porodzie,2np,34,52,7,432731,PL,Poland,Q3,2022
1,spotify:track:4nv5o5Xo4ySBaIVnXr75Xs,"Malik Montana, Żabson, Eurosoundz",Do Tanca,Epic/Malik Montana,1,1,4,1486452,PL,Poland,Q4,2022
2,spotify:track:4lPAZiTJbaQ4irMzcq0GOU,Mata,JESTEM POJ384NY,SBM Label,1,3,10,1285087,PL,Poland,Q4,2022
3,spotify:track:1t33hewgrIxkdnzOgscAN8,"Kabe, Miszel",Sheraton,QueQuality,1,2,5,1213095,PL,Poland,Q4,2022
4,spotify:track:3f9Ugg030LDe0p6ospTORC,"Gibbs, Kiełas",Piękny Świat,DOPEHOUSE,1,4,21,1183767,PL,Poland,Q4,2022
5,spotify:track:3nqQXoyQOWXiESFLlDF1hG,"Sam Smith, Kim Petras",Unholy (feat. Kim Petras),Capitol Records UK / EMI,4,5,3,1119383,PL,Poland,Q4,2022
6,spotify:track:23GIMk2WNqdSxe93u3eOmm,"2115, Bedoes 2115, Blacha 2115, White 2115, kuqe 2115",KETCHUP,2115,2,6,5,1108337,PL,Poland,Q4,2022
7,spotify:track:3RYR0I1GeqV3Qw5IgLcByW,Dawid Podsiadło,To co masz Ty!,Pur Pur,7,-1,1,965432,PL,Poland,Q4,2022
8,spotify:track:1J3rvvPqfplUP3w1y9y8In,Chivas,kupić jej gaz czy torebkę?,GUGU,3,8,4,850826,PL,Poland,Q4,2022
9,spotify:track:17KqatlEaJPfxlZI6i0PRF,"ReTo, Wroobel",Klej,spacerange,9,-1,1,823465,PL,Poland,Q4,2022
10,spotify:track:2yEWVnp65tTXSrRW03IqXs,"WŁODAR, Pedro",SIĘ WJEŻDŻA,SPÓŁKA ZOO,10,18,9,805801,PL,Poland,Q4,2022
11,spotify:track:1SDoIIjDCFjJuglM7qbIqf,"Oki, Nolyrics Beats",Jakie To Uczucie?,2020,2,12,22,791459,PL,Poland,Q4,2022
12,spotify:track:5NbxvSCL1xLqqWLqG6LjwE,Chivas,koleżanko mojej byłej,GUGU,5,7,3,736910,PL,Poland,Q4,2022
13,spotify:track:5YvL3ytkusKcM5ozxD9fKN,White 2115,RiRi,SBM Label,1,11,18,735755,PL,Poland,Q4,2022
14,spotify:track:4uUG5RXrOk84mYEfFvj3cK,"David Guetta, Bebe Rexha",I'm Good (Blue),Parlophone UK,14,14,7,725962,PL,Poland,Q4,2022
15,spotify:track:6wkV4uyxWrfNim5QmLmQnp,"Young Igi, @atutowy",Małe Krople,Universal Music Polska Sp. z o.o.,2,9,6,712848,PL,Poland,Q4,2022
16,spotify:track:3YqafSKCCazkxZUdO23iWf,"sanah, Daria Zawiałow",Eldorado,Magic Records,5,13,27,708116,PL,Poland,Q4,2022
17,spotify:track:5GqUS2hyZj73WXpIamn5gA,"Oki, @atutowy",Doja Cat,2020,6,15,18,694145,PL,Poland,Q4,2022
18,spotify:track:2KTfSSKBBfMLXwDqrtoOE5,"sanah, Dawid Podsiadło",ostatnia nadzieja,Magic Records,2,16,26,658513,PL,Poland,Q4,2022
19,spotify:track:2qqiGxy47FbviXuPW7crUH,Chivas,anyżowe żelki,GUGU,7,10,14,639940,PL,Poland,Q4,2022
20,spotify:track:1A9coun3RG2nHmxAnajLYG,"2115, Blacha 2115, White 2115, Flexxy 2115, kuqe 2115",TURYSTA,2115,3,19,10,610705,PL,Poland,Q4,2022
21,spotify:track:4h9wh7iOZ0GGn8QVp4RAOB,OneRepublic,I Ain't Worried,Interscope Records,13,20,17,608119,PL,Poland,Q4,2022
22,spotify:track:3NI7tfqky48mPo9KUxK4RI,"Favst, Gibbs",ztb,QueQuality,22,36,12,583629,PL,Poland,Q4,2022
23,spotify:track:5FYjUbPN2SDxLVBWGxkb9z,"Żabson, Waima, Pedro, francis",Nie Mam Czasu Na Wakacje,INTERNAZIOMALE,5,21,15,568307,PL,Poland,Q4,2022
24,spotify:track:032CWjRKDdkVHAsrdgOj1w,"Smolasty, 730 Huncho, Nearr",Pijemy Za Lepszy Czas,WM Poland/WMI,2,25,20,553439,PL,Poland,Q4,2022
25,spotify:track:2QjOHCTQ1Jl3zawyYOpxh6,The Neighbourhood,Sweater Weather,Columbia,24,24,117,542565,PL,Poland,Q4,2022
26,spotify:track:4zN21mbAuaD0WqtmaTZZeP,"James Hype, Miggy Dela Rosa",Ferrari,Universal-Island Records Ltd.,11,26,17,527627,PL,Poland,Q4,2022
27,spotify:track:15TrHBCTobTCJ4ojq9mABc,"Miszel, Kabe, Premixm",dres,QueQuality,6,23,28,520556,PL,Poland,Q4,2022
28,spotify:track:73vIOb4Q7YN6HeJTbscRx5,"Oliver Tree, Robin Schulz",Miss You - Bonus Track,Atlantic Records,28,-1,1,500061,PL,Poland,Q4,2022
29,spotify:track:5sGv8YdAa3XjggnbpF9NC9,"Mata, Trooh Hippi",Szafir,SBM Label,1,35,54,496737,PL,Poland,Q4,2022
30,spotify:track:4Dvkj6JhhA12EX05fT7y2e,Harry Styles,As It Was,Columbia,1,28,28,496366,PL,Poland,Q4,2022
31,spotify:track:6zJejIfVYLgjud3lTk4DLB,Rosa Linn,SNAP,Nvak Collective,31,39,13,484256,PL,Poland,Q4,2022
32,spotify:track:7jtQIBanIiJOMS6RyCx6jZ,Tom Odell,Another Love,ITNO/Columbia,32,34,86,481675,PL,Poland,Q4,2022
33,spotify:track:0dorKIz071s55Jy0zxb4aW,"Mr. Polska, Abel de Jong",Złote Tarasy,MyMusic,1,31,27,480497,PL,Poland,Q4,2022
34,spotify:track:4uOHYc6dCVLcNdQBRUlA0G,"Mata, FUNDACJA 420",PATOPROHIBICJA (28.01.2022),SBM Label,1,30,20,473313,PL,Poland,Q4,2022
35,spotify:track:0IANgBgdiyhHg0gXdN8zdW,B.R.O,Jeszcze Będzie Pięknie,PROGRESS LABEL,25,37,24,461602,PL,Poland,Q4,2022
36,spotify:track:0wMGcWjZ2Lymgnbxjy5FXN,"2115, Bedoes 2115, White 2115, @atutowy, Abel de Jong",BEDOESIARA,2115,1,38,20,458797,PL,Poland,Q4,2022
37,spotify:track:30eyshp22VdtdZElqlyglF,"Young Igi, Oki, @atutowy",Pleasure,Universal Music Polska Sp. z o.o.,17,17,3,455147,PL,Poland,Q4,2022
38,spotify:track:7mJlWux2bUOGUFMyCeDU8R,"Tribbs, Kubańczyk",Ostatni raz zatańczysz ze mną,Unified Songs,9,33,21,453261,PL,Poland,Q4,2022
39,spotify:track:1BwnO14BpmoRjGt2lla75r,Mata,Szmata,SBM Label,1,41,55,453035,PL,Poland,Q4,2022
40,spotify:track:0IeTXtlaZaJ31r0TfPu6Gc,"sanah, Kwiat Jabłoni",Szary świat,Magic Records,1,44,30,443846,PL,Poland,Q4,2022
41,spotify:track:74loibzxXRL875X20kenvk,Lil Yachty,Poland,Quality Control Music/Motown Records,41,-1,1,442778,PL,Poland,Q4,2022
42,spotify:track:015G3HCwWqUdTfXfXkMwX2,"Kizo, ReTo, BeMelo",Fiu Fiu,spacerange,11,40,4,438265,PL,Poland,Q4,2022
43,spotify:track:7wE9mPOd1BMrDiq3sQBYfM,"Gibbs, DOPEHOUSE",Znikam,DOPEHOUSE,38,54,10,437978,PL,Poland,Q4,2022
44,spotify:track:0tTy9lib8CQg7mwFF6lBbD,Chivas,narcyz,GUGU,3,29,30,437842,PL,Poland,Q4,2022
45,spotify:track:54ipXppHLA8U4yqpOFTUhr,Imagine Dragons,Bones,Kid Ina Korner / Interscope,36,53,31,435828,PL,Poland,Q4,2022
46,spotify:track:6FYfhKknpt05Om6YPcEYAg,girl in red,we fell in love in october,world in red,22,22,13,434495,PL,Poland,Q4,2022
47,spotify:track:3rb0tMq42WfggucPm0HHkA,"MEDUZA, James Carter, Elley Duhé, FAST BOY",Bad Memories (feat. Elley Duhé & FAST BOY),Universal-Island Records Ltd.,47,57,9,433514,PL,Poland,Q4,2022
48,spotify:track:0czMIykCNrza3OEmWvJEYO,"Dawid, Artysta, Vłodarski",KOCIMIĘTKA,CZELNOŚĆ,26,42,25,433286,PL,Poland,Q4,2022
49,spotify:track:6eIVuPSZ7D8Q1uaZc8cQnz,"Mata, Pedro, francis",Kiss cam (podryw roku),SBM Label,1,46,69,422240,PL,Poland,Q4,2022
50,spotify:track:7ApeFeWYcnTTGOpo5b9Yx6,"Alberto, Josef Bratan, Sir Mich",La Manga,GM2L,5,43,23,414000,PL,Poland,Q4,2022
1,spotify:track:7rwijx2xejRaPkEXUftI11,Sarettii,SOM DOM,Ringtone Records,1,1,16,794598,SE,Sweden,Q1,2022
2,spotify:track:5S3JUCSK7SAkjEW7yoqjlP,"C.Gambino, 23",M5,WM Sweden,2,-1,1,751564,SE,Sweden,Q1,2022
3,spotify:track:46IZ0fSY2mpAiktS3KOqds,Adele,Easy On Me,Columbia,1,2,13,646274,SE,Sweden,Q1,2022
4,spotify:track:1jiDCQUaa9LmWpQJRuOWRb,Mohelá,Lotta & Sanna,Universal Music AB,4,8,7,626637,SE,Sweden,Q1,2022
5,spotify:track:4fouWK6XVHhzl78KzQ1UjL,GAYLE,abcdefu,Atlantic/Arthouse Records,5,5,9,613348,SE,Sweden,Q1,2022
6,spotify:track:1nH2PkJL1XoUq8oE6tBZoU,The Weeknd,Sacrifice,XO / Republic Records,6,-1,1,603582,SE,Sweden,Q1,2022
7,spotify:track:1YtBFwC4Zl5d25pslqhpgd,Babblarna,Babblarnas vaggvisa,UME - Global Clearing House,7,9,159,588423,SE,Sweden,Q1,2022
8,spotify:track:50nfwKoDiSYg8zOCREWAm5,Ed Sheeran,Shivers,Atlantic Records UK,1,7,18,566348,SE,Sweden,Q1,2022
9,spotify:track:7K5thlHoo7jAHoXj8cutYO,"ADAAM, Aden, Masse",ABTI,Universal Music AB,9,-1,1,557381,SE,Sweden,Q1,2022
10,spotify:track:5PjdY0CKGZdEuoNab3yDmX,"The Kid LAROI, Justin Bieber",STAY (with Justin Bieber),Columbia,1,3,27,525967,SE,Sweden,Q1,2022
11,spotify:track:7rglLriMNBPAyuJOMGwi39,"Elton John, Dua Lipa, PNAU",Cold Heart - PNAU Remix,EMI,4,4,22,525130,SE,Sweden,Q1,2022
12,spotify:track:3uUuGVFu1V7jTQL60S1r8z,"Lost Frequencies, Calum Scott",Where Are You Now,Epic Amsterdam,6,6,24,513320,SE,Sweden,Q1,2022
13,spotify:track:5etlUg6yiQ8565mdyrWUiP,Victor Leksell,Eld & lågor,Sony Music Local,4,14,20,490277,SE,Sweden,Q1,2022
14,spotify:track:5cKilVQ9iZamOzodVcYQZ2,23,Trapper Of The Year (Intro),23 under exclusive license to Amuseio AB,14,16,8,479691,SE,Sweden,Q1,2022
15,spotify:track:5wMUzY8FFxQ3aHdri7uuiP,"Newkid, Myra Granberg",Vänner,Sony Music Local,15,-1,1,475024,SE,Sweden,Q1,2022
16,spotify:track:5S9Zs5g9lTWnLIboN1pdlU,Lauren Spencer Smith,Fingers Crossed,"Three Name Productions, Inc./ Island Records & Republic Records",16,-1,1,467767,SE,Sweden,Q1,2022
17,spotify:track:02MWAaffLxlfxAUY7c5dvx,Glass Animals,Heat Waves,Polydor Records,6,13,31,455018,SE,Sweden,Q1,2022
18,spotify:track:2gpWyfu7eZ01zzncHpxOtA,"Swedish House Mafia, The Weeknd",Moth To A Flame (with The Weeknd),Republic Records,3,20,12,444772,SE,Sweden,Q1,2022
19,spotify:track:0zqBZqm5czQ3A4EoSdKFHj,"Alan Walker, Benjamin Ingrosso",Man On The Moon,Kreatell Music,11,11,7,437826,SE,Sweden,Q1,2022
20,spotify:track:3rmo8F54jFF8OgYsqTxm5d,Ed Sheeran,Bad Habits,Atlantic Records UK,2,10,29,432026,SE,Sweden,Q1,2022
21,spotify:track:4YGMqFWObIcl5RFrqghmOz,LOAM,FUCK MITT EKS,Universal Music AB,21,-1,1,429398,SE,Sweden,Q1,2022
22,spotify:track:1r9xUipOqoNwggBpENDsvJ,"Imagine Dragons, JID, Arcane, League of Legends",Enemy (with JID) - from the series Arcane League of Legends,KIDinaKORNER/Interscope Records,18,18,11,421179,SE,Sweden,Q1,2022
23,spotify:track:5DkUy1ShgRHv44mXxwe6zM,Melissa Horn,Lämna honom,Columbia,3,17,11,382743,SE,Sweden,Q1,2022
24,spotify:track:3oF1ZBHm7qDn3bOxIrDEjy,"ADAAM, VC Barre",TOPP,Grind Gang Music,2,28,20,377957,SE,Sweden,Q1,2022
25,spotify:track:2KnLkZ3z7PO3kgVGHGqDpD,Shawn Mendes,It'll Be Okay,Shawn Mendes LP4-5 PS/ Island,21,21,4,376416,SE,Sweden,Q1,2022
26,spotify:track:05yJ4zGSH2HP9cSVE4pfOW,A36,BLOCK,WM Sweden,13,29,9,371403,SE,Sweden,Q1,2022
27,spotify:track:2kGlp16MjSJRPbFShyTjXb,"VC Barre, takenoelz",Dirty Kalle,Universal Music AB,8,25,7,357102,SE,Sweden,Q1,2022
28,spotify:track:2Ghp894n1laIf2w98VeAOJ,The Weeknd,How Do I Make You Love Me?,XO / Republic Records,28,-1,1,356922,SE,Sweden,Q1,2022
29,spotify:track:7iSuirVvJsBXZ95UEd9vQ0,Molly Sandén,Vi ska aldrig gå hem,Milkshake,9,12,15,356436,SE,Sweden,Q1,2022
30,spotify:track:4c1vrofYNTaYrtAFzKQrTK,"Rami, Mackan",Milli,Dollar TV,30,-1,1,353351,SE,Sweden,Q1,2022
31,spotify:track:0QovRRlEC2IiM8UXlBKhIS,VC Barre,Fläta/Inte mitt krig,Universal Music AB,31,35,11,350598,SE,Sweden,Q1,2022
32,spotify:track:2USlegnFJLrVLpoVfPimKB,"Gabry Ponte, LUM!X, Prezioso",Thunder,Spinnin' Records,7,15,28,348077,SE,Sweden,Q1,2022
33,spotify:track:3Kkjo3cT83cw09VJyrLNwX,Adele,Oh My God,Columbia,2,23,8,347831,SE,Sweden,Q1,2022
34,spotify:track:63IaMjanvXp9c3f0Y7OImT,"Einár, ADAAM",DANSA,Einár,2,32,16,344327,SE,Sweden,Q1,2022
35,spotify:track:18asYwWugKjjsihZ0YvRxO,"Tiësto, Ava Max",The Motto,Atlantic Records,31,31,10,339513,SE,Sweden,Q1,2022
36,spotify:track:4wGFTaengFG4o6nYZAK1Xg,A36,Samma gamla vanliga,WM Sweden,1,24,40,332633,SE,Sweden,Q1,2022
37,spotify:track:1SOGSI8UPEwBnqG15h6NiC,Newkid,Ingen luft mellan oss,Sony Music Local,16,22,11,322538,SE,Sweden,Q1,2022
38,spotify:track:135Lf4Q0CzlMNfOxbEUsLH,Benson Boone,Ghost Town,"Night Street Records, Inc./Warner Records Inc.",15,34,13,318555,SE,Sweden,Q1,2022
39,spotify:track:4SS4YfDAEQG0fZAe1xfgn3,Victor Leksell,Svag,Columbia,1,40,104,316657,SE,Sweden,Q1,2022
40,spotify:track:6dx0d36ID1nrusuAUqcaEv,C.Gambino,RIDER,WM Sweden,40,-1,1,314093,SE,Sweden,Q1,2022
41,spotify:track:5D2ZobLrLLFcPoOWw5YE0e,Myra Granberg,Lose my mind,Columbia,2,19,39,310052,SE,Sweden,Q1,2022
42,spotify:track:6mDcLPGVCmdhMN4gBzNb7s,"1.Cuz, Yei Gonzalez, Greekazo",FÖRSENT,1.Cuz,2,39,96,298794,SE,Sweden,Q1,2022
43,spotify:track:0mL82sxCRjrs3br407IdJh,The Weeknd,Is There Someone Else?,XO / Republic Records,43,-1,1,295649,SE,Sweden,Q1,2022
44,spotify:track:3KyKxJ4P3pVCgaZwaq2rUC,The Weeknd,Gasoline,XO / Republic Records,44,-1,1,284470,SE,Sweden,Q1,2022
45,spotify:track:2gwirjNHYJPlBwOJ5Aftwv,Albin Lee Meldau,Josefin,Glassnote Music LLC,14,38,38,283413,SE,Sweden,Q1,2022
46,spotify:track:2SLwbpExuoBDZBpjfefCtV,The Weeknd,Out of Time,XO / Republic Records,46,-1,1,275076,SE,Sweden,Q1,2022
47,spotify:track:5Z9KJZvQzH6PFmb8SNkxuk,"Lil Nas X, Jack Harlow",INDUSTRY BABY (feat. Jack Harlow),Columbia,7,37,25,272614,SE,Sweden,Q1,2022
48,spotify:track:5IZGN81VVgBv1lPrjXzOD6,"Miriam Bryant, Victor Leksell",tystnar i luren,WM Sweden,1,42,48,272064,SE,Sweden,Q1,2022
49,spotify:track:1SOClUWhOi8vHZYMz3GluK,Jaymes Young,Infinity,Atlantic Records,49,72,6,270421,SE,Sweden,Q1,2022
50,spotify:track:20on25jryn53hWghthWWW3,"ACRAZE, Cherish",Do It To It,Thrive Music,33,33,9,262209,SE,Sweden,Q1,2022
1,spotify:track:4LRPiXqCikLlN15c3yImP7,Harry Styles,As It Was,Columbia,1,-1,1,1148211,SE,Sweden,Q2,2022
2,spotify:track:697bFWgzBRm6bmnYWd8GyD,Cornelia Jakobs,Hold Me Closer,WM Sweden,1,1,6,1043956,SE,Sweden,Q2,2022
3,spotify:track:0pmtQ4i3MxdWeqnZtrLOuA,"LOAM, ADAAM",FAKKA UR,Universal Music AB,3,4,2,905170,SE,Sweden,Q2,2022
4,spotify:track:095zAxJmG96ap3ol3zVRZs,Medina,In i dimman,WM Sweden,2,2,6,826909,SE,Sweden,Q2,2022
5,spotify:track:6k4e5H3MbDzhEX3qJSWwpd,Klara Hammarström,Run To The Hills,WM Sweden,1,3,6,794738,SE,Sweden,Q2,2022
6,spotify:track:4erg578HXlAcoJRaeI03Jh,Jireel,MANO,WM Sweden,1,5,11,771511,SE,Sweden,Q2,2022
7,spotify:track:07l5IJqrY6ERJw7HNdnM0G,Victor Leksell,Hela världen är min,Sony Music Local,6,6,3,655382,SE,Sweden,Q2,2022
8,spotify:track:3g2uFPgKsfvZT663X2NUpJ,Asme,Bella,BL,8,-1,1,617633,SE,Sweden,Q2,2022
9,spotify:track:4JShHeXN09OK3021PagQGO,"Robin Kadir, C.Gambino, 23",Inkassera,WM Sweden,9,-1,1,611320,SE,Sweden,Q2,2022
10,spotify:track:4O1FGUf2xndvsmtMQtHZNp,Anders Bagge,Bigger Than The Universe,WM Sweden,2,7,6,552970,SE,Sweden,Q2,2022
11,spotify:track:1VJRxqJhpEIpnHon7ssp1p,Babblarna,Babblarnas vaggvisa,Universal Music AB Distributed Labels,5,14,171,551054,SE,Sweden,Q2,2022
12,spotify:track:3Tp6XRivI85TAfpgja9ILh,Miss Li,X,Pistol Packin' Music,12,12,3,547790,SE,Sweden,Q2,2022
13,spotify:track:5q4MzJdq5teCsJ4xE6jviK,"HAVAL, Manny Flaco",BANDOL,HAVAL MUSIC,8,8,2,499399,SE,Sweden,Q2,2022
14,spotify:track:12fYEY6L7M2k7qFWgMEwXn,Theo,Som du vill,WM Sweden,6,11,9,480039,SE,Sweden,Q2,2022
15,spotify:track:5RUDslCh5maxKZ7a7QyCTk,C.Gambino,Regler (Båset),WM Sweden,11,13,4,465336,SE,Sweden,Q2,2022
16,spotify:track:2Rnovc1XuaXP1yc7X1AqbK,Hov1,Två steg från helvetet,Universal Music AB,2,16,6,463936,SE,Sweden,Q2,2022
17,spotify:track:6jpdmZj65fT9jX9izk2B6n,Yasin,V12,MNM,9,9,2,448527,SE,Sweden,Q2,2022
18,spotify:track:02MWAaffLxlfxAUY7c5dvx,Glass Animals,Heat Waves,Polydor Records,6,20,43,447842,SE,Sweden,Q2,2022
19,spotify:track:02g6wZQZ0cByIqVgjSHBzy,25,F*CK MINA OPPS,GRIND GANG MUSIC,13,15,5,433268,SE,Sweden,Q2,2022
20,spotify:track:1F3NBThWyr845YUwpm5n1F,Cazzi Opeia,I Can't Get Enough,Starchild Production,5,18,7,422930,SE,Sweden,Q2,2022
21,spotify:track:0i0ZCP4Yh3kLl1Z0k9BhBX,"Jireel, A36",WINNER (feat. A36),WM Sweden,9,17,3,421074,SE,Sweden,Q2,2022
22,spotify:track:3uUuGVFu1V7jTQL60S1r8z,"Lost Frequencies, Calum Scott",Where Are You Now,Epic Amsterdam,6,22,36,418844,SE,Sweden,Q2,2022
23,spotify:track:6Pqrm55DFjQZQi8jC2yBVa,23,Länge Leve Vi,Paid in Full Records,1,19,11,398790,SE,Sweden,Q2,2022
24,spotify:track:50nfwKoDiSYg8zOCREWAm5,Ed Sheeran,Shivers,Atlantic Records UK,1,26,30,391343,SE,Sweden,Q2,2022
25,spotify:track:531KGXtBroSrOX9LVmiIgc,Dave,Starlight,Dave / Neighbourhood Recordings,25,32,5,372329,SE,Sweden,Q2,2022
26,spotify:track:422lbxDt4LGd8EvqwNLLq9,Dani M,Amo,GMG SWEDEN AB,26,27,2,369027,SE,Sweden,Q2,2022
27,spotify:track:7rglLriMNBPAyuJOMGwi39,"Elton John, Dua Lipa, PNAU",Cold Heart - PNAU Remix,EMI,4,30,34,363221,SE,Sweden,Q2,2022
28,spotify:track:5PjdY0CKGZdEuoNab3yDmX,"The Kid LAROI, Justin Bieber",STAY (with Justin Bieber),Columbia,1,33,39,348992,SE,Sweden,Q2,2022
29,spotify:track:4hBiR8IVXYPPybc6OR4lN5,Yasin,Sista spåret,MNM,10,10,2,347252,SE,Sweden,Q2,2022
30,spotify:track:2Cyow8nZDqP9tolduIf2KX,LIAMOO,Bluffin,WM Sweden,7,23,6,339745,SE,Sweden,Q2,2022
31,spotify:track:06kMUDNk8XfiTdc5GVqsER,23,Thug Part 2,Paid in Full Records,8,21,4,336266,SE,Sweden,Q2,2022
32,spotify:track:0QBzMgT7NIeoCYy3sJCof1,"Camila Cabello, Ed Sheeran",Bam Bam (feat. Ed Sheeran),Epic,28,36,5,335533,SE,Sweden,Q2,2022
33,spotify:track:0tmMGxsxRd78NJGrMesWtx,Tone Sekelius,My Way,WM Sweden,9,25,8,329553,SE,Sweden,Q2,2022
34,spotify:track:7rwijx2xejRaPkEXUftI11,Sarettii,SOM DOM,Ringtone Records,1,31,28,327211,SE,Sweden,Q2,2022
35,spotify:track:4YGMqFWObIcl5RFrqghmOz,LOAM,FUCK MITT EKS,Universal Music AB,12,37,13,320678,SE,Sweden,Q2,2022
36,spotify:track:0U1W2LZVUX7qTm7dDpqxh6,Shawn Mendes,When You're Gone,Shawn Mendes LP4-5 PS/ Island,36,-1,1,320356,SE,Sweden,Q2,2022
37,spotify:track:5etlUg6yiQ8565mdyrWUiP,Victor Leksell,Eld & lågor,Sony Music Local,4,34,32,319268,SE,Sweden,Q2,2022
38,spotify:track:0YdaLD97uhero6WpO4HfMe,Asme,Poppis,BL,3,29,8,316900,SE,Sweden,Q2,2022
39,spotify:track:2bdqU7C4softKNcMYDFi96,Tate McRae,chaotic,RCA Records Label,39,42,2,309478,SE,Sweden,Q2,2022
40,spotify:track:46IZ0fSY2mpAiktS3KOqds,Adele,Easy On Me,Columbia,1,40,25,308336,SE,Sweden,Q2,2022
41,spotify:track:1gnCpBKizZd2w23fb0eOS2,"VC Barre, 23",Internet (Spotify Studio 100 Recording),WM Sweden,4,28,8,306476,SE,Sweden,Q2,2022
42,spotify:track:7iSuirVvJsBXZ95UEd9vQ0,Molly Sandén,Vi ska aldrig gå hem,Milkshake,9,39,27,303475,SE,Sweden,Q2,2022
43,spotify:track:4fouWK6XVHhzl78KzQ1UjL,GAYLE,abcdefu,Atlantic/Arthouse Records,5,41,21,302379,SE,Sweden,Q2,2022
44,spotify:track:1HvTxgCj0mTzQlEo0zLvFb,Lil Tjay,In My Head,Columbia,44,-1,1,292318,SE,Sweden,Q2,2022
45,spotify:track:0P88fVbvRQGgRQN1GulQNy,"Liilz, ZieZie",Glad U Came (feat. ZieZie),Robots & Humans,45,54,3,288603,SE,Sweden,Q2,2022
46,spotify:track:1HhNoOuqm1a5MXYEgAFl8o,"Imagine Dragons, JID, Arcane, League of Legends",Enemy (with JID) - from the series Arcane League of Legends,Kid Ina Korner / Interscope,18,43,23,288030,SE,Sweden,Q2,2022
47,spotify:track:3rmo8F54jFF8OgYsqTxm5d,Ed Sheeran,Bad Habits,Atlantic Records UK,2,45,41,287929,SE,Sweden,Q2,2022
48,spotify:track:7jtQIBanIiJOMS6RyCx6jZ,Tom Odell,Another Love,ITNO/Columbia,44,48,44,287503,SE,Sweden,Q2,2022
49,spotify:track:2B4GHvToeLTOBB4QLzW3Ni,Farruko,Pepas,Sony Music Latin,26,49,33,281362,SE,Sweden,Q2,2022
50,spotify:track:71vojPlEiXkv0ZGWyfWqFj,Robin Bengtsson,Innocent Love,Universal Music AB,10,35,6,273382,SE,Sweden,Q2,2022
1,spotify:track:1fIeKG6eI8FZzVL9mhlz8t,Bolaget,Kan Inte Gå,WM Sweden,1,1,27,1200110,SE,Sweden,Q3,2022
2,spotify:track:3Tp6XRivI85TAfpgja9ILh,Miss Li,X,Pistol Packin' Music,2,2,16,959258,SE,Sweden,Q3,2022
3,spotify:track:75FEaRjZTKLhTrFGsfMUXR,Kate Bush,Running Up That Hill (A Deal With God),Fish People,2,6,6,844776,SE,Sweden,Q3,2022
4,spotify:track:4RRNw7trorJaxdJLWDZTZL,BELL,MISSFÖRSTÅTT,Universal Music AB,1,3,3,834855,SE,Sweden,Q3,2022
5,spotify:track:4Dvkj6JhhA12EX05fT7y2e,Harry Styles,As It Was,Columbia,1,4,14,794795,SE,Sweden,Q3,2022
6,spotify:track:1RwQZNgaXl01krZHuSUlE8,"Elov & Beny, Sofie Svensson & Dom Där",BUBBEL PÅ BALKONGEN,REP9,5,5,2,774734,SE,Sweden,Q3,2022
7,spotify:track:4pfbgKqJhmEdS2c4m1P4XI,Sickan,Go,Sickan,7,-1,1,714289,SE,Sweden,Q3,2022
8,spotify:track:2NnO7FJonRjGvAjm3LwKvl,"LOAM, ADAAM",FAKKA UR,Universal Music AB,1,12,15,649523,SE,Sweden,Q3,2022
9,spotify:track:1bgKMxPQU7JIZEhNsM1vFs,"Alesso, Zara Larsson",Words (feat. Zara Larsson),10:22PM,5,11,11,643567,SE,Sweden,Q3,2022
10,spotify:track:7iKUMPi3CcDLLNF4pU1vND,Olivia Lobato,Syrener,Universal Music AB,4,13,11,641606,SE,Sweden,Q3,2022
11,spotify:track:3caeN4bneZW7GQAqwslu2U,Einár,Lilla Nisse,Einár,1,7,5,611270,SE,Sweden,Q3,2022
12,spotify:track:6g5K1kubnMcCkcQlvIRxVy,Molly Sandén,Vi:et i vinsten (Sveriges Officiella EM-låt 2022),Milkshake,12,17,4,600577,SE,Sweden,Q3,2022
13,spotify:track:3MOiHZI4V8KaDdSaOSOVMQ,Einár,Koppla av,Einár,2,9,5,579741,SE,Sweden,Q3,2022
14,spotify:track:1VJRxqJhpEIpnHon7ssp1p,Babblarna,Babblarnas vaggvisa,Universal Music AB Distributed Labels,5,18,184,543759,SE,Sweden,Q3,2022
15,spotify:track:6xGruZOHLs39ZbVccQTuPZ,Joji,Glimpse of Us,88rising Music,12,21,4,497499,SE,Sweden,Q3,2022
16,spotify:track:1O73ZKgl0THUImkHW6dfAL,"Kygo, Dean Lewis",Never Really Loved Me (with Dean Lewis),Kygo/RCA Records,16,-1,1,490228,SE,Sweden,Q3,2022
17,spotify:track:64s0ZmTEwVhztlrEP6Xt9J,Sarettii,MATADOR,Ringtone Records,1,22,11,466656,SE,Sweden,Q3,2022
18,spotify:track:28TGtp6irVUZhTv5ytdex1,Thomas Stenström,Sista sommaren,Korpstaden Produktion,10,10,11,466215,SE,Sweden,Q3,2022
19,spotify:track:3RCbGcSsPFNn6NbFbLc8QT,Ant Wan,Komplicerat,Ant Wan,1,24,7,465487,SE,Sweden,Q3,2022
20,spotify:track:2vaxUyVWNoA2L272YHEy70,Zara Larsson,Lay All Your Love On Me - Spotify Singles,Epic/Record Company TEN,14,14,6,462504,SE,Sweden,Q3,2022
21,spotify:track:3EsUkO1XncklrPvQaabHaz,"estraden, Newkid",Tusen gånger om (feat. Newkid),Sony Music Local,12,23,7,435213,SE,Sweden,Q3,2022
22,spotify:track:07l5IJqrY6ERJw7HNdnM0G,Victor Leksell,Hela världen är min,Sony Music Local,6,20,16,425938,SE,Sweden,Q3,2022
23,spotify:track:2B2eoabxesVrveXDd7E0BQ,"Ed Sheeran, 1.Cuz",2step (feat. 1.Cuz),Atlantic Records UK,1,28,9,407572,SE,Sweden,Q3,2022
24,spotify:track:10xV5l9nhLvFpR8mqzs0bL,"Marshmello, Khalid",Numb,Joytime Collective/RCA Records,24,39,4,382366,SE,Sweden,Q3,2022
25,spotify:track:04wlQQIfl6MfHuWxvEsSYO,Henric Edström,Bonaqua,GFM,14,27,9,373401,SE,Sweden,Q3,2022
26,spotify:track:697bFWgzBRm6bmnYWd8GyD,Cornelia Jakobs,Hold Me Closer,WM Sweden,1,46,19,369159,SE,Sweden,Q3,2022
27,spotify:track:5D1UkQaChtBhqt3rpeV2DI,"HAVAL, Yasin, Manny Flaco",MARIA,HAVAL MUSIC,7,29,4,368630,SE,Sweden,Q3,2022
28,spotify:track:5SjWXrGT82DWuXxkMcC3DB,Jireel,MANO,WM Sweden,1,40,24,362234,SE,Sweden,Q3,2022
29,spotify:track:4gORd3Ws62ueWU2tQ2Fe16,"De Vet Du, Bolaget",SUPA,One Brain AB,29,68,6,356476,SE,Sweden,Q3,2022
30,spotify:track:2KukL7UlQ8TdvpaA7bY3ZJ,Beyoncé,BREAK MY SOUL,Parkwood Entertainment/Columbia,30,34,3,349306,SE,Sweden,Q3,2022
31,spotify:track:1qEmFfgcLObUfQm0j1W2CK,Harry Styles,Late Night Talking,Columbia,9,45,7,344203,SE,Sweden,Q3,2022
32,spotify:track:3uUuGVFu1V7jTQL60S1r8z,"Lost Frequencies, Calum Scott",Where Are You Now,Epic Amsterdam,6,31,49,343579,SE,Sweden,Q3,2022
33,spotify:track:02MWAaffLxlfxAUY7c5dvx,Glass Animals,Heat Waves,Polydor Records,6,49,56,342928,SE,Sweden,Q3,2022
34,spotify:track:3CgP1CxtvZgIYomCNuP5jG,Sickan,GET THE POINT,Sickan,7,42,8,342889,SE,Sweden,Q3,2022
35,spotify:track:62MosvjGMQY3HeGPFEsmM1,Tove Lo,No One Dies From Love,Pretty Swede Records,28,65,9,337267,SE,Sweden,Q3,2022
36,spotify:track:5MEuFY2DxrozPEgGpR8Fji,Veronica Maggio,Välkommen in,Universal Music AB,26,26,46,331435,SE,Sweden,Q3,2022
37,spotify:track:3No0idjeViPyWDP4gh1YGo,Ted Gärdestad,Jag ska fånga en ängel,Universal Music AB,9,16,8,330948,SE,Sweden,Q3,2022
38,spotify:track:1ei3hzQmrgealgRKFxIcWn,Benson Boone,In The Stars,Warner Records,9,69,10,328429,SE,Sweden,Q3,2022
39,spotify:track:5v5cNnwvtntSGSDR3BSVwq,Medina,In i dimman,WM Sweden,2,58,19,323987,SE,Sweden,Q3,2022
40,spotify:track:6JIC3hbC28JZKZ8AlAqX8h,"Elton John, Dua Lipa, PNAU",Cold Heart - PNAU Remix,EMI,4,47,47,311482,SE,Sweden,Q3,2022
41,spotify:track:1RzLeCw0rSqGcH9QIYzYTg,23,Bla bla - Intro,Paid in Full Records,32,32,2,305205,SE,Sweden,Q3,2022
42,spotify:track:2B4GHvToeLTOBB4QLzW3Ni,Farruko,Pepas,Sony Music Latin,26,44,46,296626,SE,Sweden,Q3,2022
43,spotify:track:7iSuirVvJsBXZ95UEd9vQ0,Molly Sandén,Vi ska aldrig gå hem,Milkshake,9,33,40,290490,SE,Sweden,Q3,2022
44,spotify:track:50nfwKoDiSYg8zOCREWAm5,Ed Sheeran,Shivers,Atlantic Records UK,1,59,43,289397,SE,Sweden,Q3,2022
45,spotify:track:6ENpYA1F7bnLlJvN0bEJR3,Dani M,Vidare,GMG SWEDEN AB,45,-1,1,288605,SE,Sweden,Q3,2022
46,spotify:track:5maA851Fle6XexgJgJzFjF,"Humlan Djojj, Josefine Götestam",Djurens vaggvisa,Filtr Kids,46,64,41,284289,SE,Sweden,Q3,2022
47,spotify:track:0lwJH1BDr8Z4wfXvi6yC9y,Ted Gärdestad,"Sol, vind och vatten",Universal Music AB,8,8,59,281162,SE,Sweden,Q3,2022
48,spotify:track:2NxGqx9mDpTzXQJtbYguwi,E4an,Umbrella,e4an,48,-1,1,280745,SE,Sweden,Q3,2022
49,spotify:track:4qkchijBTUVzbQt9jbPv9k,"Kris Winther, SuperJonny, Rapposaurus Rex, LamboLaz",Blitzkrieg 2022,Winther Records,49,61,4,279811,SE,Sweden,Q3,2022
50,spotify:track:0O6u0VJ46W86TxN9wgyqDj,"Post Malone, Doja Cat",I Like You (A Happier Song) (with Doja Cat),Mercury Records/Republic Records,24,88,5,278504,SE,Sweden,Q3,2022
1,spotify:track:4uUG5RXrOk84mYEfFvj3cK,"David Guetta, Bebe Rexha",I'm Good (Blue),Parlophone UK,1,1,7,976480,SE,Sweden,Q4,2022
2,spotify:track:3xPsqMJQNM14OrawTBiK4G,"Victor Leksell, Einár",Din låt,Sony Music Local,1,2,12,877630,SE,Sweden,Q4,2022
3,spotify:track:1fIeKG6eI8FZzVL9mhlz8t,Bolaget,Kan Inte Gå,WM Sweden,1,3,41,814085,SE,Sweden,Q4,2022
4,spotify:track:3nqQXoyQOWXiESFLlDF1hG,"Sam Smith, Kim Petras",Unholy (feat. Kim Petras),Capitol Records UK / EMI,4,5,3,786253,SE,Sweden,Q4,2022
5,spotify:track:2ZfaBbRMcEgSF8JnJIaEBP,Hooja,Banan Melon Kiwi & Citron,Roxy Recordings,5,6,18,749458,SE,Sweden,Q4,2022
6,spotify:track:05tLudzJAr4iHnDiWWdA59,Thrife,SEVILLA,Good Kid Records & VENTURA Records,1,4,9,737015,SE,Sweden,Q4,2022
8,spotify:track:3HQ2hJIvStlHS8SRWFGdId,"Denz, Youzie",Chit Chat,Sony Music Local,8,15,2,735260,SE,Sweden,Q4,2022
9,spotify:track:1puxV64QJkmRUhhXt4T9rD,Hooja,MER & MER,Roxy Recordings,3,7,5,685615,SE,Sweden,Q4,2022
10,spotify:track:7aRCAByC8ktZVKhVhDS4la,Alawee,Aktiverad (Klick Klack),WM Sweden,8,8,5,633095,SE,Sweden,Q4,2022
11,spotify:track:1fzi4hh7nlMpKbT2EZl3a0,A36,Tappat - Spotify Singles,WM Sweden,10,10,2,627156,SE,Sweden,Q4,2022
12,spotify:track:5DRJr5a0J0aEIejegQvd7F,"Dizzy, Manny Flaco",ZUTTLUKTEN,WM Sweden,3,12,10,598383,SE,Sweden,Q4,2022
13,spotify:track:6WLFyN5UYRWIadKHq3LLRV,"ADAAM, Philippe, takenoelz",SÖDERMALM,Universal Music AB,6,11,7,568065,SE,Sweden,Q4,2022
14,spotify:track:5PzratDTUf07VyMKrGGxz3,El Papi,Hjerteløs,Universal Music AS,14,19,4,548631,SE,Sweden,Q4,2022
15,spotify:track:1VJRxqJhpEIpnHon7ssp1p,Babblarna,Babblarnas vaggvisa,Universal Music AB Distributed Labels,5,16,198,529756,SE,Sweden,Q4,2022
16,spotify:track:03XktnlHaenNj1tJP8zQFs,Ant Wan,Loyal,Ant Wan,2,14,6,515191,SE,Sweden,Q4,2022
17,spotify:track:1RwQZNgaXl01krZHuSUlE8,"Elov & Beny, Sofie Svensson & Dom Där",BUBBEL PÅ BALKONGEN,REP9,2,17,16,501897,SE,Sweden,Q4,2022
18,spotify:track:2D3O7NUUdTrMu30ZtGa2s6,LOAM,F*CKED UP!,Dream Music Group,10,13,3,500609,SE,Sweden,Q4,2022
19,spotify:track:5hnGrTBaEsdukpDF6aZg8a,Dean Lewis,How Do I Say Goodbye,Universal Music Australia Pty. Ltd.,19,20,6,465179,SE,Sweden,Q4,2022
20,spotify:track:5fvrpWPEDhM6IDyKb56ySV,Hooja,LIVET PÅ EN PINNE,Roxy Recordings,8,18,17,444598,SE,Sweden,Q4,2022
21,spotify:track:7jtQIBanIiJOMS6RyCx6jZ,Tom Odell,Another Love,ITNO/Columbia,21,22,71,440001,SE,Sweden,Q4,2022
22,spotify:track:2acI4LUjCjPuFk0Y05yVNZ,"Owen, Asme",DIRTY,Owen,5,21,10,408156,SE,Sweden,Q4,2022
23,spotify:track:3Tp6XRivI85TAfpgja9ILh,Miss Li,X,Pistol Packin' Music,2,23,30,406256,SE,Sweden,Q4,2022
24,spotify:track:4Dvkj6JhhA12EX05fT7y2e,Harry Styles,As It Was,Columbia,1,24,28,398854,SE,Sweden,Q4,2022
25,spotify:track:6zJejIfVYLgjud3lTk4DLB,Rosa Linn,SNAP,Nvak Collective,11,26,16,387380,SE,Sweden,Q4,2022
26,spotify:track:4h9wh7iOZ0GGn8QVp4RAOB,OneRepublic,I Ain't Worried,Interscope Records,26,27,15,376723,SE,Sweden,Q4,2022
27,spotify:track:5maA851Fle6XexgJgJzFjF,"Humlan Djojj, Josefine Götestam",Djurens vaggvisa,Filtr Kids,27,30,55,369123,SE,Sweden,Q4,2022
28,spotify:track:6mDcLPGVCmdhMN4gBzNb7s,"1.Cuz, Yei Gonzalez, Greekazo",FÖRSENT,1.Cuz,2,33,135,353593,SE,Sweden,Q4,2022
29,spotify:track:0QfxhyX9dky9Zgfr2xhNzR,Hooja,Donkey Kong,Ninetone,20,31,18,339529,SE,Sweden,Q4,2022
30,spotify:track:6lW1r61qewMDG7oJGVP1EZ,"23, VC Barre",Catfish,Paid in Full Records,17,28,8,331110,SE,Sweden,Q4,2022
31,spotify:track:6ts0bxk9N8qiVA7UhhFOJY,"Laleh, Darin",Vi Är På Riktigt,Universal Music AB Distributed Labels,25,25,2,330836,SE,Sweden,Q4,2022
32,spotify:track:37I1hXdQVga3MAR9dOn0c3,"Lelo, LaStreet, 01an",Vem,"Lelo & Animalistic Records, Ambessa Records",32,-1,1,326491,SE,Sweden,Q4,2022
33,spotify:track:2TLVUAQzq9FnzSxFYGOF7Y,Henric Edström,Hot Girls (dricker hotshots),WM Sweden,33,34,3,322299,SE,Sweden,Q4,2022
34,spotify:track:5IgjP7X4th6nMNDh4akUHb,Chris Brown,Under The Influence,Chris Brown Entertainment/RCA Records,34,36,11,319142,SE,Sweden,Q4,2022
35,spotify:track:1xzi1Jcr7mEi9K2RfzLOqS,Beyoncé,CUFF IT,Parkwood Entertainment/Columbia,35,43,10,317208,SE,Sweden,Q4,2022
36,spotify:track:1bgKMxPQU7JIZEhNsM1vFs,"Alesso, Zara Larsson",Words (feat. Zara Larsson),10:22PM,5,35,25,317150,SE,Sweden,Q4,2022
37,spotify:track:2NnO7FJonRjGvAjm3LwKvl,"LOAM, ADAAM",FAKKA UR,Universal Music AB,1,32,29,309347,SE,Sweden,Q4,2022
38,spotify:track:5BtXbZ4dArIaZka8pNzSp0,Lee Bloccboy,4 grabbar,Lee Bloccboy under exclusive license to Amuseio AB,38,55,4,305277,SE,Sweden,Q4,2022
39,spotify:track:47aGU91Mqqjt1ZJ9NgQXqY,Beathoven,BABYGIRL (PRIMADONNA),WM Norway,39,54,3,291869,SE,Sweden,Q4,2022
40,spotify:track:6G1Mz5yMgn0ydOlIvTrZ65,TALK,Run Away to Mars,Range Music/Capitol Records,26,38,8,284851,SE,Sweden,Q4,2022
41,spotify:track:0qswyajymNk1uMRplcKx3P,Hooja,GÅR DET BRA?,Roxy Recordings,29,39,16,284831,SE,Sweden,Q4,2022
42,spotify:track:7xTDT7gyIrv0xWpwwXExxU,Ed Sheeran,Celestial,Atlantic Records UK,29,29,2,284081,SE,Sweden,Q4,2022
43,spotify:track:2JDsYmNrm68Om1TK0D4VeA,"23, C.Gambino",En Chans,23 & C.Gambino under exclusive license to Amuseio AB,14,42,5,281374,SE,Sweden,Q4,2022
44,spotify:track:5TJEBoTCDbJXiKMdCN9pd3,"Elton John, Britney Spears",Hold Me Closer,EMI,22,47,7,273864,SE,Sweden,Q4,2022
45,spotify:track:1ei3hzQmrgealgRKFxIcWn,Benson Boone,In The Stars,Warner Records,9,48,24,272212,SE,Sweden,Q4,2022
46,spotify:track:3KSegg0APyp082vo9peW7e,Hov1,FREE SMOKE,Universal Music AB,4,41,7,272031,SE,Sweden,Q4,2022
47,spotify:track:2WigMwGJysIh9fRnSJvpjn,Oxlade,KU LO SA - A COLORS SHOW,Troniq Inc,34,46,8,267260,SE,Sweden,Q4,2022
48,spotify:track:7wdwIaXUuzlu1grzWMFRJm,Ghost,Mary On A Cross,UME - Global Clearing House,21,44,10,260243,SE,Sweden,Q4,2022
49,spotify:track:1Ame8XTX6QHY0l0ahqUhgv,Måneskin,THE LONELIEST,Epic,49,-1,1,254188,SE,Sweden,Q4,2022
50,spotify:track:2QjOHCTQ1Jl3zawyYOpxh6,The Neighbourhood,Sweater Weather,Columbia,50,79,42,248780,SE,Sweden,Q4,2022
51,spotify:track:38T0tPVZHcPZyhtOcCP7pF,Lil Nas X,STAR WALKIN' (League of Legends Worlds Anthem),Columbia,29,37,3,245962,SE,Sweden,Q4,2022
1,spotify:track:6I3mqTwhRpn34SLVafSH7G,Justin Bieber,Ghost,RBMG/Def Jam,1,1,19,276232,SG,Singapore,Q1,2022
2,spotify:track:5PjdY0CKGZdEuoNab3yDmX,"The Kid LAROI, Justin Bieber",STAY (with Justin Bieber),Columbia,1,2,27,256417,SG,Singapore,Q1,2022
3,spotify:track:4fouWK6XVHhzl78KzQ1UjL,GAYLE,abcdefu,Atlantic/Arthouse Records,3,4,8,234346,SG,Singapore,Q1,2022
4,spotify:track:46IZ0fSY2mpAiktS3KOqds,Adele,Easy On Me,Columbia,1,3,13,225712,SG,Singapore,Q1,2022
5,spotify:track:72OVnXDzugvrCU25lMi9au,WeiBird,"如果可以 - 電影""月老""主題曲",Sony Music Entertainment,5,5,6,223146,SG,Singapore,Q1,2022
6,spotify:track:02MWAaffLxlfxAUY7c5dvx,Glass Animals,Heat Waves,Polydor Records,5,6,52,214419,SG,Singapore,Q1,2022
7,spotify:track:1r9xUipOqoNwggBpENDsvJ,"Imagine Dragons, JID, Arcane, League of Legends",Enemy (with JID) - from the series Arcane League of Legends,KIDinaKORNER/Interscope Records,7,9,11,183517,SG,Singapore,Q1,2022
8,spotify:track:50nfwKoDiSYg8zOCREWAm5,Ed Sheeran,Shivers,Atlantic Records UK,3,7,18,172492,SG,Singapore,Q1,2022
9,spotify:track:5Z9KJZvQzH6PFmb8SNkxuk,"Lil Nas X, Jack Harlow",INDUSTRY BABY (feat. Jack Harlow),Columbia,2,8,25,166509,SG,Singapore,Q1,2022
10,spotify:track:1SOClUWhOi8vHZYMz3GluK,Jaymes Young,Infinity,Atlantic Records,10,13,7,150354,SG,Singapore,Q1,2022
11,spotify:track:7n2FZQsaLb7ZRfRPfEeIvr,IVE,ELEVEN,STARSHIP Entertainment,6,12,6,149984,SG,Singapore,Q1,2022
12,spotify:track:46HNZY1i7O6jwTA7Slo2PI,"Coldplay, BTS",My Universe,Parlophone UK,2,11,16,148734,SG,Singapore,Q1,2022
13,spotify:track:0hQNbQKW2dDATH1ngj4TI6,Kep1er,WA DA DA,"Genie Music Corporation, Stone Music Entertainment",13,51,2,148519,SG,Singapore,Q1,2022
14,spotify:track:2eAvDnpXP5W0cVtiI0PUxV,Ruth B.,Dandelions,Columbia,14,15,44,147374,SG,Singapore,Q1,2022
15,spotify:track:1nH2PkJL1XoUq8oE6tBZoU,The Weeknd,Sacrifice,XO / Republic Records,15,-1,1,146594,SG,Singapore,Q1,2022
16,spotify:track:5enxwA8aAbwZbf5qCHORXi,Taylor Swift,All Too Well (10 Minute Version) (Taylor's Version) (From The Vault),Taylor Swift,1,10,9,136737,SG,Singapore,Q1,2022
17,spotify:track:3LCwQoTrdQgHsGJE5gGVqx,GOT the beat,Step Back,SM Entertainment,17,50,2,136577,SG,Singapore,Q1,2022
18,spotify:track:3rmo8F54jFF8OgYsqTxm5d,Ed Sheeran,Bad Habits,Atlantic Records UK,1,14,29,135675,SG,Singapore,Q1,2022
19,spotify:track:4SqWKzw0CbA05TGszDgMlc,The Walters,I Love You So,Warner Records,16,18,14,129236,SG,Singapore,Q1,2022
20,spotify:track:52xJxFP6TqMuO4Yt0eOkMz,"Carolina Gaitán - La Gaita, Mauro Castillo, Adassa, Rhenzy Feliz, Diane Guerrero, Stephanie Beatriz, Encanto - Cast",We Don't Talk About Bruno,Walt Disney Records,20,25,3,129149,SG,Singapore,Q1,2022
21,spotify:track:2m6Ko3CY1qXNNja8AlugNc,Troye Sivan,Angel Baby,EMI Recorded Music Australia Pty Ltd,19,19,18,125736,SG,Singapore,Q1,2022
22,spotify:track:68HocO7fx9z0MgDU0ZPHro,NIKI,Every Summertime,"MARVEL/Hollywood Records, Inc./Interscope Records",22,56,5,124589,SG,Singapore,Q1,2022
23,spotify:track:7hU3IHwjX150XLoTVmjD0q,LISA,MONEY,YG Entertainment/Interscope Records,2,16,18,122653,SG,Singapore,Q1,2022
24,spotify:track:7rglLriMNBPAyuJOMGwi39,"Elton John, Dua Lipa, PNAU",Cold Heart - PNAU Remix,EMI,17,17,21,120392,SG,Singapore,Q1,2022
25,spotify:track:2KnLkZ3z7PO3kgVGHGqDpD,Shawn Mendes,It'll Be Okay,Shawn Mendes LP4-5 PS/ Island,23,23,6,115504,SG,Singapore,Q1,2022
26,spotify:track:6XBL9naPxZjATbmGAWGJ9V,Ren Ran,飞鸟和蝉,北京千和世纪文化传播有限公司,7,24,74,115273,SG,Singapore,Q1,2022
27,spotify:track:186NCtNk1tUYS7c2DxgJ7O,V,Christmas Tree,MOST CONTENTS,22,22,3,113897,SG,Singapore,Q1,2022
28,spotify:track:04S1pkp1VaIqjg8zZqknR5,Taylor Swift,Enchanted,Taylor Swift,12,20,10,112687,SG,Singapore,Q1,2022
29,spotify:track:3DarAbFujv6eYNliUTyqtz,"Doja Cat, SZA",Kiss Me More (feat. SZA),Kemosabe Records/RCA Records,1,21,40,107540,SG,Singapore,Q1,2022
30,spotify:track:0mL82sxCRjrs3br407IdJh,The Weeknd,Is There Someone Else?,XO / Republic Records,30,-1,1,107269,SG,Singapore,Q1,2022
31,spotify:track:47isJpIIO8m7BJEhiFhnaf,Dhruv,double take,Little Worry/RCA Records,2,27,32,105075,SG,Singapore,Q1,2022
32,spotify:track:2MJz8BxxMsERULatmBikDH,Pink Sweat$,At My Worst,Atlantic Records,2,29,64,102297,SG,Singapore,Q1,2022
33,spotify:track:2aTKrdenCq5qBOoJPFdn4P,Jamie Miller,Here's Your Perfect,Atlantic Records,7,31,30,101393,SG,Singapore,Q1,2022
34,spotify:track:5wANPM4fQCJwkGd4rN57mH,Olivia Rodrigo,drivers license,Olivia Rodrigo PS,1,28,53,99836,SG,Singapore,Q1,2022
35,spotify:track:4ZtFanR9U6ndgddUvNcjcG,Olivia Rodrigo,good 4 u,Olivia Rodrigo PS,1,26,35,99172,SG,Singapore,Q1,2022
36,spotify:track:00Blm7zeNqgYLPtW6zg8cj,"Post Malone, The Weeknd",One Right Now (with The Weeknd),Republic Records,16,34,10,98893,SG,Singapore,Q1,2022
37,spotify:track:6Uj1ctrBOjOas8xZXGqKk4,Doja Cat,Woman,Kemosabe Records/RCA Records,6,32,25,98279,SG,Singapore,Q1,2022
38,spotify:track:1is8gU4RVcN4J8xItxWoOY,Clinton Kane,I GUESS I'M IN LOVE,Columbia,6,35,21,97905,SG,Singapore,Q1,2022
39,spotify:track:2SLwbpExuoBDZBpjfefCtV,The Weeknd,Out of Time,XO / Republic Records,39,-1,1,96242,SG,Singapore,Q1,2022
40,spotify:track:2Xr1dTzJee307rmrkt8c0g,CKay,love nwantiti (ah ah ah),Chocolate City Music,10,33,18,95245,SG,Singapore,Q1,2022
41,spotify:track:6rVCUwfnuYTAsX4P9fIdIu,aespa,Dreams Come True,SM Entertainment,36,36,3,92276,SG,Singapore,Q1,2022
42,spotify:track:7sMBvZCSUl99bJLXZaLa0b,"Bruno Mars, Anderson .Paak, Silk Sonic",Smokin Out The Window,Aftermath Entertainment/Atlantic,7,30,10,90931,SG,Singapore,Q1,2022
43,spotify:track:1qE8DOtw7zdXHMgZm20eLM,TWICE,The Feels,Republic Records - TWICE,10,37,15,89491,SG,Singapore,Q1,2022
44,spotify:track:1IVj6CsBbTgOEpo0W6hgwN,张远,嘉賓,United Entertainment Group Limited,17,38,20,88693,SG,Singapore,Q1,2022
45,spotify:track:37BZB0z9T8Xu7U3e65qxFy,"The Weeknd, Ariana Grande",Save Your Tears (with Ariana Grande) (Remix),Republic Records,5,39,38,88564,SG,Singapore,Q1,2022
46,spotify:track:5Y47GrCrjQY44qFv8Gt0Gm,Eric Chou,你不屬於我 - 《比悲傷更悲傷的故事》影集版片尾曲,Sony Music Entertainment,12,40,12,87083,SG,Singapore,Q1,2022
47,spotify:track:7qEHsqek33rTcFNT9PFqLf,Lewis Capaldi,Someone You Loved,Vertigo Berlin,4,41,156,83679,SG,Singapore,Q1,2022
48,spotify:track:2Ghp894n1laIf2w98VeAOJ,The Weeknd,How Do I Make You Love Me?,XO / Republic Records,48,-1,1,82289,SG,Singapore,Q1,2022
49,spotify:track:2D4dV2KXDTszzJ3p3cFqhA,The Weeknd,Less Than Zero,XO / Republic Records,49,-1,1,81266,SG,Singapore,Q1,2022
50,spotify:track:4qu63nuBpdn0qHUHuObEj1,"Marshmello, Jonas Brothers",Leave Before You Love Me (with Jonas Brothers),Republic Records,12,43,34,80352,SG,Singapore,Q1,2022
1,spotify:track:4LRPiXqCikLlN15c3yImP7,Harry Styles,As It Was,Columbia,1,-1,1,300923,SG,Singapore,Q2,2022
2,spotify:track:3TSLqZssCoCdDlMhCJ08XW,BIGBANG,Still Life,YG Entertainment,2,-1,1,285288,SG,Singapore,Q2,2022
3,spotify:track:6I3mqTwhRpn34SLVafSH7G,Justin Bieber,Ghost,RBMG/Def Jam,1,1,31,271798,SG,Singapore,Q2,2022
4,spotify:track:02MWAaffLxlfxAUY7c5dvx,Glass Animals,Heat Waves,Polydor Records,2,2,64,208001,SG,Singapore,Q2,2022
5,spotify:track:5PjdY0CKGZdEuoNab3yDmX,"The Kid LAROI, Justin Bieber",STAY (with Justin Bieber),Columbia,1,3,39,204518,SG,Singapore,Q2,2022
6,spotify:track:3AVXwaOGCEL8cmBecfcsFJ,Charlie Puth,Light Switch,Atlantic Records,1,4,11,182290,SG,Singapore,Q2,2022
7,spotify:track:50nfwKoDiSYg8zOCREWAm5,Ed Sheeran,Shivers,Atlantic Records UK,3,5,30,178131,SG,Singapore,Q2,2022
8,spotify:track:2m6Ko3CY1qXNNja8AlugNc,Troye Sivan,Angel Baby,EMI Recorded Music Australia Pty Ltd,8,20,30,173286,SG,Singapore,Q2,2022
9,spotify:track:2eAvDnpXP5W0cVtiI0PUxV,Ruth B.,Dandelions,Columbia,7,8,56,167209,SG,Singapore,Q2,2022
10,spotify:track:72OVnXDzugvrCU25lMi9au,WeiBird,"如果可以 - 電影""月老""主題曲",Sony Music Entertainment,3,11,18,159098,SG,Singapore,Q2,2022
11,spotify:track:0dcnrLo8s1rhjm8euGjI4n,TREASURE,DARARI,YG Entertainment,5,6,7,155903,SG,Singapore,Q2,2022
12,spotify:track:0IuVhCflrQPMGRrOyoY5RW,Tate McRae,she's all i wanna be,RCA Records Label,7,12,9,148626,SG,Singapore,Q2,2022
13,spotify:track:0IGUXY4JbK18bu9oD4mPIm,i-dle,TOMBOY,Cube Entertainment,6,7,4,147106,SG,Singapore,Q2,2022
14,spotify:track:0U1W2LZVUX7qTm7dDpqxh6,Shawn Mendes,When You're Gone,Shawn Mendes LP4-5 PS/ Island,14,-1,1,146632,SG,Singapore,Q2,2022
15,spotify:track:2oBMZYteeO8DyXV9gDx6Za,Red Velvet,Feel My Rhythm,SM Entertainment,9,9,3,143850,SG,Singapore,Q2,2022
16,spotify:track:5elW2CKSoqjYoJ32AGDxf1,ENHYPEN,Polaroid Love,BELIFT LAB,4,10,13,135231,SG,Singapore,Q2,2022
17,spotify:track:58HvfVOeJY7lUuCqF0m3ly,Elley Duhé,MIDDLE OF THE NIGHT,Not Fit For Society/RCA Records,17,18,10,134521,SG,Singapore,Q2,2022
18,spotify:track:3o9kpgkIcffx0iSwxhuNI2,Em Beihold,Numb Little Bug,"Republic Records/Moon Projects, LLC.",11,15,10,134408,SG,Singapore,Q2,2022
19,spotify:track:4fouWK6XVHhzl78KzQ1UjL,GAYLE,abcdefu,Atlantic/Arthouse Records,3,13,20,132952,SG,Singapore,Q2,2022
20,spotify:track:0QBzMgT7NIeoCYy3sJCof1,"Camila Cabello, Ed Sheeran",Bam Bam (feat. Ed Sheeran),Epic,13,19,5,130316,SG,Singapore,Q2,2022
21,spotify:track:1HhNoOuqm1a5MXYEgAFl8o,"Imagine Dragons, JID, Arcane, League of Legends",Enemy (with JID) - from the series Arcane League of Legends,Kid Ina Korner / Interscope,7,16,23,130165,SG,Singapore,Q2,2022
22,spotify:track:46IZ0fSY2mpAiktS3KOqds,Adele,Easy On Me,Columbia,1,17,25,129383,SG,Singapore,Q2,2022
23,spotify:track:0Q5VnK2DYzRyfqQRJuUtvi,IVE,LOVE DIVE,STARSHIP Entertainment,23,-1,1,120802,SG,Singapore,Q2,2022
24,spotify:track:5Z9KJZvQzH6PFmb8SNkxuk,"Lil Nas X, Jack Harlow",INDUSTRY BABY (feat. Jack Harlow),Columbia,2,21,37,118777,SG,Singapore,Q2,2022
25,spotify:track:7BDHDiidJ8WV349p3HTxTV,Stray Kids,MANIAC,Republic Records - Stray Kids,9,14,3,113541,SG,Singapore,Q2,2022
26,spotify:track:0e8nrvls4Qqv5Rfa2UhqmO,Lil Nas X,THATS WHAT I WANT,Columbia,7,24,29,111938,SG,Singapore,Q2,2022
27,spotify:track:3rmo8F54jFF8OgYsqTxm5d,Ed Sheeran,Bad Habits,Atlantic Records UK,1,23,41,109741,SG,Singapore,Q2,2022
28,spotify:track:68HocO7fx9z0MgDU0ZPHro,NIKI,Every Summertime,"MARVEL/Hollywood Records, Inc./Interscope Records",8,22,17,107133,SG,Singapore,Q2,2022
29,spotify:track:4SqWKzw0CbA05TGszDgMlc,The Walters,I Love You So,Warner Records,16,25,26,104972,SG,Singapore,Q2,2022
30,spotify:track:0QzuaeCEEOV40Pn7IvKEny,Dhruv,double take,Little Worry/RCA Records,2,27,44,104036,SG,Singapore,Q2,2022
31,spotify:track:6XBL9naPxZjATbmGAWGJ9V,Ren Ran,飞鸟和蝉,北京千和世纪文化传播有限公司,7,29,86,102153,SG,Singapore,Q2,2022
32,spotify:track:5wANPM4fQCJwkGd4rN57mH,Olivia Rodrigo,drivers license,Olivia Rodrigo PS,1,38,65,101444,SG,Singapore,Q2,2022
33,spotify:track:7xNCacksfUkYXsXuSW4vNF,"salem ilese, TOMORROW X TOGETHER, Alan Walker",PS5,10K Projects,28,33,6,100184,SG,Singapore,Q2,2022
34,spotify:track:3sYZo4HrHX8tkul5FhUpVo,Faouzia,"RIP, Love",Atlantic Records,34,-1,1,99213,SG,Singapore,Q2,2022
35,spotify:track:4ZtFanR9U6ndgddUvNcjcG,Olivia Rodrigo,good 4 u,Olivia Rodrigo PS,1,39,47,98119,SG,Singapore,Q2,2022
36,spotify:track:46HNZY1i7O6jwTA7Slo2PI,"Coldplay, BTS",My Universe,Parlophone UK,2,28,28,97966,SG,Singapore,Q2,2022
37,spotify:track:6N1K5OVVCopBjGViHs2IvP,"Ed Sheeran, Taylor Swift",The Joker And The Queen (feat. Taylor Swift),Atlantic Records UK,8,31,8,95639,SG,Singapore,Q2,2022
38,spotify:track:1m2PksrrMpIev63uPxT1V0,NMIXX,O.O,Republic Records - NMIXX,17,26,6,95610,SG,Singapore,Q2,2022
39,spotify:track:1SOClUWhOi8vHZYMz3GluK,Jaymes Young,Infinity,Atlantic Records,10,30,19,93856,SG,Singapore,Q2,2022
40,spotify:track:2MJz8BxxMsERULatmBikDH,Pink Sweat$,At My Worst,Atlantic Records,2,34,76,91967,SG,Singapore,Q2,2022
41,spotify:track:1IVj6CsBbTgOEpo0W6hgwN,张远,嘉賓,United Entertainment Group Limited,17,40,32,89162,SG,Singapore,Q2,2022
42,spotify:track:59CfNbkERJ3NoTXDvoURjj,Dove Cameron,Boyfriend,Disruptor Records/Columbia,27,37,8,88903,SG,Singapore,Q2,2022
43,spotify:track:6Uj1ctrBOjOas8xZXGqKk4,Doja Cat,Woman,Kemosabe Records/RCA Records,6,35,37,88725,SG,Singapore,Q2,2022
44,spotify:track:7rglLriMNBPAyuJOMGwi39,"Elton John, Dua Lipa, PNAU",Cold Heart - PNAU Remix,EMI,17,36,33,88107,SG,Singapore,Q2,2022
45,spotify:track:3DarAbFujv6eYNliUTyqtz,"Doja Cat, SZA",Kiss Me More (feat. SZA),Kemosabe Records/RCA Records,1,45,52,85685,SG,Singapore,Q2,2022
46,spotify:track:5CZ40GBx1sQ9agT82CLQCT,Olivia Rodrigo,traitor,Olivia Rodrigo PS,9,51,46,85137,SG,Singapore,Q2,2022
47,spotify:track:5quFr5s5PXYfUX5jV2EBZ1,"Jay Park, IU",GANADARA (Feat. IU),MORE VISION,22,32,4,83676,SG,Singapore,Q2,2022
48,spotify:track:1oFAF1hdPOickyHgbuRjyX,"The Weeknd, Ariana Grande",Save Your Tears (Remix) (with Ariana Grande) - Bonus Track,XO / Republic Records,5,41,50,82279,SG,Singapore,Q2,2022
49,spotify:track:3sqrvkNC6IPTIXvvbx9Arw,Taylor Swift,Enchanted,Taylor Swift,12,43,22,81506,SG,Singapore,Q2,2022
50,spotify:track:6HU7h9RYOaPRFeh0R3UeAr,Olivia Rodrigo,deja vu,Olivia Rodrigo PS,2,67,53,74958,SG,Singapore,Q2,2022
1,spotify:track:6xGruZOHLs39ZbVccQTuPZ,Joji,Glimpse of Us,88rising Music,1,1,4,600101,SG,Singapore,Q3,2022
2,spotify:track:0mBP9X2gPCuapvpZ7TGDk3,"Charlie Puth, Jung Kook, BTS",Left and Right (Feat. Jung Kook of BTS),Atlantic Records,2,2,2,393617,SG,Singapore,Q3,2022
3,spotify:track:4h9wh7iOZ0GGn8QVp4RAOB,OneRepublic,I Ain't Worried,Interscope Records,3,3,6,335423,SG,Singapore,Q3,2022
4,spotify:track:4Dvkj6JhhA12EX05fT7y2e,Harry Styles,As It Was,Columbia,1,4,14,301063,SG,Singapore,Q3,2022
5,spotify:track:75FEaRjZTKLhTrFGsfMUXR,Kate Bush,Running Up That Hill (A Deal With God),Fish People,5,9,6,237681,SG,Singapore,Q3,2022
6,spotify:track:0T5iIrXA4p5GsubkhuBIKV,Stephen Sanchez,Until I Found You,Republic Records,2,5,9,228119,SG,Singapore,Q3,2022
7,spotify:track:6I3mqTwhRpn34SLVafSH7G,Justin Bieber,Ghost,RBMG/Def Jam,1,7,44,225946,SG,Singapore,Q3,2022
8,spotify:track:2m6Ko3CY1qXNNja8AlugNc,Troye Sivan,Angel Baby,EMI Recorded Music Australia Pty Ltd,2,6,43,212970,SG,Singapore,Q3,2022
9,spotify:track:5rJ7bdPmr8nfmm2JQ8xHOz,NAYEON,POP!,Republic Records – NAYEON (TWICE),8,8,2,210259,SG,Singapore,Q3,2022
10,spotify:track:4h4QlmocP3IuwYEj2j14p8,"Nicky Youre, hey daisy",Sunroof,Thirty Knots/Columbia,9,10,19,183347,SG,Singapore,Q3,2022
11,spotify:track:5PjdY0CKGZdEuoNab3yDmX,"The Kid LAROI, Justin Bieber",STAY (with Justin Bieber),Columbia,1,12,52,162513,SG,Singapore,Q3,2022
12,spotify:track:72OVnXDzugvrCU25lMi9au,WeiBird,"如果可以 - 電影""月老""主題曲",Sony Music Entertainment,3,13,31,158437,SG,Singapore,Q3,2022
13,spotify:track:1ei3hzQmrgealgRKFxIcWn,Benson Boone,In The Stars,Warner Records,11,18,10,153996,SG,Singapore,Q3,2022
14,spotify:track:2eAvDnpXP5W0cVtiI0PUxV,Ruth B.,Dandelions,Columbia,7,14,69,152343,SG,Singapore,Q3,2022
15,spotify:track:02MWAaffLxlfxAUY7c5dvx,Glass Animals,Heat Waves,Polydor Records,2,15,77,152335,SG,Singapore,Q3,2022
16,spotify:track:10SRMwb9EuVS1K9rYsBfHQ,BTS,Yet To Come,BIGHIT MUSIC,3,11,4,141029,SG,Singapore,Q3,2022
17,spotify:track:50nfwKoDiSYg8zOCREWAm5,Ed Sheeran,Shivers,Atlantic Records UK,3,17,43,139290,SG,Singapore,Q3,2022
18,spotify:track:0Q5VnK2DYzRyfqQRJuUtvi,IVE,LOVE DIVE,STARSHIP Entertainment,2,16,14,138478,SG,Singapore,Q3,2022
19,spotify:track:0O6u0VJ46W86TxN9wgyqDj,"Post Malone, Doja Cat",I Like You (A Happier Song) (with Doja Cat),Mercury Records/Republic Records,14,20,5,131796,SG,Singapore,Q3,2022
20,spotify:track:0FOBJ5PbwOe5XBY9y0bnhi,"B.I, Soulja Boy, DeVita",BTBT,IOK x Transparent Arts,15,19,7,127494,SG,Singapore,Q3,2022
21,spotify:track:3AVXwaOGCEL8cmBecfcsFJ,Charlie Puth,Light Switch,Atlantic Records,1,21,24,125176,SG,Singapore,Q3,2022
22,spotify:track:1IVj6CsBbTgOEpo0W6hgwN,张远,嘉賓,United Entertainment Group Limited,17,23,45,125084,SG,Singapore,Q3,2022
23,spotify:track:21AziTMaZwcLflGMAj85o5,Lauv,All 4 Nothing (I'm So In Love),Lauv,14,24,13,124164,SG,Singapore,Q3,2022
24,spotify:track:1qEmFfgcLObUfQm0j1W2CK,Harry Styles,Late Night Talking,Columbia,5,22,7,123230,SG,Singapore,Q3,2022
25,spotify:track:1PckUlxKqWQs3RlWXVBLw3,Lizzo,About Damn Time,Nice Life/Atlantic,15,26,10,117695,SG,Singapore,Q3,2022
26,spotify:track:0QzuaeCEEOV40Pn7IvKEny,Dhruv,double take,Little Worry/RCA Records,2,25,57,113614,SG,Singapore,Q3,2022
27,spotify:track:4qu63nuBpdn0qHUHuObEj1,"Marshmello, Jonas Brothers",Leave Before You Love Me (with Jonas Brothers),Republic Records,12,29,59,110847,SG,Singapore,Q3,2022
28,spotify:track:6XBL9naPxZjATbmGAWGJ9V,Ren Ran,飞鸟和蝉,北京千和世纪文化传播有限公司,7,28,99,110131,SG,Singapore,Q3,2022
29,spotify:track:4XKXphKH76W4zNpkgFS5o2,j-hope,MORE,BIGHIT MUSIC,29,-1,1,108948,SG,Singapore,Q3,2022
30,spotify:track:1jIMjbzcGCcCQn5iMu9CUc,Charlie Puth,That's Hilarious,Atlantic Records,19,27,13,103877,SG,Singapore,Q3,2022
31,spotify:track:7l9IqDtVWJurTvkQHq1BGh,Tate McRae,she's all i wanna be,RCA Records Label,7,31,22,102141,SG,Singapore,Q3,2022
32,spotify:track:1c2hJSwcCfoPEw1su83Sw0,Lady Gaga,Hold My Hand,Interscope Records,30,30,6,101812,SG,Singapore,Q3,2022
33,spotify:track:2DB4DdfCFMw1iaR6JaR03a,"Camila Cabello, Ed Sheeran",Bam Bam (feat. Ed Sheeran),Epic,13,37,18,97209,SG,Singapore,Q3,2022
34,spotify:track:6P2IZsIyNVeOl712sFg4lc,Kep1er,Up!,"Genie Music Corporation, Stone Music Entertainment",32,32,3,95375,SG,Singapore,Q3,2022
35,spotify:track:6I2tqFhk8tq69iursYxuxd,SEVENTEEN,HOT,PLEDIS Entertainment,12,33,6,94094,SG,Singapore,Q3,2022
36,spotify:track:5wANPM4fQCJwkGd4rN57mH,Olivia Rodrigo,drivers license,Olivia Rodrigo PS,1,41,78,93883,SG,Singapore,Q3,2022
37,spotify:track:4IaxDf2FixiQXq0mW7key9,Jessi,ZOOM,P NATION,5,34,12,93556,SG,Singapore,Q3,2022
38,spotify:track:296nXCOv97WJNRWzIBQnoj,LE SSERAFIM,FEARLESS,SOURCE MUSIC,9,36,10,93224,SG,Singapore,Q3,2022
39,spotify:track:58HvfVOeJY7lUuCqF0m3ly,Elley Duhé,MIDDLE OF THE NIGHT,Not Fit For Society/RCA Records,15,38,23,91233,SG,Singapore,Q3,2022
40,spotify:track:2LBqCSwhJGcFQeTHMVGwy3,The Weeknd,Die For You,Universal Republic Records,40,53,26,90191,SG,Singapore,Q3,2022
41,spotify:track:4UG2Fm0E98LhE2dlNxiAXx,JVKE,this is what falling in love feels like,JVKE,36,43,24,87803,SG,Singapore,Q3,2022
42,spotify:track:0wHFktze2PHC5jDt3B17DC,Jack Harlow,First Class,Generation Now/Atlantic,9,39,13,87788,SG,Singapore,Q3,2022
43,spotify:track:46IZ0fSY2mpAiktS3KOqds,Adele,Easy On Me,Columbia,1,49,38,86396,SG,Singapore,Q3,2022
44,spotify:track:3rmo8F54jFF8OgYsqTxm5d,Ed Sheeran,Bad Habits,Atlantic Records UK,1,46,54,86357,SG,Singapore,Q3,2022
45,spotify:track:1Fid2jjqsHViMX6xNH70hE,Seafret,Atlantis,Sweet Jane Recordings,45,145,2,84268,SG,Singapore,Q3,2022
46,spotify:track:2MJz8BxxMsERULatmBikDH,Pink Sweat$,At My Worst,Atlantic Records,2,45,89,83318,SG,Singapore,Q3,2022
47,spotify:track:5UXJzLFdBn6u9FJTCnoHrH,Conan Gray,Memories,Republic Records,42,42,12,82051,SG,Singapore,Q3,2022
48,spotify:track:0rKtyWc8bvkriBthvHKY8d,Joji,SLOW DANCING IN THE DARK,88rising Music,27,40,68,81861,SG,Singapore,Q3,2022
49,spotify:track:69xohKu8C1fsflYAiSNbwM,BTS,Run BTS,BIGHIT MUSIC,8,35,4,81553,SG,Singapore,Q3,2022
50,spotify:track:5O2P9iiztwhomNh8xkR9lJ,One Direction,Night Changes,Syco Music,50,52,43,80687,SG,Singapore,Q3,2022
1,spotify:track:3nqQXoyQOWXiESFLlDF1hG,"Sam Smith, Kim Petras",Unholy (feat. Kim Petras),Capitol Records UK / EMI,1,2,3,319478,SG,Singapore,Q4,2022
2,spotify:track:7gRFDGEzF9UkBV233yv2dc,BLACKPINK,Shut Down,YG Entertainment/Interscope Records,1,1,4,284854,SG,Singapore,Q4,2022
3,spotify:track:5odlY52u43F5BjByhxg7wg,JVKE,golden hour,JVKE,2,3,8,276021,SG,Singapore,Q4,2022
4,spotify:track:4h9wh7iOZ0GGn8QVp4RAOB,OneRepublic,I Ain't Worried,Interscope Records,3,5,20,246635,SG,Singapore,Q4,2022
5,spotify:track:5zwwW9Oq7ubSxoCGyW1nbY,BLACKPINK,Pink Venom,YG Entertainment/Interscope Records,1,4,8,241986,SG,Singapore,Q4,2022
6,spotify:track:6xGruZOHLs39ZbVccQTuPZ,Joji,Glimpse of Us,88rising Music,1,6,18,220670,SG,Singapore,Q4,2022
7,spotify:track:0HYAsQwJIO6FLqpyTeD3l6,Fujii Kaze,Shinunoga E-Wa,Universal Music LLC,7,8,8,211977,SG,Singapore,Q4,2022
8,spotify:track:2gYj9lubBorOPIVWsTXugG,IVE,After LIKE,Starship Entertainment,2,7,8,205141,SG,Singapore,Q4,2022
9,spotify:track:5Odq8ohlgIbQKMZivbWkEo,"Charlie Puth, Jung Kook, BTS",Left and Right (Feat. Jung Kook of BTS),Atlantic Records,2,9,16,203500,SG,Singapore,Q4,2022
10,spotify:track:4uUG5RXrOk84mYEfFvj3cK,"David Guetta, Bebe Rexha",I'm Good (Blue),Parlophone UK,10,10,7,197131,SG,Singapore,Q4,2022
11,spotify:track:4Dvkj6JhhA12EX05fT7y2e,Harry Styles,As It Was,Columbia,1,12,28,186420,SG,Singapore,Q4,2022
12,spotify:track:6VhuP99TE6gYNQRJIlAWFD,Stephen Sanchez,Until I Found You,Republic Records,2,13,23,182851,SG,Singapore,Q4,2022
13,spotify:track:5IgjP7X4th6nMNDh4akUHb,Chris Brown,Under The Influence,Chris Brown Entertainment/RCA Records,7,11,13,181507,SG,Singapore,Q4,2022
14,spotify:track:6I3mqTwhRpn34SLVafSH7G,Justin Bieber,Ghost,RBMG/Def Jam,1,15,58,167853,SG,Singapore,Q4,2022
15,spotify:track:0a4MMyCrzT0En247IhqZbD,NewJeans,Hype Boy,ADOR,6,14,11,164732,SG,Singapore,Q4,2022
16,spotify:track:4h4QlmocP3IuwYEj2j14p8,"Nicky Youre, hey daisy",Sunroof,Thirty Knots/Columbia,7,16,33,163254,SG,Singapore,Q4,2022
17,spotify:track:1xK59OXxi2TAAAbmZK0kBL,d4vd,Romantic Homicide,Darkroom/Interscope Records,17,20,7,147430,SG,Singapore,Q4,2022
18,spotify:track:5PjdY0CKGZdEuoNab3yDmX,"The Kid LAROI, Justin Bieber",STAY (with Justin Bieber),Columbia,1,18,66,142587,SG,Singapore,Q4,2022
19,spotify:track:72OVnXDzugvrCU25lMi9au,WeiBird,"如果可以 - 電影""月老""主題曲",Sony Music Entertainment,3,21,45,142471,SG,Singapore,Q4,2022
20,spotify:track:2m6Ko3CY1qXNNja8AlugNc,Troye Sivan,Angel Baby,EMI Recorded Music Australia Pty Ltd,2,19,57,138828,SG,Singapore,Q4,2022
21,spotify:track:0kqTXMHiQiB7IECD0WwcPq,TWICE,Talk that Talk,Republic Records - TWICE,3,17,7,136682,SG,Singapore,Q4,2022
22,spotify:track:2eAvDnpXP5W0cVtiI0PUxV,Ruth B.,Dandelions,Columbia,7,24,83,130943,SG,Singapore,Q4,2022
23,spotify:track:1gH1h30wkQdd9zhY3j7a8T,Rex Orange County,THE SHADE,Rex Orange County,12,22,14,130808,SG,Singapore,Q4,2022
24,spotify:track:2pIUpMhHL6L9Z5lnKxJJr9,NewJeans,Attention,ADOR,7,25,11,123989,SG,Singapore,Q4,2022
25,spotify:track:1IVj6CsBbTgOEpo0W6hgwN,张远,嘉賓,United Entertainment Group Limited,17,28,59,122913,SG,Singapore,Q4,2022
26,spotify:track:2LBqCSwhJGcFQeTHMVGwy3,The Weeknd,Die For You,Universal Republic Records,16,29,40,118480,SG,Singapore,Q4,2022
27,spotify:track:6C734SmqoIYuRWo2qSCnpC,NMIXX,DICE,Republic Records - NMIXX,24,26,4,116306,SG,Singapore,Q4,2022
28,spotify:track:4k6Uh1HXdhtusDW5y8Gbvy,Steve Lacy,Bad Habit,L-M Records/RCA Records,19,32,13,116071,SG,Singapore,Q4,2022
29,spotify:track:1klq7dgG1Pz0ijci5Pmae1,Stray Kids,CASE 143,Republic Records - Stray Kids,29,-1,1,115009,SG,Singapore,Q4,2022
30,spotify:track:2yjlYDiNiQkdxVqTlaSrlX,Nicki Minaj,Super Freaky Girl,Republic Records,21,27,9,113449,SG,Singapore,Q4,2022
31,spotify:track:1Fid2jjqsHViMX6xNH70hE,Seafret,Atlantis,Sweet Jane Recordings,22,31,16,111437,SG,Singapore,Q4,2022
32,spotify:track:02MWAaffLxlfxAUY7c5dvx,Glass Animals,Heat Waves,Polydor Records,2,34,91,109410,SG,Singapore,Q4,2022
33,spotify:track:0L8LOav65XwLjCLS11gNPD,BLACKPINK,Typa Girl,YG Entertainment/Interscope Records,4,23,4,108378,SG,Singapore,Q4,2022
34,spotify:track:1ei3hzQmrgealgRKFxIcWn,Benson Boone,In The Stars,Warner Records,11,35,24,107969,SG,Singapore,Q4,2022
35,spotify:track:0Q5VnK2DYzRyfqQRJuUtvi,IVE,LOVE DIVE,STARSHIP Entertainment,2,33,28,107792,SG,Singapore,Q4,2022
36,spotify:track:0QzuaeCEEOV40Pn7IvKEny,Dhruv,double take,Little Worry/RCA Records,2,38,71,106663,SG,Singapore,Q4,2022
37,spotify:track:38T0tPVZHcPZyhtOcCP7pF,Lil Nas X,STAR WALKIN' (League of Legends Worlds Anthem),Columbia,30,30,3,101855,SG,Singapore,Q4,2022
38,spotify:track:7DbdUf8aHSYoliSjO6LZv6,Beach Weather,"Sex, Drugs, Etc.",8123 / Arista Records,37,39,15,101682,SG,Singapore,Q4,2022
39,spotify:track:6zJejIfVYLgjud3lTk4DLB,Rosa Linn,SNAP,Nvak Collective,26,41,12,101126,SG,Singapore,Q4,2022
40,spotify:track:7xTDT7gyIrv0xWpwwXExxU,Ed Sheeran,Celestial,Atlantic Records UK,37,37,2,100058,SG,Singapore,Q4,2022
41,spotify:track:6XBL9naPxZjATbmGAWGJ9V,Ren Ran,飞鸟和蝉,北京千和世纪文化传播有限公司,7,42,113,99009,SG,Singapore,Q4,2022
42,spotify:track:3OM6qQmdFV6uy61GIqpRtf,Rex Orange County,AMAZING,Rex Orange County,23,40,9,98145,SG,Singapore,Q4,2022
43,spotify:track:2OR5FUKy3GQ7I9DCbRnfsW,Eric Chou,最後一堂課 - 《媽，別鬧了！》影集片尾曲,M.Star Entertainment Ltd.,24,43,12,97669,SG,Singapore,Q4,2022
44,spotify:track:3W4U7TEgILGpq0EmquurtH,"yuji, putri dahlia",Old Love,yuji,44,49,5,97096,SG,Singapore,Q4,2022
45,spotify:track:0O6u0VJ46W86TxN9wgyqDj,"Post Malone, Doja Cat",I Like You (A Happier Song) (with Doja Cat),Mercury Records/Republic Records,14,46,19,94351,SG,Singapore,Q4,2022
46,spotify:track:4qu63nuBpdn0qHUHuObEj1,"Marshmello, Jonas Brothers",Leave Before You Love Me (with Jonas Brothers),Republic Records,12,48,73,90602,SG,Singapore,Q4,2022
47,spotify:track:5uSFGgIfHMT3osrAd9n9ym,Lewis Capaldi,Forget Me,Vertigo Berlin,47,72,5,89005,SG,Singapore,Q4,2022
48,spotify:track:1jEBSDN5vYViJQr78W7jr2,Charlie Puth,Light Switch,Atlantic Records,1,66,38,85421,SG,Singapore,Q4,2022
49,spotify:track:5XeFesFbtLpXzIVDNQP22n,Arctic Monkeys,I Wanna Be Yours,Domino Recording Co,49,53,11,84970,SG,Singapore,Q4,2022
50,spotify:track:0WtM2NBVQNNJLh6scP13H8,"Rema, Selena Gomez",Calm Down (with Selena Gomez),Mavin Records / Jonzing World,50,62,6,83557,SG,Singapore,Q4,2022
1,spotify:track:6gxLEbRJlorva6uVRW4gof,UZI,PAPARAZZI,Ava Music / Avrupa Müzik,1,1,8,2441139,TR,Turkey,Q1,2022
2,spotify:track:6GDpxEOvaXS0nbqSrFtDAQ,Lvbel C5,10 NUMARA,EMI - Kent Elektronik Sanayi ve Ticaret A.S.,1,2,13,1574273,TR,Turkey,Q1,2022
3,spotify:track:5NPg92vbjaGk4q9mh7MMEM,"Cem Adrian, Mark Eliyahu",Kül,SONY MUSIC TURKEY,3,4,38,1562976,TR,Turkey,Q1,2022
4,spotify:track:6glvSyTo1y4WLtX0mnDq83,"Dedublüman, Çağrı Çelik",Gamzedeyim Deva Bulmam,Dedublüman House,4,6,12,1541243,TR,Turkey,Q1,2022
5,spotify:track:6g6MHm9u0h2Em9Xuk89eqR,EDIS,Arıyorum,EDS Company,3,5,17,1325154,TR,Turkey,Q1,2022
6,spotify:track:4FiDkc2woxfDbfCoSqx6pq,"Lvbel C5, Batuflex",HONG KONG,EMI - Kent Elektronik Sanayi ve Ticaret A.S.,2,3,3,1258275,TR,Turkey,Q1,2022
7,spotify:track:10n66m41IGjA2ZulKPK7Ew,Madrigal,Seni Dert Etmeler,AVRUPA MÜZİK YAPIM,1,8,92,1243247,TR,Turkey,Q1,2022
8,spotify:track:7HgEjJCh0hQ0GO7PjQvEF3,"Artz, Bugy, Ezhel",Hayrola,Koal Arts GmbH,4,7,12,1224962,TR,Turkey,Q1,2022
9,spotify:track:2MvIexkUblP1QdpBzKot3N,UZI,CINDY,Ava Music / Avrupa Müzik,1,10,16,1180899,TR,Turkey,Q1,2022
10,spotify:track:1vLkBVAy8ZWrqcQjYTPP3a,Evdeki Saat,Uzunlar - V1,AVRUPA MÜZİK YAPIM,10,11,86,1148868,TR,Turkey,Q1,2022
11,spotify:track:5L9oweGjkwBg0Mt9ZU9OhW,BEGE,GECELERİN DERDİ,BEGE,4,13,40,1075287,TR,Turkey,Q1,2022
12,spotify:track:1ji6PoTBfVXqycvsXdgZgp,cakal,Mahvettim,NinetyFive,1,9,10,1045281,TR,Turkey,Q1,2022
13,spotify:track:72t3CRd8YEFrlc3x0OVaob,UZI,Umrumda Değil,M.O.B. Entertainment,2,14,43,1039489,TR,Turkey,Q1,2022
14,spotify:track:7JFlVFtzAQQKXcgYRRhoKA,"Lvbel C5, Batuflex",ralli,EMI - Kent Elektronik Sanayi ve Ticaret A.S.,1,12,27,1024465,TR,Turkey,Q1,2022
15,spotify:track:58HvfVOeJY7lUuCqF0m3ly,Elley Duhé,MIDDLE OF THE NIGHT,Not Fit For Society/RCA Records,15,15,9,996115,TR,Turkey,Q1,2022
16,spotify:track:4Sng3wnol2Gb2yXgFdr9lj,"Dolu Kadehi Ters Tut, Sedef Sebüktekin",Gitme,Dolu Kadehi Ters Tut,16,19,146,972105,TR,Turkey,Q1,2022
17,spotify:track:3P0WmQXWzV3yqFyfgVolrT,Batuflex,Dalga,Batuflex,1,16,17,968766,TR,Turkey,Q1,2022
18,spotify:track:3b8UW227uLkRDvd0w9e1Sw,Yüzyüzeyken Konuşuruz,Sen Varsın Diye,SONY MUSIC TURKEY,4,20,28,929718,TR,Turkey,Q1,2022
19,spotify:track:0XNX9BCSWvEwsdBwUTRhMh,Emir Can İğrek,Kor,Hypers,6,21,14,920355,TR,Turkey,Q1,2022
20,spotify:track:6wbDn8NI3ygkOeDJiS0ASi,Sefo,Bilmem Mi?,3TR6AP2,1,18,27,884451,TR,Turkey,Q1,2022
21,spotify:track:5rCYZ1IltI5gJ9LbxEiQDk,"Burak Bulut, Ebru Yaşar, Kurtuluş Kuş",İçime Ata Ata,Mahzen Media,7,17,5,882924,TR,Turkey,Q1,2022
22,spotify:track:2VnefbnGEWUiCLXHKOtE6x,Mavi Gri,Altüst Olmuşum,Mavi Gri,21,24,29,860483,TR,Turkey,Q1,2022
23,spotify:track:3HEfzQob3O16TIDMPC8PTx,"Güneş, UZI",Dua,M.O.B. Entertainment,3,22,57,846202,TR,Turkey,Q1,2022
24,spotify:track:5kpkEb0M49YM516trGUSWS,Rei 6,Ah Canım Sevgilim - Demo,Rei 6 under exclusive license to Amuseio AB,24,26,25,818771,TR,Turkey,Q1,2022
25,spotify:track:7C4azcFK7GaKT75dhHYgVM,"Taylan Kaya, Vave, ETC Production",Sensizlik Yarim,ETC Production,25,25,5,783340,TR,Turkey,Q1,2022
26,spotify:track:0Dq0YIwYRQ75rvrao5OwKn,cakal,Lütfen,NinetyFive,3,23,27,769091,TR,Turkey,Q1,2022
27,spotify:track:11PO9iu6PtpgL1JK4QNUEJ,Yüzyüzeyken Konuşuruz,Dinle Beni Bi',SONY MUSIC TURKEY,19,28,203,767124,TR,Turkey,Q1,2022
28,spotify:track:5pbFyTdwtJVmZB5LXmccX4,Duman,Dibine Kadar,SONY MUSIC TURKEY,15,27,13,766571,TR,Turkey,Q1,2022
29,spotify:track:7iPURFHXYLPT7vb5p3wLiz,"Ege Balkiz, Burry Soprano",Affet Beni Sevgilim,SolidTunes,7,29,22,752239,TR,Turkey,Q1,2022
30,spotify:track:72ZFkAcPQ9NEnpu9TO0xcR,Ajda Pekkan,Bi' Tık - Sunrise Version,Ozinga,30,74,5,748545,TR,Turkey,Q1,2022
31,spotify:track:2WvQPmUV1dFdm21C2ryqfo,"Mustafa Ceceli, Nigar Muharrem",Salıncak,DMC & Mahzen Media,31,-1,1,738711,TR,Turkey,Q1,2022
32,spotify:track:5jvhTc0g18kwYQNUJM5C4e,UZI,Makina,M.O.B. Entertainment,2,33,59,736372,TR,Turkey,Q1,2022
33,spotify:track:1r9xUipOqoNwggBpENDsvJ,"Imagine Dragons, JID, Arcane, League of Legends",Enemy (with JID) - from the series Arcane League of Legends,KIDinaKORNER/Interscope Records,33,34,10,696954,TR,Turkey,Q1,2022
34,spotify:track:1xEpgyKx4ZHtefFAh0SmU5,EDIS,Martılar,EDS Company,1,31,42,692257,TR,Turkey,Q1,2022
35,spotify:track:16wVY2lWuqBjjPrpTa6KSN,Mavi Gri,Dünyanın En Güzel Kızı,Mavi Gri,35,37,4,691583,TR,Turkey,Q1,2022
36,spotify:track:5jDtKz2JrYTvvU6b130S7g,Oğuzhan Koç,Aşkın Mevsimi,Hypers,24,36,6,686042,TR,Turkey,Q1,2022
37,spotify:track:0GwSSml9L21vNI7VGLz1ae,"Motive, Murda",Ömrüm,Ava Music / Avrupa Müzik,10,55,19,681006,TR,Turkey,Q1,2022
38,spotify:track:7jtQIBanIiJOMS6RyCx6jZ,Tom Odell,Another Love,ITNO/Columbia,36,42,39,680053,TR,Turkey,Q1,2022
39,spotify:track:5QfhqYAS8wmNnvFuOgLNRs,Cem Karaca,Bu Son Olsun,YAVUZ BURÇ PLAKÇILIK,31,39,36,676044,TR,Turkey,Q1,2022
40,spotify:track:3HEv9gY3n9Fj2H5E2IoOKF,cakal,Riv Riv Riv,DOĞAN MÜZİK YAPIM,31,41,20,668639,TR,Turkey,Q1,2022
41,spotify:track:4fouWK6XVHhzl78KzQ1UjL,GAYLE,abcdefu,Atlantic/Arthouse Records,32,32,6,659454,TR,Turkey,Q1,2022
42,spotify:track:1riBwVUqVsk5RGJ9iLN8cG,Ezhel,Bul Beni,StageArt Europe,1,30,28,659072,TR,Turkey,Q1,2022
43,spotify:track:7gI0722sWUhVpI0xOpejmZ,Emir Can İğrek,Beyaz Skandalım,Hypers,16,35,32,648785,TR,Turkey,Q1,2022
44,spotify:track:53QUjrQ8BygCTBXfIs1Beu,İkilem,Bu Saatten Sonra,AVRUPA MÜZİK YAPIM,44,53,5,642032,TR,Turkey,Q1,2022
45,spotify:track:77pFHFviVrb2iOP2gMFDNf,Kargo,Yıldızların Altında,AVRUPA MÜZİK YAPIM,41,44,34,637095,TR,Turkey,Q1,2022
46,spotify:track:2AwLtOEK3qqZlYTPdBFhke,Lvbel C5,Aynen Öyle,EMI - Kent Elektronik Sanayi ve Ticaret A.S.,22,38,28,633001,TR,Turkey,Q1,2022
47,spotify:track:1qv3dJD70eC9mnIZnofWwP,Reynmen,Pare,Houze Istanbul,8,46,9,620018,TR,Turkey,Q1,2022
48,spotify:track:5hYb9RIvqvk8J6mjMNL4pc,Seksendört,Kendime Yalan Söyledim,Poll Production,46,49,92,619437,TR,Turkey,Q1,2022
49,spotify:track:7dxlHPdMeGZQDX70TK0jB5,Melek Mosso,Hayatım Kaymış,Piu Sound,18,43,22,618404,TR,Turkey,Q1,2022
50,spotify:track:3Obq1XTegJy7ISrAA9VjQk,"Sefo, Reynmen",Bonita,Houze Istanbul,5,40,29,596624,TR,Turkey,Q1,2022
1,spotify:track:72jYQj3RgTR1DFLfibD71B,UZI,ARASAN DA,Ava Music / Avrupa Müzik,1,1,3,4612823,TR,Turkey,Q2,2022
2,spotify:track:4qcngMZ8yF98sAnFKlvXPN,Lvbel C5,GELMEZSEN GELME,EMI - Kent Elektronik Sanayi ve Ticaret A.S.,2,2,3,2483017,TR,Turkey,Q2,2022
3,spotify:track:72EjrX3xp4Ea2nhQRY6LMI,"Reckol, BEGE",Feragât,Perros Blancos & DMC,3,-1,1,2332725,TR,Turkey,Q2,2022
4,spotify:track:26uWcQnnhCXzkjM7OqVFlj,Canbay & Wolker,Leylim Yar,"Canbay & Wolker, Under Exclusive Licence to ONErpm",3,3,4,2181200,TR,Turkey,Q2,2022
5,spotify:track:6gxLEbRJlorva6uVRW4gof,UZI,PAPARAZZI,Ava Music / Avrupa Müzik,1,4,20,2016033,TR,Turkey,Q2,2022
6,spotify:track:1IquNFg2RRH1CLRAHNVgQ9,Kalben,Yara,GARAJ,6,7,7,1664924,TR,Turkey,Q2,2022
7,spotify:track:6zUeLNZHEzENd8ts4V9yj2,"Lvbel C5, Batuflex",GÖNDER GELSİN,EMI - Kent Elektronik Sanayi ve Ticaret A.S.,3,5,3,1513567,TR,Turkey,Q2,2022
8,spotify:track:7zxHknEJ9gfaL8Ln6UqYUX,"Montiego, Lvbel C5, Batuflex",Yallah,Lais Records,1,6,9,1326313,TR,Turkey,Q2,2022
9,spotify:track:6TQj22qKkIAd9cuBiFlvKf,"Reckol, cakal",Benimle Gel,Perros Blancos & Reckol Music,4,9,8,1270637,TR,Turkey,Q2,2022
10,spotify:track:3lSuzS3jEkys1ZXw4tAcRR,Sefo,Affettim,3TR6AP2,1,8,12,1269301,TR,Turkey,Q2,2022
11,spotify:track:7jQri0CCEkeOGt7fedmmsu,"Ati242, Organize",FESTİVAL,PMC,11,-1,1,1184379,TR,Turkey,Q2,2022
12,spotify:track:4O9hcXs1ohtbw4xnMU8wfo,Can Koç,Gökyüzünü Tutamam,Fono Müzik Üretim,12,21,3,1158841,TR,Turkey,Q2,2022
13,spotify:track:6GDpxEOvaXS0nbqSrFtDAQ,Lvbel C5,10 NUMARA,EMI - Kent Elektronik Sanayi ve Ticaret A.S.,1,11,25,1136334,TR,Turkey,Q2,2022
14,spotify:track:5SFBaOi2ELB2P5tFzmcD73,Diyar Pala,Anla,Diyar Pala,13,13,6,1113894,TR,Turkey,Q2,2022
15,spotify:track:2MvIexkUblP1QdpBzKot3N,UZI,CINDY,Ava Music / Avrupa Müzik,1,10,28,1098389,TR,Turkey,Q2,2022
16,spotify:track:10n66m41IGjA2ZulKPK7Ew,Madrigal,Seni Dert Etmeler,AVRUPA MÜZİK YAPIM,1,12,104,1083455,TR,Turkey,Q2,2022
17,spotify:track:5kpkEb0M49YM516trGUSWS,Rei 6,Ah Canım Sevgilim - Demo,Rei 6 under exclusive license to Amuseio AB,7,14,37,1047184,TR,Turkey,Q2,2022
18,spotify:track:4LRPiXqCikLlN15c3yImP7,Harry Styles,As It Was,Columbia,18,-1,1,1014560,TR,Turkey,Q2,2022
19,spotify:track:72t3CRd8YEFrlc3x0OVaob,UZI,Umrumda Değil,M.O.B. Entertainment,2,17,55,999009,TR,Turkey,Q2,2022
20,spotify:track:4Sng3wnol2Gb2yXgFdr9lj,"Dolu Kadehi Ters Tut, Sedef Sebüktekin",Gitme,Dolu Kadehi Ters Tut,13,20,158,973626,TR,Turkey,Q2,2022
21,spotify:track:2pTwhAbZHkM1CyDYe1k8hl,Berk Baysal,Yaralarını Ben Sarayım,Bragi Productions,19,23,6,972982,TR,Turkey,Q2,2022
22,spotify:track:7dvt5DT77W7neWuCfCUOYV,Derya Uluğ,Sana Çıkıyor Yollar - Kaderimin Oyunu Orijinal Dizi Müziği,NGM MEDYA,17,19,9,944315,TR,Turkey,Q2,2022
23,spotify:track:0HbKbkAMK7Wnps5vpZW4j2,"No.1, Melek Mosso",Yarım Kalan Sigara,talentino*,22,22,16,938974,TR,Turkey,Q2,2022
24,spotify:track:5Qf8dlJ2zZTfztx7o7kbDN,Semicenk,Düşer Aklıma,Eva Records TR,8,16,12,924676,TR,Turkey,Q2,2022
25,spotify:track:6g6MHm9u0h2Em9Xuk89eqR,EDIS,Arıyorum,EDS Company,3,15,29,902374,TR,Turkey,Q2,2022
26,spotify:track:2w5SV2BYwU4FVKBkFYlCU2,Dolu Kadehi Ters Tut,Hiç İyi Değilim,SMF Muzik Yapim Anonim Sirketi,18,45,4,890283,TR,Turkey,Q2,2022
27,spotify:track:58HvfVOeJY7lUuCqF0m3ly,Elley Duhé,MIDDLE OF THE NIGHT,Not Fit For Society/RCA Records,15,25,21,860557,TR,Turkey,Q2,2022
28,spotify:track:1vLkBVAy8ZWrqcQjYTPP3a,Evdeki Saat,Uzunlar - V1,AVRUPA MÜZİK YAPIM,10,24,98,845156,TR,Turkey,Q2,2022
29,spotify:track:6Y7B1Jyw9RJJtCTbGnw6zJ,Organize,Gözler Yalan Söylemez,Mundo Music,12,26,6,815938,TR,Turkey,Q2,2022
30,spotify:track:5S0Q8i6RTwekXnE2WU3vQi,Güneş,Suçlarımdan Biri,M.O.B. Entertainment,30,44,2,810729,TR,Turkey,Q2,2022
31,spotify:track:7JFlVFtzAQQKXcgYRRhoKA,"Lvbel C5, Batuflex",ralli,EMI - Kent Elektronik Sanayi ve Ticaret A.S.,1,29,39,800829,TR,Turkey,Q2,2022
32,spotify:track:1ji6PoTBfVXqycvsXdgZgp,cakal,Mahvettim,NinetyFive,1,28,22,794316,TR,Turkey,Q2,2022
33,spotify:track:3HEv9gY3n9Fj2H5E2IoOKF,cakal,Riv Riv Riv,DOĞAN MÜZİK YAPIM,28,35,32,787334,TR,Turkey,Q2,2022
34,spotify:track:7jtQIBanIiJOMS6RyCx6jZ,Tom Odell,Another Love,ITNO/Columbia,34,43,51,780193,TR,Turkey,Q2,2022
35,spotify:track:4eDT9NP6B0OJnd5nKuBseL,Ayaz Erdoğan,Hep Mi Ben,DOĞAN MÜZİK YAPIM,35,75,2,779233,TR,Turkey,Q2,2022
36,spotify:track:3HEfzQob3O16TIDMPC8PTx,"Güneş, UZI",Dua,M.O.B. Entertainment,3,32,69,772649,TR,Turkey,Q2,2022
37,spotify:track:34WZIBQM7PusIDr5LtVpav,cakal,ANTRIKOT,NinetyFive,4,31,12,771606,TR,Turkey,Q2,2022
38,spotify:track:0MH7sKCOu2bk8RSbC6GAP7,Ezhel,Ağlattın,StageArt Europe,1,27,8,748630,TR,Turkey,Q2,2022
39,spotify:track:0Dq0YIwYRQ75rvrao5OwKn,cakal,Lütfen,NinetyFive,3,39,39,747844,TR,Turkey,Q2,2022
40,spotify:track:7HgEjJCh0hQ0GO7PjQvEF3,"Artz, Bugy, Ezhel",Hayrola,Koal Arts GmbH,4,36,24,742339,TR,Turkey,Q2,2022
41,spotify:track:0ni7a9ONGdNoUvDvSCgLoJ,Ozbi,Geceyi Anlatmış,AVRUPA MÜZİK YAPIM,36,37,24,741829,TR,Turkey,Q2,2022
42,spotify:track:5NPg92vbjaGk4q9mh7MMEM,"Cem Adrian, Mark Eliyahu",Kül,SONY MUSIC TURKEY,2,34,50,736142,TR,Turkey,Q2,2022
43,spotify:track:0nudrF7WUr6R5OEVffxuky,Bergen,Sen Affetsen,Yaşar Kekeva Plakçilik,1,18,7,726070,TR,Turkey,Q2,2022
44,spotify:track:0XNX9BCSWvEwsdBwUTRhMh,Emir Can İğrek,Kor,Hypers,6,40,26,722049,TR,Turkey,Q2,2022
45,spotify:track:4tJa4Vbru9vnEj1IV9aaX1,Sezer Sarıgöz,Ne Ay Geceden,Sezer Sarıgöz Production,30,33,10,721455,TR,Turkey,Q2,2022
46,spotify:track:11PO9iu6PtpgL1JK4QNUEJ,Yüzyüzeyken Konuşuruz,Dinle Beni Bi',SONY MUSIC TURKEY,19,50,215,710944,TR,Turkey,Q2,2022
47,spotify:track:7toL7Re9rApzIuIFDaLQSe,"KÖFN, Salman Tin, BKE",Bi' Tek Ben Anlarım,Hypers,47,111,3,707055,TR,Turkey,Q2,2022
48,spotify:track:3P0WmQXWzV3yqFyfgVolrT,Batuflex,Dalga,Batuflex,1,47,29,695031,TR,Turkey,Q2,2022
49,spotify:track:6wbDn8NI3ygkOeDJiS0ASi,Sefo,Bilmem Mi?,3TR6AP2,1,41,39,694444,TR,Turkey,Q2,2022
50,spotify:track:5LbGC2dXsjgkYc1KBnYEF8,Ben Fero,FERHAT YILMAZ,Ferhat Yilmaz,3,38,23,683711,TR,Turkey,Q2,2022
1,spotify:track:5UueGx6aALmUslrPdWOB9K,"BEGE, Yung Ouzo",2T1BB,BEGE,1,1,2,3543352,TR,Turkey,Q3,2022
2,spotify:track:65tIJClJx8fHo6YW4wVDhi,Güneş,Suçlarımdan Biri,M.O.B. Entertainment,1,2,15,3337272,TR,Turkey,Q3,2022
3,spotify:track:7toL7Re9rApzIuIFDaLQSe,"KÖFN, Salman Tin, BKE",Bi' Tek Ben Anlarım,Hypers,3,3,16,3029502,TR,Turkey,Q3,2022
4,spotify:track:3iz0BamLeB8AngNYpjbC6E,"Sefo, CAPO",ISABELLE,3TR6AP2,4,14,4,2631390,TR,Turkey,Q3,2022
5,spotify:track:33eHMRTXayncWkfj72BI3U,Sefo,Tutsak,3TR6AP2,2,5,10,2577804,TR,Turkey,Q3,2022
6,spotify:track:0SCtkG26IEKCKxJ7UmWZWa,cakal,İmdat,NinetyFive,1,4,12,2490474,TR,Turkey,Q3,2022
7,spotify:track:5h1Zdr8ghV5RaWjtdfVo8w,"MERO, Murda",Konum Gizli (feat. Murda),Pentagon Records Plus,7,7,8,2224924,TR,Turkey,Q3,2022
8,spotify:track:72jYQj3RgTR1DFLfibD71B,UZI,ARASAN DA,Ava Music / Avrupa Müzik,1,6,16,2093346,TR,Turkey,Q3,2022
9,spotify:track:62nygHWpn3wLwnZmJ8keVs,Velet,Aşk Sadece Anlayana,Müzik Bankası,2,8,8,1982381,TR,Turkey,Q3,2022
10,spotify:track:0szRcHR9IsUO2Xj8uAKPM6,Pinhani,Bilir O Beni,BEĞENİ MÜZİK YAPIM,10,24,19,1876481,TR,Turkey,Q3,2022
11,spotify:track:11AkXmBdjwu4upt22GjJrG,Berkay Altunyay,Olmazlara İnat,SONY MUSIC TURKEY,6,9,9,1876297,TR,Turkey,Q3,2022
12,spotify:track:6qrAFnjBZfEd4jbCaKpf5w,Mabel Matiz,Karakol,Pose Records,12,-1,1,1835871,TR,Turkey,Q3,2022
13,spotify:track:4O9hcXs1ohtbw4xnMU8wfo,Can Koç,Gökyüzünü Tutamam,Fono Müzik Üretim,6,11,16,1675258,TR,Turkey,Q3,2022
14,spotify:track:2FRX5tqHnjJKIAAmgRbsvJ,cakal,Mingoflalar,NinetyFive,14,-1,1,1668287,TR,Turkey,Q3,2022
15,spotify:track:0YypAwSTM49KfC5bgHKgZ6,Batuflex,İllegale,Batuflex,10,10,2,1643947,TR,Turkey,Q3,2022
16,spotify:track:6gxLEbRJlorva6uVRW4gof,UZI,PAPARAZZI,Ava Music / Avrupa Müzik,1,12,33,1538282,TR,Turkey,Q3,2022
17,spotify:track:0UguFn9xs4WQshHabcxUxH,"Semicenk, Funda Arar",Al Sevgilim,Eva Records TR,3,16,13,1449242,TR,Turkey,Q3,2022
18,spotify:track:5EcpTIo0rUWuTShfOUJEqb,Okan & Volkan,Halden Anlamaz,Eva Records TR,14,17,5,1449176,TR,Turkey,Q3,2022
19,spotify:track:4qcngMZ8yF98sAnFKlvXPN,Lvbel C5,GELMEZSEN GELME,EMI - Kent Elektronik Sanayi ve Ticaret A.S.,2,15,16,1432344,TR,Turkey,Q3,2022
20,spotify:track:7lkqbdBKrsyNNq3xi0LeaY,Güneş,NKBİ,M.O.B. Entertainment,20,20,5,1429365,TR,Turkey,Q3,2022
21,spotify:track:7z5rmdisSV8GmWCnrOd1HU,Sena Şener,Porselen Kalbim,PASAJ,13,13,12,1423352,TR,Turkey,Q3,2022
22,spotify:track:0zryFWOTwY1BDcED6t27Sl,"cakal, Arem Ozguc, Arman Aydin",Dünya Fani,DOĞAN MÜZİK YAPIM,15,18,3,1328281,TR,Turkey,Q3,2022
23,spotify:track:3lSuzS3jEkys1ZXw4tAcRR,Sefo,Affettim,3TR6AP2,1,22,25,1327340,TR,Turkey,Q3,2022
24,spotify:track:2hDRKm3BqOsEHaWIBm4u01,"Murda, Hadise",Imdat (feat. Hadise),Urban,24,-1,1,1293962,TR,Turkey,Q3,2022
25,spotify:track:47zsnWIPoPSjJhZoKp5h21,"UZI, Montiego",PARA,KCO MUSIC,4,23,9,1265849,TR,Turkey,Q3,2022
26,spotify:track:3Z14anmq3j3aKSVd81sCQz,Lvbel C5,200 MİLYAR,EMI - Kent Elektronik Sanayi ve Ticaret A.S.,10,19,4,1235914,TR,Turkey,Q3,2022
27,spotify:track:3prFQhGuWBWLGHsQstEdkb,"Sefo, Revart",yarım kalır,3TR6AP2,6,21,13,1159170,TR,Turkey,Q3,2022
28,spotify:track:0HbKbkAMK7Wnps5vpZW4j2,"No.1, Melek Mosso",Yarım Kalan Sigara,talentino*,16,26,29,1140236,TR,Turkey,Q3,2022
29,spotify:track:10n66m41IGjA2ZulKPK7Ew,Madrigal,Seni Dert Etmeler,AVRUPA MÜZİK YAPIM,1,27,117,1110029,TR,Turkey,Q3,2022
30,spotify:track:7jtQIBanIiJOMS6RyCx6jZ,Tom Odell,Another Love,ITNO/Columbia,16,32,64,1075830,TR,Turkey,Q3,2022
31,spotify:track:5kpkEb0M49YM516trGUSWS,Rei 6,Ah Canım Sevgilim - Demo,Rei 6 under exclusive license to Amuseio AB,7,25,50,1062202,TR,Turkey,Q3,2022
32,spotify:track:2RehF0hYbLDGxLTvjL0Xy6,Gökhan Türkmen,Mahşer,GTR Müzik,11,28,13,1024460,TR,Turkey,Q3,2022
33,spotify:track:26uWcQnnhCXzkjM7OqVFlj,Canbay & Wolker,Leylim Yar,"Canbay & Wolker, Under Exclusive Licence to ONErpm",3,31,17,1023393,TR,Turkey,Q3,2022
34,spotify:track:3MlvEOpAgoyTx3wIx3Qdbl,"Heijan, Muti",Birader,"TFB Records, Under Exclusive Licence to ONErpm",10,35,14,1001743,TR,Turkey,Q3,2022
35,spotify:track:5zALCdtPOOz1SX7uHwp6En,Kubilay Karça,Seni Kırmışlar,Wovie,29,29,6,977888,TR,Turkey,Q3,2022
36,spotify:track:23KCKQJ6FqCEW6bCi5J6bT,Derya Uluğ,Hadi Çal,Ozinga,36,41,11,962621,TR,Turkey,Q3,2022
37,spotify:track:4eDT9NP6B0OJnd5nKuBseL,Ayaz Erdoğan,Hep Mi Ben,DOĞAN MÜZİK YAPIM,18,33,15,962486,TR,Turkey,Q3,2022
38,spotify:track:1IquNFg2RRH1CLRAHNVgQ9,Kalben,Yara,GARAJ,5,34,20,927725,TR,Turkey,Q3,2022
39,spotify:track:6TQj22qKkIAd9cuBiFlvKf,"Reckol, cakal",Benimle Gel,Perros Blancos & Reckol Music,4,36,21,917438,TR,Turkey,Q3,2022
40,spotify:track:5mCfj3EpRzSSjm5Y5IMzzz,Sakiler,Canıma Minnet,Ozinga,9,39,11,910946,TR,Turkey,Q3,2022
41,spotify:track:1u61m2yf7AaeGjASOpOOqR,Ezhel,Daima,StageArt Europe,13,38,10,904140,TR,Turkey,Q3,2022
42,spotify:track:6ALp9AUG6KFmya8JGmOxjt,"cakal, Gzuz",Gostoso,NinetyFive,5,30,8,884531,TR,Turkey,Q3,2022
43,spotify:track:4Sng3wnol2Gb2yXgFdr9lj,"Dolu Kadehi Ters Tut, Sedef Sebüktekin",Gitme,Dolu Kadehi Ters Tut,13,40,171,880506,TR,Turkey,Q3,2022
44,spotify:track:0RAhUWTiBlDeSSRMmL35Aq,"Burak Bulut, Kurtuluş Kuş, Mustafa Ceceli, İrem Derici",Rastgele,Mahzen Media,44,49,6,878848,TR,Turkey,Q3,2022
45,spotify:track:1vLkBVAy8ZWrqcQjYTPP3a,Evdeki Saat,Uzunlar - V1,AVRUPA MÜZİK YAPIM,10,44,111,878296,TR,Turkey,Q3,2022
46,spotify:track:2FuWptjK1pc0rkVpF5O0CG,GOKO!,EVA & MIA,EMI - Kent Elektronik Sanayi ve Ticaret A.S.,8,43,14,859472,TR,Turkey,Q3,2022
47,spotify:track:5Qf8dlJ2zZTfztx7o7kbDN,Semicenk,Düşer Aklıma,Eva Records TR,8,42,25,849155,TR,Turkey,Q3,2022
48,spotify:track:17zIQr0R5oOWf4XHcRPDL7,Organize,Film,Mundo Music,48,-1,1,837822,TR,Turkey,Q3,2022
49,spotify:track:3Obq1XTegJy7ISrAA9VjQk,"Sefo, Reynmen",Bonita,Houze Istanbul,5,69,54,831269,TR,Turkey,Q3,2022
50,spotify:track:2MvIexkUblP1QdpBzKot3N,UZI,CINDY,Ava Music / Avrupa Müzik,1,46,41,826953,TR,Turkey,Q3,2022
1,spotify:track:5ATwkalJ9FnLp7Zcvxo1rl,"Dedublüman, Mavzer Tabancas",Belki,AVRUPA MÜZİK YAPIM,1,1,4,4398559,TR,Turkey,Q4,2022
2,spotify:track:5flH7FY4ledAQboO5a0XQ5,"UZI, Mavi",SENIN UGRUNA,Ava Music / Avrupa Müzik,2,2,5,4261357,TR,Turkey,Q4,2022
3,spotify:track:7toL7Re9rApzIuIFDaLQSe,"KÖFN, Salman Tin, BKE",Bi' Tek Ben Anlarım,Hypers,1,3,30,3060257,TR,Turkey,Q4,2022
4,spotify:track:5nH1QRipfAJ8Pd9rFu3xHh,Dedublüman,Belki - Akustik,AVRUPA MÜZİK YAPIM,4,4,4,2756652,TR,Turkey,Q4,2022
5,spotify:track:2SwQShWjZsxoGviEyaEMOX,Ezhel,Nerdesin,StageArt Europe,1,5,12,2385797,TR,Turkey,Q4,2022
6,spotify:track:2Pe8d9oClBgLkkz2N35AiN,Semicenk,Unutmak Öyle Kolay Mı Sandın,EVA RECORDS,6,6,7,2300248,TR,Turkey,Q4,2022
7,spotify:track:7E3YAVF3A7Shm7w2p3Np1Z,"Şanışer, Ayda",Aşk Şarkısı - Live,Collabel,7,8,6,2140333,TR,Turkey,Q4,2022
8,spotify:track:4o4kbDP7DMVFPwAf5D5bj9,Simge,Aşkın Olayım,DOĞAN MÜZİK YAPIM,5,7,49,2123280,TR,Turkey,Q4,2022
9,spotify:track:65tIJClJx8fHo6YW4wVDhi,Güneş,Suçlarımdan Biri,M.O.B. Entertainment,1,11,29,1965639,TR,Turkey,Q4,2022
10,spotify:track:3CbxLHTkPClIGBzRDf3JGK,UZI,XXL,Ava Music / Avrupa Müzik,1,9,5,1933815,TR,Turkey,Q4,2022
11,spotify:track:3zyGddnNteFhuj1fKMg4sZ,Lil Zey,OnlyFans,Atlantic Records Germany,11,39,2,1865653,TR,Turkey,Q4,2022
12,spotify:track:38QSynLcDBfbETORhSsssH,ATE,Diğer Yarım,ATE,1,12,14,1816517,TR,Turkey,Q4,2022
13,spotify:track:18Ies0Fsw2IwDuLoOhDlyy,Zeynep Bastık,Ara,Polydor,2,10,11,1816093,TR,Turkey,Q4,2022
14,spotify:track:4O9hcXs1ohtbw4xnMU8wfo,Can Koç,Gökyüzünü Tutamam,Fono Müzik Üretim,6,14,30,1798275,TR,Turkey,Q4,2022
15,spotify:track:1qFiddLkQ7saFavoVIBpsF,Emir Can İğrek,Beyoğlu,Hypers,15,-1,1,1700935,TR,Turkey,Q4,2022
16,spotify:track:7dFVvPxqk4O32ra3VjfUwU,UZI,UNUTTUM,Ava Music / Avrupa Müzik,4,13,5,1688981,TR,Turkey,Q4,2022
17,spotify:track:7Hfb93mB78H7HnZobmjtzt,"Sefo, Jako",kördüğüm,SONY MUSIC TURKEY,8,15,8,1676775,TR,Turkey,Q4,2022
18,spotify:track:4NeOAItkkLHPOw35eDdGQo,"Eftalya Yağcı, Lvbel C5",Sevmiş Gibi,Lais Records,4,16,9,1606269,TR,Turkey,Q4,2022
19,spotify:track:13THdxqHT11aSk3G8nUDzZ,Mavi Gri,Altüst Olmuşum,Mavi Gri,19,19,68,1590647,TR,Turkey,Q4,2022
20,spotify:track:55Tf67DiltMLjOY6A25s3J,"ALIZADE, BEGE",Kalbin bana kaldı,New Wave,10,17,11,1575699,TR,Turkey,Q4,2022
21,spotify:track:0XNX9BCSWvEwsdBwUTRhMh,Emir Can İğrek,Kor,Hypers,6,20,53,1468494,TR,Turkey,Q4,2022
22,spotify:track:1x3Ow6I8AbWQyWHXFm5HzP,ALIZADE,ANORMAL,New Wave,22,23,7,1450362,TR,Turkey,Q4,2022
23,spotify:track:10n66m41IGjA2ZulKPK7Ew,Madrigal,Seni Dert Etmeler,AVRUPA MÜZİK YAPIM,1,21,131,1427559,TR,Turkey,Q4,2022
24,spotify:track:7jtQIBanIiJOMS6RyCx6jZ,Tom Odell,Another Love,ITNO/Columbia,16,26,78,1375488,TR,Turkey,Q4,2022
25,spotify:track:0r6tglSiN3TZTyRMvMCR5B,Madrigal,Dip,Madrigal,11,22,45,1365286,TR,Turkey,Q4,2022
26,spotify:track:11AkXmBdjwu4upt22GjJrG,Berkay Altunyay,Olmazlara İnat,SONY MUSIC TURKEY,6,24,23,1350967,TR,Turkey,Q4,2022
27,spotify:track:3fznN0fNZAuTSu8f0vDO7E,Lvbel C5,MOVIE,EMI - Kent Elektronik Sanayi ve Ticaret A.S.,9,18,3,1286316,TR,Turkey,Q4,2022
28,spotify:track:5sIHhx9IOpQ7ggv16wLsWZ,UZI,ARASAN DA,Ava Music / Avrupa Müzik,1,28,30,1257786,TR,Turkey,Q4,2022
29,spotify:track:2FRX5tqHnjJKIAAmgRbsvJ,cakal,Mingoflalar,NinetyFive,6,27,15,1239673,TR,Turkey,Q4,2022
30,spotify:track:7jnN5sT8rk6PIvBZRWYdJj,Semicenk,Herkes Gibisin,Eva Records TR,27,30,23,1237299,TR,Turkey,Q4,2022
31,spotify:track:0szRcHR9IsUO2Xj8uAKPM6,Pinhani,Bilir O Beni,BEĞENİ MÜZİK YAPIM,9,29,33,1212261,TR,Turkey,Q4,2022
32,spotify:track:3iz0BamLeB8AngNYpjbC6E,"Sefo, CAPO",ISABELLE,3TR6AP2,4,25,18,1176368,TR,Turkey,Q4,2022
33,spotify:track:5UV2oqgMXvlkOvvtK3aT7f,mor ve ötesi,Bir Derdim Var,RAKUN MÜZİK FİLM,29,33,298,1108489,TR,Turkey,Q4,2022
34,spotify:track:5h1Zdr8ghV5RaWjtdfVo8w,"MERO, Murda",Konum Gizli (feat. Murda),Pentagon Records Plus,6,32,22,1075489,TR,Turkey,Q4,2022
35,spotify:track:36S6sHnPZ0VBjD4uLbNXM7,Ati242,Inzaghi,SST,17,31,13,1072913,TR,Turkey,Q4,2022
36,spotify:track:0UguFn9xs4WQshHabcxUxH,"Semicenk, Funda Arar",Al Sevgilim,Eva Records TR,3,34,27,1062435,TR,Turkey,Q4,2022
37,spotify:track:4qcngMZ8yF98sAnFKlvXPN,Lvbel C5,GELMEZSEN GELME,EMI - Kent Elektronik Sanayi ve Ticaret A.S.,2,37,30,1041492,TR,Turkey,Q4,2022
38,spotify:track:3ABGx9FyeEdMCjDR5TyfdV,"Mavi Gri, Ahmet Hatipoğlu",Ölümle Yaşam Arasında,Mavi Gri,38,54,10,1023358,TR,Turkey,Q4,2022
39,spotify:track:62nygHWpn3wLwnZmJ8keVs,Velet,Aşk Sadece Anlayana,Müzik Bankası,2,36,22,1018422,TR,Turkey,Q4,2022
40,spotify:track:4PUniKS3Cywu23xjdtoji5,UZI,Outro,M.O.B. Entertainment,40,48,17,1001365,TR,Turkey,Q4,2022
41,spotify:track:3nqQXoyQOWXiESFLlDF1hG,"Sam Smith, Kim Petras",Unholy (feat. Kim Petras),Capitol Records UK / EMI,41,46,3,999971,TR,Turkey,Q4,2022
42,spotify:track:5UueGx6aALmUslrPdWOB9K,"BEGE, Yung Ouzo",2T1BB,BEGE,1,35,16,996272,TR,Turkey,Q4,2022
43,spotify:track:5kpkEb0M49YM516trGUSWS,Rei 6,Ah Canım Sevgilim - Demo,Rei 6 under exclusive license to Amuseio AB,7,40,64,986874,TR,Turkey,Q4,2022
44,spotify:track:7lkqbdBKrsyNNq3xi0LeaY,Güneş,NKBİ,M.O.B. Entertainment,20,42,19,982020,TR,Turkey,Q4,2022
45,spotify:track:6glvSyTo1y4WLtX0mnDq83,"Dedublüman, Çağrı Çelik",Gamzedeyim Deva Bulmam,Dedublüman House,4,41,49,941067,TR,Turkey,Q4,2022
46,spotify:track:47zsnWIPoPSjJhZoKp5h21,"UZI, Montiego",PARA,KCO MUSIC,4,44,23,934234,TR,Turkey,Q4,2022
47,spotify:track:33eHMRTXayncWkfj72BI3U,Sefo,Tutsak,3TR6AP2,2,38,24,933149,TR,Turkey,Q4,2022
48,spotify:track:599TAkOSDn1CRTXziWACAX,"Summer Cem, Miksu / Macloud, UZI",FLEX SO HARD RMX,Banger Musik/WM Germany,48,-1,1,901132,TR,Turkey,Q4,2022
49,spotify:track:53QUjrQ8BygCTBXfIs1Beu,İkilem,Bu Saatten Sonra,AVRUPA MÜZİK YAPIM,34,49,44,899411,TR,Turkey,Q4,2022
50,spotify:track:2hDRKm3BqOsEHaWIBm4u01,"Murda, Hadise",Imdat (feat. Hadise),Urban,18,43,15,879166,TR,Turkey,Q4,2022
1,spotify:track:1nH2PkJL1XoUq8oE6tBZoU,The Weeknd,Sacrifice,XO / Republic Records,1,-1,1,8743544,US,United States,Q1,2022
2,spotify:track:52xJxFP6TqMuO4Yt0eOkMz,"Carolina Gaitán - La Gaita, Mauro Castillo, Adassa, Rhenzy Feliz, Diane Guerrero, Stephanie Beatriz, Encanto - Cast",We Don't Talk About Bruno,Walt Disney Records,1,1,3,8721760,US,United States,Q1,2022
3,spotify:track:3KyKxJ4P3pVCgaZwaq2rUC,The Weeknd,Gasoline,XO / Republic Records,3,-1,1,6843953,US,United States,Q1,2022
4,spotify:track:2SLwbpExuoBDZBpjfefCtV,The Weeknd,Out of Time,XO / Republic Records,4,-1,1,6705491,US,United States,Q1,2022
5,spotify:track:0mL82sxCRjrs3br407IdJh,The Weeknd,Is There Someone Else?,XO / Republic Records,5,-1,1,6683755,US,United States,Q1,2022
6,spotify:track:02MWAaffLxlfxAUY7c5dvx,Glass Animals,Heat Waves,Polydor Records,2,2,59,6378179,US,United States,Q1,2022
7,spotify:track:2Ghp894n1laIf2w98VeAOJ,The Weeknd,How Do I Make You Love Me?,XO / Republic Records,7,-1,1,6358973,US,United States,Q1,2022
8,spotify:track:5S9Zs5g9lTWnLIboN1pdlU,Lauren Spencer Smith,Fingers Crossed,"Three Name Productions, Inc./ Island Records & Republic Records",8,101,2,6161221,US,United States,Q1,2022
9,spotify:track:760jhRscwGbIIe1m1IIQpU,Jessica Darrow,Surface Pressure,Walt Disney Records,8,8,3,6060644,US,United States,Q1,2022
10,spotify:track:4A8cWXxKfIL3lAyUDzXbCF,Kodak Black,Super Gremlin,Atlantic/Sniper Gang,5,5,7,5981878,US,United States,Q1,2022
11,spotify:track:5Z9KJZvQzH6PFmb8SNkxuk,"Lil Nas X, Jack Harlow",INDUSTRY BABY (feat. Jack Harlow),Columbia,1,3,25,5696187,US,United States,Q1,2022
12,spotify:track:2vgUijXOTRMnWXDtvgMp2b,The Weeknd,Take My Breath,XO / Republic Records,12,-1,1,5573975,US,United States,Q1,2022
13,spotify:track:1NhjYYcYTRywc0di98xHxf,"The Weeknd, Tyler, The Creator","Here We Go… Again (feat. Tyler, the Creator)",XO / Republic Records,13,-1,1,5557676,US,United States,Q1,2022
14,spotify:track:5PjdY0CKGZdEuoNab3yDmX,"The Kid LAROI, Justin Bieber",STAY (with Justin Bieber),Columbia,1,4,27,5543430,US,United States,Q1,2022
15,spotify:track:2D4dV2KXDTszzJ3p3cFqhA,The Weeknd,Less Than Zero,XO / Republic Records,15,-1,1,5301868,US,United States,Q1,2022
16,spotify:track:4fouWK6XVHhzl78KzQ1UjL,GAYLE,abcdefu,Atlantic/Arthouse Records,6,6,9,5287618,US,United States,Q1,2022
17,spotify:track:1E5Xu8dur0fAjSP1VpVhAZ,The Weeknd,Best Friends,XO / Republic Records,17,-1,1,5163831,US,United States,Q1,2022
18,spotify:track:5XbA7TAqsD0fj0dGBrbb0D,"The Weeknd, Lil Wayne",I Heard You’re Married (feat. Lil Wayne),XO / Republic Records,18,-1,1,5048850,US,United States,Q1,2022
19,spotify:track:3LnpBazWpD31QMTn6LgVGv,"Gunna, Future, Young Thug",pushin P (feat. Young Thug),300 Entertainment,19,-1,1,5038930,US,United States,Q1,2022
20,spotify:track:6krYS8KtmNAYyb5uTZiYW4,The Weeknd,Dawn FM,XO / Republic Records,20,-1,1,5014641,US,United States,Q1,2022
21,spotify:track:46IZ0fSY2mpAiktS3KOqds,Adele,Easy On Me,Columbia,1,7,13,4870031,US,United States,Q1,2022
22,spotify:track:1r9xUipOqoNwggBpENDsvJ,"Imagine Dragons, JID, Arcane, League of Legends",Enemy (with JID) - from the series Arcane League of Legends,KIDinaKORNER/Interscope Records,9,9,11,4515349,US,United States,Q1,2022
23,spotify:track:6zzdyvVWjGrQBraSvuqJPY,The Weeknd,Starry Eyes,XO / Republic Records,23,-1,1,4499799,US,United States,Q1,2022
24,spotify:track:3XLbDUB5BX2WqL2qoAsvtb,"Gunna, 21 Savage",thought i was playing,300 Entertainment,24,-1,1,4413561,US,United States,Q1,2022
25,spotify:track:3Vi5XqYrmQgOYBajMWSvCi,Doja Cat,Need to Know,Kemosabe Records/RCA Records,4,12,31,4401250,US,United States,Q1,2022
26,spotify:track:2BcMwX1MPV6ZHP4tUT9uq6,"Drake, 21 Savage, Project Pat",Knife Talk (with 21 Savage ft. Project Pat),OVO,2,14,19,4206001,US,United States,Q1,2022
27,spotify:track:5dXWFMwD7I7zXsInONVl0H,SZA,I Hate U,Top Dawg Entertainment/RCA Records,1,16,6,3907885,US,United States,Q1,2022
28,spotify:track:4ZtFanR9U6ndgddUvNcjcG,Olivia Rodrigo,good 4 u,Olivia Rodrigo PS,1,10,35,3881339,US,United States,Q1,2022
29,spotify:track:7rglLriMNBPAyuJOMGwi39,"Elton John, Dua Lipa, PNAU",Cold Heart - PNAU Remix,EMI,15,15,21,3832177,US,United States,Q1,2022
30,spotify:track:3DarAbFujv6eYNliUTyqtz,"Doja Cat, SZA",Kiss Me More (feat. SZA),Kemosabe Records/RCA Records,1,11,40,3829684,US,United States,Q1,2022
31,spotify:track:3DZ8dbKg4OTSSqGARvecYd,"Lil Durk, Morgan Wallen",Broadway Girls (feat. Morgan Wallen),Alamo,7,13,4,3803892,US,United States,Q1,2022
32,spotify:track:6a4GH1gljLL7VvmO9u5O92,The Weeknd,Don’t Break My Heart,XO / Republic Records,32,-1,1,3796952,US,United States,Q1,2022
33,spotify:track:759ndr57jb0URg4j9YSWml,The Weeknd,A Tale By Quincy,XO / Republic Records,33,-1,1,3758290,US,United States,Q1,2022
34,spotify:track:4SqWKzw0CbA05TGszDgMlc,The Walters,I Love You So,Warner Records,24,24,14,3748552,US,United States,Q1,2022
35,spotify:track:37y7iDayfwm3WXn5BiAoRk,Steve Lacy,Dark Red,Three Quarter,22,22,23,3601503,US,United States,Q1,2022
36,spotify:track:4b1yxSdlumA8N4fEk4UOZp,"Stephanie Beatriz, Olga Merediz, Encanto - Cast",The Family Madrigal,Walt Disney Records,36,39,2,3547106,US,United States,Q1,2022
37,spotify:track:3vJcz8exedHCjQ9ed95NqU,The Weeknd,Every Angel is Terrifying,XO / Republic Records,37,-1,1,3514648,US,United States,Q1,2022
38,spotify:track:6Uj1ctrBOjOas8xZXGqKk4,Doja Cat,Woman,Kemosabe Records/RCA Records,12,17,29,3501300,US,United States,Q1,2022
39,spotify:track:3XoYqtiWHhsk59frZupImG,"Diane Guerrero, Stephanie Beatriz",What Else Can I Do?,Walt Disney Records,39,40,2,3434139,US,United States,Q1,2022
40,spotify:track:6f5ExP43esnvdKPddwKXJH,"NEIKED, Mae Muller, Polo G",Better Days (NEIKED x Mae Muller x Polo G),Capitol Records UK / EMI,6,19,13,3430774,US,United States,Q1,2022
41,spotify:track:50nfwKoDiSYg8zOCREWAm5,Ed Sheeran,Shivers,Atlantic Records UK,8,20,18,3401238,US,United States,Q1,2022
42,spotify:track:3QFInJAm9eyaho5vBzxInN,"Baby Keem, Kendrick Lamar",family ties (with Kendrick Lamar),Columbia,8,23,20,3328828,US,United States,Q1,2022
43,spotify:track:07MDkzWARZaLEdKxo6yArG,"THE ANXIETY, WILLOW, Tyler Cole",Meet Me At Our Spot,"MSFTSMusic / Roc Nation Records, LLC",10,25,21,3257644,US,United States,Q1,2022
44,spotify:track:0boodYr1uIpSVmGSP65Fmk,"Gunna, Lil Baby",25k jacket (feat. Lil Baby),300 Entertainment,44,-1,1,3234060,US,United States,Q1,2022
45,spotify:track:2ZGEjmwyeZ3rpEezkZwqOP,"Gunna, Young Thug",mop (feat. Young Thug),300 Entertainment,45,-1,1,3221639,US,United States,Q1,2022
46,spotify:track:2QjOHCTQ1Jl3zawyYOpxh6,The Neighbourhood,Sweater Weather,Columbia,19,26,73,3200512,US,United States,Q1,2022
47,spotify:track:00Blm7zeNqgYLPtW6zg8cj,"Post Malone, The Weeknd",One Right Now (with The Weeknd),Republic Records,1,29,10,3152937,US,United States,Q1,2022
48,spotify:track:7sMBvZCSUl99bJLXZaLa0b,"Bruno Mars, Anderson .Paak, Silk Sonic",Smokin Out The Window,Aftermath Entertainment/Atlantic,2,21,10,3125701,US,United States,Q1,2022
49,spotify:track:2iCDO8ePNuCvMiMFc0FQdA,Gunna,alotta cake,300 Entertainment,49,-1,1,3082586,US,United States,Q1,2022
50,spotify:track:5enxwA8aAbwZbf5qCHORXi,Taylor Swift,All Too Well (10 Minute Version) (Taylor's Version) (From The Vault),Taylor Swift,1,18,9,3062674,US,United States,Q1,2022
1,spotify:track:4LRPiXqCikLlN15c3yImP7,Harry Styles,As It Was,Columbia,1,-1,1,24686367,US,United States,Q2,2022
2,spotify:track:02MWAaffLxlfxAUY7c5dvx,Glass Animals,Heat Waves,Polydor Records,1,1,71,6228260,US,United States,Q2,2022
3,spotify:track:5PjdY0CKGZdEuoNab3yDmX,"The Kid LAROI, Justin Bieber",STAY (with Justin Bieber),Columbia,1,3,39,4442547,US,United States,Q2,2022
4,spotify:track:5Z9KJZvQzH6PFmb8SNkxuk,"Lil Nas X, Jack Harlow",INDUSTRY BABY (feat. Jack Harlow),Columbia,1,5,37,4394352,US,United States,Q2,2022
5,spotify:track:4ZtFanR9U6ndgddUvNcjcG,Olivia Rodrigo,good 4 u,Olivia Rodrigo PS,1,9,47,4361310,US,United States,Q2,2022
6,spotify:track:52xJxFP6TqMuO4Yt0eOkMz,"Carolina Gaitán - La Gaita, Mauro Castillo, Adassa, Rhenzy Feliz, Diane Guerrero, Stephanie Beatriz, Encanto - Cast",We Don't Talk About Bruno,Walt Disney Records,1,2,15,4252912,US,United States,Q2,2022
7,spotify:track:1HvTxgCj0mTzQlEo0zLvFb,Lil Tjay,In My Head,Columbia,7,-1,1,4216423,US,United States,Q2,2022
8,spotify:track:1HhNoOuqm1a5MXYEgAFl8o,"Imagine Dragons, JID, Arcane, League of Legends",Enemy (with JID) - from the series Arcane League of Legends,Kid Ina Korner / Interscope,6,6,23,4128148,US,United States,Q2,2022
9,spotify:track:1Y5Jvi3eLi4Chwqch9GMem,Kodak Black,Super Gremlin,Atlantic Records,2,4,19,4022821,US,United States,Q2,2022
10,spotify:track:6I3mqTwhRpn34SLVafSH7G,Justin Bieber,Ghost,RBMG/Def Jam,10,12,29,3881215,US,United States,Q2,2022
11,spotify:track:6Uj1ctrBOjOas8xZXGqKk4,Doja Cat,Woman,Kemosabe Records/RCA Records,10,10,41,3831968,US,United States,Q2,2022
12,spotify:track:0U1W2LZVUX7qTm7dDpqxh6,Shawn Mendes,When You're Gone,Shawn Mendes LP4-5 PS/ Island,12,-1,1,3829027,US,United States,Q2,2022
13,spotify:track:2BcMwX1MPV6ZHP4tUT9uq6,"Drake, 21 Savage, Project Pat",Knife Talk (with 21 Savage ft. Project Pat),OVO,2,8,31,3621689,US,United States,Q2,2022
14,spotify:track:4SqWKzw0CbA05TGszDgMlc,The Walters,I Love You So,Warner Records,9,11,26,3602386,US,United States,Q2,2022
15,spotify:track:3Vi5XqYrmQgOYBajMWSvCi,Doja Cat,Need to Know,Kemosabe Records/RCA Records,4,13,43,3584545,US,United States,Q2,2022
16,spotify:track:0e8nrvls4Qqv5Rfa2UhqmO,Lil Nas X,THATS WHAT I WANT,Columbia,4,14,29,3555909,US,United States,Q2,2022
17,spotify:track:68Dni7IE4VyPkTOH9mRWHr,J. Cole,No Role Modelz,Roc Nation Records LLC,15,15,217,3532709,US,United States,Q2,2022
18,spotify:track:59CfNbkERJ3NoTXDvoURjj,Dove Cameron,Boyfriend,Disruptor Records/Columbia,10,20,8,3355198,US,United States,Q2,2022
19,spotify:track:58ge6dfP91o9oXMzq3XkIS,Arctic Monkeys,505,Domino/Warner Records,19,23,64,3268261,US,United States,Q2,2022
20,spotify:track:7rglLriMNBPAyuJOMGwi39,"Elton John, Dua Lipa, PNAU",Cold Heart - PNAU Remix,EMI,15,16,33,3244693,US,United States,Q2,2022
21,spotify:track:62Yo3FDddWY8ydu6PW2wyz,Jack Harlow,Nail Tech,Generation Now/Atlantic,3,34,7,3239737,US,United States,Q2,2022
22,spotify:track:2QjOHCTQ1Jl3zawyYOpxh6,The Neighbourhood,Sweater Weather,Columbia,19,24,85,3214224,US,United States,Q2,2022
23,spotify:track:37y7iDayfwm3WXn5BiAoRk,Steve Lacy,Dark Red,Three Quarter,16,22,35,3193967,US,United States,Q2,2022
24,spotify:track:3DarAbFujv6eYNliUTyqtz,"Doja Cat, SZA",Kiss Me More (feat. SZA),Kemosabe Records/RCA Records,1,33,52,3133360,US,United States,Q2,2022
25,spotify:track:3XOalgusokruzA5ZBA2Qcb,"Gunna, Future, Young Thug",pushin P (feat. Young Thug),300 Entertainment,2,18,13,3083489,US,United States,Q2,2022
26,spotify:track:5CZ40GBx1sQ9agT82CLQCT,Olivia Rodrigo,traitor,Olivia Rodrigo PS,3,37,46,3058569,US,United States,Q2,2022
27,spotify:track:3QFInJAm9eyaho5vBzxInN,"Baby Keem, Kendrick Lamar",family ties (with Kendrick Lamar),Columbia,8,36,32,3035083,US,United States,Q2,2022
28,spotify:track:7BbaIYAdi3pg4MGl6PHwPv,Yeat,Monëy so big,TwizzyRich,27,27,11,2959474,US,United States,Q2,2022
29,spotify:track:7KA4W4McWYRpgf0fWsJZWB,"Tyler, The Creator, Kali Uchis",See You Again (feat. Kali Uchis),Columbia,29,41,40,2938070,US,United States,Q2,2022
30,spotify:track:4fouWK6XVHhzl78KzQ1UjL,GAYLE,abcdefu,Atlantic/Arthouse Records,6,25,21,2916251,US,United States,Q2,2022
31,spotify:track:50nfwKoDiSYg8zOCREWAm5,Ed Sheeran,Shivers,Atlantic Records UK,8,26,30,2910860,US,United States,Q2,2022
32,spotify:track:4RVwu0g32PAqgUiJoXsdF8,Billie Eilish,Happier Than Ever,Darkroom/Interscope Records,3,58,36,2863346,US,United States,Q2,2022
33,spotify:track:0QBzMgT7NIeoCYy3sJCof1,"Camila Cabello, Ed Sheeran",Bam Bam (feat. Ed Sheeran),Epic,25,35,5,2824623,US,United States,Q2,2022
34,spotify:track:2WL6GQzPuK9Nrpy9XwNEbz,Nirvana,Something In The Way,Geffen,4,17,5,2765204,US,United States,Q2,2022
35,spotify:track:3GZD6HmiNUhxXYf8Gch723,Frank Ocean,Lost,Red Zone Entertainment / IDJ,14,31,13,2762386,US,United States,Q2,2022
36,spotify:track:1ri9ZUkBJVFUdgwzCnfcYs,"Becky G, KAROL G",MAMIII,Kemosabe Records/RCA Records,15,29,8,2760323,US,United States,Q2,2022
37,spotify:track:6HU7h9RYOaPRFeh0R3UeAr,Olivia Rodrigo,deja vu,Olivia Rodrigo PS,2,60,53,2728854,US,United States,Q2,2022
38,spotify:track:58HvfVOeJY7lUuCqF0m3ly,Elley Duhé,MIDDLE OF THE NIGHT,Not Fit For Society/RCA Records,38,38,7,2708718,US,United States,Q2,2022
39,spotify:track:46IZ0fSY2mpAiktS3KOqds,Adele,Easy On Me,Columbia,1,40,25,2705396,US,United States,Q2,2022
40,spotify:track:6HJIZUOiZDE814XMhRGSZN,Yahritza Y Su Esencia,Soy El Unico,Lumbre Music/Columbia,7,7,2,2684780,US,United States,Q2,2022
41,spotify:track:6K5ph5mq1qprHae3TrgTj5,Jessica Darrow,"Surface Pressure - From ""Encanto""/Soundtrack Version",UME - Global Clearing House,4,28,15,2684550,US,United States,Q2,2022
42,spotify:track:1BzXvBpIFWJgu0P8P6xmP4,"Dreamville, JID, J. Cole, Kenny Mason, Sheck Wes",Stick (with JID & J. Cole feat. Kenny Mason & Sheck Wes),Dreamville/Interscope Records,42,-1,1,2671791,US,United States,Q2,2022
43,spotify:track:3o9kpgkIcffx0iSwxhuNI2,Em Beihold,Numb Little Bug,"Republic Records/Moon Projects, LLC.",29,42,10,2635975,US,United States,Q2,2022
44,spotify:track:0y60itmpH0aPKsFiGxmtnh,WILLOW,Wait a Minute!,Roc Nation W Smith P&D,44,50,35,2623061,US,United States,Q2,2022
45,spotify:track:5wANPM4fQCJwkGd4rN57mH,Olivia Rodrigo,drivers license,Olivia Rodrigo PS,1,76,65,2581463,US,United States,Q2,2022
46,spotify:track:0oA9wBGDY4uyILLg4GymWP,"AnnenMayKantereit, Giant Rooks",Tom's Diner,Vertigo Berlin,30,30,4,2567910,US,United States,Q2,2022
47,spotify:track:0fv2KH6hac06J86hBUTcSf,"Tyler, The Creator",NEW MAGIC WAND,Columbia,16,52,18,2550472,US,United States,Q2,2022
48,spotify:track:2pOUHNwZJrFffS42SxPwt0,"Lil Durk, Morgan Wallen",Broadway Girls (feat. Morgan Wallen),Alamo,7,46,16,2548352,US,United States,Q2,2022
49,spotify:track:6f5ExP43esnvdKPddwKXJH,"NEIKED, Mae Muller, Polo G",Better Days (NEIKED x Mae Muller x Polo G),Capitol Records UK / EMI,6,43,25,2545129,US,United States,Q2,2022
50,spotify:track:00Blm7zeNqgYLPtW6zg8cj,"Post Malone, The Weeknd",One Right Now (with The Weeknd),Republic Records,1,45,22,2532930,US,United States,Q2,2022
1,spotify:track:75FEaRjZTKLhTrFGsfMUXR,Kate Bush,Running Up That Hill (A Deal With God),Fish People,1,2,6,11613102,US,United States,Q3,2022
2,spotify:track:6xGruZOHLs39ZbVccQTuPZ,Joji,Glimpse of Us,88rising Music,1,1,4,9610732,US,United States,Q3,2022
3,spotify:track:4Dvkj6JhhA12EX05fT7y2e,Harry Styles,As It Was,Columbia,1,4,14,8573851,US,United States,Q3,2022
4,spotify:track:3F5CgOj3wFlRv51JsHbxhe,"Drake, 21 Savage",Jimmy Cooks (feat. 21 Savage),OVO,2,3,3,8398808,US,United States,Q3,2022
5,spotify:track:6Sq7ltF9Qa7SNFBsV5Cogx,"Bad Bunny, Chencho Corleone",Me Porto Bonito,Rimas Entertainment LLC,4,5,9,7517772,US,United States,Q3,2022
6,spotify:track:1IHWl5LamUGEuP4ozKQSXZ,Bad Bunny,Tití Me Preguntó,Rimas Entertainment LLC,4,6,9,6526093,US,United States,Q3,2022
7,spotify:track:0hquQWY3xvYqN4qtiquniF,Doja Cat,Vegas (From the Original Motion Picture Soundtrack ELVIS),Kemosabe Records/RCA Records,7,10,9,5757735,US,United States,Q3,2022
8,spotify:track:0O6u0VJ46W86TxN9wgyqDj,"Post Malone, Doja Cat",I Like You (A Happier Song) (with Doja Cat),Mercury Records/Republic Records,3,8,5,5356269,US,United States,Q3,2022
9,spotify:track:0wHFktze2PHC5jDt3B17DC,Jack Harlow,First Class,Generation Now/Atlantic,1,9,13,5231487,US,United States,Q3,2022
10,spotify:track:1PckUlxKqWQs3RlWXVBLw3,Lizzo,About Damn Time,Nice Life/Atlantic,6,12,12,5223748,US,United States,Q3,2022
11,spotify:track:02MWAaffLxlfxAUY7c5dvx,Glass Animals,Heat Waves,Polydor Records,1,14,84,5092802,US,United States,Q3,2022
12,spotify:track:59nOXPmaKlBfGMDeOVGrIK,"Future, Drake, Tems",WAIT FOR U (feat. Drake & Tems),Epic/Freebandz,3,11,10,4889906,US,United States,Q3,2022
13,spotify:track:2MuWTIM3b0YEAskbeeFE1i,Metallica,Master of Puppets (Remastered),Blackened Recordings,13,-1,1,4880060,US,United States,Q3,2022
14,spotify:track:3uJFmluXzYedoJcvhpC1AW,"Cardi B, Kanye West, Lil Durk",Hot Shit (feat. Ye & Lil Durk),Atlantic Records,14,-1,1,4821963,US,United States,Q3,2022
15,spotify:track:1qEmFfgcLObUfQm0j1W2CK,Harry Styles,Late Night Talking,Columbia,2,13,7,4681765,US,United States,Q3,2022
16,spotify:track:5Eax0qFko2dh7Rl2lYs3bx,Bad Bunny,Efecto,Rimas Entertainment LLC,16,18,9,4346579,US,United States,Q3,2022
17,spotify:track:6Xom58OOXk2SoU711L2IXO,Bad Bunny,Moscow Mule,Rimas Entertainment LLC,2,19,9,4200118,US,United States,Q3,2022
18,spotify:track:3k3NWokhRRkEPhCzPmV8TW,"Bad Bunny, Bomba Estéreo",Ojitos Lindos,Rimas Entertainment LLC,11,17,9,4154326,US,United States,Q3,2022
19,spotify:track:0mBP9X2gPCuapvpZ7TGDk3,"Charlie Puth, Jung Kook, BTS",Left and Right (Feat. Jung Kook of BTS),Atlantic Records,16,16,2,4089371,US,United States,Q3,2022
20,spotify:track:5uU1uuyaUIBOiiUSQG7Wl3,Morgan Wallen,You Proof,Morgan Wallen,15,29,8,4007604,US,United States,Q3,2022
21,spotify:track:2KukL7UlQ8TdvpaA7bY3ZJ,Beyoncé,BREAK MY SOUL,Parkwood Entertainment/Columbia,7,7,3,4003914,US,United States,Q3,2022
22,spotify:track:4h9wh7iOZ0GGn8QVp4RAOB,OneRepublic,I Ain't Worried,Interscope Records,22,35,5,3928709,US,United States,Q3,2022
23,spotify:track:4tYFy8ALRjIZvnvSLw5lxN,"Bad Bunny, Rauw Alejandro",Party,Rimas Entertainment LLC,8,22,9,3691124,US,United States,Q3,2022
24,spotify:track:4h4QlmocP3IuwYEj2j14p8,"Nicky Youre, hey daisy",Sunroof,Thirty Knots/Columbia,24,28,12,3599657,US,United States,Q3,2022
25,spotify:track:1dm6z1fWB0cErMszU25dy2,Bad Bunny,Después de la Playa,Rimas Entertainment LLC,5,23,9,3494533,US,United States,Q3,2022
26,spotify:track:3S68RFe1lsdCdTMPIMJM3X,"Pharrell Williams, 21 Savage, Tyler, The Creator",Cash In Cash Out,Columbia,10,25,4,3318081,US,United States,Q3,2022
27,spotify:track:5CM4UuQ9Gnd6K2YyKGPMoK,Steve Lacy,Bad Habit,L-M Records/RCA Records,27,-1,1,3272795,US,United States,Q3,2022
28,spotify:track:4rmVZajAF7PkrCagGPHbqa,Drake,Sticky,OVO,6,20,3,3259162,US,United States,Q3,2022
29,spotify:track:1JIgFmCP5OCTEGV866WP3b,Yeat,Rich Minion,Back Lot Music,29,-1,1,3216881,US,United States,Q3,2022
30,spotify:track:48UKTR66uUOT9LaUvooTNx,Luke Combs,The Kind of Love We Make,River House Artists/Columbia Nashville,15,15,3,3203992,US,United States,Q3,2022
31,spotify:track:1qMMYpVatbRITKCfq1gasi,Future,PUFFIN ON ZOOTIEZ,Epic/Freebandz,4,24,10,3124928,US,United States,Q3,2022
32,spotify:track:5PjdY0CKGZdEuoNab3yDmX,"The Kid LAROI, Justin Bieber",STAY (with Justin Bieber),Columbia,1,32,52,3103062,US,United States,Q3,2022
33,spotify:track:2QjOHCTQ1Jl3zawyYOpxh6,The Neighbourhood,Sweater Weather,Columbia,19,30,98,3077123,US,United States,Q3,2022
34,spotify:track:7dSZ6zGTQx66c2GF91xCrb,KAROL G,PROVENZA,BICHOTA RECORDS / INTERSCOPE RECORDS / UNIVERSAL MUSIC LATINO,22,31,11,3037273,US,United States,Q3,2022
35,spotify:track:32vE1nuG8T9c8bhmZdRY6d,"Post Malone, Roddy Ricch",Cooped Up (with Roddy Ricch),Mercury Records/Republic Records,4,26,8,3035758,US,United States,Q3,2022
36,spotify:track:0oiv4E896TUTTeQU0cmIui,Drake,Massive,OVO,9,21,3,3035151,US,United States,Q3,2022
37,spotify:track:3cBsEDNhFI9E82vPj3kvi3,Morgan Wallen,Wasted On You,Morgan Wallen,3,36,76,3029728,US,United States,Q3,2022
38,spotify:track:68Dni7IE4VyPkTOH9mRWHr,J. Cole,No Role Modelz,Roc Nation Records LLC,10,27,230,3009708,US,United States,Q3,2022
39,spotify:track:6I3mqTwhRpn34SLVafSH7G,Justin Bieber,Ghost,RBMG/Def Jam,10,40,42,2965906,US,United States,Q3,2022
40,spotify:track:41oY4WCTj5kccfesTVFnvN,"Bad Bunny, JHAYCO",Tarot,Rimas Entertainment LLC,11,38,9,2959531,US,United States,Q3,2022
41,spotify:track:6Uj1ctrBOjOas8xZXGqKk4,Doja Cat,Woman,Kemosabe Records/RCA Records,7,33,54,2944880,US,United States,Q3,2022
42,spotify:track:3WMj8moIAXJhHsyLaqIIHI,Zach Bryan,Something in the Orange,Warner Records,32,41,11,2832427,US,United States,Q3,2022
43,spotify:track:6foY66mWZN0pSRjZ408c00,Morgan Wallen,Whiskey Glasses,Morgan Wallen,43,46,165,2826241,US,United States,Q3,2022
44,spotify:track:2BcMwX1MPV6ZHP4tUT9uq6,"Drake, 21 Savage, Project Pat",Knife Talk (with 21 Savage ft. Project Pat),OVO,2,42,44,2810533,US,United States,Q3,2022
45,spotify:track:2LBqCSwhJGcFQeTHMVGwy3,The Weeknd,Die For You,Universal Republic Records,45,47,69,2803841,US,United States,Q3,2022
46,spotify:track:6EbVuwU7EnKeF2hdpViXCH,"Sleepy Hallow, 347aidan",Die Young (feat. 347aidan),Winners Circle/RCA Records,32,39,6,2737763,US,United States,Q3,2022
47,spotify:track:5LYMamLv12UPbemOaTPyeV,Harry Styles,Music For a Sushi Restaurant,Columbia,3,37,7,2736727,US,United States,Q3,2022
48,spotify:track:0T5iIrXA4p5GsubkhuBIKV,Stephen Sanchez,Until I Found You,Republic Records,46,49,8,2720604,US,United States,Q3,2022
49,spotify:track:4cacyP5c3PMlfnyjpg13xW,Yung Gravy,Betty (Get Money),Republic Records,49,177,2,2687239,US,United States,Q3,2022
50,spotify:track:4ZtFanR9U6ndgddUvNcjcG,Olivia Rodrigo,good 4 u,Olivia Rodrigo PS,1,43,60,2634902,US,United States,Q3,2022
1,spotify:track:3nqQXoyQOWXiESFLlDF1hG,"Sam Smith, Kim Petras",Unholy (feat. Kim Petras),Capitol Records UK / EMI,1,1,3,10734772,US,United States,Q4,2022
2,spotify:track:4k6Uh1HXdhtusDW5y8Gbvy,Steve Lacy,Bad Habit,L-M Records/RCA Records,1,2,15,10284516,US,United States,Q4,2022
3,spotify:track:1xK59OXxi2TAAAbmZK0kBL,d4vd,Romantic Homicide,Darkroom/Interscope Records,3,5,10,6565316,US,United States,Q4,2022
4,spotify:track:4Dvkj6JhhA12EX05fT7y2e,Harry Styles,As It Was,Columbia,1,4,28,6304134,US,United States,Q4,2022
5,spotify:track:1IHWl5LamUGEuP4ozKQSXZ,Bad Bunny,Tití Me Preguntó,Rimas Entertainment LLC,3,3,23,6269241,US,United States,Q4,2022
6,spotify:track:3WMj8moIAXJhHsyLaqIIHI,Zach Bryan,Something in the Orange,Warner Records,6,8,25,5962261,US,United States,Q4,2022
7,spotify:track:6Sq7ltF9Qa7SNFBsV5Cogx,"Bad Bunny, Chencho Corleone",Me Porto Bonito,Rimas Entertainment LLC,2,6,23,5850772,US,United States,Q4,2022
8,spotify:track:2yjlYDiNiQkdxVqTlaSrlX,Nicki Minaj,Super Freaky Girl,Republic Records,2,7,9,5207083,US,United States,Q4,2022
9,spotify:track:4uUG5RXrOk84mYEfFvj3cK,"David Guetta, Bebe Rexha",I'm Good (Blue),Parlophone UK,8,9,7,4983659,US,United States,Q4,2022
10,spotify:track:4h9wh7iOZ0GGn8QVp4RAOB,OneRepublic,I Ain't Worried,Interscope Records,7,11,19,4949752,US,United States,Q4,2022
11,spotify:track:3F5CgOj3wFlRv51JsHbxhe,"Drake, 21 Savage",Jimmy Cooks (feat. 21 Savage),OVO,2,10,17,4837664,US,United States,Q4,2022
12,spotify:track:2LBqCSwhJGcFQeTHMVGwy3,The Weeknd,Die For You,Universal Republic Records,12,14,83,4428077,US,United States,Q4,2022
13,spotify:track:2QjOHCTQ1Jl3zawyYOpxh6,The Neighbourhood,Sweater Weather,Columbia,13,15,112,4427824,US,United States,Q4,2022
14,spotify:track:2TktkzfozZifbQhXjT6I33,Omar Apollo,Evergreen (You Didn’t Deserve Me At All),Warner Records,12,12,5,4387468,US,United States,Q4,2022
15,spotify:track:0O6u0VJ46W86TxN9wgyqDj,"Post Malone, Doja Cat",I Like You (A Happier Song) (with Doja Cat),Mercury Records/Republic Records,3,13,19,4381290,US,United States,Q4,2022
16,spotify:track:1xzi1Jcr7mEi9K2RfzLOqS,Beyoncé,CUFF IT,Parkwood Entertainment/Columbia,10,24,11,4289238,US,United States,Q4,2022
17,spotify:track:5uU1uuyaUIBOiiUSQG7Wl3,Morgan Wallen,You Proof,Morgan Wallen,11,20,22,4280489,US,United States,Q4,2022
18,spotify:track:3EaJDYHA0KnX88JvDhL9oa,Steve Lacy,Dark Red,Three Quarter,16,16,62,4141453,US,United States,Q4,2022
19,spotify:track:6xGruZOHLs39ZbVccQTuPZ,Joji,Glimpse of Us,88rising Music,1,17,18,3969052,US,United States,Q4,2022
20,spotify:track:59nOXPmaKlBfGMDeOVGrIK,"Future, Drake, Tems",WAIT FOR U (feat. Drake & Tems),Epic/Freebandz,3,21,24,3929426,US,United States,Q4,2022
21,spotify:track:5odlY52u43F5BjByhxg7wg,JVKE,golden hour,JVKE,14,18,8,3867393,US,United States,Q4,2022
22,spotify:track:68Dni7IE4VyPkTOH9mRWHr,J. Cole,No Role Modelz,Roc Nation Records LLC,10,23,244,3765311,US,United States,Q4,2022
23,spotify:track:5Eax0qFko2dh7Rl2lYs3bx,Bad Bunny,Efecto,Rimas Entertainment LLC,10,19,23,3718286,US,United States,Q4,2022
24,spotify:track:1qEmFfgcLObUfQm0j1W2CK,Harry Styles,Late Night Talking,Columbia,2,25,21,3698959,US,United States,Q4,2022
25,spotify:track:4OmfWzukSVD140NiAIEjem,Steve Lacy,Static,L-M Records/RCA Records,25,26,10,3573478,US,United States,Q4,2022
26,spotify:track:0hquQWY3xvYqN4qtiquniF,Doja Cat,Vegas (From the Original Motion Picture Soundtrack ELVIS),Kemosabe Records/RCA Records,7,22,23,3515369,US,United States,Q4,2022
27,spotify:track:5IgjP7X4th6nMNDh4akUHb,Chris Brown,Under The Influence,Chris Brown Entertainment/RCA Records,27,27,9,3512274,US,United States,Q4,2022
28,spotify:track:02MWAaffLxlfxAUY7c5dvx,Glass Animals,Heat Waves,Polydor Records,1,28,98,3449204,US,United States,Q4,2022
29,spotify:track:3sNVsP50132BTNlImLx70i,Kanye West,Bound 2,Rock The World/IDJ/Kanye/LP6,20,29,42,3393411,US,United States,Q4,2022
30,spotify:track:6VhuP99TE6gYNQRJIlAWFD,Stephen Sanchez,Until I Found You,Republic Records,30,36,22,3385967,US,United States,Q4,2022
31,spotify:track:58ge6dfP91o9oXMzq3XkIS,Arctic Monkeys,505,Domino/Warner Records,18,34,91,3272590,US,United States,Q4,2022
32,spotify:track:4h4QlmocP3IuwYEj2j14p8,"Nicky Youre, hey daisy",Sunroof,Thirty Knots/Columbia,21,35,26,3149994,US,United States,Q4,2022
33,spotify:track:48UKTR66uUOT9LaUvooTNx,Luke Combs,The Kind of Love We Make,River House Artists/Columbia Nashville,15,32,17,3148345,US,United States,Q4,2022
34,spotify:track:6HMtHNpW6YPi1hrw9tgF8P,Lizzo,About Damn Time,Nice Life/Atlantic,6,33,26,3146739,US,United States,Q4,2022
35,spotify:track:38T0tPVZHcPZyhtOcCP7pF,Lil Nas X,STAR WALKIN' (League of Legends Worlds Anthem),Columbia,21,30,3,3095322,US,United States,Q4,2022
36,spotify:track:3cBsEDNhFI9E82vPj3kvi3,Morgan Wallen,Wasted On You,Morgan Wallen,3,38,90,3070185,US,United States,Q4,2022
37,spotify:track:6Xom58OOXk2SoU711L2IXO,Bad Bunny,Moscow Mule,Rimas Entertainment LLC,2,31,23,3053963,US,United States,Q4,2022
38,spotify:track:4686eQ81DEswHa90bcdlC9,Bailey Zimmerman,Rock and A Hard Place,Warner Records Nashville/Elektra,26,41,18,3038809,US,United States,Q4,2022
39,spotify:track:3k3NWokhRRkEPhCzPmV8TW,"Bad Bunny, Bomba Estéreo",Ojitos Lindos,Rimas Entertainment LLC,11,37,23,2854581,US,United States,Q4,2022
40,spotify:track:4EWCNWgDS8707fNSZ1oaA5,Kanye West,Heartless,Roc-A-Fella,40,45,54,2788218,US,United States,Q4,2022
41,spotify:track:4cacyP5c3PMlfnyjpg13xW,Yung Gravy,Betty (Get Money),Republic Records,18,39,16,2787664,US,United States,Q4,2022
42,spotify:track:27ZZdyTSQWI7Cug2d2PkqV,Armani White,BILLIE EILISH.,"Legendbound, LLC / Def Jam Recordings",42,46,8,2742217,US,United States,Q4,2022
43,spotify:track:31i56LZnwE6uSu3exoHjtB,Bad Bunny,Neverita,Rimas Entertainment LLC,16,40,23,2736399,US,United States,Q4,2022
44,spotify:track:5PjdY0CKGZdEuoNab3yDmX,"The Kid LAROI, Justin Bieber",STAY (with Justin Bieber),Columbia,1,44,66,2706724,US,United States,Q4,2022
45,spotify:track:200x8ONbPfFzByUr3fVz46,Cole Swindell,She Had Me At Heads Carolina,Warner Records Nashville,35,53,17,2703114,US,United States,Q4,2022
46,spotify:track:3QFInJAm9eyaho5vBzxInN,"Baby Keem, Kendrick Lamar",family ties (with Kendrick Lamar),Columbia,8,48,59,2658811,US,United States,Q4,2022
47,spotify:track:75FEaRjZTKLhTrFGsfMUXR,Kate Bush,Running Up That Hill (A Deal With God),Fish People,1,42,20,2601575,US,United States,Q4,2022
48,spotify:track:5ww2BF9slyYgNOk37BlC4u,Manuel Turizo,La Bachata,Sony Music Latin/La Industria,48,60,8,2571488,US,United States,Q4,2022
49,spotify:track:3AVrVz5rK8Hrqo9YGiVGN5,Cigarettes After Sex,Apocalypse,Partisan Records,49,51,14,2563604,US,United States,Q4,2022
50,spotify:track:4AFsRbaLKRWo3dDtjDFA2V,Childish Gambino,Me and Your Mama,Glassnote - VMG,49,49,26,2551589,US,United States,Q4,2022
1,spotify:track:6F70m9aMK4PSJKBfp1H8DZ,"Kabza De Small, DJ Maphorisa, Ami Faku",Asibe Happy,Piano Hub,1,2,9,129273,ZA,South Africa,Q1,2022
2,spotify:track:7jeXFt3u9o8PveE4CHSOs0,"Busta 929, Boohle",Ngixolele,Umsebenzi Wethu Records,1,3,11,125519,ZA,South Africa,Q1,2022
3,spotify:track:2dTQe0W5KXs6TNVV7yi2oS,"Young Stunna, Kabza De Small, DJ Maphorisa",Adiwele (feat. Kabza De Small & DJ Maphorisa),Piano Hub,1,1,13,122721,ZA,South Africa,Q1,2022
4,spotify:track:7BH6nyhnWTSfMUwwrCYbJF,"Q-Mark, TpZee, Afriikan Papi",Paris,Cloud9ne Entertainment,4,23,5,114170,ZA,South Africa,Q1,2022
5,spotify:track:2qxgejJTaZIHNSHDD22Uhl,"Kabza De Small, DJ Maphorisa, Ami Faku",Abalele,Piano Hub,1,5,17,112478,ZA,South Africa,Q1,2022
6,spotify:track:7JtWy2vvKVXLaymyTXUJ0K,"Ch'cco, Mellow & Sleazy",Nkao Tempela,R1+0 CARTEL,4,4,9,107050,ZA,South Africa,Q1,2022
7,spotify:track:46IZ0fSY2mpAiktS3KOqds,Adele,Easy On Me,Columbia,1,10,13,106210,ZA,South Africa,Q1,2022
8,spotify:track:7rglLriMNBPAyuJOMGwi39,"Elton John, Dua Lipa, PNAU",Cold Heart - PNAU Remix,EMI,8,8,22,103381,ZA,South Africa,Q1,2022
9,spotify:track:5PjdY0CKGZdEuoNab3yDmX,"The Kid LAROI, Justin Bieber",STAY (with Justin Bieber),Columbia,1,9,27,103134,ZA,South Africa,Q1,2022
10,spotify:track:3rDd1X68wGTaKYRATrcARb,"Felo Le Tee, Myztro, Daliwonga",Dipatje Tsa Felo (feat. Daliwonga),New Money Gang Records,7,7,4,101648,ZA,South Africa,Q1,2022
11,spotify:track:02MWAaffLxlfxAUY7c5dvx,Glass Animals,Heat Waves,Polydor Records,7,13,54,101320,ZA,South Africa,Q1,2022
12,spotify:track:584B5N5x0phtVVpBtSNcPt,"Wanitwa Mos, Master KG, Basetsana, Nkosazana Daughter, Obeey Amor","Dali Nguwe (feat. Nkosazana Daughter, Basetsana and Obeey Amor)",Wanitwa Mos Entertainment,12,27,4,100009,ZA,South Africa,Q1,2022
13,spotify:track:3rmo8F54jFF8OgYsqTxm5d,Ed Sheeran,Bad Habits,Atlantic Records UK,1,12,29,93423,ZA,South Africa,Q1,2022
14,spotify:track:1nH2PkJL1XoUq8oE6tBZoU,The Weeknd,Sacrifice,XO / Republic Records,14,-1,1,90890,ZA,South Africa,Q1,2022
15,spotify:track:1b4kqxvf4kFuB7ACj9Lvve,"Felo Le Tee, Myztro",66,New Money Gang Records,4,6,12,86520,ZA,South Africa,Q1,2022
16,spotify:track:50nfwKoDiSYg8zOCREWAm5,Ed Sheeran,Shivers,Atlantic Records UK,11,15,18,86398,ZA,South Africa,Q1,2022
17,spotify:track:5Z9KJZvQzH6PFmb8SNkxuk,"Lil Nas X, Jack Harlow",INDUSTRY BABY (feat. Jack Harlow),Columbia,3,14,25,85456,ZA,South Africa,Q1,2022
18,spotify:track:0mL82sxCRjrs3br407IdJh,The Weeknd,Is There Someone Else?,XO / Republic Records,18,-1,1,84767,ZA,South Africa,Q1,2022
19,spotify:track:1r9xUipOqoNwggBpENDsvJ,"Imagine Dragons, JID, Arcane, League of Legends",Enemy (with JID) - from the series Arcane League of Legends,KIDinaKORNER/Interscope Records,19,20,11,79726,ZA,South Africa,Q1,2022
20,spotify:track:2SLwbpExuoBDZBpjfefCtV,The Weeknd,Out of Time,XO / Republic Records,20,-1,1,78829,ZA,South Africa,Q1,2022
21,spotify:track:4fouWK6XVHhzl78KzQ1UjL,GAYLE,abcdefu,Atlantic/Arthouse Records,17,22,9,77787,ZA,South Africa,Q1,2022
22,spotify:track:3KyKxJ4P3pVCgaZwaq2rUC,The Weeknd,Gasoline,XO / Republic Records,22,-1,1,76009,ZA,South Africa,Q1,2022
23,spotify:track:3uUuGVFu1V7jTQL60S1r8z,"Lost Frequencies, Calum Scott",Where Are You Now,Epic Amsterdam,22,24,21,75424,ZA,South Africa,Q1,2022
24,spotify:track:6wQvbzsxSLKqYrPc26jd9S,"Nomfundo Moh, Sha Sha, Ami Faku",Phakade Lami,Universal Music (Pty) Ltd.,17,19,11,75091,ZA,South Africa,Q1,2022
25,spotify:track:4tYw8LJySmSEopvN1AknXv,"Young Stunna, Big Zulu, DJ Maphorisa, Kabza De Small","Sithi Shwi (feat. Big Zulu, DJ Maphorisa & Kabza De Small)",Piano Hub,8,11,12,75054,ZA,South Africa,Q1,2022
26,spotify:track:2Ghp894n1laIf2w98VeAOJ,The Weeknd,How Do I Make You Love Me?,XO / Republic Records,26,-1,1,74001,ZA,South Africa,Q1,2022
27,spotify:track:3LnpBazWpD31QMTn6LgVGv,"Gunna, Future, Young Thug",pushin P (feat. Young Thug),300 Entertainment,27,-1,1,71999,ZA,South Africa,Q1,2022
28,spotify:track:5UQPyDQmSLM9fb6d6nuD3s,"Dj Karri, BL Zero, Lebzito, Prime De 1st","Trigger (feat. BL Zero, Lebzito & Prime De 1st)",5K Records Limited,28,-1,1,69490,ZA,South Africa,Q1,2022
29,spotify:track:1NhjYYcYTRywc0di98xHxf,"The Weeknd, Tyler, The Creator","Here We Go… Again (feat. Tyler, the Creator)",XO / Republic Records,29,-1,1,65134,ZA,South Africa,Q1,2022
30,spotify:track:0T0FIfA0AI3ELwNVBSZNS3,"Zakes Bantwini, Kasango",Osama,Universal Music (Pty) Ltd.,5,17,18,64614,ZA,South Africa,Q1,2022
31,spotify:track:2vgUijXOTRMnWXDtvgMp2b,The Weeknd,Take My Breath,XO / Republic Records,31,-1,1,64399,ZA,South Africa,Q1,2022
32,spotify:track:1E5Xu8dur0fAjSP1VpVhAZ,The Weeknd,Best Friends,XO / Republic Records,32,-1,1,64271,ZA,South Africa,Q1,2022
33,spotify:track:18asYwWugKjjsihZ0YvRxO,"Tiësto, Ava Max",The Motto,Atlantic Records,29,29,10,62937,ZA,South Africa,Q1,2022
34,spotify:track:6krYS8KtmNAYyb5uTZiYW4,The Weeknd,Dawn FM,XO / Republic Records,34,-1,1,62656,ZA,South Africa,Q1,2022
35,spotify:track:20on25jryn53hWghthWWW3,"ACRAZE, Cherish",Do It To It,Thrive Music,26,26,10,60403,ZA,South Africa,Q1,2022
36,spotify:track:22sG77yM0PrgIpbVKZ40yY,"Busta 929, Mzu M",Mmapula,Umsebenzi Wethu Records,3,16,23,59738,ZA,South Africa,Q1,2022
37,spotify:track:1ix1dhMZI8cYXiyzHgun42,"DJ Maphorisa, Tyler ICU, Visca, Madumane, Mpura, Daliwonga","Izolo (feat. Madumane, Mpura & Daliwonga)",New Money Gang Records,3,18,34,59072,ZA,South Africa,Q1,2022
38,spotify:track:5S9Zs5g9lTWnLIboN1pdlU,Lauren Spencer Smith,Fingers Crossed,"Three Name Productions, Inc./ Island Records & Republic Records",38,-1,1,57587,ZA,South Africa,Q1,2022
39,spotify:track:5XbA7TAqsD0fj0dGBrbb0D,"The Weeknd, Lil Wayne",I Heard You’re Married (feat. Lil Wayne),XO / Republic Records,39,-1,1,56818,ZA,South Africa,Q1,2022
40,spotify:track:0GL7uWv0R3NVJ584jjzTBX,"Musketeers, Azmo Nawe",Danko (feat. Azmo Nawe),Ziiki Media,28,28,10,56407,ZA,South Africa,Q1,2022
41,spotify:track:6zzdyvVWjGrQBraSvuqJPY,The Weeknd,Starry Eyes,XO / Republic Records,41,-1,1,55952,ZA,South Africa,Q1,2022
42,spotify:track:1EI3kxTD1xp8afUUnWc6tS,"Reece Madlisa, Zuma, Busta 929, Beast Rsa, Dladla Mshunqisi",Iy’ntsimbi zase envy,Ama Roto Entertainment,27,36,15,55727,ZA,South Africa,Q1,2022
43,spotify:track:6Uj1ctrBOjOas8xZXGqKk4,Doja Cat,Woman,Kemosabe Records/RCA Records,13,33,27,55622,ZA,South Africa,Q1,2022
44,spotify:track:0VjIjW4GlUZAMYd2vXMi3b,The Weeknd,Blinding Lights,Republic Records,1,35,111,55535,ZA,South Africa,Q1,2022
45,spotify:track:2Xr1dTzJee307rmrkt8c0g,CKay,love nwantiti (ah ah ah),Chocolate City Music,14,34,18,55360,ZA,South Africa,Q1,2022
46,spotify:track:2gpWyfu7eZ01zzncHpxOtA,"Swedish House Mafia, The Weeknd",Moth To A Flame (with The Weeknd),Republic Records,15,45,12,55039,ZA,South Africa,Q1,2022
47,spotify:track:3ODhKM44KPGGaHSXLCgMuk,"Mellow & Sleazy, Felo Le Tee, DJ Maphorisa, Madumane, Young Stunna","Bopha (feat. DJ Maphorisa, Madumane & Young Stunna)",Sound African Recordings,3,21,19,54844,ZA,South Africa,Q1,2022
48,spotify:track:1juCUMeUqFP7oId0SR2Yfg,"Mas Musiq, Aymos, Kabza De Small, DJ Maphorisa","Uzozisola (feat. Aymos, Kabza De Small & DJ Maphorisa)",New Money Gang Records,11,25,15,54717,ZA,South Africa,Q1,2022
49,spotify:track:2D4dV2KXDTszzJ3p3cFqhA,The Weeknd,Less Than Zero,XO / Republic Records,49,-1,1,53964,ZA,South Africa,Q1,2022
50,spotify:track:6I3mqTwhRpn34SLVafSH7G,Justin Bieber,Ghost,RBMG/Def Jam,39,42,15,52258,ZA,South Africa,Q1,2022
1,spotify:track:0Ek5bneviajgSzZGonWfds,"Daliwonga, Mellow & Sleazy, M.J",Abo Mvelo (feat. Mellow & Sleazy & M.J),New Money Gang Records,1,1,3,171308,ZA,South Africa,Q2,2022
2,spotify:track:4LRPiXqCikLlN15c3yImP7,Harry Styles,As It Was,Columbia,2,-1,1,148344,ZA,South Africa,Q2,2022
3,spotify:track:7BH6nyhnWTSfMUwwrCYbJF,"Q-Mark, TpZee, Afriikan Papi",Paris,Cloud9ne Entertainment,1,2,17,133511,ZA,South Africa,Q2,2022
4,spotify:track:584B5N5x0phtVVpBtSNcPt,"Wanitwa Mos, Master KG, Basetsana, Nkosazana Daughter, Obeey Amor","Dali Nguwe (feat. Nkosazana Daughter, Basetsana and Obeey Amor)",Wanitwa Mos Entertainment,2,3,16,127107,ZA,South Africa,Q2,2022
5,spotify:track:03GRsjCSytQo3LuspJayKT,"9umba, TOSS, Mdoovar, Lady Du, Sino Msolo, Sir Trill, Slade, Young Stunna","uMlando (feat. Sir Trill, Sino Msolo, Lady Du, Young Stunna and Slade)",Sowetocool,2,4,12,113751,ZA,South Africa,Q2,2022
6,spotify:track:7c5rKCDYYbyBsLlJ00NgCD,"DBN Gogo, TNK MusiQ, DJ Stopper, EltonK",Bells,Universal Music (Pty) Ltd.,4,5,5,107947,ZA,South Africa,Q2,2022
7,spotify:track:02MWAaffLxlfxAUY7c5dvx,Glass Animals,Heat Waves,Polydor Records,5,6,66,104106,ZA,South Africa,Q2,2022
8,spotify:track:5z6oqX6l6kTSPB9gSRnLzE,"Uncle Waffles, Tony Duardo, BoiBizza, Sino Msolo",Tanzania (feat. Sino Msolo and Boibizza),Kreativekornerr,8,9,3,104055,ZA,South Africa,Q2,2022
9,spotify:track:5fSBPtedqX65IaJlyGHbK0,"Major League Djz, Nvcho, Mathandos, C4 DJs",BAKWA LAH,Major League Music Under Exclusive License to emPawa Africa Limited,5,7,10,93958,ZA,South Africa,Q2,2022
10,spotify:track:40KwdYRfKnTWTsXyxmR5bp,"Pabi Cooper, Focalistic, Ch'cco, LuuDaDeejay, Nobantu Vilakazi",Banyana Ke Bafana (feat. LuuDadeejay and Nobantu Vilakazi),Cooper Entertainment,8,8,2,91192,ZA,South Africa,Q2,2022
11,spotify:track:2UNdr8gnOQrVkSmLDeC59w,"Musa Keys, Loui",Selema (Po Po),Keys Records,11,14,11,85509,ZA,South Africa,Q2,2022
12,spotify:track:6F70m9aMK4PSJKBfp1H8DZ,"Kabza De Small, DJ Maphorisa, Ami Faku",Asibe Happy,Piano Hub,1,11,21,80999,ZA,South Africa,Q2,2022
13,spotify:track:0Fts0ctd6WoZPjffe6VlCD,"Venom, Shishiliza, Yumbs, Raspy, Blxckie, Riky Rick, Tshego","Sondela (feat. Yumbs, Raspy, Blxckie, Riky Rick & Tshego)",Sound African Recordings,2,10,8,80010,ZA,South Africa,Q2,2022
14,spotify:track:7jeXFt3u9o8PveE4CHSOs0,"Busta 929, Boohle",Ngixolele,Umsebenzi Wethu Records,1,13,23,78347,ZA,South Africa,Q2,2022
15,spotify:track:3uUuGVFu1V7jTQL60S1r8z,"Lost Frequencies, Calum Scott",Where Are You Now,Epic Amsterdam,14,19,33,75725,ZA,South Africa,Q2,2022
16,spotify:track:5PjdY0CKGZdEuoNab3yDmX,"The Kid LAROI, Justin Bieber",STAY (with Justin Bieber),Columbia,1,15,39,75485,ZA,South Africa,Q2,2022
17,spotify:track:4X4NsxuVdB1ygIMbHuctBz,"DBN Gogo, Felo Le Tee, Pabi Cooper, Young Stunna",Bambelela,Universal Music (Pty) Ltd.,9,12,7,74016,ZA,South Africa,Q2,2022
18,spotify:track:46IZ0fSY2mpAiktS3KOqds,Adele,Easy On Me,Columbia,1,18,25,72181,ZA,South Africa,Q2,2022
19,spotify:track:2qxgejJTaZIHNSHDD22Uhl,"Kabza De Small, DJ Maphorisa, Ami Faku",Abalele,Piano Hub,1,17,29,71872,ZA,South Africa,Q2,2022
20,spotify:track:50nfwKoDiSYg8zOCREWAm5,Ed Sheeran,Shivers,Atlantic Records UK,11,20,30,69401,ZA,South Africa,Q2,2022
21,spotify:track:3rmo8F54jFF8OgYsqTxm5d,Ed Sheeran,Bad Habits,Atlantic Records UK,1,24,41,69047,ZA,South Africa,Q2,2022
22,spotify:track:7rglLriMNBPAyuJOMGwi39,"Elton John, Dua Lipa, PNAU",Cold Heart - PNAU Remix,EMI,8,25,34,67863,ZA,South Africa,Q2,2022
23,spotify:track:3rDd1X68wGTaKYRATrcARb,"Felo Le Tee, Myztro, Daliwonga",Dipatje Tsa Felo (feat. Daliwonga),New Money Gang Records,7,23,16,67818,ZA,South Africa,Q2,2022
24,spotify:track:2P22nuGMf26qeoX7P0oOuT,"Mr JazziQ, Kay Invictus, M.J, Mellow & Sleazy",Halala (feat. Mellow & Sleazy),Sound African Recordings,19,22,14,67558,ZA,South Africa,Q2,2022
25,spotify:track:2dTQe0W5KXs6TNVV7yi2oS,"Young Stunna, Kabza De Small, DJ Maphorisa",Adiwele (feat. Kabza De Small & DJ Maphorisa),Piano Hub,1,21,25,66613,ZA,South Africa,Q2,2022
26,spotify:track:18asYwWugKjjsihZ0YvRxO,"Tiësto, Ava Max",The Motto,Atlantic Records,20,26,22,65855,ZA,South Africa,Q2,2022
27,spotify:track:6I3mqTwhRpn34SLVafSH7G,Justin Bieber,Ghost,RBMG/Def Jam,25,29,27,65137,ZA,South Africa,Q2,2022
28,spotify:track:1HhNoOuqm1a5MXYEgAFl8o,"Imagine Dragons, JID, Arcane, League of Legends",Enemy (with JID) - from the series Arcane League of Legends,Kid Ina Korner / Interscope,19,27,23,63714,ZA,South Africa,Q2,2022
29,spotify:track:1grMFirLZsqR452CEwBKSV,"Nomfundo Moh, Sha Sha, Ami Faku",Phakade Lami,Universal Music (Pty) Ltd.,17,32,23,62104,ZA,South Africa,Q2,2022
30,spotify:track:5Z9KJZvQzH6PFmb8SNkxuk,"Lil Nas X, Jack Harlow",INDUSTRY BABY (feat. Jack Harlow),Columbia,3,28,37,62042,ZA,South Africa,Q2,2022
31,spotify:track:0tvJEr9OT2FzOYsyI8tdmh,"Reece Madlisa, Zuma, Spura, Classic Deep",Megalo,Ama Roto Entertainment,28,30,9,57830,ZA,South Africa,Q2,2022
32,spotify:track:1EI3kxTD1xp8afUUnWc6tS,"Reece Madlisa, Zuma, Busta 929, Beast Rsa, Dladla Mshunqisi",Iy’ntsimbi zase envy,Ama Roto Entertainment,27,34,27,55452,ZA,South Africa,Q2,2022
33,spotify:track:531KGXtBroSrOX9LVmiIgc,Dave,Starlight,Dave / Neighbourhood Recordings,33,36,5,54784,ZA,South Africa,Q2,2022
34,spotify:track:58HvfVOeJY7lUuCqF0m3ly,Elley Duhé,MIDDLE OF THE NIGHT,Not Fit For Society/RCA Records,34,38,10,52267,ZA,South Africa,Q2,2022
35,spotify:track:4fouWK6XVHhzl78KzQ1UjL,GAYLE,abcdefu,Atlantic/Arthouse Records,17,35,21,51404,ZA,South Africa,Q2,2022
36,spotify:track:7JtWy2vvKVXLaymyTXUJ0K,"Ch'cco, Mellow & Sleazy",Nkao Tempela,R1+0 CARTEL,4,31,21,50658,ZA,South Africa,Q2,2022
37,spotify:track:0g2Jq33AKKOv8iJ4RQsGQ9,"Dj Karri, BL Zero, Lebzito, Prime De 1st","Trigger (feat. BL Zero, Lebzito & Prime De 1st)",5K Records Limited,11,33,13,49647,ZA,South Africa,Q2,2022
38,spotify:track:0e8nrvls4Qqv5Rfa2UhqmO,Lil Nas X,THATS WHAT I WANT,Columbia,14,40,29,48875,ZA,South Africa,Q2,2022
39,spotify:track:6Uj1ctrBOjOas8xZXGqKk4,Doja Cat,Woman,Kemosabe Records/RCA Records,13,39,39,47697,ZA,South Africa,Q2,2022
40,spotify:track:3XOalgusokruzA5ZBA2Qcb,"Gunna, Future, Young Thug",pushin P (feat. Young Thug),300 Entertainment,13,37,13,46000,ZA,South Africa,Q2,2022
41,spotify:track:0VjIjW4GlUZAMYd2vXMi3b,The Weeknd,Blinding Lights,Republic Records,1,41,123,45144,ZA,South Africa,Q2,2022
42,spotify:track:0y60itmpH0aPKsFiGxmtnh,WILLOW,Wait a Minute!,Roc Nation W Smith P&D,42,55,3,45135,ZA,South Africa,Q2,2022
43,spotify:track:0UHdsqznjCoqPzZJTJZ5Kb,Lloyiso,Speak,Universal Music (Pty) Ltd.,43,-1,1,44896,ZA,South Africa,Q2,2022
44,spotify:track:0ESNI1FGdYuxqMEOg6jtjI,"Drizzy Sam Rsa, Kaymor, OHP Sage",Thatheka,Side Hustle,44,62,3,43079,ZA,South Africa,Q2,2022
45,spotify:track:68Dni7IE4VyPkTOH9mRWHr,J. Cole,No Role Modelz,Roc Nation Records LLC,45,47,77,43051,ZA,South Africa,Q2,2022
46,spotify:track:0RwvdQ3H9kSo1lk9IFTBqf,"Riaan Benadé, Jay",Rowwe Bliksem,WM South Africa,35,43,10,41143,ZA,South Africa,Q2,2022
47,spotify:track:4ZtFanR9U6ndgddUvNcjcG,Olivia Rodrigo,good 4 u,Olivia Rodrigo PS,1,58,47,41077,ZA,South Africa,Q2,2022
48,spotify:track:59CfNbkERJ3NoTXDvoURjj,Dove Cameron,Boyfriend,Disruptor Records/Columbia,35,51,8,40862,ZA,South Africa,Q2,2022
49,spotify:track:1BzXvBpIFWJgu0P8P6xmP4,"Dreamville, JID, J. Cole, Kenny Mason, Sheck Wes",Stick (with JID & J. Cole feat. Kenny Mason & Sheck Wes),Dreamville/Interscope Records,49,-1,1,40852,ZA,South Africa,Q2,2022
50,spotify:track:3M5azWqeZbfoVkGXygatlb,Muni Long,Hrs & Hrs,"Supergiant Records, LLC / Def Jam Recordings",23,42,13,40801,ZA,South Africa,Q2,2022
1,spotify:track:59nOXPmaKlBfGMDeOVGrIK,"Future, Drake, Tems",WAIT FOR U (feat. Drake & Tems),Epic/Freebandz,1,3,10,121254,ZA,South Africa,Q3,2022
2,spotify:track:67SKXlAbYNG5nAtadBfPm0,"Wanitwa Mos, Master KG, Lowsheen, Nkosazana Daughter",Sofa Silahlane (feat. Nkosazana Daughter),Wanitwa Mos Entertainment,1,4,8,118701,ZA,South Africa,Q3,2022
3,spotify:track:5dVd3tBZQhOctXiq2jwrhD,Samthing Soweto,Amagents,Youbuntu,1,1,2,116489,ZA,South Africa,Q3,2022
4,spotify:track:3F5CgOj3wFlRv51JsHbxhe,"Drake, 21 Savage",Jimmy Cooks (feat. 21 Savage),OVO,1,2,3,116223,ZA,South Africa,Q3,2022
5,spotify:track:75VD2d6BPTuESBrzRqD6xl,"Senior Oat, Kemy Chienda",All In You,LiftedSoul Entertainment,5,6,13,113102,ZA,South Africa,Q3,2022
6,spotify:track:75FEaRjZTKLhTrFGsfMUXR,Kate Bush,Running Up That Hill (A Deal With God),Fish People,3,11,6,109678,ZA,South Africa,Q3,2022
7,spotify:track:4Dvkj6JhhA12EX05fT7y2e,Harry Styles,As It Was,Columbia,1,5,14,106566,ZA,South Africa,Q3,2022
8,spotify:track:46ZvwmGP7q63FWnrvurH45,"Felo Le Tee, TOSS",Manca,New Money Gang Records,8,9,6,102972,ZA,South Africa,Q3,2022
9,spotify:track:5z6oqX6l6kTSPB9gSRnLzE,"Uncle Waffles, Tony Duardo, BoiBizza, Sino Msolo",Tanzania (feat. Sino Msolo and Boibizza),Kreativekornerr,1,8,16,99921,ZA,South Africa,Q3,2022
10,spotify:track:5YbPxJwPfrj7uswNwoF1pJ,Burna Boy,Last Last,Spaceship/ Bad Habit/Atlantic Records,10,15,8,96933,ZA,South Africa,Q3,2022
11,spotify:track:1ULFJZX54HXXjSTMx63dk0,"Kabza De Small, Msaki",Khusela (feat. Msaki),Piano Hub,7,7,6,93874,ZA,South Africa,Q3,2022
12,spotify:track:0Ek5bneviajgSzZGonWfds,"Daliwonga, Mellow & Sleazy, M.J",Abo Mvelo (feat. Mellow & Sleazy & M.J),New Money Gang Records,1,14,16,91943,ZA,South Africa,Q3,2022
13,spotify:track:2zMTOFjChHz0XEcM0kRt4K,"Mellow & Sleazy, Chley, Boontle RSA, 2woshort, TNK MusiQ","Wenza Kanjani (feat. 2woshort, TNK MusiQ & BoontleRSA)",Sound African Recordings,13,-1,1,89937,ZA,South Africa,Q3,2022
14,spotify:track:6xGruZOHLs39ZbVccQTuPZ,Joji,Glimpse of Us,88rising Music,9,10,4,87184,ZA,South Africa,Q3,2022
15,spotify:track:4rmVZajAF7PkrCagGPHbqa,Drake,Sticky,OVO,2,12,3,86980,ZA,South Africa,Q3,2022
16,spotify:track:02MWAaffLxlfxAUY7c5dvx,Glass Animals,Heat Waves,Polydor Records,5,13,79,84730,ZA,South Africa,Q3,2022
17,spotify:track:4F7H87xusgYP3SEFj7gOVP,"DJ Maphorisa, Kabza De Small, Focalistic, Mpura, Madumane, Mellow & Sleazy","Trust Fund (feat. Focalistic, Mpura, Madumane & Mellow & Sleazy) - Live",New Money Gang Records,16,16,2,81118,ZA,South Africa,Q3,2022
18,spotify:track:2UNdr8gnOQrVkSmLDeC59w,"Musa Keys, Loui",Selema (Po Po),Keys Records,10,20,24,77164,ZA,South Africa,Q3,2022
19,spotify:track:03GRsjCSytQo3LuspJayKT,"9umba, TOSS, Mdoovar, Lady Du, Sino Msolo, Sir Trill, Slade, Young Stunna","uMlando (feat. Sir Trill, Sino Msolo, Lady Du, Young Stunna and Slade)",Sowetocool,2,17,25,75670,ZA,South Africa,Q3,2022
20,spotify:track:0dHswGoIHgWfHSraVv9mnq,"Konke, Musa Keys, Nkulee501, Skroef 28, Chley",Kancane,Nazma,12,19,6,73218,ZA,South Africa,Q3,2022
21,spotify:track:0hquQWY3xvYqN4qtiquniF,Doja Cat,Vegas (From the Original Motion Picture Soundtrack ELVIS),Kemosabe Records/RCA Records,21,29,7,69776,ZA,South Africa,Q3,2022
22,spotify:track:7BH6nyhnWTSfMUwwrCYbJF,"Q-Mark, TpZee, Afriikan Papi",Paris,Cloud9ne Entertainment,1,21,30,68162,ZA,South Africa,Q3,2022
23,spotify:track:5Lk04mjuDowI8YL7uZvMlD,"Gaba Cannal, George Lesley, Russell Zuma",Healer Ntliziyo Yam,Gaba Cannal Music Inc.,23,32,11,67780,ZA,South Africa,Q3,2022
24,spotify:track:584B5N5x0phtVVpBtSNcPt,"Wanitwa Mos, Master KG, Basetsana, Nkosazana Daughter, Obeey Amor","Dali Nguwe (feat. Nkosazana Daughter, Basetsana and Obeey Amor)",Wanitwa Mos Entertainment,2,23,29,67771,ZA,South Africa,Q3,2022
25,spotify:track:1grMFirLZsqR452CEwBKSV,"Nomfundo Moh, Sha Sha, Ami Faku",Phakade Lami,Universal Music (Pty) Ltd.,17,50,36,65676,ZA,South Africa,Q3,2022
26,spotify:track:4eZZofkV1OQ9GDqAgHqNpA,"Kizz Daniel, Tekno",Buga (Lo Lo Lo),FlyBoy INC / EMPIRE,12,28,8,63718,ZA,South Africa,Q3,2022
27,spotify:track:0wHFktze2PHC5jDt3B17DC,Jack Harlow,First Class,Generation Now/Atlantic,2,24,13,62940,ZA,South Africa,Q3,2022
28,spotify:track:3uUuGVFu1V7jTQL60S1r8z,"Lost Frequencies, Calum Scott",Where Are You Now,Epic Amsterdam,13,26,46,62438,ZA,South Africa,Q3,2022
29,spotify:track:0VpVNITDUu38bpNFfD5eFZ,"Mellow & Sleazy, Justin99",Chipi ke Chipi,Sound African Recordings,10,42,12,58537,ZA,South Africa,Q3,2022
30,spotify:track:0fX4oNGBWO3dSGUZcVdVV2,Kendrick Lamar,N95,pgLang/Top Dawg Entertainment/Aftermath/Interscope Records,1,31,8,57731,ZA,South Africa,Q3,2022
31,spotify:track:32vE1nuG8T9c8bhmZdRY6d,"Post Malone, Roddy Ricch",Cooped Up (with Roddy Ricch),Mercury Records/Republic Records,8,35,8,57539,ZA,South Africa,Q3,2022
32,spotify:track:3PdO57q0KLWkfWXsXQJlV6,"Mas Musiq, Aymos, Young Stunna",Sengizwile (feat. Aymos & Young Stunna),New Money Gang Records,32,45,9,57411,ZA,South Africa,Q3,2022
33,spotify:track:50nfwKoDiSYg8zOCREWAm5,Ed Sheeran,Shivers,Atlantic Records UK,11,36,43,54814,ZA,South Africa,Q3,2022
34,spotify:track:6u2IvQN4TBBPLXkGYwWTlw,Nomfundo Moh,Soft Life,Universal Music (Pty) Ltd.,26,43,14,54539,ZA,South Africa,Q3,2022
35,spotify:track:5PjdY0CKGZdEuoNab3yDmX,"The Kid LAROI, Justin Bieber",STAY (with Justin Bieber),Columbia,1,39,52,54470,ZA,South Africa,Q3,2022
36,spotify:track:6I3mqTwhRpn34SLVafSH7G,Justin Bieber,Ghost,RBMG/Def Jam,21,41,40,54331,ZA,South Africa,Q3,2022
37,spotify:track:0mBP9X2gPCuapvpZ7TGDk3,"Charlie Puth, Jung Kook, BTS",Left and Right (Feat. Jung Kook of BTS),Atlantic Records,37,48,2,54309,ZA,South Africa,Q3,2022
38,spotify:track:3p15jik1b9bQk8PnyaDClI,"Kabza De Small, Mhaw Keys, Njelic, Simmy","Eningi (feat. Njelic, Simmy & Mhaw Keys)",Piano Hub,26,30,5,53375,ZA,South Africa,Q3,2022
39,spotify:track:0O6u0VJ46W86TxN9wgyqDj,"Post Malone, Doja Cat",I Like You (A Happier Song) (with Doja Cat),Mercury Records/Republic Records,14,54,5,52834,ZA,South Africa,Q3,2022
40,spotify:track:3rmo8F54jFF8OgYsqTxm5d,Ed Sheeran,Bad Habits,Atlantic Records UK,1,47,54,52555,ZA,South Africa,Q3,2022
41,spotify:track:3uJFmluXzYedoJcvhpC1AW,"Cardi B, Kanye West, Lil Durk",Hot Shit (feat. Ye & Lil Durk),Atlantic Records,41,-1,1,52352,ZA,South Africa,Q3,2022
42,spotify:track:4JVyQwWav1V9xtr3wNTbOP,"Kabza De Small, Spartz",Ingabe (feat. Spartz),Piano Hub,25,34,3,51139,ZA,South Africa,Q3,2022
43,spotify:track:1PckUlxKqWQs3RlWXVBLw3,Lizzo,About Damn Time,Nice Life/Atlantic,16,51,10,50955,ZA,South Africa,Q3,2022
44,spotify:track:6JIC3hbC28JZKZ8AlAqX8h,"Elton John, Dua Lipa, PNAU",Cold Heart - PNAU Remix,EMI,8,60,47,50551,ZA,South Africa,Q3,2022
45,spotify:track:3EMp20j5E42MxfFbsEsIvD,"Jack Harlow, Drake",Churchill Downs (feat. Drake),Generation Now/Atlantic,7,49,9,50488,ZA,South Africa,Q3,2022
46,spotify:track:1T85qf7aGYCd7wA793pfRR,"Kabza De Small, Nkosazana Daughter",Ebusuku (feat. Nkosazana Daughter),Piano Hub,38,56,11,50475,ZA,South Africa,Q3,2022
47,spotify:track:2KukL7UlQ8TdvpaA7bY3ZJ,Beyoncé,BREAK MY SOUL,Parkwood Entertainment/Columbia,18,18,3,50116,ZA,South Africa,Q3,2022
48,spotify:track:1HhNoOuqm1a5MXYEgAFl8o,"Imagine Dragons, JID, Arcane, League of Legends",Enemy (with JID) - from the series Arcane League of Legends,Kid Ina Korner / Interscope,19,76,36,49321,ZA,South Africa,Q3,2022
49,spotify:track:5yFYAeIEsrE0Ss8JSGjiFX,"Kabza De Small, DJ Tira, Young Stunna, Dladla Mshunqisi, Felo Le Tee, Beast, Dj Exit_sa","Ziwa Ngale (feat. DJ Tira, Young Stunna, Dladla Mshunqisi, Felo Le Tee, Beast & Dj Exit_sa)",Piano Hub,28,65,11,49167,ZA,South Africa,Q3,2022
50,spotify:track:46IZ0fSY2mpAiktS3KOqds,Adele,Easy On Me,Columbia,1,70,38,48829,ZA,South Africa,Q3,2022
1,spotify:track:65NAMIdsZkxYIM5ui8SJSw,"K.O, Young Stunna, Blxckie",SETE (feat. Young Stunna & Blxckie),Sound African Recordings,1,1,8,328444,ZA,South Africa,Q4,2022
2,spotify:track:3nqQXoyQOWXiESFLlDF1hG,"Sam Smith, Kim Petras",Unholy (feat. Kim Petras),Capitol Records UK / EMI,2,2,3,193429,ZA,South Africa,Q4,2022
3,spotify:track:5YbPxJwPfrj7uswNwoF1pJ,Burna Boy,Last Last,Spaceship/ Bad Habit/Atlantic Records,1,3,22,185624,ZA,South Africa,Q4,2022
4,spotify:track:5IgjP7X4th6nMNDh4akUHb,Chris Brown,Under The Influence,Chris Brown Entertainment/RCA Records,2,4,30,182710,ZA,South Africa,Q4,2022
5,spotify:track:1hsFJ92y0FU2cFOOLkEFVr,"Deep London, Boohle",Hamba Wena,Cycad Wave,5,5,7,150925,ZA,South Africa,Q4,2022
6,spotify:track:3PdO57q0KLWkfWXsXQJlV6,"Mas Musiq, Aymos, Young Stunna",Sengizwile (feat. Aymos & Young Stunna),New Money Gang Records,3,6,23,144419,ZA,South Africa,Q4,2022
7,spotify:track:6PqdJb18ssWDcROvnsEqy6,"AKA, Nasty C",Lemons (Lemonade),Sound African Recordings,2,7,4,134733,ZA,South Africa,Q4,2022
8,spotify:track:1xzi1Jcr7mEi9K2RfzLOqS,Beyoncé,CUFF IT,Parkwood Entertainment/Columbia,8,10,11,126419,ZA,South Africa,Q4,2022
9,spotify:track:4uUG5RXrOk84mYEfFvj3cK,"David Guetta, Bebe Rexha",I'm Good (Blue),Parlophone UK,8,9,7,117105,ZA,South Africa,Q4,2022
10,spotify:track:2nwXM9eHzj8eQBsuK9osbL,Luxury SA,Crazy Vibez,Luxury SA Entertainment,10,16,7,113043,ZA,South Africa,Q4,2022
11,spotify:track:0HaRLPnr887lcQM2YQzkff,"Burna Boy, Ed Sheeran",For My Hand (feat. Ed Sheeran),Spaceship/ Bad Habit/Atlantic Records,11,13,14,108403,ZA,South Africa,Q4,2022
12,spotify:track:5uWDenxq03AYLOq83WzLNo,"Kabza De Small, Young Stunna, Nobuhle, Ze2","Xola (feat. Nobuhle, Ze2 & Young Stunna)",Piano Hub,7,8,17,107398,ZA,South Africa,Q4,2022
13,spotify:track:59nOXPmaKlBfGMDeOVGrIK,"Future, Drake, Tems",WAIT FOR U (feat. Drake & Tems),Epic/Freebandz,1,11,24,105777,ZA,South Africa,Q4,2022
14,spotify:track:2WigMwGJysIh9fRnSJvpjn,Oxlade,KU LO SA - A COLORS SHOW,Troniq Inc,7,14,12,104340,ZA,South Africa,Q4,2022
15,spotify:track:1LsGuqHDEnix95E4ESd8gt,"Sir Trill, EmjayKeyz, Bailey",Nkantin,Lea Records,12,12,3,103136,ZA,South Africa,Q4,2022
16,spotify:track:4h9wh7iOZ0GGn8QVp4RAOB,OneRepublic,I Ain't Worried,Interscope Records,11,15,18,100175,ZA,South Africa,Q4,2022
17,spotify:track:4Dvkj6JhhA12EX05fT7y2e,Harry Styles,As It Was,Columbia,1,17,28,89225,ZA,South Africa,Q4,2022
18,spotify:track:4qwBmPUVUbyXjwlttBAp8J,"Temple Boys Cpt, Young King The Vocalist",Saggies,4374710 Records DK,18,21,3,85011,ZA,South Africa,Q4,2022
19,spotify:track:67SKXlAbYNG5nAtadBfPm0,"Wanitwa Mos, Master KG, Lowsheen, Nkosazana Daughter",Sofa Silahlane (feat. Nkosazana Daughter),Wanitwa Mos Entertainment,1,18,22,83536,ZA,South Africa,Q4,2022
20,spotify:track:1ULFJZX54HXXjSTMx63dk0,"Kabza De Small, Msaki",Khusela (feat. Msaki),Piano Hub,5,19,20,81912,ZA,South Africa,Q4,2022
21,spotify:track:0WtM2NBVQNNJLh6scP13H8,"Rema, Selena Gomez",Calm Down (with Selena Gomez),Mavin Records / Jonzing World,21,30,7,80944,ZA,South Africa,Q4,2022
22,spotify:track:75VD2d6BPTuESBrzRqD6xl,"Senior Oat, Kemy Chienda",All In You,LiftedSoul Entertainment,3,20,27,79147,ZA,South Africa,Q4,2022
23,spotify:track:2sOj9vyd6yiss9W1IK6chU,"DJ Khaled, Rick Ross, Lil Wayne, JAY-Z, John Legend, Fridayy","GOD DID (feat. Rick Ross, Lil Wayne, JAY-Z, John Legend & Fridayy)",Epic/We The Best,2,23,7,76672,ZA,South Africa,Q4,2022
24,spotify:track:2yjlYDiNiQkdxVqTlaSrlX,Nicki Minaj,Super Freaky Girl,Republic Records,2,28,9,75290,ZA,South Africa,Q4,2022
25,spotify:track:02MWAaffLxlfxAUY7c5dvx,Glass Animals,Heat Waves,Polydor Records,5,22,93,74186,ZA,South Africa,Q4,2022
26,spotify:track:7FNsLSsnXwRFD4nA4V2Low,"Wanitwa Mos, Sir Trill, Nkosazana Daughter, Master KG",Kuwe (feat. Master KG),Wanitwa Mos Entertainment,25,25,4,72396,ZA,South Africa,Q4,2022
27,spotify:track:4k6Uh1HXdhtusDW5y8Gbvy,Steve Lacy,Bad Habit,L-M Records/RCA Records,18,29,14,71898,ZA,South Africa,Q4,2022
28,spotify:track:6Zt8YY9f4rr7gMJcCPkxbr,"Pabi Cooper, Mellow & Sleazy",Waga Bietjie (feat. Mellow & Sleazy),Cooper Entertainment,26,26,2,71628,ZA,South Africa,Q4,2022
29,spotify:track:5hVjoL3sHepZROri63wBxP,Burna Boy,It's Plenty,Spaceship/ Bad Habit/Atlantic Records,29,33,12,70465,ZA,South Africa,Q4,2022
30,spotify:track:3F5CgOj3wFlRv51JsHbxhe,"Drake, 21 Savage",Jimmy Cooks (feat. 21 Savage),OVO,1,27,17,68678,ZA,South Africa,Q4,2022
31,spotify:track:1B5I5yqLpVI5EosZS6bJFs,"Chris Brown, Wizkid",Call Me Every Day (feat. Wizkid),Chris Brown Entertainment/RCA Records,22,39,17,67027,ZA,South Africa,Q4,2022
32,spotify:track:1zHdh2Muk7jyPYXc8h1zPs,"Big Zulu, Mduduzi Ncube, Siya Ntuli, Lwah Ndlunkulu, Xowla",Voicemail,Nkabi Records,11,38,14,65337,ZA,South Africa,Q4,2022
33,spotify:track:62SaDdv956IYAt5nS1nWx7,"Njelic, Thabza Tee",Down The Drain,Universal Music (Pty) Ltd.,31,31,10,65171,ZA,South Africa,Q4,2022
34,spotify:track:46ZvwmGP7q63FWnrvurH45,"Felo Le Tee, TOSS",Manca,New Money Gang Records,8,24,20,65170,ZA,South Africa,Q4,2022
35,spotify:track:6zLUuRvJfJDDEqCMWILcs1,"Pushkin RSA, Springle, Choco Dynasty, Mankay","Welele (feat. Mankay, ChocoDynasty)",Pushkin & Springle,23,35,7,62468,ZA,South Africa,Q4,2022
36,spotify:track:2lyEzNK1EI3yr5kUhlQitm,"Mellow & Sleazy, Chley, Boontle RSA, 2woshort, TNK MusiQ","Wenza Kanjani (feat. 2woshort, TNK MusiQ & BoontleRSA)",Sound African Recordings,10,37,15,59736,ZA,South Africa,Q4,2022
37,spotify:track:0dHswGoIHgWfHSraVv9mnq,"Konke, Musa Keys, Nkulee501, Skroef 28, Chley",Kancane,Nazma,12,36,20,58928,ZA,South Africa,Q4,2022
38,spotify:track:3uUuGVFu1V7jTQL60S1r8z,"Lost Frequencies, Calum Scott",Where Are You Now,Epic Amsterdam,13,44,60,58421,ZA,South Africa,Q4,2022
39,spotify:track:5Lk04mjuDowI8YL7uZvMlD,"Gaba Cannal, George Lesley, Russell Zuma",Healer Ntliziyo Yam,Gaba Cannal Music Inc.,12,40,25,58151,ZA,South Africa,Q4,2022
40,spotify:track:7rmpguwTH3XwEPZMSeL4RH,"Lowsheen, Master KG, Nkosazana Daughter",Thula (feat. Master KG & Nkosazana Daughter),Wanitwa Mos Entertainment,32,45,8,57851,ZA,South Africa,Q4,2022
41,spotify:track:1EZMFiD30CythJ73EBZfUq,"Jay Music, Mellow & Sleazy, DJ SOL K",The Fxckin Injury,Sky Heaven (PTY) LTD,33,34,10,57611,ZA,South Africa,Q4,2022
42,spotify:track:30sDS4E23SZCd95dhXlGlU,"Sam Deep, MaWhoo",Thokoza,Universal Music (Pty) Ltd.,42,55,8,57606,ZA,South Africa,Q4,2022
43,spotify:track:3LtpKP5abr2qqjunvjlX5i,Central Cee,Doja,Central Cee,20,41,12,57554,ZA,South Africa,Q4,2022
44,spotify:track:2LBqCSwhJGcFQeTHMVGwy3,The Weeknd,Die For You,Universal Republic Records,35,48,22,57364,ZA,South Africa,Q4,2022
45,spotify:track:3xWGA8pa0IKFI7IMPri4P0,Ed Sheeran,Shivers,Atlantic Records UK,11,47,57,56161,ZA,South Africa,Q4,2022
46,spotify:track:68Dni7IE4VyPkTOH9mRWHr,J. Cole,No Role Modelz,Roc Nation Records LLC,39,54,104,54602,ZA,South Africa,Q4,2022
47,spotify:track:5dVd3tBZQhOctXiq2jwrhD,Samthing Soweto,Amagents,Youbuntu,1,42,16,54313,ZA,South Africa,Q4,2022
48,spotify:track:4h4QlmocP3IuwYEj2j14p8,"Nicky Youre, hey daisy",Sunroof,Thirty Knots/Columbia,43,43,23,54127,ZA,South Africa,Q4,2022
49,spotify:track:1rrqJ9QkOBYJlsZgqqwxgB,Ayra Starr,Rush,Mavin Records,49,95,2,53034,ZA,South Africa,Q4,2022
50,spotify:track:5PjdY0CKGZdEuoNab3yDmX,"The Kid LAROI, Justin Bieber",STAY (with Justin Bieber),Columbia,1,49,66,52889,ZA,South Africa,Q4,2022