rank,uri,artist_names,track_name,source,peak_rank,previous_rank,weeks_on_chart,streams,country_code,country_name,quarter,year
1,spotify:track:5iwz1NiezX7WWjnCgY5TH4,"Pedro Capó, Farruko",Calma - Remix,Sony Music Latin,1,2,10,2506857,AR,Argentina,Q1,2019
2,spotify:track:6FyRXC8tJUh863JCkyWqtk,Paulo Londra,Adan y Eva,WEA Latina,1,1,10,2451964,AR,Argentina,Q1,2019
3,spotify:track:5lcL51XmmTrQy09H85wIJZ,DJ Alex,Leña para el Carbón,DJ Alex,3,3,5,1709216,AR,Argentina,Q1,2019
4,spotify:track:116H0KvKr2Zl4RPuVBruDO,"Bad Bunny, Drake",MIA,Rimas Entertainment LLC,2,5,13,1427528,AR,Argentina,Q1,2019
5,spotify:track:3dLiBBKbeUIhzGNeuo5JGS,"Duki, DrefQuila",Sin Culpa (feat.DrefQuila),SSJ Records / DALE PLAY Records,5,6,5,1389999,AR,Argentina,Q1,2019
6,spotify:track:4w8niZpiMy6qz1mntFA5uM,"DJ Snake, Selena Gomez, Ozuna, Cardi B","Taki Taki (with Selena Gomez, Ozuna & Cardi B)","DJ Snake Music Productions Limited, under exclusive license to Geffen Records",1,4,15,1378374,AR,Argentina,Q1,2019
7,spotify:track:2XXMDz7SPZ4mSFN1PXfHUy,"Becky G, Paulo Londra",Cuando Te Besé,Sony Music Latin,1,7,23,1245245,AR,Argentina,Q1,2019
8,spotify:track:6MJUCumnQsQEKbCy28tbCP,"Daddy Yankee, Anuel AA",Adictiva,Craft Latino,8,12,9,1215592,AR,Argentina,Q1,2019
9,spotify:track:2D3z17LBMJ2HEHeBFFjTLi,J Balvin,Reggaeton,UMLE - Latino,9,11,8,1183089,AR,Argentina,Q1,2019
10,spotify:track:22sESxzbY1O1E19xjOTaYf,Rombai,Me Voy,Sony Music Latin,8,10,15,1172761,AR,Argentina,Q1,2019
11,spotify:track:7uQmJ1jgNzBpATSoWKSPFu,"Sebastian Yatra, Mau y Ricky",Ya No Tiene Novio,UMLE - Latino,4,9,22,1150556,AR,Argentina,Q1,2019
12,spotify:track:0s5DNDV6LAKn2u2Ufa3VjQ,"Mau y Ricky, Manuel Turizo, Camilo",Desconocidos,Sony Music Latin,12,13,12,1121985,AR,Argentina,Q1,2019
13,spotify:track:3CACzG9I3AoKUKA3ODE5zW,"Damas Gratis, Viru Kumbieron",Me Vas a Extrañar - En Vivo,Pelo Music S.A.,4,8,18,1053533,AR,Argentina,Q1,2019
14,spotify:track:48zFZh27QU5qsrBjn4C2FA,"Ozuna, Manuel Turizo",Vaina Loca,VP Records Corp/Dimelo Vi,2,14,28,929835,AR,Argentina,Q1,2019
15,spotify:track:3ao3OVxHlb3C08vAaApUlm,"Luis Fonsi, Ozuna",Imposible,UMLE - Latino,13,16,12,918990,AR,Argentina,Q1,2019
16,spotify:track:2cYnZNzFRFK0H7vSNxPsUq,"Anuel AA, Romeo Santos",Ella Quiere Beber - Remix,"Real Hasta La Muerte, LLC",15,17,10,880961,AR,Argentina,Q1,2019
17,spotify:track:2zDj4WjbNDmrRL6Z4YjjCA,"Reik, Maluma",Amigos Con Derechos,Columbia,9,18,19,813717,AR,Argentina,Q1,2019
18,spotify:track:1LiN0Z98FkR1t0m8KmLcAH,"Anuel AA, Haze",Amanece,House of Haze,18,21,4,790947,AR,Argentina,Q1,2019
19,spotify:track:7dNwJbsT0sg1le5kVugGJb,"Becky G, Prince Royce, DJ Luian, Mambo Kingz, Anuel AA",Bubalu,Hear This Music,19,22,9,750601,AR,Argentina,Q1,2019
20,spotify:track:4KkUjFkcQvGvWekl8RATDn,"6ix9ine, Anuel AA",BEBE (feat. Anuel AA),"ScumGang Records / TenThousand Projects, LLC",8,19,19,742774,AR,Argentina,Q1,2019
21,spotify:track:3trowLiYwwOoiwapLISNyk,"Damas Gratis, Viru Kumbieron",No Te Creas Tan Importante - En Vivo,Pelo Music S.A.,10,15,41,726972,AR,Argentina,Q1,2019
22,spotify:track:04cd1MHVq1D8v1nuTZoCdv,Piso 21,Puntos Suspensivos,WM Mexico,22,24,15,708054,AR,Argentina,Q1,2019
23,spotify:track:62o8KoI44JfN7aYxgTnPvh,Maluma,Mala Mía,Sony Music Latin,8,20,22,658146,AR,Argentina,Q1,2019
24,spotify:track:7zAGi1cps7yYhAajGXlFTH,Paulo Londra,Chica Paranormal,WEA Latina,3,23,25,650903,AR,Argentina,Q1,2019
25,spotify:track:43Q1jBoHh3pQkh3Oy7TA1g,"LIT killah, Agus Padilla",Tan Bien,WM Argentina,23,25,6,616612,AR,Argentina,Q1,2019
26,spotify:track:4uP3pUP18ennmz0tb3GphR,Bad Bunny,Solo de Mi,Rimas Entertainment LLC,26,26,4,613116,AR,Argentina,Q1,2019
27,spotify:track:1DcxnVNFAyVl2sDQ646pXS,KEVIN ROLDAN,PPP,UMLE - Latino,27,27,16,612324,AR,Argentina,Q1,2019
28,spotify:track:0mAkTqg7vQ8YmpQ7o1I6gR,Duki,Lebron,DALE PLAY Records,28,147,2,569294,AR,Argentina,Q1,2019
29,spotify:track:1mT47pKLXUwPYGwB91GcNz,"KAROL G, Maluma",Créeme,UMLE - Latino,29,34,10,550282,AR,Argentina,Q1,2019
30,spotify:track:5qFeMRz4TvetPmzjre9Dq7,"J Balvin, Zion & Lennox",No Es Justo,UMLE - Latino,5,28,34,516389,AR,Argentina,Q1,2019
31,spotify:track:6q8Lb50EtqNeeJXXe8mMAH,"KAROL G, Anuel AA",Culpables,UMLE - Latino,21,32,17,503581,AR,Argentina,Q1,2019
32,spotify:track:3V8UKqhEK5zBkBb6d6ub8i,"Nio Garcia, Casper Magico, Bad Bunny, Darell, Ozuna, Nicky Jam",Te Boté - Remix,"Flow La Movie, Inc.",1,29,39,497075,AR,Argentina,Q1,2019
33,spotify:track:2ijef6ni2amuunRoKTlgww,"Becky G, NATTI NATASHA",Sin Pijama,Sony Music Latin,1,30,38,458946,AR,Argentina,Q1,2019
34,spotify:track:1G586ld1gbaECg4Bc6w40O,"Thalia, NATTI NATASHA",No Me Acuerdo,Sony Music Latin,14,31,32,457066,AR,Argentina,Q1,2019
35,spotify:track:59PYgzOiOjGDzjDT5N5oOX,"Brytiago, Daddy Yankee, Ozuna, Anuel AA, Darell",Asesina - Remix,Business Music,27,36,10,455441,AR,Argentina,Q1,2019
36,spotify:track:5NrIX1ozc9LGt19ISgPDIY,"TINI, Sebastian Yatra",Quiero Volver,5020 Records,22,33,23,448695,AR,Argentina,Q1,2019
37,spotify:track:2rPE9A1vEgShuZxxzR2tZH,Ariana Grande,"thank u, next",Republic Records,23,37,10,436282,AR,Argentina,Q1,2019
38,spotify:track:58qmrrvUkA09szrox83VDp,"Papichamp, ECKO",Árabe,Wapeo,22,35,23,429956,AR,Argentina,Q1,2019
39,spotify:track:5VsHkOtg0Llpa6mTGZhp5e,LIT killah,Si Te Vas,WM Argentina,20,40,19,421234,AR,Argentina,Q1,2019
40,spotify:track:1uARbfg2RXPtyr6sqVQUif,"C.R.O, Duki",Ella Es una G,Nocita,13,38,8,416046,AR,Argentina,Q1,2019
41,spotify:track:278kSqsZIiYp8p3QjYAqa8,Bad Bunny,NI BIEN NI MAL,Rimas Entertainment LLC,41,49,3,409255,AR,Argentina,Q1,2019
42,spotify:track:2aMVyJSuDFFL1sTjJnvk7X,"Paulo Londra, Lenny Tavárez",Nena Maldición (feat. Lenny Tavárez),WEA Latina,5,39,50,404893,AR,Argentina,Q1,2019
43,spotify:track:4DNzemGNnckcJSr8DVk8Uj,"Duki, Leby",No Me Llores,DALE PLAY Records,8,42,22,399056,AR,Argentina,Q1,2019
44,spotify:track:5Q3e16qE1RE5oilN3ukasm,"Ozuna, Lunay, Rauw Alejandro, Lyanno",Luz Apaga,VP Records Corp/Dimelo Vi,34,41,7,397304,AR,Argentina,Q1,2019
45,spotify:track:3rPAD722s5FFNnwjC91t7Z,Anuel AA,Quiere Beber,"2018 Real Hasta La Muerte, Inc.",15,43,22,374993,AR,Argentina,Q1,2019
46,spotify:track:675w3ACw5xZR3ODhUJlEVN,Manuel Turizo,Sola,Sony Music Latin/La Industria,46,53,7,374057,AR,Argentina,Q1,2019
47,spotify:track:0TYtHWzASro5sMrV1UvpUC,ECKO,Bye,ECKO,34,45,16,359553,AR,Argentina,Q1,2019
48,spotify:track:6XBjCetHKdO5L9cwMDVffw,"Anuel AA, Zion",Hipócrita,"2018 Real Hasta La Muerte, Inc.",30,47,25,358670,AR,Argentina,Q1,2019
49,spotify:track:31M5m42C3EGlbydf9XB5to,"Leslie Grace, Noriel",Duro y Suave,Sony Music Latin,25,44,50,356978,AR,Argentina,Q1,2019
50,spotify:track:7fa9MBXhVfQ8P8Df9OEbD8,"Maroon 5, Cardi B",Girls Like You (feat. Cardi B) - Cardi B Version,Interscope Records*,39,55,32,336357,AR,Argentina,Q1,2019
1,spotify:track:224EVTFiLsdQignUFLvDeH,"Dalex, Rafa Pabön, KHEA, Sech, Feid, Cazzu, Lenny Tavárez",Pa Mí (Remix),Rich Music/Ingrooves Records,1,2,9,2221730,AR,Argentina,Q2,2019
2,spotify:track:0OWcpVA83HI8Pb5DybDuoX,"Neo Pistea, C.R.O, Obie Wanshot, YSY A, Cazzu, KHEA, Lucho SSJ, Coqeéin Montana, Marcianos Crew, Duki","Tumbando el Club (feat. C.R.O, Obiewanshot, YSY A, Cazzu, Khea, Lucho SSJ, Coqeéin Montana, Marcianos Crew & Duki) - Remix",Columbia,2,3,3,2205767,AR,Argentina,Q2,2019
3,spotify:track:5w9c2J52mkdntKOmRLeM2m,"Daddy Yankee, Snow",Con Calma,Craft Latino,1,1,11,2040526,AR,Argentina,Q2,2019
4,spotify:track:46lvmzK8wxAy66tjzXXSh0,Paulo Londra,Tal Vez,WEA Latina,4,82,2,1703137,AR,Argentina,Q2,2019
5,spotify:track:5W83ErFkO3aKAIS1WMi6u0,"Anuel AA, KAROL G",Secreto,Anuel AA & Karol G - Secreto,2,4,13,1484871,AR,Argentina,Q2,2019
6,spotify:track:5iwz1NiezX7WWjnCgY5TH4,"Pedro Capó, Farruko",Calma - Remix,Sony Music Latin,1,5,23,1341189,AR,Argentina,Q2,2019
7,spotify:track:6FyRXC8tJUh863JCkyWqtk,Paulo Londra,Adan y Eva,WEA Latina,1,6,23,1203585,AR,Argentina,Q2,2019
8,spotify:track:31UjYv5vLsDkzchJOtUMtW,Maluma,HP,Sony Music Latin,8,8,6,1135207,AR,Argentina,Q2,2019
9,spotify:track:5BDP2tky8oMQJPS33frKVp,"Sebastian Yatra, Reik",Un Año,UMLE - Latino,6,9,12,1071557,AR,Argentina,Q2,2019
10,spotify:track:0s5DNDV6LAKn2u2Ufa3VjQ,"Mau y Ricky, Manuel Turizo, Camilo",Desconocidos,Sony Music Latin,3,7,25,1064457,AR,Argentina,Q2,2019
11,spotify:track:7uH27oIt4a6cIFCA8ZPcyG,Ozuna,Baila Baila Baila,Aura Music Corp.,8,10,14,979985,AR,Argentina,Q2,2019
12,spotify:track:2qG5sZ7Si6sdK74qLxedYM,"ROSALÍA, J Balvin, El Guincho",Con Altura,Columbia,12,19,2,970647,AR,Argentina,Q2,2019
13,spotify:track:5NPzbTzFxIQPaheZuPhn4f,Paulo Londra,Forever Alone,WEA Latina,8,11,9,932791,AR,Argentina,Q2,2019
14,spotify:track:6v0lAdFF4haL8xjBIUjtOw,"Nicky Jam, Ozuna",Te Robaré,Sony Music Latin,14,14,3,929697,AR,Argentina,Q2,2019
15,spotify:track:1Kjer1JoWuJGNwGV6Pbgv1,Sebastian Yatra,Cristina,UMLE - Latino,15,18,3,910940,AR,Argentina,Q2,2019
16,spotify:track:1LiN0Z98FkR1t0m8KmLcAH,"Anuel AA, Haze",Amanece,House of Haze,10,12,17,882300,AR,Argentina,Q2,2019
17,spotify:track:3dLiBBKbeUIhzGNeuo5JGS,"Duki, DrefQuila",Sin Culpa (feat.DrefQuila),SSJ Records / DALE PLAY Records,3,15,18,809488,AR,Argentina,Q2,2019
18,spotify:track:059bcIhyc2SBwm6sw2AZzd,"Piso 21, Micro TDH",Te Vi,WM Mexico,15,17,15,795751,AR,Argentina,Q2,2019
19,spotify:track:6MJUCumnQsQEKbCy28tbCP,"Daddy Yankee, Anuel AA",Adictiva,Craft Latino,4,13,22,788582,AR,Argentina,Q2,2019
20,spotify:track:4lzxJ4jCuFDXXGkE1LmpKR,"DJ Luian, Mambo Kingz, Anuel AA, Nicky Jam, Darell, Brytiago",Verte Ir,Hear This Music,20,34,2,781737,AR,Argentina,Q2,2019
21,spotify:track:2D3z17LBMJ2HEHeBFFjTLi,J Balvin,Reggaeton,UMLE - Latino,7,16,21,721330,AR,Argentina,Q2,2019
22,spotify:track:3g4UyIcQwutiG0TfW32GnX,"Manuel Turizo, Ozuna",Esclavo de Tus Besos,Sony Music Latin/La Industria,21,21,8,674152,AR,Argentina,Q2,2019
23,spotify:track:116H0KvKr2Zl4RPuVBruDO,"Bad Bunny, Drake",MIA,Rimas Entertainment LLC,2,20,26,590822,AR,Argentina,Q2,2019
24,spotify:track:6ocbgoVGwYJhOv1GgI9NsF,Ariana Grande,7 rings,Republic Records,15,23,12,588713,AR,Argentina,Q2,2019
25,spotify:track:04cd1MHVq1D8v1nuTZoCdv,Piso 21,Puntos Suspensivos,WM Mexico,18,22,28,585248,AR,Argentina,Q2,2019
26,spotify:track:2Fxmhks0bxGSBdJ92vM42m,Billie Eilish,bad guy,Darkroom/Interscope Records,26,32,2,578118,AR,Argentina,Q2,2019
27,spotify:track:7kuRvjpeUcn6qNV9IBXC2C,"Cauty, Brytiago, Darell, Cosculluela, Rafa Pabön, Chencho Corleone",Ta To Gucci (Remix),"Take Over Inc./Limitless Records,LLC.",19,24,16,572382,AR,Argentina,Q2,2019
28,spotify:track:2XXMDz7SPZ4mSFN1PXfHUy,"Becky G, Paulo Londra",Cuando Te Besé,Sony Music Latin,1,28,36,561014,AR,Argentina,Q2,2019
29,spotify:track:2IA8cFA46DkjgbsRG7kKbp,"Amenazzy, Nicky Jam, Farruko",Baby,Rimas Music,28,29,14,555432,AR,Argentina,Q2,2019
30,spotify:track:1mT47pKLXUwPYGwB91GcNz,"KAROL G, Maluma",Créeme,UMLE - Latino,26,27,23,554329,AR,Argentina,Q2,2019
31,spotify:track:22sESxzbY1O1E19xjOTaYf,Rombai,Me Voy,Sony Music Latin,7,25,28,547562,AR,Argentina,Q2,2019
32,spotify:track:3f5lA8nnc4YYF1qf78WpHw,"Anuel AA, Romeo Santos",Ella Quiere Beber - Remix,"Real Hasta La Muerte, LLC",15,26,23,543052,AR,Argentina,Q2,2019
33,spotify:track:2VxeLyX666F8uXCJ0dZF8B,"Lady Gaga, Bradley Cooper",Shallow,A Star is Born OST,24,33,22,514953,AR,Argentina,Q2,2019
34,spotify:track:1DcxnVNFAyVl2sDQ646pXS,KEVIN ROLDAN,PPP,UMLE - Latino,20,30,29,511836,AR,Argentina,Q2,2019
35,spotify:track:6cLWKCBNawunqBHmyzdG7v,WOS,TERRAZA,PICANTE,34,36,3,499253,AR,Argentina,Q2,2019
36,spotify:track:7BuHdm4lQqcyG3qTwdkxus,"Wisin & Yandel, Romeo Santos",Aullando,Sony Music Latin,36,40,8,494095,AR,Argentina,Q2,2019
37,spotify:track:3JjaofJ0lCeEsFSZqppzOp,"Sean Paul, J Balvin",Contra La Pared,Universal-Island Records Ltd.,37,51,4,493233,AR,Argentina,Q2,2019
38,spotify:track:4cuGZb0iFyHtwaSKdKrJkF,"Luis Fonsi, Ozuna",Imposible,UMLE - Latino,13,35,25,485796,AR,Argentina,Q2,2019
39,spotify:track:3aozFlnbP7zhcJKi9O0FUz,"Modo Diablo, Duki, Neo Pistea, YSY A","TRAP.N.EXPORT (feat. Duki, Ysy A & Neo Pistea)",Modo Diablo,32,37,9,469837,AR,Argentina,Q2,2019
40,spotify:track:7dNwJbsT0sg1le5kVugGJb,"Becky G, Prince Royce, DJ Luian, Mambo Kingz, Anuel AA",Bubalu,Hear This Music,19,38,22,467963,AR,Argentina,Q2,2019
41,spotify:track:2zDj4WjbNDmrRL6Z4YjjCA,"Reik, Maluma",Amigos Con Derechos,Columbia,9,41,32,446962,AR,Argentina,Q2,2019
42,spotify:track:7uQmJ1jgNzBpATSoWKSPFu,"Sebastian Yatra, Mau y Ricky",Ya No Tiene Novio,UMLE - Latino,4,31,35,441623,AR,Argentina,Q2,2019
43,spotify:track:5KbBGUpIZd6gVFUU8tqYiQ,"Myke Towers, Farruko",Si Se Da,2019 Casablanca Records & One World Music | Distributed by GLAD Empire,43,54,5,436396,AR,Argentina,Q2,2019
44,spotify:track:278kSqsZIiYp8p3QjYAqa8,Bad Bunny,NI BIEN NI MAL,Rimas Entertainment LLC,22,42,16,420862,AR,Argentina,Q2,2019
45,spotify:track:08aYFNUTIOMGq93e2VSArQ,"Rauw Alejandro, Nicky Jam",Que Le De,"Duars Entertainment, Corp.",43,49,10,419532,AR,Argentina,Q2,2019
46,spotify:track:42NACeANuRucHuCOFL5umq,"Seven Kayne, KHEA, Bhavi, Omar Varela, MYKKA",Buenos Aires,MUEVA,44,44,3,418144,AR,Argentina,Q2,2019
47,spotify:track:4T4CZ3Q4z3GG7lU720YYhM,"Lunay, Gaby Music, Chris Jedi",Soltera,round2media - LaFamilia,47,50,5,417216,AR,Argentina,Q2,2019
48,spotify:track:43Q1jBoHh3pQkh3Oy7TA1g,"LIT killah, Agus Padilla",Tan Bien,WM Argentina,21,48,19,412457,AR,Argentina,Q2,2019
49,spotify:track:3CACzG9I3AoKUKA3ODE5zW,"Damas Gratis, Viru Kumbieron",Me Vas a Extrañar - En Vivo,Pelo Music S.A.,4,43,31,403149,AR,Argentina,Q2,2019
50,spotify:track:4KkUjFkcQvGvWekl8RATDn,"6ix9ine, Anuel AA",BEBE (feat. Anuel AA),"ScumGang Records / TenThousand Projects, LLC",8,46,32,397273,AR,Argentina,Q2,2019
1,spotify:track:1Ej96GIBCTvgH7tNX1r3qr,"Sech, Darell",Otro Trago,Rich Music/Ingrooves Records,1,1,11,2229582,AR,Argentina,Q3,2019
2,spotify:track:2TH65lNHgvLxCKXM3apjxI,"Bad Bunny, Tainy",Callaita,Rimas Entertainment LLC,2,3,6,1919397,AR,Argentina,Q3,2019
3,spotify:track:1c0hsvHLELX6y8qymnpLKL,"Lunay, Daddy Yankee, Bad Bunny",Soltera (Remix),round2media - LaFamilia,2,2,9,1895501,AR,Argentina,Q3,2019
4,spotify:track:0TK2YIli7K1leLovkQiNik,"Shawn Mendes, Camila Cabello",Señorita,Island Records,4,5,3,1496833,AR,Argentina,Q3,2019
5,spotify:track:5jW3rF4URMdK7tO2xjS5EI,Paulo Londra,Tal Vez,WEA Latina,1,4,15,1481124,AR,Argentina,Q3,2019
6,spotify:track:2qG5sZ7Si6sdK74qLxedYM,"ROSALÍA, J Balvin, El Guincho",Con Altura,Columbia,5,7,15,1351953,AR,Argentina,Q3,2019
7,spotify:track:7g8YaUQABMal0zWe7a2ijz,"Dalex, Rafa Pabön, KHEA, Sech, Feid, Cazzu, Lenny Tavárez",Pa Mí (Remix),Rich Music/Ingrooves Records,1,6,22,1309508,AR,Argentina,Q3,2019
8,spotify:track:7anSoGdgtmJTAPZBzcPhO6,"Dalex, Nicky Jam, Justin Quiles, Sech, Lenny Tavárez, Feid, Rafa Pabön",Cuaderno,Rich Music/Ingrooves Records,8,8,9,1247569,AR,Argentina,Q3,2019
9,spotify:track:4R8BJggjosTswLxtkw8V7P,"JHAYCO, J Balvin, Bad Bunny",No Me Conoce - Remix,N&E Entertainment LLC,9,10,8,1157429,AR,Argentina,Q3,2019
10,spotify:track:07L6tEZIfCX3GZAWCpGj0e,"TINI, Greeicy",22,5020 Records,9,9,10,1107156,AR,Argentina,Q3,2019
11,spotify:track:7KbF6AdprOXEEHlsq11Z6d,Maluma,11 PM,Sony Music Latin,10,11,8,1050987,AR,Argentina,Q3,2019
12,spotify:track:6v0lAdFF4haL8xjBIUjtOw,"Nicky Jam, Ozuna",Te Robaré,Sony Music Latin,9,15,16,1023643,AR,Argentina,Q3,2019
13,spotify:track:7BuSE9uTIw931wtZYzvZcQ,"Sebastian Yatra, Daddy Yankee, NATTI NATASHA, Jonas Brothers",Runaway,UMLE - Latino,13,14,3,978190,AR,Argentina,Q3,2019
14,spotify:track:7fODjB7BrQTGqh0hogW6XD,"Sech, Justin Quiles, Maluma, Nicky Jam, Farruko, Dalex, Lenny Tavárez",Que Mas Pues - Remix,Rich Music/Ingrooves Records,14,16,13,943103,AR,Argentina,Q3,2019
15,spotify:track:5w9c2J52mkdntKOmRLeM2m,"Daddy Yankee, Snow",Con Calma,Craft Latino,1,13,24,930061,AR,Argentina,Q3,2019
16,spotify:track:5qN1G8fSHq4Sv5FRoOkNGu,Paulo Londra,Por Eso Vine,WEA Latina,16,19,7,898695,AR,Argentina,Q3,2019
17,spotify:track:4lzxJ4jCuFDXXGkE1LmpKR,"DJ Luian, Mambo Kingz, Anuel AA, Nicky Jam, Darell, Brytiago",Verte Ir,Hear This Music,7,18,15,847643,AR,Argentina,Q3,2019
18,spotify:track:624AL3EwsrgGIp6bdwmXgo,"Duki, KHEA",Hitboy,DALE PLAY Records,6,12,6,842855,AR,Argentina,Q3,2019
19,spotify:track:3H9GDhVVTlmFQSmpt51qiP,"Paulo Londra, De La Ghetto, Justin Quiles",Solo Pienso En Ti (feat. De La Ghetto & Justin Quiles),WEA Latina,7,17,9,807530,AR,Argentina,Q3,2019
20,spotify:track:0OWcpVA83HI8Pb5DybDuoX,"Neo Pistea, C.R.O, Obie Wanshot, YSY A, Cazzu, KHEA, Lucho SSJ, Coqeéin Montana, Marcianos Crew, Duki","Tumbando el Club (feat. C.R.O, Obiewanshot, YSY A, Cazzu, Khea, Lucho SSJ, Coqeéin Montana, Marcianos Crew & Duki) - Remix",Columbia,2,20,16,791127,AR,Argentina,Q3,2019
21,spotify:track:132ALUzVLmqYB4UsBj5qD6,Paulo Londra,Adan y Eva,WEA Latina,1,23,36,745713,AR,Argentina,Q3,2019
22,spotify:track:7tAFzqPUa2G7EziujIPP7K,j mena,La Cobra,LEB Records,1,22,9,737028,AR,Argentina,Q3,2019
23,spotify:track:19S1u14a1mNsryjT7Nb7ri,"j mena, Cazzu",Quien Empezó,LEB Records,21,21,2,704190,AR,Argentina,Q3,2019
24,spotify:track:5s8LepdwU0THzpd0M7nLsa,Ozuna,Te Soñé de Nuevo,Aura Music Corp.,24,26,5,671587,AR,Argentina,Q3,2019
25,spotify:track:25ZAibhr3bdlMCLmubZDVt,"J Balvin, Bad Bunny",QUE PRETENDES,Universal Music Latino / Rimas,25,25,2,650380,AR,Argentina,Q3,2019
26,spotify:track:5W83ErFkO3aKAIS1WMi6u0,"Anuel AA, KAROL G",Secreto,Anuel AA & Karol G - Secreto,2,24,26,642900,AR,Argentina,Q3,2019
27,spotify:track:0fea68AdmYNygeTGI4RC18,"J Balvin, Bad Bunny",LA CANCIÓN,Universal Music Latino / Rimas,27,40,2,642687,AR,Argentina,Q3,2019
28,spotify:track:5iwz1NiezX7WWjnCgY5TH4,"Pedro Capó, Farruko",Calma - Remix,Sony Music Latin,1,30,36,638636,AR,Argentina,Q3,2019
29,spotify:track:2vrpcQNg6itmgVZWsNjWe0,"Sebastian Yatra, Reik",Un Año,UMLE - Latino,6,29,25,619708,AR,Argentina,Q3,2019
30,spotify:track:7kh95COsNZjnTmc6aF76n7,Paulo Londra,Homerun (Intro),WEA Latina,10,27,7,613355,AR,Argentina,Q3,2019
31,spotify:track:1LIqNVhaIgxXUt2eVoIQJ3,Maluma,HP,Sony Music Latin,7,28,19,604808,AR,Argentina,Q3,2019
32,spotify:track:2Fxmhks0bxGSBdJ92vM42m,Billie Eilish,bad guy,Darkroom/Interscope Records,21,33,15,576336,AR,Argentina,Q3,2019
33,spotify:track:703iVQrfbQsXt7Uzgy1h8k,Sebastian Yatra,Cristina,UMLE - Latino,11,31,16,576280,AR,Argentina,Q3,2019
34,spotify:track:5KbBGUpIZd6gVFUU8tqYiQ,"Myke Towers, Farruko",Si Se Da,2019 Casablanca Records & One World Music | Distributed by GLAD Empire,24,32,18,574167,AR,Argentina,Q3,2019
35,spotify:track:56f5qnyAlZdlz8wrUDA50h,"Mau y Ricky, Manuel Turizo, Camilo",Desconocidos,Sony Music Latin,3,35,38,540898,AR,Argentina,Q3,2019
36,spotify:track:37eGbhE1xVFSvcKkqGb6i1,"Sean Paul, J Balvin",Contra La Pared,Universal-Island Records Ltd.,22,34,17,530476,AR,Argentina,Q3,2019
37,spotify:track:1LiN0Z98FkR1t0m8KmLcAH,"Anuel AA, Haze",Amanece,House of Haze,10,38,30,472901,AR,Argentina,Q3,2019
38,spotify:track:3dLiBBKbeUIhzGNeuo5JGS,"Duki, DrefQuila",Sin Culpa (feat.DrefQuila),SSJ Records / DALE PLAY Records,3,36,31,466612,AR,Argentina,Q3,2019
39,spotify:track:6MbSMSXrSlvsyHf4kcaLQi,Paulo Londra,No Puedo,WEA Latina,23,39,7,459474,AR,Argentina,Q3,2019
40,spotify:track:6qoIFQfdmaQF9A1gb67tR7,KAROL G,Ocean,UMLE - Latino,35,37,10,451940,AR,Argentina,Q3,2019
41,spotify:track:7MRU4vOkywuhZ9kbFiPuiu,"Daddy Yankee, Wisin & Yandel",Si Supieras,El Cartel Records (EC3),41,49,2,450558,AR,Argentina,Q3,2019
42,spotify:track:0UQwlF2pRkr1lMN6kNNUj3,"Mau y Ricky, Camilo",La Boca,Sony Music Latin,42,45,10,430769,AR,Argentina,Q3,2019
43,spotify:track:2E82gORVSA7UMEz5M1IP3b,KAROL G,Punto G,UMLE - Latino,30,44,13,414556,AR,Argentina,Q3,2019
44,spotify:track:3HVWdVOQ0ZA45FuZGSfvns,"Ed Sheeran, Justin Bieber",I Don't Care (with Justin Bieber),Atlantic Records UK,29,42,9,412578,AR,Argentina,Q3,2019
45,spotify:track:0m1zfGk4oYfj4NxBLNheHZ,Cazzu,Visto a las 00:00,Rimas Entertainment LLC,34,41,6,401754,AR,Argentina,Q3,2019
46,spotify:track:5lwVd35Zg6DJ4qibVMq99H,"Luis Fonsi, Sebastian Yatra, Nicky Jam",Date La Vuelta,UMLE - Latino,36,43,11,397725,AR,Argentina,Q3,2019
47,spotify:track:7mWFF4gPADjTQjC97CgFVt,"Ozuna, Daddy Yankee, J Balvin, Farruko, Anuel AA",Baila Baila Baila - Remix,VP Records Corp/Dimelo Vi,23,47,11,389482,AR,Argentina,Q3,2019
48,spotify:track:5nLJL6DLanZaAq8DVkBs62,"Cazzu, Duki, Neo Pistea, YSY A",La Clase,Rimas Entertainment LLC,46,46,6,377178,AR,Argentina,Q3,2019
49,spotify:track:059bcIhyc2SBwm6sw2AZzd,"Piso 21, Micro TDH",Te Vi,WM Mexico,15,51,28,356218,AR,Argentina,Q3,2019
50,spotify:track:22sESxzbY1O1E19xjOTaYf,Rombai,Me Voy,Sony Music Latin,7,53,41,353720,AR,Argentina,Q3,2019
1,spotify:track:4BCPItsB94KDLuERZT3aNM,"TINI, Lalo Ebratt",Fresa,5020 Records,1,3,5,1947639,AR,Argentina,Q4,2019
2,spotify:track:1EoEU4HY57qaITp06TkC6B,Duki,Goteo,SSJ Records / DALE PLAY Records,1,1,10,1927634,AR,Argentina,Q4,2019
3,spotify:track:2ksOAxtIxY8yElEWw8RhgK,"Anuel AA, Daddy Yankee, KAROL G, J Balvin, Ozuna",China,"2019 Real Hasta La Muerte, LLC.",1,2,12,1855327,AR,Argentina,Q4,2019
4,spotify:track:2UAWYufVaO3EnUUNzl0ppO,WOS,CANGURO,DOGUITO Records / DALE PLAY Records,3,5,9,1797696,AR,Argentina,Q4,2019
5,spotify:track:1nocRtwyNPVtGcIJqfgdzZ,"Camilo, Pedro Capó",Tutu,Sony Music Latin,4,4,9,1673273,AR,Argentina,Q4,2019
6,spotify:track:3jbT1Y5MoPwEIpZndDDwVq,"Tainy, Anuel AA, Ozuna",Adicto (with Anuel AA & Ozuna),NEON16/Interscope Records,6,7,7,1531743,AR,Argentina,Q4,2019
7,spotify:track:5uHAzGa4d9j35DEbhUwGhi,WOS,MELÓN VINO,DOGUITO Records / DALE PLAY Records,7,15,5,1453659,AR,Argentina,Q4,2019
8,spotify:track:4R8BJggjosTswLxtkw8V7P,"JHAYCO, J Balvin, Bad Bunny",No Me Conoce - Remix,N&E Entertainment LLC,5,8,21,1303275,AR,Argentina,Q4,2019
9,spotify:track:2S93hylQBYLndMnaJuso8S,"Bizarrap, Nicki Nicole","Nicki Nicole: Bzrp Music Sessions, Vol. 13/66",DALE PLAY Records,1,6,9,1241056,AR,Argentina,Q4,2019
10,spotify:track:7ouulWlZPefmEIGYWNyiPH,"Bizarrap, Trueno","Trueno: Bzrp Music Sessions, Vol. 16/66",DALE PLAY Records,10,-1,1,1236062,AR,Argentina,Q4,2019
11,spotify:track:7BlBVFwvbWvcwNcUarQmjk,"ROSALÍA, Ozuna","Yo x Ti, Tu x Mi",Columbia,10,10,8,1224067,AR,Argentina,Q4,2019
12,spotify:track:2TH65lNHgvLxCKXM3apjxI,"Bad Bunny, Tainy",Callaita,Rimas Entertainment LLC,2,9,19,1219550,AR,Argentina,Q4,2019
13,spotify:track:0fea68AdmYNygeTGI4RC18,"J Balvin, Bad Bunny",LA CANCIÓN,Universal Music Latino / Rimas,7,12,15,1115121,AR,Argentina,Q4,2019
14,spotify:track:4bTZeO72FwMa6wKOiqoynL,"Sech, Ozuna, Anuel AA, Darell, Nicky Jam",Otro Trago - Remix,Rich Music,2,11,11,1099248,AR,Argentina,Q4,2019
15,spotify:track:1c0hsvHLELX6y8qymnpLKL,"Lunay, Daddy Yankee, Bad Bunny",Soltera (Remix),round2media - LaFamilia,2,13,22,1054647,AR,Argentina,Q4,2019
16,spotify:track:4AjWbAwRpxk2worpjNH5CS,"Rich Music LTD, Sech, Dalex, Justin Quiles, Lenny Tavárez, Feid, Wisin, Zion",Quizas,Rich Music,16,19,3,1016839,AR,Argentina,Q4,2019
17,spotify:track:6v3KW9xbzN5yKLt9YKDYA2,"Shawn Mendes, Camila Cabello",Señorita,Island Records,4,14,16,1009832,AR,Argentina,Q4,2019
18,spotify:track:0blWPYAfbvpRLVHUcmqmmj,WOS,FRESCO,DOGUITO Records / DALE PLAY Records,18,-1,1,985114,AR,Argentina,Q4,2019
19,spotify:track:1ndyl3wJCFs872XZ3ztPk6,"Justin Quiles, NATTI NATASHA, Farruko, Lenny Tavárez, Dalex, Zion","DJ No Pare (feat. Zion, Dalex, Lenny Tavárez) - Remix",WEA Latina,17,17,5,953453,AR,Argentina,Q4,2019
20,spotify:track:7KbF6AdprOXEEHlsq11Z6d,Maluma,11 PM,Sony Music Latin,10,16,21,932471,AR,Argentina,Q4,2019
21,spotify:track:6Y4PDQv4XjYjHLeLmvyOt0,"Sech, Ozuna",Si Te Vas,Rich Music,21,44,2,932070,AR,Argentina,Q4,2019
22,spotify:track:13VEtVCYfLTVsq5STs3SlW,WOS,LUZ DELITO,DOGUITO Records / DALE PLAY Records,22,-1,1,880860,AR,Argentina,Q4,2019
23,spotify:track:25NPeIjHjQGvyp4D52Tji2,WOS,OKUPA,DOGUITO Records / DALE PLAY Records,23,-1,1,849117,AR,Argentina,Q4,2019
24,spotify:track:0m9LriWYZaNi5PesRbFqsb,"Bizarrap, Frijo, Hot Plug Beats","Frijo: Bzrp Music Sessions, Vol. 10/66",DALE PLAY Records,11,21,11,842389,AR,Argentina,Q4,2019
25,spotify:track:5jW3rF4URMdK7tO2xjS5EI,Paulo Londra,Tal Vez,WEA Latina,1,18,28,827374,AR,Argentina,Q4,2019
26,spotify:track:6K5BsR04ijf3FHNzjbaagD,"Myke Towers, Farruko, Arcángel, Sech, Zion",Si Se Da - Remix,2019 Casablanca Records & One World Music | Distributed by GLAD Empire,21,22,10,803131,AR,Argentina,Q4,2019
27,spotify:track:6mAN61JH0dzyZpWslS11jy,"Rauw Alejandro, Farruko",Fantasias,"(SME US Latin) Duars Entertainment, Corp. (2)",27,33,5,800457,AR,Argentina,Q4,2019
28,spotify:track:684EjRHwNsZQ9hCQxL4NYL,"Dímelo Flow, Nicky Jam, Sech, Farruko, Zion, Lunay","El Favor (with Nicky Jam & Sech, feat. Farruko, Zion & Lunay)",Rich Music/Interscope Records,23,24,6,793024,AR,Argentina,Q4,2019
29,spotify:track:2qG5sZ7Si6sdK74qLxedYM,"ROSALÍA, J Balvin, El Guincho",Con Altura,Columbia,5,20,28,785805,AR,Argentina,Q4,2019
30,spotify:track:7anSoGdgtmJTAPZBzcPhO6,"Dalex, Nicky Jam, Justin Quiles, Sech, Lenny Tavárez, Feid, Rafa Pabön",Cuaderno,Rich Music/Ingrooves Records,8,23,22,768488,AR,Argentina,Q4,2019
31,spotify:track:3R1yxKhYKoXqaztyQflEH8,"KHEA, Duki, Cazzu, Neo Pistea, Tali Goya","Tengo 30 (feat. Duki, Cazzu, Neo Pistea & Tali Goya)",Young Flex - Khea,31,43,2,755786,AR,Argentina,Q4,2019
32,spotify:track:07L6tEZIfCX3GZAWCpGj0e,"TINI, Greeicy",22,5020 Records,9,25,23,752836,AR,Argentina,Q4,2019
33,spotify:track:4SQFu2eDYHTD9DdRVG3vU3,Nicki Nicole,Años Luz,DALE PLAY Records,21,26,7,749108,AR,Argentina,Q4,2019
34,spotify:track:7fODjB7BrQTGqh0hogW6XD,"Sech, Justin Quiles, Maluma, Nicky Jam, Farruko, Dalex, Lenny Tavárez",Que Mas Pues - Remix,Rich Music/Ingrooves Records,14,27,26,728136,AR,Argentina,Q4,2019
35,spotify:track:0VMxiFeuVhG3Hu7NHnge9e,WOS,PANTANO,DOGUITO Records / DALE PLAY Records,35,-1,1,726987,AR,Argentina,Q4,2019
36,spotify:track:1KfrcxnOLyDhd3p4hGrhVe,"Chris Viz, Young Vene",Diavla,420music,28,28,9,716400,AR,Argentina,Q4,2019
37,spotify:track:7g8YaUQABMal0zWe7a2ijz,"Dalex, Rafa Pabön, KHEA, Sech, Feid, Cazzu, Lenny Tavárez",Pa Mí (Remix),Rich Music/Ingrooves Records,1,29,35,714093,AR,Argentina,Q4,2019
38,spotify:track:7xRWmHZ2wt3zDgM5mAL0JU,"Bizarrap, Alemán","Aleman: Bzrp Music Sessions, Vol. 15/66",DALE PLAY Records,30,30,4,710728,AR,Argentina,Q4,2019
39,spotify:track:2EEmzqzM70CybVspgM7YRT,"Mau y Ricky, Camilo, Lunay",La Boca - Remix,Sony Music Latin,31,34,12,698626,AR,Argentina,Q4,2019
40,spotify:track:59s0s39NFWScuHDbHytI14,"Reik, J Balvin, Lalo Ebratt",Indeciso,Indeciso,39,40,7,682387,AR,Argentina,Q4,2019
41,spotify:track:4SJHHpKhcuXwDsCsPqshXj,"Rauw Alejandro, Chencho Corleone",El Efecto,"Duars Entertainment, Corp.",30,35,26,681198,AR,Argentina,Q4,2019
42,spotify:track:1DckcUSLpCfYsD1htu4JnF,"Bizarrap, Trueno","Trueno: Bzrp Freestyle Sessions, Vol. 6",DALE PLAY Records,17,36,14,679084,AR,Argentina,Q4,2019
43,spotify:track:3KekO5WUfJsh7kYU9o2w50,"Nicky Jam, Sech",Atrévete,Sony Music Latin,37,37,10,675846,AR,Argentina,Q4,2019
44,spotify:track:5ctNuquTVDsfMb9jKzsYu0,Nicki Nicole,Wapo Traketero,DALE PLAY Records,15,32,18,667021,AR,Argentina,Q4,2019
45,spotify:track:25ZAibhr3bdlMCLmubZDVt,"J Balvin, Bad Bunny",QUE PRETENDES,Universal Music Latino / Rimas,19,31,15,664315,AR,Argentina,Q4,2019
46,spotify:track:1tpbAGsGpZee5jDHMcLrUJ,"Dalex, Lenny Tavárez",Bellaquita,Rich Music,41,41,5,649760,AR,Argentina,Q4,2019
47,spotify:track:7BuSE9uTIw931wtZYzvZcQ,"Sebastian Yatra, Daddy Yankee, NATTI NATASHA, Jonas Brothers",Runaway,UMLE - Latino,13,38,16,643122,AR,Argentina,Q4,2019
48,spotify:track:6v0lAdFF4haL8xjBIUjtOw,"Nicky Jam, Ozuna",Te Robaré,Sony Music Latin,9,39,29,627657,AR,Argentina,Q4,2019
49,spotify:track:5099x34vBakWpGkHourFxP,"Maluma, J Balvin",Qué Pena,Sony Music Latin,49,55,2,603496,AR,Argentina,Q4,2019
50,spotify:track:3wNiMUFSp0H7zF7QH4vCPq,WOS,NO VA A BAJAR,DOGUITO Records / DALE PLAY Records,50,-1,1,593684,AR,Argentina,Q4,2019
1,spotify:track:3KkXRkHbMCARz0aVfEt68P,"Post Malone, Swae Lee",Sunflower - Spider-Man: Into the Spider-Verse,Universal Records,1,1,12,2033591,AU,Australia,Q1,2019
2,spotify:track:6MWtB6iiXyIwun0YzU6DFP,Post Malone,Wow.,Republic Records,2,4,3,1645312,AU,Australia,Q1,2019
3,spotify:track:5p7ujcrUXASCNwRaWNHR1C,Halsey,Without Me,Capitol Records,1,3,14,1613363,AU,Australia,Q1,2019
4,spotify:track:2rPE9A1vEgShuZxxzR2tZH,Ariana Grande,"thank u, next",Republic Records,1,2,10,1524605,AU,Australia,Q1,2019
5,spotify:track:25sgk305KZfyuqVBQIahim,Ava Max,Sweet but Psycho,Atlantic Records,4,5,15,1503990,AU,Australia,Q1,2019
6,spotify:track:7FGq80cy8juXBCD2nrqdWU,"benny blanco, Halsey, Khalid",Eastside (with Halsey & Khalid),Friends Keep Secrets/Interscope Records,1,6,26,1238104,AU,Australia,Q1,2019
7,spotify:track:6zeeWid2sgw4lap2jV61PZ,Khalid,Better,"Right Hand Music Group, LLC/RCA Records",4,8,17,1081327,AU,Australia,Q1,2019
8,spotify:track:4ofwffwvvnbSkrMSCKQDaC,George Ezra,Shotgun,Columbia,3,7,25,1030395,AU,Australia,Q1,2019
9,spotify:track:2xLMifQCjDGFmkHkpNLD9h,Travis Scott,SICKO MODE,Cactus Jack / Epic,7,9,23,1024934,AU,Australia,Q1,2019
10,spotify:track:27rdGxbavYJeBphck5MZAF,"Mark Ronson, Miley Cyrus",Nothing Breaks Like a Heart (feat. Miley Cyrus),Columbia,5,10,6,969915,AU,Australia,Q1,2019
11,spotify:track:2dpaYNEQHiRxtZbfNsse99,"Marshmello, Bastille",Happier,Joytime Collective,2,11,21,925771,AU,Australia,Q1,2019
12,spotify:track:7K7MUBCnzgBAvMVW2RTWNs,"Loud Luxury, Brando",Body,Armada Music,12,12,29,859693,AU,Australia,Q1,2019
13,spotify:track:3EPXxR3ImUwfayaurPi3cm,Dean Lewis,Be Alright,Universal Music Australia Pty. Ltd.,1,15,28,856167,AU,Australia,Q1,2019
14,spotify:track:14JzyD6FlBD5z0wV5P07YI,Billie Eilish,when the party's over,Darkroom/Interscope Records,2,16,13,821716,AU,Australia,Q1,2019
15,spotify:track:5JEx7HbmvHQQswJCsoo9rA,"Ellie Goulding, Diplo, Swae Lee",Close To Me (with Diplo) (feat. Swae Lee),Polydor Records,15,21,11,819530,AU,Australia,Q1,2019
16,spotify:track:2VxeLyX666F8uXCJ0dZF8B,"Lady Gaga, Bradley Cooper",Shallow,A Star is Born OST,5,19,14,813084,AU,Australia,Q1,2019
17,spotify:track:2iUXsYOEPhVqEBwsqP70rE,5 Seconds of Summer,Youngblood,Capitol,1,13,39,804150,AU,Australia,Q1,2019
18,spotify:track:03Pg5wDlaYAZlTNLeAfl2r,Hilltop Hoods,Leave Me Lonely,Universal Music Australia Pty. Ltd.,17,17,7,803071,AU,Australia,Q1,2019
19,spotify:track:0TBFJanfWaByPIi3f7RR82,KIAN,Waiting,KB Recording Pty Ltd,19,23,21,789709,AU,Australia,Q1,2019
20,spotify:track:2RSHsoi04658QL5xgQVov3,Imagine Dragons,Bad Liar,Kid Ina Korner / Interscope,14,14,9,776025,AU,Australia,Q1,2019
21,spotify:track:5Fla3zyOCcIRqrDoKLU0DP,Rita Ora,Let You Love Me,Atlantic Records UK,15,18,16,767403,AU,Australia,Q1,2019
22,spotify:track:5kfNriitmkNE8mUbZ7gbq8,Khalid,Saturday Nights,"Right Hand Music Group, LLC/RCA Records",22,27,10,751073,AU,Australia,Q1,2019
23,spotify:track:0E9ZjEAyAwOXZ7wJC0PD33,"Dynoro, Gigi D'Agostino",In My Mind,Columbia/B1 Recordings,8,22,25,741716,AU,Australia,Q1,2019
24,spotify:track:05mAIVLkIWc2d1UBYZBCp8,"Charli xcx, Troye Sivan",1999,Atlantic Records UK,13,24,14,716873,AU,Australia,Q1,2019
25,spotify:track:0todbbT9g5uQGbeFCiBf2F,Ariana Grande,imagine,Republic Records,14,20,4,689055,AU,Australia,Q1,2019
26,spotify:track:3id2EVGKc3eFAMn9nFnB0r,Lukas Graham,Love Someone,Warner Records,26,30,17,685015,AU,Australia,Q1,2019
27,spotify:track:0FZ4Dmg8jJJAPJnvBIzD9z,"Kodak Black, Offset, Travis Scott",ZEZE (feat. Travis Scott & Offset),Atlantic Records,9,26,13,678042,AU,Australia,Q1,2019
28,spotify:track:7dt6x5M1jzdTEt8oCbisTK,Post Malone,Better Now,Republic Records,1,25,37,675308,AU,Australia,Q1,2019
29,spotify:track:1rqqCSm0Qe4I9rUvWncaom,Panic! At The Disco,High Hopes,DCD2 / Fueled By Ramen,9,36,29,663706,AU,Australia,Q1,2019
30,spotify:track:2IRZnDFmlqMuOrYOLnZZyc,"Meek Mill, Drake",Going Bad (feat. Drake),MMG/Atlantic,28,28,6,655577,AU,Australia,Q1,2019
31,spotify:track:5tAa8Uaqr4VvA3693mbIhU,Zara Larsson,Ruin My Life,Epic/Record Company TEN,20,31,12,646058,AU,Australia,Q1,2019
32,spotify:track:3KLygy1YWhmrQx0GRs7IOx,"Jonas Blue, Jack & Jack",Rise,Positiva,10,33,31,618694,AU,Australia,Q1,2019
33,spotify:track:5N5k9nd479b1xpDZ4usjrg,"Calvin Harris, Sam Smith, Jessie Reyez",Promises (with Sam Smith),Columbia,5,29,21,596486,AU,Australia,Q1,2019
34,spotify:track:2LskIZrCeLxRvCiGP8gxlh,"XXXTENTACION, Lil Pump, Swae Lee, Maluma",Arms Around You (feat. Maluma & Swae Lee),Warner Records,10,32,11,590389,AU,Australia,Q1,2019
35,spotify:track:1xzBco0xcoJEDXktl7Jxrr,Sheck Wes,Mo Bamba,Cactus Jack Records/ G.O.O.D. Music/ Interscope Records,19,34,16,586010,AU,Australia,Q1,2019
36,spotify:track:7FjZU7XFs7P9jHI9Z0yRhK,"NOTD, Felix Jaehn, Captain Cuts, Georgia Ku",So Close,Universal Music AB,36,38,9,572811,AU,Australia,Q1,2019
37,spotify:track:7fa9MBXhVfQ8P8Df9OEbD8,"Maroon 5, Cardi B",Girls Like You (feat. Cardi B) - Cardi B Version,Interscope Records*,3,35,32,541665,AU,Australia,Q1,2019
38,spotify:track:7nGuT0EfqQ1TXcADEKwB6Q,Morgan Evans,Day Drunk,Warner Records,38,43,13,541571,AU,Australia,Q1,2019
39,spotify:track:285pBltuF7vW8TeWk8hdRR,Juice WRLD,Lucid Dreams,Juice WRLD Mixtape / ISR P&D,6,37,34,530870,AU,Australia,Q1,2019
40,spotify:track:5IaHrVsrferBYDm0bDyABy,"Tyga, Offset",Taste (feat. Offset),Last Kings Music / EMPIRE,5,40,34,527723,AU,Australia,Q1,2019
41,spotify:track:2BgEsaKNfHUdlh97KmvFyo,Anne-Marie,2002,Atlantic Records UK,9,44,38,524446,AU,Australia,Q1,2019
42,spotify:track:0e7ipj03S05BNilyu5bRzt,"Post Malone, 21 Savage",rockstar (feat. 21 Savage),Republic Records,1,41,69,506058,AU,Australia,Q1,2019
43,spotify:track:7pdF27mSDuPWhppnHAmWHa,XXXTENTACION,whoa (mind in awe),Bad Vibes Forever / EMPIRE,22,49,5,501505,AU,Australia,Q1,2019
44,spotify:track:75ZvA4QfFiZvzhj2xkaWAh,Post Malone,I Fall Apart,Universal Records,1,48,68,495810,AU,Australia,Q1,2019
45,spotify:track:7tFiyTwD0nx5a1eklYtX2J,Queen,Bohemian Rhapsody - Remastered 2011,Hollywood Records,24,42,13,493849,AU,Australia,Q1,2019
46,spotify:track:4S8d14HvHb70ImctNgVzQQ,"Kanye West, Lil Pump",I Love It (& Lil Pump),"Getting Out Our Dreams, Inc./Def Jam Recordings",1,46,18,484153,AU,Australia,Q1,2019
47,spotify:track:3ee8Jmje8o58CHK66QrVC2,XXXTENTACION,SAD!,"Bad Vibes Forever, LLC",3,50,45,479516,AU,Australia,Q1,2019
48,spotify:track:6DCZcSspjsKoFjzjrWoCdn,Drake,God's Plan,Cash Money/Drake LP6,1,39,51,471457,AU,Australia,Q1,2019
49,spotify:track:3swc6WTsr7rl9DqQKQA55C,"Post Malone, Ty Dolla $ign",Psycho (feat. Ty Dolla $ign),Republic Records,1,47,46,464925,AU,Australia,Q1,2019
50,spotify:track:1NJcg626wLln4pGHpiV7mf,"Billie Eilish, Khalid",lovely (with Khalid),Darkroom,5,51,38,464733,AU,Australia,Q1,2019
1,spotify:track:2Fxmhks0bxGSBdJ92vM42m,Billie Eilish,bad guy,Darkroom/Interscope Records,1,1,2,2670614,AU,Australia,Q2,2019
2,spotify:track:53CJANUxooaqGOtdsBTh7O,Lil Nas X,Old Town Road,Columbia,2,15,5,1463736,AU,Australia,Q2,2019
3,spotify:track:3Fj47GNK2kUF0uaEDgXLaD,Billie Eilish,wish you were gay,Darkroom/Interscope Records,2,2,6,1327234,AU,Australia,Q2,2019
4,spotify:track:4y3OI86AEP6PQoDE6olYhO,Jonas Brothers,Sucker,Jonas Brothers Recording,1,4,6,1326143,AU,Australia,Q2,2019
5,spotify:track:6TqXcAFInzjp0bODyvrWEq,"Khalid, Disclosure",Talk (feat. Disclosure),"Right Hand Music Group, LLC/RCA Records",4,9,9,1231510,AU,Australia,Q2,2019
6,spotify:track:3KkXRkHbMCARz0aVfEt68P,"Post Malone, Swae Lee",Sunflower - Spider-Man: Into the Spider-Verse,Universal Records,1,7,25,1205630,AU,Australia,Q2,2019
7,spotify:track:1tNJrcVe6gwLEiZCtprs1u,Dominic Fike,3 Nights,Columbia,6,10,15,1160290,AU,Australia,Q2,2019
8,spotify:track:6MWtB6iiXyIwun0YzU6DFP,Post Malone,Wow.,Republic Records,2,8,16,1138217,AU,Australia,Q2,2019
9,spotify:track:4SSnFejRGlZikf02HLewEF,Billie Eilish,bury a friend,Darkroom/Interscope Records,2,3,11,1124325,AU,Australia,Q2,2019
10,spotify:track:6u7jPi22kF8CTQ3rb9DHE7,"Lil Nas X, Billy Ray Cyrus",Old Town Road (feat. Billy Ray Cyrus) - Remix,Columbia,10,-1,1,1112889,AU,Australia,Q2,2019
11,spotify:track:5icOoE6VgqFKohjWWNp0Ac,"Marshmello, CHVRCHES",Here With Me,Joytime Collective,8,13,5,1061050,AU,Australia,Q2,2019
12,spotify:track:2XKFnwB6djxrJCjR3PdeRb,Khalid,My Bad,"Right Hand Music Group, LLC/RCA Records",9,18,5,1005289,AU,Australia,Q2,2019
13,spotify:track:09oZ9eXQ2fo6YDrPzJqAoP,"Khalid, John Mayer",Outta My Head (with John Mayer),"Right Hand Music Group, LLC/RCA Records",13,-1,1,991696,AU,Australia,Q2,2019
14,spotify:track:43zdsphuZLzwA9k4DJhU0I,Billie Eilish,when the party's over,Darkroom/Interscope Records,2,6,26,954323,AU,Australia,Q2,2019
15,spotify:track:6ocbgoVGwYJhOv1GgI9NsF,Ariana Grande,7 rings,Republic Records,1,12,12,918895,AU,Australia,Q2,2019
16,spotify:track:7COXchtUOMd6uIT6HvmRaI,"Lauv, Troye Sivan",i'm so tired...,Lauv,8,19,11,892395,AU,Australia,Q2,2019
17,spotify:track:6tsOcBnaKgzK22yEiqRh8P,"Ariana Grande, Victoria Monét",MONOPOLY (with Victoria Monét),Republic Records,17,65,2,846932,AU,Australia,Q2,2019
18,spotify:track:4kV4N9D1iKVxx1KLvtTpjS,Ariana Grande,"break up with your girlfriend, i'm bored",Republic Records,2,17,9,841274,AU,Australia,Q2,2019
19,spotify:track:6zeeWid2sgw4lap2jV61PZ,Khalid,Better,"Right Hand Music Group, LLC/RCA Records",4,40,30,838950,AU,Australia,Q2,2019
20,spotify:track:6IRdLKIyS4p7XNiP8r6rsx,Billie Eilish,all the good girls go to hell,Darkroom/Interscope Records,5,5,2,822553,AU,Australia,Q2,2019
21,spotify:track:4pUCKHjJ4Ijewc37rRrvHn,BLACKPINK,Kill This Love,"YG Entertainment, distributed through Interscope Records",21,-1,1,820219,AU,Australia,Q2,2019
22,spotify:track:6Qs4SXO9dwPj5GKvVOv8Ki,"Sam Smith, Normani",Dancing With A Stranger (with Normani),PLG - Capitol,5,21,13,797955,AU,Australia,Q2,2019
23,spotify:track:7FGq80cy8juXBCD2nrqdWU,"benny blanco, Halsey, Khalid",Eastside (with Halsey & Khalid),Friends Keep Secrets/Interscope Records,1,24,39,765053,AU,Australia,Q2,2019
24,spotify:track:5p7ujcrUXASCNwRaWNHR1C,Halsey,Without Me,Capitol Records,1,23,27,752610,AU,Australia,Q2,2019
25,spotify:track:2dpaYNEQHiRxtZbfNsse99,"Marshmello, Bastille",Happier,Joytime Collective,2,28,34,701416,AU,Australia,Q2,2019
26,spotify:track:7ql71hBakyMi0Lxiq3Mugs,"The Chainsmokers, 5 Seconds of Summer",Who Do You Love,Disruptor Records/Columbia,13,26,9,688743,AU,Australia,Q2,2019
27,spotify:track:5WHTFyqSii0lmT9R21abT8,Mabel,Don't Call Me Up,Polydor Records,27,41,9,684929,AU,Australia,Q2,2019
28,spotify:track:2VxeLyX666F8uXCJ0dZF8B,"Lady Gaga, Bradley Cooper",Shallow,A Star is Born OST,5,27,27,682375,AU,Australia,Q2,2019
29,spotify:track:1wJRveJZLSb1rjhnUHQiv6,"A Boogie Wit da Hoodie, 6ix9ine",Swervin (feat. 6ix9ine),Highbridge the Label / Atlantic Records,29,34,10,681320,AU,Australia,Q2,2019
30,spotify:track:0TBFJanfWaByPIi3f7RR82,KIAN,Waiting,KB Recording Pty Ltd,13,31,34,661825,AU,Australia,Q2,2019
31,spotify:track:0uUNN1nSoUx1A4fkDCWDQ7,Ava Max,So Am I,Atlantic Records,31,35,4,660444,AU,Australia,Q2,2019
32,spotify:track:2TIlqbIneP0ZY1O0EzYLlc,Lewis Capaldi,Someone You Loved,Vertigo Berlin,32,38,11,651251,AU,Australia,Q2,2019
33,spotify:track:3Tc57t9l2O8FwQZtQOvPXK,Billie Eilish,my strange addiction,Darkroom/Interscope Records,14,14,2,649504,AU,Australia,Q2,2019
34,spotify:track:4QIo4oxwzzafcBWkKjDpXY,Billie Eilish,xanny,Darkroom/Interscope Records,11,11,2,632652,AU,Australia,Q2,2019
35,spotify:track:3XF5xLJHOQQRbWya6hBp7d,Billie Eilish,you should see me in a crown,Darkroom/Interscope Records,16,16,20,631528,AU,Australia,Q2,2019
36,spotify:track:5FXVrJhAOEEGhV6UonjE9N,Dean Lewis,7 Minutes,Universal Music Australia Pty. Ltd.,14,32,12,624075,AU,Australia,Q2,2019
37,spotify:track:2JvzF1RMd7lE3KmFlsyZD8,J. Cole,MIDDLE CHILD,"Dreamville, Inc., Under exclusive license to Roc Nation Records",11,29,11,622609,AU,Australia,Q2,2019
38,spotify:track:2H4gf1wLxvYreMj1jcaN0k,Dean Lewis,Be Alright,Universal Music Australia Pty. Ltd.,1,33,41,622492,AU,Australia,Q2,2019
39,spotify:track:1NJcg626wLln4pGHpiV7mf,"Billie Eilish, Khalid",lovely (with Khalid),Darkroom,5,43,51,611281,AU,Australia,Q2,2019
40,spotify:track:25sgk305KZfyuqVBQIahim,Ava Max,Sweet but Psycho,Atlantic Records,4,37,28,603305,AU,Australia,Q2,2019
41,spotify:track:3e9HZxeyfWwjeyPAMmWSSQ,Ariana Grande,"thank u, next",Republic Records,1,39,23,577201,AU,Australia,Q2,2019
42,spotify:track:7eBqSVxrzQZtK2mmgRG6lC,YNW Melly,Murder on My Mind,P2018,25,36,8,575074,AU,Australia,Q2,2019
43,spotify:track:3qLBz3j26AHO2jBYUQWLA6,"Drax Project, Hailee Steinfeld",Woke Up Late (feat. Hailee Steinfeld),300 Entertainment,33,45,8,574964,AU,Australia,Q2,2019
44,spotify:track:5kfNriitmkNE8mUbZ7gbq8,Khalid,Saturday Nights,"Right Hand Music Group, LLC/RCA Records",19,64,23,570759,AU,Australia,Q2,2019
45,spotify:track:2iUXsYOEPhVqEBwsqP70rE,5 Seconds of Summer,Youngblood,Capitol,1,44,52,563560,AU,Australia,Q2,2019
46,spotify:track:4c2cdWv3GLKoP12tY0OzZl,"Hilltop Hoods, Illy, Ecca Vandal",Exit Sign,Universal Music Australia Pty. Ltd.,46,58,7,552808,AU,Australia,Q2,2019
47,spotify:track:7DHApOHsIFo7EyfieArYGE,P!nk,Walk Me Home,RCA Records Label,43,48,7,531270,AU,Australia,Q2,2019
48,spotify:track:2xLMifQCjDGFmkHkpNLD9h,Travis Scott,SICKO MODE,Cactus Jack / Epic,7,42,36,530838,AU,Australia,Q2,2019
49,spotify:track:7qEKqBCD2vE5vIBsrUitpD,Billie Eilish,ilomilo,Darkroom/Interscope Records,22,22,2,520066,AU,Australia,Q2,2019
50,spotify:track:6CcJMwBtXByIz4zQLzFkKc,Billie Eilish,i love you,Darkroom/Interscope Records,20,20,2,511833,AU,Australia,Q2,2019
1,spotify:track:0TK2YIli7K1leLovkQiNik,"Shawn Mendes, Camila Cabello",Señorita,Island Records,1,1,3,2240890,AU,Australia,Q3,2019
2,spotify:track:4evmHXcjt3bTUHD1cvny97,"Ed Sheeran, Khalid",Beautiful People (feat. Khalid),Atlantic Records UK,2,2,2,1582714,AU,Australia,Q3,2019
3,spotify:track:6vBdBCoOhKHiYDDOcorfNo,"Post Malone, Young Thug",Goodbyes (feat. Young Thug),Republic Records,3,-1,1,1572715,AU,Australia,Q3,2019
4,spotify:track:2Fxmhks0bxGSBdJ92vM42m,Billie Eilish,bad guy,Darkroom/Interscope Records,1,4,15,1438404,AU,Australia,Q3,2019
5,spotify:track:3HVWdVOQ0ZA45FuZGSfvns,"Ed Sheeran, Justin Bieber",I Don't Care (with Justin Bieber),Atlantic Records UK,1,3,9,1433557,AU,Australia,Q3,2019
6,spotify:track:6u7jPi22kF8CTQ3rb9DHE7,"Lil Nas X, Billy Ray Cyrus",Old Town Road (feat. Billy Ray Cyrus) - Remix,Columbia,2,5,14,1276847,AU,Australia,Q3,2019
7,spotify:track:7qEHsqek33rTcFNT9PFqLf,Lewis Capaldi,Someone You Loved,Vertigo Berlin,4,8,24,1140112,AU,Australia,Q3,2019
8,spotify:track:5PYQUBXc7NYeI1obMKSJK0,Katy Perry,Never Really Over,Capitol Records,7,9,6,1073367,AU,Australia,Q3,2019
9,spotify:track:5ry2OE6R2zPQFDO85XkgRb,"Drake, Rick Ross",Money In The Grave (Drake ft. Rick Ross),Republic Records,5,7,4,1069469,AU,Australia,Q3,2019
10,spotify:track:1DFD5Fotzgn6yYXkYsKiGs,"MEDUZA, Goodboys",Piece Of Your Heart,Intercord,10,10,11,1064380,AU,Australia,Q3,2019
11,spotify:track:29fRTIKsJhLUJoldM89GZS,Taylor Swift,You Need To Calm Down,Taylor Swift,5,6,4,1018779,AU,Australia,Q3,2019
12,spotify:track:6fTt0CH2t0mdeB2N9XFG5r,Lil Nas X,Panini,Columbia,12,12,3,1003596,AU,Australia,Q3,2019
13,spotify:track:59zWQR2wQnSlkG4xTTwY9d,Guy Sebastian,Choir,Sony Music Entertainment,13,20,5,961631,AU,Australia,Q3,2019
14,spotify:track:6moU77g9RQyMzHNuKEaQKq,Ali Gatie,It's You,Warner Records,13,13,4,909549,AU,Australia,Q3,2019
15,spotify:track:6LsAAHotRLMOHfCsSfYCsz,Shawn Mendes,If I Can't Have You,Island Records,4,15,10,867811,AU,Australia,Q3,2019
16,spotify:track:5qmq61DAAOUaW8AUo8xKhh,Lizzo,Truth Hurts,Nice Life/Atlantic,16,18,11,855803,AU,Australia,Q3,2019
17,spotify:track:0vHmuAr3iAuGBAqMmraa05,Tones And I,Johnny Run Away,Elektra (NEK),16,17,17,852079,AU,Australia,Q3,2019
18,spotify:track:3KkXRkHbMCARz0aVfEt68P,"Post Malone, Swae Lee",Sunflower - Spider-Man: Into the Spider-Verse,Universal Records,1,16,38,827892,AU,Australia,Q3,2019
19,spotify:track:5dW1VZPcFqB4n0P08rGDgm,Blanco Brown,The Git Up,Broken Bow Records,19,33,4,792845,AU,Australia,Q3,2019
20,spotify:track:4tNXntkAzQ5A2dfYRYGIIQ,5 Seconds of Summer,Easier,5 Seconds Of Summer/Interscope,7,19,7,784367,AU,Australia,Q3,2019
21,spotify:track:6XHVuErjQ4XNm6nDPVCxVX,"Chris Brown, Drake",No Guidance (feat. Drake),Chris Brown Entertainment/RCA Records,6,14,5,767642,AU,Australia,Q3,2019
22,spotify:track:1rgnBhdG2JDFTbYkYRZAku,Tones And I,Dance Monkey,Elektra (NEK),22,26,9,763182,AU,Australia,Q3,2019
23,spotify:track:543bCW2ruMPmxUBWirQ3MR,"Ed Sheeran, Chance the Rapper, PnB Rock",Cross Me (feat. Chance the Rapper & PnB Rock),Atlantic Records UK,6,11,7,762812,AU,Australia,Q3,2019
24,spotify:track:5ug4vqGZ3eisGhY1IsziNX,"Ed Sheeran, Yebba",Best Part of Me (feat. YEBBA),Atlantic Records UK,24,-1,1,725618,AU,Australia,Q3,2019
25,spotify:track:05CwHjIk71RXVU40boRMnR,"The Chainsmokers, Bebe Rexha",Call You Mine,Disruptor Records/Columbia,22,22,6,689842,AU,Australia,Q3,2019
26,spotify:track:1abFkY2jm6KDFMZ7RD9YJh,Ruel,Painkiller,RCA Records Label,24,25,10,689006,AU,Australia,Q3,2019
27,spotify:track:1tNJrcVe6gwLEiZCtprs1u,Dominic Fike,3 Nights,Columbia,4,23,28,678494,AU,Australia,Q3,2019
28,spotify:track:51Fjme0JiitpyXKuyQiCDo,"Y2K, bbno$",Lalala,Columbia,28,42,3,667529,AU,Australia,Q3,2019
29,spotify:track:6oJ6le65B3SEqPwMRNXWjY,"Kygo, Whitney Houston",Higher Love,Kygo/RCA Records,29,48,2,635602,AU,Australia,Q3,2019
30,spotify:track:2x0RZdkZcD8QRI53XT4GI5,"Avicii, Aloe Blacc",SOS (feat. Aloe Blacc),Pophouse Entertainment Group,7,27,13,618980,AU,Australia,Q3,2019
31,spotify:track:22vgEDb5hykfaTwLuskFGD,Jonas Brothers,Sucker,Jonas Brothers Recording,1,29,19,615396,AU,Australia,Q3,2019
32,spotify:track:7ILEWkpfdK6AjH2D7jppWk,"Chris Brown, Justin Bieber, Ink",Don't Check On Me (feat. Justin Bieber & Ink),Chris Brown Entertainment/RCA Records,21,21,2,601272,AU,Australia,Q3,2019
33,spotify:track:6TqXcAFInzjp0bODyvrWEq,"Khalid, Disclosure",Talk (feat. Disclosure),"Right Hand Music Group, LLC/RCA Records",4,28,22,599478,AU,Australia,Q3,2019
34,spotify:track:2WyRfGeHo97VC5mP1BBSzr,Miley Cyrus,Mother's Daughter,RCA/Legacy,23,38,6,596415,AU,Australia,Q3,2019
35,spotify:track:0mjAU3yKR1QnXnHtjGJqTM,OneRepublic,Rescue Me,Mosley Music/Interscope Records,15,35,8,578566,AU,Australia,Q3,2019
36,spotify:track:53CJANUxooaqGOtdsBTh7O,Lil Nas X,Old Town Road,Columbia,2,31,18,574101,AU,Australia,Q3,2019
37,spotify:track:7FGq80cy8juXBCD2nrqdWU,"benny blanco, Halsey, Khalid",Eastside (with Halsey & Khalid),Friends Keep Secrets/Interscope Records,1,32,52,571305,AU,Australia,Q3,2019
38,spotify:track:7DcvwMAiqKJQD1rrdfxSDx,"Young Thug, J. Cole, Travis Scott",The London (feat. J. Cole & Travis Scott),300 Entertainment/Atl,10,24,7,559199,AU,Australia,Q3,2019
39,spotify:track:0DiDStADDVh3SvAsoJAFMk,Jonas Brothers,Only Human,Jonas Brothers Recording,30,34,5,534604,AU,Australia,Q3,2019
40,spotify:track:79JBjIq90BrQ8Ws0pUhlzD,Mabel,Mad Love,Polydor Records,37,37,5,528623,AU,Australia,Q3,2019
41,spotify:track:4Y0TtDriFlN3XZoQx6PYsu,Andy Grammer,Don't Give Up On Me,S-Curve Records,41,52,8,525718,AU,Australia,Q3,2019
42,spotify:track:5icOoE6VgqFKohjWWNp0Ac,"Marshmello, CHVRCHES",Here With Me,Joytime Collective,8,44,18,518123,AU,Australia,Q3,2019
43,spotify:track:6MWtB6iiXyIwun0YzU6DFP,Post Malone,Wow.,Republic Records,2,39,29,514557,AU,Australia,Q3,2019
44,spotify:track:1kK6DwzyXJSp58u5HYWwuD,"YG, Tyga, Jon Z","Go Loko (feat. Tyga, Jon Z)",Def Jam Recordings,31,41,10,509445,AU,Australia,Q3,2019
45,spotify:track:4hPpVbbakQNv8YTHYaOJP4,"Marshmello, Kane Brown",One Thing Right,Joytime Collective,45,59,3,504303,AU,Australia,Q3,2019
46,spotify:track:5Uw7Dut2lZfexn3Y09swpf,"Mark Ronson, Camila Cabello",Find U Again (feat. Camila Cabello),Columbia,35,43,6,500200,AU,Australia,Q3,2019
47,spotify:track:2VxeLyX666F8uXCJ0dZF8B,"Lady Gaga, Bradley Cooper",Shallow,A Star is Born OST,5,46,40,491259,AU,Australia,Q3,2019
48,spotify:track:2dpaYNEQHiRxtZbfNsse99,"Marshmello, Bastille",Happier,Joytime Collective,2,47,47,490916,AU,Australia,Q3,2019
49,spotify:track:0vrmHPfoBadXVr2n0m1aqZ,Avicii,Heaven,Pophouse Entertainment Group,19,36,5,490508,AU,Australia,Q3,2019
50,spotify:track:1kBbgxAUc4HQv7cgIayIDH,Lil Tecca,Ransom,Republic Records,50,51,5,487763,AU,Australia,Q3,2019
1,spotify:track:1rgnBhdG2JDFTbYkYRZAku,Tones And I,Dance Monkey,Elektra (NEK),1,1,22,2300017,AU,Australia,Q4,2019
2,spotify:track:21jGcNKet2qwijlDFuPiPb,Post Malone,Circles,Republic Records,2,2,6,1772029,AU,Australia,Q4,2019
3,spotify:track:3eekarcy7kvN4yt5ZFzltW,Travis Scott,HIGHEST IN THE ROOM,Cactus Jack/Epic,3,-1,1,1593496,AU,Australia,Q4,2019
4,spotify:track:7aiClxsDWFRQ0Kzk5KI5ku,blackbear,hot girl bummer,Alamo,4,11,6,1232453,AU,Australia,Q4,2019
5,spotify:track:2wrJq5XKLnmhRXHIAf9xBa,"Dan + Shay, Justin Bieber","10,000 Hours (with Justin Bieber)",Warner Music Nashville,5,-1,1,1216994,AU,Australia,Q4,2019
6,spotify:track:6v3KW9xbzN5yKLt9YKDYA2,"Shawn Mendes, Camila Cabello",Señorita,Island Records,1,3,16,1199032,AU,Australia,Q4,2019
7,spotify:track:70eFcWOvlMObDhURTqT4Fv,"Ed Sheeran, Khalid",Beautiful People (feat. Khalid),Atlantic Records UK,2,4,15,1113873,AU,Australia,Q4,2019
8,spotify:track:2b8fOow8UzyDFAE27YhOZM,Maroon 5,Memories,Interscope Records*,8,23,3,1090036,AU,Australia,Q4,2019
9,spotify:track:2tnVG71enUj33Ic2nFN6kZ,Regard,Ride It,Ministry of Sound Recordings,9,20,5,1082410,AU,Australia,Q4,2019
10,spotify:track:3Yh9lZcWyKrK9GjbhuS0hR,Lizzo,Good as Hell,Nice Life/Atlantic,10,10,14,1060837,AU,Australia,Q4,2019
11,spotify:track:4hPpVbbakQNv8YTHYaOJP4,"Marshmello, Kane Brown",One Thing Right,Joytime Collective,6,6,16,1045723,AU,Australia,Q4,2019
12,spotify:track:26wLOs3ZuHJa2Ihhx6QIE6,5 Seconds of Summer,Teeth,UMGRI Interscope,8,8,7,1034541,AU,Australia,Q4,2019
13,spotify:track:6V9fHiv84WlVTg7CSnIVY2,Halsey,Graveyard,Capitol Records,13,13,4,1032332,AU,Australia,Q4,2019
14,spotify:track:7qEHsqek33rTcFNT9PFqLf,Lewis Capaldi,Someone You Loved,Vertigo Berlin,4,5,37,1002665,AU,Australia,Q4,2019
15,spotify:track:6b2RcmUt1g9N9mQ3CbjX2Y,Sam Smith,How Do You Sleep?,PLG - Capitol,5,9,12,990644,AU,Australia,Q4,2019
16,spotify:track:4vUmTMuQqjdnvlZmAH61Qk,"Ed Sheeran, Camila Cabello, Cardi B",South of the Border (feat. Camila Cabello & Cardi B),Atlantic Records UK,16,35,13,977065,AU,Australia,Q4,2019
17,spotify:track:1DFD5Fotzgn6yYXkYsKiGs,"MEDUZA, Goodboys",Piece Of Your Heart,Intercord,7,7,24,951279,AU,Australia,Q4,2019
18,spotify:track:5qmq61DAAOUaW8AUo8xKhh,Lizzo,Truth Hurts,Nice Life/Atlantic,16,17,24,848580,AU,Australia,Q4,2019
19,spotify:track:5dW1VZPcFqB4n0P08rGDgm,Blanco Brown,The Git Up,Broken Bow Records,11,12,17,845447,AU,Australia,Q4,2019
20,spotify:track:6moU77g9RQyMzHNuKEaQKq,Ali Gatie,It's You,Warner Records,10,19,17,844162,AU,Australia,Q4,2019
21,spotify:track:51Fjme0JiitpyXKuyQiCDo,"Y2K, bbno$",Lalala,Columbia,9,15,16,821336,AU,Australia,Q4,2019
22,spotify:track:2zoNNEAyPK2OGDfajardlY,"Flume, Vera Blue",Rushing Back (feat. Vera Blue),Top Music IP,22,29,2,785544,AU,Australia,Q4,2019
23,spotify:track:1000nHvUdawXuUHgBod4Wv,Lil Nas X,Panini,Columbia,12,21,16,785007,AU,Australia,Q4,2019
24,spotify:track:2Fxmhks0bxGSBdJ92vM42m,Billie Eilish,bad guy,Darkroom/Interscope Records,1,25,28,773372,AU,Australia,Q4,2019
25,spotify:track:3NkJNL3WqO1Lqc3uNDxvCN,"Ariana Grande, Miley Cyrus, Lana Del Rey",Don’t Call Me Angel (Charlie’s Angels) (with Miley Cyrus & Lana Del Rey),Silver Cloud/Charlie's Angels,4,16,4,764138,AU,Australia,Q4,2019
26,spotify:track:0hVXuCcriWRGvwMV1r5Yn9,"Ed Sheeran & Justin Bieber, Justin Bieber",I Don't Care (with Justin Bieber),Atlantic Records UK,1,24,22,759721,AU,Australia,Q4,2019
27,spotify:track:7LzouaWGFCy4tkXDOOnEyM,Camila Cabello,Liar,Syco Music/Epic,27,31,5,758559,AU,Australia,Q4,2019
28,spotify:track:0RiRZpuVRbi7oqRdSMwhQY,"Post Malone, Swae Lee",Sunflower - Spider-Man: Into the Spider-Verse,Republic Records,1,22,51,754951,AU,Australia,Q4,2019
29,spotify:track:322tcqPhma7F6hfCeLisx0,"Lauv, Anne-Marie","fuck, i'm lonely",Lauv,12,27,10,740916,AU,Australia,Q4,2019
30,spotify:track:6vBdBCoOhKHiYDDOcorfNo,"Post Malone, Young Thug",Goodbyes (feat. Young Thug),Republic Records,3,14,14,729358,AU,Australia,Q4,2019
31,spotify:track:0Ryd8975WihbObpp5cPW1t,"Ariana Grande, Social House",boyfriend (with Social House),Republic Records,5,28,10,696780,AU,Australia,Q4,2019
32,spotify:track:0rIAC4PXANcKmitJfoqmVm,Normani,Motivation,Keep Cool/RCA Records,23,33,8,691220,AU,Australia,Q4,2019
33,spotify:track:6XHVuErjQ4XNm6nDPVCxVX,"Chris Brown, Drake",No Guidance (feat. Drake),Chris Brown Entertainment/RCA Records,6,30,18,691057,AU,Australia,Q4,2019
34,spotify:track:05mDaV9Vb3wrzjF6OPZnhq,Post Malone,Saint-Tropez,Republic Records,9,32,5,660727,AU,Australia,Q4,2019
35,spotify:track:44ADyYoY5liaRa3EOAl4uf,Miley Cyrus,Slide Away,RCA/Legacy,13,26,8,647610,AU,Australia,Q4,2019
36,spotify:track:1lOe9qE0vR9zwWQAOk6CoO,Lil Tecca,Ransom,Republic Records,3,18,18,646017,AU,Australia,Q4,2019
37,spotify:track:2grAr8pWMuLWn8ZYEE9wDV,Tones And I,Never Seen the Rain,Elektra (NEK),27,34,12,636813,AU,Australia,Q4,2019
38,spotify:track:6oJ6le65B3SEqPwMRNXWjY,"Kygo, Whitney Houston",Higher Love,Kygo/RCA Records,29,39,15,620155,AU,Australia,Q4,2019
39,spotify:track:59zWQR2wQnSlkG4xTTwY9d,Guy Sebastian,Choir,Sony Music Entertainment,13,36,18,605033,AU,Australia,Q4,2019
40,spotify:track:7x9nXsowok1JszkVztI5NI,"French Montana, Rvssian, Post Malone, Cardi B",Writing on the Wall (feat. Post Malone & Cardi B),Epic/Bad Boy Entertainment,40,76,2,587817,AU,Australia,Q4,2019
41,spotify:track:2YpeDb67231RjR0MgVLzsG,"Lil Nas X, Billy Ray Cyrus",Old Town Road (feat. Billy Ray Cyrus) - Remix,Columbia,2,37,27,577943,AU,Australia,Q4,2019
42,spotify:track:0y675KDleCZEudjoeL1sQQ,Lauv,Feelings,Lauv,42,58,3,568968,AU,Australia,Q4,2019
43,spotify:track:0gCNs3jCCDhObAK0MRghtv,"Drax Project, SIX60",Catching Feelings (feat. SIX60),300 Entertainment,43,52,5,568433,AU,Australia,Q4,2019
44,spotify:track:7FGq80cy8juXBCD2nrqdWU,"benny blanco, Halsey, Khalid",Eastside (with Halsey & Khalid),Friends Keep Secrets/Interscope Records,1,40,65,568062,AU,Australia,Q4,2019
45,spotify:track:6wo37KVqFJhtuxPTpLCcfe,"The Chainsmokers, ILLENIUM, Lennon Stella",Takeaway,Disruptor Records/Columbia,30,43,11,564313,AU,Australia,Q4,2019
46,spotify:track:4sjiIpEv617LDXaidKioOI,"YNW Melly, 9lokknine",223's (feat. 9lokknine),300 Entertainment,45,45,3,552720,AU,Australia,Q4,2019
47,spotify:track:0DiDStADDVh3SvAsoJAFMk,Jonas Brothers,Only Human,Jonas Brothers Recording,30,41,18,549627,AU,Australia,Q4,2019
48,spotify:track:1dGr1c8CrMLDpV6mPbImSI,Taylor Swift,Lover,Taylor Swift,3,38,8,543317,AU,Australia,Q4,2019
49,spotify:track:4fwo6czG5nvOQMzhOto1ya,"Diplo, Jonas Brothers",Lonely (with Jonas Brothers),Columbia,49,109,2,542453,AU,Australia,Q4,2019
50,spotify:track:0vHmuAr3iAuGBAqMmraa05,Tones And I,Johnny Run Away,Elektra (NEK),16,42,30,517333,AU,Australia,Q4,2019
1,spotify:track:5EKHbW7mXcAR4hCyS3YXjb,"Felipe Araújo, Ferrugem",Atrasadinha - Live,Universal Music Ltda.,1,1,16,4493312,BR,Brazil,Q1,2019
2,spotify:track:5ixqGGFu0hdHfErdp32QwT,Gabriel Diniz,Jenifer,Universal Music Ltda.,2,8,10,4292990,BR,Brazil,Q1,2019
3,spotify:track:5yH8pYxNckOU1cxfPsMIaz,"DENNIS, MC Kevinho",Agora é Tudo Meu,Sony Music Entertainment,3,6,5,3675614,BR,Brazil,Q1,2019
4,spotify:track:2qkNnJvQvhLiZ63X1L3eFz,Zé Neto & Cristiano,Notificação Preferida - Ao Vivo,Som Livre,2,3,30,3649508,BR,Brazil,Q1,2019
5,spotify:track:3Hb9kUdm4yf839Fle4RIdT,"MC L da Vinte, MC Gury",Parado no Bailão,Funk Explode,1,2,15,3581445,BR,Brazil,Q1,2019
6,spotify:track:2lAyctg5FocS67eksHoyIg,"Márcia Fellipe, Jerry Smith",Quem Me Dera,Universal Music Ltda.,4,5,12,3353392,BR,Brazil,Q1,2019
7,spotify:track:2X8sssaxS5GReg6945B6RW,Wesley Safadão,Só Pra Castigar,Wesley Safadao,4,7,17,3172298,BR,Brazil,Q1,2019
8,spotify:track:2H1liABu20HXBOmbt5SQz1,Marília Mendonça,Ciumeira - Ao Vivo,Som Livre,1,4,20,3055768,BR,Brazil,Q1,2019
9,spotify:track:0kCqaybZgYcLYxzZymmBoc,Henrique & Juliano,"Quem Pegou, Pegou - Ao Vivo",Virgin Music Label And Artist Services (S&D),7,10,20,2642607,BR,Brazil,Q1,2019
10,spotify:track:0PaAB17axL9hn88mHiw8g0,"Humberto & Ronaldo, Jerry Smith",Não Fala Não pra Mim,Humberto e Ronaldo,5,9,27,2612267,BR,Brazil,Q1,2019
11,spotify:track:7rLegaz7zKB6EtDNzcslKE,"MC Kevin o Chris, DENNIS",Medley da Gaiola - DENNIS Remix,Sony Music Entertainment,4,11,19,2602951,BR,Brazil,Q1,2019
12,spotify:track:0IQCOAw9ZAI6WnXIrl481F,"Mc Livinho, Rennan da Penha",Hoje Eu Vou Parar Na Gaiola,GR6 Music,12,16,9,2454660,BR,Brazil,Q1,2019
13,spotify:track:4xc6RrWzEOdprPqYn9Cyen,"DENNIS, MC G15",Só Você,Sony Music Entertainment,2,13,24,2378298,BR,Brazil,Q1,2019
14,spotify:track:7KdcbYcVF8LkQeQcTYOixJ,"Luan Santana, MC Kekel",Vingança - Ao Vivo,Som Livre,14,17,17,2321605,BR,Brazil,Q1,2019
15,spotify:track:1IJH7QjV5V99eJBtKXqGXE,Zé Neto & Cristiano,Largado Às Traças - Ao Vivo,Som Livre,1,12,34,2303900,BR,Brazil,Q1,2019
16,spotify:track:1qCLx3nX25NuhfPjM5E1qV,Melim,Ouvi Dizer,Universal Music Ltda.,13,24,25,2179790,BR,Brazil,Q1,2019
17,spotify:track:51HrDv54pSe1IqynORNXBd,"MC Kevinho, MC Kekel",O Bebê,KondZilla,2,14,18,2145657,BR,Brazil,Q1,2019
18,spotify:track:2dmGj5Nf01FcR6N4HPzAbL,Yasmin Santos,Saudade Nível Hard,Sony Music Entertainment,7,15,22,2136826,BR,Brazil,Q1,2019
19,spotify:track:7LPR6AdkOQR9WpEixCGNCk,"Lexa, MC Lan",Sapequinha,Som Livre,12,20,19,2088597,BR,Brazil,Q1,2019
20,spotify:track:0E5S49GCejjIo9Bjmo5Q4z,Marília Mendonça,Sem Sal - Ao Vivo,Som Livre,20,26,11,2054960,BR,Brazil,Q1,2019
21,spotify:track:3o67Yt3Ua1qlSNV22zWUAn,"Maiara & Maraisa, Zé Neto & Cristiano",Traí Sim - Ao Vivo,Som Livre,18,18,6,2041998,BR,Brazil,Q1,2019
22,spotify:track:2PMLdLt5QeOuOgxfAvx1in,"Luan Santana, Jorge & Mateus",Sofazinho - Ao Vivo,Som Livre,6,19,17,2006703,BR,Brazil,Q1,2019
23,spotify:track:13Rf6RaZT13TW4xLQR3MQr,"MC Cabelinho, Bob do Contra, Azzy, Filipe Ret, Dudu, Xamã, Orochi, Maquiny, Pineapple StormTv",Poesia Acústica #6 Era uma Vez,Pineapple StormTV,23,35,2,2004484,BR,Brazil,Q1,2019
24,spotify:track:1KFN3kB4hc6r7ILpifFsqf,Anitta,Veneno,WM Brazil,1,22,9,1989168,BR,Brazil,Q1,2019
25,spotify:track:7uU04pPMnKELpv8mIJ3yLa,Gusttavo Lima,Zé da Recaída - Ao Vivo,Sony Music Entertainment,23,23,11,1809719,BR,Brazil,Q1,2019
26,spotify:track:74n5d5M21JnC4WJ6gdkggK,Jorge & Mateus,Propaganda - Ao Vivo,Som Livre,2,21,46,1772376,BR,Brazil,Q1,2019
27,spotify:track:5U28PY9MekLyCBYtLHGQpe,Melim,Meu Abrigo,Universal Music Ltda.,3,31,33,1719893,BR,Brazil,Q1,2019
28,spotify:track:6pgoGpBkKUvXrrU95j0khl,Henrique & Juliano,Cidade Vizinha - Ao Vivo,Virgin Music Label And Artist Services (S&D),6,25,16,1711309,BR,Brazil,Q1,2019
29,spotify:track:0XEJ7eph2IWFYZc73Jm3n2,Diego & Victor Hugo,Infarto,Sony Music Entertainment,29,30,9,1702031,BR,Brazil,Q1,2019
30,spotify:track:5Vw6ZLNB6Ko7VZM6vmNIbr,"Diego & Victor Hugo, Henrique & Juliano",O Alvo (feat. Henrique & Juliano) - Ao Vivo,Sony Music Entertainment,12,27,51,1614020,BR,Brazil,Q1,2019
31,spotify:track:0H8CBal2Dcu5Yc001VotZN,IZA,Dona de mim,WM Brazil,26,34,15,1584383,BR,Brazil,Q1,2019
32,spotify:track:3mNmUjoDHYDYj08IaRPtg0,"Lucas Lucco, Wesley Safadão",Posto 24h (feat. Wesley Safadão) - Ao Vivo,Sony Music Entertainment,28,28,12,1562087,BR,Brazil,Q1,2019
33,spotify:track:2Ab1wPTEqulaCGoBak1gUo,"Matheus & Kauan, Anitta",Ao Vivo E A Cores,Universal Music Ltda.,1,29,35,1512758,BR,Brazil,Q1,2019
34,spotify:track:6zdrUt0j8guhZfcSF6X2Sb,"POCAH, MC Mirella",Quer mais?,WM Brazil,34,40,9,1511942,BR,Brazil,Q1,2019
35,spotify:track:2rPE9A1vEgShuZxxzR2tZH,Ariana Grande,"thank u, next",Republic Records,7,39,10,1495097,BR,Brazil,Q1,2019
36,spotify:track:2odzriVVZBwYOiYJEj30tm,"Clau, Cortesia Da Casa, Haikaiss",Pouca Pausa,Universal Music Ltda.,8,36,30,1493883,BR,Brazil,Q1,2019
37,spotify:track:3fLqmaO4vvZpFZSZy52VMp,"Lagum, Ana Gabriela",Deixa (feat. Ana Gabriela),Sony Music Entertainment,28,49,31,1426068,BR,Brazil,Q1,2019
38,spotify:track:3HEb6Y5dv8PgD6JgsIQNac,Zé Neto & Cristiano,Bebida Na Ferida - Ao Vivo,Som Livre,25,33,34,1380022,BR,Brazil,Q1,2019
39,spotify:track:1xyVMQx51Kab6eLVtE6twx,"Lauana Prado, Maiara & Maraisa",Cobaia,Universal Music Ltda.,37,37,22,1364707,BR,Brazil,Q1,2019
40,spotify:track:2PADJK4rhdklqFLQFa5oMX,Atitude 67,Cerveja De Garrafa (Fumaça Que Eu Faço) - Ao Vivo Em São Paulo / 2017,Universal Music Ltda.,15,32,55,1341225,BR,Brazil,Q1,2019
41,spotify:track:3FOOdP48VrHCAviC34L84Q,Dilsinho,Péssimo Negócio (Ao Vivo),Sony Music Entertainment,41,55,10,1299219,BR,Brazil,Q1,2019
42,spotify:track:0vT797IpZpF5o1XLCnWCUL,"Ferrugem, Bruno Cardoso",É natural (Participação especial de Bruno Cardoso) - Ao vivo,WM Brazil,36,41,22,1287936,BR,Brazil,Q1,2019
43,spotify:track:2JVbZEpewmqNlSzmXJTx2E,"Ina Wroldsen, Alok",Favela,Syco Music UK,4,47,21,1247774,BR,Brazil,Q1,2019
44,spotify:track:0qFHLde09T8wwoxQOhGtJQ,"MC Kekel, Dani Russo",Solteiro Nunca Está Só,KondZilla,27,38,12,1239010,BR,Brazil,Q1,2019
45,spotify:track:4fMjqKYYsvtT6Fvca8lGFl,Turma do Pagode,Sua Mãe Vai Me Amar,Turma do Pagode Produções Artísticas ltda.,42,42,26,1221830,BR,Brazil,Q1,2019
46,spotify:track:1T7aSWZQIorPMzRT8jTMXc,Marília Mendonça,Bebi Liguei - Ao Vivo,Som Livre,46,60,4,1215293,BR,Brazil,Q1,2019
47,spotify:track:6FWMkcaZyKS8I60zR6ro7h,MC Kevin o Chris,Dentro do Carro,ADpar,46,50,13,1208627,BR,Brazil,Q1,2019
48,spotify:track:2BF6mQdYAkLmeRQmX7YyPy,"Baco Exu do Blues, 1LUM3",Me Desculpa Jay Z,999,27,67,7,1200111,BR,Brazil,Q1,2019
49,spotify:track:4R5xvs5X0phd0EYWyGigju,Anitta,Medicina,WM Brazil,1,48,25,1188977,BR,Brazil,Q1,2019
50,spotify:track:7oEr56KG6odStlQH0nvdyr,Gustavo Mioto,Solteiro Não Trai - Ao Vivo,Gustavo Mioto,50,56,5,1155855,BR,Brazil,Q1,2019
1,spotify:track:2x8TNY9KwNvD19gVGs4WOP,MC Kevin o Chris,Ela É do Tipo,ADpar,1,3,4,4434194,BR,Brazil,Q2,2019
2,spotify:track:5eMmT4Ava5BGThju0AD8vQ,Gusttavo Lima,Cem Mil - Ao Vivo,Sony Music Entertainment,1,1,24,3322925,BR,Brazil,Q2,2019
3,spotify:track:6sRLrSetyIwIKhW1eMlUNP,"Matheus & Kauan, Marília Mendonça",Vou Ter Que Superar - Ao Vivo,Universal Music Ltda.,3,4,3,3128945,BR,Brazil,Q2,2019
4,spotify:track:2H8ETIUEoN9YMf56X66bxd,"Anitta, LUDMILLA, Snoop Dogg, Papatinho",Onda diferente (feat. Papatinho),WM Brazil,4,-1,1,3013077,BR,Brazil,Q2,2019
5,spotify:track:1OUPXna2MCgAt3VNmXJBtg,"Tropkillaz, J Balvin, Anitta, ZAAC",Bola Rebola,Universal Music Ltda.,1,2,7,2776094,BR,Brazil,Q2,2019
6,spotify:track:3RbXsVQr4jeTxvT35Hssq3,Marília Mendonça,Bebi Liguei - Ao Vivo,Som Livre,2,7,17,2553754,BR,Brazil,Q2,2019
7,spotify:track:5EKHbW7mXcAR4hCyS3YXjb,"Felipe Araújo, Ferrugem",Atrasadinha - Live,Universal Music Ltda.,1,6,29,2513569,BR,Brazil,Q2,2019
8,spotify:track:5pRGXCDY0eT6R1QicAn7Uk,"João Gustavo e Murilo, Analaga",Lençol Dobrado,WM Brazil,8,17,23,2483923,BR,Brazil,Q2,2019
9,spotify:track:7KdcbYcVF8LkQeQcTYOixJ,"Luan Santana, MC Kekel",Vingança - Ao Vivo,Som Livre,9,10,30,2384794,BR,Brazil,Q2,2019
10,spotify:track:7oEr56KG6odStlQH0nvdyr,Gustavo Mioto,Solteiro Não Trai - Ao Vivo,Gustavo Mioto,8,8,18,2265395,BR,Brazil,Q2,2019
11,spotify:track:6YjyT6MEMsMc41NNWk2dYg,"Marília Mendonça, Maiara & Maraisa",Bebaça - Ao Vivo,Som Livre,11,11,7,2234533,BR,Brazil,Q2,2019
12,spotify:track:2lAyctg5FocS67eksHoyIg,"Márcia Fellipe, Jerry Smith",Quem Me Dera,Universal Music Ltda.,4,9,25,2205027,BR,Brazil,Q2,2019
13,spotify:track:7FiIQXpIeLo3ITfGGpb8PB,"MC Kevin o Chris, FP do Trem Bala",Vamos pra Gaiola,ADPAR Produções,2,5,13,2188399,BR,Brazil,Q2,2019
14,spotify:track:4eB8rsNNm5791m3uvEBNLR,Zé Neto & Cristiano,Estado Decadente - Acústico,Som Livre,10,12,13,2097170,BR,Brazil,Q2,2019
15,spotify:track:6PqUdUGS4h5aGY7YyEGXr8,"Alok, Felix Jaehn, The Vamps",All The Lies (with Felix Jaehn & The Vamps),Intercord,14,19,4,2017312,BR,Brazil,Q2,2019
16,spotify:track:1xyVMQx51Kab6eLVtE6twx,"Lauana Prado, Maiara & Maraisa",Cobaia,Universal Music Ltda.,16,16,35,1956642,BR,Brazil,Q2,2019
17,spotify:track:0IQCOAw9ZAI6WnXIrl481F,"Mc Livinho, Rennan da Penha",Hoje Eu Vou Parar Na Gaiola,GR6 Music,5,15,22,1950970,BR,Brazil,Q2,2019
18,spotify:track:5yH8pYxNckOU1cxfPsMIaz,"DENNIS, MC Kevinho",Agora é Tudo Meu,Sony Music Entertainment,3,14,18,1919323,BR,Brazil,Q2,2019
19,spotify:track:0XEJ7eph2IWFYZc73Jm3n2,Diego & Victor Hugo,Infarto,Sony Music Entertainment,9,21,22,1865655,BR,Brazil,Q2,2019
20,spotify:track:2eSnW4d3A4SyEVhVPmBffa,"Anitta, Becky G",Banana,WM Brazil,20,-1,1,1847149,BR,Brazil,Q2,2019
21,spotify:track:2VxeLyX666F8uXCJ0dZF8B,"Lady Gaga, Bradley Cooper",Shallow,A Star is Born OST,3,13,28,1846374,BR,Brazil,Q2,2019
22,spotify:track:2qkNnJvQvhLiZ63X1L3eFz,Zé Neto & Cristiano,Notificação Preferida - Ao Vivo,Som Livre,2,20,43,1840952,BR,Brazil,Q2,2019
23,spotify:track:2caDAj0O4uD8OlJ8bap9nz,"LUDMILLA, Anitta",Favela chegou - Ao vivo,WM Brazil,12,18,7,1824769,BR,Brazil,Q2,2019
24,spotify:track:5qm2otRZaeZaqdLVVohUjq,"Anitta, Swae Lee",Poquito,Warner Music Group - X5 Music Group,24,-1,1,1808083,BR,Brazil,Q2,2019
25,spotify:track:1qCLx3nX25NuhfPjM5E1qV,Melim,Ouvi Dizer,Universal Music Ltda.,13,23,38,1727452,BR,Brazil,Q2,2019
26,spotify:track:7G2XZhDNHo7SSDWSVxC0UT,"Anitta, MC Kevinho",Terremoto,WM Brazil,1,22,10,1692211,BR,Brazil,Q2,2019
27,spotify:track:1U62BQhqoJK5j9SI03aBys,Anitta,Atención,WM Brazil,27,-1,1,1640063,BR,Brazil,Q2,2019
28,spotify:track:5MMrkwK6AgNAsgHVdC7daZ,Dilsinho,Péssimo Negócio (Ao Vivo),Sony Music Entertainment,24,24,23,1586891,BR,Brazil,Q2,2019
29,spotify:track:4pUCKHjJ4Ijewc37rRrvHn,BLACKPINK,Kill This Love,"YG Entertainment, distributed through Interscope Records",29,-1,1,1578373,BR,Brazil,Q2,2019
30,spotify:track:2mJOngYlqgfdLMBSxPcJL3,"Jerry Smith, Wesley Safadão",Quem Tem o Dom,Produtora X,15,26,11,1544624,BR,Brazil,Q2,2019
31,spotify:track:3mNmUjoDHYDYj08IaRPtg0,"Lucas Lucco, Wesley Safadão",Posto 24h (feat. Wesley Safadão) - Ao Vivo,Sony Music Entertainment,23,29,25,1487589,BR,Brazil,Q2,2019
32,spotify:track:3NpRkAnxexTh4TklAZNjag,"Mc Don Juan, Mc Davi, Perera DJ",Bye Bye,GR6 Music,32,42,4,1465286,BR,Brazil,Q2,2019
33,spotify:track:7wMAgaPiKzTNxpDWu2BPfk,Gabriel Diniz,Jenifer,Universal Music Ltda.,1,28,23,1459439,BR,Brazil,Q2,2019
34,spotify:track:7D5F5BzIon5zhzQrOU2pdN,Marília Mendonça,Ciumeira - Ao Vivo,Som Livre,1,27,33,1458205,BR,Brazil,Q2,2019
35,spotify:track:7KicgcwT4Pz6wENOTJCNTp,"Anitta, Prince Royce",Rosa,WM Brazil,35,-1,1,1428055,BR,Brazil,Q2,2019
36,spotify:track:0EZuXcsnjEmGuRYdFdcctX,Marília Mendonça,Sem Sal - Ao Vivo,Som Livre,20,31,24,1399767,BR,Brazil,Q2,2019
37,spotify:track:2X8sssaxS5GReg6945B6RW,Wesley Safadão,Só Pra Castigar,Wesley Safadao,4,32,30,1393898,BR,Brazil,Q2,2019
38,spotify:track:3o67Yt3Ua1qlSNV22zWUAn,"Maiara & Maraisa, Zé Neto & Cristiano",Traí Sim - Ao Vivo,Som Livre,18,36,19,1386761,BR,Brazil,Q2,2019
39,spotify:track:13Rf6RaZT13TW4xLQR3MQr,"MC Cabelinho, Bob do Contra, Azzy, Filipe Ret, Dudu, Xamã, Orochi, Maquiny, Pineapple StormTv",Poesia Acústica #6 Era uma Vez,Pineapple StormTV,18,33,15,1362858,BR,Brazil,Q2,2019
40,spotify:track:6p6sG45DypURkhhXsVr6MN,"Anitta, DJ Luian, Mambo Kingz",Sin miedo,WM Brazil,40,-1,1,1353718,BR,Brazil,Q2,2019
41,spotify:track:2YHR2QhK6nWta7rbY1on6i,"Anitta, Chris Marshall",Tu y yo,WM Brazil,41,-1,1,1319288,BR,Brazil,Q2,2019
42,spotify:track:7nJJKm0R90xM1nGlxTHTme,Matheus & Kauan,"Cerveja, Sal E Limão - Ao Vivo",Universal Music Ltda.,22,35,14,1291406,BR,Brazil,Q2,2019
43,spotify:track:0ituhG5DzBFsBdp6ECz030,"Simone & Simaria, LUDMILLA",Qualidade De Vida - Ao Vivo,Universal Music Ltda.,8,38,13,1290819,BR,Brazil,Q2,2019
44,spotify:track:32lyOiqQrmCUICCcBfkBeG,"Anitta, Alesso",Get To Know Me,WM Brazil,44,-1,1,1286859,BR,Brazil,Q2,2019
45,spotify:track:6ocbgoVGwYJhOv1GgI9NsF,Ariana Grande,7 rings,Republic Records,9,34,12,1268069,BR,Brazil,Q2,2019
46,spotify:track:4SBQSroThFQ98U29IwnJ2g,Gloria Groove,Coisa Boa,SB MUSIC,33,41,13,1247472,BR,Brazil,Q2,2019
47,spotify:track:6HtVFR6WAeJRgYtleNcEE8,Lexa,Só Depois do Carnaval,Som Livre,28,44,10,1233961,BR,Brazil,Q2,2019
48,spotify:track:5U28PY9MekLyCBYtLHGQpe,Melim,Meu Abrigo,Universal Music Ltda.,3,43,46,1229817,BR,Brazil,Q2,2019
49,spotify:track:7LPR6AdkOQR9WpEixCGNCk,"Lexa, MC Lan",Sapequinha,Som Livre,12,40,32,1191388,BR,Brazil,Q2,2019
50,spotify:track:28SWsF1IQxfc9bP5yua35K,"Lexa, Gloria Groove",Provocar,Som Livre,34,45,20,1189045,BR,Brazil,Q2,2019
1,spotify:track:4E6RdcCWMiHTu7zy1VTNDo,Marília Mendonça,Todo Mundo Vai Sofrer - Ao Vivo,Som Livre,1,1,8,3679193,BR,Brazil,Q3,2019
2,spotify:track:5pRGXCDY0eT6R1QicAn7Uk,"João Gustavo e Murilo, Analaga",Lençol Dobrado,WM Brazil,2,3,36,3270672,BR,Brazil,Q3,2019
3,spotify:track:0WhDotK0QXigmsrlw0DxKK,"MC Kevin o Chris, Sodré",Evoluiu,ADpar,2,2,12,3182562,BR,Brazil,Q3,2019
4,spotify:track:6QwFUcPc5nhsqZuhXUYtV7,Jorge & Mateus,Tijolão - Ao Vivo,Som Livre,4,6,7,3176000,BR,Brazil,Q3,2019
5,spotify:track:6sRLrSetyIwIKhW1eMlUNP,"Matheus & Kauan, Marília Mendonça",Vou Ter Que Superar - Ao Vivo,Universal Music Ltda.,2,4,16,2791253,BR,Brazil,Q3,2019
6,spotify:track:1xyVMQx51Kab6eLVtE6twx,"Lauana Prado, Maiara & Maraisa",Cobaia,Universal Music Ltda.,6,7,48,2488716,BR,Brazil,Q3,2019
7,spotify:track:0TK2YIli7K1leLovkQiNik,"Shawn Mendes, Camila Cabello",Señorita,Island Records,2,5,3,2479854,BR,Brazil,Q3,2019
8,spotify:track:26WpOBpHiIMoBuMEIwtOCH,"Pk, PK Delas",Quando a vontade bater (Participação especial de PK Delas),WM Brazil,8,8,17,2348093,BR,Brazil,Q3,2019
9,spotify:track:2x8TNY9KwNvD19gVGs4WOP,MC Kevin o Chris,Ela É do Tipo,ADpar,1,9,17,2140341,BR,Brazil,Q3,2019
10,spotify:track:3RbXsVQr4jeTxvT35Hssq3,Marília Mendonça,Bebi Liguei - Ao Vivo,Som Livre,2,10,30,2119727,BR,Brazil,Q3,2019
11,spotify:track:1nVIlX3h3Ds9bH6JMQopIU,Luan Santana,quando a bad bater - ao vivo,Som Livre,11,30,2,2098730,BR,Brazil,Q3,2019
12,spotify:track:6u7jPi22kF8CTQ3rb9DHE7,"Lil Nas X, Billy Ray Cyrus",Old Town Road (feat. Billy Ray Cyrus) - Remix,Columbia,11,11,13,2090900,BR,Brazil,Q3,2019
13,spotify:track:1nqaSoiLuqevDes4S18sO7,Gusttavo Lima,Milu,Gusttavo Lima,13,38,2,2013203,BR,Brazil,Q3,2019
14,spotify:track:4eB8rsNNm5791m3uvEBNLR,Zé Neto & Cristiano,Estado Decadente - Acústico,Som Livre,10,14,26,1995753,BR,Brazil,Q3,2019
15,spotify:track:7oEr56KG6odStlQH0nvdyr,Gustavo Mioto,Solteiro Não Trai - Ao Vivo,Gustavo Mioto,8,13,31,1991142,BR,Brazil,Q3,2019
16,spotify:track:5q0NlM6Pm8Pp3orq7zGiRn,"Matheus & Kauan, Jorge & Mateus",Quarta Cadeira - Ao Vivo,Universal Music Ltda.,16,24,16,1934829,BR,Brazil,Q3,2019
17,spotify:track:5eMmT4Ava5BGThju0AD8vQ,Gusttavo Lima,Cem Mil - Ao Vivo,Sony Music Entertainment,1,12,37,1931560,BR,Brazil,Q3,2019
18,spotify:track:6YjyT6MEMsMc41NNWk2dYg,"Marília Mendonça, Maiara & Maraisa",Bebaça - Ao Vivo,Som Livre,6,15,20,1856619,BR,Brazil,Q3,2019
19,spotify:track:3L2uyIJoJPjYkSETVNSPBQ,Maiara & Maraisa,Não Abro Mão - Ao Vivo,Som Livre,13,17,23,1815361,BR,Brazil,Q3,2019
20,spotify:track:4gDvg62vG96w0qJaF6wzcd,"Diego & Victor Hugo, Zé Neto & Cristiano",A Culpa é do Meu Grau (feat. Zé Neto & Cristiano) - Ao Vivo em Brasília,Sony Music Entertainment,18,18,16,1773895,BR,Brazil,Q3,2019
21,spotify:track:4lEw9Id7kLDSJ6KRdaenM9,Felipe Araújo,Espaçosa Demais - Ao Vivo,Universal Music Ltda.,21,53,40,1687874,BR,Brazil,Q3,2019
22,spotify:track:3tU3UAasaDA9OixXGC3O33,"Mano Walter, Gustavo Mioto",Fingindo Maturidade - Ao Vivo,Som Livre,22,29,17,1624013,BR,Brazil,Q3,2019
23,spotify:track:2H8ETIUEoN9YMf56X66bxd,"Anitta, LUDMILLA, Snoop Dogg, Papatinho",Onda diferente (feat. Papatinho),WM Brazil,4,19,14,1616451,BR,Brazil,Q3,2019
24,spotify:track:3tA0vALUwrzkTgHcm9j6oJ,Zé Neto & Cristiano,Notificação Preferida - Ao Vivo,Som Livre,2,25,56,1549541,BR,Brazil,Q3,2019
25,spotify:track:1HEr5uCRyuuLlVCOB1RiTE,"Luísa Sonza, Pabllo Vittar",Garupa,Universal Music Ltda.,5,20,4,1536189,BR,Brazil,Q3,2019
26,spotify:track:3mNmUjoDHYDYj08IaRPtg0,"Lucas Lucco, Wesley Safadão",Posto 24h (feat. Wesley Safadão) - Ao Vivo,Sony Music Entertainment,12,22,38,1530733,BR,Brazil,Q3,2019
27,spotify:track:2SgVsDXzET5EU8VngMh9dv,MC WM,Senta braba,WM Brazil,23,23,10,1526616,BR,Brazil,Q3,2019
28,spotify:track:5MMrkwK6AgNAsgHVdC7daZ,Dilsinho,Péssimo Negócio (Ao Vivo),Sony Music Entertainment,18,21,36,1487872,BR,Brazil,Q3,2019
29,spotify:track:0XEJ7eph2IWFYZc73Jm3n2,Diego & Victor Hugo,Infarto,Sony Music Entertainment,9,27,35,1452508,BR,Brazil,Q3,2019
30,spotify:track:0nkDm27DGppCSk8dnGtvPa,POCAH,Não sou obrigada,WM Brazil,16,16,14,1448050,BR,Brazil,Q3,2019
31,spotify:track:3HVWdVOQ0ZA45FuZGSfvns,"Ed Sheeran, Justin Bieber",I Don't Care (with Justin Bieber),Atlantic Records UK,5,26,9,1447142,BR,Brazil,Q3,2019
32,spotify:track:2bbFhnxYjeb9jYEX2MDKLQ,MC Kevinho,Uma nora pra cada dia,WM Brazil,32,35,2,1437823,BR,Brazil,Q3,2019
33,spotify:track:3CgZi8DMUftJHK6WL2gKc1,Hungria,Um Pedido,Hungria Hip Hop,25,28,5,1426371,BR,Brazil,Q3,2019
34,spotify:track:0EZuXcsnjEmGuRYdFdcctX,Marília Mendonça,Sem Sal - Ao Vivo,Som Livre,20,33,37,1412694,BR,Brazil,Q3,2019
35,spotify:track:4jGzR5Vri06Y5T9SxM7m5P,"Xand Avião, Gusttavo Lima",Algo Mais (Amante) - Ao Vivo,Som Livre,35,44,8,1401269,BR,Brazil,Q3,2019
36,spotify:track:5EKHbW7mXcAR4hCyS3YXjb,"Felipe Araújo, Ferrugem",Atrasadinha - Live,Universal Music Ltda.,1,36,42,1367009,BR,Brazil,Q3,2019
37,spotify:track:2Fxmhks0bxGSBdJ92vM42m,Billie Eilish,bad guy,Darkroom/Interscope Records,30,42,15,1281955,BR,Brazil,Q3,2019
38,spotify:track:13Rf6RaZT13TW4xLQR3MQr,"MC Cabelinho, Bob do Contra, Azzy, Filipe Ret, Dudu, Xamã, Orochi, Maquiny, Pineapple StormTv",Poesia Acústica #6 Era uma Vez,Pineapple StormTV,18,52,28,1262771,BR,Brazil,Q3,2019
39,spotify:track:1oQppEGTHYN53xfEaTz4ua,PEDRO SAMPAIO,VAI MENINA,WM Brazil,30,34,17,1260411,BR,Brazil,Q3,2019
40,spotify:track:2SC14LGDbRWRlyLg9Wupa0,"Madonna, Anitta",Faz Gostoso (feat. Anitta),"Boy Toy, Inc., Exclusively licensed to Live Nation Worldwide, Inc. Exclusively licensed to Interscope Records",8,31,4,1251098,BR,Brazil,Q3,2019
41,spotify:track:6l1PdE7lQbodewVQh16GCM,"Projota, Vitão",Sei Lá,Universal Music Ltda.,36,39,11,1232495,BR,Brazil,Q3,2019
42,spotify:track:1qCLx3nX25NuhfPjM5E1qV,Melim,Ouvi Dizer,Universal Music Ltda.,13,43,51,1216691,BR,Brazil,Q3,2019
43,spotify:track:2FGhB10Gon36GgFcOTMQEW,"MC Hariel, Negra Li, Ducon, Kevin o Chris, Chris MC, Matuê, Vitão, Salve Malak, Dk 47, Pineapple StormTv",Poesia Acústica #7 Céu Azul,Pineapple StormTV,43,-1,1,1178037,BR,Brazil,Q3,2019
44,spotify:track:53CJANUxooaqGOtdsBTh7O,Lil Nas X,Old Town Road,Columbia,11,37,12,1178025,BR,Brazil,Q3,2019
45,spotify:track:0IQCOAw9ZAI6WnXIrl481F,"Mc Livinho, Rennan da Penha",Hoje Eu Vou Parar Na Gaiola,GR6 Music,5,40,35,1154290,BR,Brazil,Q3,2019
46,spotify:track:5fY9bVl1Wj4PIM3wnduWop,Marília Mendonça,Serenata - Ao Vivo,Som Livre,36,46,8,1144477,BR,Brazil,Q3,2019
47,spotify:track:5rwdmpN5eMWIIwK4R96vv1,Dynho Alves,Malemolência,GR6 Music,45,50,20,1131728,BR,Brazil,Q3,2019
48,spotify:track:7FiIQXpIeLo3ITfGGpb8PB,"MC Kevin o Chris, FP do Trem Bala",Vamos pra Gaiola,ADPAR Produções,2,41,26,1131018,BR,Brazil,Q3,2019
49,spotify:track:7D5F5BzIon5zhzQrOU2pdN,Marília Mendonça,Ciumeira - Ao Vivo,Som Livre,1,45,46,1111062,BR,Brazil,Q3,2019
50,spotify:track:6NgwHmEgfQVIYQBq8QcWMi,"Diego & Victor Hugo, Marília Mendonça",Do Copo Eu Vim (feat. Marília Mendonça) - Ao Vivo em Brasília,Sony Music Entertainment,42,47,18,1093262,BR,Brazil,Q3,2019
1,spotify:track:5gvrBqNFFEWcxYPt3mamvJ,Luan Santana,quando a bad bater - ao vivo,Som Livre,1,4,15,3791019,BR,Brazil,Q4,2019
2,spotify:track:3Uq45ipGutypFPmETfaoaH,"MC Du Black, DJ 2F",Gaiola É o Troco,EP MIX Editora,1,1,11,3777099,BR,Brazil,Q4,2019
3,spotify:track:5dKesZwp6deuhEeW8F1UEi,"Felipe Original, MC Kevin o Chris, Sodré, JS o Mão de Ouro",Hit Contagiante,Tudo Nosso Produtora,2,2,11,3680339,BR,Brazil,Q4,2019
4,spotify:track:3GmJxfnUDrIs1iCfKUELFz,Marília Mendonça,Supera - Ao Vivo,Som Livre,1,3,8,3645597,BR,Brazil,Q4,2019
5,spotify:track:6QwFUcPc5nhsqZuhXUYtV7,Jorge & Mateus,Tijolão - Ao Vivo,Som Livre,1,5,20,3228931,BR,Brazil,Q4,2019
6,spotify:track:4RC2nzqaQygxoVQOVv3XlT,"Léo Santana, Anitta",Contatinho - Ao Vivo,Universal Music Ltda.,6,12,5,3106972,BR,Brazil,Q4,2019
7,spotify:track:1U3tv41tFRgOfbytpuYQrR,Zé Neto & Cristiano,Ferida Curada,Som Livre,6,8,12,2996378,BR,Brazil,Q4,2019
8,spotify:track:72xB2J9ZeBl0Rzxq2XmzdY,"João Gustavo e Murilo, Analaga",Lençol Dobrado,WM Brazil,2,6,49,2980962,BR,Brazil,Q4,2019
9,spotify:track:5F8ffc8KWKNawllr5WsW0r,"Dadá Boladão, Tati Zaqui, OIK",Surtada - Remix Brega Funk,Dadá Boladão,9,122,2,2901079,BR,Brazil,Q4,2019
10,spotify:track:3MkdA6vwF0ifRl86yzTlJW,Matuê,Kenny G,Sony Music Entertainment,7,7,5,2827815,BR,Brazil,Q4,2019
11,spotify:track:26WpOBpHiIMoBuMEIwtOCH,"Pk, PK Delas",Quando a vontade bater (Participação especial de PK Delas),WM Brazil,8,9,30,2737646,BR,Brazil,Q4,2019
12,spotify:track:5q0NlM6Pm8Pp3orq7zGiRn,"Matheus & Kauan, Jorge & Mateus",Quarta Cadeira - Ao Vivo,Universal Music Ltda.,10,11,29,2699705,BR,Brazil,Q4,2019
13,spotify:track:4k20Ie47EcWtS4wMBn8w8S,"LUDMILLA, Léo Santana",Invocada (Participação especial de Léo Santana) - Ao vivo,WM Brazil,13,21,11,2546573,BR,Brazil,Q4,2019
14,spotify:track:52vPpP2gEYaBROIS77J38P,"Vitão, Anitta",Complicado,Universal Music Ltda.,14,-1,1,2435370,BR,Brazil,Q4,2019
15,spotify:track:1nqaSoiLuqevDes4S18sO7,Gusttavo Lima,Milu,Gusttavo Lima,8,10,15,2409795,BR,Brazil,Q4,2019
16,spotify:track:7Gk5OrMYaMRtT2JmgJVAfk,"ANAVITÓRIA, Vitor Kley",Pupila,Universal Music Ltda.,16,19,14,2287875,BR,Brazil,Q4,2019
17,spotify:track:4mkagJJ8AM1hzeyrgAJc3x,MC Doni,Te Amo Sem Compromisso,Netflix Music,8,15,8,2236582,BR,Brazil,Q4,2019
18,spotify:track:1owErGXMkNVCgCmCjI1vRL,Gusttavo Lima,Quem Traiu Levou - Ao Vivo,Sony Music Entertainment,18,32,4,2232058,BR,Brazil,Q4,2019
19,spotify:track:51Fjme0JiitpyXKuyQiCDo,"Y2K, bbno$",Lalala,Columbia,9,14,7,2183572,BR,Brazil,Q4,2019
20,spotify:track:4E6RdcCWMiHTu7zy1VTNDo,Marília Mendonça,Todo Mundo Vai Sofrer - Ao Vivo,Som Livre,1,13,21,2183446,BR,Brazil,Q4,2019
21,spotify:track:33g4LmRrWddOvMLnynSktj,George Henrique & Rodrigo,Bagunça Minha Vida - Ao Vivo Em Goiânia / 2019,Universal Music Ltda.,17,17,24,2170874,BR,Brazil,Q4,2019
22,spotify:track:14kRWkCWBYfQqILflEcpSJ,"Lexa, PEDRO SAMPAIO",Chama Ela (feat. Pedro Sampaio),Som Livre,22,46,2,2146474,BR,Brazil,Q4,2019
23,spotify:track:0WhDotK0QXigmsrlw0DxKK,"MC Kevin o Chris, Sodré",Evoluiu,ADpar,2,18,25,2075711,BR,Brazil,Q4,2019
24,spotify:track:4lEw9Id7kLDSJ6KRdaenM9,Felipe Araújo,Espaçosa Demais - Ao Vivo,Universal Music Ltda.,13,23,53,2013218,BR,Brazil,Q4,2019
25,spotify:track:2qiqXQ2Suc253bR7k9AKVD,"MC Ysa, MK no Beat, DJ 2F, DJ Anderson França",Baile da Colômbia (Brega Funk) - Remix,STUDIO 22 PRODUÇÕES,25,26,10,1973452,BR,Brazil,Q4,2019
26,spotify:track:2KyXyTrp3kp1Fsg7B1osYD,"Yasmin Santos, Marília Mendonça","Para, Pensa e Volta (feat. Marília Mendonça) - Ao Vivo",Sony Music Entertainment,24,25,15,1927291,BR,Brazil,Q4,2019
27,spotify:track:6v3KW9xbzN5yKLt9YKDYA2,"Shawn Mendes, Camila Cabello",Señorita,Island Records,2,24,16,1889929,BR,Brazil,Q4,2019
28,spotify:track:4gDvg62vG96w0qJaF6wzcd,"Diego & Victor Hugo, Zé Neto & Cristiano",A Culpa é do Meu Grau (feat. Zé Neto & Cristiano) - Ao Vivo em Brasília,Sony Music Entertainment,17,27,29,1871546,BR,Brazil,Q4,2019
29,spotify:track:5pddmkNwatcLOEqDqj7xEp,Gusttavo Lima,Perrengue - Ao Vivo,Sony Music Entertainment,29,-1,1,1866406,BR,Brazil,Q4,2019
30,spotify:track:3RbXsVQr4jeTxvT35Hssq3,Marília Mendonça,Bebi Liguei - Ao Vivo,Som Livre,2,29,43,1841267,BR,Brazil,Q4,2019
31,spotify:track:5fY9bVl1Wj4PIM3wnduWop,Marília Mendonça,Serenata - Ao Vivo,Som Livre,21,28,21,1810589,BR,Brazil,Q4,2019
32,spotify:track:159ntSAEWJ9zIMOSXmQ530,Luan Santana,choque térmico - ao vivo,Som Livre,31,33,7,1800199,BR,Brazil,Q4,2019
33,spotify:track:4jGzR5Vri06Y5T9SxM7m5P,"Xand Avião, Gusttavo Lima",Algo Mais (Amante) - Ao Vivo,Som Livre,14,31,21,1796628,BR,Brazil,Q4,2019
34,spotify:track:2bbFhnxYjeb9jYEX2MDKLQ,MC Kevinho,Uma nora pra cada dia,WM Brazil,5,30,15,1790910,BR,Brazil,Q4,2019
35,spotify:track:1xyVMQx51Kab6eLVtE6twx,"Lauana Prado, Maiara & Maraisa",Cobaia,Universal Music Ltda.,6,20,61,1763864,BR,Brazil,Q4,2019
36,spotify:track:6sRLrSetyIwIKhW1eMlUNP,"Matheus & Kauan, Marília Mendonça",Vou Ter Que Superar - Ao Vivo,Universal Music Ltda.,2,22,29,1734820,BR,Brazil,Q4,2019
37,spotify:track:5MMrkwK6AgNAsgHVdC7daZ,Dilsinho,Péssimo Negócio (Ao Vivo),Sony Music Entertainment,18,34,49,1656966,BR,Brazil,Q4,2019
38,spotify:track:6i9ToXS6CAfjpp8veBklg1,Vitão,Café,Universal Music Ltda.,38,42,31,1638018,BR,Brazil,Q4,2019
39,spotify:track:31yFXM26dazFnWI2eoOM5R,"MC G15, Mc Livinho, Perera DJ",Ela Vem,GR6 Music,36,36,16,1617273,BR,Brazil,Q4,2019
40,spotify:track:2kOmW169C7UV4SZDN9u0YO,"Dj Guuga, Mc Livinho",Vidrado Em Você,GR6 Music,38,38,14,1593868,BR,Brazil,Q4,2019
41,spotify:track:59WWulo1LM0njpIkcduCMn,Atitude 67,Tão Linda,Universal Music Ltda.,41,47,10,1581120,BR,Brazil,Q4,2019
42,spotify:track:6hrV6KYL9zM8vFAbOSxFHY,Israel & Rodolffo,Também Sei Fazer Falta - Ao Vivo,Som Livre,42,56,12,1568412,BR,Brazil,Q4,2019
43,spotify:track:6hqQPoB1yYKcLfByfxO8he,"Wesley Safadão, Zé Neto & Cristiano",Na Cama Que Eu Paguei - Ao Vivo,Wesley Safadao,16,16,3,1549017,BR,Brazil,Q4,2019
44,spotify:track:3eekarcy7kvN4yt5ZFzltW,Travis Scott,HIGHEST IN THE ROOM,Cactus Jack/Epic,44,-1,1,1526339,BR,Brazil,Q4,2019
45,spotify:track:5rwdmpN5eMWIIwK4R96vv1,Dynho Alves,Malemolência,GR6 Music,30,40,33,1462665,BR,Brazil,Q4,2019
46,spotify:track:6l1PdE7lQbodewVQh16GCM,"Projota, Vitão",Sei Lá,Universal Music Ltda.,29,35,24,1434238,BR,Brazil,Q4,2019
47,spotify:track:7oEr56KG6odStlQH0nvdyr,Gustavo Mioto,Solteiro Não Trai - Ao Vivo,Gustavo Mioto,8,45,44,1429958,BR,Brazil,Q4,2019
48,spotify:track:34D0w6kVzuQ35vyHIFrWTC,"Pk, LUDMILLA",Do jeito que tu gosta,WM Brazil,48,57,8,1425055,BR,Brazil,Q4,2019
49,spotify:track:2PqPSf3gtTED79rWGwVtYg,Diego & Victor Hugo,Áudio - Ao Vivo em Brasília,Sony Music Entertainment,43,43,13,1375056,BR,Brazil,Q4,2019
50,spotify:track:2FGhB10Gon36GgFcOTMQEW,"MC Hariel, Negra Li, Ducon, Kevin o Chris, Chris MC, Matuê, Vitão, Salve Malak, Dk 47, Pineapple StormTv",Poesia Acústica #7 Céu Azul,Pineapple StormTV,24,50,14,1356226,BR,Brazil,Q4,2019
1,spotify:track:6MWtB6iiXyIwun0YzU6DFP,Post Malone,Wow.,Republic Records,1,1,3,1804619,CA,Canada,Q1,2019
2,spotify:track:3KkXRkHbMCARz0aVfEt68P,"Post Malone, Swae Lee",Sunflower - Spider-Man: Into the Spider-Verse,Universal Records,2,2,12,1632201,CA,Canada,Q1,2019
3,spotify:track:2IRZnDFmlqMuOrYOLnZZyc,"Meek Mill, Drake",Going Bad (feat. Drake),MMG/Atlantic,2,4,6,1280519,CA,Canada,Q1,2019
4,spotify:track:2rPE9A1vEgShuZxxzR2tZH,Ariana Grande,"thank u, next",Republic Records,1,3,10,1126559,CA,Canada,Q1,2019
5,spotify:track:2xLMifQCjDGFmkHkpNLD9h,Travis Scott,SICKO MODE,Cactus Jack / Epic,2,5,23,1124029,CA,Canada,Q1,2019
6,spotify:track:5p7ujcrUXASCNwRaWNHR1C,Halsey,Without Me,Capitol Records,4,6,14,1095760,CA,Canada,Q1,2019
7,spotify:track:0FZ4Dmg8jJJAPJnvBIzD9z,"Kodak Black, Offset, Travis Scott",ZEZE (feat. Travis Scott & Offset),Atlantic Records,1,7,13,1006870,CA,Canada,Q1,2019
8,spotify:track:78QR3Wp35dqAhFEc2qAGjE,"Lil Baby, Gunna",Drip Too Hard (Lil Baby & Gunna),"Quality Control Music/Young Stoner Life Records, a 300 Entertainment Label/Motown Records/Capitol Records",4,9,17,882688,CA,Canada,Q1,2019
9,spotify:track:1xzBco0xcoJEDXktl7Jxrr,Sheck Wes,Mo Bamba,Cactus Jack Records/ G.O.O.D. Music/ Interscope Records,4,8,22,850847,CA,Canada,Q1,2019
10,spotify:track:1rqqCSm0Qe4I9rUvWncaom,Panic! At The Disco,High Hopes,DCD2 / Fueled By Ramen,10,13,30,850481,CA,Canada,Q1,2019
11,spotify:track:3Ol2xnObFdKV9pmRD2t9x8,A Boogie Wit da Hoodie,Look Back at It,Highbridge the Label / Atlantic Records,11,15,5,774960,CA,Canada,Q1,2019
12,spotify:track:2dpaYNEQHiRxtZbfNsse99,"Marshmello, Bastille",Happier,Joytime Collective,2,10,21,752395,CA,Canada,Q1,2019
13,spotify:track:6zeeWid2sgw4lap2jV61PZ,Khalid,Better,"Right Hand Music Group, LLC/RCA Records",6,17,17,719228,CA,Canada,Q1,2019
14,spotify:track:7FGq80cy8juXBCD2nrqdWU,"benny blanco, Halsey, Khalid",Eastside (with Halsey & Khalid),Friends Keep Secrets/Interscope Records,4,11,26,708307,CA,Canada,Q1,2019
15,spotify:track:14mHfNsSHN0FbLftyjrV9g,Flipp Dinero,Leave Me Alone,Cinematic/Epic/We The Best,15,18,19,674763,CA,Canada,Q1,2019
16,spotify:track:2LskIZrCeLxRvCiGP8gxlh,"XXXTENTACION, Lil Pump, Swae Lee, Maluma",Arms Around You (feat. Maluma & Swae Lee),Warner Records,3,20,11,665248,CA,Canada,Q1,2019
17,spotify:track:7dt6x5M1jzdTEt8oCbisTK,Post Malone,Better Now,Republic Records,1,12,37,643054,CA,Canada,Q1,2019
18,spotify:track:2FUNBaa5DwItJtYEBgAblU,21 Savage,monster,"Slaughter Gang, LLC/Epic Records",16,16,3,635415,CA,Canada,Q1,2019
19,spotify:track:5kfNriitmkNE8mUbZ7gbq8,Khalid,Saturday Nights,"Right Hand Music Group, LLC/RCA Records",19,19,12,630210,CA,Canada,Q1,2019
20,spotify:track:2VxeLyX666F8uXCJ0dZF8B,"Lady Gaga, Bradley Cooper",Shallow,A Star is Born OST,10,28,15,625535,CA,Canada,Q1,2019
21,spotify:track:0jAfdqv18goRTUxm3ilRjb,"A Boogie Wit da Hoodie, Tyga, Offset",Startender (feat. Offset and Tyga),Highbridge the Label / Atlantic Records,21,24,4,612060,CA,Canada,Q1,2019
22,spotify:track:0TlLq3lA83rQOYtrqBqSct,Drake,Nonstop,Cash Money/Drake LP6,1,21,28,607505,CA,Canada,Q1,2019
23,spotify:track:285pBltuF7vW8TeWk8hdRR,Juice WRLD,Lucid Dreams,Juice WRLD Mixtape / ISR P&D,3,14,35,584001,CA,Canada,Q1,2019
24,spotify:track:6Gy7rXB6Ku5vIWC7WGWsl3,"6ix9ine, Tory Lanez",KIKA (feat. Tory Lanez),"ScumGang Records / TenThousand Projects, LLC",3,26,7,562983,CA,Canada,Q1,2019
25,spotify:track:5JEx7HbmvHQQswJCsoo9rA,"Ellie Goulding, Diplo, Swae Lee",Close To Me (with Diplo) (feat. Swae Lee),Polydor Records,25,31,11,554626,CA,Canada,Q1,2019
26,spotify:track:0todbbT9g5uQGbeFCiBf2F,Ariana Grande,imagine,Republic Records,8,22,4,553904,CA,Canada,Q1,2019
27,spotify:track:116H0KvKr2Zl4RPuVBruDO,"Bad Bunny, Drake",MIA,Rimas Entertainment LLC,2,23,13,539511,CA,Canada,Q1,2019
28,spotify:track:5IaHrVsrferBYDm0bDyABy,"Tyga, Offset",Taste (feat. Offset),Last Kings Music / EMPIRE,2,29,34,538854,CA,Canada,Q1,2019
29,spotify:track:7AYuSG1LoaaFVKjOxsB6Vh,Future,Crushed Up,Epic/Freebandz,29,-1,1,535717,CA,Canada,Q1,2019
30,spotify:track:25sgk305KZfyuqVBQIahim,Ava Max,Sweet but Psycho,Atlantic Records,30,37,15,532748,CA,Canada,Q1,2019
31,spotify:track:14JzyD6FlBD5z0wV5P07YI,Billie Eilish,when the party's over,Darkroom/Interscope Records,13,40,13,532687,CA,Canada,Q1,2019
32,spotify:track:2iUXsYOEPhVqEBwsqP70rE,5 Seconds of Summer,Youngblood,Capitol,14,32,39,526336,CA,Canada,Q1,2019
33,spotify:track:04MLEeAMuV9IlHEsD8vF6A,"French Montana, Drake",No Stylist (feat. Drake),Epic,4,39,16,523027,CA,Canada,Q1,2019
34,spotify:track:3ee8Jmje8o58CHK66QrVC2,XXXTENTACION,SAD!,"Bad Vibes Forever, LLC",1,27,45,518192,CA,Canada,Q1,2019
35,spotify:track:1wJRveJZLSb1rjhnUHQiv6,"A Boogie Wit da Hoodie, 6ix9ine",Swervin (feat. 6ix9ine),Highbridge the Label / Atlantic Records,35,45,3,515590,CA,Canada,Q1,2019
36,spotify:track:2t8yVaLvJ0RenpXUIAC52d,21 Savage,a lot,"Slaughter Gang, LLC/Epic Records",31,38,3,503609,CA,Canada,Q1,2019
37,spotify:track:4w8niZpiMy6qz1mntFA5uM,"DJ Snake, Selena Gomez, Ozuna, Cardi B","Taki Taki (with Selena Gomez, Ozuna & Cardi B)","DJ Snake Music Productions Limited, under exclusive license to Geffen Records",6,35,15,494860,CA,Canada,Q1,2019
38,spotify:track:27rdGxbavYJeBphck5MZAF,"Mark Ronson, Miley Cyrus",Nothing Breaks Like a Heart (feat. Miley Cyrus),Columbia,30,34,6,492785,CA,Canada,Q1,2019
39,spotify:track:2G1tXoGBaEMJ7FKGnkf6ud,"Gucci Mane, Bruno Mars, Kodak Black",Wake Up in the Sky,Guwop Enterprises/Atlantic,24,43,17,484353,CA,Canada,Q1,2019
40,spotify:track:7pdF27mSDuPWhppnHAmWHa,XXXTENTACION,whoa (mind in awe),Bad Vibes Forever / EMPIRE,10,42,5,483101,CA,Canada,Q1,2019
41,spotify:track:0e7ipj03S05BNilyu5bRzt,"Post Malone, 21 Savage",rockstar (feat. 21 Savage),Republic Records,1,33,69,466475,CA,Canada,Q1,2019
42,spotify:track:58q2HKrzhC3ozto2nDdN4z,"Cardi B, Bad Bunny, J Balvin",I Like It,Atlantic/KSR,3,25,40,452348,CA,Canada,Q1,2019
43,spotify:track:2GGMabyHXnJmjY6CXhhB2e,Cardi B,Money,Atlantic/KSR,23,48,11,438373,CA,Canada,Q1,2019
44,spotify:track:7fa9MBXhVfQ8P8Df9OEbD8,"Maroon 5, Cardi B",Girls Like You (feat. Cardi B) - Cardi B Version,Interscope Records*,4,36,32,434518,CA,Canada,Q1,2019
45,spotify:track:6DCZcSspjsKoFjzjrWoCdn,Drake,God's Plan,Cash Money/Drake LP6,1,30,51,434109,CA,Canada,Q1,2019
46,spotify:track:0JP9xo3adEtGSdUEISiszL,XXXTENTACION,Moonlight,"Bad Vibes Forever, LLC",5,47,43,422362,CA,Canada,Q1,2019
47,spotify:track:1fewSx2d5KIZ04wsooEBOz,"Metro Boomin, Gunna",Space Cadet (feat. Gunna),Republic Records,14,52,10,421457,CA,Canada,Q1,2019
48,spotify:track:7K7MUBCnzgBAvMVW2RTWNs,"Loud Luxury, Brando",Body,Armada Music,9,44,50,415073,CA,Canada,Q1,2019
49,spotify:track:5wujBwqG7INdStqGd4tRMX,Juice WRLD,Armed And Dangerous,Juice WRLD Mixtape / ISR P&D,19,51,9,409435,CA,Canada,Q1,2019
50,spotify:track:6JQvHMSaR8flFsN53ypOfP,Lil Mosey,Noticed,Mogul Vision/Interscope Records,27,53,21,401869,CA,Canada,Q1,2019
1,spotify:track:6u7jPi22kF8CTQ3rb9DHE7,"Lil Nas X, Billy Ray Cyrus",Old Town Road (feat. Billy Ray Cyrus) - Remix,Columbia,1,-1,1,2330571,CA,Canada,Q2,2019
2,spotify:track:53CJANUxooaqGOtdsBTh7O,Lil Nas X,Old Town Road,Columbia,2,2,6,2127851,CA,Canada,Q2,2019
3,spotify:track:2Fxmhks0bxGSBdJ92vM42m,Billie Eilish,bad guy,Darkroom/Interscope Records,1,1,2,1919565,CA,Canada,Q2,2019
4,spotify:track:3KkXRkHbMCARz0aVfEt68P,"Post Malone, Swae Lee",Sunflower - Spider-Man: Into the Spider-Verse,Universal Records,2,5,25,1100321,CA,Canada,Q2,2019
5,spotify:track:3Fj47GNK2kUF0uaEDgXLaD,Billie Eilish,wish you were gay,Darkroom/Interscope Records,3,3,6,1053596,CA,Canada,Q2,2019
6,spotify:track:6MWtB6iiXyIwun0YzU6DFP,Post Malone,Wow.,Republic Records,1,7,16,999161,CA,Canada,Q2,2019
7,spotify:track:1wJRveJZLSb1rjhnUHQiv6,"A Boogie Wit da Hoodie, 6ix9ine",Swervin (feat. 6ix9ine),Highbridge the Label / Atlantic Records,7,12,16,968722,CA,Canada,Q2,2019
8,spotify:track:09oZ9eXQ2fo6YDrPzJqAoP,"Khalid, John Mayer",Outta My Head (with John Mayer),"Right Hand Music Group, LLC/RCA Records",8,-1,1,943985,CA,Canada,Q2,2019
9,spotify:track:2XKFnwB6djxrJCjR3PdeRb,Khalid,My Bad,"Right Hand Music Group, LLC/RCA Records",9,31,5,937479,CA,Canada,Q2,2019
10,spotify:track:4y3OI86AEP6PQoDE6olYhO,Jonas Brothers,Sucker,Jonas Brothers Recording,1,13,6,909759,CA,Canada,Q2,2019
11,spotify:track:6ocbgoVGwYJhOv1GgI9NsF,Ariana Grande,7 rings,Republic Records,1,11,12,907963,CA,Canada,Q2,2019
12,spotify:track:2JvzF1RMd7lE3KmFlsyZD8,J. Cole,MIDDLE CHILD,"Dreamville, Inc., Under exclusive license to Roc Nation Records",2,14,12,889962,CA,Canada,Q2,2019
13,spotify:track:2IRZnDFmlqMuOrYOLnZZyc,"Meek Mill, Drake",Going Bad (feat. Drake),MMG/Atlantic,2,16,19,888822,CA,Canada,Q2,2019
14,spotify:track:4SSnFejRGlZikf02HLewEF,Billie Eilish,bury a friend,Darkroom/Interscope Records,3,4,11,878176,CA,Canada,Q2,2019
15,spotify:track:6TqXcAFInzjp0bODyvrWEq,"Khalid, Disclosure",Talk (feat. Disclosure),"Right Hand Music Group, LLC/RCA Records",14,34,9,847499,CA,Canada,Q2,2019
16,spotify:track:6zeeWid2sgw4lap2jV61PZ,Khalid,Better,"Right Hand Music Group, LLC/RCA Records",6,48,30,836893,CA,Canada,Q2,2019
17,spotify:track:4pUCKHjJ4Ijewc37rRrvHn,BLACKPINK,Kill This Love,"YG Entertainment, distributed through Interscope Records",17,-1,1,820071,CA,Canada,Q2,2019
18,spotify:track:6tsOcBnaKgzK22yEiqRh8P,"Ariana Grande, Victoria Monét",MONOPOLY (with Victoria Monét),Republic Records,18,58,2,802379,CA,Canada,Q2,2019
19,spotify:track:7eBqSVxrzQZtK2mmgRG6lC,YNW Melly,Murder on My Mind,P2018,7,18,11,776399,CA,Canada,Q2,2019
20,spotify:track:63cd4JkwGgYJrbOizbfmsp,"Mustard, Migos",Pure Water (with Migos),10 Summers Records/Interscope Records,11,20,12,775483,CA,Canada,Q2,2019
21,spotify:track:4kV4N9D1iKVxx1KLvtTpjS,Ariana Grande,"break up with your girlfriend, i'm bored",Republic Records,1,17,9,774983,CA,Canada,Q2,2019
22,spotify:track:43zdsphuZLzwA9k4DJhU0I,Billie Eilish,when the party's over,Darkroom/Interscope Records,8,8,26,761789,CA,Canada,Q2,2019
23,spotify:track:2VxeLyX666F8uXCJ0dZF8B,"Lady Gaga, Bradley Cooper",Shallow,A Star is Born OST,6,23,28,717533,CA,Canada,Q2,2019
24,spotify:track:1E6DEDWDKHoOW0fcFuDghV,"Khalid, SAFE",Don't Pretend,"Right Hand Music Group, LLC/RCA Records",24,-1,1,712667,CA,Canada,Q2,2019
25,spotify:track:5kfNriitmkNE8mUbZ7gbq8,Khalid,Saturday Nights,"Right Hand Music Group, LLC/RCA Records",14,51,25,691090,CA,Canada,Q2,2019
26,spotify:track:5icOoE6VgqFKohjWWNp0Ac,"Marshmello, CHVRCHES",Here With Me,Joytime Collective,12,28,5,666917,CA,Canada,Q2,2019
27,spotify:track:6IRdLKIyS4p7XNiP8r6rsx,Billie Eilish,all the good girls go to hell,Darkroom/Interscope Records,6,6,2,663362,CA,Canada,Q2,2019
28,spotify:track:3Ol2xnObFdKV9pmRD2t9x8,A Boogie Wit da Hoodie,Look Back at It,Highbridge the Label / Atlantic Records,9,27,18,653659,CA,Canada,Q2,2019
29,spotify:track:6Qs4SXO9dwPj5GKvVOv8Ki,"Sam Smith, Normani",Dancing With A Stranger (with Normani),PLG - Capitol,7,26,13,645115,CA,Canada,Q2,2019
30,spotify:track:3Tc57t9l2O8FwQZtQOvPXK,Billie Eilish,my strange addiction,Darkroom/Interscope Records,10,10,2,644000,CA,Canada,Q2,2019
31,spotify:track:4hqOmrCCJKyiuwDexd8c2t,"NAV, The Weeknd",Price On My Head (feat. The Weeknd),"XO Records, LLC and Republic Records",7,24,3,630247,CA,Canada,Q2,2019
32,spotify:track:4QIo4oxwzzafcBWkKjDpXY,Billie Eilish,xanny,Darkroom/Interscope Records,9,9,2,597451,CA,Canada,Q2,2019
33,spotify:track:2dpaYNEQHiRxtZbfNsse99,"Marshmello, Bastille",Happier,Joytime Collective,2,29,34,595882,CA,Canada,Q2,2019
34,spotify:track:0NJp8GyCOWnQh71xKSPfuV,Tory Lanez,Freaky,Mad Love/Interscope Records,25,30,4,592711,CA,Canada,Q2,2019
35,spotify:track:3XF5xLJHOQQRbWya6hBp7d,Billie Eilish,you should see me in a crown,Darkroom/Interscope Records,15,15,11,581667,CA,Canada,Q2,2019
36,spotify:track:5p7ujcrUXASCNwRaWNHR1C,Halsey,Without Me,Capitol Records,4,32,27,580438,CA,Canada,Q2,2019
37,spotify:track:7FGq80cy8juXBCD2nrqdWU,"benny blanco, Halsey, Khalid",Eastside (with Halsey & Khalid),Friends Keep Secrets/Interscope Records,4,36,39,575135,CA,Canada,Q2,2019
38,spotify:track:6ya8ejoKgw906Y8LWclqrp,"Nipsey Hussle, Roddy Ricch, Hit-Boy",Racks in the Middle (feat. Roddy Ricch and Hit-Boy),Atlantic Records,38,85,2,570405,CA,Canada,Q2,2019
39,spotify:track:2qxmye6gAegTMjLKEBoR3d,Alec Benjamin,Let Me Down Slowly,2018,32,39,20,565094,CA,Canada,Q2,2019
40,spotify:track:6Hj9jySrnFppAI0sEMCZpJ,Juice WRLD,Robbery,Grade A Productions/Interscope Records,9,33,8,561227,CA,Canada,Q2,2019
41,spotify:track:6vWEAOUSxohKxhp0K1BsxL,"YNW Melly, Kanye West",Mixed Personalities (feat. Kanye West),P2019,26,35,12,553494,CA,Canada,Q2,2019
42,spotify:track:78QR3Wp35dqAhFEc2qAGjE,"Lil Baby, Gunna",Drip Too Hard (Lil Baby & Gunna),"Quality Control Music/Young Stoner Life Records, a 300 Entertainment Label/Motown Records/Capitol Records",4,42,30,528054,CA,Canada,Q2,2019
43,spotify:track:2xLMifQCjDGFmkHkpNLD9h,Travis Scott,SICKO MODE,Cactus Jack / Epic,2,37,36,527865,CA,Canada,Q2,2019
44,spotify:track:1ThmUihH9dF8EV08ku5AXN,Ski Mask The Slump God,Faucet Failure,Republic Records,38,38,16,526066,CA,Canada,Q2,2019
45,spotify:track:5WHTFyqSii0lmT9R21abT8,Mabel,Don't Call Me Up,Polydor Records,38,45,10,507245,CA,Canada,Q2,2019
46,spotify:track:2vsuel3g4zaLYSOY0mOMbi,Khalid,Bad Luck,"Right Hand Music Group, LLC/RCA Records",46,-1,1,503102,CA,Canada,Q2,2019
47,spotify:track:3e9HZxeyfWwjeyPAMmWSSQ,Ariana Grande,"thank u, next",Republic Records,1,40,23,494763,CA,Canada,Q2,2019
48,spotify:track:6CcJMwBtXByIz4zQLzFkKc,Billie Eilish,i love you,Darkroom/Interscope Records,21,21,2,480252,CA,Canada,Q2,2019
49,spotify:track:3QmolSZqjjLksTUvZJ6pPS,Jonas Brothers,Cool,Jonas Brothers Recording,49,-1,1,475311,CA,Canada,Q2,2019
50,spotify:track:5A1w94uzc1kO1Zhe8WWxC3,Khalid,Right Back,"Right Hand Music Group, LLC/RCA Records",50,-1,1,468165,CA,Canada,Q2,2019
1,spotify:track:0TK2YIli7K1leLovkQiNik,"Shawn Mendes, Camila Cabello",Señorita,Island Records,1,1,3,2531730,CA,Canada,Q3,2019
2,spotify:track:6vBdBCoOhKHiYDDOcorfNo,"Post Malone, Young Thug",Goodbyes (feat. Young Thug),Republic Records,2,-1,1,2146056,CA,Canada,Q3,2019
3,spotify:track:5ry2OE6R2zPQFDO85XkgRb,"Drake, Rick Ross",Money In The Grave (Drake ft. Rick Ross),Republic Records,1,2,4,1760566,CA,Canada,Q3,2019
4,spotify:track:4evmHXcjt3bTUHD1cvny97,"Ed Sheeran, Khalid",Beautiful People (feat. Khalid),Atlantic Records UK,4,4,2,1418044,CA,Canada,Q3,2019
5,spotify:track:6u7jPi22kF8CTQ3rb9DHE7,"Lil Nas X, Billy Ray Cyrus",Old Town Road (feat. Billy Ray Cyrus) - Remix,Columbia,1,3,14,1413477,CA,Canada,Q3,2019
6,spotify:track:2Fxmhks0bxGSBdJ92vM42m,Billie Eilish,bad guy,Darkroom/Interscope Records,1,6,15,1361389,CA,Canada,Q3,2019
7,spotify:track:3HVWdVOQ0ZA45FuZGSfvns,"Ed Sheeran, Justin Bieber",I Don't Care (with Justin Bieber),Atlantic Records UK,1,5,9,1329133,CA,Canada,Q3,2019
8,spotify:track:6fTt0CH2t0mdeB2N9XFG5r,Lil Nas X,Panini,Columbia,5,7,3,1235164,CA,Canada,Q3,2019
9,spotify:track:4hPpVbbakQNv8YTHYaOJP4,"Marshmello, Kane Brown",One Thing Right,Joytime Collective,9,9,3,1153978,CA,Canada,Q3,2019
10,spotify:track:1kBbgxAUc4HQv7cgIayIDH,Lil Tecca,Ransom,Republic Records,8,8,7,1122419,CA,Canada,Q3,2019
11,spotify:track:5qmq61DAAOUaW8AUo8xKhh,Lizzo,Truth Hurts,Nice Life/Atlantic,9,18,12,980535,CA,Canada,Q3,2019
12,spotify:track:3KkXRkHbMCARz0aVfEt68P,"Post Malone, Swae Lee",Sunflower - Spider-Man: Into the Spider-Verse,Universal Records,2,15,38,877413,CA,Canada,Q3,2019
13,spotify:track:29fRTIKsJhLUJoldM89GZS,Taylor Swift,You Need To Calm Down,Taylor Swift,4,10,4,865134,CA,Canada,Q3,2019
14,spotify:track:6LsAAHotRLMOHfCsSfYCsz,Shawn Mendes,If I Can't Have You,Island Records,3,12,10,855506,CA,Canada,Q3,2019
15,spotify:track:51Fjme0JiitpyXKuyQiCDo,"Y2K, bbno$",Lalala,Columbia,15,22,4,819981,CA,Canada,Q3,2019
16,spotify:track:7DcvwMAiqKJQD1rrdfxSDx,"Young Thug, J. Cole, Travis Scott",The London (feat. J. Cole & Travis Scott),300 Entertainment/Atl,3,13,7,801202,CA,Canada,Q3,2019
17,spotify:track:6XHVuErjQ4XNm6nDPVCxVX,"Chris Brown, Drake",No Guidance (feat. Drake),Chris Brown Entertainment/RCA Records,4,11,5,792042,CA,Canada,Q3,2019
18,spotify:track:40OMBMYRk5IQL6xCzGM0JA,"Martin Garrix, Macklemore, Fall Out Boy",Summer Days (feat. Macklemore & Patrick Stump of Fall Out Boy),Epic Amsterdam,15,19,11,786181,CA,Canada,Q3,2019
19,spotify:track:6moU77g9RQyMzHNuKEaQKq,Ali Gatie,It's You,Warner Records,17,17,4,778650,CA,Canada,Q3,2019
20,spotify:track:05CwHjIk71RXVU40boRMnR,"The Chainsmokers, Bebe Rexha",Call You Mine,Disruptor Records/Columbia,20,20,6,776677,CA,Canada,Q3,2019
21,spotify:track:7ILEWkpfdK6AjH2D7jppWk,"Chris Brown, Justin Bieber, Ink",Don't Check On Me (feat. Justin Bieber & Ink),Chris Brown Entertainment/RCA Records,16,16,2,775348,CA,Canada,Q3,2019
22,spotify:track:543bCW2ruMPmxUBWirQ3MR,"Ed Sheeran, Chance the Rapper, PnB Rock",Cross Me (feat. Chance the Rapper & PnB Rock),Atlantic Records UK,5,14,7,733308,CA,Canada,Q3,2019
23,spotify:track:1kK6DwzyXJSp58u5HYWwuD,"YG, Tyga, Jon Z","Go Loko (feat. Tyga, Jon Z)",Def Jam Recordings,16,25,10,706484,CA,Canada,Q3,2019
24,spotify:track:5PYQUBXc7NYeI1obMKSJK0,Katy Perry,Never Really Over,Capitol Records,10,21,6,703116,CA,Canada,Q3,2019
25,spotify:track:6oJ6le65B3SEqPwMRNXWjY,"Kygo, Whitney Houston",Higher Love,Kygo/RCA Records,25,26,2,697570,CA,Canada,Q3,2019
26,spotify:track:6uFn47ACjqYkc0jADwEdj1,"Polo G, Lil Tjay",Pop Out (feat. Lil Tjay),Columbia,8,23,17,696039,CA,Canada,Q3,2019
27,spotify:track:5dW1VZPcFqB4n0P08rGDgm,Blanco Brown,The Git Up,Broken Bow Records,27,35,4,688627,CA,Canada,Q3,2019
28,spotify:track:2zjGJ0dChMR0KxBZS15aqo,"Mustard, NAV, Playboi Carti, A Boogie Wit da Hoodie","Baguettes in the Face (feat. NAV, Playboi Carti & A Boogie Wit da Hoodie)",10 Summers Records/Interscope Records,28,32,2,682098,CA,Canada,Q3,2019
29,spotify:track:7qEHsqek33rTcFNT9PFqLf,Lewis Capaldi,Someone You Loved,Vertigo Berlin,16,34,28,644020,CA,Canada,Q3,2019
30,spotify:track:0qc4QlcCxVTGyShurEv1UU,"Sam Feldt, RANI",Post Malone (feat. RANI),Spinnin' Records,30,36,6,642650,CA,Canada,Q3,2019
31,spotify:track:6MWtB6iiXyIwun0YzU6DFP,Post Malone,Wow.,Republic Records,1,28,29,640974,CA,Canada,Q3,2019
32,spotify:track:53CJANUxooaqGOtdsBTh7O,Lil Nas X,Old Town Road,Columbia,2,24,19,629900,CA,Canada,Q3,2019
33,spotify:track:6TqXcAFInzjp0bODyvrWEq,"Khalid, Disclosure",Talk (feat. Disclosure),"Right Hand Music Group, LLC/RCA Records",11,30,22,620467,CA,Canada,Q3,2019
34,spotify:track:22vgEDb5hykfaTwLuskFGD,Jonas Brothers,Sucker,Jonas Brothers Recording,1,31,19,603947,CA,Canada,Q3,2019
35,spotify:track:0DiDStADDVh3SvAsoJAFMk,Jonas Brothers,Only Human,Jonas Brothers Recording,24,29,5,584153,CA,Canada,Q3,2019
36,spotify:track:2gwkD6igEhQbDQegRCcdoB,DaBaby,Suge,South Coast Music Group/Interscope Records,14,33,12,573755,CA,Canada,Q3,2019
37,spotify:track:4ak7xjvBeBOcJGWFDX9w5n,"Lil Nas X, Cardi B",Rodeo,Columbia,27,27,3,571838,CA,Canada,Q3,2019
38,spotify:track:2JvzF1RMd7lE3KmFlsyZD8,J. Cole,MIDDLE CHILD,"Dreamville, Inc., Under exclusive license to Roc Nation Records",2,46,25,560052,CA,Canada,Q3,2019
39,spotify:track:02itaCXOdC54J0ISjqqFAp,"R3HAB, A Touch Of Class",All Around The World (La La La),Casablanca Records,39,41,5,537924,CA,Canada,Q3,2019
40,spotify:track:0mjAU3yKR1QnXnHtjGJqTM,OneRepublic,Rescue Me,Mosley Music/Interscope Records,26,38,8,529905,CA,Canada,Q3,2019
41,spotify:track:56JyMaElW79S7TDWh1Zw1m,Ashley O,On A Roll,RCA Records Label,41,42,3,529143,CA,Canada,Q3,2019
42,spotify:track:6MF4tRr5lU8qok8IKaFOBE,"Dreamville, J. Cole, Lute, DaBaby",Under The Sun (with J. Cole & Lute feat. DaBaby),Dreamville/Interscope Records,42,-1,1,509359,CA,Canada,Q3,2019
43,spotify:track:1wJRveJZLSb1rjhnUHQiv6,"A Boogie Wit da Hoodie, 6ix9ine",Swervin (feat. 6ix9ine),Highbridge the Label / Atlantic Records,5,37,29,504505,CA,Canada,Q3,2019
44,spotify:track:6ocbgoVGwYJhOv1GgI9NsF,Ariana Grande,7 rings,Republic Records,1,39,25,499521,CA,Canada,Q3,2019
45,spotify:track:7FGq80cy8juXBCD2nrqdWU,"benny blanco, Halsey, Khalid",Eastside (with Halsey & Khalid),Friends Keep Secrets/Interscope Records,4,40,52,499359,CA,Canada,Q3,2019
46,spotify:track:2gTdDMpNxIRFSiu7HutMCg,"mgk, YUNGBLUD, Travis Barker",I Think I'm OKAY (with YUNGBLUD & Travis Barker),Bad Boy/Interscope Records,46,104,5,481552,CA,Canada,Q3,2019
47,spotify:track:2VxeLyX666F8uXCJ0dZF8B,"Lady Gaga, Bradley Cooper",Shallow,A Star is Born OST,6,45,41,481413,CA,Canada,Q3,2019
48,spotify:track:2IRZnDFmlqMuOrYOLnZZyc,"Meek Mill, Drake",Going Bad (feat. Drake),MMG/Atlantic,2,43,32,478184,CA,Canada,Q3,2019
49,spotify:track:36J0iaPDGbYGsHvYpaYs3k,"Dreamville, JID, Bas, J. Cole, EARTHGANG, Young Nudy","Down Bad (feat. JID, Bas, J. Cole, EARTHGANG & Young Nudy)",Dreamville/Interscope Records,49,186,4,475136,CA,Canada,Q3,2019
50,spotify:track:2WyRfGeHo97VC5mP1BBSzr,Miley Cyrus,Mother's Daughter,RCA/Legacy,18,53,6,465173,CA,Canada,Q3,2019
1,spotify:track:3eekarcy7kvN4yt5ZFzltW,Travis Scott,HIGHEST IN THE ROOM,Cactus Jack/Epic,1,-1,1,3202865,CA,Canada,Q4,2019
2,spotify:track:2wrJq5XKLnmhRXHIAf9xBa,"Dan + Shay, Justin Bieber","10,000 Hours (with Justin Bieber)",Warner Music Nashville,2,-1,1,1755680,CA,Canada,Q4,2019
3,spotify:track:21jGcNKet2qwijlDFuPiPb,Post Malone,Circles,Republic Records,1,1,6,1495404,CA,Canada,Q4,2019
4,spotify:track:6Gg1gjgKi2AK4e0qzsR7sd,"Juice WRLD, YoungBoy Never Broke Again",Bandit (with YoungBoy Never Broke Again),Grade A Productions/Interscope Records,4,-1,1,1244596,CA,Canada,Q4,2019
5,spotify:track:7qEHsqek33rTcFNT9PFqLf,Lewis Capaldi,Someone You Loved,Vertigo Berlin,3,3,41,1157051,CA,Canada,Q4,2019
6,spotify:track:6v3KW9xbzN5yKLt9YKDYA2,"Shawn Mendes, Camila Cabello",Señorita,Island Records,1,2,16,1115145,CA,Canada,Q4,2019
7,spotify:track:7aiClxsDWFRQ0Kzk5KI5ku,blackbear,hot girl bummer,Alamo,7,10,7,1002730,CA,Canada,Q4,2019
8,spotify:track:1rgnBhdG2JDFTbYkYRZAku,Tones And I,Dance Monkey,Elektra (NEK),8,12,11,992869,CA,Canada,Q4,2019
9,spotify:track:1lOe9qE0vR9zwWQAOk6CoO,Lil Tecca,Ransom,Republic Records,2,4,20,916665,CA,Canada,Q4,2019
10,spotify:track:7CZyCXKG6d5ALeq41sLzbw,"Post Malone, Ozzy Osbourne, Travis Scott",Take What You Want (feat. Ozzy Osbourne & Travis Scott),Republic Records,3,9,5,912761,CA,Canada,Q4,2019
11,spotify:track:4B7fTyj1FIPvP9tT5X3DnR,Drake,Behind Barz - Bonus,OVO Sound,5,8,4,905751,CA,Canada,Q4,2019
12,spotify:track:51Fjme0JiitpyXKuyQiCDo,"Y2K, bbno$",Lalala,Columbia,6,6,17,904642,CA,Canada,Q4,2019
13,spotify:track:5qmq61DAAOUaW8AUo8xKhh,Lizzo,Truth Hurts,Nice Life/Atlantic,5,5,25,899230,CA,Canada,Q4,2019
14,spotify:track:6vBdBCoOhKHiYDDOcorfNo,"Post Malone, Young Thug",Goodbyes (feat. Young Thug),Republic Records,2,7,14,842460,CA,Canada,Q4,2019
15,spotify:track:70eFcWOvlMObDhURTqT4Fv,"Ed Sheeran, Khalid",Beautiful People (feat. Khalid),Atlantic Records UK,3,13,15,835051,CA,Canada,Q4,2019
16,spotify:track:05mDaV9Vb3wrzjF6OPZnhq,Post Malone,Saint-Tropez,Republic Records,2,11,5,818610,CA,Canada,Q4,2019
17,spotify:track:2b8fOow8UzyDFAE27YhOZM,Maroon 5,Memories,Interscope Records*,17,24,3,815542,CA,Canada,Q4,2019
18,spotify:track:4sjiIpEv617LDXaidKioOI,"YNW Melly, 9lokknine",223's (feat. 9lokknine),300 Entertainment,18,18,8,814811,CA,Canada,Q4,2019
19,spotify:track:1000nHvUdawXuUHgBod4Wv,Lil Nas X,Panini,Columbia,5,14,16,807391,CA,Canada,Q4,2019
20,spotify:track:4sWuPniHClkInYAnzXAYUF,NLE Choppa,Camelot,Warner Records,17,17,4,799154,CA,Canada,Q4,2019
21,spotify:track:5ry2OE6R2zPQFDO85XkgRb,"Drake, Rick Ross",Money In The Grave (Drake ft. Rick Ross),Republic Records,1,15,17,780233,CA,Canada,Q4,2019
22,spotify:track:0RiRZpuVRbi7oqRdSMwhQY,"Post Malone, Swae Lee",Sunflower - Spider-Man: Into the Spider-Verse,Republic Records,2,16,51,751539,CA,Canada,Q4,2019
23,spotify:track:2Fxmhks0bxGSBdJ92vM42m,Billie Eilish,bad guy,Darkroom/Interscope Records,1,21,28,722582,CA,Canada,Q4,2019
24,spotify:track:3Yh9lZcWyKrK9GjbhuS0hR,Lizzo,Good as Hell,Nice Life/Atlantic,17,25,15,710418,CA,Canada,Q4,2019
25,spotify:track:0Xek5rqai2jcOWCYWJfVCF,"Post Malone, DaBaby",Enemies (feat. DaBaby),Republic Records,5,22,5,692126,CA,Canada,Q4,2019
26,spotify:track:7x9nXsowok1JszkVztI5NI,"French Montana, Rvssian, Post Malone, Cardi B",Writing on the Wall (feat. Post Malone & Cardi B),Epic/Bad Boy Entertainment,23,23,2,691593,CA,Canada,Q4,2019
27,spotify:track:5hDAT527wXWNBnJlujhuUs,"Lil Mosey, Gunna",Stuck In A Dream (feat. Gunna),Mogul Vision/Interscope Records,27,41,3,689545,CA,Canada,Q4,2019
28,spotify:track:5Z8HZM6iQMhhqyPcCGY5g9,"Young Thug, Gunna",Hot (feat. Gunna),300 Entertainment/Atl,28,32,8,686321,CA,Canada,Q4,2019
29,spotify:track:6Ozh9Ok6h4Oi1wUSLtBseN,DaBaby,BOP,South Coast Music Group/Interscope Records,20,20,2,658932,CA,Canada,Q4,2019
30,spotify:track:7LzouaWGFCy4tkXDOOnEyM,Camila Cabello,Liar,Syco Music/Epic,30,30,5,636417,CA,Canada,Q4,2019
31,spotify:track:6XHVuErjQ4XNm6nDPVCxVX,"Chris Brown, Drake",No Guidance (feat. Drake),Chris Brown Entertainment/RCA Records,4,28,18,626155,CA,Canada,Q4,2019
32,spotify:track:6b2RcmUt1g9N9mQ3CbjX2Y,Sam Smith,How Do You Sleep?,PLG - Capitol,13,29,12,615819,CA,Canada,Q4,2019
33,spotify:track:4hPpVbbakQNv8YTHYaOJP4,"Marshmello, Kane Brown",One Thing Right,Joytime Collective,8,19,16,614350,CA,Canada,Q4,2019
34,spotify:track:0hVXuCcriWRGvwMV1r5Yn9,"Ed Sheeran & Justin Bieber, Justin Bieber",I Don't Care (with Justin Bieber),Atlantic Records UK,1,27,22,612925,CA,Canada,Q4,2019
35,spotify:track:3NkJNL3WqO1Lqc3uNDxvCN,"Ariana Grande, Miley Cyrus, Lana Del Rey",Don’t Call Me Angel (Charlie’s Angels) (with Miley Cyrus & Lana Del Rey),Silver Cloud/Charlie's Angels,3,31,4,598716,CA,Canada,Q4,2019
36,spotify:track:6V9fHiv84WlVTg7CSnIVY2,Halsey,Graveyard,Capitol Records,23,49,4,551088,CA,Canada,Q4,2019
37,spotify:track:6wo37KVqFJhtuxPTpLCcfe,"The Chainsmokers, ILLENIUM, Lennon Stella",Takeaway,Disruptor Records/Columbia,12,38,11,547948,CA,Canada,Q4,2019
38,spotify:track:2YpeDb67231RjR0MgVLzsG,"Lil Nas X, Billy Ray Cyrus",Old Town Road (feat. Billy Ray Cyrus) - Remix,Columbia,1,33,27,544329,CA,Canada,Q4,2019
39,spotify:track:0UPBidRYcgJ2mjZlk08V8x,Lil Tjay,F.N,Columbia,39,45,9,539962,CA,Canada,Q4,2019
40,spotify:track:3s4mrPrEFFPF0LmAfutW0n,"Young Thug, J. Cole, Travis Scott",The London (feat. J. Cole & Travis Scott),300 Entertainment/Atl,3,37,20,535987,CA,Canada,Q4,2019
41,spotify:track:0c7K73roy6RW4ebDkf4yGh,24kGoldn,VALENTINO,Records/Columbia,41,53,4,529689,CA,Canada,Q4,2019
42,spotify:track:0fySG6A6qLE8IvDpayb5bM,DaBaby,VIBEZ,South Coast Music Group/Interscope Records,34,34,2,524612,CA,Canada,Q4,2019
43,spotify:track:77KMttn3Lic7ZQKDlPqp8v,DaBaby,INTRO,South Coast Music Group/Interscope Records,26,26,3,523529,CA,Canada,Q4,2019
44,spotify:track:7sWRlDoTDX8geTR8zzr2vt,Post Malone,Hollywood's Bleeding,Republic Records,6,36,5,513332,CA,Canada,Q4,2019
45,spotify:track:4otVP2TcJliXWq2GjkvWkR,"Loud Luxury, Bryce Vine",I'm Not Alright,Sire,26,43,13,510078,CA,Canada,Q4,2019
46,spotify:track:12Fkyg9lpmaz2zmKOfw2Y2,"Post Malone, Meek Mill, Lil Baby",On The Road (feat. Meek Mill & Lil Baby),Republic Records,9,40,5,503782,CA,Canada,Q4,2019
47,spotify:track:7xQAfvXzm3AkraOtGPWIZg,Post Malone,Wow.,Republic Records,1,42,42,493999,CA,Canada,Q4,2019
48,spotify:track:4vUmTMuQqjdnvlZmAH61Qk,"Ed Sheeran, Camila Cabello, Cardi B",South of the Border (feat. Camila Cabello & Cardi B),Atlantic Records UK,11,59,13,481062,CA,Canada,Q4,2019
49,spotify:track:6uFn47ACjqYkc0jADwEdj1,"Polo G, Lil Tjay",Pop Out (feat. Lil Tjay),Columbia,8,47,30,478593,CA,Canada,Q4,2019
50,spotify:track:6moU77g9RQyMzHNuKEaQKq,Ali Gatie,It's You,Warner Records,17,58,17,473910,CA,Canada,Q4,2019
1,spotify:track:5iwz1NiezX7WWjnCgY5TH4,"Pedro Capó, Farruko",Calma - Remix,Sony Music Latin,1,1,14,688022,CO,Colombia,Q1,2019
2,spotify:track:6FyRXC8tJUh863JCkyWqtk,Paulo Londra,Adan y Eva,WEA Latina,2,2,10,528853,CO,Colombia,Q1,2019
3,spotify:track:0s5DNDV6LAKn2u2Ufa3VjQ,"Mau y Ricky, Manuel Turizo, Camilo",Desconocidos,Sony Music Latin,3,3,13,456428,CO,Colombia,Q1,2019
4,spotify:track:116H0KvKr2Zl4RPuVBruDO,"Bad Bunny, Drake",MIA,Rimas Entertainment LLC,1,4,14,384019,CO,Colombia,Q1,2019
5,spotify:track:4w8niZpiMy6qz1mntFA5uM,"DJ Snake, Selena Gomez, Ozuna, Cardi B","Taki Taki (with Selena Gomez, Ozuna & Cardi B)","DJ Snake Music Productions Limited, under exclusive license to Geffen Records",2,5,15,322576,CO,Colombia,Q1,2019
6,spotify:track:2cYnZNzFRFK0H7vSNxPsUq,"Anuel AA, Romeo Santos",Ella Quiere Beber - Remix,"Real Hasta La Muerte, LLC",6,7,10,318971,CO,Colombia,Q1,2019
7,spotify:track:48zFZh27QU5qsrBjn4C2FA,"Ozuna, Manuel Turizo",Vaina Loca,VP Records Corp/Dimelo Vi,1,6,28,317269,CO,Colombia,Q1,2019
8,spotify:track:0NCMHQFpWVDK199pKR2Y7V,ChocQuibTown,Pa Olvidarte,Sony Music Latin,8,10,10,301109,CO,Colombia,Q1,2019
9,spotify:track:2D3z17LBMJ2HEHeBFFjTLi,J Balvin,Reggaeton,UMLE - Latino,7,8,8,291578,CO,Colombia,Q1,2019
10,spotify:track:5qFeMRz4TvetPmzjre9Dq7,"J Balvin, Zion & Lennox",No Es Justo,UMLE - Latino,1,9,35,271898,CO,Colombia,Q1,2019
11,spotify:track:675w3ACw5xZR3ODhUJlEVN,Manuel Turizo,Sola,Sony Music Latin/La Industria,11,14,9,264944,CO,Colombia,Q1,2019
12,spotify:track:6MJUCumnQsQEKbCy28tbCP,"Daddy Yankee, Anuel AA",Adictiva,Craft Latino,12,13,9,264166,CO,Colombia,Q1,2019
13,spotify:track:2XXMDz7SPZ4mSFN1PXfHUy,"Becky G, Paulo Londra",Cuando Te Besé,Sony Music Latin,9,12,23,261883,CO,Colombia,Q1,2019
14,spotify:track:7uQmJ1jgNzBpATSoWKSPFu,"Sebastian Yatra, Mau y Ricky",Ya No Tiene Novio,UMLE - Latino,5,11,22,259308,CO,Colombia,Q1,2019
15,spotify:track:32lexhcz93AinKK0qLTZaZ,Kenny Man,Ni Gucci Ni Prada,UMLE - Latino,15,16,19,242972,CO,Colombia,Q1,2019
16,spotify:track:1mT47pKLXUwPYGwB91GcNz,"KAROL G, Maluma",Créeme,UMLE - Latino,13,21,10,237830,CO,Colombia,Q1,2019
17,spotify:track:7dNwJbsT0sg1le5kVugGJb,"Becky G, Prince Royce, DJ Luian, Mambo Kingz, Anuel AA",Bubalu,Hear This Music,15,18,10,227473,CO,Colombia,Q1,2019
18,spotify:track:1h9P5WJwyvK8OB7O2YiXgp,"Ozuna, Romeo Santos",Ibiza,VP Records Corp/Dimelo Vi,12,17,20,224976,CO,Colombia,Q1,2019
19,spotify:track:1LiN0Z98FkR1t0m8KmLcAH,"Anuel AA, Haze",Amanece,House of Haze,19,24,4,220713,CO,Colombia,Q1,2019
20,spotify:track:04cd1MHVq1D8v1nuTZoCdv,Piso 21,Puntos Suspensivos,WM Mexico,20,25,22,218754,CO,Colombia,Q1,2019
21,spotify:track:1DcxnVNFAyVl2sDQ646pXS,KEVIN ROLDAN,PPP,UMLE - Latino,5,15,18,218751,CO,Colombia,Q1,2019
22,spotify:track:4uP3pUP18ennmz0tb3GphR,Bad Bunny,Solo de Mi,Rimas Entertainment LLC,22,22,4,217658,CO,Colombia,Q1,2019
23,spotify:track:059bcIhyc2SBwm6sw2AZzd,"Piso 21, Micro TDH",Te Vi,WM Mexico,23,30,4,215018,CO,Colombia,Q1,2019
24,spotify:track:6q8Lb50EtqNeeJXXe8mMAH,"KAROL G, Anuel AA",Culpables,UMLE - Latino,10,20,17,202983,CO,Colombia,Q1,2019
25,spotify:track:0VKkyBKCXyR99navhVRqcP,Zion & Lennox,La player (Bandolera),WEA Latina,2,19,46,202494,CO,Colombia,Q1,2019
26,spotify:track:62o8KoI44JfN7aYxgTnPvh,Maluma,Mala Mía,Sony Music Latin,5,23,22,189969,CO,Colombia,Q1,2019
27,spotify:track:3RD0PGolM0mETGHaprwgMn,Manuel Turizo,Culpables,Sony Music Latin/La Industria,2,26,24,187816,CO,Colombia,Q1,2019
28,spotify:track:7vFmnmcsp41uzBUiw1zxfw,"Mike Bahía, Greeicy",Esta Noche,WM Mexico,13,27,6,183890,CO,Colombia,Q1,2019
29,spotify:track:3ao3OVxHlb3C08vAaApUlm,"Luis Fonsi, Ozuna",Imposible,UMLE - Latino,23,34,12,176925,CO,Colombia,Q1,2019
30,spotify:track:3rPAD722s5FFNnwjC91t7Z,Anuel AA,Quiere Beber,"2018 Real Hasta La Muerte, Inc.",9,28,26,176110,CO,Colombia,Q1,2019
31,spotify:track:2zDj4WjbNDmrRL6Z4YjjCA,"Reik, Maluma",Amigos Con Derechos,Columbia,19,32,19,171036,CO,Colombia,Q1,2019
32,spotify:track:59PYgzOiOjGDzjDT5N5oOX,"Brytiago, Daddy Yankee, Ozuna, Anuel AA, Darell",Asesina - Remix,Business Music,31,33,10,167326,CO,Colombia,Q1,2019
33,spotify:track:6ipp8Dhs33KinlF4BStgca,"Silvestre Dangond, NATTI NATASHA",Justicia,Sony Music Latin,14,29,27,166503,CO,Colombia,Q1,2019
34,spotify:track:4KkUjFkcQvGvWekl8RATDn,"6ix9ine, Anuel AA",BEBE (feat. Anuel AA),"ScumGang Records / TenThousand Projects, LLC",5,31,19,165868,CO,Colombia,Q1,2019
35,spotify:track:1j6xOGusnyXq3l6IryKF3G,"Piso 21, Manuel Turizo",Déjala Que Vuelva (feat. Manuel Turizo),WM Mexico,1,35,64,156356,CO,Colombia,Q1,2019
36,spotify:track:6o8ogTrSX8H0F66Pdz3Tsc,"Mario Bautista, Lalo Ebratt",Baby Girl (feat. Lalo Ebratt),WM Mexico,36,38,20,156111,CO,Colombia,Q1,2019
37,spotify:track:6xAhkN7uE1qdhPa8jZwhTb,"Andrés Cepeda, Sebastian Yatra",Magia (feat. Sebastián Yatra),Columbia,9,41,20,148885,CO,Colombia,Q1,2019
38,spotify:track:7tFiyTwD0nx5a1eklYtX2J,Queen,Bohemian Rhapsody - Remastered 2011,Hollywood Records,14,37,87,146305,CO,Colombia,Q1,2019
39,spotify:track:6XBjCetHKdO5L9cwMDVffw,"Anuel AA, Zion",Hipócrita,"2018 Real Hasta La Muerte, Inc.",23,40,26,143760,CO,Colombia,Q1,2019
40,spotify:track:4VTTpwcAxVSQNzEZLi75d0,"Nacho, Manuel Turizo",Déjalo,UMLE - Latino,34,36,6,138340,CO,Colombia,Q1,2019
41,spotify:track:0NKoPGc72yUKTIneVhFfg1,"Lalo Ebratt, Trapical",Mocca,Universal Music Spain S.L.,1,39,36,137711,CO,Colombia,Q1,2019
42,spotify:track:2rPE9A1vEgShuZxxzR2tZH,Ariana Grande,"thank u, next",Republic Records,28,46,10,133288,CO,Colombia,Q1,2019
43,spotify:track:1usoXi4f0BnMART4uActEA,"Lalo Ebratt, J Balvin, Trapical",Mocca - Remix,Universal Music Spain S.L.,14,42,14,132137,CO,Colombia,Q1,2019
44,spotify:track:0Ek2vjTPwy3fXKQnsXy8MH,Mike Bahía,Serenata,WM Mexico,27,49,13,131617,CO,Colombia,Q1,2019
45,spotify:track:2QmsKag0YaqhAbpR9Nwmpn,Danny Ocean,Epa Wei,Atlantic Records,23,47,22,129639,CO,Colombia,Q1,2019
46,spotify:track:0sPTfDSZgE3KvcvqaKPtEx,Bryant Myers,Tanta Falta,eOne Music,10,43,14,128820,CO,Colombia,Q1,2019
47,spotify:track:3V8UKqhEK5zBkBb6d6ub8i,"Nio Garcia, Casper Magico, Bad Bunny, Darell, Ozuna, Nicky Jam",Te Boté - Remix,"Flow La Movie, Inc.",1,44,39,126541,CO,Colombia,Q1,2019
48,spotify:track:2alIsNw1mqEShbWyO1HXZZ,"Sebastian Yatra, Luis Figueroa, Lary Over",Por Perro,UMLE - Latino,7,48,41,124072,CO,Colombia,Q1,2019
49,spotify:track:0ftcn4ddKESqQMA784Ebc0,Yeison Jimenez,Aventurero,Sony Music Entertainment,49,51,9,119018,CO,Colombia,Q1,2019
50,spotify:track:14Oqgy47ik2WEgbdwy9Ecn,Jessi Uribe,Dulce Pecado,MDO Jessi Uribe,45,45,50,107575,CO,Colombia,Q1,2019
1,spotify:track:224EVTFiLsdQignUFLvDeH,"Dalex, Rafa Pabön, KHEA, Sech, Feid, Cazzu, Lenny Tavárez",Pa Mí (Remix),Rich Music/Ingrooves Records,1,1,9,510995,CO,Colombia,Q2,2019
2,spotify:track:5w9c2J52mkdntKOmRLeM2m,"Daddy Yankee, Snow",Con Calma,Craft Latino,1,2,11,454976,CO,Colombia,Q2,2019
3,spotify:track:3tOmzBrWaHg97FKgsqhhEd,"Greeicy, Nacho",Destino,UMLE - Latino,3,6,4,445520,CO,Colombia,Q2,2019
4,spotify:track:4lzxJ4jCuFDXXGkE1LmpKR,"DJ Luian, Mambo Kingz, Anuel AA, Nicky Jam, Darell, Brytiago",Verte Ir,Hear This Music,4,9,2,420431,CO,Colombia,Q2,2019
5,spotify:track:31UjYv5vLsDkzchJOtUMtW,Maluma,HP,Sony Music Latin,3,3,6,405642,CO,Colombia,Q2,2019
6,spotify:track:5W83ErFkO3aKAIS1WMi6u0,"Anuel AA, KAROL G",Secreto,Anuel AA & Karol G - Secreto,1,4,13,376147,CO,Colombia,Q2,2019
7,spotify:track:0s5DNDV6LAKn2u2Ufa3VjQ,"Mau y Ricky, Manuel Turizo, Camilo",Desconocidos,Sony Music Latin,3,5,26,375904,CO,Colombia,Q2,2019
8,spotify:track:6v0lAdFF4haL8xjBIUjtOw,"Nicky Jam, Ozuna",Te Robaré,Sony Music Latin,8,11,3,367702,CO,Colombia,Q2,2019
9,spotify:track:3g4UyIcQwutiG0TfW32GnX,"Manuel Turizo, Ozuna",Esclavo de Tus Besos,Sony Music Latin/La Industria,6,8,8,362317,CO,Colombia,Q2,2019
10,spotify:track:059bcIhyc2SBwm6sw2AZzd,"Piso 21, Micro TDH",Te Vi,WM Mexico,5,7,17,362176,CO,Colombia,Q2,2019
11,spotify:track:5KbBGUpIZd6gVFUU8tqYiQ,"Myke Towers, Farruko",Si Se Da,2019 Casablanca Records & One World Music | Distributed by GLAD Empire,11,12,7,341166,CO,Colombia,Q2,2019
12,spotify:track:5iwz1NiezX7WWjnCgY5TH4,"Pedro Capó, Farruko",Calma - Remix,Sony Music Latin,1,10,27,339012,CO,Colombia,Q2,2019
13,spotify:track:5BDP2tky8oMQJPS33frKVp,"Sebastian Yatra, Reik",Un Año,UMLE - Latino,7,14,12,322673,CO,Colombia,Q2,2019
14,spotify:track:6FyRXC8tJUh863JCkyWqtk,Paulo Londra,Adan y Eva,WEA Latina,2,13,23,317076,CO,Colombia,Q2,2019
15,spotify:track:2ktoFujjJtantyMoVdBJlX,"ChocQuibTown, Zion & Lennox, Farruko, Manuel Turizo",Pa Olvidarte (feat. Manuel Turizo) - Remix,Sony Music Latin,2,15,10,297196,CO,Colombia,Q2,2019
16,spotify:track:3JjaofJ0lCeEsFSZqppzOp,"Sean Paul, J Balvin",Contra La Pared,Universal-Island Records Ltd.,16,16,4,276226,CO,Colombia,Q2,2019
17,spotify:track:5O3cRP4ZHC9vvVIHtET1f0,"Sech, Justin Quiles",Qué Más Pues,Rich Music/Ingrooves Records,17,19,12,274995,CO,Colombia,Q2,2019
18,spotify:track:2qG5sZ7Si6sdK74qLxedYM,"ROSALÍA, J Balvin, El Guincho",Con Altura,Columbia,17,17,2,271626,CO,Colombia,Q2,2019
19,spotify:track:6Bc48Fgqgb6j4K6JdkZTNk,"Sech, Farruko, Zion & Lennox",Solita,Rich Music/Ingrooves Records,19,20,6,261847,CO,Colombia,Q2,2019
20,spotify:track:7uH27oIt4a6cIFCA8ZPcyG,Ozuna,Baila Baila Baila,Aura Music Corp.,11,18,14,249382,CO,Colombia,Q2,2019
21,spotify:track:1LiN0Z98FkR1t0m8KmLcAH,"Anuel AA, Haze",Amanece,House of Haze,11,21,17,235444,CO,Colombia,Q2,2019
22,spotify:track:4k9byIhs9ppbYWE22waJMB,Camilo,No Te Vayas,Sony Music Latin,22,24,2,231560,CO,Colombia,Q2,2019
23,spotify:track:3f5lA8nnc4YYF1qf78WpHw,"Anuel AA, Romeo Santos",Ella Quiere Beber - Remix,"Real Hasta La Muerte, LLC",6,22,23,223227,CO,Colombia,Q2,2019
24,spotify:track:2IA8cFA46DkjgbsRG7kKbp,"Amenazzy, Nicky Jam, Farruko",Baby,Rimas Music,19,25,16,222165,CO,Colombia,Q2,2019
25,spotify:track:1mT47pKLXUwPYGwB91GcNz,"KAROL G, Maluma",Créeme,UMLE - Latino,13,23,23,215519,CO,Colombia,Q2,2019
26,spotify:track:675w3ACw5xZR3ODhUJlEVN,Manuel Turizo,Sola,Sony Music Latin/La Industria,10,26,22,212236,CO,Colombia,Q2,2019
27,spotify:track:1Kjer1JoWuJGNwGV6Pbgv1,Sebastian Yatra,Cristina,UMLE - Latino,19,28,3,211098,CO,Colombia,Q2,2019
28,spotify:track:3mN2DtljBhnrIpc3Nu2pJ8,"Lalo Ebratt, Sebastian Yatra, Yera, Trapical Minds",Déjate Querer,Universal Music Spain S.L.,23,27,6,207819,CO,Colombia,Q2,2019
29,spotify:track:46lvmzK8wxAy66tjzXXSh0,Paulo Londra,Tal Vez,WEA Latina,29,-1,1,202357,CO,Colombia,Q2,2019
30,spotify:track:6MJUCumnQsQEKbCy28tbCP,"Daddy Yankee, Anuel AA",Adictiva,Craft Latino,9,31,22,184156,CO,Colombia,Q2,2019
31,spotify:track:4T4CZ3Q4z3GG7lU720YYhM,"Lunay, Gaby Music, Chris Jedi",Soltera,round2media - LaFamilia,31,32,7,183342,CO,Colombia,Q2,2019
32,spotify:track:116H0KvKr2Zl4RPuVBruDO,"Bad Bunny, Drake",MIA,Rimas Entertainment LLC,1,30,27,182942,CO,Colombia,Q2,2019
33,spotify:track:2D3z17LBMJ2HEHeBFFjTLi,J Balvin,Reggaeton,UMLE - Latino,7,29,21,178807,CO,Colombia,Q2,2019
34,spotify:track:5qFeMRz4TvetPmzjre9Dq7,"J Balvin, Zion & Lennox",No Es Justo,UMLE - Latino,1,33,48,174414,CO,Colombia,Q2,2019
35,spotify:track:32lexhcz93AinKK0qLTZaZ,Kenny Man,Ni Gucci Ni Prada,UMLE - Latino,15,34,32,169001,CO,Colombia,Q2,2019
36,spotify:track:04cd1MHVq1D8v1nuTZoCdv,Piso 21,Puntos Suspensivos,WM Mexico,20,35,35,167467,CO,Colombia,Q2,2019
37,spotify:track:48zFZh27QU5qsrBjn4C2FA,"Ozuna, Manuel Turizo",Vaina Loca,VP Records Corp/Dimelo Vi,1,37,41,165208,CO,Colombia,Q2,2019
38,spotify:track:6qP73DRFGojLuIk1siIhNE,"The Rudeboyz, Jowell & Randy, Manuel Turizo",Dile la Verdad,Rimas Entertainment LLC,17,36,13,164473,CO,Colombia,Q2,2019
39,spotify:track:2Fxmhks0bxGSBdJ92vM42m,Billie Eilish,bad guy,Darkroom/Interscope Records,39,41,2,161103,CO,Colombia,Q2,2019
40,spotify:track:7dNwJbsT0sg1le5kVugGJb,"Becky G, Prince Royce, DJ Luian, Mambo Kingz, Anuel AA",Bubalu,Hear This Music,15,40,23,155118,CO,Colombia,Q2,2019
41,spotify:track:3pAwh9JxSJxWyUy3BUBPb4,"Feid, Sech",Sígueme - Remix,JP Entertainment (Jorge Pino),41,43,10,154417,CO,Colombia,Q2,2019
42,spotify:track:0VKkyBKCXyR99navhVRqcP,Zion & Lennox,La player (Bandolera),WEA Latina,2,42,59,153456,CO,Colombia,Q2,2019
43,spotify:track:1WSGTYKLEpKfNQYYW5Oymt,"benny blanco, Selena Gomez, J Balvin, Tainy","I Can’t Get Enough (benny blanco, Selena Gomez, J Balvin, Tainy)",NEON16/Friends Keep Secrets/Interscope Records,31,38,6,153371,CO,Colombia,Q2,2019
44,spotify:track:6ocbgoVGwYJhOv1GgI9NsF,Ariana Grande,7 rings,Republic Records,15,39,12,149818,CO,Colombia,Q2,2019
45,spotify:track:6ayCEojiJIe5d8DwXVlGU4,"Reykon, Cosculluela",Domingo (feat. Cosculluela),WEA Latina,29,44,24,148218,CO,Colombia,Q2,2019
46,spotify:track:7uQmJ1jgNzBpATSoWKSPFu,"Sebastian Yatra, Mau y Ricky",Ya No Tiene Novio,UMLE - Latino,5,45,35,142148,CO,Colombia,Q2,2019
47,spotify:track:7vFmnmcsp41uzBUiw1zxfw,"Mike Bahía, Greeicy",Esta Noche,WM Mexico,13,46,19,138660,CO,Colombia,Q2,2019
48,spotify:track:4u7EnebtmKWzUH433cf5Qv,Queen,Bohemian Rhapsody - Remastered 2011,Hollywood Records,14,49,100,132797,CO,Colombia,Q2,2019
49,spotify:track:4w8niZpiMy6qz1mntFA5uM,"DJ Snake, Selena Gomez, Ozuna, Cardi B","Taki Taki (with Selena Gomez, Ozuna & Cardi B)","DJ Snake Music Productions Limited, under exclusive license to Geffen Records",2,48,28,129869,CO,Colombia,Q2,2019
50,spotify:track:4VTTpwcAxVSQNzEZLi75d0,"Nacho, Manuel Turizo",Déjalo,UMLE - Latino,34,47,19,129228,CO,Colombia,Q2,2019
1,spotify:track:2TH65lNHgvLxCKXM3apjxI,"Bad Bunny, Tainy",Callaita,Rimas Entertainment LLC,1,1,6,686490,CO,Colombia,Q3,2019
2,spotify:track:1Ej96GIBCTvgH7tNX1r3qr,"Sech, Darell",Otro Trago,Rich Music/Ingrooves Records,1,2,12,588804,CO,Colombia,Q3,2019
3,spotify:track:0fea68AdmYNygeTGI4RC18,"J Balvin, Bad Bunny",LA CANCIÓN,Universal Music Latino / Rimas,3,3,2,493561,CO,Colombia,Q3,2019
4,spotify:track:4R8BJggjosTswLxtkw8V7P,"JHAYCO, J Balvin, Bad Bunny",No Me Conoce - Remix,N&E Entertainment LLC,4,6,8,462562,CO,Colombia,Q3,2019
5,spotify:track:25ZAibhr3bdlMCLmubZDVt,"J Balvin, Bad Bunny",QUE PRETENDES,Universal Music Latino / Rimas,4,4,2,445824,CO,Colombia,Q3,2019
6,spotify:track:1c0hsvHLELX6y8qymnpLKL,"Lunay, Daddy Yankee, Bad Bunny",Soltera (Remix),round2media - LaFamilia,2,5,9,439348,CO,Colombia,Q3,2019
7,spotify:track:7KbF6AdprOXEEHlsq11Z6d,Maluma,11 PM,Sony Music Latin,4,7,8,421482,CO,Colombia,Q3,2019
8,spotify:track:7anSoGdgtmJTAPZBzcPhO6,"Dalex, Nicky Jam, Justin Quiles, Sech, Lenny Tavárez, Feid, Rafa Pabön",Cuaderno,Rich Music/Ingrooves Records,6,9,9,345408,CO,Colombia,Q3,2019
9,spotify:track:7fODjB7BrQTGqh0hogW6XD,"Sech, Justin Quiles, Maluma, Nicky Jam, Farruko, Dalex, Lenny Tavárez",Que Mas Pues - Remix,Rich Music/Ingrooves Records,2,8,13,344986,CO,Colombia,Q3,2019
10,spotify:track:0UQwlF2pRkr1lMN6kNNUj3,"Mau y Ricky, Camilo",La Boca,Sony Music Latin,8,13,10,338899,CO,Colombia,Q3,2019
11,spotify:track:4lzxJ4jCuFDXXGkE1LmpKR,"DJ Luian, Mambo Kingz, Anuel AA, Nicky Jam, Darell, Brytiago",Verte Ir,Hear This Music,4,12,15,320545,CO,Colombia,Q3,2019
12,spotify:track:6v0lAdFF4haL8xjBIUjtOw,"Nicky Jam, Ozuna",Te Robaré,Sony Music Latin,4,11,16,319249,CO,Colombia,Q3,2019
13,spotify:track:7g8YaUQABMal0zWe7a2ijz,"Dalex, Rafa Pabön, KHEA, Sech, Feid, Cazzu, Lenny Tavárez",Pa Mí (Remix),Rich Music/Ingrooves Records,1,10,22,316396,CO,Colombia,Q3,2019
14,spotify:track:0TK2YIli7K1leLovkQiNik,"Shawn Mendes, Camila Cabello",Señorita,Island Records,13,15,3,306553,CO,Colombia,Q3,2019
15,spotify:track:5jW3rF4URMdK7tO2xjS5EI,Paulo Londra,Tal Vez,WEA Latina,5,14,14,303308,CO,Colombia,Q3,2019
16,spotify:track:2qG5sZ7Si6sdK74qLxedYM,"ROSALÍA, J Balvin, El Guincho",Con Altura,Columbia,14,16,15,280219,CO,Colombia,Q3,2019
17,spotify:track:041Kcvnw8nOdq8xiRibPTG,"Greeicy, Nacho",Destino,UMLE - Latino,3,17,17,275195,CO,Colombia,Q3,2019
18,spotify:track:4kitLAHbmBBXYHt9g22md3,"Mike Bahía, Ovy On The Drums",La Lá,WM Mexico,18,22,9,268878,CO,Colombia,Q3,2019
19,spotify:track:1f38Gx6xQz6r4H1jGVNBJo,"DJ Snake, J Balvin, Tyga",Loco Contigo (feat. J. Balvin & Tyga),DJ Snake Music Productions Limited,19,19,4,254878,CO,Colombia,Q3,2019
20,spotify:track:5KbBGUpIZd6gVFUU8tqYiQ,"Myke Towers, Farruko",Si Se Da,2019 Casablanca Records & One World Music | Distributed by GLAD Empire,11,23,20,248516,CO,Colombia,Q3,2019
21,spotify:track:5w9c2J52mkdntKOmRLeM2m,"Daddy Yankee, Snow",Con Calma,Craft Latino,1,21,24,241147,CO,Colombia,Q3,2019
22,spotify:track:56f5qnyAlZdlz8wrUDA50h,"Mau y Ricky, Manuel Turizo, Camilo",Desconocidos,Sony Music Latin,3,25,39,233296,CO,Colombia,Q3,2019
23,spotify:track:7BuSE9uTIw931wtZYzvZcQ,"Sebastian Yatra, Daddy Yankee, NATTI NATASHA, Jonas Brothers",Runaway,UMLE - Latino,19,27,3,232708,CO,Colombia,Q3,2019
24,spotify:track:0tJCo71s7HT9Mu5Z4juuLw,"Sech, Farruko, Zion & Lennox",Solita,Rich Music/Ingrooves Records,7,24,19,229628,CO,Colombia,Q3,2019
25,spotify:track:1LIqNVhaIgxXUt2eVoIQJ3,Maluma,HP,Sony Music Latin,3,26,19,216040,CO,Colombia,Q3,2019
26,spotify:track:059bcIhyc2SBwm6sw2AZzd,"Piso 21, Micro TDH",Te Vi,WM Mexico,5,30,30,211707,CO,Colombia,Q3,2019
27,spotify:track:3g4UyIcQwutiG0TfW32GnX,"Manuel Turizo, Ozuna",Esclavo de Tus Besos,Sony Music Latin/La Industria,6,32,21,206133,CO,Colombia,Q3,2019
28,spotify:track:7MRU4vOkywuhZ9kbFiPuiu,"Daddy Yankee, Wisin & Yandel",Si Supieras,El Cartel Records (EC3),28,42,2,196620,CO,Colombia,Q3,2019
29,spotify:track:132ALUzVLmqYB4UsBj5qD6,Paulo Londra,Adan y Eva,WEA Latina,2,35,36,192970,CO,Colombia,Q3,2019
30,spotify:track:5iwz1NiezX7WWjnCgY5TH4,"Pedro Capó, Farruko",Calma - Remix,Sony Music Latin,1,33,40,192600,CO,Colombia,Q3,2019
31,spotify:track:7pxL0DzPpCjjcdfQccvnus,"Piso 21, Myke Towers",Una Vida Para Recordar,WM Mexico,31,-1,1,192468,CO,Colombia,Q3,2019
32,spotify:track:6rXxAohZzTDsP5KT3IDFIU,"Prince Royce, Manuel Turizo",Cúrame (feat. Manuel Turizo),Sony Music Latin,32,38,5,184592,CO,Colombia,Q3,2019
33,spotify:track:2vrpcQNg6itmgVZWsNjWe0,"Sebastian Yatra, Reik",Un Año,UMLE - Latino,7,37,25,183606,CO,Colombia,Q3,2019
34,spotify:track:37eGbhE1xVFSvcKkqGb6i1,"Sean Paul, J Balvin",Contra La Pared,Universal-Island Records Ltd.,16,34,17,182135,CO,Colombia,Q3,2019
35,spotify:track:2Fxmhks0bxGSBdJ92vM42m,Billie Eilish,bad guy,Darkroom/Interscope Records,28,41,15,178505,CO,Colombia,Q3,2019
36,spotify:track:7hynhxDoDpgMIV12JuVtNa,"J Balvin, Bad Bunny, Marciano Cantero",UN PESO,Universal Music Latino / Rimas,18,18,2,175937,CO,Colombia,Q3,2019
37,spotify:track:5W83ErFkO3aKAIS1WMi6u0,"Anuel AA, KAROL G",Secreto,Anuel AA & Karol G - Secreto,1,43,26,170089,CO,Colombia,Q3,2019
38,spotify:track:7mWFF4gPADjTQjC97CgFVt,"Ozuna, Daddy Yankee, J Balvin, Farruko, Anuel AA",Baila Baila Baila - Remix,VP Records Corp/Dimelo Vi,21,40,11,168359,CO,Colombia,Q3,2019
39,spotify:track:6pK5edDoyrn4mWwRSVc2a5,Ozuna,Amor Genuino,Aura Music Corp.,22,39,6,166660,CO,Colombia,Q3,2019
40,spotify:track:2ktoFujjJtantyMoVdBJlX,"ChocQuibTown, Zion & Lennox, Farruko, Manuel Turizo",Pa Olvidarte (feat. Manuel Turizo) - Remix,Sony Music Latin,2,44,23,164026,CO,Colombia,Q3,2019
41,spotify:track:71pEiUWwfDFiRO6RmFpnBf,"J Balvin, Bad Bunny",MOJAITA,Universal Music Latino / Rimas,20,20,2,158116,CO,Colombia,Q3,2019
42,spotify:track:4k9byIhs9ppbYWE22waJMB,Camilo,No Te Vayas,Sony Music Latin,22,46,15,157717,CO,Colombia,Q3,2019
43,spotify:track:3HVWdVOQ0ZA45FuZGSfvns,"Ed Sheeran, Justin Bieber",I Don't Care (with Justin Bieber),Atlantic Records UK,23,45,9,151000,CO,Colombia,Q3,2019
44,spotify:track:5s8LepdwU0THzpd0M7nLsa,Ozuna,Te Soñé de Nuevo,Aura Music Corp.,44,51,5,148113,CO,Colombia,Q3,2019
45,spotify:track:3mN2DtljBhnrIpc3Nu2pJ8,"Lalo Ebratt, Sebastian Yatra, Yera, Trapical Minds",Déjate Querer,Universal Music Spain S.L.,23,47,19,147461,CO,Colombia,Q3,2019
46,spotify:track:4EKZsrsCKyqr64FBHLc0DU,"KAROL G, Maluma",Créeme,UMLE - Latino,13,48,36,145293,CO,Colombia,Q3,2019
47,spotify:track:1LiN0Z98FkR1t0m8KmLcAH,"Anuel AA, Haze",Amanece,House of Haze,11,49,30,142361,CO,Colombia,Q3,2019
48,spotify:track:00Ia46AgCNfnXjzgH8PIKH,"Reykon, Maluma",Latina (feat. Maluma),WEA Latina,45,53,6,137065,CO,Colombia,Q3,2019
49,spotify:track:3f5lA8nnc4YYF1qf78WpHw,"Anuel AA, Romeo Santos",Ella Quiere Beber - Remix,"Real Hasta La Muerte, LLC",6,52,36,134359,CO,Colombia,Q3,2019
50,spotify:track:5J64qSSq0VZuh0CiI9o9Nq,"Mambo Kingz, DJ Luian, Anuel AA, KAROL G, Arcángel",Tú No Amas,Hear This Music,37,54,3,130966,CO,Colombia,Q3,2019
1,spotify:track:2ksOAxtIxY8yElEWw8RhgK,"Anuel AA, Daddy Yankee, KAROL G, J Balvin, Ozuna",China,"2019 Real Hasta La Muerte, LLC.",1,1,12,492690,CO,Colombia,Q4,2019
2,spotify:track:3jbT1Y5MoPwEIpZndDDwVq,"Tainy, Anuel AA, Ozuna",Adicto (with Anuel AA & Ozuna),NEON16/Interscope Records,2,2,7,455577,CO,Colombia,Q4,2019
3,spotify:track:0fea68AdmYNygeTGI4RC18,"J Balvin, Bad Bunny",LA CANCIÓN,Universal Music Latino / Rimas,2,3,15,432856,CO,Colombia,Q4,2019
4,spotify:track:1nocRtwyNPVtGcIJqfgdzZ,"Camilo, Pedro Capó",Tutu,Sony Music Latin,2,5,9,430102,CO,Colombia,Q4,2019
5,spotify:track:4R8BJggjosTswLxtkw8V7P,"JHAYCO, J Balvin, Bad Bunny",No Me Conoce - Remix,N&E Entertainment LLC,3,7,21,407967,CO,Colombia,Q4,2019
6,spotify:track:2TH65lNHgvLxCKXM3apjxI,"Bad Bunny, Tainy",Callaita,Rimas Entertainment LLC,1,6,19,406109,CO,Colombia,Q4,2019
7,spotify:track:59s0s39NFWScuHDbHytI14,"Reik, J Balvin, Lalo Ebratt",Indeciso,Indeciso,7,9,7,358466,CO,Colombia,Q4,2019
8,spotify:track:5099x34vBakWpGkHourFxP,"Maluma, J Balvin",Qué Pena,Sony Music Latin,4,4,2,354368,CO,Colombia,Q4,2019
9,spotify:track:25ZAibhr3bdlMCLmubZDVt,"J Balvin, Bad Bunny",QUE PRETENDES,Universal Music Latino / Rimas,4,8,15,350295,CO,Colombia,Q4,2019
10,spotify:track:4AjWbAwRpxk2worpjNH5CS,"Rich Music LTD, Sech, Dalex, Justin Quiles, Lenny Tavárez, Feid, Wisin, Zion",Quizas,Rich Music,10,10,3,334027,CO,Colombia,Q4,2019
11,spotify:track:684EjRHwNsZQ9hCQxL4NYL,"Dímelo Flow, Nicky Jam, Sech, Farruko, Zion, Lunay","El Favor (with Nicky Jam & Sech, feat. Farruko, Zion & Lunay)",Rich Music/Interscope Records,9,11,6,327409,CO,Colombia,Q4,2019
12,spotify:track:6Y4PDQv4XjYjHLeLmvyOt0,"Sech, Ozuna",Si Te Vas,Rich Music,12,12,2,323354,CO,Colombia,Q4,2019
13,spotify:track:7BlBVFwvbWvcwNcUarQmjk,"ROSALÍA, Ozuna","Yo x Ti, Tu x Mi",Columbia,8,13,8,299611,CO,Colombia,Q4,2019
14,spotify:track:1c0hsvHLELX6y8qymnpLKL,"Lunay, Daddy Yankee, Bad Bunny",Soltera (Remix),round2media - LaFamilia,2,14,22,291230,CO,Colombia,Q4,2019
15,spotify:track:7KbF6AdprOXEEHlsq11Z6d,Maluma,11 PM,Sony Music Latin,4,17,21,277037,CO,Colombia,Q4,2019
16,spotify:track:6v3KW9xbzN5yKLt9YKDYA2,"Shawn Mendes, Camila Cabello",Señorita,Island Records,10,15,16,267570,CO,Colombia,Q4,2019
17,spotify:track:2J9B63FawlTaPdg4eH5X03,Beéle,Loco,Hear This Music,17,18,8,265273,CO,Colombia,Q4,2019
18,spotify:track:4bTZeO72FwMa6wKOiqoynL,"Sech, Ozuna, Anuel AA, Darell, Nicky Jam",Otro Trago - Remix,Rich Music,3,16,11,263247,CO,Colombia,Q4,2019
19,spotify:track:6mAN61JH0dzyZpWslS11jy,"Rauw Alejandro, Farruko",Fantasias,"(SME US Latin) Duars Entertainment, Corp. (2)",19,28,6,257162,CO,Colombia,Q4,2019
20,spotify:track:6K5BsR04ijf3FHNzjbaagD,"Myke Towers, Farruko, Arcángel, Sech, Zion",Si Se Da - Remix,2019 Casablanca Records & One World Music | Distributed by GLAD Empire,10,19,10,253759,CO,Colombia,Q4,2019
21,spotify:track:7pxL0DzPpCjjcdfQccvnus,"Piso 21, Myke Towers",Una Vida Para Recordar,WM Mexico,16,20,14,241064,CO,Colombia,Q4,2019
22,spotify:track:3KekO5WUfJsh7kYU9o2w50,"Nicky Jam, Sech",Atrévete,Sony Music Latin,11,22,10,230267,CO,Colombia,Q4,2019
23,spotify:track:2qG5sZ7Si6sdK74qLxedYM,"ROSALÍA, J Balvin, El Guincho",Con Altura,Columbia,14,23,28,223320,CO,Colombia,Q4,2019
24,spotify:track:7fODjB7BrQTGqh0hogW6XD,"Sech, Justin Quiles, Maluma, Nicky Jam, Farruko, Dalex, Lenny Tavárez",Que Mas Pues - Remix,Rich Music/Ingrooves Records,2,24,26,215233,CO,Colombia,Q4,2019
25,spotify:track:7anSoGdgtmJTAPZBzcPhO6,"Dalex, Nicky Jam, Justin Quiles, Sech, Lenny Tavárez, Feid, Rafa Pabön",Cuaderno,Rich Music/Ingrooves Records,6,27,22,209846,CO,Colombia,Q4,2019
26,spotify:track:1cVlW9WQiGlFdWUXFdFZGh,"Piso 21, Christian Nodal",Pa' Olvidarme De Ella,WM Mexico,21,26,5,205001,CO,Colombia,Q4,2019
27,spotify:track:4iFTIshL0xDCw8JJUl5AJ3,"Andy Rivera, Jhonny Rivera, Jessi Uribe",Alguien Me Gusta,Andy Rivera,15,25,3,202079,CO,Colombia,Q4,2019
28,spotify:track:56f5qnyAlZdlz8wrUDA50h,"Mau y Ricky, Manuel Turizo, Camilo",Desconocidos,Sony Music Latin,3,31,52,201451,CO,Colombia,Q4,2019
29,spotify:track:041Kcvnw8nOdq8xiRibPTG,"Greeicy, Nacho",Destino,UMLE - Latino,3,33,30,200793,CO,Colombia,Q4,2019
30,spotify:track:4fj7e6Tc48Bmomwyz2Z2XC,"Manuel Turizo, Anuel AA",Te Quemaste,Sony Music Latin/La Industria,17,29,7,198926,CO,Colombia,Q4,2019
31,spotify:track:6osaMSJh9NguagEDQcZaKx,"DJ Snake, J Balvin, Tyga",Loco Contigo (feat. J. Balvin & Tyga),DJ Snake Music Productions Limited,19,30,17,193870,CO,Colombia,Q4,2019
32,spotify:track:1Ej96GIBCTvgH7tNX1r3qr,"Sech, Darell",Otro Trago,Rich Music/Ingrooves Records,1,32,25,193604,CO,Colombia,Q4,2019
33,spotify:track:4lzxJ4jCuFDXXGkE1LmpKR,"DJ Luian, Mambo Kingz, Anuel AA, Nicky Jam, Darell, Brytiago",Verte Ir,Hear This Music,4,34,28,189756,CO,Colombia,Q4,2019
34,spotify:track:4kitLAHbmBBXYHt9g22md3,"Mike Bahía, Ovy On The Drums",La Lá,WM Mexico,16,35,22,189514,CO,Colombia,Q4,2019
35,spotify:track:7g8YaUQABMal0zWe7a2ijz,"Dalex, Rafa Pabön, KHEA, Sech, Feid, Cazzu, Lenny Tavárez",Pa Mí (Remix),Rich Music/Ingrooves Records,1,37,35,185954,CO,Colombia,Q4,2019
36,spotify:track:6v0lAdFF4haL8xjBIUjtOw,"Nicky Jam, Ozuna",Te Robaré,Sony Music Latin,4,36,29,185449,CO,Colombia,Q4,2019
37,spotify:track:5jW3rF4URMdK7tO2xjS5EI,Paulo Londra,Tal Vez,WEA Latina,5,38,27,176717,CO,Colombia,Q4,2019
38,spotify:track:1ndyl3wJCFs872XZ3ztPk6,"Justin Quiles, NATTI NATASHA, Farruko, Lenny Tavárez, Dalex, Zion","DJ No Pare (feat. Zion, Dalex, Lenny Tavárez) - Remix",WEA Latina,37,39,5,176202,CO,Colombia,Q4,2019
39,spotify:track:059bcIhyc2SBwm6sw2AZzd,"Piso 21, Micro TDH",Te Vi,WM Mexico,5,41,43,173666,CO,Colombia,Q4,2019
40,spotify:track:0UQwlF2pRkr1lMN6kNNUj3,"Mau y Ricky, Camilo",La Boca,Sony Music Latin,8,40,23,169637,CO,Colombia,Q4,2019
41,spotify:track:7MRU4vOkywuhZ9kbFiPuiu,"Daddy Yankee, Wisin & Yandel",Si Supieras,El Cartel Records (EC3),26,42,15,166764,CO,Colombia,Q4,2019
42,spotify:track:1tpbAGsGpZee5jDHMcLrUJ,"Dalex, Lenny Tavárez",Bellaquita,Rich Music,42,44,5,164521,CO,Colombia,Q4,2019
43,spotify:track:0tJCo71s7HT9Mu5Z4juuLw,"Sech, Farruko, Zion & Lennox",Solita,Rich Music/Ingrooves Records,7,43,32,162926,CO,Colombia,Q4,2019
44,spotify:track:7tQ24skemknA6PPh6gwFi1,"Yera, Morat",Mejores Amigos,Universal Music Spain S.L.,21,21,2,160493,CO,Colombia,Q4,2019
45,spotify:track:2vrpcQNg6itmgVZWsNjWe0,"Sebastian Yatra, Reik",Un Año,UMLE - Latino,7,47,38,156625,CO,Colombia,Q4,2019
46,spotify:track:5iwz1NiezX7WWjnCgY5TH4,"Pedro Capó, Farruko",Calma - Remix,Sony Music Latin,1,49,53,154016,CO,Colombia,Q4,2019
47,spotify:track:2EEmzqzM70CybVspgM7YRT,"Mau y Ricky, Camilo, Lunay",La Boca - Remix,Sony Music Latin,20,45,12,153071,CO,Colombia,Q4,2019
48,spotify:track:0WpwK09agFbwEUaNrGnXoe,"Manuel Turizo, Ozuna",Esclavo de Tus Besos,Sony Music Latin/La Industria,6,48,34,150758,CO,Colombia,Q4,2019
49,spotify:track:3bDD7GGvIzAZeHz2TOYD3A,"Piso 21, Black Eyed Peas",Mami,WM Mexico,38,46,9,150144,CO,Colombia,Q4,2019
50,spotify:track:5Qykmc6YTWMvZMmBcHUdMU,Manuel Turizo,Nada Ha Cambiado,Sony Music Latin/La Industria,29,50,11,144559,CO,Colombia,Q4,2019
1,spotify:track:7KPGeiXWDsGEvFK62wzU8E,Capital Bra,Benzema,Bra Musik,1,1,3,3881079,DE,Germany,Q1,2019
2,spotify:track:0kLA41xkWzzYzMIEGFuDkP,"LX, Maxwell, Bonez MC, Gzuz, Sa4",HaifischNikez Allstars,187 Strassenbande,2,2,2,3146607,DE,Germany,Q1,2019
3,spotify:track:25sgk305KZfyuqVBQIahim,Ava Max,Sweet but Psycho,Atlantic Records,2,3,14,3043020,DE,Germany,Q1,2019
4,spotify:track:1IPRghUN3LFPNbCTsfBJx9,MERO,Baller los,Groove Attack TraX,1,4,7,2554524,DE,Germany,Q1,2019
5,spotify:track:2PAYSgrVOBz8RJqp9B7QLu,Sido,Tausend Tattoos,Urban,4,6,11,2141878,DE,Germany,Q1,2019
6,spotify:track:31Zs71Yb7YoPlFx2p1uKRX,"Azet, Zuna",Lelele,KMN Gang,4,5,3,2121243,DE,Germany,Q1,2019
7,spotify:track:1rqqCSm0Qe4I9rUvWncaom,Panic! At The Disco,High Hopes,DCD2 / Fueled By Ramen,7,7,29,2012334,DE,Germany,Q1,2019
8,spotify:track:7Kl0tRgiMu5USwbZM5274a,"Nash, Azet","Crack, Koks, Piece Unternehmen",KMN Gang,8,-1,1,1884236,DE,Germany,Q1,2019
9,spotify:track:4Nip6oiJU24LqcUEi7u19S,"KITSCHKRIEG, GRiNGO, Ufo361, Trettmann, Gzuz","Standard (feat. Trettmann, Gringo, Ufo361 & Gzuz)",SoulForce/BMG,1,8,12,1837884,DE,Germany,Q1,2019
10,spotify:track:0dGSOCj6hdV5Nr0V8FjONc,"Nimo, CAPO",Zoey,Urban,5,9,4,1630464,DE,Germany,Q1,2019
11,spotify:track:4UOXo3xWnxYdTf3sFyRaUG,"Bonez MC, RAF Camora",500 PS,187 Strassenbande & Vertigo/Capitol,1,11,23,1541702,DE,Germany,Q1,2019
12,spotify:track:6MWtB6iiXyIwun0YzU6DFP,Post Malone,Wow.,Republic Records,12,15,3,1537604,DE,Germany,Q1,2019
13,spotify:track:5p7ujcrUXASCNwRaWNHR1C,Halsey,Without Me,Capitol Records,13,14,14,1534817,DE,Germany,Q1,2019
14,spotify:track:3yuMTMJQ2gkvLhMVZLrcRV,Capital Bra,Feuer,Sony Music/BMA,2,13,6,1472563,DE,Germany,Q1,2019
15,spotify:track:1rCcsYnmqbMYdkG7kS9GC5,"Robin Schulz, Erika Sirola",Speechless (feat. Erika Sirola),WM Germany,15,18,8,1437514,DE,Germany,Q1,2019
16,spotify:track:3EPXxR3ImUwfayaurPi3cm,Dean Lewis,Be Alright,Universal Music Australia Pty. Ltd.,13,19,24,1435305,DE,Germany,Q1,2019
17,spotify:track:4w8niZpiMy6qz1mntFA5uM,"DJ Snake, Selena Gomez, Ozuna, Cardi B","Taki Taki (with Selena Gomez, Ozuna & Cardi B)","DJ Snake Music Productions Limited, under exclusive license to Geffen Records",7,12,15,1345920,DE,Germany,Q1,2019
18,spotify:track:0E9ZjEAyAwOXZ7wJC0PD33,"Dynoro, Gigi D'Agostino",In My Mind,Columbia/B1 Recordings,1,10,36,1313364,DE,Germany,Q1,2019
19,spotify:track:1LcvTvRfWrQjrF6aymfugd,Luciano,Meer,Urban,2,21,11,1305105,DE,Germany,Q1,2019
20,spotify:track:3TMW1GOB1lsmvf8er2dE8g,"CAPO, Nimo, Juju",Lambo Diablo GT (feat. Nimo & Juju) - Remix,WM Germany,20,-1,1,1261014,DE,Germany,Q1,2019
21,spotify:track:2LskIZrCeLxRvCiGP8gxlh,"XXXTENTACION, Lil Pump, Swae Lee, Maluma",Arms Around You (feat. Maluma & Swae Lee),Warner Records,13,20,11,1244129,DE,Germany,Q1,2019
22,spotify:track:4nBcGqwztDJ29cyHVJtXsB,Loredana,MILLIONDOLLAR$MILE,Loredana,7,23,5,1240129,DE,Germany,Q1,2019
23,spotify:track:3MrTi2XjvQCZm8V1P1ryuR,Samra,Cataleya,Sony Music/Cataleya Edition,1,22,9,1206725,DE,Germany,Q1,2019
24,spotify:track:2dpaYNEQHiRxtZbfNsse99,"Marshmello, Bastille",Happier,Joytime Collective,7,16,21,1198095,DE,Germany,Q1,2019
25,spotify:track:71XGMPKmWtVxO7bGcGZhbn,"Capital Bra, XATAR, SAMY",Ich liebe es,Bra Musik,2,25,11,1193317,DE,Germany,Q1,2019
26,spotify:track:2rPE9A1vEgShuZxxzR2tZH,Ariana Grande,"thank u, next",Republic Records,10,17,10,1189033,DE,Germany,Q1,2019
27,spotify:track:6hFmSZIw5gmn9mK4hfqozy,Kontra K,Farben,BMG Rights Management GmbH,6,24,4,1187035,DE,Germany,Q1,2019
28,spotify:track:5Fla3zyOCcIRqrDoKLU0DP,Rita Ora,Let You Love Me,Atlantic Records UK,16,31,16,1177086,DE,Germany,Q1,2019
29,spotify:track:3KkXRkHbMCARz0aVfEt68P,"Post Malone, Swae Lee",Sunflower - Spider-Man: Into the Spider-Verse,Universal Records,26,26,12,1118323,DE,Germany,Q1,2019
30,spotify:track:2RP8Svo0pMwZXnVcmOffDw,"Alle Farben, ILIRA",Fading,Columbia/B1 Recordings,30,46,8,1116284,DE,Germany,Q1,2019
31,spotify:track:2eNSyVH3sNPiAj9WpRYK73,RIN,Dior 2001,GOLD LEAGUE/DIVISION Katalog,3,28,21,1084491,DE,Germany,Q1,2019
32,spotify:track:2vzQotgEoJMvqOQp9XxqFR,Luciano,Hayate,Urban,32,32,7,1064177,DE,Germany,Q1,2019
33,spotify:track:0oZyouBDStcJEUbTmSfys2,Dardan,Facetime,igroovemusic.com,5,30,21,1035901,DE,Germany,Q1,2019
34,spotify:track:0FZ4Dmg8jJJAPJnvBIzD9z,"Kodak Black, Offset, Travis Scott",ZEZE (feat. Travis Scott & Offset),Atlantic Records,24,33,13,994556,DE,Germany,Q1,2019
35,spotify:track:38KR9aB0bPkjM4gKhKr7tr,"AriBeatz, RAF Camora, Sofiane",Perfekt,RBK,4,38,8,954116,DE,Germany,Q1,2019
36,spotify:track:3Rq0ElVcisouAl71RtnTUS,"Veysel, Gzuz",UFF,Bela Boyz,2,42,16,923626,DE,Germany,Q1,2019
37,spotify:track:30K9xVNSog0DVr5ey5yVoY,"Lost Frequencies, The NGHBRS",Like I Love You,Found Frequencies,37,41,10,918195,DE,Germany,Q1,2019
38,spotify:track:5d35jcJj7WjDQBOHCHPY6t,"Capital Bra, Juju",Melodien (feat. Juju),Sony Music/BMA,1,36,23,916857,DE,Germany,Q1,2019
39,spotify:track:4Bj3usjRTckEJARO0dLbDf,"Bonez MC, RAF Camora, Gzuz",Kokain,187 Strassenbande & Vertigo/Capitol,1,40,17,913691,DE,Germany,Q1,2019
40,spotify:track:27rdGxbavYJeBphck5MZAF,"Mark Ronson, Miley Cyrus",Nothing Breaks Like a Heart (feat. Miley Cyrus),Columbia,34,34,6,911346,DE,Germany,Q1,2019
41,spotify:track:5JEx7HbmvHQQswJCsoo9rA,"Ellie Goulding, Diplo, Swae Lee",Close To Me (with Diplo) (feat. Swae Lee),Polydor Records,41,54,10,871101,DE,Germany,Q1,2019
42,spotify:track:0YammaEkYSeo9vQYZ1OwS6,"David Guetta, Bebe Rexha, J Balvin",Say My Name,Parlophone UK,42,61,13,867580,DE,Germany,Q1,2019
43,spotify:track:7FGq80cy8juXBCD2nrqdWU,"benny blanco, Halsey, Khalid",Eastside (with Halsey & Khalid),Friends Keep Secrets/Interscope Records,12,45,26,867549,DE,Germany,Q1,2019
44,spotify:track:3mulaE9xF8LhmwZN61kHvS,"King Khalil, Lil Lano",PARA ILLEGAL (feat. Lil Lano),Team Kuku,31,43,5,847621,DE,Germany,Q1,2019
45,spotify:track:7K7MUBCnzgBAvMVW2RTWNs,"Loud Luxury, Brando",Body,Armada Music,7,27,40,826069,DE,Germany,Q1,2019
46,spotify:track:0jB0RNZIfaihaDKNmdrI40,"Summer Cem, Bausa",Casanova,Banger Musik/WM Germany,1,37,33,825499,DE,Germany,Q1,2019
47,spotify:track:5UtiebKGhsSce9gX1qCqic,"Loredana, Mozzik",Bonnie & clyde,Loredana,2,39,17,824007,DE,Germany,Q1,2019
48,spotify:track:116H0KvKr2Zl4RPuVBruDO,"Bad Bunny, Drake",MIA,Rimas Entertainment LLC,23,47,13,807318,DE,Germany,Q1,2019
49,spotify:track:2RSHsoi04658QL5xgQVov3,Imagine Dragons,Bad Liar,Kid Ina Korner / Interscope,38,49,9,803267,DE,Germany,Q1,2019
50,spotify:track:5N5k9nd479b1xpDZ4usjrg,"Calvin Harris, Sam Smith, Jessie Reyez",Promises (with Sam Smith),Columbia,8,29,21,799552,DE,Germany,Q1,2019
1,spotify:track:5xIODxqlpUnRVA9ewZUCug,Samra,Harami,Urban,1,-1,1,5884829,DE,Germany,Q2,2019
2,spotify:track:3r1cV21xPMkgCmxk8VqWOB,Capital Bra,Cherry Lady,Bra Musik,1,1,3,5313154,DE,Germany,Q2,2019
3,spotify:track:0oOPa0AlLnjCO6eci0HIdH,Dardan,cOcO MAmA,Hypnotize Entertainment,3,-1,1,4332183,DE,Germany,Q2,2019
4,spotify:track:1L8LtC2s161XwY6YrtnQjw,"Shindy, Shirin David",Affalterbach,Sony Music/Friends with Money,2,2,3,4280274,DE,Germany,Q2,2019
5,spotify:track:4cawYWrqMRz0T0hOIVxk6j,Eno,Blackberry Sky,Alles Oder Nix Records,2,3,3,3934709,DE,Germany,Q2,2019
6,spotify:track:200cTjC6si5Xz9af2QeHi2,MERO,Wolke 10,Groove Attack TraX,1,4,5,3305247,DE,Germany,Q2,2019
7,spotify:track:0ypCvaP431mEM6znlVHNRP,Fero47,Puerto Rico,Epic Germany,4,5,3,3112682,DE,Germany,Q2,2019
8,spotify:track:1mdJ39D1lrR3aWIOhgeNaE,"Capital Bra, Samra",Wir ticken,Bra Musik,1,6,4,2951774,DE,Germany,Q2,2019
9,spotify:track:2YC4rnhpt0sTIUcrIRHZSQ,Shirin David,ICE,Juicy Money Records,9,-1,1,2928520,DE,Germany,Q2,2019
10,spotify:track:3UDsmMZsEMsvM82OcdqJWu,KC Rebell,Alleen,Rebell Army,4,8,4,2731899,DE,Germany,Q2,2019
11,spotify:track:6BZhkqUtaFJm57Hm5TTQSH,Bausa,Mary,WM Germany,11,11,2,2714282,DE,Germany,Q2,2019
12,spotify:track:2Fxmhks0bxGSBdJ92vM42m,Billie Eilish,bad guy,Darkroom/Interscope Records,12,12,2,2711407,DE,Germany,Q2,2019
13,spotify:track:0EDSU9JYeKABA14OcOuM7b,"Luciano, Samra",Ya Salame,Urban,6,9,3,2522475,DE,Germany,Q2,2019
14,spotify:track:5NsCv3I7o0f6vSQScG01f1,Ufo361,Pass auf wen du liebst,Stay High,3,7,4,2385446,DE,Germany,Q2,2019
15,spotify:track:5iIgIxtMNeogKaFUfvuAbs,Shirin David,Gib Ihm,Juicy Money Records,1,14,8,2215846,DE,Germany,Q2,2019
16,spotify:track:5w9c2J52mkdntKOmRLeM2m,"Daddy Yankee, Snow",Con Calma,Craft Latino,14,17,9,2079036,DE,Germany,Q2,2019
17,spotify:track:4BD9yUEFI07WaDJ381DDMq,"KC Rebell, Summer Cem, Capital Bra",DNA,Rebell Army,1,16,8,2004138,DE,Germany,Q2,2019
18,spotify:track:5WHTFyqSii0lmT9R21abT8,Mabel,Don't Call Me Up,Polydor Records,18,19,9,1934878,DE,Germany,Q2,2019
19,spotify:track:3YxCKq3YPnTekAofhaHABZ,MERO,Jay Jay,Groove Attack TraX,5,13,4,1916795,DE,Germany,Q2,2019
20,spotify:track:7r55d7IhAj5UGKiYbXBwRP,Capital Bra,Prinzessa,Bra Musik,1,18,11,1865028,DE,Germany,Q2,2019
21,spotify:track:53CJANUxooaqGOtdsBTh7O,Lil Nas X,Old Town Road,Columbia,21,43,4,1814159,DE,Germany,Q2,2019
22,spotify:track:03SfDYmOPflD23iTL5qjiq,"KALIM, Nimo",bis um 3,Urban,22,34,2,1745387,DE,Germany,Q2,2019
23,spotify:track:1T8IRUJBga0JXioJZvxjBR,Rammstein,Deutschland,Rammstein,10,10,2,1652625,DE,Germany,Q2,2019
24,spotify:track:0A5gdlrpAuQqZ2iFgnqBFW,Gaullin,Moonlight,Columbia/B1 Recordings,21,21,11,1591886,DE,Germany,Q2,2019
25,spotify:track:1194zYf7UfSXP4omxVTmPa,C ARMA,Yapma,C ARMA,22,22,15,1569322,DE,Germany,Q2,2019
26,spotify:track:25sgk305KZfyuqVBQIahim,Ava Max,Sweet but Psycho,Atlantic Records,2,24,27,1403600,DE,Germany,Q2,2019
27,spotify:track:4y3OI86AEP6PQoDE6olYhO,Jonas Brothers,Sucker,Jonas Brothers Recording,24,38,6,1328164,DE,Germany,Q2,2019
28,spotify:track:0dmrz4V5kiezQAqQ3VqGob,MERO,Hobby Hobby,Groove Attack TraX,1,20,12,1324254,DE,Germany,Q2,2019
29,spotify:track:2Y6m0Qh5HvO3rikg7dlCav,"LX, Maxwell",Super Lemon Haze,187 Strassenbande,15,15,2,1310132,DE,Germany,Q2,2019
30,spotify:track:6VMAFT0zfide2Jg8MVZAPz,Capital Bra,Capital Bra je m'appelle,Bra Musik,2,25,7,1305312,DE,Germany,Q2,2019
31,spotify:track:7KPGeiXWDsGEvFK62wzU8E,Capital Bra,Benzema,Bra Musik,1,26,16,1289299,DE,Germany,Q2,2019
32,spotify:track:2RSHsoi04658QL5xgQVov3,Imagine Dragons,Bad Liar,Kid Ina Korner / Interscope,32,39,22,1287065,DE,Germany,Q2,2019
33,spotify:track:4cvdsyaIVLEQXEid5wnyaW,Nash,Klassik,KMN Gang,33,-1,1,1274068,DE,Germany,Q2,2019
34,spotify:track:6eTCxwf1n7XZLucLtFn0Fo,Juju,Hardcore High,JINX,15,23,3,1264614,DE,Germany,Q2,2019
35,spotify:track:1uNzKXVNwq7jwV0rhjXqLB,MERO,Baller los,Groove Attack TraX,1,27,20,1261498,DE,Germany,Q2,2019
36,spotify:track:4AgK0CwpwcekXVdAoYB2VO,"Eno, MERO",Ferrari,Alles Oder Nix Records,1,28,9,1258955,DE,Germany,Q2,2019
37,spotify:track:6MWtB6iiXyIwun0YzU6DFP,Post Malone,Wow.,Republic Records,12,29,16,1245991,DE,Germany,Q2,2019
38,spotify:track:5z3vuYzS9UF6rD6TmBEdUf,Fero47,JAJA,Epic Germany,5,37,13,1243983,DE,Germany,Q2,2019
39,spotify:track:4UOXo3xWnxYdTf3sFyRaUG,"Bonez MC, RAF Camora",500 PS,187 Strassenbande & Vertigo/Capitol,1,44,36,1193884,DE,Germany,Q2,2019
40,spotify:track:2qxmye6gAegTMjLKEBoR3d,Alec Benjamin,Let Me Down Slowly,2018,40,51,12,1190609,DE,Germany,Q2,2019
41,spotify:track:2pu5rVWy3zPlgypJzL3Mlw,Mathea,2x,Earcandy Recordings,41,52,6,1174677,DE,Germany,Q2,2019
42,spotify:track:2vuFdbSOLje3khV4rLSEpm,"SDP, Capital Bra",Viva la Dealer,Berliner Plattenbau,25,40,6,1167412,DE,Germany,Q2,2019
43,spotify:track:3Ol2xnObFdKV9pmRD2t9x8,A Boogie Wit da Hoodie,Look Back at It,Highbridge the Label / Atlantic Records,13,31,14,1160330,DE,Germany,Q2,2019
44,spotify:track:6ocbgoVGwYJhOv1GgI9NsF,Ariana Grande,7 rings,Republic Records,3,33,12,1150704,DE,Germany,Q2,2019
45,spotify:track:5icOoE6VgqFKohjWWNp0Ac,"Marshmello, CHVRCHES",Here With Me,Joytime Collective,45,53,5,1140072,DE,Germany,Q2,2019
46,spotify:track:3gs4lX2JSAFc8v8piogE3i,"Azet, Zuna",Fragen,KMN Gang,5,45,7,1121128,DE,Germany,Q2,2019
47,spotify:track:4SSnFejRGlZikf02HLewEF,Billie Eilish,bury a friend,Darkroom/Interscope Records,10,32,10,1106741,DE,Germany,Q2,2019
48,spotify:track:1rqqCSm0Qe4I9rUvWncaom,Panic! At The Disco,High Hopes,DCD2 / Fueled By Ramen,7,48,42,1093313,DE,Germany,Q2,2019
49,spotify:track:7COXchtUOMd6uIT6HvmRaI,"Lauv, Troye Sivan",i'm so tired...,Lauv,35,47,11,1088603,DE,Germany,Q2,2019
50,spotify:track:4y8xXLG9O3Rbl6e1KaNRTG,"Kool Savas, Nessi",Deine Mutter,Sony Music/Essah Media GmbH,18,50,12,1017400,DE,Germany,Q2,2019
1,spotify:track:0TK2YIli7K1leLovkQiNik,"Shawn Mendes, Camila Cabello",Señorita,Island Records,1,3,3,5291793,DE,Germany,Q3,2019
2,spotify:track:5opjywL6TBjJRF22TcFDMo,Loredana,Jetzt rufst du an,Loredana,2,-1,1,5261678,DE,Germany,Q3,2019
3,spotify:track:1VEMUkGFio5uURvN8x1DZJ,"Capital Bra, Samra",Tilidin,Urban,1,1,3,5059276,DE,Germany,Q3,2019
4,spotify:track:70zRDnEkOhVb51fZA13khd,"Summer Cem, GRiNGO",Yallah Goodbye (feat. Gringo),Banger Musik/WM Germany,4,-1,1,3834068,DE,Germany,Q3,2019
5,spotify:track:554Ip3S1rbeES9TNWXGoK1,"Shirin David, GIMS",ON OFF (feat. Maître Gims),Juicy Money Records,2,2,2,3765596,DE,Germany,Q3,2019
6,spotify:track:7yosVOH7pRWrKANBDbsBqI,"Ufo361, Data Luv",Shot,Stay High,4,4,2,3434229,DE,Germany,Q3,2019
7,spotify:track:2kkcJ8tSDV42LdWcPjy6We,"Samra, Capital Bra",Wieder Lila,Urban,1,7,8,2935539,DE,Germany,Q3,2019
8,spotify:track:2QpxC2yag7Ec7Ut1dovXKb,"Summer Cem, Capital Bra",Diamonds (feat. Capital Bra),Banger Musik/WM Germany,2,5,4,2911468,DE,Germany,Q3,2019
9,spotify:track:07f2b3CTdgKKlhv0mqUksz,"Juju, Henning May",Vermissen (feat. Henning May),JINX,1,8,10,2908139,DE,Germany,Q3,2019
10,spotify:track:1DFD5Fotzgn6yYXkYsKiGs,"MEDUZA, Goodboys",Piece Of Your Heart,Intercord,10,12,12,2557856,DE,Germany,Q3,2019
11,spotify:track:3HVWdVOQ0ZA45FuZGSfvns,"Ed Sheeran, Justin Bieber",I Don't Care (with Justin Bieber),Atlantic Records UK,3,9,9,2544162,DE,Germany,Q3,2019
12,spotify:track:6u7jPi22kF8CTQ3rb9DHE7,"Lil Nas X, Billy Ray Cyrus",Old Town Road (feat. Billy Ray Cyrus) - Remix,Columbia,7,13,14,2291721,DE,Germany,Q3,2019
13,spotify:track:4evmHXcjt3bTUHD1cvny97,"Ed Sheeran, Khalid",Beautiful People (feat. Khalid),Atlantic Records UK,13,14,2,2247973,DE,Germany,Q3,2019
14,spotify:track:4HzB8cumQgivTBscS2b487,Luciano,Im Plus,Urban,6,6,2,2219110,DE,Germany,Q3,2019
15,spotify:track:2Fxmhks0bxGSBdJ92vM42m,Billie Eilish,bad guy,Darkroom/Interscope Records,3,15,15,2162350,DE,Germany,Q3,2019
16,spotify:track:6vBdBCoOhKHiYDDOcorfNo,"Post Malone, Young Thug",Goodbyes (feat. Young Thug),Republic Records,16,-1,1,2114805,DE,Germany,Q3,2019
17,spotify:track:4Rif4wqdvzy84dhP1apC4Y,"Kalazh44, Capital Bra, Samra, Nimo, Luciano",Royal Rumble,Kalazh44,1,11,4,1957320,DE,Germany,Q3,2019
18,spotify:track:2Gioh12sRWq3iM23hbcPxU,Dardan,kOMm zU hYPnOTizE,Hypnotize Entertainment,18,-1,1,1956348,DE,Germany,Q3,2019
19,spotify:track:2AHJLtc81zIfj9EKcVEzmJ,Luciano,La Haine,Urban,1,17,6,1787848,DE,Germany,Q3,2019
20,spotify:track:1f38Gx6xQz6r4H1jGVNBJo,"DJ Snake, J Balvin, Tyga",Loco Contigo (feat. J. Balvin & Tyga),DJ Snake Music Productions Limited,20,33,4,1667802,DE,Germany,Q3,2019
21,spotify:track:02itaCXOdC54J0ISjqqFAp,"R3HAB, A Touch Of Class",All Around The World (La La La),Casablanca Records,20,20,8,1662526,DE,Germany,Q3,2019
22,spotify:track:2nvmHDiEWXRzS6FUDzUhVL,"Dardan, Eno",weR mAChT PaRA 2,Hypnotize Entertainment,2,10,3,1630566,DE,Germany,Q3,2019
23,spotify:track:1mLBX54nL0dwn54jesMXGU,Loredana,Labyrinth,Loredana,7,23,5,1603230,DE,Germany,Q3,2019
24,spotify:track:6erIvryBSsAdebNU4a7Mrs,Juju,Hi Babe,JINX,10,21,4,1549311,DE,Germany,Q3,2019
25,spotify:track:0mjAU3yKR1QnXnHtjGJqTM,OneRepublic,Rescue Me,Mosley Music/Interscope Records,25,27,8,1543030,DE,Germany,Q3,2019
26,spotify:track:2Jij6ebp6ToNKOn5DWlGxV,Bausa,Mary,WM Germany,10,22,15,1538090,DE,Germany,Q3,2019
27,spotify:track:3pXy4LGgbDzRGQyj506Kfy,Sero El Mero,Dein Fahrer,Groove Attack TraX,9,16,3,1506326,DE,Germany,Q3,2019
28,spotify:track:0eQnRxB0jS7uG3sLNpYoMB,"Leon Machère, Kay One, Tilly",Portofino,PMR Music,25,25,2,1500141,DE,Germany,Q3,2019
29,spotify:track:1IBUPdwV9TvaipSODdt8QY,"Farid Bang, French Montana, Khaled",Maghreb Gang (feat. French Montana & Khaled),Farid Bang/WM Germany,1,18,5,1450619,DE,Germany,Q3,2019
30,spotify:track:7M9w4C8WenlvWfNRAulZOX,"YouNotUs, Janieck, Senex",Narcotic,Columbia/B1 Recordings,30,37,6,1375957,DE,Germany,Q3,2019
31,spotify:track:40OMBMYRk5IQL6xCzGM0JA,"Martin Garrix, Macklemore, Fall Out Boy",Summer Days (feat. Macklemore & Patrick Stump of Fall Out Boy),Epic Amsterdam,24,29,11,1359249,DE,Germany,Q3,2019
32,spotify:track:5AiqL0ezAAauDuVK5EJvXU,Fero47,NENENE,Epic Germany,2,28,5,1356030,DE,Germany,Q3,2019
33,spotify:track:5vXpHfsHhBQRVv4w8uq2Bn,"PA Sports, Jamule, MoTrip",Hellwach (feat. Jamule & MoTrip),Life Is Pain,33,-1,1,1340264,DE,Germany,Q3,2019
34,spotify:track:1ItPzUiqRo9GU0y2bnoxnG,"LX, Maxwell, Bonez MC, Gzuz, Sa4",100 Round Drum,187 Strassenbande,19,19,2,1320282,DE,Germany,Q3,2019
35,spotify:track:0oOPa0AlLnjCO6eci0HIdH,Dardan,cOcO MAmA,Hypnotize Entertainment,3,31,14,1309357,DE,Germany,Q3,2019
36,spotify:track:0Nq7JtZtjHjJ2fprzzgwio,VIZE,Glad You Came,NITRON media,32,32,9,1276524,DE,Germany,Q3,2019
37,spotify:track:3mbGX2yy83BtCiPO59mE5r,Olexesh,Barrio,385ideal,11,35,8,1227847,DE,Germany,Q3,2019
38,spotify:track:38lQ7lYhN3eSWepnZHaiBF,"Capital Bra, Summer Cem, KC Rebell",Rolex,Bra Musik,1,40,13,1226720,DE,Germany,Q3,2019
39,spotify:track:1tNJrcVe6gwLEiZCtprs1u,Dominic Fike,3 Nights,Columbia,31,36,14,1201468,DE,Germany,Q3,2019
40,spotify:track:5w9c2J52mkdntKOmRLeM2m,"Daddy Yankee, Snow",Con Calma,Craft Latino,13,34,22,1198352,DE,Germany,Q3,2019
41,spotify:track:7IkZpSOJKGXCGhqAvHs7FG,Shindy,Nautilus,Sony Music/Friends with Money,1,39,9,1196825,DE,Germany,Q3,2019
42,spotify:track:5b195aHKKd6oTr4f7DoRCo,MERO,Olabilir,Groove Attack TraX,3,24,4,1191927,DE,Germany,Q3,2019
43,spotify:track:0nxYyX5PIHJqF4VSb4CIFV,"Robin Schulz, HARLOE",All This Love (feat. Harlœ),WM Germany,43,47,10,1184171,DE,Germany,Q3,2019
44,spotify:track:2x0RZdkZcD8QRI53XT4GI5,"Avicii, Aloe Blacc",SOS (feat. Aloe Blacc),Pophouse Entertainment Group,12,38,13,1167725,DE,Germany,Q3,2019
45,spotify:track:7qEHsqek33rTcFNT9PFqLf,Lewis Capaldi,Someone You Loved,Vertigo Berlin,27,63,27,1138756,DE,Germany,Q3,2019
46,spotify:track:5Hrk6R4O2pgcdbDUK54nfn,"Olexesh, CALO",Feuer,385ideal,30,30,2,1128959,DE,Germany,Q3,2019
47,spotify:track:1FuJKBi6XdFyf8Yzmck468,Kontra K,Letzte Träne,BMG Rights Management GmbH,4,50,9,1091880,DE,Germany,Q3,2019
48,spotify:track:6xwI9R3ZHT9nWtSYvffYQm,RIN,Vintage,GOLD LEAGUE/DIVISION,4,49,7,1091508,DE,Germany,Q3,2019
49,spotify:track:7vs1Yi6SUphHp0eW6ys8HG,Sarah Connor,Vincent,Polydor,31,52,8,1054013,DE,Germany,Q3,2019
50,spotify:track:5WHTFyqSii0lmT9R21abT8,Mabel,Don't Call Me Up,Polydor Records,18,48,22,1053578,DE,Germany,Q3,2019
1,spotify:track:67ojvEGRPAUCOohuMPqoRC,"Capital Bra, Samra, LEA",110,Urban,1,1,3,6930779,DE,Germany,Q4,2019
2,spotify:track:5dhQeuLGmlhfwlI6BWfSpo,Apache 207,Roller,Four Music Local,1,2,7,6432893,DE,Germany,Q4,2019
3,spotify:track:1rgnBhdG2JDFTbYkYRZAku,Tones And I,Dance Monkey,Elektra (NEK),2,5,10,5432034,DE,Germany,Q4,2019
4,spotify:track:2wvLtM25eMpHK7hkidqte2,Apache 207,200 km/h,Four Music Local,2,3,3,5060964,DE,Germany,Q4,2019
5,spotify:track:2pfio0uHpT4USTPBNeTIWo,"Capital Bra, Samra",Berlin lebt wie nie zuvor,Urban,5,-1,1,4713267,DE,Germany,Q4,2019
6,spotify:track:2u8AXJyk8pICzj2wyPBL0b,"Sido, Apache 207",2002,Urban,6,6,2,4180436,DE,Germany,Q4,2019
7,spotify:track:0WFgtxiLNr99YaoSdYR3Ud,"The Cratez, Bonez MC",Honda Civic,RBK,4,4,2,3942817,DE,Germany,Q4,2019
8,spotify:track:3eekarcy7kvN4yt5ZFzltW,Travis Scott,HIGHEST IN THE ROOM,Cactus Jack/Epic,8,-1,1,3316335,DE,Germany,Q4,2019
9,spotify:track:3QIrkRSTz3yPd44HzN6qJr,"Summer Cem, Luciano",Summer Cem (feat. Luciano),Banger Musik/WM Germany,4,8,3,2808332,DE,Germany,Q4,2019
10,spotify:track:7lnQCEtaDJeMZN75siSxLc,RIN,Fabergé,GOLD LEAGUE/DIVISION,7,7,2,2556082,DE,Germany,Q4,2019
11,spotify:track:0Dlcu2fgHklOnajVu2dUNU,"Capital Bra, Samra",Tilidin,Urban,1,20,16,2539326,DE,Germany,Q4,2019
12,spotify:track:6AFIVhbJLR7YVvW9fLFMu1,"Samra, Capital Bra",Huracan,Urban,3,14,5,2342870,DE,Germany,Q4,2019
13,spotify:track:2d3WpbJFBND2vwMJyULdfU,"Loredana, MERO",Kein Plan,Loredana,1,11,5,2242220,DE,Germany,Q4,2019
14,spotify:track:1vbkGTBLNJYRvT5GJlWXLf,"Capital Bra, Samra",Lieber Gott,Urban,14,-1,1,2024055,DE,Germany,Q4,2019
15,spotify:track:0AuriGfdxWcFNLBCPMUJ71,SSIO,Hash Hash,Urban,9,9,2,2006579,DE,Germany,Q4,2019
16,spotify:track:1AGjF8pckOxTGeb5zubyqH,Loredana,Genick,Loredana,3,12,4,1928060,DE,Germany,Q4,2019
17,spotify:track:4G3gFk4oyvt8klQEVJBzea,RAF Camora,Adriana,Indipendenza,7,10,3,1889661,DE,Germany,Q4,2019
18,spotify:track:3tvgQvCRAzZrVelEy3ca0t,"Capital Bra, Samra",So alleine,Urban,18,-1,1,1867505,DE,Germany,Q4,2019
19,spotify:track:5BQwQDyMKyo4GCV7cDId21,"Capital Bra, Samra, SANTOS",Purple Rain,Urban,19,-1,1,1818214,DE,Germany,Q4,2019
20,spotify:track:5sMugAU31Ug5SAUUbhBIKU,"Loredana, Mozzik",Eiskalt,Loredana,1,15,10,1793983,DE,Germany,Q4,2019
21,spotify:track:3ME2RHvx9JyVQjFFMbLIvt,"Capital Bra, Samra",Nummer 1,Urban,2,39,7,1793476,DE,Germany,Q4,2019
22,spotify:track:7gIORSoIKw1q4BtD9xLv6K,"Capital Bra, Samra",Mr. Miyagi,Urban,22,-1,1,1717737,DE,Germany,Q4,2019
23,spotify:track:6mh1ErQFwTq8aCZMbPoKWj,"Bausa, Zuna",Biturbo,WM Germany,23,-1,1,1706340,DE,Germany,Q4,2019
24,spotify:track:6v3KW9xbzN5yKLt9YKDYA2,"Shawn Mendes, Camila Cabello",Señorita,Island Records,1,16,16,1691505,DE,Germany,Q4,2019
25,spotify:track:3Zigq1lfHmFRlyoRrh9k2s,Apache 207,Kein Problem,Four Music Local,19,19,22,1677730,DE,Germany,Q4,2019
26,spotify:track:48MObOqsm6N19vdc3AdYsu,"Capital Bra, Samra",Safe,Urban,26,-1,1,1630648,DE,Germany,Q4,2019
27,spotify:track:70eFcWOvlMObDhURTqT4Fv,"Ed Sheeran, Khalid",Beautiful People (feat. Khalid),Atlantic Records UK,8,24,15,1605775,DE,Germany,Q4,2019
28,spotify:track:4yoqO3xixoJN4lxysk6aFB,"Capital Bra, Samra",Kalt Bruder,Urban,28,-1,1,1591653,DE,Germany,Q4,2019
29,spotify:track:6hh1ikcv3CPsq3a7e9ItNR,"Shirin David, Xavier Naidoo",Nur mit Dir,Juicy Money Records,10,17,3,1560837,DE,Germany,Q4,2019
30,spotify:track:5nmVf5dSgH4A25qsev28Mi,"Dardan, Xiara",gENAuSo,Hypnotize Entertainment,4,23,8,1548261,DE,Germany,Q4,2019
31,spotify:track:2JGCmuEB2wYvxyBuuXSfDu,"Capital Bra, Samra",Tranquillo,Urban,31,-1,1,1538745,DE,Germany,Q4,2019
32,spotify:track:4SWu9u2dLzmYa8dMieyayQ,Tim Bendzko,Hoch,Jive,29,29,8,1516741,DE,Germany,Q4,2019
33,spotify:track:22ET3BvBsXcGiwxy1uXPbU,"Trettmann, KITSCHKRIEG, Alli Neumann",Zeit steht,SoulForce/BMG,9,28,4,1504931,DE,Germany,Q4,2019
34,spotify:track:0IYeDX2PULhKBySpB2mYmF,"Capital Bra, Samra",Kriminal 2,Urban,34,-1,1,1468067,DE,Germany,Q4,2019
35,spotify:track:21jGcNKet2qwijlDFuPiPb,Post Malone,Circles,Republic Records,16,31,6,1428236,DE,Germany,Q4,2019
36,spotify:track:01vR5Z7AHinp9D2wu2BNQS,RIN,UP IN SMOKE,GOLD LEAGUE/DIVISION,2,18,6,1392818,DE,Germany,Q4,2019
37,spotify:track:7uj8AUQSUg8ZAzabYLwt8f,Jamule,MONEYHONEYDRIP,Life Is Pain,21,21,2,1386083,DE,Germany,Q4,2019
38,spotify:track:07f2b3CTdgKKlhv0mqUksz,"Juju, Henning May",Vermissen (feat. Henning May),JINX,1,27,23,1384508,DE,Germany,Q4,2019
39,spotify:track:79QY2nAPZA9NqN66fvD8AH,"Capital Bra, Samra",Colombiana,Urban,39,-1,1,1364934,DE,Germany,Q4,2019
40,spotify:track:7emD4r5AwM5a5jU9NZ51FO,Eno,Bunte Farben,Alles Oder Nix Records,40,-1,1,1362239,DE,Germany,Q4,2019
41,spotify:track:6osaMSJh9NguagEDQcZaKx,"DJ Snake, J Balvin, Tyga",Loco Contigo (feat. J. Balvin & Tyga),DJ Snake Music Productions Limited,5,26,17,1351875,DE,Germany,Q4,2019
42,spotify:track:7qEHsqek33rTcFNT9PFqLf,Lewis Capaldi,Someone You Loved,Vertigo Berlin,27,38,40,1347630,DE,Germany,Q4,2019
43,spotify:track:5Pwu8NkDhEkObPp8TvHMUn,"Lena, Nico Santos",Better,Polydor,38,43,8,1285721,DE,Germany,Q4,2019
44,spotify:track:7aiClxsDWFRQ0Kzk5KI5ku,blackbear,hot girl bummer,Alamo,44,71,4,1274538,DE,Germany,Q4,2019
45,spotify:track:0U6bQIAh6MCGo1xjbIIx2S,"Dimitri Vegas & Like Mike, David Guetta, Daddy Yankee, Afro Bros, NATTI NATASHA, Dimitri Vegas, Like Mike",Instagram,Epic Amsterdam,24,44,13,1233391,DE,Germany,Q4,2019
46,spotify:track:6wo37KVqFJhtuxPTpLCcfe,"The Chainsmokers, ILLENIUM, Lennon Stella",Takeaway,Disruptor Records/Columbia,25,50,11,1220702,DE,Germany,Q4,2019
47,spotify:track:6fDC5DIa4bt6NbPZWR1yxM,"Samra, Capital Bra",Zombie,Urban,1,95,13,1208385,DE,Germany,Q4,2019
48,spotify:track:5prGTLP3EeAVa7UFXkwF4d,"Olexesh, Nimo",Augen Husky,385ideal,10,25,4,1201829,DE,Germany,Q4,2019
49,spotify:track:0HM0ZmnfqRIazmU3coNEwt,Fero47,Schau mich an,Epic Germany,12,22,3,1192237,DE,Germany,Q4,2019
50,spotify:track:2kkcJ8tSDV42LdWcPjy6We,"Samra, Capital Bra",Wieder Lila,Urban,1,37,21,1172631,DE,Germany,Q4,2019
1,spotify:track:6FyRXC8tJUh863JCkyWqtk,Paulo Londra,Adan y Eva,WEA Latina,1,1,10,2360184,ES,Spain,Q1,2019
2,spotify:track:0LQ1J0BCzA2qnAgp9MkkNE,"6ix9ine, Anuel AA",MALA (feat. Anuel AA),"ScumGang Records / TenThousand Projects, LLC",2,2,7,1798508,ES,Spain,Q1,2019
3,spotify:track:6MJUCumnQsQEKbCy28tbCP,"Daddy Yankee, Anuel AA",Adictiva,Craft Latino,3,3,9,1783876,ES,Spain,Q1,2019
4,spotify:track:278kSqsZIiYp8p3QjYAqa8,Bad Bunny,NI BIEN NI MAL,Rimas Entertainment LLC,4,11,3,1672886,ES,Spain,Q1,2019
5,spotify:track:5iwz1NiezX7WWjnCgY5TH4,"Pedro Capó, Farruko",Calma - Remix,Sony Music Latin,5,13,7,1560772,ES,Spain,Q1,2019
6,spotify:track:2b3JxLi8KAiOsD8ehnOxDZ,Aitana,Vas A Quedarte,Universal Music Spain S.L.,1,5,6,1537545,ES,Spain,Q1,2019
7,spotify:track:116H0KvKr2Zl4RPuVBruDO,"Bad Bunny, Drake",MIA,Rimas Entertainment LLC,2,4,13,1517721,ES,Spain,Q1,2019
8,spotify:track:2cYnZNzFRFK0H7vSNxPsUq,"Anuel AA, Romeo Santos",Ella Quiere Beber - Remix,"Real Hasta La Muerte, LLC",6,6,10,1508021,ES,Spain,Q1,2019
9,spotify:track:4W3FJapn5CD6Fnrlfj4HFe,"C. Tangana, Becky G",Booty,Sony Music Entertainment,3,7,12,1459718,ES,Spain,Q1,2019
10,spotify:track:1LiN0Z98FkR1t0m8KmLcAH,"Anuel AA, Haze",Amanece,House of Haze,10,12,4,1439930,ES,Spain,Q1,2019
11,spotify:track:3ao3OVxHlb3C08vAaApUlm,"Luis Fonsi, Ozuna",Imposible,UMLE - Latino,4,9,12,1396876,ES,Spain,Q1,2019
12,spotify:track:4uP3pUP18ennmz0tb3GphR,Bad Bunny,Solo de Mi,Rimas Entertainment LLC,8,8,4,1290660,ES,Spain,Q1,2019
13,spotify:track:4w8niZpiMy6qz1mntFA5uM,"DJ Snake, Selena Gomez, Ozuna, Cardi B","Taki Taki (with Selena Gomez, Ozuna & Cardi B)","DJ Snake Music Productions Limited, under exclusive license to Geffen Records",1,10,15,1257877,ES,Spain,Q1,2019
14,spotify:track:7dNwJbsT0sg1le5kVugGJb,"Becky G, Prince Royce, DJ Luian, Mambo Kingz, Anuel AA",Bubalu,Hear This Music,11,15,10,1144997,ES,Spain,Q1,2019
15,spotify:track:4R8TsvDoKSSDVERlaphNBA,"Lola Indigo, Mala Rodríguez",Mujer Bruja,Universal Music Spain S.L.,13,18,3,1141017,ES,Spain,Q1,2019
16,spotify:track:48zFZh27QU5qsrBjn4C2FA,"Ozuna, Manuel Turizo",Vaina Loca,VP Records Corp/Dimelo Vi,1,14,28,1095250,ES,Spain,Q1,2019
17,spotify:track:07w6jp4Fq8GGqhLoDYoVkb,Maikel Delacalle,Replay,Universal Music Spain S.L.,9,16,14,1029325,ES,Spain,Q1,2019
18,spotify:track:1h9P5WJwyvK8OB7O2YiXgp,"Ozuna, Romeo Santos",Ibiza,VP Records Corp/Dimelo Vi,6,20,20,1002365,ES,Spain,Q1,2019
19,spotify:track:2wRkBumdItthjYP9XknImg,"Marc Anthony, Will Smith, Bad Bunny",Está Rico,Sony Music Latin,12,17,15,952152,ES,Spain,Q1,2019
20,spotify:track:4S6gJt4RYR34t4sjW8wEah,Beret,Lo siento,WM Spain,10,23,44,941023,ES,Spain,Q1,2019
21,spotify:track:1B0BQaSRHxhI0AUlItY3LK,ROSALÍA,MALAMENTE - Cap.1: Augurio,Columbia,6,19,33,936744,ES,Spain,Q1,2019
22,spotify:track:2XXMDz7SPZ4mSFN1PXfHUy,"Becky G, Paulo Londra",Cuando Te Besé,Sony Music Latin,8,21,23,908760,ES,Spain,Q1,2019
23,spotify:track:7kuRvjpeUcn6qNV9IBXC2C,"Cauty, Brytiago, Darell, Cosculluela, Rafa Pabön, Chencho Corleone",Ta To Gucci (Remix),"Take Over Inc./Limitless Records,LLC.",23,40,5,887359,ES,Spain,Q1,2019
24,spotify:track:7aFBy1CBLGnZE1Iv6TvEZE,"C. Tangana, ROSALÍA",Antes de Morirme - feat. ROSALÍA,Agorazein distributed by Altafonte,24,27,71,852265,ES,Spain,Q1,2019
25,spotify:track:4txQPJDlvU72lC6EMhT7m9,"Dvicio, Jesús Reik, Mau y Ricky",Qué Tienes Tú (feat. Jesús de Reik & Mau y Ricky),Sony Music Entertainment,24,29,32,834094,ES,Spain,Q1,2019
26,spotify:track:59PYgzOiOjGDzjDT5N5oOX,"Brytiago, Daddy Yankee, Ozuna, Anuel AA, Darell",Asesina - Remix,Business Music,20,25,10,817611,ES,Spain,Q1,2019
27,spotify:track:4KkUjFkcQvGvWekl8RATDn,"6ix9ine, Anuel AA",BEBE (feat. Anuel AA),"ScumGang Records / TenThousand Projects, LLC",2,22,19,815028,ES,Spain,Q1,2019
28,spotify:track:1R2mapMAUiYqre6jcFX57g,Bad Bunny,Desde el Corazón,"Popular, Inc.",18,24,6,796837,ES,Spain,Q1,2019
29,spotify:track:2D3z17LBMJ2HEHeBFFjTLi,J Balvin,Reggaeton,UMLE - Latino,26,26,8,765041,ES,Spain,Q1,2019
30,spotify:track:6q8Lb50EtqNeeJXXe8mMAH,"KAROL G, Anuel AA",Culpables,UMLE - Latino,19,30,17,759354,ES,Spain,Q1,2019
31,spotify:track:5h8VHxOBK1VWWj46T8fSly,Aitana,TELÉFONO,Universal Music Spain S.L.,1,28,24,726384,ES,Spain,Q1,2019
32,spotify:track:1usoXi4f0BnMART4uActEA,"Lalo Ebratt, J Balvin, Trapical",Mocca - Remix,Universal Music Spain S.L.,19,31,14,723177,ES,Spain,Q1,2019
33,spotify:track:0s5DNDV6LAKn2u2Ufa3VjQ,"Mau y Ricky, Manuel Turizo, Camilo",Desconocidos,Sony Music Latin,33,42,12,697414,ES,Spain,Q1,2019
34,spotify:track:5uvucCRBTkxv7VxIDLOqe7,Ozuna,Devuelveme,VP Records Corp/Dimelo Vi,34,39,20,679365,ES,Spain,Q1,2019
35,spotify:track:4iCJFRTRsFlj4UWoEd7bS9,"David Bisbal, Greeicy",Perdón,Universal Music Spain S.L.,33,37,15,671902,ES,Spain,Q1,2019
36,spotify:track:7chjOPhoxbpRYSrO1rvdnu,"Dvicio, Taburete",5 Sentidos,Sony Music Entertainment,36,48,15,658571,ES,Spain,Q1,2019
37,spotify:track:71iAechwVKGu26pahzFL0k,Morat,Cuando Nadie Ve,Universal Music Spain S.L.,21,43,31,657590,ES,Spain,Q1,2019
38,spotify:track:1DcxnVNFAyVl2sDQ646pXS,KEVIN ROLDAN,PPP,UMLE - Latino,16,36,17,656802,ES,Spain,Q1,2019
39,spotify:track:1izomJbkB4nTh5hDLgsBZd,Ana Guerra,Bajito,Universal Music Spain S.L.,23,35,5,649844,ES,Spain,Q1,2019
40,spotify:track:1he4G9w0zh5GokInpOSINW,"Ana Guerra, Juan Magán",Ni La Hora,Universal Music Spain S.L.,4,38,27,635135,ES,Spain,Q1,2019
41,spotify:track:1mT47pKLXUwPYGwB91GcNz,"KAROL G, Maluma",Créeme,UMLE - Latino,41,49,10,631395,ES,Spain,Q1,2019
42,spotify:track:6xLvYhLOW2oETJoZv8ChU8,"Mozart La Para, Justin Quiles",Mujeres,Mozart La Para,3,32,27,613435,ES,Spain,Q1,2019
43,spotify:track:2ijef6ni2amuunRoKTlgww,"Becky G, NATTI NATASHA",Sin Pijama,Sony Music Latin,1,34,38,606615,ES,Spain,Q1,2019
44,spotify:track:3T5QSIgoaPIh07SwixRDp7,"Lunay, Lyanno, Anuel AA, Brytiago, Alex Rose",A Solas (Remix),round2media - LaFamilia,44,47,5,594850,ES,Spain,Q1,2019
45,spotify:track:2KK9N6iBAisA0booTu3bGd,"Melendi, Alejandro Sanz, Arkano",Déjala Que Baile (with Alejandro Sanz & Arkano),Sony Music Entertainment,15,46,44,594154,ES,Spain,Q1,2019
46,spotify:track:33zcmmElV1YbRZe57biUjg,Lele Pons,Celoso,10:22 PM / UMLE,7,41,21,569360,ES,Spain,Q1,2019
47,spotify:track:7fa9MBXhVfQ8P8Df9OEbD8,"Maroon 5, Cardi B",Girls Like You (feat. Cardi B) - Cardi B Version,Interscope Records*,28,58,32,562597,ES,Spain,Q1,2019
48,spotify:track:2huX4MIVEWQtzCpu6B05SV,Leiva,No Te Preocupes por Mi,Sony Music Entertainment,41,56,4,553964,ES,Spain,Q1,2019
49,spotify:track:79HTe42PihWUUq4BDjcuCq,"Juan Magán, Mala Rodríguez",Usted,Universal Music Spain S.L.,3,50,41,534295,ES,Spain,Q1,2019
50,spotify:track:3V8UKqhEK5zBkBb6d6ub8i,"Nio Garcia, Casper Magico, Bad Bunny, Darell, Ozuna, Nicky Jam",Te Boté - Remix,"Flow La Movie, Inc.",1,44,39,518622,ES,Spain,Q1,2019
1,spotify:track:2qG5sZ7Si6sdK74qLxedYM,"ROSALÍA, J Balvin, El Guincho",Con Altura,Columbia,1,1,3,3765875,ES,Spain,Q2,2019
2,spotify:track:6Cs7b9bu3fy5XhMwBA9Tz4,"Don Patricio, Cruz Cafuné",Contando Lunares (feat. Cruz Cafuné),WM Spain,1,2,10,3043024,ES,Spain,Q2,2019
3,spotify:track:5w9c2J52mkdntKOmRLeM2m,"Daddy Yankee, Snow",Con Calma,Craft Latino,1,3,11,2540657,ES,Spain,Q2,2019
4,spotify:track:224EVTFiLsdQignUFLvDeH,"Dalex, Rafa Pabön, KHEA, Sech, Feid, Cazzu, Lenny Tavárez",Pa Mí (Remix),Rich Music/Ingrooves Records,4,6,7,2399719,ES,Spain,Q2,2019
5,spotify:track:5fL5vIkuEYyJpUSUcueMHT,Don Patricio,Enchochado de Ti,WM Spain,5,7,8,2317771,ES,Spain,Q2,2019
6,spotify:track:31UjYv5vLsDkzchJOtUMtW,Maluma,HP,Sony Music Latin,4,4,6,2191875,ES,Spain,Q2,2019
7,spotify:track:4lzxJ4jCuFDXXGkE1LmpKR,"DJ Luian, Mambo Kingz, Anuel AA, Nicky Jam, Darell, Brytiago",Verte Ir,Hear This Music,7,10,2,2185587,ES,Spain,Q2,2019
8,spotify:track:4T4CZ3Q4z3GG7lU720YYhM,"Lunay, Gaby Music, Chris Jedi",Soltera,round2media - LaFamilia,3,5,7,2034908,ES,Spain,Q2,2019
9,spotify:track:6v0lAdFF4haL8xjBIUjtOw,"Nicky Jam, Ozuna",Te Robaré,Sony Music Latin,9,11,3,1824648,ES,Spain,Q2,2019
10,spotify:track:3JjaofJ0lCeEsFSZqppzOp,"Sean Paul, J Balvin",Contra La Pared,Universal-Island Records Ltd.,10,17,4,1767628,ES,Spain,Q2,2019
11,spotify:track:7uH27oIt4a6cIFCA8ZPcyG,Ozuna,Baila Baila Baila,Aura Music Corp.,2,8,14,1685038,ES,Spain,Q2,2019
12,spotify:track:5KbBGUpIZd6gVFUU8tqYiQ,"Myke Towers, Farruko",Si Se Da,2019 Casablanca Records & One World Music | Distributed by GLAD Empire,9,9,6,1676024,ES,Spain,Q2,2019
13,spotify:track:5W83ErFkO3aKAIS1WMi6u0,"Anuel AA, KAROL G",Secreto,Anuel AA & Karol G - Secreto,1,12,13,1580751,ES,Spain,Q2,2019
14,spotify:track:5iwz1NiezX7WWjnCgY5TH4,"Pedro Capó, Farruko",Calma - Remix,Sony Music Latin,2,13,20,1550878,ES,Spain,Q2,2019
15,spotify:track:5BDP2tky8oMQJPS33frKVp,"Sebastian Yatra, Reik",Un Año,UMLE - Latino,6,14,12,1362715,ES,Spain,Q2,2019
16,spotify:track:6FyRXC8tJUh863JCkyWqtk,Paulo Londra,Adan y Eva,WEA Latina,1,15,23,1238490,ES,Spain,Q2,2019
17,spotify:track:1LiN0Z98FkR1t0m8KmLcAH,"Anuel AA, Haze",Amanece,House of Haze,6,16,17,1226822,ES,Spain,Q2,2019
18,spotify:track:46lvmzK8wxAy66tjzXXSh0,Paulo Londra,Tal Vez,WEA Latina,18,-1,1,1217360,ES,Spain,Q2,2019
19,spotify:track:17iXKeQe2iVYXJcMpQqthG,"Bryant Myers, Miky Woodz, Justin Quiles",Ganas Sobran,La Commission,17,18,9,1212098,ES,Spain,Q2,2019
20,spotify:track:3mN2DtljBhnrIpc3Nu2pJ8,"Lalo Ebratt, Sebastian Yatra, Yera, Trapical Minds",Déjate Querer,Universal Music Spain S.L.,20,20,6,1131574,ES,Spain,Q2,2019
21,spotify:track:2vEY3cNwXYxIG4fPAoN14q,"C. Tangana, MC Bin Laden",Pa' Llamar Tu Atención (feat. MC Bin Laden),Sony Music Entertainment,7,19,11,1106273,ES,Spain,Q2,2019
22,spotify:track:3g4UyIcQwutiG0TfW32GnX,"Manuel Turizo, Ozuna",Esclavo de Tus Besos,Sony Music Latin/La Industria,16,21,8,1064082,ES,Spain,Q2,2019
23,spotify:track:4DbhxwlkhTbCTqlZptxmI6,Danny Ocean,Swing,Atlantic Records,23,35,6,968628,ES,Spain,Q2,2019
24,spotify:track:7kuRvjpeUcn6qNV9IBXC2C,"Cauty, Brytiago, Darell, Cosculluela, Rafa Pabön, Chencho Corleone",Ta To Gucci (Remix),"Take Over Inc./Limitless Records,LLC.",10,22,18,965825,ES,Spain,Q2,2019
25,spotify:track:7BuHdm4lQqcyG3qTwdkxus,"Wisin & Yandel, Romeo Santos",Aullando,Sony Music Latin,24,25,8,955447,ES,Spain,Q2,2019
26,spotify:track:3f5lA8nnc4YYF1qf78WpHw,"Anuel AA, Romeo Santos",Ella Quiere Beber - Remix,"Real Hasta La Muerte, LLC",6,24,23,942357,ES,Spain,Q2,2019
27,spotify:track:2Fxmhks0bxGSBdJ92vM42m,Billie Eilish,bad guy,Darkroom/Interscope Records,23,23,2,939024,ES,Spain,Q2,2019
28,spotify:track:6MJUCumnQsQEKbCy28tbCP,"Daddy Yankee, Anuel AA",Adictiva,Craft Latino,3,27,22,865572,ES,Spain,Q2,2019
29,spotify:track:0s5DNDV6LAKn2u2Ufa3VjQ,"Mau y Ricky, Manuel Turizo, Camilo",Desconocidos,Sony Music Latin,21,28,25,859611,ES,Spain,Q2,2019
30,spotify:track:4R8TsvDoKSSDVERlaphNBA,"Lola Indigo, Mala Rodríguez",Mujer Bruja,Universal Music Spain S.L.,9,26,16,832645,ES,Spain,Q2,2019
31,spotify:track:0YammaEkYSeo9vQYZ1OwS6,"David Guetta, Bebe Rexha, J Balvin",Say My Name,Parlophone UK,17,30,28,807387,ES,Spain,Q2,2019
32,spotify:track:1Kjer1JoWuJGNwGV6Pbgv1,Sebastian Yatra,Cristina,UMLE - Latino,32,33,3,799875,ES,Spain,Q2,2019
33,spotify:track:278kSqsZIiYp8p3QjYAqa8,Bad Bunny,NI BIEN NI MAL,Rimas Entertainment LLC,3,29,16,776196,ES,Spain,Q2,2019
34,spotify:track:4AKWHLChPxYdXAB2cHmZB7,"Brytiago, Anuel AA",Controla,Business Music,34,58,8,747047,ES,Spain,Q2,2019
35,spotify:track:4cuGZb0iFyHtwaSKdKrJkF,"Luis Fonsi, Ozuna",Imposible,UMLE - Latino,4,32,25,744629,ES,Spain,Q2,2019
36,spotify:track:2IA8cFA46DkjgbsRG7kKbp,"Amenazzy, Nicky Jam, Farruko",Baby,Rimas Music,28,36,14,738846,ES,Spain,Q2,2019
37,spotify:track:1O4dGIPUXUanseRdv4fNzw,"Alejandro Sanz, Camila Cabello",Mi Persona Favorita,Universal Music Spain S.L.,37,46,2,737391,ES,Spain,Q2,2019
38,spotify:track:4l0O19WwpjzbDGkdFtkQ6W,"Ozuna, Darell",Vacia Sin Mi,VP Records Corp/Dimelo Vi,38,42,4,718768,ES,Spain,Q2,2019
39,spotify:track:3T5QSIgoaPIh07SwixRDp7,"Lunay, Lyanno, Anuel AA, Brytiago, Alex Rose",A Solas (Remix),round2media - LaFamilia,32,40,18,710784,ES,Spain,Q2,2019
40,spotify:track:059bcIhyc2SBwm6sw2AZzd,"Piso 21, Micro TDH",Te Vi,WM Mexico,23,34,15,691966,ES,Spain,Q2,2019
41,spotify:track:6ocbgoVGwYJhOv1GgI9NsF,Ariana Grande,7 rings,Republic Records,9,31,12,690789,ES,Spain,Q2,2019
42,spotify:track:4pN7yDeBmmAud5lBtuCsVs,"Darell, Farruko",Caliente,Sony Music Latin,39,41,9,684240,ES,Spain,Q2,2019
43,spotify:track:4W3FJapn5CD6Fnrlfj4HFe,"C. Tangana, Becky G",Booty,Sony Music Entertainment,3,37,25,682284,ES,Spain,Q2,2019
44,spotify:track:4S6gJt4RYR34t4sjW8wEah,Beret,Lo siento,WM Spain,10,43,57,666717,ES,Spain,Q2,2019
45,spotify:track:25sgk305KZfyuqVBQIahim,Ava Max,Sweet but Psycho,Atlantic Records,25,38,15,655361,ES,Spain,Q2,2019
46,spotify:track:7hv7synVPhVu30Ex2amJQc,Leiva,No Te Preocupes por Mi,Sony Music Entertainment,36,45,17,653738,ES,Spain,Q2,2019
47,spotify:track:4vK8Kvyw1mabkMXJqbZOZT,"Lunay, Zion & Lennox",Llégale,round2media - LaFamilia,47,52,2,633326,ES,Spain,Q2,2019
48,spotify:track:2b3JxLi8KAiOsD8ehnOxDZ,Aitana,Vas A Quedarte,Universal Music Spain S.L.,1,44,19,629300,ES,Spain,Q2,2019
49,spotify:track:0LQ1J0BCzA2qnAgp9MkkNE,"6ix9ine, Anuel AA",MALA (feat. Anuel AA),"ScumGang Records / TenThousand Projects, LLC",2,39,20,619328,ES,Spain,Q2,2019
50,spotify:track:4w8niZpiMy6qz1mntFA5uM,"DJ Snake, Selena Gomez, Ozuna, Cardi B","Taki Taki (with Selena Gomez, Ozuna & Cardi B)","DJ Snake Music Productions Limited, under exclusive license to Geffen Records",1,48,28,587173,ES,Spain,Q2,2019
1,spotify:track:2TH65lNHgvLxCKXM3apjxI,"Bad Bunny, Tainy",Callaita,Rimas Entertainment LLC,1,1,6,3066789,ES,Spain,Q3,2019
2,spotify:track:2K3bjojp1sCLdMMoO5lJ2p,ROSALÍA,Milionària,Columbia,2,75,2,2722939,ES,Spain,Q3,2019
3,spotify:track:1Ej96GIBCTvgH7tNX1r3qr,"Sech, Darell",Otro Trago,Rich Music/Ingrooves Records,1,2,12,2650775,ES,Spain,Q3,2019
4,spotify:track:1c0hsvHLELX6y8qymnpLKL,"Lunay, Daddy Yankee, Bad Bunny",Soltera (Remix),round2media - LaFamilia,1,3,9,2330369,ES,Spain,Q3,2019
5,spotify:track:0TK2YIli7K1leLovkQiNik,"Shawn Mendes, Camila Cabello",Señorita,Island Records,5,6,3,2175595,ES,Spain,Q3,2019
6,spotify:track:4R8BJggjosTswLxtkw8V7P,"JHAYCO, J Balvin, Bad Bunny",No Me Conoce - Remix,N&E Entertainment LLC,4,4,8,2117645,ES,Spain,Q3,2019
7,spotify:track:2Zl9S0KGB7VkqQMJgHBQXN,Rvfv,Mirándote,NASTU MUSIC,7,9,3,2006648,ES,Spain,Q3,2019
8,spotify:track:25ZAibhr3bdlMCLmubZDVt,"J Balvin, Bad Bunny",QUE PRETENDES,Universal Music Latino / Rimas,5,5,2,1937199,ES,Spain,Q3,2019
9,spotify:track:6uW0PIRcyZLvkoonm763xD,"Don Patricio, Cruz Cafuné",Contando Lunares (feat. Cruz Cafuné),WM Spain,1,7,23,1807450,ES,Spain,Q3,2019
10,spotify:track:2egI1hFZDAYrkCgtepoore,"Maffio, Justin Quiles, Nacho, Shelow Shaq",Cristina (feat. Shelow Shaq),Sony Music Latin,5,8,13,1750518,ES,Spain,Q3,2019
11,spotify:track:7KbF6AdprOXEEHlsq11Z6d,Maluma,11 PM,Sony Music Latin,10,10,8,1632041,ES,Spain,Q3,2019
12,spotify:track:1f38Gx6xQz6r4H1jGVNBJo,"DJ Snake, J Balvin, Tyga",Loco Contigo (feat. J. Balvin & Tyga),DJ Snake Music Productions Limited,12,29,4,1612019,ES,Spain,Q3,2019
13,spotify:track:2qG5sZ7Si6sdK74qLxedYM,"ROSALÍA, J Balvin, El Guincho",Con Altura,Columbia,1,11,16,1590967,ES,Spain,Q3,2019
14,spotify:track:0fea68AdmYNygeTGI4RC18,"J Balvin, Bad Bunny",LA CANCIÓN,Universal Music Latino / Rimas,14,14,2,1532401,ES,Spain,Q3,2019
15,spotify:track:5s8LepdwU0THzpd0M7nLsa,Ozuna,Te Soñé de Nuevo,Aura Music Corp.,15,16,5,1499571,ES,Spain,Q3,2019
16,spotify:track:5w9c2J52mkdntKOmRLeM2m,"Daddy Yankee, Snow",Con Calma,Craft Latino,1,15,24,1486751,ES,Spain,Q3,2019
17,spotify:track:7anSoGdgtmJTAPZBzcPhO6,"Dalex, Nicky Jam, Justin Quiles, Sech, Lenny Tavárez, Feid, Rafa Pabön",Cuaderno,Rich Music/Ingrooves Records,10,13,9,1472513,ES,Spain,Q3,2019
18,spotify:track:5jW3rF4URMdK7tO2xjS5EI,Paulo Londra,Tal Vez,WEA Latina,3,12,14,1468286,ES,Spain,Q3,2019
19,spotify:track:6v0lAdFF4haL8xjBIUjtOw,"Nicky Jam, Ozuna",Te Robaré,Sony Music Latin,7,17,16,1447860,ES,Spain,Q3,2019
20,spotify:track:4R0sTxCaskwCPbzkfXHfWg,"Bad Gyal, Busy Signal",Santa María (Feat. Busy Signal),Bad Gyal Aftercluv/Interscope,20,-1,1,1403600,ES,Spain,Q3,2019
21,spotify:track:7g8YaUQABMal0zWe7a2ijz,"Dalex, Rafa Pabön, KHEA, Sech, Feid, Cazzu, Lenny Tavárez",Pa Mí (Remix),Rich Music/Ingrooves Records,4,18,20,1389395,ES,Spain,Q3,2019
22,spotify:track:4lzxJ4jCuFDXXGkE1LmpKR,"DJ Luian, Mambo Kingz, Anuel AA, Nicky Jam, Darell, Brytiago",Verte Ir,Hear This Music,5,20,15,1380953,ES,Spain,Q3,2019
23,spotify:track:4DbhxwlkhTbCTqlZptxmI6,Danny Ocean,Swing,Atlantic Records,15,19,19,1352643,ES,Spain,Q3,2019
24,spotify:track:7bDboJVS7UlQBZj8lsvz2g,Ceky Viciny,Ellos,Scorpio Music (FR),20,21,11,1299193,ES,Spain,Q3,2019
25,spotify:track:0jeS8PyyIRAG0A3t5DtL71,Myke Towers,La Playa,2019 Casablanca Records & One World Music | Distributed by GLAD Empire,2,22,13,1267418,ES,Spain,Q3,2019
26,spotify:track:5iwz1NiezX7WWjnCgY5TH4,"Pedro Capó, Farruko",Calma - Remix,Sony Music Latin,2,26,33,1248247,ES,Spain,Q3,2019
27,spotify:track:1GVBnZF3tHJiWzdCSgg75Z,"Mahmood, Maikel Delacalle",Soldi (feat. Maikel Delacalle),Universal Music Italia srL.,25,28,7,1186281,ES,Spain,Q3,2019
28,spotify:track:37eGbhE1xVFSvcKkqGb6i1,"Sean Paul, J Balvin",Contra La Pared,Universal-Island Records Ltd.,8,24,17,1175863,ES,Spain,Q3,2019
29,spotify:track:3HVWdVOQ0ZA45FuZGSfvns,"Ed Sheeran, Justin Bieber",I Don't Care (with Justin Bieber),Atlantic Records UK,18,27,9,1173977,ES,Spain,Q3,2019
30,spotify:track:0stKSegkdrfLTDvm5sIO38,"Casper Magico, Anuel AA",No Te Veo - Remix,"2019 Flow La Movie, Inc & Los Magicos",27,31,10,1149790,ES,Spain,Q3,2019
31,spotify:track:1KfrcxnOLyDhd3p4hGrhVe,"Chris Viz, Young Vene",Diavla,420music,31,50,4,1120979,ES,Spain,Q3,2019
32,spotify:track:3mN2DtljBhnrIpc3Nu2pJ8,"Lalo Ebratt, Sebastian Yatra, Yera, Trapical Minds",Déjate Querer,Universal Music Spain S.L.,15,33,19,1109517,ES,Spain,Q3,2019
33,spotify:track:3cg9A9GVyZAT2CPevqWr65,"Ozuna, Anuel AA",Cambio,VP Records Corp/Dimelo Vi,23,23,3,1081158,ES,Spain,Q3,2019
34,spotify:track:5vLEmh5EolySKTvXsyWSOg,"GIMS, Maluma",Hola Señorita,Chahawat,34,35,9,1075881,ES,Spain,Q3,2019
35,spotify:track:5KbBGUpIZd6gVFUU8tqYiQ,"Myke Towers, Farruko",Si Se Da,2019 Casablanca Records & One World Music | Distributed by GLAD Empire,9,32,19,1068177,ES,Spain,Q3,2019
36,spotify:track:1LIqNVhaIgxXUt2eVoIQJ3,Maluma,HP,Sony Music Latin,4,30,19,1058912,ES,Spain,Q3,2019
37,spotify:track:7BuSE9uTIw931wtZYzvZcQ,"Sebastian Yatra, Daddy Yankee, NATTI NATASHA, Jonas Brothers",Runaway,UMLE - Latino,37,38,3,1019797,ES,Spain,Q3,2019
38,spotify:track:6Nqi1fWKYXrVXmF3RtQbSf,"Aitana, Lola Indigo",Me Quedo,Universal Music Spain S.L.,9,36,5,1014711,ES,Spain,Q3,2019
39,spotify:track:6MF2uU7HoQkA1Da2jscqV2,Juanfran,Mi Morena,Teampresimoney,39,46,6,1006163,ES,Spain,Q3,2019
40,spotify:track:07eET3PAzpSz5CLE4wGgN5,Myke Towers,Inocente,2019 Casablanca Records & One World Music | Distributed by GLAD Empire,40,85,2,997418,ES,Spain,Q3,2019
41,spotify:track:7mWFF4gPADjTQjC97CgFVt,"Ozuna, Daddy Yankee, J Balvin, Farruko, Anuel AA",Baila Baila Baila - Remix,VP Records Corp/Dimelo Vi,17,34,11,995483,ES,Spain,Q3,2019
42,spotify:track:71pEiUWwfDFiRO6RmFpnBf,"J Balvin, Bad Bunny",MOJAITA,Universal Music Latino / Rimas,25,25,2,991137,ES,Spain,Q3,2019
43,spotify:track:7MRU4vOkywuhZ9kbFiPuiu,"Daddy Yankee, Wisin & Yandel",Si Supieras,El Cartel Records (EC3),43,54,2,965238,ES,Spain,Q3,2019
44,spotify:track:7dQFpbs34ufIEU745DVclf,ROSALÍA,Aute Cuture,Columbia,4,43,6,946809,ES,Spain,Q3,2019
45,spotify:track:6G8TNOdTBpBPmDdJAvoVhA,Don Patricio,Enchochado de Ti,WM Spain,3,40,21,939950,ES,Spain,Q3,2019
46,spotify:track:7fODjB7BrQTGqh0hogW6XD,"Sech, Justin Quiles, Maluma, Nicky Jam, Farruko, Dalex, Lenny Tavárez",Que Mas Pues - Remix,Rich Music/Ingrooves Records,25,39,13,939189,ES,Spain,Q3,2019
47,spotify:track:5m9l5wILQ9iiLd8csLeR5v,ROSALÍA,Dio$ No$ Libre Del Dinero,Columbia,47,135,2,909696,ES,Spain,Q3,2019
48,spotify:track:5J64qSSq0VZuh0CiI9o9Nq,"Mambo Kingz, DJ Luian, Anuel AA, KAROL G, Arcángel",Tú No Amas,Hear This Music,41,42,3,897590,ES,Spain,Q3,2019
49,spotify:track:3TqLIW3qd4qFYkfYsBjVN6,"Farruko, Anuel AA, Kendo Kaponi",Delincuente,Sony Music Latin,25,37,11,891699,ES,Spain,Q3,2019
50,spotify:track:5lwVd35Zg6DJ4qibVMq99H,"Luis Fonsi, Sebastian Yatra, Nicky Jam",Date La Vuelta,UMLE - Latino,27,44,11,850676,ES,Spain,Q3,2019
1,spotify:track:2ksOAxtIxY8yElEWw8RhgK,"Anuel AA, Daddy Yankee, KAROL G, J Balvin, Ozuna",China,"2019 Real Hasta La Muerte, LLC.",1,1,12,2610088,ES,Spain,Q4,2019
2,spotify:track:7BlBVFwvbWvcwNcUarQmjk,"ROSALÍA, Ozuna","Yo x Ti, Tu x Mi",Columbia,2,2,8,2258400,ES,Spain,Q4,2019
3,spotify:track:3jbT1Y5MoPwEIpZndDDwVq,"Tainy, Anuel AA, Ozuna",Adicto (with Anuel AA & Ozuna),NEON16/Interscope Records,3,4,7,2038491,ES,Spain,Q4,2019
4,spotify:track:1EoEU4HY57qaITp06TkC6B,Duki,Goteo,SSJ Records / DALE PLAY Records,3,3,9,2005820,ES,Spain,Q4,2019
5,spotify:track:4fj7e6Tc48Bmomwyz2Z2XC,"Manuel Turizo, Anuel AA",Te Quemaste,Sony Music Latin/La Industria,5,5,7,1869451,ES,Spain,Q4,2019
6,spotify:track:6mAN61JH0dzyZpWslS11jy,"Rauw Alejandro, Farruko",Fantasias,"(SME US Latin) Duars Entertainment, Corp. (2)",6,9,6,1633325,ES,Spain,Q4,2019
7,spotify:track:1IDFcb3cjkj2dhv3UaxX9b,"Danny Romero, Lérica",De Tranquilote,24/7 Management & The Nova Management,5,6,14,1603075,ES,Spain,Q4,2019
8,spotify:track:1KdwnsWOvhM53vezy5ROuf,"C. Tangana, Paloma Mami",No Te Debí Besar,Sony Music Entertainment,5,7,4,1530709,ES,Spain,Q4,2019
9,spotify:track:6Y4PDQv4XjYjHLeLmvyOt0,"Sech, Ozuna",Si Te Vas,Rich Music,9,11,2,1501404,ES,Spain,Q4,2019
10,spotify:track:1nocRtwyNPVtGcIJqfgdzZ,"Camilo, Pedro Capó",Tutu,Sony Music Latin,8,8,9,1462732,ES,Spain,Q4,2019
11,spotify:track:7KKTnv81z6DmfPIGsZWjOW,"La Nueva Escuela, Omar Montes",La Rubia - Remix 2,829Music Mundial LLC,8,14,21,1422907,ES,Spain,Q4,2019
12,spotify:track:4bTZeO72FwMa6wKOiqoynL,"Sech, Ozuna, Anuel AA, Darell, Nicky Jam",Otro Trago - Remix,Rich Music,2,10,11,1347308,ES,Spain,Q4,2019
13,spotify:track:7fTsw0IKbbPDN19keS32tF,JHAYCO,Easy,N&E Entertainment LLC,13,15,9,1323074,ES,Spain,Q4,2019
14,spotify:track:1ndyl3wJCFs872XZ3ztPk6,"Justin Quiles, NATTI NATASHA, Farruko, Lenny Tavárez, Dalex, Zion","DJ No Pare (feat. Zion, Dalex, Lenny Tavárez) - Remix",WEA Latina,14,16,5,1291719,ES,Spain,Q4,2019
15,spotify:track:4R8BJggjosTswLxtkw8V7P,"JHAYCO, J Balvin, Bad Bunny",No Me Conoce - Remix,N&E Entertainment LLC,4,13,21,1288092,ES,Spain,Q4,2019
16,spotify:track:2TH65lNHgvLxCKXM3apjxI,"Bad Bunny, Tainy",Callaita,Rimas Entertainment LLC,1,12,19,1279643,ES,Spain,Q4,2019
17,spotify:track:1pUq8PePQRODKRKwY2nvC8,Rvfv,Prendío,NASTU MUSIC,17,42,6,1110262,ES,Spain,Q4,2019
18,spotify:track:4AjWbAwRpxk2worpjNH5CS,"Rich Music LTD, Sech, Dalex, Justin Quiles, Lenny Tavárez, Feid, Wisin, Zion",Quizas,Rich Music,18,21,3,1104732,ES,Spain,Q4,2019
19,spotify:track:1KfrcxnOLyDhd3p4hGrhVe,"Chris Viz, Young Vene",Diavla,420music,10,17,17,1100013,ES,Spain,Q4,2019
20,spotify:track:7754vHc34U2wQMIJFWRhVK,"$kyhook, Morad",A Escondidas,Helsinkipro,20,20,10,1095483,ES,Spain,Q4,2019
21,spotify:track:3u5GmyJP2MU3tEJgyiAG2T,"Sinsinati, Álvaro De Luna",Indios y Vaqueros,WM Spain,19,23,14,1093598,ES,Spain,Q4,2019
22,spotify:track:0fea68AdmYNygeTGI4RC18,"J Balvin, Bad Bunny",LA CANCIÓN,Universal Music Latino / Rimas,6,18,15,1085389,ES,Spain,Q4,2019
23,spotify:track:59s0s39NFWScuHDbHytI14,"Reik, J Balvin, Lalo Ebratt",Indeciso,Indeciso,23,34,7,1082488,ES,Spain,Q4,2019
24,spotify:track:6v3KW9xbzN5yKLt9YKDYA2,"Shawn Mendes, Camila Cabello",Señorita,Island Records,3,19,16,1063010,ES,Spain,Q4,2019
25,spotify:track:1G2CAJeP7rCwOZjlSJ0Zw3,"Major Lazer, J Balvin, El Alfa",Que Calor,Mad Decent,25,32,4,1032511,ES,Spain,Q4,2019
26,spotify:track:6uW0PIRcyZLvkoonm763xD,"Don Patricio, Cruz Cafuné",Contando Lunares (feat. Cruz Cafuné),WM Spain,1,24,36,1012573,ES,Spain,Q4,2019
27,spotify:track:2B94bbI1a4LyBpK1439oP7,"Noriel, Myke Towers, Rauw Alejandro, Almighty",Cuerpo en Venta,Rimas Entertainment LLC,27,27,8,977899,ES,Spain,Q4,2019
28,spotify:track:5BhSZWrUa5xkZ2K7Ze5fVT,Beret,Me vas a ver,WM Spain,9,22,3,973047,ES,Spain,Q4,2019
29,spotify:track:3CHAG77jAcwK0w8NBE7i7p,"Israel B, LOWLIGHT",Yyanosé,Lowlight Music,29,53,7,969951,ES,Spain,Q4,2019
30,spotify:track:5099x34vBakWpGkHourFxP,"Maluma, J Balvin",Qué Pena,Sony Music Latin,30,40,2,958423,ES,Spain,Q4,2019
31,spotify:track:1c0hsvHLELX6y8qymnpLKL,"Lunay, Daddy Yankee, Bad Bunny",Soltera (Remix),round2media - LaFamilia,1,26,22,950702,ES,Spain,Q4,2019
32,spotify:track:7sKDftgGirHWTVFMtJoDoh,Aya Nakamura,Djadja,Rec. 118,32,38,4,931131,ES,Spain,Q4,2019
33,spotify:track:0i9oiUkWOgvtnjkr0fa3XN,"Haze, Myke Towers",Piensan,2019 Casablanca Records & One World Music | Distributed by GLAD Empire,29,30,4,927264,ES,Spain,Q4,2019
34,spotify:track:7IzbHY75UhGztauT7U5eKb,"Lola Indigo, Don Patricio",Lola Bunny,Universal Music Spain S.L.,4,25,11,925782,ES,Spain,Q4,2019
35,spotify:track:1rgnBhdG2JDFTbYkYRZAku,Tones And I,Dance Monkey,Elektra (NEK),35,54,5,924820,ES,Spain,Q4,2019
36,spotify:track:7q3NthaBqFI6s0WnAlnIvq,"Darell, Brytiago",Velitas,Sony Music Latin,16,29,13,896653,ES,Spain,Q4,2019
37,spotify:track:25ZAibhr3bdlMCLmubZDVt,"J Balvin, Bad Bunny",QUE PRETENDES,Universal Music Latino / Rimas,5,31,15,886796,ES,Spain,Q4,2019
38,spotify:track:2J3jxgfp6GWoBsMPIa20oC,Bryant Myers,Gan-Ga,eOne Urban,20,28,11,874340,ES,Spain,Q4,2019
39,spotify:track:4o1DxRjMCHDwBiOKv88rOl,"Rvssian, Darell, Zion & Lennox, Myke Towers",B11 (feat. Myke Towers),Sony Music Latin,39,56,3,851044,ES,Spain,Q4,2019
40,spotify:track:6K5BsR04ijf3FHNzjbaagD,"Myke Towers, Farruko, Arcángel, Sech, Zion",Si Se Da - Remix,2019 Casablanca Records & One World Music | Distributed by GLAD Empire,20,35,10,835788,ES,Spain,Q4,2019
41,spotify:track:684EjRHwNsZQ9hCQxL4NYL,"Dímelo Flow, Nicky Jam, Sech, Farruko, Zion, Lunay","El Favor (with Nicky Jam & Sech, feat. Farruko, Zion & Lunay)",Rich Music/Interscope Records,30,33,6,826921,ES,Spain,Q4,2019
42,spotify:track:1aUGxXCz9QimNkKeiJtzZ7,"KEVVO, Farruko, Chencho Corleone, Arcángel, Darell, Ñengo Flow, Brytiago, Myke Towers",105 F Remix,Una Vision Quintana,42,61,4,773142,ES,Spain,Q4,2019
43,spotify:track:2qG5sZ7Si6sdK74qLxedYM,"ROSALÍA, J Balvin, El Guincho",Con Altura,Columbia,1,36,29,763578,ES,Spain,Q4,2019
44,spotify:track:6wywJ7RutAY0JL7cMP7uFN,Rvfv,Mirándote,NASTU MUSIC,7,39,16,753952,ES,Spain,Q4,2019
45,spotify:track:0VLIfeftkYpJgzqUvJc0BP,"Rvfv, Pablo Mas",Apriétala,NASTU MUSIC,45,57,6,740778,ES,Spain,Q4,2019
46,spotify:track:4ziiAuFyXiY1HNSLGM1xv8,"Becky G, Myke Towers",DOLLAR,Kemosabe Records/RCA Records/Sony Music Latin,19,37,13,728908,ES,Spain,Q4,2019
47,spotify:track:6osaMSJh9NguagEDQcZaKx,"DJ Snake, J Balvin, Tyga",Loco Contigo (feat. J. Balvin & Tyga),DJ Snake Music Productions Limited,9,43,17,716743,ES,Spain,Q4,2019
48,spotify:track:2qON8SpeBDBSoWCvDKuwbU,"David Bisbal, Juan Magán",Bésame,Universal Music Spain S.L.,24,46,14,712090,ES,Spain,Q4,2019
49,spotify:track:4Clmg1g8n2yBYG13Z1oSdG,"Dayvi, Victor Cardenas, Kelly Ruíz",Baila Conmigo (feat. Kelly Ruiz),Sony Music México,12,45,13,707338,ES,Spain,Q4,2019
50,spotify:track:6ehHyisIFQg3yrZM0VBzH6,Rels B,LA LATINA,Sony Music Entertainment,38,44,3,706706,ES,Spain,Q4,2019
1,spotify:track:4zrEmFA3R3JngfWR70zu3w,Ninho,Binks to Binks 6,Rec. 118 / Mal Luné Music,1,16,2,1440439,FR,France,Q1,2019
2,spotify:track:06O3hxudc6V0BOuoCFSy71,"Angèle, Roméo Elvis",Tout oublier,Angèle VL Records,1,1,14,1320380,FR,France,Q1,2019
3,spotify:track:4miiqu2dxOhBguQDHtqssH,"Maes, Booba",Madrina,Universal Music Division Capitol Music France,1,2,11,1289686,FR,France,Q1,2019
4,spotify:track:6l7PqWKsgm4NLomOE7Veou,"Lomepal, Roméo Elvis",1000°C,Pineale Prod - Grand Musique Management,2,5,17,1208492,FR,France,Q1,2019
5,spotify:track:7oxSh7uiB74lWGVIv2Qtlm,"Bramsito, Booba",Sale mood,Universal Music Division Capitol Music France,4,4,10,1190494,FR,France,Q1,2019
6,spotify:track:4WB9OeauHXnGOMUK4s80gM,Lomepal,Trop beau,Pineale Prod - Grand Musique Management,1,13,5,1012818,FR,France,Q1,2019
7,spotify:track:4w8niZpiMy6qz1mntFA5uM,"DJ Snake, Selena Gomez, Ozuna, Cardi B","Taki Taki (with Selena Gomez, Ozuna & Cardi B)","DJ Snake Music Productions Limited, under exclusive license to Geffen Records",3,3,15,988624,FR,France,Q1,2019
8,spotify:track:0QnEGWGECQUPuE3m8L6hdT,Dadju,Jaloux,Universal Music Division Capitol Music France,1,7,14,924819,FR,France,Q1,2019
9,spotify:track:7lhuM9WUqdThw72dCBRmQW,"Orelsan, Damso",Rêves bizarres (feat. Damso),7TH Magnitude / Strong Ninja,1,10,9,868064,FR,France,Q1,2019
10,spotify:track:1Bhm5HNO1cq8olDbBmokyL,Aya Nakamura,Copines,Rec. 118,1,6,20,860445,FR,France,Q1,2019
11,spotify:track:3aRgAfrt6aQW8IimLq2aVG,Aya Nakamura,La dot,Rec. 118,2,9,10,829533,FR,France,Q1,2019
12,spotify:track:116H0KvKr2Zl4RPuVBruDO,"Bad Bunny, Drake",MIA,Rimas Entertainment LLC,12,12,13,827004,FR,France,Q1,2019
13,spotify:track:2rPE9A1vEgShuZxxzR2tZH,Ariana Grande,"thank u, next",Republic Records,11,18,10,824728,FR,France,Q1,2019
14,spotify:track:2VxeLyX666F8uXCJ0dZF8B,"Lady Gaga, Bradley Cooper",Shallow,A Star is Born OST,11,17,14,789260,FR,France,Q1,2019
15,spotify:track:0YammaEkYSeo9vQYZ1OwS6,"David Guetta, Bebe Rexha, J Balvin",Say My Name,Parlophone UK,14,14,13,783392,FR,France,Q1,2019
16,spotify:track:0VUHYCOoWRgUV9uhdXo52u,Lacrim,Solo,Plata O Plomo Records,16,-1,1,762656,FR,France,Q1,2019
17,spotify:track:25sgk305KZfyuqVBQIahim,Ava Max,Sweet but Psycho,Atlantic Records,17,24,12,740183,FR,France,Q1,2019
18,spotify:track:3uTNli5uz5rNOqD6qZFi8L,Maes,Billets verts,Universal Music Division Capitol Music France,7,19,24,736538,FR,France,Q1,2019
19,spotify:track:1rqqCSm0Qe4I9rUvWncaom,Panic! At The Disco,High Hopes,DCD2 / Fueled By Ramen,19,23,8,694339,FR,France,Q1,2019
20,spotify:track:1VYTP4prOc62xQe1KWf3S5,"Médine, Booba",KYLL,Din records,3,56,6,660619,FR,France,Q1,2019
21,spotify:track:6qk9lEM6UIxNbAuI0PpOLu,"Rim'K, Ninho",Air Max,MB,1,20,25,656139,FR,France,Q1,2019
22,spotify:track:2LskIZrCeLxRvCiGP8gxlh,"XXXTENTACION, Lil Pump, Swae Lee, Maluma",Arms Around You (feat. Maluma & Swae Lee),Warner Records,20,31,11,638055,FR,France,Q1,2019
23,spotify:track:0JP9xo3adEtGSdUEISiszL,XXXTENTACION,Moonlight,"Bad Vibes Forever, LLC",7,25,43,636344,FR,France,Q1,2019
24,spotify:track:0E9ZjEAyAwOXZ7wJC0PD33,"Dynoro, Gigi D'Agostino",In My Mind,Columbia/B1 Recordings,6,26,25,607003,FR,France,Q1,2019
25,spotify:track:2pz2M2tXX8ROcV1Pesr725,Lacrim,Jon Snow,Plata O Plomo Records,3,22,3,600782,FR,France,Q1,2019
26,spotify:track:1m0UFnuTktOkksvjbF9z0m,Vegedream,Ramenez la coupe à la maison,Universal Music Division Island Def Jam,1,8,26,597116,FR,France,Q1,2019
27,spotify:track:2NUIWpL6IsYGkwfSN7basS,"Kpoint, Ninho",Ma 6t a craqué (feat. Ninho),Rec. 118 / 432 Inc,3,28,24,587052,FR,France,Q1,2019
28,spotify:track:3ABwQntK8i49EGOd3SSj7Q,"GLK, Ninho",Mauvais,50k Editions,12,38,6,585002,FR,France,Q1,2019
29,spotify:track:2dpaYNEQHiRxtZbfNsse99,"Marshmello, Bastille",Happier,Joytime Collective,24,36,20,584965,FR,France,Q1,2019
30,spotify:track:4yjqpsuyrbjyXHB6rC0mWo,"Vitaa, Slimane",Je te le donne (en duo avec Slimane),WM FR Affiliated/Play Two,30,33,15,563088,FR,France,Q1,2019
31,spotify:track:0uL88Lp7C6i2WGHub1zrJ9,The Prince Karma,Later Bitches,"Ultra Records, LLC",21,21,11,562116,FR,France,Q1,2019
32,spotify:track:6A3bL3MlU0l54kKlgpw0UT,"Lomepal, JeanJass",X-men,Pineale Prod - Grand Musique Management,3,42,5,555951,FR,France,Q1,2019
33,spotify:track:3iXhLi33EpUfcOwasC8un1,Angèle,Ta reine,Angèle VL Records,22,37,14,553438,FR,France,Q1,2019
34,spotify:track:0YCMh9HQkRpAtkj0i1sZqH,Booba,BB,Tallac Records,1,39,15,548301,FR,France,Q1,2019
35,spotify:track:0XXooKwo0L6gxn0OxZFDXw,Jul,Ma che beauté,D'Or et de Platine,14,29,6,546325,FR,France,Q1,2019
36,spotify:track:3qHs2PoiJMPvdxgyRSvqAl,"Aya Nakamura, Niska",Sucette (feat. Niska),Rec. 118,4,27,10,544447,FR,France,Q1,2019
37,spotify:track:63eflEIBAF5VmO5AdVuZF7,Kendji Girac,Tiago,Universal Music Division Island Def Jam,37,44,9,539103,FR,France,Q1,2019
38,spotify:track:5as5HurTt4u7BuFIT5j8am,RK,Bae,3.5.7 Music,7,40,16,534353,FR,France,Q1,2019
39,spotify:track:3KkXRkHbMCARz0aVfEt68P,"Post Malone, Swae Lee",Sunflower - Spider-Man: Into the Spider-Verse,Universal Records,39,48,10,533844,FR,France,Q1,2019
40,spotify:track:1H0OfL0clmcI1odODWD2DS,"Lomepal, Orelsan",La vérité,Pineale Prod - Grand Musique Management,4,49,5,521339,FR,France,Q1,2019
41,spotify:track:2FY7b99s15jUprqC0M5NCT,Imagine Dragons,Natural,Kid Ina Korner / Interscope,23,32,20,516175,FR,France,Q1,2019
42,spotify:track:4h3SqMd5F16XJVdGp5fsZG,Trois Cafés Gourmands,À nos souvenirs,Play Two,27,30,18,514984,FR,France,Q1,2019
43,spotify:track:5N5k9nd479b1xpDZ4usjrg,"Calvin Harris, Sam Smith, Jessie Reyez",Promises (with Sam Smith),Columbia,11,11,21,499936,FR,France,Q1,2019
44,spotify:track:3iBOe7U7kRPNIoL3QLCVu2,Angèle,La thune,Angèle VL Records,22,47,29,498728,FR,France,Q1,2019
45,spotify:track:0O4XHiuVt3dBaOzSI49BtF,"MHD, Wizkid",Bella,Universal Music Division Capitol Music France,5,34,25,489153,FR,France,Q1,2019
46,spotify:track:2c7GlMNmF7pbohjykutmLP,"Sia, Diplo, Labrinth, LSD","Thunderclouds (feat. Sia, Diplo, and Labrinth)",Records/Columbia,37,43,21,487743,FR,France,Q1,2019
47,spotify:track:4L0Iwsk1s8cbdBcEgdm8K5,Damso,Feu de bois,Universal Music Division Carthage Music,2,51,30,485931,FR,France,Q1,2019
48,spotify:track:3r1Veo87Ex14aHT2KcJNnh,Kaaris,Débrouillard,Universal Music Division Virgin Music,40,52,4,483211,FR,France,Q1,2019
49,spotify:track:2FRnrkO72S9tbqu6eLjq6b,Lomepal,Mômes,Pineale Prod - Grand Musique Management,7,55,5,483137,FR,France,Q1,2019
50,spotify:track:7sKDftgGirHWTVFMtJoDoh,Aya Nakamura,Djadja,Rec. 118,2,15,40,482135,FR,France,Q1,2019
1,spotify:track:5lCxlSBFyP5g4EhVypAoOu,PNL,Au DD,QLF Records,1,1,3,5644824,FR,France,Q2,2019
2,spotify:track:6hzi3AGB39FjxFqcjgbWs7,PNL,Deux frères,QLF Records,2,-1,1,4110300,FR,France,Q2,2019
3,spotify:track:2aG2nLUd8NNI7vFuOLBCe0,PNL,Autre monde,QLF Records,3,-1,1,3788391,FR,France,Q2,2019
4,spotify:track:5n9NAd0Y5OUeOGU0nVtLua,PNL,Chang,QLF Records,4,-1,1,3697139,FR,France,Q2,2019
5,spotify:track:295SxdR1DqunCNwd0U767w,PNL,Blanka,QLF Records,5,-1,1,3691173,FR,France,Q2,2019
6,spotify:track:6YHnhfw8yMCx4vZvsgem3D,PNL,Hasta la vista,QLF Records,6,-1,1,3443597,FR,France,Q2,2019
7,spotify:track:5gqh2FMBquUEwDsRUU4pCF,PNL,Shenmue,QLF Records,7,-1,1,3337346,FR,France,Q2,2019
8,spotify:track:5Bj9llJ7xr70Ny2nWiSM6G,PNL,Celsius,QLF Records,8,-1,1,3250334,FR,France,Q2,2019
9,spotify:track:3cdxShmWeMHolKPDi3SRXM,PNL,Menace,QLF Records,9,-1,1,3125592,FR,France,Q2,2019
10,spotify:track:1gRMO4h3NGb1ZJA7TNdMPj,PNL,Zoulou tchaing,QLF Records,10,-1,1,3074472,FR,France,Q2,2019
11,spotify:track:0VPKan5aM2nQy5voiAjjUo,PNL,Cœurs,QLF Records,11,-1,1,2974883,FR,France,Q2,2019
12,spotify:track:25yiHDniULzQL1BaFgV4Tq,PNL,Kuta ubud,QLF Records,12,-1,1,2860731,FR,France,Q2,2019
13,spotify:track:4LAGHmHcSt0HHwXCJcFri6,PNL,91's,QLF Records,1,46,35,2702035,FR,France,Q2,2019
14,spotify:track:1s3XtkdfT3obSCbQVWtvX9,PNL,La misère est si belle,QLF Records,14,-1,1,2627267,FR,France,Q2,2019
15,spotify:track:7qqPnzVQILmJeldy9smPLj,PNL,Déconnecté,QLF Records,15,-1,1,2591680,FR,France,Q2,2019
16,spotify:track:3vmoC735YdyvsrF0HtbmGn,"Zola, Ninho",Papers (feat. Ninho),AWA,16,-1,1,2343177,FR,France,Q2,2019
17,spotify:track:1gVnckXtTdCoLwtiPPqlQS,PNL,A l'ammoniaque,QLF Records,1,53,30,2213753,FR,France,Q2,2019
18,spotify:track:5c2HadbVTsMKjja4gohEFI,"Ninho, Niska",Maman ne le sait pas (feat. Niska),Rec. 118 / Mal Luné Music,2,2,3,1973242,FR,France,Q2,2019
19,spotify:track:55mCsKCo4bPuYtZvHppp8z,"Niska, Booba",Médicament,Universal Music Division Capitol Music France,19,-1,1,1887484,FR,France,Q2,2019
20,spotify:track:0rQbvQpjQ6QeeCAnVRzokf,Ninho,Goutte d'eau,Rec. 118 / Mal Luné Music,1,5,8,1647098,FR,France,Q2,2019
21,spotify:track:0Jh6iWjna1wk5le0Ahn7No,Ninho,La vie qu'on mène,Rec. 118 / Mal Luné Music,3,3,3,1643876,FR,France,Q2,2019
22,spotify:track:5oePa8PlOTPAlRaGs2OZ3A,Ninho,Putana,Rec. 118 / Mal Luné Music,4,4,3,1535040,FR,France,Q2,2019
23,spotify:track:35nTy3pmeNhvcfLRx15iLH,Zola,Fuckboi,AWA,23,-1,1,1432993,FR,France,Q2,2019
24,spotify:track:6stxV2bl7xSiPUornxwyNR,"Heuss L'enfoiré, Sofiane",Khapta,AllPoints,1,9,11,1405895,FR,France,Q2,2019
25,spotify:track:1DEkiMSnnYqj69ubNFD2ya,Zola,Baby Boy,AWA,25,-1,1,1325150,FR,France,Q2,2019
26,spotify:track:45tz0Mf66Nw7uSPdcOe1Qg,"RK, Sofiane",C'est mon sang,3.5.7 Music,3,23,5,1247745,FR,France,Q2,2019
27,spotify:track:3hsDKoxHa6Ra9Z68UoZPAr,Zola,Mojo,AWA,27,-1,1,1215279,FR,France,Q2,2019
28,spotify:track:2jX5c5RFp0A9E1GDsvGxIa,Angèle,Balance ton quoi,Angèle VL Records,9,20,27,1208355,FR,France,Q2,2019
29,spotify:track:7ygA08T4t49ZhaOtCHsktS,Zola,Ouais ouais,AWA,29,125,27,1201496,FR,France,Q2,2019
30,spotify:track:7ftimUupzPRi0m8z3WaXvw,Zola,L1 L2,AWA,30,-1,1,1186715,FR,France,Q2,2019
31,spotify:track:4q1WNOlRxBtTWnD36yBlAC,Zola,Extasy,AWA,31,-1,4,1150508,FR,France,Q2,2019
32,spotify:track:1gP845NpcAZv4BqANMBGaj,Zola,7.65,AWA,32,-1,1,1107972,FR,France,Q2,2019
33,spotify:track:4WB9OeauHXnGOMUK4s80gM,Lomepal,Trop beau,Pineale Prod - Grand Musique Management,1,19,18,1088563,FR,France,Q2,2019
34,spotify:track:2ByB9vlVC7p6kDsznT4NYr,Zola,Astroboy,AWA,34,-1,1,1023982,FR,France,Q2,2019
35,spotify:track:4RPvjl3IcvOigNqrrpCmZa,RK,Cataleya,3.5.7 Music,35,-1,1,1006624,FR,France,Q2,2019
36,spotify:track:2WxRMZ18AZDk314HQDg4Mo,Zola,Jamais,AWA,36,-1,1,1003863,FR,France,Q2,2019
37,spotify:track:6g8Waa9vcFQP1FElldjfRr,Djadja & Dinaz,Possédé,Carré music,4,15,5,998213,FR,France,Q2,2019
38,spotify:track:5gNZjp6r2TfC3uh9iopWxt,Ninho,Paris c'est magique,Rec. 118 / Mal Luné Music,6,6,3,988778,FR,France,Q2,2019
39,spotify:track:1PQB5bLM3Y1l4SrTI6cXdI,"Zola, Noname, Key Largo",Alloicizolaski4 (feat. No Name & Key Largo),AWA,39,-1,1,939190,FR,France,Q2,2019
40,spotify:track:1oeDo0y6euRX9DS3rMYcim,Zola,Kinshasa,AWA,40,-1,1,926631,FR,France,Q2,2019
41,spotify:track:2txhhCJLqVx3eer69Flu1b,Zola,Club,AWA,41,-1,1,917152,FR,France,Q2,2019
42,spotify:track:5iwz1NiezX7WWjnCgY5TH4,"Pedro Capó, Farruko",Calma - Remix,Sony Music Latin,23,30,13,913606,FR,France,Q2,2019
43,spotify:track:6nIr35G9lVYMcuedV4NY2t,"Ninho, Dadju",Jamais (feat. Dadju),Rec. 118 / Mal Luné Music,11,11,3,905400,FR,France,Q2,2019
44,spotify:track:0r64LBR8RlnXcdd5HTFubd,Heuss L'enfoiré,Les méchants,AllPoints,4,22,15,900882,FR,France,Q2,2019
45,spotify:track:06O3hxudc6V0BOuoCFSy71,"Angèle, Roméo Elvis",Tout oublier,Angèle VL Records,1,29,27,897566,FR,France,Q2,2019
46,spotify:track:5w9c2J52mkdntKOmRLeM2m,"Daddy Yankee, Snow",Con Calma,Craft Latino,27,27,8,895193,FR,France,Q2,2019
47,spotify:track:4smLSyGtyNJLPb9J1Iuwsb,Ninho,Sans peine,Rec. 118 / Mal Luné Music,8,10,3,884480,FR,France,Q2,2019
48,spotify:track:0NVu1CAYSAjPx3ERIXIe90,Zola,Cicatrices,AWA,48,-1,1,877159,FR,France,Q2,2019
49,spotify:track:1AaJX4YEeklJyRYisD10JT,Ninho,Jeune Lossa,Rec. 118 / Mal Luné Music,7,7,3,869679,FR,France,Q2,2019
50,spotify:track:3D64SSAn9zhGrqR3kW7Pmq,Zola,Zolabeille,AWA,38,-1,5,865288,FR,France,Q2,2019
1,spotify:track:1f38Gx6xQz6r4H1jGVNBJo,"DJ Snake, J Balvin, Tyga",Loco Contigo (feat. J. Balvin & Tyga),DJ Snake Music Productions Limited,1,4,4,2263861,FR,France,Q3,2019
2,spotify:track:6F8Caj9u2wk5hmbFuKK6Pa,"Vegedream, Ninho",Elle est bonne sa mère,Universal Music Division Island Def Jam,1,1,6,2249156,FR,France,Q3,2019
3,spotify:track:6u7jPi22kF8CTQ3rb9DHE7,"Lil Nas X, Billy Ray Cyrus",Old Town Road (feat. Billy Ray Cyrus) - Remix,Columbia,2,2,14,2022359,FR,France,Q3,2019
4,spotify:track:7C7GtWZmyicqjBDbAWPsCp,"Nekfeu, Damso",Tricheur,Universal Music Division Carthage Music,1,3,6,1637624,FR,France,Q3,2019
5,spotify:track:0TK2YIli7K1leLovkQiNik,"Shawn Mendes, Camila Cabello",Señorita,Island Records,5,8,3,1626504,FR,France,Q3,2019
6,spotify:track:55mCsKCo4bPuYtZvHppp8z,"Niska, Booba",Médicament,Universal Music Division Capitol Music France,1,5,14,1566139,FR,France,Q3,2019
7,spotify:track:3iLcfPepO3XiWUuu1zwqsW,Jul,JCVD,D'Or et de Platine,3,6,4,1470634,FR,France,Q3,2019
8,spotify:track:2QpUWi6VSNOt2WyH5FIeLD,Aya Nakamura,Pookie,Rec. 118,8,9,36,1286615,FR,France,Q3,2019
9,spotify:track:3HVWdVOQ0ZA45FuZGSfvns,"Ed Sheeran, Justin Bieber",I Don't Care (with Justin Bieber),Atlantic Records UK,7,7,9,1277596,FR,France,Q3,2019
10,spotify:track:5w9c2J52mkdntKOmRLeM2m,"Daddy Yankee, Snow",Con Calma,Craft Latino,10,11,21,1245205,FR,France,Q3,2019
11,spotify:track:5c2HadbVTsMKjja4gohEFI,"Ninho, Niska",Maman ne le sait pas (feat. Niska),Rec. 118 / Mal Luné Music,2,10,16,1203615,FR,France,Q3,2019
12,spotify:track:4He5TSvX6WhyTeiXpdFaCZ,"Jul, Ninho",Tel Me,D'Or et de Platine,2,12,4,1068755,FR,France,Q3,2019
13,spotify:track:40OMBMYRk5IQL6xCzGM0JA,"Martin Garrix, Macklemore, Fall Out Boy",Summer Days (feat. Macklemore & Patrick Stump of Fall Out Boy),Epic Amsterdam,13,18,8,1031001,FR,France,Q3,2019
14,spotify:track:2Fxmhks0bxGSBdJ92vM42m,Billie Eilish,bad guy,Darkroom/Interscope Records,14,19,15,1011927,FR,France,Q3,2019
15,spotify:track:28fP6qcMGPfYOjrx8AOWFn,"Koba LaD, Niska",RR 9.1,Universal Music Division Capitol Music France,2,15,12,1002293,FR,France,Q3,2019
16,spotify:track:5WHTFyqSii0lmT9R21abT8,Mabel,Don't Call Me Up,Polydor Records,16,25,20,997815,FR,France,Q3,2019
17,spotify:track:3vmoC735YdyvsrF0HtbmGn,"Zola, Ninho",Papers (feat. Ninho),AWA,5,14,14,995626,FR,France,Q3,2019
18,spotify:track:2PYXOG6GdxF9sUIH2NfOAD,"Nekfeu, Vanessa Paradis",Dans l'univers,Universal Music Division Carthage Music,3,13,5,988922,FR,France,Q3,2019
19,spotify:track:2jX5c5RFp0A9E1GDsvGxIa,Angèle,Balance ton quoi,Angèle VL Records,2,16,40,982583,FR,France,Q3,2019
20,spotify:track:1DFD5Fotzgn6yYXkYsKiGs,"MEDUZA, Goodboys",Piece Of Your Heart,Intercord,20,31,8,959910,FR,France,Q3,2019
21,spotify:track:0Jh6iWjna1wk5le0Ahn7No,Ninho,La vie qu'on mène,Rec. 118 / Mal Luné Music,3,23,16,954499,FR,France,Q3,2019
22,spotify:track:7iuIofLDxuD3BXmUmStKWR,SCH,Haut standing,Rec. 118,22,-1,1,953901,FR,France,Q3,2019
23,spotify:track:5lCxlSBFyP5g4EhVypAoOu,PNL,Au DD,QLF Records,1,17,16,950635,FR,France,Q3,2019
24,spotify:track:0G0ZyEQyc3IBcRnYCvtTwb,"Leto, Ninho",Tes parents (feat. Ninho),Rec. 118,24,-1,1,937793,FR,France,Q3,2019
25,spotify:track:2qxmye6gAegTMjLKEBoR3d,Alec Benjamin,Let Me Down Slowly,2018,17,36,19,923519,FR,France,Q3,2019
26,spotify:track:1vYIL16wtreegB3LmHpiav,Lorenzo,Damdamdeo,MFC,26,-1,1,921173,FR,France,Q3,2019
27,spotify:track:3iGHpp0lriaEVmpnQ48iXT,"Dosseh, Maes",L'odeur du charbon,SPKTAQLR,27,29,2,912102,FR,France,Q3,2019
28,spotify:track:02itaCXOdC54J0ISjqqFAp,"R3HAB, A Touch Of Class",All Around The World (La La La),Casablanca Records,28,34,6,902151,FR,France,Q3,2019
29,spotify:track:7uH27oIt4a6cIFCA8ZPcyG,Ozuna,Baila Baila Baila,Aura Music Corp.,20,27,21,850192,FR,France,Q3,2019
30,spotify:track:1kX5NXQDQbvqhxvisCv1Ok,"100 Blaze, Koba LaD",Binks,Universal Music Division Island Def Jam,14,22,6,828286,FR,France,Q3,2019
31,spotify:track:5dkSQ8ExtSaS5diqiQosOk,Nekfeu,Cheum,Universal Music Division Carthage Music,2,20,6,810339,FR,France,Q3,2019
32,spotify:track:0rQbvQpjQ6QeeCAnVRzokf,Ninho,Goutte d'eau,Rec. 118 / Mal Luné Music,1,28,21,810028,FR,France,Q3,2019
33,spotify:track:2On7uB8PN8JJmBNsms8unQ,Dadju,Compliqué,Universal Music Division Capitol Music France,33,45,2,806121,FR,France,Q3,2019
34,spotify:track:4NGcxBAtvLtbeizQul82iC,PNL,Comme pas deux,QLF Records,34,-1,1,796698,FR,France,Q3,2019
35,spotify:track:4kqsT3yDyJr1KZ2AkM9qfD,"Nekfeu, Nemir",Elle pleut,Universal Music Division Carthage Music,4,21,5,784626,FR,France,Q3,2019
36,spotify:track:5SNfvgi4TUwx4Si0lFn3G2,Roméo Elvis,Soleil,Universal Music Division Island Def Jam,30,53,13,757274,FR,France,Q3,2019
37,spotify:track:3fzuD5588k458917D1huVD,PNL,Bang,QLF Records,37,-1,1,748818,FR,France,Q3,2019
38,spotify:track:5iwz1NiezX7WWjnCgY5TH4,"Pedro Capó, Farruko",Calma - Remix,Sony Music Latin,15,32,26,742373,FR,France,Q3,2019
39,spotify:track:2GZaEiqQ6QTo964loSzJEw,PNL,Ryuk,QLF Records,39,-1,1,736881,FR,France,Q3,2019
40,spotify:track:4j5Bb0saeXmiz62XIZjcHj,"Kezah, Freddy Gladieux, Squeezie",Mirador,Balai Steak,10,26,4,730889,FR,France,Q3,2019
41,spotify:track:53CJANUxooaqGOtdsBTh7O,Lil Nas X,Old Town Road,Columbia,15,35,14,724065,FR,France,Q3,2019
42,spotify:track:5vLEmh5EolySKTvXsyWSOg,"GIMS, Maluma",Hola Señorita,Chahawat,42,50,8,722502,FR,France,Q3,2019
43,spotify:track:3kNdQLkHijBfHUJTZNy8vn,"Ninho, Niro",Kim Jong-il,Game Over / Bendo Music / Capitol,24,24,4,722338,FR,France,Q3,2019
44,spotify:track:5oePa8PlOTPAlRaGs2OZ3A,Ninho,Putana,Rec. 118 / Mal Luné Music,4,37,16,696969,FR,France,Q3,2019
45,spotify:track:2cJb7E0M81nAKl4tkZS3v9,Eva,Jazz,Universal Music Distributed Labels,45,-1,1,693936,FR,France,Q3,2019
46,spotify:track:3COpbW4W1Qab0ZqiHZxdjv,"Koba LaD, Maes",Matin,Universal Music Division Capitol Music France,20,38,12,679675,FR,France,Q3,2019
47,spotify:track:07qHCBBSRswIsfs0waYdjC,Booba,Arc-en-ciel,Universal Music Distribution Deal,1,40,9,664971,FR,France,Q3,2019
48,spotify:track:0mjAU3yKR1QnXnHtjGJqTM,OneRepublic,Rescue Me,Mosley Music/Interscope Records,44,44,7,662320,FR,France,Q3,2019
49,spotify:track:4evmHXcjt3bTUHD1cvny97,"Ed Sheeran, Khalid",Beautiful People (feat. Khalid),Atlantic Records UK,49,78,2,655472,FR,France,Q3,2019
50,spotify:track:1efHgqG3HLznLEuOgdP0ac,PNL,Sibérie,QLF Records,50,-1,1,642697,FR,France,Q3,2019
1,spotify:track:18HNGxDOcshRU2Hdu8tMOM,Gambi,POPOPOP,Rec. 118,1,-1,1,6150947,FR,France,Q4,2019
2,spotify:track:1bWafkUCOp6luXRs1cm3w9,Gambi,HÉ OH,Rec. 118,1,1,9,3105777,FR,France,Q4,2019
3,spotify:track:1rgnBhdG2JDFTbYkYRZAku,Tones And I,Dance Monkey,Elektra (NEK),3,3,8,2151388,FR,France,Q4,2019
4,spotify:track:5yYfCoMrhcuxMP9CAmA2rU,PLK,Un peu de haine,Panenka Music,1,2,4,1946940,FR,France,Q4,2019
5,spotify:track:3Aq1SJ1hWlfazx8IIC6u1D,Moha La Squale,Ma belle,Elektra France,1,4,10,1775081,FR,France,Q4,2019
6,spotify:track:6lZbLMHu98qpkOY0t3efUK,PLK,Problèmes,Panenka Music,5,5,12,1393311,FR,France,Q4,2019
7,spotify:track:75bVc27bDSOAhMAL38cXpV,"Niska, Ninho",Méchant,Universal Music Division Capitol Music France,1,6,5,1344705,FR,France,Q4,2019
8,spotify:track:7FF6HRsQlc0CtfAbLmrEGX,Niska,Bâtiment,Universal Music Division Capitol Music France,2,7,5,1332893,FR,France,Q4,2019
9,spotify:track:51Fjme0JiitpyXKuyQiCDo,"Y2K, bbno$",Lalala,Columbia,8,8,11,1256387,FR,France,Q4,2019
10,spotify:track:3jUqLa1ed5K25iZuO5TQMT,Gradur,Rari,Universal Music Division Capitol Music France,10,-1,1,1234075,FR,France,Q4,2019
11,spotify:track:3eekarcy7kvN4yt5ZFzltW,Travis Scott,HIGHEST IN THE ROOM,Cactus Jack/Epic,11,-1,1,1188688,FR,France,Q4,2019
12,spotify:track:2On7uB8PN8JJmBNsms8unQ,Dadju,Compliqué,Universal Music Division Capitol Music France,9,12,15,1136287,FR,France,Q4,2019
13,spotify:track:6v3KW9xbzN5yKLt9YKDYA2,"Shawn Mendes, Camila Cabello",Señorita,Island Records,3,9,16,1075795,FR,France,Q4,2019
14,spotify:track:7j56bK7gq6iV7zsD6lbP4J,"Vegedream, Ninho",Elle est bonne sa mère,Universal Music Division Island Def Jam,1,10,19,1075529,FR,France,Q4,2019
15,spotify:track:0G0ZyEQyc3IBcRnYCvtTwb,"Leto, Ninho",Tes parents (feat. Ninho),Rec. 118,14,14,14,1065434,FR,France,Q4,2019
16,spotify:track:0Jh6iWjna1wk5le0Ahn7No,Ninho,La vie qu'on mène,Rec. 118 / Mal Luné Music,3,21,29,1015237,FR,France,Q4,2019
17,spotify:track:0udmmo0fTwWbm6VqEHAvYF,"Niska, Booba",Médicament,Universal Music Division Capitol Music France,1,11,27,1000803,FR,France,Q4,2019
18,spotify:track:6osaMSJh9NguagEDQcZaKx,"DJ Snake, J Balvin, Tyga",Loco Contigo (feat. J. Balvin & Tyga),DJ Snake Music Productions Limited,1,16,17,985532,FR,France,Q4,2019
19,spotify:track:5D3QfcDoUnLjMtsOdxmucm,Vald,Journal perso II,Universal Music Division Capitol Music France,7,15,4,947728,FR,France,Q4,2019
20,spotify:track:65hdAdd1skq94ecWH4vfJI,"Lefa, Vald",Bitch (feat. Vald),2L MUSIC,10,18,13,939507,FR,France,Q4,2019
21,spotify:track:5c2HadbVTsMKjja4gohEFI,"Ninho, Niska",Maman ne le sait pas (feat. Niska),Rec. 118 / Mal Luné Music,2,23,29,933821,FR,France,Q4,2019
22,spotify:track:4vR2zaYAW8CtzwodeFufkI,Niska,Du lundi au lundi,Universal Music Division Capitol Music France,6,13,13,914674,FR,France,Q4,2019
23,spotify:track:2PYXOG6GdxF9sUIH2NfOAD,"Nekfeu, Vanessa Paradis",Dans l'univers,Universal Music Division Carthage Music,3,30,18,882986,FR,France,Q4,2019
24,spotify:track:7C7GtWZmyicqjBDbAWPsCp,"Nekfeu, Damso",Tricheur,Universal Music Division Carthage Music,1,19,19,875192,FR,France,Q4,2019
25,spotify:track:5zTlgYZL7vsQtqKOm7weDu,Timal,Cavaler,Elektra France,25,-1,1,861189,FR,France,Q4,2019
26,spotify:track:0kH4ZE0SewdiPUUgbQNVSU,Gambi,La Guenav,Rec. 118,26,55,8,855443,FR,France,Q4,2019
27,spotify:track:30Mqfip5b5lCDpCLRvsrTq,Chily,San Pellegrino,Arista France,27,39,12,835150,FR,France,Q4,2019
28,spotify:track:5SNfvgi4TUwx4Si0lFn3G2,Roméo Elvis,Soleil,Universal Music Division Island Def Jam,11,22,26,834167,FR,France,Q4,2019
29,spotify:track:10iesoGb4mCYTcur1QfdO9,Jul,JCVD,D'Or et de Platine,3,29,17,828526,FR,France,Q4,2019
30,spotify:track:28fP6qcMGPfYOjrx8AOWFn,"Koba LaD, Niska",RR 9.1,Universal Music Division Capitol Music France,2,25,25,825661,FR,France,Q4,2019
31,spotify:track:3ebaeB2BdCEgZmwKv7p2r5,"GIMS, Sting",Reste,Chahawat,31,67,4,812972,FR,France,Q4,2019
32,spotify:track:4pmQt0EAXwy2SyXOJJ2bPU,Niska,Siliconé,Universal Music Division Capitol Music France,7,20,5,810026,FR,France,Q4,2019
33,spotify:track:6mKLhdZIMaHpZ9kbmq9SOS,"Bolémvn, Koba LaD",Sankhara #4 (Chic),Universal Music Division Capitol Music France,24,24,4,809283,FR,France,Q4,2019
34,spotify:track:1lOe9qE0vR9zwWQAOk6CoO,Lil Tecca,Ransom,Republic Records,17,17,11,799281,FR,France,Q4,2019
35,spotify:track:4NcZKLjdfTJLpaCOspAjQn,Koba LaD,Marie,Universal Music Division Capitol Music France,33,33,2,768897,FR,France,Q4,2019
36,spotify:track:2YpeDb67231RjR0MgVLzsG,"Lil Nas X, Billy Ray Cyrus",Old Town Road (feat. Billy Ray Cyrus) - Remix,Columbia,2,27,27,758422,FR,France,Q4,2019
37,spotify:track:4VzalpjiHHK5cKSgrZuNjg,Lorenzo,Nique la BAC,MFC,4,28,7,751607,FR,France,Q4,2019
38,spotify:track:0rQbvQpjQ6QeeCAnVRzokf,Ninho,Goutte d'eau,Rec. 118 / Mal Luné Music,1,34,34,749253,FR,France,Q4,2019
39,spotify:track:7JLz24ZQtl7tIb0ePwlBfI,Aya Nakamura,Soldat,Rec. 118,18,38,4,744051,FR,France,Q4,2019
40,spotify:track:6atrzNHhWlXTolcIKAjSq2,"Dosseh, Maes",L'odeur du charbon,SPKTAQLR,14,31,15,739864,FR,France,Q4,2019
41,spotify:track:6P1FUURjn1CXB4y74paDOK,Niska,Mr Sal,Universal Music Division Capitol Music France,3,26,5,738729,FR,France,Q4,2019
42,spotify:track:5oePa8PlOTPAlRaGs2OZ3A,Ninho,Putana,Rec. 118 / Mal Luné Music,4,35,29,719357,FR,France,Q4,2019
43,spotify:track:6Tvzf3VEi16JMhAgOwdt2y,Imagine Dragons,Birds,Kid Ina Korner / Interscope,43,48,10,712482,FR,France,Q4,2019
44,spotify:track:7qj2pdwGVmN7E26nMVFeMq,"Ikaz Boi, Damso",SOLITERRIEN,Stellar 90 under exclusive license Animal 63,32,32,2,709115,FR,France,Q4,2019
45,spotify:track:2J2Z1SkXYghSajLibnQHOa,Sia,Unstoppable,Monkey Puzzle Records/RCA Records,45,59,3,697566,FR,France,Q4,2019
46,spotify:track:7qEHsqek33rTcFNT9PFqLf,Lewis Capaldi,Someone You Loved,Vertigo Berlin,28,47,25,695506,FR,France,Q4,2019
47,spotify:track:5PlemGdKGymY91Emm5xDbr,"PLK, Timal",Toute l'année (feat. Timal),Panenka Music,14,42,4,692510,FR,France,Q4,2019
48,spotify:track:7gNlaZaMIjRUfnAYd9Dvmt,Heuss L'enfoiré,Aristocrate,AllPoints,31,37,37,690791,FR,France,Q4,2019
49,spotify:track:3b89BehicGUgc60pLBo092,Angèle,Flou,Angèle VL Records,44,44,27,690178,FR,France,Q4,2019
50,spotify:track:3vmoC735YdyvsrF0HtbmGn,"Zola, Ninho",Papers (feat. Ninho),AWA,5,40,27,669321,FR,France,Q4,2019
1,spotify:track:25sgk305KZfyuqVBQIahim,Ava Max,Sweet but Psycho,Atlantic Records,1,1,14,3147292,GB,United Kingdom,Q1,2019
2,spotify:track:2rPE9A1vEgShuZxxzR2tZH,Ariana Grande,"thank u, next",Republic Records,1,2,10,2602802,GB,United Kingdom,Q1,2019
3,spotify:track:6MWtB6iiXyIwun0YzU6DFP,Post Malone,Wow.,Republic Records,3,5,3,2370657,GB,United Kingdom,Q1,2019
4,spotify:track:3KkXRkHbMCARz0aVfEt68P,"Post Malone, Swae Lee",Sunflower - Spider-Man: Into the Spider-Verse,Universal Records,3,3,12,2319246,GB,United Kingdom,Q1,2019
5,spotify:track:5p7ujcrUXASCNwRaWNHR1C,Halsey,Without Me,Capitol Records,3,4,14,2200851,GB,United Kingdom,Q1,2019
6,spotify:track:27rdGxbavYJeBphck5MZAF,"Mark Ronson, Miley Cyrus",Nothing Breaks Like a Heart (feat. Miley Cyrus),Columbia,6,7,6,1732392,GB,United Kingdom,Q1,2019
7,spotify:track:2xLMifQCjDGFmkHkpNLD9h,Travis Scott,SICKO MODE,Cactus Jack / Epic,6,6,23,1576937,GB,United Kingdom,Q1,2019
8,spotify:track:0G1GIn5gGoe5iLHvVC5FM0,"Headie One, Dave",18HUNNA (feat. Dave),Relentless Records,8,-1,1,1495022,GB,United Kingdom,Q1,2019
9,spotify:track:5tAa8Uaqr4VvA3693mbIhU,Zara Larsson,Ruin My Life,Epic/Record Company TEN,9,10,12,1425649,GB,United Kingdom,Q1,2019
10,spotify:track:0FZ4Dmg8jJJAPJnvBIzD9z,"Kodak Black, Offset, Travis Scott",ZEZE (feat. Travis Scott & Offset),Atlantic Records,5,9,13,1419926,GB,United Kingdom,Q1,2019
11,spotify:track:7FGq80cy8juXBCD2nrqdWU,"benny blanco, Halsey, Khalid",Eastside (with Halsey & Khalid),Friends Keep Secrets/Interscope Records,1,11,26,1338534,GB,United Kingdom,Q1,2019
12,spotify:track:5JEx7HbmvHQQswJCsoo9rA,"Ellie Goulding, Diplo, Swae Lee",Close To Me (with Diplo) (feat. Swae Lee),Polydor Records,11,20,11,1318502,GB,United Kingdom,Q1,2019
13,spotify:track:29R1IMTTbDDA3VNlk6UEW5,"Jax Jones, Olly Alexander (Years & Years)",Play,Polydor Records,13,21,6,1285574,GB,United Kingdom,Q1,2019
14,spotify:track:4ofwffwvvnbSkrMSCKQDaC,George Ezra,Shotgun,Columbia,1,8,42,1283479,GB,United Kingdom,Q1,2019
15,spotify:track:2IRZnDFmlqMuOrYOLnZZyc,"Meek Mill, Drake",Going Bad (feat. Drake),MMG/Atlantic,15,18,6,1266344,GB,United Kingdom,Q1,2019
16,spotify:track:2VxeLyX666F8uXCJ0dZF8B,"Lady Gaga, Bradley Cooper",Shallow,A Star is Born OST,3,22,15,1222558,GB,United Kingdom,Q1,2019
17,spotify:track:5N5k9nd479b1xpDZ4usjrg,"Calvin Harris, Sam Smith, Jessie Reyez",Promises (with Sam Smith),Columbia,1,13,21,1152334,GB,United Kingdom,Q1,2019
18,spotify:track:14JzyD6FlBD5z0wV5P07YI,Billie Eilish,when the party's over,Darkroom/Interscope Records,18,23,12,1144141,GB,United Kingdom,Q1,2019
19,spotify:track:01IQ4aQgOf0Kkq3a273hmO,"Dave, Fredo",Funky Friday,Neighbourhood [GB] / Dave,1,16,14,1135328,GB,United Kingdom,Q1,2019
20,spotify:track:2dpaYNEQHiRxtZbfNsse99,"Marshmello, Bastille",Happier,Joytime Collective,2,12,21,1128677,GB,United Kingdom,Q1,2019
21,spotify:track:1rqqCSm0Qe4I9rUvWncaom,Panic! At The Disco,High Hopes,DCD2 / Fueled By Ramen,17,32,30,1107029,GB,United Kingdom,Q1,2019
22,spotify:track:0todbbT9g5uQGbeFCiBf2F,Ariana Grande,imagine,Republic Records,16,19,4,1099177,GB,United Kingdom,Q1,2019
23,spotify:track:2xGjteMU3E1tkEPVFBO08U,"Keala Settle, The Greatest Showman Ensemble",This Is Me,Atlantic Records,5,15,54,1081012,GB,United Kingdom,Q1,2019
24,spotify:track:222B3aljXx6fFwKmFjuBED,"Little Mix, Nicki Minaj",Woman Like Me (feat. Nicki Minaj),Syco Music,2,14,13,1059916,GB,United Kingdom,Q1,2019
25,spotify:track:3ji4bcQugJj5B6NRGYDNwP,Jess Glynne,Thursday,Atlantic Records UK,9,24,13,1055121,GB,United Kingdom,Q1,2019
26,spotify:track:1xzBco0xcoJEDXktl7Jxrr,Sheck Wes,Mo Bamba,Cactus Jack Records/ G.O.O.D. Music/ Interscope Records,26,27,16,1016493,GB,United Kingdom,Q1,2019
27,spotify:track:6zeeWid2sgw4lap2jV61PZ,Khalid,Better,"Right Hand Music Group, LLC/RCA Records",14,33,17,1003456,GB,United Kingdom,Q1,2019
28,spotify:track:43ay9lQZ5rfNcOOHhRF2cM,"Hugh Jackman, Keala Settle, Zac Efron, Zendaya, The Greatest Showman Ensemble",The Greatest Show,Atlantic Records,17,17,54,994693,GB,United Kingdom,Q1,2019
29,spotify:track:7dt6x5M1jzdTEt8oCbisTK,Post Malone,Better Now,Republic Records,2,28,37,972446,GB,United Kingdom,Q1,2019
30,spotify:track:6mQLN3zRtAp6ovjusyYKrV,"James Arthur, Anne-Marie",Rewrite The Stars (with James Arthur & Anne-Marie),Atlantic Records,29,29,8,956084,GB,United Kingdom,Q1,2019
31,spotify:track:7K7MUBCnzgBAvMVW2RTWNs,"Loud Luxury, Brando",Body,Armada Music,4,36,34,938974,GB,United Kingdom,Q1,2019
32,spotify:track:5IaHrVsrferBYDm0bDyABy,"Tyga, Offset",Taste (feat. Offset),Last Kings Music / EMPIRE,6,34,34,922490,GB,United Kingdom,Q1,2019
33,spotify:track:630sXRhIcfwr2e4RdNtjKN,"Zac Efron, Zendaya",Rewrite The Stars,Atlantic Records,10,26,54,919862,GB,United Kingdom,Q1,2019
34,spotify:track:5kfNriitmkNE8mUbZ7gbq8,Khalid,Saturday Nights,"Right Hand Music Group, LLC/RCA Records",34,48,9,918931,GB,United Kingdom,Q1,2019
35,spotify:track:0RoA7ObU6phWpqhlC9zH4Z,"Ziv Zaifman, Hugh Jackman, Michelle Williams",A Million Dreams,Atlantic Records,25,25,54,900702,GB,United Kingdom,Q1,2019
36,spotify:track:5Fla3zyOCcIRqrDoKLU0DP,Rita Ora,Let You Love Me,Atlantic Records UK,4,31,16,892891,GB,United Kingdom,Q1,2019
37,spotify:track:13hvHEstJ4sNbzdroPrPI3,"Dua Lipa, BLACKPINK",Kiss and Make Up,Warner Records,34,39,12,882703,GB,United Kingdom,Q1,2019
38,spotify:track:2cytBOLpwFRX7J9URCrFIe,"NSG, Tion Wayne",Options,NSG Entertainment,38,114,2,874784,GB,United Kingdom,Q1,2019
39,spotify:track:1uru26I2JKd2mQZt0MDCUe,James Arthur,Empty Space,Columbia Local,38,38,11,859957,GB,United Kingdom,Q1,2019
40,spotify:track:285pBltuF7vW8TeWk8hdRR,Juice WRLD,Lucid Dreams,Juice WRLD Mixtape / ISR P&D,6,30,34,859945,GB,United Kingdom,Q1,2019
41,spotify:track:6Gy7rXB6Ku5vIWC7WGWsl3,"6ix9ine, Tory Lanez",KIKA (feat. Tory Lanez),"ScumGang Records / TenThousand Projects, LLC",11,43,7,830779,GB,United Kingdom,Q1,2019
42,spotify:track:78QR3Wp35dqAhFEc2qAGjE,"Lil Baby, Gunna",Drip Too Hard (Lil Baby & Gunna),"Quality Control Music/Young Stoner Life Records, a 300 Entertainment Label/Motown Records/Capitol Records",41,47,17,828137,GB,United Kingdom,Q1,2019
43,spotify:track:0Gl5s8IhMmQE5YQwM8Qx1J,Loren Allred,Never Enough,Atlantic Records,35,37,54,828055,GB,United Kingdom,Q1,2019
44,spotify:track:3ee8Jmje8o58CHK66QrVC2,XXXTENTACION,SAD!,"Bad Vibes Forever, LLC",5,41,45,820165,GB,United Kingdom,Q1,2019
45,spotify:track:4eQBL0cuF3ismYCzBff2Ii,Lewis Capaldi,Grace,Vertigo Berlin,45,83,10,815316,GB,United Kingdom,Q1,2019
46,spotify:track:2LskIZrCeLxRvCiGP8gxlh,"XXXTENTACION, Lil Pump, Swae Lee, Maluma",Arms Around You (feat. Maluma & Swae Lee),Warner Records,11,46,11,802147,GB,United Kingdom,Q1,2019
47,spotify:track:14mHfNsSHN0FbLftyjrV9g,Flipp Dinero,Leave Me Alone,Cinematic/Epic/We The Best,47,67,6,787458,GB,United Kingdom,Q1,2019
48,spotify:track:2G7V7zsVDxg1yRsu7Ew9RJ,Drake,In My Feelings,Cash Money/Drake LP6,1,40,28,783054,GB,United Kingdom,Q1,2019
49,spotify:track:0e7ipj03S05BNilyu5bRzt,"Post Malone, 21 Savage",rockstar (feat. 21 Savage),Republic Records,1,51,69,779975,GB,United Kingdom,Q1,2019
50,spotify:track:4WYRFY0yFa2s1WeX0w84z6,Russ splash,Gun Lean,UME - Global Clearing House,50,52,3,741764,GB,United Kingdom,Q1,2019
1,spotify:track:2Fxmhks0bxGSBdJ92vM42m,Billie Eilish,bad guy,Darkroom/Interscope Records,1,1,2,3580818,GB,United Kingdom,Q2,2019
2,spotify:track:2TIlqbIneP0ZY1O0EzYLlc,Lewis Capaldi,Someone You Loved,Vertigo Berlin,1,2,15,3319778,GB,United Kingdom,Q2,2019
3,spotify:track:6u7jPi22kF8CTQ3rb9DHE7,"Lil Nas X, Billy Ray Cyrus",Old Town Road (feat. Billy Ray Cyrus) - Remix,Columbia,3,-1,1,2355753,GB,United Kingdom,Q2,2019
4,spotify:track:5WHTFyqSii0lmT9R21abT8,Mabel,Don't Call Me Up,Polydor Records,3,3,12,2264803,GB,United Kingdom,Q2,2019
5,spotify:track:4y3OI86AEP6PQoDE6olYhO,Jonas Brothers,Sucker,Jonas Brothers Recording,4,6,6,2205295,GB,United Kingdom,Q2,2019
6,spotify:track:53CJANUxooaqGOtdsBTh7O,Lil Nas X,Old Town Road,Columbia,6,41,4,2057176,GB,United Kingdom,Q2,2019
7,spotify:track:5p1ex0pXv6jSPJ6QbumQpD,"MEDUZA, Goodboys",Piece Of Your Heart,Universal-Island Records Ltd.,7,28,4,2055196,GB,United Kingdom,Q2,2019
8,spotify:track:03x2rVJRFUrvwlfxoHd9Mo,Tom Walker,Just You and I,Relentless Records,8,8,9,1983084,GB,United Kingdom,Q2,2019
9,spotify:track:5itOtNx0WxtJmi1TQ3RuRd,"Calvin Harris, Rag'n'Bone Man",Giant (with Rag'n'Bone Man),Columbia,2,4,13,1939973,GB,United Kingdom,Q2,2019
10,spotify:track:3z4CGd63tpUn9a6oQSG0CI,"Dave, Burna Boy",Location (feat. Burna Boy),Neighbourhood [GB] / Dave,9,12,5,1911856,GB,United Kingdom,Q2,2019
11,spotify:track:5icOoE6VgqFKohjWWNp0Ac,"Marshmello, CHVRCHES",Here With Me,Joytime Collective,11,13,5,1866928,GB,United Kingdom,Q2,2019
12,spotify:track:4kV4N9D1iKVxx1KLvtTpjS,Ariana Grande,"break up with your girlfriend, i'm bored",Republic Records,1,9,9,1846665,GB,United Kingdom,Q2,2019
13,spotify:track:4SSnFejRGlZikf02HLewEF,Billie Eilish,bury a friend,Darkroom/Interscope Records,3,5,11,1821303,GB,United Kingdom,Q2,2019
14,spotify:track:78KyOmqWmqLkQcXO1cA7MO,"Steel Banglez, AJ Tracey, MoStack",Fashion Week (feat. AJ Tracey & MoStack),Warner Records,7,10,3,1788105,GB,United Kingdom,Q2,2019
15,spotify:track:6TqXcAFInzjp0bODyvrWEq,"Khalid, Disclosure",Talk (feat. Disclosure),"Right Hand Music Group, LLC/RCA Records",15,21,9,1757254,GB,United Kingdom,Q2,2019
16,spotify:track:6MWtB6iiXyIwun0YzU6DFP,Post Malone,Wow.,Republic Records,2,11,16,1724955,GB,United Kingdom,Q2,2019
17,spotify:track:7COXchtUOMd6uIT6HvmRaI,"Lauv, Troye Sivan",i'm so tired...,Lauv,13,16,11,1692602,GB,United Kingdom,Q2,2019
18,spotify:track:3Fj47GNK2kUF0uaEDgXLaD,Billie Eilish,wish you were gay,Darkroom/Interscope Records,7,7,6,1611274,GB,United Kingdom,Q2,2019
19,spotify:track:3KkXRkHbMCARz0aVfEt68P,"Post Malone, Swae Lee",Sunflower - Spider-Man: Into the Spider-Verse,Universal Records,3,22,25,1493285,GB,United Kingdom,Q2,2019
20,spotify:track:2cytBOLpwFRX7J9URCrFIe,"NSG, Tion Wayne",Options,NSG Entertainment,8,17,15,1492834,GB,United Kingdom,Q2,2019
21,spotify:track:6ocbgoVGwYJhOv1GgI9NsF,Ariana Grande,7 rings,Republic Records,1,19,12,1412563,GB,United Kingdom,Q2,2019
22,spotify:track:0uUNN1nSoUx1A4fkDCWDQ7,Ava Max,So Am I,Atlantic Records,22,37,5,1362454,GB,United Kingdom,Q2,2019
23,spotify:track:4MKM1sU3d3aS23WJsYipdV,JAY1,Your Mrs,GRM Daily Records,23,24,2,1360938,GB,United Kingdom,Q2,2019
24,spotify:track:2VxeLyX666F8uXCJ0dZF8B,"Lady Gaga, Bradley Cooper",Shallow,A Star is Born OST,3,25,28,1314045,GB,United Kingdom,Q2,2019
25,spotify:track:43zdsphuZLzwA9k4DJhU0I,Billie Eilish,when the party's over,Darkroom/Interscope Records,14,14,25,1282047,GB,United Kingdom,Q2,2019
26,spotify:track:6tsOcBnaKgzK22yEiqRh8P,"Ariana Grande, Victoria Monét",MONOPOLY (with Victoria Monét),Republic Records,26,60,2,1263994,GB,United Kingdom,Q2,2019
27,spotify:track:7cz506PyIgh2bMN90Mc8Tn,"Wiley, Stefflon Don, Sean Paul, Idris Elba",Boasty,BMG Rights Management (UK) Ltd.,27,33,10,1227001,GB,United Kingdom,Q2,2019
28,spotify:track:3rqmxZNh2BRgJ3BiCPFTSG,"Dave, J Hus",Disaster (feat. J Hus),Neighbourhood [GB] / Dave,5,26,5,1223282,GB,United Kingdom,Q2,2019
29,spotify:track:1wJRveJZLSb1rjhnUHQiv6,"A Boogie Wit da Hoodie, 6ix9ine",Swervin (feat. 6ix9ine),Highbridge the Label / Atlantic Records,25,34,15,1222079,GB,United Kingdom,Q2,2019
30,spotify:track:25sgk305KZfyuqVBQIahim,Ava Max,Sweet but Psycho,Atlantic Records,1,27,27,1212335,GB,United Kingdom,Q2,2019
31,spotify:track:1ABvDz0JnQGO8M8NYjRNMp,Sigrid,Don’t Feel Like Crying,Universal-Island Records Ltd.,21,29,7,1187700,GB,United Kingdom,Q2,2019
32,spotify:track:2XKFnwB6djxrJCjR3PdeRb,Khalid,My Bad,"Right Hand Music Group, LLC/RCA Records",32,58,5,1157759,GB,United Kingdom,Q2,2019
33,spotify:track:7eBqSVxrzQZtK2mmgRG6lC,YNW Melly,Murder on My Mind,P2018,17,30,8,1147679,GB,United Kingdom,Q2,2019
34,spotify:track:7DHApOHsIFo7EyfieArYGE,P!nk,Walk Me Home,RCA Records Label,27,40,7,1139699,GB,United Kingdom,Q2,2019
35,spotify:track:0mFrbJniEwJcqzq3FQD14s,"Russ Millions, Tion Wayne",Keisha & Becky - Russ Millions x Tion Wayne,UME - Global Clearing House,23,36,3,1071220,GB,United Kingdom,Q2,2019
36,spotify:track:6Qs4SXO9dwPj5GKvVOv8Ki,"Sam Smith, Normani",Dancing With A Stranger (with Normani),PLG - Capitol,4,32,13,1060837,GB,United Kingdom,Q2,2019
37,spotify:track:3Tc57t9l2O8FwQZtQOvPXK,Billie Eilish,my strange addiction,Darkroom/Interscope Records,20,20,2,1060330,GB,United Kingdom,Q2,2019
38,spotify:track:2qxmye6gAegTMjLKEBoR3d,Alec Benjamin,Let Me Down Slowly,2018,38,50,11,1049337,GB,United Kingdom,Q2,2019
39,spotify:track:1rqqCSm0Qe4I9rUvWncaom,Panic! At The Disco,High Hopes,DCD2 / Fueled By Ramen,17,38,43,1036716,GB,United Kingdom,Q2,2019
40,spotify:track:6IRdLKIyS4p7XNiP8r6rsx,Billie Eilish,all the good girls go to hell,Darkroom/Interscope Records,15,15,2,1019560,GB,United Kingdom,Q2,2019
41,spotify:track:3XF5xLJHOQQRbWya6hBp7d,Billie Eilish,you should see me in a crown,Darkroom/Interscope Records,23,23,5,1014131,GB,United Kingdom,Q2,2019
42,spotify:track:09oZ9eXQ2fo6YDrPzJqAoP,"Khalid, John Mayer",Outta My Head (with John Mayer),"Right Hand Music Group, LLC/RCA Records",42,-1,1,1012592,GB,United Kingdom,Q2,2019
43,spotify:track:2dpaYNEQHiRxtZbfNsse99,"Marshmello, Bastille",Happier,Joytime Collective,2,45,34,999327,GB,United Kingdom,Q2,2019
44,spotify:track:4ofwffwvvnbSkrMSCKQDaC,George Ezra,Shotgun,Columbia,1,44,55,994611,GB,United Kingdom,Q2,2019
45,spotify:track:4QIo4oxwzzafcBWkKjDpXY,Billie Eilish,xanny,Darkroom/Interscope Records,18,18,2,986570,GB,United Kingdom,Q2,2019
46,spotify:track:2IRZnDFmlqMuOrYOLnZZyc,"Meek Mill, Drake",Going Bad (feat. Drake),MMG/Atlantic,14,42,19,972735,GB,United Kingdom,Q2,2019
47,spotify:track:6zeeWid2sgw4lap2jV61PZ,Khalid,Better,"Right Hand Music Group, LLC/RCA Records",14,98,30,963098,GB,United Kingdom,Q2,2019
48,spotify:track:3e9HZxeyfWwjeyPAMmWSSQ,Ariana Grande,"thank u, next",Republic Records,1,46,23,909116,GB,United Kingdom,Q2,2019
49,spotify:track:1fp2uoWXPca3mIdxRHIgQm,"Cadet, Deno",Advice,Underrated Legends,22,49,30,855973,GB,United Kingdom,Q2,2019
50,spotify:track:59PUOc7B0WCNNx8Nr4qaA4,Dave,Streatham,Neighbourhood [GB] / Dave,9,47,5,853374,GB,United Kingdom,Q2,2019
1,spotify:track:0TK2YIli7K1leLovkQiNik,"Shawn Mendes, Camila Cabello",Señorita,Island Records,1,1,3,4081126,GB,United Kingdom,Q3,2019
2,spotify:track:4evmHXcjt3bTUHD1cvny97,"Ed Sheeran, Khalid",Beautiful People (feat. Khalid),Atlantic Records UK,2,2,2,3277864,GB,United Kingdom,Q3,2019
3,spotify:track:44ZJ4hLD5onikKsVLQaILr,Stormzy,Vossi Bop,#Merky Records,1,3,11,2799571,GB,United Kingdom,Q3,2019
4,spotify:track:3HVWdVOQ0ZA45FuZGSfvns,"Ed Sheeran, Justin Bieber",I Don't Care (with Justin Bieber),Atlantic Records UK,1,4,9,2741808,GB,United Kingdom,Q3,2019
5,spotify:track:7qEHsqek33rTcFNT9PFqLf,Lewis Capaldi,Someone You Loved,Vertigo Berlin,1,5,28,2579832,GB,United Kingdom,Q3,2019
6,spotify:track:2Fxmhks0bxGSBdJ92vM42m,Billie Eilish,bad guy,Darkroom/Interscope Records,1,6,15,2542433,GB,United Kingdom,Q3,2019
7,spotify:track:6vBdBCoOhKHiYDDOcorfNo,"Post Malone, Young Thug",Goodbyes (feat. Young Thug),Republic Records,7,-1,1,2421558,GB,United Kingdom,Q3,2019
8,spotify:track:60iSKGrGazRzICtMjADNSM,Lewis Capaldi,Hold Me While You Wait,Vertigo Berlin,4,12,10,2208461,GB,United Kingdom,Q3,2019
9,spotify:track:1hxE8xAp7CrBsdpiRpiWFy,Stormzy,Crown,Atlantic Records UK,8,8,3,2118997,GB,United Kingdom,Q3,2019
10,spotify:track:3DKCTIiJ97bS9TGiqcABjo,"Dave, AJ Tracey",Thiago Silva,Tropics Records,10,26,2,2115108,GB,United Kingdom,Q3,2019
11,spotify:track:1DFD5Fotzgn6yYXkYsKiGs,"MEDUZA, Goodboys",Piece Of Your Heart,Intercord,1,7,17,2114593,GB,United Kingdom,Q3,2019
12,spotify:track:6u7jPi22kF8CTQ3rb9DHE7,"Lil Nas X, Billy Ray Cyrus",Old Town Road (feat. Billy Ray Cyrus) - Remix,Columbia,3,10,14,2049125,GB,United Kingdom,Q3,2019
13,spotify:track:79JBjIq90BrQ8Ws0pUhlzD,Mabel,Mad Love,Polydor Records,11,11,5,2034349,GB,United Kingdom,Q3,2019
14,spotify:track:543bCW2ruMPmxUBWirQ3MR,"Ed Sheeran, Chance the Rapper, PnB Rock",Cross Me (feat. Chance the Rapper & PnB Rock),Atlantic Records UK,7,9,7,1846068,GB,United Kingdom,Q3,2019
15,spotify:track:1yAPglN5AGf7UoLK062ZYq,"Sigala, Becky Hill",Wish You Well,Ministry of Sound Recordings,15,17,7,1829326,GB,United Kingdom,Q3,2019
16,spotify:track:7b4ky1LlQLFhXHmhZkFgqV,AJ Tracey,Ladbroke Grove,AJ Tracey,16,23,22,1691132,GB,United Kingdom,Q3,2019
17,spotify:track:5PYQUBXc7NYeI1obMKSJK0,Katy Perry,Never Really Over,Capitol Records,12,13,6,1651888,GB,United Kingdom,Q3,2019
18,spotify:track:5aubXDnDNVKA5pS7EnR0mp,"MIST, Fredo",So High (feat. Fredo),Warner Records,18,-1,1,1617022,GB,United Kingdom,Q3,2019
19,spotify:track:3z4CGd63tpUn9a6oQSG0CI,"Dave, Burna Boy",Location (feat. Burna Boy),Neighbourhood [GB] / Dave,9,16,18,1595606,GB,United Kingdom,Q3,2019
20,spotify:track:40OMBMYRk5IQL6xCzGM0JA,"Martin Garrix, Macklemore, Fall Out Boy",Summer Days (feat. Macklemore & Patrick Stump of Fall Out Boy),Epic Amsterdam,19,19,11,1511397,GB,United Kingdom,Q3,2019
21,spotify:track:2x0RZdkZcD8QRI53XT4GI5,"Avicii, Aloe Blacc",SOS (feat. Aloe Blacc),Pophouse Entertainment Group,6,14,13,1498838,GB,United Kingdom,Q3,2019
22,spotify:track:29fRTIKsJhLUJoldM89GZS,Taylor Swift,You Need To Calm Down,Taylor Swift,12,15,4,1449214,GB,United Kingdom,Q3,2019
23,spotify:track:6fTt0CH2t0mdeB2N9XFG5r,Lil Nas X,Panini,Columbia,20,24,3,1431053,GB,United Kingdom,Q3,2019
24,spotify:track:23GvTfcGK454ppLsts3W44,"Young T & Bugsey, Aitch",Strike a Pose (feat. Aitch),Black Butter,24,25,5,1414409,GB,United Kingdom,Q3,2019
25,spotify:track:1tNJrcVe6gwLEiZCtprs1u,Dominic Fike,3 Nights,Columbia,19,27,12,1366721,GB,United Kingdom,Q3,2019
26,spotify:track:5ry2OE6R2zPQFDO85XkgRb,"Drake, Rick Ross",Money In The Grave (Drake ft. Rick Ross),Republic Records,15,20,4,1347637,GB,United Kingdom,Q3,2019
27,spotify:track:6XHVuErjQ4XNm6nDPVCxVX,"Chris Brown, Drake",No Guidance (feat. Drake),Chris Brown Entertainment/RCA Records,8,18,5,1338027,GB,United Kingdom,Q3,2019
28,spotify:track:4QEMi9FXOolfFFlLFUIolw,D-Block Europe,Home P*ssy,D-Block Europe,28,-1,1,1223789,GB,United Kingdom,Q3,2019
29,spotify:track:2hN5zu0d36ccHGHINeo1Mg,JAY1,Mocking It,GRM Daily Records,23,28,3,1192069,GB,United Kingdom,Q3,2019
30,spotify:track:3eS1VMcEmq2IUgpaeDysCb,"Jess Glynne, Jax Jones",One Touch,Atlantic Records UK,30,32,7,1130969,GB,United Kingdom,Q3,2019
31,spotify:track:4Of7rzpRpV1mWRbhp5rAqG,Lewis Capaldi,Bruises,Vertigo Berlin,9,29,24,1100141,GB,United Kingdom,Q3,2019
32,spotify:track:3O83h4LS797N23DpweeRAa,"Jax Jones, Martin Solveig, Madison Beer, Europa",All Day And Night,Polydor Records,11,21,15,1082472,GB,United Kingdom,Q3,2019
33,spotify:track:5qmq61DAAOUaW8AUo8xKhh,Lizzo,Truth Hurts,Nice Life/Atlantic,33,46,11,1036551,GB,United Kingdom,Q3,2019
34,spotify:track:5Uw7Dut2lZfexn3Y09swpf,"Mark Ronson, Camila Cabello",Find U Again (feat. Camila Cabello),Columbia,31,31,6,1036097,GB,United Kingdom,Q3,2019
35,spotify:track:3KkXRkHbMCARz0aVfEt68P,"Post Malone, Swae Lee",Sunflower - Spider-Man: Into the Spider-Verse,Universal Records,3,38,38,1031885,GB,United Kingdom,Q3,2019
36,spotify:track:0SErNy2An0gCpYFRUNWwNT,"Hardy Caprio, DigDat",Guten Tag,EMI,20,34,10,1025417,GB,United Kingdom,Q3,2019
37,spotify:track:53CJANUxooaqGOtdsBTh7O,Lil Nas X,Old Town Road,Columbia,5,35,17,1011309,GB,United Kingdom,Q3,2019
38,spotify:track:5KPKjcE2trO2hBWRzkb2Mo,Little Mix,Bounce Back,RCA Records Label,20,47,4,998336,GB,United Kingdom,Q3,2019
39,spotify:track:2WyRfGeHo97VC5mP1BBSzr,Miley Cyrus,Mother's Daughter,RCA/Legacy,35,51,6,991266,GB,United Kingdom,Q3,2019
40,spotify:track:6LsAAHotRLMOHfCsSfYCsz,Shawn Mendes,If I Can't Have You,Island Records,9,22,10,982505,GB,United Kingdom,Q3,2019
41,spotify:track:7DcvwMAiqKJQD1rrdfxSDx,"Young Thug, J. Cole, Travis Scott",The London (feat. J. Cole & Travis Scott),300 Entertainment/Atl,18,37,7,977456,GB,United Kingdom,Q3,2019
42,spotify:track:0pEkK8MqbmGSX7fT8WLMbR,Lewis Capaldi,Grace,Vertigo Berlin,10,36,36,964420,GB,United Kingdom,Q3,2019
43,spotify:track:1kBbgxAUc4HQv7cgIayIDH,Lil Tecca,Ransom,Republic Records,43,49,5,952857,GB,United Kingdom,Q3,2019
44,spotify:track:5wIjM4q7oIgiLqn8Qfoyxh,"Russ Millions, Tion Wayne, Aitch, Swarmz, Sav'o, JAY1",Keisha & Becky - Remix,UME - Global Clearing House,15,40,13,945903,GB,United Kingdom,Q3,2019
45,spotify:track:4PkIDTPGedm0enzdvilLNd,Ellie Goulding,Sixteen,Polydor Records,18,30,13,943066,GB,United Kingdom,Q3,2019
46,spotify:track:6oJ6le65B3SEqPwMRNXWjY,"Kygo, Whitney Houston",Higher Love,Kygo/RCA Records,46,57,2,938342,GB,United Kingdom,Q3,2019
47,spotify:track:6bAirj2qDf0agxdMuIdq1p,NSG,OT Bop,NSG Entertainment,21,42,7,912196,GB,United Kingdom,Q3,2019
48,spotify:track:22vgEDb5hykfaTwLuskFGD,Jonas Brothers,Sucker,Jonas Brothers Recording,4,39,19,909128,GB,United Kingdom,Q3,2019
49,spotify:track:2LA9gKY5t2kx4BY5GSy3Us,"Bugzy Malone, Aitch",Kilos (feat. Aitch),BSomebody,25,33,3,896124,GB,United Kingdom,Q3,2019
50,spotify:track:7oK9VyNzrYvRFo7nQEYkWN,The Killers,Mr. Brightside,Island Records,37,41,133,879168,GB,United Kingdom,Q3,2019
1,spotify:track:1rgnBhdG2JDFTbYkYRZAku,Tones And I,Dance Monkey,Elektra (NEK),1,1,10,3725118,GB,United Kingdom,Q4,2019
2,spotify:track:3eekarcy7kvN4yt5ZFzltW,Travis Scott,HIGHEST IN THE ROOM,Cactus Jack/Epic,2,-1,1,3050555,GB,United Kingdom,Q4,2019
3,spotify:track:2tnVG71enUj33Ic2nFN6kZ,Regard,Ride It,Ministry of Sound Recordings,3,4,8,2699284,GB,United Kingdom,Q4,2019
4,spotify:track:1xPpYbCaJWonL7IFXPDjON,Aitch,Taste (Make It Shake),Since 93,1,2,10,2337159,GB,United Kingdom,Q4,2019
5,spotify:track:7b4ky1LlQLFhXHmhZkFgqV,AJ Tracey,Ladbroke Grove,AJ Tracey,2,3,35,2265984,GB,United Kingdom,Q4,2019
6,spotify:track:21jGcNKet2qwijlDFuPiPb,Post Malone,Circles,Republic Records,2,6,6,2245501,GB,United Kingdom,Q4,2019
7,spotify:track:23GvTfcGK454ppLsts3W44,"Young T & Bugsey, Aitch",Strike a Pose (feat. Aitch),Black Butter,3,5,18,2239409,GB,United Kingdom,Q4,2019
8,spotify:track:6y1UtRcHQU07aUs3oxZ8Yn,Joel Corry,Sorry,Atlantic Records UK,7,7,12,2066489,GB,United Kingdom,Q4,2019
9,spotify:track:7qEHsqek33rTcFNT9PFqLf,Lewis Capaldi,Someone You Loved,Vertigo Berlin,1,8,41,1982010,GB,United Kingdom,Q4,2019
10,spotify:track:1tNJrcVe6gwLEiZCtprs1u,Dominic Fike,3 Nights,Columbia,2,9,25,1926738,GB,United Kingdom,Q4,2019
11,spotify:track:4Ta3PhWmY50ZLU1uhKFKPE,Dermot Kennedy,Outnumbered,Riggins Recording Limited,11,20,17,1885811,GB,United Kingdom,Q4,2019
12,spotify:track:1AI7UPw3fgwAFkvAlZWhE0,"Ed Sheeran, Stormzy",Take Me Back to London (feat. Stormzy),Atlantic Records UK,4,12,13,1836159,GB,United Kingdom,Q4,2019
13,spotify:track:6oJ6le65B3SEqPwMRNXWjY,"Kygo, Whitney Houston",Higher Love,Kygo/RCA Records,6,13,15,1753896,GB,United Kingdom,Q4,2019
14,spotify:track:5pAbCxt9e3f81lOmjIXwzd,"Jorja Smith, Burna Boy",Be Honest (feat. Burna Boy),FAMM,14,17,8,1731732,GB,United Kingdom,Q4,2019
15,spotify:track:70eFcWOvlMObDhURTqT4Fv,"Ed Sheeran, Khalid",Beautiful People (feat. Khalid),Atlantic Records UK,1,14,15,1666061,GB,United Kingdom,Q4,2019
16,spotify:track:6v3KW9xbzN5yKLt9YKDYA2,"Shawn Mendes, Camila Cabello",Señorita,Island Records,1,10,16,1606991,GB,United Kingdom,Q4,2019
17,spotify:track:6b2RcmUt1g9N9mQ3CbjX2Y,Sam Smith,How Do You Sleep?,PLG - Capitol,7,16,12,1584322,GB,United Kingdom,Q4,2019
18,spotify:track:36orMWv2PgvnzXsd5CJ0yL,"Sam Feldt, RANI",Post Malone (feat. RANI),Spinnin' Remixes,18,19,15,1558545,GB,United Kingdom,Q4,2019
19,spotify:track:5wfyoR8XOkw45QRtFOoxyi,Dave,Professor X,OVO Sound,19,21,4,1503623,GB,United Kingdom,Q4,2019
20,spotify:track:1lOe9qE0vR9zwWQAOk6CoO,Lil Tecca,Ransom,Republic Records,5,11,18,1484241,GB,United Kingdom,Q4,2019
21,spotify:track:0SxjNrhMwarsbcgEy0pavJ,Headie One,Both,Relentless Records,17,18,8,1402911,GB,United Kingdom,Q4,2019
22,spotify:track:584UC3Qpm8SbYd7aRWKREu,"Aitch, ZieZie",Buss Down (feat. ZieZie),Since 93,22,28,5,1305015,GB,United Kingdom,Q4,2019
23,spotify:track:3z4CGd63tpUn9a6oQSG0CI,"Dave, Burna Boy",Location (feat. Burna Boy),Neighbourhood [GB] / Dave,9,15,31,1282675,GB,United Kingdom,Q4,2019
24,spotify:track:1000nHvUdawXuUHgBod4Wv,Lil Nas X,Panini,Columbia,20,24,16,1255110,GB,United Kingdom,Q4,2019
25,spotify:track:0hVXuCcriWRGvwMV1r5Yn9,"Ed Sheeran & Justin Bieber, Justin Bieber",I Don't Care (with Justin Bieber),Atlantic Records UK,1,23,22,1190653,GB,United Kingdom,Q4,2019
26,spotify:track:3NkJNL3WqO1Lqc3uNDxvCN,"Ariana Grande, Miley Cyrus, Lana Del Rey",Don’t Call Me Angel (Charlie’s Angels) (with Miley Cyrus & Lana Del Rey),Silver Cloud/Charlie's Angels,3,26,4,1185812,GB,United Kingdom,Q4,2019
27,spotify:track:6vBdBCoOhKHiYDDOcorfNo,"Post Malone, Young Thug",Goodbyes (feat. Young Thug),Republic Records,7,22,14,1165227,GB,United Kingdom,Q4,2019
28,spotify:track:5aubXDnDNVKA5pS7EnR0mp,"MIST, Fredo",So High (feat. Fredo),Warner Records,9,25,14,1158967,GB,United Kingdom,Q4,2019
29,spotify:track:2wrJq5XKLnmhRXHIAf9xBa,"Dan + Shay, Justin Bieber","10,000 Hours (with Justin Bieber)",Warner Music Nashville,29,-1,1,1145782,GB,United Kingdom,Q4,2019
30,spotify:track:0rIAC4PXANcKmitJfoqmVm,Normani,Motivation,Keep Cool/RCA Records,30,35,8,1128728,GB,United Kingdom,Q4,2019
31,spotify:track:4Of7rzpRpV1mWRbhp5rAqG,Lewis Capaldi,Bruises,Vertigo Berlin,9,36,37,1119778,GB,United Kingdom,Q4,2019
32,spotify:track:322tcqPhma7F6hfCeLisx0,"Lauv, Anne-Marie","fuck, i'm lonely",Lauv,32,40,10,1089493,GB,United Kingdom,Q4,2019
33,spotify:track:2Fxmhks0bxGSBdJ92vM42m,Billie Eilish,bad guy,Darkroom/Interscope Records,1,30,28,1077885,GB,United Kingdom,Q4,2019
34,spotify:track:44ZJ4hLD5onikKsVLQaILr,Stormzy,Vossi Bop,#Merky Records,1,27,24,1068643,GB,United Kingdom,Q4,2019
35,spotify:track:51Fjme0JiitpyXKuyQiCDo,"Y2K, bbno$",Lalala,Columbia,31,31,16,1064677,GB,United Kingdom,Q4,2019
36,spotify:track:5qmq61DAAOUaW8AUo8xKhh,Lizzo,Truth Hurts,Nice Life/Atlantic,33,34,24,1031586,GB,United Kingdom,Q4,2019
37,spotify:track:0RiRZpuVRbi7oqRdSMwhQY,"Post Malone, Swae Lee",Sunflower - Spider-Man: Into the Spider-Verse,Republic Records,3,32,51,1026005,GB,United Kingdom,Q4,2019
38,spotify:track:7CZyCXKG6d5ALeq41sLzbw,"Post Malone, Ozzy Osbourne, Travis Scott",Take What You Want (feat. Ozzy Osbourne & Travis Scott),Republic Records,11,38,5,1008018,GB,United Kingdom,Q4,2019
39,spotify:track:60iSKGrGazRzICtMjADNSM,Lewis Capaldi,Hold Me While You Wait,Vertigo Berlin,4,33,23,993246,GB,United Kingdom,Q4,2019
40,spotify:track:0bfWT3AgM7ZTuqesJvRP6H,Mabel,Mad Love,Polydor Records,11,41,18,990628,GB,United Kingdom,Q4,2019
41,spotify:track:3Yh9lZcWyKrK9GjbhuS0hR,Lizzo,Good as Hell,Nice Life/Atlantic,21,44,14,987174,GB,United Kingdom,Q4,2019
42,spotify:track:7LzouaWGFCy4tkXDOOnEyM,Camila Cabello,Liar,Syco Music/Epic,42,50,5,979613,GB,United Kingdom,Q4,2019
43,spotify:track:6V9fHiv84WlVTg7CSnIVY2,Halsey,Graveyard,Capitol Records,43,57,4,969308,GB,United Kingdom,Q4,2019
44,spotify:track:0Ryd8975WihbObpp5cPW1t,"Ariana Grande, Social House",boyfriend (with Social House),Republic Records,5,39,10,967577,GB,United Kingdom,Q4,2019
45,spotify:track:6XHVuErjQ4XNm6nDPVCxVX,"Chris Brown, Drake",No Guidance (feat. Drake),Chris Brown Entertainment/RCA Records,8,43,18,965355,GB,United Kingdom,Q4,2019
46,spotify:track:7aiClxsDWFRQ0Kzk5KI5ku,blackbear,hot girl bummer,Alamo,46,75,5,900909,GB,United Kingdom,Q4,2019
47,spotify:track:1DFD5Fotzgn6yYXkYsKiGs,"MEDUZA, Goodboys",Piece Of Your Heart,Intercord,1,46,30,874789,GB,United Kingdom,Q4,2019
48,spotify:track:05mDaV9Vb3wrzjF6OPZnhq,Post Malone,Saint-Tropez,Republic Records,12,45,5,856006,GB,United Kingdom,Q4,2019
49,spotify:track:0m0F4N1H65Pvb9FMnISgB2,D-Block Europe,Home P*ssy,D-Block Europe,28,42,14,844123,GB,United Kingdom,Q4,2019
50,spotify:track:1Iv4wC88uxeAF7SmQQGx3X,Stormzy,Wiley Flow,Atlantic Records UK,30,47,4,816630,GB,United Kingdom,Q4,2019
1,spotify:track:4n7jnSxVLd8QioibtTDBDq,"Alan Walker, Sabrina Carpenter, Farruko",On My Way,Kreatell Music,1,1,4,302605,IN,India,Q2,2019
2,spotify:track:4y3OI86AEP6PQoDE6olYhO,Jonas Brothers,Sucker,Jonas Brothers Recording,1,2,6,272012,IN,India,Q2,2019
3,spotify:track:2tjWCe2W7sgvS3C8NHcdtI,"Akhil, Dhvani Bhanushali, Kunaal Vermaa, Abhijit Vaghani","Duniyaa (From ""Luka Chuppi"")",T-Series,3,4,7,247360,IN,India,Q2,2019
4,spotify:track:3KkXRkHbMCARz0aVfEt68P,"Post Malone, Swae Lee",Sunflower - Spider-Man: Into the Spider-Verse,Universal Records,3,3,7,232572,IN,India,Q2,2019
5,spotify:track:4pUCKHjJ4Ijewc37rRrvHn,BLACKPINK,Kill This Love,"YG Entertainment, distributed through Interscope Records",5,-1,1,224448,IN,India,Q2,2019
6,spotify:track:2Fxmhks0bxGSBdJ92vM42m,Billie Eilish,bad guy,Darkroom/Interscope Records,6,6,2,197897,IN,India,Q2,2019
7,spotify:track:6ocbgoVGwYJhOv1GgI9NsF,Ariana Grande,7 rings,Republic Records,1,5,7,191068,IN,India,Q2,2019
8,spotify:track:1Y8jKq7CYLEW6PWp11jWZC,"Pritam, Arijit Singh",Kalank - Title Track,Zee Music Company,8,23,2,178479,IN,India,Q2,2019
9,spotify:track:5icOoE6VgqFKohjWWNp0Ac,"Marshmello, CHVRCHES",Here With Me,Joytime Collective,6,8,5,169255,IN,India,Q2,2019
10,spotify:track:1WSGTYKLEpKfNQYYW5Oymt,"benny blanco, Selena Gomez, J Balvin, Tainy","I Can’t Get Enough (benny blanco, Selena Gomez, J Balvin, Tainy)",NEON16/Friends Keep Secrets/Interscope Records,2,7,7,158829,IN,India,Q2,2019
11,spotify:track:6MWtB6iiXyIwun0YzU6DFP,Post Malone,Wow.,Republic Records,6,9,7,157290,IN,India,Q2,2019
12,spotify:track:7COXchtUOMd6uIT6HvmRaI,"Lauv, Troye Sivan",i'm so tired...,Lauv,7,10,7,150795,IN,India,Q2,2019
13,spotify:track:5p7ujcrUXASCNwRaWNHR1C,Halsey,Without Me,Capitol Records,11,13,7,146113,IN,India,Q2,2019
14,spotify:track:4bKkdGBttnK4SYjT4zPC1U,"Tony Kakkar, Neha Kakkar, Young Desi","Coca Cola (From ""Luka Chuppi"")",T-Series,14,19,7,143290,IN,India,Q2,2019
15,spotify:track:45P9g6kUb7itdonjjGjDdS,"The Doorbeen, Ragini",Lamberghini,Times Music,12,12,7,139733,IN,India,Q2,2019
16,spotify:track:5WHTFyqSii0lmT9R21abT8,Mabel,Don't Call Me Up,Polydor Records,10,11,7,135667,IN,India,Q2,2019
17,spotify:track:790uNrqzKWCvj8rR1QXNpU,"Neha Kakkar, Mika Singh, Kumar Sanu","Aankh Marey (From ""Simmba"")",T-Series,14,14,7,134355,IN,India,Q2,2019
18,spotify:track:6u7jPi22kF8CTQ3rb9DHE7,"Lil Nas X, Billy Ray Cyrus",Old Town Road (feat. Billy Ray Cyrus) - Remix,Columbia,18,-1,1,132114,IN,India,Q2,2019
19,spotify:track:5wdlz4N7s1Xyr4y4RXhZJM,"Karan Sehmbi, Tanishk Bagchi, Goldboy","Photo (From ""Luka Chuppi"")",T-Series,15,15,7,131083,IN,India,Q2,2019
20,spotify:track:39ujbBjTwwqUFySaCYDMMT,"Badshah, Diljit Dosanjh, Aastha Gill",Proper Patola,Sony Music Entertainment India Pvt. Ltd.,18,18,7,131027,IN,India,Q2,2019
21,spotify:track:39vrbjCMTRXEdiIr2IsBgd,Badshah,She Move It Like,Sony Music Entertainment India Pvt. Ltd.,14,16,7,129265,IN,India,Q2,2019
23,spotify:track:3QmolSZqjjLksTUvZJ6pPS,Jonas Brothers,Cool,Jonas Brothers Recording,23,-1,1,123673,IN,India,Q2,2019
24,spotify:track:3sqRODOZ1Z6hR4F2tnFAlg,Maninder Buttar,Sakhiyaan,Ishtar Punjabi,21,21,7,122112,IN,India,Q2,2019
25,spotify:track:53CJANUxooaqGOtdsBTh7O,Lil Nas X,Old Town Road,Columbia,25,34,6,114925,IN,India,Q2,2019
26,spotify:track:4f5kLqyOJ5ZPnalEVMQrB2,"Rahat Fateh Ali Khan, Asees Kaur, Tanishk Bagchi","Tere Bin (From ""Simmba"")",T-Series,26,30,7,112995,IN,India,Q2,2019
27,spotify:track:0mJTAdmY8olbGQjopDYff3,"Dhvani Bhanushali, Nikhil D'Souza, Tanishk Bagchi",Vaaste,T-Series,27,-1,1,111166,IN,India,Q2,2019
28,spotify:track:6cARnc9YVlBNigjNSX63pp,"Neha Kakkar, Dhvani Bhanushali, Ikka","Dilbar (From ""Satyameva Jayate"")",T-Series,28,29,7,110842,IN,India,Q2,2019
29,spotify:track:2dpaYNEQHiRxtZbfNsse99,"Marshmello, Bastille",Happier,Joytime Collective,17,26,7,109566,IN,India,Q2,2019
31,spotify:track:7ql71hBakyMi0Lxiq3Mugs,"The Chainsmokers, 5 Seconds of Summer",Who Do You Love,Disruptor Records/Columbia,17,24,7,107799,IN,India,Q2,2019
32,spotify:track:4kV4N9D1iKVxx1KLvtTpjS,Ariana Grande,"break up with your girlfriend, i'm bored",Republic Records,4,20,7,106256,IN,India,Q2,2019
33,spotify:track:6Qs4SXO9dwPj5GKvVOv8Ki,"Sam Smith, Normani",Dancing With A Stranger (with Normani),PLG - Capitol,10,25,7,104860,IN,India,Q2,2019
34,spotify:track:6tsOcBnaKgzK22yEiqRh8P,"Ariana Grande, Victoria Monét",MONOPOLY (with Victoria Monét),Republic Records,34,144,2,104157,IN,India,Q2,2019
35,spotify:track:5x3K3Ld54TtkYKdQvrFOV3,"Guru Randhawa, Neha Kakkar","Morni Banke (From ""Badhaai Ho"")",T-Series,27,32,7,102410,IN,India,Q2,2019
36,spotify:track:7bFx4We3iNjxmIxXBxou1G,"Pritam, Arijit Singh, Neeti Mohan",First Class (Kalank),Zee Music Company,31,31,3,101470,IN,India,Q2,2019
37,spotify:track:3Fj47GNK2kUF0uaEDgXLaD,Billie Eilish,wish you were gay,Darkroom/Interscope Records,22,22,6,100157,IN,India,Q2,2019
38,spotify:track:7FGq80cy8juXBCD2nrqdWU,"benny blanco, Halsey, Khalid",Eastside (with Halsey & Khalid),Friends Keep Secrets/Interscope Records,25,35,7,99765,IN,India,Q2,2019
39,spotify:track:2P91MQbaiQOfbiz9VqhqKQ,Lauv,I Like Me Better,Lauv,30,36,7,99331,IN,India,Q2,2019
40,spotify:track:0Iz4CkptElGHo16r797Jsb,"Atif Aslam, Nusrat Fateh Ali Khan, Rochak Kohli","Dekhte Dekhte (From ""Batti Gul Meter Chalu"")",T-Series,39,39,7,98147,IN,India,Q2,2019
42,spotify:track:4SSnFejRGlZikf02HLewEF,Billie Eilish,bury a friend,Darkroom/Interscope Records,13,28,7,97346,IN,India,Q2,2019
43,spotify:track:5w9c2J52mkdntKOmRLeM2m,"Daddy Yankee, Snow",Con Calma,Craft Latino,5,27,7,96089,IN,India,Q2,2019
45,spotify:track:09oZ9eXQ2fo6YDrPzJqAoP,"Khalid, John Mayer",Outta My Head (with John Mayer),"Right Hand Music Group, LLC/RCA Records",45,-1,1,88119,IN,India,Q2,2019
46,spotify:track:6bdpj89aYEBjhpsenXAsmO,"A.R. Rahman, Arijit Singh",Enna Sona,Sony Music Entertainment India Pvt. Ltd.,34,42,7,87556,IN,India,Q2,2019
47,spotify:track:5SVpD60u9vjoQ2OeoKsTkb,"Badshah, Asees Kaur, Jubin Nautiyal, Tanishk Bagchi",Akh Lad Jaave,T-Series,44,44,7,87195,IN,India,Q2,2019
48,spotify:track:4w8niZpiMy6qz1mntFA5uM,"DJ Snake, Selena Gomez, Ozuna, Cardi B","Taki Taki (with Selena Gomez, Ozuna & Cardi B)","DJ Snake Music Productions Limited, under exclusive license to Geffen Records",29,40,7,86663,IN,India,Q2,2019
49,spotify:track:2XKFnwB6djxrJCjR3PdeRb,Khalid,My Bad,"Right Hand Music Group, LLC/RCA Records",26,37,5,86185,IN,India,Q2,2019
51,spotify:track:1ZaeaGLhFSckG8sv1y7AWk,"Harrdy Sandhu, Jaani",Kya Baat Ay,Sony Music Entertainment India Pvt. Ltd.,42,45,7,85087,IN,India,Q2,2019
52,spotify:track:7heMX7gyHP0mhTlNgd7Lxd,"A.R. Rahman, Badshah, Tanishk Bagchi, Shashaa Tirupati, Jubin Nautiyal",The Humma Song,Sony Music Entertainment India Pvt. Ltd.,29,43,7,83913,IN,India,Q2,2019
53,spotify:track:2VxeLyX666F8uXCJ0dZF8B,"Lady Gaga, Bradley Cooper",Shallow,A Star is Born OST,2,38,7,83619,IN,India,Q2,2019
54,spotify:track:6TqXcAFInzjp0bODyvrWEq,"Khalid, Disclosure",Talk (feat. Disclosure),"Right Hand Music Group, LLC/RCA Records",7,56,7,78057,IN,India,Q2,2019
55,spotify:track:0e7ipj03S05BNilyu5bRzt,"Post Malone, 21 Savage",rockstar (feat. 21 Savage),Republic Records,43,52,7,77764,IN,India,Q2,2019
1,spotify:track:0TK2YIli7K1leLovkQiNik,"Shawn Mendes, Camila Cabello",Señorita,Island Records,1,1,3,1176734,IN,India,Q3,2019
2,spotify:track:2Fv2injs4qAm8mJBGaxVKU,"Arijit Singh, Mithoon","Tujhe Kitna Chahne Lage (From ""Kabir Singh"")",T-Series,2,3,6,866711,IN,India,Q3,2019
3,spotify:track:1feANd8EfcDP5UqSvbheM3,"Sachet Tandon, Sachet-Parampara","Bekhayali (From ""Kabir Singh"")",T-Series,1,2,7,817257,IN,India,Q3,2019
4,spotify:track:3oWxFNsXstcancCR1wODR4,"Akhil Sachdeva, Tulsi Kumar, Kumaar",Tera Ban Jaunga,T-Series,4,4,4,663839,IN,India,Q3,2019
5,spotify:track:2IoZMG3RqiTmsy7Li3zGFg,"Sachet Tandon, Parampara Tandon, Sachet-Parampara","Mere Sohneya (From ""Kabir Singh"")",T-Series,4,6,5,618979,IN,India,Q3,2019
6,spotify:track:1y1rQTkWmrZdJmjwuK07GC,"Vishal Mishra, Manoj Muntashir","Kaise Hua (From ""Kabir Singh"")",T-Series,5,5,4,539367,IN,India,Q3,2019
7,spotify:track:6vBdBCoOhKHiYDDOcorfNo,"Post Malone, Young Thug",Goodbyes (feat. Young Thug),Republic Records,7,-1,1,530614,IN,India,Q3,2019
9,spotify:track:6aPMWbbdhDhiJHlknZb9Yx,"Arijit Singh, Sachet-Parampara","Bekhayali (Arijit Singh Version) [From ""Kabir Singh""]",T-Series,7,7,6,400553,IN,India,Q3,2019
10,spotify:track:2tjWCe2W7sgvS3C8NHcdtI,"Akhil, Dhvani Bhanushali, Kunaal Vermaa, Abhijit Vaghani","Duniyaa (From ""Luka Chuppi"")",T-Series,1,9,20,391365,IN,India,Q3,2019
12,spotify:track:0mJTAdmY8olbGQjopDYff3,"Dhvani Bhanushali, Nikhil D'Souza, Tanishk Bagchi",Vaaste,T-Series,3,16,14,276343,IN,India,Q3,2019
13,spotify:track:62RXe5I6L7n32fUMd8Puvo,"Shreya Ghoshal, Amaal Mallik, Irshad Kamil",Yeh Aaina,T-Series,10,10,3,274353,IN,India,Q3,2019
14,spotify:track:2Fxmhks0bxGSBdJ92vM42m,Billie Eilish,bad guy,Darkroom/Interscope Records,3,13,15,269244,IN,India,Q3,2019
15,spotify:track:0ojpEubhy4JNeVftmVuiN7,"Armaan Malik, Vishal Mishra, Irshad Kamil",Pehla Pyaar,T-Series,11,11,3,268972,IN,India,Q3,2019
16,spotify:track:6u7jPi22kF8CTQ3rb9DHE7,"Lil Nas X, Billy Ray Cyrus",Old Town Road (feat. Billy Ray Cyrus) - Remix,Columbia,2,14,14,264293,IN,India,Q3,2019
17,spotify:track:0mHU8dcIvGrGDazLMmQpSg,"Jubin Nautiyal, Mithoon",Tujhe Kitna Chahein Aur (Film Version),T-Series,12,12,3,255867,IN,India,Q3,2019
18,spotify:track:1z0A545pZMaqYRkruladlk,"Garry Sandhu, Neha Kakkar, Mellow D","Hauli Hauli (From ""De De Pyaar De"")",T-Series,17,24,11,252671,IN,India,Q3,2019
19,spotify:track:3KkXRkHbMCARz0aVfEt68P,"Post Malone, Swae Lee",Sunflower - Spider-Man: Into the Spider-Verse,Universal Records,3,17,20,248582,IN,India,Q3,2019
21,spotify:track:3ZjMdVOWxQ53FKrmkgCv95,"Sachet Tandon, Dhvani Bhanushali, Tanishk Bagchi","Psycho Saiyaan (From ""Saaho"")",T-Series,21,-1,1,235580,IN,India,Q3,2019
22,spotify:track:4At0CnQes5Kx1ROSnnP4lK,Tony Kakkar,Dheeme Dheeme,Desi Music Factory,22,44,6,230691,IN,India,Q3,2019
24,spotify:track:4n7jnSxVLd8QioibtTDBDq,"Alan Walker, Sabrina Carpenter, Farruko",On My Way,Kreatell Music,1,21,17,211073,IN,India,Q3,2019
25,spotify:track:29fRTIKsJhLUJoldM89GZS,Taylor Swift,You Need To Calm Down,Taylor Swift,2,15,4,205376,IN,India,Q3,2019
26,spotify:track:24d3IPklAxzBJB2nuWeSpg,"Badshah, Tulsi Kumar, Abhijeet, Chandra Dixit, Tanishk Bagchi, Anand-Milind","Sheher Ki Ladki (From ""Khandaani Shafakhana"")",T-Series,26,-1,1,205286,IN,India,Q3,2019
27,spotify:track:5n8BCU2JmPORrFboGeDlXV,"Guru Randhawa, Nikhita Gandhi, Sachin-Jigar","Main Deewana Tera (From ""Arjun Patiala"")",T-Series,27,29,2,202658,IN,India,Q3,2019
28,spotify:track:05CwHjIk71RXVU40boRMnR,"The Chainsmokers, Bebe Rexha",Call You Mine,Disruptor Records/Columbia,15,19,6,199018,IN,India,Q3,2019
29,spotify:track:5X5db3FrBOHbibrFKA02MQ,"Abhijeet Srivastava, Vishal-Shekhar","Chashni (From ""Bharat"")",T-Series,26,32,10,194383,IN,India,Q3,2019
31,spotify:track:6vuMdb0E8buJeSHArN3dXk,"Amaal Mallik, Armaan Malik, Kunaal Vermaa","Chale Aana (From ""De De Pyaar De"")",T-Series,31,41,10,189582,IN,India,Q3,2019
33,spotify:track:4H2wyTfSobQHsVnt2JYPMf,"Jasbir Jassi, Badshah, Dhvani Bhanushali, Tanishk Bagchi, Jassi, Shyam Bhateja","Koka (From ""Khandaani Shafakhana"")",T-Series,33,36,2,188130,IN,India,Q3,2019
34,spotify:track:39ujbBjTwwqUFySaCYDMMT,"Badshah, Diljit Dosanjh, Aastha Gill",Proper Patola,Sony Music Entertainment India Pvt. Ltd.,18,43,20,184676,IN,India,Q3,2019
35,spotify:track:4bKkdGBttnK4SYjT4zPC1U,"Tony Kakkar, Neha Kakkar, Young Desi","Coca Cola (From ""Luka Chuppi"")",T-Series,14,33,20,184361,IN,India,Q3,2019
36,spotify:track:6LsAAHotRLMOHfCsSfYCsz,Shawn Mendes,If I Can't Have You,Island Records,1,20,10,181381,IN,India,Q3,2019
39,spotify:track:7yEuRloGyxyu1KaWBTPP1Z,"Shreya Ghoshal, Nakash Aziz, Vishal-Shekhar","Slow Motion (From ""Bharat"")",T-Series,23,40,11,172767,IN,India,Q3,2019
40,spotify:track:6cARnc9YVlBNigjNSX63pp,"Neha Kakkar, Dhvani Bhanushali, Ikka","Dilbar (From ""Satyameva Jayate"")",T-Series,28,52,20,169508,IN,India,Q3,2019
42,spotify:track:5p7ujcrUXASCNwRaWNHR1C,Halsey,Without Me,Capitol Records,11,25,20,167713,IN,India,Q3,2019
43,spotify:track:22vgEDb5hykfaTwLuskFGD,Jonas Brothers,Sucker,Jonas Brothers Recording,1,23,19,167186,IN,India,Q3,2019
44,spotify:track:7yy3HgKJEcwArL5k0v5rhF,"Guru Randhawa, Benny Dayal, Sachin-Jigar","Crazy Habibi Vs Decent Munda (From ""Arjun Patiala"")",T-Series,44,-1,1,166374,IN,India,Q3,2019
45,spotify:track:6fTt0CH2t0mdeB2N9XFG5r,Lil Nas X,Panini,Columbia,26,27,3,160389,IN,India,Q3,2019
46,spotify:track:790uNrqzKWCvj8rR1QXNpU,"Neha Kakkar, Mika Singh, Kumar Sanu","Aankh Marey (From ""Simmba"")",T-Series,14,59,20,157795,IN,India,Q3,2019
47,spotify:track:6ocbgoVGwYJhOv1GgI9NsF,Ariana Grande,7 rings,Republic Records,1,30,20,155856,IN,India,Q3,2019
48,spotify:track:0U6bQIAh6MCGo1xjbIIx2S,"Dimitri Vegas & Like Mike, David Guetta, Daddy Yankee, Afro Bros, NATTI NATASHA, Dimitri Vegas, Like Mike",Instagram,Epic Amsterdam,48,-1,1,148642,IN,India,Q3,2019
49,spotify:track:0Iz4CkptElGHo16r797Jsb,"Atif Aslam, Nusrat Fateh Ali Khan, Rochak Kohli","Dekhte Dekhte (From ""Batti Gul Meter Chalu"")",T-Series,39,53,20,147300,IN,India,Q3,2019
50,spotify:track:39vrbjCMTRXEdiIr2IsBgd,Badshah,She Move It Like,Sony Music Entertainment India Pvt. Ltd.,14,50,20,146028,IN,India,Q3,2019
51,spotify:track:5wdlz4N7s1Xyr4y4RXhZJM,"Karan Sehmbi, Tanishk Bagchi, Goldboy","Photo (From ""Luka Chuppi"")",T-Series,15,48,20,144738,IN,India,Q3,2019
52,spotify:track:4hPpVbbakQNv8YTHYaOJP4,"Marshmello, Kane Brown",One Thing Right,Joytime Collective,23,39,3,142544,IN,India,Q3,2019
53,spotify:track:3sqRODOZ1Z6hR4F2tnFAlg,Maninder Buttar,Sakhiyaan,Ishtar Punjabi,21,51,20,141933,IN,India,Q3,2019
54,spotify:track:53CJANUxooaqGOtdsBTh7O,Lil Nas X,Old Town Road,Columbia,13,38,19,135621,IN,India,Q3,2019
55,spotify:track:5ry2OE6R2zPQFDO85XkgRb,"Drake, Rick Ross",Money In The Grave (Drake ft. Rick Ross),Republic Records,25,31,4,134296,IN,India,Q3,2019
58,spotify:track:4pBxb7WuLsC3YyA9cj4T2l,"Guru Randhawa, Pitbull, DJ BLACKOUT, Dj Money Willz",Slowly Slowly,T-Series,29,81,12,125274,IN,India,Q3,2019
59,spotify:track:4f5kLqyOJ5ZPnalEVMQrB2,"Rahat Fateh Ali Khan, Asees Kaur, Tanishk Bagchi","Tere Bin (From ""Simmba"")",T-Series,26,67,20,124499,IN,India,Q3,2019
60,spotify:track:5x3K3Ld54TtkYKdQvrFOV3,"Guru Randhawa, Neha Kakkar","Morni Banke (From ""Badhaai Ho"")",T-Series,27,76,20,123507,IN,India,Q3,2019
61,spotify:track:1f38Gx6xQz6r4H1jGVNBJo,"DJ Snake, J Balvin, Tyga",Loco Contigo (feat. J. Balvin & Tyga),DJ Snake Music Productions Limited,28,54,4,122570,IN,India,Q3,2019
1,spotify:track:0WdbnNKO0Jt4BZACSDQh44,"Vishal-Shekhar, Arijit Singh, Shilpa Rao, Kumaar","Ghungroo (From ""War"")",YRF Music,1,2,5,994864,IN,India,Q4,2019
2,spotify:track:6E9UwSfT80age2xknoMS7Y,"Payal Dev, Jubin Nautiyal, Kunaal Vermaa","Tum Hi Aana (From ""Marjaavaan"")",T-Series,2,160,2,794008,IN,India,Q4,2019
3,spotify:track:6v3KW9xbzN5yKLt9YKDYA2,"Shawn Mendes, Camila Cabello",Señorita,Island Records,1,1,16,783914,IN,India,Q4,2019
4,spotify:track:2Fv2injs4qAm8mJBGaxVKU,"Arijit Singh, Mithoon","Tujhe Kitna Chahne Lage (From ""Kabir Singh"")",T-Series,2,4,19,673218,IN,India,Q4,2019
6,spotify:track:5QVHNa0ppJUOoqSd36ovQS,"Arijit Singh, B Praak, Jaani","Pachtaoge (From ""Jaani Ve"")",T-Series,1,3,7,653859,IN,India,Q4,2019
7,spotify:track:1feANd8EfcDP5UqSvbheM3,"Sachet Tandon, Sachet-Parampara","Bekhayali (From ""Kabir Singh"")",T-Series,1,6,20,496359,IN,India,Q4,2019
8,spotify:track:3ZjMdVOWxQ53FKrmkgCv95,"Sachet Tandon, Dhvani Bhanushali, Tanishk Bagchi","Psycho Saiyaan (From ""Saaho"")",T-Series,3,7,14,465839,IN,India,Q4,2019
9,spotify:track:6lfSsCL894Qw15xbt7cSUy,"Vishal Dadlani, Benny Dayal","Jai Jai Shivshankar (From ""War"")",YRF Music,9,19,3,445593,IN,India,Q4,2019
10,spotify:track:4OcvkkpF3xmyCGGY5IBlgi,"Akhil Sachdeva, Tulsi Kumar","Tera Ban Jaunga (From ""Kabir Singh"")",T-Series,4,8,17,444132,IN,India,Q4,2019
12,spotify:track:5djZm1zFGcJUSUqbBjrAZH,"Neha Kakkar, Tulsi Kumar, B Praak","O Saki Saki (From ""Batla House"")",T-Series,2,11,13,431297,IN,India,Q4,2019
13,spotify:track:3j9DrRebdWK1jkpOw9FZUy,Sid Sriram,Samajavaragamana,Aditya Music,13,14,2,426817,IN,India,Q4,2019
14,spotify:track:2IoZMG3RqiTmsy7Li3zGFg,"Sachet Tandon, Parampara Tandon, Sachet-Parampara","Mere Sohneya (From ""Kabir Singh"")",T-Series,4,10,18,426594,IN,India,Q4,2019
15,spotify:track:2b8fOow8UzyDFAE27YhOZM,Maroon 5,Memories,Interscope Records*,15,16,3,414980,IN,India,Q4,2019
17,spotify:track:2tjWCe2W7sgvS3C8NHcdtI,"Akhil, Dhvani Bhanushali, Kunaal Vermaa, Abhijit Vaghani","Duniyaa (From ""Luka Chuppi"")",T-Series,1,12,33,389460,IN,India,Q4,2019
19,spotify:track:1y1rQTkWmrZdJmjwuK07GC,"Vishal Mishra, Manoj Muntashir","Kaise Hua (From ""Kabir Singh"")",T-Series,5,13,17,378913,IN,India,Q4,2019
20,spotify:track:21jGcNKet2qwijlDFuPiPb,Post Malone,Circles,Republic Records,9,15,6,368615,IN,India,Q4,2019
21,spotify:track:3eekarcy7kvN4yt5ZFzltW,Travis Scott,HIGHEST IN THE ROOM,Cactus Jack/Epic,21,-1,1,359703,IN,India,Q4,2019
22,spotify:track:5I3Xih0C2ID3fqngBrBbGv,"Badshah, Neeti Mohan","Bad Boy (From ""Saaho"")",T-Series,8,17,8,332811,IN,India,Q4,2019
23,spotify:track:1VYMsDdZ3toHtlZxAGS95n,DIVINE,Kohinoor,Universal Music India Pvt Ltd.,10,36,4,325028,IN,India,Q4,2019
26,spotify:track:0RiRZpuVRbi7oqRdSMwhQY,"Post Malone, Swae Lee",Sunflower - Spider-Man: Into the Spider-Verse,Republic Records,3,21,33,277216,IN,India,Q4,2019
27,spotify:track:0mJTAdmY8olbGQjopDYff3,"Dhvani Bhanushali, Nikhil D'Souza, Tanishk Bagchi",Vaaste,T-Series,3,24,27,269549,IN,India,Q4,2019
28,spotify:track:6vBdBCoOhKHiYDDOcorfNo,"Post Malone, Young Thug",Goodbyes (feat. Young Thug),Republic Records,7,20,14,266934,IN,India,Q4,2019
29,spotify:track:7aiClxsDWFRQ0Kzk5KI5ku,blackbear,hot girl bummer,Alamo,29,53,4,257810,IN,India,Q4,2019
30,spotify:track:6aPMWbbdhDhiJHlknZb9Yx,"Arijit Singh, Sachet-Parampara","Bekhayali (Arijit Singh Version) [From ""Kabir Singh""]",T-Series,7,25,19,255919,IN,India,Q4,2019
31,spotify:track:7qEHsqek33rTcFNT9PFqLf,Lewis Capaldi,Someone You Loved,Vertigo Berlin,31,33,24,250933,IN,India,Q4,2019
32,spotify:track:3sqRODOZ1Z6hR4F2tnFAlg,Maninder Buttar,Sakhiyaan,Ishtar Punjabi,20,23,33,249873,IN,India,Q4,2019
33,spotify:track:7LzouaWGFCy4tkXDOOnEyM,Camila Cabello,Liar,Syco Music/Epic,18,27,5,245539,IN,India,Q4,2019
34,spotify:track:6vuMdb0E8buJeSHArN3dXk,"Amaal Mallik, Armaan Malik, Kunaal Vermaa","Chale Aana (From ""De De Pyaar De"")",T-Series,18,30,23,243796,IN,India,Q4,2019
35,spotify:track:57DhVYA7E1CyrE4OKuyLb7,Maninder Buttar,Ik Tera,Ishtar Punjabi,32,32,7,238658,IN,India,Q4,2019
36,spotify:track:39ujbBjTwwqUFySaCYDMMT,"Badshah, Diljit Dosanjh, Aastha Gill",Proper Patola,Sony Music Entertainment India Pvt. Ltd.,18,39,33,238129,IN,India,Q4,2019
37,spotify:track:2Fxmhks0bxGSBdJ92vM42m,Billie Eilish,bad guy,Darkroom/Interscope Records,3,37,28,238077,IN,India,Q4,2019
38,spotify:track:6wo37KVqFJhtuxPTpLCcfe,"The Chainsmokers, ILLENIUM, Lennon Stella",Takeaway,Disruptor Records/Columbia,20,43,11,237686,IN,India,Q4,2019
39,spotify:track:7hADNKBDHS8MblpUzLebLf,"Anirudh Ravichander, Inno Genga, Anantha Sriram","Hoyna Hoyna (From ""Gang Leader"")",Sony Music Entertainment India Pvt. Ltd.,30,35,8,233668,IN,India,Q4,2019
40,spotify:track:4gyPGtExOjj1rsByKW33LR,Badshah,Paagal,Sony Music Entertainment India Pvt. Ltd.,12,34,13,232581,IN,India,Q4,2019
42,spotify:track:2P91MQbaiQOfbiz9VqhqKQ,Lauv,I Like Me Better,Lauv,30,31,33,225388,IN,India,Q4,2019
43,spotify:track:2q0V50aNlI1RQXJyE5HDgD,"Sachin-Jigar, Darshan Raval, Neha Kakkar","Odhani (From ""Made in China"")",Sony Music Entertainment India Pvt. Ltd.,26,26,3,225089,IN,India,Q4,2019
44,spotify:track:1z0A545pZMaqYRkruladlk,"Garry Sandhu, Neha Kakkar, Mellow D","Hauli Hauli (From ""De De Pyaar De"")",T-Series,15,42,24,222538,IN,India,Q4,2019
45,spotify:track:7KhHA3mzt7A3LFlOJEAKpI,"Alan Walker, Sabrina Carpenter, Farruko",On My Way,Kreatell Music,1,45,30,222325,IN,India,Q4,2019
46,spotify:track:1LMwOxNStAp24Py3mWoRkb,"Shweta Mohan, Shankar Mahadevan, Shankar-Ehsaan-Loy","Baby Won't You Tell Me (From ""Saaho"")",T-Series,16,66,7,216299,IN,India,Q4,2019
48,spotify:track:0ojpEubhy4JNeVftmVuiN7,"Armaan Malik, Vishal Mishra, Irshad Kamil",Pehla Pyaar,T-Series,11,44,16,209455,IN,India,Q4,2019
49,spotify:track:7AFASza1mXqntmGtbxXprO,XXXTENTACION,changes,"Bad Vibes Forever, LLC",21,29,10,202050,IN,India,Q4,2019
51,spotify:track:0mHU8dcIvGrGDazLMmQpSg,"Jubin Nautiyal, Mithoon",Tujhe Kitna Chahein Aur (Film Version),T-Series,12,48,16,200610,IN,India,Q4,2019
52,spotify:track:6NLzzwFbAD1imLXGBMj9jo,"The Doorbeen, Shreya Sharma",PRADA,Jjust Music,15,40,9,200578,IN,India,Q4,2019
53,spotify:track:5G7pZ8G8NFvS1MQ9H4L7dC,"Javed-Mohsin, Arijit Singh, Shreya Ghoshal, Kunaal Vermaa, Prashant Ingole",Pal,Sony Music Entertainment India Pvt. Ltd.,44,49,33,199167,IN,India,Q4,2019
54,spotify:track:6b2RcmUt1g9N9mQ3CbjX2Y,Sam Smith,How Do You Sleep?,PLG - Capitol,37,57,12,199163,IN,India,Q4,2019
55,spotify:track:1iQDltZqI7BXnHrFy4Qo1k,"SHAED, ZAYN",Trampoline (with ZAYN),Photo Finish Records,41,41,2,193868,IN,India,Q4,2019
56,spotify:track:0pqnGHJpmpxLKifKRmU6WP,Imagine Dragons,Believer,Kid Ina Korner / Interscope,52,56,33,189690,IN,India,Q4,2019
57,spotify:track:6V9fHiv84WlVTg7CSnIVY2,Halsey,Graveyard,Capitol Records,31,85,4,187515,IN,India,Q4,2019
58,spotify:track:1bvIoSekCZWAgthW01kbo9,"Jasbir Jassi, Badshah, Dhvani Bhanushali","Koka (From ""Khandaani Shafakhana"")",T-Series,13,58,15,185929,IN,India,Q4,2019
59,spotify:track:322tcqPhma7F6hfCeLisx0,"Lauv, Anne-Marie","fuck, i'm lonely",Lauv,24,60,10,185057,IN,India,Q4,2019
1,spotify:track:2fkVZYFv9hOejIsLzZy8ad,"Salmo, NSTASIA",IL CIELO NELLA STANZA (feat. NSTASIA),Epic,1,1,9,2518705,IT,Italy,Q1,2019
2,spotify:track:7GeC7Nb58zsPnlFSfF0HZU,"Fedez, Tedua, Trippie Redd",Che cazzo ridi (feat. Tedua & Trippie Redd),Epic,2,-1,1,1851365,IT,Italy,Q1,2019
3,spotify:track:7Cw97917dvg5xm6XMAA4Y2,Sfera Ebbasta,Happy Birthday,Universal Music Italia srL.,1,2,6,1706622,IT,Italy,Q1,2019
4,spotify:track:3590AAEoqH50z4UmhMIY85,Måneskin,Torna a casa,RCA Records Label,1,4,15,1622488,IT,Italy,Q1,2019
5,spotify:track:5iwz1NiezX7WWjnCgY5TH4,"Pedro Capó, Farruko",Calma - Remix,Sony Music Latin,5,20,4,1536649,IT,Italy,Q1,2019
6,spotify:track:3FhWEh7VTAOYK4edZqNWNB,"Anastasio, Don Joe",La fine del mondo,RCA Records Label,2,5,7,1357006,IT,Italy,Q1,2019
7,spotify:track:3Ls9yKzshQye18Tx2AvOb6,Salmo,90MIN,Epic,1,7,16,1342579,IT,Italy,Q1,2019
8,spotify:track:01MJgnPL3AuwmYQ4EbHzD7,Dark Polo Gang,Cambiare Adesso,Universal Music Italia srL.,1,10,15,1272972,IT,Italy,Q1,2019
9,spotify:track:3xGD5KhnizETt7KQwxtUAc,"Gemitaiz, Venerus, Franco126",Senza Di Me (feat. Venerus & Franco126),Universal Music Italia srL.,3,3,3,1201725,IT,Italy,Q1,2019
10,spotify:track:4w8niZpiMy6qz1mntFA5uM,"DJ Snake, Selena Gomez, Ozuna, Cardi B","Taki Taki (with Selena Gomez, Ozuna & Cardi B)","DJ Snake Music Productions Limited, under exclusive license to Geffen Records",2,8,15,1181763,IT,Italy,Q1,2019
11,spotify:track:60oJSn5MTG2VNvCJKwd65M,Ultimo,Cascare nei tuoi occhi,Honiro,6,14,22,1145635,IT,Italy,Q1,2019
12,spotify:track:7wC76LWyNxaP3hjGzbWOcN,"Salmo, Sfera Ebbasta",CABRIOLET (feat. Sfera Ebbasta),Epic,1,12,9,1133034,IT,Italy,Q1,2019
13,spotify:track:0LQ1J0BCzA2qnAgp9MkkNE,"6ix9ine, Anuel AA",MALA (feat. Anuel AA),"ScumGang Records / TenThousand Projects, LLC",13,19,6,1078513,IT,Italy,Q1,2019
14,spotify:track:0UuqwLM3UFmwcXSJgfFHvr,"thasup, nayt",oh 9od,Epic,4,15,6,1016707,IT,Italy,Q1,2019
15,spotify:track:4Fs1sEg9Mwn6vykFD89xvc,Emis Killa,Fuoco e benzina,Carosello Records,2,17,14,1010048,IT,Italy,Q1,2019
16,spotify:track:2dpaYNEQHiRxtZbfNsse99,"Marshmello, Bastille",Happier,Joytime Collective,16,22,20,990699,IT,Italy,Q1,2019
17,spotify:track:2rgOAX5Cj3pk8JFnaPwJbd,"Salmo, Fabri Fibra",STAI ZITTO (feat. Fabri Fibra),Epic,2,16,9,978582,IT,Italy,Q1,2019
18,spotify:track:42LrSpEHmXHfjEH8NeiQQi,"Marco Mengoni, Tom Walker",Hola (I Say) (feat. Tom Walker),RCA Records Label,18,23,6,978030,IT,Italy,Q1,2019
19,spotify:track:116H0KvKr2Zl4RPuVBruDO,"Bad Bunny, Drake",MIA,Rimas Entertainment LLC,13,18,13,966270,IT,Italy,Q1,2019
20,spotify:track:44oZqBLSPMKbxB0bOuUrEN,Luna,Los Angeles,RCA Records Label,11,21,7,874292,IT,Italy,Q1,2019
21,spotify:track:5uPQRVuGquShCnqzuOTq4B,Irama,Bella e rovinata,WM Italy,20,26,12,815935,IT,Italy,Q1,2019
22,spotify:track:5N0nmOmc0MqPZTYKw4fVV6,"Carl Brave, Max Gazzè",Posso (feat. Max Gazzé),Universal Music Italia srL.,22,35,8,798802,IT,Italy,Q1,2019
23,spotify:track:1VNARx6Sm6ZYAsDMCGiU1B,Salmo,LUNEDI',Epic,4,25,9,796822,IT,Italy,Q1,2019
24,spotify:track:3Rmv3h4ovgt9xVgWOfMlLx,Gemitaiz,Toradol,Universal Music Italia srL.,6,6,2,790412,IT,Italy,Q1,2019
25,spotify:track:1Oou7m2VuxCDSOdqsu07TU,"Tedua, Chris Nolan",Vertigini,Epic,7,31,45,779262,IT,Italy,Q1,2019
26,spotify:track:0juSegsrO7siAAjlNATKV2,Fedez,Prima di ogni cosa,Epic,2,30,10,734079,IT,Italy,Q1,2019
27,spotify:track:0Pi8hOfhyPYQOg8PL6tcT9,"Gemitaiz, Priestess, Quentin40",Giuro Che (feat. Priestess & Quentin40),Universal Music Italia srL.,9,9,2,725360,IT,Italy,Q1,2019
28,spotify:track:48zFZh27QU5qsrBjn4C2FA,"Ozuna, Manuel Turizo",Vaina Loca,VP Records Corp/Dimelo Vi,18,29,27,711446,IT,Italy,Q1,2019
29,spotify:track:2TfcMUAZ4vH4fTA9eF53v2,Martina Attili,Cherofobia,RCA Records Label,9,28,7,699256,IT,Italy,Q1,2019
30,spotify:track:4spkZ6gRKh827yp6JI6TN1,"Salmo, Coez",SPARARE ALLA LUNA (feat. Coez),Epic,6,33,9,694710,IT,Italy,Q1,2019
31,spotify:track:2w5wtWq30yTkNSG9YjMFvW,Ultimo,Pianeti,Honiro,24,40,53,688163,IT,Italy,Q1,2019
32,spotify:track:3f2b204xj4jZdoHjo9wj0W,Ultimo,Poesia senza veli,Honiro,14,38,34,686867,IT,Italy,Q1,2019
33,spotify:track:1Lq5ApqhIWUXzlryFX2K6J,"Gemitaiz, Coez",Davide (feat. Coez),Universal Music Italia srL.,2,32,38,681072,IT,Italy,Q1,2019
34,spotify:track:11AXfsh0V6zCCU7Po6kQiY,Guè,Bling Bling (Oro),Universal Music Italia srL.,12,37,17,672660,IT,Italy,Q1,2019
35,spotify:track:0E9ZjEAyAwOXZ7wJC0PD33,"Dynoro, Gigi D'Agostino",In My Mind,Columbia/B1 Recordings,8,24,25,658628,IT,Italy,Q1,2019
36,spotify:track:2bzitsPcImYC6DZWvvLCQi,Imagine Dragons,"Zero - From the Original Motion Picture ""Ralph Breaks The Internet""",Kid Ina Korner / Interscope,36,56,14,639693,IT,Italy,Q1,2019
37,spotify:track:2LskIZrCeLxRvCiGP8gxlh,"XXXTENTACION, Lil Pump, Swae Lee, Maluma",Arms Around You (feat. Maluma & Swae Lee),Warner Records,11,49,11,636848,IT,Italy,Q1,2019
38,spotify:track:1fIuF52zouQWN13q3X9FHk,Sfera Ebbasta,Popstar,Universal Music Italia srL.,4,36,5,633911,IT,Italy,Q1,2019
39,spotify:track:093RgZ7RXHZwIrxZhZYX4Q,"Capo Plaza, Sfera Ebbasta, DrefGold",Tesla (feat. Sfera Ebbasta & DrefGold),WMI Italy,1,34,38,629318,IT,Italy,Q1,2019
40,spotify:track:4Nc1FDBI1NUiN48MjTiXEi,Salmo,HO PAURA DI USCIRE,Epic,5,41,9,616186,IT,Italy,Q1,2019
41,spotify:track:7tFiyTwD0nx5a1eklYtX2J,Queen,Bohemian Rhapsody - Remastered 2011,Hollywood Records,40,43,7,596446,IT,Italy,Q1,2019
42,spotify:track:1rqqCSm0Qe4I9rUvWncaom,Panic! At The Disco,High Hopes,DCD2 / Fueled By Ramen,42,80,5,589157,IT,Italy,Q1,2019
43,spotify:track:7oETr2afFHIzjDIOpm4zPJ,Elisa,Se Piovesse Il Tuo Nome,Universal Music Italia srL.,22,42,13,580396,IT,Italy,Q1,2019
44,spotify:track:4sYbBt781iAS2S76IeMwIG,Izi,Fumo Da Solo,Universal Music Italia srL.,1,47,14,573904,IT,Italy,Q1,2019
45,spotify:track:4Yr7z1MFiI2D3QnldF107i,Salmo,PERDONAMI,Epic,1,44,59,572004,IT,Italy,Q1,2019
46,spotify:track:12mhNDtyap89L9H8KLexnS,"Gemitaiz, Ketama126",Bad Boys (feat. Ketama126),Universal Music Italia srL.,11,11,2,554856,IT,Italy,Q1,2019
47,spotify:track:2VxeLyX666F8uXCJ0dZF8B,"Lady Gaga, Bradley Cooper",Shallow,A Star is Born OST,15,69,14,552889,IT,Italy,Q1,2019
48,spotify:track:7fa9MBXhVfQ8P8Df9OEbD8,"Maroon 5, Cardi B",Girls Like You (feat. Cardi B) - Cardi B Version,Interscope Records*,7,48,32,548818,IT,Italy,Q1,2019
49,spotify:track:4WJj8NsyCm3YAADCOe0hrf,Emis Killa,Rollercoaster,Carosello Records,4,45,31,546042,IT,Italy,Q1,2019
50,spotify:track:3dCEtkAfWhk15bLAWZAKLy,"Fred De Palma, Ana Mena",D'estate non vale (feat. Ana Mena),WM Italy,1,39,30,544656,IT,Italy,Q1,2019
1,spotify:track:6IdiuMw1FSAvU3e6bgWQVX,Coez,È sempre bello,Warner Music,1,1,13,2124284,IT,Italy,Q2,2019
2,spotify:track:5w9c2J52mkdntKOmRLeM2m,"Daddy Yankee, Snow",Con Calma,Craft Latino,2,3,10,2076873,IT,Italy,Q2,2019
3,spotify:track:5L1HQLXeih82ecmY0tOH7w,Boomdabash,Per Un Milione,Universal Music Italia srL.,3,4,10,2011082,IT,Italy,Q2,2019
4,spotify:track:2aPnpV1hT7l3eP10uSGK6c,Sfera Ebbasta,Mademoiselle,Universal Music Italia srL.,1,2,5,1937149,IT,Italy,Q2,2019
5,spotify:track:0psAGFzUF64N2Ae4gMExzu,Ultimo,I Tuoi Particolari,Honiro distribuito da Believe Distribution Services,2,12,10,1855243,IT,Italy,Q2,2019
6,spotify:track:5iwz1NiezX7WWjnCgY5TH4,"Pedro Capó, Farruko",Calma - Remix,Sony Music Latin,3,5,17,1770867,IT,Italy,Q2,2019
7,spotify:track:1jhHPnmgZepKU8qX4VhRZ0,Ultimo,Rondini Al Guinzaglio,Honiro distribuito da Believe Distribution Services,7,-1,1,1660312,IT,Italy,Q2,2019
8,spotify:track:4szQkW1CDHqbRZGltXJdd3,Mahmood,Soldi,Universal Music Italia srL.,1,6,10,1609113,IT,Italy,Q2,2019
9,spotify:track:2fkVZYFv9hOejIsLzZy8ad,"Salmo, NSTASIA",IL CIELO NELLA STANZA (feat. NSTASIA),Epic,1,7,22,1489727,IT,Italy,Q2,2019
10,spotify:track:25sgk305KZfyuqVBQIahim,Ava Max,Sweet but Psycho,Atlantic Records,7,9,23,1375603,IT,Italy,Q2,2019
11,spotify:track:7uH27oIt4a6cIFCA8ZPcyG,Ozuna,Baila Baila Baila,Aura Music Corp.,8,10,13,1290338,IT,Italy,Q2,2019
12,spotify:track:66UkKyxN5YbJl9z7YamQOR,"Rkomi, Sfera Ebbasta",Mon Cheri (feat. Sfera Ebbasta),Universal Music Italia srL.,3,8,3,1256678,IT,Italy,Q2,2019
13,spotify:track:1C5zFIXqqJt6POOhcHfSmn,Ultimo,Colpa Delle Favole,Honiro distribuito da Believe Distribution Services,13,-1,1,1213701,IT,Italy,Q2,2019
14,spotify:track:6FyRXC8tJUh863JCkyWqtk,Paulo Londra,Adan y Eva,WEA Latina,11,11,18,1207386,IT,Italy,Q2,2019
15,spotify:track:6sLBJkMyZIkGevtpYgeotT,Ultimo,Piccola Stella,Honiro distribuito da Believe Distribution Services,15,-1,1,1179874,IT,Italy,Q2,2019
16,spotify:track:0Q4v8N758nx98YxObfqkNC,"Rkomi, Elisa",Blu (feat. Elisa),Universal Music Italia srL.,10,14,5,1094012,IT,Italy,Q2,2019
17,spotify:track:0W3fsnIsf0m1n7JXOvYbsc,Ultimo,Amati Sempre,Honiro distribuito da Believe Distribution Services,17,-1,1,1062622,IT,Italy,Q2,2019
18,spotify:track:2RSHsoi04658QL5xgQVov3,Imagine Dragons,Bad Liar,Kid Ina Korner / Interscope,16,16,18,1018492,IT,Italy,Q2,2019
19,spotify:track:6YrDRkcDktxgsPcH8x77xm,Ultimo,Ipocondria,Honiro distribuito da Believe Distribution Services,19,-1,1,1014289,IT,Italy,Q2,2019
20,spotify:track:2p0qsfmL5oCtpZ72tuMwHN,Ultimo,Quando Fuori Piove,Honiro distribuito da Believe Distribution Services,20,-1,1,1013451,IT,Italy,Q2,2019
21,spotify:track:0swoHiwTazywpoqiKDUtGQ,"Takagi & Ketra, Tommaso Paradiso, Jovanotti, Calcutta ","La Luna e la Gatta (feat. Tommaso Paradiso, Jovanotti, Calcutta)",Columbia,21,25,6,1008749,IT,Italy,Q2,2019
22,spotify:track:7iTTQvztpfrDneVSX9IGBD,"Luchè, Sfera Ebbasta",Stamm Fort (feat. Sfera Ebbasta),Universal Music Italia srL.,1,15,12,1002372,IT,Italy,Q2,2019
23,spotify:track:2Fxmhks0bxGSBdJ92vM42m,Billie Eilish,bad guy,Darkroom/Interscope Records,21,21,2,980232,IT,Italy,Q2,2019
24,spotify:track:7GOFNyZcCTwm1SsC5jOFpA,Ghali,I Love You,Atlantic/WM Italy,11,22,4,934229,IT,Italy,Q2,2019
25,spotify:track:5wNEN0XsH29BPv7P77Ds6b,Ultimo,Quella Casa Che Avevamo In Mente,Honiro distribuito da Believe Distribution Services,25,-1,1,920922,IT,Italy,Q2,2019
26,spotify:track:55t2S1tpx1Bj3C5bIEn2BF,"Shade, Federica Carta",Senza farlo apposta,WM Italy,4,19,10,909979,IT,Italy,Q2,2019
27,spotify:track:31UjYv5vLsDkzchJOtUMtW,Maluma,HP,Sony Music Latin,17,17,6,898240,IT,Italy,Q2,2019
28,spotify:track:0NmyHZZMfVBiUSOfDmz9Bf,Irama,La ragazza con il cuore di latta,WM Italy,3,20,10,885996,IT,Italy,Q2,2019
29,spotify:track:4zI2FjKRrdP6LxTO8PYh69,Ultimo,La Stazione Dei Ricordi,Honiro distribuito da Believe Distribution Services,29,-1,1,870791,IT,Italy,Q2,2019
30,spotify:track:42LrSpEHmXHfjEH8NeiQQi,"Marco Mengoni, Tom Walker",Hola (I Say) (feat. Tom Walker),RCA Records Label,10,24,19,862335,IT,Italy,Q2,2019
31,spotify:track:4nvsA575k8HrEjdQ78Ymvi,"Ernia, Nitro",Certi Giorni (feat. Nitro),Universal Music Italia srL.,31,35,3,860033,IT,Italy,Q2,2019
32,spotify:track:2VxeLyX666F8uXCJ0dZF8B,"Lady Gaga, Bradley Cooper",Shallow,A Star is Born OST,11,27,27,832369,IT,Italy,Q2,2019
33,spotify:track:5tr9RCfTte9pnhtmOZry8w,Ultimo,Aperitivo Grezzo,Honiro distribuito da Believe Distribution Services,33,-1,1,823316,IT,Italy,Q2,2019
34,spotify:track:6MWtB6iiXyIwun0YzU6DFP,Post Malone,Wow.,Republic Records,16,18,15,814787,IT,Italy,Q2,2019
35,spotify:track:5N0nmOmc0MqPZTYKw4fVV6,"Carl Brave, Max Gazzè",Posso (feat. Max Gazzé),Universal Music Italia srL.,22,32,21,809361,IT,Italy,Q2,2019
36,spotify:track:3khEqTNuOQH20EejKha7FR,Ultimo,Fateme Cantà,Honiro distribuito da Believe Distribution Services,16,183,7,808019,IT,Italy,Q2,2019
37,spotify:track:3xGD5KhnizETt7KQwxtUAc,"Gemitaiz, Venerus, Franco126",Senza Di Me (feat. Venerus & Franco126),Universal Music Italia srL.,3,29,16,791387,IT,Italy,Q2,2019
38,spotify:track:3Ls9yKzshQye18Tx2AvOb6,Salmo,90MIN,Epic,1,33,29,766031,IT,Italy,Q2,2019
39,spotify:track:1rqqCSm0Qe4I9rUvWncaom,Panic! At The Disco,High Hopes,DCD2 / Fueled By Ramen,23,39,18,765809,IT,Italy,Q2,2019
40,spotify:track:6wsqUfONimX0RXOrtmjGX6,Ultimo,Il Tuo Nome - Comunque Vada Con Te,Honiro distribuito da Believe Distribution Services,40,-1,1,765110,IT,Italy,Q2,2019
41,spotify:track:5ODlTG5qxhCsC05E36Rv25,"Guè, Frah Quintale",2% (feat. Frah Quintale),Universal Music Italia srL.,4,37,30,744718,IT,Italy,Q2,2019
42,spotify:track:5itOtNx0WxtJmi1TQ3RuRd,"Calvin Harris, Rag'n'Bone Man",Giant (with Rag'n'Bone Man),Columbia,42,43,13,740216,IT,Italy,Q2,2019
43,spotify:track:2tVNMtgZ2CQpTx7vgcuTkL,Coez,Domenica,Warner Music,13,13,2,738407,IT,Italy,Q2,2019
44,spotify:track:5dwVYGlrdLDnB77IQHr0hT,Ultimo,Fermo,Honiro distribuito da Believe Distribution Services,44,-1,1,732154,IT,Italy,Q2,2019
45,spotify:track:4SSnFejRGlZikf02HLewEF,Billie Eilish,bury a friend,Darkroom/Interscope Records,36,36,10,726180,IT,Italy,Q2,2019
46,spotify:track:2dpaYNEQHiRxtZbfNsse99,"Marshmello, Bastille",Happier,Joytime Collective,15,34,33,709194,IT,Italy,Q2,2019
47,spotify:track:7fXTNTj6tiyaIvcezY8k5f,Elisa,Anche Fragile,Universal Music Italia srL.,35,49,10,681751,IT,Italy,Q2,2019
48,spotify:track:5W83ErFkO3aKAIS1WMi6u0,"Anuel AA, KAROL G",Secreto,Anuel AA & Karol G - Secreto,22,42,12,674841,IT,Italy,Q2,2019
49,spotify:track:0hv42i6P5VoF76Zihsrsst,"Ernia, Lazza",Il Mondo Chico (feat. Lazza),Universal Music Italia srL.,49,-1,1,673408,IT,Italy,Q2,2019
50,spotify:track:0KvKUijfGJjBgtWse4ot1Y,Ernia,Lewandowski VI,Universal Music Italia srL.,50,-1,1,672783,IT,Italy,Q2,2019
1,spotify:track:3Hh0ZcGIqIkSiJVZGLcVLx,"MACHETE, Dani Faiv, thasup, Fabri Fibra",YOSHI (feat. Fabri Fibra) - prod. Strage,Epic,1,-1,1,5816357,IT,Italy,Q3,2019
2,spotify:track:0nFCpnM7nistUWXRZpzOWM,"MACHETE, Salmo, Lazza",HO PAURA DI USCIRE 2 - prod. Mace,Epic,2,-1,1,5489578,IT,Italy,Q3,2019
3,spotify:track:28fRkU3vhqAJdl9i9458pQ,"MACHETE, Salmo, Nitro, Marracash",MARYLEAN (feat. Marracash) - prod. Low Kidd,Epic,3,-1,1,4829415,IT,Italy,Q3,2019
4,spotify:track:2umL0eO9N7iNxDay6i2rVi,"MACHETE, Fabri Fibra, Massimo Pericolo",STAR WARS - prod. Young Miles - Crookers x Nic Sarno,Epic,4,-1,1,4098318,IT,Italy,Q3,2019
5,spotify:track:5nFX29WZIulql4m4ic0KRw,"MACHETE, Gemitaiz, Izi, Salmo",MAMMASTOMALE (feat. Salmo) - prod. Dade,Epic,5,-1,1,3680698,IT,Italy,Q3,2019
6,spotify:track:2gUn6S1SuuXK0BvypPKnir,"MACHETE, Tedua, thasup, Nitro",NO WAY (feat. Nitro) - prod. Low Kidd,Epic,6,-1,1,3555978,IT,Italy,Q3,2019
7,spotify:track:2zVawCwOXmkr5pFw5O6MoB,"MACHETE, Jack The Smoker, Beba, Salmo",IO PUO' (feat. Salmo) - prod. Low Kidd,Epic,7,-1,1,3094979,IT,Italy,Q3,2019
8,spotify:track:6gaeewGjNiQhWOUkWRSLTa,"Fred De Palma, Ana Mena",Una volta ancora (feat. Ana Mena),WM Italy,5,5,6,3056237,IT,Italy,Q3,2019
9,spotify:track:4H5arInh2BLVz94mIibTrv,"Takagi & Ketra, OMI, Giusy Ferreri",JAMBO,Columbia,1,1,7,3054732,IT,Italy,Q3,2019
10,spotify:track:5BAJMdCQqax0oBQigQTl5h,Benji & Fede,Dove e quando,Warner Records/WM Italy,4,4,6,3008972,IT,Italy,Q3,2019
11,spotify:track:45zJRuzK9e6AO527NOW7Fy,"Charlie Charles, Sfera Ebbasta, Mahmood, Fabri Fibra","Calipso (with Dardust) (feat. Sfera Ebbasta, Mahmood & Fabri Fibra)",Universal Music Italia srL.,1,2,11,2888010,IT,Italy,Q3,2019
12,spotify:track:2nKUtJ6G05qVViRaXkXWQZ,"MACHETE, thasup",DOPPIOGANG - prod. tha Supreme,Epic,12,-1,1,2885122,IT,Italy,Q3,2019
13,spotify:track:46HYFOcfvg2W8a8FccaRvO,"MACHETE, Salmo, Lazza",BUD SPENCER - prod. Dade - Low Kidd - Salmo,Epic,13,-1,1,2844871,IT,Italy,Q3,2019
14,spotify:track:2J9TGb5CRT4omfAgnKmXn5,J-AX,Ostia Lido,Epic,2,3,8,2784740,IT,Italy,Q3,2019
15,spotify:track:7piIo15vVy3ULGXSpFs5xc,"Boomdabash, Alessandra Amoroso",Mambo Salentino,Universal Music Italia srL.,5,6,5,2739358,IT,Italy,Q3,2019
16,spotify:track:0iRKVjfQzpr41T3WsU7shl,"Boro, Don Joe, MamboLosco",Lento,Guna,7,7,5,2709760,IT,Italy,Q3,2019
17,spotify:track:0TK2YIli7K1leLovkQiNik,"Shawn Mendes, Camila Cabello",Señorita,Island Records,8,8,3,2684588,IT,Italy,Q3,2019
18,spotify:track:1ZCzbEj3F8SqqtKSupWaBo,"MACHETE, Salmo, Hell Raton",GANG! - prod. Strage,Epic,18,-1,1,2642778,IT,Italy,Q3,2019
19,spotify:track:76OIEsiXVKhoaVLQZifKjF,"MACHETE, Dani Faiv, Shiva",WALTER WALZER - prod. Salmo,Epic,19,-1,1,2482345,IT,Italy,Q3,2019
20,spotify:track:5yD4Ji9FAZrthZNKsRqaA2,"MACHETE, Salmo, Lazza",SUGAR - prod. Low Kidd - Salmo,Epic,20,-1,1,2427765,IT,Italy,Q3,2019
21,spotify:track:7ie4FrP174mREuo5uhlzmP,"MACHETE, Dani Faiv, Nitro, Salmo",FQCMP (feat. Salmo) - prod. Low Kidd,Epic,21,-1,1,2149505,IT,Italy,Q3,2019
22,spotify:track:741i2EuMZ9JWXEVNEpus8e,"MACHETE, Nitro",KEN SHIRO - prod. tha Supreme,Epic,22,-1,1,1967939,IT,Italy,Q3,2019
23,spotify:track:1DFD5Fotzgn6yYXkYsKiGs,"MEDUZA, Goodboys",Piece Of Your Heart,Intercord,13,13,9,1906050,IT,Italy,Q3,2019
24,spotify:track:7bBIBrSmHvdMlTC7b9p8Vq,Baby K,Playa,Epic,10,10,6,1893159,IT,Italy,Q3,2019
25,spotify:track:3GVbkUcfSmyjNsPEYuj2xF,"MACHETE, Ghali, Sick Luke",GOKU - prod. Sick Luke,Epic,25,-1,1,1844639,IT,Italy,Q3,2019
26,spotify:track:34Jnbbi34tPtYdutY5Pd6G,"A Boogie Wit da Hoodie, Capo Plaza",Look Back at It (feat. CAPO PLAZA),Highbridge the Label / Atlantic Records,10,11,5,1783132,IT,Italy,Q3,2019
27,spotify:track:3HVWdVOQ0ZA45FuZGSfvns,"Ed Sheeran, Justin Bieber",I Don't Care (with Justin Bieber),Atlantic Records UK,5,9,9,1746513,IT,Italy,Q3,2019
28,spotify:track:0JlZqiWJ3zjIUA75MTpiWK,"MACHETE, Dani Faiv, Jack The Smoker, Nitro",MACHETE BO$$ (feat. Nitro) - prod. Kanesh,Epic,28,-1,1,1631708,IT,Italy,Q3,2019
29,spotify:track:14lgKkkbNsJl9fItqnEfpV,Irama,Arrogante,WM Italy,15,15,7,1602001,IT,Italy,Q3,2019
30,spotify:track:1f38Gx6xQz6r4H1jGVNBJo,"DJ Snake, J Balvin, Tyga",Loco Contigo (feat. J. Balvin & Tyga),DJ Snake Music Productions Limited,23,23,4,1597873,IT,Italy,Q3,2019
31,spotify:track:2Fxmhks0bxGSBdJ92vM42m,Billie Eilish,bad guy,Darkroom/Interscope Records,3,14,15,1593083,IT,Italy,Q3,2019
32,spotify:track:0lAu8T3mmYcflgA8nSCc3m,"MACHETE, Dani Faiv, Salmo, Jack The Smoker",ORANGE GULF (feat. Jack The Smoker) - prod. Salmo,Epic,32,-1,1,1576899,IT,Italy,Q3,2019
33,spotify:track:4GoLVIAplQyplhitHFabfy,"Alfa, Yanomi",Cin Cin,Wanderlust Society distributed by Artist First,20,20,7,1528913,IT,Italy,Q3,2019
34,spotify:track:4qNHjcpoYbeAaLEeS0gMIV,"MACHETE, Jack The Smoker, Nitro",skit FREESTYLE - prod. Strage,Epic,34,-1,1,1511042,IT,Italy,Q3,2019
35,spotify:track:3xALgUxUFNYIrbMew1sbnC,Thegiornalisti,Maradona y Pelé,Universal Music Italia srL.,18,18,8,1389959,IT,Italy,Q3,2019
36,spotify:track:3fV9z98dnQLSIPIMMJXCm7,"Gemitaiz, MadMan",Veleno 7,Universal Music Italia srL.,1,12,6,1386963,IT,Italy,Q3,2019
37,spotify:track:443cnFF139Ql85enXOTWEu,Shade,La hit dell'estate,WM Italy,21,21,4,1385051,IT,Italy,Q3,2019
38,spotify:track:6stctriNY7UC7KyHcG7ZBH,"Elettra Lamborghini, Sfera Ebbasta",Corazón Morado (feat. Sfera Ebbasta),Universal Music Italia srL.,6,16,4,1372169,IT,Italy,Q3,2019
39,spotify:track:5w9c2J52mkdntKOmRLeM2m,"Daddy Yankee, Snow",Con Calma,Craft Latino,2,17,23,1317807,IT,Italy,Q3,2019
40,spotify:track:7qEHsqek33rTcFNT9PFqLf,Lewis Capaldi,Someone You Loved,Vertigo Berlin,7,22,15,1273016,IT,Italy,Q3,2019
41,spotify:track:6v0lAdFF4haL8xjBIUjtOw,"Nicky Jam, Ozuna",Te Robaré,Sony Music Latin,17,24,16,1190757,IT,Italy,Q3,2019
42,spotify:track:2bN0p91LZmBKmgmpIGu5RI,Capo Plaza,So cosa fare,WM Italy,8,19,4,1177143,IT,Italy,Q3,2019
43,spotify:track:2tVNMtgZ2CQpTx7vgcuTkL,Coez,Domenica,Warner Music,13,25,15,1078964,IT,Italy,Q3,2019
44,spotify:track:5WHTFyqSii0lmT9R21abT8,Mabel,Don't Call Me Up,Polydor Records,19,27,19,1067786,IT,Italy,Q3,2019
45,spotify:track:3qBtltssunsFuzn6DxXI0b,"Elodie, Marracash",Margarita (con Marracash),Universal Music Italia srL.,35,35,4,1061573,IT,Italy,Q3,2019
46,spotify:track:53CJANUxooaqGOtdsBTh7O,Lil Nas X,Old Town Road,Columbia,15,26,15,1007354,IT,Italy,Q3,2019
47,spotify:track:5iwz1NiezX7WWjnCgY5TH4,"Pedro Capó, Farruko",Calma - Remix,Sony Music Latin,3,28,30,1000439,IT,Italy,Q3,2019
48,spotify:track:7l56nY7NMP1QDdWvRdJmmg,"Elisa, Carl Brave",Vivere Tutte Le Vite - con Carl Brave,Universal Music Italia srL.,31,31,10,971808,IT,Italy,Q3,2019
49,spotify:track:6IdiuMw1FSAvU3e6bgWQVX,Coez,È sempre bello,Warner Music,1,29,26,964276,IT,Italy,Q3,2019
50,spotify:track:1jhHPnmgZepKU8qX4VhRZ0,Ultimo,Rondini Al Guinzaglio,Honiro distribuito da Believe Distribution Services,7,48,14,903374,IT,Italy,Q3,2019
1,spotify:track:4KilYheWwxakB1L43ECTeP,"Lazza, Sfera Ebbasta, Capo Plaza",Gigolò (feat. Sfera Ebbasta & Capo Plaza),Universal Music Italia srL.,1,-1,1,3641910,IT,Italy,Q4,2019
2,spotify:track:1MtmXPxXP4ntSjfF5xnOyM,"Aya Nakamura, Capo Plaza",Pookie (feat. Capo Plaza) - Remix,Rec. 118,1,1,6,2806874,IT,Italy,Q4,2019
3,spotify:track:4UJoAdTMnqxQHKWKLLQpvK,Random,Chiasso,Visory Records - My own family – under exclusive license to Believe,2,3,13,2259082,IT,Italy,Q4,2019
4,spotify:track:6swHvavSroD4ur3Q18MjYz,"Fred De Palma, Ana Mena",Una volta ancora (feat. Ana Mena),WM Italy,1,2,19,2213758,IT,Italy,Q4,2019
5,spotify:track:00GxbkrW4m1Tac5xySEJ4M,"Rocco Hunt, J-AX, Boomdabash",Ti volevo dedicare (feat. J-AX & Boomdabash),RCA Records Label,5,12,6,2123811,IT,Italy,Q4,2019
6,spotify:track:1rgnBhdG2JDFTbYkYRZAku,Tones And I,Dance Monkey,Elektra (NEK),6,21,6,1927878,IT,Italy,Q4,2019
7,spotify:track:5mn8bU8IjYqr8ZqTDmLtSO,Shiva,Bossoli,Jive,4,9,6,1818028,IT,Italy,Q4,2019
8,spotify:track:4jiCUUfjuJoG03gnw3jj1r,"MamboLosco, Boro",Twerk (con Boro),Universal Music Italia srL.,8,27,4,1762568,IT,Italy,Q4,2019
9,spotify:track:2PQuj6TMxl5hcgMG30e2Ij,"Shiva, Pyrex",Non sto più in zona,Jive,9,96,2,1721547,IT,Italy,Q4,2019
10,spotify:track:1MCSc1ZxlwV5muFXKocAnW,Mahmood,Barrio,Universal Music Italia srL.,7,7,6,1711795,IT,Italy,Q4,2019
11,spotify:track:34UHhwlly3SHryWuVfMOJm,"Gemitaiz, MadMan, thasup",Fuori E Dentro (feat. thasup),Universal Music Italia srL.,1,4,3,1622969,IT,Italy,Q4,2019
12,spotify:track:0iRKVjfQzpr41T3WsU7shl,"Boro, Don Joe, MamboLosco",Lento,Guna,4,6,18,1610775,IT,Italy,Q4,2019
13,spotify:track:1qMx707PFdFXdwLvcUTNz3,Tommaso Paradiso,Non Avere Paura,Universal Music Italia srL.,5,5,3,1562743,IT,Italy,Q4,2019
14,spotify:track:0EThQdS5hqhByp2CLttKin,"Alfa, Yanomi",Cin Cin,Wanderlust Society distributed by Artist First,8,8,20,1546717,IT,Italy,Q4,2019
15,spotify:track:2UsAeEA2JH7kKSOflP23zY,"Giaime, Andry The Hitmaker, Capo Plaza",MI AMI O NO (feat. Capo Plaza),Jive,7,10,6,1442600,IT,Italy,Q4,2019
16,spotify:track:5BAJMdCQqax0oBQigQTl5h,Benji & Fede,Dove e quando,Warner Records/WM Italy,3,11,19,1395868,IT,Italy,Q4,2019
17,spotify:track:2XOMWoSURsGJy0KTzbzroh,"Geolier, Luchè",Yacht (feat. Luchè),Universal Music Italia srL.,17,-1,1,1367455,IT,Italy,Q4,2019
18,spotify:track:4dDMgEj5GpBTI1lvVlYPu7,"Shiva, Emis Killa",Mon Fre - feat. Emis Killa,Jive,16,16,12,1326476,IT,Italy,Q4,2019
19,spotify:track:0VU34EBWTAlHVIZE3aWlZA,"MACHETE, Dani Faiv, J Balvin, thasup, Fabri Fibra, Capo Plaza","YOSHI (feat. thasup, Fabri Fibra & Capo Plaza) - prod. Strage [Remix]",Epic,3,14,4,1290368,IT,Italy,Q4,2019
20,spotify:track:6sLBJkMyZIkGevtpYgeotT,Ultimo,Piccola Stella,Honiro distribuito da Believe Distribution Services,15,24,27,1205738,IT,Italy,Q4,2019
21,spotify:track:51Fjme0JiitpyXKuyQiCDo,"Y2K, bbno$",Lalala,Columbia,16,18,14,1203718,IT,Italy,Q4,2019
22,spotify:track:3Hh0ZcGIqIkSiJVZGLcVLx,"MACHETE, Dani Faiv, thasup, Fabri Fibra",YOSHI (feat. Fabri Fibra) - prod. Strage,Epic,1,15,14,1201502,IT,Italy,Q4,2019
23,spotify:track:3eekarcy7kvN4yt5ZFzltW,Travis Scott,HIGHEST IN THE ROOM,Cactus Jack/Epic,23,-1,1,1191756,IT,Italy,Q4,2019
24,spotify:track:3qBtltssunsFuzn6DxXI0b,"Elodie, Marracash",Margarita (con Marracash),Universal Music Italia srL.,7,17,17,1175638,IT,Italy,Q4,2019
25,spotify:track:1cg6IqyZgBCU6P34gY161z,Holden,Na Na Na,Epic,12,23,7,1174161,IT,Italy,Q4,2019
26,spotify:track:443cnFF139Ql85enXOTWEu,Shade,La hit dell'estate,WM Italy,11,25,17,1073744,IT,Italy,Q4,2019
27,spotify:track:45zJRuzK9e6AO527NOW7Fy,"Charlie Charles, Sfera Ebbasta, Mahmood, Fabri Fibra","Calipso (with Dardust) (feat. Sfera Ebbasta, Mahmood & Fabri Fibra)",Universal Music Italia srL.,1,20,24,1073499,IT,Italy,Q4,2019
28,spotify:track:5stH9hqpR941AmiJ9tVzrN,"Shablo, Marracash, Carl Brave",Non Ci Sto (con Marracash & Carl Brave),Universal Music Italia srL.,16,39,6,1050056,IT,Italy,Q4,2019
29,spotify:track:500c6DLy4ag8gFAnkuzTxP,"Giaime, Andry The Hitmaker, Lazza",FIORI,Jive,29,35,12,1044744,IT,Italy,Q4,2019
30,spotify:track:6v3KW9xbzN5yKLt9YKDYA2,"Shawn Mendes, Camila Cabello",Señorita,Island Records,4,28,16,1030456,IT,Italy,Q4,2019
31,spotify:track:2665YLaM0dLaIhkjpUHT7k,"Ketama126, Massimo Pericolo",SCACCIACANI - feat. Massimo Pericolo - prod. Crookers & Nic Sarno,Epic,31,37,20,1022274,IT,Italy,Q4,2019
32,spotify:track:7piIo15vVy3ULGXSpFs5xc,"Boomdabash, Alessandra Amoroso",Mambo Salentino,Universal Music Italia srL.,5,29,18,1008504,IT,Italy,Q4,2019
33,spotify:track:0Rsfm3UqHkNzKsb6L0Yz3Y,"Gemitaiz, MadMan, Salmo",Esagono (feat. Salmo),Universal Music Italia srL.,3,13,3,991901,IT,Italy,Q4,2019
34,spotify:track:6nUJr7wd4hiPBLjC8Db2Cr,"Rocco Hunt, Geolier",Nisciun' (feat. Geolier),RCA Records Label,7,33,6,973906,IT,Italy,Q4,2019
35,spotify:track:14lgKkkbNsJl9fItqnEfpV,Irama,Arrogante,WM Italy,14,31,20,965312,IT,Italy,Q4,2019
36,spotify:track:6osaMSJh9NguagEDQcZaKx,"DJ Snake, J Balvin, Tyga",Loco Contigo (feat. J. Balvin & Tyga),DJ Snake Music Productions Limited,11,38,17,960287,IT,Italy,Q4,2019
37,spotify:track:02u0HfMJJHounSHHPGyjeY,"Lazza, Emis Killa",Million Dollar (feat. Emis Killa),Universal Music Italia srL.,37,-1,1,956964,IT,Italy,Q4,2019
38,spotify:track:34Jnbbi34tPtYdutY5Pd6G,"A Boogie Wit da Hoodie, Capo Plaza",Look Back at It (feat. CAPO PLAZA),Highbridge the Label / Atlantic Records,10,34,18,948778,IT,Italy,Q4,2019
39,spotify:track:4H5arInh2BLVz94mIibTrv,"Takagi & Ketra, OMI, Giusy Ferreri",JAMBO,Columbia,1,32,20,919409,IT,Italy,Q4,2019
40,spotify:track:5c591Ck7sCY0jqsBZgQayy,Lazza,Ouver2re,Universal Music Italia srL.,19,19,2,915899,IT,Italy,Q4,2019
41,spotify:track:2ksOAxtIxY8yElEWw8RhgK,"Anuel AA, Daddy Yankee, KAROL G, J Balvin, Ozuna",China,"2019 Real Hasta La Muerte, LLC.",18,40,12,897042,IT,Italy,Q4,2019
42,spotify:track:2jkIbZ43eH3rM1yro2Ojzh,"Gemitaiz, MadMan",Veleno 7,Universal Music Italia srL.,1,30,19,881141,IT,Italy,Q4,2019
43,spotify:track:6oZJl2T2hdHnMYcZR6VJGb,"Night Skinny, Ketama126, Side Baby, Franco126","Stay Away (feat. Ketama126, Side Baby & Franco126)",Universal Music Italia srL.,6,36,4,852984,IT,Italy,Q4,2019
44,spotify:track:28fRkU3vhqAJdl9i9458pQ,"MACHETE, Salmo, Nitro, Marracash",MARYLEAN (feat. Marracash) - prod. Low Kidd,Epic,3,45,14,839590,IT,Italy,Q4,2019
45,spotify:track:7wQ9SAdzNgJ7dR1mXQiYfF,Marco Mengoni,Duemila volte,RCA Records Label,45,-1,1,831536,IT,Italy,Q4,2019
46,spotify:track:1Wbc0N0X1zkFqnKGcj8Quh,"Massimo Pericolo, Crookers, Nic Sarno",Polo Nord - [C+N Progressive Mix],Epic,46,67,2,829043,IT,Italy,Q4,2019
47,spotify:track:1DFD5Fotzgn6yYXkYsKiGs,"MEDUZA, Goodboys",Piece Of Your Heart,Intercord,13,50,22,818222,IT,Italy,Q4,2019
48,spotify:track:2OtQyoZSL78nBC4mUUKMav,"Gemitaiz, MadMan, Mahmood",Karate (feat. Mahmood),Universal Music Italia srL.,6,22,3,809769,IT,Italy,Q4,2019
49,spotify:track:0zlAKx6NDKKGWjWJE1AX1S,"Gemitaiz, MadMan, Marracash, Guè",Fiori (feat. Marracash & Guè),Universal Music Italia srL.,7,26,3,805809,IT,Italy,Q4,2019
50,spotify:track:7bBIBrSmHvdMlTC7b9p8Vq,Baby K,Playa,Epic,10,47,19,797419,IT,Italy,Q4,2019
1,spotify:track:0sSG83UxY15ft1E2N9THYF,Aimyon,今夜このまま,WM Japan,1,1,12,351166,JP,Japan,Q1,2019
2,spotify:track:0jWVUKsIoyo3zw64RaEWYg,Aimyon,マリーゴールド,WM Japan,2,2,25,332005,JP,Japan,Q1,2019
3,spotify:track:59eluCMn0XbOWqeWQ91FTM,Aimyon,君はロックを聴かない,WM Japan,3,4,49,274619,JP,Japan,Q1,2019
4,spotify:track:0N8Xztr4pBHJ7V0moJWhbO,Aimyon,愛を伝えたいだとか,WM Japan,4,8,48,221550,JP,Japan,Q1,2019
5,spotify:track:4IouQaO9GkaHC7AtMErdSa,"Daoko, Kenshi Yonezu",打上花火,TOY'S FACTORY,1,5,72,217624,JP,Japan,Q1,2019
6,spotify:track:5HXCP7b8k64WdZ1G0Bbc13,DA PUMP,U.S.A.,SONIC GROOVE,1,3,31,212066,JP,Japan,Q1,2019
7,spotify:track:76flsS3UnNr7UQIz6JmVT3,"MISIA, HIDE (GReeeeN)",アイノカタチ,Sony Music Labels Inc.,7,13,20,206289,JP,Japan,Q1,2019
8,spotify:track:7tFiyTwD0nx5a1eklYtX2J,Queen,Bohemian Rhapsody - Remastered 2011,Hollywood Records,3,7,10,186797,JP,Japan,Q1,2019
9,spotify:track:77lmDcPPyY6kK907gdgC6i,Mr.Children,HANABI,Toy's Factory,1,9,35,171493,JP,Japan,Q1,2019
10,spotify:track:2rPE9A1vEgShuZxxzR2tZH,Ariana Grande,"thank u, next",Republic Records,3,16,10,170675,JP,Japan,Q1,2019
11,spotify:track:7qiZfU4dY1lWllzX7mPBI3,Ed Sheeran,Shape of You,Atlantic Records UK,1,6,72,166095,JP,Japan,Q1,2019
12,spotify:track:1vVm7saDXHk99SU5BFUDpp,ONE OK ROCK,Stand Out Fit In,Fueled By Ramen,2,19,7,164219,JP,Japan,Q1,2019
13,spotify:track:0ve9Tpz8Yw0I4eXhWsy21o,[Alexandros],ワタリドリ,Universal Music LLC,7,10,72,163325,JP,Japan,Q1,2019
14,spotify:track:184XtKkzoAl83quIarUAJP,TWICE,YES or YES,Republic Records - TWICE,2,15,10,160985,JP,Japan,Q1,2019
15,spotify:track:2H3bOGOE50qEo5wAYoJiwL,Aimyon,貴方解剖純愛歌〜死ね〜,LASTRUM Music Entertainment Inc.,15,25,23,154669,JP,Japan,Q1,2019
16,spotify:track:46gSY0U7ZZCmd7EuJuo15N,AAA,恋音と雨空,avex trax,7,12,72,151443,JP,Japan,Q1,2019
17,spotify:track:7CmWXD3w1xOO53AAO4LRVQ,Superfly,愛をこめて花束を,WM Japan,6,11,72,151078,JP,Japan,Q1,2019
18,spotify:track:0QKmcZNAST4GytJYmkN05D,SUDA MASAKI,さよならエレジー,Sony Music Labels Inc.,1,22,46,149900,JP,Japan,Q1,2019
19,spotify:track:2VxeLyX666F8uXCJ0dZF8B,"Lady Gaga, Bradley Cooper",Shallow,A Star is Born OST,19,38,11,149773,JP,Japan,Q1,2019
20,spotify:track:7swIKcU4tFRk4iFJpi12Fg,MONGOL800,小さな恋のうた,TISSUE FREAK RECORDS,7,14,72,145661,JP,Japan,Q1,2019
21,spotify:track:08XBLK5BlN5ZBLukMO49jy,Nogizaka46,帰り道は遠回りしたくなる,Sony Music Labels Inc.,8,30,9,141732,JP,Japan,Q1,2019
22,spotify:track:69jrtjVjyzRyPCDg0dHYCX,Aimyon,生きていたんだよな,WM Japan,22,36,20,140301,JP,Japan,Q1,2019
23,spotify:track:22aZD7yaGYfhgCYazL4nbc,HY,366日,"TV ASAHI MUSIC CO.,LTD.",17,21,64,139595,JP,Japan,Q1,2019
24,spotify:track:6UrocZrUx9Nb490ACF5UBP,Aimyon,Only Under the Full Moon,WM Japan,24,43,23,132678,JP,Japan,Q1,2019
25,spotify:track:0YAMQSmHk6BSUGTYpaoqTJ,ONE OK ROCK,Wherever you are,Aer-born,5,17,72,131742,JP,Japan,Q1,2019
26,spotify:track:6cFZ4PLC19taNlpl9pbGMf,Queen,Somebody To Love - Remastered 2011,Hollywood Records,14,23,9,131339,JP,Japan,Q1,2019
27,spotify:track:6KBj27Bko8gh71gpx0PzIG,ONE OK ROCK,Change,Fueled By Ramen,1,18,47,129831,JP,Japan,Q1,2019
28,spotify:track:4PqDkR6YM80Sy590Qsy6mm,Yo Hitoto,ハナミズキ,UME - Global Clearing House,20,20,57,124329,JP,Japan,Q1,2019
29,spotify:track:5vdp5UmvTsnMEMESIF2Ym7,Queen,Another One Bites The Dust - Remastered 2011,Hollywood Records,14,29,9,121133,JP,Japan,Q1,2019
30,spotify:track:5T8EDUDqKcs6OSOwEsfqG7,Queen,Don't Stop Me Now - Remastered 2011,Hollywood Records,28,31,9,120663,JP,Japan,Q1,2019
31,spotify:track:0V2axJ946WH1vt9t5SGMLV,AI,Story,Universal Music LLC,19,26,61,118669,JP,Japan,Q1,2019
32,spotify:track:0XvOvUbvflmXxU8yqnF8Cp,OFFICIAL HIGE DANDISM,Stand By You,PONY CANYON INC.,15,49,14,118548,JP,Japan,Q1,2019
33,spotify:track:6ODZT1FGTE2q4two05giS1,sakanaction,新宝島,NF Records,4,28,45,117167,JP,Japan,Q1,2019
34,spotify:track:72gv4zhNvRVdQA0eOenCal,"Clean Bandit, Zara Larsson",Symphony (feat. Zara Larsson),Atlantic Records UK,23,34,72,114765,JP,Japan,Q1,2019
35,spotify:track:2gasr6aemUqZIBBN05EO03,Shota Shimizu,My Boo,Sony Music Labels Inc.,4,24,72,113114,JP,Japan,Q1,2019
36,spotify:track:4pbJqGIASGPr0ZpGpnWkDn,Queen,We Will Rock You - Remastered 2011,Hollywood Records,21,39,9,112777,JP,Japan,Q1,2019
37,spotify:track:7GqWnsKhMtEW0nzki5o0d8,Queen,Killer Queen - Remastered 2011,Hollywood Records,19,40,9,111551,JP,Japan,Q1,2019
38,spotify:track:4IubwxgmXeZtDtYjTaT9gN,Motohiro Hata,鱗(うろこ),Universal Music LLC,19,33,72,110945,JP,Japan,Q1,2019
39,spotify:track:7iXHLtPosbHvglVSJ4rxLq,GReeeeN,愛唄,Universal Music LLC,6,27,72,110544,JP,Japan,Q1,2019
40,spotify:track:5Ek40FyMPprcvtyZDjqylX,TWICE,What is Love?,Republic Records - TWICE,5,32,40,110230,JP,Japan,Q1,2019
41,spotify:track:77m6PiiPEQGUxjNELzMyiF,Nogizaka46,シンクロニシティ,Sony Music Labels Inc.,12,67,35,108821,JP,Japan,Q1,2019
42,spotify:track:31yv1hR9gw1WSEmtqsaZbD,Hikaru Utada,花束を君に,Universal Music LLC,11,37,53,106598,JP,Japan,Q1,2019
43,spotify:track:7ztdl6cnbJgHRdMkKldkts,GReeeeN,キセキ,Universal Music LLC,21,35,72,105903,JP,Japan,Q1,2019
44,spotify:track:27VzBf5TfcPrhoylqxQ46v,Mrs. GREEN APPLE,僕のこと,Universal Music LLC,44,105,2,105584,JP,Japan,Q1,2019
45,spotify:track:5RbMlPFL4gVyEHW2lEOuzG,Sukima Switch,奏(かなで),Universal Music LLC,45,46,21,105509,JP,Japan,Q1,2019
46,spotify:track:3UJIq4L2TI6vdKyW0ed0e4,"Sheena Ringo, Hiroji Miyamoto",獣ゆく細道,Universal Music LLC,5,58,15,103802,JP,Japan,Q1,2019
47,spotify:track:0kA7SWxWPYqSyIbMl51X5b,flumpool,Kimi Ni Todoke,A-Sketch,25,47,61,101397,JP,Japan,Q1,2019
48,spotify:track:2fuCquhmrzHpu5xcA1ci9x,"Queen, David Bowie",Under Pressure - Remastered 2011,Hollywood Records,29,48,9,100263,JP,Japan,Q1,2019
49,spotify:track:7BKLCZ1jbUBVqRi2FVlTVw,"The Chainsmokers, Halsey",Closer,Disruptor Records/Columbia,12,44,72,98280,JP,Japan,Q1,2019
50,spotify:track:0I20rLT2MJDhcF96AjbNYo,"Zedd, Alessia Cara",Stay,UMGRI Interscope,4,41,72,98250,JP,Japan,Q1,2019
1,spotify:track:2cKiHG16JBiqHdi7Llq0r7,Aimyon,Marigold,WM Japan,1,1,38,490098,JP,Japan,Q2,2019
2,spotify:track:59eluCMn0XbOWqeWQ91FTM,Aimyon,君はロックを聴かない,WM Japan,2,3,62,313843,JP,Japan,Q2,2019
3,spotify:track:4pUCKHjJ4Ijewc37rRrvHn,BLACKPINK,Kill This Love,"YG Entertainment, distributed through Interscope Records",3,-1,1,313640,JP,Japan,Q2,2019
4,spotify:track:6kKvmT4i0Dercz6f3kftg3,Aimyon,Let the Night,WM Japan,1,2,25,302171,JP,Japan,Q2,2019
5,spotify:track:7GYGVDPbi0zQUBIkuOPAY0,Aimyon,Harunohi,WM Japan,5,128,2,271888,JP,Japan,Q2,2019
6,spotify:track:0mNO3xUzjsI17GXO1DRFCH,King Gnu,白日,Sony Music Labels Inc.,3,4,7,242327,JP,Japan,Q2,2019
7,spotify:track:0N8Xztr4pBHJ7V0moJWhbO,Aimyon,愛を伝えたいだとか,WM Japan,4,5,61,232627,JP,Japan,Q2,2019
8,spotify:track:4IouQaO9GkaHC7AtMErdSa,"Daoko, Kenshi Yonezu",打上花火,TOY'S FACTORY,1,6,85,205579,JP,Japan,Q2,2019
9,spotify:track:22aZD7yaGYfhgCYazL4nbc,HY,366日,"TV ASAHI MUSIC CO.,LTD.",7,7,77,195654,JP,Japan,Q2,2019
10,spotify:track:7qiZfU4dY1lWllzX7mPBI3,Ed Sheeran,Shape of You,Atlantic Records UK,1,11,85,195546,JP,Japan,Q2,2019
11,spotify:track:0QKmcZNAST4GytJYmkN05D,SUDA MASAKI,さよならエレジー,Sony Music Labels Inc.,1,8,59,191140,JP,Japan,Q2,2019
12,spotify:track:7swIKcU4tFRk4iFJpi12Fg,MONGOL800,小さな恋のうた,TISSUE FREAK RECORDS,7,9,85,188192,JP,Japan,Q2,2019
13,spotify:track:77lmDcPPyY6kK907gdgC6i,Mr.Children,HANABI,Toy's Factory,1,10,48,186722,JP,Japan,Q2,2019
14,spotify:track:2H3bOGOE50qEo5wAYoJiwL,Aimyon,貴方解剖純愛歌〜死ね〜,LASTRUM Music Entertainment Inc.,12,19,36,178797,JP,Japan,Q2,2019
15,spotify:track:7CmWXD3w1xOO53AAO4LRVQ,Superfly,愛をこめて花束を,WM Japan,6,16,85,177013,JP,Japan,Q2,2019
16,spotify:track:0ssEfLe9aqPhMmLXKqBw6J,back number,ハッピーエンド,Universal Music LLC,13,13,7,176957,JP,Japan,Q2,2019
17,spotify:track:2Fxmhks0bxGSBdJ92vM42m,Billie Eilish,bad guy,Darkroom/Interscope Records,17,21,2,176417,JP,Japan,Q2,2019
18,spotify:track:7iXHLtPosbHvglVSJ4rxLq,GReeeeN,愛唄,Universal Music LLC,6,12,85,171014,JP,Japan,Q2,2019
19,spotify:track:46gSY0U7ZZCmd7EuJuo15N,AAA,恋音と雨空,avex trax,7,14,85,169795,JP,Japan,Q2,2019
20,spotify:track:0ve9Tpz8Yw0I4eXhWsy21o,[Alexandros],ワタリドリ,Universal Music LLC,7,15,85,168411,JP,Japan,Q2,2019
21,spotify:track:4zXRMjTaeflesB3Ih4eHnJ,ONE OK ROCK,Stand Out Fit In,Fueled By Ramen,2,17,20,165747,JP,Japan,Q2,2019
22,spotify:track:5RbMlPFL4gVyEHW2lEOuzG,Sukima Switch,奏(かなで),Universal Music LLC,22,23,34,157265,JP,Japan,Q2,2019
23,spotify:track:5icOoE6VgqFKohjWWNp0Ac,"Marshmello, CHVRCHES",Here With Me,Joytime Collective,17,22,5,155676,JP,Japan,Q2,2019
24,spotify:track:5P8ZvBQoCrujjNcLAxO3Su,back number,クリスマスソング,Universal Music LLC,24,24,7,154602,JP,Japan,Q2,2019
25,spotify:track:2jdbZGFp8KVTuk0YxDNL4l,back number,高嶺の花子さん,Universal Music LLC,25,25,6,153432,JP,Japan,Q2,2019
26,spotify:track:7DW5Dro8AHE7x19COl26E3,Aimyon,Only Under the Full Moon,WM Japan,7,20,36,150639,JP,Japan,Q2,2019
27,spotify:track:4IubwxgmXeZtDtYjTaT9gN,Motohiro Hata,鱗(うろこ),Universal Music LLC,19,32,85,147198,JP,Japan,Q2,2019
28,spotify:track:5Tj1wsJ6wE3Mf1MD0uKGnu,SPITZ,チェリー,Universal Music LLC,28,31,28,146787,JP,Japan,Q2,2019
29,spotify:track:0YAMQSmHk6BSUGTYpaoqTJ,ONE OK ROCK,Wherever you are,Aer-born,5,29,85,146013,JP,Japan,Q2,2019
30,spotify:track:7H5uStZMOGpcVw7eW0eyTi,Nissy,トリコ,avex trax,26,26,33,145983,JP,Japan,Q2,2019
31,spotify:track:5HXCP7b8k64WdZ1G0Bbc13,DA PUMP,U.S.A.,SONIC GROOVE,1,18,44,144418,JP,Japan,Q2,2019
32,spotify:track:69jrtjVjyzRyPCDg0dHYCX,Aimyon,生きていたんだよな,WM Japan,22,43,33,142122,JP,Japan,Q2,2019
33,spotify:track:0V2axJ946WH1vt9t5SGMLV,AI,Story,Universal Music LLC,19,28,74,141890,JP,Japan,Q2,2019
34,spotify:track:4y3OI86AEP6PQoDE6olYhO,Jonas Brothers,Sucker,Jonas Brothers Recording,29,33,6,138011,JP,Japan,Q2,2019
35,spotify:track:0ahbzg4GCq3wJzUM3cjS3N,IZ*ONE,Violeta,Genie Music Corporation,35,119,2,137809,JP,Japan,Q2,2019
36,spotify:track:6ODZT1FGTE2q4two05giS1,sakanaction,新宝島,NF Records,4,37,58,137757,JP,Japan,Q2,2019
37,spotify:track:2gasr6aemUqZIBBN05EO03,Shota Shimizu,My Boo,Sony Music Labels Inc.,4,34,85,134922,JP,Japan,Q2,2019
38,spotify:track:2tgWF9EZzqiq4Qzdzeow1A,Aimyon,What If...,WM Japan,8,27,8,132549,JP,Japan,Q2,2019
39,spotify:track:6ocbgoVGwYJhOv1GgI9NsF,Ariana Grande,7 rings,Republic Records,4,30,12,132246,JP,Japan,Q2,2019
40,spotify:track:3e9HZxeyfWwjeyPAMmWSSQ,Ariana Grande,"thank u, next",Republic Records,3,35,23,130390,JP,Japan,Q2,2019
41,spotify:track:7ztdl6cnbJgHRdMkKldkts,GReeeeN,キセキ,Universal Music LLC,21,41,85,129005,JP,Japan,Q2,2019
42,spotify:track:5rfUCmoI7axj6mjpu1Rto5,Ketsumeishi,sakura,"TV ASAHI MUSIC CO.,LTD",39,39,34,128973,JP,Japan,Q2,2019
43,spotify:track:76flsS3UnNr7UQIz6JmVT3,"MISIA, HIDE (GReeeeN)",アイノカタチ,Sony Music Labels Inc.,7,36,33,127315,JP,Japan,Q2,2019
44,spotify:track:184XtKkzoAl83quIarUAJP,TWICE,YES or YES,Republic Records - TWICE,2,38,23,123300,JP,Japan,Q2,2019
45,spotify:track:6Qs4SXO9dwPj5GKvVOv8Ki,"Sam Smith, Normani",Dancing With A Stranger (with Normani),PLG - Capitol,20,40,13,122187,JP,Japan,Q2,2019
46,spotify:track:0BOHIMI5EvhGuZSkWLwxIP,ONE OK ROCK,Change,Fueled By Ramen,1,45,60,118979,JP,Japan,Q2,2019
47,spotify:track:2dpaYNEQHiRxtZbfNsse99,"Marshmello, Bastille",Happier,Joytime Collective,6,42,34,116561,JP,Japan,Q2,2019
48,spotify:track:6tsOcBnaKgzK22yEiqRh8P,"Ariana Grande, Victoria Monét",MONOPOLY (with Victoria Monét),Republic Records,48,-1,1,111207,JP,Japan,Q2,2019
49,spotify:track:2PeCrMLUayMPZnLZPkJxOJ,HY,NAO,"TV ASAHI MUSIC CO.,LTD.",39,44,64,110235,JP,Japan,Q2,2019
50,spotify:track:39LyUQIy7idLxPdsjyZsxe,ONE OK ROCK,Wasted Nights,Fueled By Ramen,4,48,10,108568,JP,Japan,Q2,2019
1,spotify:track:5LkWXxDxUTwEVHL0pfKL55,OFFICIAL HIGE DANDISM,Pretender,PONY CANYON INC.,1,1,12,671057,JP,Japan,Q3,2019
2,spotify:track:2cKiHG16JBiqHdi7Llq0r7,Aimyon,Marigold,WM Japan,1,2,51,504426,JP,Japan,Q3,2019
3,spotify:track:4Jj31lihp5Nvdi4lFRjrqc,SUDA MASAKI,まちがいさがし,Sony Music Labels Inc.,3,3,6,424680,JP,Japan,Q3,2019
4,spotify:track:0mNO3xUzjsI17GXO1DRFCH,King Gnu,白日,Sony Music Labels Inc.,2,4,20,404850,JP,Japan,Q3,2019
5,spotify:track:59eluCMn0XbOWqeWQ91FTM,Aimyon,君はロックを聴かない,WM Japan,2,5,75,350184,JP,Japan,Q3,2019
6,spotify:track:5DMEvbg3gUmiR5HIBWdveV,OFFICIAL HIGE DANDISM,No Doubt,LASTRUM,6,8,65,314496,JP,Japan,Q3,2019
7,spotify:track:6kKvmT4i0Dercz6f3kftg3,Aimyon,Let the Night,WM Japan,1,6,38,306136,JP,Japan,Q3,2019
8,spotify:track:7GYGVDPbi0zQUBIkuOPAY0,Aimyon,Harunohi,WM Japan,5,7,15,299701,JP,Japan,Q3,2019
9,spotify:track:0QKmcZNAST4GytJYmkN05D,SUDA MASAKI,さよならエレジー,Sony Music Labels Inc.,1,11,72,272832,JP,Japan,Q3,2019
10,spotify:track:7swIKcU4tFRk4iFJpi12Fg,MONGOL800,小さな恋のうた,TISSUE FREAK RECORDS,7,9,98,270169,JP,Japan,Q3,2019
11,spotify:track:77lmDcPPyY6kK907gdgC6i,Mr.Children,HANABI,Toy's Factory,1,13,61,267132,JP,Japan,Q3,2019
12,spotify:track:3HVWdVOQ0ZA45FuZGSfvns,"Ed Sheeran, Justin Bieber",I Don't Care (with Justin Bieber),Atlantic Records UK,2,10,9,264663,JP,Japan,Q3,2019
13,spotify:track:2jdbZGFp8KVTuk0YxDNL4l,back number,高嶺の花子さん,Universal Music LLC,13,19,19,249310,JP,Japan,Q3,2019
14,spotify:track:0a3587n25Xhw098UeEbeJq,Mrs. GREEN APPLE,青と夏,Universal Music LLC,6,15,52,249109,JP,Japan,Q3,2019
15,spotify:track:4IouQaO9GkaHC7AtMErdSa,"Daoko, Kenshi Yonezu",打上花火,TOY'S FACTORY,1,17,98,248145,JP,Japan,Q3,2019
16,spotify:track:0ve9Tpz8Yw0I4eXhWsy21o,[Alexandros],ワタリドリ,Universal Music LLC,7,18,98,245436,JP,Japan,Q3,2019
17,spotify:track:0TK2YIli7K1leLovkQiNik,"Shawn Mendes, Camila Cabello",Señorita,Island Records,14,14,3,243343,JP,Japan,Q3,2019
18,spotify:track:44vXWYTcdrejrIQZEoHzl8,BTS,Lights,Universal Music LLC,18,107,2,242545,JP,Japan,Q3,2019
19,spotify:track:22aZD7yaGYfhgCYazL4nbc,HY,366日,"TV ASAHI MUSIC CO.,LTD.",7,16,90,241726,JP,Japan,Q3,2019
20,spotify:track:7a3LbQFgp7NCuNcGlTgSsN,sakanaction,忘れられないの,NF Records,6,12,4,230376,JP,Japan,Q3,2019
21,spotify:track:2Fxmhks0bxGSBdJ92vM42m,Billie Eilish,bad guy,Darkroom/Interscope Records,11,23,15,228206,JP,Japan,Q3,2019
22,spotify:track:4evmHXcjt3bTUHD1cvny97,"Ed Sheeran, Khalid",Beautiful People (feat. Khalid),Atlantic Records UK,20,20,2,226553,JP,Japan,Q3,2019
23,spotify:track:5P8ZvBQoCrujjNcLAxO3Su,back number,クリスマスソング,Universal Music LLC,16,21,20,225905,JP,Japan,Q3,2019
24,spotify:track:0XvOvUbvflmXxU8yqnF8Cp,OFFICIAL HIGE DANDISM,Stand By You,PONY CANYON INC.,15,31,40,225115,JP,Japan,Q3,2019
25,spotify:track:0ssEfLe9aqPhMmLXKqBw6J,back number,ハッピーエンド,Universal Music LLC,13,22,20,224195,JP,Japan,Q3,2019
26,spotify:track:7CmWXD3w1xOO53AAO4LRVQ,Superfly,愛をこめて花束を,WM Japan,6,27,98,219195,JP,Japan,Q3,2019
27,spotify:track:0N8Xztr4pBHJ7V0moJWhbO,Aimyon,愛を伝えたいだとか,WM Japan,4,24,74,218375,JP,Japan,Q3,2019
28,spotify:track:7iXHLtPosbHvglVSJ4rxLq,GReeeeN,愛唄,Universal Music LLC,6,30,98,210870,JP,Japan,Q3,2019
29,spotify:track:5KawlOMHjWeUjQtnuRs22c,"BTS, Halsey",Boy With Luv (feat. Halsey),BIGHIT MUSIC,2,37,13,210505,JP,Japan,Q3,2019
30,spotify:track:7qiZfU4dY1lWllzX7mPBI3,Ed Sheeran,Shape of You,Atlantic Records UK,1,28,98,209829,JP,Japan,Q3,2019
31,spotify:track:6ODZT1FGTE2q4two05giS1,sakanaction,新宝島,NF Records,4,25,71,209673,JP,Japan,Q3,2019
32,spotify:track:39LyUQIy7idLxPdsjyZsxe,ONE OK ROCK,Wasted Nights,Fueled By Ramen,4,29,23,207372,JP,Japan,Q3,2019
33,spotify:track:7H5uStZMOGpcVw7eW0eyTi,Nissy,トリコ,avex trax,26,26,46,203411,JP,Japan,Q3,2019
34,spotify:track:7a7EIFzJLd7lcDRgThMQgm,ONE OK ROCK,Wherever you are,Aer-born,5,32,98,201324,JP,Japan,Q3,2019
35,spotify:track:5RbMlPFL4gVyEHW2lEOuzG,Sukima Switch,奏(かなで),Universal Music LLC,22,34,47,197778,JP,Japan,Q3,2019
36,spotify:track:4IubwxgmXeZtDtYjTaT9gN,Motohiro Hata,鱗(うろこ),Universal Music LLC,19,36,98,193941,JP,Japan,Q3,2019
37,spotify:track:6LsAAHotRLMOHfCsSfYCsz,Shawn Mendes,If I Can't Have You,Island Records,9,35,10,190856,JP,Japan,Q3,2019
38,spotify:track:7BwkDMUfGl0yttRXS13SAO,Mrs. GREEN APPLE,ロマンチシズム,Universal Music LLC,38,45,17,187074,JP,Japan,Q3,2019
39,spotify:track:46gSY0U7ZZCmd7EuJuo15N,AAA,恋音と雨空,avex trax,7,38,98,182087,JP,Japan,Q3,2019
40,spotify:track:3wJHCry960drNlAUGrJLmz,Yorushika,ただ君に晴れ,U&R records,33,33,27,181546,JP,Japan,Q3,2019
41,spotify:track:3KR2OpCdnpM70TEj6IkU95,"SUDA MASAKI, Aimyon",キスだけで,Sony Music Labels Inc.,41,49,2,177544,JP,Japan,Q3,2019
42,spotify:track:2H3bOGOE50qEo5wAYoJiwL,Aimyon,貴方解剖純愛歌〜死ね〜,LASTRUM Music Entertainment Inc.,12,40,49,175035,JP,Japan,Q3,2019
43,spotify:track:2Voyeocqa1y0nOWGdNrqM6,MAN WITH A MISSION,Remember Me,Sony Music Labels Inc.,34,41,9,168471,JP,Japan,Q3,2019
44,spotify:track:2FXd6kKCtBIc6UfN1gH1pA,TWICE,FANCY,Republic Records - TWICE,5,42,12,166551,JP,Japan,Q3,2019
45,spotify:track:278JqkBGkjDovOYAwE8TW7,OFFICIAL HIGE DANDISM,115 million kilometer film,LASTRUM,45,52,10,161358,JP,Japan,Q3,2019
46,spotify:track:0V2axJ946WH1vt9t5SGMLV,AI,Story,Universal Music LLC,19,47,87,160621,JP,Japan,Q3,2019
47,spotify:track:29fRTIKsJhLUJoldM89GZS,Taylor Swift,You Need To Calm Down,Taylor Swift,23,39,4,160220,JP,Japan,Q3,2019
48,spotify:track:1iWHabUgUuuKLBa0TzTHfk,"ZAYN, Zhavia","A Whole New World (End Title) - From ""Aladdin""",Walt Disney Records,15,44,8,159979,JP,Japan,Q3,2019
49,spotify:track:5viFjDGTnrApmUY5c8qkfw,"Mena Massoud, Naomi Scott",A Whole New World,Walt Disney Records,43,43,5,150652,JP,Japan,Q3,2019
50,spotify:track:05CwHjIk71RXVU40boRMnR,"The Chainsmokers, Bebe Rexha",Call You Mine,Disruptor Records/Columbia,47,48,6,149079,JP,Japan,Q3,2019
1,spotify:track:58dxGXavrcagRqA58fNB0Z,OFFICIAL HIGE DANDISM,Pretender,PONY CANYON INC.,1,1,25,989073,JP,Japan,Q4,2019
2,spotify:track:2yozZfRYHP7Elsymghu5t3,OFFICIAL HIGE DANDISM,Shukumei,PONY CANYON INC.,2,2,14,803945,JP,Japan,Q4,2019
3,spotify:track:5DMEvbg3gUmiR5HIBWdveV,OFFICIAL HIGE DANDISM,No Doubt,LASTRUM,3,3,78,577352,JP,Japan,Q4,2019
4,spotify:track:3S3DDZrPOYTirleXRyHnNM,OFFICIAL HIGE DANDISM,Yesterday,PONY CANYON INC.,4,7,5,554039,JP,Japan,Q4,2019
5,spotify:track:2cKiHG16JBiqHdi7Llq0r7,Aimyon,Marigold,WM Japan,1,4,64,545606,JP,Japan,Q4,2019
6,spotify:track:0mNO3xUzjsI17GXO1DRFCH,King Gnu,白日,Sony Music Labels Inc.,2,5,33,492850,JP,Japan,Q4,2019
7,spotify:track:4Jj31lihp5Nvdi4lFRjrqc,SUDA MASAKI,まちがいさがし,Sony Music Labels Inc.,3,6,19,488090,JP,Japan,Q4,2019
8,spotify:track:7MhJmtlNl6R0oppdG59CaI,OFFICIAL HIGE DANDISM,Stand By You,PONY CANYON INC.,7,8,53,403526,JP,Japan,Q4,2019
9,spotify:track:2jdbZGFp8KVTuk0YxDNL4l,back number,高嶺の花子さん,Universal Music LLC,8,9,32,377883,JP,Japan,Q4,2019
10,spotify:track:278JqkBGkjDovOYAwE8TW7,OFFICIAL HIGE DANDISM,115 million kilometer film,LASTRUM,10,13,23,374086,JP,Japan,Q4,2019
11,spotify:track:59eluCMn0XbOWqeWQ91FTM,Aimyon,君はロックを聴かない,WM Japan,2,10,88,367450,JP,Japan,Q4,2019
12,spotify:track:0QKmcZNAST4GytJYmkN05D,SUDA MASAKI,さよならエレジー,Sony Music Labels Inc.,1,11,85,350778,JP,Japan,Q4,2019
13,spotify:track:68KMKHen3fHDgD8z1aBWCK,King Gnu,飛行艇,Sony Music Labels Inc.,9,14,9,334649,JP,Japan,Q4,2019
14,spotify:track:5BC6kr6etk2Y9J62AyI4i3,Mrs. GREEN APPLE,青と夏,Universal Music LLC,6,15,65,334305,JP,Japan,Q4,2019
15,spotify:track:14rWuS6yllHOdfZ8sZsZUj,TWICE,Feel Special,Republic Records - TWICE,12,12,3,328414,JP,Japan,Q4,2019
16,spotify:track:7GYGVDPbi0zQUBIkuOPAY0,Aimyon,Harunohi,WM Japan,5,16,28,323418,JP,Japan,Q4,2019
17,spotify:track:6kKvmT4i0Dercz6f3kftg3,Aimyon,Let the Night,WM Japan,1,17,51,312836,JP,Japan,Q4,2019
18,spotify:track:77lmDcPPyY6kK907gdgC6i,Mr.Children,HANABI,Toy's Factory,1,18,74,312596,JP,Japan,Q4,2019
19,spotify:track:3u0e8pyoVc7l2u3T5thohY,Aimyon,Her Blue Sky,WM Japan,19,21,4,303331,JP,Japan,Q4,2019
20,spotify:track:3wJHCry960drNlAUGrJLmz,Yorushika,ただ君に晴れ,U&R records,18,19,40,289907,JP,Japan,Q4,2019
21,spotify:track:22aZD7yaGYfhgCYazL4nbc,HY,366日,"TV ASAHI MUSIC CO.,LTD.",7,20,103,282007,JP,Japan,Q4,2019
22,spotify:track:7swIKcU4tFRk4iFJpi12Fg,MONGOL800,小さな恋のうた,TISSUE FREAK RECORDS,7,22,111,274097,JP,Japan,Q4,2019
23,spotify:track:0JcI7OdALbpSFkyKoufRYs,Mrs. GREEN APPLE,ロマンチシズム,Universal Music LLC,23,25,30,269969,JP,Japan,Q4,2019
24,spotify:track:2wrJq5XKLnmhRXHIAf9xBa,"Dan + Shay, Justin Bieber","10,000 Hours (with Justin Bieber)",Warner Music Nashville,24,-1,1,268521,JP,Japan,Q4,2019
25,spotify:track:0ve9Tpz8Yw0I4eXhWsy21o,[Alexandros],ワタリドリ,Universal Music LLC,7,23,111,262872,JP,Japan,Q4,2019
26,spotify:track:0ssEfLe9aqPhMmLXKqBw6J,back number,ハッピーエンド,Universal Music LLC,13,26,33,261140,JP,Japan,Q4,2019
27,spotify:track:5P8ZvBQoCrujjNcLAxO3Su,back number,クリスマスソング,Universal Music LLC,16,27,33,256189,JP,Japan,Q4,2019
28,spotify:track:6v3KW9xbzN5yKLt9YKDYA2,"Shawn Mendes, Camila Cabello",Señorita,Island Records,14,28,16,254532,JP,Japan,Q4,2019
29,spotify:track:4IouQaO9GkaHC7AtMErdSa,"Daoko, Kenshi Yonezu",打上花火,TOY'S FACTORY,1,24,111,252030,JP,Japan,Q4,2019
30,spotify:track:7CmWXD3w1xOO53AAO4LRVQ,Superfly,愛をこめて花束を,WM Japan,6,29,111,246439,JP,Japan,Q4,2019
31,spotify:track:45jGOHwYKgsRYbAJ8DR61d,Motohiro Hata,ひまわりの約束,Universal Music LLC,26,32,73,244554,JP,Japan,Q4,2019
32,spotify:track:7H5uStZMOGpcVw7eW0eyTi,Nissy,トリコ,avex trax,26,33,59,238809,JP,Japan,Q4,2019
33,spotify:track:7iXHLtPosbHvglVSJ4rxLq,GReeeeN,愛唄,Universal Music LLC,6,34,111,238571,JP,Japan,Q4,2019
34,spotify:track:2vOAHp8PBBFYqvQUWSoITY,Mrs. GREEN APPLE,インフェルノ,Universal Music LLC,34,37,12,236449,JP,Japan,Q4,2019
35,spotify:track:7kPN6Q2Ri2xhCBVTxAlR8v,milet,us,Sony Music Labels Inc.,20,36,7,233532,JP,Japan,Q4,2019
36,spotify:track:70eFcWOvlMObDhURTqT4Fv,"Ed Sheeran, Khalid",Beautiful People (feat. Khalid),Atlantic Records UK,12,46,15,232316,JP,Japan,Q4,2019
37,spotify:track:0N8Xztr4pBHJ7V0moJWhbO,Aimyon,愛を伝えたいだとか,WM Japan,4,30,87,229786,JP,Japan,Q4,2019
38,spotify:track:7a7EIFzJLd7lcDRgThMQgm,ONE OK ROCK,Wherever you are,Aer-born,5,38,111,227045,JP,Japan,Q4,2019
39,spotify:track:5RbMlPFL4gVyEHW2lEOuzG,Sukima Switch,奏(かなで),Universal Music LLC,22,42,60,225734,JP,Japan,Q4,2019
40,spotify:track:6ODZT1FGTE2q4two05giS1,sakanaction,新宝島,NF Records,4,35,84,225557,JP,Japan,Q4,2019
41,spotify:track:0bdYJCO9clK9ew61Z7GqMf,Foorin,パプリカ,Sony Music Labels Inc.,24,31,30,224407,JP,Japan,Q4,2019
42,spotify:track:4IubwxgmXeZtDtYjTaT9gN,Motohiro Hata,鱗(うろこ),Universal Music LLC,19,40,111,223224,JP,Japan,Q4,2019
43,spotify:track:4FdpXwtpJfRltvFuTcpNL6,sakanaction,モス,NF Records,28,39,16,218556,JP,Japan,Q4,2019
44,spotify:track:7qiZfU4dY1lWllzX7mPBI3,Ed Sheeran,Shape of You,Atlantic Records UK,1,44,111,213362,JP,Japan,Q4,2019
45,spotify:track:34s49nvRfQy1kzx7DBqVRC,Aimyon,The Smell of a Midsummer Night,WM Japan,14,41,12,212411,JP,Japan,Q4,2019
46,spotify:track:0kA7SWxWPYqSyIbMl51X5b,flumpool,Kimi Ni Todoke,A-Sketch,25,47,100,211363,JP,Japan,Q4,2019
47,spotify:track:1sIIlVrnPhrvmTrHtzM7tV,"Mrs. GREEN APPLE, Sonoko Inoue",点描の唄,Universal Music LLC,47,51,21,206029,JP,Japan,Q4,2019
48,spotify:track:0hVXuCcriWRGvwMV1r5Yn9,"Ed Sheeran & Justin Bieber, Justin Bieber",I Don't Care (with Justin Bieber),Atlantic Records UK,2,45,22,206008,JP,Japan,Q4,2019
49,spotify:track:2H3bOGOE50qEo5wAYoJiwL,Aimyon,貴方解剖純愛歌〜死ね〜,LASTRUM Music Entertainment Inc.,12,48,62,204697,JP,Japan,Q4,2019
50,spotify:track:5bTgpL0eRxUX8BLl0ZlGpL,miwa,リブート,Sony Music Labels Inc.,26,43,9,192683,JP,Japan,Q4,2019
1,spotify:track:5iwz1NiezX7WWjnCgY5TH4,"Pedro Capó, Farruko",Calma - Remix,Sony Music Latin,1,1,12,4810892,MX,Mexico,Q1,2019
2,spotify:track:6FyRXC8tJUh863JCkyWqtk,Paulo Londra,Adan y Eva,WEA Latina,2,2,10,3294668,MX,Mexico,Q1,2019
3,spotify:track:116H0KvKr2Zl4RPuVBruDO,"Bad Bunny, Drake",MIA,Rimas Entertainment LLC,1,3,13,2632972,MX,Mexico,Q1,2019
4,spotify:track:4w8niZpiMy6qz1mntFA5uM,"DJ Snake, Selena Gomez, Ozuna, Cardi B","Taki Taki (with Selena Gomez, Ozuna & Cardi B)","DJ Snake Music Productions Limited, under exclusive license to Geffen Records",1,4,15,2480916,MX,Mexico,Q1,2019
5,spotify:track:2cYnZNzFRFK0H7vSNxPsUq,"Anuel AA, Romeo Santos",Ella Quiere Beber - Remix,"Real Hasta La Muerte, LLC",5,5,10,2471933,MX,Mexico,Q1,2019
6,spotify:track:0s5DNDV6LAKn2u2Ufa3VjQ,"Mau y Ricky, Manuel Turizo, Camilo",Desconocidos,Sony Music Latin,6,7,13,2303723,MX,Mexico,Q1,2019
7,spotify:track:6o8ogTrSX8H0F66Pdz3Tsc,"Mario Bautista, Lalo Ebratt",Baby Girl (feat. Lalo Ebratt),WM Mexico,6,6,21,2187766,MX,Mexico,Q1,2019
8,spotify:track:2zDj4WjbNDmrRL6Z4YjjCA,"Reik, Maluma",Amigos Con Derechos,Columbia,3,10,19,1772674,MX,Mexico,Q1,2019
9,spotify:track:1LO951RWD10l9Vys0NrFty,Christian Nodal,No Te Contaron Mal,Universal Music Mexico,9,9,18,1738511,MX,Mexico,Q1,2019
10,spotify:track:0oCSitNlzsQfuIapF9tXRQ,Grupo Arranke,A Través del Vaso,Musart-Balboa,7,8,24,1699990,MX,Mexico,Q1,2019
11,spotify:track:48zFZh27QU5qsrBjn4C2FA,"Ozuna, Manuel Turizo",Vaina Loca,VP Records Corp/Dimelo Vi,1,11,28,1687021,MX,Mexico,Q1,2019
12,spotify:track:04cd1MHVq1D8v1nuTZoCdv,Piso 21,Puntos Suspensivos,WM Mexico,12,17,16,1566469,MX,Mexico,Q1,2019
13,spotify:track:2XXMDz7SPZ4mSFN1PXfHUy,"Becky G, Paulo Londra",Cuando Te Besé,Sony Music Latin,6,14,23,1533320,MX,Mexico,Q1,2019
14,spotify:track:3KkXRkHbMCARz0aVfEt68P,"Post Malone, Swae Lee",Sunflower - Spider-Man: Into the Spider-Verse,Universal Records,14,27,12,1527282,MX,Mexico,Q1,2019
15,spotify:track:7uQmJ1jgNzBpATSoWKSPFu,"Sebastian Yatra, Mau y Ricky",Ya No Tiene Novio,UMLE - Latino,7,12,22,1518734,MX,Mexico,Q1,2019
16,spotify:track:2rPE9A1vEgShuZxxzR2tZH,Ariana Grande,"thank u, next",Republic Records,5,15,10,1486208,MX,Mexico,Q1,2019
17,spotify:track:4KkUjFkcQvGvWekl8RATDn,"6ix9ine, Anuel AA",BEBE (feat. Anuel AA),"ScumGang Records / TenThousand Projects, LLC",3,13,19,1484613,MX,Mexico,Q1,2019
18,spotify:track:0E9ZjEAyAwOXZ7wJC0PD33,"Dynoro, Gigi D'Agostino",In My Mind,Columbia/B1 Recordings,11,16,23,1432252,MX,Mexico,Q1,2019
19,spotify:track:3ao3OVxHlb3C08vAaApUlm,"Luis Fonsi, Ozuna",Imposible,UMLE - Latino,18,20,12,1394077,MX,Mexico,Q1,2019
20,spotify:track:6MJUCumnQsQEKbCy28tbCP,"Daddy Yankee, Anuel AA",Adictiva,Craft Latino,19,19,9,1354474,MX,Mexico,Q1,2019
21,spotify:track:7dNwJbsT0sg1le5kVugGJb,"Becky G, Prince Royce, DJ Luian, Mambo Kingz, Anuel AA",Bubalu,Hear This Music,19,23,9,1347903,MX,Mexico,Q1,2019
22,spotify:track:675w3ACw5xZR3ODhUJlEVN,Manuel Turizo,Sola,Sony Music Latin/La Industria,22,36,8,1296970,MX,Mexico,Q1,2019
23,spotify:track:4uP3pUP18ennmz0tb3GphR,Bad Bunny,Solo de Mi,Rimas Entertainment LLC,23,26,4,1257552,MX,Mexico,Q1,2019
24,spotify:track:6TDtGJSk3MDTnM6nTDu5Zu,Alemán,Rucón,HOMEGROWN MAFIA S.A. DE C.V./Sony Music México-Latin,24,29,5,1257265,MX,Mexico,Q1,2019
25,spotify:track:2D3z17LBMJ2HEHeBFFjTLi,J Balvin,Reggaeton,UMLE - Latino,21,25,8,1255519,MX,Mexico,Q1,2019
26,spotify:track:7tFiyTwD0nx5a1eklYtX2J,Queen,Bohemian Rhapsody - Remastered 2011,Hollywood Records,3,18,106,1248558,MX,Mexico,Q1,2019
27,spotify:track:2dpaYNEQHiRxtZbfNsse99,"Marshmello, Bastille",Happier,Joytime Collective,16,33,20,1201751,MX,Mexico,Q1,2019
28,spotify:track:28O1p0bQXH2F6Qn8jBZZR4,"Rvssian, Farruko, J Balvin",Ponle,Sony Music Latin,28,34,18,1193471,MX,Mexico,Q1,2019
29,spotify:track:5qFeMRz4TvetPmzjre9Dq7,"J Balvin, Zion & Lennox",No Es Justo,UMLE - Latino,1,21,35,1186313,MX,Mexico,Q1,2019
30,spotify:track:45sVRPegWSGpIcsrDoaaCY,La Adictiva,En Peligro de Extinción,Anval Music,20,22,24,1169953,MX,Mexico,Q1,2019
31,spotify:track:1mT47pKLXUwPYGwB91GcNz,"KAROL G, Maluma",Créeme,UMLE - Latino,31,40,10,1157848,MX,Mexico,Q1,2019
32,spotify:track:1DcxnVNFAyVl2sDQ646pXS,KEVIN ROLDAN,PPP,UMLE - Latino,18,35,18,1121931,MX,Mexico,Q1,2019
33,spotify:track:5N5k9nd479b1xpDZ4usjrg,"Calvin Harris, Sam Smith, Jessie Reyez",Promises (with Sam Smith),Columbia,13,37,21,1089403,MX,Mexico,Q1,2019
34,spotify:track:3V8UKqhEK5zBkBb6d6ub8i,"Nio Garcia, Casper Magico, Bad Bunny, Darell, Ozuna, Nicky Jam",Te Boté - Remix,"Flow La Movie, Inc.",1,30,39,1088828,MX,Mexico,Q1,2019
35,spotify:track:5OUGSwa2eadrcAsMdUItmO,Banda MS de Sergio Lizárraga,Mejor Me Alejo,Lizos Music,29,31,22,1042762,MX,Mexico,Q1,2019
36,spotify:track:059bcIhyc2SBwm6sw2AZzd,"Piso 21, Micro TDH",Te Vi,WM Mexico,36,59,4,1007764,MX,Mexico,Q1,2019
37,spotify:track:0xYTyyfV767E2Vn3hz56kL,"T3R Elemento, Gerardo Ortiz",Aerolínea Carrillo,DEL Records,6,28,15,1006343,MX,Mexico,Q1,2019
38,spotify:track:62o8KoI44JfN7aYxgTnPvh,Maluma,Mala Mía,Sony Music Latin,6,39,22,974119,MX,Mexico,Q1,2019
39,spotify:track:6q8Lb50EtqNeeJXXe8mMAH,"KAROL G, Anuel AA",Culpables,UMLE - Latino,32,45,17,957308,MX,Mexico,Q1,2019
40,spotify:track:63USmok1OioBzKuWGW9wAg,"Los Ángeles Azules, Natalia Lafourcade",Nunca Es Suficiente,Seitrack,13,24,28,955808,MX,Mexico,Q1,2019
41,spotify:track:1j6xOGusnyXq3l6IryKF3G,"Piso 21, Manuel Turizo",Déjala Que Vuelva (feat. Manuel Turizo),WM Mexico,2,43,64,945504,MX,Mexico,Q1,2019
42,spotify:track:6De0lHrwBfPfrhorm9q1Xl,Danny Ocean,Me Rehúso,Atlantic Records,1,38,102,939235,MX,Mexico,Q1,2019
43,spotify:track:2ijef6ni2amuunRoKTlgww,"Becky G, NATTI NATASHA",Sin Pijama,Sony Music Latin,2,41,38,920767,MX,Mexico,Q1,2019
44,spotify:track:71iAechwVKGu26pahzFL0k,Morat,Cuando Nadie Ve,Universal Music Spain S.L.,14,46,31,907699,MX,Mexico,Q1,2019
45,spotify:track:1uKjQoh8JZj9ryuYRhpd7E,Luis Miguel,Ahora Te Puedes Marchar,WM Mexico,21,32,107,879535,MX,Mexico,Q1,2019
46,spotify:track:5vdp5UmvTsnMEMESIF2Ym7,Queen,Another One Bites The Dust - Remastered 2011,Hollywood Records,6,47,26,828195,MX,Mexico,Q1,2019
47,spotify:track:1G586ld1gbaECg4Bc6w40O,"Thalia, NATTI NATASHA",No Me Acuerdo,Sony Music Latin,5,42,32,825125,MX,Mexico,Q1,2019
48,spotify:track:2FY7b99s15jUprqC0M5NCT,Imagine Dragons,Natural,Kid Ina Korner / Interscope,26,56,22,817986,MX,Mexico,Q1,2019
49,spotify:track:32lexhcz93AinKK0qLTZaZ,Kenny Man,Ni Gucci Ni Prada,UMLE - Latino,49,84,8,809374,MX,Mexico,Q1,2019
50,spotify:track:1l77YWrGUp3qX3NS1rz7lq,Banda MS de Sergio Lizárraga,El Color de Tus Ojos,Lizos Music,24,44,65,797401,MX,Mexico,Q1,2019
1,spotify:track:5w9c2J52mkdntKOmRLeM2m,"Daddy Yankee, Snow",Con Calma,Craft Latino,1,1,11,4650390,MX,Mexico,Q2,2019
2,spotify:track:31UjYv5vLsDkzchJOtUMtW,Maluma,HP,Sony Music Latin,2,2,6,4268524,MX,Mexico,Q2,2019
3,spotify:track:059bcIhyc2SBwm6sw2AZzd,"Piso 21, Micro TDH",Te Vi,WM Mexico,3,3,17,3340918,MX,Mexico,Q2,2019
4,spotify:track:224EVTFiLsdQignUFLvDeH,"Dalex, Rafa Pabön, KHEA, Sech, Feid, Cazzu, Lenny Tavárez",Pa Mí (Remix),Rich Music/Ingrooves Records,4,5,6,3179884,MX,Mexico,Q2,2019
5,spotify:track:5iwz1NiezX7WWjnCgY5TH4,"Pedro Capó, Farruko",Calma - Remix,Sony Music Latin,1,4,25,3098691,MX,Mexico,Q2,2019
6,spotify:track:5W83ErFkO3aKAIS1WMi6u0,"Anuel AA, KAROL G",Secreto,Anuel AA & Karol G - Secreto,1,6,13,2986476,MX,Mexico,Q2,2019
7,spotify:track:0s5DNDV6LAKn2u2Ufa3VjQ,"Mau y Ricky, Manuel Turizo, Camilo",Desconocidos,Sony Music Latin,3,7,26,2704912,MX,Mexico,Q2,2019
8,spotify:track:6WkJ2OK163XXS2oARUC9JM,"Aaron Smith, Krono, Luvli",Dancin (feat. Luvli) - Krono Remix,Sony Music Entertainment,8,8,8,2551395,MX,Mexico,Q2,2019
9,spotify:track:5BDP2tky8oMQJPS33frKVp,"Sebastian Yatra, Reik",Un Año,UMLE - Latino,9,10,12,2214558,MX,Mexico,Q2,2019
10,spotify:track:7uH27oIt4a6cIFCA8ZPcyG,Ozuna,Baila Baila Baila,Aura Music Corp.,6,9,13,2157110,MX,Mexico,Q2,2019
11,spotify:track:2YRvdf9cdS88y1wB1WhKoE,Guaynaa,Rebota,Guaynaa Records LLC,11,12,8,2103254,MX,Mexico,Q2,2019
12,spotify:track:6FyRXC8tJUh863JCkyWqtk,Paulo Londra,Adan y Eva,WEA Latina,2,11,23,2019060,MX,Mexico,Q2,2019
13,spotify:track:2Fxmhks0bxGSBdJ92vM42m,Billie Eilish,bad guy,Darkroom/Interscope Records,13,19,2,2006871,MX,Mexico,Q2,2019
14,spotify:track:3f5lA8nnc4YYF1qf78WpHw,"Anuel AA, Romeo Santos",Ella Quiere Beber - Remix,"Real Hasta La Muerte, LLC",5,13,23,1926801,MX,Mexico,Q2,2019
15,spotify:track:46lvmzK8wxAy66tjzXXSh0,Paulo Londra,Tal Vez,WEA Latina,15,-1,1,1903017,MX,Mexico,Q2,2019
16,spotify:track:4lzxJ4jCuFDXXGkE1LmpKR,"DJ Luian, Mambo Kingz, Anuel AA, Nicky Jam, Darell, Brytiago",Verte Ir,Hear This Music,16,30,2,1857192,MX,Mexico,Q2,2019
17,spotify:track:675w3ACw5xZR3ODhUJlEVN,Manuel Turizo,Sola,Sony Music Latin/La Industria,12,15,21,1779641,MX,Mexico,Q2,2019
18,spotify:track:6ocbgoVGwYJhOv1GgI9NsF,Ariana Grande,7 rings,Republic Records,6,14,12,1750289,MX,Mexico,Q2,2019
19,spotify:track:1LiN0Z98FkR1t0m8KmLcAH,"Anuel AA, Haze",Amanece,House of Haze,18,18,17,1702672,MX,Mexico,Q2,2019
20,spotify:track:7BuHdm4lQqcyG3qTwdkxus,"Wisin & Yandel, Romeo Santos",Aullando,Sony Music Latin,20,21,8,1679117,MX,Mexico,Q2,2019
21,spotify:track:3g4UyIcQwutiG0TfW32GnX,"Manuel Turizo, Ozuna",Esclavo de Tus Besos,Sony Music Latin/La Industria,20,20,8,1669606,MX,Mexico,Q2,2019
22,spotify:track:6v0lAdFF4haL8xjBIUjtOw,"Nicky Jam, Ozuna",Te Robaré,Sony Music Latin,22,25,3,1569091,MX,Mexico,Q2,2019
23,spotify:track:32lexhcz93AinKK0qLTZaZ,Kenny Man,Ni Gucci Ni Prada,UMLE - Latino,13,17,21,1490901,MX,Mexico,Q2,2019
24,spotify:track:3KkXRkHbMCARz0aVfEt68P,"Post Malone, Swae Lee",Sunflower - Spider-Man: Into the Spider-Verse,Universal Records,8,16,25,1490260,MX,Mexico,Q2,2019
25,spotify:track:6Qs4SXO9dwPj5GKvVOv8Ki,"Sam Smith, Normani",Dancing With A Stranger (with Normani),PLG - Capitol,25,26,13,1464041,MX,Mexico,Q2,2019
26,spotify:track:4DbhxwlkhTbCTqlZptxmI6,Danny Ocean,Swing,Atlantic Records,26,29,8,1408407,MX,Mexico,Q2,2019
27,spotify:track:1mT47pKLXUwPYGwB91GcNz,"KAROL G, Maluma",Créeme,UMLE - Latino,17,23,23,1398713,MX,Mexico,Q2,2019
28,spotify:track:2qG5sZ7Si6sdK74qLxedYM,"ROSALÍA, J Balvin, El Guincho",Con Altura,Columbia,28,38,2,1366856,MX,Mexico,Q2,2019
29,spotify:track:116H0KvKr2Zl4RPuVBruDO,"Bad Bunny, Drake",MIA,Rimas Entertainment LLC,1,24,26,1330772,MX,Mexico,Q2,2019
30,spotify:track:4y3OI86AEP6PQoDE6olYhO,Jonas Brothers,Sucker,Jonas Brothers Recording,16,28,6,1311598,MX,Mexico,Q2,2019
31,spotify:track:6o8ogTrSX8H0F66Pdz3Tsc,"Mario Bautista, Lalo Ebratt",Baby Girl (feat. Lalo Ebratt),WM Mexico,6,22,34,1253633,MX,Mexico,Q2,2019
32,spotify:track:4w8niZpiMy6qz1mntFA5uM,"DJ Snake, Selena Gomez, Ozuna, Cardi B","Taki Taki (with Selena Gomez, Ozuna & Cardi B)","DJ Snake Music Productions Limited, under exclusive license to Geffen Records",1,31,28,1215373,MX,Mexico,Q2,2019
33,spotify:track:08aYFNUTIOMGq93e2VSArQ,"Rauw Alejandro, Nicky Jam",Que Le De,"Duars Entertainment, Corp.",33,39,9,1204257,MX,Mexico,Q2,2019
34,spotify:track:2ktoFujjJtantyMoVdBJlX,"ChocQuibTown, Zion & Lennox, Farruko, Manuel Turizo",Pa Olvidarte (feat. Manuel Turizo) - Remix,Sony Music Latin,28,34,10,1184214,MX,Mexico,Q2,2019
35,spotify:track:2D3z17LBMJ2HEHeBFFjTLi,J Balvin,Reggaeton,UMLE - Latino,20,27,21,1179391,MX,Mexico,Q2,2019
36,spotify:track:1LO951RWD10l9Vys0NrFty,Christian Nodal,No Te Contaron Mal,Universal Music Mexico,9,32,31,1141411,MX,Mexico,Q2,2019
37,spotify:track:2zDj4WjbNDmrRL6Z4YjjCA,"Reik, Maluma",Amigos Con Derechos,Columbia,3,37,32,1107420,MX,Mexico,Q2,2019
38,spotify:track:4T4CZ3Q4z3GG7lU720YYhM,"Lunay, Gaby Music, Chris Jedi",Soltera,round2media - LaFamilia,38,40,5,1107389,MX,Mexico,Q2,2019
39,spotify:track:7dNwJbsT0sg1le5kVugGJb,"Becky G, Prince Royce, DJ Luian, Mambo Kingz, Anuel AA",Bubalu,Hear This Music,19,35,22,1099857,MX,Mexico,Q2,2019
40,spotify:track:1WSGTYKLEpKfNQYYW5Oymt,"benny blanco, Selena Gomez, J Balvin, Tainy","I Can’t Get Enough (benny blanco, Selena Gomez, J Balvin, Tainy)",NEON16/Friends Keep Secrets/Interscope Records,31,36,6,1025050,MX,Mexico,Q2,2019
41,spotify:track:6ifUES3keWjwXgae8pXI3o,Danny Ocean,Me Rehúso,Atlantic Records,1,42,115,1024487,MX,Mexico,Q2,2019
42,spotify:track:2VxeLyX666F8uXCJ0dZF8B,"Lady Gaga, Bradley Cooper",Shallow,A Star is Born OST,16,33,27,1018597,MX,Mexico,Q2,2019
43,spotify:track:2dpaYNEQHiRxtZbfNsse99,"Marshmello, Bastille",Happier,Joytime Collective,16,43,33,993066,MX,Mexico,Q2,2019
44,spotify:track:4u7EnebtmKWzUH433cf5Qv,Queen,Bohemian Rhapsody - Remastered 2011,Hollywood Records,3,44,119,983248,MX,Mexico,Q2,2019
45,spotify:track:48zFZh27QU5qsrBjn4C2FA,"Ozuna, Manuel Turizo",Vaina Loca,VP Records Corp/Dimelo Vi,1,47,41,975216,MX,Mexico,Q2,2019
46,spotify:track:3JjaofJ0lCeEsFSZqppzOp,"Sean Paul, J Balvin",Contra La Pared,Universal-Island Records Ltd.,46,74,4,974500,MX,Mexico,Q2,2019
47,spotify:track:6MJUCumnQsQEKbCy28tbCP,"Daddy Yankee, Anuel AA",Adictiva,Craft Latino,16,46,22,970916,MX,Mexico,Q2,2019
48,spotify:track:2XXMDz7SPZ4mSFN1PXfHUy,"Becky G, Paulo Londra",Cuando Te Besé,Sony Music Latin,6,51,36,952004,MX,Mexico,Q2,2019
49,spotify:track:4SSnFejRGlZikf02HLewEF,Billie Eilish,bury a friend,Darkroom/Interscope Records,40,41,10,941792,MX,Mexico,Q2,2019
50,spotify:track:3SqvR3HYLlCTYzbDXJ52OC,LP,Lost on You,BMG Rights Management (US) LLC,50,52,32,924240,MX,Mexico,Q2,2019
1,spotify:track:1Ej96GIBCTvgH7tNX1r3qr,"Sech, Darell",Otro Trago,Rich Music/Ingrooves Records,1,1,11,4925430,MX,Mexico,Q3,2019
2,spotify:track:2TH65lNHgvLxCKXM3apjxI,"Bad Bunny, Tainy",Callaita,Rimas Entertainment LLC,2,2,6,4844694,MX,Mexico,Q3,2019
3,spotify:track:0fea68AdmYNygeTGI4RC18,"J Balvin, Bad Bunny",LA CANCIÓN,Universal Music Latino / Rimas,3,3,2,4037282,MX,Mexico,Q3,2019
4,spotify:track:7KbF6AdprOXEEHlsq11Z6d,Maluma,11 PM,Sony Music Latin,3,4,8,3788647,MX,Mexico,Q3,2019
5,spotify:track:1c0hsvHLELX6y8qymnpLKL,"Lunay, Daddy Yankee, Bad Bunny",Soltera (Remix),round2media - LaFamilia,2,5,9,3481812,MX,Mexico,Q3,2019
6,spotify:track:0TK2YIli7K1leLovkQiNik,"Shawn Mendes, Camila Cabello",Señorita,Island Records,5,7,3,3079114,MX,Mexico,Q3,2019
7,spotify:track:2qG5sZ7Si6sdK74qLxedYM,"ROSALÍA, J Balvin, El Guincho",Con Altura,Columbia,7,8,15,2824955,MX,Mexico,Q3,2019
8,spotify:track:25ZAibhr3bdlMCLmubZDVt,"J Balvin, Bad Bunny",QUE PRETENDES,Universal Music Latino / Rimas,6,6,2,2718176,MX,Mexico,Q3,2019
9,spotify:track:5jW3rF4URMdK7tO2xjS5EI,Paulo Londra,Tal Vez,WEA Latina,2,9,14,2651324,MX,Mexico,Q3,2019
10,spotify:track:1LIqNVhaIgxXUt2eVoIQJ3,Maluma,HP,Sony Music Latin,1,10,19,2398658,MX,Mexico,Q3,2019
11,spotify:track:4R8BJggjosTswLxtkw8V7P,"JHAYCO, J Balvin, Bad Bunny",No Me Conoce - Remix,N&E Entertainment LLC,11,12,8,2368060,MX,Mexico,Q3,2019
12,spotify:track:4Clmg1g8n2yBYG13Z1oSdG,"Dayvi, Victor Cardenas, Kelly Ruíz",Baila Conmigo (feat. Kelly Ruiz),Sony Music México,10,11,10,2323923,MX,Mexico,Q3,2019
13,spotify:track:2Fxmhks0bxGSBdJ92vM42m,Billie Eilish,bad guy,Darkroom/Interscope Records,7,13,15,2274124,MX,Mexico,Q3,2019
14,spotify:track:5w9c2J52mkdntKOmRLeM2m,"Daddy Yankee, Snow",Con Calma,Craft Latino,1,14,24,2102734,MX,Mexico,Q3,2019
15,spotify:track:0UQwlF2pRkr1lMN6kNNUj3,"Mau y Ricky, Camilo",La Boca,Sony Music Latin,15,19,10,1973429,MX,Mexico,Q3,2019
16,spotify:track:6v0lAdFF4haL8xjBIUjtOw,"Nicky Jam, Ozuna",Te Robaré,Sony Music Latin,12,15,16,1970396,MX,Mexico,Q3,2019
17,spotify:track:059bcIhyc2SBwm6sw2AZzd,"Piso 21, Micro TDH",Te Vi,WM Mexico,3,16,30,1907993,MX,Mexico,Q3,2019
18,spotify:track:4lzxJ4jCuFDXXGkE1LmpKR,"DJ Luian, Mambo Kingz, Anuel AA, Nicky Jam, Darell, Brytiago",Verte Ir,Hear This Music,10,18,15,1874369,MX,Mexico,Q3,2019
19,spotify:track:7g8YaUQABMal0zWe7a2ijz,"Dalex, Rafa Pabön, KHEA, Sech, Feid, Cazzu, Lenny Tavárez",Pa Mí (Remix),Rich Music/Ingrooves Records,3,17,19,1728329,MX,Mexico,Q3,2019
20,spotify:track:7BuSE9uTIw931wtZYzvZcQ,"Sebastian Yatra, Daddy Yankee, NATTI NATASHA, Jonas Brothers",Runaway,UMLE - Latino,19,21,3,1701912,MX,Mexico,Q3,2019
21,spotify:track:6u7jPi22kF8CTQ3rb9DHE7,"Lil Nas X, Billy Ray Cyrus",Old Town Road (feat. Billy Ray Cyrus) - Remix,Columbia,14,20,12,1651537,MX,Mexico,Q3,2019
22,spotify:track:56f5qnyAlZdlz8wrUDA50h,"Mau y Ricky, Manuel Turizo, Camilo",Desconocidos,Sony Music Latin,3,22,39,1496325,MX,Mexico,Q3,2019
23,spotify:track:5iwz1NiezX7WWjnCgY5TH4,"Pedro Capó, Farruko",Calma - Remix,Sony Music Latin,1,23,38,1475797,MX,Mexico,Q3,2019
24,spotify:track:0akyEssGRVHstqCSWXusJL,Ed Maverick,Fuentes de Ortiz,Universal Music Mexico,24,25,26,1436277,MX,Mexico,Q3,2019
25,spotify:track:4gqMVEJSaL5nNeKj5WmVoT,"Pitbull, Daddy Yankee, NATTI NATASHA",No Lo Trates,Mr. 305 Records,23,28,10,1375333,MX,Mexico,Q3,2019
26,spotify:track:3HVWdVOQ0ZA45FuZGSfvns,"Ed Sheeran, Justin Bieber",I Don't Care (with Justin Bieber),Atlantic Records UK,17,26,9,1346768,MX,Mexico,Q3,2019
27,spotify:track:5W83ErFkO3aKAIS1WMi6u0,"Anuel AA, KAROL G",Secreto,Anuel AA & Karol G - Secreto,1,30,26,1330291,MX,Mexico,Q3,2019
28,spotify:track:7fODjB7BrQTGqh0hogW6XD,"Sech, Justin Quiles, Maluma, Nicky Jam, Farruko, Dalex, Lenny Tavárez",Que Mas Pues - Remix,Rich Music/Ingrooves Records,28,33,13,1268499,MX,Mexico,Q3,2019
29,spotify:track:6WkJ2OK163XXS2oARUC9JM,"Aaron Smith, Krono, Luvli",Dancin (feat. Luvli) - Krono Remix,Sony Music Entertainment,8,31,21,1254229,MX,Mexico,Q3,2019
30,spotify:track:7MRU4vOkywuhZ9kbFiPuiu,"Daddy Yankee, Wisin & Yandel",Si Supieras,El Cartel Records (EC3),30,38,2,1241330,MX,Mexico,Q3,2019
31,spotify:track:3SqvR3HYLlCTYzbDXJ52OC,LP,Lost on You,BMG Rights Management (US) LLC,30,35,45,1231829,MX,Mexico,Q3,2019
32,spotify:track:37eGbhE1xVFSvcKkqGb6i1,"Sean Paul, J Balvin",Contra La Pared,Universal-Island Records Ltd.,20,29,17,1220445,MX,Mexico,Q3,2019
33,spotify:track:1f38Gx6xQz6r4H1jGVNBJo,"DJ Snake, J Balvin, Tyga",Loco Contigo (feat. J. Balvin & Tyga),DJ Snake Music Productions Limited,33,37,4,1218888,MX,Mexico,Q3,2019
34,spotify:track:2YRvdf9cdS88y1wB1WhKoE,Guaynaa,Rebota,Guaynaa Records LLC,10,34,21,1204318,MX,Mexico,Q3,2019
35,spotify:track:132ALUzVLmqYB4UsBj5qD6,Paulo Londra,Adan y Eva,WEA Latina,2,36,36,1202138,MX,Mexico,Q3,2019
36,spotify:track:7BuHdm4lQqcyG3qTwdkxus,"Wisin & Yandel, Romeo Santos",Aullando,Sony Music Latin,16,32,21,1155837,MX,Mexico,Q3,2019
37,spotify:track:3KkXRkHbMCARz0aVfEt68P,"Post Malone, Swae Lee",Sunflower - Spider-Man: Into the Spider-Verse,Universal Records,8,41,38,1092239,MX,Mexico,Q3,2019
38,spotify:track:2vrpcQNg6itmgVZWsNjWe0,"Sebastian Yatra, Reik",Un Año,UMLE - Latino,9,40,25,1068542,MX,Mexico,Q3,2019
39,spotify:track:116H0KvKr2Zl4RPuVBruDO,"Bad Bunny, Drake",MIA,Rimas Entertainment LLC,1,44,39,1034125,MX,Mexico,Q3,2019
40,spotify:track:2LVWDR1oEthhLIOtT4hHih,Danna Paola,Mala Fama,Universal Music Mexico,38,46,15,1006297,MX,Mexico,Q3,2019
41,spotify:track:4DbhxwlkhTbCTqlZptxmI6,Danny Ocean,Swing,Atlantic Records,17,43,21,1000230,MX,Mexico,Q3,2019
42,spotify:track:4YqCBC4FwzGXuhixt5cgmm,"Ghetto Kids, Guaynaa, Mad Fuentes",Tra Tra Tra Remix - Remix,Ghetto Kids,42,48,3,995067,MX,Mexico,Q3,2019
43,spotify:track:5KbBGUpIZd6gVFUU8tqYiQ,"Myke Towers, Farruko",Si Se Da,2019 Casablanca Records & One World Music | Distributed by GLAD Empire,41,51,17,994525,MX,Mexico,Q3,2019
44,spotify:track:23CsjGOYDQiJpX44BSn9TM,"Reik, Manuel Turizo",Aleluya,Columbia,40,45,6,989474,MX,Mexico,Q3,2019
45,spotify:track:0E9ZjEAyAwOXZ7wJC0PD33,"Dynoro, Gigi D'Agostino",In My Mind,Columbia/B1 Recordings,11,59,49,974765,MX,Mexico,Q3,2019
46,spotify:track:6qoIFQfdmaQF9A1gb67tR7,KAROL G,Ocean,UMLE - Latino,46,49,10,966333,MX,Mexico,Q3,2019
47,spotify:track:3f5lA8nnc4YYF1qf78WpHw,"Anuel AA, Romeo Santos",Ella Quiere Beber - Remix,"Real Hasta La Muerte, LLC",5,54,36,956708,MX,Mexico,Q3,2019
48,spotify:track:3g4UyIcQwutiG0TfW32GnX,"Manuel Turizo, Ozuna",Esclavo de Tus Besos,Sony Music Latin/La Industria,20,50,21,954470,MX,Mexico,Q3,2019
49,spotify:track:7hbk4BaF66O09R1gq0bKwj,Christian Nodal,No Te Contaron Mal,Universal Music Mexico,9,56,44,937867,MX,Mexico,Q3,2019
50,spotify:track:6ocbgoVGwYJhOv1GgI9NsF,Ariana Grande,7 rings,Republic Records,6,55,25,906226,MX,Mexico,Q3,2019
1,spotify:track:2ksOAxtIxY8yElEWw8RhgK,"Anuel AA, Daddy Yankee, KAROL G, J Balvin, Ozuna",China,"2019 Real Hasta La Muerte, LLC.",1,1,12,3442715,MX,Mexico,Q4,2019
2,spotify:track:0fea68AdmYNygeTGI4RC18,"J Balvin, Bad Bunny",LA CANCIÓN,Universal Music Latino / Rimas,2,2,15,3294861,MX,Mexico,Q4,2019
3,spotify:track:1nocRtwyNPVtGcIJqfgdzZ,"Camilo, Pedro Capó",Tutu,Sony Music Latin,2,4,9,3164768,MX,Mexico,Q4,2019
4,spotify:track:2TH65lNHgvLxCKXM3apjxI,"Bad Bunny, Tainy",Callaita,Rimas Entertainment LLC,1,3,19,3021243,MX,Mexico,Q4,2019
5,spotify:track:4R8BJggjosTswLxtkw8V7P,"JHAYCO, J Balvin, Bad Bunny",No Me Conoce - Remix,N&E Entertainment LLC,5,5,21,2915461,MX,Mexico,Q4,2019
6,spotify:track:4wJFExEZZo62tmwTM9ENDR,Danna Paola,Oye Pablo,Universal Music Mexico,6,13,6,2281459,MX,Mexico,Q4,2019
7,spotify:track:7KbF6AdprOXEEHlsq11Z6d,Maluma,11 PM,Sony Music Latin,3,6,21,2203319,MX,Mexico,Q4,2019
8,spotify:track:6v3KW9xbzN5yKLt9YKDYA2,"Shawn Mendes, Camila Cabello",Señorita,Island Records,5,8,16,2164244,MX,Mexico,Q4,2019
9,spotify:track:7BlBVFwvbWvcwNcUarQmjk,"ROSALÍA, Ozuna","Yo x Ti, Tu x Mi",Columbia,7,7,8,2160330,MX,Mexico,Q4,2019
10,spotify:track:3jbT1Y5MoPwEIpZndDDwVq,"Tainy, Anuel AA, Ozuna",Adicto (with Anuel AA & Ozuna),NEON16/Interscope Records,9,9,7,2154025,MX,Mexico,Q4,2019
11,spotify:track:1cVlW9WQiGlFdWUXFdFZGh,"Piso 21, Christian Nodal",Pa' Olvidarme De Ella,WM Mexico,11,14,5,2093649,MX,Mexico,Q4,2019
12,spotify:track:25ZAibhr3bdlMCLmubZDVt,"J Balvin, Bad Bunny",QUE PRETENDES,Universal Music Latino / Rimas,6,11,15,2054929,MX,Mexico,Q4,2019
13,spotify:track:1c0hsvHLELX6y8qymnpLKL,"Lunay, Daddy Yankee, Bad Bunny",Soltera (Remix),round2media - LaFamilia,2,12,22,2015465,MX,Mexico,Q4,2019
14,spotify:track:2qG5sZ7Si6sdK74qLxedYM,"ROSALÍA, J Balvin, El Guincho",Con Altura,Columbia,7,10,28,1974449,MX,Mexico,Q4,2019
15,spotify:track:1E7RHPXA9sZ30qfms18J7J,"Los Ángeles Azules, Belinda, Lalo Ebratt, Horacio Palencia",Amor A Primera Vista,Seitrack,15,17,17,1801889,MX,Mexico,Q4,2019
16,spotify:track:1Ej96GIBCTvgH7tNX1r3qr,"Sech, Darell",Otro Trago,Rich Music/Ingrooves Records,1,16,24,1759252,MX,Mexico,Q4,2019
17,spotify:track:5UVa8Qqb9L1dVxl3jKQ5J1,"Guaynaa, Cauty",Chicharrón,Guaynaa,12,15,8,1677201,MX,Mexico,Q4,2019
18,spotify:track:4YqCBC4FwzGXuhixt5cgmm,"Ghetto Kids, Guaynaa, Mad Fuentes",Tra Tra Tra Remix - Remix,Ghetto Kids,14,18,16,1658556,MX,Mexico,Q4,2019
19,spotify:track:4bTZeO72FwMa6wKOiqoynL,"Sech, Ozuna, Anuel AA, Darell, Nicky Jam",Otro Trago - Remix,Rich Music,7,19,11,1608755,MX,Mexico,Q4,2019
20,spotify:track:6fatMybX8VmHUpaxVcXzrz,"Ms Nina, Beauty Brain",Tu Sicaria,Universal Music Spain S.L.,20,27,4,1603594,MX,Mexico,Q4,2019
21,spotify:track:59s0s39NFWScuHDbHytI14,"Reik, J Balvin, Lalo Ebratt",Indeciso,Indeciso,21,25,7,1600560,MX,Mexico,Q4,2019
22,spotify:track:6osaMSJh9NguagEDQcZaKx,"DJ Snake, J Balvin, Tyga",Loco Contigo (feat. J. Balvin & Tyga),DJ Snake Music Productions Limited,13,22,17,1587886,MX,Mexico,Q4,2019
23,spotify:track:51Fjme0JiitpyXKuyQiCDo,"Y2K, bbno$",Lalala,Columbia,19,21,8,1569535,MX,Mexico,Q4,2019
24,spotify:track:0akyEssGRVHstqCSWXusJL,Ed Maverick,Fuentes de Ortiz,Universal Music Mexico,21,24,39,1569503,MX,Mexico,Q4,2019
25,spotify:track:1GBLO0NFODuL31A5fgw0uR,"Maluma, Ricky Martin",No Se Me Quita (feat. Ricky Martin),Sony Music Latin,25,28,7,1563078,MX,Mexico,Q4,2019
26,spotify:track:5jW3rF4URMdK7tO2xjS5EI,Paulo Londra,Tal Vez,WEA Latina,2,23,27,1521633,MX,Mexico,Q4,2019
27,spotify:track:5099x34vBakWpGkHourFxP,"Maluma, J Balvin",Qué Pena,Sony Music Latin,26,26,2,1493513,MX,Mexico,Q4,2019
28,spotify:track:2LVWDR1oEthhLIOtT4hHih,Danna Paola,Mala Fama,Universal Music Mexico,28,32,28,1384650,MX,Mexico,Q4,2019
29,spotify:track:2QwMXe5zbqymDZGYsMDVqZ,Carín León,Me la Avente,Tamarindo Rekordsz,29,36,18,1378418,MX,Mexico,Q4,2019
30,spotify:track:1rgnBhdG2JDFTbYkYRZAku,Tones And I,Dance Monkey,Elektra (NEK),30,61,4,1355383,MX,Mexico,Q4,2019
31,spotify:track:56f5qnyAlZdlz8wrUDA50h,"Mau y Ricky, Manuel Turizo, Camilo",Desconocidos,Sony Music Latin,3,29,52,1355055,MX,Mexico,Q4,2019
32,spotify:track:1LIqNVhaIgxXUt2eVoIQJ3,Maluma,HP,Sony Music Latin,1,30,32,1327596,MX,Mexico,Q4,2019
33,spotify:track:6uW0PIRcyZLvkoonm763xD,"Don Patricio, Cruz Cafuné",Contando Lunares (feat. Cruz Cafuné),WM Spain,23,33,11,1324078,MX,Mexico,Q4,2019
34,spotify:track:059bcIhyc2SBwm6sw2AZzd,"Piso 21, Micro TDH",Te Vi,WM Mexico,3,34,43,1320924,MX,Mexico,Q4,2019
35,spotify:track:0aTMBEfPCCkKkneU6gLmDD,José José,El Triste,RCA Records Label,20,20,2,1298957,MX,Mexico,Q4,2019
36,spotify:track:4Clmg1g8n2yBYG13Z1oSdG,"Dayvi, Victor Cardenas, Kelly Ruíz",Baila Conmigo (feat. Kelly Ruiz),Sony Music México,10,31,23,1261179,MX,Mexico,Q4,2019
37,spotify:track:23CsjGOYDQiJpX44BSn9TM,"Reik, Manuel Turizo",Aleluya,Columbia,29,38,19,1258542,MX,Mexico,Q4,2019
38,spotify:track:4AjWbAwRpxk2worpjNH5CS,"Rich Music LTD, Sech, Dalex, Justin Quiles, Lenny Tavárez, Feid, Wisin, Zion",Quizas,Rich Music,38,43,3,1240260,MX,Mexico,Q4,2019
39,spotify:track:7xRWmHZ2wt3zDgM5mAL0JU,"Bizarrap, Alemán","Aleman: Bzrp Music Sessions, Vol. 15/66",DALE PLAY Records,33,40,4,1239795,MX,Mexico,Q4,2019
40,spotify:track:6b2RcmUt1g9N9mQ3CbjX2Y,Sam Smith,How Do You Sleep?,PLG - Capitol,34,42,12,1226299,MX,Mexico,Q4,2019
41,spotify:track:2EEmzqzM70CybVspgM7YRT,"Mau y Ricky, Camilo, Lunay",La Boca - Remix,Sony Music Latin,20,37,12,1172428,MX,Mexico,Q4,2019
42,spotify:track:1kMUGCt7XLDc5Q64Vl0H8S,"Residente, Bad Bunny",Bellacoso,5020 Records,14,41,11,1114349,MX,Mexico,Q4,2019
43,spotify:track:7g8YaUQABMal0zWe7a2ijz,"Dalex, Rafa Pabön, KHEA, Sech, Feid, Cazzu, Lenny Tavárez",Pa Mí (Remix),Rich Music/Ingrooves Records,3,45,32,1110800,MX,Mexico,Q4,2019
44,spotify:track:5w9c2J52mkdntKOmRLeM2m,"Daddy Yankee, Snow",Con Calma,Craft Latino,1,46,37,1089932,MX,Mexico,Q4,2019
45,spotify:track:5iwz1NiezX7WWjnCgY5TH4,"Pedro Capó, Farruko",Calma - Remix,Sony Music Latin,1,47,51,1089766,MX,Mexico,Q4,2019
46,spotify:track:6Y4PDQv4XjYjHLeLmvyOt0,"Sech, Ozuna",Si Te Vas,Rich Music,46,70,2,1072999,MX,Mexico,Q4,2019
47,spotify:track:7hbk4BaF66O09R1gq0bKwj,Christian Nodal,No Te Contaron Mal,Universal Music Mexico,9,50,57,1058793,MX,Mexico,Q4,2019
48,spotify:track:2Fxmhks0bxGSBdJ92vM42m,Billie Eilish,bad guy,Darkroom/Interscope Records,7,48,28,1053866,MX,Mexico,Q4,2019
49,spotify:track:7BuSE9uTIw931wtZYzvZcQ,"Sebastian Yatra, Daddy Yankee, NATTI NATASHA, Jonas Brothers",Runaway,UMLE - Latino,17,44,16,1044212,MX,Mexico,Q4,2019
50,spotify:track:21jGcNKet2qwijlDFuPiPb,Post Malone,Circles,Republic Records,44,56,6,1036343,MX,Mexico,Q4,2019
1,spotify:track:2VxeLyX666F8uXCJ0dZF8B,"Lady Gaga, Bradley Cooper",Shallow,A Star is Born OST,1,1,15,448832,PL,Poland,Q1,2019
2,spotify:track:1rqqCSm0Qe4I9rUvWncaom,Panic! At The Disco,High Hopes,DCD2 / Fueled By Ramen,2,3,23,410492,PL,Poland,Q1,2019
3,spotify:track:25sgk305KZfyuqVBQIahim,Ava Max,Sweet but Psycho,Atlantic Records,2,2,12,393321,PL,Poland,Q1,2019
4,spotify:track:27rdGxbavYJeBphck5MZAF,"Mark Ronson, Miley Cyrus",Nothing Breaks Like a Heart (feat. Miley Cyrus),Columbia,4,7,6,362976,PL,Poland,Q1,2019
5,spotify:track:5b9RQx9CLZRZcO1W8PvmcB,Young Igi,Bestia,Universal Music Polska Sp. z o.o.,2,6,16,327615,PL,Poland,Q1,2019
6,spotify:track:5p7ujcrUXASCNwRaWNHR1C,Halsey,Without Me,Capitol Records,6,20,14,301142,PL,Poland,Q1,2019
7,spotify:track:4glBRF3uJCf3bTG4hhIhpn,"Bedoes 2115, Kubi Producent, Taco Hemingway",Chłopaki nie płaczą,SBM Label,1,13,6,291288,PL,Poland,Q1,2019
8,spotify:track:5JEx7HbmvHQQswJCsoo9rA,"Ellie Goulding, Diplo, Swae Lee",Close To Me (with Diplo) (feat. Swae Lee),Polydor Records,8,24,9,287544,PL,Poland,Q1,2019
9,spotify:track:77vLpSAMNzeYL4EBeZxWqI,Dawid Podsiadło,Małomiasteczkowy,Sony Music Entertainment,1,5,32,274888,PL,Poland,Q1,2019
10,spotify:track:2rPE9A1vEgShuZxxzR2tZH,Ariana Grande,"thank u, next",Republic Records,2,11,10,274574,PL,Poland,Q1,2019
11,spotify:track:1bpjCGto1wM6A8UOmX32o4,"Bedoes 2115, Kubi Producent, Rafonix",Toy Story,SBM Label,1,10,7,273932,PL,Poland,Q1,2019
12,spotify:track:3EPXxR3ImUwfayaurPi3cm,Dean Lewis,Be Alright,Universal Music Australia Pty. Ltd.,12,21,23,258461,PL,Poland,Q1,2019
13,spotify:track:7r3oAZHfnjuPNOsp8S8NvP,"Kubi Producent, Beteo, ReTo, Siles","Bad Boy (feat. Beteo, ReTo & Siles)",Kubi Producent,13,17,3,257603,PL,Poland,Q1,2019
14,spotify:track:6TfeSFGbqxGjIKuKLQOsKC,"Męskie Granie Orkiestra, Dawid Podsiadło, Kortez, Krzysztof Zalewski",Początek,Kayax Production & Publishing,2,8,34,256298,PL,Poland,Q1,2019
15,spotify:track:3kWcNl9IThew9vwO8UM3fD,Dawid Podsiadło,Nie Ma Fal,Sony Music Entertainment,1,12,14,253431,PL,Poland,Q1,2019
16,spotify:track:1gnKUue6F9gXXHQshCBwEs,"Don Diablo, Emeli Sandé, Gucci Mane","Survive (feat. Emeli Sandé, Gucci Mane)",Intercord,16,36,5,241628,PL,Poland,Q1,2019
17,spotify:track:3KkXRkHbMCARz0aVfEt68P,"Post Malone, Swae Lee",Sunflower - Spider-Man: Into the Spider-Verse,Universal Records,17,27,12,239688,PL,Poland,Q1,2019
18,spotify:track:2iUXsYOEPhVqEBwsqP70rE,5 Seconds of Summer,Youngblood,Capitol,7,9,39,237368,PL,Poland,Q1,2019
19,spotify:track:0E9ZjEAyAwOXZ7wJC0PD33,"Dynoro, Gigi D'Agostino",In My Mind,Columbia/B1 Recordings,1,4,28,236717,PL,Poland,Q1,2019
20,spotify:track:3pe05XBTPu2wpWwkVPzuUX,Dawid Podsiadło,Trofea,Sony Music Entertainment,5,26,12,232228,PL,Poland,Q1,2019
21,spotify:track:13hvHEstJ4sNbzdroPrPI3,"Dua Lipa, BLACKPINK",Kiss and Make Up,Warner Records,21,34,12,230300,PL,Poland,Q1,2019
22,spotify:track:3cvRpuLZT1c7pzuEVwDrUI,"Bedoes 2115, Kubi Producent, GOLEC UORKIESTRA",Janosik,SBM Label,9,30,8,229563,PL,Poland,Q1,2019
23,spotify:track:77URj1iTPpQ2UF0RCqadLv,"Szpaku, Deemz",Hinata,GUGU,9,25,12,228571,PL,Poland,Q1,2019
24,spotify:track:18zllfjrozYQTau1RDQ0jf,Julia Wieniawa,Nie muszę,Kayax Production & Publishing,24,51,7,209129,PL,Poland,Q1,2019
25,spotify:track:6MWtB6iiXyIwun0YzU6DFP,Post Malone,Wow.,Republic Records,23,23,2,208792,PL,Poland,Q1,2019
26,spotify:track:5N5k9nd479b1xpDZ4usjrg,"Calvin Harris, Sam Smith, Jessie Reyez",Promises (with Sam Smith),Columbia,5,19,21,203212,PL,Poland,Q1,2019
27,spotify:track:14JzyD6FlBD5z0wV5P07YI,Billie Eilish,when the party's over,Darkroom/Interscope Records,15,44,12,196326,PL,Poland,Q1,2019
28,spotify:track:4SDdeq8HUaKPUGiE4WMASH,"Kartky, HVZX",Outside,QueQuality,28,42,20,190825,PL,Poland,Q1,2019
29,spotify:track:3NuK5xMlSlB6K2Qp16zf3h,"Clean Bandit, Demi Lovato",Solo (feat. Demi Lovato),Atlantic Records UK,2,15,34,189338,PL,Poland,Q1,2019
30,spotify:track:2dpaYNEQHiRxtZbfNsse99,"Marshmello, Bastille",Happier,Joytime Collective,16,32,21,187069,PL,Poland,Q1,2019
31,spotify:track:49uKuntJ8VMAHlF2a0U793,Paluch,Ładni smutni ludzie,Biuro Ochrony Rapu,10,46,7,186967,PL,Poland,Q1,2019
32,spotify:track:1UJU0fACycSMSDDyKtThyN,Otsochodzi,Worldwide,Asfalt Records,32,39,4,185189,PL,Poland,Q1,2019
33,spotify:track:3yI9jZu5AE7y7kUCqfBhCA,"TACONAFIDE, Quebonafide, Taco Hemingway",Tamagotchi,Taconafide,1,14,42,183837,PL,Poland,Q1,2019
34,spotify:track:6fSujm54jeDJopx8dVv517,Szpaku,UFO,GUGU,2,47,15,177188,PL,Poland,Q1,2019
35,spotify:track:4w8niZpiMy6qz1mntFA5uM,"DJ Snake, Selena Gomez, Ozuna, Cardi B","Taki Taki (with Selena Gomez, Ozuna & Cardi B)","DJ Snake Music Productions Limited, under exclusive license to Geffen Records",8,29,15,176370,PL,Poland,Q1,2019
36,spotify:track:2CdCs9y04oDuYCF4ewNzI7,Taco Hemingway,Fiji,Taco Corp,1,28,26,176008,PL,Poland,Q1,2019
37,spotify:track:63SevszngYpZOwf63o61K4,Dennis Lloyd,Nevermind,WM Italy,7,18,43,172839,PL,Poland,Q1,2019
38,spotify:track:4ofwffwvvnbSkrMSCKQDaC,George Ezra,Shotgun,Columbia,9,58,26,172116,PL,Poland,Q1,2019
39,spotify:track:0A5gdlrpAuQqZ2iFgnqBFW,Gaullin,Moonlight,Columbia/B1 Recordings,39,67,4,171959,PL,Poland,Q1,2019
40,spotify:track:2rbDhOo9Fh61Bbu23T2qCk,Lady Gaga,Always Remember Us This Way,A Star is Born OST,40,66,6,171804,PL,Poland,Q1,2019
41,spotify:track:5Fla3zyOCcIRqrDoKLU0DP,Rita Ora,Let You Love Me,Atlantic Records UK,22,62,16,171506,PL,Poland,Q1,2019
42,spotify:track:35UvOH0tRlSCdtWtaXuiWh,Dawid Podsiadło,Najnowszy Klip,Sony Music Entertainment,2,40,12,168991,PL,Poland,Q1,2019
43,spotify:track:2nFaT0t36H6UX3wN3Vxvjm,White 2115,California,SBM Label,6,41,29,165990,PL,Poland,Q1,2019
44,spotify:track:1ef8jV2jElVL74JzBKo6K7,"Sarius, Gibbs",Wiking,Step Dystrybucja,14,43,22,165548,PL,Poland,Q1,2019
45,spotify:track:01kNniEBXuqdK4ADugK7ke,Paweł Domagała,Wystarczę ja,Domagała-Borowiecki,45,68,8,164939,PL,Poland,Q1,2019
46,spotify:track:0Jb5dS1yA86aEoW9An0RyW,Dawid Podsiadło,Dżins,Sony Music Entertainment,4,53,12,160725,PL,Poland,Q1,2019
47,spotify:track:2FY7b99s15jUprqC0M5NCT,Imagine Dragons,Natural,Kid Ina Korner / Interscope,5,35,25,160569,PL,Poland,Q1,2019
48,spotify:track:7ef4DlsgrMEH11cDZd32M6,"Calvin Harris, Dua Lipa",One Kiss (with Dua Lipa),Sony Music UK,2,22,40,159996,PL,Poland,Q1,2019
49,spotify:track:39VigLq155fsriPYNfHIBc,Kortez,Hej wy,Jazzboy,49,72,16,159152,PL,Poland,Q1,2019
50,spotify:track:4oiXEXaXR2IPf3GVms9MLK,"Bedoes 2115, Kubi Producent",05:05,SBM Label,3,48,55,157430,PL,Poland,Q1,2019
1,spotify:track:2Fxmhks0bxGSBdJ92vM42m,Billie Eilish,bad guy,Darkroom/Interscope Records,1,1,2,740743,PL,Poland,Q2,2019
2,spotify:track:3rM7bxaGhahPf0bhRBlrXM,"Tymek, C0PIK, Bazgrov, Big Scythe",Język ciała,Renesans,1,2,14,557941,PL,Poland,Q2,2019
3,spotify:track:4glBRF3uJCf3bTG4hhIhpn,"Bedoes 2115, Kubi Producent, Taco Hemingway",Chłopaki nie płaczą,SBM Label,1,6,19,352960,PL,Poland,Q2,2019
4,spotify:track:2VxeLyX666F8uXCJ0dZF8B,"Lady Gaga, Bradley Cooper",Shallow,A Star is Born OST,1,5,28,336697,PL,Poland,Q2,2019
5,spotify:track:4SSnFejRGlZikf02HLewEF,Billie Eilish,bury a friend,Darkroom/Interscope Records,2,3,11,333068,PL,Poland,Q2,2019
6,spotify:track:6ocbgoVGwYJhOv1GgI9NsF,Ariana Grande,7 rings,Republic Records,1,9,12,311981,PL,Poland,Q2,2019
7,spotify:track:72sOrgrynSH73z4E41Ed0i,"Tymek, C0PIK, Bazgrov",Poza kontrolą,Renesans,5,10,9,304417,PL,Poland,Q2,2019
8,spotify:track:3Fj47GNK2kUF0uaEDgXLaD,Billie Eilish,wish you were gay,Darkroom/Interscope Records,4,4,6,298281,PL,Poland,Q2,2019
9,spotify:track:4y3OI86AEP6PQoDE6olYhO,Jonas Brothers,Sucker,Jonas Brothers Recording,6,15,6,294559,PL,Poland,Q2,2019
10,spotify:track:5WHTFyqSii0lmT9R21abT8,Mabel,Don't Call Me Up,Polydor Records,10,14,7,289532,PL,Poland,Q2,2019
11,spotify:track:2hyh9YvwFB0cGjvyGk6Sxo,"Malik Montana, K Koke",Robie YEAH,Epic/Malik Montana,3,17,11,277134,PL,Poland,Q2,2019
12,spotify:track:1lr5prHQn7Q766Ix6eGRKK,"Drenchill, Indiiana",Freed from Desire (feat. Indiiana),NITRON music,6,12,11,276641,PL,Poland,Q2,2019
13,spotify:track:43zdsphuZLzwA9k4DJhU0I,Billie Eilish,when the party's over,Darkroom/Interscope Records,7,7,25,275909,PL,Poland,Q2,2019
14,spotify:track:4pUCKHjJ4Ijewc37rRrvHn,BLACKPINK,Kill This Love,"YG Entertainment, distributed through Interscope Records",14,-1,1,260397,PL,Poland,Q2,2019
15,spotify:track:25sgk305KZfyuqVBQIahim,Ava Max,Sweet but Psycho,Atlantic Records,2,18,25,258841,PL,Poland,Q2,2019
16,spotify:track:1rqqCSm0Qe4I9rUvWncaom,Panic! At The Disco,High Hopes,DCD2 / Fueled By Ramen,2,19,36,250877,PL,Poland,Q2,2019
17,spotify:track:5vBtQYXPl3doQwnlFHwknb,be vis,Surfer,be vis,17,31,18,247988,PL,Poland,Q2,2019
18,spotify:track:2yVGgYMwdNIcEdEiUzFUYc,"Sokół, PRO8L3M, Steez83, Taco Hemingway",Napad na bankiet,PROSTO Sp. z o.o,1,21,8,247718,PL,Poland,Q2,2019
19,spotify:track:5itOtNx0WxtJmi1TQ3RuRd,"Calvin Harris, Rag'n'Bone Man",Giant (with Rag'n'Bone Man),Columbia,9,16,13,246636,PL,Poland,Q2,2019
20,spotify:track:3Kg4SgYX9XEte6S4yn6ZyG,"Bedoes 2115, Lanek, Pressa",Michelangelo,SBM Label,20,52,2,239847,PL,Poland,Q2,2019
21,spotify:track:5b9RQx9CLZRZcO1W8PvmcB,Young Igi,Bestia,Universal Music Polska Sp. z o.o.,2,28,29,238747,PL,Poland,Q2,2019
22,spotify:track:6TfeSFGbqxGjIKuKLQOsKC,"Męskie Granie Orkiestra, Dawid Podsiadło, Kortez, Krzysztof Zalewski",Początek,Kayax Production & Publishing,2,24,47,235162,PL,Poland,Q2,2019
23,spotify:track:6IRdLKIyS4p7XNiP8r6rsx,Billie Eilish,all the good girls go to hell,Darkroom/Interscope Records,8,8,2,234274,PL,Poland,Q2,2019
24,spotify:track:77vLpSAMNzeYL4EBeZxWqI,Dawid Podsiadło,Małomiasteczkowy,Sony Music Entertainment,1,27,45,227407,PL,Poland,Q2,2019
25,spotify:track:1rCcsYnmqbMYdkG7kS9GC5,"Robin Schulz, Erika Sirola",Speechless (feat. Erika Sirola),WM Germany,19,29,13,223732,PL,Poland,Q2,2019
26,spotify:track:4kV4N9D1iKVxx1KLvtTpjS,Ariana Grande,"break up with your girlfriend, i'm bored",Republic Records,1,22,9,213469,PL,Poland,Q2,2019
27,spotify:track:3XF5xLJHOQQRbWya6hBp7d,Billie Eilish,you should see me in a crown,Darkroom/Interscope Records,13,13,5,211327,PL,Poland,Q2,2019
28,spotify:track:0xoUDiOLXqp9qB3S9FkvUI,"Bedoes 2115, Kubi Producent, Koldi, Young Multi, Beteo",Delfin,SBM Label,22,48,19,206982,PL,Poland,Q2,2019
29,spotify:track:5W6bPOr0h76yXR1wXWUT7h,PRO8L3M,Crash Test,RHW Records,1,26,6,206457,PL,Poland,Q2,2019
30,spotify:track:2iUXsYOEPhVqEBwsqP70rE,5 Seconds of Summer,Youngblood,Capitol,7,34,52,204364,PL,Poland,Q2,2019
31,spotify:track:27rdGxbavYJeBphck5MZAF,"Mark Ronson, Miley Cyrus",Nothing Breaks Like a Heart (feat. Miley Cyrus),Columbia,4,37,19,202600,PL,Poland,Q2,2019
32,spotify:track:2qxmye6gAegTMjLKEBoR3d,Alec Benjamin,Let Me Down Slowly,2018,32,39,12,197505,PL,Poland,Q2,2019
33,spotify:track:0A5gdlrpAuQqZ2iFgnqBFW,Gaullin,Moonlight,Columbia/B1 Recordings,32,40,17,196941,PL,Poland,Q2,2019
34,spotify:track:5w9c2J52mkdntKOmRLeM2m,"Daddy Yankee, Snow",Con Calma,Craft Latino,27,35,7,195988,PL,Poland,Q2,2019
35,spotify:track:4QIo4oxwzzafcBWkKjDpXY,Billie Eilish,xanny,Darkroom/Interscope Records,11,11,2,195012,PL,Poland,Q2,2019
36,spotify:track:2RP8Svo0pMwZXnVcmOffDw,"Alle Farben, ILIRA",Fading,Columbia/B1 Recordings,28,33,10,192870,PL,Poland,Q2,2019
37,spotify:track:25fiDfKeimedNSPNXrQYcY,chillwagon,stukupuku (trailer),spacerange,27,50,6,192662,PL,Poland,Q2,2019
38,spotify:track:63SevszngYpZOwf63o61K4,Dennis Lloyd,Nevermind,WM Italy,7,43,56,191384,PL,Poland,Q2,2019
39,spotify:track:4SIVAJIeJN2KrcL6x5auUH,"Filipek, Tymek, D3W",Dementor,QueQuality,39,105,3,187829,PL,Poland,Q2,2019
40,spotify:track:1gnKUue6F9gXXHQshCBwEs,"Don Diablo, Emeli Sandé, Gucci Mane","Survive (feat. Emeli Sandé, Gucci Mane)",Intercord,10,38,18,185736,PL,Poland,Q2,2019
41,spotify:track:5RRAlI1Etp2NWYDftXeP9r,"Kizo, Paris Platynov, Kaz Bałagane",Mr. Gino,spacerange,41,66,2,183850,PL,Poland,Q2,2019
42,spotify:track:3Tc57t9l2O8FwQZtQOvPXK,Billie Eilish,my strange addiction,Darkroom/Interscope Records,20,20,2,181309,PL,Poland,Q2,2019
43,spotify:track:2Zu0RM1e8qBQDfVIm072ki,"Abel de Jong, Mr. Polska, Malik Montana",Jagodzianki (prod.by Abel de Jong),GM2L,43,-1,1,178352,PL,Poland,Q2,2019
44,spotify:track:7COXchtUOMd6uIT6HvmRaI,"Lauv, Troye Sivan",i'm so tired...,Lauv,24,44,11,177933,PL,Poland,Q2,2019
45,spotify:track:0OGNtqKkjI7FCE9HZ4Khgo,Dermot Kennedy,Power Over Me,UMGRI Interscope,20,32,17,177588,PL,Poland,Q2,2019
46,spotify:track:57nU6ivxzZemOQaQK0hqEs,Stephen Puth,Sexual Vibe,Arista Records,46,51,6,174895,PL,Poland,Q2,2019
47,spotify:track:2VVEyPFbGkDePlMDHxjqhq,PRO8L3M,Interpol,RHW Records,3,41,9,173841,PL,Poland,Q2,2019
48,spotify:track:0YammaEkYSeo9vQYZ1OwS6,"David Guetta, Bebe Rexha, J Balvin",Say My Name,Parlophone UK,22,42,17,172520,PL,Poland,Q2,2019
49,spotify:track:3KeWngnWN1REq9d26ZanKj,"Jan-Rapowanie, Nocny, Szpaku, Guzior",Wybory,SBM Label,9,49,10,171012,PL,Poland,Q2,2019
50,spotify:track:5jnZUl6PwWB0Maze4kDJfC,"Smith & Thell, Swedish Jam Factory",Forgive Me Friend,Arista Records,50,70,8,170280,PL,Poland,Q2,2019
1,spotify:track:0TK2YIli7K1leLovkQiNik,"Shawn Mendes, Camila Cabello",Señorita,Island Records,1,1,3,882086,PL,Poland,Q3,2019
2,spotify:track:4U4LEUWV8sFtos5PdjfDA7,schafter,hot coffee,Universal Music Polska Sp. z o.o.,1,2,7,719356,PL,Poland,Q3,2019
3,spotify:track:7GMszPpwzW9Yehj9Ox2QLD,"Tymek, TEDE, Trill Pem",Rainman,Sony Music Entertainment,2,3,6,709586,PL,Poland,Q3,2019
4,spotify:track:2Fxmhks0bxGSBdJ92vM42m,Billie Eilish,bad guy,Darkroom/Interscope Records,1,4,15,610698,PL,Poland,Q3,2019
5,spotify:track:3EQDJ0MHppNeqOtAVoJqJH,chillwagon,@ (trailer),spacerange,5,10,3,553704,PL,Poland,Q3,2019
6,spotify:track:3rM7bxaGhahPf0bhRBlrXM,"Tymek, C0PIK, Bazgrov, Big Scythe",Język ciała,Renesans,1,7,27,515550,PL,Poland,Q3,2019
7,spotify:track:25ON3izqwOFhEexcMUeWfP,"Bedoes 2115, Lanek",Nadchodzi lato,SBM Label,2,6,6,477288,PL,Poland,Q3,2019
8,spotify:track:5atl0dYLk4ctS0xeY41WzL,"schafter, Żabson",double D’s,Universal Music Polska Sp. z o.o.,5,5,3,474174,PL,Poland,Q3,2019
9,spotify:track:3HVWdVOQ0ZA45FuZGSfvns,"Ed Sheeran, Justin Bieber",I Don't Care (with Justin Bieber),Atlantic Records UK,2,8,9,454346,PL,Poland,Q3,2019
10,spotify:track:6u7jPi22kF8CTQ3rb9DHE7,"Lil Nas X, Billy Ray Cyrus",Old Town Road (feat. Billy Ray Cyrus) - Remix,Columbia,4,9,14,454134,PL,Poland,Q3,2019
11,spotify:track:3pe05XBTPu2wpWwkVPzuUX,Dawid Podsiadło,Trofea,Sony Music Entertainment,5,11,38,426587,PL,Poland,Q3,2019
12,spotify:track:2WyRfGeHo97VC5mP1BBSzr,Miley Cyrus,Mother's Daughter,RCA/Legacy,8,21,6,362738,PL,Poland,Q3,2019
13,spotify:track:72sOrgrynSH73z4E41Ed0i,"Tymek, C0PIK, Bazgrov",Poza kontrolą,Renesans,5,12,22,361234,PL,Poland,Q3,2019
14,spotify:track:3XtJwOJQroFfY98WJwzzep,White 2115,Mogę Dziś Umierać,SBM Label,14,15,3,326418,PL,Poland,Q3,2019
15,spotify:track:4evmHXcjt3bTUHD1cvny97,"Ed Sheeran, Khalid",Beautiful People (feat. Khalid),Atlantic Records UK,13,13,2,325365,PL,Poland,Q3,2019
16,spotify:track:1DFD5Fotzgn6yYXkYsKiGs,"MEDUZA, Goodboys",Piece Of Your Heart,Intercord,12,16,11,324537,PL,Poland,Q3,2019
17,spotify:track:4zSa5savpsIv5ImO2Zt3Mv,"Kubi Producent, Otsochodzi, schafter, PlanBe","9 Żyć (feat. Otsochodzi, schafter & PlanBe)",Kubi Producent,6,14,4,324034,PL,Poland,Q3,2019
18,spotify:track:5Jt9LBya59lo2T9qQ7jfH3,"Męskie Granie Orkiestra, Nosowska, Igo, Organek, Krzysztof Zalewski",Sobie i Wam,Kayax Production & Publishing,6,20,6,315466,PL,Poland,Q3,2019
19,spotify:track:2Zu0RM1e8qBQDfVIm072ki,"Abel de Jong, Mr. Polska, Malik Montana",Jagodzianki (prod.by Abel de Jong),GM2L,8,22,14,296520,PL,Poland,Q3,2019
20,spotify:track:78clZqBsIqHJsC0y9GAoAd,"GOLEC UORKIESTRA, Gromee, Bedoes 2115",Górą ty,GOLEC FABRYKA,20,24,6,296081,PL,Poland,Q3,2019
21,spotify:track:1iwYb3LTEAkMLA6YvR71TD,chillwagon,rower (trailer),spacerange,13,18,13,293277,PL,Poland,Q3,2019
22,spotify:track:0iCa6q20owJ9z5Su1qzRf9,Gedz,BALI,Universal Music Polska Sp. z o.o.,22,25,5,282336,PL,Poland,Q3,2019
23,spotify:track:3O83h4LS797N23DpweeRAa,"Jax Jones, Martin Solveig, Madison Beer, Europa",All Day And Night,Polydor Records,13,23,12,279394,PL,Poland,Q3,2019
24,spotify:track:6LsAAHotRLMOHfCsSfYCsz,Shawn Mendes,If I Can't Have You,Island Records,2,19,10,273826,PL,Poland,Q3,2019
25,spotify:track:40OMBMYRk5IQL6xCzGM0JA,"Martin Garrix, Macklemore, Fall Out Boy",Summer Days (feat. Macklemore & Patrick Stump of Fall Out Boy),Epic Amsterdam,13,17,10,272796,PL,Poland,Q3,2019
26,spotify:track:3M9Apu4OZfylLTFKvgEtKa,"Tiësto, Jonas Blue, Rita Ora",Ritual,"Universal Music, a division of Universal International Music BV",26,27,6,271349,PL,Poland,Q3,2019
27,spotify:track:5vBtQYXPl3doQwnlFHwknb,be vis,Surfer,be vis,10,30,31,247073,PL,Poland,Q3,2019
28,spotify:track:4ogDI1pxczM40LfveHO188,schafter,candy.doll,Restaurant Posse,21,26,25,243282,PL,Poland,Q3,2019
29,spotify:track:6vBdBCoOhKHiYDDOcorfNo,"Post Malone, Young Thug",Goodbyes (feat. Young Thug),Republic Records,29,-1,1,239273,PL,Poland,Q3,2019
30,spotify:track:2nFaT0t36H6UX3wN3Vxvjm,White 2115,California,SBM Label,6,33,55,237001,PL,Poland,Q3,2019
31,spotify:track:4glBRF3uJCf3bTG4hhIhpn,"Bedoes 2115, Kubi Producent, Taco Hemingway",Chłopaki nie płaczą,SBM Label,1,28,32,233102,PL,Poland,Q3,2019
32,spotify:track:7p4tetW3qNwSCz92PLGJg5,"Dynoro, Ina Wroldsen",Obsessed,Columbia/B1 Recordings,29,29,10,230532,PL,Poland,Q3,2019
33,spotify:track:53CJANUxooaqGOtdsBTh7O,Lil Nas X,Old Town Road,Columbia,9,32,16,227957,PL,Poland,Q3,2019
34,spotify:track:22vgEDb5hykfaTwLuskFGD,Jonas Brothers,Sucker,Jonas Brothers Recording,6,34,19,222947,PL,Poland,Q3,2019
35,spotify:track:5w9c2J52mkdntKOmRLeM2m,"Daddy Yankee, Snow",Con Calma,Craft Latino,19,31,20,220865,PL,Poland,Q3,2019
36,spotify:track:0mjAU3yKR1QnXnHtjGJqTM,OneRepublic,Rescue Me,Mosley Music/Interscope Records,36,36,8,220238,PL,Poland,Q3,2019
37,spotify:track:6TfeSFGbqxGjIKuKLQOsKC,"Męskie Granie Orkiestra, Dawid Podsiadło, Kortez, Krzysztof Zalewski",Początek,Kayax Production & Publishing,2,37,60,216438,PL,Poland,Q3,2019
38,spotify:track:3KeWngnWN1REq9d26ZanKj,"Jan-Rapowanie, Nocny, Szpaku, Guzior",Wybory,SBM Label,9,41,23,211869,PL,Poland,Q3,2019
39,spotify:track:5PYQUBXc7NYeI1obMKSJK0,Katy Perry,Never Really Over,Capitol Records,28,35,6,204938,PL,Poland,Q3,2019
40,spotify:track:6fTt0CH2t0mdeB2N9XFG5r,Lil Nas X,Panini,Columbia,40,44,3,204756,PL,Poland,Q3,2019
41,spotify:track:02itaCXOdC54J0ISjqqFAp,"R3HAB, A Touch Of Class",All Around The World (La La La),Casablanca Records,38,38,6,204324,PL,Poland,Q3,2019
42,spotify:track:4SIVAJIeJN2KrcL6x5auUH,"Filipek, Tymek, D3W",Dementor,QueQuality,31,43,16,200299,PL,Poland,Q3,2019
43,spotify:track:5b9RQx9CLZRZcO1W8PvmcB,Young Igi,Bestia,Universal Music Polska Sp. z o.o.,2,53,42,199758,PL,Poland,Q3,2019
44,spotify:track:77vLpSAMNzeYL4EBeZxWqI,Dawid Podsiadło,Małomiasteczkowy,Sony Music Entertainment,1,45,58,199298,PL,Poland,Q3,2019
45,spotify:track:2x0RZdkZcD8QRI53XT4GI5,"Avicii, Aloe Blacc",SOS (feat. Aloe Blacc),Pophouse Entertainment Group,9,40,13,193725,PL,Poland,Q3,2019
46,spotify:track:7qEHsqek33rTcFNT9PFqLf,Lewis Capaldi,Someone You Loved,Vertigo Berlin,46,59,23,183761,PL,Poland,Q3,2019
47,spotify:track:1xpyf9nJwybAriErZODsJY,chillwagon,kwit (trailer),spacerange,47,55,21,179613,PL,Poland,Q3,2019
48,spotify:track:25fiDfKeimedNSPNXrQYcY,chillwagon,stukupuku (trailer),spacerange,27,47,19,178660,PL,Poland,Q3,2019
49,spotify:track:2qXUbH5y8YbiqUm0VU1h7k,"Smolasty, Tymek",Tusz,WM Poland/WMI,39,54,11,178220,PL,Poland,Q3,2019
50,spotify:track:6oJ6le65B3SEqPwMRNXWjY,"Kygo, Whitney Houston",Higher Love,Kygo/RCA Records,50,64,2,178182,PL,Poland,Q3,2019
1,spotify:track:4ocfGuRDytBDjTeJLDIDjL,Ronnie Ferrari,Ona By Tak Chciała,Ronnie Ferrari,1,1,10,883675,PL,Poland,Q4,2019
2,spotify:track:1rgnBhdG2JDFTbYkYRZAku,Tones And I,Dance Monkey,Elektra (NEK),2,2,10,803176,PL,Poland,Q4,2019
3,spotify:track:4bpShq8coki3AlMsXuFCDa,"Taco Hemingway, Dawid Podsiadło",W PIĄTKI LEŻĘ W WANNIE,Taco Corp,1,3,12,572466,PL,Poland,Q4,2019
4,spotify:track:5T3iMVUMq34Oy8DwBzPvJy,chillwagon,jolka (trailer),spacerange,3,4,4,539691,PL,Poland,Q4,2019
5,spotify:track:3eekarcy7kvN4yt5ZFzltW,Travis Scott,HIGHEST IN THE ROOM,Cactus Jack/Epic,5,-1,1,528381,PL,Poland,Q4,2019
6,spotify:track:248wm0QJjthcaWCCXoXfDf,"Trill Pem, Wac Toja",NICKI,Universal Music Polska Sp. z o.o.,6,14,5,484542,PL,Poland,Q4,2019
7,spotify:track:6gj9PMazlwq99Z4dXMT8kN,Żabson,Floyd Mayweather,REVOLUME,7,35,2,464003,PL,Poland,Q4,2019
8,spotify:track:7GMszPpwzW9Yehj9Ox2QLD,"Tymek, TEDE, Trill Pem",Rainman,Sony Music Entertainment,2,5,19,444152,PL,Poland,Q4,2019
9,spotify:track:35UvOH0tRlSCdtWtaXuiWh,Dawid Podsiadło,Najnowszy Klip,Sony Music Entertainment,2,11,51,435099,PL,Poland,Q4,2019
10,spotify:track:6v3KW9xbzN5yKLt9YKDYA2,"Shawn Mendes, Camila Cabello",Señorita,Island Records,1,8,16,417245,PL,Poland,Q4,2019
11,spotify:track:4DVPJXPqKLIon9BHklap1w,"Taco Hemingway, Sergiusz",LECI NOWY FUTURE,Taco Corp,2,7,12,414897,PL,Poland,Q4,2019
12,spotify:track:4U4LEUWV8sFtos5PdjfDA7,schafter,hot coffee,Universal Music Polska Sp. z o.o.,1,10,20,396731,PL,Poland,Q4,2019
13,spotify:track:3EQDJ0MHppNeqOtAVoJqJH,chillwagon,@ (trailer),spacerange,4,6,16,395972,PL,Poland,Q4,2019
14,spotify:track:3pe05XBTPu2wpWwkVPzuUX,Dawid Podsiadło,Trofea,Sony Music Entertainment,5,12,51,381009,PL,Poland,Q4,2019
15,spotify:track:30OnKqCINi9fRJyQTEZeDz,"Miyo, Tymek, Mafia Mike, Jonatan",Będzie Lepiej,MIYO,15,16,9,373293,PL,Poland,Q4,2019
16,spotify:track:07Agqdd4SD83JRgN19OjdW,"Pezet, Auer",Magenta,Universal Music Polska Sp. z o.o.,9,9,2,371272,PL,Poland,Q4,2019
17,spotify:track:3rM7bxaGhahPf0bhRBlrXM,"Tymek, C0PIK, Bazgrov, Big Scythe",Język ciała,Renesans,1,15,40,337611,PL,Poland,Q4,2019
18,spotify:track:0uGx6VBOFy1SpjLBL7sRKj,Malik Montana,Mona Lisa,Epic/Malik Montana,10,13,4,327238,PL,Poland,Q4,2019
19,spotify:track:72sOrgrynSH73z4E41Ed0i,"Tymek, C0PIK, Bazgrov",Poza kontrolą,Renesans,5,17,35,324186,PL,Poland,Q4,2019
20,spotify:track:3XtJwOJQroFfY98WJwzzep,White 2115,Mogę Dziś Umierać,SBM Label,14,20,16,306604,PL,Poland,Q4,2019
21,spotify:track:2qVijJcx4aFBU2CS0waUqT,"Bedoes 2115, Lanek",FPS,SBM Label,9,19,11,306353,PL,Poland,Q4,2019
22,spotify:track:7qEHsqek33rTcFNT9PFqLf,Lewis Capaldi,Someone You Loved,Vertigo Berlin,22,24,36,303198,PL,Poland,Q4,2019
23,spotify:track:70eFcWOvlMObDhURTqT4Fv,"Ed Sheeran, Khalid",Beautiful People (feat. Khalid),Atlantic Records UK,12,29,15,286890,PL,Poland,Q4,2019
24,spotify:track:2Fxmhks0bxGSBdJ92vM42m,Billie Eilish,bad guy,Darkroom/Interscope Records,1,21,28,282989,PL,Poland,Q4,2019
25,spotify:track:0yuyFNfF1d0G7yH9lhoHEW,"Young Igi, Jan-Rapowanie",Idealne Połączenie,Universal Music Polska Sp. z o.o.,25,-1,1,277218,PL,Poland,Q4,2019
26,spotify:track:1Rn0B4zeGbcttEct0N1XpP,Daria Zawiałow,Hej Hej!,Sony Music Entertainment,26,32,21,273234,PL,Poland,Q4,2019
27,spotify:track:5vBtQYXPl3doQwnlFHwknb,be vis,Surfer,be vis,10,26,44,270089,PL,Poland,Q4,2019
28,spotify:track:21jGcNKet2qwijlDFuPiPb,Post Malone,Circles,Republic Records,20,33,6,268847,PL,Poland,Q4,2019
29,spotify:track:5OU1qfdHVQFjnNfGlFDaFs,"Malik Montana, Mr. Polska",Jagodzianki,Epic/Malik Montana,22,22,2,268070,PL,Poland,Q4,2019
30,spotify:track:3tvxoYBfRkpXNEeqovOJju,"Tymek, Nabo Nassib Fonabo",Radość,Sony Music Entertainment,23,37,5,262712,PL,Poland,Q4,2019
31,spotify:track:3NkJNL3WqO1Lqc3uNDxvCN,"Ariana Grande, Miley Cyrus, Lana Del Rey",Don’t Call Me Angel (Charlie’s Angels) (with Miley Cyrus & Lana Del Rey),Silver Cloud/Charlie's Angels,3,23,4,245760,PL,Poland,Q4,2019
32,spotify:track:5LCHYPVcy2cetTQ4aFVMp4,"Taco Hemingway, Dawid Podsiadło, Rosalie.",SANATORIUM,Taco Corp,5,25,12,241950,PL,Poland,Q4,2019
33,spotify:track:6kVuMP4u1WDFPmGxi1429F,"Kabe, Kizo",Skiety & Klapki - Skiety & Klapki,StoproRap,33,36,4,241214,PL,Poland,Q4,2019
34,spotify:track:7L6OzwtxLkYM9Ja2vl2UpJ,"Pezet, Auer, Piotrek Lewandowski",Dom,Universal Music Polska Sp. z o.o.,18,18,2,239958,PL,Poland,Q4,2019
35,spotify:track:7sJ7FoB7S6XXaigIY41mWo,"Malik Montana, Lil Toe",VVSNIKE,Epic/Malik Montana,20,27,3,237860,PL,Poland,Q4,2019
36,spotify:track:6osaMSJh9NguagEDQcZaKx,"DJ Snake, J Balvin, Tyga",Loco Contigo (feat. J. Balvin & Tyga),DJ Snake Music Productions Limited,13,44,15,234111,PL,Poland,Q4,2019
37,spotify:track:376XxQrHsYD4TYYwPr6a5Z,Gedz,BALI,Universal Music Polska Sp. z o.o.,18,30,18,230149,PL,Poland,Q4,2019
38,spotify:track:77vLpSAMNzeYL4EBeZxWqI,Dawid Podsiadło,Małomiasteczkowy,Sony Music Entertainment,1,42,71,229052,PL,Poland,Q4,2019
39,spotify:track:4JUJAAWpMMOEASId0N0aVQ,"Young Igi, Err Bits, Margaret",Układanki,Universal Music Polska Sp. z o.o.,17,41,13,228688,PL,Poland,Q4,2019
40,spotify:track:2unYQbgst3vkYdAxH1rbEp,"Shellerini, Paluch, Sarius, Gibbs",Restart,Gawrosz,40,-1,1,226655,PL,Poland,Q4,2019
41,spotify:track:5ZUYlw6DIVzPjbL4H7fG7c,"Żabson, Beteo, White 2115, Deemz",Small Town Boy,REVOLUME,10,31,7,225294,PL,Poland,Q4,2019
42,spotify:track:5RgBnDtHKFHgtVdqabjGE3,"Jax Jones, Bebe Rexha",Harder (with Bebe Rexha),Polydor Records,42,56,12,223272,PL,Poland,Q4,2019
43,spotify:track:5b9RQx9CLZRZcO1W8PvmcB,Young Igi,Bestia,Universal Music Polska Sp. z o.o.,2,50,55,219897,PL,Poland,Q4,2019
44,spotify:track:0hVXuCcriWRGvwMV1r5Yn9,"Ed Sheeran & Justin Bieber, Justin Bieber",I Don't Care (with Justin Bieber),Atlantic Records UK,2,39,22,219348,PL,Poland,Q4,2019
45,spotify:track:5qztBNJNiOcbB8ciuIiCwd,"Sarius, Gibbs",Wampir,Step Dystrybucja,14,52,8,215263,PL,Poland,Q4,2019
46,spotify:track:4glBRF3uJCf3bTG4hhIhpn,"Bedoes 2115, Kubi Producent, Taco Hemingway",Chłopaki nie płaczą,SBM Label,1,48,45,214775,PL,Poland,Q4,2019
47,spotify:track:5Jt9LBya59lo2T9qQ7jfH3,"Męskie Granie Orkiestra, Nosowska, Igo, Organek, Krzysztof Zalewski",Sobie i Wam,Kayax Production & Publishing,6,49,19,213794,PL,Poland,Q4,2019
48,spotify:track:3KeWngnWN1REq9d26ZanKj,"Jan-Rapowanie, Nocny, Szpaku, Guzior",Wybory,SBM Label,9,57,36,206881,PL,Poland,Q4,2019
49,spotify:track:7LzouaWGFCy4tkXDOOnEyM,Camila Cabello,Liar,Syco Music/Epic,49,69,5,205740,PL,Poland,Q4,2019
50,spotify:track:2nFaT0t36H6UX3wN3Vxvjm,White 2115,California,SBM Label,6,51,68,205180,PL,Poland,Q4,2019
1,spotify:track:2VxeLyX666F8uXCJ0dZF8B,"Lady Gaga, Bradley Cooper",Shallow,A Star is Born OST,1,1,15,1099895,SE,Sweden,Q1,2019
2,spotify:track:6MWtB6iiXyIwun0YzU6DFP,Post Malone,Wow.,Republic Records,2,2,3,1018718,SE,Sweden,Q1,2019
3,spotify:track:1nVFZL2qpUryfEJ7kpxOa7,"Jireel, K27",Alla Mina,Universal Music AB,3,-1,1,837475,SE,Sweden,Q1,2019
4,spotify:track:25sgk305KZfyuqVBQIahim,Ava Max,Sweet but Psycho,Atlantic Records,1,3,21,744789,SE,Sweden,Q1,2019
5,spotify:track:3KkXRkHbMCARz0aVfEt68P,"Post Malone, Swae Lee",Sunflower - Spider-Man: Into the Spider-Verse,Universal Records,4,6,12,714410,SE,Sweden,Q1,2019
6,spotify:track:3EPXxR3ImUwfayaurPi3cm,Dean Lewis,Be Alright,Universal Music Australia Pty. Ltd.,1,5,27,678942,SE,Sweden,Q1,2019
7,spotify:track:14sOS5L36385FJ3OL8hew4,"Kygo, Sandro Cavazza",Happy Now,Kygo,4,7,11,665896,SE,Sweden,Q1,2019
8,spotify:track:7mJKfgBVhd5lB3jweVwVQS,"Smith & Thell, Swedish Jam Factory",Forgive Me Friend (feat. Swedish Jam Factory),Arista Records,7,9,14,661978,SE,Sweden,Q1,2019
9,spotify:track:3YHHiktpaEShl6v22bOpzo,Ant Wan,Kall,Ant Wan,9,-1,1,657764,SE,Sweden,Q1,2019
10,spotify:track:14JzyD6FlBD5z0wV5P07YI,Billie Eilish,when the party's over,Darkroom/Interscope Records,10,10,12,629599,SE,Sweden,Q1,2019
11,spotify:track:2jPCvYRyIXQf2if8CTyabC,Victor Leksell,Tappat,Columbia,6,12,13,600769,SE,Sweden,Q1,2019
12,spotify:track:2rPE9A1vEgShuZxxzR2tZH,Ariana Grande,"thank u, next",Republic Records,3,4,10,600581,SE,Sweden,Q1,2019
13,spotify:track:1rqqCSm0Qe4I9rUvWncaom,Panic! At The Disco,High Hopes,DCD2 / Fueled By Ramen,13,21,28,542873,SE,Sweden,Q1,2019
14,spotify:track:5tAa8Uaqr4VvA3693mbIhU,Zara Larsson,Ruin My Life,Epic/Record Company TEN,3,13,13,532734,SE,Sweden,Q1,2019
15,spotify:track:3id2EVGKc3eFAMn9nFnB0r,Lukas Graham,Love Someone,Warner Records,8,8,18,521001,SE,Sweden,Q1,2019
16,spotify:track:3ZHnfKXAjulpLqKJfT7DEC,"Z.E, Jiggz",Sverige Vet,Team Platina,3,14,7,507115,SE,Sweden,Q1,2019
17,spotify:track:5p7ujcrUXASCNwRaWNHR1C,Halsey,Without Me,Capitol Records,17,19,14,496725,SE,Sweden,Q1,2019
18,spotify:track:5rFj8OzffT0iggSjcBaeND,Sam Smith,"Fire On Fire - From ""Watership Down""",PLG - Capitol,18,48,3,489314,SE,Sweden,Q1,2019
19,spotify:track:2rbDhOo9Fh61Bbu23T2qCk,Lady Gaga,Always Remember Us This Way,A Star is Born OST,10,15,14,485740,SE,Sweden,Q1,2019
20,spotify:track:2RSHsoi04658QL5xgQVov3,Imagine Dragons,Bad Liar,Kid Ina Korner / Interscope,16,25,9,452938,SE,Sweden,Q1,2019
21,spotify:track:3sXHMpriGlbFhMdJT6tzao,Sebastian Walldén,Everything,Universal Music AB,20,20,5,450854,SE,Sweden,Q1,2019
22,spotify:track:27rdGxbavYJeBphck5MZAF,"Mark Ronson, Miley Cyrus",Nothing Breaks Like a Heart (feat. Miley Cyrus),Columbia,22,24,6,446895,SE,Sweden,Q1,2019
23,spotify:track:0FZ4Dmg8jJJAPJnvBIzD9z,"Kodak Black, Offset, Travis Scott",ZEZE (feat. Travis Scott & Offset),Atlantic Records,7,16,13,427494,SE,Sweden,Q1,2019
24,spotify:track:6Pgkp4qUoTmJIPn7ReaGxL,"Avicii, Sandro Cavazza",Without You (feat. Sandro Cavazza),Pophouse Entertainment Group,1,11,75,425038,SE,Sweden,Q1,2019
25,spotify:track:2TIlqbIneP0ZY1O0EzYLlc,Lewis Capaldi,Someone You Loved,Vertigo Berlin,25,36,8,422118,SE,Sweden,Q1,2019
26,spotify:track:7CYKovD8hNKg0w902IASMi,Molly Sandén,Sand,Molly Sandén,16,28,37,422114,SE,Sweden,Q1,2019
27,spotify:track:6mQLN3zRtAp6ovjusyYKrV,"James Arthur, Anne-Marie",Rewrite The Stars (with James Arthur & Anne-Marie),Atlantic Records,27,39,8,401239,SE,Sweden,Q1,2019
28,spotify:track:2dpaYNEQHiRxtZbfNsse99,"Marshmello, Bastille",Happier,Joytime Collective,4,22,21,386631,SE,Sweden,Q1,2019
29,spotify:track:7oPvnaenWbDjwrCzWWgfL0,Molly Sandén,Jag e (vierge moderne),Molly Sandén,29,46,2,369033,SE,Sweden,Q1,2019
30,spotify:track:0E9ZjEAyAwOXZ7wJC0PD33,"Dynoro, Gigi D'Agostino",In My Mind,Columbia/B1 Recordings,1,17,30,367301,SE,Sweden,Q1,2019
31,spotify:track:3GSjenaG7qGSU7jW725MQR,Ant Wan,Fendi,Ant Wan,31,-1,1,364723,SE,Sweden,Q1,2019
32,spotify:track:7dt6x5M1jzdTEt8oCbisTK,Post Malone,Better Now,Republic Records,1,18,37,363058,SE,Sweden,Q1,2019
33,spotify:track:2LskIZrCeLxRvCiGP8gxlh,"XXXTENTACION, Lil Pump, Swae Lee, Maluma",Arms Around You (feat. Maluma & Swae Lee),Warner Records,9,30,11,345746,SE,Sweden,Q1,2019
34,spotify:track:2xLMifQCjDGFmkHkpNLD9h,Travis Scott,SICKO MODE,Cactus Jack / Epic,30,33,23,345625,SE,Sweden,Q1,2019
35,spotify:track:468ooECb1oRgt4gGfLeAoH,Fricky,Aqua Aura,Random Bastards / Storspoven AB,23,26,42,336457,SE,Sweden,Q1,2019
36,spotify:track:3kQn6HGiabiLUcDDNT8eEK,"Dree Low, K27, Lani Mo, 1.Cuz, 24K, Blizzy",Tänk noga - remix,Stadsbild Musik,36,-1,1,332861,SE,Sweden,Q1,2019
37,spotify:track:4w8niZpiMy6qz1mntFA5uM,"DJ Snake, Selena Gomez, Ozuna, Cardi B","Taki Taki (with Selena Gomez, Ozuna & Cardi B)","DJ Snake Music Productions Limited, under exclusive license to Geffen Records",9,34,15,331814,SE,Sweden,Q1,2019
38,spotify:track:1aEU7mcRDTYBB4ASpqbjYE,Hov1,Hon dansar vidare i livet,Universal Music AB,1,27,41,327370,SE,Sweden,Q1,2019
39,spotify:track:5JEx7HbmvHQQswJCsoo9rA,"Ellie Goulding, Diplo, Swae Lee",Close To Me (with Diplo) (feat. Swae Lee),Polydor Records,26,54,11,326589,SE,Sweden,Q1,2019
40,spotify:track:1TztkUc1qFYl61tT85MHU4,Kadiatou,Say Something,Universal Music AB,40,85,3,324983,SE,Sweden,Q1,2019
41,spotify:track:7FGq80cy8juXBCD2nrqdWU,"benny blanco, Halsey, Khalid",Eastside (with Halsey & Khalid),Friends Keep Secrets/Interscope Records,8,43,26,316416,SE,Sweden,Q1,2019
42,spotify:track:0nrWZWkJM62ftQJSI8fDc0,"Alan Walker, Sophia Somajo",Diamond Heart,Kreatell Music,12,23,15,308463,SE,Sweden,Q1,2019
43,spotify:track:5CLGzJsGqhCEECcpnFQA8x,"Rudimental, Jess Glynne, Macklemore, Dan Caplen","These Days (feat. Jess Glynne, Macklemore & Dan Caplen)",Atlantic Records UK,2,37,51,297624,SE,Sweden,Q1,2019
44,spotify:track:285pBltuF7vW8TeWk8hdRR,Juice WRLD,Lucid Dreams,Juice WRLD Mixtape / ISR P&D,5,35,34,292908,SE,Sweden,Q1,2019
45,spotify:track:2iUXsYOEPhVqEBwsqP70rE,5 Seconds of Summer,Youngblood,Capitol,5,42,39,289965,SE,Sweden,Q1,2019
46,spotify:track:4h8VwCb1MTGoLKueQ1WgbD,Avicii,Wake Me Up,Pophouse Entertainment Group,2,31,60,289719,SE,Sweden,Q1,2019
47,spotify:track:6IhosQhN1ayHO4XP72XFXy,"Sandro Cavazza, P3GI-13",High With Somebody,Universal Music AB,12,44,35,288896,SE,Sweden,Q1,2019
48,spotify:track:2mSIu1ZPo22Ihx3EwS4E6h,"Vigiland, Alexander Tidebrink",Be Your Friend‬‬,Universal Music AB,7,32,45,285511,SE,Sweden,Q1,2019
49,spotify:track:7fa9MBXhVfQ8P8Df9OEbD8,"Maroon 5, Cardi B",Girls Like You (feat. Cardi B) - Cardi B Version,Interscope Records*,16,38,32,283959,SE,Sweden,Q1,2019
50,spotify:track:0kRCrdPwNABknsdgmPjNWR,Ant Wan,Wow,Ant Wan,50,-1,1,267946,SE,Sweden,Q1,2019
1,spotify:track:6nDKrPlXdpomGBgAlO7UdP,"Avicii, Aloe Blacc",SOS (feat. Aloe Blacc),Pophouse Entertainment Group,1,-1,1,1893315,SE,Sweden,Q2,2019
2,spotify:track:1pdK9ClsixbZUMvFbtv8fc,Z.E,74 BARS,Team Platina,2,24,2,1553862,SE,Sweden,Q2,2019
3,spotify:track:2Fxmhks0bxGSBdJ92vM42m,Billie Eilish,bad guy,Darkroom/Interscope Records,2,2,2,1456591,SE,Sweden,Q2,2019
4,spotify:track:1OZaXbFDU6QxtyaD6elsKs,Hov1,Vindar på Mars,Universal Music AB,1,1,2,1367165,SE,Sweden,Q2,2019
5,spotify:track:3xkGJKpWrn1n6Bk2m84bJP,Molly Sandén,"Rosa himmel (från ""Störst av allt"")",Milkshake,5,-1,1,1209864,SE,Sweden,Q2,2019
6,spotify:track:03gKGNw6FqEz8BC0XsfCDC,"Einár, K27",Fusk,Independent,1,3,4,1191961,SE,Sweden,Q2,2019
7,spotify:track:53CJANUxooaqGOtdsBTh7O,Lil Nas X,Old Town Road,Columbia,7,22,5,958408,SE,Sweden,Q2,2019
8,spotify:track:6Jf8Y84YSdqeJfEPDJFEZu,John Lundvik,Too Late For Love,WM Sweden,1,4,7,892186,SE,Sweden,Q2,2019
9,spotify:track:2VxeLyX666F8uXCJ0dZF8B,"Lady Gaga, Bradley Cooper",Shallow,A Star is Born OST,1,6,28,864394,SE,Sweden,Q2,2019
10,spotify:track:5wHlxItO473Q4D3sQ8hPPQ,rezspawn,FRAM,FS Media,5,5,3,835105,SE,Sweden,Q2,2019
11,spotify:track:4mfFqOYYR7yBtmbLw75p7d,Einár,Katten i trakten,Independent,1,8,11,818884,SE,Sweden,Q2,2019
12,spotify:track:4SSnFejRGlZikf02HLewEF,Billie Eilish,bury a friend,Darkroom/Interscope Records,1,9,11,798865,SE,Sweden,Q2,2019
13,spotify:track:5LKNumPGm1bEyVroDE4rcZ,Benjamin Ingrosso,All Night Long (All Night) - Recorded at Spotify Studios Stockholm,Record Company TEN,5,10,4,763341,SE,Sweden,Q2,2019
14,spotify:track:507tQXutCPYNFkpOq8tmKF,Zara Larsson,Don't Worry Bout Me,Epic/Record Company TEN,7,7,2,733679,SE,Sweden,Q2,2019
15,spotify:track:2yNfaW5s5EXJDcKZWOjuzq,"estraden, Tjuvjakt",Vårt år,Midsommarnatt (AB),8,16,8,714734,SE,Sweden,Q2,2019
16,spotify:track:6yFJdvMJDBWzY7zOWZF4nw,Veronica Maggio,Kurt Cobain,Universal Music AB,4,11,3,689569,SE,Sweden,Q2,2019
17,spotify:track:5WHTFyqSii0lmT9R21abT8,Mabel,Don't Call Me Up,Polydor Records,11,17,11,657394,SE,Sweden,Q2,2019
18,spotify:track:3Fj47GNK2kUF0uaEDgXLaD,Billie Eilish,wish you were gay,Darkroom/Interscope Records,12,12,6,655595,SE,Sweden,Q2,2019
19,spotify:track:23MBpKcMc36cy26jjehN5A,GAMMAL,Blommor där du står,Columbia,16,21,10,581933,SE,Sweden,Q2,2019
20,spotify:track:7vwTqBs5KVRlwR2374P9bS,"Hanna Ferm, LIAMOO",Hold You,Universal Music AB,2,14,7,573130,SE,Sweden,Q2,2019
21,spotify:track:72yeOK93gnHkEYwtFJPmZH,Molly Sandén,Den som e den,Milkshake,13,19,6,560980,SE,Sweden,Q2,2019
22,spotify:track:35fkSHvbL7YkniiOwXFB8L,Ant Wan,Blessed,Ant Wan,13,13,2,548696,SE,Sweden,Q2,2019
23,spotify:track:4s2QheDmwez4q3AhCyaGWc,Mohombi,Hello,WM Sweden,3,15,7,547899,SE,Sweden,Q2,2019
24,spotify:track:43zdsphuZLzwA9k4DJhU0I,Billie Eilish,when the party's over,Darkroom/Interscope Records,10,18,25,545519,SE,Sweden,Q2,2019
25,spotify:track:3YHHiktpaEShl6v22bOpzo,Ant Wan,Kall,Ant Wan,2,20,14,522280,SE,Sweden,Q2,2019
26,spotify:track:6u7jPi22kF8CTQ3rb9DHE7,"Lil Nas X, Billy Ray Cyrus",Old Town Road (feat. Billy Ray Cyrus) - Remix,Columbia,26,-1,1,513235,SE,Sweden,Q2,2019
27,spotify:track:5w9c2J52mkdntKOmRLeM2m,"Daddy Yankee, Snow",Con Calma,Craft Latino,26,26,8,500918,SE,Sweden,Q2,2019
28,spotify:track:4y3OI86AEP6PQoDE6olYhO,Jonas Brothers,Sucker,Jonas Brothers Recording,23,34,6,487999,SE,Sweden,Q2,2019
29,spotify:track:2rbDhOo9Fh61Bbu23T2qCk,Lady Gaga,Always Remember Us This Way,A Star is Born OST,10,23,27,485783,SE,Sweden,Q2,2019
30,spotify:track:4GK4mydvnsodLEHWb4zJV4,Mares,Sunnanvind,Tjooff,30,48,4,479084,SE,Sweden,Q2,2019
31,spotify:track:3KNRIpyW0onK8X6e2RAah1,rezspawn,Akhi,FS Media,31,52,2,472344,SE,Sweden,Q2,2019
32,spotify:track:0oZlCekFphJTWLOg7Glarx,"Dree Low, Adel",Kapabel,Top Class Music,32,49,2,460373,SE,Sweden,Q2,2019
33,spotify:track:6MWtB6iiXyIwun0YzU6DFP,Post Malone,Wow.,Republic Records,2,25,16,459768,SE,Sweden,Q2,2019
34,spotify:track:6Pgkp4qUoTmJIPn7ReaGxL,"Avicii, Sandro Cavazza",Without You (feat. Sandro Cavazza),Pophouse Entertainment Group,1,72,88,458561,SE,Sweden,Q2,2019
35,spotify:track:1hn2KCLut5viIspmidz77w,Mehmet,Göre före Money,KARAKTÄRER,24,31,5,456293,SE,Sweden,Q2,2019
36,spotify:track:4n7jnSxVLd8QioibtTDBDq,"Alan Walker, Sabrina Carpenter, Farruko",On My Way,Kreatell Music,31,33,3,455755,SE,Sweden,Q2,2019
37,spotify:track:1FnR4tCrLOcUaYu3JbyAEx,Ant Wan,Drip,Ant Wan,8,27,6,448810,SE,Sweden,Q2,2019
38,spotify:track:6ocbgoVGwYJhOv1GgI9NsF,Ariana Grande,7 rings,Republic Records,1,29,12,443092,SE,Sweden,Q2,2019
39,spotify:track:5icOoE6VgqFKohjWWNp0Ac,"Marshmello, CHVRCHES",Here With Me,Joytime Collective,36,36,5,422628,SE,Sweden,Q2,2019
40,spotify:track:3KkXRkHbMCARz0aVfEt68P,"Post Malone, Swae Lee",Sunflower - Spider-Man: Into the Spider-Verse,Universal Records,4,38,25,418808,SE,Sweden,Q2,2019
41,spotify:track:2qxmye6gAegTMjLKEBoR3d,Alec Benjamin,Let Me Down Slowly,2018,41,65,14,404051,SE,Sweden,Q2,2019
42,spotify:track:1rqqCSm0Qe4I9rUvWncaom,Panic! At The Disco,High Hopes,DCD2 / Fueled By Ramen,6,43,41,400009,SE,Sweden,Q2,2019
43,spotify:track:09oZ9eXQ2fo6YDrPzJqAoP,"Khalid, John Mayer",Outta My Head (with John Mayer),"Right Hand Music Group, LLC/RCA Records",43,-1,1,397584,SE,Sweden,Q2,2019
44,spotify:track:72s7CKZUW110DX2OuTHKEz,Darin,Hög,Universal Music AB Distributed Labels,33,40,3,397448,SE,Sweden,Q2,2019
45,spotify:track:1aEU7mcRDTYBB4ASpqbjYE,Hov1,Hon dansar vidare i livet,Universal Music AB,1,55,54,385576,SE,Sweden,Q2,2019
46,spotify:track:0uUNN1nSoUx1A4fkDCWDQ7,Ava Max,So Am I,Atlantic Records,46,76,5,367999,SE,Sweden,Q2,2019
47,spotify:track:25sgk305KZfyuqVBQIahim,Ava Max,Sweet but Psycho,Atlantic Records,1,47,34,365327,SE,Sweden,Q2,2019
48,spotify:track:4MmdyMZcPEk4Ypv2qcKM3I,Wiktoria,Not With Me,MMM Records,5,30,7,363868,SE,Sweden,Q2,2019
49,spotify:track:6Qs4SXO9dwPj5GKvVOv8Ki,"Sam Smith, Normani",Dancing With A Stranger (with Normani),PLG - Capitol,8,45,13,355626,SE,Sweden,Q2,2019
50,spotify:track:6aeQnCrA3yNzLsHvVytJWm,"Z.E, Jiggz",Ungefär,Team Platina,5,46,9,354024,SE,Sweden,Q2,2019
1,spotify:track:0TK2YIli7K1leLovkQiNik,"Shawn Mendes, Camila Cabello",Señorita,Island Records,1,1,3,1485731,SE,Sweden,Q3,2019
2,spotify:track:12qTfrg0Wp6zSnawQxaL4q,"Dree Low, Einár",Min Nivå,Top Class Music,2,181,2,1153618,SE,Sweden,Q3,2019
3,spotify:track:6vBdBCoOhKHiYDDOcorfNo,"Post Malone, Young Thug",Goodbyes (feat. Young Thug),Republic Records,3,-1,1,1103620,SE,Sweden,Q3,2019
4,spotify:track:3HVWdVOQ0ZA45FuZGSfvns,"Ed Sheeran, Justin Bieber",I Don't Care (with Justin Bieber),Atlantic Records UK,1,3,9,1057432,SE,Sweden,Q3,2019
5,spotify:track:74TEgDsFaq0zMttq1dVuYK,Einár,Första Klass,Independent,1,2,5,1025873,SE,Sweden,Q3,2019
6,spotify:track:4evmHXcjt3bTUHD1cvny97,"Ed Sheeran, Khalid",Beautiful People (feat. Khalid),Atlantic Records UK,4,4,2,1001449,SE,Sweden,Q3,2019
7,spotify:track:4GK4mydvnsodLEHWb4zJV4,Mares,Sunnanvind,Tjooff,5,5,17,916831,SE,Sweden,Q3,2019
8,spotify:track:1ibzDNSHL9lL7wnkZiKevP,"Dani M, Prodotto di Superti",F.A.M.E (LeyLey),GMG SWEDEN AB,8,22,4,846470,SE,Sweden,Q3,2019
9,spotify:track:2Fxmhks0bxGSBdJ92vM42m,Billie Eilish,bad guy,Darkroom/Interscope Records,2,7,15,836018,SE,Sweden,Q3,2019
10,spotify:track:2x0RZdkZcD8QRI53XT4GI5,"Avicii, Aloe Blacc",SOS (feat. Aloe Blacc),Pophouse Entertainment Group,1,6,14,835639,SE,Sweden,Q3,2019
11,spotify:track:7gt0BOQGPSst4wY6BQoH6u,Victor Leksell,Klär av dig,Columbia,6,8,5,804954,SE,Sweden,Q3,2019
12,spotify:track:2BBBfthXHr2aVyjDZWW8ds,Ant Wan,Mama,Ant Wan,9,13,3,756334,SE,Sweden,Q3,2019
13,spotify:track:2kju4JyRnNmiwQYhFrLgKy,"Hov1, Veronica Maggio",Hornstullsstrand,Universal Music AB,1,10,8,739495,SE,Sweden,Q3,2019
14,spotify:track:5iJLphnVyGpLeAcsOZSfhw,Veronica Maggio,Tillfälligheter,Universal Music AB,4,11,10,728060,SE,Sweden,Q3,2019
15,spotify:track:6oJ6le65B3SEqPwMRNXWjY,"Kygo, Whitney Houston",Higher Love,Kygo/RCA Records,9,9,2,717110,SE,Sweden,Q3,2019
16,spotify:track:7Jtmca0gCNHj9OIvv6N1y3,Molly Sandén,Det bästa kanske inte hänt än,Milkshake,4,16,7,612710,SE,Sweden,Q3,2019
17,spotify:track:1DFD5Fotzgn6yYXkYsKiGs,"MEDUZA, Goodboys",Piece Of Your Heart,Intercord,17,21,12,589218,SE,Sweden,Q3,2019
18,spotify:track:7qEHsqek33rTcFNT9PFqLf,Lewis Capaldi,Someone You Loved,Vertigo Berlin,18,26,34,587500,SE,Sweden,Q3,2019
19,spotify:track:0vrmHPfoBadXVr2n0m1aqZ,Avicii,Heaven,Pophouse Entertainment Group,2,12,6,565444,SE,Sweden,Q3,2019
20,spotify:track:1yfyIdEw5U2bD5I6gxQCxW,"Avicii, Agnes, Vargas & Lagola","Tough Love (feat. Agnes, Vargas & Lagola)",Pophouse Entertainment Group,2,15,9,549312,SE,Sweden,Q3,2019
21,spotify:track:3xkGJKpWrn1n6Bk2m84bJP,Molly Sandén,"Rosa himmel (från ""Störst av allt"")",Milkshake,2,19,14,546318,SE,Sweden,Q3,2019
22,spotify:track:6u7jPi22kF8CTQ3rb9DHE7,"Lil Nas X, Billy Ray Cyrus",Old Town Road (feat. Billy Ray Cyrus) - Remix,Columbia,7,14,14,544824,SE,Sweden,Q3,2019
23,spotify:track:4BY2U2pxOXOlHEPQdWFhMN,Z.E,PARA E MAKT,Team Platina,23,72,2,535704,SE,Sweden,Q3,2019
24,spotify:track:22WFBBx0Lfa6TEDgbstwnP,Einár,F Mitt X,Independent,7,17,5,534727,SE,Sweden,Q3,2019
25,spotify:track:5z6EPdjpZbeKZXB3aqdqyH,Z.E,74 BARS,Team Platina,2,25,15,500304,SE,Sweden,Q3,2019
26,spotify:track:6moU77g9RQyMzHNuKEaQKq,Ali Gatie,It's You,Warner Records,26,35,4,484957,SE,Sweden,Q3,2019
27,spotify:track:2VxeLyX666F8uXCJ0dZF8B,"Lady Gaga, Bradley Cooper",Shallow,A Star is Born OST,1,27,41,482459,SE,Sweden,Q3,2019
28,spotify:track:6uqLK9MCaTqVEOCM6Jwj4d,"Juice, Einár",Paigons,Fivestar Records,18,18,2,472145,SE,Sweden,Q3,2019
29,spotify:track:7eXmd9KhEpsvATd568suYZ,GAMMAL,Sånger från förut,Columbia,24,31,9,455783,SE,Sweden,Q3,2019
30,spotify:track:2OQgPPnwvacwYPs4CwRKjK,Hov1,Dö ung,Universal Music AB,3,28,13,455242,SE,Sweden,Q3,2019
31,spotify:track:39vozFaOohvu1mhwOpltsp,Einár,Rör Mig,Independent,2,24,11,440895,SE,Sweden,Q3,2019
32,spotify:track:1cYuDwSoUfeS90ie7kV7c5,"Einár, ADAAM",HipHop,Independent,4,20,5,435398,SE,Sweden,Q3,2019
33,spotify:track:3M9Apu4OZfylLTFKvgEtKa,"Tiësto, Jonas Blue, Rita Ora",Ritual,"Universal Music, a division of Universal International Music BV",23,23,6,433754,SE,Sweden,Q3,2019
34,spotify:track:3xY2iyO2p65Z7j8Sck1CiY,"estraden, Molly Sandén",Smartare,Milkshake,34,36,2,430822,SE,Sweden,Q3,2019
35,spotify:track:4yxr3khkHJypQDArNlVbjZ,"Frej Larsson, ODZ, Young Earth Sauce",ANNA BOOK,Pizzaslize/Odz,35,68,5,429007,SE,Sweden,Q3,2019
36,spotify:track:5PjKlhaFq4J3kAJKLeW30e,Cherrie,Auf Wiedersehen - Recorded at Spotify Studios Stockholm,ARAWEELO MUSIC,19,32,4,417307,SE,Sweden,Q3,2019
37,spotify:track:2eU1lbDEVhIuzmKInhRabW,"Aden x Asme, Naod",Dripping (feat. Naod),WM Sweden,24,30,4,408743,SE,Sweden,Q3,2019
38,spotify:track:3OTSBoYKO7HzGVj8Bu2OH9,Zara Larsson,All the Time,Epic/Record Company TEN,17,29,3,396441,SE,Sweden,Q3,2019
39,spotify:track:7CaYFT2ypGZiS3IzxN78x1,Veronica Maggio,Solen har gått ner,Universal Music AB,12,34,4,388169,SE,Sweden,Q3,2019
40,spotify:track:4rJcxFOljjd2sqfgIjksTI,"Vigiland, Alexander Tidebrink",We’re The Same‬‬,Universal Music AB,23,39,9,387196,SE,Sweden,Q3,2019
41,spotify:track:3MZp8Ilx8eW2wSujWn3LnG,Einár,Katten i trakten,Independent,1,38,24,385848,SE,Sweden,Q3,2019
42,spotify:track:1ZdxC3zKhv7A8W0QOhcaAy,Hov1,Vindar på Mars,Universal Music AB,1,47,15,379030,SE,Sweden,Q3,2019
43,spotify:track:4zq3vo66raGBslISEk6Kg5,Molly Sandén,Va det då?,Milkshake,10,45,11,375049,SE,Sweden,Q3,2019
44,spotify:track:6fTt0CH2t0mdeB2N9XFG5r,Lil Nas X,Panini,Columbia,44,50,3,369276,SE,Sweden,Q3,2019
45,spotify:track:1rgnBhdG2JDFTbYkYRZAku,Tones And I,Dance Monkey,Elektra (NEK),45,52,5,365816,SE,Sweden,Q3,2019
46,spotify:track:05CwHjIk71RXVU40boRMnR,"The Chainsmokers, Bebe Rexha",Call You Mine,Disruptor Records/Columbia,37,41,6,358584,SE,Sweden,Q3,2019
47,spotify:track:29fRTIKsJhLUJoldM89GZS,Taylor Swift,You Need To Calm Down,Taylor Swift,33,33,4,353511,SE,Sweden,Q3,2019
48,spotify:track:0IiWe6NRNBB7QbrCcgUCZX,Ringnes-Ronny,Jag Vil Ha Dig,Ringnes-Ronny,48,60,4,351246,SE,Sweden,Q3,2019
49,spotify:track:4IKnqJA2IJePtgjuDguAUw,"Dani M, Einár, Prodotto di Superti",Aldrig nånsin haft,GMG SWEDEN AB,27,44,3,350749,SE,Sweden,Q3,2019
50,spotify:track:0YXou76oVzBisAeHiWZC6W,"GULEED, Cherrie",TIDER SOM DESSA (feat. Cherrie),Milkshake,32,78,3,350309,SE,Sweden,Q3,2019
1,spotify:track:3ySRhREV5ceozxdk0lPqIe,Dree Low,PIPPI,Top Class Music,1,1,6,1586414,SE,Sweden,Q4,2019
2,spotify:track:1rgnBhdG2JDFTbYkYRZAku,Tones And I,Dance Monkey,Elektra (NEK),1,2,18,1575511,SE,Sweden,Q4,2019
3,spotify:track:5RbbypMC1xhw1Kqdmu5uDd,"Greekazo, DnoteOnDaBeat, Yei Gonzalez",Sprayad,Universal Music AB,3,-1,1,1448758,SE,Sweden,Q4,2019
4,spotify:track:2W9WzW1Ot0YrWpJwWoRRVO,"Greekazo, DnoteOnDaBeat",HotSpot,Universal Music AB,3,3,10,1175382,SE,Sweden,Q4,2019
5,spotify:track:3YCAQEpuFtgVVhEDJsW3gQ,"estraden, Victor Leksell",Bra för dig,Midsommarnatt (AB),2,5,6,1021372,SE,Sweden,Q4,2019
6,spotify:track:3eekarcy7kvN4yt5ZFzltW,Travis Scott,HIGHEST IN THE ROOM,Cactus Jack/Epic,6,-1,1,1008232,SE,Sweden,Q4,2019
7,spotify:track:6yMlFbOT0gNy7Qlsrn2jD7,"Aden x Asme, Aden, Asme",Starta vågen,WM Sweden,4,4,3,934550,SE,Sweden,Q4,2019
8,spotify:track:5lIIqqDPVlde8kScL8F0Mg,"Dani M, Prodotto di Superti, Aden x Asme, Newkid, Linda Pira, Jireel, Ricky Rich","LeyLey (feat. Newkid, Linda Pira, Jireel & Ricky Rich) - F.A.M.E REMIX",GMG SWEDEN AB,8,-1,1,918029,SE,Sweden,Q4,2019
9,spotify:track:7qEHsqek33rTcFNT9PFqLf,Lewis Capaldi,Someone You Loved,Vertigo Berlin,7,7,47,898693,SE,Sweden,Q4,2019
10,spotify:track:5MwNk30sG4xRpsDdUgUwC2,"Dree Low, Einár",DAG HAMMARSKJÖLD,Top Class Music,6,6,6,856183,SE,Sweden,Q4,2019
11,spotify:track:0pHeYnigEgjN0vbQhUwXqd,"Einár, Greekazo",Nr 1,Independent,6,8,6,725148,SE,Sweden,Q4,2019
12,spotify:track:1vyWquflaiRZNvmDMAXedU,Einár,Nu Vi Skiner,Independent,2,9,8,676148,SE,Sweden,Q4,2019
13,spotify:track:6v3KW9xbzN5yKLt9YKDYA2,"Shawn Mendes, Camila Cabello",Señorita,Island Records,1,10,16,674205,SE,Sweden,Q4,2019
14,spotify:track:21jGcNKet2qwijlDFuPiPb,Post Malone,Circles,Republic Records,7,12,6,660880,SE,Sweden,Q4,2019
15,spotify:track:2wrJq5XKLnmhRXHIAf9xBa,"Dan + Shay, Justin Bieber","10,000 Hours (with Justin Bieber)",Warner Music Nashville,15,-1,1,659105,SE,Sweden,Q4,2019
16,spotify:track:70eFcWOvlMObDhURTqT4Fv,"Ed Sheeran, Khalid",Beautiful People (feat. Khalid),Atlantic Records UK,2,13,15,599330,SE,Sweden,Q4,2019
17,spotify:track:68DubWf6CNqogfxcnnsGDW,"Einár, Thrife",Toucha Fame,Independent,5,11,6,578820,SE,Sweden,Q4,2019
18,spotify:track:2b8fOow8UzyDFAE27YhOZM,Maroon 5,Memories,Interscope Records*,18,30,3,552877,SE,Sweden,Q4,2019
19,spotify:track:3xkGJKpWrn1n6Bk2m84bJP,Molly Sandén,"Rosa himmel (från ""Störst av allt"")",Milkshake,2,14,27,542648,SE,Sweden,Q4,2019
20,spotify:track:0rBj6lYQUMHwTJ33sdj6Qz,Veronica Maggio,Tillfälligheter,Universal Music AB,4,15,23,520385,SE,Sweden,Q4,2019
21,spotify:track:1ryW1LqC5VMFJFXd4wIrpf,"Dani M, Prodotto di Superti",F.A.M.E (LeyLey),GMG SWEDEN AB,3,16,17,516434,SE,Sweden,Q4,2019
22,spotify:track:7MUUzpdrSa8UUEpyS1dGUq,Smith & Thell,Hotel Walls,Arista Records,22,27,12,506251,SE,Sweden,Q4,2019
23,spotify:track:0USd9iNkH6hC3sGW6ZUB3s,"Z.E, Thrife, Nigma",KLICK,Team Platina,3,17,9,498960,SE,Sweden,Q4,2019
24,spotify:track:5hJ3tz6PVAEvPtu6NJbmC3,"Dree Low, Adel",Kapabel 2,Top Class Music,7,18,7,498869,SE,Sweden,Q4,2019
25,spotify:track:6zQDS18ySGA62XEDytM5dZ,Rami,PU$HA,Rami,25,-1,1,498429,SE,Sweden,Q4,2019
26,spotify:track:0hVXuCcriWRGvwMV1r5Yn9,"Ed Sheeran & Justin Bieber, Justin Bieber",I Don't Care (with Justin Bieber),Atlantic Records UK,1,21,22,488060,SE,Sweden,Q4,2019
27,spotify:track:53JYK65bbkGTKB9QBi1eWL,"JUNG, Clara Mae",Let Him Go,Universal Music AB,27,-1,1,463061,SE,Sweden,Q4,2019
28,spotify:track:74TEgDsFaq0zMttq1dVuYK,Einár,Första Klass,Independent,1,23,18,459132,SE,Sweden,Q4,2019
29,spotify:track:6oJ6le65B3SEqPwMRNXWjY,"Kygo, Whitney Houston",Higher Love,Kygo/RCA Records,9,25,15,455229,SE,Sweden,Q4,2019
30,spotify:track:12cqy08ToKVuqNfYtdSMty,"Dree Low, Adel",Santa Lucia,Top Class Music,8,22,8,443896,SE,Sweden,Q4,2019
31,spotify:track:7gt0BOQGPSst4wY6BQoH6u,Victor Leksell,Klär av dig,Columbia,6,24,18,439097,SE,Sweden,Q4,2019
32,spotify:track:4jp4Z02kzzg8gK0NmDGgml,"K-391, Alan Walker, Tungevaag, Mangoo",Play,Kreatell Music,23,34,6,427695,SE,Sweden,Q4,2019
33,spotify:track:05mDaV9Vb3wrzjF6OPZnhq,Post Malone,Saint-Tropez,Republic Records,10,26,5,424185,SE,Sweden,Q4,2019
34,spotify:track:1lOe9qE0vR9zwWQAOk6CoO,Lil Tecca,Ransom,Republic Records,3,20,16,406656,SE,Sweden,Q4,2019
35,spotify:track:2VxeLyX666F8uXCJ0dZF8B,"Lady Gaga, Bradley Cooper",Shallow,A Star is Born OST,1,46,54,406372,SE,Sweden,Q4,2019
36,spotify:track:2Fxmhks0bxGSBdJ92vM42m,Billie Eilish,bad guy,Darkroom/Interscope Records,2,32,28,403834,SE,Sweden,Q4,2019
37,spotify:track:12qTfrg0Wp6zSnawQxaL4q,"Dree Low, Einár",Min Nivå,Top Class Music,2,28,15,403747,SE,Sweden,Q4,2019
38,spotify:track:7CZyCXKG6d5ALeq41sLzbw,"Post Malone, Ozzy Osbourne, Travis Scott",Take What You Want (feat. Ozzy Osbourne & Travis Scott),Republic Records,23,40,5,372779,SE,Sweden,Q4,2019
39,spotify:track:7Jtmca0gCNHj9OIvv6N1y3,Molly Sandén,Det bästa kanske inte hänt än,Milkshake,4,36,20,370658,SE,Sweden,Q4,2019
40,spotify:track:6vBdBCoOhKHiYDDOcorfNo,"Post Malone, Young Thug",Goodbyes (feat. Young Thug),Republic Records,3,33,14,362454,SE,Sweden,Q4,2019
41,spotify:track:7eXmd9KhEpsvATd568suYZ,GAMMAL,Sånger från förut,Columbia,21,39,22,362337,SE,Sweden,Q4,2019
42,spotify:track:1rP330OiugE0As2HUbTJG9,"Black Moose, Danny Saucedo, Einár",Tänker på mig,WM Sweden,19,19,2,358125,SE,Sweden,Q4,2019
43,spotify:track:6b2RcmUt1g9N9mQ3CbjX2Y,Sam Smith,How Do You Sleep?,PLG - Capitol,20,44,12,355240,SE,Sweden,Q4,2019
44,spotify:track:7x9nXsowok1JszkVztI5NI,"French Montana, Rvssian, Post Malone, Cardi B",Writing on the Wall (feat. Post Malone & Cardi B),Epic/Bad Boy Entertainment,38,38,2,349537,SE,Sweden,Q4,2019
45,spotify:track:3Hj37eJtDqE7PJwwW0opcK,Lars Winnerbäck,Tror jag hittar hem,United Stage Management Group,29,29,4,346733,SE,Sweden,Q4,2019
46,spotify:track:2QJpAw53E3zTznEcjMH7bd,Z.E,IGEN,Team Platina,46,-1,1,343807,SE,Sweden,Q4,2019
47,spotify:track:1AcOToKYAY8tH1SY0BZnz8,Z.E,GLÖMMER,Team Platina,16,35,4,341236,SE,Sweden,Q4,2019
48,spotify:track:0IiWe6NRNBB7QbrCcgUCZX,Ringnes-Ronny,Jag Vil Ha Dig,Ringnes-Ronny,22,41,17,338696,SE,Sweden,Q4,2019
49,spotify:track:0DehBS4WpabuTqGEb68G3d,Veronica Maggio,Där hjärtat satt förut,Universal Music AB,31,31,2,336147,SE,Sweden,Q4,2019
50,spotify:track:2kju4JyRnNmiwQYhFrLgKy,"Hov1, Veronica Maggio",Hornstullsstrand,Universal Music AB,1,43,21,331413,SE,Sweden,Q4,2019
1,spotify:track:3ayrHkyorPEpeOBvZ76SwG,A-Lin,有一種悲傷 - 電影《比悲傷更悲傷的故事》主題曲,Sony Music Entertainment,1,1,6,333513,SG,Singapore,Q1,2019
2,spotify:track:3KkXRkHbMCARz0aVfEt68P,"Post Malone, Swae Lee",Sunflower - Spider-Man: Into the Spider-Verse,Universal Records,2,3,12,326781,SG,Singapore,Q1,2019
3,spotify:track:2rPE9A1vEgShuZxxzR2tZH,Ariana Grande,"thank u, next",Republic Records,1,2,10,326291,SG,Singapore,Q1,2019
4,spotify:track:5p7ujcrUXASCNwRaWNHR1C,Halsey,Without Me,Capitol Records,3,4,14,265455,SG,Singapore,Q1,2019
5,spotify:track:2wVDWtLKXunswWecARNILj,JENNIE,SOLO,"YG Entertainment, distributed through Interscope Records",2,5,9,253415,SG,Singapore,Q1,2019
6,spotify:track:25sgk305KZfyuqVBQIahim,Ava Max,Sweet but Psycho,Atlantic Records,6,7,13,231103,SG,Singapore,Q1,2019
7,spotify:track:1SO5RyYJZUAI0aHkAkrF2p,Skylar Grey,Everything I Need - Film Version,WaterTower Music,6,6,4,225789,SG,Singapore,Q1,2019
8,spotify:track:5JEx7HbmvHQQswJCsoo9rA,"Ellie Goulding, Diplo, Swae Lee",Close To Me (with Diplo) (feat. Swae Lee),Polydor Records,8,9,11,191458,SG,Singapore,Q1,2019
9,spotify:track:13hvHEstJ4sNbzdroPrPI3,"Dua Lipa, BLACKPINK",Kiss and Make Up,Warner Records,1,8,12,186914,SG,Singapore,Q1,2019
10,spotify:track:6MWtB6iiXyIwun0YzU6DFP,Post Malone,Wow.,Republic Records,10,16,3,184074,SG,Singapore,Q1,2019
11,spotify:track:1ZLrDPgR7mvuTco3rQK8Pk,"SHAUN, Conor Maynard, Sam Feldt",Way Back Home (feat. Conor Maynard) - Sam Feldt Edit,Spinnin' Records,11,30,3,180521,SG,Singapore,Q1,2019
12,spotify:track:5kfNriitmkNE8mUbZ7gbq8,Khalid,Saturday Nights,"Right Hand Music Group, LLC/RCA Records",12,13,10,177985,SG,Singapore,Q1,2019
13,spotify:track:2dpaYNEQHiRxtZbfNsse99,"Marshmello, Bastille",Happier,Joytime Collective,1,11,21,175747,SG,Singapore,Q1,2019
14,spotify:track:3id2EVGKc3eFAMn9nFnB0r,Lukas Graham,Love Someone,Warner Records,4,10,18,174112,SG,Singapore,Q1,2019
15,spotify:track:1rqqCSm0Qe4I9rUvWncaom,Panic! At The Disco,High Hopes,DCD2 / Fueled By Ramen,15,24,29,165447,SG,Singapore,Q1,2019
16,spotify:track:4w8niZpiMy6qz1mntFA5uM,"DJ Snake, Selena Gomez, Ozuna, Cardi B","Taki Taki (with Selena Gomez, Ozuna & Cardi B)","DJ Snake Music Productions Limited, under exclusive license to Geffen Records",3,12,15,163640,SG,Singapore,Q1,2019
17,spotify:track:3EPXxR3ImUwfayaurPi3cm,Dean Lewis,Be Alright,Universal Music Australia Pty. Ltd.,1,14,25,162706,SG,Singapore,Q1,2019
18,spotify:track:6mQLN3zRtAp6ovjusyYKrV,"James Arthur, Anne-Marie",Rewrite The Stars (with James Arthur & Anne-Marie),Atlantic Records,11,20,8,158318,SG,Singapore,Q1,2019
19,spotify:track:7FGq80cy8juXBCD2nrqdWU,"benny blanco, Halsey, Khalid",Eastside (with Halsey & Khalid),Friends Keep Secrets/Interscope Records,1,18,26,156881,SG,Singapore,Q1,2019
20,spotify:track:1uru26I2JKd2mQZt0MDCUe,James Arthur,Empty Space,Columbia Local,11,17,12,154248,SG,Singapore,Q1,2019
21,spotify:track:0todbbT9g5uQGbeFCiBf2F,Ariana Grande,imagine,Republic Records,13,19,4,145180,SG,Singapore,Q1,2019
22,spotify:track:6zeeWid2sgw4lap2jV61PZ,Khalid,Better,"Right Hand Music Group, LLC/RCA Records",2,21,17,144812,SG,Singapore,Q1,2019
23,spotify:track:2RSHsoi04658QL5xgQVov3,Imagine Dragons,Bad Liar,Kid Ina Korner / Interscope,13,22,9,142468,SG,Singapore,Q1,2019
24,spotify:track:4VUwkH455At9kENOfzTqmF,"Bazzi, Camila Cabello",Beautiful (feat. Camila Cabello),iamcosmic,2,15,23,141000,SG,Singapore,Q1,2019
25,spotify:track:5tAa8Uaqr4VvA3693mbIhU,Zara Larsson,Ruin My Life,Epic/Record Company TEN,25,25,12,128872,SG,Singapore,Q1,2019
26,spotify:track:7fa9MBXhVfQ8P8Df9OEbD8,"Maroon 5, Cardi B",Girls Like You (feat. Cardi B) - Cardi B Version,Interscope Records*,1,23,32,126211,SG,Singapore,Q1,2019
27,spotify:track:4NBTZtAt1F13VvlSKe6KTl,"The Chainsmokers, Kelsea Ballerini",This Feeling,Disruptor Records/Columbia,7,28,16,124777,SG,Singapore,Q1,2019
28,spotify:track:2J0X46UkpfLlWbuCXFgDLr,"Steve Aoki, BTS",Waste It On Me (feat. BTS),"Ultra Records, LLC",6,26,11,121392,SG,Singapore,Q1,2019
29,spotify:track:2BgEsaKNfHUdlh97KmvFyo,Anne-Marie,2002,Atlantic Records UK,6,27,38,121060,SG,Singapore,Q1,2019
30,spotify:track:2VxeLyX666F8uXCJ0dZF8B,"Lady Gaga, Bradley Cooper",Shallow,A Star is Born OST,10,36,15,115081,SG,Singapore,Q1,2019
31,spotify:track:4BiiOzZCrXEzHRLYcYFiD5,"The Chainsmokers, Winona Oak",Hope,Disruptor Records/Columbia,31,57,4,114230,SG,Singapore,Q1,2019
32,spotify:track:2LskIZrCeLxRvCiGP8gxlh,"XXXTENTACION, Lil Pump, Swae Lee, Maluma",Arms Around You (feat. Maluma & Swae Lee),Warner Records,17,33,11,112573,SG,Singapore,Q1,2019
33,spotify:track:0xq4ZTcmwBfkPGo4RRKmMe,CHUNG HA,Gotta Go,"Genie Music Corporation, Stone Music Entertainment",33,-1,1,111863,SG,Singapore,Q1,2019
34,spotify:track:33NAYATbWRoo5RuEP30JBZ,EXO,Love Shot,SM Entertainment,29,32,4,110949,SG,Singapore,Q1,2019
35,spotify:track:2CWnuF7ht55Ajyeg4WPvWu,BLACKPINK,DDU-DU DDU-DU,"2018 YG Entertainment, distributed through Interscope Records",1,29,30,110309,SG,Singapore,Q1,2019
36,spotify:track:7cE5ehlKJ3L9Ejhzm3udcF,Kelly Yu,體面（電影《前任3：再見前任》插曲）,北京眾水之音文化傳播有限公司,19,31,44,107745,SG,Singapore,Q1,2019
37,spotify:track:1fRaznZsAB2i63TtmYv2Hc,IZ*ONE,La Vie en Rose,Genie Music Corporation,19,41,10,101384,SG,Singapore,Q1,2019
38,spotify:track:2hnxrRNzF74mdDzpQZQukQ,"Lauv, Julia Michaels",There's No Way (feat. Julia Michaels),Lauv,11,43,15,100195,SG,Singapore,Q1,2019
39,spotify:track:5uCax9HTNlzGybIStD3vDh,James Arthur,Say You Won't Let Go,Columbia,2,38,107,100113,SG,Singapore,Q1,2019
40,spotify:track:4zRZAmBQP8vhNPf9i9opXt,Why Don't We,8 Letters,Atlantic Records,5,44,22,99405,SG,Singapore,Q1,2019
41,spotify:track:5rFj8OzffT0iggSjcBaeND,Sam Smith,"Fire On Fire - From ""Watership Down""",PLG - Capitol,41,64,3,98917,SG,Singapore,Q1,2019
42,spotify:track:184XtKkzoAl83quIarUAJP,TWICE,YES or YES,Republic Records - TWICE,6,35,10,98573,SG,Singapore,Q1,2019
43,spotify:track:1ivCIgrYZyE0BvItL4Z8lk,Jay Chou,告白氣球,Universal Music Taiwan (JVR),29,37,107,97735,SG,Singapore,Q1,2019
44,spotify:track:0tgVpDi06FyKpA1z0VMD4v,Ed Sheeran,Perfect,Atlantic Records UK,1,34,97,97210,SG,Singapore,Q1,2019
45,spotify:track:5kZDxLcbqglZ2yYXg4Mkjc,JJ Lin,那些你很冒險的夢,就是俊傑音樂股份有限公司,17,39,74,95382,SG,Singapore,Q1,2019
46,spotify:track:76WthWB0v0KXUHZoAclMVV,"Jay Chou, Gary Yang",等你下課,Universal Music Taiwan (JVR),5,40,52,93790,SG,Singapore,Q1,2019
47,spotify:track:2xLMifQCjDGFmkHkpNLD9h,Travis Scott,SICKO MODE,Cactus Jack / Epic,29,50,23,92111,SG,Singapore,Q1,2019
48,spotify:track:6kabSi7XCHHGThNme6J2tL,Eric Chou,如果雨之後,Sony Music Entertainment,21,46,57,91586,SG,Singapore,Q1,2019
49,spotify:track:09IStsImFySgyp0pIQdqAc,"Zedd, Maren Morris, Grey",The Middle,UMGRI Interscope,1,47,50,88148,SG,Singapore,Q1,2019
50,spotify:track:1mXVgsBdtIVeCLJnSnmtdV,Sam Smith,Too Good At Goodbyes,PLG - Capitol,1,48,70,87815,SG,Singapore,Q1,2019
1,spotify:track:4pUCKHjJ4Ijewc37rRrvHn,BLACKPINK,Kill This Love,"YG Entertainment, distributed through Interscope Records",1,156,2,1022984,SG,Singapore,Q2,2019
2,spotify:track:1TaQciB8qqRZ9fxWGhS65X,BLACKPINK,Don't Know What To Do,"YG Entertainment, distributed through Interscope Records",2,-1,1,423963,SG,Singapore,Q2,2019
3,spotify:track:2Fxmhks0bxGSBdJ92vM42m,Billie Eilish,bad guy,Darkroom/Interscope Records,2,2,2,324134,SG,Singapore,Q2,2019
4,spotify:track:4y3OI86AEP6PQoDE6olYhO,Jonas Brothers,Sucker,Jonas Brothers Recording,1,1,6,304610,SG,Singapore,Q2,2019
5,spotify:track:4n7jnSxVLd8QioibtTDBDq,"Alan Walker, Sabrina Carpenter, Farruko",On My Way,Kreatell Music,5,5,3,253117,SG,Singapore,Q2,2019
6,spotify:track:5R0cvR5BMFkLomChhmcCzr,BLACKPINK,Kick It,"YG Entertainment, distributed through Interscope Records",6,-1,1,244498,SG,Singapore,Q2,2019
7,spotify:track:7COXchtUOMd6uIT6HvmRaI,"Lauv, Troye Sivan",i'm so tired...,Lauv,3,4,11,230081,SG,Singapore,Q2,2019
8,spotify:track:6ocbgoVGwYJhOv1GgI9NsF,Ariana Grande,7 rings,Republic Records,1,3,12,228218,SG,Singapore,Q2,2019
9,spotify:track:32107DdzIGbVs9Pi54MuRS,BLACKPINK,Hope Not,"YG Entertainment, distributed through Interscope Records",9,-1,1,216336,SG,Singapore,Q2,2019
10,spotify:track:3KkXRkHbMCARz0aVfEt68P,"Post Malone, Swae Lee",Sunflower - Spider-Man: Into the Spider-Verse,Universal Records,1,7,25,208861,SG,Singapore,Q2,2019
11,spotify:track:2IAumRplFr0Ns09kKgt2je,Eric Chou,怎麼了,Sony Music Entertainment,7,9,13,206684,SG,Singapore,Q2,2019
12,spotify:track:5icOoE6VgqFKohjWWNp0Ac,"Marshmello, CHVRCHES",Here With Me,Joytime Collective,10,12,5,201241,SG,Singapore,Q2,2019
13,spotify:track:6Qs4SXO9dwPj5GKvVOv8Ki,"Sam Smith, Normani",Dancing With A Stranger (with Normani),PLG - Capitol,2,6,13,196923,SG,Singapore,Q2,2019
14,spotify:track:1ZLrDPgR7mvuTco3rQK8Pk,"SHAUN, Conor Maynard, Sam Feldt",Way Back Home (feat. Conor Maynard) - Sam Feldt Edit,Spinnin' Records,5,8,16,189787,SG,Singapore,Q2,2019
15,spotify:track:25sgk305KZfyuqVBQIahim,Ava Max,Sweet but Psycho,Atlantic Records,6,11,26,188768,SG,Singapore,Q2,2019
16,spotify:track:7ql71hBakyMi0Lxiq3Mugs,"The Chainsmokers, 5 Seconds of Summer",Who Do You Love,Disruptor Records/Columbia,10,10,9,184046,SG,Singapore,Q2,2019
17,spotify:track:0uUNN1nSoUx1A4fkDCWDQ7,Ava Max,So Am I,Atlantic Records,16,16,5,181223,SG,Singapore,Q2,2019
18,spotify:track:6TqXcAFInzjp0bODyvrWEq,"Khalid, Disclosure",Talk (feat. Disclosure),"Right Hand Music Group, LLC/RCA Records",11,18,9,176703,SG,Singapore,Q2,2019
19,spotify:track:09oZ9eXQ2fo6YDrPzJqAoP,"Khalid, John Mayer",Outta My Head (with John Mayer),"Right Hand Music Group, LLC/RCA Records",19,-1,1,163404,SG,Singapore,Q2,2019
20,spotify:track:5p7ujcrUXASCNwRaWNHR1C,Halsey,Without Me,Capitol Records,3,17,27,162793,SG,Singapore,Q2,2019
21,spotify:track:7tXQdx76iQVFeaBGDzXpZ2,BLACKPINK,DDU-DU DDU-DU - Remix,"YG Entertainment, distributed through Interscope Records",21,-1,1,155439,SG,Singapore,Q2,2019
22,spotify:track:0GU5GuJQQEnnREO2FxnVPT,ITZY,DALLA DALLA,Republic Records - ITZY,7,24,9,151489,SG,Singapore,Q2,2019
23,spotify:track:2VxeLyX666F8uXCJ0dZF8B,"Lady Gaga, Bradley Cooper",Shallow,A Star is Born OST,9,19,28,151015,SG,Singapore,Q2,2019
24,spotify:track:3Fj47GNK2kUF0uaEDgXLaD,Billie Eilish,wish you were gay,Darkroom/Interscope Records,13,13,6,150674,SG,Singapore,Q2,2019
25,spotify:track:2wVDWtLKXunswWecARNILj,JENNIE,SOLO,"YG Entertainment, distributed through Interscope Records",2,29,22,147219,SG,Singapore,Q2,2019
26,spotify:track:6Yx181fZzA0YE2EkUsYruq,Why Don't We,Big Plans,Atlantic Records,11,14,12,145173,SG,Singapore,Q2,2019
27,spotify:track:4kV4N9D1iKVxx1KLvtTpjS,Ariana Grande,"break up with your girlfriend, i'm bored",Republic Records,2,15,9,144405,SG,Singapore,Q2,2019
28,spotify:track:2XKFnwB6djxrJCjR3PdeRb,Khalid,My Bad,"Right Hand Music Group, LLC/RCA Records",22,27,5,142683,SG,Singapore,Q2,2019
29,spotify:track:3ayrHkyorPEpeOBvZ76SwG,A-Lin,有一種悲傷 - 電影《比悲傷更悲傷的故事》主題曲,Sony Music Entertainment,1,21,19,141081,SG,Singapore,Q2,2019
30,spotify:track:1ahVFh0ViDZr8LvkEVlq3B,"Martin Garrix, Bonn",No Sleep (feat. Bonn),Epic Amsterdam,22,22,7,139857,SG,Singapore,Q2,2019
31,spotify:track:0lks2Kt9veMOFEAPN0fsqN,"Alan Walker, K-391, Emelie Hollow",Lily,Kreatell Music,31,44,8,135170,SG,Singapore,Q2,2019
32,spotify:track:2qxmye6gAegTMjLKEBoR3d,Alec Benjamin,Let Me Down Slowly,2018,14,23,45,134314,SG,Singapore,Q2,2019
33,spotify:track:3id2EVGKc3eFAMn9nFnB0r,Lukas Graham,Love Someone,Warner Records,4,26,31,133057,SG,Singapore,Q2,2019
34,spotify:track:3e9HZxeyfWwjeyPAMmWSSQ,Ariana Grande,"thank u, next",Republic Records,1,20,23,132514,SG,Singapore,Q2,2019
35,spotify:track:6tsOcBnaKgzK22yEiqRh8P,"Ariana Grande, Victoria Monét",MONOPOLY (with Victoria Monét),Republic Records,35,133,2,132226,SG,Singapore,Q2,2019
36,spotify:track:37BXaP8wCJrH0M3AdtSNyk,Tiger Hu,你要的全拿走,華宇世博,30,30,7,131197,SG,Singapore,Q2,2019
37,spotify:track:2dpaYNEQHiRxtZbfNsse99,"Marshmello, Bastille",Happier,Joytime Collective,1,28,34,128603,SG,Singapore,Q2,2019
38,spotify:track:0ahbzg4GCq3wJzUM3cjS3N,IZ*ONE,Violeta,Genie Music Corporation,38,95,2,125292,SG,Singapore,Q2,2019
39,spotify:track:1WSGTYKLEpKfNQYYW5Oymt,"benny blanco, Selena Gomez, J Balvin, Tainy","I Can’t Get Enough (benny blanco, Selena Gomez, J Balvin, Tainy)",NEON16/Friends Keep Secrets/Interscope Records,17,31,6,123969,SG,Singapore,Q2,2019
40,spotify:track:2aI2k39nfa3KFsa4JclQzw,BLACKPINK,DDU-DU DDU-DU,"2018 YG Entertainment, distributed through Interscope Records",1,62,43,122453,SG,Singapore,Q2,2019
41,spotify:track:5JEx7HbmvHQQswJCsoo9rA,"Ellie Goulding, Diplo, Swae Lee",Close To Me (with Diplo) (feat. Swae Lee),Polydor Records,8,33,24,117205,SG,Singapore,Q2,2019
42,spotify:track:1uru26I2JKd2mQZt0MDCUe,James Arthur,Empty Space,Columbia Local,11,36,25,117176,SG,Singapore,Q2,2019
43,spotify:track:2H4gf1wLxvYreMj1jcaN0k,Dean Lewis,Be Alright,Universal Music Australia Pty. Ltd.,1,34,38,114510,SG,Singapore,Q2,2019
44,spotify:track:4SSnFejRGlZikf02HLewEF,Billie Eilish,bury a friend,Darkroom/Interscope Records,10,25,10,113445,SG,Singapore,Q2,2019
45,spotify:track:2BgEsaKNfHUdlh97KmvFyo,Anne-Marie,2002,Atlantic Records UK,6,37,51,112267,SG,Singapore,Q2,2019
46,spotify:track:5kfNriitmkNE8mUbZ7gbq8,Khalid,Saturday Nights,"Right Hand Music Group, LLC/RCA Records",9,43,23,110413,SG,Singapore,Q2,2019
47,spotify:track:06Pvy98db25O7wlfFFFIRM,EVERGLOW,Bon Bon Chocolat,"Genie Music Corporation, Stone Music Entertainment",47,51,3,109321,SG,Singapore,Q2,2019
48,spotify:track:6zeeWid2sgw4lap2jV61PZ,Khalid,Better,"Right Hand Music Group, LLC/RCA Records",2,86,30,107275,SG,Singapore,Q2,2019
49,spotify:track:6u7jPi22kF8CTQ3rb9DHE7,"Lil Nas X, Billy Ray Cyrus",Old Town Road (feat. Billy Ray Cyrus) - Remix,Columbia,49,-1,1,106626,SG,Singapore,Q2,2019
50,spotify:track:7cE5ehlKJ3L9Ejhzm3udcF,Kelly Yu,體面（電影《前任3：再見前任》插曲）,北京眾水之音文化傳播有限公司,19,41,57,104922,SG,Singapore,Q2,2019
1,spotify:track:0TK2YIli7K1leLovkQiNik,"Shawn Mendes, Camila Cabello",Señorita,Island Records,1,1,3,942661,SG,Singapore,Q3,2019
2,spotify:track:4evmHXcjt3bTUHD1cvny97,"Ed Sheeran, Khalid",Beautiful People (feat. Khalid),Atlantic Records UK,2,2,2,437845,SG,Singapore,Q3,2019
3,spotify:track:3HVWdVOQ0ZA45FuZGSfvns,"Ed Sheeran, Justin Bieber",I Don't Care (with Justin Bieber),Atlantic Records UK,1,3,9,363168,SG,Singapore,Q3,2019
4,spotify:track:6vBdBCoOhKHiYDDOcorfNo,"Post Malone, Young Thug",Goodbyes (feat. Young Thug),Republic Records,4,-1,1,295061,SG,Singapore,Q3,2019
5,spotify:track:05CwHjIk71RXVU40boRMnR,"The Chainsmokers, Bebe Rexha",Call You Mine,Disruptor Records/Columbia,5,5,6,285925,SG,Singapore,Q3,2019
6,spotify:track:5KawlOMHjWeUjQtnuRs22c,"BTS, Halsey",Boy With Luv (feat. Halsey),BIGHIT MUSIC,1,4,13,275117,SG,Singapore,Q3,2019
7,spotify:track:2Fxmhks0bxGSBdJ92vM42m,Billie Eilish,bad guy,Darkroom/Interscope Records,2,6,15,254855,SG,Singapore,Q3,2019
8,spotify:track:7qEHsqek33rTcFNT9PFqLf,Lewis Capaldi,Someone You Loved,Vertigo Berlin,8,10,25,241348,SG,Singapore,Q3,2019
9,spotify:track:6moU77g9RQyMzHNuKEaQKq,Ali Gatie,It's You,Warner Records,9,11,4,223063,SG,Singapore,Q3,2019
10,spotify:track:6LsAAHotRLMOHfCsSfYCsz,Shawn Mendes,If I Can't Have You,Island Records,3,7,10,209263,SG,Singapore,Q3,2019
11,spotify:track:5PYQUBXc7NYeI1obMKSJK0,Katy Perry,Never Really Over,Capitol Records,8,9,6,208067,SG,Singapore,Q3,2019
12,spotify:track:29fRTIKsJhLUJoldM89GZS,Taylor Swift,You Need To Calm Down,Taylor Swift,3,8,4,200982,SG,Singapore,Q3,2019
13,spotify:track:4pUCKHjJ4Ijewc37rRrvHn,BLACKPINK,Kill This Love,"YG Entertainment, distributed through Interscope Records",1,12,15,193609,SG,Singapore,Q3,2019
14,spotify:track:2IAumRplFr0Ns09kKgt2je,Eric Chou,怎麼了,Sony Music Entertainment,6,14,26,183667,SG,Singapore,Q3,2019
15,spotify:track:5Uw7Dut2lZfexn3Y09swpf,"Mark Ronson, Camila Cabello",Find U Again (feat. Camila Cabello),Columbia,15,15,6,179508,SG,Singapore,Q3,2019
16,spotify:track:0mjAU3yKR1QnXnHtjGJqTM,OneRepublic,Rescue Me,Mosley Music/Interscope Records,16,17,8,164335,SG,Singapore,Q3,2019
17,spotify:track:4n7jnSxVLd8QioibtTDBDq,"Alan Walker, Sabrina Carpenter, Farruko",On My Way,Kreatell Music,5,18,16,163279,SG,Singapore,Q3,2019
18,spotify:track:6u7jPi22kF8CTQ3rb9DHE7,"Lil Nas X, Billy Ray Cyrus",Old Town Road (feat. Billy Ray Cyrus) - Remix,Columbia,11,19,14,159421,SG,Singapore,Q3,2019
19,spotify:track:3KkXRkHbMCARz0aVfEt68P,"Post Malone, Swae Lee",Sunflower - Spider-Man: Into the Spider-Verse,Universal Records,1,27,38,156552,SG,Singapore,Q3,2019
20,spotify:track:4a5zacCsHLtMC2mcxkqWwn,Lauv,Sad Forever,Lauv,20,26,6,153932,SG,Singapore,Q3,2019
21,spotify:track:15xWRPHQMeqgdkGzInx3PY,James Arthur,Falling Like The Stars,Columbia Local,15,22,9,153109,SG,Singapore,Q3,2019
22,spotify:track:22vgEDb5hykfaTwLuskFGD,Jonas Brothers,Sucker,Jonas Brothers Recording,1,23,19,149965,SG,Singapore,Q3,2019
23,spotify:track:4MsUsFfWseB9M2plGJyuIw,"Taylor Swift, Brendon Urie, Panic! At The Disco",ME! (feat. Brendon Urie of Panic! At The Disco),Taylor Swift,3,16,11,149791,SG,Singapore,Q3,2019
24,spotify:track:0XPsOSYzDJZJArevQNm2AR,Naomi Scott,Speechless (Full),Walt Disney Records,10,21,7,148564,SG,Singapore,Q3,2019
25,spotify:track:1iWHabUgUuuKLBa0TzTHfk,"ZAYN, Zhavia","A Whole New World (End Title) - From ""Aladdin""",Walt Disney Records,4,20,9,146925,SG,Singapore,Q3,2019
26,spotify:track:5ug4vqGZ3eisGhY1IsziNX,"Ed Sheeran, Yebba",Best Part of Me (feat. YEBBA),Atlantic Records UK,26,-1,1,145348,SG,Singapore,Q3,2019
27,spotify:track:4tNXntkAzQ5A2dfYRYGIIQ,5 Seconds of Summer,Easier,5 Seconds Of Summer/Interscope,14,31,7,143103,SG,Singapore,Q3,2019
28,spotify:track:7JCi89HGiURxFpr6NITY7q,CHUNG HA,Snapping,"Genie Music Corporation, Stone Music Entertainment",28,30,3,142882,SG,Singapore,Q3,2019
29,spotify:track:4hPpVbbakQNv8YTHYaOJP4,"Marshmello, Kane Brown",One Thing Right,Joytime Collective,29,32,3,139560,SG,Singapore,Q3,2019
30,spotify:track:5EgYDyMDCi8X0zDydTF7Rb,BTS,Heartbeat (BTS World Original Soundtrack),BIGHIT MUSIC,13,13,2,138486,SG,Singapore,Q3,2019
31,spotify:track:7COXchtUOMd6uIT6HvmRaI,"Lauv, Troye Sivan",i'm so tired...,Lauv,3,28,24,137908,SG,Singapore,Q3,2019
32,spotify:track:40OMBMYRk5IQL6xCzGM0JA,"Martin Garrix, Macklemore, Fall Out Boy",Summer Days (feat. Macklemore & Patrick Stump of Fall Out Boy),Epic Amsterdam,19,25,11,135857,SG,Singapore,Q3,2019
33,spotify:track:6fTt0CH2t0mdeB2N9XFG5r,Lil Nas X,Panini,Columbia,33,33,3,128541,SG,Singapore,Q3,2019
34,spotify:track:0DiDStADDVh3SvAsoJAFMk,Jonas Brothers,Only Human,Jonas Brothers Recording,29,29,5,128008,SG,Singapore,Q3,2019
35,spotify:track:3xaugmCyXrVkrDTXbFkMW3,Joji,Sanctuary,88rising Music,27,37,4,123832,SG,Singapore,Q3,2019
36,spotify:track:0uUNN1nSoUx1A4fkDCWDQ7,Ava Max,So Am I,Atlantic Records,9,39,18,123792,SG,Singapore,Q3,2019
37,spotify:track:1OBb2wZMXKNmtdyyejLIyL,i-dle,Uh-Oh,Universal Music LLC,34,34,2,121667,SG,Singapore,Q3,2019
38,spotify:track:6Qs4SXO9dwPj5GKvVOv8Ki,"Sam Smith, Normani",Dancing With A Stranger (with Normani),PLG - Capitol,2,40,26,120514,SG,Singapore,Q3,2019
39,spotify:track:3M9Apu4OZfylLTFKvgEtKa,"Tiësto, Jonas Blue, Rita Ora",Ritual,"Universal Music, a division of Universal International Music BV",39,46,6,117973,SG,Singapore,Q3,2019
40,spotify:track:3jsWXhE5NuPWQ4IHplv2zt,JEON SOMI,BIRTHDAY,THEBLACKLABEL,23,35,4,117953,SG,Singapore,Q3,2019
41,spotify:track:6iNH42q8haGYDYGhKK6XiJ,A-Lin,有一種悲傷 - 電影《比悲傷更悲傷的故事》主題曲,Sony Music Entertainment,1,42,32,117746,SG,Singapore,Q3,2019
42,spotify:track:4c1WgUnHXq2LEncGHKgj1I,"BTS, Charli xcx",Dream Glow (BTS World Original Soundtrack) (Pt. 1),BIGHIT MUSIC,7,24,5,117427,SG,Singapore,Q3,2019
43,spotify:track:1ZLrDPgR7mvuTco3rQK8Pk,"SHAUN, Conor Maynard, Sam Feldt",Way Back Home (feat. Conor Maynard) - Sam Feldt Edit,Spinnin' Records,5,41,29,116066,SG,Singapore,Q3,2019
44,spotify:track:5QiNbIilmMiMBXvaAlf7lN,"The Chainsmokers, 5 Seconds of Summer",Who Do You Love,Disruptor Records/Columbia,10,43,22,113407,SG,Singapore,Q3,2019
45,spotify:track:5ry2OE6R2zPQFDO85XkgRb,"Drake, Rick Ross",Money In The Grave (Drake ft. Rick Ross),Republic Records,34,36,4,111374,SG,Singapore,Q3,2019
46,spotify:track:25sgk305KZfyuqVBQIahim,Ava Max,Sweet but Psycho,Atlantic Records,6,44,39,111023,SG,Singapore,Q3,2019
47,spotify:track:44vXWYTcdrejrIQZEoHzl8,BTS,Lights,Universal Music LLC,47,163,2,110254,SG,Singapore,Q3,2019
48,spotify:track:0qc4QlcCxVTGyShurEv1UU,"Sam Feldt, RANI",Post Malone (feat. RANI),Spinnin' Records,48,57,3,110187,SG,Singapore,Q3,2019
49,spotify:track:6ocbgoVGwYJhOv1GgI9NsF,Ariana Grande,7 rings,Republic Records,1,45,25,106998,SG,Singapore,Q3,2019
50,spotify:track:2gug6MRv4xQFYi9LA3PJCS,Eric Chou,你，好不好？ - TVBS連續劇【遺憾拼圖】片尾曲,Sony Music Entertainment,32,49,133,102626,SG,Singapore,Q3,2019
1,spotify:track:6v3KW9xbzN5yKLt9YKDYA2,"Shawn Mendes, Camila Cabello",Señorita,Island Records,1,1,16,419759,SG,Singapore,Q4,2019
2,spotify:track:2b8fOow8UzyDFAE27YhOZM,Maroon 5,Memories,Interscope Records*,2,6,3,345094,SG,Singapore,Q4,2019
3,spotify:track:21jGcNKet2qwijlDFuPiPb,Post Malone,Circles,Republic Records,2,4,6,335758,SG,Singapore,Q4,2019
4,spotify:track:56wVfJKtnwlSZtC4NVgIrf,"Jay Chou, Ashin Chen",說好不哭,Universal Music Taiwan (JVR),1,2,4,309504,SG,Singapore,Q4,2019
5,spotify:track:7qEHsqek33rTcFNT9PFqLf,Lewis Capaldi,Someone You Loved,Vertigo Berlin,4,5,38,304240,SG,Singapore,Q4,2019
6,spotify:track:14rWuS6yllHOdfZ8sZsZUj,TWICE,Feel Special,Republic Records - TWICE,3,3,3,274038,SG,Singapore,Q4,2019
7,spotify:track:6b2RcmUt1g9N9mQ3CbjX2Y,Sam Smith,How Do You Sleep?,PLG - Capitol,2,8,12,261267,SG,Singapore,Q4,2019
8,spotify:track:2wrJq5XKLnmhRXHIAf9xBa,"Dan + Shay, Justin Bieber","10,000 Hours (with Justin Bieber)",Warner Music Nashville,8,-1,1,258223,SG,Singapore,Q4,2019
9,spotify:track:70eFcWOvlMObDhURTqT4Fv,"Ed Sheeran, Khalid",Beautiful People (feat. Khalid),Atlantic Records UK,2,7,15,255336,SG,Singapore,Q4,2019
10,spotify:track:0y675KDleCZEudjoeL1sQQ,Lauv,Feelings,Lauv,7,9,3,254830,SG,Singapore,Q4,2019
11,spotify:track:6moU77g9RQyMzHNuKEaQKq,Ali Gatie,It's You,Warner Records,8,12,17,222296,SG,Singapore,Q4,2019
12,spotify:track:3eekarcy7kvN4yt5ZFzltW,Travis Scott,HIGHEST IN THE ROOM,Cactus Jack/Epic,12,-1,1,211411,SG,Singapore,Q4,2019
13,spotify:track:4a6q8CR2hzLk2plDkSxkfD,Bazzi,I.F.L.Y.,iamcosmic,5,10,12,210618,SG,Singapore,Q4,2019
14,spotify:track:1rgnBhdG2JDFTbYkYRZAku,Tones And I,Dance Monkey,Elektra (NEK),14,18,10,201792,SG,Singapore,Q4,2019
15,spotify:track:5WrEilrRI5cIW0DxMvQYPZ,SuperM,Jopping,SM Entertainment/Capitol Records,15,-1,1,196421,SG,Singapore,Q4,2019
16,spotify:track:3NkJNL3WqO1Lqc3uNDxvCN,"Ariana Grande, Miley Cyrus, Lana Del Rey",Don’t Call Me Angel (Charlie’s Angels) (with Miley Cyrus & Lana Del Rey),Silver Cloud/Charlie's Angels,4,11,4,191636,SG,Singapore,Q4,2019
17,spotify:track:7aiClxsDWFRQ0Kzk5KI5ku,blackbear,hot girl bummer,Alamo,17,24,6,191509,SG,Singapore,Q4,2019
18,spotify:track:0hVXuCcriWRGvwMV1r5Yn9,"Ed Sheeran & Justin Bieber, Justin Bieber",I Don't Care (with Justin Bieber),Atlantic Records UK,1,13,22,180161,SG,Singapore,Q4,2019
19,spotify:track:0TMGV2zMZXOILVtQLtkI3G,Why Don't We,What Am I,Atlantic Records,19,21,7,175314,SG,Singapore,Q4,2019
20,spotify:track:2IAumRplFr0Ns09kKgt2je,Eric Chou,怎麼了,Sony Music Entertainment,6,14,39,175033,SG,Singapore,Q4,2019
21,spotify:track:7LzouaWGFCy4tkXDOOnEyM,Camila Cabello,Liar,Syco Music/Epic,13,15,5,174162,SG,Singapore,Q4,2019
22,spotify:track:322tcqPhma7F6hfCeLisx0,"Lauv, Anne-Marie","fuck, i'm lonely",Lauv,9,16,10,173275,SG,Singapore,Q4,2019
23,spotify:track:6V9fHiv84WlVTg7CSnIVY2,Halsey,Graveyard,Capitol Records,20,25,4,169812,SG,Singapore,Q4,2019
24,spotify:track:6wo37KVqFJhtuxPTpLCcfe,"The Chainsmokers, ILLENIUM, Lennon Stella",Takeaway,Disruptor Records/Columbia,9,20,11,162475,SG,Singapore,Q4,2019
25,spotify:track:7sJwGtoWgkVRwzujlyT3cp,"Lauv, Miquela",Sims - Miquela Remix,Lauv,25,-1,1,161044,SG,Singapore,Q4,2019
26,spotify:track:6vBdBCoOhKHiYDDOcorfNo,"Post Malone, Young Thug",Goodbyes (feat. Young Thug),Republic Records,4,17,14,158800,SG,Singapore,Q4,2019
27,spotify:track:5KawlOMHjWeUjQtnuRs22c,"BTS, Halsey",Boy With Luv (feat. Halsey),BIGHIT MUSIC,1,19,26,157977,SG,Singapore,Q4,2019
28,spotify:track:1dGr1c8CrMLDpV6mPbImSI,Taylor Swift,Lover,Taylor Swift,2,23,8,149730,SG,Singapore,Q4,2019
29,spotify:track:0Ryd8975WihbObpp5cPW1t,"Ariana Grande, Social House",boyfriend (with Social House),Republic Records,4,22,10,147469,SG,Singapore,Q4,2019
30,spotify:track:26wLOs3ZuHJa2Ihhx6QIE6,5 Seconds of Summer,Teeth,UMGRI Interscope,17,26,7,141990,SG,Singapore,Q4,2019
31,spotify:track:2Fxmhks0bxGSBdJ92vM42m,Billie Eilish,bad guy,Darkroom/Interscope Records,2,28,28,135116,SG,Singapore,Q4,2019
32,spotify:track:4vUmTMuQqjdnvlZmAH61Qk,"Ed Sheeran, Camila Cabello, Cardi B",South of the Border (feat. Camila Cabello & Cardi B),Atlantic Records UK,10,38,13,130509,SG,Singapore,Q4,2019
33,spotify:track:1SNiXDwSilLujcYdvfqVpT,"The Chainsmokers, Bebe Rexha",Call You Mine,Disruptor Records/Columbia,5,31,19,129721,SG,Singapore,Q4,2019
34,spotify:track:6iNH42q8haGYDYGhKK6XiJ,A-Lin,有一種悲傷 - 電影《比悲傷更悲傷的故事》主題曲,Sony Music Entertainment,1,33,45,126742,SG,Singapore,Q4,2019
35,spotify:track:2gug6MRv4xQFYi9LA3PJCS,Eric Chou,你，好不好？ - TVBS連續劇【遺憾拼圖】片尾曲,Sony Music Entertainment,32,34,146,126216,SG,Singapore,Q4,2019
36,spotify:track:2bT1PH7Cw3J9p3t7nlXCdh,Shawn Mendes,If I Can't Have You,Island Records,3,35,23,125186,SG,Singapore,Q4,2019
37,spotify:track:40nPimvmG05WYS7983bawZ,Camila Cabello,Cry for Me,Syco Music/Epic,37,-1,1,124459,SG,Singapore,Q4,2019
38,spotify:track:0RiRZpuVRbi7oqRdSMwhQY,"Post Malone, Swae Lee",Sunflower - Spider-Man: Into the Spider-Verse,Republic Records,1,30,51,123491,SG,Singapore,Q4,2019
39,spotify:track:18uwL0vNUanqZH0ro2QcOP,Jeremy Zucker,comethru,Republic Records,31,36,44,122187,SG,Singapore,Q4,2019
40,spotify:track:1ivCIgrYZyE0BvItL4Z8lk,Jay Chou,告白氣球,Universal Music Taiwan (JVR),29,29,146,121018,SG,Singapore,Q4,2019
41,spotify:track:05mDaV9Vb3wrzjF6OPZnhq,Post Malone,Saint-Tropez,Republic Records,16,32,5,120241,SG,Singapore,Q4,2019
42,spotify:track:6kabSi7XCHHGThNme6J2tL,Eric Chou,如果雨之後,Sony Music Entertainment,21,39,96,112684,SG,Singapore,Q4,2019
43,spotify:track:15xWRPHQMeqgdkGzInx3PY,James Arthur,Falling Like The Stars,Columbia Local,15,41,22,111875,SG,Singapore,Q4,2019
44,spotify:track:7KhHA3mzt7A3LFlOJEAKpI,"Alan Walker, Sabrina Carpenter, Farruko",On My Way,Kreatell Music,5,40,29,110903,SG,Singapore,Q4,2019
45,spotify:track:5aUSEPNd3m5xliFK4pn5mU,"Zedd, Kehlani",Good Thing (with Kehlani),Interscope Records,45,156,2,108282,SG,Singapore,Q4,2019
46,spotify:track:1000nHvUdawXuUHgBod4Wv,Lil Nas X,Panini,Columbia,25,27,16,108275,SG,Singapore,Q4,2019
47,spotify:track:2BgEsaKNfHUdlh97KmvFyo,Anne-Marie,2002,Atlantic Records UK,6,43,77,107402,SG,Singapore,Q4,2019
48,spotify:track:4pUCKHjJ4Ijewc37rRrvHn,BLACKPINK,Kill This Love,"YG Entertainment, distributed through Interscope Records",1,44,28,105362,SG,Singapore,Q4,2019
49,spotify:track:5kZDxLcbqglZ2yYXg4Mkjc,JJ Lin,那些你很冒險的夢,就是俊傑音樂股份有限公司,17,42,113,105356,SG,Singapore,Q4,2019
50,spotify:track:55OUCSy92BYCmhjOuzFQcf,Ali Gatie,Used to You,Warner Records,50,-1,1,103664,SG,Singapore,Q4,2019
1,spotify:track:24mpJgP2YZUBif9NvmYyh4,Gülşen,Bir İhtimal Biliyorum,DOĞAN MÜZİK YAPIM,1,1,5,807355,TR,Turkey,Q1,2019
2,spotify:track:15DPWEQ73JEW3pfyU6EcmR,Ben Fero,3 2 1,Ben Fero,1,2,6,525987,TR,Turkey,Q1,2019
3,spotify:track:79sYvkdnJGFrYx67nBL5Nk,Bora Duran,Sana Doğru,GARAJ,3,3,16,492336,TR,Turkey,Q1,2019
4,spotify:track:4JHfs0fmHtk9IbaQ3CqXSD,"Bilal Sonses, Tuğçe Kandemir",İçimdeki Sen,Sonses Müzik,4,5,3,452297,TR,Turkey,Q1,2019
5,spotify:track:0R0o8uOkDz40XsR6uwThfQ,Ezhel,Geceler,KOAL,2,4,85,435008,TR,Turkey,Q1,2019
6,spotify:track:27OWNTEEtJCFVejrh5mqgv,Ezhel,Kazıdık Tırnaklarla,KOAL,2,6,30,401161,TR,Turkey,Q1,2019
7,spotify:track:7fUGWMgLzsVdID1eKoPm3b,"Anıl Piyancı, Ezhel",KAFA10,Yeşil Oda Yapım,2,7,14,396807,TR,Turkey,Q1,2019
8,spotify:track:51agJccRxKI5dqGJFkTojo,Burry Soprano,Mary Jane,Columbia Local,1,8,19,377531,TR,Turkey,Q1,2019
9,spotify:track:31EltOuKi4PBBExtTTO00s,Tahribad-ı İsyan,Leyla,Doğulu Music,9,9,5,365784,TR,Turkey,Q1,2019
10,spotify:track:4dVq7rEV6AozzDX9fh9vVH,Ben Fero,Mahallemiz Esmer,Ben Fero,9,10,24,350584,TR,Turkey,Q1,2019
11,spotify:track:5CaKpl8JB1FMCbsgh0sgO8,Ufuk Beydemir,Ay Tenli Kadın,Zoom,11,16,40,328909,TR,Turkey,Q1,2019
12,spotify:track:5AS7el6HMlK5YcGeUSxR1n,"Muşta, Şehinşah",Islah,Sofistikal Music,1,12,9,324511,TR,Turkey,Q1,2019
13,spotify:track:4GjIoWGPLf7C8LcjK1UNlS,Şehinşah,Yak Yak Yak,Sofistikal Music,6,14,27,324311,TR,Turkey,Q1,2019
14,spotify:track:186rAYS0x7rX1IZXheLBoN,Cengiz Ateş,Unutturmam,ETL Records,13,13,11,319320,TR,Turkey,Q1,2019
15,spotify:track:48BDdjRPUJLjqj7nVmrg4d,Soner Sarıkabadayı,Tarifi Zor,PDND Müzik Prod.,15,17,25,318565,TR,Turkey,Q1,2019
16,spotify:track:1PJ1BbGaVmLogYicLKoZix,Canbay & Wolker,Elbet Bir Gün,3 Adım Müzik,1,15,30,309570,TR,Turkey,Q1,2019
17,spotify:track:4w8niZpiMy6qz1mntFA5uM,"DJ Snake, Selena Gomez, Ozuna, Cardi B","Taki Taki (with Selena Gomez, Ozuna & Cardi B)","DJ Snake Music Productions Limited, under exclusive license to Geffen Records",6,11,15,306599,TR,Turkey,Q1,2019
18,spotify:track:5xOAQ5o5mPI2FZZEOu1NZL,Yüzyüzeyken Konuşuruz,Boş Gemiler,SONY MUSIC TURKEY,8,21,19,302662,TR,Turkey,Q1,2019
19,spotify:track:4ajGA8mtD6R2JylEbRLp5n,Manuş Baba,Bu Havada Gidilmez,Nazan Öncel,19,24,19,297313,TR,Turkey,Q1,2019
20,spotify:track:4LTHcXXwN8OW4fYm5sVNPP,"DJ Tarkan, Sagopa Kajmer",Oldu Olanlar,Melankolia Müzik,11,18,14,291291,TR,Turkey,Q1,2019
21,spotify:track:5Y3ZTBwRNrgj3AlXYASvDe,Ezhel,İmkansızım,KOAL,1,20,60,283719,TR,Turkey,Q1,2019
22,spotify:track:7xLuitKqUvy1854AiGaLY0,Velet,Catla,Velet,9,22,29,281921,TR,Turkey,Q1,2019
23,spotify:track:1pq9w58vpi5nnEllpgl1tF,Simge,Öpücem,DOĞAN MÜZİK YAPIM,4,19,15,278300,TR,Turkey,Q1,2019
24,spotify:track:11PO9iu6PtpgL1JK4QNUEJ,Yüzyüzeyken Konuşuruz,Dinle Beni Bi',SONY MUSIC TURKEY,19,29,46,277377,TR,Turkey,Q1,2019
25,spotify:track:0s5Fwi2qaJqc6ZIdh6cJBy,"Rafet El Roman, Derya",Unuturum Elbet,EMRE GRAFSON MÜZİK,2,26,9,276404,TR,Turkey,Q1,2019
26,spotify:track:0ewiq9snqyF3dULzbMqI3J,Şehinşah,Dünya'dan Atlas'a,Karma Company,9,23,10,275114,TR,Turkey,Q1,2019
27,spotify:track:2fqlGvVkoVDCRAA8O5r6bH,Şehinşah,Milyon,Karma Company,14,27,14,272934,TR,Turkey,Q1,2019
28,spotify:track:13hvHEstJ4sNbzdroPrPI3,"Dua Lipa, BLACKPINK",Kiss and Make Up,Warner Records,14,28,12,258264,TR,Turkey,Q1,2019
29,spotify:track:2eRq2jwsZtb0uGH4qUsvT1,Summer Cem,Tamam Tamam,Banger Musik/WM Germany,6,25,26,250623,TR,Turkey,Q1,2019
30,spotify:track:5p7ujcrUXASCNwRaWNHR1C,Halsey,Without Me,Capitol Records,30,42,14,247435,TR,Turkey,Q1,2019
31,spotify:track:0E9ZjEAyAwOXZ7wJC0PD33,"Dynoro, Gigi D'Agostino",In My Mind,Columbia/B1 Recordings,6,30,24,245568,TR,Turkey,Q1,2019
32,spotify:track:0YammaEkYSeo9vQYZ1OwS6,"David Guetta, Bebe Rexha, J Balvin",Say My Name,Parlophone UK,32,32,17,239946,TR,Turkey,Q1,2019
33,spotify:track:23KSyhPMqyUVrrLo300YiW,Yüzyüzeyken Konuşuruz,Ne Farkeder,SONY MUSIC TURKEY,10,33,94,239091,TR,Turkey,Q1,2019
34,spotify:track:0bE8X3KwUifITMaibVR9eD,Hande Yener,Beni Sev,Poll Production,8,31,23,238801,TR,Turkey,Q1,2019
35,spotify:track:5oecOcmSEHs7MZiB0NPbFu,mor ve ötesi,Bir Derdim Var,RAKUN MÜZİK FİLM,34,34,102,238420,TR,Turkey,Q1,2019
36,spotify:track:09XOVDSIbBxBf6Kr1vGnHf,Ceza,Neyim Var Ki (feat. Sagopa K),Hammer Müzik,33,39,56,233316,TR,Turkey,Q1,2019
37,spotify:track:1y2mzrtAcHvmPJlNZUQ78e,Contra,Kibir,ContravoltaMusic,2,38,36,227076,TR,Turkey,Q1,2019
38,spotify:track:1BFXF795GnN0AqjMDSfbSP,Tuğçe Kandemir,Yanlış,Dark’n Dark Music,4,35,16,222758,TR,Turkey,Q1,2019
39,spotify:track:1NJcg626wLln4pGHpiV7mf,"Billie Eilish, Khalid",lovely (with Khalid),Darkroom,39,54,34,221156,TR,Turkey,Q1,2019
40,spotify:track:0OTmkHR256dTdFVI7KWoPm,Onur Can Özcan,Yaramızda Kalsın,Wovie,38,43,38,215160,TR,Turkey,Q1,2019
41,spotify:track:2DTLzghmLMDNvTYe67ffuD,Ceg,Bu Gece,Epidemik Yapım,35,48,43,214993,TR,Turkey,Q1,2019
42,spotify:track:7KwJ77WnVmphcdSDtIHe47,Buray,Aşk Bitsin,SONY MUSIC TURKEY,18,44,12,214076,TR,Turkey,Q1,2019
43,spotify:track:1vBQ0dGjpnpOIF7iNbwuyX,"Emrah Karaduman, Derya Uluğ",Sürgün Aşkımız,karaduman music,17,40,17,213677,TR,Turkey,Q1,2019
44,spotify:track:1rbOPArNgrvQzd1Bku0MCR,"Artz, Ezhel",Pavyon (feat. Ezhel),KOAL,10,37,45,212047,TR,Turkey,Q1,2019
45,spotify:track:27V2b6B6YZjU3IzqH1ynpm,"Emrah Karaduman, Aleyna Tilki",Dipsiz Kuyum,karaduman music,3,36,17,209725,TR,Turkey,Q1,2019
46,spotify:track:4AwMlBuqRr4wF1l4UqyJkg,Mabel Matiz,Sarmaşık,Zoom,13,47,22,208073,TR,Turkey,Q1,2019
47,spotify:track:1jCv5QxEnfPyup6Kha3hNh,Merve Özbey,Vuracak,ÖZDEMİR PLAK,2,41,34,206953,TR,Turkey,Q1,2019
48,spotify:track:2c7GlMNmF7pbohjykutmLP,"Sia, Diplo, Labrinth, LSD","Thunderclouds (feat. Sia, Diplo, and Labrinth)",Records/Columbia,9,46,22,205685,TR,Turkey,Q1,2019
49,spotify:track:6GxaMyQYnqqASQKNYY4Tub,Mabel Matiz,A Canım,Zoom,6,49,30,201216,TR,Turkey,Q1,2019
50,spotify:track:69J8H2ujqGkJ4KSqp2YpRu,"EDIS, Emina",Güzelliğine,DOĞAN MÜZİK YAPIM,5,51,24,197419,TR,Turkey,Q1,2019
1,spotify:track:3VC7KLsQnwLdKHRu7J6XBP,Ben Fero,Biladerim İçin,Ben Fero,1,1,8,1297284,TR,Turkey,Q2,2019
2,spotify:track:59l0CeaA4LLngf30waUXWB,Ezhel,Felaket,StageArt Europe,1,3,10,986204,TR,Turkey,Q2,2019
3,spotify:track:09XOVDSIbBxBf6Kr1vGnHf,Ceza,Neyim Var Ki (feat. Sagopa K),Hammer Müzik,2,2,69,877754,TR,Turkey,Q2,2019
4,spotify:track:5NK38OSKOCAoPxTe6sOgW9,Ben Fero,3 2 1,Ben Fero,1,4,19,861070,TR,Turkey,Q2,2019
5,spotify:track:381kyofsIJKajRfX9iKLs8,Rauf & Faik,Детство,Atlantic Records Russia (Distribution),5,6,7,745637,TR,Turkey,Q2,2019
6,spotify:track:1pNZLvVjMheeoOpuQqKDIJ,Ben Fero,Babafingo,Ben Fero,3,5,8,696342,TR,Turkey,Q2,2019
7,spotify:track:2Fxmhks0bxGSBdJ92vM42m,Billie Eilish,bad guy,Darkroom/Interscope Records,7,8,2,678811,TR,Turkey,Q2,2019
8,spotify:track:3kyGlb9iNqhKJsS2WVNyzH,Ben Fero,Demet Akalın,Ben Fero,5,7,8,662677,TR,Turkey,Q2,2019
9,spotify:track:6ocbgoVGwYJhOv1GgI9NsF,Ariana Grande,7 rings,Republic Records,4,11,12,495793,TR,Turkey,Q2,2019
10,spotify:track:0m0Ew7RcwZaBS8psxgE00P,Reynmen,Derdim Olsun,ILS Music,1,9,11,495683,TR,Turkey,Q2,2019
11,spotify:track:3qOxkhNytyb6ifxNzxxULn,Ben Fero,Mahallemiz Esmer,Ben Fero,7,10,37,484185,TR,Turkey,Q2,2019
12,spotify:track:7fUGWMgLzsVdID1eKoPm3b,"Anıl Piyancı, Ezhel",KAFA10,Yeşil Oda Yapım,2,13,27,451458,TR,Turkey,Q2,2019
13,spotify:track:4pUCKHjJ4Ijewc37rRrvHn,BLACKPINK,Kill This Love,"YG Entertainment, distributed through Interscope Records",13,-1,1,450248,TR,Turkey,Q2,2019
14,spotify:track:4SSnFejRGlZikf02HLewEF,Billie Eilish,bury a friend,Darkroom/Interscope Records,8,14,10,446071,TR,Turkey,Q2,2019
15,spotify:track:2S2pucEIc2ZisqpqOYwKH0,Ziynet Sali,Bana da Söyle,DOĞAN MÜZİK YAPIM,15,18,4,446013,TR,Turkey,Q2,2019
16,spotify:track:4Kqvjf6CBJBTOoMGPYtVX1,Şehinşah,Pirana,DOĞAN MÜZİK YAPIM,3,12,10,430792,TR,Turkey,Q2,2019
17,spotify:track:4LTHcXXwN8OW4fYm5sVNPP,"DJ Tarkan, Sagopa Kajmer",Oldu Olanlar,Melankolia Müzik,11,17,27,428227,TR,Turkey,Q2,2019
18,spotify:track:1DZn3kv6JAsqKw8iNWGWP0,Ben Fero,Motivasyon,Ben Fero,11,15,8,420884,TR,Turkey,Q2,2019
19,spotify:track:24mpJgP2YZUBif9NvmYyh4,Gülşen,Bir İhtimal Biliyorum,DOĞAN MÜZİK YAPIM,1,16,18,408362,TR,Turkey,Q2,2019
20,spotify:track:3PnnOWYdWL6nu4nVj49llh,Sagopa Kajmer,Güvensiz İnsanlar,Melankolia Müzik,20,-1,1,392555,TR,Turkey,Q2,2019
21,spotify:track:2qxmye6gAegTMjLKEBoR3d,Alec Benjamin,Let Me Down Slowly,2018,21,23,14,383658,TR,Turkey,Q2,2019
22,spotify:track:27OWNTEEtJCFVejrh5mqgv,Ezhel,Kazıdık Tırnaklarla,KOAL,2,20,43,366287,TR,Turkey,Q2,2019
23,spotify:track:4NkKfZe4USK76vt2dVnIQ8,"Kubilay Karça, Şehinşah",Kıskanç,Wovie,1,19,13,361250,TR,Turkey,Q2,2019
24,spotify:track:4GjIoWGPLf7C8LcjK1UNlS,Şehinşah,Yak Yak Yak,Sofistikal Music,6,21,40,351377,TR,Turkey,Q2,2019
25,spotify:track:5CaKpl8JB1FMCbsgh0sgO8,Ufuk Beydemir,Ay Tenli Kadın,Zoom,11,25,53,333861,TR,Turkey,Q2,2019
26,spotify:track:6eYKSd5QD0Xj45ZDDt47dg,Sura İskenderli,Niye,WediaCorp Music,22,22,5,333578,TR,Turkey,Q2,2019
27,spotify:track:0R0o8uOkDz40XsR6uwThfQ,Ezhel,Geceler,KOAL,2,27,98,330552,TR,Turkey,Q2,2019
28,spotify:track:79sYvkdnJGFrYx67nBL5Nk,Bora Duran,Sana Doğru,GARAJ,3,24,29,326568,TR,Turkey,Q2,2019
29,spotify:track:11PO9iu6PtpgL1JK4QNUEJ,Yüzyüzeyken Konuşuruz,Dinle Beni Bi',SONY MUSIC TURKEY,19,31,59,323934,TR,Turkey,Q2,2019
30,spotify:track:3AXScNtH6Ywywwma6u8h95,Mustafa Sandal,Gel Bana,DOĞAN MÜZİK YAPIM,7,28,12,319088,TR,Turkey,Q2,2019
31,spotify:track:31EltOuKi4PBBExtTTO00s,Tahribad-ı İsyan,Leyla,Doğulu Music,9,29,18,318174,TR,Turkey,Q2,2019
32,spotify:track:5Y3ZTBwRNrgj3AlXYASvDe,Ezhel,İmkansızım,KOAL,1,30,73,317979,TR,Turkey,Q2,2019
33,spotify:track:7l8e7Pe8qndxhCU245rIve,Yalın,Deva Bize Sevişler,Y Prodüksiyon,27,32,7,317121,TR,Turkey,Q2,2019
34,spotify:track:1NJcg626wLln4pGHpiV7mf,"Billie Eilish, Khalid",lovely (with Khalid),Darkroom,32,33,47,302129,TR,Turkey,Q2,2019
35,spotify:track:2LW11Yumkr933BEzOlSTtU,Hande Ünsal,Seni Sever Miydim?,DOĞAN MÜZİK YAPIM,26,34,13,294043,TR,Turkey,Q2,2019
36,spotify:track:0ewiq9snqyF3dULzbMqI3J,Şehinşah,Dünya'dan Atlas'a,Karma Company,9,35,23,282776,TR,Turkey,Q2,2019
37,spotify:track:29OAg7zVADbu0ONXJppCFX,Murat Dalkılıç,Son Liman,Poll Production,32,37,11,280140,TR,Turkey,Q2,2019
38,spotify:track:1JvUmKSl9Mg6mQnmbjLYyz,Ceza,Suspus,Esen,18,38,76,272529,TR,Turkey,Q2,2019
39,spotify:track:13hvHEstJ4sNbzdroPrPI3,"Dua Lipa, BLACKPINK",Kiss and Make Up,Warner Records,14,36,25,271473,TR,Turkey,Q2,2019
40,spotify:track:23KSyhPMqyUVrrLo300YiW,Yüzyüzeyken Konuşuruz,Ne Farkeder,SONY MUSIC TURKEY,10,44,107,270648,TR,Turkey,Q2,2019
41,spotify:track:4pgSP5IFauYACHCMGA0T8r,Kahraman Deniz,Böyle Sever,Locca Records,41,56,15,270459,TR,Turkey,Q2,2019
42,spotify:track:1VKhkL590NFnmLPogX4ATh,Ayse Hatun Onal,Katakulli,DOĞAN MÜZİK YAPIM,42,-1,1,268869,TR,Turkey,Q2,2019
43,spotify:track:54NKLES52dJZKcuLgbNS4B,Bengü,Yazık,TİİZZ PRODUCTION,37,52,8,260229,TR,Turkey,Q2,2019
44,spotify:track:5xOAQ5o5mPI2FZZEOu1NZL,Yüzyüzeyken Konuşuruz,Boş Gemiler,SONY MUSIC TURKEY,8,53,32,257501,TR,Turkey,Q2,2019
45,spotify:track:48BDdjRPUJLjqj7nVmrg4d,Soner Sarıkabadayı,Tarifi Zor,PDND Müzik Prod.,15,41,38,255093,TR,Turkey,Q2,2019
46,spotify:track:5oecOcmSEHs7MZiB0NPbFu,mor ve ötesi,Bir Derdim Var,RAKUN MÜZİK FİLM,34,54,115,255051,TR,Turkey,Q2,2019
47,spotify:track:79MWhuYapVlBQ4ozGVdO6e,"Cem Adrian, Hande Mehan",Sen Benim Şarkılarımsın,SONY MUSIC TURKEY,44,47,30,254089,TR,Turkey,Q2,2019
48,spotify:track:4ktTv8OPQDbahR4opPanNq,Ceza,Med Cezir,Hammer Müzik,48,51,2,253664,TR,Turkey,Q2,2019
49,spotify:track:1lrTzjqtdxztnZSJutpBha,Anıl Piyancı,ŞÖHRETİN BASAMAKLARI,Yeşil Oda Yapım,43,43,3,252284,TR,Turkey,Q2,2019
50,spotify:track:0YammaEkYSeo9vQYZ1OwS6,"David Guetta, Bebe Rexha, J Balvin",Say My Name,Parlophone UK,32,45,30,246329,TR,Turkey,Q2,2019
1,spotify:track:5b195aHKKd6oTr4f7DoRCo,MERO,Olabilir,Groove Attack TraX,1,2,4,1631490,TR,Turkey,Q3,2019
2,spotify:track:5pdsGdTeqH6MHqJeKkpwX3,"Anıl Piyancı, Zeynep Bastık",Bırakman Doğru Mu,Yeşil Oda Yapım,2,3,3,1560263,TR,Turkey,Q3,2019
3,spotify:track:3kyGlb9iNqhKJsS2WVNyzH,Ben Fero,Demet Akalın,Ben Fero,3,5,21,1318926,TR,Turkey,Q3,2019
4,spotify:track:2CjjjGKJA1ybc5wjCyJYjm,Feride Hilal Akın,Yok Yok,DOĞAN MÜZİK YAPIM,1,4,8,1275335,TR,Turkey,Q3,2019
5,spotify:track:7iQYp6Fp3xFFatU20GZtLe,"BEGE, Nova Norda",Yeniden,BEGE,1,1,2,1266173,TR,Turkey,Q3,2019
6,spotify:track:59l0CeaA4LLngf30waUXWB,Ezhel,Felaket,StageArt Europe,1,7,23,1091377,TR,Turkey,Q3,2019
7,spotify:track:5CaKpl8JB1FMCbsgh0sgO8,Ufuk Beydemir,Ay Tenli Kadın,Zoom,1,6,66,1046507,TR,Turkey,Q3,2019
8,spotify:track:0TK2YIli7K1leLovkQiNik,"Shawn Mendes, Camila Cabello",Señorita,Island Records,8,9,3,948716,TR,Turkey,Q3,2019
9,spotify:track:4Am7XgKpt84IDRCv3PyXW8,Aleyna Tilki,Nasılsın Aşkta?,DOĞAN MÜZİK YAPIM,1,8,10,877034,TR,Turkey,Q3,2019
10,spotify:track:2Fxmhks0bxGSBdJ92vM42m,Billie Eilish,bad guy,Darkroom/Interscope Records,4,10,15,814099,TR,Turkey,Q3,2019
11,spotify:track:3VC7KLsQnwLdKHRu7J6XBP,Ben Fero,Biladerim İçin,Ben Fero,1,12,21,806738,TR,Turkey,Q3,2019
12,spotify:track:63iW8lA2sI5dHz6pQg1qH1,"Massaka, Anıl Piyancı, Sansar Salvo, Dr. Fuchs, Canbay, Wolker, Şanışer, Rota, Hayki, Yener Çevik, Tekmill, Defkhan, Sirdav",Katliam 3,KÖNIGSRASSE,11,11,2,748814,TR,Turkey,Q3,2019
13,spotify:track:0vPwz9tLf2mA9fL7o2Tvjh,Canbay & Wolker,Fersah,"MÜZİK BANKASI, Under Exclusive Licence to ONErpm",13,14,5,677069,TR,Turkey,Q3,2019
14,spotify:track:1wNvrmgNc2Aa5ZfSschQyD,Ersay Üner,Nokta,717 Digital,11,17,8,657752,TR,Turkey,Q3,2019
15,spotify:track:35u4yRijMBIcZ4t6jm0NEf,"Khontkar, Ben Fero",JENGA,RedKeys Music,5,13,5,644732,TR,Turkey,Q3,2019
16,spotify:track:7uTXBaWobakjvQvQxTD6TF,Merve Özbey,Tebrikler,KNY Muzik,7,15,7,627813,TR,Turkey,Q3,2019
17,spotify:track:5NK38OSKOCAoPxTe6sOgW9,Ben Fero,3 2 1,Ben Fero,1,18,32,626368,TR,Turkey,Q3,2019
18,spotify:track:0ELKA403grwyEZLPMzJRKs,Melike Şahin,Tutuşmuş Beraber,Columbia,15,16,5,576991,TR,Turkey,Q3,2019
19,spotify:track:1DZn3kv6JAsqKw8iNWGWP0,Ben Fero,Motivasyon,Ben Fero,11,19,21,558193,TR,Turkey,Q3,2019
20,spotify:track:1N6WB9j4XFrhbPET0vjVN8,Şanışer,Günleri Geride Bırak,Collabel,20,21,2,541441,TR,Turkey,Q3,2019
21,spotify:track:1pNZLvVjMheeoOpuQqKDIJ,Ben Fero,Babafingo,Ben Fero,3,22,21,538732,TR,Turkey,Q3,2019
22,spotify:track:3kD2fBvNR5xvbJxO1MW6HT,Merve Özbey,Yaramızda Kalsın,KNY Muzik,14,20,7,528194,TR,Turkey,Q3,2019
23,spotify:track:7fUGWMgLzsVdID1eKoPm3b,"Anıl Piyancı, Ezhel",KAFA10,Yeşil Oda Yapım,2,24,40,521592,TR,Turkey,Q3,2019
24,spotify:track:1L8breHwaAapLwp7tcIPF9,Zeynep Bastık,Her Yerde Sen,Zeynep Bastık,23,23,8,487187,TR,Turkey,Q3,2019
25,spotify:track:7hU3H2id2pBVawD7e3zd8N,Kahraman Deniz,Böyle Sever,Locca Records,22,28,28,479106,TR,Turkey,Q3,2019
26,spotify:track:09XOVDSIbBxBf6Kr1vGnHf,Ceza,Neyim Var Ki (feat. Sagopa K),Hammer Müzik,2,25,82,471069,TR,Turkey,Q3,2019
27,spotify:track:2S2pucEIc2ZisqpqOYwKH0,Ziynet Sali,Bana da Söyle,DOĞAN MÜZİK YAPIM,9,26,17,448524,TR,Turkey,Q3,2019
28,spotify:track:73Ec1iE2MDm6Y16Tq2Rz8O,Adamlar,Zombi,GARAJ,7,27,13,439836,TR,Turkey,Q3,2019
29,spotify:track:381kyofsIJKajRfX9iKLs8,Rauf & Faik,Детство,Atlantic Records Russia (Distribution),5,29,20,419919,TR,Turkey,Q3,2019
30,spotify:track:7zn6VQuPR6aCLPRcZAA89R,Yüzyüzeyken Konuşuruz,Ölsem Yeridir,SONY MUSIC TURKEY,5,32,11,414182,TR,Turkey,Q3,2019
31,spotify:track:0Suz0ODVlAciSYK0YbvVdQ,"Emrah Karaduman, Çağla",Ara Beni,karaduman music,29,30,12,413707,TR,Turkey,Q3,2019
32,spotify:track:4X0MqjLL4CGvL4834JjAFP,Tuğçe Kandemir,Gülü Soldurmam - Aşkın'ın Şarkıları,DOĞAN MÜZİK YAPIM,7,31,11,397849,TR,Turkey,Q3,2019
33,spotify:track:2kQTQ4x3tG1BcBA4nFp6qf,Mert Şenel,Şaraplar ve Kadınlar,PRBLMS!,33,55,14,379994,TR,Turkey,Q3,2019
34,spotify:track:5IED94C8BTkU6phmB2JT2v,"Keişan, Anıl Piyancı",Ne Bakıyon Dayı Dayı,Dokuz Sekiz Müzik,23,34,8,379116,TR,Turkey,Q3,2019
35,spotify:track:6ocbgoVGwYJhOv1GgI9NsF,Ariana Grande,7 rings,Republic Records,4,36,25,370337,TR,Turkey,Q3,2019
36,spotify:track:6u7jPi22kF8CTQ3rb9DHE7,"Lil Nas X, Billy Ray Cyrus",Old Town Road (feat. Billy Ray Cyrus) - Remix,Columbia,35,37,13,367900,TR,Turkey,Q3,2019
37,spotify:track:24mpJgP2YZUBif9NvmYyh4,Gülşen,Bir İhtimal Biliyorum,DOĞAN MÜZİK YAPIM,1,38,31,367613,TR,Turkey,Q3,2019
38,spotify:track:11PO9iu6PtpgL1JK4QNUEJ,Yüzyüzeyken Konuşuruz,Dinle Beni Bi',SONY MUSIC TURKEY,19,44,72,364739,TR,Turkey,Q3,2019
39,spotify:track:3qOxkhNytyb6ifxNzxxULn,Ben Fero,Mahallemiz Esmer,Ben Fero,7,46,50,357258,TR,Turkey,Q3,2019
40,spotify:track:4n7jnSxVLd8QioibtTDBDq,"Alan Walker, Sabrina Carpenter, Farruko",On My Way,Kreatell Music,38,40,16,356537,TR,Turkey,Q3,2019
41,spotify:track:4JwLrxoCo2dFM2YgQQ2Zd2,Simge,Aşkın Olayım,DOĞAN MÜZİK YAPIM,22,42,14,355409,TR,Turkey,Q3,2019
42,spotify:track:4LTHcXXwN8OW4fYm5sVNPP,"DJ Tarkan, Sagopa Kajmer",Oldu Olanlar,Melankolia Müzik,11,41,40,352128,TR,Turkey,Q3,2019
43,spotify:track:2qxmye6gAegTMjLKEBoR3d,Alec Benjamin,Let Me Down Slowly,2018,21,47,27,351246,TR,Turkey,Q3,2019
44,spotify:track:7w8XcjYxuykXdg9PTDTjBR,Demet Akalın,N'apıyorsan Yap,DOĞAN MÜZİK YAPIM,17,39,12,349493,TR,Turkey,Q3,2019
45,spotify:track:2cC1YgnfQqXOvOFy1HRdhw,Patron,Manzaralar,PMC,30,52,14,348861,TR,Turkey,Q3,2019
46,spotify:track:0m0Ew7RcwZaBS8psxgE00P,Reynmen,Derdim Olsun,ILS Music,1,43,24,346249,TR,Turkey,Q3,2019
47,spotify:track:7l8e7Pe8qndxhCU245rIve,Yalın,Deva Bize Sevişler,Y Prodüksiyon,27,50,20,341461,TR,Turkey,Q3,2019
48,spotify:track:0R0o8uOkDz40XsR6uwThfQ,Ezhel,Geceler,KOAL,2,45,111,339809,TR,Turkey,Q3,2019
49,spotify:track:3UgBLWFgadLahNGxTDYG2d,Buray,Kabahat Bende,SONY MUSIC TURKEY,37,48,38,331654,TR,Turkey,Q3,2019
50,spotify:track:7un00KtMiTADv6ZA3CBFAd,"Bilal Sonses, Bengü",İçimden Gelmiyor,Sonses Müzik,20,49,13,320263,TR,Turkey,Q3,2019
1,spotify:track:4IJEw3fDvS6XF4sDc3bvjK,"Murda, Ezhel",AYA,Noah's Ark BV,1,1,3,4095603,TR,Turkey,Q4,2019
2,spotify:track:1LNUxWJifZNEPpd273N2le,Emir Can İğrek,Nalan,Hypers,2,2,5,2132268,TR,Turkey,Q4,2019
3,spotify:track:3loy88Lp5qoTHhL8GhRfVZ,Norm Ender,Mekanın Sahibi,Independent,1,3,12,1289026,TR,Turkey,Q4,2019
4,spotify:track:4EpPCQ7bqVUj65LoFydDj2,Ezhel,Olay,StageArt Europe,2,5,5,1128128,TR,Turkey,Q4,2019
5,spotify:track:1aHKVxoYHAWvedbVUTP9SF,"Şanışer, Fuat, Ados, Hayki, Server Uraz, Beta Berk Bayındır, Tahribad-ı İsyan, Sokrat St, Ozbi, Deniz Tekin, Sehabe, Yeis Sensura, Aspova, Defkhan, AGAB, Mirac, Mert Şenel, Kamufle",Susamam,Collabel,1,4,5,1037100,TR,Turkey,Q4,2019
6,spotify:track:2qpwx9xOkCqzOMVnOkZ2X8,Patron,Güzel Kızlar Patron Dinler,Sofistikal Music,5,6,15,1036630,TR,Turkey,Q4,2019
7,spotify:track:7hGc0ggqVVOndzHLIS4Kag,Ezhel,LOLO,StageArt Europe,5,7,5,856353,TR,Turkey,Q4,2019
8,spotify:track:2VUTPdW21gPVVTEmvdSwos,Reynmen,Ela,Houze Istanbul,1,8,13,841339,TR,Turkey,Q4,2019
9,spotify:track:5pdsGdTeqH6MHqJeKkpwX3,"Anıl Piyancı, Zeynep Bastık",Bırakman Doğru Mu,Yeşil Oda Yapım,2,9,16,817719,TR,Turkey,Q4,2019
10,spotify:track:7iQYp6Fp3xFFatU20GZtLe,"BEGE, Nova Norda",Yeniden,BEGE,1,11,15,812081,TR,Turkey,Q4,2019
11,spotify:track:51Fjme0JiitpyXKuyQiCDo,"Y2K, bbno$",Lalala,Columbia,11,16,14,789492,TR,Turkey,Q4,2019
12,spotify:track:59l0CeaA4LLngf30waUXWB,Ezhel,Felaket,StageArt Europe,1,10,36,762621,TR,Turkey,Q4,2019
13,spotify:track:6v3KW9xbzN5yKLt9YKDYA2,"Shawn Mendes, Camila Cabello",Señorita,Island Records,7,12,16,752461,TR,Turkey,Q4,2019
14,spotify:track:7hU3H2id2pBVawD7e3zd8N,Kahraman Deniz,Böyle Sever,Locca Records,13,14,41,752048,TR,Turkey,Q4,2019
15,spotify:track:5zecPkkLBEnEwv65jnNeRa,Sura İskenderli,Bir Daha Yak,WediaCorp Music,15,19,7,746921,TR,Turkey,Q4,2019
16,spotify:track:2kQTQ4x3tG1BcBA4nFp6qf,Mert Şenel,Şaraplar ve Kadınlar,PRBLMS!,16,20,27,721827,TR,Turkey,Q4,2019
17,spotify:track:2CjjjGKJA1ybc5wjCyJYjm,Feride Hilal Akın,Yok Yok,DOĞAN MÜZİK YAPIM,1,13,21,700825,TR,Turkey,Q4,2019
18,spotify:track:5CaKpl8JB1FMCbsgh0sgO8,Ufuk Beydemir,Ay Tenli Kadın,Zoom,1,15,79,698645,TR,Turkey,Q4,2019
19,spotify:track:14NZoXCrTaI7ClIznTYIpf,Sagopa Kajmer,Avutsun Bahaneler,Melankolia Müzik,3,17,8,649134,TR,Turkey,Q4,2019
20,spotify:track:3eekarcy7kvN4yt5ZFzltW,Travis Scott,HIGHEST IN THE ROOM,Cactus Jack/Epic,20,-1,1,634778,TR,Turkey,Q4,2019
21,spotify:track:73Ec1iE2MDm6Y16Tq2Rz8O,Adamlar,Zombi,GARAJ,7,23,26,628341,TR,Turkey,Q4,2019
22,spotify:track:3qgZBj5nDqjtmInvI9k2RT,"Şehinşah, Hidra",İmza,DOĞAN MÜZİK YAPIM,22,44,2,585114,TR,Turkey,Q4,2019
23,spotify:track:7u6ojx9Tl1JX2JxWIPYYIZ,"Killa Hakan, Ceza, Ezhel, Ben Fero",Fight Kulüp,Wovie,3,18,11,568006,TR,Turkey,Q4,2019
24,spotify:track:7fUGWMgLzsVdID1eKoPm3b,"Anıl Piyancı, Ezhel",KAFA10,Yeşil Oda Yapım,2,22,53,553459,TR,Turkey,Q4,2019
25,spotify:track:1rgnBhdG2JDFTbYkYRZAku,Tones And I,Dance Monkey,Elektra (NEK),25,55,4,544899,TR,Turkey,Q4,2019
26,spotify:track:3atDfMSYYjnC6R90eijbvf,MERO,Olabilir,Groove Attack TraX,1,25,17,526874,TR,Turkey,Q4,2019
27,spotify:track:7CyKxThAhId8fyIauqLHyU,Patron,Manzaralar,PMC,21,21,27,526710,TR,Turkey,Q4,2019
28,spotify:track:1is7j5KIEn8BIENEwvIPPi,Canbay & Wolker,Dünya,"MÜZİK BANKASI, Under Exclusive Licence to ONErpm",24,24,2,512799,TR,Turkey,Q4,2019
29,spotify:track:2Fxmhks0bxGSBdJ92vM42m,Billie Eilish,bad guy,Darkroom/Interscope Records,4,30,28,511439,TR,Turkey,Q4,2019
30,spotify:track:7zn6VQuPR6aCLPRcZAA89R,Yüzyüzeyken Konuşuruz,Ölsem Yeridir,SONY MUSIC TURKEY,5,31,24,504548,TR,Turkey,Q4,2019
31,spotify:track:2WsBeFaOBau1uUJ1OMQk9q,Patron,Benden Bu Kadar,PMC,14,29,4,493756,TR,Turkey,Q4,2019
32,spotify:track:63FbZONuRQLexBqNhedcMD,Ceg,Sokaklar,Whitechapel Müzik Organizasyon Ticaret Limited,22,26,3,490034,TR,Turkey,Q4,2019
33,spotify:track:7iXjN6AmhRzJPvl4lh2FV3,"Murda, Ezhel",Boynumdaki Chain,Noah's Ark BV,18,28,6,487120,TR,Turkey,Q4,2019
34,spotify:track:2P7u3rUHzWnRQOmeHoWc9m,Contra,Hayırlara Ola,Contravolta Müzik,34,-1,1,455603,TR,Turkey,Q4,2019
35,spotify:track:3kyGlb9iNqhKJsS2WVNyzH,Ben Fero,Demet Akalın,Ben Fero,3,27,34,452835,TR,Turkey,Q4,2019
36,spotify:track:11PO9iu6PtpgL1JK4QNUEJ,Yüzyüzeyken Konuşuruz,Dinle Beni Bi',SONY MUSIC TURKEY,19,33,85,437921,TR,Turkey,Q4,2019
37,spotify:track:2fvT2Y3xXxjNLxZgV4Si9t,Emir Can İğrek,Defoluyorum,Hypers,37,49,32,435857,TR,Turkey,Q4,2019
38,spotify:track:1L8breHwaAapLwp7tcIPF9,Zeynep Bastık,Her Yerde Sen,Zeynep Bastık,15,34,21,424038,TR,Turkey,Q4,2019
39,spotify:track:09XOVDSIbBxBf6Kr1vGnHf,Ceza,Neyim Var Ki (feat. Sagopa K),Hammer Müzik,2,35,95,422771,TR,Turkey,Q4,2019
40,spotify:track:588drhMCudRqtvXKkWN43D,Contra,Zebani,Contravolta Müzik,40,-1,1,414381,TR,Turkey,Q4,2019
41,spotify:track:35u4yRijMBIcZ4t6jm0NEf,"Khontkar, Ben Fero",JENGA,RedKeys Music,5,32,18,413138,TR,Turkey,Q4,2019
42,spotify:track:1wNvrmgNc2Aa5ZfSschQyD,Ersay Üner,Nokta,717 Digital,11,41,21,409747,TR,Turkey,Q4,2019
43,spotify:track:3kD2fBvNR5xvbJxO1MW6HT,Merve Özbey,Yaramızda Kalsın,KNY Muzik,14,37,20,404294,TR,Turkey,Q4,2019
44,spotify:track:4ELVEpjgLvTsCSQUvqePQ1,Ceg,Şampanya,Whitechapel Müzik Organizasyon Ticaret Limited,27,36,12,393659,TR,Turkey,Q4,2019
45,spotify:track:0ELKA403grwyEZLPMzJRKs,Melike Şahin,Tutuşmuş Beraber,Columbia,15,38,18,393093,TR,Turkey,Q4,2019
46,spotify:track:503pLweWD0ucuiuiMhp6tz,Sıla,karanfil,SONY MUSIC TURKEY,23,48,11,380450,TR,Turkey,Q4,2019
47,spotify:track:0DGvKkcBCgd4UxRxKY0SqP,Norm Ender,Sözler Şerefsiz Oldu,Norm Records,17,40,16,375007,TR,Turkey,Q4,2019
48,spotify:track:1DZn3kv6JAsqKw8iNWGWP0,Ben Fero,Motivasyon,Ben Fero,11,46,34,369540,TR,Turkey,Q4,2019
49,spotify:track:381kyofsIJKajRfX9iKLs8,Rauf & Faik,Детство,Atlantic Records Russia (Distribution),5,52,33,360672,TR,Turkey,Q4,2019
50,spotify:track:2YpeDb67231RjR0MgVLzsG,"Lil Nas X, Billy Ray Cyrus",Old Town Road (feat. Billy Ray Cyrus) - Remix,Columbia,35,53,26,355430,TR,Turkey,Q4,2019
1,spotify:track:3KkXRkHbMCARz0aVfEt68P,"Post Malone, Swae Lee",Sunflower - Spider-Man: Into the Spider-Verse,Universal Records,1,1,12,14202522,US,United States,Q1,2019
2,spotify:track:6MWtB6iiXyIwun0YzU6DFP,Post Malone,Wow.,Republic Records,2,2,3,12721360,US,United States,Q1,2019
3,spotify:track:2IRZnDFmlqMuOrYOLnZZyc,"Meek Mill, Drake",Going Bad (feat. Drake),MMG/Atlantic,2,3,6,9576466,US,United States,Q1,2019
4,spotify:track:2xLMifQCjDGFmkHkpNLD9h,Travis Scott,SICKO MODE,Cactus Jack / Epic,1,4,23,9005380,US,United States,Q1,2019
5,spotify:track:78QR3Wp35dqAhFEc2qAGjE,"Lil Baby, Gunna",Drip Too Hard (Lil Baby & Gunna),"Quality Control Music/Young Stoner Life Records, a 300 Entertainment Label/Motown Records/Capitol Records",1,6,17,8917200,US,United States,Q1,2019
6,spotify:track:2rPE9A1vEgShuZxxzR2tZH,Ariana Grande,"thank u, next",Republic Records,1,5,10,8590215,US,United States,Q1,2019
7,spotify:track:5p7ujcrUXASCNwRaWNHR1C,Halsey,Without Me,Capitol Records,6,8,14,8442905,US,United States,Q1,2019
8,spotify:track:0FZ4Dmg8jJJAPJnvBIzD9z,"Kodak Black, Offset, Travis Scott",ZEZE (feat. Travis Scott & Offset),Atlantic Records,1,7,13,7930686,US,United States,Q1,2019
9,spotify:track:1xzBco0xcoJEDXktl7Jxrr,Sheck Wes,Mo Bamba,Cactus Jack Records/ G.O.O.D. Music/ Interscope Records,1,9,24,7305500,US,United States,Q1,2019
10,spotify:track:14mHfNsSHN0FbLftyjrV9g,Flipp Dinero,Leave Me Alone,Cinematic/Epic/We The Best,10,10,22,6455797,US,United States,Q1,2019
11,spotify:track:3Ol2xnObFdKV9pmRD2t9x8,A Boogie Wit da Hoodie,Look Back at It,Highbridge the Label / Atlantic Records,11,14,5,6306240,US,United States,Q1,2019
12,spotify:track:2t8yVaLvJ0RenpXUIAC52d,21 Savage,a lot,"Slaughter Gang, LLC/Epic Records",9,12,3,5842884,US,United States,Q1,2019
13,spotify:track:1rqqCSm0Qe4I9rUvWncaom,Panic! At The Disco,High Hopes,DCD2 / Fueled By Ramen,13,23,30,5716237,US,United States,Q1,2019
14,spotify:track:2G1tXoGBaEMJ7FKGnkf6ud,"Gucci Mane, Bruno Mars, Kodak Black",Wake Up in the Sky,Guwop Enterprises/Atlantic,6,13,17,5590754,US,United States,Q1,2019
15,spotify:track:285pBltuF7vW8TeWk8hdRR,Juice WRLD,Lucid Dreams,Juice WRLD Mixtape / ISR P&D,1,11,36,5155712,US,United States,Q1,2019
16,spotify:track:3ee8Jmje8o58CHK66QrVC2,XXXTENTACION,SAD!,"Bad Vibes Forever, LLC",1,15,45,5044666,US,United States,Q1,2019
17,spotify:track:0jAfdqv18goRTUxm3ilRjb,"A Boogie Wit da Hoodie, Tyga, Offset",Startender (feat. Offset and Tyga),Highbridge the Label / Atlantic Records,17,22,4,5041228,US,United States,Q1,2019
18,spotify:track:7dt6x5M1jzdTEt8oCbisTK,Post Malone,Better Now,Republic Records,1,19,37,4932963,US,United States,Q1,2019
19,spotify:track:2dpaYNEQHiRxtZbfNsse99,"Marshmello, Bastille",Happier,Joytime Collective,8,18,21,4914581,US,United States,Q1,2019
20,spotify:track:2FUNBaa5DwItJtYEBgAblU,21 Savage,monster,"Slaughter Gang, LLC/Epic Records",16,16,3,4798501,US,United States,Q1,2019
21,spotify:track:2GGMabyHXnJmjY6CXhhB2e,Cardi B,Money,Atlantic/KSR,17,20,12,4752055,US,United States,Q1,2019
22,spotify:track:6zeeWid2sgw4lap2jV61PZ,Khalid,Better,"Right Hand Music Group, LLC/RCA Records",9,24,17,4729224,US,United States,Q1,2019
23,spotify:track:7pdF27mSDuPWhppnHAmWHa,XXXTENTACION,whoa (mind in awe),Bad Vibes Forever / EMPIRE,2,21,5,4716430,US,United States,Q1,2019
24,spotify:track:5kfNriitmkNE8mUbZ7gbq8,Khalid,Saturday Nights,"Right Hand Music Group, LLC/RCA Records",24,26,11,4527052,US,United States,Q1,2019
25,spotify:track:7FGq80cy8juXBCD2nrqdWU,"benny blanco, Halsey, Khalid",Eastside (with Halsey & Khalid),Friends Keep Secrets/Interscope Records,10,28,26,4446253,US,United States,Q1,2019
26,spotify:track:0todbbT9g5uQGbeFCiBf2F,Ariana Grande,imagine,Republic Records,7,17,4,4440126,US,United States,Q1,2019
27,spotify:track:7AYuSG1LoaaFVKjOxsB6Vh,Future,Crushed Up,Epic/Freebandz,27,-1,1,4429656,US,United States,Q1,2019
28,spotify:track:14JzyD6FlBD5z0wV5P07YI,Billie Eilish,when the party's over,Darkroom/Interscope Records,12,31,13,4329344,US,United States,Q1,2019
29,spotify:track:0JP9xo3adEtGSdUEISiszL,XXXTENTACION,Moonlight,"Bad Vibes Forever, LLC",3,25,43,4262055,US,United States,Q1,2019
30,spotify:track:5wujBwqG7INdStqGd4tRMX,Juice WRLD,Armed And Dangerous,Juice WRLD Mixtape / ISR P&D,9,30,9,4220990,US,United States,Q1,2019
31,spotify:track:0TlLq3lA83rQOYtrqBqSct,Drake,Nonstop,Cash Money/Drake LP6,1,27,28,4142882,US,United States,Q1,2019
32,spotify:track:116H0KvKr2Zl4RPuVBruDO,"Bad Bunny, Drake",MIA,Rimas Entertainment LLC,2,29,13,3987983,US,United States,Q1,2019
33,spotify:track:5JEx7HbmvHQQswJCsoo9rA,"Ellie Goulding, Diplo, Swae Lee",Close To Me (with Diplo) (feat. Swae Lee),Polydor Records,33,38,11,3884287,US,United States,Q1,2019
34,spotify:track:5IaHrVsrferBYDm0bDyABy,"Tyga, Offset",Taste (feat. Offset),Last Kings Music / EMPIRE,4,34,34,3858878,US,United States,Q1,2019
35,spotify:track:2LskIZrCeLxRvCiGP8gxlh,"XXXTENTACION, Lil Pump, Swae Lee, Maluma",Arms Around You (feat. Maluma & Swae Lee),Warner Records,6,35,11,3815732,US,United States,Q1,2019
36,spotify:track:25sgk305KZfyuqVBQIahim,Ava Max,Sweet but Psycho,Atlantic Records,36,49,14,3786822,US,United States,Q1,2019
37,spotify:track:22An65gG31JLf9n18qjdhZ,XXXTENTACION,BAD!,Bad Vibes Forever / EMPIRE,2,32,9,3744781,US,United States,Q1,2019
38,spotify:track:1NJcg626wLln4pGHpiV7mf,"Billie Eilish, Khalid",lovely (with Khalid),Darkroom,24,48,38,3646489,US,United States,Q1,2019
39,spotify:track:0e7ipj03S05BNilyu5bRzt,"Post Malone, 21 Savage",rockstar (feat. 21 Savage),Republic Records,1,36,69,3554389,US,United States,Q1,2019
40,spotify:track:74lnM5V6ecvoTPV0fvptx9,"Ski Mask The Slump God, Juice WRLD",Nuketown (feat. Juice WRLD),Republic Records,18,43,6,3507279,US,United States,Q1,2019
41,spotify:track:7m9OqQk4RVRkw9JJdeAw96,XXXTENTACION,Jocelyn Flores,Bad Vibes Forever / EMPIRE,3,42,72,3457638,US,United States,Q1,2019
42,spotify:track:58q2HKrzhC3ozto2nDdN4z,"Cardi B, Bad Bunny, J Balvin",I Like It,Atlantic/KSR,3,33,40,3447506,US,United States,Q1,2019
43,spotify:track:4w8niZpiMy6qz1mntFA5uM,"DJ Snake, Selena Gomez, Ozuna, Cardi B","Taki Taki (with Selena Gomez, Ozuna & Cardi B)","DJ Snake Music Productions Limited, under exclusive license to Geffen Records",7,39,15,3440372,US,United States,Q1,2019
44,spotify:track:7lAK3oHbfEnvUQWosrMMpR,Travis Scott,YOSEMITE,Cactus Jack / Epic,7,46,23,3415045,US,United States,Q1,2019
45,spotify:track:2MShy1GSSgbmGUxADNIao5,Kodak Black,Calling My Spirit,Atlantic Records,31,58,6,3406868,US,United States,Q1,2019
46,spotify:track:1KVczjazCcCCgM3gXXUl47,"benny blanco, Juice WRLD, Brendon Urie",Roses (with Juice WRLD feat. Brendon Urie),Friends Keep Secrets/Interscope Records,46,53,5,3385341,US,United States,Q1,2019
47,spotify:track:6vN77lE9LK6HP2DewaN6HZ,"Lil Baby, Drake",Yes Indeed,"Quality Control Music, LLC",2,44,35,3352630,US,United States,Q1,2019
48,spotify:track:40T5GIqQ1CegGm2PTEl8Bu,Billie Eilish,idontwannabeyouanymore,Darkroom,48,54,26,3315264,US,United States,Q1,2019
49,spotify:track:3swc6WTsr7rl9DqQKQA55C,"Post Malone, Ty Dolla $ign",Psycho (feat. Ty Dolla $ign),Republic Records,2,45,46,3239582,US,United States,Q1,2019
50,spotify:track:6Gy7rXB6Ku5vIWC7WGWsl3,"6ix9ine, Tory Lanez",KIKA (feat. Tory Lanez),"ScumGang Records / TenThousand Projects, LLC",9,41,7,3236933,US,United States,Q1,2019
1,spotify:track:6u7jPi22kF8CTQ3rb9DHE7,"Lil Nas X, Billy Ray Cyrus",Old Town Road (feat. Billy Ray Cyrus) - Remix,Columbia,1,-1,1,20673623,US,United States,Q2,2019
2,spotify:track:53CJANUxooaqGOtdsBTh7O,Lil Nas X,Old Town Road,Columbia,2,2,6,15186440,US,United States,Q2,2019
3,spotify:track:2Fxmhks0bxGSBdJ92vM42m,Billie Eilish,bad guy,Darkroom/Interscope Records,1,1,2,13890824,US,United States,Q2,2019
4,spotify:track:3KkXRkHbMCARz0aVfEt68P,"Post Malone, Swae Lee",Sunflower - Spider-Man: Into the Spider-Verse,Universal Records,1,6,25,8696363,US,United States,Q2,2019
5,spotify:track:3Fj47GNK2kUF0uaEDgXLaD,Billie Eilish,wish you were gay,Darkroom/Interscope Records,3,3,6,8165235,US,United States,Q2,2019
6,spotify:track:2JvzF1RMd7lE3KmFlsyZD8,J. Cole,MIDDLE CHILD,"Dreamville, Inc., Under exclusive license to Roc Nation Records",1,9,12,7808654,US,United States,Q2,2019
7,spotify:track:1wJRveJZLSb1rjhnUHQiv6,"A Boogie Wit da Hoodie, 6ix9ine",Swervin (feat. 6ix9ine),Highbridge the Label / Atlantic Records,7,12,16,7378430,US,United States,Q2,2019
8,spotify:track:6TqXcAFInzjp0bODyvrWEq,"Khalid, Disclosure",Talk (feat. Disclosure),"Right Hand Music Group, LLC/RCA Records",8,28,9,7292412,US,United States,Q2,2019
9,spotify:track:09oZ9eXQ2fo6YDrPzJqAoP,"Khalid, John Mayer",Outta My Head (with John Mayer),"Right Hand Music Group, LLC/RCA Records",9,-1,1,7094716,US,United States,Q2,2019
10,spotify:track:6zeeWid2sgw4lap2jV61PZ,Khalid,Better,"Right Hand Music Group, LLC/RCA Records",9,40,30,6978918,US,United States,Q2,2019
11,spotify:track:6MWtB6iiXyIwun0YzU6DFP,Post Malone,Wow.,Republic Records,2,14,16,6948506,US,United States,Q2,2019
12,spotify:track:4SSnFejRGlZikf02HLewEF,Billie Eilish,bury a friend,Darkroom/Interscope Records,3,4,11,6887623,US,United States,Q2,2019
13,spotify:track:2XKFnwB6djxrJCjR3PdeRb,Khalid,My Bad,"Right Hand Music Group, LLC/RCA Records",13,38,5,6679962,US,United States,Q2,2019
14,spotify:track:7eBqSVxrzQZtK2mmgRG6lC,YNW Melly,Murder on My Mind,P2018,4,13,29,6618213,US,United States,Q2,2019
15,spotify:track:2IRZnDFmlqMuOrYOLnZZyc,"Meek Mill, Drake",Going Bad (feat. Drake),MMG/Atlantic,2,16,19,6523365,US,United States,Q2,2019
16,spotify:track:6ocbgoVGwYJhOv1GgI9NsF,Ariana Grande,7 rings,Republic Records,1,15,12,6439592,US,United States,Q2,2019
17,spotify:track:4y3OI86AEP6PQoDE6olYhO,Jonas Brothers,Sucker,Jonas Brothers Recording,1,19,6,6385996,US,United States,Q2,2019
18,spotify:track:43zdsphuZLzwA9k4DJhU0I,Billie Eilish,when the party's over,Darkroom/Interscope Records,5,5,26,6176551,US,United States,Q2,2019
19,spotify:track:6tsOcBnaKgzK22yEiqRh8P,"Ariana Grande, Victoria Monét",MONOPOLY (with Victoria Monét),Republic Records,19,52,2,5512870,US,United States,Q2,2019
20,spotify:track:63cd4JkwGgYJrbOizbfmsp,"Mustard, Migos",Pure Water (with Migos),10 Summers Records/Interscope Records,13,25,12,5453259,US,United States,Q2,2019
21,spotify:track:6vWEAOUSxohKxhp0K1BsxL,"YNW Melly, Kanye West",Mixed Personalities (feat. Kanye West),P2019,12,24,12,5324871,US,United States,Q2,2019
22,spotify:track:6Hj9jySrnFppAI0sEMCZpJ,Juice WRLD,Robbery,Grade A Productions/Interscope Records,3,22,8,5229177,US,United States,Q2,2019
23,spotify:track:5kfNriitmkNE8mUbZ7gbq8,Khalid,Saturday Nights,"Right Hand Music Group, LLC/RCA Records",14,55,24,5131881,US,United States,Q2,2019
24,spotify:track:4kV4N9D1iKVxx1KLvtTpjS,Ariana Grande,"break up with your girlfriend, i'm bored",Republic Records,1,21,9,5080706,US,United States,Q2,2019
25,spotify:track:3Tc57t9l2O8FwQZtQOvPXK,Billie Eilish,my strange addiction,Darkroom/Interscope Records,10,10,2,5076956,US,United States,Q2,2019
26,spotify:track:4QIo4oxwzzafcBWkKjDpXY,Billie Eilish,xanny,Darkroom/Interscope Records,7,7,2,4998364,US,United States,Q2,2019
27,spotify:track:3XF5xLJHOQQRbWya6hBp7d,Billie Eilish,you should see me in a crown,Darkroom/Interscope Records,11,11,24,4973748,US,United States,Q2,2019
28,spotify:track:1E6DEDWDKHoOW0fcFuDghV,"Khalid, SAFE",Don't Pretend,"Right Hand Music Group, LLC/RCA Records",28,-1,1,4973336,US,United States,Q2,2019
29,spotify:track:6IRdLKIyS4p7XNiP8r6rsx,Billie Eilish,all the good girls go to hell,Darkroom/Interscope Records,8,8,2,4909126,US,United States,Q2,2019
30,spotify:track:4pUCKHjJ4Ijewc37rRrvHn,BLACKPINK,Kill This Love,"YG Entertainment, distributed through Interscope Records",30,-1,1,4767088,US,United States,Q2,2019
31,spotify:track:2t8yVaLvJ0RenpXUIAC52d,21 Savage,a lot,"Slaughter Gang, LLC/Epic Records",7,26,16,4644463,US,United States,Q2,2019
32,spotify:track:78QR3Wp35dqAhFEc2qAGjE,"Lil Baby, Gunna",Drip Too Hard (Lil Baby & Gunna),"Quality Control Music/Young Stoner Life Records, a 300 Entertainment Label/Motown Records/Capitol Records",1,27,30,4620959,US,United States,Q2,2019
33,spotify:track:6ya8ejoKgw906Y8LWclqrp,"Nipsey Hussle, Roddy Ricch, Hit-Boy",Racks in the Middle (feat. Roddy Ricch and Hit-Boy),Atlantic Records,33,58,2,4493543,US,United States,Q2,2019
34,spotify:track:3QmolSZqjjLksTUvZJ6pPS,Jonas Brothers,Cool,Jonas Brothers Recording,34,-1,1,4324557,US,United States,Q2,2019
35,spotify:track:1ThmUihH9dF8EV08ku5AXN,Ski Mask The Slump God,Faucet Failure,Republic Records,29,30,18,4207689,US,United States,Q2,2019
36,spotify:track:2vsuel3g4zaLYSOY0mOMbi,Khalid,Bad Luck,"Right Hand Music Group, LLC/RCA Records",36,-1,1,4146097,US,United States,Q2,2019
37,spotify:track:3Ol2xnObFdKV9pmRD2t9x8,A Boogie Wit da Hoodie,Look Back at It,Highbridge the Label / Atlantic Records,9,35,18,4039101,US,United States,Q2,2019
38,spotify:track:05t7JMip6JrLuSrMV5yYjX,Calboy,Envy Me,Polo Grounds Music/RCA Records,37,37,15,4015447,US,United States,Q2,2019
39,spotify:track:5p7ujcrUXASCNwRaWNHR1C,Halsey,Without Me,Capitol Records,5,34,27,3987874,US,United States,Q2,2019
40,spotify:track:1NJcg626wLln4pGHpiV7mf,"Billie Eilish, Khalid",lovely (with Khalid),Darkroom,24,41,51,3971050,US,United States,Q2,2019
41,spotify:track:2qxmye6gAegTMjLKEBoR3d,Alec Benjamin,Let Me Down Slowly,2018,41,51,13,3949567,US,United States,Q2,2019
42,spotify:track:2xLMifQCjDGFmkHkpNLD9h,Travis Scott,SICKO MODE,Cactus Jack / Epic,1,32,36,3945982,US,United States,Q2,2019
43,spotify:track:5A1w94uzc1kO1Zhe8WWxC3,Khalid,Right Back,"Right Hand Music Group, LLC/RCA Records",43,-1,1,3945373,US,United States,Q2,2019
44,spotify:track:2dpaYNEQHiRxtZbfNsse99,"Marshmello, Bastille",Happier,Joytime Collective,8,36,34,3937560,US,United States,Q2,2019
45,spotify:track:6CcJMwBtXByIz4zQLzFkKc,Billie Eilish,i love you,Darkroom/Interscope Records,17,17,2,3880613,US,United States,Q2,2019
46,spotify:track:3oh6SCCeLuXhFpEyepla6G,Blueface,Thotiana,Fifth Amendment Entertainment/eOne Music,9,31,14,3863457,US,United States,Q2,2019
47,spotify:track:3e9HZxeyfWwjeyPAMmWSSQ,Ariana Grande,"thank u, next",Republic Records,1,33,23,3836034,US,United States,Q2,2019
48,spotify:track:5icOoE6VgqFKohjWWNp0Ac,"Marshmello, CHVRCHES",Here With Me,Joytime Collective,16,39,5,3818561,US,United States,Q2,2019
49,spotify:track:2kAIpGWnlFLQh48iut6Zzq,Khalid,Free Spirit,"Right Hand Music Group, LLC/RCA Records",49,-1,1,3784529,US,United States,Q2,2019
50,spotify:track:7qEKqBCD2vE5vIBsrUitpD,Billie Eilish,ilomilo,Darkroom/Interscope Records,18,18,2,3757979,US,United States,Q2,2019
1,spotify:track:6vBdBCoOhKHiYDDOcorfNo,"Post Malone, Young Thug",Goodbyes (feat. Young Thug),Republic Records,1,-1,1,14539019,US,United States,Q3,2019
2,spotify:track:0TK2YIli7K1leLovkQiNik,"Shawn Mendes, Camila Cabello",Señorita,Island Records,1,1,3,12280709,US,United States,Q3,2019
3,spotify:track:6fTt0CH2t0mdeB2N9XFG5r,Lil Nas X,Panini,Columbia,2,2,3,9872012,US,United States,Q3,2019
4,spotify:track:5ry2OE6R2zPQFDO85XkgRb,"Drake, Rick Ross",Money In The Grave (Drake ft. Rick Ross),Republic Records,1,3,4,9522200,US,United States,Q3,2019
5,spotify:track:5qmq61DAAOUaW8AUo8xKhh,Lizzo,Truth Hurts,Nice Life/Atlantic,5,5,12,8771661,US,United States,Q3,2019
6,spotify:track:2Fxmhks0bxGSBdJ92vM42m,Billie Eilish,bad guy,Darkroom/Interscope Records,1,6,15,8366135,US,United States,Q3,2019
7,spotify:track:1kBbgxAUc4HQv7cgIayIDH,Lil Tecca,Ransom,Republic Records,7,8,7,7914144,US,United States,Q3,2019
8,spotify:track:3KkXRkHbMCARz0aVfEt68P,"Post Malone, Swae Lee",Sunflower - Spider-Man: Into the Spider-Verse,Universal Records,1,9,38,7211288,US,United States,Q3,2019
9,spotify:track:4evmHXcjt3bTUHD1cvny97,"Ed Sheeran, Khalid",Beautiful People (feat. Khalid),Atlantic Records UK,4,4,2,7014919,US,United States,Q3,2019
10,spotify:track:6u7jPi22kF8CTQ3rb9DHE7,"Lil Nas X, Billy Ray Cyrus",Old Town Road (feat. Billy Ray Cyrus) - Remix,Columbia,1,7,14,6625744,US,United States,Q3,2019
11,spotify:track:2gwkD6igEhQbDQegRCcdoB,DaBaby,Suge,South Coast Music Group/Interscope Records,4,13,15,6085342,US,United States,Q3,2019
12,spotify:track:3HVWdVOQ0ZA45FuZGSfvns,"Ed Sheeran, Justin Bieber",I Don't Care (with Justin Bieber),Atlantic Records UK,1,11,9,5854079,US,United States,Q3,2019
13,spotify:track:7DcvwMAiqKJQD1rrdfxSDx,"Young Thug, J. Cole, Travis Scott",The London (feat. J. Cole & Travis Scott),300 Entertainment/Atl,1,14,7,5708738,US,United States,Q3,2019
14,spotify:track:4ak7xjvBeBOcJGWFDX9w5n,"Lil Nas X, Cardi B",Rodeo,Columbia,9,10,3,5623800,US,United States,Q3,2019
15,spotify:track:6MF4tRr5lU8qok8IKaFOBE,"Dreamville, J. Cole, Lute, DaBaby",Under The Sun (with J. Cole & Lute feat. DaBaby),Dreamville/Interscope Records,15,-1,1,5465051,US,United States,Q3,2019
16,spotify:track:4hPpVbbakQNv8YTHYaOJP4,"Marshmello, Kane Brown",One Thing Right,Joytime Collective,16,19,3,5097076,US,United States,Q3,2019
17,spotify:track:6uFn47ACjqYkc0jADwEdj1,"Polo G, Lil Tjay",Pop Out (feat. Lil Tjay),Columbia,8,16,16,5041624,US,United States,Q3,2019
18,spotify:track:51Fjme0JiitpyXKuyQiCDo,"Y2K, bbno$",Lalala,Columbia,18,21,4,5001657,US,United States,Q3,2019
19,spotify:track:29fRTIKsJhLUJoldM89GZS,Taylor Swift,You Need To Calm Down,Taylor Swift,2,12,4,4858592,US,United States,Q3,2019
20,spotify:track:2JvzF1RMd7lE3KmFlsyZD8,J. Cole,MIDDLE CHILD,"Dreamville, Inc., Under exclusive license to Roc Nation Records",1,30,25,4725711,US,United States,Q3,2019
21,spotify:track:6moU77g9RQyMzHNuKEaQKq,Ali Gatie,It's You,Warner Records,17,17,4,4699675,US,United States,Q3,2019
22,spotify:track:6TqXcAFInzjp0bODyvrWEq,"Khalid, Disclosure",Talk (feat. Disclosure),"Right Hand Music Group, LLC/RCA Records",6,20,22,4680637,US,United States,Q3,2019
23,spotify:track:36J0iaPDGbYGsHvYpaYs3k,"Dreamville, JID, Bas, J. Cole, EARTHGANG, Young Nudy","Down Bad (feat. JID, Bas, J. Cole, EARTHGANG & Young Nudy)",Dreamville/Interscope Records,23,128,4,4591997,US,United States,Q3,2019
24,spotify:track:5hVghJ4KaYES3BFUATCYn0,"Tyler, The Creator",EARFQUAKE,Columbia,1,18,8,4487441,US,United States,Q3,2019
25,spotify:track:6XHVuErjQ4XNm6nDPVCxVX,"Chris Brown, Drake",No Guidance (feat. Drake),Chris Brown Entertainment/RCA Records,5,15,5,4412095,US,United States,Q3,2019
26,spotify:track:1kK6DwzyXJSp58u5HYWwuD,"YG, Tyga, Jon Z","Go Loko (feat. Tyga, Jon Z)",Def Jam Recordings,17,22,10,4380659,US,United States,Q3,2019
27,spotify:track:6MWtB6iiXyIwun0YzU6DFP,Post Malone,Wow.,Republic Records,2,25,29,4148833,US,United States,Q3,2019
28,spotify:track:05CwHjIk71RXVU40boRMnR,"The Chainsmokers, Bebe Rexha",Call You Mine,Disruptor Records/Columbia,23,23,6,4146357,US,United States,Q3,2019
29,spotify:track:6LsAAHotRLMOHfCsSfYCsz,Shawn Mendes,If I Can't Have You,Island Records,4,26,10,3949747,US,United States,Q3,2019
30,spotify:track:5PYQUBXc7NYeI1obMKSJK0,Katy Perry,Never Really Over,Capitol Records,10,24,6,3872125,US,United States,Q3,2019
31,spotify:track:5WnfnSpuNEGXyEt78PBA6d,"Dreamville, Bas, JID, Guapdad 4000, Reese LAFLARE, Jace, Mez, Smokepurpp, Buddy, Ski Mask The Slump God","Costa Rica (with Bas & JID feat. Guapdad 4000, Reese LAFLARE, Jace, Mez, Smokepurpp, Buddy & Ski Mask The Slump God)",Dreamville/Interscope Records,31,-1,1,3825437,US,United States,Q3,2019
32,spotify:track:56JyMaElW79S7TDWh1Zw1m,Ashley O,On A Roll,RCA Records Label,32,33,4,3755478,US,United States,Q3,2019
33,spotify:track:3XiNC94b4Tq1xwv70sQJGN,Lil Uzi Vert,Sanguine Paradise,Generation Now/Atlantic,6,35,14,3647083,US,United States,Q3,2019
34,spotify:track:5dW1VZPcFqB4n0P08rGDgm,Blanco Brown,The Git Up,Broken Bow Records,34,45,4,3570469,US,United States,Q3,2019
35,spotify:track:22vgEDb5hykfaTwLuskFGD,Jonas Brothers,Sucker,Jonas Brothers Recording,1,32,19,3533560,US,United States,Q3,2019
36,spotify:track:2gTdDMpNxIRFSiu7HutMCg,"mgk, YUNGBLUD, Travis Barker",I Think I'm OKAY (with YUNGBLUD & Travis Barker),Bad Boy/Interscope Records,36,114,5,3518437,US,United States,Q3,2019
37,spotify:track:1wJRveJZLSb1rjhnUHQiv6,"A Boogie Wit da Hoodie, 6ix9ine",Swervin (feat. 6ix9ine),Highbridge the Label / Atlantic Records,7,29,29,3371772,US,United States,Q3,2019
38,spotify:track:43zdsphuZLzwA9k4DJhU0I,Billie Eilish,when the party's over,Darkroom/Interscope Records,5,41,39,3356625,US,United States,Q3,2019
39,spotify:track:0qc4QlcCxVTGyShurEv1UU,"Sam Feldt, RANI",Post Malone (feat. RANI),Spinnin' Records,39,52,3,3317092,US,United States,Q3,2019
40,spotify:track:3pZO6GoVPeSYDxxsH6vCdj,"Dreamville, J. Cole, Young Nudy",Sunset (with J. Cole feat. Young Nudy),Dreamville/Interscope Records,40,-1,1,3313845,US,United States,Q3,2019
41,spotify:track:6ocbgoVGwYJhOv1GgI9NsF,Ariana Grande,7 rings,Republic Records,1,40,25,3303064,US,United States,Q3,2019
42,spotify:track:2zjGJ0dChMR0KxBZS15aqo,"Mustard, NAV, Playboi Carti, A Boogie Wit da Hoodie","Baguettes in the Face (feat. NAV, Playboi Carti & A Boogie Wit da Hoodie)",10 Summers Records/Interscope Records,42,50,2,3197664,US,United States,Q3,2019
43,spotify:track:7qEHsqek33rTcFNT9PFqLf,Lewis Capaldi,Someone You Loved,Vertigo Berlin,34,57,11,3187314,US,United States,Q3,2019
44,spotify:track:2IRZnDFmlqMuOrYOLnZZyc,"Meek Mill, Drake",Going Bad (feat. Drake),MMG/Atlantic,2,42,32,3140641,US,United States,Q3,2019
45,spotify:track:0DiDStADDVh3SvAsoJAFMk,Jonas Brothers,Only Human,Jonas Brothers Recording,12,36,5,3123581,US,United States,Q3,2019
46,spotify:track:3j84U36KvLeXNDPv4t5pI8,"Mustard, Migos",Pure Water (with Migos),10 Summers Records/Interscope Records,13,38,25,3117758,US,United States,Q3,2019
47,spotify:track:7ILEWkpfdK6AjH2D7jppWk,"Chris Brown, Justin Bieber, Ink",Don't Check On Me (feat. Justin Bieber & Ink),Chris Brown Entertainment/RCA Records,31,31,2,3088939,US,United States,Q3,2019
48,spotify:track:2TH65lNHgvLxCKXM3apjxI,"Bad Bunny, Tainy",Callaita,Rimas Entertainment LLC,41,46,6,3069224,US,United States,Q3,2019
49,spotify:track:53CJANUxooaqGOtdsBTh7O,Lil Nas X,Old Town Road,Columbia,2,34,19,3046074,US,United States,Q3,2019
50,spotify:track:78QR3Wp35dqAhFEc2qAGjE,"Lil Baby, Gunna",Drip Too Hard (Lil Baby & Gunna),"Quality Control Music/Young Stoner Life Records, a 300 Entertainment Label/Motown Records/Capitol Records",1,44,43,3006963,US,United States,Q3,2019
1,spotify:track:3eekarcy7kvN4yt5ZFzltW,Travis Scott,HIGHEST IN THE ROOM,Cactus Jack/Epic,1,-1,1,20518547,US,United States,Q4,2019
2,spotify:track:2wrJq5XKLnmhRXHIAf9xBa,"Dan + Shay, Justin Bieber","10,000 Hours (with Justin Bieber)",Warner Music Nashville,2,-1,1,11129577,US,United States,Q4,2019
3,spotify:track:21jGcNKet2qwijlDFuPiPb,Post Malone,Circles,Republic Records,1,1,6,10046611,US,United States,Q4,2019
4,spotify:track:6Gg1gjgKi2AK4e0qzsR7sd,"Juice WRLD, YoungBoy Never Broke Again",Bandit (with YoungBoy Never Broke Again),Grade A Productions/Interscope Records,4,-1,1,9652455,US,United States,Q4,2019
5,spotify:track:4sjiIpEv617LDXaidKioOI,"YNW Melly, 9lokknine",223's (feat. 9lokknine),300 Entertainment,5,5,8,7409895,US,United States,Q4,2019
6,spotify:track:5qmq61DAAOUaW8AUo8xKhh,Lizzo,Truth Hurts,Nice Life/Atlantic,3,4,25,7065663,US,United States,Q4,2019
7,spotify:track:7aiClxsDWFRQ0Kzk5KI5ku,blackbear,hot girl bummer,Alamo,7,17,7,6561090,US,United States,Q4,2019
8,spotify:track:1lOe9qE0vR9zwWQAOk6CoO,Lil Tecca,Ransom,Republic Records,1,2,20,6331945,US,United States,Q4,2019
9,spotify:track:7qEHsqek33rTcFNT9PFqLf,Lewis Capaldi,Someone You Loved,Vertigo Berlin,9,16,24,6105495,US,United States,Q4,2019
10,spotify:track:4sWuPniHClkInYAnzXAYUF,NLE Choppa,Camelot,Warner Records,10,14,4,6084351,US,United States,Q4,2019
11,spotify:track:5Z8HZM6iQMhhqyPcCGY5g9,"Young Thug, Gunna",Hot (feat. Gunna),300 Entertainment/Atl,11,11,8,5994683,US,United States,Q4,2019
12,spotify:track:6vBdBCoOhKHiYDDOcorfNo,"Post Malone, Young Thug",Goodbyes (feat. Young Thug),Republic Records,1,6,14,5971146,US,United States,Q4,2019
13,spotify:track:6XHVuErjQ4XNm6nDPVCxVX,"Chris Brown, Drake",No Guidance (feat. Drake),Chris Brown Entertainment/RCA Records,5,13,18,5914874,US,United States,Q4,2019
14,spotify:track:0RiRZpuVRbi7oqRdSMwhQY,"Post Malone, Swae Lee",Sunflower - Spider-Man: Into the Spider-Verse,Republic Records,1,8,51,5807807,US,United States,Q4,2019
15,spotify:track:1000nHvUdawXuUHgBod4Wv,Lil Nas X,Panini,Columbia,2,10,16,5689437,US,United States,Q4,2019
16,spotify:track:05mDaV9Vb3wrzjF6OPZnhq,Post Malone,Saint-Tropez,Republic Records,2,9,5,5655643,US,United States,Q4,2019
17,spotify:track:7CZyCXKG6d5ALeq41sLzbw,"Post Malone, Ozzy Osbourne, Travis Scott",Take What You Want (feat. Ozzy Osbourne & Travis Scott),Republic Records,3,12,5,5563158,US,United States,Q4,2019
18,spotify:track:5ry2OE6R2zPQFDO85XkgRb,"Drake, Rick Ross",Money In The Grave (Drake ft. Rick Ross),Republic Records,1,19,17,5498657,US,United States,Q4,2019
19,spotify:track:6Ozh9Ok6h4Oi1wUSLtBseN,DaBaby,BOP,South Coast Music Group/Interscope Records,3,3,2,5463340,US,United States,Q4,2019
20,spotify:track:0fySG6A6qLE8IvDpayb5bM,DaBaby,VIBEZ,South Coast Music Group/Interscope Records,7,7,2,5399322,US,United States,Q4,2019
21,spotify:track:0Xek5rqai2jcOWCYWJfVCF,"Post Malone, DaBaby",Enemies (feat. DaBaby),Republic Records,4,18,5,5139771,US,United States,Q4,2019
22,spotify:track:6v3KW9xbzN5yKLt9YKDYA2,"Shawn Mendes, Camila Cabello",Señorita,Island Records,1,20,16,5089857,US,United States,Q4,2019
23,spotify:track:2b8fOow8UzyDFAE27YhOZM,Maroon 5,Memories,Interscope Records*,23,31,3,4737913,US,United States,Q4,2019
24,spotify:track:3Yh9lZcWyKrK9GjbhuS0hR,Lizzo,Good as Hell,Nice Life/Atlantic,22,24,17,4472027,US,United States,Q4,2019
25,spotify:track:2Fxmhks0bxGSBdJ92vM42m,Billie Eilish,bad guy,Darkroom/Interscope Records,1,22,28,4444457,US,United States,Q4,2019
26,spotify:track:5MPPttjfGap2C6j6eKcO6J,"Quality Control, Lil Baby, DaBaby",Baby (Lil Baby feat. DaBaby),Quality Control Music/Motown Records,14,21,12,4370718,US,United States,Q4,2019
27,spotify:track:2gwkD6igEhQbDQegRCcdoB,DaBaby,Suge,South Coast Music Group/Interscope Records,4,23,28,4333155,US,United States,Q4,2019
28,spotify:track:70eFcWOvlMObDhURTqT4Fv,"Ed Sheeran, Khalid",Beautiful People (feat. Khalid),Atlantic Records UK,4,28,15,4297812,US,United States,Q4,2019
29,spotify:track:6b2RcmUt1g9N9mQ3CbjX2Y,Sam Smith,How Do You Sleep?,PLG - Capitol,10,32,12,4222131,US,United States,Q4,2019
30,spotify:track:6V9fHiv84WlVTg7CSnIVY2,Halsey,Graveyard,Capitol Records,18,33,4,4158891,US,United States,Q4,2019
31,spotify:track:3s4mrPrEFFPF0LmAfutW0n,"Young Thug, J. Cole, Travis Scott",The London (feat. J. Cole & Travis Scott),300 Entertainment/Atl,1,30,20,4078284,US,United States,Q4,2019
32,spotify:track:51Fjme0JiitpyXKuyQiCDo,"Y2K, bbno$",Lalala,Columbia,12,29,17,3923721,US,United States,Q4,2019
33,spotify:track:1rgnBhdG2JDFTbYkYRZAku,Tones And I,Dance Monkey,Elektra (NEK),33,51,10,3750861,US,United States,Q4,2019
34,spotify:track:7sWRlDoTDX8geTR8zzr2vt,Post Malone,Hollywood's Bleeding,Republic Records,5,27,5,3749973,US,United States,Q4,2019
35,spotify:track:77KMttn3Lic7ZQKDlPqp8v,DaBaby,INTRO,South Coast Music Group/Interscope Records,15,15,3,3711127,US,United States,Q4,2019
36,spotify:track:1GeNui6m825V8jP4uKiIaH,"Young Thug, Lil Baby",Bad Bad Bad (feat. Lil Baby),300 Entertainment/Atl,9,37,8,3644476,US,United States,Q4,2019
37,spotify:track:0UPBidRYcgJ2mjZlk08V8x,Lil Tjay,F.N,Columbia,37,41,9,3641075,US,United States,Q4,2019
38,spotify:track:4SDgTLDYrJ2UrHbkRkg7MD,"Lil Nas X, DaBaby",Panini - DaBaby Remix,Columbia,34,38,4,3487688,US,United States,Q4,2019
39,spotify:track:5hDAT527wXWNBnJlujhuUs,"Lil Mosey, Gunna",Stuck In A Dream (feat. Gunna),Mogul Vision/Interscope Records,39,68,3,3479649,US,United States,Q4,2019
40,spotify:track:7xQAfvXzm3AkraOtGPWIZg,Post Malone,Wow.,Republic Records,2,39,42,3416264,US,United States,Q4,2019
41,spotify:track:6uFn47ACjqYkc0jADwEdj1,"Polo G, Lil Tjay",Pop Out (feat. Lil Tjay),Columbia,8,43,29,3337660,US,United States,Q4,2019
42,spotify:track:2C6WXnmZ66tHhHlnvwePiK,"Post Malone, Halsey, Future",Die For Me (feat. Future & Halsey),Republic Records,7,34,5,3294953,US,United States,Q4,2019
43,spotify:track:2xyx0o4xNOLLjBSbOOdcbA,"Summer Walker, Bryson Tiller",Playing Games (with Bryson Tiller) - Extended Version,LVRN/Interscope Records,43,-1,1,3273885,US,United States,Q4,2019
44,spotify:track:3NkJNL3WqO1Lqc3uNDxvCN,"Ariana Grande, Miley Cyrus, Lana Del Rey",Don’t Call Me Angel (Charlie’s Angels) (with Miley Cyrus & Lana Del Rey),Silver Cloud/Charlie's Angels,5,36,4,3273198,US,United States,Q4,2019
45,spotify:track:12Fkyg9lpmaz2zmKOfw2Y2,"Post Malone, Meek Mill, Lil Baby",On The Road (feat. Meek Mill & Lil Baby),Republic Records,8,40,5,3247240,US,United States,Q4,2019
46,spotify:track:0Ryd8975WihbObpp5cPW1t,"Ariana Grande, Social House",boyfriend (with Social House),Republic Records,2,42,10,3223361,US,United States,Q4,2019
47,spotify:track:1dGr1c8CrMLDpV6mPbImSI,Taylor Swift,Lover,Taylor Swift,1,50,8,3144856,US,United States,Q4,2019
48,spotify:track:4guBZjUyrGoHsTahO3IHdj,Lil Tecca,Did It Again,Republic Records,21,35,10,3123209,US,United States,Q4,2019
49,spotify:track:2JvzF1RMd7lE3KmFlsyZD8,J. Cole,MIDDLE CHILD,"Dreamville, Inc., Under exclusive license to Roc Nation Records",1,54,38,3117072,US,United States,Q4,2019
50,spotify:track:3TTMUI5dFcbeNSDTTDY9M8,"Summer Walker, USHER",Come Thru (with Usher),LVRN/Interscope Records,50,-1,1,3049722,US,United States,Q4,2019
1,spotify:track:3KkXRkHbMCARz0aVfEt68P,"Post Malone, Swae Lee",Sunflower - Spider-Man: Into the Spider-Verse,Universal Records,1,1,12,46236,ZA,South Africa,Q1,2019
2,spotify:track:5p7ujcrUXASCNwRaWNHR1C,Halsey,Without Me,Capitol Records,2,5,14,39400,ZA,South Africa,Q1,2019
3,spotify:track:7FGq80cy8juXBCD2nrqdWU,"benny blanco, Halsey, Khalid",Eastside (with Halsey & Khalid),Friends Keep Secrets/Interscope Records,2,4,26,36710,ZA,South Africa,Q1,2019
4,spotify:track:6MWtB6iiXyIwun0YzU6DFP,Post Malone,Wow.,Republic Records,2,2,3,36708,ZA,South Africa,Q1,2019
5,spotify:track:2dpaYNEQHiRxtZbfNsse99,"Marshmello, Bastille",Happier,Joytime Collective,1,3,21,36122,ZA,South Africa,Q1,2019
6,spotify:track:6zeeWid2sgw4lap2jV61PZ,Khalid,Better,"Right Hand Music Group, LLC/RCA Records",1,9,17,29970,ZA,South Africa,Q1,2019
7,spotify:track:2iUXsYOEPhVqEBwsqP70rE,5 Seconds of Summer,Youngblood,Capitol,3,7,39,29776,ZA,South Africa,Q1,2019
8,spotify:track:2rPE9A1vEgShuZxxzR2tZH,Ariana Grande,"thank u, next",Republic Records,1,6,10,28414,ZA,South Africa,Q1,2019
9,spotify:track:0E9ZjEAyAwOXZ7wJC0PD33,"Dynoro, Gigi D'Agostino",In My Mind,Columbia/B1 Recordings,4,8,26,26283,ZA,South Africa,Q1,2019
10,spotify:track:5JEx7HbmvHQQswJCsoo9rA,"Ellie Goulding, Diplo, Swae Lee",Close To Me (with Diplo) (feat. Swae Lee),Polydor Records,10,16,11,24556,ZA,South Africa,Q1,2019
11,spotify:track:6X7PK2UQMUU36ux9pynSkV,"Black Coffee, David Guetta, Delilah Montagu",Drive (feat. Delilah Montagu) - Edit,"Ultra Records, LLC",8,10,20,24556,ZA,South Africa,Q1,2019
12,spotify:track:1rqqCSm0Qe4I9rUvWncaom,Panic! At The Disco,High Hopes,DCD2 / Fueled By Ramen,12,25,29,24161,ZA,South Africa,Q1,2019
13,spotify:track:25sgk305KZfyuqVBQIahim,Ava Max,Sweet but Psycho,Atlantic Records,13,21,14,23700,ZA,South Africa,Q1,2019
14,spotify:track:0FZ4Dmg8jJJAPJnvBIzD9z,"Kodak Black, Offset, Travis Scott",ZEZE (feat. Travis Scott & Offset),Atlantic Records,8,13,13,23192,ZA,South Africa,Q1,2019
15,spotify:track:7dt6x5M1jzdTEt8oCbisTK,Post Malone,Better Now,Republic Records,1,15,37,22258,ZA,South Africa,Q1,2019
16,spotify:track:2xLMifQCjDGFmkHkpNLD9h,Travis Scott,SICKO MODE,Cactus Jack / Epic,3,11,23,22147,ZA,South Africa,Q1,2019
17,spotify:track:5kfNriitmkNE8mUbZ7gbq8,Khalid,Saturday Nights,"Right Hand Music Group, LLC/RCA Records",17,20,12,21903,ZA,South Africa,Q1,2019
18,spotify:track:2IRZnDFmlqMuOrYOLnZZyc,"Meek Mill, Drake",Going Bad (feat. Drake),MMG/Atlantic,14,18,6,21613,ZA,South Africa,Q1,2019
19,spotify:track:4w8niZpiMy6qz1mntFA5uM,"DJ Snake, Selena Gomez, Ozuna, Cardi B","Taki Taki (with Selena Gomez, Ozuna & Cardi B)","DJ Snake Music Productions Limited, under exclusive license to Geffen Records",5,12,15,21243,ZA,South Africa,Q1,2019
20,spotify:track:3KLygy1YWhmrQx0GRs7IOx,"Jonas Blue, Jack & Jack",Rise,Positiva,4,14,33,20390,ZA,South Africa,Q1,2019
21,spotify:track:1xzBco0xcoJEDXktl7Jxrr,Sheck Wes,Mo Bamba,Cactus Jack Records/ G.O.O.D. Music/ Interscope Records,7,19,21,20112,ZA,South Africa,Q1,2019
22,spotify:track:4VUwkH455At9kENOfzTqmF,"Bazzi, Camila Cabello",Beautiful (feat. Camila Cabello),iamcosmic,22,26,23,19540,ZA,South Africa,Q1,2019
23,spotify:track:4ofwffwvvnbSkrMSCKQDaC,George Ezra,Shotgun,Columbia,8,17,27,18864,ZA,South Africa,Q1,2019
24,spotify:track:2VxeLyX666F8uXCJ0dZF8B,"Lady Gaga, Bradley Cooper",Shallow,A Star is Born OST,12,29,15,18826,ZA,South Africa,Q1,2019
25,spotify:track:3nc420PXjTdBV5TN0gCFkS,"Martin Garrix, Khalid",Ocean (feat. Khalid),Epic Amsterdam,8,27,30,18358,ZA,South Africa,Q1,2019
26,spotify:track:4NBTZtAt1F13VvlSKe6KTl,"The Chainsmokers, Kelsea Ballerini",This Feeling,Disruptor Records/Columbia,16,31,16,18247,ZA,South Africa,Q1,2019
27,spotify:track:7K7MUBCnzgBAvMVW2RTWNs,"Loud Luxury, Brando",Body,Armada Music,9,24,42,17585,ZA,South Africa,Q1,2019
28,spotify:track:5N5k9nd479b1xpDZ4usjrg,"Calvin Harris, Sam Smith, Jessie Reyez",Promises (with Sam Smith),Columbia,6,22,21,17181,ZA,South Africa,Q1,2019
29,spotify:track:14JzyD6FlBD5z0wV5P07YI,Billie Eilish,when the party's over,Darkroom/Interscope Records,11,35,12,17172,ZA,South Africa,Q1,2019
30,spotify:track:2LskIZrCeLxRvCiGP8gxlh,"XXXTENTACION, Lil Pump, Swae Lee, Maluma",Arms Around You (feat. Maluma & Swae Lee),Warner Records,6,33,11,16759,ZA,South Africa,Q1,2019
31,spotify:track:7fa9MBXhVfQ8P8Df9OEbD8,"Maroon 5, Cardi B",Girls Like You (feat. Cardi B) - Cardi B Version,Interscope Records*,1,23,32,16646,ZA,South Africa,Q1,2019
32,spotify:track:2P91MQbaiQOfbiz9VqhqKQ,Lauv,I Like Me Better,Lauv,22,38,43,16527,ZA,South Africa,Q1,2019
33,spotify:track:285pBltuF7vW8TeWk8hdRR,Juice WRLD,Lucid Dreams,Juice WRLD Mixtape / ISR P&D,5,30,35,15767,ZA,South Africa,Q1,2019
34,spotify:track:7pdF27mSDuPWhppnHAmWHa,XXXTENTACION,whoa (mind in awe),Bad Vibes Forever / EMPIRE,10,36,5,15553,ZA,South Africa,Q1,2019
35,spotify:track:3ee8Jmje8o58CHK66QrVC2,XXXTENTACION,SAD!,"Bad Vibes Forever, LLC",1,32,44,15521,ZA,South Africa,Q1,2019
36,spotify:track:3EPXxR3ImUwfayaurPi3cm,Dean Lewis,Be Alright,Universal Music Australia Pty. Ltd.,10,40,25,15477,ZA,South Africa,Q1,2019
37,spotify:track:0e7ipj03S05BNilyu5bRzt,"Post Malone, 21 Savage",rockstar (feat. 21 Savage),Republic Records,3,34,44,15090,ZA,South Africa,Q1,2019
38,spotify:track:5IaHrVsrferBYDm0bDyABy,"Tyga, Offset",Taste (feat. Offset),Last Kings Music / EMPIRE,6,37,34,14955,ZA,South Africa,Q1,2019
39,spotify:track:2BgEsaKNfHUdlh97KmvFyo,Anne-Marie,2002,Atlantic Records UK,23,39,38,14800,ZA,South Africa,Q1,2019
40,spotify:track:2RSHsoi04658QL5xgQVov3,Imagine Dragons,Bad Liar,Kid Ina Korner / Interscope,18,43,9,14583,ZA,South Africa,Q1,2019
41,spotify:track:78QR3Wp35dqAhFEc2qAGjE,"Lil Baby, Gunna",Drip Too Hard (Lil Baby & Gunna),"Quality Control Music/Young Stoner Life Records, a 300 Entertainment Label/Motown Records/Capitol Records",41,59,16,13843,ZA,South Africa,Q1,2019
42,spotify:track:6SRWhUJcD2YKahCwHavz3X,"Alan Walker, Au/Ra, Tomine Harket",Darkside,Kreatell Music,42,51,23,13520,ZA,South Africa,Q1,2019
43,spotify:track:6jreFSOTUAViWjKyzOC4Kg,Alesso,REMEDY,10:22 pm,43,57,19,13486,ZA,South Africa,Q1,2019
44,spotify:track:09IStsImFySgyp0pIQdqAc,"Zedd, Maren Morris, Grey",The Middle,UMGRI Interscope,8,49,44,13334,ZA,South Africa,Q1,2019
45,spotify:track:27rdGxbavYJeBphck5MZAF,"Mark Ronson, Miley Cyrus",Nothing Breaks Like a Heart (feat. Miley Cyrus),Columbia,45,52,6,13078,ZA,South Africa,Q1,2019
46,spotify:track:4hQ6UGyWQIGJmHSo0J88JW,Selena Gomez,Back To You - From 13 Reasons Why – Season 2 Soundtrack,UMGRI Interscope,3,53,35,13045,ZA,South Africa,Q1,2019
47,spotify:track:5tAa8Uaqr4VvA3693mbIhU,Zara Larsson,Ruin My Life,Epic/Record Company TEN,29,71,12,13040,ZA,South Africa,Q1,2019
48,spotify:track:7uiBocndm12aKbsdnQ3Scx,Chris Brown,Undecided,Chris Brown Entertainment/RCA Records,48,-1,1,12974,ZA,South Africa,Q1,2019
49,spotify:track:0todbbT9g5uQGbeFCiBf2F,Ariana Grande,imagine,Republic Records,19,48,4,12805,ZA,South Africa,Q1,2019
50,spotify:track:7tFiyTwD0nx5a1eklYtX2J,Queen,Bohemian Rhapsody - Remastered 2011,Hollywood Records,42,42,10,12663,ZA,South Africa,Q1,2019
1,spotify:track:2Fxmhks0bxGSBdJ92vM42m,Billie Eilish,bad guy,Darkroom/Interscope Records,1,1,2,52176,ZA,South Africa,Q2,2019
2,spotify:track:6u7jPi22kF8CTQ3rb9DHE7,"Lil Nas X, Billy Ray Cyrus",Old Town Road (feat. Billy Ray Cyrus) - Remix,Columbia,2,-1,1,44968,ZA,South Africa,Q2,2019
3,spotify:track:3KkXRkHbMCARz0aVfEt68P,"Post Malone, Swae Lee",Sunflower - Spider-Man: Into the Spider-Verse,Universal Records,1,2,25,42327,ZA,South Africa,Q2,2019
4,spotify:track:53CJANUxooaqGOtdsBTh7O,Lil Nas X,Old Town Road,Columbia,4,11,4,39614,ZA,South Africa,Q2,2019
5,spotify:track:6MWtB6iiXyIwun0YzU6DFP,Post Malone,Wow.,Republic Records,2,3,16,37821,ZA,South Africa,Q2,2019
6,spotify:track:6zeeWid2sgw4lap2jV61PZ,Khalid,Better,"Right Hand Music Group, LLC/RCA Records",1,16,30,34789,ZA,South Africa,Q2,2019
7,spotify:track:6TqXcAFInzjp0bODyvrWEq,"Khalid, Disclosure",Talk (feat. Disclosure),"Right Hand Music Group, LLC/RCA Records",7,22,9,34396,ZA,South Africa,Q2,2019
8,spotify:track:7FGq80cy8juXBCD2nrqdWU,"benny blanco, Halsey, Khalid",Eastside (with Halsey & Khalid),Friends Keep Secrets/Interscope Records,2,5,39,33995,ZA,South Africa,Q2,2019
9,spotify:track:6ocbgoVGwYJhOv1GgI9NsF,Ariana Grande,7 rings,Republic Records,1,6,12,32493,ZA,South Africa,Q2,2019
10,spotify:track:2dpaYNEQHiRxtZbfNsse99,"Marshmello, Bastille",Happier,Joytime Collective,1,8,34,31989,ZA,South Africa,Q2,2019
11,spotify:track:5kfNriitmkNE8mUbZ7gbq8,Khalid,Saturday Nights,"Right Hand Music Group, LLC/RCA Records",7,19,25,31485,ZA,South Africa,Q2,2019
12,spotify:track:5p7ujcrUXASCNwRaWNHR1C,Halsey,Without Me,Capitol Records,2,9,27,31257,ZA,South Africa,Q2,2019
13,spotify:track:6Qs4SXO9dwPj5GKvVOv8Ki,"Sam Smith, Normani",Dancing With A Stranger (with Normani),PLG - Capitol,9,12,13,31165,ZA,South Africa,Q2,2019
14,spotify:track:4y3OI86AEP6PQoDE6olYhO,Jonas Brothers,Sucker,Jonas Brothers Recording,5,13,6,30290,ZA,South Africa,Q2,2019
15,spotify:track:4SSnFejRGlZikf02HLewEF,Billie Eilish,bury a friend,Darkroom/Interscope Records,3,4,11,30008,ZA,South Africa,Q2,2019
16,spotify:track:2XKFnwB6djxrJCjR3PdeRb,Khalid,My Bad,"Right Hand Music Group, LLC/RCA Records",16,29,5,29804,ZA,South Africa,Q2,2019
17,spotify:track:25sgk305KZfyuqVBQIahim,Ava Max,Sweet but Psycho,Atlantic Records,8,14,27,27552,ZA,South Africa,Q2,2019
18,spotify:track:2JvzF1RMd7lE3KmFlsyZD8,J. Cole,MIDDLE CHILD,"Dreamville, Inc., Under exclusive license to Roc Nation Records",2,10,12,27493,ZA,South Africa,Q2,2019
19,spotify:track:09oZ9eXQ2fo6YDrPzJqAoP,"Khalid, John Mayer",Outta My Head (with John Mayer),"Right Hand Music Group, LLC/RCA Records",19,-1,1,26172,ZA,South Africa,Q2,2019
20,spotify:track:3Fj47GNK2kUF0uaEDgXLaD,Billie Eilish,wish you were gay,Darkroom/Interscope Records,7,7,6,25095,ZA,South Africa,Q2,2019
21,spotify:track:2VxeLyX666F8uXCJ0dZF8B,"Lady Gaga, Bradley Cooper",Shallow,A Star is Born OST,10,20,28,24994,ZA,South Africa,Q2,2019
22,spotify:track:43zdsphuZLzwA9k4DJhU0I,Billie Eilish,when the party's over,Darkroom/Interscope Records,11,15,25,23669,ZA,South Africa,Q2,2019
23,spotify:track:2qxmye6gAegTMjLKEBoR3d,Alec Benjamin,Let Me Down Slowly,2018,23,31,21,22989,ZA,South Africa,Q2,2019
24,spotify:track:5icOoE6VgqFKohjWWNp0Ac,"Marshmello, CHVRCHES",Here With Me,Joytime Collective,18,26,5,21957,ZA,South Africa,Q2,2019
25,spotify:track:4kV4N9D1iKVxx1KLvtTpjS,Ariana Grande,"break up with your girlfriend, i'm bored",Republic Records,2,23,9,21375,ZA,South Africa,Q2,2019
26,spotify:track:2P91MQbaiQOfbiz9VqhqKQ,Lauv,I Like Me Better,Lauv,17,30,56,21067,ZA,South Africa,Q2,2019
27,spotify:track:1rqqCSm0Qe4I9rUvWncaom,Panic! At The Disco,High Hopes,DCD2 / Fueled By Ramen,12,28,42,20890,ZA,South Africa,Q2,2019
28,spotify:track:4NBTZtAt1F13VvlSKe6KTl,"The Chainsmokers, Kelsea Ballerini",This Feeling,Disruptor Records/Columbia,16,34,29,20364,ZA,South Africa,Q2,2019
29,spotify:track:7COXchtUOMd6uIT6HvmRaI,"Lauv, Troye Sivan",i'm so tired...,Lauv,18,33,11,20355,ZA,South Africa,Q2,2019
30,spotify:track:2iUXsYOEPhVqEBwsqP70rE,5 Seconds of Summer,Youngblood,Capitol,3,27,52,20253,ZA,South Africa,Q2,2019
31,spotify:track:2IRZnDFmlqMuOrYOLnZZyc,"Meek Mill, Drake",Going Bad (feat. Drake),MMG/Atlantic,11,32,19,19829,ZA,South Africa,Q2,2019
32,spotify:track:7dt6x5M1jzdTEt8oCbisTK,Post Malone,Better Now,Republic Records,1,35,50,19694,ZA,South Africa,Q2,2019
33,spotify:track:1E6DEDWDKHoOW0fcFuDghV,"Khalid, SAFE",Don't Pretend,"Right Hand Music Group, LLC/RCA Records",33,-1,1,19452,ZA,South Africa,Q2,2019
34,spotify:track:6tsOcBnaKgzK22yEiqRh8P,"Ariana Grande, Victoria Monét",MONOPOLY (with Victoria Monét),Republic Records,34,151,2,19329,ZA,South Africa,Q2,2019
35,spotify:track:5JEx7HbmvHQQswJCsoo9rA,"Ellie Goulding, Diplo, Swae Lee",Close To Me (with Diplo) (feat. Swae Lee),Polydor Records,10,24,24,19329,ZA,South Africa,Q2,2019
36,spotify:track:5WHTFyqSii0lmT9R21abT8,Mabel,Don't Call Me Up,Polydor Records,36,41,10,18768,ZA,South Africa,Q2,2019
37,spotify:track:1NJcg626wLln4pGHpiV7mf,"Billie Eilish, Khalid",lovely (with Khalid),Darkroom,22,45,51,18519,ZA,South Africa,Q2,2019
38,spotify:track:6IRdLKIyS4p7XNiP8r6rsx,Billie Eilish,all the good girls go to hell,Darkroom/Interscope Records,17,17,2,18345,ZA,South Africa,Q2,2019
39,spotify:track:6X7PK2UQMUU36ux9pynSkV,"Black Coffee, David Guetta, Delilah Montagu",Drive (feat. Delilah Montagu) - Edit,"Ultra Records, LLC",8,38,33,18249,ZA,South Africa,Q2,2019
40,spotify:track:1wJRveJZLSb1rjhnUHQiv6,"A Boogie Wit da Hoodie, 6ix9ine",Swervin (feat. 6ix9ine),Highbridge the Label / Atlantic Records,40,48,8,17939,ZA,South Africa,Q2,2019
41,spotify:track:3XF5xLJHOQQRbWya6hBp7d,Billie Eilish,you should see me in a crown,Darkroom/Interscope Records,21,21,10,17768,ZA,South Africa,Q2,2019
42,spotify:track:4QIo4oxwzzafcBWkKjDpXY,Billie Eilish,xanny,Darkroom/Interscope Records,18,18,2,17446,ZA,South Africa,Q2,2019
43,spotify:track:3e9HZxeyfWwjeyPAMmWSSQ,Ariana Grande,"thank u, next",Republic Records,1,42,23,17140,ZA,South Africa,Q2,2019
44,spotify:track:7ql71hBakyMi0Lxiq3Mugs,"The Chainsmokers, 5 Seconds of Summer",Who Do You Love,Disruptor Records/Columbia,17,40,9,16988,ZA,South Africa,Q2,2019
45,spotify:track:3Tc57t9l2O8FwQZtQOvPXK,Billie Eilish,my strange addiction,Darkroom/Interscope Records,25,25,2,16760,ZA,South Africa,Q2,2019
46,spotify:track:5itOtNx0WxtJmi1TQ3RuRd,"Calvin Harris, Rag'n'Bone Man",Giant (with Rag'n'Bone Man),Columbia,28,39,13,16267,ZA,South Africa,Q2,2019
47,spotify:track:0PG9fbaaHFHfre2gUVo7AN,"Cardi B, Bruno Mars",Please Me,Atlantic/KSR,13,44,8,16081,ZA,South Africa,Q2,2019
48,spotify:track:1WSGTYKLEpKfNQYYW5Oymt,"benny blanco, Selena Gomez, J Balvin, Tainy","I Can’t Get Enough (benny blanco, Selena Gomez, J Balvin, Tainy)",NEON16/Friends Keep Secrets/Interscope Records,15,53,6,15804,ZA,South Africa,Q2,2019
49,spotify:track:7K7MUBCnzgBAvMVW2RTWNs,"Loud Luxury, Brando",Body,Armada Music,9,47,55,15757,ZA,South Africa,Q2,2019
50,spotify:track:2BgEsaKNfHUdlh97KmvFyo,Anne-Marie,2002,Atlantic Records UK,23,49,51,15368,ZA,South Africa,Q2,2019
1,spotify:track:0TK2YIli7K1leLovkQiNik,"Shawn Mendes, Camila Cabello",Señorita,Island Records,1,1,3,67092,ZA,South Africa,Q3,2019
2,spotify:track:6vBdBCoOhKHiYDDOcorfNo,"Post Malone, Young Thug",Goodbyes (feat. Young Thug),Republic Records,2,-1,1,59789,ZA,South Africa,Q3,2019
3,spotify:track:4evmHXcjt3bTUHD1cvny97,"Ed Sheeran, Khalid",Beautiful People (feat. Khalid),Atlantic Records UK,3,3,2,54677,ZA,South Africa,Q3,2019
4,spotify:track:3HVWdVOQ0ZA45FuZGSfvns,"Ed Sheeran, Justin Bieber",I Don't Care (with Justin Bieber),Atlantic Records UK,1,2,9,54541,ZA,South Africa,Q3,2019
5,spotify:track:6u7jPi22kF8CTQ3rb9DHE7,"Lil Nas X, Billy Ray Cyrus",Old Town Road (feat. Billy Ray Cyrus) - Remix,Columbia,1,4,14,48202,ZA,South Africa,Q3,2019
6,spotify:track:2Fxmhks0bxGSBdJ92vM42m,Billie Eilish,bad guy,Darkroom/Interscope Records,1,5,15,47321,ZA,South Africa,Q3,2019
7,spotify:track:6fTt0CH2t0mdeB2N9XFG5r,Lil Nas X,Panini,Columbia,5,6,3,36722,ZA,South Africa,Q3,2019
8,spotify:track:5ry2OE6R2zPQFDO85XkgRb,"Drake, Rick Ross",Money In The Grave (Drake ft. Rick Ross),Republic Records,6,7,4,35263,ZA,South Africa,Q3,2019
9,spotify:track:3KkXRkHbMCARz0aVfEt68P,"Post Malone, Swae Lee",Sunflower - Spider-Man: Into the Spider-Verse,Universal Records,1,9,38,35020,ZA,South Africa,Q3,2019
10,spotify:track:6XHVuErjQ4XNm6nDPVCxVX,"Chris Brown, Drake",No Guidance (feat. Drake),Chris Brown Entertainment/RCA Records,4,8,5,32867,ZA,South Africa,Q3,2019
11,spotify:track:7qEHsqek33rTcFNT9PFqLf,Lewis Capaldi,Someone You Loved,Vertigo Berlin,10,15,26,29875,ZA,South Africa,Q3,2019
12,spotify:track:05CwHjIk71RXVU40boRMnR,"The Chainsmokers, Bebe Rexha",Call You Mine,Disruptor Records/Columbia,11,11,6,28725,ZA,South Africa,Q3,2019
13,spotify:track:29fRTIKsJhLUJoldM89GZS,Taylor Swift,You Need To Calm Down,Taylor Swift,5,10,4,28174,ZA,South Africa,Q3,2019
14,spotify:track:6TqXcAFInzjp0bODyvrWEq,"Khalid, Disclosure",Talk (feat. Disclosure),"Right Hand Music Group, LLC/RCA Records",5,13,22,27261,ZA,South Africa,Q3,2019
15,spotify:track:1DFD5Fotzgn6yYXkYsKiGs,"MEDUZA, Goodboys",Piece Of Your Heart,Intercord,15,20,15,25800,ZA,South Africa,Q3,2019
16,spotify:track:5PYQUBXc7NYeI1obMKSJK0,Katy Perry,Never Really Over,Capitol Records,11,16,6,25588,ZA,South Africa,Q3,2019
17,spotify:track:7DcvwMAiqKJQD1rrdfxSDx,"Young Thug, J. Cole, Travis Scott",The London (feat. J. Cole & Travis Scott),300 Entertainment/Atl,4,12,7,25457,ZA,South Africa,Q3,2019
18,spotify:track:6MWtB6iiXyIwun0YzU6DFP,Post Malone,Wow.,Republic Records,2,18,29,25111,ZA,South Africa,Q3,2019
19,spotify:track:6LsAAHotRLMOHfCsSfYCsz,Shawn Mendes,If I Can't Have You,Island Records,7,17,10,24836,ZA,South Africa,Q3,2019
20,spotify:track:4ak7xjvBeBOcJGWFDX9w5n,"Lil Nas X, Cardi B",Rodeo,Columbia,14,14,3,24186,ZA,South Africa,Q3,2019
21,spotify:track:6Qs4SXO9dwPj5GKvVOv8Ki,"Sam Smith, Normani",Dancing With A Stranger (with Normani),PLG - Capitol,7,21,26,23856,ZA,South Africa,Q3,2019
22,spotify:track:6MF4tRr5lU8qok8IKaFOBE,"Dreamville, J. Cole, Lute, DaBaby",Under The Sun (with J. Cole & Lute feat. DaBaby),Dreamville/Interscope Records,22,-1,1,23493,ZA,South Africa,Q3,2019
23,spotify:track:4hPpVbbakQNv8YTHYaOJP4,"Marshmello, Kane Brown",One Thing Right,Joytime Collective,23,27,3,23291,ZA,South Africa,Q3,2019
24,spotify:track:36J0iaPDGbYGsHvYpaYs3k,"Dreamville, JID, Bas, J. Cole, EARTHGANG, Young Nudy","Down Bad (feat. JID, Bas, J. Cole, EARTHGANG & Young Nudy)",Dreamville/Interscope Records,24,179,4,23190,ZA,South Africa,Q3,2019
25,spotify:track:7FGq80cy8juXBCD2nrqdWU,"benny blanco, Halsey, Khalid",Eastside (with Halsey & Khalid),Friends Keep Secrets/Interscope Records,2,19,52,23100,ZA,South Africa,Q3,2019
26,spotify:track:2JvzF1RMd7lE3KmFlsyZD8,J. Cole,MIDDLE CHILD,"Dreamville, Inc., Under exclusive license to Roc Nation Records",2,47,25,22967,ZA,South Africa,Q3,2019
27,spotify:track:2dpaYNEQHiRxtZbfNsse99,"Marshmello, Bastille",Happier,Joytime Collective,1,22,47,22324,ZA,South Africa,Q3,2019
28,spotify:track:2x0RZdkZcD8QRI53XT4GI5,"Avicii, Aloe Blacc",SOS (feat. Aloe Blacc),Pophouse Entertainment Group,7,25,13,21997,ZA,South Africa,Q3,2019
29,spotify:track:40OMBMYRk5IQL6xCzGM0JA,"Martin Garrix, Macklemore, Fall Out Boy",Summer Days (feat. Macklemore & Patrick Stump of Fall Out Boy),Epic Amsterdam,22,24,11,21791,ZA,South Africa,Q3,2019
30,spotify:track:6moU77g9RQyMzHNuKEaQKq,Ali Gatie,It's You,Warner Records,30,37,4,21183,ZA,South Africa,Q3,2019
31,spotify:track:5qmq61DAAOUaW8AUo8xKhh,Lizzo,Truth Hurts,Nice Life/Atlantic,31,42,11,21137,ZA,South Africa,Q3,2019
32,spotify:track:22vgEDb5hykfaTwLuskFGD,Jonas Brothers,Sucker,Jonas Brothers Recording,5,28,19,20811,ZA,South Africa,Q3,2019
33,spotify:track:0mjAU3yKR1QnXnHtjGJqTM,OneRepublic,Rescue Me,Mosley Music/Interscope Records,24,34,8,20182,ZA,South Africa,Q3,2019
34,spotify:track:6zeeWid2sgw4lap2jV61PZ,Khalid,Better,"Right Hand Music Group, LLC/RCA Records",1,30,43,20172,ZA,South Africa,Q3,2019
35,spotify:track:6ocbgoVGwYJhOv1GgI9NsF,Ariana Grande,7 rings,Republic Records,1,33,25,20037,ZA,South Africa,Q3,2019
36,spotify:track:4MsUsFfWseB9M2plGJyuIw,"Taylor Swift, Brendon Urie, Panic! At The Disco",ME! (feat. Brendon Urie of Panic! At The Disco),Taylor Swift,3,32,11,19192,ZA,South Africa,Q3,2019
37,spotify:track:5ug4vqGZ3eisGhY1IsziNX,"Ed Sheeran, Yebba",Best Part of Me (feat. YEBBA),Atlantic Records UK,37,-1,1,19000,ZA,South Africa,Q3,2019
38,spotify:track:53CJANUxooaqGOtdsBTh7O,Lil Nas X,Old Town Road,Columbia,4,31,17,18752,ZA,South Africa,Q3,2019
39,spotify:track:2iUXsYOEPhVqEBwsqP70rE,5 Seconds of Summer,Youngblood,Capitol,3,36,65,18701,ZA,South Africa,Q3,2019
40,spotify:track:51Fjme0JiitpyXKuyQiCDo,"Y2K, bbno$",Lalala,Columbia,40,51,3,18360,ZA,South Africa,Q3,2019
41,spotify:track:5QiNbIilmMiMBXvaAlf7lN,"The Chainsmokers, 5 Seconds of Summer",Who Do You Love,Disruptor Records/Columbia,17,35,22,18193,ZA,South Africa,Q3,2019
42,spotify:track:7ILEWkpfdK6AjH2D7jppWk,"Chris Brown, Justin Bieber, Ink",Don't Check On Me (feat. Justin Bieber & Ink),Chris Brown Entertainment/RCA Records,23,23,2,18110,ZA,South Africa,Q3,2019
43,spotify:track:5WnfnSpuNEGXyEt78PBA6d,"Dreamville, Bas, JID, Guapdad 4000, Reese LAFLARE, Jace, Mez, Smokepurpp, Buddy, Ski Mask The Slump God","Costa Rica (with Bas & JID feat. Guapdad 4000, Reese LAFLARE, Jace, Mez, Smokepurpp, Buddy & Ski Mask The Slump God)",Dreamville/Interscope Records,43,-1,1,17872,ZA,South Africa,Q3,2019
44,spotify:track:6oJ6le65B3SEqPwMRNXWjY,"Kygo, Whitney Houston",Higher Love,Kygo/RCA Records,29,29,2,17614,ZA,South Africa,Q3,2019
45,spotify:track:1kBbgxAUc4HQv7cgIayIDH,Lil Tecca,Ransom,Republic Records,34,38,5,17466,ZA,South Africa,Q3,2019
46,spotify:track:4tNXntkAzQ5A2dfYRYGIIQ,5 Seconds of Summer,Easier,5 Seconds Of Summer/Interscope,16,44,7,17463,ZA,South Africa,Q3,2019
47,spotify:track:2VxeLyX666F8uXCJ0dZF8B,"Lady Gaga, Bradley Cooper",Shallow,A Star is Born OST,10,46,41,17415,ZA,South Africa,Q3,2019
48,spotify:track:5p7ujcrUXASCNwRaWNHR1C,Halsey,Without Me,Capitol Records,2,40,40,17089,ZA,South Africa,Q3,2019
49,spotify:track:5icOoE6VgqFKohjWWNp0Ac,"Marshmello, CHVRCHES",Here With Me,Joytime Collective,18,48,18,17087,ZA,South Africa,Q3,2019
50,spotify:track:543bCW2ruMPmxUBWirQ3MR,"Ed Sheeran, Chance the Rapper, PnB Rock",Cross Me (feat. Chance the Rapper & PnB Rock),Atlantic Records UK,5,26,7,16876,ZA,South Africa,Q3,2019
1,spotify:track:3eekarcy7kvN4yt5ZFzltW,Travis Scott,HIGHEST IN THE ROOM,Cactus Jack/Epic,1,-1,1,86676,ZA,South Africa,Q4,2019
2,spotify:track:1rgnBhdG2JDFTbYkYRZAku,Tones And I,Dance Monkey,Elektra (NEK),1,1,10,82412,ZA,South Africa,Q4,2019
3,spotify:track:21jGcNKet2qwijlDFuPiPb,Post Malone,Circles,Republic Records,1,3,6,58456,ZA,South Africa,Q4,2019
4,spotify:track:70eFcWOvlMObDhURTqT4Fv,"Ed Sheeran, Khalid",Beautiful People (feat. Khalid),Atlantic Records UK,2,4,15,57001,ZA,South Africa,Q4,2019
5,spotify:track:6v3KW9xbzN5yKLt9YKDYA2,"Shawn Mendes, Camila Cabello",Señorita,Island Records,1,2,16,56933,ZA,South Africa,Q4,2019
6,spotify:track:6b2RcmUt1g9N9mQ3CbjX2Y,Sam Smith,How Do You Sleep?,PLG - Capitol,5,6,12,48134,ZA,South Africa,Q4,2019
7,spotify:track:0hVXuCcriWRGvwMV1r5Yn9,"Ed Sheeran & Justin Bieber, Justin Bieber",I Don't Care (with Justin Bieber),Atlantic Records UK,1,5,22,46913,ZA,South Africa,Q4,2019
8,spotify:track:7qEHsqek33rTcFNT9PFqLf,Lewis Capaldi,Someone You Loved,Vertigo Berlin,8,9,39,43895,ZA,South Africa,Q4,2019
9,spotify:track:6XHVuErjQ4XNm6nDPVCxVX,"Chris Brown, Drake",No Guidance (feat. Drake),Chris Brown Entertainment/RCA Records,3,8,18,42849,ZA,South Africa,Q4,2019
10,spotify:track:73wcFiFeCQurmHDQIcirbm,"Samthing Soweto, Sha Sha, DJ Maphorisa, Kabza De Small",Akulaleki,Platoon,7,7,6,42844,ZA,South Africa,Q4,2019
11,spotify:track:2b8fOow8UzyDFAE27YhOZM,Maroon 5,Memories,Interscope Records*,11,14,3,42796,ZA,South Africa,Q4,2019
12,spotify:track:7aiClxsDWFRQ0Kzk5KI5ku,blackbear,hot girl bummer,Alamo,12,25,7,38914,ZA,South Africa,Q4,2019
13,spotify:track:1000nHvUdawXuUHgBod4Wv,Lil Nas X,Panini,Columbia,5,11,16,38642,ZA,South Africa,Q4,2019
14,spotify:track:72Yg5qdIqpTnXrNPEewglz,Biggy,Dames,Universal Music (Pty) Ltd. Distribution Deals,6,12,10,37355,ZA,South Africa,Q4,2019
15,spotify:track:6vBdBCoOhKHiYDDOcorfNo,"Post Malone, Young Thug",Goodbyes (feat. Young Thug),Republic Records,2,10,14,36439,ZA,South Africa,Q4,2019
16,spotify:track:2wrJq5XKLnmhRXHIAf9xBa,"Dan + Shay, Justin Bieber","10,000 Hours (with Justin Bieber)",Warner Music Nashville,16,-1,1,36384,ZA,South Africa,Q4,2019
17,spotify:track:6wo37KVqFJhtuxPTpLCcfe,"The Chainsmokers, ILLENIUM, Lennon Stella",Takeaway,Disruptor Records/Columbia,14,19,11,34596,ZA,South Africa,Q4,2019
18,spotify:track:05mDaV9Vb3wrzjF6OPZnhq,Post Malone,Saint-Tropez,Republic Records,4,13,5,34384,ZA,South Africa,Q4,2019
19,spotify:track:5TV5x7u5Tnx2i47ccKXVex,"DJ Maphorisa, Kabza De Small, Samthing Soweto, Mfr Souls",Amantombazane (feat. Samthing Soweto & MFR Souls),New Money Gang Records,18,20,14,31465,ZA,South Africa,Q4,2019
20,spotify:track:6oJ6le65B3SEqPwMRNXWjY,"Kygo, Whitney Houston",Higher Love,Kygo/RCA Records,20,28,15,30768,ZA,South Africa,Q4,2019
21,spotify:track:2YpeDb67231RjR0MgVLzsG,"Lil Nas X, Billy Ray Cyrus",Old Town Road (feat. Billy Ray Cyrus) - Remix,Columbia,1,17,27,30671,ZA,South Africa,Q4,2019
22,spotify:track:2Fxmhks0bxGSBdJ92vM42m,Billie Eilish,bad guy,Darkroom/Interscope Records,1,18,28,30130,ZA,South Africa,Q4,2019
23,spotify:track:0RiRZpuVRbi7oqRdSMwhQY,"Post Malone, Swae Lee",Sunflower - Spider-Man: Into the Spider-Verse,Republic Records,1,15,51,29109,ZA,South Africa,Q4,2019
24,spotify:track:66qYWzjiH7jlPfpoU3IxvV,"DJ Maphorisa, Kabza De Small, Nokwazi, Vigro Deep",Vula Vala (feat. Nokwazi & Vigro Deep),New Money Gang Records,23,23,13,28981,ZA,South Africa,Q4,2019
25,spotify:track:5qmq61DAAOUaW8AUo8xKhh,Lizzo,Truth Hurts,Nice Life/Atlantic,24,24,24,28052,ZA,South Africa,Q4,2019
26,spotify:track:6V9fHiv84WlVTg7CSnIVY2,Halsey,Graveyard,Capitol Records,26,37,4,27596,ZA,South Africa,Q4,2019
27,spotify:track:51Fjme0JiitpyXKuyQiCDo,"Y2K, bbno$",Lalala,Columbia,15,21,16,27538,ZA,South Africa,Q4,2019
28,spotify:track:322tcqPhma7F6hfCeLisx0,"Lauv, Anne-Marie","fuck, i'm lonely",Lauv,19,32,10,27332,ZA,South Africa,Q4,2019
29,spotify:track:7FGq80cy8juXBCD2nrqdWU,"benny blanco, Halsey, Khalid",Eastside (with Halsey & Khalid),Friends Keep Secrets/Interscope Records,2,22,65,27150,ZA,South Africa,Q4,2019
30,spotify:track:1SNiXDwSilLujcYdvfqVpT,"The Chainsmokers, Bebe Rexha",Call You Mine,Disruptor Records/Columbia,11,27,19,27102,ZA,South Africa,Q4,2019
31,spotify:track:1DFD5Fotzgn6yYXkYsKiGs,"MEDUZA, Goodboys",Piece Of Your Heart,Intercord,15,29,28,26971,ZA,South Africa,Q4,2019
32,spotify:track:6RRNNciQGZEXnqk8SQ9yv5,Taylor Swift,You Need To Calm Down,Taylor Swift,5,30,17,26596,ZA,South Africa,Q4,2019
33,spotify:track:7LzouaWGFCy4tkXDOOnEyM,Camila Cabello,Liar,Syco Music/Epic,28,33,5,26545,ZA,South Africa,Q4,2019
34,spotify:track:5ry2OE6R2zPQFDO85XkgRb,"Drake, Rick Ross",Money In The Grave (Drake ft. Rick Ross),Republic Records,6,26,17,25511,ZA,South Africa,Q4,2019
35,spotify:track:1lOe9qE0vR9zwWQAOk6CoO,Lil Tecca,Ransom,Republic Records,8,16,18,24987,ZA,South Africa,Q4,2019
36,spotify:track:6KlOMbkMRBQUFWpYe1z8Nq,"Semi Tee, Miano, Kammu Dee",Labantwana Ama Uber,Universal Music (Pty) Ltd.,36,46,2,24950,ZA,South Africa,Q4,2019
37,spotify:track:2xyx0o4xNOLLjBSbOOdcbA,"Summer Walker, Bryson Tiller",Playing Games (with Bryson Tiller) - Extended Version,LVRN/Interscope Records,37,-1,1,23841,ZA,South Africa,Q4,2019
38,spotify:track:7CZyCXKG6d5ALeq41sLzbw,"Post Malone, Ozzy Osbourne, Travis Scott",Take What You Want (feat. Ozzy Osbourne & Travis Scott),Republic Records,17,35,5,23789,ZA,South Africa,Q4,2019
39,spotify:track:3NkJNL3WqO1Lqc3uNDxvCN,"Ariana Grande, Miley Cyrus, Lana Del Rey",Don’t Call Me Angel (Charlie’s Angels) (with Miley Cyrus & Lana Del Rey),Silver Cloud/Charlie's Angels,11,31,4,23584,ZA,South Africa,Q4,2019
40,spotify:track:2tnVG71enUj33Ic2nFN6kZ,Regard,Ride It,Ministry of Sound Recordings,40,59,5,23312,ZA,South Africa,Q4,2019
41,spotify:track:26wLOs3ZuHJa2Ihhx6QIE6,5 Seconds of Summer,Teeth,UMGRI Interscope,28,49,7,23187,ZA,South Africa,Q4,2019
42,spotify:track:6EEmWiEPZSDGXBTknG8wR1,"DJ Zinhle, Mvzzle, Rethabile Khumalo",Umlilo,Kalawa Jazmee,42,48,7,22874,ZA,South Africa,Q4,2019
43,spotify:track:0Ryd8975WihbObpp5cPW1t,"Ariana Grande, Social House",boyfriend (with Social House),Republic Records,8,39,10,22229,ZA,South Africa,Q4,2019
44,spotify:track:6zeeWid2sgw4lap2jV61PZ,Khalid,Better,"Right Hand Music Group, LLC/RCA Records",1,34,56,22148,ZA,South Africa,Q4,2019
45,spotify:track:1lKqP0GH6cZ6zMtmUTJWs5,"Jobe London, Mphow69, Kamo Manje",Sukendleleni,Feel Good Music,45,50,10,21784,ZA,South Africa,Q4,2019
46,spotify:track:2dpaYNEQHiRxtZbfNsse99,"Marshmello, Bastille",Happier,Joytime Collective,1,36,60,21521,ZA,South Africa,Q4,2019
47,spotify:track:5Z8HZM6iQMhhqyPcCGY5g9,"Young Thug, Gunna",Hot (feat. Gunna),300 Entertainment/Atl,47,57,8,21461,ZA,South Africa,Q4,2019
48,spotify:track:40nPimvmG05WYS7983bawZ,Camila Cabello,Cry for Me,Syco Music/Epic,48,-1,1,21232,ZA,South Africa,Q4,2019
49,spotify:track:0mjAU3yKR1QnXnHtjGJqTM,OneRepublic,Rescue Me,Mosley Music/Interscope Records,24,40,21,21072,ZA,South Africa,Q4,2019
50,spotify:track:3s4mrPrEFFPF0LmAfutW0n,"Young Thug, J. Cole, Travis Scott",The London (feat. J. Cole & Travis Scott),300 Entertainment/Atl,4,38,20,20851,ZA,South Africa,Q4,2019