rank,uri,artist_names,track_name,source,peak_rank,previous_rank,weeks_on_chart,streams,country_code,country_name,quarter,year
1,spotify:track:7k4t7uLgtOxPwTpFmtJNTY,"KAROL G, Nicki Minaj",Tusa,TUSA - Karol G & Nicki Minaj,1,1,9,2999053,AR,Argentina,Q1,2020
2,spotify:track:5stPVcRqb4qixbafP9e8lt,"Dalex, Lenny Tavárez, Chencho Corleone, Juhn, Dímelo Flow",Hola - Remix,Rich Music,2,2,10,1938118,AR,Argentina,Q1,2020
3,spotify:track:1rgnBhdG2JDFTbYkYRZAku,Tones And I,Dance Monkey,Elektra (NEK),3,6,14,1645309,AR,Argentina,Q1,2020
4,spotify:track:6cy3ki60hLwimwIje7tALf,"Black Eyed Peas, J Balvin",RITMO (Bad Boys For Life),Epic/We The Best,1,3,13,1613075,AR,Argentina,Q1,2020
5,spotify:track:6mAN61JH0dzyZpWslS11jy,"Rauw Alejandro, Farruko",Fantasias,"(SME US Latin) Duars Entertainment, Corp. (2)",2,4,18,1600200,AR,Argentina,Q1,2020
6,spotify:track:6RyaV7owmVU6fzEPE17sF1,Daddy Yankee,Que Tire Pa Lante,UME - Global Clearing House,2,5,12,1376079,AR,Argentina,Q1,2020
7,spotify:track:1Xnn1TPyr5h0hpRAT4B4EA,"Dalex, Lenny Tavárez, Anitta, NATTI NATASHA, Farruko, Justin Quiles",Bellaquita - Remix,Rich Music,7,8,7,1308841,AR,Argentina,Q1,2020
8,spotify:track:2ksOAxtIxY8yElEWw8RhgK,"Anuel AA, Daddy Yankee, KAROL G, J Balvin, Ozuna",China,"2019 Real Hasta La Muerte, LLC.",1,7,25,1298361,AR,Argentina,Q1,2020
9,spotify:track:5DxXgozhkPLgrbKFY91w0c,Bad Bunny,Vete,Rimas Entertainment LLC,8,10,7,1254925,AR,Argentina,Q1,2020
10,spotify:track:0RDgqtvOHLwcI6yz9bjsZV,"Rich Music LTD, Sech, Dalex, Justin Quiles, Lenny Tavárez, Feid",Perreo en La Luna,Rich Music,10,12,13,1218838,AR,Argentina,Q1,2020
11,spotify:track:4BCPItsB94KDLuERZT3aNM,"TINI, Lalo Ebratt",Fresa,5020 Records,1,9,18,1203335,AR,Argentina,Q1,2020
12,spotify:track:7sQKy5vlPQllr0k9IjYJv3,"Arcángel, Sech, Dímelo Flow",Sigues Con El,Rimas Entertainment LLC.,12,18,4,1127851,AR,Argentina,Q1,2020
13,spotify:track:2b6i9zx3ULzKrNWmyP0ePD,"John C, Neo Pistea, Bhavi, Trueno",C90 (Remix),Piloto Productions,10,11,3,1114107,AR,Argentina,Q1,2020
14,spotify:track:3jbT1Y5MoPwEIpZndDDwVq,"Tainy, Anuel AA, Ozuna",Adicto (with Anuel AA & Ozuna),NEON16/Interscope Records,3,13,20,1108614,AR,Argentina,Q1,2020
15,spotify:track:4dqoJHdxf9Ez4DDqGh2PBc,"Fer Palacio, DJ Alex, Santiago Saez",Ya No Más,P2020,14,14,38,1092963,AR,Argentina,Q1,2020
16,spotify:track:2pWOMNQJW3g2zmGjP0Vkb0,"Nicky Jam, Anuel AA",Whine Up,Sony Music Latin,16,16,10,990887,AR,Argentina,Q1,2020
17,spotify:track:5Id5B3dxJZhPcV9GzgYZZe,"Rich Music LTD, Sech, Dalex, Justin Quiles, Lenny Tavárez, Feid, Wisin, Zion",Quizas,Rich Music,7,17,16,964170,AR,Argentina,Q1,2020
18,spotify:track:1nocRtwyNPVtGcIJqfgdzZ,"Camilo, Pedro Capó",Tutu,Sony Music Latin,4,15,22,940662,AR,Argentina,Q1,2020
19,spotify:track:57kdZIOAaolxAjB67d2yU3,Duki,Goteo,SSJ Records / DALE PLAY Records,1,19,23,919152,AR,Argentina,Q1,2020
20,spotify:track:6Y4PDQv4XjYjHLeLmvyOt0,"Sech, Ozuna",Si Te Vas,Rich Music,5,20,15,916929,AR,Argentina,Q1,2020
21,spotify:track:37zdqI4r1gswIzczSBkRon,"Lunay, Anuel AA, Ozuna",Aventura,round2media - LaFamilia,12,22,11,905565,AR,Argentina,Q1,2020
22,spotify:track:1ndyl3wJCFs872XZ3ztPk6,"Justin Quiles, NATTI NATASHA, Farruko, Lenny Tavárez, Dalex, Zion","DJ No Pare (feat. Zion, Dalex, Lenny Tavárez) - Remix",WEA Latina,10,21,18,882178,AR,Argentina,Q1,2020
23,spotify:track:0fea68AdmYNygeTGI4RC18,"J Balvin, Bad Bunny",LA CANCIÓN,Universal Music Latino / Rimas,7,23,28,828782,AR,Argentina,Q1,2020
24,spotify:track:4R8BJggjosTswLxtkw8V7P,"JHAYCO, J Balvin, Bad Bunny",No Me Conoce - Remix,N&E Entertainment LLC,5,24,34,815889,AR,Argentina,Q1,2020
25,spotify:track:2TH65lNHgvLxCKXM3apjxI,"Bad Bunny, Tainy",Callaita,Rimas Entertainment LLC,2,25,32,761648,AR,Argentina,Q1,2020
26,spotify:track:2rc7BkzO8qepMFAxHtOrXc,J Balvin,Blanco,UMLE - Latino,26,34,8,753700,AR,Argentina,Q1,2020
27,spotify:track:6v3KW9xbzN5yKLt9YKDYA2,"Shawn Mendes, Camila Cabello",Señorita,Island Records,4,27,29,743116,AR,Argentina,Q1,2020
28,spotify:track:6bLvfGI2XeU5DTl8feuNrk,Ke Personajes,Cómo estás,Ke Personajes,26,26,25,740855,AR,Argentina,Q1,2020
29,spotify:track:2UAWYufVaO3EnUUNzl0ppO,WOS,CANGURO,DOGUITO Records / DALE PLAY Records,3,28,22,708312,AR,Argentina,Q1,2020
30,spotify:track:09nSCeCs6eYfAIJVfye1CE,"TINI, Sebastian Yatra",Oye,5020 Records,4,32,13,681905,AR,Argentina,Q1,2020
31,spotify:track:7BlBVFwvbWvcwNcUarQmjk,"ROSALÍA, Ozuna","Yo x Ti, Tu x Mi",Columbia,10,30,21,674030,AR,Argentina,Q1,2020
32,spotify:track:59s0s39NFWScuHDbHytI14,"Reik, J Balvin, Lalo Ebratt",Indeciso,Indeciso,22,33,20,671130,AR,Argentina,Q1,2020
33,spotify:track:4t9a07PAghtQMRAIP9FQ7Z,"Lunay, Daddy Yankee, Bad Bunny",Soltera (Remix),round2media - LaFamilia,2,29,35,663601,AR,Argentina,Q1,2020
34,spotify:track:4bTZeO72FwMa6wKOiqoynL,"Sech, Ozuna, Anuel AA, Darell, Nicky Jam",Otro Trago - Remix,Rich Music,2,31,24,644518,AR,Argentina,Q1,2020
35,spotify:track:6WrI0LAC5M1Rw2MnX2ZvEg,Dua Lipa,Don't Start Now,Warner Records,35,40,10,629508,AR,Argentina,Q1,2020
36,spotify:track:684EjRHwNsZQ9hCQxL4NYL,"Dímelo Flow, Nicky Jam, Sech, Farruko, Zion, Lunay","El Favor (with Nicky Jam & Sech, feat. Farruko, Zion & Lunay)",Rich Music/Interscope Records,21,38,19,599617,AR,Argentina,Q1,2020
37,spotify:track:66YgptYp9124vxw9yFsIGn,Oscu,No Dijeron Nada,1.8M,26,35,4,599582,AR,Argentina,Q1,2020
38,spotify:track:07L6tEZIfCX3GZAWCpGj0e,"TINI, Greeicy",22,5020 Records,9,37,36,583424,AR,Argentina,Q1,2020
39,spotify:track:2qG5sZ7Si6sdK74qLxedYM,"ROSALÍA, J Balvin, El Guincho",Con Altura,Columbia,5,36,41,581162,AR,Argentina,Q1,2020
40,spotify:track:7anSoGdgtmJTAPZBzcPhO6,"Dalex, Nicky Jam, Justin Quiles, Sech, Lenny Tavárez, Feid, Rafa Pabön",Cuaderno,Rich Music/Ingrooves Records,8,41,35,549617,AR,Argentina,Q1,2020
41,spotify:track:2S93hylQBYLndMnaJuso8S,"Bizarrap, Nicki Nicole","Nicki Nicole: Bzrp Music Sessions, Vol. 13/66",DALE PLAY Records,1,42,22,534352,AR,Argentina,Q1,2020
42,spotify:track:40rXWke6SnXiGkSmaT8ZUr,Ozuna,Fantasía,Aura Music Corp.,42,50,6,534292,AR,Argentina,Q1,2020
43,spotify:track:7g8YaUQABMal0zWe7a2ijz,"Dalex, Rafa Pabön, KHEA, Sech, Feid, Cazzu, Lenny Tavárez",Pa Mí (Remix),Rich Music/Ingrooves Records,1,45,48,524001,AR,Argentina,Q1,2020
44,spotify:track:5uHAzGa4d9j35DEbhUwGhi,WOS,MELÓN VINO,DOGUITO Records / DALE PLAY Records,7,44,18,523837,AR,Argentina,Q1,2020
45,spotify:track:08ilexedmUuccTWTeK7Dvb,"Bizarrap, John C","John C: Bzrp Music Sessions, Vol. 18/66",DALE PLAY Records,7,43,7,518849,AR,Argentina,Q1,2020
46,spotify:track:0wMs7DPFOnToNAoecvAFQc,"Rich Music LTD, Sech, Dalex, Justin Quiles, Lenny Tavárez, Feid, De La Ghetto, Zion & Lennox",Uniforme,Rich Music,32,52,13,510788,AR,Argentina,Q1,2020
47,spotify:track:41L3O37CECZt3N7ziG2z7l,Justin Bieber,Yummy,RBMG/Def Jam,47,-1,1,510142,AR,Argentina,Q1,2020
48,spotify:track:7KbF6AdprOXEEHlsq11Z6d,Maluma,11 PM,Sony Music Latin,10,47,34,507772,AR,Argentina,Q1,2020
49,spotify:track:5iwz1NiezX7WWjnCgY5TH4,"Pedro Capó, Farruko",Calma - Remix,Sony Music Latin,1,49,62,500966,AR,Argentina,Q1,2020
50,spotify:track:5jW3rF4URMdK7tO2xjS5EI,Paulo Londra,Tal Vez,WEA Latina,1,46,41,497251,AR,Argentina,Q1,2020
1,spotify:track:2DEZmgHKAvm41k4J3R2E9Y,"Bad Bunny, Jowell & Randy, Ñengo Flow",Safaera,Rimas Entertainment LLC,1,1,6,1511172,AR,Argentina,Q2,2020
2,spotify:track:0SqqAgdovOE24BzxIClpjw,Bad Bunny,Yo Perreo Sola,Rimas Entertainment LLC,2,5,6,1356887,AR,Argentina,Q2,2020
3,spotify:track:7k4t7uLgtOxPwTpFmtJNTY,"KAROL G, Nicki Minaj",Tusa,TUSA - Karol G & Nicki Minaj,1,2,22,1226979,AR,Argentina,Q2,2020
4,spotify:track:7na7Bk98usp84FaOJFPv3d,Rauw Alejandro,Tattoo,"(SME US Latin) Duars Entertainment, Corp. (2)",2,3,7,1140818,AR,Argentina,Q2,2020
5,spotify:track:7sQKy5vlPQllr0k9IjYJv3,"Arcángel, Sech, Dímelo Flow",Sigues Con El,Rimas Entertainment LLC.,3,6,17,979518,AR,Argentina,Q2,2020
6,spotify:track:380HmhwTE2NJgawn1NwkXi,J Balvin,Rojo,UMLE - Latino,4,4,6,968549,AR,Argentina,Q2,2020
7,spotify:track:5stPVcRqb4qixbafP9e8lt,"Dalex, Lenny Tavárez, Chencho Corleone, Juhn, Dímelo Flow",Hola - Remix,Rich Music,2,7,23,925403,AR,Argentina,Q2,2020
8,spotify:track:3JHpk0DOTOzyh0777JFAky,Myke Towers,Diosa,"2020 One World Music & Casablanca Records | Powered by GLAD Empire, LL",6,10,9,887602,AR,Argentina,Q2,2020
9,spotify:track:1rgnBhdG2JDFTbYkYRZAku,Tones And I,Dance Monkey,Elektra (NEK),3,9,27,849405,AR,Argentina,Q2,2020
10,spotify:track:6NfrH0ANGmgBXyxgV2PeXt,Bad Bunny,La Difícil,Rimas Entertainment LLC,4,8,6,834719,AR,Argentina,Q2,2020
11,spotify:track:0Snbzbd74RLfL0i4nn1vU5,Camilo,Favorito,Sony Music Latin,11,48,2,749632,AR,Argentina,Q2,2020
12,spotify:track:35KmOEIUqAGn02t7n4qaIr,J Balvin,Morado,UMLE - Latino,9,11,13,743545,AR,Argentina,Q2,2020
13,spotify:track:38RIEav39FGi86jppxO0du,"Bad Bunny, Sech",Ignorantes,Rimas Entertainment LLC,5,13,8,729869,AR,Argentina,Q2,2020
14,spotify:track:0gWbAFRcUyZKdfUxEOuOiD,"Camilo, Evaluna Montaner",Por Primera Vez,Sony Music Latin,14,25,4,726754,AR,Argentina,Q2,2020
15,spotify:track:3PfIrDoz19wz7qK7tYeu62,Dua Lipa,Don't Start Now,Warner Records,12,12,23,708596,AR,Argentina,Q2,2020
16,spotify:track:6mAN61JH0dzyZpWslS11jy,"Rauw Alejandro, Farruko",Fantasias,"(SME US Latin) Duars Entertainment, Corp. (2)",2,15,31,689145,AR,Argentina,Q2,2020
17,spotify:track:3iQOfefMGDVDwo8dZoco8T,"Feid, Justin Quiles",PORFA,JP Entertainment (Jorge Pino),17,62,14,686895,AR,Argentina,Q2,2020
18,spotify:track:50ZC4PM7hywH27RcCfViau,"Rauw Alejandro, Dalex, Lenny Tavárez, Dímelo Flow",Elegí (feat. Dímelo Flow),Sony Music Latin,18,51,2,682701,AR,Argentina,Q2,2020
19,spotify:track:6zEgnpM0qYmHLDnh8WPejL,J Balvin,Amarillo,UMLE - Latino,12,14,3,655834,AR,Argentina,Q2,2020
20,spotify:track:5vPtzdjJ9tm7XCoKDH22Gb,Maria Becerra,High,Big One,20,21,19,607824,AR,Argentina,Q2,2020
21,spotify:track:3DjInVTE03icrWsq2UZV9n,"TINI, Mau y Ricky",Recuerdo,5020 Records,8,17,13,593884,AR,Argentina,Q2,2020
22,spotify:track:2n7ohqg1s68ToAHh4u9mcW,Bad Bunny,Vete,Rimas Entertainment LLC,7,18,20,589280,AR,Argentina,Q2,2020
23,spotify:track:2ACgvo2Kx4LgWqQ2amvM5C,"Agapornis, Hernan y La Champion's Liga, Lauro",Flasheaste Amor,Columbia,16,22,16,586964,AR,Argentina,Q2,2020
24,spotify:track:4gQG2Ic7hnJMAcqunk4ERT,"Fer Palacio, DJ Alex, Santiago Saez",Ya No Más,P2020,10,28,51,576179,AR,Argentina,Q2,2020
25,spotify:track:4VgYtXCVJ7IbWAZ5ryfvEQ,"Nicky Jam, Daddy Yankee",Muévelo,Sony Music Latin,6,16,13,575499,AR,Argentina,Q2,2020
26,spotify:track:7iZSr3NiHlqJGAJmlfd3Ru,El Dipy,ParTusa,MOJO MUSICA,7,19,9,567327,AR,Argentina,Q2,2020
27,spotify:track:3B30FE1ywQwRa5vcg2W1Zg,"Bizarrap, Don Patricio","Don Patricio: Bzrp Music Sessions, Vol. 25/66",DALE PLAY Records,22,24,3,562655,AR,Argentina,Q2,2020
28,spotify:track:16DNJ8y6k97DxuMyV49W7V,KHEA,Dónde Estás,Young Flex - Khea,18,20,10,561277,AR,Argentina,Q2,2020
29,spotify:track:4GGwM2Krtlx9G9ii1RaEOx,"Dalex, Lenny Tavárez, Anitta, NATTI NATASHA, Farruko, Justin Quiles",Bellaquita (Remix),Rich Music,7,26,20,552647,AR,Argentina,Q2,2020
30,spotify:track:41wtwzCZkXwpnakmwJ239F,Bad Bunny,Si Veo a Tu Mamá,Rimas Entertainment LLC,23,23,6,549438,AR,Argentina,Q2,2020
31,spotify:track:0VjIjW4GlUZAMYd2vXMi3b,The Weeknd,Blinding Lights,Republic Records,27,27,14,547248,AR,Argentina,Q2,2020
32,spotify:track:5eEQCfq7MXQr6aHLNRUZLs,Anuel AA,Keii,"2020 Real Hasta La Muerte, LLC",12,30,9,535192,AR,Argentina,Q2,2020
33,spotify:track:3tMNgcUfPEXTtG5vaaGi85,"Bizarrap, Lucho SSJ","Lucho SSJ: Bzrp Music Sessions, Vol. 26/66",DALE PLAY Records,33,-1,1,516411,AR,Argentina,Q2,2020
34,spotify:track:24Yi9hE78yPEbZ4kxyoXAI,"SAINt JHN, Imanbek",Roses - Imanbek Remix,Craft Recordings,34,49,4,507511,AR,Argentina,Q2,2020
35,spotify:track:6EWWkqE4aFlZRyoFwwOT8u,Javiielo,Pa Los Gustos Los Colores,Oye Saavedra / EMPIRE,18,31,13,506264,AR,Argentina,Q2,2020
36,spotify:track:69vlMrzHwATKzupwNcUPyK,"Bad Bunny, Daddy Yankee",La Santa,Rimas Entertainment LLC,21,29,6,492152,AR,Argentina,Q2,2020
37,spotify:track:2w8SKQCnT2YQK1qCqKl2uW,"Lenny Tavárez, Justin Quiles",La Pared 360,WEA Latina,31,34,9,490053,AR,Argentina,Q2,2020
38,spotify:track:75mVUHbkXidxhYAiUpxDHi,"Ovy On The Drums, TINI",Ya no me llames,WEA Latina,35,35,2,455079,AR,Argentina,Q2,2020
39,spotify:track:2tGENA8xef0wABdHvyXwv9,"Lunay, Ozuna, Myke Towers, Chencho Corleone, Rauw Alejandro",La Cama (Remix),round2media - LaFamilia,39,60,2,454223,AR,Argentina,Q2,2020
40,spotify:track:4s45VgkknMFkdiGoUcjxQU,"Sebastian Yatra, Rauw Alejandro, Manuel Turizo",TBT,UMLE - Latino,39,39,7,447255,AR,Argentina,Q2,2020
41,spotify:track:5Xhqh4lwJPtMUTsdBztN1a,"Shakira, Anuel AA",Me Gusta,Sony Music Latin,18,42,13,437295,AR,Argentina,Q2,2020
42,spotify:track:49rFA0vfmY9Eel2cInKmTk,"Trueno, Taiu, ONIRIA, tatool",Atrevido,NEUEN,27,37,7,429969,AR,Argentina,Q2,2020
43,spotify:track:5pXy29xzxR3aTB0SYRI590,J Balvin,Blanco,UMLE - Latino,18,38,21,428614,AR,Argentina,Q2,2020
44,spotify:track:6itjKRbqPMmx9fo4PDlLhm,"Duki, Obie Wanshot",H.I.E.L.O.,SSJ Records / DALE PLAY Records,24,36,5,425048,AR,Argentina,Q2,2020
45,spotify:track:0nbXyq5TXYPCO7pr3N8S4I,Roddy Ricch,The Box,Atlantic Records,40,43,12,423187,AR,Argentina,Q2,2020
46,spotify:track:1nocRtwyNPVtGcIJqfgdzZ,"Camilo, Pedro Capó",Tutu,Sony Music Latin,4,57,35,418461,AR,Argentina,Q2,2020
47,spotify:track:0RDgqtvOHLwcI6yz9bjsZV,"Rich Music LTD, Sech, Dalex, Justin Quiles, Lenny Tavárez, Feid",Perreo en La Luna,Rich Music,10,46,26,416611,AR,Argentina,Q2,2020
48,spotify:track:2J9B63FawlTaPdg4eH5X03,Beéle,Loco,Hear This Music,48,65,13,416462,AR,Argentina,Q2,2020
49,spotify:track:6bLvfGI2XeU5DTl8feuNrk,Ke Personajes,Cómo estás,Ke Personajes,25,45,38,414859,AR,Argentina,Q2,2020
50,spotify:track:6C1jKbkCUgFws7M0M4oGCB,"Dalex, Sech",Mejor,Rich Music,34,40,9,405160,AR,Argentina,Q2,2020
1,spotify:track:1mohfLaTJtB2RplHLQVM70,"Nio Garcia, Anuel AA, Myke Towers, Brray, Juanka",La Jeepeta - Remix,"2020 Flow La Movie, Inc. | Powered by GLAD Empire, LLC",1,1,11,1632765,AR,Argentina,Q3,2020
2,spotify:track:3ZG8N7aWw2meb6UrI5ZmnZ,Sech,Relación,Rich Music,2,2,14,1472756,AR,Argentina,Q3,2020
3,spotify:track:3gD4J3RUHy4OUuZ3qAiaiG,Ozuna,Caramelo,Aura Music Corp.,3,11,4,1209847,AR,Argentina,Q3,2020
4,spotify:track:6Hw21Z5CmEV78jrncFpMwz,Harry Nach,Tak Tiki Tak,Sony Music Entertainment Chile S.A,4,6,9,1123512,AR,Argentina,Q3,2020
5,spotify:track:50ZC4PM7hywH27RcCfViau,"Rauw Alejandro, Dalex, Lenny Tavárez, Dímelo Flow",Elegí (feat. Dímelo Flow),Sony Music Latin,4,4,15,1117716,AR,Argentina,Q3,2020
6,spotify:track:4TOmcZvw0gHa7GiXRbcYAW,"Feid, Justin Quiles",PORFA,JP Entertainment (Jorge Pino),2,3,27,1085596,AR,Argentina,Q3,2020
7,spotify:track:7MCFjPDImfjQv7GynHgVrR,Nicki Nicole,Colocao,Sony Music Latin/DALE PLAY Records,1,5,8,1055809,AR,Argentina,Q3,2020
8,spotify:track:06s3QtMJVXw1AJX3UfvZG1,"Anuel AA, Bad Bunny",Hasta Que Dios Diga,"2020 Real Hasta La Muerte, LLC",7,7,6,993466,AR,Argentina,Q3,2020
9,spotify:track:0jT8Nl0shPS8115is0wD2Q,Camilo,Favorito,Sony Music Latin,1,8,15,896849,AR,Argentina,Q3,2020
10,spotify:track:380HmhwTE2NJgawn1NwkXi,J Balvin,Rojo,UMLE - Latino,4,10,19,866902,AR,Argentina,Q3,2020
11,spotify:track:0SqqAgdovOE24BzxIClpjw,Bad Bunny,Yo Perreo Sola,Rimas Entertainment LLC,2,9,19,837728,AR,Argentina,Q3,2020
12,spotify:track:0OTtnwUO8natNWSwdZvXVF,"Ovy On The Drums, Beéle",Inolvidable,WEA Latina,6,12,22,829755,AR,Argentina,Q3,2020
13,spotify:track:7na7Bk98usp84FaOJFPv3d,Rauw Alejandro,Tattoo,"(SME US Latin) Duars Entertainment, Corp. (2)",2,13,20,789152,AR,Argentina,Q3,2020
14,spotify:track:4HYDUMY0xSpeBr0AMY9cUz,"Jay Wheeler, DJ Nelson, Myke Towers",La Curiosidad,Linked Music / Dynamic Records / EMPIRE,14,46,3,769318,AR,Argentina,Q3,2020
15,spotify:track:2PKb7tFxkwMoS7Y6muOTAR,"Bizarrap, ZARAMAY","Zaramay: Bzrp Music Sessions, Vol. 31/66",DALE PLAY Records,15,-1,1,750479,AR,Argentina,Q3,2020
16,spotify:track:7lUdbnz7wsv3C9zzf4WHl9,"Feid, J Balvin, Maluma, Nicky Jam, Sech, Justin Quiles","PORFA Remix ( Feat. Maluma, Nicky Jam, Sech) - Remix",JP Entertainment (Jorge Pino),16,31,2,737682,AR,Argentina,Q3,2020
17,spotify:track:2DEZmgHKAvm41k4J3R2E9Y,"Bad Bunny, Jowell & Randy, Ñengo Flow",Safaera,Rimas Entertainment LLC,1,14,19,732254,AR,Argentina,Q3,2020
18,spotify:track:0VjIjW4GlUZAMYd2vXMi3b,The Weeknd,Blinding Lights,Republic Records,15,15,27,694788,AR,Argentina,Q3,2020
19,spotify:track:52zq2a71SGs3f1vJuv59ui,Juanfran,Como Llora,DN7 Music,18,18,11,681417,AR,Argentina,Q3,2020
20,spotify:track:6UelLqGlWMcVH1E5c4H7lY,Harry Styles,Watermelon Sugar,Columbia,17,17,17,661183,AR,Argentina,Q3,2020
21,spotify:track:4h7RYyJA1jVaURg3JO7T2y,"Alan Gomez, Jona Mix",La Jeepeta (Remix) [DJ Alan & Jona Mix Version],"Flow La Movie, Inc. | Powered by GLAD Empire, LLC",16,16,5,635951,AR,Argentina,Q3,2020
22,spotify:track:0hwEhPxCBLKiqeBMZavGAv,"LIT killah, Bizarrap",Flexin',WM Argentina,22,34,2,629333,AR,Argentina,Q3,2020
23,spotify:track:3JHpk0DOTOzyh0777JFAky,Myke Towers,Diosa,"2020 One World Music & Casablanca Records | Powered by GLAD Empire, LL",6,20,22,607473,AR,Argentina,Q3,2020
24,spotify:track:7k4t7uLgtOxPwTpFmtJNTY,"KAROL G, Nicki Minaj",Tusa,TUSA - Karol G & Nicki Minaj,1,21,35,592045,AR,Argentina,Q3,2020
25,spotify:track:0pgj4EzB1XRqgZemoMNG5D,"Camilo, Evaluna Montaner",Por Primera Vez,Sony Music Latin,7,19,17,585814,AR,Argentina,Q3,2020
26,spotify:track:2lCkncy6bIB0LTMT7kvrD1,J Balvin,Azul,UMLE - Latino,23,23,16,584429,AR,Argentina,Q3,2020
27,spotify:track:74j34STf8L6uADnTN69ohv,"Rauw Alejandro, Chencho Corleone, KEVVO, Bryant Myers, Lyanno, Dalex",El Efecto - Remix,"(SME US Latin) Duars Entertainment, Corp. (2)",25,25,30,564837,AR,Argentina,Q3,2020
28,spotify:track:4w47S36wQGBhGg073q3nt7,"ROSALÍA, Travis Scott",TKN (feat. Travis Scott),Columbia,26,36,6,560970,AR,Argentina,Q3,2020
29,spotify:track:35KmOEIUqAGn02t7n4qaIr,J Balvin,Morado,UMLE - Latino,9,22,26,548601,AR,Argentina,Q3,2020
30,spotify:track:5379uuUPHodsdVhy8pIAAr,"Cali Y El Dandee, Sebastian Yatra",Locura,Cali y El Dandee PS,23,28,9,535949,AR,Argentina,Q3,2020
31,spotify:track:24Yi9hE78yPEbZ4kxyoXAI,"SAINt JHN, Imanbek",Roses - Imanbek Remix,Craft Recordings,18,26,17,535460,AR,Argentina,Q3,2020
32,spotify:track:5stPVcRqb4qixbafP9e8lt,"Dalex, Lenny Tavárez, Chencho Corleone, Juhn, Dímelo Flow",Hola - Remix,Rich Music,2,27,36,525089,AR,Argentina,Q3,2020
33,spotify:track:0qPbQWcqNDVrReSSvMoJxk,"Bizarrap, C.R.O","C.R.O: Bzrp Music Sessions, Vol. 29/66",DALE PLAY Records,2,24,8,519634,AR,Argentina,Q3,2020
34,spotify:track:3PfIrDoz19wz7qK7tYeu62,Dua Lipa,Don't Start Now,Warner Records,12,29,36,509336,AR,Argentina,Q3,2020
35,spotify:track:56Ta1O7Jxxpjnc6cWdDKUo,"Reik, Farruko, Camilo",Si Me Dices Que Sí,Sony Music México,30,30,20,495362,AR,Argentina,Q3,2020
36,spotify:track:4gQG2Ic7hnJMAcqunk4ERT,"Fer Palacio, DJ Alex, Santiago Saez",Ya No Más,P2020,10,32,64,488955,AR,Argentina,Q3,2020
37,spotify:track:4uHDcZYy7kQxNY0IzxDy7w,Maria Becerra,Tú Me Lo Haces Fácil,300 Entertainment / Maria Becerra,37,-1,1,468735,AR,Argentina,Q3,2020
38,spotify:track:2J9B63FawlTaPdg4eH5X03,Beéle,Loco,Hear This Music,15,39,26,465925,AR,Argentina,Q3,2020
39,spotify:track:5vPtzdjJ9tm7XCoKDH22Gb,Maria Becerra,High,Big One,20,41,32,464060,AR,Argentina,Q3,2020
40,spotify:track:6NfrH0ANGmgBXyxgV2PeXt,Bad Bunny,La Difícil,Rimas Entertainment LLC,4,33,19,462353,AR,Argentina,Q3,2020
41,spotify:track:1rgnBhdG2JDFTbYkYRZAku,Tones And I,Dance Monkey,Elektra (NEK),3,38,40,461272,AR,Argentina,Q3,2020
42,spotify:track:38RIEav39FGi86jppxO0du,"Bad Bunny, Sech",Ignorantes,Rimas Entertainment LLC,5,37,21,452078,AR,Argentina,Q3,2020
43,spotify:track:2ACgvo2Kx4LgWqQ2amvM5C,"Agapornis, Hernan y La Champion's Liga, Lauro",Flasheaste Amor,Columbia,16,42,29,445525,AR,Argentina,Q3,2020
44,spotify:track:6AzKhCHOms83jvNVLsz0Bt,"Aya Nakamura, Maluma",Djadja (feat. Maluma) - Remix,Rec. 118,44,84,2,436219,AR,Argentina,Q3,2020
45,spotify:track:5m3jpKkgkfoMcym1qjToFg,"Alex Rose, Rafa Pabön",Jangueo,Los Oidos Fresh/ Los Proximos,40,45,19,434250,AR,Argentina,Q3,2020
46,spotify:track:7eJMfftS33KTjuF7lTsMCx,"Powfu, beabadoobee",death bed (coffee for your head),Columbia,26,40,17,429119,AR,Argentina,Q3,2020
47,spotify:track:7sQKy5vlPQllr0k9IjYJv3,"Arcángel, Sech, Dímelo Flow",Sigues Con El,Rimas Entertainment LLC.,3,43,30,428177,AR,Argentina,Q3,2020
48,spotify:track:3jjujdWJ72nww5eGnfs2E7,Harry Styles,Adore You,Columbia,47,47,31,416720,AR,Argentina,Q3,2020
49,spotify:track:3EO0tGvdBCw6vdChaNvVlc,Cazzu,Bounce,UMLE - Latino,32,44,10,403274,AR,Argentina,Q3,2020
50,spotify:track:3VCo2tJEa1a8GDCvSIqwP0,"Bizarrap, Homer El Mero Mero","HOMER EL MERO MERO: Bzrp Music Sessions, Vol. 30/66",DALE PLAY Records,25,35,3,401211,AR,Argentina,Q3,2020
1,spotify:track:1yoMvmasuxZfqHEipJhRbp,Maluma,Hawái,Sony Music Latin,1,1,10,2815559,AR,Argentina,Q4,2020
2,spotify:track:3GtnId3Cm1Xa6joCj08nzW,Justin Quiles,Jeans,WEA Latina,2,2,8,2195764,AR,Argentina,Q4,2020
3,spotify:track:73nAK3HgQK8dak83Y2WQ8F,Camilo,Vida de Rico,Sony Music Latin,3,10,3,2149670,AR,Argentina,Q4,2020
4,spotify:track:35UUpTmrcFXNIVIN26ujXl,"Sech, Daddy Yankee, J Balvin, ROSALÍA, Farruko",Relación - Remix,Rich Music,3,3,5,2121629,AR,Argentina,Q4,2020
5,spotify:track:2HpbDdD3JLpAPMJFYCeC6o,"Maria Becerra, TINI, Lola Indigo",High (Remix),300 Entertainment / Maria Becerra,2,4,5,1891005,AR,Argentina,Q4,2020
6,spotify:track:4ZRrLHqzhGRXYj2qcB4s5S,"Rauw Alejandro, Camilo",Tattoo - Remix with Camilo,Sony Music Latin/Duars Entertainment,2,5,13,1739316,AR,Argentina,Q4,2020
7,spotify:track:0JAZWvvqttGFm4UMDsPQXC,"Ozuna, Camilo",Despeinada,Aura Music Corp.,7,11,5,1699740,AR,Argentina,Q4,2020
8,spotify:track:4HYDUMY0xSpeBr0AMY9cUz,"Jay Wheeler, DJ Nelson, Myke Towers",La Curiosidad,Linked Music / Dynamic Records / EMPIRE,4,7,16,1658460,AR,Argentina,Q4,2020
9,spotify:track:6C6mUonH6MNdSg5pw7kOc9,"KHEA, Lenny Santos",Ayer Me Llamó Mi Ex,Young Flex - Khea,2,6,7,1634121,AR,Argentina,Q4,2020
10,spotify:track:7x4ASXYEKfQBCewcZhK776,KAROL G,"Ay, DiOs Mío!",UMLE - Latino,6,8,13,1581644,AR,Argentina,Q4,2020
11,spotify:track:4pXW6ZAHBz7ODXTRKklWrM,"Trueno, Nicki Nicole, Bizarrap, Taiu, tatool",Mamichula - con Nicki Nicole,NEUEN,1,9,11,1564229,AR,Argentina,Q4,2020
12,spotify:track:15OjBeqNX3bShsGYQbteRv,Farruko,La Tóxica,Sony Music Latin,12,12,10,1520584,AR,Argentina,Q4,2020
13,spotify:track:7bidsoy3nzCDNYzAzrV7NN,"Bizarrap, KHEA","KHEA: Bzrp Music Sessions, Vol. 34/66",DALE PLAY Records,13,136,2,1435305,AR,Argentina,Q4,2020
14,spotify:track:5Jm4w8jmPEBTLjI9vH4fXo,Ozuna,Caramelo,Aura Music Corp.,1,13,17,1306317,AR,Argentina,Q4,2020
15,spotify:track:5y7DaS3jAc9eZzcSOoUIwU,"Ozuna, J Balvin, Chencho Corleone",Una Locura,Aura Music Corp.,14,16,5,1183900,AR,Argentina,Q4,2020
16,spotify:track:6bvfJf4KjonPMuPfGfy3S2,"Nio Garcia, Anuel AA, Myke Towers, Brray, Juanka",La Jeepeta - Remix,"Flow La Movie, Inc.",1,15,24,1121899,AR,Argentina,Q4,2020
17,spotify:track:6fmQjRuo7XvRFCK2qex5hQ,Jerry Di,Mi Cuarto,Nacho,15,17,8,1101509,AR,Argentina,Q4,2020
18,spotify:track:3dEtfTtCXWW7N8WQ9FD29z,"Lyanno, Rauw Alejandro, Lenny Tavárez, Maria Becerra",En Tu Cuerpo - Remix,Rimas Entertainment LLC,18,20,5,1085826,AR,Argentina,Q4,2020
19,spotify:track:1dzZ3v5IbjzZ4pTnOGqZOb,"TINI, John C",Duele (feat. John C),5020 Records,14,14,2,960354,AR,Argentina,Q4,2020
20,spotify:track:5UKBbglwH7gZEkzfuWGn5J,"TINI, KHEA",Ella Dice,5020 Records,4,18,13,941729,AR,Argentina,Q4,2020
21,spotify:track:1pqnQ41XbfKjaFu6M0eGJp,"Tainy, J Balvin",Agua (with J Balvin),NEON16/Interscope Records,8,19,13,930098,AR,Argentina,Q4,2020
22,spotify:track:1mVLbFwad1wce7mAhFw2Ih,"Rei, Neo Pistea, Duki",Pininfarina - Remix,DALE PLAY Records,13,21,6,916972,AR,Argentina,Q4,2020
23,spotify:track:4RJz8NfIe09gpKMiRUWKhJ,"Maluma, Lenny Tavárez, Justin Quiles",Parce (feat. Justin Quiles),Sony Music Latin,23,26,7,909827,AR,Argentina,Q4,2020
24,spotify:track:13vDU8nPsvTGEVTMB8Vw7g,"Aya Nakamura, Maluma",Djadja (feat. Maluma) - Remix,Rec. 118,11,22,15,870185,AR,Argentina,Q4,2020
25,spotify:track:0jT8Nl0shPS8115is0wD2Q,Camilo,Favorito,Sony Music Latin,1,23,28,827659,AR,Argentina,Q4,2020
26,spotify:track:11EnQRgRMJwMAesfkB5pnu,"Lele Pons, Guaynaa",Se Te Nota (with Guaynaa),Shots Studios & Music/10:22pm/Interscope Records,26,40,3,821137,AR,Argentina,Q4,2020
27,spotify:track:0EhpEsp4L0oRGM0vmeaN5e,"J Balvin, Dua Lipa, Bad Bunny, Tainy",UN DIA (ONE DAY) (Feat. Tainy),Universal Music Latino/ NEON16,22,25,11,812385,AR,Argentina,Q4,2020
28,spotify:track:50ZC4PM7hywH27RcCfViau,"Rauw Alejandro, Dalex, Lenny Tavárez, Dímelo Flow",Elegí (feat. Dímelo Flow),Sony Music Latin,4,24,28,774525,AR,Argentina,Q4,2020
29,spotify:track:380HmhwTE2NJgawn1NwkXi,J Balvin,Rojo,UMLE - Latino,4,33,32,740275,AR,Argentina,Q4,2020
30,spotify:track:5EbtodsuLbxrFDH6j5avVS,"Camilo, Pablo Alborán",El Mismo Aire - con Pablo Alborán,Sony Music Latin,27,28,17,739982,AR,Argentina,Q4,2020
31,spotify:track:06s3QtMJVXw1AJX3UfvZG1,"Anuel AA, Bad Bunny",Hasta Que Dios Diga,"2020 Real Hasta La Muerte, LLC",7,27,19,730108,AR,Argentina,Q4,2020
32,spotify:track:0hwEhPxCBLKiqeBMZavGAv,"LIT killah, Bizarrap",Flexin',WM Argentina,12,29,15,705691,AR,Argentina,Q4,2020
33,spotify:track:5DoLhdU27owX1NMrKLUbUl,"Super Yei, Sammy, Jone Quest, Towy, Osquel, Beltito, Sammy & Falsetto",Lean,Superiority,15,30,16,686354,AR,Argentina,Q4,2020
34,spotify:track:7MCFjPDImfjQv7GynHgVrR,Nicki Nicole,Colocao,Sony Music Latin/DALE PLAY Records,1,31,21,679727,AR,Argentina,Q4,2020
35,spotify:track:6UelLqGlWMcVH1E5c4H7lY,Harry Styles,Watermelon Sugar,Columbia,17,34,30,671160,AR,Argentina,Q4,2020
36,spotify:track:7gwwt1IaAWwmB7af0AcuBM,Harry Nach,Tak Tiki Tak,Sony Music Entertainment Chile S.A,4,32,22,663369,AR,Argentina,Q4,2020
37,spotify:track:34LI7rwi9H8w2S5KTHnv1M,Manuel Turizo,Quiéreme Mientras Se Pueda,Sony Music Latin/La Industria,37,37,21,656916,AR,Argentina,Q4,2020
38,spotify:track:2lCkncy6bIB0LTMT7kvrD1,J Balvin,Azul,UMLE - Latino,22,39,29,633870,AR,Argentina,Q4,2020
39,spotify:track:4TOmcZvw0gHa7GiXRbcYAW,"Feid, Justin Quiles",PORFA,JP Entertainment (Jorge Pino),2,35,40,631919,AR,Argentina,Q4,2020
40,spotify:track:3ZG8N7aWw2meb6UrI5ZmnZ,Sech,Relación,Rich Music,2,36,27,624425,AR,Argentina,Q4,2020
41,spotify:track:67jvGGbJmOmVonlyX3mNkV,"Ozuna, KAROL G, Myke Towers",Caramelo - Remix,Aura Music Corp.,27,38,8,623085,AR,Argentina,Q4,2020
42,spotify:track:0VjIjW4GlUZAMYd2vXMi3b,The Weeknd,Blinding Lights,Republic Records,15,42,40,590288,AR,Argentina,Q4,2020
43,spotify:track:4gQG2Ic7hnJMAcqunk4ERT,"Fer Palacio, DJ Alex, Santiago Saez",Ya No Más,P2020,10,43,77,588939,AR,Argentina,Q4,2020
44,spotify:track:4dpNEp0XiI4dP2soHsxDkZ,"LIT killah, Kodigo",Se Terminó (feat. Kodigo),WM Argentina,44,57,2,586158,AR,Argentina,Q4,2020
45,spotify:track:25rJp2UNyZWmBSoVDzjRss,Duki,Sold Out Dates,SSJ Records / DALE PLAY Records,45,50,2,576688,AR,Argentina,Q4,2020
46,spotify:track:2pI0OyprOJssVYlqx9ZO3t,Mau y Ricky,PAPÁS,Sony Music Latin,29,46,9,558927,AR,Argentina,Q4,2020
47,spotify:track:3kml9ZdpT7UYk1ugkjqOzt,"Daddy Yankee, Anuel AA, Kendo Kaponi",Don Don,El Cartel Records,45,45,4,550594,AR,Argentina,Q4,2020
48,spotify:track:3SzBLvShr2FKp1qSaqK6cm,Nicki Nicole,Mala Vida,Sony Music Latin/DALE PLAY Records,48,52,4,545694,AR,Argentina,Q4,2020
49,spotify:track:0t1kP63rueHleOhQkYSXFY,BTS,Dynamite,BIGHIT MUSIC,35,56,7,538309,AR,Argentina,Q4,2020
50,spotify:track:1bRpSCFv6P2OUhciByeRYR,"Alex Rose, Rafa Pabön",Jangueo,Los Oidos Fresh/ Los Proximos,37,47,32,536559,AR,Argentina,Q4,2020
1,spotify:track:1rgnBhdG2JDFTbYkYRZAku,Tones And I,Dance Monkey,Elektra (NEK),1,1,35,1637273,AU,Australia,Q1,2020
2,spotify:track:696DnlkuDOXcMAnKlTgXXK,Arizona Zervas,ROXANNE,Arizona Zervas,1,2,11,1617291,AU,Australia,Q1,2020
3,spotify:track:6WrI0LAC5M1Rw2MnX2ZvEg,Dua Lipa,Don't Start Now,Warner Records,3,4,10,1489914,AU,Australia,Q1,2020
4,spotify:track:21jGcNKet2qwijlDFuPiPb,Post Malone,Circles,Republic Records,2,3,19,1390139,AU,Australia,Q1,2020
5,spotify:track:0sf12qNH5qcw8qpgymFOqD,The Weeknd,Blinding Lights,Republic Records,5,7,6,1369005,AU,Australia,Q1,2020
6,spotify:track:4TnjEaWOeW0eKTKIEvJyCa,Trevor Daniel,Falling,Alamo,6,6,8,1296729,AU,Australia,Q1,2020
7,spotify:track:2b8fOow8UzyDFAE27YhOZM,Maroon 5,Memories,Interscope Records*,5,5,16,1244981,AU,Australia,Q1,2020
8,spotify:track:41L3O37CECZt3N7ziG2z7l,Justin Bieber,Yummy,RBMG/Def Jam,8,-1,1,1216527,AU,Australia,Q1,2020
9,spotify:track:3jjujdWJ72nww5eGnfs2E7,Harry Styles,Adore You,Columbia,5,9,5,1178098,AU,Australia,Q1,2020
10,spotify:track:2tnVG71enUj33Ic2nFN6kZ,Regard,Ride It,Ministry of Sound Recordings,3,8,18,1133748,AU,Australia,Q1,2020
11,spotify:track:2grAr8pWMuLWn8ZYEE9wDV,Tones And I,Never Seen the Rain,Elektra (NEK),10,10,25,1105100,AU,Australia,Q1,2020
12,spotify:track:3ZCTVFBt2Brf31RLEnCkWJ,Billie Eilish,everything i wanted,Darkroom/Interscope Records,2,11,9,1096096,AU,Australia,Q1,2020
13,spotify:track:2gMXnyrvIjhVBUZwvLZDMP,Lewis Capaldi,Before You Go,Vertigo Berlin,13,13,7,1064660,AU,Australia,Q1,2020
14,spotify:track:7CHi4DtfK4heMlQaudCuHK,"MEDUZA, Becky Hill, Goodboys",Lose Control,Intercord,12,12,12,1055697,AU,Australia,Q1,2020
15,spotify:track:0nbXyq5TXYPCO7pr3N8S4I,Roddy Ricch,The Box,Atlantic Records,15,37,3,993728,AU,Australia,Q1,2020
16,spotify:track:3yOlyBJuViE2YSGn3nVE1K,"Camila Cabello, DaBaby",My Oh My (feat. DaBaby),Syco Music/Epic,14,14,5,964181,AU,Australia,Q1,2020
17,spotify:track:7aiClxsDWFRQ0Kzk5KI5ku,blackbear,hot girl bummer,Alamo,4,15,19,889016,AU,Australia,Q1,2020
18,spotify:track:6UelLqGlWMcVH1E5c4H7lY,Harry Styles,Watermelon Sugar,Columbia,9,16,8,876918,AU,Australia,Q1,2020
19,spotify:track:7qEHsqek33rTcFNT9PFqLf,Lewis Capaldi,Someone You Loved,Vertigo Berlin,4,17,50,821520,AU,Australia,Q1,2020
20,spotify:track:1HfMVBKM75vxSfsQ5VefZ5,Selena Gomez,Lose You To Love Me,Interscope Records,2,22,12,806292,AU,Australia,Q1,2020
21,spotify:track:4vUmTMuQqjdnvlZmAH61Qk,"Ed Sheeran, Camila Cabello, Cardi B",South of the Border (feat. Camila Cabello & Cardi B),Atlantic Records UK,10,21,26,779691,AU,Australia,Q1,2020
22,spotify:track:1iQDltZqI7BXnHrFy4Qo1k,"SHAED, ZAYN",Trampoline (with ZAYN),Photo Finish Records,15,24,15,772548,AU,Australia,Q1,2020
23,spotify:track:2zoNNEAyPK2OGDfajardlY,"Flume, Vera Blue",Rushing Back (feat. Vera Blue),Top Music IP,11,25,15,730205,AU,Australia,Q1,2020
24,spotify:track:2Fxmhks0bxGSBdJ92vM42m,Billie Eilish,bad guy,Darkroom/Interscope Records,1,18,41,718167,AU,Australia,Q1,2020
25,spotify:track:2wrJq5XKLnmhRXHIAf9xBa,"Dan + Shay, Justin Bieber","10,000 Hours (with Justin Bieber)",Warner Records Nashville,4,23,14,711976,AU,Australia,Q1,2020
26,spotify:track:6v3KW9xbzN5yKLt9YKDYA2,"Shawn Mendes, Camila Cabello",Señorita,Island Records,1,19,29,710292,AU,Australia,Q1,2020
27,spotify:track:23TPP1eeElFfvYVznskwCY,BENEE,Glitter,Republic Records,27,29,14,696784,AU,Australia,Q1,2020
28,spotify:track:6U0FIYXCQ3TGrk4tFpLrEA,BROCKHAMPTON,SUGAR,Question Everything/RCA Records,28,71,3,689921,AU,Australia,Q1,2020
29,spotify:track:07Oz5StQ7GRoygNLaXs2pd,"Lizzo, Ariana Grande",Good as Hell (feat. Ariana Grande) - Remix,Nice Life/Atlantic,17,27,11,683328,AU,Australia,Q1,2020
30,spotify:track:0RiRZpuVRbi7oqRdSMwhQY,"Post Malone, Swae Lee",Sunflower - Spider-Man: Into the Spider-Verse,Republic Records,1,20,64,679903,AU,Australia,Q1,2020
31,spotify:track:57vxBYXtHMk6H1aD29V7PU,The Weeknd,Heartless,Republic Records,9,28,7,649230,AU,Australia,Q1,2020
32,spotify:track:4hPpVbbakQNv8YTHYaOJP4,"Marshmello, Kane Brown",One Thing Right,Joytime Collective,6,30,29,631385,AU,Australia,Q1,2020
33,spotify:track:3VyjsVV24RmBIbWJAeUJNu,Don Toliver,No Idea,We Run It Ent./Cactus Jack/Atlantic,33,33,6,620139,AU,Australia,Q1,2020
34,spotify:track:2W4yABdLc4Jnds67Poi5Nl,Ant Saunders,Yellow Hearts,Arista Records,25,34,10,617406,AU,Australia,Q1,2020
35,spotify:track:1mpD5Q8IM32I4bF6eCpU74,Khalid,Up All Night,"Right Hand Music Group, LLC/RCA Records",23,38,8,610493,AU,Australia,Q1,2020
36,spotify:track:70eFcWOvlMObDhURTqT4Fv,"Ed Sheeran, Khalid",Beautiful People (feat. Khalid),Atlantic Records UK,2,26,28,590823,AU,Australia,Q1,2020
37,spotify:track:0hVXuCcriWRGvwMV1r5Yn9,"Ed Sheeran & Justin Bieber, Justin Bieber",I Don't Care (with Justin Bieber),Atlantic Records UK,1,31,35,581612,AU,Australia,Q1,2020
38,spotify:track:0qaWEvPkts34WF68r8Dzx9,"Riton, Oliver Heldens, Vula",Turn Me On (feat. Vula),Ministry of Sound Recordings,38,39,7,572275,AU,Australia,Q1,2020
39,spotify:track:6V9fHiv84WlVTg7CSnIVY2,Halsey,Graveyard,Capitol Records,13,42,17,566252,AU,Australia,Q1,2020
40,spotify:track:6y1UtRcHQU07aUs3oxZ8Yn,Joel Corry,Sorry,Atlantic Records UK,40,41,10,562942,AU,Australia,Q1,2020
41,spotify:track:3eekarcy7kvN4yt5ZFzltW,Travis Scott,HIGHEST IN THE ROOM,Cactus Jack/Epic,3,36,14,548238,AU,Australia,Q1,2020
42,spotify:track:4QPEwDdOMhY7rNS05mTyMR,"Stormzy, Burna Boy, Ed Sheeran",Own It (feat. Ed Sheeran & Burna Boy),Atlantic Records UK,39,45,7,544794,AU,Australia,Q1,2020
43,spotify:track:285pBltuF7vW8TeWk8hdRR,Juice WRLD,Lucid Dreams,Juice WRLD Mixtape / ISR P&D,6,35,86,541524,AU,Australia,Q1,2020
44,spotify:track:1DFD5Fotzgn6yYXkYsKiGs,"MEDUZA, Goodboys",Piece Of Your Heart,Intercord,7,32,37,540678,AU,Australia,Q1,2020
45,spotify:track:36orMWv2PgvnzXsd5CJ0yL,"Sam Feldt, RANI",Post Malone (feat. RANI),Spinnin' Remixes,41,46,29,539682,AU,Australia,Q1,2020
46,spotify:track:5tZWtGT65sMrDVPB5H444n,Freya Ridings,Castles,Good Soldier Records,33,50,17,532737,AU,Australia,Q1,2020
47,spotify:track:7FGq80cy8juXBCD2nrqdWU,"benny blanco, Halsey, Khalid",Eastside (with Halsey & Khalid),Friends Keep Secrets/Interscope Records,1,40,78,527743,AU,Australia,Q1,2020
48,spotify:track:1ZMiCix7XSAbfAJlEZWMCp,Harry Styles,Falling,Columbia,35,47,4,526464,AU,Australia,Q1,2020
49,spotify:track:6b2RcmUt1g9N9mQ3CbjX2Y,Sam Smith,How Do You Sleep?,PLG - Capitol,5,44,25,524893,AU,Australia,Q1,2020
50,spotify:track:0gCNs3jCCDhObAK0MRghtv,"Drax Project, SIX60",Catching Feelings (feat. SIX60),300 Entertainment,35,52,18,505915,AU,Australia,Q1,2020
1,spotify:track:24Yi9hE78yPEbZ4kxyoXAI,"SAINt JHN, Imanbek",Roses - Imanbek Remix,Craft Recordings,1,1,15,2112095,AU,Australia,Q2,2020
2,spotify:track:0VjIjW4GlUZAMYd2vXMi3b,The Weeknd,Blinding Lights,Republic Records,1,2,19,2016084,AU,Australia,Q2,2020
3,spotify:track:127QTOFJsJQp5LbJbu3A1y,Drake,Toosie Slide,OVO,3,-1,1,1981561,AU,Australia,Q2,2020
4,spotify:track:7eJMfftS33KTjuF7lTsMCx,"Powfu, beabadoobee",death bed (coffee for your head),Columbia,4,4,8,1493745,AU,Australia,Q2,2020
5,spotify:track:3PfIrDoz19wz7qK7tYeu62,Dua Lipa,Don't Start Now,Warner Records,2,3,23,1455119,AU,Australia,Q2,2020
6,spotify:track:4umIPjkehX1r7uhmGvXiSV,"Justin Bieber, Quavo",Intentions (feat. Quavo),RBMG/Def Jam,2,5,9,1255086,AU,Australia,Q2,2020
7,spotify:track:3Dv1eDb0MEgF93GpLXlucZ,Doja Cat,Say So,Kemosabe Records/RCA Records,4,6,16,1220793,AU,Australia,Q2,2020
8,spotify:track:1Cv1YLb4q0RzL6pybtaMLo,Surfaces,Sunday Best,"Surfaces Music / TenThousand Projects, LLC",8,8,12,1157352,AU,Australia,Q2,2020
9,spotify:track:22LAwLoDA5b4AaGSkg6bKW,Lil Mosey,Blueberry Faygo,Mogul Vision/Interscope Records,9,10,9,1152446,AU,Australia,Q2,2020
10,spotify:track:4nK5YrxbMGZstTLbvj6Gxw,"BENEE, Gus Dapperton",Supalonely,Republic Records,8,9,8,1143801,AU,Australia,Q2,2020
11,spotify:track:0nbXyq5TXYPCO7pr3N8S4I,Roddy Ricch,The Box,Atlantic Records,1,7,16,1117001,AU,Australia,Q2,2020
12,spotify:track:017PF4Q3l4DBUiWoXk4OWT,Dua Lipa,Break My Heart,Warner Records,11,11,2,954193,AU,Australia,Q2,2020
13,spotify:track:3jjujdWJ72nww5eGnfs2E7,Harry Styles,Adore You,Columbia,5,13,18,909367,AU,Australia,Q2,2020
14,spotify:track:21jGcNKet2qwijlDFuPiPb,Post Malone,Circles,Republic Records,2,14,32,903080,AU,Australia,Q2,2020
15,spotify:track:3AzjcOeAmA57TIOr9zF1ZW,Dua Lipa,Physical,Warner Records,12,12,10,897910,AU,Australia,Q2,2020
16,spotify:track:55CHeLEfn5iJ0IIkgaa4si,Megan Thee Stallion,Savage,300 Entertainment,16,23,3,896353,AU,Australia,Q2,2020
17,spotify:track:1rgnBhdG2JDFTbYkYRZAku,Tones And I,Dance Monkey,Elektra (NEK),1,15,48,883978,AU,Australia,Q2,2020
18,spotify:track:7lidXGPXPYLNThITAOTlkK,Halsey,You should be sad,Capitol Records,6,16,13,838855,AU,Australia,Q2,2020
19,spotify:track:78qd8dvwea0Gosb6Fe6j3k,Doja Cat,Boss Bitch,Atlantic Records,19,35,5,823450,AU,Australia,Q2,2020
20,spotify:track:7szuecWAPwGoV1e5vGu8tl,The Weeknd,In Your Eyes,Republic Records,11,17,3,793470,AU,Australia,Q2,2020
21,spotify:track:2gMXnyrvIjhVBUZwvLZDMP,Lewis Capaldi,Before You Go,Vertigo Berlin,10,19,20,785213,AU,Australia,Q2,2020
22,spotify:track:0GiwV6v3AgJfdu59tj719Y,Endor,Pump It Up,Armada Music,21,21,15,784600,AU,Australia,Q2,2020
23,spotify:track:6ap9lSRJ0iLriGLqoJ44cq,24kGoldn,CITY OF ANGELS,Records/Columbia,17,18,8,780967,AU,Australia,Q2,2020
24,spotify:track:1jaTQ3nqY3oAAYyCTbIvnM,Jack Harlow,WHATS POPPIN,Generation Now/Atlantic,24,40,8,749811,AU,Australia,Q2,2020
25,spotify:track:4HDCLYli2SUdkq9OjmvhSD,"PARTYNEXTDOOR, Rihanna",BELIEVE IT,OVO Sound,25,26,2,748386,AU,Australia,Q2,2020
26,spotify:track:2rRJrJEo19S2J82BDsQ3F7,Trevor Daniel,Falling,Alamo,6,20,21,739655,AU,Australia,Q2,2020
27,spotify:track:5zpGxLGLxQvgQzO8jYTzAU,The Rubens,Live In Life,Opposition,24,24,16,731475,AU,Australia,Q2,2020
28,spotify:track:696DnlkuDOXcMAnKlTgXXK,Arizona Zervas,ROXANNE,Arizona Zervas,1,22,24,706238,AU,Australia,Q2,2020
29,spotify:track:7CHi4DtfK4heMlQaudCuHK,"MEDUZA, Becky Hill, Goodboys",Lose Control,Intercord,10,27,25,698352,AU,Australia,Q2,2020
30,spotify:track:7qEHsqek33rTcFNT9PFqLf,Lewis Capaldi,Someone You Loved,Vertigo Berlin,4,28,63,694268,AU,Australia,Q2,2020
31,spotify:track:7FIWs0pqAYbP91WWM0vlTQ,"Eminem, Juice WRLD",Godzilla (feat. Juice WRLD),Shady/Aftermath/Interscope Records,2,25,12,672620,AU,Australia,Q2,2020
32,spotify:track:2b8fOow8UzyDFAE27YhOZM,Maroon 5,Memories,Interscope Records*,5,31,29,666802,AU,Australia,Q2,2020
33,spotify:track:6KfoDhO4XUWSbnyKjNp9c4,Conan Gray,Maniac,Republic Records,30,30,15,654847,AU,Australia,Q2,2020
34,spotify:track:1qCmZnC1FUpNgOydIzqIPC,Tones And I,Bad Child,Elektra (NEK),32,32,4,645941,AU,Australia,Q2,2020
35,spotify:track:2tnVG71enUj33Ic2nFN6kZ,Regard,Ride It,Ministry of Sound Recordings,3,34,31,628452,AU,Australia,Q2,2020
36,spotify:track:2zoNNEAyPK2OGDfajardlY,"Flume, Vera Blue",Rushing Back (feat. Vera Blue),Top Music IP,11,36,28,616065,AU,Australia,Q2,2020
37,spotify:track:2grAr8pWMuLWn8ZYEE9wDV,Tones And I,Never Seen the Rain,Elektra (NEK),10,29,38,614153,AU,Australia,Q2,2020
38,spotify:track:23TPP1eeElFfvYVznskwCY,BENEE,Glitter,Republic Records,21,33,27,605619,AU,Australia,Q2,2020
39,spotify:track:2alc8VZAzDgdAsL2QMk3hu,DripReport,Skechers,Arista Records,37,37,5,578453,AU,Australia,Q2,2020
40,spotify:track:0TrPqhAMoaKUFLR7iYDokf,"Khalid, Disclosure",Know Your Worth,"Right Hand Music Group, LLC/RCA Records",29,43,9,573355,AU,Australia,Q2,2020
41,spotify:track:5yY9lUy8nbvjM1Uyo1Uqoc,"Future, Drake",Life Is Good (feat. Drake),Epic/Freebandz,10,47,13,572843,AU,Australia,Q2,2020
42,spotify:track:1lGHa2pwYzxQHFBUynhLtO,DaBaby,FIND MY WAY,South Coast Music Group/Interscope Records,42,-1,1,569435,AU,Australia,Q2,2020
43,spotify:track:6K4t31amVTZDgR3sKmwUJJ,Tame Impala,The Less I Know The Better,Universal Music Australia Pty. Ltd.,17,38,41,554443,AU,Australia,Q2,2020
44,spotify:track:6WiGRFQfx2qw49MA7OeDYK,Sofi Tukker,Purple Hat,SOFI TUKKER LLC,23,44,22,552683,AU,Australia,Q2,2020
45,spotify:track:2Fxmhks0bxGSBdJ92vM42m,Billie Eilish,bad guy,Darkroom/Interscope Records,1,42,54,547008,AU,Australia,Q2,2020
46,spotify:track:3ZCTVFBt2Brf31RLEnCkWJ,Billie Eilish,everything i wanted,Darkroom/Interscope Records,2,45,22,546528,AU,Australia,Q2,2020
47,spotify:track:36orMWv2PgvnzXsd5CJ0yL,"Sam Feldt, RANI",Post Malone (feat. RANI),Spinnin' Remixes,30,50,42,526795,AU,Australia,Q2,2020
48,spotify:track:2ZTYlnhhV1UAReg7wIGolx,Sam Smith,To Die For,PLG - Capitol,21,39,8,512244,AU,Australia,Q2,2020
49,spotify:track:4wNIkl5XGiAACjFBlDWuSd,Jonas Brothers,What A Man Gotta Do,Republic Records,24,48,12,509299,AU,Australia,Q2,2020
50,spotify:track:2kJwzbxV2ppxnQoYw4GLBZ,"JP Saxe, Julia Michaels",If the World Was Ending (feat. Julia Michaels),Arista Records,50,54,21,507658,AU,Australia,Q2,2020
1,spotify:track:7ytR5pFWmSjzHJIeQkgog4,"DaBaby, Roddy Ricch",ROCKSTAR (feat. Roddy Ricch),South Coast Music Group/Interscope Records,1,1,12,1670227,AU,Australia,Q3,2020
2,spotify:track:1xQ6trAsedVPCdbtDAmk0c,"Jawsh 685, Jason Derulo",Savage Love (Laxed - Siren Beat),Columbia,2,2,4,1580986,AU,Australia,Q3,2020
3,spotify:track:24Yi9hE78yPEbZ4kxyoXAI,"SAINt JHN, Imanbek",Roses - Imanbek Remix,Craft Recordings,1,3,28,1286185,AU,Australia,Q3,2020
4,spotify:track:6UelLqGlWMcVH1E5c4H7lY,Harry Styles,Watermelon Sugar,Columbia,4,5,34,1251013,AU,Australia,Q3,2020
5,spotify:track:3H7ihDc1dqLriiWXwsc2po,"Topic, A7S",Breaking Me,Intercord,3,4,13,1239829,AU,Australia,Q3,2020
6,spotify:track:0VjIjW4GlUZAMYd2vXMi3b,The Weeknd,Blinding Lights,Republic Records,1,6,32,1166683,AU,Australia,Q3,2020
7,spotify:track:7ju97lgwC2rKQ6wwsf9no9,"Lady Gaga, Ariana Grande",Rain On Me (with Ariana Grande),Interscope,3,7,7,938529,AU,Australia,Q3,2020
8,spotify:track:1IIKrJVP1C9N7iPtG6eOsK,"Chris Brown, Young Thug",Go Crazy,Chris Brown Entertainment/300 Entertainment/RCA Records,8,11,9,915691,AU,Australia,Q3,2020
9,spotify:track:017PF4Q3l4DBUiWoXk4OWT,Dua Lipa,Break My Heart,Warner Records,8,9,15,876429,AU,Australia,Q3,2020
10,spotify:track:5RqR4ZCCKJDcBLIn4sih9l,StaySolidRocky,Party Girl,Columbia,8,8,10,872356,AU,Australia,Q3,2020
11,spotify:track:4nK5YrxbMGZstTLbvj6Gxw,"BENEE, Gus Dapperton",Supalonely,Republic Records,7,12,21,859309,AU,Australia,Q3,2020
12,spotify:track:7eJMfftS33KTjuF7lTsMCx,"Powfu, beabadoobee",death bed (coffee for your head),Columbia,4,10,21,844644,AU,Australia,Q3,2020
13,spotify:track:4HBZA5flZLE435QTztThqH,"Ariana Grande, Justin Bieber",Stuck with U (with Justin Bieber),"Ariana Grande & Justin Bieber ""Stuck With U""- Charity",4,13,9,842185,AU,Australia,Q3,2020
14,spotify:track:466cKvZn1j45IpxDdYZqdA,Drake,Toosie Slide,OVO,1,14,14,788262,AU,Australia,Q3,2020
15,spotify:track:4umIPjkehX1r7uhmGvXiSV,"Justin Bieber, Quavo",Intentions (feat. Quavo),RBMG/Def Jam,2,15,22,765954,AU,Australia,Q3,2020
16,spotify:track:7C1trmcQQ5n5RNy4l6ziCv,"Nea, Felix Jaehn",Some Say - Felix Jaehn Remix,Milkshake,16,29,4,741768,AU,Australia,Q3,2020
17,spotify:track:3Z8FwOEN59mRMxDCtb8N0A,"Marshmello, Halsey",Be Kind (with Halsey),Astralwerks,14,19,10,708113,AU,Australia,Q3,2020
18,spotify:track:3PfIrDoz19wz7qK7tYeu62,Dua Lipa,Don't Start Now,Warner Records,2,17,36,696019,AU,Australia,Q3,2020
19,spotify:track:22LAwLoDA5b4AaGSkg6bKW,Lil Mosey,Blueberry Faygo,Mogul Vision/Interscope Records,9,22,22,681778,AU,Australia,Q3,2020
20,spotify:track:62aP9fBQKYKxi7PDXwcUAS,"Surf Mesa, Emilee",ily (i love you baby) (feat. Emilee),Astralwerks,13,20,15,678843,AU,Australia,Q3,2020
21,spotify:track:7qF4tAE0PF6XJFEor6jQni,Brando,Look Into My Eyes,Armada Music,21,26,6,668302,AU,Australia,Q3,2020
22,spotify:track:7qEHsqek33rTcFNT9PFqLf,Lewis Capaldi,Someone You Loved,Vertigo Berlin,4,21,76,660931,AU,Australia,Q3,2020
23,spotify:track:2t7D3y0jvYjR8IP9Bosyew,"The Kid LAROI, Juice WRLD",GO (feat. Juice WRLD),Columbia,16,16,4,657197,AU,Australia,Q3,2020
24,spotify:track:1Cv1YLb4q0RzL6pybtaMLo,Surfaces,Sunday Best,"Surfaces Music / TenThousand Projects, LLC",8,23,25,633711,AU,Australia,Q3,2020
25,spotify:track:3H3r2nKWa3Yk5gt8xgmsEt,Sam Fischer,This City,RCA Records Label,23,24,21,631640,AU,Australia,Q3,2020
26,spotify:track:7mEUjhl6aTztdHCrxoTgBG,"Kanye West, Travis Scott",Wash Us In The Blood,Getting Out Our Dreams II / Def Jam Recordings,26,92,2,630151,AU,Australia,Q3,2020
27,spotify:track:1rgnBhdG2JDFTbYkYRZAku,Tones And I,Dance Monkey,Elektra (NEK),1,30,61,626837,AU,Australia,Q3,2020
28,spotify:track:2gMXnyrvIjhVBUZwvLZDMP,Lewis Capaldi,Before You Go,Vertigo Berlin,10,28,33,619725,AU,Australia,Q3,2020
29,spotify:track:66W1rVTnEv86dIkFhoiElg,"Regard, RAYE",Secrets,Ministry of Sound Recordings,29,34,5,619120,AU,Australia,Q3,2020
30,spotify:track:1H7KnK26kc1YyellpbINEn,"Pop Smoke, 50 Cent, Roddy Ricch",The Woo (feat. 50 Cent & Roddy Ricch),Victor Victor Worldwide,30,-1,1,616832,AU,Australia,Q3,2020
31,spotify:track:052Yyc2Jglj64e5CMbqdF4,"S1mba, Hooligan Hefs, Youngn Lipz, Hooks","Rover (Remix) [feat. Hooligan Hefs, Youngn Lipz and Hooks]",Parlophone UK,27,27,4,609609,AU,Australia,Q3,2020
32,spotify:track:5v4GgrXPMghOnBBLmveLac,"Megan Thee Stallion, Beyoncé",Savage Remix (feat. Beyoncé),300 Entertainment,15,25,10,608393,AU,Australia,Q3,2020
33,spotify:track:21jGcNKet2qwijlDFuPiPb,Post Malone,Circles,Republic Records,2,32,45,598306,AU,Australia,Q3,2020
34,spotify:track:0GiwV6v3AgJfdu59tj719Y,Endor,Pump It Up,Armada Music,19,31,28,595783,AU,Australia,Q3,2020
35,spotify:track:2MbdDtCv5LUVjYy9RuGTgC,"Jack Harlow, Tory Lanez, DaBaby, Lil Wayne","WHATS POPPIN (feat. DaBaby, Tory Lanez & Lil Wayne) - Remix",Generation Now/Atlantic,35,45,2,589669,AU,Australia,Q3,2020
36,spotify:track:0PvFJmanyNQMseIFrU708S,"Pop Smoke, Lil Baby, DaBaby",For The Night (feat. Lil Baby & DaBaby),Victor Victor Worldwide,36,-1,1,588700,AU,Australia,Q3,2020
37,spotify:track:1sgDyuLooyvEML4oHspNza,"Kygo, OneRepublic",Lose Somebody,Kygo,29,33,8,576813,AU,Australia,Q3,2020
38,spotify:track:4wVOKKEHUJxHCFFNUWDn0B,"Drake, GIVĒON",Chicago Freestyle (feat. Giveon),OVO,32,35,10,546080,AU,Australia,Q3,2020
39,spotify:track:0nbXyq5TXYPCO7pr3N8S4I,Roddy Ricch,The Box,Atlantic Records,1,37,29,538424,AU,Australia,Q3,2020
40,spotify:track:2kJwzbxV2ppxnQoYw4GLBZ,"JP Saxe, Julia Michaels",If the World Was Ending (feat. Julia Michaels),Arista Records,25,39,34,535047,AU,Australia,Q3,2020
41,spotify:track:5zpGxLGLxQvgQzO8jYTzAU,The Rubens,Live In Life,Opposition,24,38,29,534192,AU,Australia,Q3,2020
42,spotify:track:3vAn0qZzdyuHamcrpkfiX3,BLACKPINK,How You Like That,YG Entertainment/Interscope Records,18,18,2,517150,AU,Australia,Q3,2020
43,spotify:track:3jjujdWJ72nww5eGnfs2E7,Harry Styles,Adore You,Columbia,5,42,31,511213,AU,Australia,Q3,2020
44,spotify:track:79s5XnCN4TJKTVMSmOx8Ep,Pop Smoke,Dior,Victor Victor Worldwide/Republic Records,44,118,15,503833,AU,Australia,Q3,2020
45,spotify:track:4NhDYoQTYCdWHTvlbGVgwo,6ix9ine,GOOBA,Scumgang Records,12,36,9,498692,AU,Australia,Q3,2020
46,spotify:track:1jaTQ3nqY3oAAYyCTbIvnM,Jack Harlow,WHATS POPPIN,Generation Now/Atlantic,15,40,21,492838,AU,Australia,Q3,2020
47,spotify:track:39Yp9wwQiSRIDOvrVg7mbk,"THE SCOTTS, Travis Scott, Kid Cudi",THE SCOTTS,Cactus Jack / Epic,3,41,11,492313,AU,Australia,Q3,2020
48,spotify:track:7szuecWAPwGoV1e5vGu8tl,The Weeknd,In Your Eyes,Republic Records,11,43,16,487329,AU,Australia,Q3,2020
49,spotify:track:3Dv1eDb0MEgF93GpLXlucZ,Doja Cat,Say So,Kemosabe Records/RCA Records,4,49,29,486230,AU,Australia,Q3,2020
50,spotify:track:4slSrbTK1sNK4I1mDYEthf,"S1mba, DTG",Rover (feat. DTG),Parlophone UK,20,46,16,450495,AU,Australia,Q3,2020
1,spotify:track:3tjFYV6RSFtuktYl3ZtYcq,"24kGoldn, iann dior",Mood (feat. iann dior),Records/Columbia,1,1,8,1853115,AU,Australia,Q4,2020
2,spotify:track:4Oun2ylbjFKMPTiaSbbCih,"Cardi B, Megan Thee Stallion",WAP (feat. Megan Thee Stallion),Atlantic/KSR,1,2,9,1624946,AU,Australia,Q4,2020
3,spotify:track:6cx06DFPPHchuUAcTxznu9,"Joel Corry, MNEK",Head & Heart (feat. MNEK),Atlantic Records UK,3,3,12,1365750,AU,Australia,Q4,2020
4,spotify:track:5u1n1kITHCxxp8twBcZxWy,"Justin Bieber, Chance the Rapper",Holy (feat. Chance The Rapper),RBMG/Def Jam,4,4,3,1211627,AU,Australia,Q4,2020
5,spotify:track:7hxHWCCAIIxFLCzvDgnQHX,"Internet Money, Gunna, Don Toliver, NAV",Lemonade (feat. NAV),Internet Money Records / TenThousand Projects,4,5,8,1143664,AU,Australia,Q4,2020
6,spotify:track:1tkg4EHVoqnhR6iFEXb60y,Pop Smoke,What You Know Bout Love,Victor Victor Worldwide,6,13,11,1003003,AU,Australia,Q4,2020
7,spotify:track:0PvFJmanyNQMseIFrU708S,"Pop Smoke, Lil Baby, DaBaby",For The Night (feat. Lil Baby & DaBaby),Victor Victor Worldwide,7,7,14,1002927,AU,Australia,Q4,2020
8,spotify:track:6UelLqGlWMcVH1E5c4H7lY,Harry Styles,Watermelon Sugar,Columbia,3,8,47,983058,AU,Australia,Q4,2020
9,spotify:track:45bE4HXI0AwGZXfZtMp8JR,Tate McRae,you broke me first,RCA Records Label,9,12,13,976079,AU,Australia,Q4,2020
10,spotify:track:1xQ6trAsedVPCdbtDAmk0c,"Jawsh 685, Jason Derulo",Savage Love (Laxed - Siren Beat),Columbia,1,6,17,925487,AU,Australia,Q4,2020
11,spotify:track:3H7ihDc1dqLriiWXwsc2po,"Topic, A7S",Breaking Me,Intercord,3,10,26,918067,AU,Australia,Q4,2020
12,spotify:track:6AGOKlMZWLCaEJGnaROtF9,Ritt Momney,Put Your Records On,Columbia,12,16,4,907054,AU,Australia,Q4,2020
13,spotify:track:2SAqBLGA283SUiwJ3xOUVI,"Drake, Lil Durk",Laugh Now Cry Later (feat. Lil Durk),OVO,3,9,8,871933,AU,Australia,Q4,2020
14,spotify:track:7ytR5pFWmSjzHJIeQkgog4,"DaBaby, Roddy Ricch",ROCKSTAR (feat. Roddy Ricch),South Coast Music Group/Interscope Records,1,11,25,870579,AU,Australia,Q4,2020
15,spotify:track:59qrUpoplZxbIZxk6X0Bm3,Jason Derulo,Take You Dancing,Atlantic Records,14,14,8,851036,AU,Australia,Q4,2020
16,spotify:track:5KCbr5ndeby4y4ggthdiAb,Shawn Mendes,Wonder,Shawn Mendes LP4-5 PS/ Island,16,-1,1,845844,AU,Australia,Q4,2020
17,spotify:track:2Wo6QQD1KMDWeFkkjLqwx5,"SAINt JHN, Imanbek",Roses - Imanbek Remix,Craft Recordings,1,15,41,821519,AU,Australia,Q4,2020
18,spotify:track:0ofHAoxe9vBkTCp2UQIavz,Fleetwood Mac,Dreams - 2004 Remaster,Rhino/Warner Records,18,44,118,777438,AU,Australia,Q4,2020
19,spotify:track:0VjIjW4GlUZAMYd2vXMi3b,The Weeknd,Blinding Lights,Republic Records,1,17,45,764396,AU,Australia,Q4,2020
20,spotify:track:2Y0wPrPQBrGhoLn14xRYCG,"Juice WRLD, Marshmello",Come & Go (with Marshmello),Grade A Productions/Interscope Records,3,19,13,736454,AU,Australia,Q4,2020
21,spotify:track:7kDUspsoYfLkWnZR7qwHZl,"mgk, blackbear",my ex's best friend (with blackbear),Bad Boy/Interscope Records,21,22,9,703197,AU,Australia,Q4,2020
22,spotify:track:5rZlwNFl01HqLWBQGryKSm,"Pop Smoke, Lil Tjay",Mood Swings (feat. Lil Tjay),Victor Victor Worldwide,4,18,14,697916,AU,Australia,Q4,2020
23,spotify:track:0t1kP63rueHleOhQkYSXFY,BTS,Dynamite,BIGHIT MUSIC,14,26,7,659431,AU,Australia,Q4,2020
24,spotify:track:4GSDkZt7GcmzBWmsMcpaVO,"Jubël, NEIMY",Dancing in the Moonlight (feat. NEIMY),Good Soldier,21,23,8,649921,AU,Australia,Q4,2020
25,spotify:track:7C1trmcQQ5n5RNy4l6ziCv,"Nea, Felix Jaehn",Some Say - Felix Jaehn Remix,Milkshake,14,24,17,644072,AU,Australia,Q4,2020
26,spotify:track:4Ws314Ylb27BVsvlZOy30C,BLACKPINK,Lovesick Girls,YG Entertainment/Interscope Records,26,-1,1,631492,AU,Australia,Q4,2020
27,spotify:track:1IIKrJVP1C9N7iPtG6eOsK,"Chris Brown, Young Thug",Go Crazy,Chris Brown Entertainment/300 Entertainment/RCA Records,8,25,22,628403,AU,Australia,Q4,2020
28,spotify:track:4xqrdfXkTW4T0RauPLv3WA,Conan Gray,Heather,Republic Records,10,20,11,624094,AU,Australia,Q4,2020
29,spotify:track:27ycaQnQAxaPiyeg3nr2aB,Miley Cyrus,Midnight Sky,RCA Records Label,22,27,8,622692,AU,Australia,Q4,2020
30,spotify:track:7qEHsqek33rTcFNT9PFqLf,Lewis Capaldi,Someone You Loved,Vertigo Berlin,4,29,89,593893,AU,Australia,Q4,2020
31,spotify:track:6EDO9iiTtwNv6waLwa1UUq,"DJ Khaled, Drake",POPSTAR (feat. Drake),OVO/We The Best/Epic,8,21,12,572023,AU,Australia,Q4,2020
32,spotify:track:2U5WueTLIK5WJLD7mvDODv,Juice WRLD,Wishing Well,Grade A Productions/Interscope Records,9,30,13,552191,AU,Australia,Q4,2020
33,spotify:track:7ju97lgwC2rKQ6wwsf9no9,"Lady Gaga, Ariana Grande",Rain On Me (with Ariana Grande),Interscope,3,31,20,549453,AU,Australia,Q4,2020
34,spotify:track:5id3Rqn7SPj1LX4FfY4nGz,Sia,Together,Monkey Puzzle/Atlantic,30,32,16,534974,AU,Australia,Q4,2020
35,spotify:track:7iAgNZdotu40NwtoIWJHFe,"BLACKPINK, Cardi B",Bet You Wanna (feat. Cardi B),YG Entertainment/Interscope Records,35,-1,1,534653,AU,Australia,Q4,2020
36,spotify:track:1rgnBhdG2JDFTbYkYRZAku,Tones And I,Dance Monkey,Elektra (NEK),1,34,74,520204,AU,Australia,Q4,2020
37,spotify:track:4Q34FP1AT7GEl9oLgNtiWj,"21 Savage, Metro Boomin, Drake",Mr. Right Now (feat. Drake),"Slaughter Gang, LLC/Epic/Boominati Worldwide/Republic",37,-1,1,518666,AU,Australia,Q4,2020
38,spotify:track:66W1rVTnEv86dIkFhoiElg,"Regard, RAYE",Secrets,Ministry of Sound Recordings,22,35,18,509721,AU,Australia,Q4,2020
39,spotify:track:2gMXnyrvIjhVBUZwvLZDMP,Lewis Capaldi,Before You Go,Vertigo Berlin,10,36,46,507968,AU,Australia,Q4,2020
40,spotify:track:4jVBIpuOiMj1crqd8LoCrJ,"Travis Scott, Young Thug, M.I.A.",FRANCHISE (feat. Young Thug & M.I.A.),Cactus Jack/Epic,28,28,2,504896,AU,Australia,Q4,2020
41,spotify:track:7aGyRfJWtLqgJaZoG9lJhE,salem ilese,Mad at Disney,10K Projects,33,33,5,501135,AU,Australia,Q4,2020
42,spotify:track:21jGcNKet2qwijlDFuPiPb,Post Malone,Circles,Republic Records,2,40,58,488014,AU,Australia,Q4,2020
43,spotify:track:4HBZA5flZLE435QTztThqH,"Ariana Grande, Justin Bieber",Stuck with U (with Justin Bieber),"Ariana Grande & Justin Bieber ""Stuck With U""- Charity",4,37,22,486340,AU,Australia,Q4,2020
44,spotify:track:1InCpEliLCkWHOBdXW7XSx,Ava Max,Kings & Queens,Atlantic Records,35,43,19,478577,AU,Australia,Q4,2020
45,spotify:track:3PfIrDoz19wz7qK7tYeu62,Dua Lipa,Don't Start Now,Warner Records,2,45,49,475000,AU,Australia,Q4,2020
46,spotify:track:3eGmv9sxK60p8XIBLhBtC0,Amy Shark,Everybody Rise,Wonderlick,42,42,14,468938,AU,Australia,Q4,2020
47,spotify:track:7qF4tAE0PF6XJFEor6jQni,Brando,Look Into My Eyes,Armada Music,21,46,19,460876,AU,Australia,Q4,2020
48,spotify:track:3H3r2nKWa3Yk5gt8xgmsEt,Sam Fischer,This City,RCA Records Label,23,47,34,460308,AU,Australia,Q4,2020
49,spotify:track:6wQlQrTY5mVS8EGaFZVwVF,"Juice WRLD, The Weeknd",Smile (with The Weeknd),Grade A Productions/Interscope Records,5,39,9,447592,AU,Australia,Q4,2020
50,spotify:track:3X7H1FAiWAW937WvsFeMhe,"Keith Urban, P!nk",One Too Many,Keith Urban LP11,50,63,3,444529,AU,Australia,Q4,2020
1,spotify:track:1vG3YuKRYqPwTmNmYgqkpg,Henrique & Juliano,Liberdade Provisória - Live - Ibirapuera / 2019,Virgin Music Label And Artist Services (S&D),1,1,5,5730875,BR,Brazil,Q1,2020
2,spotify:track:3tv697PZNnaQN0Mn2zGhS5,Gusttavo Lima,A Gente Fez Amor - Ao Vivo,Sony Music Entertainment,2,8,5,4643542,BR,Brazil,Q1,2020
3,spotify:track:4lKuzrdZrJuCAedbIslF3A,"PEDRO SAMPAIO, Felipe Original, JS o Mão de Ouro",SENTADÃO,WM Brazil,2,2,7,4280830,BR,Brazil,Q1,2020
4,spotify:track:2bPtwnrpFNEe8N7Q85kLHw,"Anitta, Lexa, Luísa Sonza, Rebecca",Combatchy (feat. MC Rebecca),WM Brazil,1,3,8,4009094,BR,Brazil,Q1,2020
5,spotify:track:2PWjKmjyTZeDpmOUa3a5da,Jorge & Mateus,Cheirosa - Ao Vivo,Som Livre,3,4,13,3466325,BR,Brazil,Q1,2020
6,spotify:track:5F8ffc8KWKNawllr5WsW0r,"Dadá Boladão, Tati Zaqui, OIK",Surtada - Remix Brega Funk,Dadá Boladão,1,6,15,3441923,BR,Brazil,Q1,2020
7,spotify:track:3GmJxfnUDrIs1iCfKUELFz,Marília Mendonça,Supera - Ao Vivo,Som Livre,1,5,21,3322585,BR,Brazil,Q1,2020
8,spotify:track:1rgnBhdG2JDFTbYkYRZAku,Tones And I,Dance Monkey,Elektra (NEK),8,20,17,3286584,BR,Brazil,Q1,2020
9,spotify:track:2Q9TaUXNM4mNSCgJjbmsJe,Zé Neto & Cristiano,Bebi Minha Bicicleta (Coração Falido) - Ao Vivo,Som Livre,7,7,6,3252974,BR,Brazil,Q1,2020
10,spotify:track:2qD7VoDYcrAPY0cVEfpsR5,"Anitta, Marília Mendonça",Some que ele vem atrás,WM Brazil,2,9,11,2941379,BR,Brazil,Q1,2020
11,spotify:track:2RMOwSvOGQyy985Vx4VSGQ,"LUDMILLA, Topo La Maskara, Walshy Fire",Verdinha,WM Brazil,9,11,6,2772828,BR,Brazil,Q1,2020
12,spotify:track:3J5Pu25BODMex4Jpy4l6FL,"Luíza & Maurílio, Zé Neto & Cristiano",S de Saudade,Som Livre,12,14,10,2733914,BR,Brazil,Q1,2020
13,spotify:track:6QwFUcPc5nhsqZuhXUYtV7,Jorge & Mateus,Tijolão - Ao Vivo,Som Livre,1,12,33,2733885,BR,Brazil,Q1,2020
14,spotify:track:1uryupl9hqVZYurJwH4G9k,Guilherme & Benuto,3 Batidas - Ao Vivo,Sony Music Entertainment,9,10,20,2722926,BR,Brazil,Q1,2020
15,spotify:track:3Uq45ipGutypFPmETfaoaH,"MC Du Black, DJ 2F",Gaiola É o Troco,EP MIX Editora,1,15,24,2587328,BR,Brazil,Q1,2020
16,spotify:track:41L3O37CECZt3N7ziG2z7l,Justin Bieber,Yummy,RBMG/Def Jam,16,-1,1,2529211,BR,Brazil,Q1,2020
17,spotify:track:5dKesZwp6deuhEeW8F1UEi,"Felipe Original, MC Kevin o Chris, Sodré, JS o Mão de Ouro",Hit Contagiante,Tudo Nosso Produtora,2,13,24,2522518,BR,Brazil,Q1,2020
18,spotify:track:7vZqxuOvEwRHsGVaDykzpY,Os Parazim,Porta Mala,Os Parazim,18,70,3,2457821,BR,Brazil,Q1,2020
19,spotify:track:14kRWkCWBYfQqILflEcpSJ,"Lexa, PEDRO SAMPAIO",Chama Ela (feat. Pedro Sampaio),Som Livre,6,16,15,2442564,BR,Brazil,Q1,2020
20,spotify:track:2MOq63fxuFLYQM3CsDcFs1,GIULIA BE,menina solta,WM Brazil,15,32,14,2408939,BR,Brazil,Q1,2020
21,spotify:track:7HLU2aJTAQfSIgJ2dMASsP,"Mc Poze do Rodo, Dj Gabriel do Borel",To Voando Alto,Mc Poze do Rodo,20,24,7,2299478,BR,Brazil,Q1,2020
22,spotify:track:1U3tv41tFRgOfbytpuYQrR,Zé Neto & Cristiano,Ferida Curada,Som Livre,6,21,25,2259771,BR,Brazil,Q1,2020
23,spotify:track:2BU6XXSG8SqiptRuj6EiLA,Gustavo Mioto,Com ou Sem Mim - Ao Vivo,Gustavo Mioto,17,25,7,2250458,BR,Brazil,Q1,2020
24,spotify:track:72xB2J9ZeBl0Rzxq2XmzdY,"João Gustavo e Murilo, Analaga",Lençol Dobrado,WM Brazil,2,17,62,2234224,BR,Brazil,Q1,2020
25,spotify:track:4RC2nzqaQygxoVQOVv3XlT,"Léo Santana, Anitta",Contatinho - Ao Vivo,Universal Music Ltda.,6,18,18,2205134,BR,Brazil,Q1,2020
26,spotify:track:6lK3nCiigk34SGqEjpQoqO,Maiara & Maraisa,Aí Eu Bebo - Ao Vivo,Som Livre,19,19,12,2189680,BR,Brazil,Q1,2020
27,spotify:track:4k20Ie47EcWtS4wMBn8w8S,"LUDMILLA, Léo Santana",Invocada (Participação especial de Léo Santana) - Ao vivo,WM Brazil,11,23,24,2046886,BR,Brazil,Q1,2020
28,spotify:track:26WpOBpHiIMoBuMEIwtOCH,"Pk, PK Delas",Quando a vontade bater (Participação especial de PK Delas),WM Brazil,8,33,43,2039291,BR,Brazil,Q1,2020
29,spotify:track:5MArTXEVyKBwoodjdy04fk,"Zé Felipe, Gusttavo Lima",Tiro Certo - Ao Vivo,Som Livre,20,22,30,2028860,BR,Brazil,Q1,2020
30,spotify:track:5gvrBqNFFEWcxYPt3mamvJ,Luan Santana,quando a bad bater - ao vivo,Som Livre,1,30,28,2004212,BR,Brazil,Q1,2020
31,spotify:track:5q0NlM6Pm8Pp3orq7zGiRn,"Matheus & Kauan, Jorge & Mateus",Quarta Cadeira - Ao Vivo,Universal Music Ltda.,10,27,42,1994967,BR,Brazil,Q1,2020
32,spotify:track:6V43u5SCjkfMpxMAXRPifr,"MC JottaPê, MC M10, DJ RD",Sentou e Gostou,KondZilla,3,26,25,1977690,BR,Brazil,Q1,2020
33,spotify:track:5fY9bVl1Wj4PIM3wnduWop,Marília Mendonça,Serenata - Ao Vivo,Som Livre,16,29,34,1954815,BR,Brazil,Q1,2020
34,spotify:track:31yFXM26dazFnWI2eoOM5R,"MC G15, Mc Livinho, Perera DJ",Ela Vem,GR6 Music,21,34,29,1897561,BR,Brazil,Q1,2020
35,spotify:track:1MmS7UIy3J1BTxfGCRvVqN,Gusttavo Lima,Carreira Solo - Ao Vivo,Sony Music Entertainment,25,35,10,1872226,BR,Brazil,Q1,2020
36,spotify:track:3MkdA6vwF0ifRl86yzTlJW,Matuê,Kenny G,Sony Music Entertainment,7,49,18,1851575,BR,Brazil,Q1,2020
37,spotify:track:0CgMeXQiNYJxPVQ2EMJxdL,"Mc Livinho, Mc Pedrinho, Perera DJ",Se Prepara 2,GR6 Music,34,37,12,1847326,BR,Brazil,Q1,2020
38,spotify:track:4E6RdcCWMiHTu7zy1VTNDo,Marília Mendonça,Todo Mundo Vai Sofrer - Ao Vivo,Som Livre,1,31,34,1824925,BR,Brazil,Q1,2020
39,spotify:track:3RbXsVQr4jeTxvT35Hssq3,Marília Mendonça,Bebi Liguei - Ao Vivo,Som Livre,2,28,56,1814086,BR,Brazil,Q1,2020
40,spotify:track:7yYsyXQa2JgbyL9fkEiUNt,Pabllo Vittar,Amor de Que,Sony Music Entertainment,20,48,10,1808338,BR,Brazil,Q1,2020
41,spotify:track:63SHcJzckFykS8faA5zojY,"MC Ingryd, DJ Henrique da VK",Vem Me Satisfazer,MC Ingryd,41,54,5,1804814,BR,Brazil,Q1,2020
42,spotify:track:4UUtssVRs2aQTLQCAAtZg1,Jorge & Mateus,"Mil Anos - Recorded At Mosh Studios, São Paulo",Som Livre,38,38,4,1773504,BR,Brazil,Q1,2020
43,spotify:track:2PqPSf3gtTED79rWGwVtYg,Diego & Victor Hugo,Áudio - Ao Vivo em Brasília,Sony Music Entertainment,36,36,26,1751401,BR,Brazil,Q1,2020
44,spotify:track:6v3KW9xbzN5yKLt9YKDYA2,"Shawn Mendes, Camila Cabello",Señorita,Island Records,2,52,29,1682553,BR,Brazil,Q1,2020
45,spotify:track:6sRLrSetyIwIKhW1eMlUNP,"Matheus & Kauan, Marília Mendonça",Vou Ter Que Superar - Ao Vivo,Universal Music Ltda.,2,41,42,1661758,BR,Brazil,Q1,2020
46,spotify:track:6WrI0LAC5M1Rw2MnX2ZvEg,Dua Lipa,Don't Start Now,Warner Records,32,65,10,1627221,BR,Brazil,Q1,2020
47,spotify:track:1G60NjxeOS7veR1EXuKPaW,Gustavo Mioto,Fake News - Ao Vivo Em São Paulo / 2019,Universal Music Ltda.,20,47,36,1625624,BR,Brazil,Q1,2020
48,spotify:track:159ntSAEWJ9zIMOSXmQ530,Luan Santana,choque térmico - ao vivo,Som Livre,14,39,20,1612497,BR,Brazil,Q1,2020
49,spotify:track:7Gk5OrMYaMRtT2JmgJVAfk,"ANAVITÓRIA, Vitor Kley",Pupila,Universal Music Ltda.,16,55,27,1572540,BR,Brazil,Q1,2020
50,spotify:track:17Ryox5vWKp92IDW87C5PI,Gusttavo Lima,Quem Traiu Levou - Ao Vivo,Sony Music Entertainment,16,43,17,1541414,BR,Brazil,Q1,2020
1,spotify:track:3tv697PZNnaQN0Mn2zGhS5,Gusttavo Lima,A Gente Fez Amor - Ao Vivo,Sony Music Entertainment,1,1,18,4539695,BR,Brazil,Q2,2020
2,spotify:track:2WlZuBDgLfT7Kc0admhFdg,Luísa Sonza,BRABA,Universal Music Ltda.,2,2,3,4306377,BR,Brazil,Q2,2020
3,spotify:track:3Ghyp3X5Ua9ypHnBIgOObI,Henrique & Juliano,Liberdade Provisória - Live - Ibirapuera / 2019,Virgin Music Label And Artist Services (S&D),1,3,18,3831349,BR,Brazil,Q2,2020
4,spotify:track:1K7WzjKDcDdVbKNGrB0gej,"Major Lazer, MC Lan, Anitta, BEAM",Rave de Favela (feat. BEAM),WM Brazil,3,5,8,3299384,BR,Brazil,Q2,2020
5,spotify:track:3PfIrDoz19wz7qK7tYeu62,Dua Lipa,Don't Start Now,Warner Records,4,4,23,3230569,BR,Brazil,Q2,2020
6,spotify:track:3tc8Z4lGzOIwmIVftsxO6o,Marília Mendonça,Graveto - Ao Vivo,Som Livre,3,6,13,3230563,BR,Brazil,Q2,2020
7,spotify:track:5W1kqz2l1lDX77DXBMeXZg,Matheus & Kauan,Litrão - Ao Vivo Em Recife / 2020,Universal Music Ltda.,3,7,10,2886353,BR,Brazil,Q2,2020
8,spotify:track:2PWjKmjyTZeDpmOUa3a5da,Jorge & Mateus,Cheirosa - Ao Vivo,Som Livre,3,11,26,2805228,BR,Brazil,Q2,2020
9,spotify:track:3J5Pu25BODMex4Jpy4l6FL,"Luíza & Maurílio, Zé Neto & Cristiano",S de Saudade,Som Livre,7,8,23,2697952,BR,Brazil,Q2,2020
10,spotify:track:0RaIjuKU5hudMteEXwr4RS,Jorge & Mateus,Ranking,Som Livre,10,20,5,2608309,BR,Brazil,Q2,2020
11,spotify:track:4lKuzrdZrJuCAedbIslF3A,"PEDRO SAMPAIO, Felipe Original, JS o Mão de Ouro",SENTADÃO,WM Brazil,2,9,20,2409638,BR,Brazil,Q2,2020
12,spotify:track:1rgnBhdG2JDFTbYkYRZAku,Tones And I,Dance Monkey,Elektra (NEK),5,13,30,2370646,BR,Brazil,Q2,2020
13,spotify:track:7Ac3BmqTQoLdAt7HtZyfgN,"DENNIS, Mc Don Juan",Te Prometo,Sony Music Entertainment,13,16,9,2368640,BR,Brazil,Q2,2020
14,spotify:track:3GmJxfnUDrIs1iCfKUELFz,Marília Mendonça,Supera - Ao Vivo,Som Livre,1,23,34,2355073,BR,Brazil,Q2,2020
15,spotify:track:2Q9TaUXNM4mNSCgJjbmsJe,Zé Neto & Cristiano,Bebi Minha Bicicleta (Coração Falido) - Ao Vivo,Som Livre,7,12,19,2329737,BR,Brazil,Q2,2020
16,spotify:track:60wF0XnX7A0jVpDNA5v8vi,"Vytinho NG, Bianca",Tudo no Sigilo,Vytinho Ng,16,25,3,2319953,BR,Brazil,Q2,2020
17,spotify:track:5L8ZEyIdZ2KE4Wf51SsuOF,Gustavo Mioto,Com Ou Sem Mim - Ao Vivo,Universal Music Ltda.,6,17,20,2260399,BR,Brazil,Q2,2020
18,spotify:track:4p8pEdPYOQLzJUKYrLOacy,"WC no Beat, PEDRO SAMPAIO, FP do Trem Bala",BALANÇA (feat. Pedro Sampaio),Sony Music Entertainment,10,10,10,2235717,BR,Brazil,Q2,2020
19,spotify:track:63SHcJzckFykS8faA5zojY,"MC Ingryd, DJ Henrique da VK",Vem Me Satisfazer,MC Ingryd,5,14,18,2165807,BR,Brazil,Q2,2020
20,spotify:track:6QwFUcPc5nhsqZuhXUYtV7,Jorge & Mateus,Tijolão - Ao Vivo,Som Livre,1,26,46,2137428,BR,Brazil,Q2,2020
21,spotify:track:1uryupl9hqVZYurJwH4G9k,Guilherme & Benuto,3 Batidas - Ao Vivo,Sony Music Entertainment,9,18,33,2100736,BR,Brazil,Q2,2020
22,spotify:track:6nI98wtHOJAYSASq22TCYu,Luan Santana,água com açúcar - ao vivo,Som Livre,22,44,4,2005845,BR,Brazil,Q2,2020
23,spotify:track:7o9LwQmTuIDm4LyyHFIWul,Henrique & Juliano,Volta Por Baixo - Ao Vivo,Virgin Music Label And Artist Services (S&D),17,22,13,1955438,BR,Brazil,Q2,2020
24,spotify:track:24Yi9hE78yPEbZ4kxyoXAI,"SAINt JHN, Imanbek",Roses - Imanbek Remix,Craft Recordings,24,33,6,1930126,BR,Brazil,Q2,2020
25,spotify:track:4HUZBG98TYbxSR9V1V2DWS,"Thiaguinho MT, Mila, JS o Mão de Ouro",Tudo Ok,Sony Music Entertainment,2,19,15,1899176,BR,Brazil,Q2,2020
26,spotify:track:2bPtwnrpFNEe8N7Q85kLHw,"Anitta, Lexa, Luísa Sonza, Rebecca",Combatchy (feat. MC Rebecca),WM Brazil,1,21,21,1858208,BR,Brazil,Q2,2020
27,spotify:track:146Vb458Y5RbqEa0fYFPzm,Felipe Araújo,Mentira - Ao Vivo,Universal Music Ltda.,21,31,19,1718321,BR,Brazil,Q2,2020
28,spotify:track:0VjIjW4GlUZAMYd2vXMi3b,The Weeknd,Blinding Lights,Republic Records,26,32,14,1692450,BR,Brazil,Q2,2020
29,spotify:track:5fY9bVl1Wj4PIM3wnduWop,Marília Mendonça,Serenata - Ao Vivo,Som Livre,16,46,47,1677472,BR,Brazil,Q2,2020
30,spotify:track:2MOq63fxuFLYQM3CsDcFs1,GIULIA BE,menina solta,WM Brazil,15,27,27,1670693,BR,Brazil,Q2,2020
31,spotify:track:017PF4Q3l4DBUiWoXk4OWT,Dua Lipa,Break My Heart,Warner Records,15,15,2,1646562,BR,Brazil,Q2,2020
32,spotify:track:6lK3nCiigk34SGqEjpQoqO,Maiara & Maraisa,Aí Eu Bebo - Ao Vivo,Som Livre,17,28,25,1632375,BR,Brazil,Q2,2020
33,spotify:track:4j2bK4fnc2s6GyVmhJsJhk,Henrique & Juliano,Briga Feia - Ao Vivo,Virgin Music Label And Artist Services (S&D),26,35,17,1594619,BR,Brazil,Q2,2020
34,spotify:track:7eJMfftS33KTjuF7lTsMCx,"Powfu, beabadoobee",death bed (coffee for your head),Columbia,34,41,4,1560195,BR,Brazil,Q2,2020
35,spotify:track:0nbXyq5TXYPCO7pr3N8S4I,Roddy Ricch,The Box,Atlantic Records,32,36,13,1552567,BR,Brazil,Q2,2020
36,spotify:track:5F8ffc8KWKNawllr5WsW0r,"Dadá Boladão, Tati Zaqui, OIK",Surtada - Remix Brega Funk,Dadá Boladão,1,34,28,1509093,BR,Brazil,Q2,2020
37,spotify:track:7vpGKEUPrA4UEsS4o4W1tP,Pabllo Vittar,Amor de Que,Sony Music Entertainment,15,29,23,1488665,BR,Brazil,Q2,2020
38,spotify:track:3WjSkl7VDWY1prwJw7dSG0,Zé Neto & Cristiano,Barzinho Aleatório - Ao Vivo,Som Livre,37,37,18,1475384,BR,Brazil,Q2,2020
39,spotify:track:14kRWkCWBYfQqILflEcpSJ,"Lexa, PEDRO SAMPAIO",Chama Ela (feat. Pedro Sampaio),Som Livre,6,30,28,1470879,BR,Brazil,Q2,2020
40,spotify:track:2PqPSf3gtTED79rWGwVtYg,Diego & Victor Hugo,Áudio - Ao Vivo em Brasília,Sony Music Entertainment,36,42,39,1451790,BR,Brazil,Q2,2020
41,spotify:track:72xB2J9ZeBl0Rzxq2XmzdY,"João Gustavo e Murilo, Analaga",Lençol Dobrado,WM Brazil,2,39,75,1439724,BR,Brazil,Q2,2020
42,spotify:track:1MmS7UIy3J1BTxfGCRvVqN,Gusttavo Lima,Carreira Solo - Ao Vivo,Sony Music Entertainment,25,38,23,1403636,BR,Brazil,Q2,2020
43,spotify:track:3AzjcOeAmA57TIOr9zF1ZW,Dua Lipa,Physical,Warner Records,24,24,10,1395859,BR,Brazil,Q2,2020
44,spotify:track:5q0NlM6Pm8Pp3orq7zGiRn,"Matheus & Kauan, Jorge & Mateus",Quarta Cadeira - Ao Vivo,Universal Music Ltda.,10,45,55,1388833,BR,Brazil,Q2,2020
45,spotify:track:4UUtssVRs2aQTLQCAAtZg1,Jorge & Mateus,"Mil Anos - Recorded At Mosh Studios, São Paulo",Som Livre,38,47,17,1357026,BR,Brazil,Q2,2020
46,spotify:track:5n8Y78Pl5q8lqS7sJP61qw,Diego & Arnaldo,Relógio Parado (Ao Vivo),Sony Music Entertainment,38,43,25,1328548,BR,Brazil,Q2,2020
47,spotify:track:1AfNdxHdE4OLcnQUyC6j3i,"MC JottaPê, MC Kekel, MC Kevinho",Eterna Sacanagem,KondZilla Records,26,40,25,1308266,BR,Brazil,Q2,2020
48,spotify:track:5MArTXEVyKBwoodjdy04fk,"Zé Felipe, Gusttavo Lima",Tiro Certo - Ao Vivo,Som Livre,20,48,43,1288226,BR,Brazil,Q2,2020
49,spotify:track:127QTOFJsJQp5LbJbu3A1y,Drake,Toosie Slide,OVO,49,-1,1,1193318,BR,Brazil,Q2,2020
50,spotify:track:17Ryox5vWKp92IDW87C5PI,Gusttavo Lima,Quem Traiu Levou - Ao Vivo,Sony Music Entertainment,16,49,30,1154038,BR,Brazil,Q2,2020
1,spotify:track:4zGtfOglDBfVUypabBwIjQ,"ZAAC, Anitta, Tyga",Desce Pro Play (PA PA PA),Universal Music Ltda.,1,1,2,5189318,BR,Brazil,Q3,2020
2,spotify:track:0AGS6ZRgzobrazmCi6pYMe,"Niack, Markim WF",Na Raba Toma Tapão,Niack / Ritmo dos Fluxos,1,2,8,3809100,BR,Brazil,Q3,2020
3,spotify:track:7o9LwQmTuIDm4LyyHFIWul,Henrique & Juliano,Volta Por Baixo - Ao Vivo,Virgin Music Label And Artist Services (S&D),3,4,26,2919651,BR,Brazil,Q3,2020
4,spotify:track:4DngRKOpRPrkbzImUB0zgh,Matheus & Kauan,Litrão - Ao Vivo Em Recife / 2020,Universal Music Ltda.,3,6,23,2835187,BR,Brazil,Q3,2020
5,spotify:track:3Ghyp3X5Ua9ypHnBIgOObI,Henrique & Juliano,Liberdade Provisória - Live - Ibirapuera / 2019,Virgin Music Label And Artist Services (S&D),1,5,31,2816092,BR,Brazil,Q3,2020
6,spotify:track:3tc8Z4lGzOIwmIVftsxO6o,Marília Mendonça,Graveto - Ao Vivo,Som Livre,3,10,26,2806039,BR,Brazil,Q3,2020
7,spotify:track:67mqU3FeErlvWwsxnMfvQo,"MC Du Black, Delacruz, Dj Salgueirinho",Tudo Aconteceu,Universal Music Ltda.,6,8,15,2767886,BR,Brazil,Q3,2020
8,spotify:track:0RaIjuKU5hudMteEXwr4RS,Jorge & Mateus,Ranking,Som Livre,8,9,18,2757386,BR,Brazil,Q3,2020
9,spotify:track:60wF0XnX7A0jVpDNA5v8vi,"Vytinho NG, Bianca",Tudo no Sigilo,Vytinho Ng,5,11,16,2713197,BR,Brazil,Q3,2020
10,spotify:track:25gD4PQjxCLnwIY2n23aEl,"Vitão, Luísa Sonza",Flores,Universal Music Ltda.,2,3,4,2690510,BR,Brazil,Q3,2020
11,spotify:track:6NM06xgqxQ0HU5lxbt2JHi,Gusttavo Lima,Saudade Sua,Sony Music Entertainment,3,7,8,2577933,BR,Brazil,Q3,2020
12,spotify:track:3tv697PZNnaQN0Mn2zGhS5,Gusttavo Lima,A Gente Fez Amor - Ao Vivo,Sony Music Entertainment,1,12,31,2552568,BR,Brazil,Q3,2020
13,spotify:track:3WjSkl7VDWY1prwJw7dSG0,Zé Neto & Cristiano,Barzinho Aleatório - Ao Vivo,Som Livre,13,15,31,2488592,BR,Brazil,Q3,2020
14,spotify:track:7Ac3BmqTQoLdAt7HtZyfgN,"DENNIS, Mc Don Juan",Te Prometo,Sony Music Entertainment,9,16,22,2417833,BR,Brazil,Q3,2020
15,spotify:track:2WlZuBDgLfT7Kc0admhFdg,Luísa Sonza,BRABA,Universal Music Ltda.,2,13,16,2376569,BR,Brazil,Q3,2020
16,spotify:track:3J5Pu25BODMex4Jpy4l6FL,"Luíza & Maurílio, Zé Neto & Cristiano",S de Saudade,Som Livre,7,17,36,2126184,BR,Brazil,Q3,2020
17,spotify:track:08Sd5vVcIH3uKeAiaJdoYj,Lauana Prado,Viva Voz - Ao Vivo Em São Paulo / 2019,Universal Music Ltda.,17,42,18,2055954,BR,Brazil,Q3,2020
18,spotify:track:5GAdMAL3tRJkVN1HtwohK2,"Mc Don Juan, Maiara & Maraisa",Vai Ter Que Aguentar,GR6 Music,18,24,6,1947878,BR,Brazil,Q3,2020
19,spotify:track:24Yi9hE78yPEbZ4kxyoXAI,"SAINt JHN, Imanbek",Roses - Imanbek Remix,Craft Recordings,11,23,19,1947353,BR,Brazil,Q3,2020
20,spotify:track:3PfIrDoz19wz7qK7tYeu62,Dua Lipa,Don't Start Now,Warner Records,2,19,36,1945750,BR,Brazil,Q3,2020
21,spotify:track:5LpLYzpV0HWKI2DlPmNywg,"Wesley Safadão, Zé Neto & Cristiano",Despedida - Ao Vivo,Wesley Safadao,16,20,14,1935313,BR,Brazil,Q3,2020
22,spotify:track:0SJtvFn4vqgJPscSbEPaql,"Maiara & Maraisa, Dilsinho",Libera Ela - Ao Vivo,Som Livre,18,22,12,1907013,BR,Brazil,Q3,2020
23,spotify:track:3oe0vGmQxem3DcarYMuzu1,Felipe Araújo,Mentira - Ao Vivo,Universal Music Ltda.,15,21,32,1906595,BR,Brazil,Q3,2020
24,spotify:track:0j1tGcJJfq1nIs4i5GoHXv,Luan Santana,ASAS,LS Music,18,18,4,1861628,BR,Brazil,Q3,2020
25,spotify:track:0VjIjW4GlUZAMYd2vXMi3b,The Weeknd,Blinding Lights,Republic Records,25,27,27,1745284,BR,Brazil,Q3,2020
26,spotify:track:23zmMwD99ROi9yhxqMxWil,"João Bosco & Vinícius, Matheus",Segunda Taça (feat. Matheus) - Ao Vivo em Goiânia,WM Brazil,21,33,20,1731542,BR,Brazil,Q3,2020
27,spotify:track:2PWjKmjyTZeDpmOUa3a5da,Jorge & Mateus,Cheirosa - Ao Vivo,Som Livre,3,28,39,1731181,BR,Brazil,Q3,2020
28,spotify:track:5PNvgiKSwMdjBsDsgFCFLX,"Maverick Sabre, Jorja Smith, Vintage Culture, Slow Motion",Slow Down (feat. Jorja Smith) - Vintage Culture & Slow Motion Remix,Spinnin' Deep,21,25,14,1729742,BR,Brazil,Q3,2020
29,spotify:track:3vAn0qZzdyuHamcrpkfiX3,BLACKPINK,How You Like That,YG Entertainment/Interscope Records,14,14,2,1687517,BR,Brazil,Q3,2020
30,spotify:track:4j2bK4fnc2s6GyVmhJsJhk,Henrique & Juliano,Briga Feia - Ao Vivo,Virgin Music Label And Artist Services (S&D),26,29,30,1684429,BR,Brazil,Q3,2020
31,spotify:track:5L8ZEyIdZ2KE4Wf51SsuOF,Gustavo Mioto,Com Ou Sem Mim - Ao Vivo,Universal Music Ltda.,6,30,33,1670284,BR,Brazil,Q3,2020
32,spotify:track:1uryupl9hqVZYurJwH4G9k,Guilherme & Benuto,3 Batidas - Ao Vivo,Sony Music Entertainment,9,34,46,1638076,BR,Brazil,Q3,2020
33,spotify:track:28atBekPVlTdnU4M9Z7udd,"Dilsinho, Luísa Sonza, Malibu",Não Vai Embora,Malibu Studios,30,32,9,1630887,BR,Brazil,Q3,2020
34,spotify:track:6UelLqGlWMcVH1E5c4H7lY,Harry Styles,Watermelon Sugar,Columbia,34,51,22,1612023,BR,Brazil,Q3,2020
35,spotify:track:7eJMfftS33KTjuF7lTsMCx,"Powfu, beabadoobee",death bed (coffee for your head),Columbia,18,31,17,1592987,BR,Brazil,Q3,2020
36,spotify:track:0GrEqRHf5FioT1hOB8PBxZ,Marília Mendonça,Vira Homem,Som Livre,28,35,10,1590479,BR,Brazil,Q3,2020
37,spotify:track:6nI98wtHOJAYSASq22TCYu,Luan Santana,água com açúcar - ao vivo,Som Livre,6,26,17,1588600,BR,Brazil,Q3,2020
38,spotify:track:2ptHQBO7TQhEkXOeK9ST59,"Grupo Menos É Mais, Di Propósito, Vou Zuar",Pot-Pourri: Melhor Eu Ir / Ligando Os Fatos / Sonho de Amor / Deixa Eu Te Querer - Ao Vivo,Som Livre,38,53,5,1571046,BR,Brazil,Q3,2020
39,spotify:track:3GmJxfnUDrIs1iCfKUELFz,Marília Mendonça,Supera - Ao Vivo,Som Livre,1,39,47,1525894,BR,Brazil,Q3,2020
40,spotify:track:1rgnBhdG2JDFTbYkYRZAku,Tones And I,Dance Monkey,Elektra (NEK),5,37,43,1496906,BR,Brazil,Q3,2020
41,spotify:track:4x8XaoLvpo6kd51PZD16RK,"Dilsinho, Henrique & Juliano",Sogra - Ao Vivo,Sony Music Entertainment,41,72,5,1480552,BR,Brazil,Q3,2020
42,spotify:track:2Ou6UYuUbNyqwXxRDSeFRf,Maiara & Maraisa,Aí Eu Bebo - Ao Vivo,Som Livre,17,36,38,1445358,BR,Brazil,Q3,2020
43,spotify:track:15k1TDabqSEmyXOwMq9RM7,Jonas Esticado,Investe Em Mim,Som Livre,43,79,2,1428114,BR,Brazil,Q3,2020
44,spotify:track:260n4ECk9j4IEvTAVBYojl,Matheus & Kauan,Nem Doeu - Ao Vivo,Universal Music Ltda.,44,60,6,1403511,BR,Brazil,Q3,2020
45,spotify:track:2MOq63fxuFLYQM3CsDcFs1,GIULIA BE,menina solta,WM Brazil,15,43,40,1377553,BR,Brazil,Q3,2020
46,spotify:track:2Q9TaUXNM4mNSCgJjbmsJe,Zé Neto & Cristiano,Bebi Minha Bicicleta (Coração Falido) - Ao Vivo,Som Livre,7,40,32,1366124,BR,Brazil,Q3,2020
47,spotify:track:3056x1XkmICnQmji68rrft,"Murilo Huff, Henrique & Juliano",Desejando Eu - Ao Vivo,M Show,47,67,7,1362583,BR,Brazil,Q3,2020
48,spotify:track:4p8pEdPYOQLzJUKYrLOacy,"WC no Beat, PEDRO SAMPAIO, FP do Trem Bala",BALANÇA (feat. Pedro Sampaio),Sony Music Entertainment,10,48,23,1362067,BR,Brazil,Q3,2020
49,spotify:track:466cKvZn1j45IpxDdYZqdA,Drake,Toosie Slide,OVO,31,45,14,1340248,BR,Brazil,Q3,2020
50,spotify:track:1Nmcs8zk7LfcvHRgLtTM5J,"Orochi, Papatinho",Amor de Fim de Noite,Mainstreet Records,36,44,35,1329949,BR,Brazil,Q3,2020
1,spotify:track:15k1TDabqSEmyXOwMq9RM7,Jonas Esticado,Investe Em Mim,Som Livre,1,2,15,4744489,BR,Brazil,Q4,2020
2,spotify:track:71FrGl0XcpL3VId65tB5mg,Os Barões Da Pisadinha,Recairei - Ao Vivo,Sony Music Entertainment,2,3,21,4676139,BR,Brazil,Q4,2020
3,spotify:track:4xWzZmX4K1yyrdtRfbUvjt,"Niack, Two Maloka, DJ Léo da 17",Oh Juliana,Niack,1,1,13,4604140,BR,Brazil,Q4,2020
4,spotify:track:59kRq8rb5uJCrSYYbGCk7o,Rogerinho,Só Você,MC Rogerinho,4,5,8,4107923,BR,Brazil,Q4,2020
5,spotify:track:7e1VoRlNumuEkXlITMHKLE,"Anitta, Myke Towers, Cardi B",Me Gusta (with Cardi B & Myke Towers),Warner Records,3,4,3,3632195,BR,Brazil,Q4,2020
6,spotify:track:64I6t2tuUGnIlaDIzHJ6YI,"Marília Mendonça, Maiara & Maraisa",Quero Você do Jeito Que Quiser,Som Livre,4,6,13,3400227,BR,Brazil,Q4,2020
7,spotify:track:4zsiMjB0794HztyqUkD3Zi,"Dilsinho, Henrique & Juliano",Sogra - Ao Vivo,Sony Music Entertainment,6,8,18,3260859,BR,Brazil,Q4,2020
8,spotify:track:12v6LfkX9YIR3uLefIAAYZ,Mc Jacaré,Comprei um Lança,Mc Jacare / Los Pantchos,5,7,15,3251556,BR,Brazil,Q4,2020
9,spotify:track:187Pge0WmJNoS73kaIORSE,"Douglas & Vinicius, MC Bruninho",Figurinha - Ao Vivo,Virgin Music Label And Artist Services (S&D),9,11,12,2981917,BR,Brazil,Q4,2020
10,spotify:track:3dPvQLKl42dMYWV4LWRTLK,Os Barões Da Pisadinha,Tá Rocheda,Sony Music Entertainment,10,13,36,2979586,BR,Brazil,Q4,2020
11,spotify:track:42P3wMiPfXQM93TYZotuPQ,Gusttavo Lima,De Menina pra Mulher - Ao Vivo,Sony Music Entertainment,11,24,3,2954236,BR,Brazil,Q4,2020
12,spotify:track:5GAdMAL3tRJkVN1HtwohK2,"Mc Don Juan, Maiara & Maraisa",Vai Ter Que Aguentar,GR6 Music,8,12,19,2913789,BR,Brazil,Q4,2020
13,spotify:track:3AV1KI22k1jGMz792lDrj1,"Os Barões Da Pisadinha, Xand Avião",Basta Você Me Ligar - Ao Vivo,Sony Music Entertainment,13,16,16,2888007,BR,Brazil,Q4,2020
14,spotify:track:3WjSkl7VDWY1prwJw7dSG0,Zé Neto & Cristiano,Barzinho Aleatório - Ao Vivo,Som Livre,8,14,44,2855921,BR,Brazil,Q4,2020
15,spotify:track:4zGtfOglDBfVUypabBwIjQ,"ZAAC, Anitta, Tyga",Desce Pro Play (PA PA PA),Universal Music Ltda.,1,9,15,2798765,BR,Brazil,Q4,2020
16,spotify:track:260n4ECk9j4IEvTAVBYojl,Matheus & Kauan,Nem Doeu - Ao Vivo,Universal Music Ltda.,16,17,19,2776307,BR,Brazil,Q4,2020
17,spotify:track:7o9LwQmTuIDm4LyyHFIWul,Henrique & Juliano,Volta Por Baixo - Ao Vivo,Virgin Music Label And Artist Services (S&D),3,15,39,2747605,BR,Brazil,Q4,2020
18,spotify:track:5oI9blwsXC8AkTWw6wASY8,Matuê,Máquina do Tempo,Sony Music Entertainment,2,10,4,2673689,BR,Brazil,Q4,2020
19,spotify:track:0RaIjuKU5hudMteEXwr4RS,Jorge & Mateus,Ranking,Som Livre,4,18,31,2636997,BR,Brazil,Q4,2020
20,spotify:track:2fmeSswdyVq4wcqhY41UHk,"Pineapple StormTv, L7NNON, Chris MC, Xamã, Lourena, Cesar Mc, Djonga, Filipe Ret, Salve Malak",Poesia Acústica #9 Melhor Forma,Pineapple StormTV,3,23,13,2416684,BR,Brazil,Q4,2020
21,spotify:track:7pDcS0EVMJR0YwjXmHcCRg,"Luísa Sonza, ZAAC",TOMA,Universal Music Ltda.,14,21,10,2390561,BR,Brazil,Q4,2020
22,spotify:track:0AGS6ZRgzobrazmCi6pYMe,"Niack, Markim WF",Na Raba Toma Tapão,Niack / Ritmo dos Fluxos,1,22,21,2302577,BR,Brazil,Q4,2020
23,spotify:track:7J3QMuDCSv56jRSiD9jFBF,"Eric Land, Xand Avião",Cidade Inteira,Potencia Music,23,59,13,2262975,BR,Brazil,Q4,2020
24,spotify:track:4Oun2ylbjFKMPTiaSbbCih,"Cardi B, Megan Thee Stallion",WAP (feat. Megan Thee Stallion),Atlantic/KSR,14,20,9,2243770,BR,Brazil,Q4,2020
25,spotify:track:2ptHQBO7TQhEkXOeK9ST59,"Grupo Menos É Mais, Di Propósito, Vou Zuar",Pot-Pourri: Melhor Eu Ir / Ligando Os Fatos / Sonho de Amor / Deixa Eu Te Querer - Ao Vivo,Som Livre,25,28,18,2207977,BR,Brazil,Q4,2020
26,spotify:track:3sGcETRMuAgcPgjDpIkgMn,Matuê,777-666,Sony Music Entertainment,4,19,4,2200163,BR,Brazil,Q4,2020
27,spotify:track:6jcGoHrqfRW6fI2I6xtwBQ,MC Marks,Deus é por nós,WM Brazil,14,26,17,2185842,BR,Brazil,Q4,2020
28,spotify:track:3056x1XkmICnQmji68rrft,"Murilo Huff, Henrique & Juliano",Desejando Eu - Ao Vivo,M Show,24,27,20,2136008,BR,Brazil,Q4,2020
29,spotify:track:0hDphSo7vI7gCjEPpD6gu0,GIULIA BE,se essa vida fosse um filme,WM Brazil,21,34,12,2112562,BR,Brazil,Q4,2020
30,spotify:track:3J5Pu25BODMex4Jpy4l6FL,"Luíza & Maurílio, Zé Neto & Cristiano",S de Saudade,Som Livre,7,30,49,2090046,BR,Brazil,Q4,2020
31,spotify:track:4DngRKOpRPrkbzImUB0zgh,Matheus & Kauan,Litrão - Ao Vivo Em Recife / 2020,Universal Music Ltda.,3,25,36,2059672,BR,Brazil,Q4,2020
32,spotify:track:08Sd5vVcIH3uKeAiaJdoYj,Lauana Prado,Viva Voz - Ao Vivo Em São Paulo / 2019,Universal Music Ltda.,17,33,31,2018966,BR,Brazil,Q4,2020
33,spotify:track:28atBekPVlTdnU4M9Z7udd,"Dilsinho, Luísa Sonza, Malibu",Não Vai Embora,Malibu Studios,27,38,22,1986981,BR,Brazil,Q4,2020
34,spotify:track:3tc8Z4lGzOIwmIVftsxO6o,Marília Mendonça,Graveto - Ao Vivo,Som Livre,3,32,39,1986707,BR,Brazil,Q4,2020
35,spotify:track:4j2bK4fnc2s6GyVmhJsJhk,Henrique & Juliano,Briga Feia - Ao Vivo,Virgin Music Label And Artist Services (S&D),26,36,43,1971573,BR,Brazil,Q4,2020
36,spotify:track:6UelLqGlWMcVH1E5c4H7lY,Harry Styles,Watermelon Sugar,Columbia,27,35,35,1968828,BR,Brazil,Q4,2020
37,spotify:track:6Q9NH5cNBY58nJkp5Jbs9j,"Manu Gavassi, Gloria Groove",Deve ser horrível dormir sem mim,Universal Music Ltda.,2,29,7,1910083,BR,Brazil,Q4,2020
38,spotify:track:67mqU3FeErlvWwsxnMfvQo,"MC Du Black, Delacruz, Dj Salgueirinho",Tudo Aconteceu,Universal Music Ltda.,6,37,28,1876004,BR,Brazil,Q4,2020
39,spotify:track:7Ac3BmqTQoLdAt7HtZyfgN,"DENNIS, Mc Don Juan",Te Prometo,Sony Music Entertainment,9,41,35,1840529,BR,Brazil,Q4,2020
40,spotify:track:25gD4PQjxCLnwIY2n23aEl,"Vitão, Luísa Sonza",Flores,Universal Music Ltda.,2,39,17,1819287,BR,Brazil,Q4,2020
41,spotify:track:3tv697PZNnaQN0Mn2zGhS5,Gusttavo Lima,A Gente Fez Amor - Ao Vivo,Sony Music Entertainment,1,31,44,1800965,BR,Brazil,Q4,2020
42,spotify:track:01mKvmXQLhr3MEoiAEAcP2,"Rennan da Penha, MC 2jhow",Talarica,Sony Music Entertainment,29,40,11,1798333,BR,Brazil,Q4,2020
43,spotify:track:60wF0XnX7A0jVpDNA5v8vi,"Vytinho NG, Bianca",Tudo no Sigilo,Vytinho Ng,5,42,29,1781907,BR,Brazil,Q4,2020
44,spotify:track:3Ghyp3X5Ua9ypHnBIgOObI,Henrique & Juliano,Liberdade Provisória - Live - Ibirapuera / 2019,Virgin Music Label And Artist Services (S&D),1,43,44,1778546,BR,Brazil,Q4,2020
45,spotify:track:5ra6CI0pEzqjxPEZeBz0d7,Hungria,Amor e Fé - Acústico,Hungria Hip Hop,45,48,7,1773755,BR,Brazil,Q4,2020
46,spotify:track:4Ws314Ylb27BVsvlZOy30C,BLACKPINK,Lovesick Girls,YG Entertainment/Interscope Records,46,-1,1,1717811,BR,Brazil,Q4,2020
47,spotify:track:59CnMc5PR9GdDFEVOpHSg9,"Dj W-Beatz, Ventura, Mc Rennan, MC Bruna Alves, MC BN, MC Rick","Rave do Papa - Deluxe (feat. Mc Rennan, MC Bruna Alves, MC BN & MC Rick) - Remix",Tratto Entretenimentos,34,49,17,1669950,BR,Brazil,Q4,2020
48,spotify:track:0VjIjW4GlUZAMYd2vXMi3b,The Weeknd,Blinding Lights,Republic Records,25,46,40,1656090,BR,Brazil,Q4,2020
49,spotify:track:0SJtvFn4vqgJPscSbEPaql,"Maiara & Maraisa, Dilsinho",Libera Ela - Ao Vivo,Som Livre,18,44,25,1651970,BR,Brazil,Q4,2020
50,spotify:track:1GWUiFYLYEapxYHnASyOud,Wesley Safadão,Não Valeu,Wesley Safadao,39,50,21,1628524,BR,Brazil,Q4,2020
1,spotify:track:0nbXyq5TXYPCO7pr3N8S4I,Roddy Ricch,The Box,Atlantic Records,1,2,5,2336955,CA,Canada,Q1,2020
2,spotify:track:1rgnBhdG2JDFTbYkYRZAku,Tones And I,Dance Monkey,Elektra (NEK),1,1,24,1816748,CA,Canada,Q1,2020
3,spotify:track:41L3O37CECZt3N7ziG2z7l,Justin Bieber,Yummy,RBMG/Def Jam,3,-1,1,1716521,CA,Canada,Q1,2020
4,spotify:track:696DnlkuDOXcMAnKlTgXXK,Arizona Zervas,ROXANNE,Arizona Zervas,1,3,11,1505748,CA,Canada,Q1,2020
5,spotify:track:21jGcNKet2qwijlDFuPiPb,Post Malone,Circles,Republic Records,1,4,19,1257648,CA,Canada,Q1,2020
6,spotify:track:0sf12qNH5qcw8qpgymFOqD,The Weeknd,Blinding Lights,Republic Records,2,6,6,1163333,CA,Canada,Q1,2020
7,spotify:track:4TnjEaWOeW0eKTKIEvJyCa,Trevor Daniel,Falling,Alamo,5,5,9,1144239,CA,Canada,Q1,2020
8,spotify:track:3yOlyBJuViE2YSGn3nVE1K,"Camila Cabello, DaBaby",My Oh My (feat. DaBaby),Syco Music/Epic,8,8,5,995015,CA,Canada,Q1,2020
9,spotify:track:2b8fOow8UzyDFAE27YhOZM,Maroon 5,Memories,Interscope Records*,7,7,16,987821,CA,Canada,Q1,2020
10,spotify:track:6WrI0LAC5M1Rw2MnX2ZvEg,Dua Lipa,Don't Start Now,Warner Records,9,9,10,986077,CA,Canada,Q1,2020
11,spotify:track:3ZCTVFBt2Brf31RLEnCkWJ,Billie Eilish,everything i wanted,Darkroom/Interscope Records,1,12,9,880460,CA,Canada,Q1,2020
12,spotify:track:7qEHsqek33rTcFNT9PFqLf,Lewis Capaldi,Someone You Loved,Vertigo Berlin,3,10,54,862038,CA,Canada,Q1,2020
13,spotify:track:2Ec33AVlkTTq8BHFgBTdQs,Lil Uzi Vert,Futsal Shuffle 2020,Generation Now/Atlantic,3,11,4,840737,CA,Canada,Q1,2020
14,spotify:track:6Ozh9Ok6h4Oi1wUSLtBseN,DaBaby,BOP,South Coast Music Group/Interscope Records,14,15,15,837240,CA,Canada,Q1,2020
15,spotify:track:3jjujdWJ72nww5eGnfs2E7,Harry Styles,Adore You,Columbia,7,16,5,815069,CA,Canada,Q1,2020
16,spotify:track:6Gg1gjgKi2AK4e0qzsR7sd,"Juice WRLD, YoungBoy Never Broke Again",Bandit (with YoungBoy Never Broke Again),Grade A Productions/Interscope Records,3,14,14,798509,CA,Canada,Q1,2020
17,spotify:track:7aiClxsDWFRQ0Kzk5KI5ku,blackbear,hot girl bummer,Alamo,7,21,20,758672,CA,Canada,Q1,2020
18,spotify:track:57vxBYXtHMk6H1aD29V7PU,The Weeknd,Heartless,Republic Records,1,19,7,749328,CA,Canada,Q1,2020
19,spotify:track:1HfMVBKM75vxSfsQ5VefZ5,Selena Gomez,Lose You To Love Me,Interscope Records,2,27,12,715838,CA,Canada,Q1,2020
20,spotify:track:6v3KW9xbzN5yKLt9YKDYA2,"Shawn Mendes, Camila Cabello",Señorita,Island Records,1,17,29,712071,CA,Canada,Q1,2020
21,spotify:track:3QzAOrNlsabgbMwlZt7TAY,"Mustard, Roddy Ricch",Ballin' (with Roddy Ricch),10 Summers Records/Interscope Records,21,32,17,681000,CA,Canada,Q1,2020
22,spotify:track:6UelLqGlWMcVH1E5c4H7lY,Harry Styles,Watermelon Sugar,Columbia,12,26,8,679405,CA,Canada,Q1,2020
23,spotify:track:2kJwzbxV2ppxnQoYw4GLBZ,"JP Saxe, Julia Michaels",If the World Was Ending (feat. Julia Michaels),Arista Records,23,34,12,666630,CA,Canada,Q1,2020
24,spotify:track:1iSqfoUFnQwV0QW1EfUit8,YNW Melly,Suicidal,P2019,24,30,5,660825,CA,Canada,Q1,2020
25,spotify:track:3VyjsVV24RmBIbWJAeUJNu,Don Toliver,No Idea,We Run It Ent./Cactus Jack/Atlantic,25,28,6,655213,CA,Canada,Q1,2020
26,spotify:track:3eekarcy7kvN4yt5ZFzltW,Travis Scott,HIGHEST IN THE ROOM,Cactus Jack/Epic,1,24,14,642234,CA,Canada,Q1,2020
27,spotify:track:0RiRZpuVRbi7oqRdSMwhQY,"Post Malone, Swae Lee",Sunflower - Spider-Man: Into the Spider-Verse,Republic Records,2,25,64,629707,CA,Canada,Q1,2020
28,spotify:track:2Fxmhks0bxGSBdJ92vM42m,Billie Eilish,bad guy,Darkroom/Interscope Records,1,22,41,622463,CA,Canada,Q1,2020
29,spotify:track:2gMXnyrvIjhVBUZwvLZDMP,Lewis Capaldi,Before You Go,Vertigo Berlin,19,38,7,609270,CA,Canada,Q1,2020
30,spotify:track:2wrJq5XKLnmhRXHIAf9xBa,"Dan + Shay, Justin Bieber","10,000 Hours (with Justin Bieber)",Warner Music Nashville,2,31,14,600578,CA,Canada,Q1,2020
31,spotify:track:7h0d2h0fUmzbs7zeFigJPn,"Travis Scott, ROSALÍA, Lil Baby",HIGHEST IN THE ROOM (feat. ROSALÍA & Lil Baby) - REMIX,Cactus Jack/Epic,13,13,2,588227,CA,Canada,Q1,2020
32,spotify:track:6cy3ki60hLwimwIje7tALf,"Black Eyed Peas, J Balvin",RITMO (Bad Boys For Life),Epic/We The Best,32,35,11,580536,CA,Canada,Q1,2020
33,spotify:track:0fySG6A6qLE8IvDpayb5bM,DaBaby,VIBEZ,South Coast Music Group/Interscope Records,33,56,15,576876,CA,Canada,Q1,2020
34,spotify:track:5a6pdCHlWS2ekOOQ70QnAr,Noah Cyrus,July,Records/Columbia,34,51,12,539087,CA,Canada,Q1,2020
35,spotify:track:285pBltuF7vW8TeWk8hdRR,Juice WRLD,Lucid Dreams,Juice WRLD Mixtape / ISR P&D,3,33,87,530830,CA,Canada,Q1,2020
36,spotify:track:598yNsG1JFrGd4n2kMoz7F,Lil Baby,Woah,Quality Control/Motown Records,15,48,9,527473,CA,Canada,Q1,2020
37,spotify:track:2tnVG71enUj33Ic2nFN6kZ,Regard,Ride It,Ministry of Sound Recordings,29,43,18,519585,CA,Canada,Q1,2020
38,spotify:track:6U0FIYXCQ3TGrk4tFpLrEA,BROCKHAMPTON,SUGAR,Question Everything/RCA Records,38,121,3,515670,CA,Canada,Q1,2020
39,spotify:track:1iQDltZqI7BXnHrFy4Qo1k,"SHAED, ZAYN",Trampoline (with ZAYN),Photo Finish Records,22,53,14,513774,CA,Canada,Q1,2020
40,spotify:track:1lOe9qE0vR9zwWQAOk6CoO,Lil Tecca,Ransom,Republic Records,2,36,33,508516,CA,Canada,Q1,2020
41,spotify:track:5ry2OE6R2zPQFDO85XkgRb,"Drake, Rick Ross",Money In The Grave (Drake ft. Rick Ross),Republic Records,1,40,30,504510,CA,Canada,Q1,2020
42,spotify:track:70eFcWOvlMObDhURTqT4Fv,"Ed Sheeran, Khalid",Beautiful People (feat. Khalid),Atlantic Records UK,3,37,28,501126,CA,Canada,Q1,2020
43,spotify:track:4vUmTMuQqjdnvlZmAH61Qk,"Ed Sheeran, Camila Cabello, Cardi B",South of the Border (feat. Camila Cabello & Cardi B),Atlantic Records UK,11,50,26,500651,CA,Canada,Q1,2020
44,spotify:track:4hPpVbbakQNv8YTHYaOJP4,"Marshmello, Kane Brown",One Thing Right,Joytime Collective,8,45,29,495547,CA,Canada,Q1,2020
45,spotify:track:6gi6y1xwmVszDWkUqab1qw,"JACKBOYS, Travis Scott, Young Thug",OUT WEST (feat. Young Thug),Cactus Jack/Epic,18,18,2,489024,CA,Canada,Q1,2020
46,spotify:track:0hVXuCcriWRGvwMV1r5Yn9,"Ed Sheeran & Justin Bieber, Justin Bieber",I Don't Care (with Justin Bieber),Atlantic Records UK,1,44,35,480845,CA,Canada,Q1,2020
47,spotify:track:07Oz5StQ7GRoygNLaXs2pd,"Lizzo, Ariana Grande",Good as Hell (feat. Ariana Grande) - Remix,Nice Life/Atlantic,26,47,11,478937,CA,Canada,Q1,2020
48,spotify:track:6uJONCdr2rC65BNmCnTBWK,"JACKBOYS, Sheck Wes",GANG GANG,Cactus Jack/Epic,20,20,2,477550,CA,Canada,Q1,2020
49,spotify:track:2W4yABdLc4Jnds67Poi5Nl,Ant Saunders,Yellow Hearts,Arista Records,35,55,10,469897,CA,Canada,Q1,2020
50,spotify:track:5qmq61DAAOUaW8AUo8xKhh,Lizzo,Truth Hurts,Nice Life/Atlantic,5,41,38,458302,CA,Canada,Q1,2020
1,spotify:track:127QTOFJsJQp5LbJbu3A1y,Drake,Toosie Slide,OVO,1,-1,1,3145104,CA,Canada,Q2,2020
2,spotify:track:0VjIjW4GlUZAMYd2vXMi3b,The Weeknd,Blinding Lights,Republic Records,1,1,19,1551799,CA,Canada,Q2,2020
3,spotify:track:24Yi9hE78yPEbZ4kxyoXAI,"SAINt JHN, Imanbek",Roses - Imanbek Remix,Craft Recordings,3,4,15,1435022,CA,Canada,Q2,2020
4,spotify:track:22LAwLoDA5b4AaGSkg6bKW,Lil Mosey,Blueberry Faygo,Mogul Vision/Interscope Records,4,5,9,1330843,CA,Canada,Q2,2020
5,spotify:track:0nbXyq5TXYPCO7pr3N8S4I,Roddy Ricch,The Box,Atlantic Records,1,3,18,1303292,CA,Canada,Q2,2020
6,spotify:track:3PfIrDoz19wz7qK7tYeu62,Dua Lipa,Don't Start Now,Warner Records,5,6,23,1122286,CA,Canada,Q2,2020
7,spotify:track:7eJMfftS33KTjuF7lTsMCx,"Powfu, beabadoobee",death bed (coffee for your head),Columbia,7,9,8,1068314,CA,Canada,Q2,2020
8,spotify:track:1rgnBhdG2JDFTbYkYRZAku,Tones And I,Dance Monkey,Elektra (NEK),1,7,37,1064647,CA,Canada,Q2,2020
9,spotify:track:4umIPjkehX1r7uhmGvXiSV,"Justin Bieber, Quavo",Intentions (feat. Quavo),RBMG/Def Jam,2,10,9,935459,CA,Canada,Q2,2020
10,spotify:track:1jaTQ3nqY3oAAYyCTbIvnM,Jack Harlow,WHATS POPPIN,Generation Now/Atlantic,10,12,11,935176,CA,Canada,Q2,2020
11,spotify:track:1lGHa2pwYzxQHFBUynhLtO,DaBaby,FIND MY WAY,South Coast Music Group/Interscope Records,11,194,2,928597,CA,Canada,Q2,2020
12,spotify:track:0lSZh5W0wDeurkGzLYY6hf,"NAV, Gunna, Travis Scott",Turks (feat. Travis Scott),Republic Records,2,2,2,918174,CA,Canada,Q2,2020
13,spotify:track:3Dv1eDb0MEgF93GpLXlucZ,Doja Cat,Say So,Kemosabe Records/RCA Records,9,13,15,821389,CA,Canada,Q2,2020
14,spotify:track:1Cv1YLb4q0RzL6pybtaMLo,Surfaces,Sunday Best,"Surfaces Music / TenThousand Projects, LLC",14,15,12,808096,CA,Canada,Q2,2020
15,spotify:track:7szuecWAPwGoV1e5vGu8tl,The Weeknd,In Your Eyes,Republic Records,2,11,3,784138,CA,Canada,Q2,2020
16,spotify:track:4HDCLYli2SUdkq9OjmvhSD,"PARTYNEXTDOOR, Rihanna",BELIEVE IT,OVO Sound,8,8,2,754333,CA,Canada,Q2,2020
17,spotify:track:21jGcNKet2qwijlDFuPiPb,Post Malone,Circles,Republic Records,1,16,32,740018,CA,Canada,Q2,2020
18,spotify:track:55CHeLEfn5iJ0IIkgaa4si,Megan Thee Stallion,Savage,300 Entertainment,18,22,3,731321,CA,Canada,Q2,2020
19,spotify:track:2rRJrJEo19S2J82BDsQ3F7,Trevor Daniel,Falling,Alamo,5,19,22,701489,CA,Canada,Q2,2020
20,spotify:track:7qEHsqek33rTcFNT9PFqLf,Lewis Capaldi,Someone You Loved,Vertigo Berlin,3,21,67,696664,CA,Canada,Q2,2020
21,spotify:track:5yY9lUy8nbvjM1Uyo1Uqoc,"Future, Drake",Life Is Good (feat. Drake),Epic/Freebandz,1,23,13,688903,CA,Canada,Q2,2020
22,spotify:track:7FIWs0pqAYbP91WWM0vlTQ,"Eminem, Juice WRLD",Godzilla (feat. Juice WRLD),Shady/Aftermath/Interscope Records,2,17,12,680596,CA,Canada,Q2,2020
23,spotify:track:696DnlkuDOXcMAnKlTgXXK,Arizona Zervas,ROXANNE,Arizona Zervas,1,18,24,678829,CA,Canada,Q2,2020
24,spotify:track:017PF4Q3l4DBUiWoXk4OWT,Dua Lipa,Break My Heart,Warner Records,14,14,2,673216,CA,Canada,Q2,2020
25,spotify:track:4cSSL3YafYjM3yjgFO1vJg,"NLE Choppa, Roddy Ricch",Walk Em Down (feat. Roddy Ricch),Warner Records,24,24,3,656841,CA,Canada,Q2,2020
26,spotify:track:2kJwzbxV2ppxnQoYw4GLBZ,"JP Saxe, Julia Michaels",If the World Was Ending (feat. Julia Michaels),Arista Records,23,25,25,649355,CA,Canada,Q2,2020
27,spotify:track:4nK5YrxbMGZstTLbvj6Gxw,"BENEE, Gus Dapperton",Supalonely,Republic Records,24,26,5,639709,CA,Canada,Q2,2020
28,spotify:track:3jjujdWJ72nww5eGnfs2E7,Harry Styles,Adore You,Columbia,7,27,18,593154,CA,Canada,Q2,2020
29,spotify:track:2p8IUWQDrpjuFltbdgLOag,The Weeknd,After Hours,Republic Records,2,20,8,561048,CA,Canada,Q2,2020
30,spotify:track:2b8fOow8UzyDFAE27YhOZM,Maroon 5,Memories,Interscope Records*,7,30,29,528574,CA,Canada,Q2,2020
31,spotify:track:78qd8dvwea0Gosb6Fe6j3k,Doja Cat,Boss Bitch,Atlantic Records,31,45,5,518593,CA,Canada,Q2,2020
32,spotify:track:07KXEDMj78x68D884wgVEm,"Roddy Ricch, Mustard",High Fashion (feat. Mustard),Atlantic Records,17,32,14,512727,CA,Canada,Q2,2020
33,spotify:track:2alc8VZAzDgdAsL2QMk3hu,DripReport,Skechers,Arista Records,33,46,5,509316,CA,Canada,Q2,2020
34,spotify:track:4S2uhQE8L9V6p7rj7SiauJ,"YNW Melly, Juice WRLD",Suicidal (feat. Juice WRLD) - Remix,P2020,28,34,4,496661,CA,Canada,Q2,2020
35,spotify:track:6ap9lSRJ0iLriGLqoJ44cq,24kGoldn,CITY OF ANGELS,Records/Columbia,29,29,8,493400,CA,Canada,Q2,2020
36,spotify:track:2wrJq5XKLnmhRXHIAf9xBa,"Dan + Shay, Justin Bieber","10,000 Hours (with Justin Bieber)",Warner Music Nashville,2,33,27,490165,CA,Canada,Q2,2020
37,spotify:track:3ZCTVFBt2Brf31RLEnCkWJ,Billie Eilish,everything i wanted,Darkroom/Interscope Records,1,39,22,489184,CA,Canada,Q2,2020
38,spotify:track:2gMXnyrvIjhVBUZwvLZDMP,Lewis Capaldi,Before You Go,Vertigo Berlin,19,35,20,485196,CA,Canada,Q2,2020
39,spotify:track:7wsmIIm0xWmtP7TmACXkJn,"Lil Yachty, DaBaby, Drake",Oprah’s Bank Account (Lil Yachty & DaBaby feat. Drake),Quality Control Music/Motown Records,20,28,5,479380,CA,Canada,Q2,2020
40,spotify:track:2ShvTyfnjRWVjNB6vmu5Bb,Tory Lanez,Who Needs Love,Interscope Records,40,-1,1,469991,CA,Canada,Q2,2020
41,spotify:track:7aiClxsDWFRQ0Kzk5KI5ku,blackbear,hot girl bummer,Alamo,7,43,33,468959,CA,Canada,Q2,2020
42,spotify:track:2Fxmhks0bxGSBdJ92vM42m,Billie Eilish,bad guy,Darkroom/Interscope Records,1,47,54,464105,CA,Canada,Q2,2020
43,spotify:track:0RiRZpuVRbi7oqRdSMwhQY,"Post Malone, Swae Lee",Sunflower - Spider-Man: Into the Spider-Verse,Republic Records,2,51,77,460551,CA,Canada,Q2,2020
44,spotify:track:7lidXGPXPYLNThITAOTlkK,Halsey,You should be sad,Capitol Records,12,38,13,459627,CA,Canada,Q2,2020
45,spotify:track:3kW4z2pIj5VY5fLjBrMRL5,Lil Uzi Vert,P2,Generation Now/Atlantic,7,40,5,454148,CA,Canada,Q2,2020
46,spotify:track:6bnF93Rx87YqUBLSgjiMU8,The Weeknd,Heartless,Republic Records,1,31,20,435275,CA,Canada,Q2,2020
47,spotify:track:3yOlyBJuViE2YSGn3nVE1K,"Camila Cabello, DaBaby",My Oh My (feat. DaBaby),Syco Music/Epic,8,41,18,432087,CA,Canada,Q2,2020
48,spotify:track:3QzAOrNlsabgbMwlZt7TAY,"Mustard, Roddy Ricch",Ballin' (with Roddy Ricch),10 Summers Records/Interscope Records,20,55,30,426172,CA,Canada,Q2,2020
49,spotify:track:6Q3K9gVUZRMZqZKrXovbM2,"Kygo, Sasha Alex Sloan",I'll Wait,Kygo,49,-1,1,424919,CA,Canada,Q2,2020
50,spotify:track:3cqPu20DGTGUoZtbJH2Dmi,Ali Gatie,What If I Told You That I Love You,Warner Records,14,44,11,424089,CA,Canada,Q2,2020
1,spotify:track:7ytR5pFWmSjzHJIeQkgog4,"DaBaby, Roddy Ricch",ROCKSTAR (feat. Roddy Ricch),South Coast Music Group/Interscope Records,1,1,12,1894981,CA,Canada,Q3,2020
2,spotify:track:24Yi9hE78yPEbZ4kxyoXAI,"SAINt JHN, Imanbek",Roses - Imanbek Remix,Craft Recordings,2,2,28,1431484,CA,Canada,Q3,2020
3,spotify:track:1xQ6trAsedVPCdbtDAmk0c,"Jawsh 685, Jason Derulo",Savage Love (Laxed - Siren Beat),Columbia,3,3,4,1423148,CA,Canada,Q3,2020
4,spotify:track:1H7KnK26kc1YyellpbINEn,"Pop Smoke, 50 Cent, Roddy Ricch",The Woo (feat. 50 Cent & Roddy Ricch),Victor Victor Worldwide,4,-1,1,1400863,CA,Canada,Q3,2020
5,spotify:track:0PvFJmanyNQMseIFrU708S,"Pop Smoke, Lil Baby, DaBaby",For The Night (feat. Lil Baby & DaBaby),Victor Victor Worldwide,5,-1,1,1312538,CA,Canada,Q3,2020
6,spotify:track:6UelLqGlWMcVH1E5c4H7lY,Harry Styles,Watermelon Sugar,Columbia,5,5,34,1230352,CA,Canada,Q3,2020
7,spotify:track:0VjIjW4GlUZAMYd2vXMi3b,The Weeknd,Blinding Lights,Republic Records,1,4,32,1108121,CA,Canada,Q3,2020
8,spotify:track:2MbdDtCv5LUVjYy9RuGTgC,"Jack Harlow, Tory Lanez, DaBaby, Lil Wayne","WHATS POPPIN (feat. DaBaby, Tory Lanez & Lil Wayne) - Remix",Generation Now/Atlantic,6,6,2,1074402,CA,Canada,Q3,2020
9,spotify:track:25zlnOAzbVoOzIeXSvQFf1,Pop Smoke,Got It On Me,Victor Victor Worldwide,9,-1,1,967347,CA,Canada,Q3,2020
10,spotify:track:5RqR4ZCCKJDcBLIn4sih9l,StaySolidRocky,Party Girl,Columbia,4,7,11,892816,CA,Canada,Q3,2020
11,spotify:track:1hg3RlqFZXJb5YgRoK9qmF,Pop Smoke,Gangstas,Victor Victor Worldwide,11,-1,1,889937,CA,Canada,Q3,2020
12,spotify:track:22LAwLoDA5b4AaGSkg6bKW,Lil Mosey,Blueberry Faygo,Mogul Vision/Interscope Records,4,10,22,864294,CA,Canada,Q3,2020
13,spotify:track:3H7ihDc1dqLriiWXwsc2po,"Topic, A7S",Breaking Me,Intercord,12,12,14,852080,CA,Canada,Q3,2020
14,spotify:track:7eJMfftS33KTjuF7lTsMCx,"Powfu, beabadoobee",death bed (coffee for your head),Columbia,6,9,21,824341,CA,Canada,Q3,2020
15,spotify:track:24IgCW19L8lXKyFZwzFtD3,"Black Eyed Peas, Ozuna, J. Rey Soul",MAMACITA,Epic,15,16,8,819393,CA,Canada,Q3,2020
16,spotify:track:466cKvZn1j45IpxDdYZqdA,Drake,Toosie Slide,OVO,1,8,14,796442,CA,Canada,Q3,2020
17,spotify:track:7ju97lgwC2rKQ6wwsf9no9,"Lady Gaga, Ariana Grande",Rain On Me (with Ariana Grande),Interscope,2,11,7,782407,CA,Canada,Q3,2020
18,spotify:track:1rgnBhdG2JDFTbYkYRZAku,Tones And I,Dance Monkey,Elektra (NEK),1,14,50,779266,CA,Canada,Q3,2020
19,spotify:track:79s5XnCN4TJKTVMSmOx8Ep,Pop Smoke,Dior,Victor Victor Worldwide/Republic Records,19,75,22,776142,CA,Canada,Q3,2020
20,spotify:track:7sjFIZ1g5QLJLGja3k592K,Pop Smoke,44 BullDog,Victor Victor Worldwide,20,-1,1,770073,CA,Canada,Q3,2020
21,spotify:track:6O7fPYTsb2mY0PiFt2ymDB,"Pop Smoke, Quavo",Aim For The Moon (feat. Quavo),Victor Victor Worldwide,21,-1,1,761813,CA,Canada,Q3,2020
22,spotify:track:5rZlwNFl01HqLWBQGryKSm,"Pop Smoke, Lil Tjay",Mood Swings (feat. Lil Tjay),Victor Victor Worldwide,22,-1,1,747343,CA,Canada,Q3,2020
23,spotify:track:71d7LaAgPcNcUopu3OzmP7,"Pop Smoke, Rowdy Rebel",Make It Rain (feat. Rowdy Rebel),Victor Victor Worldwide,23,97,4,738528,CA,Canada,Q3,2020
24,spotify:track:4umIPjkehX1r7uhmGvXiSV,"Justin Bieber, Quavo",Intentions (feat. Quavo),RBMG/Def Jam,2,15,22,735149,CA,Canada,Q3,2020
25,spotify:track:62aP9fBQKYKxi7PDXwcUAS,"Surf Mesa, Emilee",ily (i love you baby) (feat. Emilee),Astralwerks,17,21,14,730217,CA,Canada,Q3,2020
26,spotify:track:5kkaSMcf4BFlhRRICCKZb6,Pop Smoke,Something Special,Victor Victor Worldwide,26,-1,1,706355,CA,Canada,Q3,2020
27,spotify:track:0nbXyq5TXYPCO7pr3N8S4I,Roddy Ricch,The Box,Atlantic Records,1,17,31,692606,CA,Canada,Q3,2020
28,spotify:track:1Cv1YLb4q0RzL6pybtaMLo,Surfaces,Sunday Best,"Surfaces Music / TenThousand Projects, LLC",12,19,25,685490,CA,Canada,Q3,2020
29,spotify:track:3PfIrDoz19wz7qK7tYeu62,Dua Lipa,Don't Start Now,Warner Records,5,20,36,682374,CA,Canada,Q3,2020
30,spotify:track:39Yp9wwQiSRIDOvrVg7mbk,"THE SCOTTS, Travis Scott, Kid Cudi",THE SCOTTS,Cactus Jack / Epic,1,18,11,663354,CA,Canada,Q3,2020
31,spotify:track:0bjgQ24UZGwKikldIyEOgf,Pop Smoke,Yea Yea,Victor Victor Worldwide,31,-1,1,645041,CA,Canada,Q3,2020
32,spotify:track:3eV2WT9YhfzkxbufnBF8wK,"Pop Smoke, Swae Lee",Creature (feat. Swae Lee),Victor Victor Worldwide,32,-1,1,635471,CA,Canada,Q3,2020
33,spotify:track:017PF4Q3l4DBUiWoXk4OWT,Dua Lipa,Break My Heart,Warner Records,14,22,15,623858,CA,Canada,Q3,2020
34,spotify:track:7mEUjhl6aTztdHCrxoTgBG,"Kanye West, Travis Scott",Wash Us In The Blood,Getting Out Our Dreams II / Def Jam Recordings,34,94,2,622427,CA,Canada,Q3,2020
35,spotify:track:3Z8FwOEN59mRMxDCtb8N0A,"Marshmello, Halsey",Be Kind (with Halsey),Astralwerks,13,23,10,621525,CA,Canada,Q3,2020
36,spotify:track:1tkg4EHVoqnhR6iFEXb60y,Pop Smoke,What You Know Bout Love,Victor Victor Worldwide,36,-1,1,613824,CA,Canada,Q3,2020
37,spotify:track:3NWrHCwvyII4fTx05PN3IO,"Pop Smoke, KAROL G",Enjoy Yourself (feat. Karol G),Victor Victor Worldwide,37,-1,1,612335,CA,Canada,Q3,2020
38,spotify:track:4JB0EAT4BkLShTyTt50FmO,"Ty Dolla $ign, FKA twigs, Skrillex, Kanye West","Ego Death (feat. Kanye West, FKA twigs & Skrillex)",Atlantic Records,38,-1,1,594967,CA,Canada,Q3,2020
39,spotify:track:4wVOKKEHUJxHCFFNUWDn0B,"Drake, GIVĒON",Chicago Freestyle (feat. Giveon),OVO,7,26,10,576584,CA,Canada,Q3,2020
40,spotify:track:21jGcNKet2qwijlDFuPiPb,Post Malone,Circles,Republic Records,1,27,45,574960,CA,Canada,Q3,2020
41,spotify:track:4HBZA5flZLE435QTztThqH,"Ariana Grande, Justin Bieber",Stuck with U (with Justin Bieber),"Ariana Grande & Justin Bieber ""Stuck With U""- Charity",1,25,9,572946,CA,Canada,Q3,2020
42,spotify:track:5v4GgrXPMghOnBBLmveLac,"Megan Thee Stallion, Beyoncé",Savage Remix (feat. Beyoncé),300 Entertainment,15,24,11,572641,CA,Canada,Q3,2020
43,spotify:track:2D0dj3hVkRQJCp63cxCPEx,"Curtis Waters, Harm Franklin",Stunnin' (feat. Harm Franklin) (Explicit),BMG Rights Management (US) LLC,40,40,4,562782,CA,Canada,Q3,2020
44,spotify:track:6wXgnhpmOPEJ7cUweSyy2B,"Diplo, Thomas Rhett, Young Thug",Dance with Me (feat. Thomas Rhett & Young Thug),Columbia,33,33,6,561382,CA,Canada,Q3,2020
45,spotify:track:7qEHsqek33rTcFNT9PFqLf,Lewis Capaldi,Someone You Loved,Vertigo Berlin,3,30,80,559946,CA,Canada,Q3,2020
46,spotify:track:1JDhNQ0oOT7XpclZn3aQ8F,"Pop Smoke, Tyga, Quavo",West Coast Shit (feat. Tyga & Quavo),Victor Victor Worldwide,46,-1,1,556611,CA,Canada,Q3,2020
47,spotify:track:4OGIeHtYhRTJ8iW21UUyZW,Pop Smoke,Bad Bitch From Tokyo (Intro),Victor Victor Worldwide,47,-1,1,539377,CA,Canada,Q3,2020
48,spotify:track:2FhEj9lvEIaJihjFprRrGt,"Pop Smoke, Quavo, Future",Snitching (feat. Quavo & Future),Victor Victor Worldwide,48,-1,1,536336,CA,Canada,Q3,2020
49,spotify:track:527k23H0A4Q0UJN3vGs0Da,Don Toliver,After Party,We Run It Ent./Cactus Jack/Atlantic,19,31,14,530683,CA,Canada,Q3,2020
50,spotify:track:3vAn0qZzdyuHamcrpkfiX3,BLACKPINK,How You Like That,YG Entertainment/Interscope Records,13,13,2,522714,CA,Canada,Q3,2020
1,spotify:track:3tjFYV6RSFtuktYl3ZtYcq,"24kGoldn, iann dior",Mood (feat. iann dior),Records/Columbia,1,1,9,1851941,CA,Canada,Q4,2020
2,spotify:track:7hxHWCCAIIxFLCzvDgnQHX,"Internet Money, Gunna, Don Toliver, NAV",Lemonade (feat. NAV),Internet Money Records / TenThousand Projects,2,2,8,1415821,CA,Canada,Q4,2020
3,spotify:track:4Oun2ylbjFKMPTiaSbbCih,"Cardi B, Megan Thee Stallion",WAP (feat. Megan Thee Stallion),Atlantic/KSR,1,3,9,1381429,CA,Canada,Q4,2020
4,spotify:track:4Q34FP1AT7GEl9oLgNtiWj,"21 Savage, Metro Boomin, Drake",Mr. Right Now (feat. Drake),"Slaughter Gang, LLC/Epic/Boominati Worldwide/Republic",4,-1,1,1243567,CA,Canada,Q4,2020
5,spotify:track:5SWnsxjhdcEDc7LJjq9UHk,"21 Savage, Metro Boomin",Runnin,"Slaughter Gang, LLC/Epic/Boominati Worldwide/Republic",5,-1,1,1187648,CA,Canada,Q4,2020
6,spotify:track:0PvFJmanyNQMseIFrU708S,"Pop Smoke, Lil Baby, DaBaby",For The Night (feat. Lil Baby & DaBaby),Victor Victor Worldwide,5,6,14,1142692,CA,Canada,Q4,2020
7,spotify:track:2SAqBLGA283SUiwJ3xOUVI,"Drake, Lil Durk",Laugh Now Cry Later (feat. Lil Durk),OVO,1,4,8,1109433,CA,Canada,Q4,2020
8,spotify:track:5u1n1kITHCxxp8twBcZxWy,"Justin Bieber, Chance the Rapper",Holy (feat. Chance The Rapper),RBMG/Def Jam,4,5,3,1076334,CA,Canada,Q4,2020
9,spotify:track:5KCbr5ndeby4y4ggthdiAb,Shawn Mendes,Wonder,Shawn Mendes LP4-5 PS/ Island,9,-1,1,1069487,CA,Canada,Q4,2020
10,spotify:track:7ytR5pFWmSjzHJIeQkgog4,"DaBaby, Roddy Ricch",ROCKSTAR (feat. Roddy Ricch),South Coast Music Group/Interscope Records,1,8,25,967631,CA,Canada,Q4,2020
11,spotify:track:1tkg4EHVoqnhR6iFEXb60y,Pop Smoke,What You Know Bout Love,Victor Victor Worldwide,11,11,14,952017,CA,Canada,Q4,2020
12,spotify:track:6EDO9iiTtwNv6waLwa1UUq,"DJ Khaled, Drake",POPSTAR (feat. Drake),OVO/We The Best/Epic,1,10,12,830157,CA,Canada,Q4,2020
13,spotify:track:6pcywuOeGGWeOQzdUyti6k,"21 Savage, Metro Boomin",Glock In My Lap,"Slaughter Gang, LLC/Epic/Boominati Worldwide/Republic",13,-1,1,790858,CA,Canada,Q4,2020
14,spotify:track:6UelLqGlWMcVH1E5c4H7lY,Harry Styles,Watermelon Sugar,Columbia,5,12,47,789925,CA,Canada,Q4,2020
15,spotify:track:2Wo6QQD1KMDWeFkkjLqwx5,"SAINt JHN, Imanbek",Roses - Imanbek Remix,Craft Recordings,2,13,41,760093,CA,Canada,Q4,2020
16,spotify:track:0t1kP63rueHleOhQkYSXFY,BTS,Dynamite,BIGHIT MUSIC,6,18,7,757659,CA,Canada,Q4,2020
17,spotify:track:0ofHAoxe9vBkTCp2UQIavz,Fleetwood Mac,Dreams - 2004 Remaster,Rhino/Warner Records,17,51,2,753190,CA,Canada,Q4,2020
18,spotify:track:5f1joOtoMeyppIcJGZQvqJ,"Kane Brown, Swae Lee, Khalid",Be Like That - feat. Swae Lee & Khalid,RCA Records Label Nashville,14,17,13,749372,CA,Canada,Q4,2020
19,spotify:track:2Y0wPrPQBrGhoLn14xRYCG,"Juice WRLD, Marshmello",Come & Go (with Marshmello),Grade A Productions/Interscope Records,2,16,13,747002,CA,Canada,Q4,2020
20,spotify:track:1xQ6trAsedVPCdbtDAmk0c,"Jawsh 685, Jason Derulo",Savage Love (Laxed - Siren Beat),Columbia,2,9,17,741505,CA,Canada,Q4,2020
21,spotify:track:4SCnCPOUOUXUmCX2uHb3r7,"Bryson Tiller, Drake",Outta Time (feat. Drake),TrapSoul/RCA Records,21,-1,1,736176,CA,Canada,Q4,2020
22,spotify:track:5rZlwNFl01HqLWBQGryKSm,"Pop Smoke, Lil Tjay",Mood Swings (feat. Lil Tjay),Victor Victor Worldwide,6,14,14,720219,CA,Canada,Q4,2020
23,spotify:track:7kDUspsoYfLkWnZR7qwHZl,"mgk, blackbear",my ex's best friend (with blackbear),Bad Boy/Interscope Records,19,19,9,705204,CA,Canada,Q4,2020
24,spotify:track:2MbdDtCv5LUVjYy9RuGTgC,"Jack Harlow, Tory Lanez, DaBaby, Lil Wayne","WHATS POPPIN (feat. DaBaby, Tory Lanez & Lil Wayne) - Remix",Generation Now/Atlantic,6,15,15,693855,CA,Canada,Q4,2020
25,spotify:track:0VjIjW4GlUZAMYd2vXMi3b,The Weeknd,Blinding Lights,Republic Records,1,20,45,683308,CA,Canada,Q4,2020
26,spotify:track:4Ws314Ylb27BVsvlZOy30C,BLACKPINK,Lovesick Girls,YG Entertainment/Interscope Records,26,-1,1,679600,CA,Canada,Q4,2020
27,spotify:track:3CDVMejYHnB1SkEEx0T1N4,"21 Savage, Metro Boomin",Many Men,"Slaughter Gang, LLC/Epic/Boominati Worldwide/Republic",27,-1,1,668321,CA,Canada,Q4,2020
28,spotify:track:4xqrdfXkTW4T0RauPLv3WA,Conan Gray,Heather,Republic Records,17,21,11,649193,CA,Canada,Q4,2020
29,spotify:track:3ruoIF2UnoXdzK8mR61ebq,"21 Savage, Metro Boomin, Young Thug",Rich Nigga Shit (feat. Young Thug),"Slaughter Gang, LLC/Epic/Boominati Worldwide/Republic",29,-1,1,645224,CA,Canada,Q4,2020
30,spotify:track:6AGOKlMZWLCaEJGnaROtF9,Ritt Momney,Put Your Records On,Columbia,26,26,4,644905,CA,Canada,Q4,2020
31,spotify:track:7iAgNZdotu40NwtoIWJHFe,"BLACKPINK, Cardi B",Bet You Wanna (feat. Cardi B),YG Entertainment/Interscope Records,31,-1,1,642013,CA,Canada,Q4,2020
32,spotify:track:3H7ihDc1dqLriiWXwsc2po,"Topic, A7S",Breaking Me,Intercord,12,23,27,636474,CA,Canada,Q4,2020
33,spotify:track:45bE4HXI0AwGZXfZtMp8JR,Tate McRae,you broke me first,RCA Records Label,22,25,13,636406,CA,Canada,Q4,2020
34,spotify:track:7fxSLnklnayJNBIKntXedZ,"21 Savage, Metro Boomin",Slidin,"Slaughter Gang, LLC/Epic/Boominati Worldwide/Republic",34,-1,1,619513,CA,Canada,Q4,2020
35,spotify:track:2U5WueTLIK5WJLD7mvDODv,Juice WRLD,Wishing Well,Grade A Productions/Interscope Records,3,24,13,611593,CA,Canada,Q4,2020
36,spotify:track:4jVBIpuOiMj1crqd8LoCrJ,"Travis Scott, Young Thug, M.I.A.",FRANCHISE (feat. Young Thug & M.I.A.),Cactus Jack/Epic,7,7,2,606897,CA,Canada,Q4,2020
37,spotify:track:2r6OAV3WsYtXuXjvJ1lIDi,"Pop Smoke, A Boogie Wit da Hoodie",Hello (feat. A Boogie Wit da Hoodie),Victor Victor Worldwide,20,22,12,589526,CA,Canada,Q4,2020
38,spotify:track:7qEHsqek33rTcFNT9PFqLf,Lewis Capaldi,Someone You Loved,Vertigo Berlin,3,35,93,542218,CA,Canada,Q4,2020
39,spotify:track:33gwZOGJWEZ7dRWPqPxBEZ,"Big Sean, Post Malone",Wolves (feat. Post Malone),"Getting Out Our Dreams, Inc./Def Jam Recordings",29,36,5,539338,CA,Canada,Q4,2020
40,spotify:track:42Tohunwlh34o0mgxYx5iq,"21 Savage, Metro Boomin",My Dawg,"Slaughter Gang, LLC/Epic/Boominati Worldwide/Republic",40,-1,1,537390,CA,Canada,Q4,2020
41,spotify:track:22LAwLoDA5b4AaGSkg6bKW,Lil Mosey,Blueberry Faygo,Mogul Vision/Interscope Records,4,30,35,528785,CA,Canada,Q4,2020
42,spotify:track:2gMXnyrvIjhVBUZwvLZDMP,Lewis Capaldi,Before You Go,Vertigo Berlin,19,37,46,517457,CA,Canada,Q4,2020
43,spotify:track:1H7KnK26kc1YyellpbINEn,"Pop Smoke, 50 Cent, Roddy Ricch",The Woo (feat. 50 Cent & Roddy Ricch),Victor Victor Worldwide,4,28,14,512832,CA,Canada,Q4,2020
44,spotify:track:59qrUpoplZxbIZxk6X0Bm3,Jason Derulo,Take You Dancing,Atlantic Records,38,39,11,497214,CA,Canada,Q4,2020
45,spotify:track:6wQlQrTY5mVS8EGaFZVwVF,"Juice WRLD, The Weeknd",Smile (with The Weeknd),Grade A Productions/Interscope Records,4,33,9,496147,CA,Canada,Q4,2020
46,spotify:track:27ycaQnQAxaPiyeg3nr2aB,Miley Cyrus,Midnight Sky,RCA Records Label,18,34,8,495583,CA,Canada,Q4,2020
47,spotify:track:1rgnBhdG2JDFTbYkYRZAku,Tones And I,Dance Monkey,Elektra (NEK),1,38,63,492845,CA,Canada,Q4,2020
48,spotify:track:35RJhm1pEovTBwnNR0zWad,"DJ Khaled, Drake",GREECE (feat. Drake),OVO/We The Best/Epic,2,29,12,486414,CA,Canada,Q4,2020
49,spotify:track:0xUvi7wldroBzaZCengPa5,"Money Man, Lil Baby",24 (feat. Lil Baby),Black Circle / EMPIRE,42,43,7,484198,CA,Canada,Q4,2020
50,spotify:track:6cx06DFPPHchuUAcTxznu9,"Joel Corry, MNEK",Head & Heart (feat. MNEK),Atlantic Records UK,38,40,11,478044,CA,Canada,Q4,2020
1,spotify:track:7k4t7uLgtOxPwTpFmtJNTY,"KAROL G, Nicki Minaj",Tusa,TUSA - Karol G & Nicki Minaj,1,1,9,723618,CO,Colombia,Q1,2020
2,spotify:track:6mAN61JH0dzyZpWslS11jy,"Rauw Alejandro, Farruko",Fantasias,"(SME US Latin) Duars Entertainment, Corp. (2)",2,2,19,466492,CO,Colombia,Q1,2020
3,spotify:track:7sQKy5vlPQllr0k9IjYJv3,"Arcángel, Sech, Dímelo Flow",Sigues Con El,Rimas Entertainment LLC.,3,3,4,466316,CO,Colombia,Q1,2020
4,spotify:track:1rgnBhdG2JDFTbYkYRZAku,Tones And I,Dance Monkey,Elektra (NEK),4,6,17,443730,CO,Colombia,Q1,2020
5,spotify:track:6cy3ki60hLwimwIje7tALf,"Black Eyed Peas, J Balvin",RITMO (Bad Boys For Life),Epic/We The Best,1,4,13,405229,CO,Colombia,Q1,2020
6,spotify:track:2rc7BkzO8qepMFAxHtOrXc,J Balvin,Blanco,UMLE - Latino,4,5,8,386882,CO,Colombia,Q1,2020
7,spotify:track:5stPVcRqb4qixbafP9e8lt,"Dalex, Lenny Tavárez, Chencho Corleone, Juhn, Dímelo Flow",Hola - Remix,Rich Music,7,10,10,385386,CO,Colombia,Q1,2020
8,spotify:track:0fea68AdmYNygeTGI4RC18,"J Balvin, Bad Bunny",LA CANCIÓN,Universal Music Latino / Rimas,2,7,28,368538,CO,Colombia,Q1,2020
9,spotify:track:5DxXgozhkPLgrbKFY91w0c,Bad Bunny,Vete,Rimas Entertainment LLC,4,9,7,366906,CO,Colombia,Q1,2020
10,spotify:track:2ksOAxtIxY8yElEWw8RhgK,"Anuel AA, Daddy Yankee, KAROL G, J Balvin, Ozuna",China,"2019 Real Hasta La Muerte, LLC.",1,8,25,361577,CO,Colombia,Q1,2020
11,spotify:track:2J9B63FawlTaPdg4eH5X03,Beéle,Loco,Hear This Music,3,11,21,315944,CO,Colombia,Q1,2020
12,spotify:track:3jbT1Y5MoPwEIpZndDDwVq,"Tainy, Anuel AA, Ozuna",Adicto (with Anuel AA & Ozuna),NEON16/Interscope Records,2,12,20,305989,CO,Colombia,Q1,2020
13,spotify:track:5Id5B3dxJZhPcV9GzgYZZe,"Rich Music LTD, Sech, Dalex, Justin Quiles, Lenny Tavárez, Feid, Wisin, Zion",Quizas,Rich Music,4,15,16,303835,CO,Colombia,Q1,2020
14,spotify:track:2TH65lNHgvLxCKXM3apjxI,"Bad Bunny, Tainy",Callaita,Rimas Entertainment LLC,1,13,32,303386,CO,Colombia,Q1,2020
15,spotify:track:4R8BJggjosTswLxtkw8V7P,"JHAYCO, J Balvin, Bad Bunny",No Me Conoce - Remix,N&E Entertainment LLC,3,14,34,302608,CO,Colombia,Q1,2020
16,spotify:track:2pWOMNQJW3g2zmGjP0Vkb0,"Nicky Jam, Anuel AA",Whine Up,Sony Music Latin,16,18,11,265087,CO,Colombia,Q1,2020
17,spotify:track:59s0s39NFWScuHDbHytI14,"Reik, J Balvin, Lalo Ebratt",Indeciso,Indeciso,7,17,20,260933,CO,Colombia,Q1,2020
18,spotify:track:6Y4PDQv4XjYjHLeLmvyOt0,"Sech, Ozuna",Si Te Vas,Rich Music,9,19,15,256605,CO,Colombia,Q1,2020
19,spotify:track:25ZAibhr3bdlMCLmubZDVt,"J Balvin, Bad Bunny",QUE PRETENDES,Universal Music Latino / Rimas,4,20,28,251232,CO,Colombia,Q1,2020
20,spotify:track:4iFTIshL0xDCw8JJUl5AJ3,"Andy Rivera, Jhonny Rivera, Jessi Uribe",Alguien Me Gusta,Andy Rivera,15,16,16,247613,CO,Colombia,Q1,2020
21,spotify:track:1nocRtwyNPVtGcIJqfgdzZ,"Camilo, Pedro Capó",Tutu,Sony Music Latin,2,21,22,241167,CO,Colombia,Q1,2020
22,spotify:track:6v3KW9xbzN5yKLt9YKDYA2,"Shawn Mendes, Camila Cabello",Señorita,Island Records,10,23,29,223584,CO,Colombia,Q1,2020
23,spotify:track:6RyaV7owmVU6fzEPE17sF1,Daddy Yankee,Que Tire Pa Lante,UME - Global Clearing House,15,22,12,220378,CO,Colombia,Q1,2020
24,spotify:track:1Xnn1TPyr5h0hpRAT4B4EA,"Dalex, Lenny Tavárez, Anitta, NATTI NATASHA, Farruko, Justin Quiles",Bellaquita - Remix,Rich Music,24,27,7,219275,CO,Colombia,Q1,2020
25,spotify:track:37zdqI4r1gswIzczSBkRon,"Lunay, Anuel AA, Ozuna",Aventura,round2media - LaFamilia,18,25,11,215678,CO,Colombia,Q1,2020
26,spotify:track:5099x34vBakWpGkHourFxP,"Maluma, J Balvin",Qué Pena,Sony Music Latin,4,24,15,214862,CO,Colombia,Q1,2020
27,spotify:track:1cVlW9WQiGlFdWUXFdFZGh,"Piso 21, Christian Nodal",Pa' Olvidarme De Ella,WM Mexico,21,26,18,203449,CO,Colombia,Q1,2020
28,spotify:track:7KbF6AdprOXEEHlsq11Z6d,Maluma,11 PM,Sony Music Latin,4,28,34,200003,CO,Colombia,Q1,2020
29,spotify:track:4t9a07PAghtQMRAIP9FQ7Z,"Lunay, Daddy Yankee, Bad Bunny",Soltera (Remix),round2media - LaFamilia,2,29,35,199286,CO,Colombia,Q1,2020
30,spotify:track:0x1k6gSTSxaLxe0F2IThaX,"Mike Bahía, Danny Ocean",Detente,WM Mexico,20,33,8,198601,CO,Colombia,Q1,2020
31,spotify:track:4z6wo6PJG4Fve45OXK6D9m,"Arcángel, Bad Bunny",Infeliz,Rimas Entertainment LLC.,31,37,3,196474,CO,Colombia,Q1,2020
32,spotify:track:2qG5sZ7Si6sdK74qLxedYM,"ROSALÍA, J Balvin, El Guincho",Con Altura,Columbia,14,30,41,194151,CO,Colombia,Q1,2020
33,spotify:track:56f5qnyAlZdlz8wrUDA50h,"Mau y Ricky, Manuel Turizo, Camilo",Desconocidos,Sony Music Latin,3,31,65,191362,CO,Colombia,Q1,2020
34,spotify:track:684EjRHwNsZQ9hCQxL4NYL,"Dímelo Flow, Nicky Jam, Sech, Farruko, Zion, Lunay","El Favor (with Nicky Jam & Sech, feat. Farruko, Zion & Lunay)",Rich Music/Interscope Records,9,34,19,190172,CO,Colombia,Q1,2020
35,spotify:track:059bcIhyc2SBwm6sw2AZzd,"Piso 21, Micro TDH",Te Vi,WM Mexico,5,32,56,189919,CO,Colombia,Q1,2020
36,spotify:track:1ndyl3wJCFs872XZ3ztPk6,"Justin Quiles, NATTI NATASHA, Farruko, Lenny Tavárez, Dalex, Zion","DJ No Pare (feat. Zion, Dalex, Lenny Tavárez) - Remix",WEA Latina,22,35,18,184648,CO,Colombia,Q1,2020
37,spotify:track:6WrI0LAC5M1Rw2MnX2ZvEg,Dua Lipa,Don't Start Now,Warner Records,37,45,10,176226,CO,Colombia,Q1,2020
38,spotify:track:7fODjB7BrQTGqh0hogW6XD,"Sech, Justin Quiles, Maluma, Nicky Jam, Farruko, Dalex, Lenny Tavárez",Que Mas Pues - Remix,Rich Music/Ingrooves Records,2,39,39,172717,CO,Colombia,Q1,2020
39,spotify:track:7g8YaUQABMal0zWe7a2ijz,"Dalex, Rafa Pabön, KHEA, Sech, Feid, Cazzu, Lenny Tavárez",Pa Mí (Remix),Rich Music/Ingrooves Records,1,42,48,172488,CO,Colombia,Q1,2020
40,spotify:track:7BlBVFwvbWvcwNcUarQmjk,"ROSALÍA, Ozuna","Yo x Ti, Tu x Mi",Columbia,8,40,21,172192,CO,Colombia,Q1,2020
41,spotify:track:5iwz1NiezX7WWjnCgY5TH4,"Pedro Capó, Farruko",Calma - Remix,Sony Music Latin,1,36,66,171732,CO,Colombia,Q1,2020
42,spotify:track:41L3O37CECZt3N7ziG2z7l,Justin Bieber,Yummy,RBMG/Def Jam,42,-1,1,171277,CO,Colombia,Q1,2020
43,spotify:track:041Kcvnw8nOdq8xiRibPTG,"Greeicy, Nacho",Destino,UMLE - Latino,3,41,43,169237,CO,Colombia,Q1,2020
44,spotify:track:1Ej96GIBCTvgH7tNX1r3qr,"Sech, Darell",Otro Trago,Rich Music/Ingrooves Records,1,38,38,169213,CO,Colombia,Q1,2020
45,spotify:track:6K5BsR04ijf3FHNzjbaagD,"Myke Towers, Farruko, Arcángel, Sech, Zion",Si Se Da - Remix,2019 Casablanca Records & One World Music | Distributed by GLAD Empire,10,43,23,168533,CO,Colombia,Q1,2020
46,spotify:track:7pxL0DzPpCjjcdfQccvnus,"Piso 21, Myke Towers",Una Vida Para Recordar,WM Mexico,16,46,27,157685,CO,Colombia,Q1,2020
47,spotify:track:7anSoGdgtmJTAPZBzcPhO6,"Dalex, Nicky Jam, Justin Quiles, Sech, Lenny Tavárez, Feid, Rafa Pabön",Cuaderno,Rich Music/Ingrooves Records,6,44,35,157507,CO,Colombia,Q1,2020
48,spotify:track:26Qhn2T88XqVinXQpmSarj,"Nicky Jam, Sech",Atrévete,Sony Music Latin,11,48,23,156882,CO,Colombia,Q1,2020
49,spotify:track:4bTZeO72FwMa6wKOiqoynL,"Sech, Ozuna, Anuel AA, Darell, Nicky Jam",Otro Trago - Remix,Rich Music,3,47,24,152364,CO,Colombia,Q1,2020
50,spotify:track:1MYMEtHi6fmmGiDFLrBiY3,"Mike Bahía, Ovy On The Drums",La Lá,WM Mexico,16,50,35,151534,CO,Colombia,Q1,2020
1,spotify:track:380HmhwTE2NJgawn1NwkXi,J Balvin,Rojo,UMLE - Latino,1,1,6,683977,CO,Colombia,Q2,2020
2,spotify:track:2DEZmgHKAvm41k4J3R2E9Y,"Bad Bunny, Jowell & Randy, Ñengo Flow",Safaera,Rimas Entertainment LLC,2,3,6,554577,CO,Colombia,Q2,2020
3,spotify:track:6zEgnpM0qYmHLDnh8WPejL,J Balvin,Amarillo,UMLE - Latino,2,2,3,549149,CO,Colombia,Q2,2020
4,spotify:track:0SqqAgdovOE24BzxIClpjw,Bad Bunny,Yo Perreo Sola,Rimas Entertainment LLC,4,7,6,458787,CO,Colombia,Q2,2020
5,spotify:track:35KmOEIUqAGn02t7n4qaIr,J Balvin,Morado,UMLE - Latino,3,4,13,437040,CO,Colombia,Q2,2020
6,spotify:track:2lCkncy6bIB0LTMT7kvrD1,J Balvin,Azul,UMLE - Latino,3,5,3,410962,CO,Colombia,Q2,2020
7,spotify:track:7sQKy5vlPQllr0k9IjYJv3,"Arcángel, Sech, Dímelo Flow",Sigues Con El,Rimas Entertainment LLC.,2,10,17,374912,CO,Colombia,Q2,2020
8,spotify:track:38RIEav39FGi86jppxO0du,"Bad Bunny, Sech",Ignorantes,Rimas Entertainment LLC,2,8,8,373071,CO,Colombia,Q2,2020
9,spotify:track:41wtwzCZkXwpnakmwJ239F,Bad Bunny,Si Veo a Tu Mamá,Rimas Entertainment LLC,2,6,6,369554,CO,Colombia,Q2,2020
10,spotify:track:7k4t7uLgtOxPwTpFmtJNTY,"KAROL G, Nicki Minaj",Tusa,TUSA - Karol G & Nicki Minaj,1,9,22,365871,CO,Colombia,Q2,2020
11,spotify:track:7na7Bk98usp84FaOJFPv3d,Rauw Alejandro,Tattoo,"(SME US Latin) Duars Entertainment, Corp. (2)",11,14,8,363500,CO,Colombia,Q2,2020
12,spotify:track:6NfrH0ANGmgBXyxgV2PeXt,Bad Bunny,La Difícil,Rimas Entertainment LLC,4,12,6,326191,CO,Colombia,Q2,2020
13,spotify:track:5pXy29xzxR3aTB0SYRI590,J Balvin,Blanco,UMLE - Latino,4,11,21,322738,CO,Colombia,Q2,2020
14,spotify:track:3iQOfefMGDVDwo8dZoco8T,"Feid, Justin Quiles",PORFA,JP Entertainment (Jorge Pino),14,62,17,313303,CO,Colombia,Q2,2020
15,spotify:track:2hsA9YWuF3C9Gosi4dpjJN,J Balvin,Negro,UMLE - Latino,7,15,3,307382,CO,Colombia,Q2,2020
16,spotify:track:5stPVcRqb4qixbafP9e8lt,"Dalex, Lenny Tavárez, Chencho Corleone, Juhn, Dímelo Flow",Hola - Remix,Rich Music,4,17,23,297666,CO,Colombia,Q2,2020
17,spotify:track:0Snbzbd74RLfL0i4nn1vU5,Camilo,Favorito,Sony Music Latin,17,24,2,290702,CO,Colombia,Q2,2020
18,spotify:track:1syf62zw48zu4FrPwMtDHk,J Balvin,Gris,UMLE - Latino,5,13,3,288035,CO,Colombia,Q2,2020
19,spotify:track:1rgnBhdG2JDFTbYkYRZAku,Tones And I,Dance Monkey,Elektra (NEK),3,18,30,287515,CO,Colombia,Q2,2020
20,spotify:track:50ZC4PM7hywH27RcCfViau,"Rauw Alejandro, Dalex, Lenny Tavárez, Dímelo Flow",Elegí (feat. Dímelo Flow),Sony Music Latin,20,38,2,280415,CO,Colombia,Q2,2020
21,spotify:track:3PfIrDoz19wz7qK7tYeu62,Dua Lipa,Don't Start Now,Warner Records,16,16,23,273551,CO,Colombia,Q2,2020
22,spotify:track:0VjIjW4GlUZAMYd2vXMi3b,The Weeknd,Blinding Lights,Republic Records,22,23,19,269119,CO,Colombia,Q2,2020
23,spotify:track:3JHpk0DOTOzyh0777JFAky,Myke Towers,Diosa,"2020 One World Music & Casablanca Records | Powered by GLAD Empire, LL",14,22,9,262840,CO,Colombia,Q2,2020
24,spotify:track:2n7ohqg1s68ToAHh4u9mcW,Bad Bunny,Vete,Rimas Entertainment LLC,4,21,20,250581,CO,Colombia,Q2,2020
25,spotify:track:69vlMrzHwATKzupwNcUPyK,"Bad Bunny, Daddy Yankee",La Santa,Rimas Entertainment LLC,9,20,6,236661,CO,Colombia,Q2,2020
26,spotify:track:6mAN61JH0dzyZpWslS11jy,"Rauw Alejandro, Farruko",Fantasias,"(SME US Latin) Duars Entertainment, Corp. (2)",2,25,32,234920,CO,Colombia,Q2,2020
27,spotify:track:464uJVLmr0fDJGXOnciaDe,J Balvin,Rosa,UMLE - Latino,6,19,3,228013,CO,Colombia,Q2,2020
28,spotify:track:4lMOQR1rRW5hJgJXOtKraL,Sech,Relación,Rich Music,28,-1,1,226508,CO,Colombia,Q2,2020
29,spotify:track:0fea68AdmYNygeTGI4RC18,"J Balvin, Bad Bunny",LA CANCIÓN,Universal Music Latino / Rimas,2,26,41,216736,CO,Colombia,Q2,2020
30,spotify:track:3OeYgrFYUOSyA3XOWBCaLS,Morat,Nunca Te Olvidé,Universal Music Spain S.L.,30,-1,1,202191,CO,Colombia,Q2,2020
31,spotify:track:2w1rq80FIrbxeJy9WYURxw,"KAROL G, Anuel AA",Follow,UMLE - Latino,31,-1,1,201264,CO,Colombia,Q2,2020
32,spotify:track:4R8BJggjosTswLxtkw8V7P,"JHAYCO, J Balvin, Bad Bunny",No Me Conoce - Remix,N&E Entertainment LLC,3,29,47,200473,CO,Colombia,Q2,2020
33,spotify:track:0gWbAFRcUyZKdfUxEOuOiD,"Camilo, Evaluna Montaner",Por Primera Vez,Sony Music Latin,18,32,5,196713,CO,Colombia,Q2,2020
34,spotify:track:2Y1EBfErprYwOlgluV9neb,"Feid, Manuel Turizo",BORRAXXA,JP Entertainment (Jorge Pino),7,30,8,191589,CO,Colombia,Q2,2020
35,spotify:track:5VTTaqvgUN99gVpJp4ArxH,"KILATE TESLA, Puri",Mala Fama,Artsounds,31,53,7,191020,CO,Colombia,Q2,2020
36,spotify:track:43NqTeL8pgBxKHPMiJKUP5,Myke Towers,Girl,"2020 One World Music & Casablanca Records | Powered by GLAD Empire, LL",8,31,11,187860,CO,Colombia,Q2,2020
37,spotify:track:5Id5B3dxJZhPcV9GzgYZZe,"Rich Music LTD, Sech, Dalex, Justin Quiles, Lenny Tavárez, Feid, Wisin, Zion",Quizas,Rich Music,4,36,29,184203,CO,Colombia,Q2,2020
38,spotify:track:6cy3ki60hLwimwIje7tALf,"Black Eyed Peas, J Balvin",RITMO (Bad Boys For Life),Epic/We The Best,1,34,26,184057,CO,Colombia,Q2,2020
39,spotify:track:4GGwM2Krtlx9G9ii1RaEOx,"Dalex, Lenny Tavárez, Anitta, NATTI NATASHA, Farruko, Justin Quiles",Bellaquita (Remix),Rich Music,15,35,20,183654,CO,Colombia,Q2,2020
40,spotify:track:5eEQCfq7MXQr6aHLNRUZLs,Anuel AA,Keii,"2020 Real Hasta La Muerte, LLC",10,37,9,175929,CO,Colombia,Q2,2020
41,spotify:track:2ksOAxtIxY8yElEWw8RhgK,"Anuel AA, Daddy Yankee, KAROL G, J Balvin, Ozuna",China,"2019 Real Hasta La Muerte, LLC.",1,42,38,173779,CO,Colombia,Q2,2020
42,spotify:track:3HTbI3yUJQw3fP0Po8qLcD,"J Balvin, Sky Rompiendo",Verde,UMLE - Latino,10,27,3,172976,CO,Colombia,Q2,2020
43,spotify:track:017PF4Q3l4DBUiWoXk4OWT,Dua Lipa,Break My Heart,Warner Records,28,28,2,172139,CO,Colombia,Q2,2020
44,spotify:track:3qM0vBxIe4VUbK0Z0smuVP,"JHAYCO, Anuel AA, J Balvin",Medusa,N&E Entertainment LLC,14,41,10,169116,CO,Colombia,Q2,2020
45,spotify:track:3jbT1Y5MoPwEIpZndDDwVq,"Tainy, Anuel AA, Ozuna",Adicto (with Anuel AA & Ozuna),NEON16/Interscope Records,2,45,33,166591,CO,Colombia,Q2,2020
46,spotify:track:2TH65lNHgvLxCKXM3apjxI,"Bad Bunny, Tainy",Callaita,Rimas Entertainment LLC,1,43,45,163876,CO,Colombia,Q2,2020
47,spotify:track:2J9B63FawlTaPdg4eH5X03,Beéle,Loco,Hear This Music,3,44,34,161993,CO,Colombia,Q2,2020
48,spotify:track:6C1jKbkCUgFws7M0M4oGCB,"Dalex, Sech",Mejor,Rich Music,20,39,9,159307,CO,Colombia,Q2,2020
49,spotify:track:5zzbORcD0GwLY0wQHP1Xs1,"J Balvin, Mr Eazi",Arcoíris,UMLE - Latino,11,33,3,159249,CO,Colombia,Q2,2020
50,spotify:track:5Xhqh4lwJPtMUTsdBztN1a,"Shakira, Anuel AA",Me Gusta,Sony Music Latin,12,46,13,158954,CO,Colombia,Q2,2020
1,spotify:track:1mohfLaTJtB2RplHLQVM70,"Nio Garcia, Anuel AA, Myke Towers, Brray, Juanka",La Jeepeta - Remix,"2020 Flow La Movie, Inc. | Powered by GLAD Empire, LLC",1,6,10,456230,CO,Colombia,Q3,2020
2,spotify:track:3ZG8N7aWw2meb6UrI5ZmnZ,Sech,Relación,Rich Music,2,3,14,456096,CO,Colombia,Q3,2020
3,spotify:track:380HmhwTE2NJgawn1NwkXi,J Balvin,Rojo,UMLE - Latino,1,2,19,426323,CO,Colombia,Q3,2020
4,spotify:track:7lUdbnz7wsv3C9zzf4WHl9,"Feid, J Balvin, Maluma, Nicky Jam, Sech, Justin Quiles","PORFA Remix ( Feat. Maluma, Nicky Jam, Sech) - Remix",JP Entertainment (Jorge Pino),4,4,2,410841,CO,Colombia,Q3,2020
5,spotify:track:4HYDUMY0xSpeBr0AMY9cUz,"Jay Wheeler, DJ Nelson, Myke Towers",La Curiosidad,Linked Music / Dynamic Records / EMPIRE,5,13,4,402117,CO,Colombia,Q3,2020
6,spotify:track:4TOmcZvw0gHa7GiXRbcYAW,"Feid, Justin Quiles",PORFA,JP Entertainment (Jorge Pino),1,1,30,391581,CO,Colombia,Q3,2020
7,spotify:track:17A6MT3U1YKYsYpn3tOEpA,Greeicy,Los Consejos,UMLE - Latino,7,-1,1,377831,CO,Colombia,Q3,2020
8,spotify:track:2lCkncy6bIB0LTMT7kvrD1,J Balvin,Azul,UMLE - Latino,3,5,16,350966,CO,Colombia,Q3,2020
9,spotify:track:50ZC4PM7hywH27RcCfViau,"Rauw Alejandro, Dalex, Lenny Tavárez, Dímelo Flow",Elegí (feat. Dímelo Flow),Sony Music Latin,3,7,15,344701,CO,Colombia,Q3,2020
10,spotify:track:0jT8Nl0shPS8115is0wD2Q,Camilo,Favorito,Sony Music Latin,2,9,15,310795,CO,Colombia,Q3,2020
11,spotify:track:6zEgnpM0qYmHLDnh8WPejL,J Balvin,Amarillo,UMLE - Latino,2,8,16,308676,CO,Colombia,Q3,2020
12,spotify:track:7na7Bk98usp84FaOJFPv3d,Rauw Alejandro,Tattoo,"(SME US Latin) Duars Entertainment, Corp. (2)",5,10,21,299104,CO,Colombia,Q3,2020
13,spotify:track:6QSu3mgC8kUYtEDoBBQcJG,Greeicy,Los Besos,UMLE - Latino,13,20,12,295240,CO,Colombia,Q3,2020
14,spotify:track:35KmOEIUqAGn02t7n4qaIr,J Balvin,Morado,UMLE - Latino,3,11,26,285288,CO,Colombia,Q3,2020
15,spotify:track:2DEZmgHKAvm41k4J3R2E9Y,"Bad Bunny, Jowell & Randy, Ñengo Flow",Safaera,Rimas Entertainment LLC,2,12,19,275960,CO,Colombia,Q3,2020
16,spotify:track:34LI7rwi9H8w2S5KTHnv1M,Manuel Turizo,Quiéreme Mientras Se Pueda,Sony Music Latin/La Industria,14,14,10,272356,CO,Colombia,Q3,2020
17,spotify:track:6Hw21Z5CmEV78jrncFpMwz,Harry Nach,Tak Tiki Tak,Sony Music Entertainment Chile S.A,16,16,7,266237,CO,Colombia,Q3,2020
18,spotify:track:0VjIjW4GlUZAMYd2vXMi3b,The Weeknd,Blinding Lights,Republic Records,12,15,32,265267,CO,Colombia,Q3,2020
19,spotify:track:06s3QtMJVXw1AJX3UfvZG1,"Anuel AA, Bad Bunny",Hasta Que Dios Diga,"2020 Real Hasta La Muerte, LLC",5,18,6,261669,CO,Colombia,Q3,2020
20,spotify:track:7k4t7uLgtOxPwTpFmtJNTY,"KAROL G, Nicki Minaj",Tusa,TUSA - Karol G & Nicki Minaj,1,19,35,251585,CO,Colombia,Q3,2020
21,spotify:track:0SqqAgdovOE24BzxIClpjw,Bad Bunny,Yo Perreo Sola,Rimas Entertainment LLC,4,17,19,244961,CO,Colombia,Q3,2020
22,spotify:track:3gD4J3RUHy4OUuZ3qAiaiG,Ozuna,Caramelo,Aura Music Corp.,22,29,4,238083,CO,Colombia,Q3,2020
23,spotify:track:5stPVcRqb4qixbafP9e8lt,"Dalex, Lenny Tavárez, Chencho Corleone, Juhn, Dímelo Flow",Hola - Remix,Rich Music,4,21,36,233884,CO,Colombia,Q3,2020
24,spotify:track:2tFwfmceQa1Y6nRPhYbEtC,"JHAYCO, Bad Bunny",CÓMO SE SIENTE - Remix,N&E Entertainment LLC,19,24,9,224439,CO,Colombia,Q3,2020
25,spotify:track:7sQKy5vlPQllr0k9IjYJv3,"Arcángel, Sech, Dímelo Flow",Sigues Con El,Rimas Entertainment LLC.,2,22,30,220669,CO,Colombia,Q3,2020
26,spotify:track:6AzKhCHOms83jvNVLsz0Bt,"Aya Nakamura, Maluma",Djadja (feat. Maluma) - Remix,Rec. 118,26,26,4,220656,CO,Colombia,Q3,2020
27,spotify:track:5EbtodsuLbxrFDH6j5avVS,"Camilo, Pablo Alborán",El Mismo Aire - con Pablo Alborán,Sony Music Latin,21,25,4,214117,CO,Colombia,Q3,2020
28,spotify:track:0fea68AdmYNygeTGI4RC18,"J Balvin, Bad Bunny",LA CANCIÓN,Universal Music Latino / Rimas,2,23,54,210827,CO,Colombia,Q3,2020
29,spotify:track:1rgnBhdG2JDFTbYkYRZAku,Tones And I,Dance Monkey,Elektra (NEK),3,30,43,205195,CO,Colombia,Q3,2020
30,spotify:track:3JHpk0DOTOzyh0777JFAky,Myke Towers,Diosa,"2020 One World Music & Casablanca Records | Powered by GLAD Empire, LL",14,28,22,203481,CO,Colombia,Q3,2020
31,spotify:track:38RIEav39FGi86jppxO0du,"Bad Bunny, Sech",Ignorantes,Rimas Entertainment LLC,2,31,21,199266,CO,Colombia,Q3,2020
32,spotify:track:5pXy29xzxR3aTB0SYRI590,J Balvin,Blanco,UMLE - Latino,4,27,34,198311,CO,Colombia,Q3,2020
33,spotify:track:16uvds0iYqjEK8m5EGEdVd,"Feid, Manuel Turizo",BORRAXXA,JP Entertainment (Jorge Pino),7,32,21,194594,CO,Colombia,Q3,2020
34,spotify:track:3eJMSq78dDaFb7VvhNFnq6,Maluma,ADMV,Sony Music Latin,25,37,11,190924,CO,Colombia,Q3,2020
35,spotify:track:6mAN61JH0dzyZpWslS11jy,"Rauw Alejandro, Farruko",Fantasias,"(SME US Latin) Duars Entertainment, Corp. (2)",2,33,45,190250,CO,Colombia,Q3,2020
36,spotify:track:4R8BJggjosTswLxtkw8V7P,"JHAYCO, J Balvin, Bad Bunny",No Me Conoce - Remix,N&E Entertainment LLC,3,34,60,186463,CO,Colombia,Q3,2020
37,spotify:track:3PfIrDoz19wz7qK7tYeu62,Dua Lipa,Don't Start Now,Warner Records,16,36,36,182907,CO,Colombia,Q3,2020
38,spotify:track:5m3jpKkgkfoMcym1qjToFg,"Alex Rose, Rafa Pabön",Jangueo,Los Oidos Fresh/ Los Proximos,36,39,25,181118,CO,Colombia,Q3,2020
39,spotify:track:2hsA9YWuF3C9Gosi4dpjJN,J Balvin,Negro,UMLE - Latino,7,35,16,180390,CO,Colombia,Q3,2020
40,spotify:track:41wtwzCZkXwpnakmwJ239F,Bad Bunny,Si Veo a Tu Mamá,Rimas Entertainment LLC,2,38,19,180050,CO,Colombia,Q3,2020
41,spotify:track:4SJHHpKhcuXwDsCsPqshXj,"Rauw Alejandro, Chencho Corleone",El Efecto,"Duars Entertainment, Corp.",35,40,23,177949,CO,Colombia,Q3,2020
42,spotify:track:74j34STf8L6uADnTN69ohv,"Rauw Alejandro, Chencho Corleone, KEVVO, Bryant Myers, Lyanno, Dalex",El Efecto - Remix,"(SME US Latin) Duars Entertainment, Corp. (2)",41,42,26,176528,CO,Colombia,Q3,2020
43,spotify:track:6NfrH0ANGmgBXyxgV2PeXt,Bad Bunny,La Difícil,Rimas Entertainment LLC,4,41,19,172924,CO,Colombia,Q3,2020
44,spotify:track:5379uuUPHodsdVhy8pIAAr,"Cali Y El Dandee, Sebastian Yatra",Locura,Cali y El Dandee PS,31,44,9,167126,CO,Colombia,Q3,2020
45,spotify:track:0pgj4EzB1XRqgZemoMNG5D,"Camilo, Evaluna Montaner",Por Primera Vez,Sony Music Latin,12,43,18,160183,CO,Colombia,Q3,2020
46,spotify:track:0KkIkfsLEJbrcIhYsCL7L5,"Anuel AA, Daddy Yankee, KAROL G, Ozuna, J Balvin",China,"2020 Real Hasta La Muerte, LLC",1,45,51,157312,CO,Colombia,Q3,2020
47,spotify:track:3jbT1Y5MoPwEIpZndDDwVq,"Tainy, Anuel AA, Ozuna",Adicto (with Anuel AA & Ozuna),NEON16/Interscope Records,2,46,46,156019,CO,Colombia,Q3,2020
48,spotify:track:24Yi9hE78yPEbZ4kxyoXAI,"SAINt JHN, Imanbek",Roses - Imanbek Remix,Craft Recordings,45,50,16,155951,CO,Colombia,Q3,2020
49,spotify:track:5Id5B3dxJZhPcV9GzgYZZe,"Rich Music LTD, Sech, Dalex, Justin Quiles, Lenny Tavárez, Feid, Wisin, Zion",Quizas,Rich Music,4,47,42,154452,CO,Colombia,Q3,2020
50,spotify:track:1Ol5LmdNDNpFu1oNwfgkux,"Camilo, Pedro Capó",Tutu,Sony Music Latin,2,48,48,150502,CO,Colombia,Q3,2020
1,spotify:track:1yoMvmasuxZfqHEipJhRbp,Maluma,Hawái,Sony Music Latin,1,1,10,1005718,CO,Colombia,Q4,2020
2,spotify:track:73nAK3HgQK8dak83Y2WQ8F,Camilo,Vida de Rico,Sony Music Latin,2,3,3,712785,CO,Colombia,Q4,2020
3,spotify:track:4HYDUMY0xSpeBr0AMY9cUz,"Jay Wheeler, DJ Nelson, Myke Towers",La Curiosidad,Linked Music / Dynamic Records / EMPIRE,2,2,17,668036,CO,Colombia,Q4,2020
4,spotify:track:0JAZWvvqttGFm4UMDsPQXC,"Ozuna, Camilo",Despeinada,Aura Music Corp.,4,9,5,597526,CO,Colombia,Q4,2020
5,spotify:track:7x4ASXYEKfQBCewcZhK776,KAROL G,"Ay, DiOs Mío!",UMLE - Latino,2,4,13,596678,CO,Colombia,Q4,2020
6,spotify:track:5y7DaS3jAc9eZzcSOoUIwU,"Ozuna, J Balvin, Chencho Corleone",Una Locura,Aura Music Corp.,4,5,5,590218,CO,Colombia,Q4,2020
7,spotify:track:35UUpTmrcFXNIVIN26ujXl,"Sech, Daddy Yankee, J Balvin, ROSALÍA, Farruko",Relación - Remix,Rich Music,6,6,5,569914,CO,Colombia,Q4,2020
8,spotify:track:4ZRrLHqzhGRXYj2qcB4s5S,"Rauw Alejandro, Camilo",Tattoo - Remix with Camilo,Sony Music Latin/Duars Entertainment,2,7,13,555502,CO,Colombia,Q4,2020
9,spotify:track:4RJz8NfIe09gpKMiRUWKhJ,"Maluma, Lenny Tavárez, Justin Quiles",Parce (feat. Justin Quiles),Sony Music Latin,5,8,7,534152,CO,Colombia,Q4,2020
10,spotify:track:15OjBeqNX3bShsGYQbteRv,Farruko,La Tóxica,Sony Music Latin,10,11,11,529903,CO,Colombia,Q4,2020
11,spotify:track:6bvfJf4KjonPMuPfGfy3S2,"Nio Garcia, Anuel AA, Myke Towers, Brray, Juanka",La Jeepeta - Remix,"Flow La Movie, Inc.",1,10,23,467425,CO,Colombia,Q4,2020
12,spotify:track:0EhpEsp4L0oRGM0vmeaN5e,"J Balvin, Dua Lipa, Bad Bunny, Tainy",UN DIA (ONE DAY) (Feat. Tainy),Universal Music Latino/ NEON16,2,12,11,440760,CO,Colombia,Q4,2020
13,spotify:track:6fmQjRuo7XvRFCK2qex5hQ,Jerry Di,Mi Cuarto,Nacho,13,13,9,394756,CO,Colombia,Q4,2020
14,spotify:track:1pqnQ41XbfKjaFu6M0eGJp,"Tainy, J Balvin",Agua (with J Balvin),NEON16/Interscope Records,1,14,13,380176,CO,Colombia,Q4,2020
15,spotify:track:0cRgJuB6TRtb5RZ2HkjSLh,"Jowell & Randy, J Balvin",Anaranjado,Rimas Entertainment LLC.,11,16,12,358491,CO,Colombia,Q4,2020
16,spotify:track:0jT8Nl0shPS8115is0wD2Q,Camilo,Favorito,Sony Music Latin,2,19,28,355550,CO,Colombia,Q4,2020
17,spotify:track:5Jm4w8jmPEBTLjI9vH4fXo,Ozuna,Caramelo,Aura Music Corp.,10,15,17,353123,CO,Colombia,Q4,2020
18,spotify:track:380HmhwTE2NJgawn1NwkXi,J Balvin,Rojo,UMLE - Latino,1,21,32,342328,CO,Colombia,Q4,2020
19,spotify:track:34LI7rwi9H8w2S5KTHnv1M,Manuel Turizo,Quiéreme Mientras Se Pueda,Sony Music Latin/La Industria,13,20,23,333856,CO,Colombia,Q4,2020
20,spotify:track:7lUdbnz7wsv3C9zzf4WHl9,"Feid, J Balvin, Maluma, Nicky Jam, Sech, Justin Quiles","PORFA Remix ( Feat. Maluma, Nicky Jam, Sech) - Remix",JP Entertainment (Jorge Pino),4,17,15,333485,CO,Colombia,Q4,2020
21,spotify:track:67jvGGbJmOmVonlyX3mNkV,"Ozuna, KAROL G, Myke Towers",Caramelo - Remix,Aura Music Corp.,16,18,8,331991,CO,Colombia,Q4,2020
22,spotify:track:2lCkncy6bIB0LTMT7kvrD1,J Balvin,Azul,UMLE - Latino,3,22,29,320029,CO,Colombia,Q4,2020
23,spotify:track:3GtnId3Cm1Xa6joCj08nzW,Justin Quiles,Jeans,WEA Latina,23,27,8,318155,CO,Colombia,Q4,2020
24,spotify:track:19OXtYzrJyCrQvTbfukt4H,"Maluma, Myke Towers",Madrid (feat. Myke Towers),Sony Music Latin,14,24,7,298972,CO,Colombia,Q4,2020
25,spotify:track:50ZC4PM7hywH27RcCfViau,"Rauw Alejandro, Dalex, Lenny Tavárez, Dímelo Flow",Elegí (feat. Dímelo Flow),Sony Music Latin,3,23,28,293006,CO,Colombia,Q4,2020
26,spotify:track:5EbtodsuLbxrFDH6j5avVS,"Camilo, Pablo Alborán",El Mismo Aire - con Pablo Alborán,Sony Music Latin,17,25,17,292079,CO,Colombia,Q4,2020
27,spotify:track:0VjIjW4GlUZAMYd2vXMi3b,The Weeknd,Blinding Lights,Republic Records,12,26,45,278902,CO,Colombia,Q4,2020
28,spotify:track:11EnQRgRMJwMAesfkB5pnu,"Lele Pons, Guaynaa",Se Te Nota (with Guaynaa),Shots Studios & Music/10:22pm/Interscope Records,28,36,4,271073,CO,Colombia,Q4,2020
29,spotify:track:3ZG8N7aWw2meb6UrI5ZmnZ,Sech,Relación,Rich Music,2,28,27,267064,CO,Colombia,Q4,2020
30,spotify:track:3KvK89jd2onVdthF4hZNN4,"Mike Bahía, Llane, Pj Sin Suela, Mozart La Para",Cuenta Conmigo (feat. Mozart La Para),WM Mexico,21,29,11,265620,CO,Colombia,Q4,2020
31,spotify:track:13vDU8nPsvTGEVTMB8Vw7g,"Aya Nakamura, Maluma",Djadja (feat. Maluma) - Remix,Rec. 118,16,30,17,250453,CO,Colombia,Q4,2020
32,spotify:track:5JpUhPdInQTkknuw1wYoA1,"Andy Rivera, Zion & Lennox",La Oficial (Remix),Andy Rivera,18,31,9,241154,CO,Colombia,Q4,2020
33,spotify:track:6QSu3mgC8kUYtEDoBBQcJG,Greeicy,Los Besos,UMLE - Latino,13,32,25,240237,CO,Colombia,Q4,2020
34,spotify:track:5stPVcRqb4qixbafP9e8lt,"Dalex, Lenny Tavárez, Chencho Corleone, Juhn, Dímelo Flow",Hola - Remix,Rich Music,4,34,49,238031,CO,Colombia,Q4,2020
35,spotify:track:1cVlW9WQiGlFdWUXFdFZGh,"Piso 21, Christian Nodal",Pa' Olvidarme De Ella,WM Mexico,21,33,57,232243,CO,Colombia,Q4,2020
36,spotify:track:0t1kP63rueHleOhQkYSXFY,BTS,Dynamite,BIGHIT MUSIC,21,42,7,230651,CO,Colombia,Q4,2020
37,spotify:track:7sQKy5vlPQllr0k9IjYJv3,"Arcángel, Sech, Dímelo Flow",Sigues Con El,Rimas Entertainment LLC.,2,37,43,230537,CO,Colombia,Q4,2020
38,spotify:track:4j3iq13kHs5PB94jdTp3Y3,Maluma,ADMV,Sony Music Latin,18,35,24,223019,CO,Colombia,Q4,2020
39,spotify:track:06s3QtMJVXw1AJX3UfvZG1,"Anuel AA, Bad Bunny",Hasta Que Dios Diga,"2020 Real Hasta La Muerte, LLC",5,45,19,219091,CO,Colombia,Q4,2020
40,spotify:track:7k4t7uLgtOxPwTpFmtJNTY,"KAROL G, Nicki Minaj",Tusa,TUSA - Karol G & Nicki Minaj,1,39,48,218625,CO,Colombia,Q4,2020
41,spotify:track:1bRpSCFv6P2OUhciByeRYR,"Alex Rose, Rafa Pabön",Jangueo,Los Oidos Fresh/ Los Proximos,35,48,38,207830,CO,Colombia,Q4,2020
42,spotify:track:4TOmcZvw0gHa7GiXRbcYAW,"Feid, Justin Quiles",PORFA,JP Entertainment (Jorge Pino),1,41,43,207577,CO,Colombia,Q4,2020
43,spotify:track:6qXKkWIJlEYgWOvvnaHVms,"Feid, Ñejo",FERXXO X ÑEJO,JP Entertainment (Jorge Pino),36,44,4,203791,CO,Colombia,Q4,2020
44,spotify:track:5cBrOhKDyiJF9bPGUHKkG0,Dalex,+Linda,Rich Music,33,40,14,202042,CO,Colombia,Q4,2020
45,spotify:track:3kml9ZdpT7UYk1ugkjqOzt,"Daddy Yankee, Anuel AA, Kendo Kaponi",Don Don,El Cartel Records,40,47,4,197297,CO,Colombia,Q4,2020
46,spotify:track:5DoLhdU27owX1NMrKLUbUl,"Super Yei, Sammy, Jone Quest, Towy, Osquel, Beltito, Sammy & Falsetto",Lean,Superiority,46,46,11,196249,CO,Colombia,Q4,2020
47,spotify:track:2tFwfmceQa1Y6nRPhYbEtC,"JHAYCO, Bad Bunny",CÓMO SE SIENTE - Remix,N&E Entertainment LLC,19,38,22,195746,CO,Colombia,Q4,2020
48,spotify:track:0fea68AdmYNygeTGI4RC18,"J Balvin, Bad Bunny",LA CANCIÓN,Universal Music Latino / Rimas,2,53,67,185267,CO,Colombia,Q4,2020
49,spotify:track:35KmOEIUqAGn02t7n4qaIr,J Balvin,Morado,UMLE - Latino,3,54,39,178164,CO,Colombia,Q4,2020
50,spotify:track:4Ws314Ylb27BVsvlZOy30C,BLACKPINK,Lovesick Girls,YG Entertainment/Interscope Records,50,-1,1,172741,CO,Colombia,Q4,2020
1,spotify:track:6hw1Sy9wZ8UCxYGdpKrU6M,Apache 207,Roller,Four Music Local,1,1,20,4090983,DE,Germany,Q1,2020
2,spotify:track:0sf12qNH5qcw8qpgymFOqD,The Weeknd,Blinding Lights,Republic Records,2,4,6,3490894,DE,Germany,Q1,2020
3,spotify:track:1rgnBhdG2JDFTbYkYRZAku,Tones And I,Dance Monkey,Elektra (NEK),2,2,23,3162237,DE,Germany,Q1,2020
4,spotify:track:2LgsKzO8lCeXk0TMd9veWW,Gzuz,Vor der Tür,187 Strassenbande,3,3,3,2557434,DE,Germany,Q1,2020
5,spotify:track:1E1YyZjbteIz2XQyLvtRxD,"The Cratez, Bausa, Maxwell, Joshi Mizu",Skifahren,RBK,3,6,8,2550241,DE,Germany,Q1,2020
6,spotify:track:1B89LtaW92jj4AqT7OZ0Fj,"Nimo, Hava",KEIN SCHLAF,Urban,1,5,5,2520190,DE,Germany,Q1,2020
7,spotify:track:2RaKlveGCllSaXloN8kmzV,RIN,Alien,GOLD LEAGUE/DIVISION,7,13,5,2286508,DE,Germany,Q1,2020
8,spotify:track:4TnjEaWOeW0eKTKIEvJyCa,Trevor Daniel,Falling,Alamo,8,11,8,2248060,DE,Germany,Q1,2020
9,spotify:track:0C6NMPWYqsLIuuYSNP8KqE,"The Cratez, RAF Camora",Maschine,RBK,9,-1,1,2247365,DE,Germany,Q1,2020
10,spotify:track:2PGA1AsJal6cyMNmKyE56q,Apache 207,200 km/h,Four Music Local,2,7,16,2190187,DE,Germany,Q1,2020
11,spotify:track:6dNB3XdAzx7kTf5wa8Rg89,Apache 207,Wieso tust Du dir das an?,Four Music Local,1,8,12,2164202,DE,Germany,Q1,2020
12,spotify:track:76IVpz47q3ghkxoUeTTEKb,Samra,COLT,Urban,2,10,5,2135994,DE,Germany,Q1,2020
13,spotify:track:4OVF6uwZlMOSlZmHDnwliX,"RIN, Bausa",Keine Liebe,GOLD LEAGUE/DIVISION,3,12,12,2070715,DE,Germany,Q1,2020
14,spotify:track:6LcauUZjF1eXQrgqMUecHX,Tyga,Ayy Macarena,Columbia/Last Kings Records,9,9,8,2003631,DE,Germany,Q1,2020
15,spotify:track:67ojvEGRPAUCOohuMPqoRC,"Capital Bra, Samra, LEA",110,Urban,1,14,16,1961868,DE,Germany,Q1,2020
16,spotify:track:6Y7ZEVr7lgO8FKGk2vZ2hi,Ufo361,Nur zur Info,Stay High,12,15,3,1853941,DE,Germany,Q1,2020
17,spotify:track:2tnVG71enUj33Ic2nFN6kZ,Regard,Ride It,Ministry of Sound Recordings,12,17,21,1762899,DE,Germany,Q1,2020
18,spotify:track:26FNTVsgF4m31xvDgFfhGW,Loredana,Mit Dir,Loredana,8,16,3,1714359,DE,Germany,Q1,2020
19,spotify:track:696DnlkuDOXcMAnKlTgXXK,Arizona Zervas,ROXANNE,Arizona Zervas,18,18,10,1700096,DE,Germany,Q1,2020
20,spotify:track:41L3O37CECZt3N7ziG2z7l,Justin Bieber,Yummy,RBMG/Def Jam,20,-1,1,1697811,DE,Germany,Q1,2020
21,spotify:track:3Dkfcd3DbXGVmM05KCRuFA,"Kianush, PA Sports",CASINO ROYAL,Life Is Pain,21,26,5,1660671,DE,Germany,Q1,2020
22,spotify:track:6WrI0LAC5M1Rw2MnX2ZvEg,Dua Lipa,Don't Start Now,Warner Records,19,19,10,1648051,DE,Germany,Q1,2020
23,spotify:track:24Yi9hE78yPEbZ4kxyoXAI,"SAINt JHN, Imanbek",Roses - Imanbek Remix,Craft Recordings,22,22,8,1647045,DE,Germany,Q1,2020
24,spotify:track:3uhTOxvu2h2YEm0uPNF2vi,Apache 207,Doch in der Nacht,Four Music Local,6,20,11,1597632,DE,Germany,Q1,2020
25,spotify:track:2u8AXJyk8pICzj2wyPBL0b,"Sido, Apache 207",2002,Urban,5,21,15,1590221,DE,Germany,Q1,2020
26,spotify:track:7aiClxsDWFRQ0Kzk5KI5ku,blackbear,hot girl bummer,Alamo,15,25,17,1468858,DE,Germany,Q1,2020
27,spotify:track:3uTiW4Tjt6FqSPRYNgzW5t,Nimo,KARMA,Urban,2,24,10,1435504,DE,Germany,Q1,2020
28,spotify:track:3ZCTVFBt2Brf31RLEnCkWJ,Billie Eilish,everything i wanted,Darkroom/Interscope Records,12,30,8,1421780,DE,Germany,Q1,2020
29,spotify:track:07f2b3CTdgKKlhv0mqUksz,"Juju, Henning May",Vermissen (feat. Henning May),JINX,1,28,36,1419125,DE,Germany,Q1,2020
30,spotify:track:2b8fOow8UzyDFAE27YhOZM,Maroon 5,Memories,Interscope Records*,28,34,16,1289038,DE,Germany,Q1,2020
31,spotify:track:0qaWEvPkts34WF68r8Dzx9,"Riton, Oliver Heldens, Vula",Turn Me On (feat. Vula),Ministry of Sound Recordings,23,23,11,1286696,DE,Germany,Q1,2020
32,spotify:track:7CHi4DtfK4heMlQaudCuHK,"MEDUZA, Becky Hill, Goodboys",Lose Control,Intercord,32,32,12,1257380,DE,Germany,Q1,2020
33,spotify:track:6cy3ki60hLwimwIje7tALf,"Black Eyed Peas, J Balvin",RITMO (Bad Boys For Life),Epic/We The Best,29,29,11,1243114,DE,Germany,Q1,2020
34,spotify:track:0nbXyq5TXYPCO7pr3N8S4I,Roddy Ricch,The Box,Atlantic Records,34,108,2,1210619,DE,Germany,Q1,2020
35,spotify:track:2M39v73rNJmAXUXIW0oagP,Capital Bra,Der Bratan bleibt der gleiche,Bra Musik,1,27,6,1195715,DE,Germany,Q1,2020
36,spotify:track:3Zigq1lfHmFRlyoRrh9k2s,Apache 207,Kein Problem,Four Music Local,17,35,35,1189621,DE,Germany,Q1,2020
37,spotify:track:1lht8jb3c6rEiVaqX94enH,Jerome,Light,Kontor Records,33,33,13,1186753,DE,Germany,Q1,2020
38,spotify:track:0Dlcu2fgHklOnajVu2dUNU,"Capital Bra, Samra",Tilidin,Urban,1,37,29,1159750,DE,Germany,Q1,2020
39,spotify:track:2Fxmhks0bxGSBdJ92vM42m,Billie Eilish,bad guy,Darkroom/Interscope Records,3,31,41,1140726,DE,Germany,Q1,2020
40,spotify:track:21jGcNKet2qwijlDFuPiPb,Post Malone,Circles,Republic Records,16,40,19,1132108,DE,Germany,Q1,2020
41,spotify:track:7qEHsqek33rTcFNT9PFqLf,Lewis Capaldi,Someone You Loved,Vertigo Berlin,27,39,53,1114358,DE,Germany,Q1,2020
42,spotify:track:3yOlyBJuViE2YSGn3nVE1K,"Camila Cabello, DaBaby",My Oh My (feat. DaBaby),Syco Music/Epic,42,45,5,1090895,DE,Germany,Q1,2020
43,spotify:track:2B1hRfTwS9HtP1MxAma1nu,"Nimo, Luciano",STAR,Urban,34,36,3,1083759,DE,Germany,Q1,2020
44,spotify:track:0WFgtxiLNr99YaoSdYR3Ud,"The Cratez, Bonez MC",Honda Civic,RBK,4,44,15,1080330,DE,Germany,Q1,2020
45,spotify:track:0PEwVF6TStGXMTnQMAk9kl,Apache 207,Sex mit dir,Four Music Local,9,43,11,1043094,DE,Germany,Q1,2020
46,spotify:track:6v3KW9xbzN5yKLt9YKDYA2,"Shawn Mendes, Camila Cabello",Señorita,Island Records,1,38,29,1026313,DE,Germany,Q1,2020
47,spotify:track:3eekarcy7kvN4yt5ZFzltW,Travis Scott,HIGHEST IN THE ROOM,Cactus Jack/Epic,8,50,14,983747,DE,Germany,Q1,2020
48,spotify:track:1xdj09kwlmFmVONYaYyNsY,"The Cratez, Kontra K, Luciano",Himmel grau,RBK,9,47,5,966171,DE,Germany,Q1,2020
49,spotify:track:1y4uzhemSbfya50s7D2Fr3,"Kianush, PA Sports",STREIT MIT DEM MOND,Life Is Pain,49,-1,1,963691,DE,Germany,Q1,2020
50,spotify:track:1HfMVBKM75vxSfsQ5VefZ5,Selena Gomez,Lose You To Love Me,Interscope Records,11,55,12,960104,DE,Germany,Q1,2020
1,spotify:track:3UE1ojFN1y0GybCNSyKGdK,Shindy,What's Luv,Sony Music/Friends with Money,1,-1,1,3682320,DE,Germany,Q2,2020
2,spotify:track:127QTOFJsJQp5LbJbu3A1y,Drake,Toosie Slide,OVO,2,-1,1,3557633,DE,Germany,Q2,2020
3,spotify:track:0VjIjW4GlUZAMYd2vXMi3b,The Weeknd,Blinding Lights,Republic Records,2,3,19,3429364,DE,Germany,Q2,2020
4,spotify:track:719aY5gAzJbx2PHjyalZQu,"Zuna, Loredana, SRNO",Du bist mein,KMN Gang,1,1,2,3397839,DE,Germany,Q2,2020
5,spotify:track:24Yi9hE78yPEbZ4kxyoXAI,"SAINt JHN, Imanbek",Roses - Imanbek Remix,Craft Recordings,4,7,21,3214307,DE,Germany,Q2,2020
6,spotify:track:3H7ihDc1dqLriiWXwsc2po,"Topic, A7S",Breaking Me,Intercord,5,9,14,2556697,DE,Germany,Q2,2020
7,spotify:track:4n0Ke1KJsPHvd7xRoU29E2,"Dardan, Monet192",H <3 T E L,Hypnotize Entertainment,1,5,3,2522631,DE,Germany,Q2,2020
8,spotify:track:2TrhpvxwuF6hrboTdRXwnS,Ufo361,Allein sein,Stay High,2,2,2,2507898,DE,Germany,Q2,2020
9,spotify:track:1rgnBhdG2JDFTbYkYRZAku,Tones And I,Dance Monkey,Elektra (NEK),2,10,36,2191464,DE,Germany,Q2,2020
10,spotify:track:0gThlZWwZWkDqRKGOz2CN1,Symba,Angels Sippen,SME - Symba,10,20,2,2169523,DE,Germany,Q2,2020
11,spotify:track:6hw1Sy9wZ8UCxYGdpKrU6M,Apache 207,Roller,Four Music Local,1,11,33,2029022,DE,Germany,Q2,2020
12,spotify:track:7vgv8KZBSo0TPzyIWG9yzV,Ava Max,Salt,Atlantic Records,12,16,8,2026778,DE,Germany,Q2,2020
13,spotify:track:61ZM92T2zaXIVsqncThQzC,"Robin Schulz, Alida",In Your Eyes (feat. Alida),WM Germany,12,12,13,2006838,DE,Germany,Q2,2020
14,spotify:track:14P8s5aiDr32gcQ5ESaYBO,Kontra K,Puste sie weg,BMG Rights Management GmbH,4,4,2,1963996,DE,Germany,Q2,2020
15,spotify:track:7eJMfftS33KTjuF7lTsMCx,"Powfu, beabadoobee",death bed (coffee for your head),Columbia,15,17,7,1961115,DE,Germany,Q2,2020
16,spotify:track:0nbXyq5TXYPCO7pr3N8S4I,Roddy Ricch,The Box,Atlantic Records,11,14,15,1874458,DE,Germany,Q2,2020
17,spotify:track:3eZW9A7HaDmkyFyUlqIUM5,"Farid Bang, 18 Karat, AK AUSSERKONTROLLE",LOCO (feat. 18 Karat & AK Ausserkontrolle),Farid Bang II/WM Germany,17,-1,1,1810967,DE,Germany,Q2,2020
18,spotify:track:4K9BEykCbkN1y0by5VAruR,KAYEF,Ich würd' lügen,Kayef Media,18,-1,1,1801614,DE,Germany,Q2,2020
19,spotify:track:1KKooKZBpTAPVFjGvStjsa,Luciano,Trippin’,Urban,6,6,2,1685604,DE,Germany,Q2,2020
20,spotify:track:62aP9fBQKYKxi7PDXwcUAS,"Surf Mesa, Emilee",ily (i love you baby) (feat. Emilee),Astralwerks,20,37,5,1588910,DE,Germany,Q2,2020
21,spotify:track:1vZqDXhvyXAwSM8V6MU0N5,CÉLINE,Tränen aus Kajal,BTGS / A Million / Groove Attack,21,-1,1,1561419,DE,Germany,Q2,2020
22,spotify:track:3PfIrDoz19wz7qK7tYeu62,Dua Lipa,Don't Start Now,Warner Records,19,23,23,1543997,DE,Germany,Q2,2020
23,spotify:track:1V7JaMp11LKGwKiVmSetf0,"Joker Bra, VIZE",Baby,Bra Musik,1,19,10,1530350,DE,Germany,Q2,2020
24,spotify:track:1RMuMJhAQytXNprgnecK72,"Eno, Murda",Was machst du,Alles Oder Nix Records,24,-1,1,1529782,DE,Germany,Q2,2020
25,spotify:track:7C1trmcQQ5n5RNy4l6ziCv,"Nea, Felix Jaehn",Some Say - Felix Jaehn Remix,Milkshake,25,29,9,1473380,DE,Germany,Q2,2020
26,spotify:track:22LAwLoDA5b4AaGSkg6bKW,Lil Mosey,Blueberry Faygo,Mogul Vision/Interscope Records,26,38,8,1445524,DE,Germany,Q2,2020
27,spotify:track:3AzjcOeAmA57TIOr9zF1ZW,Dua Lipa,Physical,Warner Records,25,25,10,1424035,DE,Germany,Q2,2020
28,spotify:track:78qd8dvwea0Gosb6Fe6j3k,Doja Cat,Boss Bitch,Atlantic Records,28,45,5,1416353,DE,Germany,Q2,2020
29,spotify:track:6xMBPfgaEQKshwp7oYrtP4,"AK AUSSERKONTROLLE, Shindy",Hood,XY Records & Vertigo Berlin,8,8,2,1396590,DE,Germany,Q2,2020
30,spotify:track:4nK5YrxbMGZstTLbvj6Gxw,"BENEE, Gus Dapperton",Supalonely,Republic Records,26,31,5,1392308,DE,Germany,Q2,2020
31,spotify:track:29Rfso2W1pERTuboGe3avy,"Azzi Memo, Nate57, Veysel, Sinan-G, Kool Savas, NKSN, Rola, Disarstar, Maestro, Hanybal, Celo & Abdi, Manuellsen, Silla, Credibil, Ali471, Milonair, Mortel, KEZ","Bist du wach? (Benefiz für Hanau) [feat. Nate57, Veysel, Sinan G, Kool Savas, NKSN, Rola, Disarstar, Maestro, Hanybal, Celo & Abdi, Manuellsen, Silla, Credibil, Ali471, Milonair, Mortel, KEZ]",WM Germany,31,-1,1,1382460,DE,Germany,Q2,2020
32,spotify:track:2rRJrJEo19S2J82BDsQ3F7,Trevor Daniel,Falling,Alamo,8,27,21,1379277,DE,Germany,Q2,2020
33,spotify:track:4PU3QFQOlTWnSnpDCIbQtO,Shindy,Sony Pictures,Sony Music/Friends with Money,33,-1,1,1369256,DE,Germany,Q2,2020
34,spotify:track:3tSy9yUo0rb1LR61CS5O7l,"Soolking, MERO",Hayati,Universal Music Division Capitol Music France,6,15,3,1349673,DE,Germany,Q2,2020
35,spotify:track:7N06jo3EnV792VFaG8vuW6,"Felix Jaehn, VIZE, Miss Li",Close Your Eyes,Intercord,22,33,16,1315706,DE,Germany,Q2,2020
36,spotify:track:3R3rQ7FbTJdsi5She10YvI,"Loredana, Rymez",Angst,Loredana,1,22,5,1303018,DE,Germany,Q2,2020
37,spotify:track:4VyJtzcNhnV9gPEgjYzI8L,"Samra, Capital Bra",Berlin,Urban,2,13,4,1294032,DE,Germany,Q2,2020
38,spotify:track:3l72nWivgNKYMFC7OwMEO0,LEA,Treppenhaus,Four Music/Treppenhaus Records,29,34,5,1266681,DE,Germany,Q2,2020
39,spotify:track:0X4hMHBj4Ra6h1tIQGl1CH,Tom Gregory,Fingertips,Kontor Records,39,52,5,1218772,DE,Germany,Q2,2020
40,spotify:track:7ygVaACDENw4PgLbN1awFE,Apache 207,Matrix,Four Music Local,1,28,7,1208074,DE,Germany,Q2,2020
41,spotify:track:1hoLUVBx0ixX3kn0EX0P5n,"Juju, Loredana, Miksu / Macloud",Kein Wort,JINX,1,30,12,1201925,DE,Germany,Q2,2020
42,spotify:track:72EGc3ULtmj0oxT05PN6dw,"Longus Mongus, Monk, BHZ, Dead Dawg",Flasche Luft,BHZ,42,-1,1,1198416,DE,Germany,Q2,2020
43,spotify:track:71d7wCcY5GdDZLfQ3LAzsu,CAPO,Cannabe,WM Germany,43,-1,1,1192461,DE,Germany,Q2,2020
44,spotify:track:0JjM9bKm4wrwohMslcm892,"G-Eazy, Tory Lanez, Tyga",Still Be Friends (feat. Tory Lanez & Tyga),BPG/RVG/RCA Records,39,49,9,1149539,DE,Germany,Q2,2020
45,spotify:track:1Cv1YLb4q0RzL6pybtaMLo,Surfaces,Sunday Best,"Surfaces Music / TenThousand Projects, LLC",41,41,8,1115583,DE,Germany,Q2,2020
46,spotify:track:4HDCLYli2SUdkq9OjmvhSD,"PARTYNEXTDOOR, Rihanna",BELIEVE IT,OVO Sound,46,59,2,1110410,DE,Germany,Q2,2020
47,spotify:track:2PGA1AsJal6cyMNmKyE56q,Apache 207,200 km/h,Four Music Local,2,43,29,1110241,DE,Germany,Q2,2020
48,spotify:track:017PF4Q3l4DBUiWoXk4OWT,Dua Lipa,Break My Heart,Warner Records,39,39,2,1102872,DE,Germany,Q2,2020
49,spotify:track:2tnVG71enUj33Ic2nFN6kZ,Regard,Ride It,Ministry of Sound Recordings,12,57,34,1066605,DE,Germany,Q2,2020
50,spotify:track:55CHeLEfn5iJ0IIkgaa4si,Megan Thee Stallion,Savage,300 Entertainment,50,67,3,1042792,DE,Germany,Q2,2020
1,spotify:track:57tck8MCxkY6tcQC6VhahR,Apache 207,Bläulich,Four Music Local,1,-1,1,8683442,DE,Germany,Q3,2020
2,spotify:track:1xQ6trAsedVPCdbtDAmk0c,"Jawsh 685, Jason Derulo",Savage Love (Laxed - Siren Beat),Columbia,2,2,4,4049839,DE,Germany,Q3,2020
3,spotify:track:7ytR5pFWmSjzHJIeQkgog4,"DaBaby, Roddy Ricch",ROCKSTAR (feat. Roddy Ricch),South Coast Music Group/Interscope Records,3,4,12,3641637,DE,Germany,Q3,2020
4,spotify:track:6rc0vqoHYtF1J79fsIo9ia,Luciano,Nacht zu kurz,Urban,4,-1,1,3609054,DE,Germany,Q3,2020
5,spotify:track:5CqkgDH8QZjSqqI3HmYxDD,Pashanim,Airwaves,Urban,2,3,8,3415287,DE,Germany,Q3,2020
6,spotify:track:0p3euGPg5LgFeQGC7bBFuR,"Miksu / Macloud, Summer Cem, Luciano, Jamule",XXL,Futura,1,1,2,3302148,DE,Germany,Q3,2020
7,spotify:track:0iqichhGnbEy9w6p4sytpW,"Bozza, Samra",Unbekannt,Def Jam Germany,7,-1,1,3071925,DE,Germany,Q3,2020
8,spotify:track:2WOJ7D52Ng3myrKlEf4Azj,Bonez MC,Big Body Benz,187 Strassenbande & Vertigo/Capitol,1,5,3,2590940,DE,Germany,Q3,2020
9,spotify:track:3yZCjDTxzZxx1kll1sRjGc,"Ufo361, CÉLINE",Emotions 2.0,Stay High,1,7,4,2502044,DE,Germany,Q3,2020
10,spotify:track:0rqY8g1Y1zaA4YwU6vhBQg,Apache 207,Boot,Four Music Local,1,9,5,2493036,DE,Germany,Q3,2020
11,spotify:track:17Jm0HKkU2Qh7K264pSSXW,"AK AUSSERKONTROLLE, Jugglerz",Gangster Queen,XY Records & Vertigo Berlin,11,-1,1,2371277,DE,Germany,Q3,2020
12,spotify:track:5TGcyccg8Hkgn9jB7gUpMN,"VIZE, Tom Gregory",Never Let Me Down,Kontor Records,11,11,11,2297225,DE,Germany,Q3,2020
13,spotify:track:6BXyD6UUPizpRpA7iOi99r,"AK AUSSERKONTROLLE, Bonez MC",In meinem Benz,XY Records & Vertigo Berlin,1,10,6,2282296,DE,Germany,Q3,2020
14,spotify:track:4KfL3Ne8bc9bC2PUB8QGwA,"Capital Bra, Bozza",Ich weiß nicht mal wie sie heißt,URBAN,2,6,3,2255500,DE,Germany,Q3,2020
15,spotify:track:0VjIjW4GlUZAMYd2vXMi3b,The Weeknd,Blinding Lights,Republic Records,2,13,32,2208441,DE,Germany,Q3,2020
16,spotify:track:2MNXZRtPBskqyHtNTdKFjA,"JURI, Bushido",2003,BBM Records,16,-1,1,2195599,DE,Germany,Q3,2020
17,spotify:track:0Jh40A8WJdGXwkEDgxhaKo,"Kynda Gray, RIN",Ayo Technology,GOLD LEAGUE/DIVISION,8,8,2,2117731,DE,Germany,Q3,2020
18,spotify:track:3goH7O78TLkV9RhCAyM4AT,Apache 207,Fame,Four Music Local,1,12,9,2090117,DE,Germany,Q3,2020
19,spotify:track:24Yi9hE78yPEbZ4kxyoXAI,"SAINt JHN, Imanbek",Roses - Imanbek Remix,Craft Recordings,4,14,34,2031275,DE,Germany,Q3,2020
20,spotify:track:6bRR9tU3WUBsC4aywSgHEO,FOURTY,WEISSER RAUCH,Life Is Pain,14,15,16,2020238,DE,Germany,Q3,2020
21,spotify:track:2u6Jm2klS4yvAlbSHlxUwI,"Robin Schulz, Wes",Alane,WM Germany,19,19,3,1961090,DE,Germany,Q3,2020
22,spotify:track:1EbdQ54jFLGEH94cUif3TI,"LEA, Capital Bra",7 Stunden,Four Music/Treppenhaus Records,10,16,6,1760429,DE,Germany,Q3,2020
23,spotify:track:6hw1Sy9wZ8UCxYGdpKrU6M,Apache 207,Roller,Four Music Local,1,29,46,1681711,DE,Germany,Q3,2020
24,spotify:track:51Of5p3lKZeOg6itfs4og4,twocolors,Lovefool,Intercord,24,32,6,1677666,DE,Germany,Q3,2020
25,spotify:track:1WoM4mof0Nl1xPtwf6h6ow,"KC Rebell, Summer Cem",FLY,Banger Musik II/WM Germany,3,20,6,1650740,DE,Germany,Q3,2020
26,spotify:track:3H7ihDc1dqLriiWXwsc2po,"Topic, A7S",Breaking Me,Intercord,5,25,27,1626051,DE,Germany,Q3,2020
27,spotify:track:0BwO44CBPFWxAIO5ZbPf3N,Bonez MC,Roadrunner,187 Strassenbande & Vertigo/Capitol,1,22,7,1563069,DE,Germany,Q3,2020
28,spotify:track:76nqCfJOcFFWBJN32PAksn,Ava Max,Kings & Queens,Atlantic Records,23,27,17,1535667,DE,Germany,Q3,2020
29,spotify:track:1NP7bzm8UksJUWXsuFoOwE,Mark Forster,Übermorgen,Four Music Local,29,31,10,1499143,DE,Germany,Q3,2020
30,spotify:track:6lU4BQWZomCWRfKSowfezE,Ufo361,Emotions,Stay High,1,24,11,1485445,DE,Germany,Q3,2020
31,spotify:track:62aP9fBQKYKxi7PDXwcUAS,"Surf Mesa, Emilee",ily (i love you baby) (feat. Emilee),Astralwerks,11,28,18,1462049,DE,Germany,Q3,2020
32,spotify:track:24IgCW19L8lXKyFZwzFtD3,"Black Eyed Peas, Ozuna, J. Rey Soul",MAMACITA,Epic,28,30,12,1446380,DE,Germany,Q3,2020
33,spotify:track:5t3TC43DVZko3bZEikzttd,"Fard, Kollegah, Asche",SINALOA,Ruhrpott Elite,33,-1,1,1422475,DE,Germany,Q3,2020
34,spotify:track:5t3PF7pHuiwwLbNCJ8mn4N,Jamule,MedMen,Life Is Pain,11,23,3,1421043,DE,Germany,Q3,2020
35,spotify:track:6ZbSeYlPiuY0dM8gi2EkLa,Sero El Mero,Lass Cruisen,Groove Attack TraX,35,-1,1,1397532,DE,Germany,Q3,2020
36,spotify:track:6UelLqGlWMcVH1E5c4H7lY,Harry Styles,Watermelon Sugar,Columbia,36,40,12,1380702,DE,Germany,Q3,2020
37,spotify:track:7C1trmcQQ5n5RNy4l6ziCv,"Nea, Felix Jaehn",Some Say - Felix Jaehn Remix,Milkshake,24,35,22,1336744,DE,Germany,Q3,2020
38,spotify:track:525GY0mXYnxajolwgS8Eaz,Lucky Luke,Cooler Than Me,Columbia/B1 Recordings,38,38,8,1323021,DE,Germany,Q3,2020
39,spotify:track:466cKvZn1j45IpxDdYZqdA,Drake,Toosie Slide,OVO,1,34,14,1289545,DE,Germany,Q3,2020
40,spotify:track:7y3rfxgBH9CjlpIALNsqr8,Ali471,E Coupé,Ali471,40,-1,1,1267087,DE,Germany,Q3,2020
41,spotify:track:1rgnBhdG2JDFTbYkYRZAku,Tones And I,Dance Monkey,Elektra (NEK),2,41,49,1261957,DE,Germany,Q3,2020
42,spotify:track:2rxxXYtTIFKyrhJpofeoIX,"KC Rebell, Summer Cem, Luciano",VALLA NEIN (feat. Luciano),Banger Musik II/WM Germany,2,26,5,1261459,DE,Germany,Q3,2020
43,spotify:track:5UDK6yzqiW4kJU3YQauYR5,"reezy, Bausa",SANDMANN,Four Music Local,13,36,6,1255471,DE,Germany,Q3,2020
44,spotify:track:4w47S36wQGBhGg073q3nt7,"ROSALÍA, Travis Scott",TKN (feat. Travis Scott),Columbia,44,64,6,1199025,DE,Germany,Q3,2020
45,spotify:track:50Td3qilgs8BLtv8mHyT1t,Zoe Wees,Control,Valeria Music,41,49,8,1186452,DE,Germany,Q3,2020
46,spotify:track:5B9CtjeguIO9LeOk8Xs1J3,KAYEF,Ich würd' lügen,Kayef Media,12,43,14,1177391,DE,Germany,Q3,2020
47,spotify:track:7ju97lgwC2rKQ6wwsf9no9,"Lady Gaga, Ariana Grande",Rain On Me (with Ariana Grande),Interscope,21,47,7,1138927,DE,Germany,Q3,2020
48,spotify:track:4nK5YrxbMGZstTLbvj6Gxw,"BENEE, Gus Dapperton",Supalonely,Republic Records,26,48,18,1121002,DE,Germany,Q3,2020
49,spotify:track:4NhDYoQTYCdWHTvlbGVgwo,6ix9ine,GOOBA,Scumgang Records,3,44,9,1071786,DE,Germany,Q3,2020
50,spotify:track:1H7KnK26kc1YyellpbINEn,"Pop Smoke, 50 Cent, Roddy Ricch",The Woo (feat. 50 Cent & Roddy Ricch),Victor Victor Worldwide,50,-1,1,1068095,DE,Germany,Q3,2020
1,spotify:track:6NpsaQyLvPLjtVLWc26GKu,Samra,Rohdiamant ٢٠٢٠,Urban,1,-1,1,4100301,DE,Germany,Q4,2020
2,spotify:track:3tjFYV6RSFtuktYl3ZtYcq,"24kGoldn, iann dior",Mood (feat. iann dior),Records/Columbia,1,1,8,3883217,DE,Germany,Q4,2020
3,spotify:track:7hxHWCCAIIxFLCzvDgnQHX,"Internet Money, Gunna, Don Toliver, NAV",Lemonade (feat. NAV),Internet Money Records / TenThousand Projects,3,3,8,3231267,DE,Germany,Q4,2020
4,spotify:track:5ChtVY22XWHIpSgPtZZ6wB,"Loredana, Delara",Checka,Loredana,2,2,2,2715765,DE,Germany,Q4,2020
5,spotify:track:4pmbb2QmCMrfNT9kL0nVtG,"Dardan, Hava",mailbox,Hypnotize Entertainment,5,-1,1,2682372,DE,Germany,Q4,2020
6,spotify:track:7mrWTjhYctgEQb0lJKrVWy,"KITSCHKRIEG, Jamule",Unterwegs,SoulForce/BMG,1,5,9,2542046,DE,Germany,Q4,2020
7,spotify:track:6cx06DFPPHchuUAcTxznu9,"Joel Corry, MNEK",Head & Heart (feat. MNEK),Atlantic Records UK,6,6,13,2436056,DE,Germany,Q4,2020
8,spotify:track:6cGm0z7kp0YtNiaGgDtmHW,"Ufo361, Sonus030",Zweifel,Stay High,8,-1,1,2353563,DE,Germany,Q4,2020
9,spotify:track:2qpZjutAe3pstQsjwSXQb4,"VIZE, Joker Bra, Leony",Paradise,"Ultra Records, LLC",9,13,7,2193508,DE,Germany,Q4,2020
10,spotify:track:6i7zAdNhzUN2k1HcrBxPHG,"Ofenbach, Quarterhead, Norma Jean Martine",Head Shoulders Knees & Toes (feat. Norma Jean Martine),Elektra France,10,10,11,1995233,DE,Germany,Q4,2020
11,spotify:track:2i4iMzEPsJQoKQC89xKDC4,"Bonez MC, LX",NIEMALS UNTER 1000,187 Strassenbande & Vertigo/Capitol,4,4,2,1778153,DE,Germany,Q4,2020
12,spotify:track:6bM4daGlfZHtKMQp8tEqVz,"Bausa, Juju",2012,WM Germany,3,17,7,1738425,DE,Germany,Q4,2020
13,spotify:track:2WRTnY0slmFgWcrmEr8dPj,Apache 207,Bläulich,Four Music Local,1,18,14,1694726,DE,Germany,Q4,2020
14,spotify:track:1xQ6trAsedVPCdbtDAmk0c,"Jawsh 685, Jason Derulo",Savage Love (Laxed - Siren Beat),Columbia,2,11,17,1670539,DE,Germany,Q4,2020
15,spotify:track:4ow1etGbQ8kfbAT3QPlmhN,"Gentleman, Luciano, Ezhel",Devam,Kingstone/Gentleman,8,12,3,1642876,DE,Germany,Q4,2020
16,spotify:track:0PvFJmanyNQMseIFrU708S,"Pop Smoke, Lil Baby, DaBaby",For The Night (feat. Lil Baby & DaBaby),Victor Victor Worldwide,16,32,14,1593426,DE,Germany,Q4,2020
17,spotify:track:1ddbNJwDjjmCYz1GFGYnsw,"Capital Bra, CRO",Frühstück in Paris,URBAN,1,14,7,1586627,DE,Germany,Q4,2020
18,spotify:track:0y8mJFmm4ogCHnfe0oTuT6,Bonez MC,Fuckst mich nur ab,187 Strassenbande & Vertigo/Capitol,1,8,5,1555337,DE,Germany,Q4,2020
19,spotify:track:59qrUpoplZxbIZxk6X0Bm3,Jason Derulo,Take You Dancing,Atlantic Records,19,24,11,1548189,DE,Germany,Q4,2020
20,spotify:track:1tkg4EHVoqnhR6iFEXb60y,Pop Smoke,What You Know Bout Love,Victor Victor Worldwide,20,63,2,1534237,DE,Germany,Q4,2020
21,spotify:track:1XdMp6v9Q3N80WnKSbGfl4,"LA Vision, Gigi D'Agostino",Hollywood,Polydor,13,20,13,1530969,DE,Germany,Q4,2020
22,spotify:track:4EmiHs5KnkApKW8pkfWdWW,"Kool Savas, Alies",AMG,Sony Music/Essah Media GmbH,19,22,9,1520005,DE,Germany,Q4,2020
23,spotify:track:1JPd9BSiiN7xrKE64Qo30m,Capital Bra,Einsam an der Spitze,URBAN,2,9,3,1458178,DE,Germany,Q4,2020
24,spotify:track:2kvJnNMqnimkCZUUWjOINy,Bozza,Elbe,Def Jam Germany,15,15,2,1451935,DE,Germany,Q4,2020
25,spotify:track:7ytR5pFWmSjzHJIeQkgog4,"DaBaby, Roddy Ricch",ROCKSTAR (feat. Roddy Ricch),South Coast Music Group/Interscope Records,3,28,25,1398269,DE,Germany,Q4,2020
26,spotify:track:20McUFi8KCIVdNDLrkTDuZ,HVME,Goosebumps,Columbia/B1 Recordings,26,53,12,1395131,DE,Germany,Q4,2020
27,spotify:track:51Of5p3lKZeOg6itfs4og4,twocolors,Lovefool,Intercord,14,27,19,1388439,DE,Germany,Q4,2020
28,spotify:track:4Oun2ylbjFKMPTiaSbbCih,"Cardi B, Megan Thee Stallion",WAP (feat. Megan Thee Stallion),Atlantic/KSR,11,25,9,1388235,DE,Germany,Q4,2020
29,spotify:track:5u1n1kITHCxxp8twBcZxWy,"Justin Bieber, Chance the Rapper",Holy (feat. Chance The Rapper),RBMG/Def Jam,26,26,3,1355400,DE,Germany,Q4,2020
30,spotify:track:38wMP2KeXQXv9Bl3o63HT2,"Ufo361, Sonus030",Games,Stay High,4,52,5,1352410,DE,Germany,Q4,2020
31,spotify:track:0VjIjW4GlUZAMYd2vXMi3b,The Weeknd,Blinding Lights,Republic Records,2,31,45,1338455,DE,Germany,Q4,2020
32,spotify:track:3dy7SaVShdnjwtx9IXhtzg,"AK AUSSERKONTROLLE, Bonez MC",In meinem Benz,XY Records & Vertigo Berlin,1,33,19,1298548,DE,Germany,Q4,2020
33,spotify:track:4aZfvvgfoSfmSZpfwQYzC0,"Bonez MC, Maxwell",Ihr Hobby,187 Strassenbande & Vertigo/Capitol,3,21,4,1282243,DE,Germany,Q4,2020
34,spotify:track:2U3cgtPWyQ2AkFASLgSvJ7,"Kalazh44, Capital Bra",White Nights,Kalazh44,34,-1,1,1273261,DE,Germany,Q4,2020
35,spotify:track:7tUTCcqkMCnC9qLqbQeI0T,"Felix Jaehn, Nea, Bryn Christopher",No Therapy,Intercord,35,36,7,1271335,DE,Germany,Q4,2020
36,spotify:track:5LOJdJPzuevskkoAtLj8hb,"Tujamo, VIZE, MAJAN",Lonely,Intercord,29,30,18,1264924,DE,Germany,Q4,2020
37,spotify:track:41p4dR3CEEE0FTJrsJQBhb,Kontra K,Freunde,BMG Rights Management GmbH,10,16,3,1262632,DE,Germany,Q4,2020
38,spotify:track:5TGcyccg8Hkgn9jB7gUpMN,"VIZE, Tom Gregory",Never Let Me Down,Kontor Records,8,29,24,1243006,DE,Germany,Q4,2020
39,spotify:track:45bE4HXI0AwGZXfZtMp8JR,Tate McRae,you broke me first,RCA Records Label,38,40,15,1204107,DE,Germany,Q4,2020
40,spotify:track:6hw1Sy9wZ8UCxYGdpKrU6M,Apache 207,Roller,Four Music Local,1,44,59,1202141,DE,Germany,Q4,2020
41,spotify:track:249XLLQSxCTZLh2H54cC0I,"Azet, Albi",Fast Life 2,Azet & Albi/WM Germany,6,23,3,1193399,DE,Germany,Q4,2020
42,spotify:track:5CqkgDH8QZjSqqI3HmYxDD,Pashanim,Airwaves,Urban,2,46,21,1167956,DE,Germany,Q4,2020
43,spotify:track:2Y0wPrPQBrGhoLn14xRYCG,"Juice WRLD, Marshmello",Come & Go (with Marshmello),Grade A Productions/Interscope Records,20,47,13,1152079,DE,Germany,Q4,2020
44,spotify:track:1d2v5wlRioMbXHSnwVEP1t,"Ufo361, Sonus030",Anders,Stay High,44,-1,1,1141542,DE,Germany,Q4,2020
45,spotify:track:6UelLqGlWMcVH1E5c4H7lY,Harry Styles,Watermelon Sugar,Columbia,18,37,25,1140406,DE,Germany,Q4,2020
46,spotify:track:2MlOUXmcofMackX3bxfSwi,"Master KG, Nomcebo Zikode",Jerusalema (feat. Nomcebo Zikode),Elektra France,46,61,7,1077930,DE,Germany,Q4,2020
47,spotify:track:2Wo6QQD1KMDWeFkkjLqwx5,"SAINt JHN, Imanbek",Roses - Imanbek Remix,Craft Recordings,4,51,47,1077064,DE,Germany,Q4,2020
48,spotify:track:6ikiAn9th3TUfS3bYS7gDX,"ELIF, Samra",AUGEN ZU (feat. Samra),Jive,9,42,5,1071081,DE,Germany,Q4,2020
49,spotify:track:5rZlwNFl01HqLWBQGryKSm,"Pop Smoke, Lil Tjay",Mood Swings (feat. Lil Tjay),Victor Victor Worldwide,23,50,9,1054623,DE,Germany,Q4,2020
50,spotify:track:0vWUhCPxpJOJR5urYbZypB,"Purple Disco Machine, Sophie and the Giants",Hypnotized,Positiva,50,58,10,1034074,DE,Germany,Q4,2020
1,spotify:track:7k4t7uLgtOxPwTpFmtJNTY,"KAROL G, Nicki Minaj",Tusa,TUSA - Karol G & Nicki Minaj,1,1,9,3041607,ES,Spain,Q1,2020
2,spotify:track:6RyuoOJXNzlVWpfC5xQyeI,"Omar Montes, Bad Gyal",Alocao (With Bad Gyal),Bad Gyal Aftercluv/Interscope,1,2,11,1960463,ES,Spain,Q1,2020
3,spotify:track:1rgnBhdG2JDFTbYkYRZAku,Tones And I,Dance Monkey,Elektra (NEK),3,3,18,1914971,ES,Spain,Q1,2020
4,spotify:track:5Cbo7oz78gqkzV3EAM63VA,"Aitana, Cali Y El Dandee",+,Universal Music Spain S.L.,2,4,4,1829598,ES,Spain,Q1,2020
5,spotify:track:0OP1RzrglC008kj79Httv3,Bad Gyal,Zorra,Bad Gyal Aftercluv/Interscope,2,5,4,1592756,ES,Spain,Q1,2020
6,spotify:track:5DxXgozhkPLgrbKFY91w0c,Bad Bunny,Vete,Rimas Entertainment LLC,2,6,7,1577604,ES,Spain,Q1,2020
7,spotify:track:59s0s39NFWScuHDbHytI14,"Reik, J Balvin, Lalo Ebratt",Indeciso,Indeciso,3,7,20,1560286,ES,Spain,Q1,2020
8,spotify:track:2ksOAxtIxY8yElEWw8RhgK,"Anuel AA, Daddy Yankee, KAROL G, J Balvin, Ozuna",China,"2019 Real Hasta La Muerte, LLC.",1,9,25,1465806,ES,Spain,Q1,2020
9,spotify:track:6cy3ki60hLwimwIje7tALf,"Black Eyed Peas, J Balvin",RITMO (Bad Boys For Life),Epic/We The Best,2,11,13,1450879,ES,Spain,Q1,2020
10,spotify:track:2pWOMNQJW3g2zmGjP0Vkb0,"Nicky Jam, Anuel AA",Whine Up,Sony Music Latin,5,10,11,1450041,ES,Spain,Q1,2020
11,spotify:track:2rc7BkzO8qepMFAxHtOrXc,J Balvin,Blanco,UMLE - Latino,8,8,8,1443646,ES,Spain,Q1,2020
12,spotify:track:5stPVcRqb4qixbafP9e8lt,"Dalex, Lenny Tavárez, Chencho Corleone, Juhn, Dímelo Flow",Hola - Remix,Rich Music,12,13,10,1371361,ES,Spain,Q1,2020
13,spotify:track:3W87IIdSOE63W0Qyhy7r2b,Beret,Si por mi fuera,WM Spain,3,15,12,1326511,ES,Spain,Q1,2020
14,spotify:track:37zdqI4r1gswIzczSBkRon,"Lunay, Anuel AA, Ozuna",Aventura,round2media - LaFamilia,4,12,11,1269460,ES,Spain,Q1,2020
15,spotify:track:0Cn8NxJZz7zUlsaA3rXoIU,"JHAYCO, Ozuna",Easy - Remix,N&E Entertainment LLC,13,14,8,1193553,ES,Spain,Q1,2020
16,spotify:track:6mAN61JH0dzyZpWslS11jy,"Rauw Alejandro, Farruko",Fantasias,"(SME US Latin) Duars Entertainment, Corp. (2)",3,16,19,1182771,ES,Spain,Q1,2020
17,spotify:track:3VPOZWtj8mM89IiRNygxgS,"Fred De Palma, Ana Mena",Se iluminaba,WM Italy,17,19,11,1107284,ES,Spain,Q1,2020
18,spotify:track:71NGDQ9vSPXm55pyWeAxKK,Chimbala,Rueda,Chimbala,11,17,15,1052003,ES,Spain,Q1,2020
19,spotify:track:7sQKy5vlPQllr0k9IjYJv3,"Arcángel, Sech, Dímelo Flow",Sigues Con El,Rimas Entertainment LLC.,19,22,4,1022609,ES,Spain,Q1,2020
20,spotify:track:3jbT1Y5MoPwEIpZndDDwVq,"Tainy, Anuel AA, Ozuna",Adicto (with Anuel AA & Ozuna),NEON16/Interscope Records,2,18,20,1004868,ES,Spain,Q1,2020
21,spotify:track:7BlBVFwvbWvcwNcUarQmjk,"ROSALÍA, Ozuna","Yo x Ti, Tu x Mi",Columbia,2,21,21,926223,ES,Spain,Q1,2020
22,spotify:track:7bsqRe39lKOYX45FZpzP9o,"Lérica, Juan Magán",Fuera De Mi Mente,Universal Music Spain S.L.,22,23,9,919282,ES,Spain,Q1,2020
23,spotify:track:0RDgqtvOHLwcI6yz9bjsZV,"Rich Music LTD, Sech, Dalex, Justin Quiles, Lenny Tavárez, Feid",Perreo en La Luna,Rich Music,23,24,13,915694,ES,Spain,Q1,2020
24,spotify:track:0dDboLfmRNsTBscy4j3Rnl,Ozuna,Hasta Que Salga el Sol,Aura Music Corp.,19,20,9,905228,ES,Spain,Q1,2020
25,spotify:track:4fj7e6Tc48Bmomwyz2Z2XC,"Manuel Turizo, Anuel AA",Te Quemaste,Sony Music Latin/La Industria,4,25,20,884773,ES,Spain,Q1,2020
26,spotify:track:7KKTnv81z6DmfPIGsZWjOW,"La Nueva Escuela, Omar Montes",La Rubia - Remix 2,829Music Mundial LLC,7,26,34,836283,ES,Spain,Q1,2020
27,spotify:track:0OoqRZXnSrgIUAha3iLKG1,"Lunay, Myke Towers",La Cama,round2media - LaFamilia,18,27,12,832154,ES,Spain,Q1,2020
28,spotify:track:4o1DxRjMCHDwBiOKv88rOl,"Rvssian, Darell, Zion & Lennox, Myke Towers",B11 (feat. Myke Towers),Sony Music Latin,25,28,16,830137,ES,Spain,Q1,2020
29,spotify:track:6Y4PDQv4XjYjHLeLmvyOt0,"Sech, Ozuna",Si Te Vas,Rich Music,8,29,15,819724,ES,Spain,Q1,2020
30,spotify:track:1Xnn1TPyr5h0hpRAT4B4EA,"Dalex, Lenny Tavárez, Anitta, NATTI NATASHA, Farruko, Justin Quiles",Bellaquita - Remix,Rich Music,27,30,7,803741,ES,Spain,Q1,2020
31,spotify:track:696DnlkuDOXcMAnKlTgXXK,Arizona Zervas,ROXANNE,Arizona Zervas,31,38,9,771276,ES,Spain,Q1,2020
32,spotify:track:671sG3ETDxC3L6qcGIrHRM,Morat,A Dónde Vamos,Universal Music Spain S.L.,32,37,10,771109,ES,Spain,Q1,2020
33,spotify:track:17VsiwLi1ovKYdVUqDieGC,"Rvfv, Omar Montes, Daviles de Novelda",Prendio - Remix,NASTU MUSIC,33,34,3,763048,ES,Spain,Q1,2020
34,spotify:track:471HeGJPKw07MObixON0Um,"Pablo Alborán, Ava Max",Tabú,WM Spain,21,45,9,761831,ES,Spain,Q1,2020
35,spotify:track:1pUq8PePQRODKRKwY2nvC8,Rvfv,Prendío,NASTU MUSIC,14,31,19,753117,ES,Spain,Q1,2020
36,spotify:track:40rXWke6SnXiGkSmaT8ZUr,Ozuna,Fantasía,Aura Music Corp.,12,32,6,740241,ES,Spain,Q1,2020
37,spotify:track:5Id5B3dxJZhPcV9GzgYZZe,"Rich Music LTD, Sech, Dalex, Justin Quiles, Lenny Tavárez, Feid, Wisin, Zion",Quizas,Rich Music,16,35,16,717851,ES,Spain,Q1,2020
38,spotify:track:3u5GmyJP2MU3tEJgyiAG2T,"Sinsinati, Álvaro De Luna",Indios y Vaqueros,WM Spain,19,46,27,712325,ES,Spain,Q1,2020
39,spotify:track:6uzGmmQ4CuG9HvZktEy0LF,Manuel Carrasco,Qué Bonito Es Querer,Universal Music Spain S.L.,39,49,27,707542,ES,Spain,Q1,2020
40,spotify:track:2b8fOow8UzyDFAE27YhOZM,Maroon 5,Memories,Interscope Records*,40,52,15,700135,ES,Spain,Q1,2020
41,spotify:track:1ndyl3wJCFs872XZ3ztPk6,"Justin Quiles, NATTI NATASHA, Farruko, Lenny Tavárez, Dalex, Zion","DJ No Pare (feat. Zion, Dalex, Lenny Tavárez) - Remix",WEA Latina,13,39,18,688533,ES,Spain,Q1,2020
42,spotify:track:1IDFcb3cjkj2dhv3UaxX9b,"Danny Romero, Lérica",De Tranquilote,24/7 Management & The Nova Management,5,43,27,685352,ES,Spain,Q1,2020
43,spotify:track:2TH65lNHgvLxCKXM3apjxI,"Bad Bunny, Tainy",Callaita,Rimas Entertainment LLC,1,36,32,676298,ES,Spain,Q1,2020
44,spotify:track:41L3O37CECZt3N7ziG2z7l,Justin Bieber,Yummy,RBMG/Def Jam,44,-1,1,667555,ES,Spain,Q1,2020
45,spotify:track:6uW0PIRcyZLvkoonm763xD,"Don Patricio, Cruz Cafuné",Contando Lunares (feat. Cruz Cafuné),WM Spain,1,40,49,658197,ES,Spain,Q1,2020
46,spotify:track:4bTZeO72FwMa6wKOiqoynL,"Sech, Ozuna, Anuel AA, Darell, Nicky Jam",Otro Trago - Remix,Rich Music,2,41,24,658061,ES,Spain,Q1,2020
47,spotify:track:4TnjEaWOeW0eKTKIEvJyCa,Trevor Daniel,Falling,Alamo,47,53,6,633976,ES,Spain,Q1,2020
48,spotify:track:4R8BJggjosTswLxtkw8V7P,"JHAYCO, J Balvin, Bad Bunny",No Me Conoce - Remix,N&E Entertainment LLC,4,44,34,632276,ES,Spain,Q1,2020
49,spotify:track:6v3KW9xbzN5yKLt9YKDYA2,"Shawn Mendes, Camila Cabello",Señorita,Island Records,3,51,29,621558,ES,Spain,Q1,2020
50,spotify:track:1aUGxXCz9QimNkKeiJtzZ7,"KEVVO, Farruko, Chencho Corleone, Arcángel, Darell, Ñengo Flow, Brytiago, Myke Towers",105 F Remix,Una Vision Quintana,30,48,17,617170,ES,Spain,Q1,2020
1,spotify:track:2DEZmgHKAvm41k4J3R2E9Y,"Bad Bunny, Jowell & Randy, Ñengo Flow",Safaera,Rimas Entertainment LLC,1,1,6,2680005,ES,Spain,Q2,2020
2,spotify:track:6zEgnpM0qYmHLDnh8WPejL,J Balvin,Amarillo,UMLE - Latino,1,2,3,2349766,ES,Spain,Q2,2020
3,spotify:track:0SqqAgdovOE24BzxIClpjw,Bad Bunny,Yo Perreo Sola,Rimas Entertainment LLC,3,6,6,2317901,ES,Spain,Q2,2020
4,spotify:track:7k4t7uLgtOxPwTpFmtJNTY,"KAROL G, Nicki Minaj",Tusa,TUSA - Karol G & Nicki Minaj,1,3,22,2310274,ES,Spain,Q2,2020
5,spotify:track:380HmhwTE2NJgawn1NwkXi,J Balvin,Rojo,UMLE - Latino,2,4,6,2136737,ES,Spain,Q2,2020
6,spotify:track:7na7Bk98usp84FaOJFPv3d,Rauw Alejandro,Tattoo,"(SME US Latin) Duars Entertainment, Corp. (2)",2,7,8,1907861,ES,Spain,Q2,2020
7,spotify:track:6NfrH0ANGmgBXyxgV2PeXt,Bad Bunny,La Difícil,Rimas Entertainment LLC,2,5,6,1819016,ES,Spain,Q2,2020
8,spotify:track:49QwoSLuV69Fd8bwTqdZvs,"Lola Indigo, Rauw Alejandro, Lalo Ebratt",4 besos,Universal Music Spain S.L.,8,9,2,1765964,ES,Spain,Q2,2020
9,spotify:track:35KmOEIUqAGn02t7n4qaIr,J Balvin,Morado,UMLE - Latino,2,8,13,1591799,ES,Spain,Q2,2020
10,spotify:track:2maGaB3fNqQnyrG3FDiaW3,"El Completo Rd, Chimbala, Cotorra Music Grup",Una Mala - Remix,Rightsy,10,11,7,1559239,ES,Spain,Q2,2020
11,spotify:track:3JHpk0DOTOzyh0777JFAky,Myke Towers,Diosa,"2020 One World Music & Casablanca Records | Powered by GLAD Empire, LL",2,10,10,1518763,ES,Spain,Q2,2020
12,spotify:track:2w1rq80FIrbxeJy9WYURxw,"KAROL G, Anuel AA",Follow,UMLE - Latino,12,-1,1,1461297,ES,Spain,Q2,2020
13,spotify:track:5eEQCfq7MXQr6aHLNRUZLs,Anuel AA,Keii,"2020 Real Hasta La Muerte, LLC",2,12,9,1306858,ES,Spain,Q2,2020
14,spotify:track:2tGENA8xef0wABdHvyXwv9,"Lunay, Ozuna, Myke Towers, Chencho Corleone, Rauw Alejandro",La Cama (Remix),round2media - LaFamilia,14,22,2,1249969,ES,Spain,Q2,2020
15,spotify:track:38RIEav39FGi86jppxO0du,"Bad Bunny, Sech",Ignorantes,Rimas Entertainment LLC,5,14,8,1234103,ES,Spain,Q2,2020
16,spotify:track:3VPOZWtj8mM89IiRNygxgS,"Fred De Palma, Ana Mena",Se iluminaba,WM Italy,6,16,24,1206706,ES,Spain,Q2,2020
17,spotify:track:1syf62zw48zu4FrPwMtDHk,J Balvin,Gris,UMLE - Latino,8,13,3,1171837,ES,Spain,Q2,2020
18,spotify:track:3qM0vBxIe4VUbK0Z0smuVP,"JHAYCO, Anuel AA, J Balvin",Medusa,N&E Entertainment LLC,5,15,10,1164482,ES,Spain,Q2,2020
19,spotify:track:2lCkncy6bIB0LTMT7kvrD1,J Balvin,Azul,UMLE - Latino,10,17,3,1093347,ES,Spain,Q2,2020
20,spotify:track:0A37XY67wSdGqkGjtfW6aV,"Rauw Alejandro, Anuel AA, NATTI NATASHA, Farruko, Lunay",Fantasias - Remix,"(SME US Latin) Duars Entertainment, Corp. (2)",15,23,5,1084826,ES,Spain,Q2,2020
21,spotify:track:1rgnBhdG2JDFTbYkYRZAku,Tones And I,Dance Monkey,Elektra (NEK),3,24,31,1073395,ES,Spain,Q2,2020
22,spotify:track:1c2oYPFni5vth1v9M7fYZb,Anuel AA,3 de Abril,"Real Hasta La Muerte, LLC",22,-1,1,1068906,ES,Spain,Q2,2020
23,spotify:track:4punHldq7Jfx0Plu7SdjQ0,"Lérica, Omar Montes, Abraham Mateo",Pegamos Tela,Universal Music Spain S.L.,16,21,12,1041309,ES,Spain,Q2,2020
24,spotify:track:5Xhqh4lwJPtMUTsdBztN1a,"Shakira, Anuel AA",Me Gusta,Sony Music Latin,2,25,13,1024322,ES,Spain,Q2,2020
25,spotify:track:35qwAQ3oZeKAMhR3hCV9IM,"David Bisbal, Aitana",Si Tú La Quieres,Universal Music Spain S.L.,25,-1,1,1018560,ES,Spain,Q2,2020
26,spotify:track:3PfIrDoz19wz7qK7tYeu62,Dua Lipa,Don't Start Now,Warner Records,20,20,23,1002568,ES,Spain,Q2,2020
27,spotify:track:4QPLtCSQh10inI5iwUoG2p,Chema Rivas,Mil Tequilas,Chema Rivas,27,46,6,991155,ES,Spain,Q2,2020
28,spotify:track:0VjIjW4GlUZAMYd2vXMi3b,The Weeknd,Blinding Lights,Republic Records,26,29,19,963968,ES,Spain,Q2,2020
29,spotify:track:41wtwzCZkXwpnakmwJ239F,Bad Bunny,Si Veo a Tu Mamá,Rimas Entertainment LLC,11,18,6,949875,ES,Spain,Q2,2020
30,spotify:track:17VsiwLi1ovKYdVUqDieGC,"Rvfv, Omar Montes, Daviles de Novelda",Prendio - Remix,NASTU MUSIC,12,28,16,942818,ES,Spain,Q2,2020
31,spotify:track:6RyuoOJXNzlVWpfC5xQyeI,"Omar Montes, Bad Gyal",Alocao (With Bad Gyal),Bad Gyal Aftercluv/Interscope,1,30,24,913622,ES,Spain,Q2,2020
32,spotify:track:3iQOfefMGDVDwo8dZoco8T,"Feid, Justin Quiles",PORFA,JP Entertainment (Jorge Pino),32,110,15,890377,ES,Spain,Q2,2020
33,spotify:track:69vlMrzHwATKzupwNcUPyK,"Bad Bunny, Daddy Yankee",La Santa,Rimas Entertainment LLC,9,26,6,878361,ES,Spain,Q2,2020
34,spotify:track:4VgYtXCVJ7IbWAZ5ryfvEQ,"Nicky Jam, Daddy Yankee",Muévelo,Sony Music Latin,10,31,13,877355,ES,Spain,Q2,2020
35,spotify:track:50ZC4PM7hywH27RcCfViau,"Rauw Alejandro, Dalex, Lenny Tavárez, Dímelo Flow",Elegí (feat. Dímelo Flow),Sony Music Latin,35,50,2,876428,ES,Spain,Q2,2020
36,spotify:track:5pXy29xzxR3aTB0SYRI590,J Balvin,Blanco,UMLE - Latino,7,27,21,848763,ES,Spain,Q2,2020
37,spotify:track:5Cbo7oz78gqkzV3EAM63VA,"Aitana, Cali Y El Dandee",+,Universal Music Spain S.L.,2,33,17,838480,ES,Spain,Q2,2020
38,spotify:track:24Yi9hE78yPEbZ4kxyoXAI,"SAINt JHN, Imanbek",Roses - Imanbek Remix,Craft Recordings,38,52,5,838313,ES,Spain,Q2,2020
39,spotify:track:2reL9PAUza4PUtbjqW1fRf,ROSALÍA,Dolerme,Columbia,19,19,3,833869,ES,Spain,Q2,2020
40,spotify:track:3W87IIdSOE63W0Qyhy7r2b,Beret,Si por mi fuera,WM Spain,3,34,25,831047,ES,Spain,Q2,2020
41,spotify:track:4lMOQR1rRW5hJgJXOtKraL,Sech,Relación,Rich Music,41,-1,1,824697,ES,Spain,Q2,2020
42,spotify:track:2ksOAxtIxY8yElEWw8RhgK,"Anuel AA, Daddy Yankee, KAROL G, J Balvin, Ozuna",China,"2019 Real Hasta La Muerte, LLC.",1,36,38,807057,ES,Spain,Q2,2020
43,spotify:track:6cy3ki60hLwimwIje7tALf,"Black Eyed Peas, J Balvin",RITMO (Bad Boys For Life),Epic/We The Best,2,37,26,791874,ES,Spain,Q2,2020
44,spotify:track:5stPVcRqb4qixbafP9e8lt,"Dalex, Lenny Tavárez, Chencho Corleone, Juhn, Dímelo Flow",Hola - Remix,Rich Music,7,35,23,780779,ES,Spain,Q2,2020
45,spotify:track:5tzOL69W6lCp4gAomIXMnJ,"Pole., Pilar Moxó",Quédate conmigo,Sony Music Entertainment,43,43,9,760613,ES,Spain,Q2,2020
46,spotify:track:4s45VgkknMFkdiGoUcjxQU,"Sebastian Yatra, Rauw Alejandro, Manuel Turizo",TBT,UMLE - Latino,45,45,7,707440,ES,Spain,Q2,2020
47,spotify:track:7sQKy5vlPQllr0k9IjYJv3,"Arcángel, Sech, Dímelo Flow",Sigues Con El,Rimas Entertainment LLC.,15,44,17,701973,ES,Spain,Q2,2020
48,spotify:track:4T7SpjqFNSpfdAsN66DkiE,Funzo & Baby Loud,Malibú con Piña,Sony Music Entertainment,21,42,13,675093,ES,Spain,Q2,2020
49,spotify:track:2Z3RqW9jfl62il0R4q8wQy,Bandaga,Ahora Dice Que Me Ama,Bandaga,23,40,7,663729,ES,Spain,Q2,2020
50,spotify:track:2n7ohqg1s68ToAHh4u9mcW,Bad Bunny,Vete,Rimas Entertainment LLC,2,39,20,661352,ES,Spain,Q2,2020
1,spotify:track:3gD4J3RUHy4OUuZ3qAiaiG,Ozuna,Caramelo,Aura Music Corp.,1,2,4,3366861,ES,Spain,Q3,2020
2,spotify:track:1mohfLaTJtB2RplHLQVM70,"Nio Garcia, Anuel AA, Myke Towers, Brray, Juanka",La Jeepeta - Remix,"2020 Flow La Movie, Inc. | Powered by GLAD Empire, LLC",1,1,11,3029716,ES,Spain,Q3,2020
3,spotify:track:7kOf0qHO4Rcwk6QJifZDRJ,Anuel AA,El Manual,"2020 Real Hasta La Muerte, LLC",2,3,6,2772212,ES,Spain,Q3,2020
4,spotify:track:5kQre7o8ky5DXeEPcyaCR1,"Prince Royce, Myke Towers",Carita de Inocente (feat. Myke Towers) - Remix,Sony Music Latin,4,5,5,2520428,ES,Spain,Q3,2020
5,spotify:track:06s3QtMJVXw1AJX3UfvZG1,"Anuel AA, Bad Bunny",Hasta Que Dios Diga,"2020 Real Hasta La Muerte, LLC",2,4,6,2396669,ES,Spain,Q3,2020
6,spotify:track:4HYDUMY0xSpeBr0AMY9cUz,"Jay Wheeler, DJ Nelson, Myke Towers",La Curiosidad,Linked Music / Dynamic Records / EMPIRE,6,11,4,2261953,ES,Spain,Q3,2020
7,spotify:track:6DDb7XRNUzeHmSoTbw5nmm,"Don Patricio, Mozart La Para",Pa toda la vida (feat. Mozart La Para),WM Spain,7,7,7,2174801,ES,Spain,Q3,2020
8,spotify:track:3cg2Y9mIiYNdcPTLKaQgK3,"Sech, Justin Quiles",Fabuloso,Rich Music,8,9,7,2154521,ES,Spain,Q3,2020
9,spotify:track:0eeKDrQxjqNl5bX5VCHDcn,"Justin Quiles, Daddy Yankee, El Alfa",PAM,WEA Latina,1,6,10,2144139,ES,Spain,Q3,2020
10,spotify:track:3ZG8N7aWw2meb6UrI5ZmnZ,Sech,Relación,Rich Music,8,10,14,2047678,ES,Spain,Q3,2020
11,spotify:track:2uy5wXDZQcdd89PvDBSfyy,"Ñengo Flow, Anuel AA",Sur y Norte,"Nengo Flow (Edwin Rosa Vazquez) (Real G 4 Life, Inc.)",5,8,8,2014648,ES,Spain,Q3,2020
12,spotify:track:6AzKhCHOms83jvNVLsz0Bt,"Aya Nakamura, Maluma",Djadja (feat. Maluma) - Remix,Rec. 118,12,14,4,1957261,ES,Spain,Q3,2020
13,spotify:track:7lUdbnz7wsv3C9zzf4WHl9,"Feid, J Balvin, Maluma, Nicky Jam, Sech, Justin Quiles","PORFA Remix ( Feat. Maluma, Nicky Jam, Sech) - Remix",JP Entertainment (Jorge Pino),13,32,2,1721751,ES,Spain,Q3,2020
14,spotify:track:0qvfIq8RsH3sOZk9JIuUhn,Chema Rivas,Mil Tequilas,Chema Rivas,2,12,19,1682023,ES,Spain,Q3,2020
15,spotify:track:7KKh0ujp8agIiCrkiJhf81,"Anuel AA, Tego Calderón",Jangueo,"2020 Real Hasta La Muerte, LLC",9,13,6,1542335,ES,Spain,Q3,2020
16,spotify:track:2tFwfmceQa1Y6nRPhYbEtC,"JHAYCO, Bad Bunny",CÓMO SE SIENTE - Remix,N&E Entertainment LLC,13,15,9,1515104,ES,Spain,Q3,2020
17,spotify:track:4fsj5oMLYrCUlTDs4P9qw5,"Lérica, Belinda",Flamenkito,Universal Music Spain S.L.,16,16,9,1514455,ES,Spain,Q3,2020
18,spotify:track:0jT8Nl0shPS8115is0wD2Q,Camilo,Favorito,Sony Music Latin,4,18,15,1418310,ES,Spain,Q3,2020
19,spotify:track:4w47S36wQGBhGg073q3nt7,"ROSALÍA, Travis Scott",TKN (feat. Travis Scott),Columbia,1,17,6,1370107,ES,Spain,Q3,2020
20,spotify:track:6yVkakCN460KOVol9ZazjH,Anuel AA,Reggaetonera,"2020 Real Hasta La Muerte, LLC",20,20,6,1355882,ES,Spain,Q3,2020
21,spotify:track:49QwoSLuV69Fd8bwTqdZvs,"Lola Indigo, Rauw Alejandro, Lalo Ebratt",4 besos,Universal Music Spain S.L.,8,22,15,1340737,ES,Spain,Q3,2020
22,spotify:track:2EAwcFW9NeuhnZ0q5aYhFL,"Nyno Vargas, Omar Montes","Hola, Nena (feat. Omar Montes)",WM Spain,8,19,11,1282880,ES,Spain,Q3,2020
23,spotify:track:7k4t7uLgtOxPwTpFmtJNTY,"KAROL G, Nicki Minaj",Tusa,TUSA - Karol G & Nicki Minaj,1,23,35,1274021,ES,Spain,Q3,2020
24,spotify:track:7mcdgAXmb35dakBnfDIv3q,Anuel AA,Narcos,"2020 Real Hasta La Muerte, LLC",16,21,6,1270362,ES,Spain,Q3,2020
25,spotify:track:3VPOZWtj8mM89IiRNygxgS,"Fred De Palma, Ana Mena",Se iluminaba,WM Italy,6,27,37,1257864,ES,Spain,Q3,2020
26,spotify:track:6zEgnpM0qYmHLDnh8WPejL,J Balvin,Amarillo,UMLE - Latino,1,26,16,1167271,ES,Spain,Q3,2020
27,spotify:track:2WlmR4N8xSxDG3Adz8Wd2k,Kiko el Crazy,La Popi,RIMAS Entertainment LLC,27,28,5,1131512,ES,Spain,Q3,2020
28,spotify:track:2hDe0Ls5mVqs1XJqv7sbcM,"Anuel AA, Enrique Iglesias",Fútbol & Rumba (feat. Enrique Iglesias),"2020 Real Hasta La Muerte, LLC",7,29,6,1121845,ES,Spain,Q3,2020
29,spotify:track:6f4LYJwICqxoAILj82kwB0,C. Tangana,Nunca Estoy,Sony Music Entertainment,1,25,11,1116341,ES,Spain,Q3,2020
30,spotify:track:50ZC4PM7hywH27RcCfViau,"Rauw Alejandro, Dalex, Lenny Tavárez, Dímelo Flow",Elegí (feat. Dímelo Flow),Sony Music Latin,24,34,15,1100811,ES,Spain,Q3,2020
31,spotify:track:46V4kseB66GjFGklCgynGX,"Casper Magico, Anuel AA",Sola & Vacía,"2020 Flow La Movie, Inc. & Los Magicos, LLC | Powered by GLAD Empire,",4,30,12,1085823,ES,Spain,Q3,2020
32,spotify:track:4SJHHpKhcuXwDsCsPqshXj,"Rauw Alejandro, Chencho Corleone",El Efecto,"Duars Entertainment, Corp.",27,35,38,1063593,ES,Spain,Q3,2020
33,spotify:track:0VjIjW4GlUZAMYd2vXMi3b,The Weeknd,Blinding Lights,Republic Records,23,37,32,1049253,ES,Spain,Q3,2020
34,spotify:track:6Hw21Z5CmEV78jrncFpMwz,Harry Nach,Tak Tiki Tak,Sony Music Entertainment Chile S.A,25,33,11,1046165,ES,Spain,Q3,2020
35,spotify:track:2maGaB3fNqQnyrG3FDiaW3,"El Completo Rd, Chimbala, Cotorra Music Grup",Una Mala - Remix,Rightsy,10,38,20,1020959,ES,Spain,Q3,2020
36,spotify:track:5bmSver2b3ZXyuyLKtgnFI,"Bad Bunny, Nicky Jam",BAD CON NICKY,Rimas Entertainment LLC,11,39,9,1011459,ES,Spain,Q3,2020
37,spotify:track:2DEZmgHKAvm41k4J3R2E9Y,"Bad Bunny, Jowell & Randy, Ñengo Flow",Safaera,Rimas Entertainment LLC,1,31,19,1001898,ES,Spain,Q3,2020
38,spotify:track:5XqCz18k96K8tx6DAYM97i,"Bad Bunny, Don Omar",PA' ROMPERLA,Rimas Entertainment LLC,1,36,9,996621,ES,Spain,Q3,2020
39,spotify:track:5EbtodsuLbxrFDH6j5avVS,"Camilo, Pablo Alborán",El Mismo Aire - con Pablo Alborán,Sony Music Latin,39,47,4,977108,ES,Spain,Q3,2020
40,spotify:track:6QpL9FS8ytyEIYrM2l7lSf,Beret,Aún me amas,WM Spain,40,-1,1,920625,ES,Spain,Q3,2020
41,spotify:track:0SqqAgdovOE24BzxIClpjw,Bad Bunny,Yo Perreo Sola,Rimas Entertainment LLC,3,40,19,917437,ES,Spain,Q3,2020
42,spotify:track:380HmhwTE2NJgawn1NwkXi,J Balvin,Rojo,UMLE - Latino,2,42,19,903669,ES,Spain,Q3,2020
43,spotify:track:7MCFjPDImfjQv7GynHgVrR,Nicki Nicole,Colocao,Sony Music Latin/DALE PLAY Records,41,41,8,894349,ES,Spain,Q3,2020
44,spotify:track:17VsiwLi1ovKYdVUqDieGC,"Rvfv, Omar Montes, Daviles de Novelda",Prendio - Remix,NASTU MUSIC,12,43,29,883688,ES,Spain,Q3,2020
45,spotify:track:7na7Bk98usp84FaOJFPv3d,Rauw Alejandro,Tattoo,"(SME US Latin) Duars Entertainment, Corp. (2)",2,44,21,847724,ES,Spain,Q3,2020
46,spotify:track:35qwAQ3oZeKAMhR3hCV9IM,"David Bisbal, Aitana",Si Tú La Quieres,Universal Music Spain S.L.,22,46,14,825133,ES,Spain,Q3,2020
47,spotify:track:4QfZYDhGZc0T2RDvGiI69E,"El Alfa, Chael Produciendo",Singapur,EL JEFE RECORDS LLC,47,63,4,814828,ES,Spain,Q3,2020
48,spotify:track:24Yi9hE78yPEbZ4kxyoXAI,"SAINt JHN, Imanbek",Roses - Imanbek Remix,Craft Recordings,29,49,18,804333,ES,Spain,Q3,2020
49,spotify:track:2J9B63FawlTaPdg4eH5X03,Beéle,Loco,Hear This Music,14,48,33,773926,ES,Spain,Q3,2020
50,spotify:track:10u2iOS0r6plfb9GknD7g4,"Rauw Alejandro, Myke Towers, Sky Rompiendo",Ponte Pa' Mi,"(SME US Latin) Duars Entertainment, Corp. (2)",43,45,12,760490,ES,Spain,Q3,2020
1,spotify:track:1yoMvmasuxZfqHEipJhRbp,Maluma,Hawái,Sony Music Latin,1,1,10,2962804,ES,Spain,Q4,2020
2,spotify:track:0JAZWvvqttGFm4UMDsPQXC,"Ozuna, Camilo",Despeinada,Aura Music Corp.,2,3,5,2800581,ES,Spain,Q4,2020
3,spotify:track:35UUpTmrcFXNIVIN26ujXl,"Sech, Daddy Yankee, J Balvin, ROSALÍA, Farruko",Relación - Remix,Rich Music,2,2,5,2628703,ES,Spain,Q4,2020
4,spotify:track:5y7DaS3jAc9eZzcSOoUIwU,"Ozuna, J Balvin, Chencho Corleone",Una Locura,Aura Music Corp.,4,5,5,2220410,ES,Spain,Q4,2020
5,spotify:track:6C6mUonH6MNdSg5pw7kOc9,"KHEA, Lenny Santos",Ayer Me Llamó Mi Ex,Young Flex - Khea,1,4,7,2191264,ES,Spain,Q4,2020
6,spotify:track:55C0glNSvxJDCfgHwiCZb1,"Ptazeta, Juacko",Mami,Real Key Music,5,6,10,2146787,ES,Spain,Q4,2020
7,spotify:track:3Iql4v0ISjuMqj7MNkuWJX,LA YOUNG,Como Estrellas,La Young,7,9,12,2044330,ES,Spain,Q4,2020
8,spotify:track:4HYDUMY0xSpeBr0AMY9cUz,"Jay Wheeler, DJ Nelson, Myke Towers",La Curiosidad,Linked Music / Dynamic Records / EMPIRE,2,8,17,1972712,ES,Spain,Q4,2020
9,spotify:track:4pXW6ZAHBz7ODXTRKklWrM,"Trueno, Nicki Nicole, Bizarrap, Taiu, tatool",Mamichula - con Nicki Nicole,NEUEN,1,7,11,1929982,ES,Spain,Q4,2020
10,spotify:track:3OL6rKs4tpYCdPZ9SEx50p,"Aitana, Sebastian Yatra",Corazón Sin Vida,Universal Music Spain S.L.,10,-1,1,1823275,ES,Spain,Q4,2020
11,spotify:track:4ZRrLHqzhGRXYj2qcB4s5S,"Rauw Alejandro, Camilo",Tattoo - Remix with Camilo,Sony Music Latin/Duars Entertainment,4,10,13,1704265,ES,Spain,Q4,2020
12,spotify:track:2bgcUk2A3jjKbCJ7KPquTi,"Wisin, Myke Towers, Los Legendarios",Mi Niña,La Base Music Group/ WK Records,12,43,2,1651192,ES,Spain,Q4,2020
13,spotify:track:3kml9ZdpT7UYk1ugkjqOzt,"Daddy Yankee, Anuel AA, Kendo Kaponi",Don Don,El Cartel Records,11,11,4,1628617,ES,Spain,Q4,2020
14,spotify:track:3ThrfRAmijYU098H9q9tAs,Rauw Alejandro,Enchule,Sony Music Latin/Duars Entertainment,14,27,3,1535924,ES,Spain,Q4,2020
15,spotify:track:1eWWdO6oIBdJT8SCXaYCYV,"Marmi, Aitana",Tu Foto Del DNI,Universal Music Spain S.L.,11,12,4,1532470,ES,Spain,Q4,2020
16,spotify:track:15OjBeqNX3bShsGYQbteRv,Farruko,La Tóxica,Sony Music Latin,16,17,10,1502764,ES,Spain,Q4,2020
17,spotify:track:5Jm4w8jmPEBTLjI9vH4fXo,Ozuna,Caramelo,Aura Music Corp.,1,13,17,1442517,ES,Spain,Q4,2020
18,spotify:track:7x4ASXYEKfQBCewcZhK776,KAROL G,"Ay, DiOs Mío!",UMLE - Latino,5,14,13,1377596,ES,Spain,Q4,2020
19,spotify:track:5DoLhdU27owX1NMrKLUbUl,"Super Yei, Sammy, Jone Quest, Towy, Osquel, Beltito, Sammy & Falsetto",Lean,Superiority,16,16,11,1374521,ES,Spain,Q4,2020
20,spotify:track:73nAK3HgQK8dak83Y2WQ8F,Camilo,Vida de Rico,Sony Music Latin,20,49,2,1318199,ES,Spain,Q4,2020
21,spotify:track:6KS9MjBx9PnEetb0XUqGv6,"Rvfv, Lola Indigo",Trendy,NASTU MUSIC,9,15,11,1277142,ES,Spain,Q4,2020
22,spotify:track:6Vi8rWobVwobca5fR5WHVG,"JC Reyes, Camin",34 Amor y Mafia,JC Reyes,22,24,7,1267065,ES,Spain,Q4,2020
23,spotify:track:5kQre7o8ky5DXeEPcyaCR1,"Prince Royce, Myke Towers",Carita de Inocente (feat. Myke Towers) - Remix,Sony Music Latin,4,18,18,1242064,ES,Spain,Q4,2020
24,spotify:track:6fmQjRuo7XvRFCK2qex5hQ,Jerry Di,Mi Cuarto,Nacho,22,22,8,1216479,ES,Spain,Q4,2020
25,spotify:track:11EnQRgRMJwMAesfkB5pnu,"Lele Pons, Guaynaa",Se Te Nota (with Guaynaa),Shots Studios & Music/10:22pm/Interscope Records,25,38,4,1192379,ES,Spain,Q4,2020
26,spotify:track:3GtnId3Cm1Xa6joCj08nzW,Justin Quiles,Jeans,WEA Latina,26,26,8,1164411,ES,Spain,Q4,2020
27,spotify:track:19OXtYzrJyCrQvTbfukt4H,"Maluma, Myke Towers",Madrid (feat. Myke Towers),Sony Music Latin,18,20,7,1152450,ES,Spain,Q4,2020
28,spotify:track:6P2P7bd9VMY37tUbxf0PlW,"Omar Montes, Rvfv",No Puedo Amar,Zamara Music D3,22,23,4,1135912,ES,Spain,Q4,2020
29,spotify:track:7ql2RUmAmj36tkMUNWo7MT,"Ana Mena, Rocco Hunt",A Un Paso De La Luna,RCA Records Label,29,74,8,1103238,ES,Spain,Q4,2020
30,spotify:track:0EhpEsp4L0oRGM0vmeaN5e,"J Balvin, Dua Lipa, Bad Bunny, Tainy",UN DIA (ONE DAY) (Feat. Tainy),Universal Music Latino/ NEON16,12,21,11,1093660,ES,Spain,Q4,2020
31,spotify:track:4hgIsfE3u7duCJFYXm6kZe,Rafa Pabön,A Güiro,Rimas Entertainment LLC.,4,19,11,1025205,ES,Spain,Q4,2020
32,spotify:track:7bidsoy3nzCDNYzAzrV7NN,"Bizarrap, KHEA","KHEA: Bzrp Music Sessions, Vol. 34/66",DALE PLAY Records,32,-1,1,1007322,ES,Spain,Q4,2020
33,spotify:track:2MlOUXmcofMackX3bxfSwi,"Master KG, Nomcebo Zikode",Jerusalema (feat. Nomcebo Zikode),Elektra France,30,30,6,991674,ES,Spain,Q4,2020
34,spotify:track:6bvfJf4KjonPMuPfGfy3S2,"Nio Garcia, Anuel AA, Myke Towers, Brray, Juanka",La Jeepeta - Remix,"Flow La Movie, Inc.",1,29,24,975958,ES,Spain,Q4,2020
35,spotify:track:0jT8Nl0shPS8115is0wD2Q,Camilo,Favorito,Sony Music Latin,4,34,28,958584,ES,Spain,Q4,2020
36,spotify:track:3tjFYV6RSFtuktYl3ZtYcq,"24kGoldn, iann dior",Mood (feat. iann dior),Records/Columbia,32,32,6,950055,ES,Spain,Q4,2020
37,spotify:track:3CCPAxHcGuTL43u4U9euVo,"Danny Romero, Juan Magán",El Hipo,The Nova Management,23,28,16,949365,ES,Spain,Q4,2020
38,spotify:track:7kOf0qHO4Rcwk6QJifZDRJ,Anuel AA,El Manual,"2020 Real Hasta La Muerte, LLC",2,31,19,923748,ES,Spain,Q4,2020
39,spotify:track:13vDU8nPsvTGEVTMB8Vw7g,"Aya Nakamura, Maluma",Djadja (feat. Maluma) - Remix,Rec. 118,7,25,17,912243,ES,Spain,Q4,2020
40,spotify:track:06s3QtMJVXw1AJX3UfvZG1,"Anuel AA, Bad Bunny",Hasta Que Dios Diga,"2020 Real Hasta La Muerte, LLC",2,36,19,881535,ES,Spain,Q4,2020
41,spotify:track:3VPOZWtj8mM89IiRNygxgS,"Fred De Palma, Ana Mena",Se iluminaba,WM Italy,6,40,50,869750,ES,Spain,Q4,2020
42,spotify:track:0hAfLLkw3l8ZZ8jYsPqbls,"Lennis Rodriguez, Juan Magán",Cucu,Eco Music,36,37,12,841826,ES,Spain,Q4,2020
43,spotify:track:3cg2Y9mIiYNdcPTLKaQgK3,"Sech, Justin Quiles",Fabuloso,Rich Music,8,41,20,838291,ES,Spain,Q4,2020
44,spotify:track:5EbtodsuLbxrFDH6j5avVS,"Camilo, Pablo Alborán",El Mismo Aire - con Pablo Alborán,Sony Music Latin,29,47,17,831872,ES,Spain,Q4,2020
45,spotify:track:4Pzk85DqWoLqptyA5IlhLk,Omega,Pegao / Me Miro y La Mire - TikTok Hit,Allegro Music / Planet Records [Powered by Planet Distribution],25,33,6,825408,ES,Spain,Q4,2020
46,spotify:track:1pqnQ41XbfKjaFu6M0eGJp,"Tainy, J Balvin",Agua (with J Balvin),NEON16/Interscope Records,2,39,13,815065,ES,Spain,Q4,2020
47,spotify:track:4vjVdfdBHnUiaFCcUa3gfn,"Arcángel, Justin Quiles, De La Ghetto, Eladio Carrion",Tussi,Rimas Entertainment LLC.,47,57,3,814734,ES,Spain,Q4,2020
48,spotify:track:7k4t7uLgtOxPwTpFmtJNTY,"KAROL G, Nicki Minaj",Tusa,TUSA - Karol G & Nicki Minaj,1,48,48,794631,ES,Spain,Q4,2020
49,spotify:track:0qvfIq8RsH3sOZk9JIuUhn,Chema Rivas,Mil Tequilas,Chema Rivas,2,46,32,784991,ES,Spain,Q4,2020
50,spotify:track:3VArTR8VPyOEiITj8SJMLv,"Lola Indigo, Danna Paola, Denise Rosenthal",Santería,Universal Music Spain S.L.,21,35,6,775625,ES,Spain,Q4,2020
1,spotify:track:4TnFANpjVwVKWzkxNzIyFH,"Gradur, Heuss L'enfoiré",Ne reviens pas,Universal Music Division Capitol Music France,1,1,7,3440834,FR,France,Q1,2020
2,spotify:track:5BfCoUcWNXcpyJfjXRIeyC,"Heuss L'enfoiré, Jul",Moulaga,Midi Midi Production/150 Prod,2,2,4,2626422,FR,France,Q1,2020
3,spotify:track:1rgnBhdG2JDFTbYkYRZAku,Tones And I,Dance Monkey,Elektra (NEK),2,3,21,2021112,FR,France,Q1,2020
4,spotify:track:0sf12qNH5qcw8qpgymFOqD,The Weeknd,Blinding Lights,Republic Records,4,4,6,1823360,FR,France,Q1,2020
5,spotify:track:7HnZCmNXgva6N3kZiK0NTn,"4Keus, Tiakola, Niska",MD (feat. Niska),Wati-B,5,9,2,1492321,FR,France,Q1,2020
6,spotify:track:2iuNKcIOuHb9VIplN7NDoa,"Maes, Ninho",Distant,Universal Music Division Capitol Music France,4,6,3,1470573,FR,France,Q1,2020
7,spotify:track:18HNGxDOcshRU2Hdu8tMOM,Gambi,POPOPOP,Rec. 118,1,5,14,1381940,FR,France,Q1,2020
8,spotify:track:47LFcy7prvEY5D08d26zOo,Aya Nakamura,40%,Rec. 118,7,7,11,1338342,FR,France,Q1,2020
9,spotify:track:30kxl4FnaEFS2qZkec3Zak,Naza,Loin de moi,Capricarolesque,8,10,15,1201367,FR,France,Q1,2020
10,spotify:track:696DnlkuDOXcMAnKlTgXXK,Arizona Zervas,ROXANNE,Arizona Zervas,10,13,9,1190552,FR,France,Q1,2020
11,spotify:track:7rBP4bLjMLNkix1nGHjheP,Angèle,Oui ou non,Angèle VL Records,5,8,9,1175004,FR,France,Q1,2020
12,spotify:track:5Oh8sPyFYM4gAR3KmmDH7I,"Larry, RK",Woin Woin,GOTHVM Records,3,11,10,1098806,FR,France,Q1,2020
13,spotify:track:4ZuuPLV4qYiznagLAFPHcW,47ter,Côte Ouest,Label Entrecôte,7,15,26,1093774,FR,France,Q1,2020
14,spotify:track:2oT2g4vkjRaFOcUtdOf9eg,"Hamza, Damso",God Bless (feat. Damso),Rec. 118,6,12,3,1084148,FR,France,Q1,2020
15,spotify:track:6cy3ki60hLwimwIje7tALf,"Black Eyed Peas, J Balvin",RITMO (Bad Boys For Life),Epic/We The Best,14,14,10,1058857,FR,France,Q1,2020
16,spotify:track:2b8fOow8UzyDFAE27YhOZM,Maroon 5,Memories,Interscope Records*,10,19,15,1036156,FR,France,Q1,2020
17,spotify:track:2MCAs3ttHSuDm1RHL0rqTF,"Mister V, PLK",Jamais,Hey Pelo,5,18,6,1031240,FR,France,Q1,2020
18,spotify:track:45mzuuUWaRRLwIDifDferf,"GLK, Landy, DA Uzi, Hornet La Frappe",93% [Tijuana],Karma Editions / Bendo Music / Capitol,18,21,7,1014549,FR,France,Q1,2020
19,spotify:track:2tnVG71enUj33Ic2nFN6kZ,Regard,Ride It,Ministry of Sound Recordings,17,20,16,986032,FR,France,Q1,2020
20,spotify:track:0Jh6iWjna1wk5le0Ahn7No,Ninho,La vie qu'on mène,Rec. 118 / Mal Luné Music,3,23,42,942275,FR,France,Q1,2020
21,spotify:track:1bWafkUCOp6luXRs1cm3w9,Gambi,HÉ OH,Rec. 118,1,17,22,933875,FR,France,Q1,2020
22,spotify:track:4TnjEaWOeW0eKTKIEvJyCa,Trevor Daniel,Falling,Alamo,22,40,7,894626,FR,France,Q1,2020
23,spotify:track:1G2CAJeP7rCwOZjlSJ0Zw3,"Major Lazer, J Balvin, El Alfa",Que Calor,Mad Decent,16,16,14,848352,FR,France,Q1,2020
24,spotify:track:430efk5Jc5wGay4EWP4snS,Bakermat,Baianá,"Ultra Records, LLC",18,25,14,838953,FR,France,Q1,2020
25,spotify:track:7FF6HRsQlc0CtfAbLmrEGX,Niska,Bâtiment,Universal Music Division Capitol Music France,2,22,18,832465,FR,France,Q1,2020
26,spotify:track:1iQDltZqI7BXnHrFy4Qo1k,"SHAED, ZAYN",Trampoline (with ZAYN),Photo Finish Records,20,32,12,822592,FR,France,Q1,2020
27,spotify:track:1SVuEeerYIwjCRsF5MGzX3,"SCH, Ninho",Mayday (feat. Ninho),Rec. 118,2,24,6,820488,FR,France,Q1,2020
28,spotify:track:4iNPp0BZ4lBu7bipdWLcWk,"Vitaa, Slimane",Avant toi,Universal Music Division Capitol Music France,28,29,7,813348,FR,France,Q1,2020
29,spotify:track:2WFa5RbfyeoBDGNkg3OD7M,Dadju,Ma vie,Universal Music Division Capitol Music France,5,27,13,805362,FR,France,Q1,2020
30,spotify:track:6v3KW9xbzN5yKLt9YKDYA2,"Shawn Mendes, Camila Cabello",Señorita,Island Records,3,31,29,804768,FR,France,Q1,2020
31,spotify:track:0MtMUDO6tzHq1ux9rwSJhl,Maes,Street,Universal Music Division Capitol Music France,4,26,10,801555,FR,France,Q1,2020
32,spotify:track:6WrI0LAC5M1Rw2MnX2ZvEg,Dua Lipa,Don't Start Now,Warner Records,32,35,10,778401,FR,France,Q1,2020
33,spotify:track:2PYXOG6GdxF9sUIH2NfOAD,"Nekfeu, Vanessa Paradis",Dans l'univers,Universal Music Division Carthage Music,3,28,31,768958,FR,France,Q1,2020
34,spotify:track:5yYfCoMrhcuxMP9CAmA2rU,PLK,Un peu de haine,Panenka Music,1,36,17,721684,FR,France,Q1,2020
35,spotify:track:24Yi9hE78yPEbZ4kxyoXAI,"SAINt JHN, Imanbek",Roses - Imanbek Remix,Craft Recordings,32,47,7,714961,FR,France,Q1,2020
36,spotify:track:5c2HadbVTsMKjja4gohEFI,"Ninho, Niska",Maman ne le sait pas (feat. Niska),Rec. 118 / Mal Luné Music,2,37,42,704867,FR,France,Q1,2020
37,spotify:track:0yVPwf4vpeGum3gF1XMCWQ,Larry,Block,Columbia,31,49,3,689707,FR,France,Q1,2020
38,spotify:track:3ZCTVFBt2Brf31RLEnCkWJ,Billie Eilish,everything i wanted,Darkroom/Interscope Records,29,44,8,683047,FR,France,Q1,2020
39,spotify:track:7j56bK7gq6iV7zsD6lbP4J,"Vegedream, Ninho",Elle est bonne sa mère,Universal Music Division Island Def Jam,1,34,32,664975,FR,France,Q1,2020
40,spotify:track:7gNlaZaMIjRUfnAYd9Dvmt,Heuss L'enfoiré,Aristocrate,AllPoints,31,33,50,658854,FR,France,Q1,2020
41,spotify:track:3ebaeB2BdCEgZmwKv7p2r5,"GIMS, Sting",Reste,Chahawat,23,30,17,654256,FR,France,Q1,2020
42,spotify:track:0rQbvQpjQ6QeeCAnVRzokf,Ninho,Goutte d'eau,Rec. 118 / Mal Luné Music,1,48,47,648888,FR,France,Q1,2020
43,spotify:track:41L3O37CECZt3N7ziG2z7l,Justin Bieber,Yummy,RBMG/Def Jam,43,-1,1,639389,FR,France,Q1,2020
44,spotify:track:3Aq1SJ1hWlfazx8IIC6u1D,Moha La Squale,Ma belle,Elektra France,1,39,23,635893,FR,France,Q1,2020
45,spotify:track:75bVc27bDSOAhMAL38cXpV,"Niska, Ninho",Méchant,Universal Music Division Capitol Music France,1,38,18,634095,FR,France,Q1,2020
46,spotify:track:7MmocSyYpeLvpgO4eRW3zl,Dadju,Compliqué,Universal Music Division Capitol Music France,7,41,28,624429,FR,France,Q1,2020
47,spotify:track:21jGcNKet2qwijlDFuPiPb,Post Malone,Circles,Republic Records,45,45,19,612936,FR,France,Q1,2020
48,spotify:track:6lZbLMHu98qpkOY0t3efUK,PLK,Problèmes,Panenka Music,5,46,25,609573,FR,France,Q1,2020
49,spotify:track:5JVf4pCn50ePuE6ZoF5oEg,Djadja & Dinaz,Un million par mois,Carré music,15,51,11,600746,FR,France,Q1,2020
50,spotify:track:4poybupy26pTWPr9zY1i7h,Nea,Some Say,Milkshake,50,69,5,585962,FR,France,Q1,2020
1,spotify:track:5HEtuK03ygUzqca6yfgOYZ,Ninho,Lettre à une femme,Rec. 118 / Mal Luné Music,1,1,5,2057300,FR,France,Q2,2020
2,spotify:track:0VjIjW4GlUZAMYd2vXMi3b,The Weeknd,Blinding Lights,Republic Records,2,2,19,1819475,FR,France,Q2,2020
3,spotify:track:6bzxAa3VCiIGzhjsxbHo5q,"Naps, Ninho",6.3,Ok Many Industrie / 13Eme Art Music,1,4,8,1564001,FR,France,Q2,2020
4,spotify:track:69I4Eynuxdj6LEmpvG56u6,"DA Uzi, Ninho",Crois-moi (feat. Ninho),Rec. 118,4,-1,1,1527108,FR,France,Q2,2020
5,spotify:track:4VW2dYyax9XGl5qPwAtRSf,Hatik,Prison pour mineurs,Universal Music Division Carthage Music,5,7,3,1435975,FR,France,Q2,2020
6,spotify:track:0nbXyq5TXYPCO7pr3N8S4I,Roddy Ricch,The Box,Atlantic Records,4,5,14,1416235,FR,France,Q2,2020
7,spotify:track:0BD9boQC7jUTWkAoib4Z0d,"Soolking, Dadju",Meleğim,Universal Music Division Capitol Music France,4,6,9,1359389,FR,France,Q2,2020
8,spotify:track:4TnFANpjVwVKWzkxNzIyFH,"Gradur, Heuss L'enfoiré",Ne reviens pas,Universal Music Division Capitol Music France,1,8,20,1252308,FR,France,Q2,2020
9,spotify:track:24Yi9hE78yPEbZ4kxyoXAI,"SAINt JHN, Imanbek",Roses - Imanbek Remix,Craft Recordings,9,11,20,1195600,FR,France,Q2,2020
10,spotify:track:3dyoo6UNb2VlMTISBqrDb1,Jul,Sousou,D'Or et de Platine,3,3,3,1119467,FR,France,Q2,2020
11,spotify:track:7k4t7uLgtOxPwTpFmtJNTY,"KAROL G, Nicki Minaj",Tusa,TUSA - Karol G & Nicki Minaj,10,15,14,1071054,FR,France,Q2,2020
12,spotify:track:127QTOFJsJQp5LbJbu3A1y,Drake,Toosie Slide,OVO,12,-1,1,1047641,FR,France,Q2,2020
13,spotify:track:7HnZCmNXgva6N3kZiK0NTn,"4Keus, Tiakola, Niska",MD (feat. Niska),Wati-B,5,10,15,1044717,FR,France,Q2,2020
14,spotify:track:5GyyPRvEwdI4wJSUbzxHQv,"Maes, Booba",Blanche,Universal Music Division Capitol Music France,2,13,12,1026021,FR,France,Q2,2020
15,spotify:track:1Sb7QJRawbARgpMqyYNMkT,"Maes, Ninho",Distant,Universal Music Division Capitol Music France,2,14,16,1007169,FR,France,Q2,2020
16,spotify:track:1Lulg5ZiMEXy3QNwb1PB8I,Ninho,Zipette,Rec. 118 / Mal Luné Music,4,9,5,967913,FR,France,Q2,2020
17,spotify:track:6as0Q9RFNCufcus0mzHoDs,"GLK, Landy, DA Uzi, Hornet La Frappe",93% [Tijuana],Karma Editions / Bendo Music / Capitol,12,19,20,899912,FR,France,Q2,2020
18,spotify:track:2rRJrJEo19S2J82BDsQ3F7,Trevor Daniel,Falling,Alamo,15,23,20,894539,FR,France,Q2,2020
19,spotify:track:1rgnBhdG2JDFTbYkYRZAku,Tones And I,Dance Monkey,Elektra (NEK),2,22,34,879413,FR,France,Q2,2020
20,spotify:track:3PfIrDoz19wz7qK7tYeu62,Dua Lipa,Don't Start Now,Warner Records,12,12,23,835737,FR,France,Q2,2020
21,spotify:track:3Dv1eDb0MEgF93GpLXlucZ,Doja Cat,Say So,Kemosabe Records/RCA Records,21,28,9,827680,FR,France,Q2,2020
22,spotify:track:1l3WcVBNpaXBIWGYefPV9b,"Ninho, Damso",Promo (feat. Damso),Rec. 118 / Mal Luné Music,2,18,5,824830,FR,France,Q2,2020
23,spotify:track:1Cv1YLb4q0RzL6pybtaMLo,Surfaces,Sunday Best,"Surfaces Music / TenThousand Projects, LLC",23,25,8,806574,FR,France,Q2,2020
24,spotify:track:3k0uHj27L59aqIO75Qfrwg,DA Uzi,Autre part,Rec. 118,24,135,2,793401,FR,France,Q2,2020
25,spotify:track:2tnVG71enUj33Ic2nFN6kZ,Regard,Ride It,Ministry of Sound Recordings,17,33,29,789252,FR,France,Q2,2020
26,spotify:track:5BfCoUcWNXcpyJfjXRIeyC,"Heuss L'enfoiré, Jul",Moulaga,Midi Midi Production/150 Prod,2,21,17,788739,FR,France,Q2,2020
27,spotify:track:4Nfak8iMF4kQfQ6Pa8Z79m,"Maes, Jul",Dybala,Universal Music Division Capitol Music France,4,26,12,781654,FR,France,Q2,2020
28,spotify:track:696DnlkuDOXcMAnKlTgXXK,Arizona Zervas,ROXANNE,Arizona Zervas,9,24,22,772541,FR,France,Q2,2020
29,spotify:track:7eJMfftS33KTjuF7lTsMCx,"Powfu, beabadoobee",death bed (coffee for your head),Columbia,20,20,7,751819,FR,France,Q2,2020
30,spotify:track:04DQPJA3FWKdIvDaMsnMdv,"Ninho, Hös Copperfield",Pirate,Universal Music Division Carthage Music,16,16,3,736817,FR,France,Q2,2020
31,spotify:track:7vgv8KZBSo0TPzyIWG9yzV,Ava Max,Salt,Atlantic Records,31,50,7,736299,FR,France,Q2,2020
32,spotify:track:7dwmTVQ6zSxowYtw2tFKww,Soso Maness,So Maness,RCA Group,29,29,5,726160,FR,France,Q2,2020
33,spotify:track:1WxduRqYnmTCTsq0Vd4Npw,"DA Uzi, Maes",Le dire (feat. Maes),Rec. 118,33,178,6,724392,FR,France,Q2,2020
34,spotify:track:5SS0c95EiaRyIET3JHd0lE,"GLK, Heuss L'enfoiré",Wesh,Karma Editions / Bendo Music / Capitol,34,39,2,724013,FR,France,Q2,2020
35,spotify:track:2KAkkba3PaYFegfmYpUITv,"Gambi, Heuss L'enfoiré",Dans l'espace (feat. Heuss l'Enfoiré),Rec. 118,1,27,12,720809,FR,France,Q2,2020
36,spotify:track:4poybupy26pTWPr9zY1i7h,Nea,Some Say,Milkshake,21,35,18,717807,FR,France,Q2,2020
37,spotify:track:6ab3CQvDlAVttThZucwGQ1,Hatik,Angela,Play Two,37,42,3,708596,FR,France,Q2,2020
38,spotify:track:0Jh6iWjna1wk5le0Ahn7No,Ninho,La vie qu'on mène,Rec. 118 / Mal Luné Music,3,30,55,704265,FR,France,Q2,2020
39,spotify:track:7jUeurloPULnhaXqbw6RGn,Koba LaD,Ca ira mieux demain,Universal Music Division Capitol Music France,17,17,2,703998,FR,France,Q2,2020
40,spotify:track:7rBP4bLjMLNkix1nGHjheP,Angèle,Oui ou non,Angèle VL Records,5,52,22,694036,FR,France,Q2,2020
41,spotify:track:4hCHnvepjWmpP2kgYuEC7d,Hornet La Frappe,Calumet,Rec. 118,19,36,11,648833,FR,France,Q2,2020
42,spotify:track:4iNPp0BZ4lBu7bipdWLcWk,"Vitaa, Slimane",Avant toi,Universal Music Division Capitol Music France,18,31,20,645565,FR,France,Q2,2020
43,spotify:track:1PA1LTNLAJrbJPWPxEFQvD,"Imen Es, Alonzo",1ère fois,Duetti,32,32,8,640048,FR,France,Q2,2020
44,spotify:track:4nK5YrxbMGZstTLbvj6Gxw,"BENEE, Gus Dapperton",Supalonely,Republic Records,44,85,4,638857,FR,France,Q2,2020
45,spotify:track:2grAr8pWMuLWn8ZYEE9wDV,Tones And I,Never Seen the Rain,Elektra (NEK),38,58,20,629055,FR,France,Q2,2020
46,spotify:track:62aP9fBQKYKxi7PDXwcUAS,"Surf Mesa, Emilee",ily (i love you baby) (feat. Emilee),Astralwerks,46,73,4,628754,FR,France,Q2,2020
47,spotify:track:430efk5Jc5wGay4EWP4snS,Bakermat,Baianá,"Ultra Records, LLC",18,40,27,621151,FR,France,Q2,2020
48,spotify:track:7x3kHHEczVkeuuFkUKjUv7,Maes,Street,Universal Music Division Capitol Music France,4,37,23,614573,FR,France,Q2,2020
49,spotify:track:7szuecWAPwGoV1e5vGu8tl,The Weeknd,In Your Eyes,Republic Records,44,55,3,593421,FR,France,Q2,2020
50,spotify:track:18HNGxDOcshRU2Hdu8tMOM,Gambi,POPOPOP,Rec. 118,1,43,27,588429,FR,France,Q2,2020
1,spotify:track:0KBwGCY9RYD9t2zjeW4h48,Bosh,Djomb - Bien ou quoi,Arista France,1,1,12,3100216,FR,France,Q3,2020
2,spotify:track:6ab3CQvDlAVttThZucwGQ1,Hatik,Angela,Play Two,1,2,16,2473277,FR,France,Q3,2020
3,spotify:track:1fyVvRQsa095P7QK5Um7xH,"Dadju, Ninho",Grand bain,Universal Music Division Capitol Music France,3,3,3,2379351,FR,France,Q3,2020
4,spotify:track:62Pp6exz0ywSlBqvNqiY6Z,Wejdene,Anissa,Universal Music Division Virgin Music,4,4,8,2005631,FR,France,Q3,2020
5,spotify:track:1UvYiDcJVolpUAQWpwrxNw,Kaaris,Goulag,Universal Music Division Virgin Music Distribution Deal,5,-1,1,1896497,FR,France,Q3,2020
6,spotify:track:7ytR5pFWmSjzHJIeQkgog4,"DaBaby, Roddy Ricch",ROCKSTAR (feat. Roddy Ricch),South Coast Music Group/Interscope Records,5,5,12,1881873,FR,France,Q3,2020
7,spotify:track:24IgCW19L8lXKyFZwzFtD3,"Black Eyed Peas, Ozuna, J. Rey Soul",MAMACITA,Epic,6,8,12,1502897,FR,France,Q3,2020
8,spotify:track:11Mq1tJwmFOig3BXxjqcQr,Jul,Italia,D'Or et de Platine,3,7,3,1325951,FR,France,Q3,2020
9,spotify:track:0VjIjW4GlUZAMYd2vXMi3b,The Weeknd,Blinding Lights,Republic Records,1,11,32,1321766,FR,France,Q3,2020
10,spotify:track:4fW3EMRzAfj8aNMsF3zMwt,"Booba, Zed",JAUNÉ,Tallac Records,1,9,9,1309512,FR,France,Q3,2020
11,spotify:track:0PGDjNcjDLalPSMtgvSvT7,"RK, Maes",Euros,Universal Music Distribution Deal,11,34,2,1281597,FR,France,Q3,2020
12,spotify:track:24Yi9hE78yPEbZ4kxyoXAI,"SAINt JHN, Imanbek",Roses - Imanbek Remix,Craft Recordings,3,12,33,1188745,FR,France,Q3,2020
13,spotify:track:6UzGRgt50CWkj2ELI4twvX,Gambi,MACINTOSH,Rec. 118,10,10,3,1187459,FR,France,Q3,2020
14,spotify:track:3H7ihDc1dqLriiWXwsc2po,"Topic, A7S",Breaking Me,Intercord,14,17,14,1179903,FR,France,Q3,2020
15,spotify:track:07pzk5h8p2qRowPZb3YBKC,"Bolémvn, Maes",10K,Universal Music Division Capitol Music France,7,13,6,1149153,FR,France,Q3,2020
16,spotify:track:2alc8VZAzDgdAsL2QMk3hu,DripReport,Skechers,Arista Records,8,14,16,1132981,FR,France,Q3,2020
17,spotify:track:1xQ6trAsedVPCdbtDAmk0c,"Jawsh 685, Jason Derulo",Savage Love (Laxed - Siren Beat),Columbia,17,59,3,1115515,FR,France,Q3,2020
18,spotify:track:5HEtuK03ygUzqca6yfgOYZ,Ninho,Lettre à une femme,Rec. 118 / Mal Luné Music,1,15,18,1108094,FR,France,Q3,2020
19,spotify:track:0BD9boQC7jUTWkAoib4Z0d,"Soolking, Dadju",Meleğim,Universal Music Division Capitol Music France,4,16,22,1097149,FR,France,Q3,2020
20,spotify:track:7k4t7uLgtOxPwTpFmtJNTY,"KAROL G, Nicki Minaj",Tusa,TUSA - Karol G & Nicki Minaj,7,20,27,1068607,FR,France,Q3,2020
21,spotify:track:3lTL4LdFKVF51lseI2nk5D,"Naps, Ninho",6.3,Ok Many Industrie / 13Eme Art Music,1,18,21,1026134,FR,France,Q3,2020
22,spotify:track:4dtG1p71E6VPt9BmVYWcY5,"Grand Corps Malade, Camille Lellouche",Mais je t'aime,Anouche Productions,22,45,3,987067,FR,France,Q3,2020
23,spotify:track:14ngWWxvUSnIMXgF6rzSk1,"Ofenbach, Quarterhead, Norma Jean Martine",Head Shoulders Knees & Toes (feat. Norma Jean Martine),Elektra France,23,30,5,979486,FR,France,Q3,2020
24,spotify:track:5GyyPRvEwdI4wJSUbzxHQv,"Maes, Booba",Blanche,Universal Music Division Capitol Music France,2,24,25,958994,FR,France,Q3,2020
25,spotify:track:4Nfak8iMF4kQfQ6Pa8Z79m,"Maes, Jul",Dybala,Universal Music Division Capitol Music France,4,21,25,946503,FR,France,Q3,2020
26,spotify:track:466cKvZn1j45IpxDdYZqdA,Drake,Toosie Slide,OVO,5,22,14,939377,FR,France,Q3,2020
27,spotify:track:4zfih9sHVVJMb0f7LRoAz8,Jul,Sousou,D'Or et de Platine,3,23,16,905518,FR,France,Q3,2020
28,spotify:track:3BQqBBpSpb2XD25bfWvBff,RK,SOS,Universal Music Distribution Deal,28,65,6,886557,FR,France,Q3,2020
29,spotify:track:3nZZkx4lkchcn5eh8DYQD8,"Sifax, Sofiane",Mecs de cités,Universal Music Division Capitol Music France,29,49,4,883294,FR,France,Q3,2020
30,spotify:track:7eJMfftS33KTjuF7lTsMCx,"Powfu, beabadoobee",death bed (coffee for your head),Columbia,13,27,20,862930,FR,France,Q3,2020
31,spotify:track:69I4Eynuxdj6LEmpvG56u6,"DA Uzi, Ninho",Crois-moi (feat. Ninho),Rec. 118,4,25,14,849967,FR,France,Q3,2020
32,spotify:track:3zbZNJ1yewL5HqjvIEjjUD,Jul,Folie,D'Or et de Platine,5,19,7,846894,FR,France,Q3,2020
33,spotify:track:1Sb7QJRawbARgpMqyYNMkT,"Maes, Ninho",Distant,Universal Music Division Capitol Music France,2,29,29,835780,FR,France,Q3,2020
34,spotify:track:62aP9fBQKYKxi7PDXwcUAS,"Surf Mesa, Emilee",ily (i love you baby) (feat. Emilee),Astralwerks,6,26,17,823983,FR,France,Q3,2020
35,spotify:track:7szuecWAPwGoV1e5vGu8tl,The Weeknd,In Your Eyes,Republic Records,29,40,16,810625,FR,France,Q3,2020
36,spotify:track:1Lulg5ZiMEXy3QNwb1PB8I,Ninho,Zipette,Rec. 118 / Mal Luné Music,4,32,18,797800,FR,France,Q3,2020
37,spotify:track:2VXeQ7moo4zfT6EFO3Cwse,"Leto, PLK",Train de vie (feat. PLK),Rec. 118,19,31,12,796274,FR,France,Q3,2020
38,spotify:track:2g63GxCZUmhsr4XoKR93F6,"Hatik, Jok'air",La meilleure,Play Two,32,35,15,793149,FR,France,Q3,2020
39,spotify:track:3AWs5kIyjFDVsAtofkFU7L,"Bramsito, Niska",Criminel (feat. Niska),Universal Music Division Capitol Music France,16,33,7,791670,FR,France,Q3,2020
40,spotify:track:7IJIj326qJJA6oi6EpFCBD,"Franglish, Tory Lanez",My Salsa,Universal Music Division Capitol Music France,40,50,4,788709,FR,France,Q3,2020
41,spotify:track:1rgnBhdG2JDFTbYkYRZAku,Tones And I,Dance Monkey,Elektra (NEK),2,36,47,777058,FR,France,Q3,2020
42,spotify:track:4mtY2gjqFFWTMnzaQPvERm,Zola,Bro Bro,AWA,1,28,9,772149,FR,France,Q3,2020
43,spotify:track:6j4cj7YkfEQD7vvUVrmj73,"AM La Scampia, Hatik",Bingo,LA SCAMPIA MUSIC,43,-1,1,768813,FR,France,Q3,2020
44,spotify:track:4vmzHYwTA1yTEKFBZKxaNV,"Djadja & Dinaz, SRNO",PRBM,Carré music,44,-1,1,762553,FR,France,Q3,2020
45,spotify:track:76nqCfJOcFFWBJN32PAksn,Ava Max,Kings & Queens,Atlantic Records,39,41,7,756766,FR,France,Q3,2020
46,spotify:track:0Jh6iWjna1wk5le0Ahn7No,Ninho,La vie qu'on mène,Rec. 118 / Mal Luné Music,3,38,68,742109,FR,France,Q3,2020
47,spotify:track:1H7KnK26kc1YyellpbINEn,"Pop Smoke, 50 Cent, Roddy Ricch",The Woo (feat. 50 Cent & Roddy Ricch),Victor Victor Worldwide,47,-1,1,706865,FR,France,Q3,2020
48,spotify:track:6as0Q9RFNCufcus0mzHoDs,"GLK, Landy, DA Uzi, Hornet La Frappe",93% [Tijuana],Karma Editions / Bendo Music / Capitol,12,44,33,702295,FR,France,Q3,2020
49,spotify:track:6UelLqGlWMcVH1E5c4H7lY,Harry Styles,Watermelon Sugar,Columbia,47,47,5,699332,FR,France,Q3,2020
50,spotify:track:1NfhS4IBo7m6npwPNMkZbJ,Hornet La Frappe,Tourner la tête,Rec. 118,50,-1,1,687111,FR,France,Q3,2020
1,spotify:track:205HNJ73cgpC0LAOnuQiWT,"Kofs, Soso Maness, Elams, Jul, SCH, Naps, Solda, Houari, 13 Organisé",Bande organisée,Rien 100 Rien,1,1,8,4629658,FR,France,Q4,2020
2,spotify:track:6ARJHbYGKNatxHVghTkWWp,"Naza, Niska",Joli bébé,Capricarolesque,2,2,4,2590715,FR,France,Q4,2020
3,spotify:track:3tjFYV6RSFtuktYl3ZtYcq,"24kGoldn, iann dior",Mood (feat. iann dior),Records/Columbia,3,6,7,1719320,FR,France,Q4,2020
4,spotify:track:1fyVvRQsa095P7QK5Um7xH,"Dadju, Ninho",Grand bain,Universal Music Division Capitol Music France,2,7,16,1663366,FR,France,Q4,2020
5,spotify:track:7BO3y8lmogACezwHqZ1HTB,"Damso, Hamza",BXL ZOO,Trente-quatre Centimes,3,3,3,1658230,FR,France,Q4,2020
6,spotify:track:66tNDqYNR2S6Svwgm3BMi9,OBOY,Cabeza,Syndicate Records,6,9,14,1648154,FR,France,Q4,2020
7,spotify:track:4Z9CNGHElj2rLkB8mQdvnA,"Leto, Ninho",Macaroni (feat. Ninho),Rec. 118,2,8,6,1572497,FR,France,Q4,2020
8,spotify:track:0qARyMVNjA6q1uxxO3nofB,UZI,À la fête,Argentic Music / Capitol,6,10,14,1560050,FR,France,Q4,2020
9,spotify:track:7yN9Qx1HtE4c1fhakBz8Ay,Damso,DEUX TOILES DE MER,Trente-quatre Centimes,2,4,3,1418176,FR,France,Q4,2020
10,spotify:track:12GV2Wr4p1hBWQCrQcVsew,"PLK, Hamza",Pilote (feat. Hamza),Panenka Music,6,19,6,1260181,FR,France,Q4,2020
11,spotify:track:6ab3CQvDlAVttThZucwGQ1,Hatik,Angela,Play Two,1,16,29,1245159,FR,France,Q4,2020
12,spotify:track:2chIkORxBLpPVgruGiMY8k,Damso,911,Trente-quatre Centimes,7,14,3,1241579,FR,France,Q4,2020
13,spotify:track:1zx0P48KC7UeDhBEZkbCvo,"Koba LaD, Freeze corleone",7 sur 7,Grinta Records,5,5,3,1214759,FR,France,Q4,2020
14,spotify:track:7IJIj326qJJA6oi6EpFCBD,"Franglish, Tory Lanez",My Salsa,Universal Music Division Capitol Music France,5,18,17,1213126,FR,France,Q4,2020
15,spotify:track:4oLp7k4fINGrjuNxElKKGw,"91 All Stars, Ninho",La zone,Play Two,15,-1,1,1178290,FR,France,Q4,2020
16,spotify:track:2g63GxCZUmhsr4XoKR93F6,"Hatik, Jok'air",La meilleure,Play Two,15,21,28,1145252,FR,France,Q4,2020
17,spotify:track:6DPrYPPGYK218iVIZDix3i,Freeze corleone,Freeze Raël,Universal Music Division Virgin Music Distribution Deal,2,11,4,1123939,FR,France,Q4,2020
18,spotify:track:7oQK4prJZMQfX6FTuehqU2,Ninho,Problèmes du matin,Rec. 118,18,-1,1,1123466,FR,France,Q4,2020
19,spotify:track:216QmkNpU3hIjeZtGocb9B,"PLK, Niska",On sait jamais (feat. Niska),Panenka Music,3,20,6,1083484,FR,France,Q4,2020
20,spotify:track:0KmJlpwFryVrik3YN3PkPz,Wejdene,Coco,Universal Music Division Virgin Music,5,15,8,1041126,FR,France,Q4,2020
21,spotify:track:34FbkFgAbv4ffvhL2XQMVm,Aya Nakamura,Jolie nana,Rec. 118,1,22,12,1020865,FR,France,Q4,2020
22,spotify:track:2MlOUXmcofMackX3bxfSwi,"Master KG, Nomcebo Zikode",Jerusalema (feat. Nomcebo Zikode),Elektra France,22,25,11,1005347,FR,France,Q4,2020
23,spotify:track:0KBwGCY9RYD9t2zjeW4h48,Bosh,Djomb - Bien ou quoi,Arista France,1,26,25,997523,FR,France,Q4,2020
24,spotify:track:4FnWH9l7gxQmrNpfA5AZKP,Damso,LIFE LIFE,Trente-quatre Centimes,4,12,3,981478,FR,France,Q4,2020
25,spotify:track:0RUavidTwACAYUoNhAxNNp,Tayc,N'y pense plus,Play Two,14,28,16,913422,FR,France,Q4,2020
26,spotify:track:0PvFJmanyNQMseIFrU708S,"Pop Smoke, Lil Baby, DaBaby",For The Night (feat. Lil Baby & DaBaby),Victor Victor Worldwide,26,34,14,913243,FR,France,Q4,2020
27,spotify:track:32arZ09m8FH1vTNJn2xdmH,"Damso, Lous and The Yakuza",COEUR EN MIETTES,Trente-quatre Centimes,5,17,3,879936,FR,France,Q4,2020
28,spotify:track:525GY0mXYnxajolwgS8Eaz,Lucky Luke,Cooler Than Me,Columbia/B1 Recordings,17,45,14,870653,FR,France,Q4,2020
29,spotify:track:7ytR5pFWmSjzHJIeQkgog4,"DaBaby, Roddy Ricch",ROCKSTAR (feat. Roddy Ricch),South Coast Music Group/Interscope Records,4,31,25,856598,FR,France,Q4,2020
30,spotify:track:6i7zAdNhzUN2k1HcrBxPHG,"Ofenbach, Quarterhead, Norma Jean Martine",Head Shoulders Knees & Toes (feat. Norma Jean Martine),Elektra France,13,35,18,831005,FR,France,Q4,2020
31,spotify:track:4xjvoMd6pgF1D0NR5Q7IBM,Wejdene,16,Universal Music Division Virgin Music,13,13,2,818788,FR,France,Q4,2020
32,spotify:track:2N9Ms8Xb9aQw63O5jKKM9b,PLK,C'est mort,Panenka Music,5,33,13,813331,FR,France,Q4,2020
33,spotify:track:5DH03Qs3SSG12TNUCSAzMi,"Mac Tyer, Ninho",Moto,Untouchable,9,40,12,808490,FR,France,Q4,2020
34,spotify:track:4Oun2ylbjFKMPTiaSbbCih,"Cardi B, Megan Thee Stallion",WAP (feat. Megan Thee Stallion),Atlantic/KSR,34,41,9,787856,FR,France,Q4,2020
35,spotify:track:7hxHWCCAIIxFLCzvDgnQHX,"Internet Money, Gunna, Don Toliver, NAV",Lemonade (feat. NAV),Internet Money Records / TenThousand Projects,35,54,5,783956,FR,France,Q4,2020
36,spotify:track:2fHZHwEp6TP2ClC1S8ihVN,Damso,BPM,Trente-quatre Centimes,10,23,3,778269,FR,France,Q4,2020
37,spotify:track:07pzk5h8p2qRowPZb3YBKC,"Bolémvn, Maes",10K,Universal Music Division Capitol Music France,7,50,19,753826,FR,France,Q4,2020
38,spotify:track:5HEtuK03ygUzqca6yfgOYZ,Ninho,Lettre à une femme,Rec. 118 / Mal Luné Music,1,52,31,743815,FR,France,Q4,2020
39,spotify:track:6TROCg4H1iXdHSRVZGiIUD,Michou,Fier,IKR,39,111,4,741124,FR,France,Q4,2020
40,spotify:track:1xQ6trAsedVPCdbtDAmk0c,"Jawsh 685, Jason Derulo",Savage Love (Laxed - Siren Beat),Columbia,6,39,16,735586,FR,France,Q4,2020
41,spotify:track:4b6UABSAlaXm4KZjiQhYtI,Lacrim,Jacques Chirac,Universal Music Distribution Deal,38,38,2,728334,FR,France,Q4,2020
42,spotify:track:7hBJCiMzo1kZzzRfGOpWwE,Damso,MEVTR,Trente-quatre Centimes,6,24,3,720232,FR,France,Q4,2020
43,spotify:track:2ICse7t8MB60EFk6o9aUyw,Ava Max,Who's Laughing Now,Atlantic Records,43,66,6,715027,FR,France,Q4,2020
44,spotify:track:70APCdHsWV5BEsacwjzXmd,Dadju,Amour toxic,Universal Music Division Capitol Music France,44,64,2,694110,FR,France,Q4,2020
45,spotify:track:2J0AJV5DsKyDuX1qEgJngB,"Freeze corleone, Alpha Wann",Rap catéchisme,Universal Music Division Virgin Music Distribution Deal,3,32,4,689331,FR,France,Q4,2020
46,spotify:track:2BKPabEQlWzx7jSs1XWnp1,Damso,SENTIMENTAL,Trente-quatre Centimes,9,27,3,688570,FR,France,Q4,2020
47,spotify:track:4dJvs9kg78ZiHVnNr6UUNJ,Bosh,Trixma,Arista France,47,47,3,688267,FR,France,Q4,2020
48,spotify:track:7vdq8RlxxuhB1GFIN9FIlI,Lucenzo,No Me Ama,Play Two,48,59,7,686616,FR,France,Q4,2020
49,spotify:track:1ktmwAlpfYjFQkrCBHmbPK,Damso,ROSE MARTHE'S LOVE,Trente-quatre Centimes,13,30,3,681189,FR,France,Q4,2020
50,spotify:track:6UelLqGlWMcVH1E5c4H7lY,Harry Styles,Watermelon Sugar,Columbia,25,51,18,671830,FR,France,Q4,2020
1,spotify:track:1rgnBhdG2JDFTbYkYRZAku,Tones And I,Dance Monkey,Elektra (NEK),1,1,23,3136626,GB,United Kingdom,Q1,2020
2,spotify:track:4QPEwDdOMhY7rNS05mTyMR,"Stormzy, Burna Boy, Ed Sheeran",Own It (feat. Ed Sheeran & Burna Boy),Atlantic Records UK,1,2,7,3029663,GB,United Kingdom,Q1,2020
3,spotify:track:696DnlkuDOXcMAnKlTgXXK,Arizona Zervas,ROXANNE,Arizona Zervas,3,3,10,2682340,GB,United Kingdom,Q1,2020
4,spotify:track:2gMXnyrvIjhVBUZwvLZDMP,Lewis Capaldi,Before You Go,Vertigo Berlin,1,5,8,2378752,GB,United Kingdom,Q1,2020
5,spotify:track:6WrI0LAC5M1Rw2MnX2ZvEg,Dua Lipa,Don't Start Now,Warner Records,2,4,10,2261502,GB,United Kingdom,Q1,2020
6,spotify:track:41L3O37CECZt3N7ziG2z7l,Justin Bieber,Yummy,RBMG/Def Jam,6,-1,1,2075332,GB,United Kingdom,Q1,2020
7,spotify:track:3ZCTVFBt2Brf31RLEnCkWJ,Billie Eilish,everything i wanted,Darkroom/Interscope Records,3,6,9,1967390,GB,United Kingdom,Q1,2020
8,spotify:track:0nbXyq5TXYPCO7pr3N8S4I,Roddy Ricch,The Box,Atlantic Records,8,38,4,1863166,GB,United Kingdom,Q1,2020
9,spotify:track:3jjujdWJ72nww5eGnfs2E7,Harry Styles,Adore You,Columbia,8,8,5,1786873,GB,United Kingdom,Q1,2020
10,spotify:track:7qEHsqek33rTcFNT9PFqLf,Lewis Capaldi,Someone You Loved,Vertigo Berlin,1,7,54,1731460,GB,United Kingdom,Q1,2020
11,spotify:track:7CHi4DtfK4heMlQaudCuHK,"MEDUZA, Becky Hill, Goodboys",Lose Control,Intercord,8,9,13,1666542,GB,United Kingdom,Q1,2020
12,spotify:track:0sf12qNH5qcw8qpgymFOqD,The Weeknd,Blinding Lights,Republic Records,12,19,6,1649177,GB,United Kingdom,Q1,2020
13,spotify:track:3yOlyBJuViE2YSGn3nVE1K,"Camila Cabello, DaBaby",My Oh My (feat. DaBaby),Syco Music/Epic,13,14,5,1608948,GB,United Kingdom,Q1,2020
14,spotify:track:4TnjEaWOeW0eKTKIEvJyCa,Trevor Daniel,Falling,Alamo,12,12,8,1605531,GB,United Kingdom,Q1,2020
15,spotify:track:2tnVG71enUj33Ic2nFN6kZ,Regard,Ride It,Ministry of Sound Recordings,2,10,21,1502420,GB,United Kingdom,Q1,2020
16,spotify:track:21jGcNKet2qwijlDFuPiPb,Post Malone,Circles,Republic Records,2,15,19,1429579,GB,United Kingdom,Q1,2020
17,spotify:track:7aiClxsDWFRQ0Kzk5KI5ku,blackbear,hot girl bummer,Alamo,10,13,18,1423600,GB,United Kingdom,Q1,2020
18,spotify:track:2b8fOow8UzyDFAE27YhOZM,Maroon 5,Memories,Interscope Records*,10,17,16,1355618,GB,United Kingdom,Q1,2020
19,spotify:track:5DXKtoZLm31msT7tNGNHLG,Stormzy,Vossi Bop,Atlantic Records UK,1,16,37,1305481,GB,United Kingdom,Q1,2020
20,spotify:track:4jAIqgrPjKLTY9Gbez25Qb,Harry Styles,Lights Up,Columbia,7,20,13,1294937,GB,United Kingdom,Q1,2020
21,spotify:track:6UelLqGlWMcVH1E5c4H7lY,Harry Styles,Watermelon Sugar,Columbia,21,22,8,1271280,GB,United Kingdom,Q1,2020
22,spotify:track:2Fxmhks0bxGSBdJ92vM42m,Billie Eilish,bad guy,Darkroom/Interscope Records,1,11,41,1270018,GB,United Kingdom,Q1,2020
23,spotify:track:6Oq4fiDzKaFMU89dTvM24u,"Stormzy, Headie One",Audacity (feat. Headie One),Atlantic Records UK,8,24,4,1232351,GB,United Kingdom,Q1,2020
24,spotify:track:4vUmTMuQqjdnvlZmAH61Qk,"Ed Sheeran, Camila Cabello, Cardi B",South of the Border (feat. Camila Cabello & Cardi B),Atlantic Records UK,5,21,26,1227123,GB,United Kingdom,Q1,2020
25,spotify:track:1HfMVBKM75vxSfsQ5VefZ5,Selena Gomez,Lose You To Love Me,Interscope Records,4,26,12,1211078,GB,United Kingdom,Q1,2020
26,spotify:track:0GiwV6v3AgJfdu59tj719Y,Endor,Pump It Up,Armada Music,18,18,13,1206822,GB,United Kingdom,Q1,2020
27,spotify:track:4Of7rzpRpV1mWRbhp5rAqG,Lewis Capaldi,Bruises,Vertigo Berlin,9,25,50,1191843,GB,United Kingdom,Q1,2020
28,spotify:track:1pRShUtGOG6ZP5fsnw9G4h,"Jax Jones, Ella Henderson",This Is Real (ft. Ella Henderson),Polydor Records,27,27,14,1158060,GB,United Kingdom,Q1,2020
29,spotify:track:57vxBYXtHMk6H1aD29V7PU,The Weeknd,Heartless,Republic Records,8,29,7,1096445,GB,United Kingdom,Q1,2020
30,spotify:track:5iVGN1Th2DqyWVNIBM8Vwk,Stormzy,Lessons,Atlantic Records UK,10,37,4,1052769,GB,United Kingdom,Q1,2020
31,spotify:track:0PXukVbYpvz40KcEFKnIw7,"Young T & Bugsey, Headie One",Don't Rush (feat. Headie One),Black Butter,31,35,9,1027099,GB,United Kingdom,Q1,2020
32,spotify:track:7b4ky1LlQLFhXHmhZkFgqV,AJ Tracey,Ladbroke Grove,AJ Tracey,2,23,48,1019324,GB,United Kingdom,Q1,2020
33,spotify:track:285pBltuF7vW8TeWk8hdRR,Juice WRLD,Lucid Dreams,Juice WRLD Mixtape / ISR P&D,6,28,86,985159,GB,United Kingdom,Q1,2020
34,spotify:track:6v3KW9xbzN5yKLt9YKDYA2,"Shawn Mendes, Camila Cabello",Señorita,Island Records,1,30,29,968821,GB,United Kingdom,Q1,2020
35,spotify:track:3z4CGd63tpUn9a6oQSG0CI,"Dave, Burna Boy",Location (feat. Burna Boy),Neighbourhood [GB] / Dave,9,33,44,948030,GB,United Kingdom,Q1,2020
36,spotify:track:0hVXuCcriWRGvwMV1r5Yn9,"Ed Sheeran & Justin Bieber, Justin Bieber",I Don't Care (with Justin Bieber),Atlantic Records UK,1,31,35,941848,GB,United Kingdom,Q1,2020
37,spotify:track:2n1oPHJVMPWJkjgHwVcksY,J Hus,Must Be,Black Butter,6,39,9,909510,GB,United Kingdom,Q1,2020
38,spotify:track:70eFcWOvlMObDhURTqT4Fv,"Ed Sheeran, Khalid",Beautiful People (feat. Khalid),Atlantic Records UK,1,32,28,907337,GB,United Kingdom,Q1,2020
39,spotify:track:0qaWEvPkts34WF68r8Dzx9,"Riton, Oliver Heldens, Vula",Turn Me On (feat. Vula),Ministry of Sound Recordings,13,36,15,892723,GB,United Kingdom,Q1,2020
40,spotify:track:3eekarcy7kvN4yt5ZFzltW,Travis Scott,HIGHEST IN THE ROOM,Cactus Jack/Epic,2,41,14,882677,GB,United Kingdom,Q1,2020
41,spotify:track:3VyjsVV24RmBIbWJAeUJNu,Don Toliver,No Idea,We Run It Ent./Cactus Jack/Atlantic,41,50,6,868370,GB,United Kingdom,Q1,2020
42,spotify:track:31m40qBxoj4iMSnQLkq8nP,Fredo,Netflix & Chill,Since 93,21,43,9,868166,GB,United Kingdom,Q1,2020
43,spotify:track:60iSKGrGazRzICtMjADNSM,Lewis Capaldi,Hold Me While You Wait,Vertigo Berlin,4,46,36,849802,GB,United Kingdom,Q1,2020
44,spotify:track:0RiRZpuVRbi7oqRdSMwhQY,"Post Malone, Swae Lee",Sunflower - Spider-Man: Into the Spider-Verse,Republic Records,3,40,64,836309,GB,United Kingdom,Q1,2020
45,spotify:track:23GvTfcGK454ppLsts3W44,"Young T & Bugsey, Aitch",Strike a Pose (feat. Aitch),Black Butter,3,42,31,819585,GB,United Kingdom,Q1,2020
46,spotify:track:07Oz5StQ7GRoygNLaXs2pd,"Lizzo, Ariana Grande",Good as Hell (feat. Ariana Grande) - Remix,Nice Life/Atlantic,28,44,11,818949,GB,United Kingdom,Q1,2020
47,spotify:track:3cphb8kdsjElYR7r5icK3H,Niall Horan,Nice To Meet Ya,Capitol Records,28,61,14,811602,GB,United Kingdom,Q1,2020
48,spotify:track:1ZMiCix7XSAbfAJlEZWMCp,Harry Styles,Falling,Columbia,48,63,4,793745,GB,United Kingdom,Q1,2020
49,spotify:track:0KzhyaVtr2v4J9GVdMgCk0,"Darkoo, One Acen",Gangsta,EMI,46,69,9,775249,GB,United Kingdom,Q1,2020
50,spotify:track:4MYPhAqmZxyBMBFknBhZHl,MIST,Savage,Warner Records,50,-1,1,772074,GB,United Kingdom,Q1,2020
1,spotify:track:127QTOFJsJQp5LbJbu3A1y,Drake,Toosie Slide,OVO,1,-1,1,4077567,GB,United Kingdom,Q2,2020
2,spotify:track:0VjIjW4GlUZAMYd2vXMi3b,The Weeknd,Blinding Lights,Republic Records,1,1,19,3994651,GB,United Kingdom,Q2,2020
3,spotify:track:24Yi9hE78yPEbZ4kxyoXAI,"SAINt JHN, Imanbek",Roses - Imanbek Remix,Craft Recordings,2,2,15,3478511,GB,United Kingdom,Q2,2020
4,spotify:track:22LAwLoDA5b4AaGSkg6bKW,Lil Mosey,Blueberry Faygo,Mogul Vision/Interscope Records,4,7,9,2308876,GB,United Kingdom,Q2,2020
5,spotify:track:3PfIrDoz19wz7qK7tYeu62,Dua Lipa,Don't Start Now,Warner Records,2,4,23,2175411,GB,United Kingdom,Q2,2020
6,spotify:track:0nbXyq5TXYPCO7pr3N8S4I,Roddy Ricch,The Box,Atlantic Records,1,5,17,2139121,GB,United Kingdom,Q2,2020
7,spotify:track:3AzjcOeAmA57TIOr9zF1ZW,Dua Lipa,Physical,Warner Records,3,3,10,2122868,GB,United Kingdom,Q2,2020
8,spotify:track:7eJMfftS33KTjuF7lTsMCx,"Powfu, beabadoobee",death bed (coffee for your head),Columbia,8,9,8,2020822,GB,United Kingdom,Q2,2020
9,spotify:track:017PF4Q3l4DBUiWoXk4OWT,Dua Lipa,Break My Heart,Warner Records,6,6,2,1987959,GB,United Kingdom,Q2,2020
10,spotify:track:3Dv1eDb0MEgF93GpLXlucZ,Doja Cat,Say So,Kemosabe Records/RCA Records,4,8,15,1954866,GB,United Kingdom,Q2,2020
11,spotify:track:1rgnBhdG2JDFTbYkYRZAku,Tones And I,Dance Monkey,Elektra (NEK),1,11,36,1673965,GB,United Kingdom,Q2,2020
12,spotify:track:2ZEq4HT450Ye9IFGPTl9qV,Joel Corry,Lonely,Atlantic Records UK,8,13,11,1663992,GB,United Kingdom,Q2,2020
13,spotify:track:4umIPjkehX1r7uhmGvXiSV,"Justin Bieber, Quavo",Intentions (feat. Quavo),RBMG/Def Jam,6,12,9,1587187,GB,United Kingdom,Q2,2020
14,spotify:track:0B2su5lNZe9t3VjOkwtDLV,Mabel,Boyfriend,Polydor Records,14,16,6,1574592,GB,United Kingdom,Q2,2020
15,spotify:track:2gMXnyrvIjhVBUZwvLZDMP,Lewis Capaldi,Before You Go,Vertigo Berlin,1,14,21,1485361,GB,United Kingdom,Q2,2020
16,spotify:track:4HDCLYli2SUdkq9OjmvhSD,"PARTYNEXTDOOR, Rihanna",BELIEVE IT,OVO Sound,10,10,2,1450133,GB,United Kingdom,Q2,2020
17,spotify:track:5LBikzSkad9yQ6RH87Gdrm,"Aitch, AJ Tracey, Tay Keith",Rain,NQ Records,2,15,5,1299398,GB,United Kingdom,Q2,2020
18,spotify:track:7qEHsqek33rTcFNT9PFqLf,Lewis Capaldi,Someone You Loved,Vertigo Berlin,1,20,67,1291751,GB,United Kingdom,Q2,2020
19,spotify:track:5aYWnrsYvJk8NT7PmUcxVN,"Nathan Dawe, Jaykae, Malika",Flowers (feat. Jaykae and MALIKA),Atlantic Records UK,19,39,10,1284228,GB,United Kingdom,Q2,2020
20,spotify:track:4nK5YrxbMGZstTLbvj6Gxw,"BENEE, Gus Dapperton",Supalonely,Republic Records,20,21,6,1272107,GB,United Kingdom,Q2,2020
21,spotify:track:3jjujdWJ72nww5eGnfs2E7,Harry Styles,Adore You,Columbia,8,17,18,1266241,GB,United Kingdom,Q2,2020
22,spotify:track:4QPEwDdOMhY7rNS05mTyMR,"Stormzy, Burna Boy, Ed Sheeran",Own It (feat. Ed Sheeran & Burna Boy),Atlantic Records UK,1,19,20,1261851,GB,United Kingdom,Q2,2020
23,spotify:track:55CHeLEfn5iJ0IIkgaa4si,Megan Thee Stallion,Savage,300 Entertainment,23,26,3,1253274,GB,United Kingdom,Q2,2020
24,spotify:track:7lidXGPXPYLNThITAOTlkK,Halsey,You should be sad,Capitol Records,16,25,13,1172937,GB,United Kingdom,Q2,2020
25,spotify:track:5yY9lUy8nbvjM1Uyo1Uqoc,"Future, Drake",Life Is Good (feat. Drake),Epic/Freebandz,3,29,13,1157037,GB,United Kingdom,Q2,2020
26,spotify:track:3oIVK7arAFuUOCGafPLxSC,"Becky Hill, Shift K3Y",Better Off Without You (feat. Shift K3Y),Polydor Records,21,31,13,1121933,GB,United Kingdom,Q2,2020
27,spotify:track:7szuecWAPwGoV1e5vGu8tl,The Weeknd,In Your Eyes,Republic Records,15,23,3,1120092,GB,United Kingdom,Q2,2020
28,spotify:track:7FIWs0pqAYbP91WWM0vlTQ,"Eminem, Juice WRLD",Godzilla (feat. Juice WRLD),Shady/Aftermath/Interscope Records,2,22,12,1119571,GB,United Kingdom,Q2,2020
29,spotify:track:78qd8dvwea0Gosb6Fe6j3k,Doja Cat,Boss Bitch,Atlantic Records,29,35,7,1104849,GB,United Kingdom,Q2,2020
30,spotify:track:1Cv1YLb4q0RzL6pybtaMLo,Surfaces,Sunday Best,"Surfaces Music / TenThousand Projects, LLC",28,28,9,1065376,GB,United Kingdom,Q2,2020
31,spotify:track:696DnlkuDOXcMAnKlTgXXK,Arizona Zervas,ROXANNE,Arizona Zervas,3,27,23,1029570,GB,United Kingdom,Q2,2020
32,spotify:track:6ap9lSRJ0iLriGLqoJ44cq,24kGoldn,CITY OF ANGELS,Records/Columbia,30,30,8,997503,GB,United Kingdom,Q2,2020
33,spotify:track:2rRJrJEo19S2J82BDsQ3F7,Trevor Daniel,Falling,Alamo,12,32,21,983679,GB,United Kingdom,Q2,2020
34,spotify:track:3fEoJxnPpfIHwFHKiFtqbA,Little Mix,Break Up Song,RCA Records Label,24,24,2,963170,GB,United Kingdom,Q2,2020
35,spotify:track:1ZMiCix7XSAbfAJlEZWMCp,Harry Styles,Falling,Columbia,27,34,17,941664,GB,United Kingdom,Q2,2020
36,spotify:track:21jGcNKet2qwijlDFuPiPb,Post Malone,Circles,Republic Records,2,38,32,935101,GB,United Kingdom,Q2,2020
37,spotify:track:0TrPqhAMoaKUFLR7iYDokf,"Khalid, Disclosure",Know Your Worth,"Right Hand Music Group, LLC/RCA Records",37,47,9,908440,GB,United Kingdom,Q2,2020
38,spotify:track:73SpzrcaHk0RQPFP73vqVR,Billie Eilish,No Time To Die,Darkroom/Interscope Records,1,33,8,897441,GB,United Kingdom,Q2,2020
39,spotify:track:4wNIkl5XGiAACjFBlDWuSd,Jonas Brothers,What A Man Gotta Do,Republic Records,29,52,12,866274,GB,United Kingdom,Q2,2020
40,spotify:track:4Of7rzpRpV1mWRbhp5rAqG,Lewis Capaldi,Bruises,Vertigo Berlin,9,41,63,858474,GB,United Kingdom,Q2,2020
41,spotify:track:3ZCTVFBt2Brf31RLEnCkWJ,Billie Eilish,everything i wanted,Darkroom/Interscope Records,3,40,22,856453,GB,United Kingdom,Q2,2020
42,spotify:track:2Fxmhks0bxGSBdJ92vM42m,Billie Eilish,bad guy,Darkroom/Interscope Records,1,43,54,850969,GB,United Kingdom,Q2,2020
43,spotify:track:2alc8VZAzDgdAsL2QMk3hu,DripReport,Skechers,Arista Records,43,54,4,821861,GB,United Kingdom,Q2,2020
44,spotify:track:2kJu14V7hbZw3I4K8L8SXb,Lady Gaga,Stupid Love,Interscope,11,42,6,805086,GB,United Kingdom,Q2,2020
45,spotify:track:1lGHa2pwYzxQHFBUynhLtO,DaBaby,FIND MY WAY,South Coast Music Group/Interscope Records,45,-1,1,794106,GB,United Kingdom,Q2,2020
46,spotify:track:5hff5RQeE84pznOt8WEWeO,Anne-Marie,Birthday,Major Tom's / Asylum,46,68,9,791610,GB,United Kingdom,Q2,2020
47,spotify:track:2sGF7DBXvL2GjkbG606m1G,Niall Horan,No Judgement,Capitol Records,38,56,9,789696,GB,United Kingdom,Q2,2020
48,spotify:track:3z4CGd63tpUn9a6oQSG0CI,"Dave, Burna Boy",Location (feat. Burna Boy),Neighbourhood [GB] / Dave,9,55,57,763192,GB,United Kingdom,Q2,2020
49,spotify:track:6fU55C7VdMSSkJ0ZGmX2Kg,"Jax Jones, Martin Solveig, RAYE, Europa",Tequila - Jax Jones & Martin Solveig Present Europa,Polydor Records,49,73,7,738812,GB,United Kingdom,Q2,2020
50,spotify:track:7CHi4DtfK4heMlQaudCuHK,"MEDUZA, Becky Hill, Goodboys",Lose Control,Intercord,8,61,26,734838,GB,United Kingdom,Q2,2020
1,spotify:track:7ytR5pFWmSjzHJIeQkgog4,"DaBaby, Roddy Ricch",ROCKSTAR (feat. Roddy Ricch),South Coast Music Group/Interscope Records,1,1,12,3170946,GB,United Kingdom,Q3,2020
2,spotify:track:1xQ6trAsedVPCdbtDAmk0c,"Jawsh 685, Jason Derulo",Savage Love (Laxed - Siren Beat),Columbia,2,2,4,2870740,GB,United Kingdom,Q3,2020
3,spotify:track:7ju97lgwC2rKQ6wwsf9no9,"Lady Gaga, Ariana Grande",Rain On Me (with Ariana Grande),Interscope,2,3,7,2201788,GB,United Kingdom,Q3,2020
4,spotify:track:6UelLqGlWMcVH1E5c4H7lY,Harry Styles,Watermelon Sugar,Columbia,4,5,34,2093055,GB,United Kingdom,Q3,2020
5,spotify:track:3H7ihDc1dqLriiWXwsc2po,"Topic, A7S",Breaking Me,Intercord,4,4,14,2044991,GB,United Kingdom,Q3,2020
6,spotify:track:0VjIjW4GlUZAMYd2vXMi3b,The Weeknd,Blinding Lights,Republic Records,1,6,32,1956100,GB,United Kingdom,Q3,2020
7,spotify:track:4slSrbTK1sNK4I1mDYEthf,"S1mba, DTG",Rover (feat. DTG),Parlophone UK,4,7,15,1919763,GB,United Kingdom,Q3,2020
8,spotify:track:33EGYJLLwz56YIP5Ex9VKs,"AJ Tracey, Mabel",West Ten (with Mabel),Revenge Records,8,-1,1,1813115,GB,United Kingdom,Q3,2020
9,spotify:track:1H7KnK26kc1YyellpbINEn,"Pop Smoke, 50 Cent, Roddy Ricch",The Woo (feat. 50 Cent & Roddy Ricch),Victor Victor Worldwide,9,-1,1,1758075,GB,United Kingdom,Q3,2020
10,spotify:track:5y0ekFHNfFbjKhZlguSzdf,"AJ Tracey, MoStack",Dinner Guest (feat. MoStack),Revenge Records,7,8,10,1700809,GB,United Kingdom,Q3,2020
11,spotify:track:24Yi9hE78yPEbZ4kxyoXAI,"SAINt JHN, Imanbek",Roses - Imanbek Remix,Craft Recordings,2,10,28,1452964,GB,United Kingdom,Q3,2020
12,spotify:track:66W1rVTnEv86dIkFhoiElg,"Regard, RAYE",Secrets,Ministry of Sound Recordings,9,9,11,1445978,GB,United Kingdom,Q3,2020
13,spotify:track:466cKvZn1j45IpxDdYZqdA,Drake,Toosie Slide,OVO,1,11,14,1436075,GB,United Kingdom,Q3,2020
14,spotify:track:3B0WbRucJ6ZIla2G9IVt2E,"Tion Wayne, dutchavelli, Stormzy",I Dunno (feat. Dutchavelli & Stormzy),Atlantic Records UK,8,12,6,1412502,GB,United Kingdom,Q3,2020
15,spotify:track:7uBaKZZVK0OZ6cqFGpGRXI,"220 KID, GRACEY",Don’t Need Love (with GRACEY),Polydor Records,12,14,16,1404089,GB,United Kingdom,Q3,2020
16,spotify:track:5RqR4ZCCKJDcBLIn4sih9l,StaySolidRocky,Party Girl,Columbia,13,13,10,1349098,GB,United Kingdom,Q3,2020
17,spotify:track:0PvFJmanyNQMseIFrU708S,"Pop Smoke, Lil Baby, DaBaby",For The Night (feat. Lil Baby & DaBaby),Victor Victor Worldwide,17,-1,1,1330506,GB,United Kingdom,Q3,2020
18,spotify:track:22LAwLoDA5b4AaGSkg6bKW,Lil Mosey,Blueberry Faygo,Mogul Vision/Interscope Records,4,15,22,1281354,GB,United Kingdom,Q3,2020
19,spotify:track:7eJMfftS33KTjuF7lTsMCx,"Powfu, beabadoobee",death bed (coffee for your head),Columbia,5,16,21,1265643,GB,United Kingdom,Q3,2020
20,spotify:track:017PF4Q3l4DBUiWoXk4OWT,Dua Lipa,Break My Heart,Warner Records,6,17,15,1127174,GB,United Kingdom,Q3,2020
21,spotify:track:7h2ozcUpSL7ulXjRPPQcDy,"Aitch, AJ Tracey, Tay Keith",Rain,NQ Records,2,18,18,1095670,GB,United Kingdom,Q3,2020
22,spotify:track:5rZlwNFl01HqLWBQGryKSm,"Pop Smoke, Lil Tjay",Mood Swings (feat. Lil Tjay),Victor Victor Worldwide,22,-1,1,1068972,GB,United Kingdom,Q3,2020
23,spotify:track:6cx06DFPPHchuUAcTxznu9,"Joel Corry, MNEK",Head & Heart (feat. MNEK),Atlantic Records UK,23,-1,1,1042332,GB,United Kingdom,Q3,2020
24,spotify:track:25zlnOAzbVoOzIeXSvQFf1,Pop Smoke,Got It On Me,Victor Victor Worldwide,24,-1,1,1032315,GB,United Kingdom,Q3,2020
25,spotify:track:79s5XnCN4TJKTVMSmOx8Ep,Pop Smoke,Dior,Victor Victor Worldwide/Republic Records,25,87,21,1030777,GB,United Kingdom,Q3,2020
26,spotify:track:1rgnBhdG2JDFTbYkYRZAku,Tones And I,Dance Monkey,Elektra (NEK),1,23,49,994801,GB,United Kingdom,Q3,2020
27,spotify:track:7qEHsqek33rTcFNT9PFqLf,Lewis Capaldi,Someone You Loved,Vertigo Berlin,1,24,80,979301,GB,United Kingdom,Q3,2020
28,spotify:track:5v4GgrXPMghOnBBLmveLac,"Megan Thee Stallion, Beyoncé",Savage Remix (feat. Beyoncé),300 Entertainment,14,21,11,970926,GB,United Kingdom,Q3,2020
29,spotify:track:69F4G9WD5U1vKrpaCiLznl,Digga D,Woi,EGA Music Group,29,-1,1,955999,GB,United Kingdom,Q3,2020
30,spotify:track:5kkaSMcf4BFlhRRICCKZb6,Pop Smoke,Something Special,Victor Victor Worldwide,30,-1,1,951699,GB,United Kingdom,Q3,2020
31,spotify:track:3fAa5d2KhtXJ1gxB1wobQz,"GRM Daily, M Huncho, dutchavelli",Burning (feat. M Huncho & Dutchavelli),GRM Daily Records,17,19,3,949061,GB,United Kingdom,Q3,2020
32,spotify:track:4wVOKKEHUJxHCFFNUWDn0B,"Drake, GIVĒON",Chicago Freestyle (feat. Giveon),OVO,11,25,10,933023,GB,United Kingdom,Q3,2020
33,spotify:track:3H3r2nKWa3Yk5gt8xgmsEt,Sam Fischer,This City,RCA Records Label,28,28,20,923814,GB,United Kingdom,Q3,2020
34,spotify:track:1hg3RlqFZXJb5YgRoK9qmF,Pop Smoke,Gangstas,Victor Victor Worldwide,34,-1,1,918876,GB,United Kingdom,Q3,2020
35,spotify:track:4HBZA5flZLE435QTztThqH,"Ariana Grande, Justin Bieber",Stuck with U (with Justin Bieber),"Ariana Grande & Justin Bieber ""Stuck With U""- Charity",6,26,9,916580,GB,United Kingdom,Q3,2020
36,spotify:track:5aYWnrsYvJk8NT7PmUcxVN,"Nathan Dawe, Jaykae, Malika",Flowers (feat. Jaykae and MALIKA),Atlantic Records UK,14,20,23,908410,GB,United Kingdom,Q3,2020
37,spotify:track:7sjFIZ1g5QLJLGja3k592K,Pop Smoke,44 BullDog,Victor Victor Worldwide,37,-1,1,899732,GB,United Kingdom,Q3,2020
38,spotify:track:6O7fPYTsb2mY0PiFt2ymDB,"Pop Smoke, Quavo",Aim For The Moon (feat. Quavo),Victor Victor Worldwide,38,-1,1,888705,GB,United Kingdom,Q3,2020
39,spotify:track:3PfIrDoz19wz7qK7tYeu62,Dua Lipa,Don't Start Now,Warner Records,2,27,36,882101,GB,United Kingdom,Q3,2020
40,spotify:track:1IIKrJVP1C9N7iPtG6eOsK,"Chris Brown, Young Thug",Go Crazy,Chris Brown Entertainment/300 Entertainment/RCA Records,40,51,9,860420,GB,United Kingdom,Q3,2020
41,spotify:track:4JB0EAT4BkLShTyTt50FmO,"Ty Dolla $ign, FKA twigs, Skrillex, Kanye West","Ego Death (feat. Kanye West, FKA twigs & Skrillex)",Atlantic Records,41,-1,1,856661,GB,United Kingdom,Q3,2020
42,spotify:track:7LRmDx4pMTQuOBBwRT1MCT,"Young T & Bugsey, Headie One",Don't Rush (feat. Headie One),Black Butter,30,38,35,838230,GB,United Kingdom,Q3,2020
43,spotify:track:2gMXnyrvIjhVBUZwvLZDMP,Lewis Capaldi,Before You Go,Vertigo Berlin,1,31,34,835891,GB,United Kingdom,Q3,2020
44,spotify:track:0nbXyq5TXYPCO7pr3N8S4I,Roddy Ricch,The Box,Atlantic Records,1,29,30,834935,GB,United Kingdom,Q3,2020
45,spotify:track:1tkg4EHVoqnhR6iFEXb60y,Pop Smoke,What You Know Bout Love,Victor Victor Worldwide,45,-1,1,830002,GB,United Kingdom,Q3,2020
46,spotify:track:6pRlNmiZ15mI0D0Y9VBjDe,Niko B,Who's That What's That,WEAREBLK,26,30,7,815352,GB,United Kingdom,Q3,2020
47,spotify:track:76nqCfJOcFFWBJN32PAksn,Ava Max,Kings & Queens,Atlantic Records,31,33,14,805801,GB,United Kingdom,Q3,2020
48,spotify:track:71d7LaAgPcNcUopu3OzmP7,"Pop Smoke, Rowdy Rebel",Make It Rain (feat. Rowdy Rebel),Victor Victor Worldwide,48,-1,2,779653,GB,United Kingdom,Q3,2020
49,spotify:track:5TazMTxxEsLZMwnjjdb5t9,"Deno, Bandokay, Double Lz, OFB","Circles (feat. OFB, Bandokay & Double Lz)",Columbia,49,-1,1,774991,GB,United Kingdom,Q3,2020
50,spotify:track:3NWrHCwvyII4fTx05PN3IO,"Pop Smoke, KAROL G",Enjoy Yourself (feat. Karol G),Victor Victor Worldwide,50,-1,1,770065,GB,United Kingdom,Q3,2020
1,spotify:track:3tjFYV6RSFtuktYl3ZtYcq,"24kGoldn, iann dior",Mood (feat. iann dior),Records/Columbia,1,1,8,3237319,GB,United Kingdom,Q4,2020
2,spotify:track:4Oun2ylbjFKMPTiaSbbCih,"Cardi B, Megan Thee Stallion",WAP (feat. Megan Thee Stallion),Atlantic/KSR,1,2,9,2496272,GB,United Kingdom,Q4,2020
3,spotify:track:6cx06DFPPHchuUAcTxznu9,"Joel Corry, MNEK",Head & Heart (feat. MNEK),Atlantic Records UK,1,3,14,2419301,GB,United Kingdom,Q4,2020
4,spotify:track:7hxHWCCAIIxFLCzvDgnQHX,"Internet Money, Gunna, Don Toliver, NAV",Lemonade (feat. NAV),Internet Money Records / TenThousand Projects,4,4,8,2415259,GB,United Kingdom,Q4,2020
5,spotify:track:6NJfIydBMYrXvlaXsFxmc8,"Headie One, AJ Tracey, Stormzy",Ain't It Different (feat. AJ Tracey & Stormzy),Relentless Records,3,5,7,2199009,GB,United Kingdom,Q4,2020
6,spotify:track:1tkg4EHVoqnhR6iFEXb60y,Pop Smoke,What You Know Bout Love,Victor Victor Worldwide,6,11,14,2035823,GB,United Kingdom,Q4,2020
7,spotify:track:17bGtGqqaXOgVnhnfx5NlE,"Paul Woolford, Diplo, Kareen Lomax",Looking For Me,Higher Ground,6,6,12,1821667,GB,United Kingdom,Q4,2020
8,spotify:track:5rZlwNFl01HqLWBQGryKSm,"Pop Smoke, Lil Tjay",Mood Swings (feat. Lil Tjay),Victor Victor Worldwide,6,7,14,1724476,GB,United Kingdom,Q4,2020
9,spotify:track:2SAqBLGA283SUiwJ3xOUVI,"Drake, Lil Durk",Laugh Now Cry Later (feat. Lil Durk),OVO,3,8,8,1657016,GB,United Kingdom,Q4,2020
10,spotify:track:0PvFJmanyNQMseIFrU708S,"Pop Smoke, Lil Baby, DaBaby",For The Night (feat. Lil Baby & DaBaby),Victor Victor Worldwide,10,10,14,1647347,GB,United Kingdom,Q4,2020
11,spotify:track:5lWUeSYO61UYgNlFlqcwYl,"Nathan Dawe, KSI",Lighter (feat. KSI),Atlantic Records UK,4,9,11,1613319,GB,United Kingdom,Q4,2020
12,spotify:track:2DOv2fSLzEC4StSkZAWG9T,"D-Block Europe, Aitch",UFO,D-Block Europe,12,-1,1,1552565,GB,United Kingdom,Q4,2020
13,spotify:track:45bE4HXI0AwGZXfZtMp8JR,Tate McRae,you broke me first,RCA Records Label,13,15,12,1483568,GB,United Kingdom,Q4,2020
14,spotify:track:5u1n1kITHCxxp8twBcZxWy,"Justin Bieber, Chance the Rapper",Holy (feat. Chance The Rapper),RBMG/Def Jam,14,14,3,1439367,GB,United Kingdom,Q4,2020
15,spotify:track:59qrUpoplZxbIZxk6X0Bm3,Jason Derulo,Take You Dancing,Atlantic Records,15,16,11,1435389,GB,United Kingdom,Q4,2020
16,spotify:track:7ytR5pFWmSjzHJIeQkgog4,"DaBaby, Roddy Ricch",ROCKSTAR (feat. Roddy Ricch),South Coast Music Group/Interscope Records,1,12,25,1411577,GB,United Kingdom,Q4,2020
17,spotify:track:35RJhm1pEovTBwnNR0zWad,"DJ Khaled, Drake",GREECE (feat. Drake),OVO/We The Best/Epic,9,13,12,1378430,GB,United Kingdom,Q4,2020
18,spotify:track:33EGYJLLwz56YIP5Ex9VKs,"AJ Tracey, Mabel",West Ten (with Mabel),Revenge Records,7,18,14,1318849,GB,United Kingdom,Q4,2020
19,spotify:track:6UelLqGlWMcVH1E5c4H7lY,Harry Styles,Watermelon Sugar,Columbia,4,17,47,1300011,GB,United Kingdom,Q4,2020
20,spotify:track:0VjIjW4GlUZAMYd2vXMi3b,The Weeknd,Blinding Lights,Republic Records,1,19,45,1284702,GB,United Kingdom,Q4,2020
21,spotify:track:27ycaQnQAxaPiyeg3nr2aB,Miley Cyrus,Midnight Sky,RCA Records Label,19,22,8,1254598,GB,United Kingdom,Q4,2020
22,spotify:track:1IIKrJVP1C9N7iPtG6eOsK,"Chris Brown, Young Thug",Go Crazy,Chris Brown Entertainment/300 Entertainment/RCA Records,13,20,22,1250137,GB,United Kingdom,Q4,2020
23,spotify:track:43CHdbHYdcbUWP10UFKyZ7,Dermot Kennedy,Giants,Riggins Recording Limited,23,23,15,1224869,GB,United Kingdom,Q4,2020
24,spotify:track:27u7t9d7ZQoyjsCROHuZJ3,"Clean Bandit, Mabel, 24kGoldn",Tick Tock (feat. 24kGoldn),Atlantic Records UK,22,24,7,1186965,GB,United Kingdom,Q4,2020
25,spotify:track:1xQ6trAsedVPCdbtDAmk0c,"Jawsh 685, Jason Derulo",Savage Love (Laxed - Siren Beat),Columbia,2,21,17,1114514,GB,United Kingdom,Q4,2020
26,spotify:track:0t1kP63rueHleOhQkYSXFY,BTS,Dynamite,BIGHIT MUSIC,21,29,7,1059670,GB,United Kingdom,Q4,2020
27,spotify:track:3H7ihDc1dqLriiWXwsc2po,"Topic, A7S",Breaking Me,Intercord,4,25,27,1045068,GB,United Kingdom,Q4,2020
28,spotify:track:0DmAvNCAK08oCi7miSZUIY,"Sigala, James Arthur",Lasting Lover,Ministry of Sound Recordings,28,31,5,1030369,GB,United Kingdom,Q4,2020
29,spotify:track:4xqrdfXkTW4T0RauPLv3WA,Conan Gray,Heather,Republic Records,22,28,11,1021664,GB,United Kingdom,Q4,2020
30,spotify:track:2U5WueTLIK5WJLD7mvDODv,Juice WRLD,Wishing Well,Grade A Productions/Interscope Records,11,30,13,1021424,GB,United Kingdom,Q4,2020
31,spotify:track:6AGOKlMZWLCaEJGnaROtF9,Ritt Momney,Put Your Records On,Columbia,31,45,4,1008449,GB,United Kingdom,Q4,2020
32,spotify:track:5KCbr5ndeby4y4ggthdiAb,Shawn Mendes,Wonder,Shawn Mendes LP4-5 PS/ Island,32,-1,1,1001273,GB,United Kingdom,Q4,2020
33,spotify:track:0ofHAoxe9vBkTCp2UQIavz,Fleetwood Mac,Dreams - 2004 Remaster,Rhino/Warner Records,33,60,25,995596,GB,United Kingdom,Q4,2020
34,spotify:track:7ju97lgwC2rKQ6wwsf9no9,"Lady Gaga, Ariana Grande",Rain On Me (with Ariana Grande),Interscope,2,26,20,989244,GB,United Kingdom,Q4,2020
35,spotify:track:0osdzA0D159EUmBcrwMcB4,"Wes Nelson, Hardy Caprio",See Nobody,EMI,35,106,3,987938,GB,United Kingdom,Q4,2020
36,spotify:track:3B0WbRucJ6ZIla2G9IVt2E,"Tion Wayne, dutchavelli, Stormzy",I Dunno (feat. Dutchavelli & Stormzy),Atlantic Records UK,8,35,19,973947,GB,United Kingdom,Q4,2020
37,spotify:track:4MrXtliOu0PA3pWVdkA94h,"Da Beatfreakz, dutchavelli, DigDat, B Young","808 (feat. dutchavelli, DigDat & B Young)",Columbia,27,27,2,959275,GB,United Kingdom,Q4,2020
38,spotify:track:5y0ekFHNfFbjKhZlguSzdf,"AJ Tracey, MoStack",Dinner Guest (feat. MoStack),Revenge Records,7,34,23,920558,GB,United Kingdom,Q4,2020
39,spotify:track:1H7KnK26kc1YyellpbINEn,"Pop Smoke, 50 Cent, Roddy Ricch",The Woo (feat. 50 Cent & Roddy Ricch),Victor Victor Worldwide,9,32,14,919789,GB,United Kingdom,Q4,2020
40,spotify:track:4Q34FP1AT7GEl9oLgNtiWj,"21 Savage, Metro Boomin, Drake",Mr. Right Now (feat. Drake),"Slaughter Gang, LLC/Epic/Boominati Worldwide/Republic",40,-1,1,896281,GB,United Kingdom,Q4,2020
41,spotify:track:2Y0wPrPQBrGhoLn14xRYCG,"Juice WRLD, Marshmello",Come & Go (with Marshmello),Grade A Productions/Interscope Records,3,37,13,863326,GB,United Kingdom,Q4,2020
42,spotify:track:4slSrbTK1sNK4I1mDYEthf,"S1mba, DTG",Rover (feat. DTG),Parlophone UK,4,39,28,859286,GB,United Kingdom,Q4,2020
43,spotify:track:7qEHsqek33rTcFNT9PFqLf,Lewis Capaldi,Someone You Loved,Vertigo Berlin,1,41,93,853570,GB,United Kingdom,Q4,2020
44,spotify:track:7bIq1v8svANsAys7I694Up,"Becky Hill, Sigala",Heaven On My Mind (with Sigala),Polydor Records,23,33,15,843360,GB,United Kingdom,Q4,2020
45,spotify:track:4SCnCPOUOUXUmCX2uHb3r7,"Bryson Tiller, Drake",Outta Time (feat. Drake),TrapSoul/RCA Records,45,-1,1,824222,GB,United Kingdom,Q4,2020
46,spotify:track:6EDO9iiTtwNv6waLwa1UUq,"DJ Khaled, Drake",POPSTAR (feat. Drake),OVO/We The Best/Epic,13,38,12,808133,GB,United Kingdom,Q4,2020
47,spotify:track:2Wo6QQD1KMDWeFkkjLqwx5,"SAINt JHN, Imanbek",Roses - Imanbek Remix,Craft Recordings,2,42,41,801051,GB,United Kingdom,Q4,2020
48,spotify:track:5i7ThJfYLAzp2DyZuFpF6j,Miley Cyrus,Heart Of Glass (Live from the iHeart Festival),RCA Records Label,48,178,2,792550,GB,United Kingdom,Q4,2020
49,spotify:track:5hvwx5i67IwnCkjl9VHkNv,Sam Smith,Diamonds,PLG - Capitol,29,40,3,786368,GB,United Kingdom,Q4,2020
50,spotify:track:7kDUspsoYfLkWnZR7qwHZl,"mgk, blackbear",my ex's best friend (with blackbear),Bad Boy/Interscope Records,44,44,9,774405,GB,United Kingdom,Q4,2020
1,spotify:track:28veUNu4veN0LOBVa0nFw8,"Yash Narvekar, Parampara Tandon, Tanishk Bagchi","Muqabla (From ""Street Dancer 3D"")",T-Series,1,1,3,1047851,IN,India,Q1,2020
2,spotify:track:41L3O37CECZt3N7ziG2z7l,Justin Bieber,Yummy,RBMG/Def Jam,2,-1,1,984525,IN,India,Q1,2020
3,spotify:track:4TnjEaWOeW0eKTKIEvJyCa,Trevor Daniel,Falling,Alamo,3,3,7,970860,IN,India,Q1,2020
5,spotify:track:6q9XTgfWilsnyiFofvYrIF,"Badshah, Neha Kakkar, Varun Dhawan","Garmi (From ""Street Dancer 3D"") (feat. Varun Dhawan)",T-Series,5,8,2,896824,IN,India,Q1,2020
6,spotify:track:0WdbnNKO0Jt4BZACSDQh44,"Vishal-Shekhar, Arijit Singh, Shilpa Rao, Kumaar","Ghungroo (From ""War"")",YRF Music,1,2,18,892697,IN,India,Q1,2020
7,spotify:track:0TkquWzzuxcrwbCWlTrKYF,"Neha Kakkar, Tanishk Bagchi, Lalit Sen",Yaad Piya Ki Aane Lagi,T-Series,2,4,8,818885,IN,India,Q1,2020
8,spotify:track:2b8fOow8UzyDFAE27YhOZM,Maroon 5,Memories,Interscope Records*,2,6,16,784176,IN,India,Q1,2020
9,spotify:track:2Fv2injs4qAm8mJBGaxVKU,"Arijit Singh, Mithoon","Tujhe Kitna Chahne Lage (From ""Kabir Singh"")",T-Series,2,7,32,752488,IN,India,Q1,2020
10,spotify:track:5fXslGZPI5Cco6PKHzlSL3,"Jasmine Sandlas, Garry Sandhu, Tanishk Bagchi, Intense","Illegal Weapon 2.0 (From ""Street Dancer 3D"")",T-Series,10,-1,1,742911,IN,India,Q1,2020
11,spotify:track:6v3KW9xbzN5yKLt9YKDYA2,"Shawn Mendes, Camila Cabello",Señorita,Island Records,1,9,29,656629,IN,India,Q1,2020
12,spotify:track:696DnlkuDOXcMAnKlTgXXK,Arizona Zervas,ROXANNE,Arizona Zervas,10,11,9,646837,IN,India,Q1,2020
13,spotify:track:6E9UwSfT80age2xknoMS7Y,"Payal Dev, Jubin Nautiyal, Kunaal Vermaa","Tum Hi Aana (From ""Marjaavaan"")",T-Series,2,10,15,639430,IN,India,Q1,2020
14,spotify:track:0sf12qNH5qcw8qpgymFOqD,The Weeknd,Blinding Lights,Republic Records,11,17,6,548221,IN,India,Q1,2020
15,spotify:track:57jOEZtoLQK4zF2x55bdkp,"Rochak Kohli, Arijit Singh, Neha Kakkar","Tu Hi Yaar Mera (From ""Pati Patni Aur Woh"")",T-Series,15,26,5,546688,IN,India,Q1,2020
16,spotify:track:5djZm1zFGcJUSUqbBjrAZH,"Neha Kakkar, Tulsi Kumar, B Praak","O Saki Saki (From ""Batla House"")",T-Series,2,12,26,519212,IN,India,Q1,2020
17,spotify:track:6E7P1uT2afeor2t6wR2y2r,"B Praak, Akshay Kumar, Nupur Sanon",Filhall,Universal Music India Pvt Ltd. – Distribution,1,14,9,506939,IN,India,Q1,2020
18,spotify:track:21jGcNKet2qwijlDFuPiPb,Post Malone,Circles,Republic Records,9,19,19,502176,IN,India,Q1,2020
20,spotify:track:7IAJzec1UxGYmNvbPTHbxx,"Sohail Sen, Vishal Dadlani","Shaitan Ka Saala (From ""Housefull 4"")",T-Series,8,13,14,482856,IN,India,Q1,2020
21,spotify:track:2tjWCe2W7sgvS3C8NHcdtI,"Akhil, Dhvani Bhanushali, Kunaal Vermaa, Abhijit Vaghani","Duniyaa (From ""Luka Chuppi"")",T-Series,1,20,46,482240,IN,India,Q1,2020
22,spotify:track:3yOlyBJuViE2YSGn3nVE1K,"Camila Cabello, DaBaby",My Oh My (feat. DaBaby),Syco Music/Epic,22,31,5,478938,IN,India,Q1,2020
23,spotify:track:1feANd8EfcDP5UqSvbheM3,"Sachet Tandon, Sachet-Parampara","Bekhayali (From ""Kabir Singh"")",T-Series,1,18,33,477323,IN,India,Q1,2020
24,spotify:track:7ofWUKeNCUw1P64ArIwG9b,"Tony Kakkar, Neha Kakkar, Tanishk Bagchi","Dheeme Dheeme (From ""Pati Patni Aur Woh"")",T-Series,16,16,9,460728,IN,India,Q1,2020
26,spotify:track:4OcvkkpF3xmyCGGY5IBlgi,"Akhil Sachdeva, Tulsi Kumar","Tera Ban Jaunga (From ""Kabir Singh"")",T-Series,4,24,30,449622,IN,India,Q1,2020
27,spotify:track:2IoZMG3RqiTmsy7Li3zGFg,"Sachet Tandon, Parampara Tandon, Sachet-Parampara","Mere Sohneya (From ""Kabir Singh"")",T-Series,4,23,31,449523,IN,India,Q1,2020
30,spotify:track:42ETKyApzUl8hTtytFAjen,"Baani Sandhu, Gur Sidhu",8 Parche,Ishtar Punjabi,27,28,16,402379,IN,India,Q1,2020
31,spotify:track:5QVHNa0ppJUOoqSd36ovQS,"Arijit Singh, B Praak, Jaani","Pachtaoge (From ""Jaani Ve"")",T-Series,1,27,20,386530,IN,India,Q1,2020
32,spotify:track:0RiRZpuVRbi7oqRdSMwhQY,"Post Malone, Swae Lee",Sunflower - Spider-Man: Into the Spider-Verse,Republic Records,3,30,46,381744,IN,India,Q1,2020
33,spotify:track:1y1rQTkWmrZdJmjwuK07GC,"Vishal Mishra, Manoj Muntashir","Kaise Hua (From ""Kabir Singh"")",T-Series,5,32,30,381250,IN,India,Q1,2020
34,spotify:track:74qF0JeFMVilMEeFDiQZ48,"Sunanda Sharma, Tanishk Bagchi, Jaani","Mummy Nu Pasand (From ""Jai Mummy Di"")",T-Series,34,39,3,380905,IN,India,Q1,2020
35,spotify:track:1CM4rFDU9q4EoLy2K44qE6,"B Praak, Harrdy Sandhu, Swasti Mehul, Jaani","Naah Goriye (From ""Bala"")",Sony Music Entertainment India Pvt. Ltd.,27,35,11,373026,IN,India,Q1,2020
36,spotify:track:3ZCTVFBt2Brf31RLEnCkWJ,Billie Eilish,everything i wanted,Darkroom/Interscope Records,9,47,8,363043,IN,India,Q1,2020
37,spotify:track:1iQDltZqI7BXnHrFy4Qo1k,"SHAED, ZAYN",Trampoline (with ZAYN),Photo Finish Records,13,40,15,360634,IN,India,Q1,2020
38,spotify:track:7KhHA3mzt7A3LFlOJEAKpI,"Alan Walker, Sabrina Carpenter, Farruko",On My Way,Kreatell Music,1,34,43,360561,IN,India,Q1,2020
39,spotify:track:5xWpxI216rbOSiAqjdn6gy,"Meet Bros., Neha Kakkar, Jassie Gill","Lamborghini (From ""Jai Mummy Di"")",T-Series,22,22,3,360458,IN,India,Q1,2020
40,spotify:track:3sqRODOZ1Z6hR4F2tnFAlg,Maninder Buttar,Sakhiyaan,Ishtar Punjabi,20,33,46,360113,IN,India,Q1,2020
41,spotify:track:7aiClxsDWFRQ0Kzk5KI5ku,blackbear,hot girl bummer,Alamo,20,48,17,351665,IN,India,Q1,2020
42,spotify:track:1q7W78ZYL9iqyYeVONU2hg,"Badshah, Uchana Amit",Kamaal,Saga Music,42,69,4,349910,IN,India,Q1,2020
43,spotify:track:2TbCdbFzs2xO2nzasn0Qvw,"Sachin-Jigar, Badshah, Shalmali Kholgade, Gurdeep Mehndi","Don't Be Shy Again (From ""Bala"")",Sony Music Entertainment India Pvt. Ltd.,38,38,12,343866,IN,India,Q1,2020
44,spotify:track:39ujbBjTwwqUFySaCYDMMT,"Badshah, Diljit Dosanjh, Aastha Gill",Proper Patola,Sony Music Entertainment India Pvt. Ltd.,18,36,46,339559,IN,India,Q1,2020
45,spotify:track:6lfSsCL894Qw15xbt7cSUy,"Vishal Dadlani, Benny Dayal","Jai Jai Shivshankar (From ""War"")",YRF Music,9,37,16,335970,IN,India,Q1,2020
46,spotify:track:2Fxmhks0bxGSBdJ92vM42m,Billie Eilish,bad guy,Darkroom/Interscope Records,3,41,41,335458,IN,India,Q1,2020
47,spotify:track:6AooRgSRDzbCYL4NZ4RCjU,DIVINE,Chal Bombay,Universal Music India Pvt Ltd.,23,42,14,334313,IN,India,Q1,2020
48,spotify:track:57DhVYA7E1CyrE4OKuyLb7,Maninder Buttar,Ik Tera,Ishtar Punjabi,29,44,20,326378,IN,India,Q1,2020
49,spotify:track:1HfMVBKM75vxSfsQ5VefZ5,Selena Gomez,Lose You To Love Me,Interscope Records,2,54,12,319141,IN,India,Q1,2020
50,spotify:track:0mJTAdmY8olbGQjopDYff3,"Dhvani Bhanushali, Nikhil D'Souza, Tanishk Bagchi",Vaaste,T-Series,3,45,40,318878,IN,India,Q1,2020
51,spotify:track:36EPfDEkfLYQLt8Fvced8x,"Harrdy Sandhu, Jaani",Dance Like,Sony Music Entertainment India Pvt. Ltd.,41,43,6,317653,IN,India,Q1,2020
53,spotify:track:58wyJLv6yH1La9NIZPl3ne,"Kina, Adriana Proenza",Can We Kiss Forever?,Columbia,44,53,12,309180,IN,India,Q1,2020
54,spotify:track:1z0A545pZMaqYRkruladlk,"Garry Sandhu, Neha Kakkar, Mellow D","Hauli Hauli (From ""De De Pyaar De"")",T-Series,15,49,37,303042,IN,India,Q1,2020
55,spotify:track:57vxBYXtHMk6H1aD29V7PU,The Weeknd,Heartless,Republic Records,7,50,7,302355,IN,India,Q1,2020
56,spotify:track:6oDHAjaJJjwwgoAuMIeY9K,"Neha Kakkar, Yash Narvekar, Tanishk Bagchi","Ek Toh Kum Zindagani (From ""Marjaavaan"")",T-Series,29,46,13,297719,IN,India,Q1,2020
1,spotify:track:0gzu5mm36VJH2Zqu8sQPTf,"Badshah, Payal Dev",Genda Phool (feat. Payal Dev),Sony Music Entertainment India Pvt. Ltd.,1,1,2,1431580,IN,India,Q2,2020
2,spotify:track:1smFN2CLqGROu0J0UyvDfL,"Pritam, Arijit Singh",Shayad,Sony Music Entertainment India Pvt. Ltd.,1,2,12,957883,IN,India,Q2,2020
3,spotify:track:7eJMfftS33KTjuF7lTsMCx,"Powfu, beabadoobee",death bed (coffee for your head),Columbia,3,9,7,784142,IN,India,Q2,2020
4,spotify:track:2rRJrJEo19S2J82BDsQ3F7,Trevor Daniel,Falling,Alamo,2,4,20,775510,IN,India,Q2,2020
5,spotify:track:0VjIjW4GlUZAMYd2vXMi3b,The Weeknd,Blinding Lights,Republic Records,4,5,19,749088,IN,India,Q2,2020
6,spotify:track:7CY0CmCpSglfUKCBOOiRfw,"Jasmine Sandlas, Garry Sandhu, Tanishk Bagchi, Intense, Priya Saraiya",Illegal Weapon 2.0,T-Series,1,6,14,699151,IN,India,Q2,2020
7,spotify:track:0WdbnNKO0Jt4BZACSDQh44,"Vishal-Shekhar, Arijit Singh, Shilpa Rao, Kumaar","Ghungroo (From ""War"")",YRF Music,1,7,31,696596,IN,India,Q2,2020
8,spotify:track:2alc8VZAzDgdAsL2QMk3hu,DripReport,Skechers,Arista Records,8,16,4,687276,IN,India,Q2,2020
9,spotify:track:6q9XTgfWilsnyiFofvYrIF,"Badshah, Neha Kakkar, Varun Dhawan","Garmi (From ""Street Dancer 3D"") (feat. Varun Dhawan)",T-Series,3,8,15,683759,IN,India,Q2,2020
10,spotify:track:4umIPjkehX1r7uhmGvXiSV,"Justin Bieber, Quavo",Intentions (feat. Quavo),RBMG/Def Jam,2,3,9,661377,IN,India,Q2,2020
11,spotify:track:57jOEZtoLQK4zF2x55bdkp,"Rochak Kohli, Arijit Singh, Neha Kakkar","Tu Hi Yaar Mera (From ""Pati Patni Aur Woh"")",T-Series,8,10,18,645142,IN,India,Q2,2020
12,spotify:track:127QTOFJsJQp5LbJbu3A1y,Drake,Toosie Slide,OVO,12,-1,1,620110,IN,India,Q2,2020
13,spotify:track:2Fv2injs4qAm8mJBGaxVKU,"Arijit Singh, Mithoon","Tujhe Kitna Chahne Lage (From ""Kabir Singh"")",T-Series,2,11,45,615734,IN,India,Q2,2020
14,spotify:track:0MLZAgKQKHbPsJ12qHS860,"Pritam, Arijit Singh, Shashwat Singh",Haan Main Galat,Sony Music Entertainment India Pvt. Ltd.,6,12,11,615622,IN,India,Q2,2020
15,spotify:track:25MPTnqXQB1H6OkwSYUXWx,"Ved Sharma, Kunaal Vermaa","Malang (Title Track) [From ""Malang - Unleash The Madness""]",T-Series,2,13,12,593743,IN,India,Q2,2020
17,spotify:track:3qrdLVOClRU4yPkcXZ7c5u,"Ayushmann Khurrana, Tanishk-Vayu","Mere Liye Tum Kaafi Ho (From ""Shubh Mangal Zyada Saavdhan"")",T-Series,11,14,9,546029,IN,India,Q2,2020
19,spotify:track:24Yi9hE78yPEbZ4kxyoXAI,"SAINt JHN, Imanbek",Roses - Imanbek Remix,Craft Recordings,19,31,4,479727,IN,India,Q2,2020
20,spotify:track:3PfIrDoz19wz7qK7tYeu62,Dua Lipa,Don't Start Now,Warner Records,20,-1,1,473111,IN,India,Q2,2020
21,spotify:track:1y1rQTkWmrZdJmjwuK07GC,"Vishal Mishra, Manoj Muntashir","Kaise Hua (From ""Kabir Singh"")",T-Series,5,21,43,466990,IN,India,Q2,2020
22,spotify:track:0TkquWzzuxcrwbCWlTrKYF,"Neha Kakkar, Tanishk Bagchi, Lalit Sen",Yaad Piya Ki Aane Lagi,T-Series,2,27,21,460551,IN,India,Q2,2020
23,spotify:track:6cUOiOY5qh2FpIQWIYAd2h,"Pritam, Darshan Raval, Antara Mitra",Mehrama,Sony Music Entertainment India Pvt. Ltd.,10,22,9,457394,IN,India,Q2,2020
24,spotify:track:2b8fOow8UzyDFAE27YhOZM,Maroon 5,Memories,Interscope Records*,2,20,29,452500,IN,India,Q2,2020
25,spotify:track:4xmkpE1Si5JL7NFxWrhV0S,"Sachet Tandon, Kunaal Vermaa, The Fusion Project","Humraah (From ""Malang - Unleash The Madness"")",T-Series,11,24,11,443252,IN,India,Q2,2020
26,spotify:track:0nbXyq5TXYPCO7pr3N8S4I,Roddy Ricch,The Box,Atlantic Records,26,-1,1,439715,IN,India,Q2,2020
27,spotify:track:6v3KW9xbzN5yKLt9YKDYA2,"Shawn Mendes, Camila Cabello",Señorita,Island Records,1,23,42,434482,IN,India,Q2,2020
28,spotify:track:2tjWCe2W7sgvS3C8NHcdtI,"Akhil, Dhvani Bhanushali, Kunaal Vermaa, Abhijit Vaghani","Duniyaa (From ""Luka Chuppi"")",T-Series,1,28,59,429883,IN,India,Q2,2020
29,spotify:track:16wAOAZ2OkqoIDN7TpChjR,Justin Bieber,Yummy,RBMG/Def Jam,2,19,14,421147,IN,India,Q2,2020
30,spotify:track:31d3tVd82tx2sjA2VQ3PMZ,"Sachin-Jigar, Guru Randhawa, Tulsi Kumar",Lagdi Lahore Di,T-Series,7,32,13,419178,IN,India,Q2,2020
31,spotify:track:66Nmp3ztIMqX1j8yYtWl1X,Ritviz,Liggi,Ritviz,19,26,15,414371,IN,India,Q2,2020
32,spotify:track:28veUNu4veN0LOBVa0nFw8,"Yash Narvekar, Parampara Tandon, Tanishk Bagchi","Muqabla (From ""Street Dancer 3D"")",T-Series,1,30,16,413222,IN,India,Q2,2020
34,spotify:track:7pmY8QjqZP8GRV6qBRpheu,Darshan Raval,Bhula Dunga,Indie Music Label,18,18,3,403906,IN,India,Q2,2020
35,spotify:track:6E9UwSfT80age2xknoMS7Y,"Payal Dev, Jubin Nautiyal, Kunaal Vermaa","Tum Hi Aana (From ""Marjaavaan"")",T-Series,2,29,28,403843,IN,India,Q2,2020
36,spotify:track:696DnlkuDOXcMAnKlTgXXK,Arizona Zervas,ROXANNE,Arizona Zervas,10,25,22,387565,IN,India,Q2,2020
37,spotify:track:2IoZMG3RqiTmsy7Li3zGFg,"Sachet Tandon, Parampara Tandon, Sachet-Parampara","Mere Sohneya (From ""Kabir Singh"")",T-Series,4,36,44,370773,IN,India,Q2,2020
38,spotify:track:1feANd8EfcDP5UqSvbheM3,"Sachet Tandon, Sachet-Parampara","Bekhayali (From ""Kabir Singh"")",T-Series,1,34,46,368105,IN,India,Q2,2020
39,spotify:track:3lWzVNe1yFZlkeBBzUuZYu,Manu Pilas,Bella Ciao - Música Original de la Serie la Casa de Papel/ Money Heist,Atresmúsica distributed by Altafonte,39,190,2,359122,IN,India,Q2,2020
40,spotify:track:7ofWUKeNCUw1P64ArIwG9b,"Tony Kakkar, Neha Kakkar, Tanishk Bagchi","Dheeme Dheeme (From ""Pati Patni Aur Woh"")",T-Series,16,46,22,353616,IN,India,Q2,2020
41,spotify:track:10Hks1iBOnKIIhouOI4rrk,"Yo Yo Honey Singh, Simar Kaur",Loca,T-Series,25,41,6,350665,IN,India,Q2,2020
42,spotify:track:1StFDfq4raRws97W8Wb3QS,Darshan Raval,Asal Mein,Indie Music Label,21,39,8,347282,IN,India,Q2,2020
43,spotify:track:22LAwLoDA5b4AaGSkg6bKW,Lil Mosey,Blueberry Faygo,Mogul Vision/Interscope Records,43,51,6,340206,IN,India,Q2,2020
44,spotify:track:4OcvkkpF3xmyCGGY5IBlgi,"Akhil Sachdeva, Tulsi Kumar","Tera Ban Jaunga (From ""Kabir Singh"")",T-Series,4,44,43,340170,IN,India,Q2,2020
45,spotify:track:1pZbjOj49hg04l9VBO97hp,"Prem Dhillon, Sidhu Moose Wala, Naseeb",Old Skool,Sidhu Moose Wala,34,37,12,336727,IN,India,Q2,2020
46,spotify:track:2U0BLmYoSESYOdwMxW2yA9,"Mithoon, Arijit Singh","Chal Ghar Chalen (From ""Malang - Unleash The Madness"") [Mithoon feat. Arijit Singh]",T-Series,12,40,13,336383,IN,India,Q2,2020
47,spotify:track:0dnDTvdUco2UbaBjUtPxNS,"Armaan Malik, Thaman S",Buttabomma - Telugu,Aditya Music,17,45,15,332155,IN,India,Q2,2020
48,spotify:track:58wyJLv6yH1La9NIZPl3ne,"Kina, Adriana Proenza",Can We Kiss Forever?,Columbia,29,43,25,320903,IN,India,Q2,2020
49,spotify:track:0OcVZqIer0LLu3K8sdU5Yb,"Romy, Tanishk Bagchi, Yo Yo Honey Singh","Pyaar Tenu Karda Gabru (From ""Shubh Mangal Zyada Saavdhan"")",T-Series,28,54,11,316923,IN,India,Q2,2020
50,spotify:track:3Dv1eDb0MEgF93GpLXlucZ,Doja Cat,Say So,Kemosabe Records/RCA Records,35,35,11,305210,IN,India,Q2,2020
51,spotify:track:3sqRODOZ1Z6hR4F2tnFAlg,Maninder Buttar,Sakhiyaan,Ishtar Punjabi,20,60,59,300556,IN,India,Q2,2020
52,spotify:track:3g0mEQx3NTanacLseoP0Gw,"The Chainsmokers, ILLENIUM, Lennon Stella",Takeaway,Disruptor Records/Columbia,20,49,37,296151,IN,India,Q2,2020
53,spotify:track:7qEHsqek33rTcFNT9PFqLf,Lewis Capaldi,Someone You Loved,Vertigo Berlin,30,48,50,294295,IN,India,Q2,2020
1,spotify:track:5O932cZmzOZGOGZz9RHx20,"Pritam, Arijit Singh",Khairiyat,T-Series,1,2,44,890360,IN,India,Q3,2020
2,spotify:track:1smFN2CLqGROu0J0UyvDfL,"Pritam, Arijit Singh",Shayad,Sony Music Entertainment India Pvt. Ltd.,1,1,25,882821,IN,India,Q3,2020
3,spotify:track:1xQ6trAsedVPCdbtDAmk0c,"Jawsh 685, Jason Derulo",Savage Love (Laxed - Siren Beat),Columbia,3,5,4,856647,IN,India,Q3,2020
4,spotify:track:4DpNNXFMMxQEKl7r0ykkWA,Melanie Martinez,Play Date,Atlantic Records,1,3,11,852794,IN,India,Q3,2020
5,spotify:track:3vAn0qZzdyuHamcrpkfiX3,BLACKPINK,How You Like That,YG Entertainment/Interscope Records,4,4,2,681064,IN,India,Q3,2020
6,spotify:track:2Fv2injs4qAm8mJBGaxVKU,"Arijit Singh, Mithoon","Tujhe Kitna Chahne Lage (From ""Kabir Singh"")",T-Series,2,6,58,655450,IN,India,Q3,2020
7,spotify:track:7ytR5pFWmSjzHJIeQkgog4,"DaBaby, Roddy Ricch",ROCKSTAR (feat. Roddy Ricch),South Coast Music Group/Interscope Records,7,9,10,637309,IN,India,Q3,2020
8,spotify:track:7eJMfftS33KTjuF7lTsMCx,"Powfu, beabadoobee",death bed (coffee for your head),Columbia,2,7,20,612339,IN,India,Q3,2020
9,spotify:track:24Yi9hE78yPEbZ4kxyoXAI,"SAINt JHN, Imanbek",Roses - Imanbek Remix,Craft Recordings,5,8,17,601180,IN,India,Q3,2020
10,spotify:track:0VjIjW4GlUZAMYd2vXMi3b,The Weeknd,Blinding Lights,Republic Records,4,13,32,599811,IN,India,Q3,2020
11,spotify:track:08kTa3SL9sV6Iy8KLKtGql,Prateek Kuhad,Kasoor,Prateek Kuhad,11,67,2,564350,IN,India,Q3,2020
12,spotify:track:0WdbnNKO0Jt4BZACSDQh44,"Vishal-Shekhar, Arijit Singh, Shilpa Rao, Kumaar","Ghungroo (From ""War"")",YRF Music,1,14,44,560461,IN,India,Q3,2020
13,spotify:track:0gzu5mm36VJH2Zqu8sQPTf,"Badshah, Payal Dev",Genda Phool (feat. Payal Dev),Sony Music Entertainment India Pvt. Ltd.,1,11,15,548934,IN,India,Q3,2020
14,spotify:track:2rRJrJEo19S2J82BDsQ3F7,Trevor Daniel,Falling,Alamo,2,15,33,537843,IN,India,Q3,2020
16,spotify:track:25MPTnqXQB1H6OkwSYUXWx,"Ved Sharma, Kunaal Vermaa","Malang (Title Track) [From ""Malang - Unleash The Madness""]",T-Series,2,16,25,513296,IN,India,Q3,2020
17,spotify:track:62aP9fBQKYKxi7PDXwcUAS,"Surf Mesa, Emilee",ily (i love you baby) (feat. Emilee),Astralwerks,12,12,14,506386,IN,India,Q3,2020
18,spotify:track:6v3KW9xbzN5yKLt9YKDYA2,"Shawn Mendes, Camila Cabello",Señorita,Island Records,1,17,55,493176,IN,India,Q3,2020
19,spotify:track:1rgnBhdG2JDFTbYkYRZAku,Tones And I,Dance Monkey,Elektra (NEK),18,19,17,488851,IN,India,Q3,2020
20,spotify:track:2b8fOow8UzyDFAE27YhOZM,Maroon 5,Memories,Interscope Records*,2,18,42,480290,IN,India,Q3,2020
21,spotify:track:57jOEZtoLQK4zF2x55bdkp,"Rochak Kohli, Arijit Singh, Neha Kakkar","Tu Hi Yaar Mera (From ""Pati Patni Aur Woh"")",T-Series,8,20,31,466779,IN,India,Q3,2020
22,spotify:track:1y1rQTkWmrZdJmjwuK07GC,"Vishal Mishra, Manoj Muntashir","Kaise Hua (From ""Kabir Singh"")",T-Series,5,23,56,446489,IN,India,Q3,2020
23,spotify:track:7CY0CmCpSglfUKCBOOiRfw,"Jasmine Sandlas, Garry Sandhu, Tanishk Bagchi, Intense, Priya Saraiya",Illegal Weapon 2.0,T-Series,1,22,27,440644,IN,India,Q3,2020
24,spotify:track:66Nmp3ztIMqX1j8yYtWl1X,Ritviz,Liggi,Ritviz,19,27,28,431699,IN,India,Q3,2020
25,spotify:track:6q9XTgfWilsnyiFofvYrIF,"Badshah, Neha Kakkar, Varun Dhawan","Garmi (From ""Street Dancer 3D"") (feat. Varun Dhawan)",T-Series,3,25,28,428666,IN,India,Q3,2020
26,spotify:track:0MLZAgKQKHbPsJ12qHS860,"Pritam, Arijit Singh, Shashwat Singh",Haan Main Galat,Sony Music Entertainment India Pvt. Ltd.,6,21,24,427145,IN,India,Q3,2020
28,spotify:track:6UelLqGlWMcVH1E5c4H7lY,Harry Styles,Watermelon Sugar,Columbia,28,36,18,404949,IN,India,Q3,2020
30,spotify:track:4umIPjkehX1r7uhmGvXiSV,"Justin Bieber, Quavo",Intentions (feat. Quavo),RBMG/Def Jam,2,29,22,401241,IN,India,Q3,2020
31,spotify:track:3s3J70eRpRH2hcYq4mEXTJ,"Akhil, Dhvani Bhanushali","Duniyaa (From ""Luka Chuppi"")",T-Series,1,31,72,393403,IN,India,Q3,2020
32,spotify:track:4xmkpE1Si5JL7NFxWrhV0S,"Sachet Tandon, Kunaal Vermaa, The Fusion Project","Humraah (From ""Malang - Unleash The Madness"")",T-Series,11,28,24,387651,IN,India,Q3,2020
33,spotify:track:466cKvZn1j45IpxDdYZqdA,Drake,Toosie Slide,OVO,4,26,14,383572,IN,India,Q3,2020
34,spotify:track:3qrdLVOClRU4yPkcXZ7c5u,"Ayushmann Khurrana, Tanishk-Vayu","Mere Liye Tum Kaafi Ho (From ""Shubh Mangal Zyada Saavdhan"")",T-Series,11,30,22,380267,IN,India,Q3,2020
35,spotify:track:1bqAnuqlgbQ55AByEp0SmM,"Mankirt Aulakh, Shree Brar, Nimrat Khaira",Vail (feat. Nimrat Khaira & Shree Brar),Sky Digital,35,-1,1,369122,IN,India,Q3,2020
36,spotify:track:1feANd8EfcDP5UqSvbheM3,"Sachet Tandon, Sachet-Parampara","Bekhayali (From ""Kabir Singh"")",T-Series,1,38,59,355411,IN,India,Q3,2020
37,spotify:track:1fzAokzOONl4XEPUFoammu,"Alka Yagnik, Arijit Singh","Agar Tum Saath Ho (From ""Tamasha"")",T-Series,33,35,58,352300,IN,India,Q3,2020
38,spotify:track:0pqnGHJpmpxLKifKRmU6WP,Imagine Dragons,Believer,Kid Ina Korner / Interscope,30,43,72,348349,IN,India,Q3,2020
41,spotify:track:4OcvkkpF3xmyCGGY5IBlgi,"Akhil Sachdeva, Tulsi Kumar","Tera Ban Jaunga (From ""Kabir Singh"")",T-Series,4,42,56,343037,IN,India,Q3,2020
42,spotify:track:6E9UwSfT80age2xknoMS7Y,"Payal Dev, Jubin Nautiyal, Kunaal Vermaa","Tum Hi Aana (From ""Marjaavaan"")",T-Series,2,45,41,342850,IN,India,Q3,2020
43,spotify:track:2alc8VZAzDgdAsL2QMk3hu,DripReport,Skechers,Arista Records,3,37,17,337397,IN,India,Q3,2020
44,spotify:track:2IoZMG3RqiTmsy7Li3zGFg,"Sachet Tandon, Parampara Tandon, Sachet-Parampara","Mere Sohneya (From ""Kabir Singh"")",T-Series,4,44,57,336763,IN,India,Q3,2020
45,spotify:track:6cUOiOY5qh2FpIQWIYAd2h,"Pritam, Darshan Raval, Antara Mitra",Mehrama,Sony Music Entertainment India Pvt. Ltd.,10,41,22,332953,IN,India,Q3,2020
46,spotify:track:0u2P5u6lvoDfwTYjAADbn4,"Billie Eilish, Khalid",lovely (with Khalid),Darkroom,42,47,66,329117,IN,India,Q3,2020
47,spotify:track:0RGp4KA9wvndxqPIWoKwnD,"Ajey Nagar (CarryMinati), Wily Frenzy",Yalgaar,CarryMinati,40,40,5,322653,IN,India,Q3,2020
48,spotify:track:3PfIrDoz19wz7qK7tYeu62,Dua Lipa,Don't Start Now,Warner Records,20,46,14,322562,IN,India,Q3,2020
49,spotify:track:60GK6ultL3skUR60O9haSJ,"Amrit Maan, Sidhu Moose Wala",Bambiha Bole (feat. Sidhu Moose Wala),Sidhu Moose Wala,4,33,4,316545,IN,India,Q3,2020
50,spotify:track:4P6IttK2PRBjyr3fm0pP7t,"Trevor Daniel, Selena Gomez",Past Life (with Selena Gomez),Alamo,48,48,2,310559,IN,India,Q3,2020
51,spotify:track:0nbXyq5TXYPCO7pr3N8S4I,Roddy Ricch,The Box,Atlantic Records,20,50,14,288657,IN,India,Q3,2020
52,spotify:track:4HBZA5flZLE435QTztThqH,"Ariana Grande, Justin Bieber",Stuck with U (with Justin Bieber),"Ariana Grande & Justin Bieber ""Stuck With U""- Charity",2,52,9,286640,IN,India,Q3,2020
53,spotify:track:7qEHsqek33rTcFNT9PFqLf,Lewis Capaldi,Someone You Loved,Vertigo Berlin,30,51,63,286032,IN,India,Q3,2020
54,spotify:track:0RiRZpuVRbi7oqRdSMwhQY,"Post Malone, Swae Lee",Sunflower - Spider-Man: Into the Spider-Verse,Republic Records,3,54,72,284599,IN,India,Q3,2020
56,spotify:track:5ZQnQnbUVtBO0pl3ShqVHG,"Guru Randhawa, Tulsi Kumar","Lagdi Lahore Di (From ""Street Dancer 3D"")",T-Series,7,56,26,278133,IN,India,Q3,2020
1,spotify:track:0t1kP63rueHleOhQkYSXFY,BTS,Dynamite,BIGHIT MUSIC,1,1,7,1450499,IN,India,Q4,2020
2,spotify:track:4Ws314Ylb27BVsvlZOy30C,BLACKPINK,Lovesick Girls,YG Entertainment/Interscope Records,2,-1,1,1062536,IN,India,Q4,2020
3,spotify:track:4TgxFMOn5yoESW6zCidCXL,"Jawsh 685, Jason Derulo, BTS",Savage Love (Laxed – Siren Beat) [BTS Remix],Columbia,3,-1,1,1001213,IN,India,Q4,2020
4,spotify:track:1smFN2CLqGROu0J0UyvDfL,"Pritam, Arijit Singh",Shayad,Sony Music Entertainment India Pvt. Ltd.,1,2,38,995065,IN,India,Q4,2020
5,spotify:track:3tjFYV6RSFtuktYl3ZtYcq,"24kGoldn, iann dior",Mood (feat. iann dior),Records/Columbia,3,3,7,983505,IN,India,Q4,2020
6,spotify:track:5O932cZmzOZGOGZz9RHx20,"Pritam, Arijit Singh",Khairiyat,T-Series,1,4,57,804959,IN,India,Q4,2020
7,spotify:track:66Nmp3ztIMqX1j8yYtWl1X,Ritviz,Liggi,Ritviz,5,5,41,788737,IN,India,Q4,2020
8,spotify:track:4JUPEh2DVSXFGExu4Uxevz,"BLACKPINK, Selena Gomez",Ice Cream (with Selena Gomez),YG Entertainment/Interscope Records,2,9,6,779086,IN,India,Q4,2020
9,spotify:track:7mNZUnDWUDidWBFaUpVtOC,Vilen,Chidiya,Universal Music India Pvt Ltd.,4,6,15,731568,IN,India,Q4,2020
10,spotify:track:2Fv2injs4qAm8mJBGaxVKU,"Arijit Singh, Mithoon","Tujhe Kitna Chahne Lage (From ""Kabir Singh"")",T-Series,2,11,71,711753,IN,India,Q4,2020
11,spotify:track:0WdbnNKO0Jt4BZACSDQh44,"Vishal-Shekhar, Arijit Singh, Shilpa Rao, Kumaar","Ghungroo (From ""War"")",YRF Music,1,8,57,705512,IN,India,Q4,2020
13,spotify:track:46QbY78ha62aiu6gBgC7lS,Diljit Dosanjh,G.O.A.T.,FAMOUS STUDIOS INC,1,10,11,701462,IN,India,Q4,2020
14,spotify:track:7iAgNZdotu40NwtoIWJHFe,"BLACKPINK, Cardi B",Bet You Wanna (feat. Cardi B),YG Entertainment/Interscope Records,14,-1,1,686402,IN,India,Q4,2020
15,spotify:track:4DpNNXFMMxQEKl7r0ykkWA,Melanie Martinez,Play Date,Atlantic Records,1,13,24,658439,IN,India,Q4,2020
16,spotify:track:4SFknyjLcyTLJFPKD2m96o,BLACKPINK,How You Like That,YG Entertainment/Interscope Records,4,32,15,654318,IN,India,Q4,2020
17,spotify:track:1XnpzbOGptRwfJhZgLbmSr,BLACKPINK,Pretty Savage,YG Entertainment/Interscope Records,17,-1,1,648883,IN,India,Q4,2020
18,spotify:track:5u1n1kITHCxxp8twBcZxWy,"Justin Bieber, Chance the Rapper",Holy (feat. Chance The Rapper),RBMG/Def Jam,3,7,3,647914,IN,India,Q4,2020
19,spotify:track:57jOEZtoLQK4zF2x55bdkp,"Rochak Kohli, Arijit Singh, Neha Kakkar","Tu Hi Yaar Mera (From ""Pati Patni Aur Woh"")",T-Series,8,14,44,646573,IN,India,Q4,2020
20,spotify:track:0gzu5mm36VJH2Zqu8sQPTf,"Badshah, Payal Dev",Genda Phool (feat. Payal Dev),Sony Music Entertainment India Pvt. Ltd.,1,16,28,594088,IN,India,Q4,2020
21,spotify:track:1xQ6trAsedVPCdbtDAmk0c,"Jawsh 685, Jason Derulo",Savage Love (Laxed - Siren Beat),Columbia,2,15,17,573664,IN,India,Q4,2020
22,spotify:track:6v3KW9xbzN5yKLt9YKDYA2,"Shawn Mendes, Camila Cabello",Señorita,Island Records,1,21,68,570770,IN,India,Q4,2020
23,spotify:track:4AVe62GFbb3ffKXjUSpiuv,"DIVINE, Jass Manak",No Competition,GEET MP3,22,25,7,563830,IN,India,Q4,2020
24,spotify:track:6q9XTgfWilsnyiFofvYrIF,"Badshah, Neha Kakkar, Varun Dhawan","Garmi (From ""Street Dancer 3D"") (feat. Varun Dhawan)",T-Series,3,20,41,563432,IN,India,Q4,2020
25,spotify:track:0VjIjW4GlUZAMYd2vXMi3b,The Weeknd,Blinding Lights,Republic Records,4,23,45,557378,IN,India,Q4,2020
26,spotify:track:2ZvWoJ82LKCgD0nU9H5ue5,"A.R. Rahman, Jonita Gandhi, Hriday Gattani",Main Tumhara,Sony Music Entertainment India Pvt. Ltd.,1,18,12,556723,IN,India,Q4,2020
27,spotify:track:5KCbr5ndeby4y4ggthdiAb,Shawn Mendes,Wonder,Shawn Mendes LP4-5 PS/ Island,27,-1,1,548758,IN,India,Q4,2020
28,spotify:track:7CY0CmCpSglfUKCBOOiRfw,"Jasmine Sandlas, Garry Sandhu, Tanishk Bagchi, Intense, Priya Saraiya",Illegal Weapon 2.0,T-Series,1,22,40,544535,IN,India,Q4,2020
29,spotify:track:4Oun2ylbjFKMPTiaSbbCih,"Cardi B, Megan Thee Stallion",WAP (feat. Megan Thee Stallion),Atlantic/KSR,13,17,9,541608,IN,India,Q4,2020
30,spotify:track:62aP9fBQKYKxi7PDXwcUAS,"Surf Mesa, Emilee",ily (i love you baby) (feat. Emilee),Astralwerks,7,19,27,529989,IN,India,Q4,2020
31,spotify:track:2b8fOow8UzyDFAE27YhOZM,Maroon 5,Memories,Interscope Records*,2,26,55,521291,IN,India,Q4,2020
32,spotify:track:2rRJrJEo19S2J82BDsQ3F7,Trevor Daniel,Falling,Alamo,2,29,46,518805,IN,India,Q4,2020
33,spotify:track:1y1rQTkWmrZdJmjwuK07GC,"Vishal Mishra, Manoj Muntashir","Kaise Hua (From ""Kabir Singh"")",T-Series,5,27,69,511280,IN,India,Q4,2020
34,spotify:track:25MPTnqXQB1H6OkwSYUXWx,"Ved Sharma, Kunaal Vermaa","Malang (Title Track) [From ""Malang - Unleash The Madness""]",T-Series,2,28,38,509907,IN,India,Q4,2020
35,spotify:track:3s3J70eRpRH2hcYq4mEXTJ,"Akhil, Dhvani Bhanushali","Duniyaa (From ""Luka Chuppi"")",T-Series,1,31,85,509736,IN,India,Q4,2020
36,spotify:track:3qrdLVOClRU4yPkcXZ7c5u,"Ayushmann Khurrana, Tanishk-Vayu","Mere Liye Tum Kaafi Ho (From ""Shubh Mangal Zyada Saavdhan"")",T-Series,11,30,35,499689,IN,India,Q4,2020
37,spotify:track:4xmkpE1Si5JL7NFxWrhV0S,"Sachet Tandon, Kunaal Vermaa, The Fusion Project","Humraah (From ""Malang - Unleash The Madness"")",T-Series,11,34,37,499171,IN,India,Q4,2020
38,spotify:track:1fzAokzOONl4XEPUFoammu,"Alka Yagnik, Arijit Singh","Agar Tum Saath Ho (From ""Tamasha"")",T-Series,30,36,71,491908,IN,India,Q4,2020
39,spotify:track:7hxHWCCAIIxFLCzvDgnQHX,"Internet Money, Gunna, Don Toliver, NAV",Lemonade (feat. NAV),Internet Money Records / TenThousand Projects,39,64,4,488189,IN,India,Q4,2020
40,spotify:track:7iKDsPfLT0d5mu2htfMKBZ,BLACKPINK,Love To Hate Me,YG Entertainment/Interscope Records,40,-1,1,484914,IN,India,Q4,2020
41,spotify:track:7qq0EOPW4RRlqdvMBmdd73,BLACKPINK,Crazy Over You,YG Entertainment/Interscope Records,41,-1,1,482414,IN,India,Q4,2020
43,spotify:track:1r6sFC5J0p9r3jcfIoSGDM,"Neha Kakkar, Jubin Nautiyal, Jaani",Taaron Ke Shehar,T-Series,43,55,3,468495,IN,India,Q4,2020
44,spotify:track:7eJMfftS33KTjuF7lTsMCx,"Powfu, beabadoobee",death bed (coffee for your head),Columbia,2,37,33,468070,IN,India,Q4,2020
45,spotify:track:0bII0GX8CepFivbJkscZlE,Jass Manak,Butterfly,GEET MP3,38,38,7,465443,IN,India,Q4,2020
46,spotify:track:0FoAlOXHI6KJ4RHP9v8jnw,"Guru Randhawa, Dhvani Bhanushali",Baby Girl,T-Series,46,-1,1,457869,IN,India,Q4,2020
47,spotify:track:0LRNOwAcNjPMxTYQahFo3S,Sumit Goswami,Feelings,Sony Music Regional,20,33,12,453118,IN,India,Q4,2020
48,spotify:track:4XxfOvudrnBRdlgzEaq1sd,Diljit Dosanjh,Born to Shine,FAMOUS STUDIOS INC,28,39,7,447041,IN,India,Q4,2020
49,spotify:track:0MLZAgKQKHbPsJ12qHS860,"Pritam, Arijit Singh, Shashwat Singh",Haan Main Galat,Sony Music Entertainment India Pvt. Ltd.,6,40,37,441609,IN,India,Q4,2020
50,spotify:track:0pqnGHJpmpxLKifKRmU6WP,Imagine Dragons,Believer,Kid Ina Korner / Interscope,30,42,85,440294,IN,India,Q4,2020
51,spotify:track:6wZJsut8fjiWiMPaccRAOX,Ritviz,Udd Gaye,Ritviz,30,41,85,434137,IN,India,Q4,2020
52,spotify:track:0u2P5u6lvoDfwTYjAADbn4,"Billie Eilish, Khalid",lovely (with Khalid),Darkroom,39,45,79,427635,IN,India,Q4,2020
1,spotify:track:7HwvPmK74MBRDhCIyMXReP,thasup,blun7 a swishland,Epic,1,1,9,2759917,IT,Italy,Q1,2020
2,spotify:track:5YxP1CkunbhUQVvctFOHa7,thasup,fuck 3x,Epic,2,2,8,1794877,IT,Italy,Q1,2020
3,spotify:track:1rgnBhdG2JDFTbYkYRZAku,Tones And I,Dance Monkey,Elektra (NEK),1,3,19,1758744,IT,Italy,Q1,2020
4,spotify:track:00GxbkrW4m1Tac5xySEJ4M,"Rocco Hunt, J-AX, Boomdabash",Ti volevo dedicare (feat. J-AX & Boomdabash),RCA Records Label,2,4,19,1551080,IT,Italy,Q1,2020
5,spotify:track:2yuYI5NFhevxa05se7Qht9,FSK SATELLITE,ANSIA NO,Universal Music Italia srL.,5,8,5,1548224,IT,Italy,Q1,2020
6,spotify:track:020wG4EHTwBy5h2rbpxqvK,"Marracash, thasup, Sfera Ebbasta",SUPREME - L'ego,Universal Music Italia srL.,1,5,11,1487094,IT,Italy,Q1,2020
7,spotify:track:1OeIJITrlUR4qss2kywMEn,Marracash,CRUDELIA - I nervi,Universal Music Italia srL.,2,7,11,1381504,IT,Italy,Q1,2020
8,spotify:track:2JbPEAf12Ju2CxSIoZC89d,Ultimo,Tutto questo sei tu,Ultimo Records,2,11,4,1242660,IT,Italy,Q1,2020
9,spotify:track:6cy3ki60hLwimwIje7tALf,"Black Eyed Peas, J Balvin",RITMO (Bad Boys For Life),Epic/We The Best,6,6,12,1204010,IT,Italy,Q1,2020
10,spotify:track:4SpV49wwekArulAVjEez3i,Marracash,BRAVI A CADERE - I polmoni,Universal Music Italia srL.,9,13,11,1192073,IT,Italy,Q1,2020
11,spotify:track:6h5nbfvIJHRNH3oGrNWJwn,"Aya Nakamura, Capo Plaza",Pookie (feat. Capo Plaza) - Remix,Rec. 118,1,9,19,1178747,IT,Italy,Q1,2020
12,spotify:track:1Xm2e1vDwOMeJJioWuG1s7,"Shiva, Sfera Ebbasta",Soldi in Nero - feat. Sfera Ebbasta,Jive,2,10,7,1171739,IT,Italy,Q1,2020
13,spotify:track:4TnjEaWOeW0eKTKIEvJyCa,Trevor Daniel,Falling,Alamo,13,16,7,1108007,IT,Italy,Q1,2020
14,spotify:track:4UJoAdTMnqxQHKWKLLQpvK,Random,Chiasso,Visory Records - My own family – under exclusive license to Believe,2,14,26,1067670,IT,Italy,Q1,2020
15,spotify:track:4tchNSV4eZQ9vG4GNA4iJa,"AVA, Capo Plaza, Shiva",HOLLY & BENJI (feat. Capo Plaza & Shiva),Atlantic/WM Italy,4,15,4,1006515,IT,Italy,Q1,2020
16,spotify:track:2b8fOow8UzyDFAE27YhOZM,Maroon 5,Memories,Interscope Records*,16,17,15,1005462,IT,Italy,Q1,2020
17,spotify:track:1jJMhPp0Rm6lAi077PXeEQ,"Alfa, Yanomi",Cin Cin,Wanderlust Society distributed by Artist First,8,20,33,969019,IT,Italy,Q1,2020
18,spotify:track:1qMx707PFdFXdwLvcUTNz3,Tommaso Paradiso,Non Avere Paura,Universal Music Italia srL.,5,25,16,954595,IT,Italy,Q1,2020
19,spotify:track:6swHvavSroD4ur3Q18MjYz,"Fred De Palma, Ana Mena",Una volta ancora (feat. Ana Mena),WM Italy,1,22,32,927655,IT,Italy,Q1,2020
20,spotify:track:1MCSc1ZxlwV5muFXKocAnW,Mahmood,Barrio,Universal Music Italia srL.,7,18,18,921213,IT,Italy,Q1,2020
21,spotify:track:696DnlkuDOXcMAnKlTgXXK,Arizona Zervas,ROXANNE,Arizona Zervas,21,24,9,917577,IT,Italy,Q1,2020
22,spotify:track:0LfMuWu6FKNSDHEoxHu9iK,"thasup, Mara Sattei",m12ano - feat. Mara Sattei,Epic,4,21,8,901404,IT,Italy,Q1,2020
23,spotify:track:6WrI0LAC5M1Rw2MnX2ZvEg,Dua Lipa,Don't Start Now,Warner Records,23,28,10,897039,IT,Italy,Q1,2020
24,spotify:track:0I26eEAwEoii0wHuFqwhYO,"thasup, Salmo",sw1n6o - feat. Salmo,Epic,3,19,8,868003,IT,Italy,Q1,2020
25,spotify:track:5mn8bU8IjYqr8ZqTDmLtSO,Shiva,Bossoli,Jive,4,23,19,857056,IT,Italy,Q1,2020
26,spotify:track:4z6l90HzhLLCd0hWddzbrh,"Salmo, Dani Faiv, Nitro, Lazza",CHARLES MANSON (BUON NATALE2) (feat. Lazza),Epic,2,12,5,856969,IT,Italy,Q1,2020
27,spotify:track:4KilYheWwxakB1L43ECTeP,"Lazza, Sfera Ebbasta, Capo Plaza",Gigolò (feat. Sfera Ebbasta & Capo Plaza),Universal Music Italia srL.,1,27,14,849024,IT,Italy,Q1,2020
28,spotify:track:6LcauUZjF1eXQrgqMUecHX,Tyga,Ayy Macarena,Columbia/Last Kings Records,26,26,8,846148,IT,Italy,Q1,2020
29,spotify:track:41L3O37CECZt3N7ziG2z7l,Justin Bieber,Yummy,RBMG/Def Jam,29,-1,1,822126,IT,Italy,Q1,2020
30,spotify:track:0sqbGUEecNagMilnntIsuZ,"Fred De Palma, Sofía Reyes",Il tuo profumo,WM Italy,30,34,16,768492,IT,Italy,Q1,2020
31,spotify:track:7gRPkCEa3YMaxET5ZYT7Ni,"thasup, Marracash",occh1 purpl3 - feat. Marracash,Epic,6,29,8,760102,IT,Italy,Q1,2020
32,spotify:track:4jiCUUfjuJoG03gnw3jj1r,"MamboLosco, Boro",Twerk (con Boro),Universal Music Italia srL.,8,30,17,754138,IT,Italy,Q1,2020
33,spotify:track:6sLBJkMyZIkGevtpYgeotT,Ultimo,Piccola Stella,Honiro distribuito da Believe Distribution Services,15,31,40,736780,IT,Italy,Q1,2020
34,spotify:track:2wL96n9ToLGhekNTFrPhxj,"Marracash, Madame",MADAME - L'anima,Universal Music Italia srL.,7,36,11,729897,IT,Italy,Q1,2020
35,spotify:track:0iRKVjfQzpr41T3WsU7shl,"Boro, Don Joe, MamboLosco",Lento,Guna,4,32,31,703332,IT,Italy,Q1,2020
36,spotify:track:77VwA6u9JEb4WG5lWSkvU6,Sierra,ENFASI,RCA Records Label,30,37,7,699511,IT,Italy,Q1,2020
37,spotify:track:2Yd6hF9rBSibtF4hlcnBEw,"Samurai Jay, M4W, Dat Boi Dee, Geolier",GANG (feat. Geolier),Universal Music Italia srL.,25,35,14,693017,IT,Italy,Q1,2020
38,spotify:track:4nWtDExgGzlOQwxmp5JjUT,Random,Rossetto,Visory Records - My own family – under exclusive license to Believe,29,43,15,676552,IT,Italy,Q1,2020
39,spotify:track:21jGcNKet2qwijlDFuPiPb,Post Malone,Circles,Republic Records,39,46,19,672963,IT,Italy,Q1,2020
40,spotify:track:3vPXCd0uNm66sbDEDG5Vwd,thasup,m8nstar,Epic,5,33,36,671474,IT,Italy,Q1,2020
41,spotify:track:1T4Q9sLfxlFP4EMvedo8p3,"Ketama126, Massimo Pericolo",SCACCIACANI – feat. Massimo Pericolo – prod. Crookers & Nic Sarno,Epic,15,42,33,664040,IT,Italy,Q1,2020
42,spotify:track:3ZCTVFBt2Brf31RLEnCkWJ,Billie Eilish,everything i wanted,Darkroom/Interscope Records,42,51,8,659186,IT,Italy,Q1,2020
43,spotify:track:0tRj4m46GRFrBS7IsbS0Gk,thasup,ch1 5ei te,Epic,9,38,8,648109,IT,Italy,Q1,2020
44,spotify:track:4dDMgEj5GpBTI1lvVlYPu7,"Shiva, Emis Killa",Mon Fre - feat. Emis Killa,Jive,16,40,25,646858,IT,Italy,Q1,2020
45,spotify:track:4Z43nMEiOiNeDrqu2BN0JD,Coez,La tua canzone,Warner Music,25,39,21,642898,IT,Italy,Q1,2020
46,spotify:track:5XM7tx8ovQ9UrYqUowW1AK,Benji & Fede,Dove e quando,Warner Records/WM Italy,3,44,32,617768,IT,Italy,Q1,2020
47,spotify:track:2fkVZYFv9hOejIsLzZy8ad,"Salmo, NSTASIA",IL CIELO NELLA STANZA (feat. NSTASIA),Epic,1,49,61,600026,IT,Italy,Q1,2020
48,spotify:track:7KksdXBhdufqWDxGxyt4I7,"thasup, Dani Faiv",no14 - feat. Dani Faiv,Epic,7,45,8,594758,IT,Italy,Q1,2020
49,spotify:track:3Hh0ZcGIqIkSiJVZGLcVLx,"MACHETE, Dani Faiv, thasup, Fabri Fibra",YOSHI (feat. Fabri Fibra) - prod. Strage,Epic,1,48,27,591117,IT,Italy,Q1,2020
50,spotify:track:1V7hvLe3fpZTMoqKLkBDgW,thasup,scuol4,Epic,13,41,52,587928,IT,Italy,Q1,2020
1,spotify:track:2chEq24EHjyw9Zjmwq0hlS,"Shiva, Eiffel 65",Auto Blu,Jive,1,1,3,3008885,IT,Italy,Q2,2020
2,spotify:track:54PxYcGpSUCmlpGdFGTaYR,Mr.Rain,Fiori di Chernobyl,WM Italy,2,2,4,1816325,IT,Italy,Q2,2020
3,spotify:track:6GpvHaqp0Yybx9P6YnodRD,Ghali,Good Times,WM Italy,2,5,7,1645175,IT,Italy,Q2,2020
4,spotify:track:1Whf2ZaesM1gXlU0z3Fslt,"Lous and The Yakuza, thasup, Mara Sattei",Dilemme (with tha Supreme & Mara Sattei),Columbia,4,83,2,1618486,IT,Italy,Q2,2020
5,spotify:track:0kzGjSRHGVcaWxagzQwAyD,ANNA,Bando,Universal Music Italia srL.,1,4,8,1484769,IT,Italy,Q2,2020
6,spotify:track:24Yi9hE78yPEbZ4kxyoXAI,"SAINt JHN, Imanbek",Roses - Imanbek Remix,Craft Recordings,6,10,10,1396210,IT,Italy,Q2,2020
7,spotify:track:0VjIjW4GlUZAMYd2vXMi3b,The Weeknd,Blinding Lights,Republic Records,5,6,19,1319094,IT,Italy,Q2,2020
8,spotify:track:7HwvPmK74MBRDhCIyMXReP,thasup,blun7 a swishland,Epic,1,9,22,1234670,IT,Italy,Q2,2020
9,spotify:track:20v9X8TV0AgwNGFT71OX3w,"Fasma, GG",Per sentirmi vivo,RCA Records Label,3,7,14,1233479,IT,Italy,Q2,2020
10,spotify:track:10Q5VqDAAbwExYkNha3VKH,"Ghali, Salmo",Boogieman (feat. Salmo),WM Italy,1,8,12,1229350,IT,Italy,Q2,2020
11,spotify:track:2cf1g08CvDuhwXFqxjetQi,Mahmood,Rapide,Universal Music Italia srL.,7,12,12,1175808,IT,Italy,Q2,2020
12,spotify:track:5yfE6GXTuJaAlepKoE0wJE,Pinguini Tattici Nucleari,Ringo Starr,RCA Records Label,2,13,10,1045461,IT,Italy,Q2,2020
13,spotify:track:7k4t7uLgtOxPwTpFmtJNTY,"KAROL G, Nicki Minaj",Tusa,TUSA - Karol G & Nicki Minaj,13,18,15,960527,IT,Italy,Q2,2020
14,spotify:track:127QTOFJsJQp5LbJbu3A1y,Drake,Toosie Slide,OVO,14,-1,1,952955,IT,Italy,Q2,2020
15,spotify:track:7eJMfftS33KTjuF7lTsMCx,"Powfu, beabadoobee",death bed (coffee for your head),Columbia,15,16,5,946480,IT,Italy,Q2,2020
16,spotify:track:00GxbkrW4m1Tac5xySEJ4M,"Rocco Hunt, J-AX, Boomdabash",Ti volevo dedicare (feat. J-AX & Boomdabash),RCA Records Label,2,14,32,942825,IT,Italy,Q2,2020
17,spotify:track:1rgnBhdG2JDFTbYkYRZAku,Tones And I,Dance Monkey,Elektra (NEK),1,17,32,927630,IT,Italy,Q2,2020
18,spotify:track:6HDdOPc6FWpMfjC8ebzdRC,"DrefGold, FSK SATELLITE",Snitch E Impicci (con FSK SATELLITE),Universal Music Italia srL.,4,11,6,889261,IT,Italy,Q2,2020
19,spotify:track:3Nc7IorgrSffzaQrQWVw4L,Elettra Lamborghini,Musica (E Il Resto Scompare),Universal Music Italia srL.,5,19,10,870385,IT,Italy,Q2,2020
20,spotify:track:2ZwcnFDvQueNemTt89qCom,Diodato,Fai rumore,Carosello Records,1,20,10,838614,IT,Italy,Q2,2020
21,spotify:track:0XdjGLxXQhiPkOqXtAyEZ9,Gaia,Chega,RCA Records Label,21,79,4,796856,IT,Italy,Q2,2020
22,spotify:track:2rRJrJEo19S2J82BDsQ3F7,Trevor Daniel,Falling,Alamo,13,24,20,790453,IT,Italy,Q2,2020
23,spotify:track:04ldF8QeASSyJLMtZJJfqA,Francesco Gabbani,Viceversa,BMG Rights Management Italy S.R.L.,4,27,10,780656,IT,Italy,Q2,2020
24,spotify:track:2yuYI5NFhevxa05se7Qht9,FSK SATELLITE,ANSIA NO,Universal Music Italia srL.,2,15,18,774585,IT,Italy,Q2,2020
25,spotify:track:3PfIrDoz19wz7qK7tYeu62,Dua Lipa,Don't Start Now,Warner Records,19,21,23,768017,IT,Italy,Q2,2020
26,spotify:track:7srDOLMwjMC07Dzs7mqCnv,"Marracash, Luchè, Lazza, Paky, Taxi B","SPORT + muscoli (RMX) (feat. Lazza, Paky, Luchè & Taxi B)",Universal Music Italia srL.,3,3,2,762876,IT,Italy,Q2,2020
27,spotify:track:3me7fQdjgO8NHscb3xPaBa,Marracash,BRAVI A CADERE - I polmoni,Universal Music Italia srL.,8,23,24,762199,IT,Italy,Q2,2020
28,spotify:track:3nwH3HTFzpnRV5SqM9um3r,"Achille Lauro, Gow Tribe",16 Marzo (feat. Gow Tribe),Elektra/WM Italy,28,-1,1,757238,IT,Italy,Q2,2020
29,spotify:track:5YxP1CkunbhUQVvctFOHa7,thasup,fuck 3x,Epic,2,26,21,738624,IT,Italy,Q2,2020
30,spotify:track:2gMXnyrvIjhVBUZwvLZDMP,Lewis Capaldi,Before You Go,Vertigo Berlin,24,30,19,692870,IT,Italy,Q2,2020
31,spotify:track:78qd8dvwea0Gosb6Fe6j3k,Doja Cat,Boss Bitch,Atlantic Records,31,53,4,677670,IT,Italy,Q2,2020
32,spotify:track:7eHHKYb2cRRqqzl8bbiwA3,"Ghali, thasup",Marymango (feat. thasup),WM Italy,3,22,7,671922,IT,Italy,Q2,2020
33,spotify:track:5EpBEqf5bnKeJ3p4zA1Sod,"Marracash, thasup, Sfera Ebbasta",SUPREME - L'ego (feat. thasup & Sfera Ebbasta),Universal Music Italia srL.,1,29,24,660943,IT,Italy,Q2,2020
34,spotify:track:6swHvavSroD4ur3Q18MjYz,"Fred De Palma, Ana Mena",Una volta ancora (feat. Ana Mena),WM Italy,1,47,45,651490,IT,Italy,Q2,2020
35,spotify:track:5mtMuoCiBExgzH8SOdXyNB,Shade,Allora ciao,WM Italy,18,45,13,610934,IT,Italy,Q2,2020
36,spotify:track:2JbPEAf12Ju2CxSIoZC89d,Ultimo,Tutto questo sei tu,Ultimo Records,2,44,17,606803,IT,Italy,Q2,2020
37,spotify:track:5dsz7MTrNdN9aMTrnp7sOG,Marracash,CRUDELIA - I nervi,Universal Music Italia srL.,2,36,24,599452,IT,Italy,Q2,2020
38,spotify:track:1MF3gav7PNaNkv7ohlBKBD,Achille Lauro,Me Ne Frego,Elektra/WM Italy,3,41,10,598376,IT,Italy,Q2,2020
39,spotify:track:4UJoAdTMnqxQHKWKLLQpvK,Random,Chiasso,Visory Records - My own family – under exclusive license to Believe,2,42,39,595686,IT,Italy,Q2,2020
40,spotify:track:0nbXyq5TXYPCO7pr3N8S4I,Roddy Ricch,The Box,Atlantic Records,33,37,14,595030,IT,Italy,Q2,2020
41,spotify:track:6A5qLjVbEC2vNlu17tsExI,"Shiva, thasup",Calmo - feat. tha Supreme,Jive,1,28,12,580770,IT,Italy,Q2,2020
42,spotify:track:3AzjcOeAmA57TIOr9zF1ZW,Dua Lipa,Physical,Warner Records,40,40,10,580221,IT,Italy,Q2,2020
43,spotify:track:4JNT4VElmvNmJaQUhwPzg9,Levante,Tikibombom,WM Italy,8,52,10,570749,IT,Italy,Q2,2020
44,spotify:track:76cEI7LczlKZ1yLAHIoPBJ,"Marracash, Elisa",NEON - Le Ali (feat. Elisa),Universal Music Italia srL.,13,34,5,563772,IT,Italy,Q2,2020
45,spotify:track:4Clmg1g8n2yBYG13Z1oSdG,"Dayvi, Victor Cardenas, Kelly Ruíz",Baila Conmigo (feat. Kelly Ruiz),Sony Music México,45,56,4,557613,IT,Italy,Q2,2020
46,spotify:track:696DnlkuDOXcMAnKlTgXXK,Arizona Zervas,ROXANNE,Arizona Zervas,15,46,22,551810,IT,Italy,Q2,2020
47,spotify:track:2tQ7vPjN88wkQl5hSNSbVF,"Giaime, Lazza, Emis Killa, Andry The Hitmaker","PAROLA - feat. Lazza, Emis Killa",Jive,13,43,8,545350,IT,Italy,Q2,2020
48,spotify:track:6XPYGFacwZAtmoSVi9m4eT,"Neves17, Geolier, Lele Blade, Poison Beatz, Tom Trigger","Fuego (with Geolier & Lele Blade) - Prod. Poison Beatz, Tom Trigger",Neves17 under exclusive license to Planet Records [Powered by Planet Distribution],20,32,10,540268,IT,Italy,Q2,2020
49,spotify:track:4iceKk4reL0vg2yDwXxQNF,Elodie,Andromeda,Universal Music Italia srL.,7,57,10,534877,IT,Italy,Q2,2020
50,spotify:track:3nhAgjyrfUUCNDMZHx6LCa,Rocco Hunt,Stu core t'apparten,RCA Records Label,4,49,13,526377,IT,Italy,Q2,2020
1,spotify:track:0D4GpOPInKiPxEfQMchu4p,"Boomdabash, Alessandra Amoroso",Karaoke,Universal Music Italia srL.,1,1,4,4100350,IT,Italy,Q3,2020
2,spotify:track:47xPl1gvgdx4Z9dNUuloPg,Irama,Mediterranea,WM Italy,1,2,8,3666633,IT,Italy,Q3,2020
3,spotify:track:0MLu1cFYL4ikdRTdasCQT9,"Shablo, Geolier, Sfera Ebbasta",M' Manc (con Geolier & Sfera Ebbasta),Universal Music Italia srL.,1,3,4,3514499,IT,Italy,Q3,2020
4,spotify:track:5ZUeBvBEH8hpdLMW3yCmHb,"Baby K, Chiara Ferragni",Non mi basta più (feat. Chiara Ferragni),Sony Music Entertainment,4,11,3,2481059,IT,Italy,Q3,2020
5,spotify:track:5EXLYWZGnmYC01H53WUAhi,Random,Sono un bravo ragazzo un po' fuori di testa,Visory Records,3,4,7,2402283,IT,Italy,Q3,2020
6,spotify:track:24IgCW19L8lXKyFZwzFtD3,"Black Eyed Peas, Ozuna, J. Rey Soul",MAMACITA,Epic,4,5,12,2303977,IT,Italy,Q3,2020
7,spotify:track:3YNcQUeVOpM3SDmwBeGfMK,"Rocco Hunt, Ana Mena",A Un Passo Dalla Luna,RCA Records Label,7,-1,1,2194847,IT,Italy,Q3,2020
8,spotify:track:5165XjbVxwq9dQDxNk7hmf,Ghali,Good Times,WM Italy,1,6,20,2112538,IT,Italy,Q3,2020
9,spotify:track:3H7ihDc1dqLriiWXwsc2po,"Topic, A7S",Breaking Me,Intercord,9,14,12,2063126,IT,Italy,Q3,2020
10,spotify:track:6KF78W66DcQ9m5YqR0r5Ig,"Fedez, Robert Miles",BIMBI PER STRADA (CHILDREN),Sony Music Entertainment,8,12,5,2039086,IT,Italy,Q3,2020
11,spotify:track:6Ahg1hncxUdK0ICqU03BCu,Ernia,Superclassico,Universal Music Italia srL.,4,8,3,1911353,IT,Italy,Q3,2020
12,spotify:track:1xQ6trAsedVPCdbtDAmk0c,"Jawsh 685, Jason Derulo",Savage Love (Laxed - Siren Beat),Columbia,12,27,3,1833178,IT,Italy,Q3,2020
13,spotify:track:7ytR5pFWmSjzHJIeQkgog4,"DaBaby, Roddy Ricch",ROCKSTAR (feat. Roddy Ricch),South Coast Music Group/Interscope Records,13,19,12,1830370,IT,Italy,Q3,2020
14,spotify:track:1KXpcoggYmNTPCRXIz2m9Z,Elodie,Guaranà,Universal Music Italia srL.,14,16,8,1770409,IT,Italy,Q3,2020
15,spotify:track:1XQvMjA9IiIx1lAiTHSxQi,"Carl Brave, Mara Sattei, thasup",Spigoli,Universal Music Italia srL.,1,22,9,1706669,IT,Italy,Q3,2020
16,spotify:track:3E1FgPTXX203rgBTD5nlKF,Emanuele Aloia,Il bacio di Klimt,Epic,2,15,11,1657861,IT,Italy,Q3,2020
17,spotify:track:0HFkCSXRTUHCYJ148PdD0v,"Fred De Palma, Anitta",Paloma (feat. Anitta),WM Italy,17,-1,1,1559374,IT,Italy,Q3,2020
18,spotify:track:7qADAhkEs9vv3ll4hP8ybC,"DrefGold, Sfera Ebbasta",ELEGANTE (feat. Sfera Ebbasta),Universal Music Italia srL.,1,18,7,1542780,IT,Italy,Q3,2020
19,spotify:track:04UtYEP1Jc0GRxbvH1B6Nk,"Alfa, Yanomi","TesTa TrA Le NuVoLE, pT. 2",Artist First / Wanderlust Society,7,21,8,1539950,IT,Italy,Q3,2020
20,spotify:track:5ZgeeXOHGYUn0K3kuICyw9,Shade,Autostop,WM Italy,20,41,4,1464291,IT,Italy,Q3,2020
21,spotify:track:6TEPwGCSq4XGWu3hnZkC5m,"Boro, Geolier, Andry The Hitmaker",Nena (feat. Geolier & Andry The Hitmaker),Universal Music Italia srL.,8,26,13,1439425,IT,Italy,Q3,2020
22,spotify:track:3Xhl7OqWAFgVxQKrWhyVVO,"Guè, Rose Villain, Luchè",Chico (feat. Rose Villain & Luchè),Universal Music Italia srL.,9,9,2,1429668,IT,Italy,Q3,2020
23,spotify:track:52zq2a71SGs3f1vJuv59ui,Juanfran,Como Llora,DN7 Music,20,24,6,1376997,IT,Italy,Q3,2020
24,spotify:track:2bF1qPRPlrODKWFMGtQXq1,"Guè, Sfera Ebbasta",Immortale (feat. Sfera Ebbasta),Universal Music Italia srL.,7,7,2,1358209,IT,Italy,Q3,2020
25,spotify:track:2YGqtxaGdML9aM5jCwgRw9,"Takagi & Ketra, Elodie, Mariah Angeliq, Gipsy Kings, Nicolas Reyes, Tonino Baliardo","Ciclone (feat. Elodie, Mariah, Gipsy Kings, Nicolás Reyes, Tonino Baliardo)",Sony Music Entertainment,25,43,3,1351726,IT,Italy,Q3,2020
26,spotify:track:54wRUYPMEHLttFdLImOlAt,"Guè, Geolier",Cyborg (feat. Geolier),Universal Music Italia srL.,10,10,2,1205313,IT,Italy,Q3,2020
27,spotify:track:24Yi9hE78yPEbZ4kxyoXAI,"SAINt JHN, Imanbek",Roses - Imanbek Remix,Craft Recordings,4,25,23,1202544,IT,Italy,Q3,2020
28,spotify:track:7k4t7uLgtOxPwTpFmtJNTY,"KAROL G, Nicki Minaj",Tusa,TUSA - Karol G & Nicki Minaj,13,30,28,1178900,IT,Italy,Q3,2020
29,spotify:track:76w5oLSdgYvA0Bt4dTUe0Z,Gaia,Chega,RCA Records Label,16,29,17,1178170,IT,Italy,Q3,2020
30,spotify:track:0jaYrOJVG8KcDh9qrU2TU8,J-AX,Una voglia assurda,Epic,30,37,6,1122591,IT,Italy,Q3,2020
31,spotify:track:7eJMfftS33KTjuF7lTsMCx,"Powfu, beabadoobee",death bed (coffee for your head),Columbia,5,35,18,1077156,IT,Italy,Q3,2020
32,spotify:track:2oNxPr6vDSqBYWWvvqqgMU,"SAINt JHN, Fedez, Dargen D'Amico, Imanbek",Roses - Imanbek Remix,"Godd Complexx/HITCO, b1/Effective",32,144,2,1059590,IT,Italy,Q3,2020
33,spotify:track:2chEq24EHjyw9Zjmwq0hlS,"Shiva, Eiffel 65",Auto Blu,Jive,1,38,16,1037781,IT,Italy,Q3,2020
34,spotify:track:1hqV0kb6c8Rp9jvJRPcDy7,"Guè, Lazza",Medellin (feat. Lazza),Universal Music Italia srL.,13,13,2,1037311,IT,Italy,Q3,2020
35,spotify:track:48NEryJWd2W3T6V6yKHzz6,"Guè, Paky",Ti Levo Le Collane (feat. Paky),Universal Music Italia srL.,17,17,2,1013615,IT,Italy,Q3,2020
36,spotify:track:4w47S36wQGBhGg073q3nt7,"ROSALÍA, Travis Scott",TKN (feat. Travis Scott),Columbia,22,55,6,1008844,IT,Italy,Q3,2020
37,spotify:track:0ZzXPo0gS5h718w7WErG44,"Tedua, Chris Nolan, AVA, Capo Plaza",Polvere (feat. Capo Plaza),KURAMA s.r.l.,2,42,5,974868,IT,Italy,Q3,2020
38,spotify:track:76nqCfJOcFFWBJN32PAksn,Ava Max,Kings & Queens,Atlantic Records,38,49,6,964718,IT,Italy,Q3,2020
39,spotify:track:5LZVK19ieaV8Mk9FsqTL3F,Pinguini Tattici Nucleari,Ridere,RCA Records Label,39,50,15,929563,IT,Italy,Q3,2020
40,spotify:track:6swHvavSroD4ur3Q18MjYz,"Fred De Palma, Ana Mena",Una volta ancora (feat. Ana Mena),WM Italy,1,45,58,922147,IT,Italy,Q3,2020
41,spotify:track:4P3ZKz4tnPiaGIflQElKgJ,"Guè, Mahmood, Marracash",Tardissimo (feat. Mahmood & Marracash),Universal Music Italia srL.,20,20,2,905435,IT,Italy,Q3,2020
42,spotify:track:00GxbkrW4m1Tac5xySEJ4M,"Rocco Hunt, J-AX, Boomdabash",Ti volevo dedicare (feat. J-AX & Boomdabash),RCA Records Label,2,51,45,885315,IT,Italy,Q3,2020
43,spotify:track:0T1QQTMx8jTbtOEeBKe43I,"Giusy & Elettra, Giusy Ferreri, Elettra Lamborghini",LA ISLA,RCA/ISLAND,43,131,2,880608,IT,Italy,Q3,2020
44,spotify:track:5E75l3Zb0vzdiDNJczr29z,"Ernia, Tedua, Rkomi, Lazza","Puro Sinaloa (feat. Tedua, Rkomi & Lazza)",Universal Music Italia srL.,6,33,3,865232,IT,Italy,Q3,2020
45,spotify:track:73x0EIT2YyIxTs3Rpd3n5T,"CARA, Fedez",Le Feste Di Pablo (con Fedez),Universal Music Italia srL.,6,48,13,856025,IT,Italy,Q3,2020
46,spotify:track:0nd1tWz1bmTQ2ObCnZCLV9,Guè,Saigon,Universal Music Italia srL.,23,23,2,853269,IT,Italy,Q3,2020
47,spotify:track:54PxYcGpSUCmlpGdFGTaYR,Mr.Rain,Fiori di Chernobyl,WM Italy,2,36,17,831819,IT,Italy,Q3,2020
48,spotify:track:62aP9fBQKYKxi7PDXwcUAS,"Surf Mesa, Emilee",ily (i love you baby) (feat. Emilee),Astralwerks,45,53,11,826873,IT,Italy,Q3,2020
49,spotify:track:7szuecWAPwGoV1e5vGu8tl,The Weeknd,In Your Eyes,Republic Records,49,57,16,825539,IT,Italy,Q3,2020
50,spotify:track:4Clmg1g8n2yBYG13Z1oSdG,"Dayvi, Victor Cardenas, Kelly Ruíz",Baila Conmigo (feat. Kelly Ruiz),Sony Music México,38,61,17,798490,IT,Italy,Q3,2020
1,spotify:track:3CHiuPXn9ufDJhVy1xI4Jf,"BLOODY VINYL, Slait, MILES, Salmo, Taxi B, Greg Willen","MACHETE SATELLITE (feat. Salmo, Taxi B & Greg Willen)",Arista,1,-1,1,3611101,IT,Italy,Q4,2020
2,spotify:track:5gouWBHeO3hLhCUr9gSvV5,"BLOODY VINYL, Slait, thasup, MILES, Dani Faiv",X 1 MEX (feat. Dani Faiv),Arista,2,-1,1,3230857,IT,Italy,Q4,2020
3,spotify:track:2zqxUV6h5y6Y9WhyH0FVvX,"BLOODY VINYL, Slait, thasup, Mara Sattei, Coez",ALTALENE (feat. Mara Sattei & Coez),Arista,3,-1,1,3172592,IT,Italy,Q4,2020
4,spotify:track:0ejf33zIXZlhUnCKRMWx6q,"BLOODY VINYL, Slait, thasup, Low Kidd, MILES, Capo Plaza, Sick Luke",TELEPHONE (feat. Capo Plaza & Sick Luke),Arista,4,-1,1,2961071,IT,Italy,Q4,2020
5,spotify:track:1FVZhwZiab6cEAxAOS9j5v,"BLOODY VINYL, Slait, MILES, Lazza, Madame, Massimo Pericolo","WEEKEND (feat. Lazza, Madame & Massimo Pericolo)",Arista,5,-1,1,2787832,IT,Italy,Q4,2020
6,spotify:track:2lWTk2SX6jvlgihqoWOhpt,"BLOODY VINYL, Slait, MILES, Lazza",BLOODY BARS - STUDIOMOB (feat. Lazza),Arista,6,-1,1,2479920,IT,Italy,Q4,2020
7,spotify:track:3jtMheZu2P0tbWzAYYWhvS,"BLOODY VINYL, Slait, thasup, MILES, Rosa Chemical",BABY (feat. Rosa Chemical),Arista,7,-1,1,2346381,IT,Italy,Q4,2020
8,spotify:track:6Ahg1hncxUdK0ICqU03BCu,Ernia,Superclassico,Universal Music Italia srL.,1,1,16,2276404,IT,Italy,Q4,2020
9,spotify:track:2dZ1DAuPAYUUd18DNJlX9D,"BLOODY VINYL, Slait, thasup, MILES, MadMan",GREVE (feat. MadMan),Arista,9,-1,1,2031569,IT,Italy,Q4,2020
10,spotify:track:1rULHg4DJO6mOLCgLOEQPJ,"BLOODY VINYL, Slait, thasup, MILES, Davido, Hell Raton, Shiva","ALASKA (feat. Davido, Hell Raton & Shiva)",Arista,10,-1,1,1961348,IT,Italy,Q4,2020
11,spotify:track:0WBg2If3H9nN9RFl2xO2SZ,Gazzelle,Destri,Artist First / Maciste Dischi,2,2,2,1916627,IT,Italy,Q4,2020
12,spotify:track:3YNcQUeVOpM3SDmwBeGfMK,"Rocco Hunt, Ana Mena",A Un Passo Dalla Luna,RCA Records Label,1,3,14,1831383,IT,Italy,Q4,2020
13,spotify:track:3Xhl7OqWAFgVxQKrWhyVVO,"Guè, Rose Villain, Luchè",Chico (feat. Rose Villain & Luchè),Universal Music Italia srL.,3,4,15,1738212,IT,Italy,Q4,2020
14,spotify:track:732PzkkCymARw1z1hBODbM,"BLOODY VINYL, Slait, Low Kidd, Vale Pain, Hell Raton, Guè","OMG (feat. Vale Pain, Hell Raton & Guè)",Arista,14,-1,1,1691640,IT,Italy,Q4,2020
15,spotify:track:0MLu1cFYL4ikdRTdasCQT9,"Shablo, Geolier, Sfera Ebbasta",M' Manc (con Geolier & Sfera Ebbasta),Universal Music Italia srL.,1,6,17,1640431,IT,Italy,Q4,2020
16,spotify:track:3jyaYWVHdO2VtElJKouGHD,"BLOODY VINYL, Slait, MILES, Drast",SPACETRIP (feat. Drast),Arista,16,-1,1,1548422,IT,Italy,Q4,2020
17,spotify:track:0vWUhCPxpJOJR5urYbZypB,"Purple Disco Machine, Sophie and the Giants",Hypnotized,Positiva,6,7,15,1507616,IT,Italy,Q4,2020
18,spotify:track:4lNon2DMVYilFWsjAfMCMg,"BLOODY VINYL, Slait, MILES, Jack The Smoker, sir prodige, Dani Faiv","BLOODY BARS - LOCKED (feat. Jack The Smoker, Sir Prodige & Dani Faiv)",Arista,18,-1,1,1502152,IT,Italy,Q4,2020
19,spotify:track:0jS0tiWJcjsj7yKI2yNUNn,"BLOODY VINYL, Slait, MILES, Low Kidd, Nitro, Fabri Fibra, Jake La Furia","5G (feat. Nitro, Fabri Fibra & Jake La Furia)",Arista,19,-1,1,1488752,IT,Italy,Q4,2020
20,spotify:track:2RBBYwsf1SKX64nwfbfDlk,"BLOODY VINYL, Slait, MILES, thasup, Low Kidd, Charlie KDM, Hell Raton, Lazza","BLOODY BARS - DRILLUMINAZIONE (feat. Charlie KDM, Hell Raton & Lazza)",Arista,20,-1,1,1467373,IT,Italy,Q4,2020
21,spotify:track:0824Kyozhv4yBbM86aBFCG,Fedez,BELLA STORIA,Sony Music Entertainment,8,8,2,1336611,IT,Italy,Q4,2020
22,spotify:track:15RRpHBNzv0gvjIry4jyOs,Ultimo,22 settembre,Ultimo Records,5,5,3,1289920,IT,Italy,Q4,2020
23,spotify:track:3tjFYV6RSFtuktYl3ZtYcq,"24kGoldn, iann dior",Mood (feat. iann dior),Records/Columbia,14,14,6,1276664,IT,Italy,Q4,2020
24,spotify:track:1XQvMjA9IiIx1lAiTHSxQi,"Carl Brave, Mara Sattei, thasup",Spigoli,Universal Music Italia srL.,1,12,22,1273349,IT,Italy,Q4,2020
25,spotify:track:72aqCNAdOo6H4nrPyAivSV,Il Tre,Te lo prometto,WM Italy,10,11,16,1267907,IT,Italy,Q4,2020
26,spotify:track:0HFkCSXRTUHCYJ148PdD0v,"Fred De Palma, Anitta",Paloma (feat. Anitta),WM Italy,5,10,14,1255010,IT,Italy,Q4,2020
27,spotify:track:3qvk0aWnYEn3otfPusZvhK,"BLOODY VINYL, Slait, thasup, MILES",SBSM,Arista,27,-1,1,1244731,IT,Italy,Q4,2020
28,spotify:track:2Up8QSKRV7WnZxZAQasEUq,Irama,Mediterranea,WM Italy,1,9,21,1161692,IT,Italy,Q4,2020
29,spotify:track:1kI7mZAziaRfBeAOraRW1i,"Mahmood, Sfera Ebbasta, Feid",Dorado (feat. Sfera Ebbasta & Feid),Universal Music Italia srL.,9,13,13,1151262,IT,Italy,Q4,2020
30,spotify:track:3H7ihDc1dqLriiWXwsc2po,"Topic, A7S",Breaking Me,Intercord,8,17,25,1117374,IT,Italy,Q4,2020
31,spotify:track:6cx06DFPPHchuUAcTxznu9,"Joel Corry, MNEK",Head & Heart (feat. MNEK),Atlantic Records UK,19,19,9,1105436,IT,Italy,Q4,2020
32,spotify:track:6KF78W66DcQ9m5YqR0r5Ig,"Fedez, Robert Miles",BIMBI PER STRADA (CHILDREN),Sony Music Entertainment,7,16,18,1007368,IT,Italy,Q4,2020
33,spotify:track:0D4GpOPInKiPxEfQMchu4p,"Boomdabash, Alessandra Amoroso",Karaoke,Universal Music Italia srL.,1,15,17,994510,IT,Italy,Q4,2020
34,spotify:track:3E1FgPTXX203rgBTD5nlKF,Emanuele Aloia,Il bacio di Klimt,Epic,2,25,24,919910,IT,Italy,Q4,2020
35,spotify:track:5ZgeeXOHGYUn0K3kuICyw9,Shade,Autostop,WM Italy,13,22,17,909406,IT,Italy,Q4,2020
36,spotify:track:0XAO6HaZDHa2HxbnWWKWCZ,Pinguini Tattici Nucleari,La storia infinita,RCA Records Label,22,32,6,860802,IT,Italy,Q4,2020
37,spotify:track:5i12eplaUT5pPE5iC6B2FZ,"Achille Lauro, Gow Tribe, Frenetik&Orang3","Bam Bam Twist (feat. Gow Tribe, Frenetik&Orang3)",Elektra/WM Italy,27,27,16,856018,IT,Italy,Q4,2020
38,spotify:track:6UelLqGlWMcVH1E5c4H7lY,Harry Styles,Watermelon Sugar,Columbia,24,28,19,852876,IT,Italy,Q4,2020
39,spotify:track:1xQ6trAsedVPCdbtDAmk0c,"Jawsh 685, Jason Derulo",Savage Love (Laxed - Siren Beat),Columbia,9,26,16,826216,IT,Italy,Q4,2020
40,spotify:track:5ZUeBvBEH8hpdLMW3yCmHb,"Baby K, Chiara Ferragni",Non mi basta più (feat. Chiara Ferragni),Sony Music Entertainment,4,24,16,815688,IT,Italy,Q4,2020
41,spotify:track:3rOw9WmYFCRLHTRcbOjhUl,"Emis Killa, Jake La Furia, Massimo Pericolo",L'ultima volta - feat. Massimo Pericolo,Epic,5,18,3,810601,IT,Italy,Q4,2020
42,spotify:track:6ZWsKJdmoYu1oFJbzCmtK9,"thasup, bbno$",0ffline (feat. bbno$),Arista,5,29,10,806306,IT,Italy,Q4,2020
43,spotify:track:2YGqtxaGdML9aM5jCwgRw9,"Takagi & Ketra, Elodie, Mariah Angeliq, Gipsy Kings, Nicolas Reyes, Tonino Baliardo","Ciclone (feat. Elodie, Mariah, Gipsy Kings, Nicolás Reyes, Tonino Baliardo)",Sony Music Entertainment,10,23,16,791774,IT,Italy,Q4,2020
44,spotify:track:5Jm4w8jmPEBTLjI9vH4fXo,Ozuna,Caramelo,Aura Music Corp.,20,30,17,777735,IT,Italy,Q4,2020
45,spotify:track:7ytR5pFWmSjzHJIeQkgog4,"DaBaby, Roddy Ricch",ROCKSTAR (feat. Roddy Ricch),South Coast Music Group/Interscope Records,13,33,25,765639,IT,Italy,Q4,2020
46,spotify:track:0EhpEsp4L0oRGM0vmeaN5e,"J Balvin, Dua Lipa, Bad Bunny, Tainy",UN DIA (ONE DAY) (Feat. Tainy),Universal Music Latino/ NEON16,36,36,11,765357,IT,Italy,Q4,2020
47,spotify:track:13vDU8nPsvTGEVTMB8Vw7g,"Aya Nakamura, Maluma",Djadja (feat. Maluma) - Remix,Rec. 118,25,35,15,735155,IT,Italy,Q4,2020
48,spotify:track:4Oun2ylbjFKMPTiaSbbCih,"Cardi B, Megan Thee Stallion",WAP (feat. Megan Thee Stallion),Atlantic/KSR,40,40,9,715680,IT,Italy,Q4,2020
49,spotify:track:1tkg4EHVoqnhR6iFEXb60y,Pop Smoke,What You Know Bout Love,Victor Victor Worldwide,49,112,2,705082,IT,Italy,Q4,2020
50,spotify:track:5165XjbVxwq9dQDxNk7hmf,Ghali,Good Times,WM Italy,1,37,33,691261,IT,Italy,Q4,2020
1,spotify:track:58dxGXavrcagRqA58fNB0Z,OFFICIAL HIGE DANDISM,Pretender,PONY CANYON INC.,1,1,38,1342391,JP,Japan,Q1,2020
2,spotify:track:0mNO3xUzjsI17GXO1DRFCH,King Gnu,白日,Sony Music Labels Inc.,2,2,46,1118094,JP,Japan,Q1,2020
3,spotify:track:2yozZfRYHP7Elsymghu5t3,OFFICIAL HIGE DANDISM,Shukumei,PONY CANYON INC.,2,3,27,891933,JP,Japan,Q1,2020
4,spotify:track:4Jj31lihp5Nvdi4lFRjrqc,SUDA MASAKI,まちがいさがし,Sony Music Labels Inc.,3,4,32,843642,JP,Japan,Q1,2020
5,spotify:track:3S3DDZrPOYTirleXRyHnNM,OFFICIAL HIGE DANDISM,Yesterday,PONY CANYON INC.,3,5,18,776058,JP,Japan,Q1,2020
6,spotify:track:5DMEvbg3gUmiR5HIBWdveV,OFFICIAL HIGE DANDISM,No Doubt,LASTRUM,3,6,91,705453,JP,Japan,Q1,2020
7,spotify:track:278JqkBGkjDovOYAwE8TW7,OFFICIAL HIGE DANDISM,115 million kilometer film,LASTRUM,7,8,36,627011,JP,Japan,Q1,2020
8,spotify:track:2cKiHG16JBiqHdi7Llq0r7,Aimyon,Marigold,WM Japan,1,7,77,625495,JP,Japan,Q1,2020
9,spotify:track:23DbzwNJSLo7nkSWjODMvY,LiSA,紅蓮華,Sony Music Labels Inc.,9,9,11,586523,JP,Japan,Q1,2020
10,spotify:track:0QKmcZNAST4GytJYmkN05D,SUDA MASAKI,さよならエレジー,Sony Music Labels Inc.,1,10,98,511077,JP,Japan,Q1,2020
11,spotify:track:2jdbZGFp8KVTuk0YxDNL4l,back number,高嶺の花子さん,Universal Music LLC,8,11,45,489956,JP,Japan,Q1,2020
12,spotify:track:0IrfTmWz97ZoKbBICyslv9,King Gnu,Teenager Forever,Sony Music Labels Inc.,10,14,3,487091,JP,Japan,Q1,2020
13,spotify:track:68KMKHen3fHDgD8z1aBWCK,King Gnu,飛行艇,Sony Music Labels Inc.,9,17,22,482031,JP,Japan,Q1,2020
14,spotify:track:1NkiR42rILTQYYEGs7izYv,King Gnu,傘,Sony Music Labels Inc.,11,19,13,464171,JP,Japan,Q1,2020
15,spotify:track:7MhJmtlNl6R0oppdG59CaI,OFFICIAL HIGE DANDISM,Stand By You,PONY CANYON INC.,7,13,66,459180,JP,Japan,Q1,2020
16,spotify:track:2vOAHp8PBBFYqvQUWSoITY,Mrs. GREEN APPLE,インフェルノ,Universal Music LLC,16,16,25,457887,JP,Japan,Q1,2020
17,spotify:track:5P8ZvBQoCrujjNcLAxO3Su,back number,クリスマスソング,Universal Music LLC,6,12,46,436049,JP,Japan,Q1,2020
18,spotify:track:59eluCMn0XbOWqeWQ91FTM,Aimyon,君はロックを聴かない,WM Japan,2,15,101,435045,JP,Japan,Q1,2020
19,spotify:track:3wJHCry960drNlAUGrJLmz,Yorushika,ただ君に晴れ,U&R records,18,20,53,427598,JP,Japan,Q1,2020
20,spotify:track:77lmDcPPyY6kK907gdgC6i,Mr.Children,HANABI,Toy's Factory,1,18,87,420718,JP,Japan,Q1,2020
21,spotify:track:5BC6kr6etk2Y9J62AyI4i3,Mrs. GREEN APPLE,青と夏,Universal Music LLC,6,21,78,397400,JP,Japan,Q1,2020
22,spotify:track:7tGDXCPLpAScEwmqab9YZd,Novelbright,Walking with you,Emperor Mode,21,30,14,377479,JP,Japan,Q1,2020
23,spotify:track:4zdQmfTLWgGd5mAX4MUIaX,ARASHI,Turning Up,Storm Labels Inc.,7,40,10,372579,JP,Japan,Q1,2020
24,spotify:track:0ssEfLe9aqPhMmLXKqBw6J,back number,ハッピーエンド,Universal Music LLC,13,23,46,367769,JP,Japan,Q1,2020
25,spotify:track:23atyJacJVHvB9RHBNhr35,MONGOL800,小さな恋のうた,TISSUE FREAK RECORDS,7,25,124,360725,JP,Japan,Q1,2020
26,spotify:track:7GYGVDPbi0zQUBIkuOPAY0,Aimyon,Harunohi,WM Japan,5,27,41,359791,JP,Japan,Q1,2020
27,spotify:track:0ve9Tpz8Yw0I4eXhWsy21o,[Alexandros],ワタリドリ,Universal Music LLC,7,24,124,357489,JP,Japan,Q1,2020
28,spotify:track:6kKvmT4i0Dercz6f3kftg3,Aimyon,Let the Night,WM Japan,1,28,64,355296,JP,Japan,Q1,2020
29,spotify:track:2Fxmhks0bxGSBdJ92vM42m,Billie Eilish,bad guy,Darkroom/Interscope Records,11,35,41,351325,JP,Japan,Q1,2020
30,spotify:track:22aZD7yaGYfhgCYazL4nbc,HY,366日,"TV ASAHI MUSIC CO.,LTD.",7,26,116,349915,JP,Japan,Q1,2020
31,spotify:track:1sIIlVrnPhrvmTrHtzM7tV,"Mrs. GREEN APPLE, Sonoko Inoue",点描の唄,Universal Music LLC,25,29,34,348377,JP,Japan,Q1,2020
32,spotify:track:0bdYJCO9clK9ew61Z7GqMf,Foorin,パプリカ,Sony Music Labels Inc.,22,22,43,345723,JP,Japan,Q1,2020
33,spotify:track:7a7EIFzJLd7lcDRgThMQgm,ONE OK ROCK,Wherever you are,Aer-born,5,34,124,330991,JP,Japan,Q1,2020
34,spotify:track:0JcI7OdALbpSFkyKoufRYs,Mrs. GREEN APPLE,ロマンチシズム,Universal Music LLC,23,33,43,329914,JP,Japan,Q1,2020
35,spotify:track:2zbWCme3Dvp8071b4R4nkY,King Gnu,Vinyl,Sony Music Entertainment (Japan) Inc.,35,47,45,327023,JP,Japan,Q1,2020
36,spotify:track:41L3O37CECZt3N7ziG2z7l,Justin Bieber,Yummy,RBMG/Def Jam,36,-1,1,326645,JP,Japan,Q1,2020
37,spotify:track:4IouQaO9GkaHC7AtMErdSa,"Daoko, Kenshi Yonezu",打上花火,TOY'S FACTORY,1,31,124,325965,JP,Japan,Q1,2020
38,spotify:track:7CmWXD3w1xOO53AAO4LRVQ,Superfly,愛をこめて花束を,WM Japan,6,36,124,325219,JP,Japan,Q1,2020
39,spotify:track:6ODZT1FGTE2q4two05giS1,sakanaction,新宝島,NF Records,4,32,97,321963,JP,Japan,Q1,2020
40,spotify:track:3u0e8pyoVc7l2u3T5thohY,Aimyon,Her Blue Sky,WM Japan,15,43,17,319576,JP,Japan,Q1,2020
41,spotify:track:5RbMlPFL4gVyEHW2lEOuzG,Sukima Switch,奏(かなで),Universal Music LLC,22,38,73,313375,JP,Japan,Q1,2020
42,spotify:track:7H5uStZMOGpcVw7eW0eyTi,Nissy,トリコ,avex trax,26,37,72,312527,JP,Japan,Q1,2020
43,spotify:track:45jGOHwYKgsRYbAJ8DR61d,Motohiro Hata,ひまわりの約束,Universal Music LLC,26,42,86,307973,JP,Japan,Q1,2020
44,spotify:track:7iXHLtPosbHvglVSJ4rxLq,GReeeeN,愛唄,Universal Music LLC,6,39,124,303850,JP,Japan,Q1,2020
45,spotify:track:5TIMNeqGc26Ohw0yfcAfGB,wacci,別の人の彼女になったよ,Sony Music Labels Inc.,45,48,23,302177,JP,Japan,Q1,2020
46,spotify:track:7qiZfU4dY1lWllzX7mPBI3,Ed Sheeran,Shape of You,Atlantic Records UK,1,41,124,297731,JP,Japan,Q1,2020
47,spotify:track:3hBAYbAECEix9raaTq8S3H,back number,ヒロイン,Universal Music LLC,40,45,44,279865,JP,Japan,Q1,2020
48,spotify:track:0U9vBvoG3LN1PnuVl47E3W,OFFICIAL HIGE DANDISM,Vintage,PONY CANYON INC.,48,49,11,279179,JP,Japan,Q1,2020
49,spotify:track:2H3bOGOE50qEo5wAYoJiwL,Aimyon,貴方解剖純愛歌〜死ね〜,LASTRUM Music Entertainment Inc.,12,46,75,275164,JP,Japan,Q1,2020
50,spotify:track:0N8Xztr4pBHJ7V0moJWhbO,Aimyon,愛を伝えたいだとか,WM Japan,4,44,100,274370,JP,Japan,Q1,2020
1,spotify:track:6Yrkz3dWqy933CQWQc4Yah,OFFICIAL HIGE DANDISM,I Love...,IRORI Records,1,1,13,1409533,JP,Japan,Q2,2020
2,spotify:track:58dxGXavrcagRqA58fNB0Z,OFFICIAL HIGE DANDISM,Pretender,PONY CANYON INC.,1,2,51,1318570,JP,Japan,Q2,2020
3,spotify:track:4wel6DQu0dMVBRVn2ZTPoy,King Gnu,白日,Sony Music Labels Inc.,2,3,59,1028796,JP,Japan,Q2,2020
4,spotify:track:2yozZfRYHP7Elsymghu5t3,OFFICIAL HIGE DANDISM,Shukumei,PONY CANYON INC.,2,4,40,978115,JP,Japan,Q2,2020
5,spotify:track:3S3DDZrPOYTirleXRyHnNM,OFFICIAL HIGE DANDISM,Yesterday,PONY CANYON INC.,3,5,31,852835,JP,Japan,Q2,2020
6,spotify:track:278JqkBGkjDovOYAwE8TW7,OFFICIAL HIGE DANDISM,115 million kilometer film,LASTRUM,6,6,49,822388,JP,Japan,Q2,2020
7,spotify:track:5DMEvbg3gUmiR5HIBWdveV,OFFICIAL HIGE DANDISM,No Doubt,LASTRUM,3,7,104,760132,JP,Japan,Q2,2020
8,spotify:track:23DbzwNJSLo7nkSWjODMvY,LiSA,紅蓮華,Sony Music Labels Inc.,8,8,24,700546,JP,Japan,Q2,2020
9,spotify:track:4Jj31lihp5Nvdi4lFRjrqc,SUDA MASAKI,まちがいさがし,Sony Music Labels Inc.,3,9,45,659498,JP,Japan,Q2,2020
10,spotify:track:2cKiHG16JBiqHdi7Llq0r7,Aimyon,Marigold,WM Japan,1,10,90,601101,JP,Japan,Q2,2020
11,spotify:track:6baeV3RT4kpivo327DC3AM,Uru,あなたがいることで,Sony Music Labels Inc.,11,17,8,578798,JP,Japan,Q2,2020
12,spotify:track:7MhJmtlNl6R0oppdG59CaI,OFFICIAL HIGE DANDISM,Stand By You,PONY CANYON INC.,7,12,79,545194,JP,Japan,Q2,2020
13,spotify:track:3wJHCry960drNlAUGrJLmz,Yorushika,ただ君に晴れ,U&R records,13,15,66,541322,JP,Japan,Q2,2020
14,spotify:track:2JY4tbfUERXveQxv6wTFFv,King Gnu,どろん,Sony Music Labels Inc.,10,11,13,534678,JP,Japan,Q2,2020
15,spotify:track:7tGDXCPLpAScEwmqab9YZd,Novelbright,Walking with you,Emperor Mode,15,16,27,529016,JP,Japan,Q2,2020
16,spotify:track:6Ea33AvEANARkK2QduzhRm,King Gnu,飛行艇,Sony Music Labels Inc.,9,14,35,515493,JP,Japan,Q2,2020
17,spotify:track:2Fxmhks0bxGSBdJ92vM42m,Billie Eilish,bad guy,Darkroom/Interscope Records,9,21,54,503464,JP,Japan,Q2,2020
18,spotify:track:0QKmcZNAST4GytJYmkN05D,SUDA MASAKI,さよならエレジー,Sony Music Labels Inc.,1,19,111,502740,JP,Japan,Q2,2020
19,spotify:track:2jdbZGFp8KVTuk0YxDNL4l,back number,高嶺の花子さん,Universal Music LLC,8,20,58,498090,JP,Japan,Q2,2020
20,spotify:track:2vOAHp8PBBFYqvQUWSoITY,Mrs. GREEN APPLE,インフェルノ,Universal Music LLC,16,18,38,497473,JP,Japan,Q2,2020
21,spotify:track:1jtBcfrVYDtykjyM66hroR,King Gnu,Teenager Forever,Sony Music Labels Inc.,3,13,16,495484,JP,Japan,Q2,2020
22,spotify:track:1sIIlVrnPhrvmTrHtzM7tV,"Mrs. GREEN APPLE, Sonoko Inoue",点描の唄,Universal Music LLC,21,22,47,480381,JP,Japan,Q2,2020
23,spotify:track:0tnhoHUrHfcLi9hPknUFZ4,Mrs. GREEN APPLE,僕のこと,Universal Music LLC,23,23,67,475907,JP,Japan,Q2,2020
24,spotify:track:10mmoWFRBG9mlLekSWYzWT,Leo Ieiri,未完成,Colourful Records,24,51,5,457108,JP,Japan,Q2,2020
25,spotify:track:5BC6kr6etk2Y9J62AyI4i3,Mrs. GREEN APPLE,青と夏,Universal Music LLC,6,25,91,444589,JP,Japan,Q2,2020
26,spotify:track:59eluCMn0XbOWqeWQ91FTM,Aimyon,君はロックを聴かない,WM Japan,2,26,114,436855,JP,Japan,Q2,2020
27,spotify:track:3JdeDiWCJW7KFLr58GHrSQ,King Gnu,傘,Sony Music Labels Inc.,9,24,26,426304,JP,Japan,Q2,2020
28,spotify:track:0JcI7OdALbpSFkyKoufRYs,Mrs. GREEN APPLE,ロマンチシズム,Universal Music LLC,23,27,56,417994,JP,Japan,Q2,2020
29,spotify:track:4zdQmfTLWgGd5mAX4MUIaX,ARASHI,Turning Up,Storm Labels Inc.,7,32,23,404631,JP,Japan,Q2,2020
30,spotify:track:5PYnqtWbSBJTJFl4Ui55HE,"The Chainsmokers, Mackenyu Arata",Closer - Tokyo Remix,Disruptor Records/Columbia,23,28,9,402937,JP,Japan,Q2,2020
31,spotify:track:7GYGVDPbi0zQUBIkuOPAY0,Aimyon,Harunohi,WM Japan,5,30,54,394623,JP,Japan,Q2,2020
32,spotify:track:0ssEfLe9aqPhMmLXKqBw6J,back number,ハッピーエンド,Universal Music LLC,13,29,59,392952,JP,Japan,Q2,2020
33,spotify:track:5TIMNeqGc26Ohw0yfcAfGB,wacci,別の人の彼女になったよ,Sony Music Labels Inc.,33,34,36,383390,JP,Japan,Q2,2020
34,spotify:track:5RbMlPFL4gVyEHW2lEOuzG,Sukima Switch,奏(かなで),Universal Music LLC,22,40,86,378348,JP,Japan,Q2,2020
35,spotify:track:77lmDcPPyY6kK907gdgC6i,Mr.Children,HANABI,Toy's Factory,1,31,100,376178,JP,Japan,Q2,2020
36,spotify:track:23atyJacJVHvB9RHBNhr35,MONGOL800,小さな恋のうた,TISSUE FREAK RECORDS,7,33,137,373824,JP,Japan,Q2,2020
37,spotify:track:22aZD7yaGYfhgCYazL4nbc,HY,366日,"TV ASAHI MUSIC CO.,LTD.",7,36,129,368657,JP,Japan,Q2,2020
38,spotify:track:7a7EIFzJLd7lcDRgThMQgm,ONE OK ROCK,Wherever you are,Aer-born,5,37,137,365717,JP,Japan,Q2,2020
39,spotify:track:6kKvmT4i0Dercz6f3kftg3,Aimyon,Let the Night,WM Japan,1,35,77,361661,JP,Japan,Q2,2020
40,spotify:track:0ve9Tpz8Yw0I4eXhWsy21o,[Alexandros],ワタリドリ,Universal Music LLC,7,39,137,359478,JP,Japan,Q2,2020
41,spotify:track:1rgnBhdG2JDFTbYkYRZAku,Tones And I,Dance Monkey,Elektra (NEK),34,38,31,352814,JP,Japan,Q2,2020
42,spotify:track:4umIPjkehX1r7uhmGvXiSV,"Justin Bieber, Quavo",Intentions (feat. Quavo),RBMG/Def Jam,41,41,9,351034,JP,Japan,Q2,2020
43,spotify:track:4IouQaO9GkaHC7AtMErdSa,"Daoko, Kenshi Yonezu",打上花火,TOY'S FACTORY,1,43,137,346179,JP,Japan,Q2,2020
44,spotify:track:7CmWXD3w1xOO53AAO4LRVQ,Superfly,愛をこめて花束を,WM Japan,6,42,137,341196,JP,Japan,Q2,2020
45,spotify:track:45jGOHwYKgsRYbAJ8DR61d,Motohiro Hata,ひまわりの約束,Universal Music LLC,26,44,99,327643,JP,Japan,Q2,2020
46,spotify:track:5P8ZvBQoCrujjNcLAxO3Su,back number,クリスマスソング,Universal Music LLC,6,45,59,308344,JP,Japan,Q2,2020
47,spotify:track:0U9vBvoG3LN1PnuVl47E3W,OFFICIAL HIGE DANDISM,Vintage,PONY CANYON INC.,47,52,24,306135,JP,Japan,Q2,2020
48,spotify:track:6eRs5SaiDOaGJ5AceBnrsk,King Gnu,小さな惑星,Sony Music Labels Inc.,19,46,13,298208,JP,Japan,Q2,2020
49,spotify:track:2zbWCme3Dvp8071b4R4nkY,King Gnu,Vinyl,Sony Music Entertainment (Japan) Inc.,26,48,58,288481,JP,Japan,Q2,2020
50,spotify:track:4kRbmjHl6Ncxsmzl4cJdg4,aiko,Kabutomushi,PONY CANYON INC.,45,47,6,280725,JP,Japan,Q2,2020
1,spotify:track:3dPtXHP0oXQ4HCWHsOA9js,YOASOBI,夜に駆ける,YOASOBI,1,1,17,1735396,JP,Japan,Q3,2020
2,spotify:track:6y7FocfzyzkGLSHQdJVHhq,Eito,香水,A.S.A.B,2,2,11,1497804,JP,Japan,Q3,2020
3,spotify:track:4FrxgrNbNrdfq8093JaEJf,NiziU,Make you happy,Sony Music Labels Inc.,3,29,2,1205050,JP,Japan,Q3,2020
4,spotify:track:15HNdxGKNCIO9pgaY4n7FU,OFFICIAL HIGE DANDISM,Pretender,PONY CANYON INC.,1,3,64,1141948,JP,Japan,Q3,2020
5,spotify:track:4pRqq3MwcqitKqNO8rOrOb,OFFICIAL HIGE DANDISM,I Love...,PONY CANYON INC.,1,4,26,1037852,JP,Japan,Q3,2020
6,spotify:track:4wel6DQu0dMVBRVn2ZTPoy,King Gnu,白日,Sony Music Labels Inc.,2,5,72,1012731,JP,Japan,Q3,2020
7,spotify:track:11OHUXwYHjsRNysUDdO2JS,Aimyon,Naked Heart,WM Japan,7,8,10,959108,JP,Japan,Q3,2020
8,spotify:track:2Gmyw5Vg2X5YW2lM3OC7nD,yama,Haru wo Tsugeru,yama,6,6,9,891520,JP,Japan,Q3,2020
9,spotify:track:0XaHPBAzPAC5ubwcRBqc1p,OFFICIAL HIGE DANDISM,Shukumei,PONY CANYON INC.,2,7,53,855671,JP,Japan,Q3,2020
10,spotify:track:278JqkBGkjDovOYAwE8TW7,OFFICIAL HIGE DANDISM,115 million kilometer film,LASTRUM,6,9,62,830392,JP,Japan,Q3,2020
11,spotify:track:6F0aYmicNttntvth7FXQEx,DISH//,猫 〜THE FIRST TAKE ver.〜,Sony Music Labels Inc.,11,12,9,823190,JP,Japan,Q3,2020
12,spotify:track:3vAn0qZzdyuHamcrpkfiX3,BLACKPINK,How You Like That,YG Entertainment/Interscope Records,10,10,2,772013,JP,Japan,Q3,2020
13,spotify:track:2cKiHG16JBiqHdi7Llq0r7,Aimyon,Marigold,WM Japan,1,11,103,758060,JP,Japan,Q3,2020
14,spotify:track:23DbzwNJSLo7nkSWjODMvY,LiSA,紅蓮華,Sony Music Labels Inc.,8,14,37,739983,JP,Japan,Q3,2020
15,spotify:track:1kMlcLyljkrShV0LSdSGBz,OFFICIAL HIGE DANDISM,Yesterday,PONY CANYON INC.,3,13,44,739231,JP,Japan,Q3,2020
16,spotify:track:6uUtmCz8XXep7n1QmC1jJG,Rin音,snow jam,ROOFTOP,13,15,16,713467,JP,Japan,Q3,2020
17,spotify:track:5DMEvbg3gUmiR5HIBWdveV,OFFICIAL HIGE DANDISM,No Doubt,LASTRUM,3,16,117,696619,JP,Japan,Q3,2020
18,spotify:track:3wJHCry960drNlAUGrJLmz,Yorushika,ただ君に晴れ,U&R records,12,17,79,695712,JP,Japan,Q3,2020
19,spotify:track:7HneEBTvTra2CRYsxgMOAi,YOASOBI,ハルジオン,YOASOBI,18,19,9,681341,JP,Japan,Q3,2020
20,spotify:track:4Jj31lihp5Nvdi4lFRjrqc,SUDA MASAKI,まちがいさがし,Sony Music Labels Inc.,3,18,58,672201,JP,Japan,Q3,2020
21,spotify:track:0MP1URfhXWBOtEmeV32SxU,NiziU,Baby I'm a star,Sony Music Labels Inc.,21,52,2,648439,JP,Japan,Q3,2020
22,spotify:track:5BC6kr6etk2Y9J62AyI4i3,Mrs. GREEN APPLE,青と夏,Universal Music LLC,6,25,104,622788,JP,Japan,Q3,2020
23,spotify:track:51JOzfozDdPMKxyEccRltg,OFFICIAL HIGE DANDISM,Parabola,IRORI Records,11,22,13,622208,JP,Japan,Q3,2020
24,spotify:track:7GYGVDPbi0zQUBIkuOPAY0,Aimyon,Harunohi,WM Japan,5,21,67,620465,JP,Japan,Q3,2020
25,spotify:track:5SvmqYmtWdOffFcYg21IhJ,NiziU,Boom Boom Boom,Sony Music Labels Inc.,25,53,2,617835,JP,Japan,Q3,2020
26,spotify:track:0tnhoHUrHfcLi9hPknUFZ4,Mrs. GREEN APPLE,僕のこと,Universal Music LLC,16,26,80,612959,JP,Japan,Q3,2020
27,spotify:track:2vOAHp8PBBFYqvQUWSoITY,Mrs. GREEN APPLE,インフェルノ,Universal Music LLC,16,28,51,612133,JP,Japan,Q3,2020
28,spotify:track:7tGDXCPLpAScEwmqab9YZd,Novelbright,Walking with you,Emperor Mode,15,23,40,609096,JP,Japan,Q3,2020
29,spotify:track:1sIIlVrnPhrvmTrHtzM7tV,"Mrs. GREEN APPLE, Sonoko Inoue",点描の唄,Universal Music LLC,19,27,60,602490,JP,Japan,Q3,2020
30,spotify:track:3jKhYB78kmpIxMHQXrDUaj,NiziU,虹の向こうへ,Sony Music Labels Inc.,30,55,2,599424,JP,Japan,Q3,2020
31,spotify:track:2bAAj29XGc4h1G4oEGYCmg,TWICE,MORE & MORE,Republic Records - TWICE,12,24,6,584906,JP,Japan,Q3,2020
32,spotify:track:0UwQTbq7ZtBJ7v530mpaxP,BTS,Stay Gold,Universal Music LLC,19,20,3,581481,JP,Japan,Q3,2020
33,spotify:track:59eluCMn0XbOWqeWQ91FTM,Aimyon,君はロックを聴かない,WM Japan,2,30,127,554192,JP,Japan,Q3,2020
34,spotify:track:0QKmcZNAST4GytJYmkN05D,SUDA MASAKI,さよならエレジー,Sony Music Labels Inc.,1,32,124,536975,JP,Japan,Q3,2020
35,spotify:track:6Ea33AvEANARkK2QduzhRm,King Gnu,飛行艇,Sony Music Labels Inc.,9,31,48,524517,JP,Japan,Q3,2020
36,spotify:track:5TIMNeqGc26Ohw0yfcAfGB,wacci,別の人の彼女になったよ,Sony Music Labels Inc.,31,34,49,519577,JP,Japan,Q3,2020
37,spotify:track:10mmoWFRBG9mlLekSWYzWT,Leo Ieiri,未完成,Colourful Records,20,35,18,517465,JP,Japan,Q3,2020
38,spotify:track:0JcI7OdALbpSFkyKoufRYs,Mrs. GREEN APPLE,ロマンチシズム,Universal Music LLC,23,38,69,509850,JP,Japan,Q3,2020
39,spotify:track:1jtBcfrVYDtykjyM66hroR,King Gnu,Teenager Forever,Sony Music Labels Inc.,3,33,29,498422,JP,Japan,Q3,2020
40,spotify:track:1heN1fuesAqx4WRlQFkCLJ,"Ken Hirai, Aimyon",怪物さん,Sony Music Labels Inc.,27,36,15,485012,JP,Japan,Q3,2020
41,spotify:track:6kKvmT4i0Dercz6f3kftg3,Aimyon,Let the Night,WM Japan,1,40,90,476613,JP,Japan,Q3,2020
42,spotify:track:7Ca8EuTCyU3pjJR4TNOXqs,OFFICIAL HIGE DANDISM,Stand By You,PONY CANYON INC.,7,37,92,475873,JP,Japan,Q3,2020
43,spotify:track:2jdbZGFp8KVTuk0YxDNL4l,back number,高嶺の花子さん,Universal Music LLC,8,41,71,464248,JP,Japan,Q3,2020
44,spotify:track:7ju97lgwC2rKQ6wwsf9no9,"Lady Gaga, Ariana Grande",Rain On Me (with Ariana Grande),Interscope,15,39,7,463931,JP,Japan,Q3,2020
45,spotify:track:7a7EIFzJLd7lcDRgThMQgm,ONE OK ROCK,Wherever you are,Aer-born,5,43,150,458620,JP,Japan,Q3,2020
46,spotify:track:6baeV3RT4kpivo327DC3AM,Uru,あなたがいることで,Sony Music Labels Inc.,11,42,21,452510,JP,Japan,Q3,2020
47,spotify:track:0ssEfLe9aqPhMmLXKqBw6J,back number,ハッピーエンド,Universal Music LLC,13,45,72,443919,JP,Japan,Q3,2020
48,spotify:track:77lmDcPPyY6kK907gdgC6i,Mr.Children,HANABI,Toy's Factory,1,44,113,438369,JP,Japan,Q3,2020
49,spotify:track:2Fxmhks0bxGSBdJ92vM42m,Billie Eilish,bad guy,Darkroom/Interscope Records,9,47,67,416973,JP,Japan,Q3,2020
50,spotify:track:4zdQmfTLWgGd5mAX4MUIaX,ARASHI,Turning Up,Storm Labels Inc.,7,46,36,412043,JP,Japan,Q3,2020
1,spotify:track:0t1kP63rueHleOhQkYSXFY,BTS,Dynamite,BIGHIT MUSIC,1,2,7,1869289,JP,Japan,Q4,2020
2,spotify:track:3dPtXHP0oXQ4HCWHsOA9js,YOASOBI,夜に駆ける,YOASOBI,1,1,30,1862246,JP,Japan,Q4,2020
3,spotify:track:4Jv7U0JJpbQnOrjtDwDZTZ,Aimyon,Naked Heart,WM Japan,3,3,23,1451140,JP,Japan,Q4,2020
4,spotify:track:2iOvMtA1u9s95NF6mJDOuT,Eito,香水,A.S.A.B,2,4,24,1426368,JP,Japan,Q4,2020
5,spotify:track:4FrxgrNbNrdfq8093JaEJf,NiziU,Make you happy,Sony Music Labels Inc.,3,5,15,1383687,JP,Japan,Q4,2020
6,spotify:track:1rd3RSjrOShIUG8rG9FvDI,Kenshi Yonezu,感電,Sony Music Labels Inc.,2,6,10,1247957,JP,Japan,Q4,2020
7,spotify:track:6F0aYmicNttntvth7FXQEx,DISH//,猫 〜THE FIRST TAKE ver.〜,Sony Music Labels Inc.,7,8,22,1212255,JP,Japan,Q4,2020
8,spotify:track:4pRqq3MwcqitKqNO8rOrOb,OFFICIAL HIGE DANDISM,I Love...,PONY CANYON INC.,1,7,39,1143917,JP,Japan,Q4,2020
9,spotify:track:15HNdxGKNCIO9pgaY4n7FU,OFFICIAL HIGE DANDISM,Pretender,PONY CANYON INC.,1,9,77,1114066,JP,Japan,Q4,2020
10,spotify:track:278JqkBGkjDovOYAwE8TW7,OFFICIAL HIGE DANDISM,115 million kilometer film,LASTRUM,6,10,75,1107254,JP,Japan,Q4,2020
11,spotify:track:4wel6DQu0dMVBRVn2ZTPoy,King Gnu,白日,Sony Music Labels Inc.,2,12,85,1000641,JP,Japan,Q4,2020
12,spotify:track:1SdwlHsv8bWHbAlIw5Jfgo,OFFICIAL HIGE DANDISM,Laughter,IRORI Records,9,11,13,993100,JP,Japan,Q4,2020
13,spotify:track:6uUtmCz8XXep7n1QmC1jJG,Rin音,snow jam,ROOFTOP,12,13,29,979173,JP,Japan,Q4,2020
14,spotify:track:7tGDXCPLpAScEwmqab9YZd,Novelbright,Walking with you,Emperor Mode,14,16,53,952639,JP,Japan,Q4,2020
15,spotify:track:4KyCrwLEWoGHJwobxc55oe,オレンジスパイニクラブ,キンモクセイ,TBD/A,15,17,12,945833,JP,Japan,Q4,2020
16,spotify:track:0T4AitQuq8IJhWBWuZwkFA,YOASOBI,群青,YOASOBI,14,14,6,937535,JP,Japan,Q4,2020
17,spotify:track:2Gmyw5Vg2X5YW2lM3OC7nD,yama,Haru wo Tsugeru,yama,6,15,22,933687,JP,Japan,Q4,2020
18,spotify:track:3NP2nqAgMELIV3MAhrFNMx,DISH//,猫,Sony Music Labels Inc.,18,23,24,870684,JP,Japan,Q4,2020
19,spotify:track:7HneEBTvTra2CRYsxgMOAi,YOASOBI,ハルジオン,YOASOBI,16,18,22,856947,JP,Japan,Q4,2020
20,spotify:track:0XaHPBAzPAC5ubwcRBqc1p,OFFICIAL HIGE DANDISM,Shukumei,PONY CANYON INC.,2,19,66,850755,JP,Japan,Q4,2020
21,spotify:track:1sIIlVrnPhrvmTrHtzM7tV,"Mrs. GREEN APPLE, Sonoko Inoue",点描の唄,Universal Music LLC,19,27,73,824725,JP,Japan,Q4,2020
22,spotify:track:4Ws314Ylb27BVsvlZOy30C,BLACKPINK,Lovesick Girls,YG Entertainment/Interscope Records,22,-1,1,824577,JP,Japan,Q4,2020
23,spotify:track:65e5PmFI3cqoLEJYF3TfCG,Vaundy,Fukakoryoku,SDR Inc.,20,20,14,822783,JP,Japan,Q4,2020
24,spotify:track:3Ys2PYl1wyPKQIwyqhP9cQ,BTS,Stay Gold,Universal Music LLC,19,24,16,819553,JP,Japan,Q4,2020
25,spotify:track:4Jj31lihp5Nvdi4lFRjrqc,SUDA MASAKI,まちがいさがし,Sony Music Labels Inc.,3,21,71,815621,JP,Japan,Q4,2020
26,spotify:track:2cKiHG16JBiqHdi7Llq0r7,Aimyon,Marigold,WM Japan,1,22,116,811432,JP,Japan,Q4,2020
27,spotify:track:3wJHCry960drNlAUGrJLmz,Yorushika,ただ君に晴れ,U&R records,12,25,92,809184,JP,Japan,Q4,2020
28,spotify:track:4rvtqOGyTPZJwWtVTNdZbu,Kenshi Yonezu,Lemon,Sony Music Labels Inc.,5,26,10,777912,JP,Japan,Q4,2020
29,spotify:track:1kMlcLyljkrShV0LSdSGBz,OFFICIAL HIGE DANDISM,Yesterday,PONY CANYON INC.,3,28,57,777331,JP,Japan,Q4,2020
30,spotify:track:4JUPEh2DVSXFGExu4Uxevz,"BLACKPINK, Selena Gomez",Ice Cream (with Selena Gomez),YG Entertainment/Interscope Records,30,42,6,769852,JP,Japan,Q4,2020
31,spotify:track:23DbzwNJSLo7nkSWjODMvY,LiSA,紅蓮華,Sony Music Labels Inc.,8,31,50,758208,JP,Japan,Q4,2020
32,spotify:track:5wc4f6crkCzAvwNhoEeMhh,Tani Yuuki,Myra,Valley Records,10,29,14,748647,JP,Japan,Q4,2020
33,spotify:track:1oNeSCt0CMekCyyLo06kFs,Aimyon,Harunohi,WM Japan,5,30,80,746124,JP,Japan,Q4,2020
34,spotify:track:5BC6kr6etk2Y9J62AyI4i3,Mrs. GREEN APPLE,青と夏,Universal Music LLC,6,32,117,743398,JP,Japan,Q4,2020
35,spotify:track:5DMEvbg3gUmiR5HIBWdveV,OFFICIAL HIGE DANDISM,No Doubt,LASTRUM,3,34,130,738237,JP,Japan,Q4,2020
36,spotify:track:0tnhoHUrHfcLi9hPknUFZ4,Mrs. GREEN APPLE,僕のこと,Universal Music LLC,16,37,93,733571,JP,Japan,Q4,2020
37,spotify:track:3FUqp10RhCmMjyyB9extmo,Yorushika,花に亡霊,Universal Music LLC,33,33,24,731531,JP,Japan,Q4,2020
38,spotify:track:6nqfKM9JvQIiuAuzWZFvGW,もさを。,ぎゅっと。,Mosawo,38,39,10,709265,JP,Japan,Q4,2020
39,spotify:track:62Lv9WcrfzJqhvYDbilJy3,YOASOBI,たぶん,YOASOBI,18,35,12,704911,JP,Japan,Q4,2020
40,spotify:track:2SzXlu48l0sqApK9hBWZtg,OFFICIAL HIGE DANDISM,Hello,IRORI Records,18,36,11,702883,JP,Japan,Q4,2020
41,spotify:track:51JOzfozDdPMKxyEccRltg,OFFICIAL HIGE DANDISM,Parabola,IRORI Records,11,38,26,691892,JP,Japan,Q4,2020
42,spotify:track:2vOAHp8PBBFYqvQUWSoITY,Mrs. GREEN APPLE,インフェルノ,Universal Music LLC,16,40,64,678692,JP,Japan,Q4,2020
43,spotify:track:19op3QHIz9Aq5VdwsASXIz,Kenshi Yonezu,馬と鹿,Sony Music Labels Inc.,9,41,10,639826,JP,Japan,Q4,2020
44,spotify:track:10mmoWFRBG9mlLekSWYzWT,Leo Ieiri,未完成,Colourful Records,20,44,31,615040,JP,Japan,Q4,2020
45,spotify:track:4itdOvg6V8hjTOQUeaGHWt,ARASHI,Whenever You Call,Storm Labels Inc.,39,43,3,606821,JP,Japan,Q4,2020
46,spotify:track:5hcWlcZE9vFMeaFaTjo1Zf,Haruma Miura,Night Diver,A-Sketch,16,45,11,603614,JP,Japan,Q4,2020
47,spotify:track:4ecVWqbtW6phQGpZMAyqIU,ITZY,Not Shy,Republic Records - ITZY,39,46,8,587233,JP,Japan,Q4,2020
48,spotify:track:4SFknyjLcyTLJFPKD2m96o,BLACKPINK,How You Like That,YG Entertainment/Interscope Records,10,63,15,580683,JP,Japan,Q4,2020
49,spotify:track:6MCqARqpbUAGUIvWh8bxaw,"Kenshi Yonezu, Yojiro Noda",PLACEBO ＋ 野田洋次郎,Sony Music Labels Inc.,13,47,10,572715,JP,Japan,Q4,2020
50,spotify:track:2RbVD1IgXtyQFlLtbthaZ3,HIRAIDAI,"Stand by me, Stand by you.",avex trax,50,54,4,500119,JP,Japan,Q4,2020
1,spotify:track:7k4t7uLgtOxPwTpFmtJNTY,"KAROL G, Nicki Minaj",Tusa,TUSA - Karol G & Nicki Minaj,1,1,9,8311975,MX,Mexico,Q1,2020
2,spotify:track:1rgnBhdG2JDFTbYkYRZAku,Tones And I,Dance Monkey,Elektra (NEK),2,2,17,5052145,MX,Mexico,Q1,2020
3,spotify:track:5DxXgozhkPLgrbKFY91w0c,Bad Bunny,Vete,Rimas Entertainment LLC,1,3,7,3528772,MX,Mexico,Q1,2020
4,spotify:track:6cy3ki60hLwimwIje7tALf,"Black Eyed Peas, J Balvin",RITMO (Bad Boys For Life),Epic/We The Best,1,4,13,3310667,MX,Mexico,Q1,2020
5,spotify:track:0fea68AdmYNygeTGI4RC18,"J Balvin, Bad Bunny",LA CANCIÓN,Universal Music Latino / Rimas,1,5,28,3106686,MX,Mexico,Q1,2020
6,spotify:track:6mAN61JH0dzyZpWslS11jy,"Rauw Alejandro, Farruko",Fantasias,"(SME US Latin) Duars Entertainment, Corp. (2)",6,7,16,3009110,MX,Mexico,Q1,2020
7,spotify:track:1cVlW9WQiGlFdWUXFdFZGh,"Piso 21, Christian Nodal",Pa' Olvidarme De Ella,WM Mexico,6,6,18,2972223,MX,Mexico,Q1,2020
8,spotify:track:2ksOAxtIxY8yElEWw8RhgK,"Anuel AA, Daddy Yankee, KAROL G, J Balvin, Ozuna",China,"2019 Real Hasta La Muerte, LLC.",1,8,25,2689378,MX,Mexico,Q1,2020
9,spotify:track:4R8BJggjosTswLxtkw8V7P,"JHAYCO, J Balvin, Bad Bunny",No Me Conoce - Remix,N&E Entertainment LLC,3,10,34,2606455,MX,Mexico,Q1,2020
10,spotify:track:2TH65lNHgvLxCKXM3apjxI,"Bad Bunny, Tainy",Callaita,Rimas Entertainment LLC,1,9,32,2584061,MX,Mexico,Q1,2020
11,spotify:track:7sQKy5vlPQllr0k9IjYJv3,"Arcángel, Sech, Dímelo Flow",Sigues Con El,Rimas Entertainment LLC.,11,13,4,2577191,MX,Mexico,Q1,2020
12,spotify:track:41L3O37CECZt3N7ziG2z7l,Justin Bieber,Yummy,RBMG/Def Jam,12,-1,1,2405679,MX,Mexico,Q1,2020
13,spotify:track:6RyaV7owmVU6fzEPE17sF1,Daddy Yankee,Que Tire Pa Lante,UME - Global Clearing House,9,11,12,2290412,MX,Mexico,Q1,2020
14,spotify:track:6WrI0LAC5M1Rw2MnX2ZvEg,Dua Lipa,Don't Start Now,Warner Records,14,15,10,2128634,MX,Mexico,Q1,2020
15,spotify:track:4wJFExEZZo62tmwTM9ENDR,Danna Paola,Oye Pablo,Universal Music Mexico,6,12,19,2115467,MX,Mexico,Q1,2020
16,spotify:track:0sf12qNH5qcw8qpgymFOqD,The Weeknd,Blinding Lights,Republic Records,16,28,6,1912736,MX,Mexico,Q1,2020
17,spotify:track:59s0s39NFWScuHDbHytI14,"Reik, J Balvin, Lalo Ebratt",Indeciso,Indeciso,13,16,20,1854168,MX,Mexico,Q1,2020
18,spotify:track:6v3KW9xbzN5yKLt9YKDYA2,"Shawn Mendes, Camila Cabello",Señorita,Island Records,5,18,29,1841071,MX,Mexico,Q1,2020
19,spotify:track:2rc7BkzO8qepMFAxHtOrXc,J Balvin,Blanco,UMLE - Latino,19,20,8,1823557,MX,Mexico,Q1,2020
20,spotify:track:1nocRtwyNPVtGcIJqfgdzZ,"Camilo, Pedro Capó",Tutu,Sony Music Latin,2,17,22,1809367,MX,Mexico,Q1,2020
21,spotify:track:2tnVG71enUj33Ic2nFN6kZ,Regard,Ride It,Ministry of Sound Recordings,21,23,12,1791346,MX,Mexico,Q1,2020
22,spotify:track:1E7RHPXA9sZ30qfms18J7J,"Los Ángeles Azules, Belinda, Lalo Ebratt, Horacio Palencia",Amor A Primera Vista,Seitrack,13,14,30,1714827,MX,Mexico,Q1,2020
23,spotify:track:5Id5B3dxJZhPcV9GzgYZZe,"Rich Music LTD, Sech, Dalex, Justin Quiles, Lenny Tavárez, Feid, Wisin, Zion",Quizas,Rich Music,17,22,16,1713313,MX,Mexico,Q1,2020
24,spotify:track:3jbT1Y5MoPwEIpZndDDwVq,"Tainy, Anuel AA, Ozuna",Adicto (with Anuel AA & Ozuna),NEON16/Interscope Records,6,25,20,1634983,MX,Mexico,Q1,2020
25,spotify:track:2qG5sZ7Si6sdK74qLxedYM,"ROSALÍA, J Balvin, El Guincho",Con Altura,Columbia,7,21,41,1578760,MX,Mexico,Q1,2020
26,spotify:track:25ZAibhr3bdlMCLmubZDVt,"J Balvin, Bad Bunny",QUE PRETENDES,Universal Music Latino / Rimas,6,26,28,1574907,MX,Mexico,Q1,2020
27,spotify:track:2b8fOow8UzyDFAE27YhOZM,Maroon 5,Memories,Interscope Records*,27,33,13,1564106,MX,Mexico,Q1,2020
28,spotify:track:7KbF6AdprOXEEHlsq11Z6d,Maluma,11 PM,Sony Music Latin,3,24,34,1562894,MX,Mexico,Q1,2020
29,spotify:track:1qfoq1qvZT7VwDVeekCJ97,Christian Nodal,De Los Besos Que Te Di,Universal Music Mexico,18,19,39,1561485,MX,Mexico,Q1,2020
30,spotify:track:5stPVcRqb4qixbafP9e8lt,"Dalex, Lenny Tavárez, Chencho Corleone, Juhn, Dímelo Flow",Hola - Remix,Rich Music,30,40,7,1506289,MX,Mexico,Q1,2020
31,spotify:track:4t9a07PAghtQMRAIP9FQ7Z,"Lunay, Daddy Yankee, Bad Bunny",Soltera (Remix),round2media - LaFamilia,2,27,35,1502924,MX,Mexico,Q1,2020
32,spotify:track:2pWOMNQJW3g2zmGjP0Vkb0,"Nicky Jam, Anuel AA",Whine Up,Sony Music Latin,31,31,10,1496230,MX,Mexico,Q1,2020
33,spotify:track:1GBLO0NFODuL31A5fgw0uR,"Maluma, Ricky Martin",No Se Me Quita (feat. Ricky Martin),Sony Music Latin,20,32,20,1492820,MX,Mexico,Q1,2020
34,spotify:track:21jGcNKet2qwijlDFuPiPb,Post Malone,Circles,Republic Records,30,35,19,1486934,MX,Mexico,Q1,2020
35,spotify:track:7BlBVFwvbWvcwNcUarQmjk,"ROSALÍA, Ozuna","Yo x Ti, Tu x Mi",Columbia,7,29,21,1440140,MX,Mexico,Q1,2020
36,spotify:track:059bcIhyc2SBwm6sw2AZzd,"Piso 21, Micro TDH",Te Vi,WM Mexico,3,34,56,1385615,MX,Mexico,Q1,2020
37,spotify:track:2QwMXe5zbqymDZGYsMDVqZ,Carín León,Me la Avente,Tamarindo Rekordsz,27,30,31,1323479,MX,Mexico,Q1,2020
38,spotify:track:5jW3rF4URMdK7tO2xjS5EI,Paulo Londra,Tal Vez,WEA Latina,2,37,40,1319232,MX,Mexico,Q1,2020
39,spotify:track:1Ej96GIBCTvgH7tNX1r3qr,"Sech, Darell",Otro Trago,Rich Music/Ingrooves Records,1,36,37,1307967,MX,Mexico,Q1,2020
40,spotify:track:4z6wo6PJG4Fve45OXK6D9m,"Arcángel, Bad Bunny",Infeliz,Rimas Entertainment LLC.,40,55,3,1266015,MX,Mexico,Q1,2020
41,spotify:track:5099x34vBakWpGkHourFxP,"Maluma, J Balvin",Qué Pena,Sony Music Latin,23,41,15,1245840,MX,Mexico,Q1,2020
42,spotify:track:6Y4PDQv4XjYjHLeLmvyOt0,"Sech, Ozuna",Si Te Vas,Rich Music,26,45,15,1215730,MX,Mexico,Q1,2020
43,spotify:track:2LVWDR1oEthhLIOtT4hHih,Danna Paola,Mala Fama,Universal Music Mexico,28,47,41,1212833,MX,Mexico,Q1,2020
44,spotify:track:0akyEssGRVHstqCSWXusJL,Ed Maverick,Fuentes de Ortiz,Universal Music Mexico,21,48,52,1209711,MX,Mexico,Q1,2020
45,spotify:track:7hbk4BaF66O09R1gq0bKwj,Christian Nodal,No Te Contaron Mal,Universal Music Mexico,9,38,70,1197391,MX,Mexico,Q1,2020
46,spotify:track:56f5qnyAlZdlz8wrUDA50h,"Mau y Ricky, Manuel Turizo, Camilo",Desconocidos,Sony Music Latin,3,42,65,1186496,MX,Mexico,Q1,2020
47,spotify:track:5DL6BDuqhnQw8HfIvUYkm9,Alejandro Fernández,Caballero,UMLE - Latino,40,46,14,1176615,MX,Mexico,Q1,2020
48,spotify:track:4YqCBC4FwzGXuhixt5cgmm,"Ghetto Kids, Guaynaa, Mad Fuentes",Tra Tra Tra Remix - Remix,Ghetto Kids,14,44,29,1170265,MX,Mexico,Q1,2020
49,spotify:track:2Fxmhks0bxGSBdJ92vM42m,Billie Eilish,bad guy,Darkroom/Interscope Records,7,53,41,1135886,MX,Mexico,Q1,2020
50,spotify:track:3ZCTVFBt2Brf31RLEnCkWJ,Billie Eilish,everything i wanted,Darkroom/Interscope Records,49,61,8,1111656,MX,Mexico,Q1,2020
1,spotify:track:2DEZmgHKAvm41k4J3R2E9Y,"Bad Bunny, Jowell & Randy, Ñengo Flow",Safaera,Rimas Entertainment LLC,1,1,6,6025591,MX,Mexico,Q2,2020
2,spotify:track:0SqqAgdovOE24BzxIClpjw,Bad Bunny,Yo Perreo Sola,Rimas Entertainment LLC,2,3,6,4725974,MX,Mexico,Q2,2020
3,spotify:track:41wtwzCZkXwpnakmwJ239F,Bad Bunny,Si Veo a Tu Mamá,Rimas Entertainment LLC,1,2,6,4005803,MX,Mexico,Q2,2020
4,spotify:track:380HmhwTE2NJgawn1NwkXi,J Balvin,Rojo,UMLE - Latino,3,4,6,3833669,MX,Mexico,Q2,2020
5,spotify:track:0VjIjW4GlUZAMYd2vXMi3b,The Weeknd,Blinding Lights,Republic Records,4,5,19,3761226,MX,Mexico,Q2,2020
6,spotify:track:7k4t7uLgtOxPwTpFmtJNTY,"KAROL G, Nicki Minaj",Tusa,TUSA - Karol G & Nicki Minaj,1,7,22,3398245,MX,Mexico,Q2,2020
7,spotify:track:6NfrH0ANGmgBXyxgV2PeXt,Bad Bunny,La Difícil,Rimas Entertainment LLC,3,6,6,3188720,MX,Mexico,Q2,2020
8,spotify:track:7sQKy5vlPQllr0k9IjYJv3,"Arcángel, Sech, Dímelo Flow",Sigues Con El,Rimas Entertainment LLC.,3,11,17,3103794,MX,Mexico,Q2,2020
9,spotify:track:38RIEav39FGi86jppxO0du,"Bad Bunny, Sech",Ignorantes,Rimas Entertainment LLC,2,8,8,3102322,MX,Mexico,Q2,2020
10,spotify:track:35KmOEIUqAGn02t7n4qaIr,J Balvin,Morado,UMLE - Latino,5,9,13,2965509,MX,Mexico,Q2,2020
11,spotify:track:3PfIrDoz19wz7qK7tYeu62,Dua Lipa,Don't Start Now,Warner Records,8,10,23,2928920,MX,Mexico,Q2,2020
12,spotify:track:7na7Bk98usp84FaOJFPv3d,Rauw Alejandro,Tattoo,"(SME US Latin) Duars Entertainment, Corp. (2)",12,18,7,2652681,MX,Mexico,Q2,2020
13,spotify:track:1rgnBhdG2JDFTbYkYRZAku,Tones And I,Dance Monkey,Elektra (NEK),2,16,30,2609508,MX,Mexico,Q2,2020
14,spotify:track:5m3jpKkgkfoMcym1qjToFg,"Alex Rose, Rafa Pabön",Jangueo,Los Oidos Fresh/ Los Proximos,14,17,11,2606329,MX,Mexico,Q2,2020
15,spotify:track:5Xitt5a5uLQ1QtYdFxmi9e,Christian Nodal,Se Me Olvidó,Universal Music Mexico,3,12,5,2602976,MX,Mexico,Q2,2020
16,spotify:track:6zEgnpM0qYmHLDnh8WPejL,J Balvin,Amarillo,UMLE - Latino,9,13,3,2509766,MX,Mexico,Q2,2020
17,spotify:track:2n7ohqg1s68ToAHh4u9mcW,Bad Bunny,Vete,Rimas Entertainment LLC,1,14,20,2412683,MX,Mexico,Q2,2020
18,spotify:track:69vlMrzHwATKzupwNcUPyK,"Bad Bunny, Daddy Yankee",La Santa,Rimas Entertainment LLC,5,15,6,2385818,MX,Mexico,Q2,2020
19,spotify:track:017PF4Q3l4DBUiWoXk4OWT,Dua Lipa,Break My Heart,Warner Records,19,19,2,2162974,MX,Mexico,Q2,2020
20,spotify:track:3JHpk0DOTOzyh0777JFAky,Myke Towers,Diosa,"2020 One World Music & Casablanca Records | Powered by GLAD Empire, LL",20,22,8,2115334,MX,Mexico,Q2,2020
21,spotify:track:1cVlW9WQiGlFdWUXFdFZGh,"Piso 21, Christian Nodal",Pa' Olvidarme De Ella,WM Mexico,6,20,31,2003157,MX,Mexico,Q2,2020
22,spotify:track:5stPVcRqb4qixbafP9e8lt,"Dalex, Lenny Tavárez, Chencho Corleone, Juhn, Dímelo Flow",Hola - Remix,Rich Music,10,23,20,1948250,MX,Mexico,Q2,2020
23,spotify:track:4r9jkMEnArtWGH2rL2FZl0,Bad Bunny,A Tu Merced,Rimas Entertainment LLC,18,21,6,1925356,MX,Mexico,Q2,2020
24,spotify:track:0fea68AdmYNygeTGI4RC18,"J Balvin, Bad Bunny",LA CANCIÓN,Universal Music Latino / Rimas,1,26,41,1806377,MX,Mexico,Q2,2020
25,spotify:track:2lCkncy6bIB0LTMT7kvrD1,J Balvin,Azul,UMLE - Latino,16,28,3,1805147,MX,Mexico,Q2,2020
26,spotify:track:4R8BJggjosTswLxtkw8V7P,"JHAYCO, J Balvin, Bad Bunny",No Me Conoce - Remix,N&E Entertainment LLC,3,27,47,1775869,MX,Mexico,Q2,2020
27,spotify:track:7eJMfftS33KTjuF7lTsMCx,"Powfu, beabadoobee",death bed (coffee for your head),Columbia,27,38,5,1775339,MX,Mexico,Q2,2020
28,spotify:track:3Dv1eDb0MEgF93GpLXlucZ,Doja Cat,Say So,Kemosabe Records/RCA Records,28,30,10,1756579,MX,Mexico,Q2,2020
29,spotify:track:5pXy29xzxR3aTB0SYRI590,J Balvin,Blanco,UMLE - Latino,15,24,21,1725837,MX,Mexico,Q2,2020
30,spotify:track:2TH65lNHgvLxCKXM3apjxI,"Bad Bunny, Tainy",Callaita,Rimas Entertainment LLC,1,31,45,1616948,MX,Mexico,Q2,2020
31,spotify:track:6mAN61JH0dzyZpWslS11jy,"Rauw Alejandro, Farruko",Fantasias,"(SME US Latin) Duars Entertainment, Corp. (2)",5,32,29,1615302,MX,Mexico,Q2,2020
32,spotify:track:3AzjcOeAmA57TIOr9zF1ZW,Dua Lipa,Physical,Warner Records,25,25,10,1557470,MX,Mexico,Q2,2020
33,spotify:track:1s59X35jDULAyOGmBuTAnd,"Lenin Ramírez, Grupo Firme",Yo Ya No Vuelvo Contigo - En Vivo,DEL Records,31,35,18,1507662,MX,Mexico,Q2,2020
34,spotify:track:7jYZU1CIruZU3puB5tiYiW,Danna Paola,Sodio,Universal Music Mexico,13,33,9,1496635,MX,Mexico,Q2,2020
35,spotify:track:75pQqzwgCjUOSSy5CpmAjy,Bad Bunny,Pero Ya No,Rimas Entertainment LLC,7,29,6,1471671,MX,Mexico,Q2,2020
36,spotify:track:0Snbzbd74RLfL0i4nn1vU5,Camilo,Favorito,Sony Music Latin,36,96,2,1459743,MX,Mexico,Q2,2020
37,spotify:track:6cy3ki60hLwimwIje7tALf,"Black Eyed Peas, J Balvin",RITMO (Bad Boys For Life),Epic/We The Best,1,34,26,1413769,MX,Mexico,Q2,2020
38,spotify:track:2QwMXe5zbqymDZGYsMDVqZ,Carín León,Me la Avente,Tamarindo Rekordsz,27,40,44,1394389,MX,Mexico,Q2,2020
39,spotify:track:6vruVVMkk7YGKzkuIrtOWz,Danna Paola,Oye Pablo,Universal Music Mexico,6,37,32,1338069,MX,Mexico,Q2,2020
40,spotify:track:2ksOAxtIxY8yElEWw8RhgK,"Anuel AA, Daddy Yankee, KAROL G, J Balvin, Ozuna",China,"2019 Real Hasta La Muerte, LLC.",1,39,38,1334073,MX,Mexico,Q2,2020
41,spotify:track:2tnVG71enUj33Ic2nFN6kZ,Regard,Ride It,Ministry of Sound Recordings,19,46,25,1326559,MX,Mexico,Q2,2020
42,spotify:track:50ZC4PM7hywH27RcCfViau,"Rauw Alejandro, Dalex, Lenny Tavárez, Dímelo Flow",Elegí (feat. Dímelo Flow),Sony Music Latin,42,88,2,1325469,MX,Mexico,Q2,2020
43,spotify:track:5aJ1M43pinROpwaPnO8KRj,Natanael Cano,Amor Tumbado,Rancho Humilde,30,43,12,1315713,MX,Mexico,Q2,2020
44,spotify:track:1qfoq1qvZT7VwDVeekCJ97,Christian Nodal,De Los Besos Que Te Di,Universal Music Mexico,18,44,52,1262591,MX,Mexico,Q2,2020
45,spotify:track:5eEQCfq7MXQr6aHLNRUZLs,Anuel AA,Keii,"2020 Real Hasta La Muerte, LLC",18,45,9,1248109,MX,Mexico,Q2,2020
46,spotify:track:2hsA9YWuF3C9Gosi4dpjJN,J Balvin,Negro,UMLE - Latino,28,47,3,1228971,MX,Mexico,Q2,2020
47,spotify:track:4j4w4CXm6BSr0s25wAWrrX,"Bad Bunny, Yaviah",Bichiyal,Rimas Entertainment LLC,16,36,6,1212062,MX,Mexico,Q2,2020
48,spotify:track:4VgYtXCVJ7IbWAZ5ryfvEQ,"Nicky Jam, Daddy Yankee",Muévelo,Sony Music Latin,19,41,13,1190873,MX,Mexico,Q2,2020
49,spotify:track:24Yi9hE78yPEbZ4kxyoXAI,"SAINt JHN, Imanbek",Roses - Imanbek Remix,Craft Recordings,49,94,3,1189158,MX,Mexico,Q2,2020
50,spotify:track:0A37XY67wSdGqkGjtfW6aV,"Rauw Alejandro, Anuel AA, NATTI NATASHA, Farruko, Lunay",Fantasias - Remix,"(SME US Latin) Duars Entertainment, Corp. (2)",50,60,5,1165408,MX,Mexico,Q2,2020
1,spotify:track:1mohfLaTJtB2RplHLQVM70,"Nio Garcia, Anuel AA, Myke Towers, Brray, Juanka",La Jeepeta - Remix,"2020 Flow La Movie, Inc. | Powered by GLAD Empire, LLC",1,3,8,4495648,MX,Mexico,Q3,2020
2,spotify:track:3ZG8N7aWw2meb6UrI5ZmnZ,Sech,Relación,Rich Music,2,2,14,3806675,MX,Mexico,Q3,2020
3,spotify:track:2lCkncy6bIB0LTMT7kvrD1,J Balvin,Azul,UMLE - Latino,1,1,16,3532643,MX,Mexico,Q3,2020
4,spotify:track:0VjIjW4GlUZAMYd2vXMi3b,The Weeknd,Blinding Lights,Republic Records,2,4,32,2829866,MX,Mexico,Q3,2020
5,spotify:track:2DEZmgHKAvm41k4J3R2E9Y,"Bad Bunny, Jowell & Randy, Ñengo Flow",Safaera,Rimas Entertainment LLC,1,5,19,2649326,MX,Mexico,Q3,2020
6,spotify:track:0SqqAgdovOE24BzxIClpjw,Bad Bunny,Yo Perreo Sola,Rimas Entertainment LLC,1,6,19,2468856,MX,Mexico,Q3,2020
7,spotify:track:380HmhwTE2NJgawn1NwkXi,J Balvin,Rojo,UMLE - Latino,3,7,19,2356900,MX,Mexico,Q3,2020
8,spotify:track:50ZC4PM7hywH27RcCfViau,"Rauw Alejandro, Dalex, Lenny Tavárez, Dímelo Flow",Elegí (feat. Dímelo Flow),Sony Music Latin,7,8,15,2302793,MX,Mexico,Q3,2020
9,spotify:track:6Hw21Z5CmEV78jrncFpMwz,Harry Nach,Tak Tiki Tak,Sony Music Entertainment Chile S.A,9,9,7,2215504,MX,Mexico,Q3,2020
10,spotify:track:0jT8Nl0shPS8115is0wD2Q,Camilo,Favorito,Sony Music Latin,2,11,15,2023425,MX,Mexico,Q3,2020
11,spotify:track:5m3jpKkgkfoMcym1qjToFg,"Alex Rose, Rafa Pabön",Jangueo,Los Oidos Fresh/ Los Proximos,7,10,24,2008449,MX,Mexico,Q3,2020
12,spotify:track:4SJHHpKhcuXwDsCsPqshXj,"Rauw Alejandro, Chencho Corleone",El Efecto,"Duars Entertainment, Corp.",11,12,13,1872759,MX,Mexico,Q3,2020
13,spotify:track:1rgnBhdG2JDFTbYkYRZAku,Tones And I,Dance Monkey,Elektra (NEK),2,16,43,1844293,MX,Mexico,Q3,2020
14,spotify:track:7na7Bk98usp84FaOJFPv3d,Rauw Alejandro,Tattoo,"(SME US Latin) Duars Entertainment, Corp. (2)",8,14,20,1821440,MX,Mexico,Q3,2020
15,spotify:track:1nLs8r6K4YN0avBwUmmTnr,Carín León,Tu - En Vivo,Tamarindo Rekordsz,15,21,6,1800783,MX,Mexico,Q3,2020
16,spotify:track:06s3QtMJVXw1AJX3UfvZG1,"Anuel AA, Bad Bunny",Hasta Que Dios Diga,"2020 Real Hasta La Muerte, LLC",15,15,6,1796556,MX,Mexico,Q3,2020
17,spotify:track:7k4t7uLgtOxPwTpFmtJNTY,"KAROL G, Nicki Minaj",Tusa,TUSA - Karol G & Nicki Minaj,1,17,35,1766689,MX,Mexico,Q3,2020
18,spotify:track:35KmOEIUqAGn02t7n4qaIr,J Balvin,Morado,UMLE - Latino,5,13,26,1755502,MX,Mexico,Q3,2020
19,spotify:track:7paFC3FEu1WtPVP4Do6VZN,Christian Nodal,Se Me Olvidó,Universal Music Mexico,3,18,18,1661356,MX,Mexico,Q3,2020
20,spotify:track:3gD4J3RUHy4OUuZ3qAiaiG,Ozuna,Caramelo,Aura Music Corp.,20,33,4,1641463,MX,Mexico,Q3,2020
21,spotify:track:24Yi9hE78yPEbZ4kxyoXAI,"SAINt JHN, Imanbek",Roses - Imanbek Remix,Craft Recordings,21,26,16,1593134,MX,Mexico,Q3,2020
22,spotify:track:41wtwzCZkXwpnakmwJ239F,Bad Bunny,Si Veo a Tu Mamá,Rimas Entertainment LLC,1,19,19,1574073,MX,Mexico,Q3,2020
23,spotify:track:6NfrH0ANGmgBXyxgV2PeXt,Bad Bunny,La Difícil,Rimas Entertainment LLC,3,22,19,1568565,MX,Mexico,Q3,2020
24,spotify:track:7sQKy5vlPQllr0k9IjYJv3,"Arcángel, Sech, Dímelo Flow",Sigues Con El,Rimas Entertainment LLC.,3,23,30,1562948,MX,Mexico,Q3,2020
25,spotify:track:6zEgnpM0qYmHLDnh8WPejL,J Balvin,Amarillo,UMLE - Latino,9,24,16,1508098,MX,Mexico,Q3,2020
26,spotify:track:4TOmcZvw0gHa7GiXRbcYAW,"Feid, Justin Quiles",PORFA,JP Entertainment (Jorge Pino),20,20,14,1505504,MX,Mexico,Q3,2020
27,spotify:track:1cVlW9WQiGlFdWUXFdFZGh,"Piso 21, Christian Nodal",Pa' Olvidarme De Ella,WM Mexico,6,30,44,1482814,MX,Mexico,Q3,2020
28,spotify:track:017PF4Q3l4DBUiWoXk4OWT,Dua Lipa,Break My Heart,Warner Records,18,28,15,1478936,MX,Mexico,Q3,2020
29,spotify:track:3PfIrDoz19wz7qK7tYeu62,Dua Lipa,Don't Start Now,Warner Records,8,27,36,1456739,MX,Mexico,Q3,2020
30,spotify:track:3JHpk0DOTOzyh0777JFAky,Myke Towers,Diosa,"2020 One World Music & Casablanca Records | Powered by GLAD Empire, LL",16,29,21,1456025,MX,Mexico,Q3,2020
31,spotify:track:0fea68AdmYNygeTGI4RC18,"J Balvin, Bad Bunny",LA CANCIÓN,Universal Music Latino / Rimas,1,31,54,1435879,MX,Mexico,Q3,2020
32,spotify:track:4R8BJggjosTswLxtkw8V7P,"JHAYCO, J Balvin, Bad Bunny",No Me Conoce - Remix,N&E Entertainment LLC,3,32,60,1432692,MX,Mexico,Q3,2020
33,spotify:track:63Zaf8Rci6eOUPqDQ4fUFx,"Camilo, Christian Nodal",La Mitad,Sony Music Latin,24,35,12,1417976,MX,Mexico,Q3,2020
34,spotify:track:62aP9fBQKYKxi7PDXwcUAS,"Surf Mesa, Emilee",ily (i love you baby) (feat. Emilee),Astralwerks,34,38,11,1386341,MX,Mexico,Q3,2020
35,spotify:track:69vlMrzHwATKzupwNcUPyK,"Bad Bunny, Daddy Yankee",La Santa,Rimas Entertainment LLC,5,34,19,1384810,MX,Mexico,Q3,2020
36,spotify:track:38RIEav39FGi86jppxO0du,"Bad Bunny, Sech",Ignorantes,Rimas Entertainment LLC,2,25,21,1359350,MX,Mexico,Q3,2020
37,spotify:track:5stPVcRqb4qixbafP9e8lt,"Dalex, Lenny Tavárez, Chencho Corleone, Juhn, Dímelo Flow",Hola - Remix,Rich Music,10,36,33,1342365,MX,Mexico,Q3,2020
38,spotify:track:4dKY6JFNvj2yWzENIL1P6s,"Lenin Ramírez, Grupo Firme",Yo Ya No Vuelvo Contigo - En Vivo,DEL Records,31,40,31,1319253,MX,Mexico,Q3,2020
39,spotify:track:5LPlvbxA6bJQHvUW12Mr22,Christian Nodal,Amor Tóxico,Universal Music Mexico,16,42,6,1297219,MX,Mexico,Q3,2020
40,spotify:track:7eJMfftS33KTjuF7lTsMCx,"Powfu, beabadoobee",death bed (coffee for your head),Columbia,21,37,18,1288519,MX,Mexico,Q3,2020
41,spotify:track:2QwMXe5zbqymDZGYsMDVqZ,Carín León,Me la Avente,Tamarindo Rekordsz,27,41,57,1267396,MX,Mexico,Q3,2020
42,spotify:track:5XqCz18k96K8tx6DAYM97i,"Bad Bunny, Don Omar",PA' ROMPERLA,Rimas Entertainment LLC,10,39,9,1241928,MX,Mexico,Q3,2020
43,spotify:track:3eJMSq78dDaFb7VvhNFnq6,Maluma,ADMV,Sony Music Latin,43,52,11,1215315,MX,Mexico,Q3,2020
44,spotify:track:6AzKhCHOms83jvNVLsz0Bt,"Aya Nakamura, Maluma",Djadja (feat. Maluma) - Remix,Rec. 118,44,113,2,1211439,MX,Mexico,Q3,2020
45,spotify:track:2n7ohqg1s68ToAHh4u9mcW,Bad Bunny,Vete,Rimas Entertainment LLC,1,43,33,1198897,MX,Mexico,Q3,2020
46,spotify:track:5EbtodsuLbxrFDH6j5avVS,"Camilo, Pablo Alborán",El Mismo Aire - con Pablo Alborán,Sony Music Latin,46,46,4,1171371,MX,Mexico,Q3,2020
47,spotify:track:6WYB1odDfMPVMyp1QxFInT,Eslabon Armado,Con Tus Besos,Eslabon Armado,47,50,12,1141983,MX,Mexico,Q3,2020
48,spotify:track:6mAN61JH0dzyZpWslS11jy,"Rauw Alejandro, Farruko",Fantasias,"(SME US Latin) Duars Entertainment, Corp. (2)",5,45,42,1133954,MX,Mexico,Q3,2020
49,spotify:track:4r9jkMEnArtWGH2rL2FZl0,Bad Bunny,A Tu Merced,Rimas Entertainment LLC,18,48,19,1125605,MX,Mexico,Q3,2020
50,spotify:track:7iQc2DabEtzp60faOO9EmN,Christian Nodal,AYAYAY!,Universal Music Mexico,15,49,12,1113214,MX,Mexico,Q3,2020
1,spotify:track:1yoMvmasuxZfqHEipJhRbp,Maluma,Hawái,Sony Music Latin,1,1,10,7726601,MX,Mexico,Q4,2020
2,spotify:track:11EnQRgRMJwMAesfkB5pnu,"Lele Pons, Guaynaa",Se Te Nota (with Guaynaa),Shots Studios & Music/10:22pm/Interscope Records,2,2,5,4253581,MX,Mexico,Q4,2020
3,spotify:track:35UUpTmrcFXNIVIN26ujXl,"Sech, Daddy Yankee, J Balvin, ROSALÍA, Farruko",Relación - Remix,Rich Music,2,3,5,4069172,MX,Mexico,Q4,2020
4,spotify:track:7x4ASXYEKfQBCewcZhK776,KAROL G,"Ay, DiOs Mío!",UMLE - Latino,3,5,13,3187585,MX,Mexico,Q4,2020
5,spotify:track:6bvfJf4KjonPMuPfGfy3S2,"Nio Garcia, Anuel AA, Myke Towers, Brray, Juanka",La Jeepeta - Remix,"Flow La Movie, Inc.",1,4,21,3179155,MX,Mexico,Q4,2020
6,spotify:track:15OjBeqNX3bShsGYQbteRv,Farruko,La Tóxica,Sony Music Latin,6,9,6,3133401,MX,Mexico,Q4,2020
7,spotify:track:6fmQjRuo7XvRFCK2qex5hQ,Jerry Di,Mi Cuarto,Nacho,4,6,9,2894381,MX,Mexico,Q4,2020
8,spotify:track:4HYDUMY0xSpeBr0AMY9cUz,"Jay Wheeler, DJ Nelson, Myke Towers",La Curiosidad,Linked Music / Dynamic Records / EMPIRE,7,7,15,2843671,MX,Mexico,Q4,2020
9,spotify:track:16ONd70tvWAaLIc6hcLzaG,Christian Nodal,Aquí Abajo,Universal Music Mexico,6,11,13,2757038,MX,Mexico,Q4,2020
10,spotify:track:0EhpEsp4L0oRGM0vmeaN5e,"J Balvin, Dua Lipa, Bad Bunny, Tainy",UN DIA (ONE DAY) (Feat. Tainy),Universal Music Latino/ NEON16,4,10,11,2751766,MX,Mexico,Q4,2020
11,spotify:track:4ZRrLHqzhGRXYj2qcB4s5S,"Rauw Alejandro, Camilo",Tattoo - Remix with Camilo,Sony Music Latin/Duars Entertainment,4,8,13,2718814,MX,Mexico,Q4,2020
12,spotify:track:73nAK3HgQK8dak83Y2WQ8F,Camilo,Vida de Rico,Sony Music Latin,12,17,3,2624506,MX,Mexico,Q4,2020
13,spotify:track:5DoLhdU27owX1NMrKLUbUl,"Super Yei, Sammy, Jone Quest, Towy, Osquel, Beltito, Sammy & Falsetto",Lean,Superiority,9,12,12,2580563,MX,Mexico,Q4,2020
14,spotify:track:2lCkncy6bIB0LTMT7kvrD1,J Balvin,Azul,UMLE - Latino,1,14,29,2375996,MX,Mexico,Q4,2020
15,spotify:track:0VjIjW4GlUZAMYd2vXMi3b,The Weeknd,Blinding Lights,Republic Records,2,16,45,2175693,MX,Mexico,Q4,2020
16,spotify:track:5Jm4w8jmPEBTLjI9vH4fXo,Ozuna,Caramelo,Aura Music Corp.,4,15,17,2136823,MX,Mexico,Q4,2020
17,spotify:track:1cVlW9WQiGlFdWUXFdFZGh,"Piso 21, Christian Nodal",Pa' Olvidarme De Ella,WM Mexico,6,18,57,2129771,MX,Mexico,Q4,2020
18,spotify:track:1pqnQ41XbfKjaFu6M0eGJp,"Tainy, J Balvin",Agua (with J Balvin),NEON16/Interscope Records,3,13,13,2111594,MX,Mexico,Q4,2020
19,spotify:track:4RJz8NfIe09gpKMiRUWKhJ,"Maluma, Lenny Tavárez, Justin Quiles",Parce (feat. Justin Quiles),Sony Music Latin,19,26,7,1982491,MX,Mexico,Q4,2020
20,spotify:track:3ZG8N7aWw2meb6UrI5ZmnZ,Sech,Relación,Rich Music,2,19,27,1918509,MX,Mexico,Q4,2020
21,spotify:track:5y7DaS3jAc9eZzcSOoUIwU,"Ozuna, J Balvin, Chencho Corleone",Una Locura,Aura Music Corp.,21,21,5,1898777,MX,Mexico,Q4,2020
22,spotify:track:7paFC3FEu1WtPVP4Do6VZN,Christian Nodal,Se Me Olvidó,Universal Music Mexico,3,24,31,1846287,MX,Mexico,Q4,2020
23,spotify:track:67jvGGbJmOmVonlyX3mNkV,"Ozuna, KAROL G, Myke Towers",Caramelo - Remix,Aura Music Corp.,22,22,7,1822920,MX,Mexico,Q4,2020
24,spotify:track:1qfoq1qvZT7VwDVeekCJ97,Christian Nodal,De Los Besos Que Te Di,Universal Music Mexico,17,25,78,1786910,MX,Mexico,Q4,2020
25,spotify:track:6SnO4yCCYtz2rffMpEAlro,Christian Nodal,Nace Un Borracho,Universal Music Mexico,17,20,4,1734902,MX,Mexico,Q4,2020
26,spotify:track:13vDU8nPsvTGEVTMB8Vw7g,"Aya Nakamura, Maluma",Djadja (feat. Maluma) - Remix,Rec. 118,9,23,15,1683695,MX,Mexico,Q4,2020
27,spotify:track:34LI7rwi9H8w2S5KTHnv1M,Manuel Turizo,Quiéreme Mientras Se Pueda,Sony Music Latin/La Industria,27,29,19,1663424,MX,Mexico,Q4,2020
28,spotify:track:0SqqAgdovOE24BzxIClpjw,Bad Bunny,Yo Perreo Sola,Rimas Entertainment LLC,1,28,32,1638684,MX,Mexico,Q4,2020
29,spotify:track:1nLs8r6K4YN0avBwUmmTnr,Carín León,Tu - En Vivo,Tamarindo Rekordsz,14,27,19,1623737,MX,Mexico,Q4,2020
30,spotify:track:0t1kP63rueHleOhQkYSXFY,BTS,Dynamite,BIGHIT MUSIC,26,33,7,1619364,MX,Mexico,Q4,2020
31,spotify:track:0jT8Nl0shPS8115is0wD2Q,Camilo,Favorito,Sony Music Latin,2,31,28,1598368,MX,Mexico,Q4,2020
32,spotify:track:2DEZmgHKAvm41k4J3R2E9Y,"Bad Bunny, Jowell & Randy, Ñengo Flow",Safaera,Rimas Entertainment LLC,1,30,32,1588006,MX,Mexico,Q4,2020
33,spotify:track:63Zaf8Rci6eOUPqDQ4fUFx,"Camilo, Christian Nodal",La Mitad,Sony Music Latin,17,34,25,1573045,MX,Mexico,Q4,2020
34,spotify:track:380HmhwTE2NJgawn1NwkXi,J Balvin,Rojo,UMLE - Latino,3,40,32,1554935,MX,Mexico,Q4,2020
35,spotify:track:1bRpSCFv6P2OUhciByeRYR,"Alex Rose, Rafa Pabön",Jangueo,Los Oidos Fresh/ Los Proximos,7,35,37,1518090,MX,Mexico,Q4,2020
36,spotify:track:6UelLqGlWMcVH1E5c4H7lY,Harry Styles,Watermelon Sugar,Columbia,28,32,31,1515043,MX,Mexico,Q4,2020
37,spotify:track:7k4t7uLgtOxPwTpFmtJNTY,"KAROL G, Nicki Minaj",Tusa,TUSA - Karol G & Nicki Minaj,1,37,48,1497651,MX,Mexico,Q4,2020
38,spotify:track:5EbtodsuLbxrFDH6j5avVS,"Camilo, Pablo Alborán",El Mismo Aire - con Pablo Alborán,Sony Music Latin,27,36,17,1470974,MX,Mexico,Q4,2020
39,spotify:track:1GNSWpe2SB30zYGbNTD96b,"Danna Paola, Sebastian Yatra",No Bailes Sola,Universal Music Mexico,26,39,12,1445815,MX,Mexico,Q4,2020
40,spotify:track:4K8cyoCDovlc4FvtUr2Hfx,"Cali Y El Dandee, Danna Paola",Nada,Cali y El Dandee PS,40,53,8,1438230,MX,Mexico,Q4,2020
41,spotify:track:2QwMXe5zbqymDZGYsMDVqZ,Carín León,Me la Avente,Tamarindo Rekordsz,27,43,70,1424475,MX,Mexico,Q4,2020
42,spotify:track:19OXtYzrJyCrQvTbfukt4H,"Maluma, Myke Towers",Madrid (feat. Myke Towers),Sony Music Latin,42,45,7,1417536,MX,Mexico,Q4,2020
43,spotify:track:4nbWX2HzrOEnX4xxvYRCyU,"El Fantasma, Los Dos Carnales",Cabrón y Vago - En Vivo,Afinarte Music,43,50,9,1390259,MX,Mexico,Q4,2020
44,spotify:track:5cBrOhKDyiJF9bPGUHKkG0,Dalex,+Linda,Rich Music,34,38,13,1383885,MX,Mexico,Q4,2020
45,spotify:track:0fea68AdmYNygeTGI4RC18,"J Balvin, Bad Bunny",LA CANCIÓN,Universal Music Latino / Rimas,1,48,67,1376524,MX,Mexico,Q4,2020
46,spotify:track:50ZC4PM7hywH27RcCfViau,"Rauw Alejandro, Dalex, Lenny Tavárez, Dímelo Flow",Elegí (feat. Dímelo Flow),Sony Music Latin,7,44,28,1342295,MX,Mexico,Q4,2020
47,spotify:track:0JAZWvvqttGFm4UMDsPQXC,"Ozuna, Camilo",Despeinada,Aura Music Corp.,47,58,4,1333337,MX,Mexico,Q4,2020
48,spotify:track:4dKY6JFNvj2yWzENIL1P6s,"Lenin Ramírez, Grupo Firme",Yo Ya No Vuelvo Contigo - En Vivo,DEL Records,31,49,44,1307736,MX,Mexico,Q4,2020
49,spotify:track:1rgnBhdG2JDFTbYkYRZAku,Tones And I,Dance Monkey,Elektra (NEK),2,47,56,1300854,MX,Mexico,Q4,2020
50,spotify:track:4JUPEh2DVSXFGExu4Uxevz,"BLACKPINK, Selena Gomez",Ice Cream (with Selena Gomez),YG Entertainment/Interscope Records,48,88,6,1280478,MX,Mexico,Q4,2020
1,spotify:track:6F3zAaf1DY7akff9JQ8pMb,Mata,Patointeligencja,SBM Label,1,1,5,723642,PL,Poland,Q1,2020
2,spotify:track:1rgnBhdG2JDFTbYkYRZAku,Tones And I,Dance Monkey,Elektra (NEK),1,2,23,526212,PL,Poland,Q1,2020
3,spotify:track:0XthAWvbDoOunjDceV6Jq2,"Bedoes 2115, Lanek",VOGUE,SBM Label,3,3,6,517511,PL,Poland,Q1,2020
4,spotify:track:1DXaXsT69EUS1aarFfBxMw,"Tymek, Big Scythe, Deys",Anioły i Demony,Sony Music Entertainment,4,5,13,515651,PL,Poland,Q1,2020
5,spotify:track:55sNf76dIok3ddZtFiNaaf,"Bedoes 2115, Lanek",Jesteś ładniejsza niż na zdjęciach (na zawsze),SBM Label,1,4,13,484237,PL,Poland,Q1,2020
6,spotify:track:6STE4z6PBDVmCsIHejY66L,"Bedoes 2115, Lanek, DJ Johny",Brzydkie Rzeczy,SBM Label,1,6,8,417522,PL,Poland,Q1,2020
7,spotify:track:6WrI0LAC5M1Rw2MnX2ZvEg,Dua Lipa,Don't Start Now,Warner Records,6,10,10,417123,PL,Poland,Q1,2020
8,spotify:track:0sf12qNH5qcw8qpgymFOqD,The Weeknd,Blinding Lights,Republic Records,8,19,6,400009,PL,Poland,Q1,2020
9,spotify:track:2dvxMlIfGY90Wvw8OSgZoF,"Bedoes 2115, Lanek",1998 (mam to we krwi),SBM Label,1,8,9,395775,PL,Poland,Q1,2020
10,spotify:track:0biUEKHyKAPBDLcrjCUFsu,"Bedoes 2115, Lanek",Opowieści z Doliny Smoków,SBM Label,1,9,11,394764,PL,Poland,Q1,2020
11,spotify:track:4TnjEaWOeW0eKTKIEvJyCa,Trevor Daniel,Falling,Alamo,11,14,7,373539,PL,Poland,Q1,2020
12,spotify:track:24Yi9hE78yPEbZ4kxyoXAI,"SAINt JHN, Imanbek",Roses - Imanbek Remix,Craft Recordings,12,16,13,352387,PL,Poland,Q1,2020
13,spotify:track:3rM7bxaGhahPf0bhRBlrXM,"Tymek, C0PIK, Bazgrov, Big Scythe",Język ciała,Renesans,1,11,53,350453,PL,Poland,Q1,2020
14,spotify:track:7GMszPpwzW9Yehj9Ox2QLD,"Tymek, TEDE, Trill Pem",Rainman,Sony Music Entertainment,2,13,32,349526,PL,Poland,Q1,2020
15,spotify:track:7BF6s1W1W9filnjQkNYasL,"Bedoes 2115, Lanek, Kosa, White 2115",Wschód (lubię zapierdalać),SBM Label,5,12,6,346995,PL,Poland,Q1,2020
16,spotify:track:4ocfGuRDytBDjTeJLDIDjL,Ronnie Ferrari,Ona By Tak Chciała,Ronnie Ferrari,1,7,23,345436,PL,Poland,Q1,2020
17,spotify:track:04VF7AgF5f5LR4TBAvGqB7,"Szpaku, Kubi Producent",Kochaj Mnie,GUGU,17,25,3,335411,PL,Poland,Q1,2020
18,spotify:track:5wOAQXIydVWJNatT6nKwhz,Żabson,Floyd Mayweather,REVOLUME,7,15,15,331109,PL,Poland,Q1,2020
19,spotify:track:41L3O37CECZt3N7ziG2z7l,Justin Bieber,Yummy,RBMG/Def Jam,19,-1,1,321334,PL,Poland,Q1,2020
20,spotify:track:21jGcNKet2qwijlDFuPiPb,Post Malone,Circles,Republic Records,20,24,19,317988,PL,Poland,Q1,2020
21,spotify:track:4bpShq8coki3AlMsXuFCDa,"Taco Hemingway, Dawid Podsiadło",W PIĄTKI LEŻĘ W WANNIE,Taco Corp,1,17,25,314818,PL,Poland,Q1,2020
22,spotify:track:3ZCTVFBt2Brf31RLEnCkWJ,Billie Eilish,everything i wanted,Darkroom/Interscope Records,6,26,8,314150,PL,Poland,Q1,2020
23,spotify:track:72sOrgrynSH73z4E41Ed0i,"Tymek, C0PIK, Bazgrov",Poza kontrolą,Renesans,5,20,48,306937,PL,Poland,Q1,2020
24,spotify:track:4pzRQIRRHXYsAryBKXALCF,schafter,hot coffee,Universal Music Polska Sp. z o.o.,1,21,33,302017,PL,Poland,Q1,2020
25,spotify:track:4fsZcOEWUxFyDe1ENTbvLM,chillwagon,@ (trailer),spacerange,4,18,29,290787,PL,Poland,Q1,2020
26,spotify:track:248wm0QJjthcaWCCXoXfDf,"Trill Pem, Wac Toja",NICKI,Universal Music Polska Sp. z o.o.,3,22,18,289431,PL,Poland,Q1,2020
27,spotify:track:3jjujdWJ72nww5eGnfs2E7,Harry Styles,Adore You,Columbia,14,38,5,288579,PL,Poland,Q1,2020
28,spotify:track:2ZE0aaMYGinDylqEYeHYW2,Viki Gabor,Superhero - Junior Eurovision 2019 / Poland,Universal Music Polska Sp. z o.o.,8,27,8,287604,PL,Poland,Q1,2020
29,spotify:track:30OnKqCINi9fRJyQTEZeDz,"Miyo, Tymek, Mafia Mike, Jonatan",Będzie Lepiej,MIYO,11,30,22,284680,PL,Poland,Q1,2020
30,spotify:track:696DnlkuDOXcMAnKlTgXXK,Arizona Zervas,ROXANNE,Arizona Zervas,30,32,9,272748,PL,Poland,Q1,2020
31,spotify:track:2Fxmhks0bxGSBdJ92vM42m,Billie Eilish,bad guy,Darkroom/Interscope Records,1,23,41,272530,PL,Poland,Q1,2020
32,spotify:track:38r67NnLgSMEGhilk9QhF4,White 2115,Mogę Dziś Umierać,SBM Label,14,29,29,269581,PL,Poland,Q1,2020
33,spotify:track:2b8fOow8UzyDFAE27YhOZM,Maroon 5,Memories,Interscope Records*,33,40,14,265312,PL,Poland,Q1,2020
34,spotify:track:2tnVG71enUj33Ic2nFN6kZ,Regard,Ride It,Ministry of Sound Recordings,25,36,15,258991,PL,Poland,Q1,2020
35,spotify:track:0oHlNCYyl8BkJalwiYEglU,"schafter, Sergiusz, Taco Hemingway",bigos,Universal Music Polska Sp. z o.o.,1,33,10,258635,PL,Poland,Q1,2020
36,spotify:track:5vBtQYXPl3doQwnlFHwknb,be vis,Surfer,be vis,10,34,57,257488,PL,Poland,Q1,2020
37,spotify:track:6v3KW9xbzN5yKLt9YKDYA2,"Shawn Mendes, Camila Cabello",Señorita,Island Records,1,28,29,255137,PL,Poland,Q1,2020
38,spotify:track:5Zc1iY6yaGrNIgSzCgca8H,chillwagon,jolka (trailer),spacerange,3,31,17,249809,PL,Poland,Q1,2020
39,spotify:track:3yOlyBJuViE2YSGn3nVE1K,"Camila Cabello, DaBaby",My Oh My (feat. DaBaby),Syco Music/Epic,39,53,5,242263,PL,Poland,Q1,2020
40,spotify:track:4glBRF3uJCf3bTG4hhIhpn,"Bedoes 2115, Kubi Producent, Taco Hemingway",Chłopaki nie płaczą,SBM Label,1,39,58,239711,PL,Poland,Q1,2020
41,spotify:track:7ILNaXjTXNJAksRhMhvthz,Mata,Mata Montana,SBM Label,23,37,14,238865,PL,Poland,Q1,2020
42,spotify:track:5hbjEop5ZACSF37JmcsQQU,Mata,Schodki,SBM Label,42,43,25,233243,PL,Poland,Q1,2020
43,spotify:track:6qO9lB5HScamYEOddv0Km0,Mata,Biblioteka Trap,SBM Label,43,44,4,233116,PL,Poland,Q1,2020
44,spotify:track:3kWxHkGNqsToeOpCHZvkwk,"Bedoes 2115, Lanek",FPS,SBM Label,9,35,24,233070,PL,Poland,Q1,2020
45,spotify:track:35UvOH0tRlSCdtWtaXuiWh,Dawid Podsiadło,Najnowszy Klip,Sony Music Entertainment,2,42,64,231591,PL,Poland,Q1,2020
46,spotify:track:7CHi4DtfK4heMlQaudCuHK,"MEDUZA, Becky Hill, Goodboys",Lose Control,Intercord,46,49,12,230643,PL,Poland,Q1,2020
47,spotify:track:4DVPJXPqKLIon9BHklap1w,"Taco Hemingway, Sergiusz",LECI NOWY FUTURE,Taco Corp,2,41,25,226002,PL,Poland,Q1,2020
48,spotify:track:3KeWngnWN1REq9d26ZanKj,"Jan-Rapowanie, Nocny, Szpaku, Guzior",Wybory,SBM Label,9,47,49,224002,PL,Poland,Q1,2020
49,spotify:track:6UelLqGlWMcVH1E5c4H7lY,Harry Styles,Watermelon Sugar,Columbia,22,50,8,216833,PL,Poland,Q1,2020
50,spotify:track:5b9RQx9CLZRZcO1W8PvmcB,Young Igi,Bestia,Universal Music Polska Sp. z o.o.,2,45,68,214056,PL,Poland,Q1,2020
1,spotify:track:2yjSMIxii1fcnrf1R9tU4g,"Quebonafide, Taco Hemingway",TOKYO2020,QueQuality,1,8,2,1518119,PL,Poland,Q2,2020
2,spotify:track:2ELxOAAcgZO6dqMPiDMjVV,Quebonafide,SZUBIENICAPESTYCYDYBROŃ,QueQuality,1,1,2,1428756,PL,Poland,Q2,2020
3,spotify:track:7eBYMVok43QesT0KnuIkjn,"Quebonafide, Duit, Daria Zawiałow",BUBBLETEA,QueQuality,3,18,2,1345827,PL,Poland,Q2,2020
4,spotify:track:25zU3Mo74b4uzIqop5Hc4T,"Quebonafide, Mata",ASPARTAM,QueQuality,4,12,2,1147915,PL,Poland,Q2,2020
5,spotify:track:5VfxZFMY8Y5v47iZQMcIFI,"Quebonafide, Bedoes 2115",NIEPŁACZĘPONOTREDAME,QueQuality,5,14,2,1111082,PL,Poland,Q2,2020
6,spotify:track:4NwWyazGpdIDDeOPcgnNDj,"Quebonafide, Sokół, Czarny HIFI",GAZPROM,QueQuality,6,15,2,1081702,PL,Poland,Q2,2020
7,spotify:track:0GxXEdmiQG1QwhbBnUW12T,"Quebonafide, Sentino",ŚWIATTOMÓJPLACZABAW,QueQuality,7,19,2,930917,PL,Poland,Q2,2020
8,spotify:track:3kuTcHSXvQYaq8wsMc6K4P,"Quebonafide, Natalia Szroeder",TĘSKNIĘZASTARYMKANYE,QueQuality,8,17,2,876488,PL,Poland,Q2,2020
9,spotify:track:5NgiIRfE2oPROyy58yuc0v,"Quebonafide, Kiełas",AJETLAGTOMÓJNOWYDRAG,QueQuality,9,22,2,852933,PL,Poland,Q2,2020
10,spotify:track:4eKLUPXpTIghBR8nr3X8rT,"Quebonafide, patr00",PRZYTOBIE,QueQuality,4,5,4,731660,PL,Poland,Q2,2020
11,spotify:track:6xp2vXA8VSK2jpeXF8MJ2E,"Quebonafide, Mrozu",ŁAJZA,QueQuality,11,34,2,721308,PL,Poland,Q2,2020
12,spotify:track:6BUj97AV6qwYB7m8Yjr4NJ,"Quebonafide, Smarki Smark, DJ Ike",COJESTMAŁPY,QueQuality,12,23,2,715238,PL,Poland,Q2,2020
13,spotify:track:5vUCXkWBLzqwtzN5YJotGS,"Quebonafide, Natalia Szroeder",JESIEŃ,QueQuality,1,10,9,693099,PL,Poland,Q2,2020
14,spotify:track:4seR2zKmDX8LLSFEyum42k,"Quebonafide, Taco Hemingway",ROMANTICPSYCHO,QueQuality,1,13,9,670625,PL,Poland,Q2,2020
15,spotify:track:2busrg8R2Rb0FGBcCmNZGo,"Quebonafide, Vito Bambino",RUMPELSTILSKIN,QueQuality,15,32,2,649505,PL,Poland,Q2,2020
16,spotify:track:0VjIjW4GlUZAMYd2vXMi3b,The Weeknd,Blinding Lights,Republic Records,1,2,19,582158,PL,Poland,Q2,2020
17,spotify:track:5NfepJQoadJU2xUI9zrVtO,"Quebonafide, Ralph Kaminski",TOWSZYSTKOBYŁODLACIEBIE,QueQuality,17,39,2,575922,PL,Poland,Q2,2020
18,spotify:track:2pIZ5W6m2fBqWwnTEGx5mK,"Malik Montana, OLEK, DMN",Niedostępny (prod. by Olek) (feat. DMN),Sony Music Entertainment,1,3,8,526833,PL,Poland,Q2,2020
19,spotify:track:37OjKpGDZngkru4ToHVz4V,Sobel,Impreza,Universal Music Polska Sp. z o.o.,3,7,12,471923,PL,Poland,Q2,2020
20,spotify:track:3PfIrDoz19wz7qK7tYeu62,Dua Lipa,Don't Start Now,Warner Records,4,4,23,444325,PL,Poland,Q2,2020
21,spotify:track:24Yi9hE78yPEbZ4kxyoXAI,"SAINt JHN, Imanbek",Roses - Imanbek Remix,Craft Recordings,9,16,26,442828,PL,Poland,Q2,2020
22,spotify:track:3YO5XA7Bdi2qDHNVmVfLLW,sanah,Szampan,Universal Music Polska Sp. z o.o. (Magic Records),1,11,13,421311,PL,Poland,Q2,2020
23,spotify:track:3AzjcOeAmA57TIOr9zF1ZW,Dua Lipa,Physical,Warner Records,6,6,10,415025,PL,Poland,Q2,2020
24,spotify:track:017PF4Q3l4DBUiWoXk4OWT,Dua Lipa,Break My Heart,Warner Records,9,9,2,386086,PL,Poland,Q2,2020
25,spotify:track:3Dv1eDb0MEgF93GpLXlucZ,Doja Cat,Say So,Kemosabe Records/RCA Records,10,20,13,352202,PL,Poland,Q2,2020
26,spotify:track:78qd8dvwea0Gosb6Fe6j3k,Doja Cat,Boss Bitch,Atlantic Records,26,29,8,342100,PL,Poland,Q2,2020
27,spotify:track:1rgnBhdG2JDFTbYkYRZAku,Tones And I,Dance Monkey,Elektra (NEK),1,25,36,337476,PL,Poland,Q2,2020
28,spotify:track:78L2RUFISfqkmZMTCLYQJC,"Mata, Ezra Williams, Sarcastic Sounds",100 dni do matury,SBM Label,1,21,12,333773,PL,Poland,Q2,2020
29,spotify:track:0nbXyq5TXYPCO7pr3N8S4I,Roddy Ricch,The Box,Atlantic Records,14,26,14,325768,PL,Poland,Q2,2020
30,spotify:track:7eJMfftS33KTjuF7lTsMCx,"Powfu, beabadoobee",death bed (coffee for your head),Columbia,30,41,5,321798,PL,Poland,Q2,2020
31,spotify:track:0XthAWvbDoOunjDceV6Jq2,"Bedoes 2115, Lanek",VOGUE,SBM Label,2,27,19,320796,PL,Poland,Q2,2020
32,spotify:track:2kYgryHD0pSjhorV2DOdxc,"Białas, Mata, Lanek",Drift,SBM Label,5,30,10,314186,PL,Poland,Q2,2020
33,spotify:track:3gG4bxTKqZgX199TF22Cko,Żabson,Sexoholik,INTERNAZIOMALE,4,24,8,302565,PL,Poland,Q2,2020
34,spotify:track:3ZjytV5BojgvkPnXdY5zV2,Mata,Patointeligencja,SBM Label,1,31,18,291263,PL,Poland,Q2,2020
35,spotify:track:4nK5YrxbMGZstTLbvj6Gxw,"BENEE, Gus Dapperton",Supalonely,Republic Records,35,47,5,284196,PL,Poland,Q2,2020
36,spotify:track:7szuecWAPwGoV1e5vGu8tl,The Weeknd,In Your Eyes,Republic Records,8,28,3,281777,PL,Poland,Q2,2020
37,spotify:track:0wLOfy7IW0Unl5gfo3KKV2,"Tymek, TEDE, Trill Pem",Rainman,Sony Music Entertainment,2,35,45,277373,PL,Poland,Q2,2020
38,spotify:track:127QTOFJsJQp5LbJbu3A1y,Drake,Toosie Slide,OVO,38,-1,1,273568,PL,Poland,Q2,2020
39,spotify:track:2EaWqg4KUDVx6gVbgQ4Lyw,"PRO8L3M, Wanda i Banda",Przebój nocy,2020,1,33,6,271629,PL,Poland,Q2,2020
40,spotify:track:2rRJrJEo19S2J82BDsQ3F7,Trevor Daniel,Falling,Alamo,11,37,20,270403,PL,Poland,Q2,2020
41,spotify:track:1iOjeHjqp5ATCvIHJB92z2,chillwagon,thailive,spacerange,41,99,2,264208,PL,Poland,Q2,2020
42,spotify:track:55sNf76dIok3ddZtFiNaaf,"Bedoes 2115, Lanek",Jesteś ładniejsza niż na zdjęciach (na zawsze),SBM Label,1,36,26,263029,PL,Poland,Q2,2020
43,spotify:track:0nGz7MLKPrnpGVxBxZnbie,be vis,Surfer,be vis,10,38,70,262917,PL,Poland,Q2,2020
44,spotify:track:7vgv8KZBSo0TPzyIWG9yzV,Ava Max,Salt,Atlantic Records,44,70,9,260659,PL,Poland,Q2,2020
45,spotify:track:55CHeLEfn5iJ0IIkgaa4si,Megan Thee Stallion,Savage,300 Entertainment,45,69,3,257799,PL,Poland,Q2,2020
46,spotify:track:4bpShq8coki3AlMsXuFCDa,"Taco Hemingway, Dawid Podsiadło",W PIĄTKI LEŻĘ W WANNIE,Taco Corp,1,43,38,249723,PL,Poland,Q2,2020
47,spotify:track:5wOAQXIydVWJNatT6nKwhz,Żabson,Floyd Mayweather,REVOLUME,7,40,28,248503,PL,Poland,Q2,2020
48,spotify:track:2nC3QhMI9reBIOWutbU3Tj,Ashe,Moral of the Story,Mom+Pop,23,42,7,246801,PL,Poland,Q2,2020
49,spotify:track:5coU3PPTHqwvH3mXKRzHNj,"Tymek, Big Scythe, Deys",Anioły i Demony,Sony Music Entertainment,3,44,26,242131,PL,Poland,Q2,2020
50,spotify:track:38r67NnLgSMEGhilk9QhF4,White 2115,Mogę Dziś Umierać,SBM Label,14,50,42,239705,PL,Poland,Q2,2020
1,spotify:track:7eBYMVok43QesT0KnuIkjn,"Quebonafide, Duit, Daria Zawiałow",BUBBLETEA,QueQuality,1,2,15,706808,PL,Poland,Q3,2020
2,spotify:track:0vF7lhodVL9PA4DAR1Byxm,"SB Maffija, Mata, White 2115, Jan-Rapowanie, Janusz Walczuk, Beteo, Adi Nowak, Kacperczyk",A nie pamiętasz jak?,SBM Label,1,1,5,657310,PL,Poland,Q3,2020
3,spotify:track:6OE7voRcEvrBPDl7wqjn4D,White 2115,Morgan,SBM Label,3,3,5,548618,PL,Poland,Q3,2020
4,spotify:track:45usm4EhTn4gf5F9XlGiTo,"SB Maffija, Jan-Rapowanie, Janusz Walczuk, Białas, White 2115, Bedoes 2115, Adi Nowak, Beteo, Mata, Solar",Hotel Maffija,SBM Label,2,4,6,530107,PL,Poland,Q3,2020
5,spotify:track:3xlk3SVStmEGEWx5FtqpkW,sanah,Melodia,Universal Music Polska Sp. z o.o. (Magic Records),5,5,19,522820,PL,Poland,Q3,2020
6,spotify:track:6UelLqGlWMcVH1E5c4H7lY,Harry Styles,Watermelon Sugar,Columbia,6,7,33,520198,PL,Poland,Q3,2020
7,spotify:track:0VjIjW4GlUZAMYd2vXMi3b,The Weeknd,Blinding Lights,Republic Records,1,8,32,482637,PL,Poland,Q3,2020
8,spotify:track:4KIUTp9W1z6rXCgAh2EAKb,"Kizo, Wac Toja",Lucky Punch,Universal Music Polska Sp. z o.o.,8,30,2,467430,PL,Poland,Q3,2020
9,spotify:track:3A2kl8G8oRUbyXceaEInjD,"Żabson, BENITO, Beteo",Hood Angel,INTERNAZIOMALE,6,6,3,464178,PL,Poland,Q3,2020
10,spotify:track:2Y1Nd54Jrgciu2HtpP5ymM,Sobel,Impreza,Universal Music Polska Sp. z o.o.,3,9,25,463883,PL,Poland,Q3,2020
11,spotify:track:24Yi9hE78yPEbZ4kxyoXAI,"SAINt JHN, Imanbek",Roses - Imanbek Remix,Craft Recordings,5,10,39,457569,PL,Poland,Q3,2020
12,spotify:track:1xQ6trAsedVPCdbtDAmk0c,"Jawsh 685, Jason Derulo",Savage Love (Laxed - Siren Beat),Columbia,12,13,3,440905,PL,Poland,Q3,2020
13,spotify:track:017PF4Q3l4DBUiWoXk4OWT,Dua Lipa,Break My Heart,Warner Records,9,12,15,405518,PL,Poland,Q3,2020
14,spotify:track:7eJMfftS33KTjuF7lTsMCx,"Powfu, beabadoobee",death bed (coffee for your head),Columbia,11,16,18,399891,PL,Poland,Q3,2020
15,spotify:track:76nqCfJOcFFWBJN32PAksn,Ava Max,Kings & Queens,Atlantic Records,15,15,17,399536,PL,Poland,Q3,2020
16,spotify:track:2yjSMIxii1fcnrf1R9tU4g,"Quebonafide, Taco Hemingway",TOKYO2020,QueQuality,1,14,15,398508,PL,Poland,Q3,2020
17,spotify:track:1p0GVV1UIllj5zJz2Z0Hzs,"Szpaku, Raff J.R.",#Hot16Challenge2,Universal Music Polska Sp. z o.o.,1,11,9,398006,PL,Poland,Q3,2020
18,spotify:track:62aP9fBQKYKxi7PDXwcUAS,"Surf Mesa, Emilee",ily (i love you baby) (feat. Emilee),Astralwerks,17,18,12,382323,PL,Poland,Q3,2020
19,spotify:track:7ju97lgwC2rKQ6wwsf9no9,"Lady Gaga, Ariana Grande",Rain On Me (with Ariana Grande),Interscope,3,17,7,381034,PL,Poland,Q3,2020
20,spotify:track:7ytR5pFWmSjzHJIeQkgog4,"DaBaby, Roddy Ricch",ROCKSTAR (feat. Roddy Ricch),South Coast Music Group/Interscope Records,20,22,12,365182,PL,Poland,Q3,2020
21,spotify:track:0xwpK0H2aL5YxREvcNw4Pe,sanah,Szampan,Universal Music Polska Sp. z o.o. (Magic Records),1,20,26,351686,PL,Poland,Q3,2020
22,spotify:track:78L2RUFISfqkmZMTCLYQJC,"Mata, Ezra Williams, Sarcastic Sounds",100 dni do matury,SBM Label,1,19,25,346230,PL,Poland,Q3,2020
23,spotify:track:0vPVqOKo8LWVganQgBZS5y,Mata,Schodki,SBM Label,4,23,42,337910,PL,Poland,Q3,2020
24,spotify:track:5RwS1ot6BExaVdM26ikmXX,"Szpaku, Raff J.R.",Różowa Pantera,Universal Music Polska Sp. z o.o.,24,66,2,325466,PL,Poland,Q3,2020
25,spotify:track:7szuecWAPwGoV1e5vGu8tl,The Weeknd,In Your Eyes,Republic Records,8,25,16,323273,PL,Poland,Q3,2020
26,spotify:track:3H7ihDc1dqLriiWXwsc2po,"Topic, A7S",Breaking Me,Intercord,24,27,17,322690,PL,Poland,Q3,2020
27,spotify:track:2ELxOAAcgZO6dqMPiDMjVV,Quebonafide,SZUBIENICAPESTYCYDYBROŃ,QueQuality,1,24,15,313037,PL,Poland,Q3,2020
28,spotify:track:5TGcyccg8Hkgn9jB7gUpMN,"VIZE, Tom Gregory",Never Let Me Down,Kontor Records,28,35,5,308095,PL,Poland,Q3,2020
29,spotify:track:0C1LsduE10DnOsZNiJxqD9,Żabson,Młody Boss,INTERNAZIOMALE,10,26,9,305755,PL,Poland,Q3,2020
30,spotify:track:2sTuKKRZI1ciK5tflR00YE,"Mata, Wyguś, Szczepan, Adam",GOMBAO 33,SBM Label,6,29,25,299167,PL,Poland,Q3,2020
31,spotify:track:30OnKqCINi9fRJyQTEZeDz,"Miyo, Tymek, Mafia Mike, Jonatan",Będzie Lepiej,MIYO,11,33,48,290665,PL,Poland,Q3,2020
32,spotify:track:2nFaT0t36H6UX3wN3Vxvjm,White 2115,California,SBM Label,6,31,107,288416,PL,Poland,Q3,2020
33,spotify:track:2pIZ5W6m2fBqWwnTEGx5mK,"Malik Montana, OLEK, DMN",Niedostępny (prod. by Olek) (feat. DMN),Sony Music Entertainment,1,28,21,287543,PL,Poland,Q3,2020
34,spotify:track:668fqO2MHdOTyawPB33xui,"Białas, Szpaku",Sępy,SBM Label,21,21,3,282132,PL,Poland,Q3,2020
35,spotify:track:3AzjcOeAmA57TIOr9zF1ZW,Dua Lipa,Physical,Warner Records,6,32,23,280306,PL,Poland,Q3,2020
36,spotify:track:3IYs5Krfc09hLqpGfT1DF6,"Tymek, TEDE, Trill Pem",Rainman,Sony Music Entertainment,2,34,58,280078,PL,Poland,Q3,2020
37,spotify:track:2S3XCP3ZqwSJP3lJnaHPfR,"Artur Rojek, Taco Hemingway",A miało być jak we śnie (feat. Taco Hemingway),Kayax Production & Publishing / Artur Rojek,37,-1,1,278236,PL,Poland,Q3,2020
38,spotify:track:0gwmifwzIBArZYYwUNCuJb,"Tiësto, Stevie Appleton",BLUE,"Universal Music, a division of Universal International Music BV",36,36,16,273156,PL,Poland,Q3,2020
39,spotify:track:2kYgryHD0pSjhorV2DOdxc,"Białas, Mata, Lanek",Drift,SBM Label,5,37,23,268986,PL,Poland,Q3,2020
40,spotify:track:4bpShq8coki3AlMsXuFCDa,"Taco Hemingway, Dawid Podsiadło",W PIĄTKI LEŻĘ W WANNIE,Taco Corp,1,41,51,267130,PL,Poland,Q3,2020
41,spotify:track:1rgnBhdG2JDFTbYkYRZAku,Tones And I,Dance Monkey,Elektra (NEK),1,38,49,263719,PL,Poland,Q3,2020
42,spotify:track:3ZjytV5BojgvkPnXdY5zV2,Mata,Patointeligencja,SBM Label,1,40,31,259688,PL,Poland,Q3,2020
43,spotify:track:38r67NnLgSMEGhilk9QhF4,White 2115,Mogę Dziś Umierać,SBM Label,14,43,55,256470,PL,Poland,Q3,2020
44,spotify:track:1QjaX3Jp5kbDDorjL9ktRQ,"Malik Montana, Diho, Alberto, Bibič","Rundki (feat. Diho, Alberto & Bibič)",Epic/Malik Montana,8,42,7,253049,PL,Poland,Q3,2020
45,spotify:track:0XthAWvbDoOunjDceV6Jq2,"Bedoes 2115, Lanek",VOGUE,SBM Label,2,45,32,249818,PL,Poland,Q3,2020
46,spotify:track:7DGUTJ95j1ofMbIzHlvLVd,CatchUp,Danse Macabre,2020,46,51,6,245664,PL,Poland,Q3,2020
47,spotify:track:4nK5YrxbMGZstTLbvj6Gxw,"BENEE, Gus Dapperton",Supalonely,Republic Records,15,49,18,243726,PL,Poland,Q3,2020
48,spotify:track:466cKvZn1j45IpxDdYZqdA,Drake,Toosie Slide,OVO,10,44,14,242192,PL,Poland,Q3,2020
49,spotify:track:5twKfw4KtlM2CtM0NPonFd,"Mr. Polska, Bedoes 2115",Marzenia,MyMusic,40,59,4,236395,PL,Poland,Q3,2020
50,spotify:track:3ad9ZZ8vL3qrgZwQhaYCtR,"White 2115, Deemz",Papieros,SBM Label,50,-1,1,236345,PL,Poland,Q3,2020
1,spotify:track:2qX1iJIRJDlVsBQbQkz6L0,"ReTo, Kubi Producent",Billy Kid,spacerange,1,1,13,679842,PL,Poland,Q4,2020
2,spotify:track:4yP4P2pHqtejjQ1l12J8bA,"Wiatr, Sobel, be vis",Testarossa,Sony Music Entertainment,2,2,8,609404,PL,Poland,Q4,2020
3,spotify:track:7eBYMVok43QesT0KnuIkjn,"Quebonafide, Duit, Daria Zawiałow",BUBBLETEA,QueQuality,1,4,28,590592,PL,Poland,Q4,2020
4,spotify:track:0vIdj6ZxZrHhHjkbsLHap8,"Taco Hemingway, Lanek",Polskie Tango,2020,1,3,13,567485,PL,Poland,Q4,2020
5,spotify:track:2Y1Nd54Jrgciu2HtpP5ymM,Sobel,Impreza,Universal Music Polska Sp. z o.o.,3,6,38,474029,PL,Poland,Q4,2020
6,spotify:track:1MvKqm1tHKFUF88IKx7MKs,"Taco Hemingway, Bedoes 2115, Zeppy Zep",Europa,2020,1,5,5,430816,PL,Poland,Q4,2020
7,spotify:track:2fuA2bAFbVidQUdCiLjuG7,"SB Maffija, Mata, White 2115, Jan-Rapowanie, Janusz Walczuk, Beteo, Adi Nowak, Kacperczyk",A nie pamiętasz jak?,SBM Label,1,8,18,410026,PL,Poland,Q4,2020
8,spotify:track:4Oun2ylbjFKMPTiaSbbCih,"Cardi B, Megan Thee Stallion",WAP (feat. Megan Thee Stallion),Atlantic/KSR,8,9,9,409434,PL,Poland,Q4,2020
9,spotify:track:7ECW1lx48ijNpYryKpTP5v,chillwagon,jumper,spacerange,4,7,7,406498,PL,Poland,Q4,2020
10,spotify:track:2sTuKKRZI1ciK5tflR00YE,"Mata, Wyguś, Szczepan, Adam",GOMBAO 33,SBM Label,6,10,38,395252,PL,Poland,Q4,2020
11,spotify:track:1KQnW2vrpepMQG9Keo8vbY,"White 2115, Mata",Oh oh (lalala),SBM Label,8,12,6,393487,PL,Poland,Q4,2020
12,spotify:track:6i7zAdNhzUN2k1HcrBxPHG,"Ofenbach, Quarterhead, Norma Jean Martine",Head Shoulders Knees & Toes (feat. Norma Jean Martine),Elektra France,12,14,10,383794,PL,Poland,Q4,2020
13,spotify:track:4fniSGNKIv7MNbSAzF3CBD,chillwagon,squo,spacerange,5,11,4,364765,PL,Poland,Q4,2020
14,spotify:track:0vPVqOKo8LWVganQgBZS5y,Mata,Schodki,SBM Label,4,15,55,358330,PL,Poland,Q4,2020
15,spotify:track:5lzHp4xQ5kioRYu1jG3Q54,"Białas, Mata, Deemz",PDW,SBM Label,5,16,13,356702,PL,Poland,Q4,2020
16,spotify:track:6UelLqGlWMcVH1E5c4H7lY,Harry Styles,Watermelon Sugar,Columbia,4,13,46,356679,PL,Poland,Q4,2020
17,spotify:track:3tjFYV6RSFtuktYl3ZtYcq,"24kGoldn, iann dior",Mood (feat. iann dior),Records/Columbia,17,22,6,353060,PL,Poland,Q4,2020
18,spotify:track:19yD0Yreis6m4FFdfvCSJZ,White 2115,Morgan,SBM Label,3,17,18,350946,PL,Poland,Q4,2020
19,spotify:track:59qrUpoplZxbIZxk6X0Bm3,Jason Derulo,Take You Dancing,Atlantic Records,19,19,9,343293,PL,Poland,Q4,2020
20,spotify:track:5TGcyccg8Hkgn9jB7gUpMN,"VIZE, Tom Gregory",Never Let Me Down,Kontor Records,8,18,18,340370,PL,Poland,Q4,2020
21,spotify:track:6cx06DFPPHchuUAcTxznu9,"Joel Corry, MNEK",Head & Heart (feat. MNEK),Atlantic Records UK,21,28,9,335800,PL,Poland,Q4,2020
22,spotify:track:3DfIx7MpmFKQTvtF8om4ru,"Kizo, Kabe",Futro,Universal Music Polska Sp. z o.o.,22,-1,1,329403,PL,Poland,Q4,2020
23,spotify:track:4KIUTp9W1z6rXCgAh2EAKb,"Kizo, Wac Toja",Lucky Punch,Universal Music Polska Sp. z o.o.,8,21,15,327610,PL,Poland,Q4,2020
24,spotify:track:0VjIjW4GlUZAMYd2vXMi3b,The Weeknd,Blinding Lights,Republic Records,1,23,45,326299,PL,Poland,Q4,2020
25,spotify:track:5KCbr5ndeby4y4ggthdiAb,Shawn Mendes,Wonder,Shawn Mendes LP4-5 PS/ Island,25,-1,1,321291,PL,Poland,Q4,2020
26,spotify:track:0xwpK0H2aL5YxREvcNw4Pe,sanah,Szampan,Universal Music Polska Sp. z o.o. (Magic Records),1,31,39,315096,PL,Poland,Q4,2020
27,spotify:track:3xlk3SVStmEGEWx5FtqpkW,sanah,Melodia,Universal Music Polska Sp. z o.o. (Magic Records),5,29,32,306402,PL,Poland,Q4,2020
28,spotify:track:0ekFMfccSsXN5a449K2gqB,"Favst, Gibbs, Kukon",halo,QueQuality,25,25,3,306243,PL,Poland,Q4,2020
29,spotify:track:2kYgryHD0pSjhorV2DOdxc,"Białas, Mata, Lanek",Drift,SBM Label,5,36,36,304389,PL,Poland,Q4,2020
30,spotify:track:0XthAWvbDoOunjDceV6Jq2,"Bedoes 2115, Lanek",VOGUE,SBM Label,2,30,45,298183,PL,Poland,Q4,2020
31,spotify:track:3A2kl8G8oRUbyXceaEInjD,"Żabson, BENITO, Beteo",Hood Angel,INTERNAZIOMALE,6,35,16,295834,PL,Poland,Q4,2020
32,spotify:track:5iDHzUsaJXhutY4BuMFOqV,"ReTo, Qry, PSR",Stary dobry ja,spacerange,24,33,6,292540,PL,Poland,Q4,2020
33,spotify:track:2yjSMIxii1fcnrf1R9tU4g,"Quebonafide, Taco Hemingway",TOKYO2020,QueQuality,1,37,28,291466,PL,Poland,Q4,2020
34,spotify:track:45bE4HXI0AwGZXfZtMp8JR,Tate McRae,you broke me first,RCA Records Label,34,41,10,289746,PL,Poland,Q4,2020
35,spotify:track:0zCRgUgbdPY8GReA4mi7T8,"SB Maffija, Jan-Rapowanie, Janusz Walczuk, Białas, White 2115, Bedoes 2115, Adi Nowak, Beteo, Mata, Solar",Hotel Maffija,SBM Label,2,34,19,288129,PL,Poland,Q4,2020
36,spotify:track:7hxHWCCAIIxFLCzvDgnQHX,"Internet Money, Gunna, Don Toliver, NAV",Lemonade (feat. NAV),Internet Money Records / TenThousand Projects,36,47,4,283324,PL,Poland,Q4,2020
37,spotify:track:1ggfYTyrKICGFPQlMaJ4Kt,sanah,No sory,Magic Records,27,27,8,281488,PL,Poland,Q4,2020
38,spotify:track:4xqrdfXkTW4T0RauPLv3WA,Conan Gray,Heather,Republic Records,38,39,8,277962,PL,Poland,Q4,2020
39,spotify:track:0C1LsduE10DnOsZNiJxqD9,Żabson,Młody Boss,INTERNAZIOMALE,10,44,22,276903,PL,Poland,Q4,2020
40,spotify:track:1mv6ikv85FZASOPU6KUual,"Oki, Gedz, Magiera",SIRI,2020,9,20,11,271991,PL,Poland,Q4,2020
41,spotify:track:78L2RUFISfqkmZMTCLYQJC,"Mata, Ezra Williams, Sarcastic Sounds",100 dni do matury,SBM Label,1,40,38,271050,PL,Poland,Q4,2020
42,spotify:track:2Wo6QQD1KMDWeFkkjLqwx5,"SAINt JHN, Imanbek",Roses - Imanbek Remix,Craft Recordings,5,42,52,269058,PL,Poland,Q4,2020
43,spotify:track:51Of5p3lKZeOg6itfs4og4,twocolors,Lovefool,Intercord,34,38,12,268703,PL,Poland,Q4,2020
44,spotify:track:21kaFtd7SMbbz8Z69PBya9,"Kabe, Opiat",Nike Air Max,QueQuality,31,54,8,258118,PL,Poland,Q4,2020
45,spotify:track:1xQ6trAsedVPCdbtDAmk0c,"Jawsh 685, Jason Derulo",Savage Love (Laxed - Siren Beat),Columbia,7,32,16,252668,PL,Poland,Q4,2020
46,spotify:track:5WsVUhr7xtH2FxRLwEVwXw,"SB Maffija, Mata, Janusz Walczuk",NOBOCOTEL,SBM Label,15,24,3,251752,PL,Poland,Q4,2020
47,spotify:track:2lpUjoxvJ86dhW7NBzPiWR,"Kukon, Ka-Meal",Dziewczyna z Biblioteki,Sony Music Entertainment,47,103,2,247575,PL,Poland,Q4,2020
48,spotify:track:4Q8yEYsoETOKhxlkA6FnVU,"Sobel, PSR",Biznes,Universal Music Polska Sp. z o.o.,48,60,6,247507,PL,Poland,Q4,2020
49,spotify:track:2nFaT0t36H6UX3wN3Vxvjm,White 2115,California,SBM Label,6,53,120,244555,PL,Poland,Q4,2020
50,spotify:track:5Yz8rIkM6nymbUpLh9ubP3,"Białas, Lanek",W Imię Ojca Trapu,SBM Label,11,62,12,244147,PL,Poland,Q4,2020
1,spotify:track:0sf12qNH5qcw8qpgymFOqD,The Weeknd,Blinding Lights,Republic Records,1,4,6,1147446,SE,Sweden,Q1,2020
2,spotify:track:0JyOOPqNSdhIC7VrxrRNGt,"Dree Low, Yasin",XO,MadeNiggaMusic,1,1,4,1114598,SE,Sweden,Q1,2020
3,spotify:track:1rgnBhdG2JDFTbYkYRZAku,Tones And I,Dance Monkey,Elektra (NEK),1,2,31,1030817,SE,Sweden,Q1,2020
4,spotify:track:6HJasLoTKvxglAMQH8nPcD,Miss Li,Lev nu dö sen,Pistol Packin' Music,1,3,12,998052,SE,Sweden,Q1,2020
5,spotify:track:0peCogN4G8UuuhSB9jPUnN,Yasin,PT:1,MadeNiggaMusic,5,5,3,854757,SE,Sweden,Q1,2020
6,spotify:track:41L3O37CECZt3N7ziG2z7l,Justin Bieber,Yummy,RBMG/Def Jam,6,-1,1,769214,SE,Sweden,Q1,2020
7,spotify:track:684jrXb96qFbfvBFkLJ08d,Z.E,GFLOW,Team Platina,7,25,2,731762,SE,Sweden,Q1,2020
8,spotify:track:3ySRhREV5ceozxdk0lPqIe,Dree Low,PIPPI,Top Class Music,1,6,19,707743,SE,Sweden,Q1,2020
9,spotify:track:3rUb2v8JnqDwcQ3v3Yr057,"Lellow, Saliboy",Första klivet,Lellow,9,-1,1,661535,SE,Sweden,Q1,2020
10,spotify:track:6mDcLPGVCmdhMN4gBzNb7s,"1.Cuz, Yei Gonzalez, Greekazo",FÖRSENT,1.Cuz,2,7,13,638903,SE,Sweden,Q1,2020
11,spotify:track:71q2qYTo4BzqNGpy5S7vV3,Myra Granberg,Tills mitt hjärta går under,Sony Music Local,11,17,15,611971,SE,Sweden,Q1,2020
12,spotify:track:7qEHsqek33rTcFNT9PFqLf,Lewis Capaldi,Someone You Loved,Vertigo Berlin,7,9,60,597359,SE,Sweden,Q1,2020
13,spotify:track:3ZCTVFBt2Brf31RLEnCkWJ,Billie Eilish,everything i wanted,Darkroom/Interscope Records,3,14,9,595658,SE,Sweden,Q1,2020
14,spotify:track:2b8fOow8UzyDFAE27YhOZM,Maroon 5,Memories,Interscope Records*,6,13,16,591814,SE,Sweden,Q1,2020
15,spotify:track:4LZi20EAgNBhTR3OBWLzdr,"Macky, Einár",TESLA,Columbia,3,12,8,579515,SE,Sweden,Q1,2020
16,spotify:track:4TnjEaWOeW0eKTKIEvJyCa,Trevor Daniel,Falling,Alamo,15,15,8,575878,SE,Sweden,Q1,2020
17,spotify:track:696DnlkuDOXcMAnKlTgXXK,Arizona Zervas,ROXANNE,Arizona Zervas,8,11,10,551862,SE,Sweden,Q1,2020
18,spotify:track:1ett0ayp7e0sad3oWQtJPQ,Yasin,DSGIS,MadeNiggaMusic,8,10,6,531624,SE,Sweden,Q1,2020
19,spotify:track:3G69nPByVZKPtgsesLKbx4,"Adel, Dree Low",No Cap,Fivestar Records,6,18,7,509336,SE,Sweden,Q1,2020
20,spotify:track:5HsBJenkDnrzim7o7uKwQq,Ant Wan,Va Mig,Ant Wan,9,20,7,454019,SE,Sweden,Q1,2020
21,spotify:track:5QrUrRVyvzJSzxiJoiFa9w,Ant Wan,Cleopatra,Ant Wan,21,75,2,448928,SE,Sweden,Q1,2020
22,spotify:track:4URUc2gf1k0kjf7g7EsZV5,Yasin,Not For Sale,MadeNiggaMusic,8,8,3,448059,SE,Sweden,Q1,2020
23,spotify:track:21jGcNKet2qwijlDFuPiPb,Post Malone,Circles,Republic Records,7,16,19,444517,SE,Sweden,Q1,2020
24,spotify:track:6WrI0LAC5M1Rw2MnX2ZvEg,Dua Lipa,Don't Start Now,Warner Records,12,23,10,443444,SE,Sweden,Q1,2020
25,spotify:track:0bMbDctzMmTyK2j74j3nF3,"Alan Walker, Ava Max","Alone, Pt. II",Kreatell Music,21,21,2,439535,SE,Sweden,Q1,2020
26,spotify:track:4poybupy26pTWPr9zY1i7h,Nea,Some Say,Milkshake,12,31,18,429617,SE,Sweden,Q1,2020
27,spotify:track:0nbXyq5TXYPCO7pr3N8S4I,Roddy Ricch,The Box,Atlantic Records,27,90,2,429603,SE,Sweden,Q1,2020
28,spotify:track:2Fxmhks0bxGSBdJ92vM42m,Billie Eilish,bad guy,Darkroom/Interscope Records,2,19,41,428736,SE,Sweden,Q1,2020
29,spotify:track:2gMXnyrvIjhVBUZwvLZDMP,Lewis Capaldi,Before You Go,Vertigo Berlin,26,37,7,419486,SE,Sweden,Q1,2020
30,spotify:track:2W9WzW1Ot0YrWpJwWoRRVO,"Greekazo, DnoteOnDaBeat",HotSpot,Universal Music AB,3,24,23,416853,SE,Sweden,Q1,2020
31,spotify:track:1vmQXaFNMnSEBLTobPwME5,"Miriam Bryant, Cherrie, Molly Sandén, STOR","Mi Amor (Blåmärkshårt) [feat. Cherrie, Molly Sandén, STOR]",WM Sweden,8,27,8,398433,SE,Sweden,Q1,2020
32,spotify:track:3xkGJKpWrn1n6Bk2m84bJP,Molly Sandén,"Rosa himmel (från ""Störst av allt"")",Milkshake,2,26,40,394812,SE,Sweden,Q1,2020
33,spotify:track:0OrDyYAXLoinmrMqyWZ0sn,Jireel,Dröm,Universal Music AB,33,-1,1,392733,SE,Sweden,Q1,2020
34,spotify:track:3YCAQEpuFtgVVhEDJsW3gQ,"estraden, Victor Leksell",Bra för dig,Midsommarnatt (AB),2,35,19,387446,SE,Sweden,Q1,2020
35,spotify:track:0rBj6lYQUMHwTJ33sdj6Qz,Veronica Maggio,Tillfälligheter,Universal Music AB,4,29,36,381716,SE,Sweden,Q1,2020
36,spotify:track:3yOlyBJuViE2YSGn3nVE1K,"Camila Cabello, DaBaby",My Oh My (feat. DaBaby),Syco Music/Epic,36,43,5,379527,SE,Sweden,Q1,2020
37,spotify:track:3jjujdWJ72nww5eGnfs2E7,Harry Styles,Adore You,Columbia,37,42,5,364902,SE,Sweden,Q1,2020
38,spotify:track:6fulMfMC4B5S52YaAhdnmF,Yasin,John Snow,MadeNiggaMusic,22,22,3,355213,SE,Sweden,Q1,2020
39,spotify:track:6v3KW9xbzN5yKLt9YKDYA2,"Shawn Mendes, Camila Cabello",Señorita,Island Records,1,30,29,352498,SE,Sweden,Q1,2020
40,spotify:track:6TfeXwJihJRuBW3mFpib6J,"CLMD, Tungevaag",DANCE,Tylden,40,48,6,351238,SE,Sweden,Q1,2020
41,spotify:track:1HfMVBKM75vxSfsQ5VefZ5,Selena Gomez,Lose You To Love Me,Interscope Records,6,45,12,350861,SE,Sweden,Q1,2020
42,spotify:track:1yXRbopf6xxpwmbPfolBQo,Molly Sandén,Alla våra smeknamn,Milkshake,6,38,9,345429,SE,Sweden,Q1,2020
43,spotify:track:33pcmSPeqpP7EjUOBd2dZM,"Greekazo, DnoteOnDaBeat, Yei Gonzalez",Apoteket,Universal Music AB,10,32,6,343287,SE,Sweden,Q1,2020
44,spotify:track:4zKYAowoRnZNgL3kWVlXn4,"Dree Low, P.J",TOP CLASS,Top Class Music,14,39,9,338376,SE,Sweden,Q1,2020
45,spotify:track:39YxFKLZ1xbu1f9gQiwkFz,"1.Cuz, Einár, Yei Gonzalez",RÄKNA MINA DAGAR,1.Cuz,10,40,6,338311,SE,Sweden,Q1,2020
46,spotify:track:0hVXuCcriWRGvwMV1r5Yn9,"Ed Sheeran & Justin Bieber, Justin Bieber",I Don't Care (with Justin Bieber),Atlantic Records UK,1,36,35,331278,SE,Sweden,Q1,2020
47,spotify:track:2VxeLyX666F8uXCJ0dZF8B,"Lady Gaga, Bradley Cooper",Shallow,A Star is Born OST,1,34,67,330520,SE,Sweden,Q1,2020
48,spotify:track:5MwNk30sG4xRpsDdUgUwC2,"Dree Low, Einár",DAG HAMMARSKJÖLD,Top Class Music,6,46,19,310875,SE,Sweden,Q1,2020
49,spotify:track:2x0RZdkZcD8QRI53XT4GI5,"Avicii, Aloe Blacc",SOS (feat. Aloe Blacc),Pophouse Entertainment Group,1,28,40,308108,SE,Sweden,Q1,2020
50,spotify:track:2kJwzbxV2ppxnQoYw4GLBZ,"JP Saxe, Julia Michaels",If the World Was Ending (feat. Julia Michaels),Arista Records,50,67,8,296518,SE,Sweden,Q1,2020
1,spotify:track:0VjIjW4GlUZAMYd2vXMi3b,The Weeknd,Blinding Lights,Republic Records,1,1,19,1706790,SE,Sweden,Q2,2020
2,spotify:track:5SY5BWTxbDqFouuAdelFV9,Victor Leksell,Svag,Columbia,1,2,12,1519400,SE,Sweden,Q2,2020
3,spotify:track:29nwG4y9NFmN76yfUfc01d,Miss Li,Komplicerad,Pistol Packin' Music,3,3,6,1231081,SE,Sweden,Q2,2020
4,spotify:track:5zRMqUyt8G4Lkfd448pUH1,"Jireel, Victor Leksell, Reyn",Gav Allt,Universal Music AB,4,-1,1,1187306,SE,Sweden,Q2,2020
5,spotify:track:127QTOFJsJQp5LbJbu3A1y,Drake,Toosie Slide,OVO,5,-1,1,1113379,SE,Sweden,Q2,2020
6,spotify:track:6UKGPl3YEvVBOdvtYwt3g4,"Einár, Stress",Rymden och tillbaka,Sony Music Local,6,-1,1,1091649,SE,Sweden,Q2,2020
7,spotify:track:3ZZ8CXYM90nGqzFUbYc53j,Ant Wan,724,Ant Wan,7,-1,1,1024108,SE,Sweden,Q2,2020
9,spotify:track:24Yi9hE78yPEbZ4kxyoXAI,"SAINt JHN, Imanbek",Roses - Imanbek Remix,Craft Recordings,6,6,19,999476,SE,Sweden,Q2,2020
10,spotify:track:3frUvGrmGcay91lvFbOgsN,"Kygo, Zara Larsson, Tyga",Like It Is,Kygo,4,4,2,922618,SE,Sweden,Q2,2020
11,spotify:track:14eKSIRO006SRXYpfoY8HK,Darin,En säng av rosor,Universal Music AB Distributed Labels,9,9,9,855133,SE,Sweden,Q2,2020
12,spotify:track:7szuecWAPwGoV1e5vGu8tl,The Weeknd,In Your Eyes,Republic Records,7,7,3,819577,SE,Sweden,Q2,2020
13,spotify:track:4RBuYTb1Ebw9XPJ4JIUDJd,"Tjuvjakt, Newkid",Apelsinskal,Universal Music AB,11,11,2,715880,SE,Sweden,Q2,2020
14,spotify:track:7eJMfftS33KTjuF7lTsMCx,"Powfu, beabadoobee",death bed (coffee for your head),Columbia,14,14,8,694366,SE,Sweden,Q2,2020
15,spotify:track:23vFYeIeVGp3HrXvN0ECVQ,Einár,Frank Lucas,Sony Music Local,5,8,5,685018,SE,Sweden,Q2,2020
16,spotify:track:1rgnBhdG2JDFTbYkYRZAku,Tones And I,Dance Monkey,Elektra (NEK),1,15,44,679463,SE,Sweden,Q2,2020
17,spotify:track:6HJasLoTKvxglAMQH8nPcD,Miss Li,Lev nu dö sen,Pistol Packin' Music,1,13,25,675911,SE,Sweden,Q2,2020
18,spotify:track:4RcEx6TvICENelSh3O7gvu,Dotter,Bulletproof,WM Sweden,3,12,7,648224,SE,Sweden,Q2,2020
19,spotify:track:5RC553zbEFEkfSSxA0slum,Victor Leksell,Fantasi,Columbia,5,16,4,598920,SE,Sweden,Q2,2020
20,spotify:track:3PfIrDoz19wz7qK7tYeu62,Dua Lipa,Don't Start Now,Warner Records,12,20,23,579658,SE,Sweden,Q2,2020
21,spotify:track:2ekJoT9zVuRGJWJN1mBceG,rezspawn,Sig Sauer,FS Media,17,17,2,568824,SE,Sweden,Q2,2020
22,spotify:track:22LAwLoDA5b4AaGSkg6bKW,Lil Mosey,Blueberry Faygo,Mogul Vision/Interscope Records,22,34,9,566741,SE,Sweden,Q2,2020
23,spotify:track:20052FYa2SF5Lkp9VZTLJX,Anis Don Demina,Vem e som oss,WM Sweden,3,18,8,529344,SE,Sweden,Q2,2020
24,spotify:track:0nbXyq5TXYPCO7pr3N8S4I,Roddy Ricch,The Box,Atlantic Records,4,22,15,516947,SE,Sweden,Q2,2020
25,spotify:track:7b9BLva0O3RlUoj7JSYg3o,Ant Wan,Madame,Ant Wan,25,-1,1,512354,SE,Sweden,Q2,2020
26,spotify:track:19LiotxKSVs7FeVMEdHz63,The Mamas,Move,Universal Music AB,1,21,7,512238,SE,Sweden,Q2,2020
27,spotify:track:6Q3K9gVUZRMZqZKrXovbM2,"Kygo, Sasha Alex Sloan",I'll Wait,Kygo,27,-1,1,498433,SE,Sweden,Q2,2020
28,spotify:track:4C6EPWGYM3K3IIv4xzPL2X,Tove Lo,I'm Coming,Universal Music AB,12,19,3,491222,SE,Sweden,Q2,2020
29,spotify:track:3ySRhREV5ceozxdk0lPqIe,Dree Low,PIPPI,Top Class Music,1,26,32,486810,SE,Sweden,Q2,2020
30,spotify:track:76nqCfJOcFFWBJN32PAksn,Ava Max,Kings & Queens,Atlantic Records,28,32,4,469053,SE,Sweden,Q2,2020
31,spotify:track:3KTPAavMfc8FqtMLAaMXkH,Miriam Bryant,Nån av oss,WM Sweden,17,30,4,462957,SE,Sweden,Q2,2020
32,spotify:track:1zG7zVPxYJODZ0Vfic31kR,Håkan Hellström,Tillsammans i mörker,WM Sweden,10,10,2,462575,SE,Sweden,Q2,2020
33,spotify:track:71q2qYTo4BzqNGpy5S7vV3,Myra Granberg,Tills mitt hjärta går under,Sony Music Local,5,23,28,455561,SE,Sweden,Q2,2020
34,spotify:track:6bey7El3agTSzIRaAdjPg1,"Jireel, estraden",För Evigt (feat. estraden),Universal Music AB,10,24,5,454995,SE,Sweden,Q2,2020
35,spotify:track:4vwpdHr42391exUlkLAQyy,Greekazo,BIG MAC,Universal Music AB,35,47,2,454236,SE,Sweden,Q2,2020
36,spotify:track:3Dv1eDb0MEgF93GpLXlucZ,Doja Cat,Say So,Kemosabe Records/RCA Records,30,33,13,440788,SE,Sweden,Q2,2020
37,spotify:track:017PF4Q3l4DBUiWoXk4OWT,Dua Lipa,Break My Heart,Warner Records,25,25,2,427516,SE,Sweden,Q2,2020
38,spotify:track:4HDCLYli2SUdkq9OjmvhSD,"PARTYNEXTDOOR, Rihanna",BELIEVE IT,OVO Sound,28,28,2,427128,SE,Sweden,Q2,2020
39,spotify:track:4umIPjkehX1r7uhmGvXiSV,"Justin Bieber, Quavo",Intentions (feat. Quavo),RBMG/Def Jam,9,29,9,419298,SE,Sweden,Q2,2020
40,spotify:track:3RDZ1tmyih1KHQMj6gpgD4,Paul Rey,Talking In My Sleep,WM Sweden,8,31,9,416452,SE,Sweden,Q2,2020
41,spotify:track:2NuIm7O7WwkRsiQ5K4mbnP,"Greekazo, Dree Low",ICE CREAM,Universal Music AB,2,35,13,414695,SE,Sweden,Q2,2020
42,spotify:track:4nK5YrxbMGZstTLbvj6Gxw,"BENEE, Gus Dapperton",Supalonely,Republic Records,36,39,5,396501,SE,Sweden,Q2,2020
43,spotify:track:7qEHsqek33rTcFNT9PFqLf,Lewis Capaldi,Someone You Loved,Vertigo Berlin,7,40,73,395496,SE,Sweden,Q2,2020
44,spotify:track:1Cv1YLb4q0RzL6pybtaMLo,Surfaces,Sunday Best,"Surfaces Music / TenThousand Projects, LLC",32,38,11,388246,SE,Sweden,Q2,2020
45,spotify:track:3YCAQEpuFtgVVhEDJsW3gQ,"estraden, Victor Leksell",Bra för dig,Midsommarnatt (AB),2,42,32,370060,SE,Sweden,Q2,2020
46,spotify:track:0z4kyKuFGmUV7WQ7gB1sAp,Smith & Thell,Goliath,Arista Records,37,45,9,367362,SE,Sweden,Q2,2020
47,spotify:track:1icRHA6kFSipRbZREQPaA0,Ringnes-Ronny,Valhalla,Ringnes-Ronny,22,46,13,352748,SE,Sweden,Q2,2020
48,spotify:track:7vgv8KZBSo0TPzyIWG9yzV,Ava Max,Salt,Atlantic Records,33,53,15,349461,SE,Sweden,Q2,2020
49,spotify:track:2alc8VZAzDgdAsL2QMk3hu,DripReport,Skechers,Arista Records,49,58,5,347937,SE,Sweden,Q2,2020
50,spotify:track:5O8QMtH1VsHCBdMDE14OTz,"BL, Aden x Asme, Dree Low, Einár",Jag har en fråga,BL,27,27,3,342879,SE,Sweden,Q2,2020
51,spotify:track:7oNRF4LJHL5aC2zTU66UN1,Hanna Ferm,Brave,Universal Music AB,5,36,7,329507,SE,Sweden,Q2,2020
1,spotify:track:1xQ6trAsedVPCdbtDAmk0c,"Jawsh 685, Jason Derulo",Savage Love (Laxed - Siren Beat),Columbia,1,1,4,1545551,SE,Sweden,Q3,2020
2,spotify:track:4SS4YfDAEQG0fZAe1xfgn3,Victor Leksell,Svag,Columbia,1,2,25,1325895,SE,Sweden,Q3,2020
3,spotify:track:7ytR5pFWmSjzHJIeQkgog4,"DaBaby, Roddy Ricch",ROCKSTAR (feat. Roddy Ricch),South Coast Music Group/Interscope Records,2,4,12,1110473,SE,Sweden,Q3,2020
4,spotify:track:0VjIjW4GlUZAMYd2vXMi3b,The Weeknd,Blinding Lights,Republic Records,1,5,32,1062886,SE,Sweden,Q3,2020
5,spotify:track:4r3MaUVtwfSPXTsN5xX91i,Victor Leksell,Bedövning,Columbia,3,3,4,1016422,SE,Sweden,Q3,2020
6,spotify:track:29nwG4y9NFmN76yfUfc01d,Miss Li,Komplicerad,Pistol Packin' Music,3,6,19,971032,SE,Sweden,Q3,2020
7,spotify:track:6FY1QdP2WeXZ73ERGaSXVN,Victor Leksell,Ha dig igen,Columbia,4,7,4,786529,SE,Sweden,Q3,2020
8,spotify:track:6t0YIui8b5Jt8oUVOrmujk,Yasin,Young & Heartless,MadeNiggaMusic,2,8,7,741237,SE,Sweden,Q3,2020
9,spotify:track:0llOYwxUVtCD5lBJMrj7ox,"Norlie & KKV, Junie",Komma över dig - Spotify Studio It's Hits Recording,Universal Music AB,9,10,2,713282,SE,Sweden,Q3,2020
10,spotify:track:5bx4stZRInFwFz40fHDa7h,Yasin,Hiphop N RnB,MadeNiggaMusic,5,9,7,686334,SE,Sweden,Q3,2020
11,spotify:track:24Yi9hE78yPEbZ4kxyoXAI,"SAINt JHN, Imanbek",Roses - Imanbek Remix,Craft Recordings,4,11,32,638173,SE,Sweden,Q3,2020
12,spotify:track:6UelLqGlWMcVH1E5c4H7lY,Harry Styles,Watermelon Sugar,Columbia,12,15,18,593331,SE,Sweden,Q3,2020
13,spotify:track:05HKKlHqE1HJ1oIqXpJ7yI,Newkid,Kanske var vi rätt bra ändå,Columbia,5,12,11,588536,SE,Sweden,Q3,2020
14,spotify:track:14eKSIRO006SRXYpfoY8HK,Darin,En säng av rosor,Universal Music AB Distributed Labels,7,14,22,585105,SE,Sweden,Q3,2020
15,spotify:track:4gmkulE2YsAwcvKjXjJlH7,Laleh,Det Kommer Bli Bra,Universal Music AB Distributed Labels,15,18,12,527205,SE,Sweden,Q3,2020
16,spotify:track:6HJasLoTKvxglAMQH8nPcD,Miss Li,Lev nu dö sen,Pistol Packin' Music,1,16,38,522418,SE,Sweden,Q3,2020
17,spotify:track:0nCW3CCZXXM8RCq4RwJhU7,estraden,Aldrig mer vara du,Midsommarnatt (AB),17,-1,1,513303,SE,Sweden,Q3,2020
18,spotify:track:68zNuCEl9UHTbcBltW2uDv,Jubël,Someone,WM Sweden,17,17,13,506719,SE,Sweden,Q3,2020
19,spotify:track:3xVkdn1dj0fP1KesvRsGru,Victor Leksell,Om igen,Columbia,10,13,4,504761,SE,Sweden,Q3,2020
20,spotify:track:1rgnBhdG2JDFTbYkYRZAku,Tones And I,Dance Monkey,Elektra (NEK),1,19,57,482607,SE,Sweden,Q3,2020
21,spotify:track:3H7ihDc1dqLriiWXwsc2po,"Topic, A7S",Breaking Me,Intercord,21,25,21,479421,SE,Sweden,Q3,2020
22,spotify:track:7szuecWAPwGoV1e5vGu8tl,The Weeknd,In Your Eyes,Republic Records,7,20,16,472148,SE,Sweden,Q3,2020
23,spotify:track:7nHHxCaUfsqeDRfhMDUrA8,Miriam Bryant,Passa dig,WM Sweden,21,26,7,452611,SE,Sweden,Q3,2020
24,spotify:track:1H7KnK26kc1YyellpbINEn,"Pop Smoke, 50 Cent, Roddy Ricch",The Woo (feat. 50 Cent & Roddy Ricch),Victor Victor Worldwide,24,-1,1,448734,SE,Sweden,Q3,2020
25,spotify:track:65QINQfRC0MZx1H49eSUZH,Ricky Rich,Bless Me,WM Sweden,25,-1,1,411066,SE,Sweden,Q3,2020
26,spotify:track:1sgDyuLooyvEML4oHspNza,"Kygo, OneRepublic",Lose Somebody,Kygo,12,22,8,409800,SE,Sweden,Q3,2020
27,spotify:track:3zXw6rU0S9cOfudFiA6FKm,Miss Li,Starkare,Pistol Packin' Music,27,32,6,405392,SE,Sweden,Q3,2020
28,spotify:track:35KGM6Hfrgl7hvSoaZ2Njx,Dani M,Sommartider i Stenhagen,GMG SWEDEN AB,21,21,3,396300,SE,Sweden,Q3,2020
29,spotify:track:6ofMKJjMpfDEb48JYEAgjX,"Will Ferrell, My Marianne",Husavik (My Hometown),Arista Records,29,109,2,391864,SE,Sweden,Q3,2020
30,spotify:track:2Xx0cOqgCzNyEbAA6IMtHw,"Daniel Adams-Ray, Miriam Bryant",Avundsjuk på regnet,YO Running Club AB,30,-1,1,379079,SE,Sweden,Q3,2020
31,spotify:track:5RqR4ZCCKJDcBLIn4sih9l,StaySolidRocky,Party Girl,Columbia,31,35,9,378750,SE,Sweden,Q3,2020
32,spotify:track:4NhDYoQTYCdWHTvlbGVgwo,6ix9ine,GOOBA,Scumgang Records,4,30,9,374290,SE,Sweden,Q3,2020
33,spotify:track:7ju97lgwC2rKQ6wwsf9no9,"Lady Gaga, Ariana Grande",Rain On Me (with Ariana Grande),Interscope,8,36,7,373497,SE,Sweden,Q3,2020
34,spotify:track:76nqCfJOcFFWBJN32PAksn,Ava Max,Kings & Queens,Atlantic Records,28,34,17,371346,SE,Sweden,Q3,2020
35,spotify:track:3ZJiGpzCm9ZlDqp8jNqXFz,Victor Leksell,Fantasi,Columbia,5,23,17,369955,SE,Sweden,Q3,2020
36,spotify:track:4r2ZiFnJAUyJvN70QGomc8,"Rami, Z.E",JAGA BRÖDET,Team Platina,36,-1,1,363827,SE,Sweden,Q3,2020
37,spotify:track:5LojI1Ym1EajNxV2UDc5gG,"Victor Leksell, Jireel, Newkid",Va min,Columbia,15,24,4,356467,SE,Sweden,Q3,2020
38,spotify:track:3ySRhREV5ceozxdk0lPqIe,Dree Low,PIPPI,Top Class Music,1,39,45,351541,SE,Sweden,Q3,2020
39,spotify:track:603Kxiz7PagWpTA4AwWQwf,"GAMMAL, Simon Ljungman",Shelley - Spotify Studio It's Hits Recording (feat. Simon Ljungman),Columbia,19,33,4,349379,SE,Sweden,Q3,2020
40,spotify:track:4slSrbTK1sNK4I1mDYEthf,"S1mba, DTG",Rover (feat. DTG),Parlophone UK,26,43,12,348988,SE,Sweden,Q3,2020
41,spotify:track:0PvFJmanyNQMseIFrU708S,"Pop Smoke, Lil Baby, DaBaby",For The Night (feat. Lil Baby & DaBaby),Victor Victor Worldwide,41,-1,1,340755,SE,Sweden,Q3,2020
42,spotify:track:7C1trmcQQ5n5RNy4l6ziCv,"Nea, Felix Jaehn",Some Say - Felix Jaehn Remix,Milkshake,40,40,4,338242,SE,Sweden,Q3,2020
43,spotify:track:01vHh12JCGZ8ERGG4K6ZLB,Adel,NBA,Fivestar Records,25,29,4,335978,SE,Sweden,Q3,2020
44,spotify:track:6vXi13WQA7ExaAcdTJ26We,"Yasin, Aden",Source Ft Aden,MadeNiggaMusic,7,31,7,335200,SE,Sweden,Q3,2020
45,spotify:track:7vgv8KZBSo0TPzyIWG9yzV,Ava Max,Salt,Atlantic Records,33,37,28,330846,SE,Sweden,Q3,2020
46,spotify:track:4GWDWSQiMOVVOFoMSgmids,Lovet,Sexcigg,Coda,9,38,10,327559,SE,Sweden,Q3,2020
47,spotify:track:017PF4Q3l4DBUiWoXk4OWT,Dua Lipa,Break My Heart,Warner Records,21,47,15,320026,SE,Sweden,Q3,2020
48,spotify:track:62aP9fBQKYKxi7PDXwcUAS,"Surf Mesa, Emilee",ily (i love you baby) (feat. Emilee),Astralwerks,36,41,13,315501,SE,Sweden,Q3,2020
49,spotify:track:0OdiOUBYdTUuw4aMGr1oqP,El Papi,Sykepleierinnen (Sykehuset 2020),Universal Music AS,19,42,12,311846,SE,Sweden,Q3,2020
50,spotify:track:25zlnOAzbVoOzIeXSvQFf1,Pop Smoke,Got It On Me,Victor Victor Worldwide,50,-1,1,301093,SE,Sweden,Q3,2020
1,spotify:track:3tjFYV6RSFtuktYl3ZtYcq,"24kGoldn, iann dior",Mood (feat. iann dior),Records/Columbia,1,1,8,1186326,SE,Sweden,Q4,2020
2,spotify:track:07r0YVWQVk4tjuCZWTNQqA,Einár,Unge Med Extra Energi,Einár,2,17,2,1030157,SE,Sweden,Q4,2020
3,spotify:track:4SS4YfDAEQG0fZAe1xfgn3,Victor Leksell,Svag,Columbia,1,3,38,954004,SE,Sweden,Q4,2020
4,spotify:track:704iA6CyFdeP24JvGFxsRs,"Carola, Zara Larsson",Säg Mig Var Du Står,Record Company TEN,2,4,6,913527,SE,Sweden,Q4,2020
5,spotify:track:6cx06DFPPHchuUAcTxznu9,"Joel Corry, MNEK",Head & Heart (feat. MNEK),Atlantic Records UK,4,5,14,838614,SE,Sweden,Q4,2020
6,spotify:track:5WBaMuA6gMy90SZXyS4Yz0,Hov1,När jag ser dig,Universal Music AB,2,2,2,835390,SE,Sweden,Q4,2020
7,spotify:track:7hxHWCCAIIxFLCzvDgnQHX,"Internet Money, Gunna, Don Toliver, NAV",Lemonade (feat. NAV),Internet Money Records / TenThousand Projects,6,6,8,814457,SE,Sweden,Q4,2020
8,spotify:track:1tkg4EHVoqnhR6iFEXb60y,Pop Smoke,What You Know Bout Love,Victor Victor Worldwide,8,16,6,731741,SE,Sweden,Q4,2020
9,spotify:track:5u1n1kITHCxxp8twBcZxWy,"Justin Bieber, Chance the Rapper",Holy (feat. Chance The Rapper),RBMG/Def Jam,5,7,3,706164,SE,Sweden,Q4,2020
10,spotify:track:4Oun2ylbjFKMPTiaSbbCih,"Cardi B, Megan Thee Stallion",WAP (feat. Megan Thee Stallion),Atlantic/KSR,6,10,9,625327,SE,Sweden,Q4,2020
11,spotify:track:6zKPL5jWQXhTAPPKLxwC5K,Maximus,Galen,MTMT Music Group,4,8,5,623895,SE,Sweden,Q4,2020
12,spotify:track:45bE4HXI0AwGZXfZtMp8JR,Tate McRae,you broke me first,RCA Records Label,12,14,15,616454,SE,Sweden,Q4,2020
13,spotify:track:0VjIjW4GlUZAMYd2vXMi3b,The Weeknd,Blinding Lights,Republic Records,1,13,45,593968,SE,Sweden,Q4,2020
14,spotify:track:247LJ2oARxtQuFAlbPIx79,"Molly Sandén, Newkid",Jag mår bra nu (feat. Newkid),Milkshake,4,11,5,557863,SE,Sweden,Q4,2020
15,spotify:track:1xQ6trAsedVPCdbtDAmk0c,"Jawsh 685, Jason Derulo",Savage Love (Laxed - Siren Beat),Columbia,1,9,17,557755,SE,Sweden,Q4,2020
16,spotify:track:0PvFJmanyNQMseIFrU708S,"Pop Smoke, Lil Baby, DaBaby",For The Night (feat. Lil Baby & DaBaby),Victor Victor Worldwide,16,19,14,524460,SE,Sweden,Q4,2020
17,spotify:track:29nwG4y9NFmN76yfUfc01d,Miss Li,Komplicerad,Pistol Packin' Music,3,20,32,505266,SE,Sweden,Q4,2020
18,spotify:track:4r3MaUVtwfSPXTsN5xX91i,Victor Leksell,Bedövning,Columbia,3,18,17,480355,SE,Sweden,Q4,2020
19,spotify:track:7h6bXqdRitNXbjPsZCAd0p,"Miriam Bryant, Jireel",DITT FEL (Spotify Studio It’s Hits Recording),WM Sweden,12,15,3,478985,SE,Sweden,Q4,2020
20,spotify:track:6eGCfZ3dIbBwv0WTJd13Mj,"Yasin, Dante",Canada Goose,BRKN Records,20,-1,1,475037,SE,Sweden,Q4,2020
21,spotify:track:0whPNuKZ7Nu9oft8WmMvVf,"SAMI, Einár",Feelings,Einár,5,12,5,454550,SE,Sweden,Q4,2020
22,spotify:track:66y0PlzFZZhoI32wgbsuPo,Mwuana,LOVERMAN,Universal Music AB,22,22,14,451400,SE,Sweden,Q4,2020
23,spotify:track:5KCbr5ndeby4y4ggthdiAb,Shawn Mendes,Wonder,Shawn Mendes LP4-5 PS/ Island,23,-1,1,448916,SE,Sweden,Q4,2020
24,spotify:track:14eKSIRO006SRXYpfoY8HK,Darin,En säng av rosor,Universal Music AB Distributed Labels,7,26,35,441071,SE,Sweden,Q4,2020
25,spotify:track:6UelLqGlWMcVH1E5c4H7lY,Harry Styles,Watermelon Sugar,Columbia,9,21,31,435843,SE,Sweden,Q4,2020
26,spotify:track:5o8lrG703lxW7sxvLzIWhC,Einár,Brottslingar,Einár,26,34,2,423301,SE,Sweden,Q4,2020
27,spotify:track:5d9b4sIknF33Tlz74Gpd2H,Yasin,No Talk,BRKN Records,27,-1,1,416800,SE,Sweden,Q4,2020
28,spotify:track:7ytR5pFWmSjzHJIeQkgog4,"DaBaby, Roddy Ricch",ROCKSTAR (feat. Roddy Ricch),South Coast Music Group/Interscope Records,2,25,25,403870,SE,Sweden,Q4,2020
29,spotify:track:6AGOKlMZWLCaEJGnaROtF9,Ritt Momney,Put Your Records On,Columbia,29,32,4,392848,SE,Sweden,Q4,2020
30,spotify:track:5rZlwNFl01HqLWBQGryKSm,"Pop Smoke, Lil Tjay",Mood Swings (feat. Lil Tjay),Victor Victor Worldwide,9,23,14,378758,SE,Sweden,Q4,2020
31,spotify:track:4N9RKF9hpWY7asYF0V72s6,"Einár, Moewgli, 5iftyy",Pop Smoke,Einár,4,24,10,376684,SE,Sweden,Q4,2020
32,spotify:track:65QINQfRC0MZx1H49eSUZH,Ricky Rich,Bless Me,WM Sweden,25,28,14,365662,SE,Sweden,Q4,2020
33,spotify:track:3H7ihDc1dqLriiWXwsc2po,"Topic, A7S",Breaking Me,Intercord,12,31,34,361180,SE,Sweden,Q4,2020
34,spotify:track:2HUHLg3nZwnSn6Rhi1IPlb,"Albin Johnsén, lovad",Vi gjorde vårt bästa,TGR Music Group,34,35,9,360390,SE,Sweden,Q4,2020
35,spotify:track:4G4EC1h5YG4f8ARhZcAA9k,Yasin,Pull Up,BRKN Records,35,-1,1,356517,SE,Sweden,Q4,2020
36,spotify:track:0llOYwxUVtCD5lBJMrj7ox,"Norlie & KKV, Junie",Komma över dig - Spotify Studio It's Hits Recording,Universal Music AB,7,27,15,356353,SE,Sweden,Q4,2020
37,spotify:track:4gmkulE2YsAwcvKjXjJlH7,Laleh,Det Kommer Bli Bra,Universal Music AB Distributed Labels,15,37,25,351312,SE,Sweden,Q4,2020
38,spotify:track:3SgxrIzomzoZtRLeI46ts1,Einár,Rockstar,Einár,38,53,2,337529,SE,Sweden,Q4,2020
39,spotify:track:3dik6P9rxGTsdDB5x42jqs,Macky,PA PA,Columbia,14,33,14,336906,SE,Sweden,Q4,2020
40,spotify:track:6HJasLoTKvxglAMQH8nPcD,Miss Li,Lev nu dö sen,Pistol Packin' Music,1,38,51,331787,SE,Sweden,Q4,2020
41,spotify:track:3ySRhREV5ceozxdk0lPqIe,Dree Low,PIPPI,Top Class Music,1,42,58,330247,SE,Sweden,Q4,2020
42,spotify:track:7kfL2aZ4AuhkTEEDwhK83f,Yasin,On Sight,BRKN Records,42,-1,1,327922,SE,Sweden,Q4,2020
43,spotify:track:122bNfNwMNuI5hRGlMcr2V,Miss Li,Terapi,Pistol Packin' Music,43,-1,1,326033,SE,Sweden,Q4,2020
44,spotify:track:2L0hF77EA112IEPmJFMnnr,Jireel,Tankarna,Universal Music AB,44,-1,1,313898,SE,Sweden,Q4,2020
45,spotify:track:7hAlug7tkS054bEiAnkhvz,"Yasin, Mona Masrour",Edu,BRKN Records,45,-1,1,308532,SE,Sweden,Q4,2020
46,spotify:track:0SobxwXrtsbqRv9jnrMeWa,"ODZ, Simon Superti, Ivory",VET ATT DU HÖR,ODZ,25,30,4,305696,SE,Sweden,Q4,2020
47,spotify:track:2Wo6QQD1KMDWeFkkjLqwx5,"SAINt JHN, Imanbek",Roses - Imanbek Remix,Craft Recordings,4,40,45,303555,SE,Sweden,Q4,2020
48,spotify:track:2SAqBLGA283SUiwJ3xOUVI,"Drake, Lil Durk",Laugh Now Cry Later (feat. Lil Durk),OVO,13,36,8,298751,SE,Sweden,Q4,2020
49,spotify:track:7qEHsqek33rTcFNT9PFqLf,Lewis Capaldi,Someone You Loved,Vertigo Berlin,7,45,99,298666,SE,Sweden,Q4,2020
50,spotify:track:4sA33qqYJROEGoe09x391q,"HAVAL, Manny Flaco",HELL,Haval,29,29,2,296644,SE,Sweden,Q4,2020
1,spotify:track:1rgnBhdG2JDFTbYkYRZAku,Tones And I,Dance Monkey,Elektra (NEK),1,1,23,420643,SG,Singapore,Q1,2020
2,spotify:track:2b8fOow8UzyDFAE27YhOZM,Maroon 5,Memories,Interscope Records*,1,3,16,342996,SG,Singapore,Q1,2020
3,spotify:track:3CYH422oy1cZNoo0GTG1TK,Red Velvet,Psycho,SM Entertainment,2,2,3,325591,SG,Singapore,Q1,2020
4,spotify:track:696DnlkuDOXcMAnKlTgXXK,Arizona Zervas,ROXANNE,Arizona Zervas,2,4,10,310001,SG,Singapore,Q1,2020
5,spotify:track:41L3O37CECZt3N7ziG2z7l,Justin Bieber,Yummy,RBMG/Def Jam,5,-1,1,302106,SG,Singapore,Q1,2020
6,spotify:track:21jGcNKet2qwijlDFuPiPb,Post Malone,Circles,Republic Records,2,5,19,270350,SG,Singapore,Q1,2020
7,spotify:track:4TnjEaWOeW0eKTKIEvJyCa,Trevor Daniel,Falling,Alamo,7,7,7,258056,SG,Singapore,Q1,2020
8,spotify:track:6v3KW9xbzN5yKLt9YKDYA2,"Shawn Mendes, Camila Cabello",Señorita,Island Records,1,6,29,251600,SG,Singapore,Q1,2020
9,spotify:track:6WrI0LAC5M1Rw2MnX2ZvEg,Dua Lipa,Don't Start Now,Warner Records,7,8,10,249240,SG,Singapore,Q1,2020
10,spotify:track:5ACkb3CikcSZPF0h7FSZAp,"Lauv, LANY",Mean It,Lauv,3,10,9,224033,SG,Singapore,Q1,2020
11,spotify:track:7qEHsqek33rTcFNT9PFqLf,Lewis Capaldi,Someone You Loved,Vertigo Berlin,4,9,51,219962,SG,Singapore,Q1,2020
12,spotify:track:3ZCTVFBt2Brf31RLEnCkWJ,Billie Eilish,everything i wanted,Darkroom/Interscope Records,4,11,8,206544,SG,Singapore,Q1,2020
13,spotify:track:3yOlyBJuViE2YSGn3nVE1K,"Camila Cabello, DaBaby",My Oh My (feat. DaBaby),Syco Music/Epic,13,16,5,198167,SG,Singapore,Q1,2020
14,spotify:track:0sf12qNH5qcw8qpgymFOqD,The Weeknd,Blinding Lights,Republic Records,14,14,6,194743,SG,Singapore,Q1,2020
15,spotify:track:6UelLqGlWMcVH1E5c4H7lY,Harry Styles,Watermelon Sugar,Columbia,12,12,8,179898,SG,Singapore,Q1,2020
16,spotify:track:5cU1O9P0EDA0rPkPDykhIm,Eric Chou,怎麼了,Sony Music Entertainment,6,13,52,174576,SG,Singapore,Q1,2020
17,spotify:track:2gMXnyrvIjhVBUZwvLZDMP,Lewis Capaldi,Before You Go,Vertigo Berlin,17,20,7,173000,SG,Singapore,Q1,2020
18,spotify:track:1HfMVBKM75vxSfsQ5VefZ5,Selena Gomez,Lose You To Love Me,Interscope Records,2,18,12,169638,SG,Singapore,Q1,2020
19,spotify:track:7aiClxsDWFRQ0Kzk5KI5ku,blackbear,hot girl bummer,Alamo,10,19,19,164976,SG,Singapore,Q1,2020
20,spotify:track:56wVfJKtnwlSZtC4NVgIrf,"Jay Chou, Ashin Chen",說好不哭,Universal Music Taiwan (JVR),1,21,17,161620,SG,Singapore,Q1,2020
21,spotify:track:70eFcWOvlMObDhURTqT4Fv,"Ed Sheeran, Khalid",Beautiful People (feat. Khalid),Atlantic Records UK,2,15,28,159551,SG,Singapore,Q1,2020
22,spotify:track:6b2RcmUt1g9N9mQ3CbjX2Y,Sam Smith,How Do You Sleep?,PLG - Capitol,2,22,25,150828,SG,Singapore,Q1,2020
23,spotify:track:3jjujdWJ72nww5eGnfs2E7,Harry Styles,Adore You,Columbia,16,24,5,146483,SG,Singapore,Q1,2020
24,spotify:track:6fKt3psOTjPWb92GfS9jX1,Lauv,Feelings,Lauv,7,25,16,144484,SG,Singapore,Q1,2020
25,spotify:track:2wrJq5XKLnmhRXHIAf9xBa,"Dan + Shay, Justin Bieber","10,000 Hours (with Justin Bieber)",Warner Records Nashville,5,23,14,138432,SG,Singapore,Q1,2020
26,spotify:track:3Z0oQ8r78OUaHvGPiDBR3W,"Idina Menzel, AURORA",Into the Unknown,Walt Disney Records,7,17,7,132863,SG,Singapore,Q1,2020
27,spotify:track:4vUmTMuQqjdnvlZmAH61Qk,"Ed Sheeran, Camila Cabello, Cardi B",South of the Border (feat. Camila Cabello & Cardi B),Atlantic Records UK,10,29,26,132034,SG,Singapore,Q1,2020
28,spotify:track:3vUc9WQpoca15404jNdzf9,Lauv,Changes,Lauv,28,-1,1,131626,SG,Singapore,Q1,2020
29,spotify:track:2W4yABdLc4Jnds67Poi5Nl,Ant Saunders,Yellow Hearts,Arista Records,29,33,9,130736,SG,Singapore,Q1,2020
30,spotify:track:1iQDltZqI7BXnHrFy4Qo1k,"SHAED, ZAYN",Trampoline (with ZAYN),Photo Finish Records,13,35,15,130325,SG,Singapore,Q1,2020
31,spotify:track:2Fxmhks0bxGSBdJ92vM42m,Billie Eilish,bad guy,Darkroom/Interscope Records,2,26,41,128933,SG,Singapore,Q1,2020
32,spotify:track:5DqdesEfbRyOlSS3Tf6c29,Ali Gatie,It's You,Warner Records,8,27,30,128723,SG,Singapore,Q1,2020
33,spotify:track:0hVXuCcriWRGvwMV1r5Yn9,"Ed Sheeran & Justin Bieber, Justin Bieber",I Don't Care (with Justin Bieber),Atlantic Records UK,1,28,35,128425,SG,Singapore,Q1,2020
34,spotify:track:4a6q8CR2hzLk2plDkSxkfD,Bazzi,I.F.L.Y.,iamcosmic,5,32,25,123485,SG,Singapore,Q1,2020
35,spotify:track:3Dv1eDb0MEgF93GpLXlucZ,Doja Cat,Say So,Kemosabe Records/RCA Records,35,68,2,122694,SG,Singapore,Q1,2020
36,spotify:track:2gug6MRv4xQFYi9LA3PJCS,Eric Chou,你，好不好？ - TVBS連續劇【遺憾拼圖】片尾曲,Sony Music Entertainment,23,34,159,120663,SG,Singapore,Q1,2020
37,spotify:track:2kJwzbxV2ppxnQoYw4GLBZ,"JP Saxe, Julia Michaels",If the World Was Ending (feat. Julia Michaels),Arista Records,37,44,9,120053,SG,Singapore,Q1,2020
38,spotify:track:3VyjsVV24RmBIbWJAeUJNu,Don Toliver,No Idea,We Run It Ent./Cactus Jack/Atlantic,38,39,5,119509,SG,Singapore,Q1,2020
39,spotify:track:5KawlOMHjWeUjQtnuRs22c,"BTS, Halsey",Boy With Luv (feat. Halsey),BIGHIT MUSIC,1,30,39,118888,SG,Singapore,Q1,2020
40,spotify:track:0RiRZpuVRbi7oqRdSMwhQY,"Post Malone, Swae Lee",Sunflower - Spider-Man: Into the Spider-Verse,Republic Records,1,31,64,115680,SG,Singapore,Q1,2020
41,spotify:track:0bMbDctzMmTyK2j74j3nF3,"Alan Walker, Ava Max","Alone, Pt. II",Kreatell Music,41,109,2,114124,SG,Singapore,Q1,2020
42,spotify:track:6iNH42q8haGYDYGhKK6XiJ,A-Lin,有一種悲傷 - 電影《比悲傷更悲傷的故事》主題曲,Sony Music Entertainment,1,37,58,113299,SG,Singapore,Q1,2020
43,spotify:track:1ivCIgrYZyE0BvItL4Z8lk,Jay Chou,告白氣球,Universal Music Taiwan (JVR),29,40,159,112121,SG,Singapore,Q1,2020
44,spotify:track:5kZDxLcbqglZ2yYXg4Mkjc,JJ Lin,那些你很冒險的夢,就是俊傑音樂股份有限公司,17,38,126,106614,SG,Singapore,Q1,2020
45,spotify:track:6kabSi7XCHHGThNme6J2tL,Eric Chou,如果雨之後,Sony Music Entertainment,21,41,109,104890,SG,Singapore,Q1,2020
46,spotify:track:0nbXyq5TXYPCO7pr3N8S4I,Roddy Ricch,The Box,Atlantic Records,46,136,2,104406,SG,Singapore,Q1,2020
47,spotify:track:2BgEsaKNfHUdlh97KmvFyo,Anne-Marie,2002,Atlantic Records UK,6,43,90,102448,SG,Singapore,Q1,2020
48,spotify:track:24nK8tW7Pt3Inh2utttuoG,MAMAMOO,HIP,"RBW, Inc",17,47,8,101921,SG,Singapore,Q1,2020
49,spotify:track:6H568VnZWTitazwFTwVSd8,"Lauv, Troye Sivan",i'm so tired...,Lauv,3,45,50,101521,SG,Singapore,Q1,2020
50,spotify:track:314ZkcV7oLWG8yWE7LABvH,"BTS, Lauv",Make It Right (feat. Lauv),BIGHIT MUSIC,9,50,12,96413,SG,Singapore,Q1,2020
1,spotify:track:7eJMfftS33KTjuF7lTsMCx,"Powfu, beabadoobee",death bed (coffee for your head),Columbia,1,3,8,281407,SG,Singapore,Q2,2020
2,spotify:track:3PfIrDoz19wz7qK7tYeu62,Dua Lipa,Don't Start Now,Warner Records,1,1,23,270801,SG,Singapore,Q2,2020
3,spotify:track:0VjIjW4GlUZAMYd2vXMi3b,The Weeknd,Blinding Lights,Republic Records,2,4,19,262961,SG,Singapore,Q2,2020
4,spotify:track:4umIPjkehX1r7uhmGvXiSV,"Justin Bieber, Quavo",Intentions (feat. Quavo),RBMG/Def Jam,1,2,9,259566,SG,Singapore,Q2,2020
5,spotify:track:3Dv1eDb0MEgF93GpLXlucZ,Doja Cat,Say So,Kemosabe Records/RCA Records,4,7,15,227345,SG,Singapore,Q2,2020
6,spotify:track:6tCssnvTUREcperDOUTqvA,ITZY,WANNABE,Republic Records - ITZY,1,5,5,227115,SG,Singapore,Q2,2020
7,spotify:track:4nK5YrxbMGZstTLbvj6Gxw,"BENEE, Gus Dapperton",Supalonely,Republic Records,7,8,5,218364,SG,Singapore,Q2,2020
8,spotify:track:1rgnBhdG2JDFTbYkYRZAku,Tones And I,Dance Monkey,Elektra (NEK),1,6,36,217253,SG,Singapore,Q2,2020
9,spotify:track:127QTOFJsJQp5LbJbu3A1y,Drake,Toosie Slide,OVO,9,-1,1,211794,SG,Singapore,Q2,2020
10,spotify:track:2b8fOow8UzyDFAE27YhOZM,Maroon 5,Memories,Interscope Records*,1,9,29,202064,SG,Singapore,Q2,2020
11,spotify:track:7qEHsqek33rTcFNT9PFqLf,Lewis Capaldi,Someone You Loved,Vertigo Berlin,4,10,64,201243,SG,Singapore,Q2,2020
12,spotify:track:22LAwLoDA5b4AaGSkg6bKW,Lil Mosey,Blueberry Faygo,Mogul Vision/Interscope Records,12,14,9,195896,SG,Singapore,Q2,2020
13,spotify:track:2rRJrJEo19S2J82BDsQ3F7,Trevor Daniel,Falling,Alamo,4,12,20,188166,SG,Singapore,Q2,2020
14,spotify:track:24Yi9hE78yPEbZ4kxyoXAI,"SAINt JHN, Imanbek",Roses - Imanbek Remix,Craft Recordings,14,17,4,181918,SG,Singapore,Q2,2020
15,spotify:track:017PF4Q3l4DBUiWoXk4OWT,Dua Lipa,Break My Heart,Warner Records,11,11,2,173727,SG,Singapore,Q2,2020
16,spotify:track:21jGcNKet2qwijlDFuPiPb,Post Malone,Circles,Republic Records,2,15,32,165225,SG,Singapore,Q2,2020
17,spotify:track:0nbXyq5TXYPCO7pr3N8S4I,Roddy Ricch,The Box,Atlantic Records,8,16,15,163141,SG,Singapore,Q2,2020
18,spotify:track:7szuecWAPwGoV1e5vGu8tl,The Weeknd,In Your Eyes,Republic Records,13,13,3,160550,SG,Singapore,Q2,2020
19,spotify:track:2gMXnyrvIjhVBUZwvLZDMP,Lewis Capaldi,Before You Go,Vertigo Berlin,15,18,20,154110,SG,Singapore,Q2,2020
20,spotify:track:1Cv1YLb4q0RzL6pybtaMLo,Surfaces,Sunday Best,"Surfaces Music / TenThousand Projects, LLC",16,19,10,152581,SG,Singapore,Q2,2020
21,spotify:track:696DnlkuDOXcMAnKlTgXXK,Arizona Zervas,ROXANNE,Arizona Zervas,2,20,23,141948,SG,Singapore,Q2,2020
22,spotify:track:6v3KW9xbzN5yKLt9YKDYA2,"Shawn Mendes, Camila Cabello",Señorita,Island Records,1,23,42,131132,SG,Singapore,Q2,2020
23,spotify:track:5cU1O9P0EDA0rPkPDykhIm,Eric Chou,怎麼了,Sony Music Entertainment,6,22,65,129647,SG,Singapore,Q2,2020
24,spotify:track:2kJwzbxV2ppxnQoYw4GLBZ,"JP Saxe, Julia Michaels",If the World Was Ending (feat. Julia Michaels),Arista Records,24,25,22,128688,SG,Singapore,Q2,2020
25,spotify:track:16wAOAZ2OkqoIDN7TpChjR,Justin Bieber,Yummy,RBMG/Def Jam,2,24,14,123669,SG,Singapore,Q2,2020
26,spotify:track:3AzjcOeAmA57TIOr9zF1ZW,Dua Lipa,Physical,Warner Records,21,21,10,121950,SG,Singapore,Q2,2020
27,spotify:track:55CHeLEfn5iJ0IIkgaa4si,Megan Thee Stallion,Savage,300 Entertainment,27,40,3,118165,SG,Singapore,Q2,2020
28,spotify:track:78qd8dvwea0Gosb6Fe6j3k,Doja Cat,Boss Bitch,Atlantic Records,28,33,3,116959,SG,Singapore,Q2,2020
29,spotify:track:1iIhGHzzrzqQfuNkFI2qAn,ZICO,Any song,KOZ ENTERTAINMENT,9,26,13,116876,SG,Singapore,Q2,2020
30,spotify:track:3uc8AGNL0KbvISIrjnfRvN,"Lauv, LANY",Mean It,Lauv,3,27,22,113902,SG,Singapore,Q2,2020
31,spotify:track:56wVfJKtnwlSZtC4NVgIrf,"Jay Chou, Ashin Chen",說好不哭,Universal Music Taiwan (JVR),1,29,30,113798,SG,Singapore,Q2,2020
32,spotify:track:1eyek0KJEh2v5HQ9uQSybb,Lauv,Modern Loneliness,Lauv,13,28,7,112558,SG,Singapore,Q2,2020
33,spotify:track:3CYH422oy1cZNoo0GTG1TK,Red Velvet,Psycho,SM Entertainment,2,30,16,111715,SG,Singapore,Q2,2020
34,spotify:track:2wrJq5XKLnmhRXHIAf9xBa,"Dan + Shay, Justin Bieber","10,000 Hours (with Justin Bieber)",Warner Records Nashville,5,34,27,109757,SG,Singapore,Q2,2020
35,spotify:track:6KfoDhO4XUWSbnyKjNp9c4,Conan Gray,Maniac,Republic Records,32,32,17,103170,SG,Singapore,Q2,2020
36,spotify:track:7aiClxsDWFRQ0Kzk5KI5ku,blackbear,hot girl bummer,Alamo,10,39,32,101140,SG,Singapore,Q2,2020
37,spotify:track:3jjujdWJ72nww5eGnfs2E7,Harry Styles,Adore You,Columbia,16,37,18,100823,SG,Singapore,Q2,2020
38,spotify:track:2qG81jL9UIP54uS8gYyP4k,"Lauv, BTS",Who,Lauv,11,35,5,94333,SG,Singapore,Q2,2020
39,spotify:track:70eFcWOvlMObDhURTqT4Fv,"Ed Sheeran, Khalid",Beautiful People (feat. Khalid),Atlantic Records UK,2,44,41,94017,SG,Singapore,Q2,2020
40,spotify:track:2gug6MRv4xQFYi9LA3PJCS,Eric Chou,你，好不好？ - TVBS連續劇【遺憾拼圖】片尾曲,Sony Music Entertainment,23,42,172,93332,SG,Singapore,Q2,2020
41,spotify:track:6iNH42q8haGYDYGhKK6XiJ,A-Lin,有一種悲傷 - 電影《比悲傷更悲傷的故事》主題曲,Sony Music Entertainment,1,43,71,93190,SG,Singapore,Q2,2020
42,spotify:track:2ZTYlnhhV1UAReg7wIGolx,Sam Smith,To Die For,PLG - Capitol,21,31,8,89797,SG,Singapore,Q2,2020
43,spotify:track:4EivmOT13NMpNSfTKn9p4s,"Doja Cat, Gucci Mane",Like That (feat. Gucci Mane),Kemosabe Records/RCA Records,43,79,4,89102,SG,Singapore,Q2,2020
44,spotify:track:1ivCIgrYZyE0BvItL4Z8lk,Jay Chou,告白氣球,Universal Music Taiwan (JVR),28,46,172,87891,SG,Singapore,Q2,2020
45,spotify:track:5KawlOMHjWeUjQtnuRs22c,"BTS, Halsey",Boy With Luv (feat. Halsey),BIGHIT MUSIC,1,47,52,87649,SG,Singapore,Q2,2020
46,spotify:track:2p8IUWQDrpjuFltbdgLOag,The Weeknd,After Hours,Republic Records,20,36,7,85482,SG,Singapore,Q2,2020
47,spotify:track:5DqdesEfbRyOlSS3Tf6c29,Ali Gatie,It's You,Warner Records,8,49,43,84542,SG,Singapore,Q2,2020
48,spotify:track:3ZCTVFBt2Brf31RLEnCkWJ,Billie Eilish,everything i wanted,Darkroom/Interscope Records,4,38,21,84401,SG,Singapore,Q2,2020
49,spotify:track:2alc8VZAzDgdAsL2QMk3hu,DripReport,Skechers,Arista Records,49,78,4,83339,SG,Singapore,Q2,2020
50,spotify:track:2QyuXBcV1LJ2rq01KhreMF,BTS,ON,BIGHIT MUSIC,4,45,7,82726,SG,Singapore,Q2,2020
1,spotify:track:3vAn0qZzdyuHamcrpkfiX3,BLACKPINK,How You Like That,YG Entertainment/Interscope Records,1,1,2,588259,SG,Singapore,Q3,2020
2,spotify:track:1xQ6trAsedVPCdbtDAmk0c,"Jawsh 685, Jason Derulo",Savage Love (Laxed - Siren Beat),Columbia,2,2,4,255176,SG,Singapore,Q3,2020
3,spotify:track:4HBZA5flZLE435QTztThqH,"Ariana Grande, Justin Bieber",Stuck with U (with Justin Bieber),"Ariana Grande & Justin Bieber ""Stuck With U""- Charity",1,3,9,212599,SG,Singapore,Q3,2020
4,spotify:track:3Z8FwOEN59mRMxDCtb8N0A,"Marshmello, Halsey",Be Kind (with Halsey),Astralwerks,3,5,10,184346,SG,Singapore,Q3,2020
5,spotify:track:0VjIjW4GlUZAMYd2vXMi3b,The Weeknd,Blinding Lights,Republic Records,2,6,32,172169,SG,Singapore,Q3,2020
6,spotify:track:7qEHsqek33rTcFNT9PFqLf,Lewis Capaldi,Someone You Loved,Vertigo Berlin,4,7,77,166876,SG,Singapore,Q3,2020
7,spotify:track:7eJMfftS33KTjuF7lTsMCx,"Powfu, beabadoobee",death bed (coffee for your head),Columbia,1,9,21,156869,SG,Singapore,Q3,2020
8,spotify:track:2gMXnyrvIjhVBUZwvLZDMP,Lewis Capaldi,Before You Go,Vertigo Berlin,8,12,33,155933,SG,Singapore,Q3,2020
9,spotify:track:7ytR5pFWmSjzHJIeQkgog4,"DaBaby, Roddy Ricch",ROCKSTAR (feat. Roddy Ricch),South Coast Music Group/Interscope Records,9,14,12,154082,SG,Singapore,Q3,2020
10,spotify:track:0pYacDCZuRhcrwGUA5nTBe,"IU, SUGA",eight(Prod.&Feat. SUGA of BTS),EDAM Entertainment,1,10,10,146469,SG,Singapore,Q3,2020
11,spotify:track:62aP9fBQKYKxi7PDXwcUAS,"Surf Mesa, Emilee",ily (i love you baby) (feat. Emilee),Astralwerks,11,17,15,145768,SG,Singapore,Q3,2020
12,spotify:track:4DpNNXFMMxQEKl7r0ykkWA,Melanie Martinez,Play Date,Atlantic Records,5,13,11,145701,SG,Singapore,Q3,2020
13,spotify:track:1IWNylpZ477gIVUDpJL66u,"Lady Gaga, BLACKPINK",Sour Candy (with BLACKPINK),Interscope,1,4,7,144375,SG,Singapore,Q3,2020
14,spotify:track:7ju97lgwC2rKQ6wwsf9no9,"Lady Gaga, Ariana Grande",Rain On Me (with Ariana Grande),Interscope,1,11,7,143184,SG,Singapore,Q3,2020
15,spotify:track:4umIPjkehX1r7uhmGvXiSV,"Justin Bieber, Quavo",Intentions (feat. Quavo),RBMG/Def Jam,1,15,22,139913,SG,Singapore,Q3,2020
16,spotify:track:3PfIrDoz19wz7qK7tYeu62,Dua Lipa,Don't Start Now,Warner Records,1,16,36,136707,SG,Singapore,Q3,2020
17,spotify:track:2b8fOow8UzyDFAE27YhOZM,Maroon 5,Memories,Interscope Records*,1,18,42,135554,SG,Singapore,Q3,2020
18,spotify:track:2bAAj29XGc4h1G4oEGYCmg,TWICE,MORE & MORE,Republic Records - TWICE,1,8,6,130659,SG,Singapore,Q3,2020
19,spotify:track:2kqnQCChvRpDRAasIwc4Rh,HWASA,Maria,"RBW, Inc",19,108,2,127718,SG,Singapore,Q3,2020
20,spotify:track:24Yi9hE78yPEbZ4kxyoXAI,"SAINt JHN, Imanbek",Roses - Imanbek Remix,Craft Recordings,11,19,17,125998,SG,Singapore,Q3,2020
21,spotify:track:6UelLqGlWMcVH1E5c4H7lY,Harry Styles,Watermelon Sugar,Columbia,12,23,31,125559,SG,Singapore,Q3,2020
22,spotify:track:1rgnBhdG2JDFTbYkYRZAku,Tones And I,Dance Monkey,Elektra (NEK),1,22,49,123218,SG,Singapore,Q3,2020
23,spotify:track:017PF4Q3l4DBUiWoXk4OWT,Dua Lipa,Break My Heart,Warner Records,11,21,15,118505,SG,Singapore,Q3,2020
24,spotify:track:5cU1O9P0EDA0rPkPDykhIm,Eric Chou,怎麼了,Sony Music Entertainment,6,26,78,118366,SG,Singapore,Q3,2020
25,spotify:track:69zgyr5HVKdInjeKpq1qHa,831,想見你想見你想見你 - 電視劇《想見你》片尾曲,"Rock Records Co., Ltd.",15,24,21,117678,SG,Singapore,Q3,2020
26,spotify:track:7oQh96s9YemWG3A4zkIbrU,SUNMI,pporappippam,Makeus Entertainment,26,114,2,117069,SG,Singapore,Q3,2020
27,spotify:track:4nK5YrxbMGZstTLbvj6Gxw,"BENEE, Gus Dapperton",Supalonely,Republic Records,7,25,18,115985,SG,Singapore,Q3,2020
28,spotify:track:50wetCP0Nsx5sIaFHCYlCe,Lauv,Love Somebody,Lauv,28,29,2,114344,SG,Singapore,Q3,2020
29,spotify:track:5RqR4ZCCKJDcBLIn4sih9l,StaySolidRocky,Party Girl,Columbia,29,30,9,113696,SG,Singapore,Q3,2020
30,spotify:track:56wVfJKtnwlSZtC4NVgIrf,"Jay Chou, Ashin Chen",說好不哭,Universal Music Taiwan (JVR),1,27,43,113538,SG,Singapore,Q3,2020
31,spotify:track:6v3KW9xbzN5yKLt9YKDYA2,"Shawn Mendes, Camila Cabello",Señorita,Island Records,1,28,55,112661,SG,Singapore,Q3,2020
32,spotify:track:2kJwzbxV2ppxnQoYw4GLBZ,"JP Saxe, Julia Michaels",If the World Was Ending (feat. Julia Michaels),Arista Records,18,33,35,108285,SG,Singapore,Q3,2020
33,spotify:track:466cKvZn1j45IpxDdYZqdA,Drake,Toosie Slide,OVO,1,31,14,104145,SG,Singapore,Q3,2020
34,spotify:track:3Dv1eDb0MEgF93GpLXlucZ,Doja Cat,Say So,Kemosabe Records/RCA Records,4,34,28,104069,SG,Singapore,Q3,2020
35,spotify:track:45bE4HXI0AwGZXfZtMp8JR,Tate McRae,you broke me first,RCA Records Label,35,39,6,103714,SG,Singapore,Q3,2020
36,spotify:track:21jGcNKet2qwijlDFuPiPb,Post Malone,Circles,Republic Records,2,35,45,102262,SG,Singapore,Q3,2020
37,spotify:track:1sgDyuLooyvEML4oHspNza,"Kygo, OneRepublic",Lose Somebody,Kygo,27,36,8,99144,SG,Singapore,Q3,2020
38,spotify:track:6c1QaQHdDhtFMfUkhueuXK,Red Velvet - IRENE & SEULGI,Monster,SM Entertainment,38,-1,1,98781,SG,Singapore,Q3,2020
39,spotify:track:4ja2gzrNh9VNigzoXfmbwD,Peach Tree Rascals,Mariposa,"Homemade Projects, LLC / TenThousand Projects, LLC",39,46,4,98344,SG,Singapore,Q3,2020
40,spotify:track:47EWMOElkkbMp5m9SBkx7d,Alexander 23,IDK You Yet,Interscope Records,31,38,9,96136,SG,Singapore,Q3,2020
41,spotify:track:22LAwLoDA5b4AaGSkg6bKW,Lil Mosey,Blueberry Faygo,Mogul Vision/Interscope Records,9,44,22,93282,SG,Singapore,Q3,2020
42,spotify:track:1lNHWPDvKEbamKezpLq7HW,HONNE,no song without you,Atlantic Records UK,42,59,4,92897,SG,Singapore,Q3,2020
43,spotify:track:7szuecWAPwGoV1e5vGu8tl,The Weeknd,In Your Eyes,Republic Records,13,43,16,92480,SG,Singapore,Q3,2020
44,spotify:track:2gug6MRv4xQFYi9LA3PJCS,Eric Chou,你，好不好？ - TVBS連續劇【遺憾拼圖】片尾曲,Sony Music Entertainment,23,41,185,91914,SG,Singapore,Q3,2020
45,spotify:track:1ivCIgrYZyE0BvItL4Z8lk,Jay Chou,告白氣球,Universal Music Taiwan (JVR),28,45,185,88977,SG,Singapore,Q3,2020
46,spotify:track:7BYMjh3vWnHU4IFyfZdIDO,Jay Chou,Mojito,Universal Music Taiwan (JVR),6,32,4,85262,SG,Singapore,Q3,2020
47,spotify:track:4pUCKHjJ4Ijewc37rRrvHn,BLACKPINK,Kill This Love,"YG Entertainment, distributed through Interscope Records",1,40,67,83886,SG,Singapore,Q3,2020
48,spotify:track:0RzT9tBLcQhofW2TNiHP9B,Stray Kids,God’s Menu,Republic Records - Stray Kids,41,42,3,82042,SG,Singapore,Q3,2020
49,spotify:track:2ccNaerby1wXA993dY6XsR,LANY,if this is the last time,Polydor Records,49,-1,1,79992,SG,Singapore,Q3,2020
50,spotify:track:6tCssnvTUREcperDOUTqvA,ITZY,WANNABE,Republic Records - ITZY,1,52,18,79593,SG,Singapore,Q3,2020
1,spotify:track:4Ws314Ylb27BVsvlZOy30C,BLACKPINK,Lovesick Girls,YG Entertainment/Interscope Records,1,-1,1,724089,SG,Singapore,Q4,2020
2,spotify:track:7iAgNZdotu40NwtoIWJHFe,"BLACKPINK, Cardi B",Bet You Wanna (feat. Cardi B),YG Entertainment/Interscope Records,2,-1,1,353763,SG,Singapore,Q4,2020
3,spotify:track:0t1kP63rueHleOhQkYSXFY,BTS,Dynamite,BIGHIT MUSIC,1,1,7,353669,SG,Singapore,Q4,2020
4,spotify:track:4JUPEh2DVSXFGExu4Uxevz,"BLACKPINK, Selena Gomez",Ice Cream (with Selena Gomez),YG Entertainment/Interscope Records,2,2,6,344320,SG,Singapore,Q4,2020
5,spotify:track:1XnpzbOGptRwfJhZgLbmSr,BLACKPINK,Pretty Savage,YG Entertainment/Interscope Records,5,-1,1,338462,SG,Singapore,Q4,2020
6,spotify:track:4SFknyjLcyTLJFPKD2m96o,BLACKPINK,How You Like That,YG Entertainment/Interscope Records,1,8,15,318641,SG,Singapore,Q4,2020
7,spotify:track:7qq0EOPW4RRlqdvMBmdd73,BLACKPINK,Crazy Over You,YG Entertainment/Interscope Records,7,-1,1,286790,SG,Singapore,Q4,2020
8,spotify:track:39kzWAiVPpycdMpr745oPj,BLACKPINK,You Never Know,YG Entertainment/Interscope Records,8,-1,1,286260,SG,Singapore,Q4,2020
9,spotify:track:7iKDsPfLT0d5mu2htfMKBZ,BLACKPINK,Love To Hate Me,YG Entertainment/Interscope Records,9,-1,1,278270,SG,Singapore,Q4,2020
10,spotify:track:4xqrdfXkTW4T0RauPLv3WA,Conan Gray,Heather,Republic Records,2,3,15,221900,SG,Singapore,Q4,2020
11,spotify:track:3tjFYV6RSFtuktYl3ZtYcq,"24kGoldn, iann dior",Mood (feat. iann dior),Records/Columbia,4,4,8,199254,SG,Singapore,Q4,2020
12,spotify:track:5KCbr5ndeby4y4ggthdiAb,Shawn Mendes,Wonder,Shawn Mendes LP4-5 PS/ Island,12,-1,1,198505,SG,Singapore,Q4,2020
13,spotify:track:45bE4HXI0AwGZXfZtMp8JR,Tate McRae,you broke me first,RCA Records Label,5,5,19,185369,SG,Singapore,Q4,2020
14,spotify:track:5u1n1kITHCxxp8twBcZxWy,"Justin Bieber, Chance the Rapper",Holy (feat. Chance The Rapper),RBMG/Def Jam,6,6,3,184201,SG,Singapore,Q4,2020
15,spotify:track:2gMXnyrvIjhVBUZwvLZDMP,Lewis Capaldi,Before You Go,Vertigo Berlin,4,9,46,179808,SG,Singapore,Q4,2020
16,spotify:track:7aGyRfJWtLqgJaZoG9lJhE,salem ilese,Mad at Disney,10K Projects,7,10,6,169619,SG,Singapore,Q4,2020
17,spotify:track:4Oun2ylbjFKMPTiaSbbCih,"Cardi B, Megan Thee Stallion",WAP (feat. Megan Thee Stallion),Atlantic/KSR,4,7,9,166316,SG,Singapore,Q4,2020
18,spotify:track:7qEHsqek33rTcFNT9PFqLf,Lewis Capaldi,Someone You Loved,Vertigo Berlin,4,12,90,161854,SG,Singapore,Q4,2020
19,spotify:track:4TgxFMOn5yoESW6zCidCXL,"Jawsh 685, Jason Derulo, BTS",Savage Love (Laxed – Siren Beat) [BTS Remix],Columbia,19,-1,1,155669,SG,Singapore,Q4,2020
20,spotify:track:3IveWAHTMxZA4KYBPnylq5,Ren Ran,飞鸟和蝉,北京千和世纪文化传播有限公司,10,11,8,152396,SG,Singapore,Q4,2020
21,spotify:track:69zgyr5HVKdInjeKpq1qHa,831,想見你想見你想見你 - 電視劇《想見你》片尾曲,"Rock Records Co., Ltd.",14,14,34,133079,SG,Singapore,Q4,2020
22,spotify:track:3Z8FwOEN59mRMxDCtb8N0A,"Marshmello, Halsey",Be Kind (with Halsey),Astralwerks,3,17,23,132759,SG,Singapore,Q4,2020
23,spotify:track:6UelLqGlWMcVH1E5c4H7lY,Harry Styles,Watermelon Sugar,Columbia,10,13,44,132020,SG,Singapore,Q4,2020
24,spotify:track:2b8fOow8UzyDFAE27YhOZM,Maroon 5,Memories,Interscope Records*,1,19,55,130401,SG,Singapore,Q4,2020
25,spotify:track:4HBZA5flZLE435QTztThqH,"Ariana Grande, Justin Bieber",Stuck with U (with Justin Bieber),"Ariana Grande & Justin Bieber ""Stuck With U""- Charity",1,16,22,129983,SG,Singapore,Q4,2020
26,spotify:track:5cU1O9P0EDA0rPkPDykhIm,Eric Chou,怎麼了,Sony Music Entertainment,6,18,91,125201,SG,Singapore,Q4,2020
27,spotify:track:7hxHWCCAIIxFLCzvDgnQHX,"Internet Money, Gunna, Don Toliver, NAV",Lemonade (feat. NAV),Internet Money Records / TenThousand Projects,23,23,6,120117,SG,Singapore,Q4,2020
28,spotify:track:0VjIjW4GlUZAMYd2vXMi3b,The Weeknd,Blinding Lights,Republic Records,2,22,45,118027,SG,Singapore,Q4,2020
29,spotify:track:1dLXLETYiZohIZWnse4ypG,ZAYN,Better,RCA Records Label,24,24,2,111338,SG,Singapore,Q4,2020
30,spotify:track:1xQ6trAsedVPCdbtDAmk0c,"Jawsh 685, Jason Derulo",Savage Love (Laxed - Siren Beat),Columbia,2,15,17,111119,SG,Singapore,Q4,2020
31,spotify:track:2gug6MRv4xQFYi9LA3PJCS,Eric Chou,你，好不好？ - TVBS連續劇【遺憾拼圖】片尾曲,Sony Music Entertainment,23,27,198,105953,SG,Singapore,Q4,2020
32,spotify:track:4ecVWqbtW6phQGpZMAyqIU,ITZY,Not Shy,Republic Records - ITZY,2,20,8,105723,SG,Singapore,Q4,2020
33,spotify:track:6v3KW9xbzN5yKLt9YKDYA2,"Shawn Mendes, Camila Cabello",Señorita,Island Records,1,29,68,104862,SG,Singapore,Q4,2020
34,spotify:track:2kqnQCChvRpDRAasIwc4Rh,HWASA,Maria,"RBW, Inc",5,25,15,103618,SG,Singapore,Q4,2020
35,spotify:track:4dV0T2JbvRemNAdt2oaOhG,"Gentle Bones, Tay Kewei",你還不知道？,Cross Ratio Entertainment,28,28,6,103124,SG,Singapore,Q4,2020
36,spotify:track:5hvwx5i67IwnCkjl9VHkNv,Sam Smith,Diamonds,PLG - Capitol,21,21,3,100724,SG,Singapore,Q4,2020
37,spotify:track:7B3z0ySL9Rr0XvZEAjWZzM,Clairo,Sofia,FADER Label,37,98,2,98842,SG,Singapore,Q4,2020
38,spotify:track:1tkg4EHVoqnhR6iFEXb60y,Pop Smoke,What You Know Bout Love,Victor Victor Worldwide,38,52,2,98689,SG,Singapore,Q4,2020
39,spotify:track:3t8M86tiO0aKMMTXzRrFn8,en,嚣张,嗨库文化,24,31,40,97739,SG,Singapore,Q4,2020
40,spotify:track:59qrUpoplZxbIZxk6X0Bm3,Jason Derulo,Take You Dancing,Atlantic Records,38,38,9,94888,SG,Singapore,Q4,2020
41,spotify:track:56wVfJKtnwlSZtC4NVgIrf,"Jay Chou, Ashin Chen",說好不哭,Universal Music Taiwan (JVR),1,26,56,93457,SG,Singapore,Q4,2020
42,spotify:track:2kJwzbxV2ppxnQoYw4GLBZ,"JP Saxe, Julia Michaels",If the World Was Ending (feat. Julia Michaels),Arista Records,18,35,48,92293,SG,Singapore,Q4,2020
43,spotify:track:5uCax9HTNlzGybIStD3vDh,James Arthur,Say You Won't Let Go,Columbia,2,43,198,92034,SG,Singapore,Q4,2020
44,spotify:track:4umIPjkehX1r7uhmGvXiSV,"Justin Bieber, Quavo",Intentions (feat. Quavo),RBMG/Def Jam,1,36,35,91491,SG,Singapore,Q4,2020
45,spotify:track:1ivCIgrYZyE0BvItL4Z8lk,Jay Chou,告白氣球,Universal Music Taiwan (JVR),28,41,198,90327,SG,Singapore,Q4,2020
46,spotify:track:6AGOKlMZWLCaEJGnaROtF9,Ritt Momney,Put Your Records On,Columbia,46,51,3,89854,SG,Singapore,Q4,2020
47,spotify:track:5GhJIMWAw0uMLgkdbt6uMz,Why Don't We,Fallin’ (Adrenaline),Atlantic Records,47,-1,1,89830,SG,Singapore,Q4,2020
48,spotify:track:6sI8Q7TTJeA9exw6hxEqq3,"MAX, SUGA",Blueberry Eyes (feat. SUGA of BTS),Colour Vision Records/Sony Music Entertainment,48,50,3,88582,SG,Singapore,Q4,2020
49,spotify:track:7eJMfftS33KTjuF7lTsMCx,"Powfu, beabadoobee",death bed (coffee for your head),Columbia,1,34,34,88221,SG,Singapore,Q4,2020
50,spotify:track:1rgnBhdG2JDFTbYkYRZAku,Tones And I,Dance Monkey,Elektra (NEK),1,42,62,88218,SG,Singapore,Q4,2020
1,spotify:track:0Ca4p7aZRXKdGvLuqezTwC,Enes Batur,Dolunay,ILS Music,1,2,3,1004772,TR,Turkey,Q1,2020
2,spotify:track:4IJEw3fDvS6XF4sDc3bvjK,"Murda, Ezhel",AYA,Noah's Ark BV,1,3,16,977082,TR,Turkey,Q1,2020
3,spotify:track:1rgnBhdG2JDFTbYkYRZAku,Tones And I,Dance Monkey,Elektra (NEK),3,4,17,962705,TR,Turkey,Q1,2020
4,spotify:track:2KlbLTnQ5Wch2oOelW0Y2k,"Ufo361, Ezhel",Wir sind Kral,Urban,1,5,13,924642,TR,Turkey,Q1,2020
5,spotify:track:1LNUxWJifZNEPpd273N2le,Emir Can İğrek,Nalan,Hypers,2,6,18,882203,TR,Turkey,Q1,2020
6,spotify:track:5sSKQKLzKqOKxbgUyGlk2w,Ceza,Beatcoin,ED Müzik,1,1,3,871549,TR,Turkey,Q1,2020
7,spotify:track:4QVEEOx7TeTA0vQfeP8tgN,Patron,Goal,PMC,7,9,9,813052,TR,Turkey,Q1,2020
8,spotify:track:6bBnnrknLbDoOCUdKMkmnq,Ben Fero,Arkadaş,Ben Fero,1,7,9,808719,TR,Turkey,Q1,2020
9,spotify:track:0V0bWil6rS8w4Xbn6eGwCQ,İkiye On Kala,Bütün İstanbul Biliyo,Joojee,8,10,8,785550,TR,Turkey,Q1,2020
10,spotify:track:24BvlSG2Y36Heg1dwLwHtu,Zeynep Bastık,Uslanmıyor Bu,Hypers,10,-1,1,731988,TR,Turkey,Q1,2020
11,spotify:track:3F1vlhA0ISnqXJMOXUZP7V,"Rozz Kalliope, Ece Seçkin",Benjamins 3,DOĞAN MÜZİK YAPIM,1,8,6,702571,TR,Turkey,Q1,2020
12,spotify:track:36ulbeGLdspdIYSFKXIlmN,Sagopa Kajmer,Toz Taneleri,Melankolia Müzik,1,11,6,691682,TR,Turkey,Q1,2020
13,spotify:track:1BzTI6CkluzAJsXFRkXTaR,"Ufo361, Ezhel",Yemin Olsun,Urban,3,12,8,666110,TR,Turkey,Q1,2020
14,spotify:track:5XR0fbf6IAizysmuSQDoUX,Aspova,Eskimiş Senelere,Masta JAM Music,10,14,16,658556,TR,Turkey,Q1,2020
15,spotify:track:7hGc0ggqVVOndzHLIS4Kag,Ezhel,LOLO,StageArt Europe,5,13,18,608497,TR,Turkey,Q1,2020
16,spotify:track:2qpwx9xOkCqzOMVnOkZ2X8,Patron,Güzel Kızlar Patron Dinler,Sofistikal Music,5,15,28,561972,TR,Turkey,Q1,2020
17,spotify:track:4TnjEaWOeW0eKTKIEvJyCa,Trevor Daniel,Falling,Alamo,17,17,6,543989,TR,Turkey,Q1,2020
18,spotify:track:0xNW1WrxJP3USOL2r0gqHE,"Mustafa Sandal, Zeynep Bastık",Mod,YaDa Müzik,12,18,9,530740,TR,Turkey,Q1,2020
19,spotify:track:5m42G9KcZupRGXyBj2dPzV,"BEGE, EFESAVAGE",Neresi?,BEGE,2,16,9,513423,TR,Turkey,Q1,2020
20,spotify:track:7hU3H2id2pBVawD7e3zd8N,Kahraman Deniz,Böyle Sever,Locca Records,10,19,54,503742,TR,Turkey,Q1,2020
21,spotify:track:5CaKpl8JB1FMCbsgh0sgO8,Ufuk Beydemir,Ay Tenli Kadın,Zoom,1,21,92,466119,TR,Turkey,Q1,2020
22,spotify:track:3loy88Lp5qoTHhL8GhRfVZ,Norm Ender,Mekanın Sahibi,Independent,1,20,25,455031,TR,Turkey,Q1,2020
23,spotify:track:6v3KW9xbzN5yKLt9YKDYA2,"Shawn Mendes, Camila Cabello",Señorita,Island Records,7,23,29,453942,TR,Turkey,Q1,2020
24,spotify:track:5pdsGdTeqH6MHqJeKkpwX3,"Anıl Piyancı, Zeynep Bastık",Bırakman Doğru Mu,Yeşil Oda Yapım,2,26,29,451303,TR,Turkey,Q1,2020
25,spotify:track:4tT9mBO8n3pEuCeUDnzE4s,"Ufo361, Ezhel",YKKE,Urban,4,25,10,450449,TR,Turkey,Q1,2020
26,spotify:track:768WdBNQJQiDzbMjTZx5aZ,Emir Can İğrek,Silahım Yok,Hypers,14,22,3,440291,TR,Turkey,Q1,2020
27,spotify:track:2Fxmhks0bxGSBdJ92vM42m,Billie Eilish,bad guy,Darkroom/Interscope Records,4,24,41,431175,TR,Turkey,Q1,2020
28,spotify:track:7zn6VQuPR6aCLPRcZAA89R,Yüzyüzeyken Konuşuruz,Ölsem Yeridir,SONY MUSIC TURKEY,5,32,37,426678,TR,Turkey,Q1,2020
29,spotify:track:6sMKnGxbHEloI6usl0FLdh,"Grogi, Khontkar",Gelemem,Basemode Records,29,40,14,420867,TR,Turkey,Q1,2020
30,spotify:track:11PO9iu6PtpgL1JK4QNUEJ,Yüzyüzeyken Konuşuruz,Dinle Beni Bi',SONY MUSIC TURKEY,19,33,98,419533,TR,Turkey,Q1,2020
31,spotify:track:3ZCTVFBt2Brf31RLEnCkWJ,Billie Eilish,everything i wanted,Darkroom/Interscope Records,16,27,8,415742,TR,Turkey,Q1,2020
32,spotify:track:2VUTPdW21gPVVTEmvdSwos,Reynmen,Ela,Houze Istanbul,1,29,26,409493,TR,Turkey,Q1,2020
33,spotify:track:73Ec1iE2MDm6Y16Tq2Rz8O,Adamlar,Zombi,GARAJ,7,31,39,405821,TR,Turkey,Q1,2020
34,spotify:track:59l0CeaA4LLngf30waUXWB,Ezhel,Felaket,StageArt Europe,1,30,49,396620,TR,Turkey,Q1,2020
35,spotify:track:2fvT2Y3xXxjNLxZgV4Si9t,Emir Can İğrek,Defoluyorum,Hypers,31,38,45,391232,TR,Turkey,Q1,2020
36,spotify:track:2CjjjGKJA1ybc5wjCyJYjm,Feride Hilal Akın,Yok Yok,DOĞAN MÜZİK YAPIM,1,39,34,387092,TR,Turkey,Q1,2020
37,spotify:track:3AcW8pLpwabvsvAJSJMqbw,Sagopa Kajmer,Vazgeçtim İnan,Melankolia Müzik,7,34,6,387052,TR,Turkey,Q1,2020
38,spotify:track:6R3YNDKSDdXh4s8sKewqCD,Mustafa Ceceli,Bedel,DOĞAN MÜZİK YAPIM,18,36,12,384304,TR,Turkey,Q1,2020
39,spotify:track:2kQTQ4x3tG1BcBA4nFp6qf,Mert Şenel,Şaraplar ve Kadınlar,PRBLMS!,9,35,40,383785,TR,Turkey,Q1,2020
40,spotify:track:7hi5MfCb1vIPwsXAhm2z2P,"Şanışer, Sezen Aksu",Kara Geceler,Collabel,9,28,4,369620,TR,Turkey,Q1,2020
41,spotify:track:51Fjme0JiitpyXKuyQiCDo,"Y2K, bbno$",Lalala,Columbia,11,37,27,359665,TR,Turkey,Q1,2020
42,spotify:track:75h4Bilr9NatfonTWxEQXB,Kahraman Deniz,Uzak Gelecek,Locca Records,42,49,7,347424,TR,Turkey,Q1,2020
43,spotify:track:79MWhuYapVlBQ4ozGVdO6e,"Cem Adrian, Hande Mehan",Sen Benim Şarkılarımsın,SONY MUSIC TURKEY,43,44,69,340393,TR,Turkey,Q1,2020
44,spotify:track:7CyKxThAhId8fyIauqLHyU,Patron,Manzaralar,PMC,21,47,40,338653,TR,Turkey,Q1,2020
45,spotify:track:09XOVDSIbBxBf6Kr1vGnHf,Ceza,Neyim Var Ki (feat. Sagopa K),Hammer Müzik,2,42,108,338491,TR,Turkey,Q1,2020
46,spotify:track:4pqintftlokZCfmrA67rRj,Hande Ünsal,Daha İyi,DOĞAN MÜZİK YAPIM,46,54,6,332943,TR,Turkey,Q1,2020
47,spotify:track:6LcauUZjF1eXQrgqMUecHX,Tyga,Ayy Macarena,Columbia/Last Kings Records,47,76,3,331202,TR,Turkey,Q1,2020
48,spotify:track:7iQYp6Fp3xFFatU20GZtLe,"BEGE, Nova Norda",Yeniden,BEGE,1,43,28,329760,TR,Turkey,Q1,2020
49,spotify:track:0OSROf38sIH5vvq33dTTtp,Eypio,Naim - Cep Herkülü Naim Süleymanoğlu Orjinal Film Müziği,Doğan Müzik Yapim,49,55,7,326529,TR,Turkey,Q1,2020
50,spotify:track:4nWVlBWgG018k57NMeT9An,Berkay,İki Hece,AVRUPA MÜZİK YAPIM,42,51,4,324319,TR,Turkey,Q1,2020
1,spotify:track:3aXTeIVnDvo2MT1xLTdGK3,Gazapizm,Unutulacak Dünler,Argo Yapım,1,1,9,1277856,TR,Turkey,Q2,2020
2,spotify:track:7BjmOMyfT4PBKbZuSCwWPc,"Murda, Ezhel",Bi Sonraki Hayatımda Gel,Noah's Ark BV,1,2,11,1210649,TR,Turkey,Q2,2020
3,spotify:track:3oUozR82kijD0ytkjvZaKm,BEGE,İlerle,BEGE,3,10,2,1096815,TR,Turkey,Q2,2020
4,spotify:track:5GBbUx3eAHDgoOvdcpFObI,Gazapizm,Sağı Solu Kes,Argo Yapım,2,3,9,862785,TR,Turkey,Q2,2020
5,spotify:track:24Yi9hE78yPEbZ4kxyoXAI,"SAINt JHN, Imanbek",Roses - Imanbek Remix,Craft Recordings,5,6,11,847654,TR,Turkey,Q2,2020
6,spotify:track:1RqNAiL2toZ59HTjQbFLfM,Reynmen,Leila,Houze Istanbul,1,4,10,777418,TR,Turkey,Q2,2020
7,spotify:track:24BvlSG2Y36Heg1dwLwHtu,Zeynep Bastık,Uslanmıyor Bu,Hypers,4,5,14,712340,TR,Turkey,Q2,2020
8,spotify:track:0YGzausz5cMhQDiJj1RQuv,Sezen Aksu,Ben De Yoluma Giderim,EMI - Kent Elektronik Sanayi ve Ticaret A.S.,2,7,7,699820,TR,Turkey,Q2,2020
9,spotify:track:2EcyUitRil7H1qcOuMYVhK,"Bilal Sonses, Seda Tripkolic",Sonu Gelmez,Sonses Müzik,8,8,2,687954,TR,Turkey,Q2,2020
10,spotify:track:1rgnBhdG2JDFTbYkYRZAku,Tones And I,Dance Monkey,Elektra (NEK),3,9,30,637757,TR,Turkey,Q2,2020
11,spotify:track:4IJEw3fDvS6XF4sDc3bvjK,"Murda, Ezhel",AYA,Noah's Ark BV,1,12,29,599436,TR,Turkey,Q2,2020
12,spotify:track:1l0cnUKIlkv7moUqGyjNqZ,Tuğçe Kandemir,El-Âlem,TTE Production,7,11,6,599303,TR,Turkey,Q2,2020
13,spotify:track:0dIjz9nV55CVd8PGJRP3zL,Emir Can İğrek,Sapa,Hypers,13,45,2,593456,TR,Turkey,Q2,2020
14,spotify:track:5DJEXxOutnFD5GEUVk88yE,Yüzyüzeyken Konuşuruz,Kazılı Kuyum,SONY MUSIC TURKEY,2,14,13,585007,TR,Turkey,Q2,2020
15,spotify:track:0nbXyq5TXYPCO7pr3N8S4I,Roddy Ricch,The Box,Atlantic Records,13,13,13,566335,TR,Turkey,Q2,2020
16,spotify:track:49nLiYUglfKP3GCIPkRZ4g,Murda,Pahalı,Noah's Ark BV,16,17,7,560710,TR,Turkey,Q2,2020
17,spotify:track:1LNUxWJifZNEPpd273N2le,Emir Can İğrek,Nalan,Hypers,2,23,31,521799,TR,Turkey,Q2,2020
18,spotify:track:2rRJrJEo19S2J82BDsQ3F7,Trevor Daniel,Falling,Alamo,17,18,19,521165,TR,Turkey,Q2,2020
19,spotify:track:0VjIjW4GlUZAMYd2vXMi3b,The Weeknd,Blinding Lights,Republic Records,14,15,19,509857,TR,Turkey,Q2,2020
20,spotify:track:2htLZqUXatp2XYVOAI4wN1,"Murda, Zeynep Bastık, Idaly",Güneș,Noah's Ark BV,6,16,8,509661,TR,Turkey,Q2,2020
21,spotify:track:6ZO84z5SOlu7nCL7UONjOC,Aleyna Tilki,Yalan,DOĞAN MÜZİK YAPIM,7,20,7,505637,TR,Turkey,Q2,2020
22,spotify:track:0V0bWil6rS8w4Xbn6eGwCQ,İkiye On Kala,Bütün İstanbul Biliyo,Joojee,8,21,21,492491,TR,Turkey,Q2,2020
23,spotify:track:4QVEEOx7TeTA0vQfeP8tgN,Patron,Goal,PMC,6,19,22,486278,TR,Turkey,Q2,2020
24,spotify:track:78qd8dvwea0Gosb6Fe6j3k,Doja Cat,Boss Bitch,Atlantic Records,24,29,4,468942,TR,Turkey,Q2,2020
25,spotify:track:2uJlSN4MmKpto9AtXJWgTr,Murda,EH BABA,Noah's Ark BV,1,22,13,454674,TR,Turkey,Q2,2020
26,spotify:track:2r4FPlaVXRdR2nSbUqcTgr,Kaya Giray,Yarınım Yok,Milk Jack Music,26,30,12,447089,TR,Turkey,Q2,2020
27,spotify:track:5XR0fbf6IAizysmuSQDoUX,Aspova,Eskimiş Senelere,Masta JAM Music,10,25,29,446725,TR,Turkey,Q2,2020
28,spotify:track:3PfIrDoz19wz7qK7tYeu62,Dua Lipa,Don't Start Now,Warner Records,28,31,23,435902,TR,Turkey,Q2,2020
29,spotify:track:4rHShZ4XGtYTBhBmBsM4GL,Sena Şener,Teni Tenime,PASAJ,26,26,4,426744,TR,Turkey,Q2,2020
30,spotify:track:7hU3H2id2pBVawD7e3zd8N,Kahraman Deniz,Böyle Sever,Locca Records,10,28,67,425221,TR,Turkey,Q2,2020
31,spotify:track:3mRVgn5Q4AbECPzPRlCEk3,Sezen Aksu,Yetinmeyi Bilir Misin?,EMI - Kent Elektronik Sanayi ve Ticaret A.S.,3,27,12,421607,TR,Turkey,Q2,2020
32,spotify:track:2Oafgpg3zODVawujkYVz5n,"Murda, Ezhel",Pırlanta,Noah's Ark BV,12,24,8,414104,TR,Turkey,Q2,2020
33,spotify:track:11PO9iu6PtpgL1JK4QNUEJ,Yüzyüzeyken Konuşuruz,Dinle Beni Bi',SONY MUSIC TURKEY,19,33,111,401040,TR,Turkey,Q2,2020
34,spotify:track:1WpCEWPYlON5l1Rln413Hu,"Patron, Ati242",WhatsApp,PMC,11,32,7,390930,TR,Turkey,Q2,2020
35,spotify:track:73Ec1iE2MDm6Y16Tq2Rz8O,Adamlar,Zombi,GARAJ,7,36,52,379651,TR,Turkey,Q2,2020
36,spotify:track:127QTOFJsJQp5LbJbu3A1y,Drake,Toosie Slide,OVO,36,-1,1,378737,TR,Turkey,Q2,2020
37,spotify:track:7eJMfftS33KTjuF7lTsMCx,"Powfu, beabadoobee",death bed (coffee for your head),Columbia,37,53,4,369929,TR,Turkey,Q2,2020
38,spotify:track:5dCXnMbtn7Uzb4lHolYUPd,Ebru Yaşar,Kalmam,DOĞAN MÜZİK YAPIM,38,48,4,366245,TR,Turkey,Q2,2020
39,spotify:track:4kgegvVYCYHZRJtKArWBh8,Reynmen,Yoksun Başımda,Houze Istanbul,6,35,10,365825,TR,Turkey,Q2,2020
40,spotify:track:7zn6VQuPR6aCLPRcZAA89R,Yüzyüzeyken Konuşuruz,Ölsem Yeridir,SONY MUSIC TURKEY,5,40,50,363740,TR,Turkey,Q2,2020
41,spotify:track:2KlbLTnQ5Wch2oOelW0Y2k,"Ufo361, Ezhel",Wir sind Kral,Urban,1,38,26,360469,TR,Turkey,Q2,2020
42,spotify:track:4nWVlBWgG018k57NMeT9An,Berkay,İki Hece,AVRUPA MÜZİK YAPIM,29,34,17,360394,TR,Turkey,Q2,2020
43,spotify:track:5CaKpl8JB1FMCbsgh0sgO8,Ufuk Beydemir,Ay Tenli Kadın,Zoom,1,41,105,359708,TR,Turkey,Q2,2020
44,spotify:track:2qpwx9xOkCqzOMVnOkZ2X8,Patron,Güzel Kızlar Patron Dinler,Sofistikal Music,5,44,41,356613,TR,Turkey,Q2,2020
45,spotify:track:7hGc0ggqVVOndzHLIS4Kag,Ezhel,LOLO,StageArt Europe,5,39,31,355358,TR,Turkey,Q2,2020
46,spotify:track:4KhTyJ1cJeHaY4ZS2u3e6A,Pinhani,Dünyadan Uzak,BEĞENİ MÜZİK YAPIM,46,55,2,340324,TR,Turkey,Q2,2020
47,spotify:track:7r36IPB6w0rPWMBDVJPshI,"Mert Kıyak, Çağrı Kaymak",Mert KIYAK - Gel,1798995 Records DK,47,105,3,339405,TR,Turkey,Q2,2020
48,spotify:track:2KTS944WTCWEL1IAlYhzD6,Lil Zey,Heveslenmem,RedKeys Music,20,43,5,336330,TR,Turkey,Q2,2020
49,spotify:track:1BzTI6CkluzAJsXFRkXTaR,"Ufo361, Ezhel",Yemin Olsun,Urban,3,37,21,335017,TR,Turkey,Q2,2020
50,spotify:track:5pdsGdTeqH6MHqJeKkpwX3,"Anıl Piyancı, Zeynep Bastık",Bırakman Doğru Mu,Yeşil Oda Yapım,2,50,42,334920,TR,Turkey,Q2,2020
1,spotify:track:42HO3JtyoWWPC7mgReWRL8,Oğuzhan Koç,Kendime Sardım,Hypers,1,2,5,1030570,TR,Turkey,Q3,2020
2,spotify:track:51ki923zENBmF9EnT3nMon,"Murda, Ezhel",Made In Turkey,Noah's Ark BV,1,1,2,1028377,TR,Turkey,Q3,2020
3,spotify:track:1JapaGk1R2sTBTgqJB4J9f,Zeynep Bastık,Her Mevsim Yazım,Hypers,2,5,8,888898,TR,Turkey,Q3,2020
4,spotify:track:7BjmOMyfT4PBKbZuSCwWPc,"Murda, Ezhel",Bi Sonraki Hayatımda Gel,Noah's Ark BV,1,4,24,884486,TR,Turkey,Q3,2020
5,spotify:track:7JsCNbqn3zbL7mrsSlY3L2,"Patron, Sagopa Kajmer",Siyah,PMC,1,3,4,854902,TR,Turkey,Q3,2020
6,spotify:track:4eLNkho7geeOANyYDbPh3s,"Reynmen, Ben Büdü",Aykız - Remix,Houze Istanbul,5,6,5,792101,TR,Turkey,Q3,2020
7,spotify:track:1tG2tayO1fSit9AvxepXf6,Zehra,Cennetten Çiçek,Doğan Müzik Yapim,7,76,2,726200,TR,Turkey,Q3,2020
8,spotify:track:3aXTeIVnDvo2MT1xLTdGK3,Gazapizm,Unutulacak Dünler,Argo Yapım,1,7,22,662582,TR,Turkey,Q3,2020
9,spotify:track:24Yi9hE78yPEbZ4kxyoXAI,"SAINt JHN, Imanbek",Roses - Imanbek Remix,Craft Recordings,3,8,24,631931,TR,Turkey,Q3,2020
10,spotify:track:42grBspOHbj3eWZTXV8TK2,"Murda, SFB",NAPIYON LAN,Noah's Ark BV,10,11,4,621727,TR,Turkey,Q3,2020
11,spotify:track:1QbsDETzBpyj167mwUcPh9,Veysel Mutlu,Yana Yana,Müzik Bankası,11,28,3,560319,TR,Turkey,Q3,2020
12,spotify:track:3sfBMNPtm0SixR76Njzxep,"BEGE, Jako",Işıklarım Ol(2.0),BEGE,12,-1,1,558272,TR,Turkey,Q3,2020
13,spotify:track:38pi1wskaJvgdR27JT1Ooe,Velet,Salına Salına,Müzik Bankası,13,16,16,536168,TR,Turkey,Q3,2020
14,spotify:track:4IJEw3fDvS6XF4sDc3bvjK,"Murda, Ezhel",AYA,Noah's Ark BV,1,12,42,533029,TR,Turkey,Q3,2020
15,spotify:track:6jNHiVhct3BhcAwzOYKE0N,Aleyna Tilki,Bu Benim Masalım,DOĞAN MÜZİK YAPIM,14,14,4,514073,TR,Turkey,Q3,2020
16,spotify:track:5GBbUx3eAHDgoOvdcpFObI,Gazapizm,Sağı Solu Kes,Argo Yapım,2,10,22,509962,TR,Turkey,Q3,2020
17,spotify:track:3Qr2MPYt9lk0xiZD2x5J8N,Berkay,Kırgınım Ona,AVRUPA MÜZİK YAPIM,9,13,3,473310,TR,Turkey,Q3,2020
18,spotify:track:7sKDftgGirHWTVFMtJoDoh,Aya Nakamura,Djadja,Rec. 118,6,22,14,469354,TR,Turkey,Q3,2020
19,spotify:track:5dCXnMbtn7Uzb4lHolYUPd,Ebru Yaşar,Kalmam,DOĞAN MÜZİK YAPIM,14,19,17,467228,TR,Turkey,Q3,2020
20,spotify:track:2uOLubhbj02hnelPTNRZvV,"Zen-G, Ati242",ALEV ALEV,SONY MUSIC TURKEY,5,17,10,464737,TR,Turkey,Q3,2020
21,spotify:track:5DJEXxOutnFD5GEUVk88yE,Yüzyüzeyken Konuşuruz,Kazılı Kuyum,SONY MUSIC TURKEY,2,24,26,463991,TR,Turkey,Q3,2020
22,spotify:track:3aX0N8IdY9rECrbuuR4FMp,"Anıl Piyancı, Perdenin Ardındakiler",Yağmurlar,Yeşil Oda Yapım,5,23,13,456272,TR,Turkey,Q3,2020
23,spotify:track:0YGzausz5cMhQDiJj1RQuv,Sezen Aksu,Ben De Yoluma Giderim,EMI - Kent Elektronik Sanayi ve Ticaret A.S.,2,26,20,442371,TR,Turkey,Q3,2020
24,spotify:track:0VjIjW4GlUZAMYd2vXMi3b,The Weeknd,Blinding Lights,Republic Records,14,33,32,430117,TR,Turkey,Q3,2020
25,spotify:track:6AP6D6ugyapF4aysoA008a,BEGE,Spacejump,BEGE,1,20,8,430110,TR,Turkey,Q3,2020
26,spotify:track:5s727A4OsVB8vG8eBo2D0s,NK,Elefante,Nice2Cu,26,37,11,427383,TR,Turkey,Q3,2020
27,spotify:track:1rgnBhdG2JDFTbYkYRZAku,Tones And I,Dance Monkey,Elektra (NEK),3,27,43,426786,TR,Turkey,Q3,2020
28,spotify:track:1iGBNeM1l8uGQMjJX3gzdZ,Contra,kıvılcım,667,3,18,4,426160,TR,Turkey,Q3,2020
29,spotify:track:49nLiYUglfKP3GCIPkRZ4g,Murda,Pahalı,Noah's Ark BV,14,29,20,419187,TR,Turkey,Q3,2020
30,spotify:track:1RqNAiL2toZ59HTjQbFLfM,Reynmen,Leila,Houze Istanbul,1,30,23,418243,TR,Turkey,Q3,2020
31,spotify:track:24BvlSG2Y36Heg1dwLwHtu,Zeynep Bastık,Uslanmıyor Bu,Hypers,4,31,27,416740,TR,Turkey,Q3,2020
32,spotify:track:2V9jJ9piIjbABzZRhWByYj,Bilal Sonses,Nefret,Sonses Müzik,20,25,5,415171,TR,Turkey,Q3,2020
33,spotify:track:3vAn0qZzdyuHamcrpkfiX3,BLACKPINK,How You Like That,YG Entertainment/Interscope Records,9,9,2,410268,TR,Turkey,Q3,2020
34,spotify:track:7jeAbZgQ2eD6N3mDB3F2Im,Soner Sarıkabadayı,Ölümüne,PDND Müzik Prod.,34,44,8,408445,TR,Turkey,Q3,2020
35,spotify:track:7dTScSKBqRCt06djvafaTG,"Vio, Ezhel",Iz Bırak,M.O.B. Entertainment,2,21,6,402773,TR,Turkey,Q3,2020
36,spotify:track:087cds8zjbUmokjg2jdMOp,Kaan Boşnak,Bırakma Kendini,Hayırsız,9,34,12,401459,TR,Turkey,Q3,2020
37,spotify:track:62aP9fBQKYKxi7PDXwcUAS,"Surf Mesa, Emilee",ily (i love you baby) (feat. Emilee),Astralwerks,6,32,13,397753,TR,Turkey,Q3,2020
38,spotify:track:0Y0VJ43gCiZJZmdaKslhpo,"Heijan, Muti",Hokkabazlar,"TFB Records Türkiye, Under Exclusive Licence to ONErpm",26,35,11,390493,TR,Turkey,Q3,2020
39,spotify:track:4BH1Z9kmxkq3U1mAYLtHPu,Dolu Kadehi Ters Tut,Neyin Nesi,Dolu Kadehi Ters Tut,7,42,10,389060,TR,Turkey,Q3,2020
40,spotify:track:11PO9iu6PtpgL1JK4QNUEJ,Yüzyüzeyken Konuşuruz,Dinle Beni Bi',SONY MUSIC TURKEY,19,40,124,385491,TR,Turkey,Q3,2020
41,spotify:track:4YiW28JXKVnk0wGTLUfUz8,Canozan,Sar Bu Şehri - Akustik,Canozan,6,36,19,383993,TR,Turkey,Q3,2020
42,spotify:track:5XR0fbf6IAizysmuSQDoUX,Aspova,Eskimiş Senelere,Masta JAM Music,10,41,42,369773,TR,Turkey,Q3,2020
43,spotify:track:1l0cnUKIlkv7moUqGyjNqZ,Tuğçe Kandemir,El-Âlem,TTE Production,7,38,19,367217,TR,Turkey,Q3,2020
44,spotify:track:0V0bWil6rS8w4Xbn6eGwCQ,İkiye On Kala,Bütün İstanbul Biliyo,Joojee,8,47,34,359763,TR,Turkey,Q3,2020
45,spotify:track:78qd8dvwea0Gosb6Fe6j3k,Doja Cat,Boss Bitch,Atlantic Records,16,45,17,359479,TR,Turkey,Q3,2020
46,spotify:track:2htLZqUXatp2XYVOAI4wN1,"Murda, Zeynep Bastık, Idaly",Güneș,Noah's Ark BV,6,46,21,352472,TR,Turkey,Q3,2020
47,spotify:track:1Q1sVCXWn5yP3jVBN9wNbO,"Ziynet Sali, Bilal Sonses",Yara,DOĞAN MÜZİK YAPIM,47,53,13,346219,TR,Turkey,Q3,2020
48,spotify:track:7hU3H2id2pBVawD7e3zd8N,Kahraman Deniz,Böyle Sever,Locca Records,10,50,80,345788,TR,Turkey,Q3,2020
49,spotify:track:7L08kknDR7gqg1JyWcZoRD,Anıl Piyancı,Aklımı Kaçırdım,EMI - Kent Elektronik Sanayi ve Ticaret A.S.,49,-1,1,332642,TR,Turkey,Q3,2020
50,spotify:track:64QcorA03l2KmZ4Yp6GEwW,"Emir Can İğrek, Patron",Darbe,Hypers,4,39,8,330801,TR,Turkey,Q3,2020
1,spotify:track:4ow1etGbQ8kfbAT3QPlmhN,"Gentleman, Luciano, Ezhel",Devam,Kingstone/Gentleman,1,1,3,1276399,TR,Turkey,Q4,2020
2,spotify:track:3917xM4PvycBOYacEeJfXt,"Didomido, Eglo G",Nimet,WELOG SOCİAL,1,2,13,1236987,TR,Turkey,Q4,2020
3,spotify:track:5mfj5WeL3JYtjfExtOXkQ6,İkiye On Kala,Kafamda Kentsel Dönüşümler,Joojee,1,6,13,1181319,TR,Turkey,Q4,2020
4,spotify:track:46nUIq8brEPcaFAsBow4Ex,"Bedo, POS",Sana Ne,PMC,4,5,6,1049890,TR,Turkey,Q4,2020
5,spotify:track:0Kp4kccWSTLdCQEHS83NaZ,"Tuğçe Kandemir, Özkan Meydan, Alican Özbuğutu",Kördüğüm,Djital Meydan,5,7,4,1018982,TR,Turkey,Q4,2020
6,spotify:track:0uexBOVPB278fGFOxOUosN,Ece Mumay,Galaksi,Dark'n Dark Music,3,10,14,947872,TR,Turkey,Q4,2020
7,spotify:track:3A92YIMk1dxUPH45GpbZzy,Ziynet Sali,Kalbim Tatilde - Mustafa Ceceli Versiyon,DOĞAN MÜZİK YAPIM,3,8,11,894246,TR,Turkey,Q4,2020
8,spotify:track:4WQWrSXYLnwwcmdNk8dYqN,Hadise,Küçük Bir Yol,PASAJ,5,11,5,890224,TR,Turkey,Q4,2020
9,spotify:track:0y4qZpjvskqgvPY5Wc1mJU,"Zeynep Bastık, Emir Can İğrek",Dargın,Hypers,1,9,5,857621,TR,Turkey,Q4,2020
10,spotify:track:07BSbfzLQ4t09hwD8PO7iT,Lil Zey,Zor,EMI - Kent Elektronik Sanayi ve Ticaret A.S.,10,-1,1,820683,TR,Turkey,Q4,2020
11,spotify:track:6npMHvkVwKgjdPKosva9Mg,Oğuzhan Koç,Heyecandan,Hypers,6,14,7,773297,TR,Turkey,Q4,2020
12,spotify:track:7msHf1EMPuB73Pq8zQV4Gw,"Gülşen, EDIS",Nirvana,Doğan Müzik Yapim,3,12,6,768531,TR,Turkey,Q4,2020
13,spotify:track:3aXTeIVnDvo2MT1xLTdGK3,Gazapizm,Unutulacak Dünler,Argo Yapım,1,17,35,745797,TR,Turkey,Q4,2020
14,spotify:track:2uOLubhbj02hnelPTNRZvV,"Zen-G, Ati242",ALEV ALEV,SONY MUSIC TURKEY,5,21,23,684891,TR,Turkey,Q4,2020
15,spotify:track:6VIGABEcC3uzw0Bque9ux5,Xir,Sallan,Basemode Records,11,18,8,683436,TR,Turkey,Q4,2020
16,spotify:track:5LbGC2dXsjgkYc1KBnYEF8,Ben Fero,FERHAT YILMAZ,Ferhat Yilmaz,3,3,2,661130,TR,Turkey,Q4,2020
17,spotify:track:4KhTyJ1cJeHaY4ZS2u3e6A,Pinhani,Dünyadan Uzak,BEĞENİ MÜZİK YAPIM,17,26,28,642965,TR,Turkey,Q4,2020
18,spotify:track:4RFi5wM5m1J3pfqx5OnU3T,Ben Fero,YENİ KASET,Ferhat Yilmaz,4,4,2,633219,TR,Turkey,Q4,2020
19,spotify:track:42HO3JtyoWWPC7mgReWRL8,Oğuzhan Koç,Kendime Sardım,Hypers,1,22,18,626125,TR,Turkey,Q4,2020
20,spotify:track:3aX0N8IdY9rECrbuuR4FMp,"Anıl Piyancı, Perdenin Ardındakiler",Yağmurlar,Yeşil Oda Yapım,5,28,26,593347,TR,Turkey,Q4,2020
21,spotify:track:3PCj4JTif25lRpQOXxP62p,"Murda, Ezhel",Anadolu Flex,Noah's Ark BV,2,20,6,593122,TR,Turkey,Q4,2020
22,spotify:track:5SYkeNpjhJPFUMOP5TK8iw,"Murda, Ezhel",Bi Sonraki Hayatımda Gel,Noah's Ark BV,1,24,37,583820,TR,Turkey,Q4,2020
23,spotify:track:2Aq4sw2LKalsQ7m4pzLZ88,Madrigal,Seni Dert Etmeler,AVRUPA MÜZİK YAPIM,22,29,26,580277,TR,Turkey,Q4,2020
24,spotify:track:4Rgg8Go1YSmz2o00ZiZiP7,"Murda, Ezhel",Duman,Noah's Ark BV,11,25,6,577933,TR,Turkey,Q4,2020
25,spotify:track:4YiW28JXKVnk0wGTLUfUz8,Canozan,Sar Bu Şehri - Akustik,Canozan,6,31,32,564156,TR,Turkey,Q4,2020
26,spotify:track:5efE5OAAog3rXxIyXqkdBO,Irmak Arıcı,Yağmurum Ol,Doğan Müzik Yapim,16,23,13,545154,TR,Turkey,Q4,2020
27,spotify:track:4LW7pZxqjg9y3W1k3tHCJv,Perdenin Ardındakiler,Beni Kendinden Kurtar,Yeşil Oda Yapım,27,34,42,524522,TR,Turkey,Q4,2020
28,spotify:track:3rTnSsUS6gD2BDnMlPB2u8,Buray,Deli Kız,GOMMA & WASP ENT.,17,27,11,516124,TR,Turkey,Q4,2020
29,spotify:track:087cds8zjbUmokjg2jdMOp,Kaan Boşnak,Bırakma Kendini,Hayırsız,9,36,25,498286,TR,Turkey,Q4,2020
30,spotify:track:4ScJEfViCX716w9REafayn,Zen-G,DELALÊ,SONY MUSIC TURKEY,30,30,5,488237,TR,Turkey,Q4,2020
31,spotify:track:4SFknyjLcyTLJFPKD2m96o,BLACKPINK,How You Like That,YG Entertainment/Interscope Records,9,49,15,486641,TR,Turkey,Q4,2020
32,spotify:track:5zjZA5GVwt1PQzRLrbE8Sl,Norm Ender,İhtiyacım Yok,Independent,16,16,2,477671,TR,Turkey,Q4,2020
33,spotify:track:5DJEXxOutnFD5GEUVk88yE,Yüzyüzeyken Konuşuruz,Kazılı Kuyum,SONY MUSIC TURKEY,2,35,39,474068,TR,Turkey,Q4,2020
34,spotify:track:1L7W7G37sxUhikHIJCgEMh,Evdeki Saat,Uzunlar - V1,AVRUPA MÜZİK YAPIM,34,40,20,468054,TR,Turkey,Q4,2020
35,spotify:track:4Ws314Ylb27BVsvlZOy30C,BLACKPINK,Lovesick Girls,YG Entertainment/Interscope Records,35,-1,1,464278,TR,Turkey,Q4,2020
36,spotify:track:4oH4AouYQw8RopRCjzz1if,Sefo,Ardından,Columbia,8,32,4,455785,TR,Turkey,Q4,2020
37,spotify:track:1JapaGk1R2sTBTgqJB4J9f,Zeynep Bastık,Her Mevsim Yazım,Hypers,2,41,21,441721,TR,Turkey,Q4,2020
38,spotify:track:5XR0fbf6IAizysmuSQDoUX,Aspova,Eskimiş Senelere,Masta JAM Music,10,44,55,438315,TR,Turkey,Q4,2020
39,spotify:track:7JsCNbqn3zbL7mrsSlY3L2,"Patron, Sagopa Kajmer",Siyah,PMC,1,33,17,437511,TR,Turkey,Q4,2020
40,spotify:track:3W4seDHEWHR35WuKZOP1Yq,"Murda, Ezhel",Made In Turkey,Noah's Ark BV,1,37,15,437494,TR,Turkey,Q4,2020
41,spotify:track:4eLNkho7geeOANyYDbPh3s,"Reynmen, Ben Büdü",Aykız - Remix,Houze Istanbul,5,42,18,436981,TR,Turkey,Q4,2020
42,spotify:track:0YGzausz5cMhQDiJj1RQuv,Sezen Aksu,Ben De Yoluma Giderim,EMI - Kent Elektronik Sanayi ve Ticaret A.S.,2,54,33,432537,TR,Turkey,Q4,2020
43,spotify:track:6nBGZ90ZqhBBk7n6DP4qbd,Enes Batur,Yüreğine İnan,WeLog Social,43,-1,1,412516,TR,Turkey,Q4,2020
44,spotify:track:5GBbUx3eAHDgoOvdcpFObI,Gazapizm,Sağı Solu Kes,Argo Yapım,2,47,35,409724,TR,Turkey,Q4,2020
45,spotify:track:4Oun2ylbjFKMPTiaSbbCih,"Cardi B, Megan Thee Stallion",WAP (feat. Megan Thee Stallion),Atlantic/KSR,32,45,9,408625,TR,Turkey,Q4,2020
46,spotify:track:72vfLs4pNjEvfOWsp9cva3,Emir Can İğrek,Saman Sarısı,Hypers,16,39,11,408152,TR,Turkey,Q4,2020
47,spotify:track:11PO9iu6PtpgL1JK4QNUEJ,Yüzyüzeyken Konuşuruz,Dinle Beni Bi',SONY MUSIC TURKEY,19,51,137,400096,TR,Turkey,Q4,2020
48,spotify:track:6re5xIP7uMZMxWH438Ifuj,"Arem Ozguc, Arman Aydin, Buray, Feride Hilal Akın, KÖK$VL",Rampapapam,Doğan Müzik Yapim,15,46,13,398182,TR,Turkey,Q4,2020
49,spotify:track:1XnpzbOGptRwfJhZgLbmSr,BLACKPINK,Pretty Savage,YG Entertainment/Interscope Records,49,-1,1,396325,TR,Turkey,Q4,2020
50,spotify:track:5Iklwco43TXbT0aCeAbMRm,Zeynep Bastık,Bir Daha,Hypers,5,43,12,395731,TR,Turkey,Q4,2020
1,spotify:track:0nbXyq5TXYPCO7pr3N8S4I,Roddy Ricch,The Box,Atlantic Records,1,1,5,18952305,US,United States,Q1,2020
2,spotify:track:696DnlkuDOXcMAnKlTgXXK,Arizona Zervas,ROXANNE,Arizona Zervas,1,2,11,9671478,US,United States,Q1,2020
3,spotify:track:41L3O37CECZt3N7ziG2z7l,Justin Bieber,Yummy,RBMG/Def Jam,3,-1,1,9648561,US,United States,Q1,2020
4,spotify:track:21jGcNKet2qwijlDFuPiPb,Post Malone,Circles,Republic Records,1,3,19,8244725,US,United States,Q1,2020
5,spotify:track:6Ozh9Ok6h4Oi1wUSLtBseN,DaBaby,BOP,South Coast Music Group/Interscope Records,3,4,15,7985170,US,United States,Q1,2020
6,spotify:track:4TnjEaWOeW0eKTKIEvJyCa,Trevor Daniel,Falling,Alamo,5,5,8,7503297,US,United States,Q1,2020
7,spotify:track:1rgnBhdG2JDFTbYkYRZAku,Tones And I,Dance Monkey,Elektra (NEK),7,9,23,6986158,US,United States,Q1,2020
8,spotify:track:6Gg1gjgKi2AK4e0qzsR7sd,"Juice WRLD, YoungBoy Never Broke Again",Bandit (with YoungBoy Never Broke Again),Grade A Productions/Interscope Records,2,7,14,6938158,US,United States,Q1,2020
9,spotify:track:2Ec33AVlkTTq8BHFgBTdQs,Lil Uzi Vert,Futsal Shuffle 2020,Generation Now/Atlantic,1,8,4,6802710,US,United States,Q1,2020
10,spotify:track:3ZCTVFBt2Brf31RLEnCkWJ,Billie Eilish,everything i wanted,Darkroom/Interscope Records,1,11,9,6181388,US,United States,Q1,2020
11,spotify:track:3QzAOrNlsabgbMwlZt7TAY,"Mustard, Roddy Ricch",Ballin' (with Roddy Ricch),10 Summers Records/Interscope Records,11,13,23,6166618,US,United States,Q1,2020
12,spotify:track:0sf12qNH5qcw8qpgymFOqD,The Weeknd,Blinding Lights,Republic Records,3,16,6,6093807,US,United States,Q1,2020
13,spotify:track:3jjujdWJ72nww5eGnfs2E7,Harry Styles,Adore You,Columbia,3,12,5,5918797,US,United States,Q1,2020
14,spotify:track:1iSqfoUFnQwV0QW1EfUit8,YNW Melly,Suicidal,P2019,14,14,7,5880355,US,United States,Q1,2020
15,spotify:track:3yOlyBJuViE2YSGn3nVE1K,"Camila Cabello, DaBaby",My Oh My (feat. DaBaby),Syco Music/Epic,15,17,5,5680153,US,United States,Q1,2020
16,spotify:track:6WrI0LAC5M1Rw2MnX2ZvEg,Dua Lipa,Don't Start Now,Warner Records,7,27,10,5216621,US,United States,Q1,2020
17,spotify:track:3VyjsVV24RmBIbWJAeUJNu,Don Toliver,No Idea,We Run It Ent./Cactus Jack/Atlantic,17,26,6,4922350,US,United States,Q1,2020
18,spotify:track:7aiClxsDWFRQ0Kzk5KI5ku,blackbear,hot girl bummer,Alamo,4,24,20,4897726,US,United States,Q1,2020
19,spotify:track:0fySG6A6qLE8IvDpayb5bM,DaBaby,VIBEZ,South Coast Music Group/Interscope Records,7,31,15,4809631,US,United States,Q1,2020
20,spotify:track:6UelLqGlWMcVH1E5c4H7lY,Harry Styles,Watermelon Sugar,Columbia,5,21,8,4793358,US,United States,Q1,2020
21,spotify:track:57vxBYXtHMk6H1aD29V7PU,The Weeknd,Heartless,Republic Records,1,25,7,4784585,US,United States,Q1,2020
22,spotify:track:6gi6y1xwmVszDWkUqab1qw,"JACKBOYS, Travis Scott, Young Thug",OUT WEST (feat. Young Thug),Cactus Jack/Epic,6,6,2,4750318,US,United States,Q1,2020
23,spotify:track:0RiRZpuVRbi7oqRdSMwhQY,"Post Malone, Swae Lee",Sunflower - Spider-Man: Into the Spider-Verse,Republic Records,1,19,64,4700611,US,United States,Q1,2020
24,spotify:track:3eekarcy7kvN4yt5ZFzltW,Travis Scott,HIGHEST IN THE ROOM,Cactus Jack/Epic,1,20,14,4640947,US,United States,Q1,2020
25,spotify:track:7qEHsqek33rTcFNT9PFqLf,Lewis Capaldi,Someone You Loved,Vertigo Berlin,6,23,37,4604720,US,United States,Q1,2020
26,spotify:track:598yNsG1JFrGd4n2kMoz7F,Lil Baby,Woah,Quality Control/Motown Records,11,34,9,4528520,US,United States,Q1,2020
27,spotify:track:2b8fOow8UzyDFAE27YhOZM,Maroon 5,Memories,Interscope Records*,9,28,16,4510361,US,United States,Q1,2020
28,spotify:track:1HfMVBKM75vxSfsQ5VefZ5,Selena Gomez,Lose You To Love Me,Interscope Records,2,36,12,4291918,US,United States,Q1,2020
29,spotify:track:6U0FIYXCQ3TGrk4tFpLrEA,BROCKHAMPTON,SUGAR,Question Everything/RCA Records,29,68,5,4290774,US,United States,Q1,2020
30,spotify:track:285pBltuF7vW8TeWk8hdRR,Juice WRLD,Lucid Dreams,Juice WRLD Mixtape / ISR P&D,1,29,88,4068069,US,United States,Q1,2020
31,spotify:track:2gwkD6igEhQbDQegRCcdoB,DaBaby,Suge,South Coast Music Group/Interscope Records,4,32,41,4012729,US,United States,Q1,2020
32,spotify:track:3Dv1eDb0MEgF93GpLXlucZ,Doja Cat,Say So,Kemosabe Records/RCA Records,32,62,3,3895584,US,United States,Q1,2020
33,spotify:track:6Hj9jySrnFppAI0sEMCZpJ,Juice WRLD,Robbery,Grade A Productions/Interscope Records,3,33,47,3857669,US,United States,Q1,2020
34,spotify:track:2Fxmhks0bxGSBdJ92vM42m,Billie Eilish,bad guy,Darkroom/Interscope Records,1,30,41,3830917,US,United States,Q1,2020
35,spotify:track:7h0d2h0fUmzbs7zeFigJPn,"Travis Scott, ROSALÍA, Lil Baby",HIGHEST IN THE ROOM (feat. ROSALÍA & Lil Baby) - REMIX,Cactus Jack/Epic,10,10,2,3735347,US,United States,Q1,2020
36,spotify:track:7ntUbTIwmwOD6ygCMRZT6e,"French Montana, Post Malone, Cardi B, Rvssian","Writing on the Wall (feat. Post Malone, Cardi B & Rvssian)",Epic/Bad Boy Entertainment,35,35,8,3695717,US,United States,Q1,2020
37,spotify:track:1lOe9qE0vR9zwWQAOk6CoO,Lil Tecca,Ransom,Republic Records,1,37,33,3657828,US,United States,Q1,2020
38,spotify:track:2FvD20Z8aoWIePi7PoN8sG,"DaBaby, Lil Baby, Moneybagg Yo",TOES (feat. Lil Baby & Moneybagg Yo),South Coast Music Group/Interscope Records,26,54,11,3492249,US,United States,Q1,2020
39,spotify:track:5qmq61DAAOUaW8AUo8xKhh,Lizzo,Truth Hurts,Nice Life/Atlantic,3,38,38,3433280,US,United States,Q1,2020
40,spotify:track:29ZXwWOOLz9t5fa3eT3i7T,"YNW Melly, 9lokknine",223's (feat. 9lokknine),P2019,5,39,21,3424197,US,United States,Q1,2020
41,spotify:track:4ea9w8c4ROqiZpJVhfBA3m,"Young Thug, Travis Scott, Gunna",Hot (Remix) [feat. Gunna and Travis Scott],300 Entertainment/Atl,12,40,10,3421786,US,United States,Q1,2020
42,spotify:track:1ZMiCix7XSAbfAJlEZWMCp,Harry Styles,Falling,Columbia,11,42,4,3415708,US,United States,Q1,2020
43,spotify:track:2wrJq5XKLnmhRXHIAf9xBa,"Dan + Shay, Justin Bieber","10,000 Hours (with Justin Bieber)",Warner Music Nashville,2,45,14,3355067,US,United States,Q1,2020
44,spotify:track:7iHHxY2NLlJRAmlAmC4ahQ,"Lil Mosey, Gunna",Stuck In A Dream (feat. Gunna),Mogul Vision/Interscope Records,9,46,16,3316362,US,United States,Q1,2020
45,spotify:track:5ry2OE6R2zPQFDO85XkgRb,"Drake, Rick Ross",Money In The Grave (Drake ft. Rick Ross),Republic Records,1,43,30,3314636,US,United States,Q1,2020
46,spotify:track:6v3KW9xbzN5yKLt9YKDYA2,"Shawn Mendes, Camila Cabello",Señorita,Island Records,1,44,29,3289924,US,United States,Q1,2020
47,spotify:track:6vBdBCoOhKHiYDDOcorfNo,"Post Malone, Young Thug",Goodbyes (feat. Young Thug),Republic Records,1,48,27,3266958,US,United States,Q1,2020
48,spotify:track:6XHVuErjQ4XNm6nDPVCxVX,"Chris Brown, Drake",No Guidance (feat. Drake),Chris Brown Entertainment/RCA Records,5,47,31,3216358,US,United States,Q1,2020
49,spotify:track:3Kd6Wp3lG5HXMB2dlvuy7y,"Trippie Redd, DaBaby",Death (feat. DaBaby),"TenThousand Projects, LLC",30,49,8,3176458,US,United States,Q1,2020
50,spotify:track:7A20WnLkjtZU2d7hIB6Ziu,"Roddy Ricch, Gunna",Start Wit Me (feat. Gunna),Atlantic Records,50,58,11,3156095,US,United States,Q1,2020
1,spotify:track:127QTOFJsJQp5LbJbu3A1y,Drake,Toosie Slide,OVO,1,-1,1,16560687,US,United States,Q2,2020
2,spotify:track:0nbXyq5TXYPCO7pr3N8S4I,Roddy Ricch,The Box,Atlantic Records,1,2,18,10147636,US,United States,Q2,2020
3,spotify:track:0VjIjW4GlUZAMYd2vXMi3b,The Weeknd,Blinding Lights,Republic Records,1,1,19,10108556,US,United States,Q2,2020
4,spotify:track:22LAwLoDA5b4AaGSkg6bKW,Lil Mosey,Blueberry Faygo,Mogul Vision/Interscope Records,3,3,9,10026095,US,United States,Q2,2020
5,spotify:track:1lGHa2pwYzxQHFBUynhLtO,DaBaby,FIND MY WAY,South Coast Music Group/Interscope Records,5,168,2,6782424,US,United States,Q2,2020
6,spotify:track:24Yi9hE78yPEbZ4kxyoXAI,"SAINt JHN, Imanbek",Roses - Imanbek Remix,Craft Recordings,6,7,7,6711902,US,United States,Q2,2020
7,spotify:track:3PfIrDoz19wz7qK7tYeu62,Dua Lipa,Don't Start Now,Warner Records,5,5,23,6471152,US,United States,Q2,2020
8,spotify:track:1jaTQ3nqY3oAAYyCTbIvnM,Jack Harlow,WHATS POPPIN,Generation Now/Atlantic,8,8,11,6390818,US,United States,Q2,2020
9,spotify:track:3Dv1eDb0MEgF93GpLXlucZ,Doja Cat,Say So,Kemosabe Records/RCA Records,3,6,16,6105460,US,United States,Q2,2020
10,spotify:track:55CHeLEfn5iJ0IIkgaa4si,Megan Thee Stallion,Savage,300 Entertainment,9,9,4,6024206,US,United States,Q2,2020
11,spotify:track:7eJMfftS33KTjuF7lTsMCx,"Powfu, beabadoobee",death bed (coffee for your head),Columbia,11,12,8,5767755,US,United States,Q2,2020
12,spotify:track:0lSZh5W0wDeurkGzLYY6hf,"NAV, Gunna, Travis Scott",Turks (feat. Travis Scott),Republic Records,4,4,2,5646010,US,United States,Q2,2020
13,spotify:track:4umIPjkehX1r7uhmGvXiSV,"Justin Bieber, Quavo",Intentions (feat. Quavo),RBMG/Def Jam,2,10,9,5135778,US,United States,Q2,2020
14,spotify:track:5yY9lUy8nbvjM1Uyo1Uqoc,"Future, Drake",Life Is Good (feat. Drake),Epic/Freebandz,2,21,13,4999782,US,United States,Q2,2020
15,spotify:track:07KXEDMj78x68D884wgVEm,"Roddy Ricch, Mustard",High Fashion (feat. Mustard),Atlantic Records,5,15,15,4936637,US,United States,Q2,2020
16,spotify:track:4cSSL3YafYjM3yjgFO1vJg,"NLE Choppa, Roddy Ricch",Walk Em Down (feat. Roddy Ricch),Warner Records,16,20,3,4863678,US,United States,Q2,2020
17,spotify:track:1Cv1YLb4q0RzL6pybtaMLo,Surfaces,Sunday Best,"Surfaces Music / TenThousand Projects, LLC",17,17,12,4824543,US,United States,Q2,2020
18,spotify:track:21jGcNKet2qwijlDFuPiPb,Post Malone,Circles,Republic Records,1,18,32,4816138,US,United States,Q2,2020
19,spotify:track:2rRJrJEo19S2J82BDsQ3F7,Trevor Daniel,Falling,Alamo,5,19,21,4718130,US,United States,Q2,2020
20,spotify:track:696DnlkuDOXcMAnKlTgXXK,Arizona Zervas,ROXANNE,Arizona Zervas,1,16,24,4708133,US,United States,Q2,2020
21,spotify:track:7szuecWAPwGoV1e5vGu8tl,The Weeknd,In Your Eyes,Republic Records,3,11,3,4546497,US,United States,Q2,2020
22,spotify:track:3jjujdWJ72nww5eGnfs2E7,Harry Styles,Adore You,Columbia,3,25,18,4246941,US,United States,Q2,2020
23,spotify:track:4nK5YrxbMGZstTLbvj6Gxw,"BENEE, Gus Dapperton",Supalonely,Republic Records,23,24,6,4231481,US,United States,Q2,2020
24,spotify:track:3kW4z2pIj5VY5fLjBrMRL5,Lil Uzi Vert,P2,Generation Now/Atlantic,4,23,5,4203645,US,United States,Q2,2020
25,spotify:track:1rgnBhdG2JDFTbYkYRZAku,Tones And I,Dance Monkey,Elektra (NEK),7,26,36,4035082,US,United States,Q2,2020
26,spotify:track:7FIWs0pqAYbP91WWM0vlTQ,"Eminem, Juice WRLD",Godzilla (feat. Juice WRLD),Shady/Aftermath/Interscope Records,2,27,12,4023091,US,United States,Q2,2020
27,spotify:track:4S2uhQE8L9V6p7rj7SiauJ,"YNW Melly, Juice WRLD",Suicidal (feat. Juice WRLD) - Remix,P2020,21,29,4,4007622,US,United States,Q2,2020
28,spotify:track:56uXDJRCuoS7abX3SkzHKQ,Lil Uzi Vert,Myron,Generation Now/Atlantic,2,28,4,3923668,US,United States,Q2,2020
29,spotify:track:2ajzBr7vwHTEBeqDzcsNRC,Lil Uzi Vert,That Way - Bonus Track,Generation Now/Atlantic,3,30,6,3849717,US,United States,Q2,2020
30,spotify:track:017PF4Q3l4DBUiWoXk4OWT,Dua Lipa,Break My Heart,Warner Records,14,14,2,3720734,US,United States,Q2,2020
31,spotify:track:2p8IUWQDrpjuFltbdgLOag,The Weeknd,After Hours,Republic Records,2,22,8,3675617,US,United States,Q2,2020
32,spotify:track:3QzAOrNlsabgbMwlZt7TAY,"Mustard, Roddy Ricch",Ballin' (with Roddy Ricch),10 Summers Records/Interscope Records,11,33,36,3644276,US,United States,Q2,2020
33,spotify:track:4HDCLYli2SUdkq9OjmvhSD,"PARTYNEXTDOOR, Rihanna",BELIEVE IT,OVO Sound,13,13,2,3638960,US,United States,Q2,2020
34,spotify:track:6bnF93Rx87YqUBLSgjiMU8,The Weeknd,Heartless,Republic Records,1,31,20,3454046,US,United States,Q2,2020
35,spotify:track:0RiRZpuVRbi7oqRdSMwhQY,"Post Malone, Swae Lee",Sunflower - Spider-Man: Into the Spider-Verse,Republic Records,1,39,77,3439974,US,United States,Q2,2020
36,spotify:track:7qEHsqek33rTcFNT9PFqLf,Lewis Capaldi,Someone You Loved,Vertigo Berlin,6,35,50,3412543,US,United States,Q2,2020
37,spotify:track:3jT2LKH0RSbQ8jIUNFzXm5,"G Herbo, Lil Uzi Vert, Juice WRLD, Chance the Rapper",PTSD,Machine Entertainment Group - G Herbo,37,47,6,3412372,US,United States,Q2,2020
38,spotify:track:7aiClxsDWFRQ0Kzk5KI5ku,blackbear,hot girl bummer,Alamo,4,36,33,3339261,US,United States,Q2,2020
39,spotify:track:78qd8dvwea0Gosb6Fe6j3k,Doja Cat,Boss Bitch,Atlantic Records,39,49,7,3228522,US,United States,Q2,2020
40,spotify:track:6Ozh9Ok6h4Oi1wUSLtBseN,DaBaby,BOP,South Coast Music Group/Interscope Records,3,41,28,3175647,US,United States,Q2,2020
41,spotify:track:3ZCTVFBt2Brf31RLEnCkWJ,Billie Eilish,everything i wanted,Darkroom/Interscope Records,1,40,22,3164196,US,United States,Q2,2020
42,spotify:track:0SqqAgdovOE24BzxIClpjw,Bad Bunny,Yo Perreo Sola,Rimas Entertainment LLC,39,52,6,3158920,US,United States,Q2,2020
43,spotify:track:7wsmIIm0xWmtP7TmACXkJn,"Lil Yachty, DaBaby, Drake",Oprah’s Bank Account (Lil Yachty & DaBaby feat. Drake),Quality Control Music/Motown Records,31,37,5,3154732,US,United States,Q2,2020
44,spotify:track:6Gg1gjgKi2AK4e0qzsR7sd,"Juice WRLD, YoungBoy Never Broke Again",Bandit (with YoungBoy Never Broke Again),Grade A Productions/Interscope Records,2,42,27,3150122,US,United States,Q2,2020
45,spotify:track:74fV8TuLZKVzSIOOGu8wwI,"Polo G, Stunna 4 Vegas, NLE Choppa, Mike WiLL Made-It",Go Stupid,Columbia,28,34,8,3139548,US,United States,Q2,2020
46,spotify:track:285pBltuF7vW8TeWk8hdRR,Juice WRLD,Lucid Dreams,Juice WRLD Mixtape / ISR P&D,1,45,101,3061866,US,United States,Q2,2020
47,spotify:track:6fWa5CRgy0z30OeGZyMBvD,Rod Wave,Heart On Ice,Alamo,47,69,13,2883776,US,United States,Q2,2020
48,spotify:track:02RCbjb9czvQKNGBmEmWob,Lil Baby,Woah,Quality Control/Motown Records,11,60,22,2830050,US,United States,Q2,2020
49,spotify:track:6CUP2khYzdphXebxVTfPE3,Lil Uzi Vert,Lo Mein,Generation Now/Atlantic,5,43,5,2814550,US,United States,Q2,2020
50,spotify:track:2kJwzbxV2ppxnQoYw4GLBZ,"JP Saxe, Julia Michaels",If the World Was Ending (feat. Julia Michaels),Arista Records,50,57,22,2798130,US,United States,Q2,2020
1,spotify:track:7ytR5pFWmSjzHJIeQkgog4,"DaBaby, Roddy Ricch",ROCKSTAR (feat. Roddy Ricch),South Coast Music Group/Interscope Records,1,1,12,10375792,US,United States,Q3,2020
2,spotify:track:0PvFJmanyNQMseIFrU708S,"Pop Smoke, Lil Baby, DaBaby",For The Night (feat. Lil Baby & DaBaby),Victor Victor Worldwide,2,-1,1,7298716,US,United States,Q3,2020
3,spotify:track:2MbdDtCv5LUVjYy9RuGTgC,"Jack Harlow, Tory Lanez, DaBaby, Lil Wayne","WHATS POPPIN (feat. DaBaby, Tory Lanez & Lil Wayne) - Remix",Generation Now/Atlantic,2,2,3,7189682,US,United States,Q3,2020
4,spotify:track:6UelLqGlWMcVH1E5c4H7lY,Harry Styles,Watermelon Sugar,Columbia,4,6,34,6689854,US,United States,Q3,2020
5,spotify:track:22LAwLoDA5b4AaGSkg6bKW,Lil Mosey,Blueberry Faygo,Mogul Vision/Interscope Records,2,4,22,6492849,US,United States,Q3,2020
6,spotify:track:5RqR4ZCCKJDcBLIn4sih9l,StaySolidRocky,Party Girl,Columbia,2,3,11,6433310,US,United States,Q3,2020
7,spotify:track:0VjIjW4GlUZAMYd2vXMi3b,The Weeknd,Blinding Lights,Republic Records,1,5,32,6411195,US,United States,Q3,2020
8,spotify:track:1H7KnK26kc1YyellpbINEn,"Pop Smoke, 50 Cent, Roddy Ricch",The Woo (feat. 50 Cent & Roddy Ricch),Victor Victor Worldwide,8,-1,1,6346415,US,United States,Q3,2020
9,spotify:track:1xQ6trAsedVPCdbtDAmk0c,"Jawsh 685, Jason Derulo",Savage Love (Laxed - Siren Beat),Columbia,9,10,4,5276143,US,United States,Q3,2020
10,spotify:track:6gxKUmycQX7uyMwJcweFjp,"Lil Baby, 42 Dugg",We Paid (feat. 42 Dugg),Quality Control/Motown Records,9,9,6,5217598,US,United States,Q3,2020
11,spotify:track:39Yp9wwQiSRIDOvrVg7mbk,"THE SCOTTS, Travis Scott, Kid Cudi",THE SCOTTS,Cactus Jack / Epic,1,7,11,5027388,US,United States,Q3,2020
12,spotify:track:0nbXyq5TXYPCO7pr3N8S4I,Roddy Ricch,The Box,Atlantic Records,1,8,31,4930664,US,United States,Q3,2020
13,spotify:track:24Yi9hE78yPEbZ4kxyoXAI,"SAINt JHN, Imanbek",Roses - Imanbek Remix,Craft Recordings,5,13,20,4738035,US,United States,Q3,2020
14,spotify:track:466cKvZn1j45IpxDdYZqdA,Drake,Toosie Slide,OVO,1,11,14,4405390,US,United States,Q3,2020
15,spotify:track:25zlnOAzbVoOzIeXSvQFf1,Pop Smoke,Got It On Me,Victor Victor Worldwide,15,-1,1,4359800,US,United States,Q3,2020
16,spotify:track:44gRhRi2OhEf7moAUj6MD1,Lil Baby,The Bigger Picture,Quality Control Music/Motown Records,5,12,4,4288621,US,United States,Q3,2020
17,spotify:track:5v4GgrXPMghOnBBLmveLac,"Megan Thee Stallion, Beyoncé",Savage Remix (feat. Beyoncé),300 Entertainment,5,14,11,4255225,US,United States,Q3,2020
18,spotify:track:79s5XnCN4TJKTVMSmOx8Ep,Pop Smoke,Dior,Victor Victor Worldwide/Republic Records,18,107,18,4250482,US,United States,Q3,2020
19,spotify:track:1Cv1YLb4q0RzL6pybtaMLo,Surfaces,Sunday Best,"Surfaces Music / TenThousand Projects, LLC",14,18,25,4157094,US,United States,Q3,2020
20,spotify:track:7ju97lgwC2rKQ6wwsf9no9,"Lady Gaga, Ariana Grande",Rain On Me (with Ariana Grande),Interscope,2,16,7,4147717,US,United States,Q3,2020
21,spotify:track:527k23H0A4Q0UJN3vGs0Da,Don Toliver,After Party,We Run It Ent./Cactus Jack/Atlantic,13,17,14,4082970,US,United States,Q3,2020
22,spotify:track:1jaTQ3nqY3oAAYyCTbIvnM,Jack Harlow,WHATS POPPIN,Generation Now/Atlantic,6,19,24,3927468,US,United States,Q3,2020
23,spotify:track:7eJMfftS33KTjuF7lTsMCx,"Powfu, beabadoobee",death bed (coffee for your head),Columbia,9,20,21,3901561,US,United States,Q3,2020
24,spotify:track:6O7fPYTsb2mY0PiFt2ymDB,"Pop Smoke, Quavo",Aim For The Moon (feat. Quavo),Victor Victor Worldwide,24,-1,1,3817303,US,United States,Q3,2020
25,spotify:track:71d7LaAgPcNcUopu3OzmP7,"Pop Smoke, Rowdy Rebel",Make It Rain (feat. Rowdy Rebel),Victor Victor Worldwide,25,145,4,3771274,US,United States,Q3,2020
26,spotify:track:4cSSL3YafYjM3yjgFO1vJg,"NLE Choppa, Roddy Ricch",Walk Em Down (feat. Roddy Ricch),Warner Records,11,21,16,3736766,US,United States,Q3,2020
27,spotify:track:1hg3RlqFZXJb5YgRoK9qmF,Pop Smoke,Gangstas,Victor Victor Worldwide,27,-1,1,3720043,US,United States,Q3,2020
28,spotify:track:4umIPjkehX1r7uhmGvXiSV,"Justin Bieber, Quavo",Intentions (feat. Quavo),RBMG/Def Jam,2,22,22,3683263,US,United States,Q3,2020
29,spotify:track:21jGcNKet2qwijlDFuPiPb,Post Malone,Circles,Republic Records,1,24,45,3638785,US,United States,Q3,2020
30,spotify:track:0RiRZpuVRbi7oqRdSMwhQY,"Post Malone, Swae Lee",Sunflower - Spider-Man: Into the Spider-Verse,Republic Records,1,27,90,3602528,US,United States,Q3,2020
31,spotify:track:7sjFIZ1g5QLJLGja3k592K,Pop Smoke,44 BullDog,Victor Victor Worldwide,31,-1,1,3564802,US,United States,Q3,2020
32,spotify:track:4wVOKKEHUJxHCFFNUWDn0B,"Drake, GIVĒON",Chicago Freestyle (feat. Giveon),OVO,10,23,10,3555520,US,United States,Q3,2020
33,spotify:track:7mEUjhl6aTztdHCrxoTgBG,"Kanye West, Travis Scott",Wash Us In The Blood,Getting Out Our Dreams II / Def Jam Recordings,33,67,2,3530365,US,United States,Q3,2020
34,spotify:track:2t7D3y0jvYjR8IP9Bosyew,"The Kid LAROI, Juice WRLD",GO (feat. Juice WRLD),Columbia,15,25,4,3501099,US,United States,Q3,2020
35,spotify:track:5kkaSMcf4BFlhRRICCKZb6,Pop Smoke,Something Special,Victor Victor Worldwide,35,-1,1,3379826,US,United States,Q3,2020
36,spotify:track:2QqJTIlGKRLJC3onkavYEz,"Polo G, Juice WRLD",Flex (feat. Juice WRLD),Columbia,22,29,8,3355113,US,United States,Q3,2020
37,spotify:track:3eV2WT9YhfzkxbufnBF8wK,"Pop Smoke, Swae Lee",Creature (feat. Swae Lee),Victor Victor Worldwide,37,-1,1,3347767,US,United States,Q3,2020
38,spotify:track:1K5KBOgreBi5fkEHvg5ap3,"Future, Drake",Life Is Good (feat. Drake),Epic/Freebandz,2,28,26,3328759,US,United States,Q3,2020
39,spotify:track:285pBltuF7vW8TeWk8hdRR,Juice WRLD,Lucid Dreams,Juice WRLD Mixtape / ISR P&D,1,35,114,3292828,US,United States,Q3,2020
40,spotify:track:3nS9a01VvXHQriLqJYwRqG,"Gunna, Young Thug",DOLLAZ ON MY HEAD (feat. Young Thug),300 Entertainment,19,31,7,3210148,US,United States,Q3,2020
41,spotify:track:0OyQns5ayNK2OVaES0Vb8t,Juice WRLD,Righteous,Grade A Productions/Interscope Records,2,38,11,3179864,US,United States,Q3,2020
42,spotify:track:5rZlwNFl01HqLWBQGryKSm,"Pop Smoke, Lil Tjay",Mood Swings (feat. Lil Tjay),Victor Victor Worldwide,42,-1,1,3149228,US,United States,Q3,2020
43,spotify:track:3PfIrDoz19wz7qK7tYeu62,Dua Lipa,Don't Start Now,Warner Records,5,26,36,3144174,US,United States,Q3,2020
44,spotify:track:1ENdcyhqdylaLsPVgB83qq,"Rod Wave, ATR Son Son",Rags2Riches (feat. ATR Son Son),Alamo,44,170,2,3122270,US,United States,Q3,2020
45,spotify:track:1IIKrJVP1C9N7iPtG6eOsK,"Chris Brown, Young Thug",Go Crazy,Chris Brown Entertainment/300 Entertainment/RCA Records,45,63,7,3097685,US,United States,Q3,2020
46,spotify:track:0bjgQ24UZGwKikldIyEOgf,Pop Smoke,Yea Yea,Victor Victor Worldwide,46,-1,1,3086658,US,United States,Q3,2020
47,spotify:track:017PF4Q3l4DBUiWoXk4OWT,Dua Lipa,Break My Heart,Warner Records,14,32,15,3073354,US,United States,Q3,2020
48,spotify:track:3jjujdWJ72nww5eGnfs2E7,Harry Styles,Adore You,Columbia,3,36,31,3053456,US,United States,Q3,2020
49,spotify:track:4iHSE5R1U8jf84tRn52xRt,"iann dior, Lil Baby",Prospect (feat. Lil Baby),"TenThousand Projects, LLC",42,42,5,3036504,US,United States,Q3,2020
50,spotify:track:4nK5YrxbMGZstTLbvj6Gxw,"BENEE, Gus Dapperton",Supalonely,Republic Records,23,39,19,2982707,US,United States,Q3,2020
1,spotify:track:4Oun2ylbjFKMPTiaSbbCih,"Cardi B, Megan Thee Stallion",WAP (feat. Megan Thee Stallion),Atlantic/KSR,1,1,9,9144643,US,United States,Q4,2020
2,spotify:track:3tjFYV6RSFtuktYl3ZtYcq,"24kGoldn, iann dior",Mood (feat. iann dior),Records/Columbia,2,2,9,8780080,US,United States,Q4,2020
3,spotify:track:5SWnsxjhdcEDc7LJjq9UHk,"21 Savage, Metro Boomin",Runnin,"Slaughter Gang, LLC/Epic/Boominati Worldwide/Republic",3,-1,1,8713712,US,United States,Q4,2020
4,spotify:track:4Q34FP1AT7GEl9oLgNtiWj,"21 Savage, Metro Boomin, Drake",Mr. Right Now (feat. Drake),"Slaughter Gang, LLC/Epic/Boominati Worldwide/Republic",4,-1,1,8639420,US,United States,Q4,2020
5,spotify:track:0PvFJmanyNQMseIFrU708S,"Pop Smoke, Lil Baby, DaBaby",For The Night (feat. Lil Baby & DaBaby),Victor Victor Worldwide,2,5,14,7914498,US,United States,Q4,2020
6,spotify:track:7hxHWCCAIIxFLCzvDgnQHX,"Internet Money, Gunna, Don Toliver, NAV",Lemonade (feat. NAV),Internet Money Records / TenThousand Projects,3,3,8,7694109,US,United States,Q4,2020
7,spotify:track:2SAqBLGA283SUiwJ3xOUVI,"Drake, Lil Durk",Laugh Now Cry Later (feat. Lil Durk),OVO,2,4,8,7456639,US,United States,Q4,2020
8,spotify:track:6pcywuOeGGWeOQzdUyti6k,"21 Savage, Metro Boomin",Glock In My Lap,"Slaughter Gang, LLC/Epic/Boominati Worldwide/Republic",8,-1,1,6196066,US,United States,Q4,2020
9,spotify:track:5KCbr5ndeby4y4ggthdiAb,Shawn Mendes,Wonder,Shawn Mendes LP4-5 PS/ Island,9,-1,1,5682019,US,United States,Q4,2020
10,spotify:track:5u1n1kITHCxxp8twBcZxWy,"Justin Bieber, Chance the Rapper",Holy (feat. Chance The Rapper),RBMG/Def Jam,3,7,3,5335610,US,United States,Q4,2020
11,spotify:track:0ofHAoxe9vBkTCp2UQIavz,Fleetwood Mac,Dreams - 2004 Remaster,Rhino/Warner Records,11,29,5,5308749,US,United States,Q4,2020
12,spotify:track:1tkg4EHVoqnhR6iFEXb60y,Pop Smoke,What You Know Bout Love,Victor Victor Worldwide,12,16,6,5293080,US,United States,Q4,2020
13,spotify:track:3ruoIF2UnoXdzK8mR61ebq,"21 Savage, Metro Boomin, Young Thug",Rich Nigga Shit (feat. Young Thug),"Slaughter Gang, LLC/Epic/Boominati Worldwide/Republic",13,-1,1,5274717,US,United States,Q4,2020
14,spotify:track:7ytR5pFWmSjzHJIeQkgog4,"DaBaby, Roddy Ricch",ROCKSTAR (feat. Roddy Ricch),South Coast Music Group/Interscope Records,1,10,25,5019296,US,United States,Q4,2020
15,spotify:track:3CDVMejYHnB1SkEEx0T1N4,"21 Savage, Metro Boomin",Many Men,"Slaughter Gang, LLC/Epic/Boominati Worldwide/Republic",15,-1,1,4943214,US,United States,Q4,2020
16,spotify:track:7fxSLnklnayJNBIKntXedZ,"21 Savage, Metro Boomin",Slidin,"Slaughter Gang, LLC/Epic/Boominati Worldwide/Republic",16,-1,1,4832891,US,United States,Q4,2020
17,spotify:track:2MbdDtCv5LUVjYy9RuGTgC,"Jack Harlow, Tory Lanez, DaBaby, Lil Wayne","WHATS POPPIN (feat. DaBaby, Tory Lanez & Lil Wayne) - Remix",Generation Now/Atlantic,2,8,16,4807954,US,United States,Q4,2020
18,spotify:track:2U5WueTLIK5WJLD7mvDODv,Juice WRLD,Wishing Well,Grade A Productions/Interscope Records,1,13,13,4747825,US,United States,Q4,2020
19,spotify:track:0t1kP63rueHleOhQkYSXFY,BTS,Dynamite,BIGHIT MUSIC,4,14,7,4738523,US,United States,Q4,2020
20,spotify:track:2Y0wPrPQBrGhoLn14xRYCG,"Juice WRLD, Marshmello",Come & Go (with Marshmello),Grade A Productions/Interscope Records,1,12,13,4727724,US,United States,Q4,2020
21,spotify:track:0VjIjW4GlUZAMYd2vXMi3b,The Weeknd,Blinding Lights,Republic Records,1,18,45,4563469,US,United States,Q4,2020
22,spotify:track:7kDUspsoYfLkWnZR7qwHZl,"mgk, blackbear",my ex's best friend (with blackbear),Bad Boy/Interscope Records,11,11,9,4529618,US,United States,Q4,2020
23,spotify:track:6EDO9iiTtwNv6waLwa1UUq,"DJ Khaled, Drake",POPSTAR (feat. Drake),OVO/We The Best/Epic,4,9,12,4510495,US,United States,Q4,2020
24,spotify:track:4xqrdfXkTW4T0RauPLv3WA,Conan Gray,Heather,Republic Records,9,15,14,4509346,US,United States,Q4,2020
25,spotify:track:6UelLqGlWMcVH1E5c4H7lY,Harry Styles,Watermelon Sugar,Columbia,4,19,47,4019414,US,United States,Q4,2020
26,spotify:track:7iAgNZdotu40NwtoIWJHFe,"BLACKPINK, Cardi B",Bet You Wanna (feat. Cardi B),YG Entertainment/Interscope Records,26,-1,1,4006689,US,United States,Q4,2020
27,spotify:track:4Ws314Ylb27BVsvlZOy30C,BLACKPINK,Lovesick Girls,YG Entertainment/Interscope Records,27,-1,1,3953974,US,United States,Q4,2020
28,spotify:track:6AGOKlMZWLCaEJGnaROtF9,Ritt Momney,Put Your Records On,Columbia,23,23,4,3883433,US,United States,Q4,2020
29,spotify:track:45bE4HXI0AwGZXfZtMp8JR,Tate McRae,you broke me first,RCA Records Label,16,20,12,3755108,US,United States,Q4,2020
30,spotify:track:4SCnCPOUOUXUmCX2uHb3r7,"Bryson Tiller, Drake",Outta Time (feat. Drake),TrapSoul/RCA Records,30,-1,1,3710964,US,United States,Q4,2020
31,spotify:track:22LAwLoDA5b4AaGSkg6bKW,Lil Mosey,Blueberry Faygo,Mogul Vision/Interscope Records,2,22,35,3704071,US,United States,Q4,2020
32,spotify:track:4jVBIpuOiMj1crqd8LoCrJ,"Travis Scott, Young Thug, M.I.A.",FRANCHISE (feat. Young Thug & M.I.A.),Cactus Jack/Epic,6,6,2,3560595,US,United States,Q4,2020
33,spotify:track:5rZlwNFl01HqLWBQGryKSm,"Pop Smoke, Lil Tjay",Mood Swings (feat. Lil Tjay),Victor Victor Worldwide,10,21,14,3555415,US,United States,Q4,2020
34,spotify:track:1VLtjHwRWOVJiE5Py7JxoQ,Polo G,Martin & Gina,Columbia,23,24,10,3524706,US,United States,Q4,2020
35,spotify:track:4V9ynsDPwHtdItksqjuRu0,"21 Savage, Metro Boomin",Brand New Draco,"Slaughter Gang, LLC/Epic/Boominati Worldwide/Republic",35,-1,1,3514669,US,United States,Q4,2020
36,spotify:track:42Tohunwlh34o0mgxYx5iq,"21 Savage, Metro Boomin",My Dawg,"Slaughter Gang, LLC/Epic/Boominati Worldwide/Republic",36,-1,1,3457808,US,United States,Q4,2020
37,spotify:track:3WaDoMDQRqDdgtCDLxanpN,"21 Savage, Metro Boomin, Young Nudy",Snitches & Rats (feat. Young Nudy),"Slaughter Gang, LLC/Epic/Boominati Worldwide/Republic",37,-1,1,3423501,US,United States,Q4,2020
38,spotify:track:0xUvi7wldroBzaZCengPa5,"Money Man, Lil Baby",24 (feat. Lil Baby),Black Circle / EMPIRE,25,39,8,3228515,US,United States,Q4,2020
39,spotify:track:1VSuFS7PahCN3SWbOcQ98m,"mgk, Halsey",forget me too (feat. Halsey),Bad Boy/Interscope Records,17,17,2,3190381,US,United States,Q4,2020
40,spotify:track:33gwZOGJWEZ7dRWPqPxBEZ,"Big Sean, Post Malone",Wolves (feat. Post Malone),"Getting Out Our Dreams, Inc./Def Jam Recordings",19,26,5,3184580,US,United States,Q4,2020
41,spotify:track:1IIKrJVP1C9N7iPtG6eOsK,"Chris Brown, Young Thug",Go Crazy,Chris Brown Entertainment/300 Entertainment/RCA Records,20,28,20,3122423,US,United States,Q4,2020
42,spotify:track:6wQlQrTY5mVS8EGaFZVwVF,"Juice WRLD, The Weeknd",Smile (with The Weeknd),Grade A Productions/Interscope Records,2,30,9,3108740,US,United States,Q4,2020
43,spotify:track:3nS9a01VvXHQriLqJYwRqG,"Gunna, Young Thug",DOLLAZ ON MY HEAD (feat. Young Thug),300 Entertainment,19,34,20,3078608,US,United States,Q4,2020
44,spotify:track:5f1joOtoMeyppIcJGZQvqJ,"Kane Brown, Swae Lee, Khalid",Be Like That - feat. Swae Lee & Khalid,RCA Records Label Nashville,25,40,13,3060143,US,United States,Q4,2020
45,spotify:track:50I7FNN2rl2rWiNwGxS146,"21 Savage, Metro Boomin",No Opp Left Behind,"Slaughter Gang, LLC/Epic/Boominati Worldwide/Republic",45,-1,1,3010573,US,United States,Q4,2020
46,spotify:track:285pBltuF7vW8TeWk8hdRR,Juice WRLD,Lucid Dreams,Juice WRLD Mixtape / ISR P&D,1,41,127,2984501,US,United States,Q4,2020
47,spotify:track:2Wo6QQD1KMDWeFkkjLqwx5,"SAINt JHN, Imanbek",Roses - Imanbek Remix,Craft Recordings,5,37,33,2940545,US,United States,Q4,2020
48,spotify:track:6Hj9jySrnFppAI0sEMCZpJ,Juice WRLD,Robbery,Grade A Productions/Interscope Records,3,44,86,2932285,US,United States,Q4,2020
49,spotify:track:4VXIryQMWpIdGgYR4TrjT1,Juice WRLD,All Girls Are The Same,Juice WRLD Mixtape / ISR P&D,13,46,128,2931803,US,United States,Q4,2020
50,spotify:track:21jGcNKet2qwijlDFuPiPb,Post Malone,Circles,Republic Records,1,42,58,2901408,US,United States,Q4,2020
1,spotify:track:1rgnBhdG2JDFTbYkYRZAku,Tones And I,Dance Monkey,Elektra (NEK),1,1,23,93899,ZA,South Africa,Q1,2020
2,spotify:track:21jGcNKet2qwijlDFuPiPb,Post Malone,Circles,Republic Records,1,2,19,63160,ZA,South Africa,Q1,2020
3,spotify:track:2b8fOow8UzyDFAE27YhOZM,Maroon 5,Memories,Interscope Records*,2,3,16,60656,ZA,South Africa,Q1,2020
4,spotify:track:0nbXyq5TXYPCO7pr3N8S4I,Roddy Ricch,The Box,Atlantic Records,4,35,4,54619,ZA,South Africa,Q1,2020
5,spotify:track:4TnjEaWOeW0eKTKIEvJyCa,Trevor Daniel,Falling,Alamo,5,6,8,53703,ZA,South Africa,Q1,2020
6,spotify:track:696DnlkuDOXcMAnKlTgXXK,Arizona Zervas,ROXANNE,Arizona Zervas,3,7,10,51667,ZA,South Africa,Q1,2020
7,spotify:track:6WrI0LAC5M1Rw2MnX2ZvEg,Dua Lipa,Don't Start Now,Warner Records,7,9,10,50765,ZA,South Africa,Q1,2020
8,spotify:track:6v3KW9xbzN5yKLt9YKDYA2,"Shawn Mendes, Camila Cabello",Señorita,Island Records,1,5,29,48508,ZA,South Africa,Q1,2020
9,spotify:track:41L3O37CECZt3N7ziG2z7l,Justin Bieber,Yummy,RBMG/Def Jam,9,-1,1,47183,ZA,South Africa,Q1,2020
10,spotify:track:70eFcWOvlMObDhURTqT4Fv,"Ed Sheeran, Khalid",Beautiful People (feat. Khalid),Atlantic Records UK,2,8,28,44818,ZA,South Africa,Q1,2020
11,spotify:track:3ZCTVFBt2Brf31RLEnCkWJ,Billie Eilish,everything i wanted,Darkroom/Interscope Records,2,15,8,43597,ZA,South Africa,Q1,2020
12,spotify:track:7qEHsqek33rTcFNT9PFqLf,Lewis Capaldi,Someone You Loved,Vertigo Berlin,7,12,52,40308,ZA,South Africa,Q1,2020
13,spotify:track:0sf12qNH5qcw8qpgymFOqD,The Weeknd,Blinding Lights,Republic Records,13,21,6,39946,ZA,South Africa,Q1,2020
14,spotify:track:1HfMVBKM75vxSfsQ5VefZ5,Selena Gomez,Lose You To Love Me,Interscope Records,2,18,12,39508,ZA,South Africa,Q1,2020
15,spotify:track:3yOlyBJuViE2YSGn3nVE1K,"Camila Cabello, DaBaby",My Oh My (feat. DaBaby),Syco Music/Epic,15,23,5,39407,ZA,South Africa,Q1,2020
16,spotify:track:1E8jmVFDwAWbDzsjjniKGO,"Kabza De Small, DJ Maphorisa, Semi Tee, Miano, Kammu Dee","Lorch (feat. Semi Tee, Miano & Kammu Dee)",New Money Gang Records,2,4,6,37527,ZA,South Africa,Q1,2020
17,spotify:track:2Fxmhks0bxGSBdJ92vM42m,Billie Eilish,bad guy,Darkroom/Interscope Records,1,17,41,36945,ZA,South Africa,Q1,2020
18,spotify:track:0hVXuCcriWRGvwMV1r5Yn9,"Ed Sheeran & Justin Bieber, Justin Bieber",I Don't Care (with Justin Bieber),Atlantic Records UK,1,19,35,36047,ZA,South Africa,Q1,2020
19,spotify:track:6b2RcmUt1g9N9mQ3CbjX2Y,Sam Smith,How Do You Sleep?,PLG - Capitol,5,20,25,33924,ZA,South Africa,Q1,2020
20,spotify:track:7aiClxsDWFRQ0Kzk5KI5ku,blackbear,hot girl bummer,Alamo,11,31,20,32376,ZA,South Africa,Q1,2020
21,spotify:track:7FGq80cy8juXBCD2nrqdWU,"benny blanco, Halsey, Khalid",Eastside (with Halsey & Khalid),Friends Keep Secrets/Interscope Records,2,28,78,31937,ZA,South Africa,Q1,2020
22,spotify:track:4vUmTMuQqjdnvlZmAH61Qk,"Ed Sheeran, Camila Cabello, Cardi B",South of the Border (feat. Camila Cabello & Cardi B),Atlantic Records UK,13,33,26,31555,ZA,South Africa,Q1,2020
23,spotify:track:0RiRZpuVRbi7oqRdSMwhQY,"Post Malone, Swae Lee",Sunflower - Spider-Man: Into the Spider-Verse,Republic Records,1,27,64,31417,ZA,South Africa,Q1,2020
24,spotify:track:6Ozh9Ok6h4Oi1wUSLtBseN,DaBaby,BOP,South Coast Music Group/Interscope Records,24,42,14,31029,ZA,South Africa,Q1,2020
25,spotify:track:6UelLqGlWMcVH1E5c4H7lY,Harry Styles,Watermelon Sugar,Columbia,25,32,8,30721,ZA,South Africa,Q1,2020
26,spotify:track:7CHi4DtfK4heMlQaudCuHK,"MEDUZA, Becky Hill, Goodboys",Lose Control,Intercord,26,36,12,29611,ZA,South Africa,Q1,2020
27,spotify:track:1iQDltZqI7BXnHrFy4Qo1k,"SHAED, ZAYN",Trampoline (with ZAYN),Photo Finish Records,15,41,15,29400,ZA,South Africa,Q1,2020
28,spotify:track:3VyjsVV24RmBIbWJAeUJNu,Don Toliver,No Idea,We Run It Ent./Cactus Jack/Atlantic,28,39,6,28902,ZA,South Africa,Q1,2020
29,spotify:track:3eekarcy7kvN4yt5ZFzltW,Travis Scott,HIGHEST IN THE ROOM,Cactus Jack/Epic,1,34,14,28878,ZA,South Africa,Q1,2020
30,spotify:track:2tnVG71enUj33Ic2nFN6kZ,Regard,Ride It,Ministry of Sound Recordings,22,37,18,28836,ZA,South Africa,Q1,2020
31,spotify:track:7ckWQdFniRR7CNsIA1VIML,"Sha Sha, DJ Maphorisa, Kabza De Small",Tender Love (feat. DJ Maphorisa & Kabza De Small),Sound African Recordings,9,13,11,27057,ZA,South Africa,Q1,2020
32,spotify:track:3jjujdWJ72nww5eGnfs2E7,Harry Styles,Adore You,Columbia,26,49,5,26977,ZA,South Africa,Q1,2020
33,spotify:track:73wcFiFeCQurmHDQIcirbm,"Samthing Soweto, Sha Sha, DJ Maphorisa, Kabza De Small",Akulaleki,Platoon,7,10,19,26562,ZA,South Africa,Q1,2020
34,spotify:track:3g0mEQx3NTanacLseoP0Gw,"The Chainsmokers, ILLENIUM, Lennon Stella",Takeaway,Disruptor Records/Columbia,13,46,24,26296,ZA,South Africa,Q1,2020
35,spotify:track:5F6tLUQGd7GtiWID9ZEzev,"Master KG, Nomcebo Zikode",Jerusalema (feat. Nomcebo Zikode),Elektra France,6,11,6,26201,ZA,South Africa,Q1,2020
36,spotify:track:2dpaYNEQHiRxtZbfNsse99,"Marshmello, Bastille",Happier,Joytime Collective,1,44,73,25882,ZA,South Africa,Q1,2020
37,spotify:track:2YpeDb67231RjR0MgVLzsG,"Lil Nas X, Billy Ray Cyrus",Old Town Road (feat. Billy Ray Cyrus) - Remix,Columbia,1,40,40,25794,ZA,South Africa,Q1,2020
38,spotify:track:6vBdBCoOhKHiYDDOcorfNo,"Post Malone, Young Thug",Goodbyes (feat. Young Thug),Republic Records,2,45,27,25751,ZA,South Africa,Q1,2020
39,spotify:track:57vxBYXtHMk6H1aD29V7PU,The Weeknd,Heartless,Republic Records,6,53,7,25406,ZA,South Africa,Q1,2020
40,spotify:track:2oejEp50ZzPuQTQ6v54Evp,"The Chainsmokers, Bebe Rexha",Call You Mine,Disruptor Records/Columbia,11,50,32,24979,ZA,South Africa,Q1,2020
41,spotify:track:2gMXnyrvIjhVBUZwvLZDMP,Lewis Capaldi,Before You Go,Vertigo Berlin,29,62,7,24109,ZA,South Africa,Q1,2020
42,spotify:track:4tDBIoqZEnq6715SnqaJS7,"Kabza De Small, DJ Maphorisa, Njelic",Nana Thula (feat. Njelic),Piano Hub,12,16,14,24056,ZA,South Africa,Q1,2020
43,spotify:track:6XHVuErjQ4XNm6nDPVCxVX,"Chris Brown, Drake",No Guidance (feat. Drake),Chris Brown Entertainment/RCA Records,3,52,31,23015,ZA,South Africa,Q1,2020
44,spotify:track:285pBltuF7vW8TeWk8hdRR,Juice WRLD,Lucid Dreams,Juice WRLD Mixtape / ISR P&D,5,59,87,22717,ZA,South Africa,Q1,2020
45,spotify:track:6V9fHiv84WlVTg7CSnIVY2,Halsey,Graveyard,Capitol Records,23,63,17,22682,ZA,South Africa,Q1,2020
46,spotify:track:0ddnry07vtuLzEVK63bw3R,"Kabza De Small, DJ Maphorisa, Focalistic, Kamo Mphela, Bontle Smith","Sandton (feat. Focalistic, Kamo Mphela & Bontle Smith)",New Money Gang Records,24,24,5,22609,ZA,South Africa,Q1,2020
47,spotify:track:6KlOMbkMRBQUFWpYe1z8Nq,"Semi Tee, Miano, Kammu Dee",Labantwana Ama Uber,Universal Music (Pty) Ltd.,11,14,15,22496,ZA,South Africa,Q1,2020
48,spotify:track:1mpD5Q8IM32I4bF6eCpU74,Khalid,Up All Night,"Right Hand Music Group, LLC/RCA Records",28,67,8,22418,ZA,South Africa,Q1,2020
49,spotify:track:2iUXsYOEPhVqEBwsqP70rE,5 Seconds of Summer,Youngblood,Capitol,3,56,91,22319,ZA,South Africa,Q1,2020
50,spotify:track:4yI3HpbSFSgFZtJP2kDe5m,Selena Gomez,Look At Her Now,Interscope Records,17,64,11,22085,ZA,South Africa,Q1,2020
1,spotify:track:127QTOFJsJQp5LbJbu3A1y,Drake,Toosie Slide,OVO,1,-1,1,135434,ZA,South Africa,Q2,2020
2,spotify:track:0VjIjW4GlUZAMYd2vXMi3b,The Weeknd,Blinding Lights,Republic Records,1,1,19,87513,ZA,South Africa,Q2,2020
3,spotify:track:24Yi9hE78yPEbZ4kxyoXAI,"SAINt JHN, Imanbek",Roses - Imanbek Remix,Craft Recordings,3,3,17,81065,ZA,South Africa,Q2,2020
4,spotify:track:0nbXyq5TXYPCO7pr3N8S4I,Roddy Ricch,The Box,Atlantic Records,1,2,17,79165,ZA,South Africa,Q2,2020
5,spotify:track:3PfIrDoz19wz7qK7tYeu62,Dua Lipa,Don't Start Now,Warner Records,4,4,23,60050,ZA,South Africa,Q2,2020
6,spotify:track:22LAwLoDA5b4AaGSkg6bKW,Lil Mosey,Blueberry Faygo,Mogul Vision/Interscope Records,6,8,9,57729,ZA,South Africa,Q2,2020
7,spotify:track:1rgnBhdG2JDFTbYkYRZAku,Tones And I,Dance Monkey,Elektra (NEK),1,5,36,57034,ZA,South Africa,Q2,2020
8,spotify:track:4umIPjkehX1r7uhmGvXiSV,"Justin Bieber, Quavo",Intentions (feat. Quavo),RBMG/Def Jam,4,6,9,53194,ZA,South Africa,Q2,2020
9,spotify:track:5yY9lUy8nbvjM1Uyo1Uqoc,"Future, Drake",Life Is Good (feat. Drake),Epic/Freebandz,3,9,13,51549,ZA,South Africa,Q2,2020
10,spotify:track:21jGcNKet2qwijlDFuPiPb,Post Malone,Circles,Republic Records,1,10,32,47891,ZA,South Africa,Q2,2020
11,spotify:track:7eJMfftS33KTjuF7lTsMCx,"Powfu, beabadoobee",death bed (coffee for your head),Columbia,11,12,8,47391,ZA,South Africa,Q2,2020
12,spotify:track:2rRJrJEo19S2J82BDsQ3F7,Trevor Daniel,Falling,Alamo,5,11,21,46965,ZA,South Africa,Q2,2020
13,spotify:track:2b8fOow8UzyDFAE27YhOZM,Maroon 5,Memories,Interscope Records*,2,14,29,42805,ZA,South Africa,Q2,2020
14,spotify:track:4HDCLYli2SUdkq9OjmvhSD,"PARTYNEXTDOOR, Rihanna",BELIEVE IT,OVO Sound,7,7,2,42613,ZA,South Africa,Q2,2020
15,spotify:track:3Dv1eDb0MEgF93GpLXlucZ,Doja Cat,Say So,Kemosabe Records/RCA Records,13,13,14,41382,ZA,South Africa,Q2,2020
16,spotify:track:7FIWs0pqAYbP91WWM0vlTQ,"Eminem, Juice WRLD",Godzilla (feat. Juice WRLD),Shady/Aftermath/Interscope Records,2,16,12,40435,ZA,South Africa,Q2,2020
17,spotify:track:696DnlkuDOXcMAnKlTgXXK,Arizona Zervas,ROXANNE,Arizona Zervas,3,15,23,40386,ZA,South Africa,Q2,2020
18,spotify:track:55CHeLEfn5iJ0IIkgaa4si,Megan Thee Stallion,Savage,300 Entertainment,18,30,3,39412,ZA,South Africa,Q2,2020
19,spotify:track:1Cv1YLb4q0RzL6pybtaMLo,Surfaces,Sunday Best,"Surfaces Music / TenThousand Projects, LLC",17,18,12,38608,ZA,South Africa,Q2,2020
20,spotify:track:7qEHsqek33rTcFNT9PFqLf,Lewis Capaldi,Someone You Loved,Vertigo Berlin,7,22,65,38452,ZA,South Africa,Q2,2020
21,spotify:track:3ZCTVFBt2Brf31RLEnCkWJ,Billie Eilish,everything i wanted,Darkroom/Interscope Records,2,19,21,38131,ZA,South Africa,Q2,2020
22,spotify:track:70eFcWOvlMObDhURTqT4Fv,"Ed Sheeran, Khalid",Beautiful People (feat. Khalid),Atlantic Records UK,2,20,41,37282,ZA,South Africa,Q2,2020
23,spotify:track:1jaTQ3nqY3oAAYyCTbIvnM,Jack Harlow,WHATS POPPIN,Generation Now/Atlantic,23,27,9,36302,ZA,South Africa,Q2,2020
24,spotify:track:2YXf32CaC2PzXIgmRb2GK2,"Kabza De Small, DJ Maphorisa, Aymos, Samthing Soweto, Mas Musiq, Myztro","eMcimbini (feat. Aymos, Samthing Soweto, Mas Musiq & Myztro) - Live",New Money Gang Records,4,21,10,35279,ZA,South Africa,Q2,2020
25,spotify:track:7szuecWAPwGoV1e5vGu8tl,The Weeknd,In Your Eyes,Republic Records,6,17,3,35196,ZA,South Africa,Q2,2020
26,spotify:track:63Pt6QnepIcsPITzyvvOEt,Elaine,You're the One,Columbia,12,31,24,34051,ZA,South Africa,Q2,2020
27,spotify:track:07KXEDMj78x68D884wgVEm,"Roddy Ricch, Mustard",High Fashion (feat. Mustard),Atlantic Records,21,28,13,33119,ZA,South Africa,Q2,2020
28,spotify:track:3jjujdWJ72nww5eGnfs2E7,Harry Styles,Adore You,Columbia,25,26,18,31207,ZA,South Africa,Q2,2020
29,spotify:track:0hVXuCcriWRGvwMV1r5Yn9,"Ed Sheeran & Justin Bieber, Justin Bieber",I Don't Care (with Justin Bieber),Atlantic Records UK,1,25,48,30077,ZA,South Africa,Q2,2020
30,spotify:track:2alc8VZAzDgdAsL2QMk3hu,DripReport,Skechers,Arista Records,28,33,4,29803,ZA,South Africa,Q2,2020
31,spotify:track:1lGHa2pwYzxQHFBUynhLtO,DaBaby,FIND MY WAY,South Coast Music Group/Interscope Records,31,-1,1,29772,ZA,South Africa,Q2,2020
32,spotify:track:7CHi4DtfK4heMlQaudCuHK,"MEDUZA, Becky Hill, Goodboys",Lose Control,Intercord,17,34,25,29452,ZA,South Africa,Q2,2020
33,spotify:track:3g0mEQx3NTanacLseoP0Gw,"The Chainsmokers, ILLENIUM, Lennon Stella",Takeaway,Disruptor Records/Columbia,13,35,37,28819,ZA,South Africa,Q2,2020
34,spotify:track:7aiClxsDWFRQ0Kzk5KI5ku,blackbear,hot girl bummer,Alamo,11,41,33,28813,ZA,South Africa,Q2,2020
35,spotify:track:2gMXnyrvIjhVBUZwvLZDMP,Lewis Capaldi,Before You Go,Vertigo Berlin,25,32,20,28636,ZA,South Africa,Q2,2020
36,spotify:track:2p8IUWQDrpjuFltbdgLOag,The Weeknd,After Hours,Republic Records,8,29,8,28142,ZA,South Africa,Q2,2020
37,spotify:track:6v3KW9xbzN5yKLt9YKDYA2,"Shawn Mendes, Camila Cabello",Señorita,Island Records,1,37,42,27874,ZA,South Africa,Q2,2020
38,spotify:track:0lSZh5W0wDeurkGzLYY6hf,"NAV, Gunna, Travis Scott",Turks (feat. Travis Scott),Republic Records,38,42,2,27683,ZA,South Africa,Q2,2020
39,spotify:track:4nK5YrxbMGZstTLbvj6Gxw,"BENEE, Gus Dapperton",Supalonely,Republic Records,36,36,5,27183,ZA,South Africa,Q2,2020
40,spotify:track:78qd8dvwea0Gosb6Fe6j3k,Doja Cat,Boss Bitch,Atlantic Records,40,50,4,26950,ZA,South Africa,Q2,2020
41,spotify:track:2Fxmhks0bxGSBdJ92vM42m,Billie Eilish,bad guy,Darkroom/Interscope Records,1,38,54,26715,ZA,South Africa,Q2,2020
42,spotify:track:017PF4Q3l4DBUiWoXk4OWT,Dua Lipa,Break My Heart,Warner Records,24,24,2,26669,ZA,South Africa,Q2,2020
43,spotify:track:0TrPqhAMoaKUFLR7iYDokf,"Khalid, Disclosure",Know Your Worth,"Right Hand Music Group, LLC/RCA Records",20,44,9,26330,ZA,South Africa,Q2,2020
44,spotify:track:16wAOAZ2OkqoIDN7TpChjR,Justin Bieber,Yummy,RBMG/Def Jam,5,40,14,25458,ZA,South Africa,Q2,2020
45,spotify:track:7FGq80cy8juXBCD2nrqdWU,"benny blanco, Halsey, Khalid",Eastside (with Halsey & Khalid),Friends Keep Secrets/Interscope Records,2,46,91,25180,ZA,South Africa,Q2,2020
46,spotify:track:0RiRZpuVRbi7oqRdSMwhQY,"Post Malone, Swae Lee",Sunflower - Spider-Man: Into the Spider-Verse,Republic Records,1,45,77,24890,ZA,South Africa,Q2,2020
47,spotify:track:0u2P5u6lvoDfwTYjAADbn4,"Billie Eilish, Khalid",lovely (with Khalid),Darkroom,22,48,103,24619,ZA,South Africa,Q2,2020
48,spotify:track:3QzAOrNlsabgbMwlZt7TAY,"Mustard, Roddy Ricch",Ballin' (with Roddy Ricch),10 Summers Records/Interscope Records,37,51,19,24302,ZA,South Africa,Q2,2020
49,spotify:track:6oJ6le65B3SEqPwMRNXWjY,"Kygo, Whitney Houston",Higher Love,Kygo/RCA Records,19,43,41,24151,ZA,South Africa,Q2,2020
50,spotify:track:3AzjcOeAmA57TIOr9zF1ZW,Dua Lipa,Physical,Warner Records,37,39,10,23680,ZA,South Africa,Q2,2020
1,spotify:track:7ytR5pFWmSjzHJIeQkgog4,"DaBaby, Roddy Ricch",ROCKSTAR (feat. Roddy Ricch),South Coast Music Group/Interscope Records,1,1,12,92756,ZA,South Africa,Q3,2020
2,spotify:track:0VjIjW4GlUZAMYd2vXMi3b,The Weeknd,Blinding Lights,Republic Records,1,2,32,70122,ZA,South Africa,Q3,2020
3,spotify:track:1xQ6trAsedVPCdbtDAmk0c,"Jawsh 685, Jason Derulo",Savage Love (Laxed - Siren Beat),Columbia,3,7,4,58120,ZA,South Africa,Q3,2020
4,spotify:track:466cKvZn1j45IpxDdYZqdA,Drake,Toosie Slide,OVO,1,3,14,58117,ZA,South Africa,Q3,2020
5,spotify:track:24Yi9hE78yPEbZ4kxyoXAI,"SAINt JHN, Imanbek",Roses - Imanbek Remix,Craft Recordings,3,4,30,56698,ZA,South Africa,Q3,2020
6,spotify:track:1H7KnK26kc1YyellpbINEn,"Pop Smoke, 50 Cent, Roddy Ricch",The Woo (feat. 50 Cent & Roddy Ricch),Victor Victor Worldwide,6,-1,1,50922,ZA,South Africa,Q3,2020
7,spotify:track:79s5XnCN4TJKTVMSmOx8Ep,Pop Smoke,Dior,Victor Victor Worldwide/Republic Records,7,53,20,50009,ZA,South Africa,Q3,2020
8,spotify:track:1IIKrJVP1C9N7iPtG6eOsK,"Chris Brown, Young Thug",Go Crazy,Chris Brown Entertainment/300 Entertainment/RCA Records,8,11,9,49463,ZA,South Africa,Q3,2020
9,spotify:track:22LAwLoDA5b4AaGSkg6bKW,Lil Mosey,Blueberry Faygo,Mogul Vision/Interscope Records,5,6,22,48795,ZA,South Africa,Q3,2020
10,spotify:track:0nbXyq5TXYPCO7pr3N8S4I,Roddy Ricch,The Box,Atlantic Records,1,5,30,47056,ZA,South Africa,Q3,2020
11,spotify:track:0PvFJmanyNQMseIFrU708S,"Pop Smoke, Lil Baby, DaBaby",For The Night (feat. Lil Baby & DaBaby),Victor Victor Worldwide,11,-1,1,47031,ZA,South Africa,Q3,2020
12,spotify:track:5RqR4ZCCKJDcBLIn4sih9l,StaySolidRocky,Party Girl,Columbia,8,9,9,45519,ZA,South Africa,Q3,2020
13,spotify:track:6UelLqGlWMcVH1E5c4H7lY,Harry Styles,Watermelon Sugar,Columbia,13,15,34,44049,ZA,South Africa,Q3,2020
14,spotify:track:1rgnBhdG2JDFTbYkYRZAku,Tones And I,Dance Monkey,Elektra (NEK),1,12,49,43780,ZA,South Africa,Q3,2020
15,spotify:track:4wVOKKEHUJxHCFFNUWDn0B,"Drake, GIVĒON",Chicago Freestyle (feat. Giveon),OVO,5,10,10,43777,ZA,South Africa,Q3,2020
16,spotify:track:39Yp9wwQiSRIDOvrVg7mbk,"THE SCOTTS, Travis Scott, Kid Cudi",THE SCOTTS,Cactus Jack / Epic,1,8,11,43632,ZA,South Africa,Q3,2020
17,spotify:track:7qEHsqek33rTcFNT9PFqLf,Lewis Capaldi,Someone You Loved,Vertigo Berlin,7,13,78,42396,ZA,South Africa,Q3,2020
18,spotify:track:1K5KBOgreBi5fkEHvg5ap3,"Future, Drake",Life Is Good (feat. Drake),Epic/Freebandz,3,14,26,40306,ZA,South Africa,Q3,2020
19,spotify:track:3H7ihDc1dqLriiWXwsc2po,"Topic, A7S",Breaking Me,Intercord,19,20,14,39488,ZA,South Africa,Q3,2020
20,spotify:track:3PfIrDoz19wz7qK7tYeu62,Dua Lipa,Don't Start Now,Warner Records,4,17,36,39146,ZA,South Africa,Q3,2020
21,spotify:track:4umIPjkehX1r7uhmGvXiSV,"Justin Bieber, Quavo",Intentions (feat. Quavo),RBMG/Def Jam,4,16,22,38795,ZA,South Africa,Q3,2020
22,spotify:track:21jGcNKet2qwijlDFuPiPb,Post Malone,Circles,Republic Records,1,19,45,38460,ZA,South Africa,Q3,2020
23,spotify:track:7eJMfftS33KTjuF7lTsMCx,"Powfu, beabadoobee",death bed (coffee for your head),Columbia,10,18,21,37794,ZA,South Africa,Q3,2020
24,spotify:track:2MbdDtCv5LUVjYy9RuGTgC,"Jack Harlow, Tory Lanez, DaBaby, Lil Wayne","WHATS POPPIN (feat. DaBaby, Tory Lanez & Lil Wayne) - Remix",Generation Now/Atlantic,24,24,2,37569,ZA,South Africa,Q3,2020
25,spotify:track:63Pt6QnepIcsPITzyvvOEt,Elaine,You're the One,Columbia,12,23,37,36398,ZA,South Africa,Q3,2020
26,spotify:track:4HBZA5flZLE435QTztThqH,"Ariana Grande, Justin Bieber",Stuck with U (with Justin Bieber),"Ariana Grande & Justin Bieber ""Stuck With U""- Charity",8,27,9,35325,ZA,South Africa,Q3,2020
27,spotify:track:2b8fOow8UzyDFAE27YhOZM,Maroon 5,Memories,Interscope Records*,2,26,42,35025,ZA,South Africa,Q3,2020
28,spotify:track:70eFcWOvlMObDhURTqT4Fv,"Ed Sheeran, Khalid",Beautiful People (feat. Khalid),Atlantic Records UK,2,25,54,35008,ZA,South Africa,Q3,2020
29,spotify:track:6V06P7LboO5FaYi13nQANw,"Kabza De Small, Madumane, Wizkid, Burna Boy, Cassper Nyovest","Sponono (feat. Wizkid, Burna Boy, Cassper Nyovest & Madumane)",Piano Hub,21,21,2,34053,ZA,South Africa,Q3,2020
30,spotify:track:6O7fPYTsb2mY0PiFt2ymDB,"Pop Smoke, Quavo",Aim For The Moon (feat. Quavo),Victor Victor Worldwide,30,-1,1,33061,ZA,South Africa,Q3,2020
31,spotify:track:3Z8FwOEN59mRMxDCtb8N0A,"Marshmello, Halsey",Be Kind (with Halsey),Astralwerks,16,30,10,32912,ZA,South Africa,Q3,2020
32,spotify:track:7sjFIZ1g5QLJLGja3k592K,Pop Smoke,44 BullDog,Victor Victor Worldwide,32,-1,1,32484,ZA,South Africa,Q3,2020
33,spotify:track:7ju97lgwC2rKQ6wwsf9no9,"Lady Gaga, Ariana Grande",Rain On Me (with Ariana Grande),Interscope,8,32,7,31674,ZA,South Africa,Q3,2020
34,spotify:track:3ZCTVFBt2Brf31RLEnCkWJ,Billie Eilish,everything i wanted,Darkroom/Interscope Records,2,34,34,31672,ZA,South Africa,Q3,2020
35,spotify:track:2gMXnyrvIjhVBUZwvLZDMP,Lewis Capaldi,Before You Go,Vertigo Berlin,25,31,33,31631,ZA,South Africa,Q3,2020
36,spotify:track:2rRJrJEo19S2J82BDsQ3F7,Trevor Daniel,Falling,Alamo,5,22,34,31587,ZA,South Africa,Q3,2020
37,spotify:track:5v4GgrXPMghOnBBLmveLac,"Megan Thee Stallion, Beyoncé",Savage Remix (feat. Beyoncé),300 Entertainment,8,29,11,31342,ZA,South Africa,Q3,2020
38,spotify:track:71d7LaAgPcNcUopu3OzmP7,"Pop Smoke, Rowdy Rebel",Make It Rain (feat. Rowdy Rebel),Victor Victor Worldwide,38,-1,2,31128,ZA,South Africa,Q3,2020
39,spotify:track:5kkaSMcf4BFlhRRICCKZb6,Pop Smoke,Something Special,Victor Victor Worldwide,39,-1,1,30828,ZA,South Africa,Q3,2020
40,spotify:track:3eekarcy7kvN4yt5ZFzltW,Travis Scott,HIGHEST IN THE ROOM,Cactus Jack/Epic,1,35,40,29747,ZA,South Africa,Q3,2020
41,spotify:track:1hg3RlqFZXJb5YgRoK9qmF,Pop Smoke,Gangstas,Victor Victor Worldwide,41,-1,1,29717,ZA,South Africa,Q3,2020
42,spotify:track:62aP9fBQKYKxi7PDXwcUAS,"Surf Mesa, Emilee",ily (i love you baby) (feat. Emilee),Astralwerks,36,38,13,29296,ZA,South Africa,Q3,2020
43,spotify:track:017PF4Q3l4DBUiWoXk4OWT,Dua Lipa,Break My Heart,Warner Records,24,37,15,28837,ZA,South Africa,Q3,2020
44,spotify:track:25zlnOAzbVoOzIeXSvQFf1,Pop Smoke,Got It On Me,Victor Victor Worldwide,44,-1,1,28612,ZA,South Africa,Q3,2020
45,spotify:track:1Cv1YLb4q0RzL6pybtaMLo,Surfaces,Sunday Best,"Surfaces Music / TenThousand Projects, LLC",17,36,25,28524,ZA,South Africa,Q3,2020
46,spotify:track:3eV2WT9YhfzkxbufnBF8wK,"Pop Smoke, Swae Lee",Creature (feat. Swae Lee),Victor Victor Worldwide,46,-1,1,28265,ZA,South Africa,Q3,2020
47,spotify:track:1jaTQ3nqY3oAAYyCTbIvnM,Jack Harlow,WHATS POPPIN,Generation Now/Atlantic,15,33,22,28208,ZA,South Africa,Q3,2020
48,spotify:track:6gBFPUFcJLzWGx4lenP6h2,Travis Scott,goosebumps,Cactus Jack / Epic,6,39,34,27786,ZA,South Africa,Q3,2020
49,spotify:track:0RiRZpuVRbi7oqRdSMwhQY,"Post Malone, Swae Lee",Sunflower - Spider-Man: Into the Spider-Verse,Republic Records,1,40,90,27402,ZA,South Africa,Q3,2020
50,spotify:track:1sgDyuLooyvEML4oHspNza,"Kygo, OneRepublic",Lose Somebody,Kygo,40,43,8,27382,ZA,South Africa,Q3,2020
1,spotify:track:3tjFYV6RSFtuktYl3ZtYcq,"24kGoldn, iann dior",Mood (feat. iann dior),Records/Columbia,1,1,8,88791,ZA,South Africa,Q4,2020
2,spotify:track:4Oun2ylbjFKMPTiaSbbCih,"Cardi B, Megan Thee Stallion",WAP (feat. Megan Thee Stallion),Atlantic/KSR,1,2,9,84354,ZA,South Africa,Q4,2020
3,spotify:track:7hxHWCCAIIxFLCzvDgnQHX,"Internet Money, Gunna, Don Toliver, NAV",Lemonade (feat. NAV),Internet Money Records / TenThousand Projects,3,3,8,83023,ZA,South Africa,Q4,2020
4,spotify:track:0PvFJmanyNQMseIFrU708S,"Pop Smoke, Lil Baby, DaBaby",For The Night (feat. Lil Baby & DaBaby),Victor Victor Worldwide,4,4,14,81418,ZA,South Africa,Q4,2020
5,spotify:track:2SAqBLGA283SUiwJ3xOUVI,"Drake, Lil Durk",Laugh Now Cry Later (feat. Lil Durk),OVO,1,5,8,73422,ZA,South Africa,Q4,2020
6,spotify:track:4DIoCdiRMAfDgor0Kj76Nj,"Soa Mattrix, Soulful G, Shaun 101",uThando,Gaba Cannal Music Inc.,6,15,5,64457,ZA,South Africa,Q4,2020
7,spotify:track:0VjIjW4GlUZAMYd2vXMi3b,The Weeknd,Blinding Lights,Republic Records,1,8,45,64321,ZA,South Africa,Q4,2020
8,spotify:track:7ytR5pFWmSjzHJIeQkgog4,"DaBaby, Roddy Ricch",ROCKSTAR (feat. Roddy Ricch),South Coast Music Group/Interscope Records,1,9,25,62743,ZA,South Africa,Q4,2020
9,spotify:track:6EDO9iiTtwNv6waLwa1UUq,"DJ Khaled, Drake",POPSTAR (feat. Drake),OVO/We The Best/Epic,1,6,12,61601,ZA,South Africa,Q4,2020
10,spotify:track:0CLyxycXWr4PP7PgeGRn8u,"Nomcebo Zikode, Master KG",Xola Moya Wam' (feat. Master KG),Open Mic Productions,4,7,8,61476,ZA,South Africa,Q4,2020
11,spotify:track:6cx06DFPPHchuUAcTxznu9,"Joel Corry, MNEK",Head & Heart (feat. MNEK),Atlantic Records UK,11,13,12,60918,ZA,South Africa,Q4,2020
12,spotify:track:4Q34FP1AT7GEl9oLgNtiWj,"21 Savage, Metro Boomin, Drake",Mr. Right Now (feat. Drake),"Slaughter Gang, LLC/Epic/Boominati Worldwide/Republic",12,-1,1,57808,ZA,South Africa,Q4,2020
13,spotify:track:5SWnsxjhdcEDc7LJjq9UHk,"21 Savage, Metro Boomin",Runnin,"Slaughter Gang, LLC/Epic/Boominati Worldwide/Republic",13,-1,1,55186,ZA,South Africa,Q4,2020
14,spotify:track:1tkg4EHVoqnhR6iFEXb60y,Pop Smoke,What You Know Bout Love,Victor Victor Worldwide,14,22,13,54981,ZA,South Africa,Q4,2020
15,spotify:track:5rZlwNFl01HqLWBQGryKSm,"Pop Smoke, Lil Tjay",Mood Swings (feat. Lil Tjay),Victor Victor Worldwide,7,12,14,54758,ZA,South Africa,Q4,2020
16,spotify:track:1IIKrJVP1C9N7iPtG6eOsK,"Chris Brown, Young Thug",Go Crazy,Chris Brown Entertainment/300 Entertainment/RCA Records,4,14,22,53547,ZA,South Africa,Q4,2020
17,spotify:track:4SCnCPOUOUXUmCX2uHb3r7,"Bryson Tiller, Drake",Outta Time (feat. Drake),TrapSoul/RCA Records,17,-1,1,53240,ZA,South Africa,Q4,2020
18,spotify:track:5u1n1kITHCxxp8twBcZxWy,"Justin Bieber, Chance the Rapper",Holy (feat. Chance The Rapper),RBMG/Def Jam,17,17,3,52816,ZA,South Africa,Q4,2020
19,spotify:track:3H7ihDc1dqLriiWXwsc2po,"Topic, A7S",Breaking Me,Intercord,9,18,27,52630,ZA,South Africa,Q4,2020
20,spotify:track:2Wo6QQD1KMDWeFkkjLqwx5,"SAINt JHN, Imanbek",Roses - Imanbek Remix,Craft Recordings,3,16,43,51378,ZA,South Africa,Q4,2020
21,spotify:track:4WCMChQUxMOZBiYZThe2BD,"Riky Rick, Focalistic, Tyler ICU",UNGAZINCISHI (feat. Focalistic & Tyler ICU),Anolabex (Pty) Ltd,21,-1,1,50305,ZA,South Africa,Q4,2020
22,spotify:track:6UelLqGlWMcVH1E5c4H7lY,Harry Styles,Watermelon Sugar,Columbia,12,19,47,49788,ZA,South Africa,Q4,2020
23,spotify:track:0t1kP63rueHleOhQkYSXFY,BTS,Dynamite,BIGHIT MUSIC,9,21,7,49495,ZA,South Africa,Q4,2020
24,spotify:track:1xQ6trAsedVPCdbtDAmk0c,"Jawsh 685, Jason Derulo",Savage Love (Laxed - Siren Beat),Columbia,3,10,17,48740,ZA,South Africa,Q4,2020
25,spotify:track:45bE4HXI0AwGZXfZtMp8JR,Tate McRae,you broke me first,RCA Records Label,20,24,13,47562,ZA,South Africa,Q4,2020
26,spotify:track:7DsqUINZuae9IbmMAQgx6y,"Zuma, Reece Madlisa, Mr JazziQ, Busta 929",Jazzidisciples (Zlele),Black Is Brown,23,23,7,46295,ZA,South Africa,Q4,2020
27,spotify:track:2U5WueTLIK5WJLD7mvDODv,Juice WRLD,Wishing Well,Grade A Productions/Interscope Records,4,26,13,44605,ZA,South Africa,Q4,2020
28,spotify:track:7qEHsqek33rTcFNT9PFqLf,Lewis Capaldi,Someone You Loved,Vertigo Berlin,7,27,91,43701,ZA,South Africa,Q4,2020
29,spotify:track:5KCbr5ndeby4y4ggthdiAb,Shawn Mendes,Wonder,Shawn Mendes LP4-5 PS/ Island,29,-1,1,43244,ZA,South Africa,Q4,2020
30,spotify:track:7cVgVA4VO6EaVWvKZGQF9m,"Mfr Souls, Major League Djz, Kamo Mphela, Bontle Smith","Amanikiniki (feat. Major League DJz, Kamo Mphela & Bontle Smith)",Sound African Recordings,30,32,8,41957,ZA,South Africa,Q4,2020
31,spotify:track:2MlOUXmcofMackX3bxfSwi,"Master KG, Nomcebo Zikode",Jerusalema (feat. Nomcebo Zikode),Elektra France,6,20,29,41788,ZA,South Africa,Q4,2020
32,spotify:track:4jVBIpuOiMj1crqd8LoCrJ,"Travis Scott, Young Thug, M.I.A.",FRANCHISE (feat. Young Thug & M.I.A.),Cactus Jack/Epic,11,11,2,41703,ZA,South Africa,Q4,2020
33,spotify:track:1H7KnK26kc1YyellpbINEn,"Pop Smoke, 50 Cent, Roddy Ricch",The Woo (feat. 50 Cent & Roddy Ricch),Victor Victor Worldwide,6,28,14,41591,ZA,South Africa,Q4,2020
34,spotify:track:2MbdDtCv5LUVjYy9RuGTgC,"Jack Harlow, Tory Lanez, DaBaby, Lil Wayne","WHATS POPPIN (feat. DaBaby, Tory Lanez & Lil Wayne) - Remix",Generation Now/Atlantic,11,25,15,41557,ZA,South Africa,Q4,2020
35,spotify:track:2Y0wPrPQBrGhoLn14xRYCG,"Juice WRLD, Marshmello",Come & Go (with Marshmello),Grade A Productions/Interscope Records,2,29,13,40972,ZA,South Africa,Q4,2020
36,spotify:track:35RJhm1pEovTBwnNR0zWad,"DJ Khaled, Drake",GREECE (feat. Drake),OVO/We The Best/Epic,9,30,12,40278,ZA,South Africa,Q4,2020
37,spotify:track:79s5XnCN4TJKTVMSmOx8Ep,Pop Smoke,Dior,Victor Victor Worldwide/Republic Records,7,31,33,39765,ZA,South Africa,Q4,2020
38,spotify:track:6pcywuOeGGWeOQzdUyti6k,"21 Savage, Metro Boomin",Glock In My Lap,"Slaughter Gang, LLC/Epic/Boominati Worldwide/Republic",38,-1,1,39185,ZA,South Africa,Q4,2020
39,spotify:track:59qrUpoplZxbIZxk6X0Bm3,Jason Derulo,Take You Dancing,Atlantic Records,34,35,11,37767,ZA,South Africa,Q4,2020
40,spotify:track:08HPWLi0YmRUStJzkQ1ffh,GIVĒON,Stuck On You,Epic/Not So Fast,40,-1,1,36601,ZA,South Africa,Q4,2020
41,spotify:track:1rgnBhdG2JDFTbYkYRZAku,Tones And I,Dance Monkey,Elektra (NEK),1,33,62,35720,ZA,South Africa,Q4,2020
42,spotify:track:3ruoIF2UnoXdzK8mR61ebq,"21 Savage, Metro Boomin, Young Thug",Rich Nigga Shit (feat. Young Thug),"Slaughter Gang, LLC/Epic/Boominati Worldwide/Republic",42,-1,1,35608,ZA,South Africa,Q4,2020
43,spotify:track:22LAwLoDA5b4AaGSkg6bKW,Lil Mosey,Blueberry Faygo,Mogul Vision/Interscope Records,5,34,35,34792,ZA,South Africa,Q4,2020
44,spotify:track:2b8fOow8UzyDFAE27YhOZM,Maroon 5,Memories,Interscope Records*,2,36,55,33930,ZA,South Africa,Q4,2020
45,spotify:track:3Z8FwOEN59mRMxDCtb8N0A,"Marshmello, Halsey",Be Kind (with Halsey),Astralwerks,16,37,23,33656,ZA,South Africa,Q4,2020
46,spotify:track:4xqrdfXkTW4T0RauPLv3WA,Conan Gray,Heather,Republic Records,36,39,8,32816,ZA,South Africa,Q4,2020
47,spotify:track:1LV5cAo02H8h5YlZNcjULM,Bryson Tiller,Always Forever,TrapSoul/RCA Records,47,-1,1,32640,ZA,South Africa,Q4,2020
48,spotify:track:1gu8xPM3tPyIqKFHxSS6Dv,"Tyler ICU, Nicole Elocin, Kabza De Small, DJ Maphorisa",Bella Ciao (feat. Kabza De Small & DJ Maphorisa),New Money Gang Records,45,45,3,32348,ZA,South Africa,Q4,2020
49,spotify:track:70eFcWOvlMObDhURTqT4Fv,"Ed Sheeran, Khalid",Beautiful People (feat. Khalid),Atlantic Records UK,2,38,67,32324,ZA,South Africa,Q4,2020
50,spotify:track:21jGcNKet2qwijlDFuPiPb,Post Malone,Circles,Republic Records,1,41,58,31139,ZA,South Africa,Q4,2020