rank,uri,artist_names,track_name,source,peak_rank,previous_rank,weeks_on_chart,streams,country_code,country_name,quarter,year
1,spotify:track:5MKbWaXeSQSmzmo7gPQha1,"La T y La M, Malandro",Amor de Vago,GraceMusic,1,1,18,2865211,AR,Argentina,Q1,2025
2,spotify:track:7yif9yIhSCxhcPExFOktCp,"Gordo, Emilia",Olvidarte (feat. Emilia),"Ultra Records, LLC",2,2,4,2849322,AR,Argentina,Q1,2025
3,spotify:track:5AGnkbWCiF9u4ra54N9X1a,"Bizarrap, Luck Ra","Luck Ra: Bzrp Music Sessions, Vol. 61/66",DALE PLAY Records,3,4,2,2825828,AR,Argentina,Q1,2025
4,spotify:track:69vi5SUSJJF0CQJCZngFFS,"Jombriel, Alex Krack, Jøtta",Parte & Choke,WEA Latina,4,9,7,2309477,AR,Argentina,Q1,2025
5,spotify:track:0c82YIGpQ5dCaXpTNCk4sb,"Tiago PZK, Anitta, Emilia",Alegría,WEA Latina,1,5,22,2060752,AR,Argentina,Q1,2025
6,spotify:track:6WatFBLVB0x077xWeoVc2k,KAROL G,Si Antes Te Hubiera Conocido,Bichota/Interscope Records,1,3,29,2037370,AR,Argentina,Q1,2025
7,spotify:track:0qeIFEGRQqHoaJtLCl0U73,"Myke Towers, benny blanco",DEGENERE 👑 (feat. benny blanco),WEA Latina,2,6,12,1863396,AR,Argentina,Q1,2025
8,spotify:track:4xXvGEiTkoaIkOMWa4u3Mn,"Renzo ED, elaggume",COLOCARTELO,WM Chile,5,10,9,1838639,AR,Argentina,Q1,2025
9,spotify:track:6kPCcIAGoTeRrh8qrmKa90,"Tiago PZK, Ke Personajes",Piel,WEA Latina,2,7,49,1759765,AR,Argentina,Q1,2025
10,spotify:track:5AkLEnorFvb7WIJOGqKYVT,"Big One, Emanero, Valentino Merlo",Si Un Día Estás Sola | CROSSOVER #7,Fifty One,4,11,18,1552010,AR,Argentina,Q1,2025
11,spotify:track:4dLLdfiniBhDP9dlJQIOi4,"Los Ángeles Azules, Emilia",Perdonarte ¿Para Qué?,Seitrack,1,12,33,1544885,AR,Argentina,Q1,2025
12,spotify:track:1TyBUtMxdmRfXhW3MmbxtQ,"Luck Ra, Abel Pintos",QUE ME FALTE TODO,Sony Music Entertainment Chile S.A,3,8,63,1527885,AR,Argentina,Q1,2025
13,spotify:track:5rQSQlZXXjMcevPGoAfE1z,"Salastkbron, Diel Paris",Un Besito Más,WEA Latina,2,14,43,1417923,AR,Argentina,Q1,2025
14,spotify:track:7yrTny7FLWLbfIzsxoicWj,Emilia,noviogangsta <3,Sony Music Latin,2,18,13,1281664,AR,Argentina,Q1,2025
15,spotify:track:4eqXTlaHeK6xkM1fRx9wR5,"Pinky SD, Un Poco de Ruido, Uriel Lozano",Conmigo Te Gustó,Pinky SD,13,15,21,1277000,AR,Argentina,Q1,2025
16,spotify:track:1R3ubqAHKHE6f64Hz37q8h,La T y La M,Un Montón de Estrellas - En Vivo Gran Rex,GraceMusic,13,13,15,1262658,AR,Argentina,Q1,2025
17,spotify:track:0SoBfYjQHvL6cuWHtPUYnq,"Valentino Merlo, The La Planta",Hoy,TLP Records,1,16,33,1245722,AR,Argentina,Q1,2025
18,spotify:track:2lTm559tuIvatlT1u0JYG2,Bad Bunny,BAILE INoLVIDABLE,Rimas Entertainment LLC.,18,-1,1,1230467,AR,Argentina,Q1,2025
19,spotify:track:7bywjHOc0wSjGGbj04XbVi,"Feid, ATL Jacob",LUNA,UMLE - Latino,5,29,57,1227203,AR,Argentina,Q1,2025
20,spotify:track:0l0vcZMU7AOeQmUIREoI2U,"Rauw Alejandro, Bad Bunny",Qué Pasaría...,Sony Music Latin/Duars Entertainment,14,35,8,1220960,AR,Argentina,Q1,2025
21,spotify:track:2xbH0CuDbid800YW5nMPzR,"Emanero, Karina, j mena, Angela Torres",SINVERGÜENZA - con Angela Torres,Fifty One,14,17,57,1216501,AR,Argentina,Q1,2025
22,spotify:track:42mrOMjkQb7jRKatu0bqg4,"Q' Lokura, Luck Ra",Mil Preguntas,Q' Lokura,15,19,39,1212930,AR,Argentina,Q1,2025
23,spotify:track:6hLsMjw00j3HGrkUjKwmgo,"King Savagge, Jairo Vera, Bayron Fire",A200,King savagge,23,37,7,1201735,AR,Argentina,Q1,2025
24,spotify:track:1MErjQ93iYHCjayOT1hl9N,"Luck Ra, Elvis Crespo",SUAVEMENTE,Sony Music Latin,20,20,3,1190913,AR,Argentina,Q1,2025
25,spotify:track:0Sr7ssScx54yxdM2ols7nW,"Omar Courtz, De La Rose",Q U E V A S H A C E R H O Y ?,Mr.305 Records / Rimas Entertainment LLC.,1,23,15,1168676,AR,Argentina,Q1,2025
26,spotify:track:03IpZ9yqJlo3EIgDQUgBSF,"Duki, Myke Towers",Nueva Era,DALE PLAY Records / SSJ Records,1,33,10,1167331,AR,Argentina,Q1,2025
27,spotify:track:2otAnGaeFFFeIDV8nbu5uA,TINI,el cielo,5020 Records,8,22,5,1159769,AR,Argentina,Q1,2025
28,spotify:track:2N0hVk2Ant8751xPZUjCV2,"ECKO, Los Turros, DobleP, Cristian Di Marco",Loquita - Remix,WM Chile,10,21,33,1090194,AR,Argentina,Q1,2025
29,spotify:track:5aZ8rf2aPfZrnRWLA7bByo,"Big One, Tiago PZK, La Joaqui",Pa´Que Te Acuerdes | CROSSOVER #8,Fifty One,12,30,14,1053543,AR,Argentina,Q1,2025
30,spotify:track:0iKo4pNNjHHdKUcFARlfCa,Bad Bunny,EL CLúB,Rimas Entertainment LLC.,30,146,5,1053302,AR,Argentina,Q1,2025
31,spotify:track:6ViJgiKfyqfs52x2pGhuPF,"Hernan y La Champion's Liga, Callejero Fino, BM",Despójate Vol.2,Impronta Music,16,28,14,1037551,AR,Argentina,Q1,2025
32,spotify:track:59D4DOkspUbWyMmbAPQkxZ,Bad Bunny,VOY A LLeVARTE PA PR,Rimas Entertainment LLC.,32,-1,1,1036721,AR,Argentina,Q1,2025
33,spotify:track:1yg1tWFaYajN4b7vsKtYRE,La T y La M,El Doctorado,GraceMusic,26,31,17,1017249,AR,Argentina,Q1,2025
34,spotify:track:1K11lq4qn0DdPfljQcHkNE,"Yami Safdie, Luck Ra, Q' Lokura",En Otra Vida - Versión Cuarteto,WM Chile,24,24,4,1011246,AR,Argentina,Q1,2025
35,spotify:track:3cWo162YkfLIFyB3DWbVoH,"Q' Lokura, Valentino Merlo",Tu Foto - En Vivo,Q' Lokura,1,27,34,1005634,AR,Argentina,Q1,2025
36,spotify:track:1db75lVrSgDFZI1gZh8JlV,"Paulo Londra, Luck Ra, Valentino Merlo",Princesa,Paulo Londra / DALE PLAY Records,9,26,17,1001821,AR,Argentina,Q1,2025
37,spotify:track:5DSMm0BZXlSvqArsTX00Ge,"Luck Ra, Nicki Nicole",DOCTOR,Sony Music Latin,2,32,19,994342,AR,Argentina,Q1,2025
38,spotify:track:3E8xyYdIPpiH2wNEozE68I,Standly,Pégate,Standly,17,41,53,991143,AR,Argentina,Q1,2025
39,spotify:track:0CgpCtEPvyDizcg2p47VrU,No Te Va Gustar,A las Nueve,Elefante Blanco,28,47,315,973313,AR,Argentina,Q1,2025
40,spotify:track:1YYfyJ2yCvGFCxwjsIqEK9,"Rauw Alejandro, Romeo Santos",Khé?,Sony Music Latin/Duars Entertainment,24,40,8,968370,AR,Argentina,Q1,2025
41,spotify:track:7JKptWv4YXmievid0HajID,"Luck Ra, KHEA",HOLA PERDIDA,Sony Music Entertainment Chile S.A,1,25,53,953671,AR,Argentina,Q1,2025
42,spotify:track:2RmtEc2ZNDCzAU3vH0AbKx,Nicki Nicole,Ojos Verdes,Sony Music Latin/DALE PLAY Records,4,39,37,938747,AR,Argentina,Q1,2025
43,spotify:track:7d6yK8v8J484SWH5prIQiE,"Bad Bunny, Omar Courtz, Dei V",VeLDÁ,Rimas Entertainment LLC.,43,-1,1,936885,AR,Argentina,Q1,2025
44,spotify:track:5TFD2bmFKGhoCRbX61nXY5,Bad Bunny,NUEVAYoL,Rimas Entertainment LLC.,44,-1,1,934248,AR,Argentina,Q1,2025
45,spotify:track:2AFC9ad4nGauS1cgm7FCqU,"Luck Ra, Chayanne",UN SIGLO SIN TI,Sony Music Latin,4,36,24,889106,AR,Argentina,Q1,2025
46,spotify:track:1Q9Efnm5csdCMFynISxL2x,"Bad Bunny, RaiNao",PERFuMITO NUEVO,Rimas Entertainment LLC.,46,-1,1,847143,AR,Argentina,Q1,2025
47,spotify:track:6vRQqxOhUFd78p5tL8jXr7,"Luck Ra, BM",La Morocha,Sony Music Entertainment Chile S.A,1,34,79,840366,AR,Argentina,Q1,2025
48,spotify:track:5eqZZLLZ4CkuUznPCOimsi,"Lucky Brown, Mateo on the Beatz",Cosa Linda,Lucky Brown,48,55,7,837961,AR,Argentina,Q1,2025
49,spotify:track:5wcghdKONQcc5TKx9jCcns,"DJ Tao, Roze Oficial",ROZE | DJ TAO Turreo Sessions #22,WM Chile,5,38,53,836623,AR,Argentina,Q1,2025
50,spotify:track:4OWh4q7qfZpVFFXmmbnLbd,Valentino Merlo,Loco,Parulo Records,50,88,18,835197,AR,Argentina,Q1,2025
1,spotify:track:2efbgTtEGNpsUZaOfgRTR6,"Emilia, TINI, Nicki Nicole",blackout 🧊,Sony Music Latin,1,1,3,2910017,AR,Argentina,Q2,2025
2,spotify:track:6iOndD4OFo7GkaDypWQIou,"W Sound, Beéle, Ovy On The Drums",La Plena - W Sound 05,WEA Latina,2,5,6,2436764,AR,Argentina,Q2,2025
3,spotify:track:4DnrAI8WyUY6gkOwl8GlPN,"Alleh, Yorghaki",capaz (merengueton),CONMUER LLC,3,3,13,2088489,AR,Argentina,Q2,2025
4,spotify:track:3UEIObvIQMJzF09RWRcqcP,"Emilia, Luísa Sonza",bunda 🍑,Sony Music Latin,1,2,7,1984836,AR,Argentina,Q2,2025
5,spotify:track:2lTm559tuIvatlT1u0JYG2,Bad Bunny,BAILE INoLVIDABLE,Rimas Entertainment LLC.,1,4,14,1808459,AR,Argentina,Q2,2025
6,spotify:track:5MKbWaXeSQSmzmo7gPQha1,"La T y La M, Malandro",Amor de Vago,GraceMusic,1,6,31,1711294,AR,Argentina,Q2,2025
7,spotify:track:38EGs4h8GqgrS1HT344SCQ,Cazzu,Con otra,DALE PLAY Records / RIMAS Entertainment LLC,6,7,3,1682218,AR,Argentina,Q2,2025
8,spotify:track:7d6yK8v8J484SWH5prIQiE,"Bad Bunny, Omar Courtz, Dei V",VeLDÁ,Rimas Entertainment LLC.,6,9,14,1488759,AR,Argentina,Q2,2025
9,spotify:track:0STW8nw4lNN4TEQ8KmNer6,"Jombriel, Alex Krack, Jøtta",Parte & Choke,WEA Latina,3,8,20,1432084,AR,Argentina,Q2,2025
10,spotify:track:76lXtXJP6VqX6r9Ks3AUy0,"Peipper, DobleP, Locura Mix",Si Las Gatas Se Amotinan,SUPERNOVAS MUSIC,8,10,20,1244937,AR,Argentina,Q2,2025
11,spotify:track:59D4DOkspUbWyMmbAPQkxZ,Bad Bunny,VOY A LLeVARTE PA PR,Rimas Entertainment LLC.,5,13,14,1209765,AR,Argentina,Q2,2025
12,spotify:track:7yif9yIhSCxhcPExFOktCp,"Gordo, Emilia",Olvidarte (feat. Emilia),"Ultra Records, LLC",2,12,17,1197891,AR,Argentina,Q2,2025
13,spotify:track:3sK8wGT43QFpWrvNQsrQya,Bad Bunny,DtMF,Rimas Entertainment LLC.,1,11,14,1195124,AR,Argentina,Q2,2025
14,spotify:track:0DMJz677XfXiiruhIELu2e,"Jombriel, DFZM, Jøtta",VITAMINA,WEA Latina,14,51,5,1076222,AR,Argentina,Q2,2025
15,spotify:track:6WatFBLVB0x077xWeoVc2k,KAROL G,Si Antes Te Hubiera Conocido,Bichota/Interscope Records,1,17,42,925773,AR,Argentina,Q2,2025
16,spotify:track:6J5kc12BW5HuP3d7C3vvx8,Bad Bunny,EoO,Rimas Entertainment LLC.,15,16,14,917405,AR,Argentina,Q2,2025
17,spotify:track:5TFD2bmFKGhoCRbX61nXY5,Bad Bunny,NUEVAYoL,Rimas Entertainment LLC.,8,14,14,907518,AR,Argentina,Q2,2025
18,spotify:track:2oZqk6nAy2CSAcmINCMi2N,Lauty Gram,QUE CABRONA,Sony Music Uruguay,18,52,5,888863,AR,Argentina,Q2,2025
19,spotify:track:03IpZ9yqJlo3EIgDQUgBSF,"Duki, Myke Towers",Nueva Era,DALE PLAY Records / SSJ Records,1,19,23,876560,AR,Argentina,Q2,2025
20,spotify:track:0Sr7ssScx54yxdM2ols7nW,"Omar Courtz, De La Rose",Q U E V A S H A C E R H O Y ?,Mr.305 Records / Rimas Entertainment LLC.,1,24,28,855150,AR,Argentina,Q2,2025
21,spotify:track:5AGnkbWCiF9u4ra54N9X1a,"Bizarrap, Luck Ra","Luck Ra: Bzrp Music Sessions, Vol. 61/66",DALE PLAY Records,3,15,15,843529,AR,Argentina,Q2,2025
22,spotify:track:6hLsMjw00j3HGrkUjKwmgo,"King Savagge, Jairo Vera, Bayron Fire",A200,King savagge,13,20,20,834358,AR,Argentina,Q2,2025
23,spotify:track:7ricDBUakN3N0YkkKE8Obu,"Beéle, Ovy On The Drums",mi refe,5020 Records,23,27,14,819957,AR,Argentina,Q2,2025
24,spotify:track:61qPUnazSdkvua4wgA4L8C,Babasonicos,Como Eran Las Cosas,Universal Music Argentina S.A.,24,28,108,819662,AR,Argentina,Q2,2025
25,spotify:track:5WEF0icHWmAZBBMglBd599,"Bad Bunny, Chuwi",WELTiTA,Rimas Entertainment LLC.,7,21,14,785208,AR,Argentina,Q2,2025
26,spotify:track:4MUrUT38U98olfnyzMBCzm,Bad Bunny,KLOuFRENS,Rimas Entertainment LLC.,14,26,14,763497,AR,Argentina,Q2,2025
27,spotify:track:0CgpCtEPvyDizcg2p47VrU,No Te Va Gustar,A las Nueve,Elefante Blanco,27,30,328,756181,AR,Argentina,Q2,2025
28,spotify:track:5vHWh24GAsXJ7tnIu8v7UN,Airbag,Por Mil Noches,DALE PLAY Records / Airbag,25,25,273,751379,AR,Argentina,Q2,2025
29,spotify:track:5DdLSEyKh8zgCrJq2hFj92,"Yan Block, TORRRES",Yo sé,SONAR LLC.,29,43,14,743839,AR,Argentina,Q2,2025
30,spotify:track:0c82YIGpQ5dCaXpTNCk4sb,"Tiago PZK, Anitta, Emilia",Alegría,WEA Latina,1,18,35,733792,AR,Argentina,Q2,2025
31,spotify:track:44m9PAUZYeOEGeaTYh6NAl,"No Te Va Gustar, Juan Casanova",Tan Lejos,Elefante Blanco,31,42,141,731298,AR,Argentina,Q2,2025
32,spotify:track:4dLLdfiniBhDP9dlJQIOi4,"Los Ángeles Azules, Emilia",Perdonarte ¿Para Qué?,Seitrack,1,23,46,725248,AR,Argentina,Q2,2025
33,spotify:track:6MuJUSYCqA4FpMogUHzb2R,No Te Va Gustar,Ese Maldito Momento,Elefante Blanco,28,39,177,713951,AR,Argentina,Q2,2025
34,spotify:track:4zbEItKoaRId1vRZkoO0Uh,"Danny Ocean, Kapo",Imagínate,Atlantic Records,32,33,14,700595,AR,Argentina,Q2,2025
35,spotify:track:0l0vcZMU7AOeQmUIREoI2U,"Rauw Alejandro, Bad Bunny",Qué Pasaría...,Sony Music Latin/Duars Entertainment,14,36,21,676248,AR,Argentina,Q2,2025
36,spotify:track:5rQSQlZXXjMcevPGoAfE1z,"Salastkbron, Diel Paris",Un Besito Más,WEA Latina,2,37,56,674108,AR,Argentina,Q2,2025
37,spotify:track:17phhZDn6oGtzMe56NuWvj,Teddy Swims,Lose Control,Warner Records,37,45,39,666167,AR,Argentina,Q2,2025
38,spotify:track:4eqXTlaHeK6xkM1fRx9wR5,"Pinky SD, Un Poco de Ruido, Uriel Lozano",Conmigo Te Gustó,Pinky SD,13,32,34,665129,AR,Argentina,Q2,2025
39,spotify:track:1YYfyJ2yCvGFCxwjsIqEK9,"Rauw Alejandro, Romeo Santos",Khé?,Sony Music Latin/Duars Entertainment,19,38,21,664487,AR,Argentina,Q2,2025
40,spotify:track:7so0lgd0zP2Sbgs2d7a1SZ,"Lady Gaga, Bruno Mars",Die With A Smile,Interscope Records,20,34,34,661248,AR,Argentina,Q2,2025
41,spotify:track:4xXvGEiTkoaIkOMWa4u3Mn,"Renzo ED, elaggume",COLOCARTELO,WM Chile,5,29,22,658015,AR,Argentina,Q2,2025
42,spotify:track:7eNwwoxDR8KVzNAuGvliAO,"Omar Courtz, De La Rose, Haze",Kyoto,House of Haze,33,46,37,639224,AR,Argentina,Q2,2025
43,spotify:track:2RAKwOzLiXA8AgA1pFIuFe,"CA7RIEL & Paco Amoroso, CA7RIEL, Paco Amoroso",#TETAS,5020 Records,35,35,6,631867,AR,Argentina,Q2,2025
44,spotify:track:4jn3R3KF5hx2fCiXlj89yE,"YSY A, Bhavi, Milo j",FLECHAZO EN EL CENTRO,Ysy A,12,44,83,624782,AR,Argentina,Q2,2025
45,spotify:track:7bywjHOc0wSjGGbj04XbVi,"Feid, ATL Jacob",LUNA,UMLE - Latino,5,60,70,589346,AR,Argentina,Q2,2025
46,spotify:track:1K11lq4qn0DdPfljQcHkNE,"Yami Safdie, Luck Ra, Q' Lokura",En Otra Vida - Versión Cuarteto,WM Chile,21,31,17,578080,AR,Argentina,Q2,2025
47,spotify:track:31we7ZzWdSBEOKs5Ln6QVF,"De La Rose, Omar Courtz",NUBES,WEA Latina,47,-1,1,574572,AR,Argentina,Q2,2025
48,spotify:track:5AkLEnorFvb7WIJOGqKYVT,"Big One, Emanero, Valentino Merlo",Si Un Día Estás Sola | CROSSOVER #7,Fifty One,4,54,31,571816,AR,Argentina,Q2,2025
49,spotify:track:1yg1tWFaYajN4b7vsKtYRE,La T y La M,El Doctorado,GraceMusic,26,49,30,568697,AR,Argentina,Q2,2025
50,spotify:track:6tt6JnKerLnOL0oez9QPqS,Milo j,OLIMPO,DALE PLAY Records,34,50,8,560814,AR,Argentina,Q2,2025
1,spotify:track:6X8DTIJEgHUjZynuds0E2f,"Roze Oficial, Max Carra, Valen, RAMKY EN LOS CONTROLES",Tu jardín con enanitos,Sony Music Uruguay,1,2,7,2349207,AR,Argentina,Q3,2025
2,spotify:track:6iOndD4OFo7GkaDypWQIou,"W Sound, Beéle, Ovy On The Drums",La Plena - W Sound 05,WEA Latina,1,1,19,2310402,AR,Argentina,Q3,2025
3,spotify:track:2iDDnYmaz1HhedjI91fbmp,"DENNIS, Luísa Sonza, Emilia",MOTINHA 2.0 (Mete Marcha) - Remix,Sony Music Entertainment Brasil / 5020 Records,3,4,11,1584359,AR,Argentina,Q3,2025
4,spotify:track:5lCk0ZeN8h76QxNqHEGMZJ,Cris MJ,Vamo a Bailotear,Sonar LLC.,4,49,2,1558857,AR,Argentina,Q3,2025
5,spotify:track:6WJ2QzbVnjmPGKpmb6tmmO,La T y La M,amor de veraNO,Sony Music Uruguay,5,6,8,1409126,AR,Argentina,Q3,2025
6,spotify:track:4DnrAI8WyUY6gkOwl8GlPN,"Alleh, Yorghaki",capaz (merengueton),CONMUER LLC,3,5,26,1393685,AR,Argentina,Q3,2025
7,spotify:track:2XbsqBrOdYjm0OLBEepID7,"TINI, Beéle",Universidad,5020 Records,3,3,3,1388618,AR,Argentina,Q3,2025
8,spotify:track:0vcuJjViqrFCCWUrjrZW1X,"Maria Becerra, Paulo Londra, XROSS",RAMEN PARA DOS,WEA Latina,1,7,9,1315809,AR,Argentina,Q3,2025
9,spotify:track:3jAshemiRYWukWLtT3Ivrb,"Myke Towers, Quevedo",SOLEAO,WEA Latina,9,15,6,1300404,AR,Argentina,Q3,2025
10,spotify:track:7koAf6aZgjO6TS7bipfPD0,"Ovy On The Drums, Quevedo, Beéle",YO y TÚ,WEA Latina,9,9,4,1271726,AR,Argentina,Q3,2025
11,spotify:track:0DMJz677XfXiiruhIELu2e,"Jombriel, DFZM, Jøtta",VITAMINA,WEA Latina,4,8,18,1145109,AR,Argentina,Q3,2025
12,spotify:track:6wDig9zSE2qpDbw1W3qqIX,"FMK, Emilia, Nicki Nicole, Tiago PZK",MASNA REMIX,Sony Music Entertainment Chile S.A,12,12,5,1105273,AR,Argentina,Q3,2025
13,spotify:track:5MKbWaXeSQSmzmo7gPQha1,"La T y La M, Malandro",Amor de Vago,GraceMusic,1,10,44,1104316,AR,Argentina,Q3,2025
14,spotify:track:3UEIObvIQMJzF09RWRcqcP,"Emilia, Luísa Sonza",bunda 🍑,Sony Music Latin,1,18,20,1047431,AR,Argentina,Q3,2025
15,spotify:track:7dCGkDZgWIDSZyxInMkdIv,Mattei,Pa las girlas,WEA Latina,3,13,13,1046384,AR,Argentina,Q3,2025
16,spotify:track:7d6yK8v8J484SWH5prIQiE,"Bad Bunny, Omar Courtz, Dei V",VeLDÁ,Rimas Entertainment LLC.,6,11,27,1020081,AR,Argentina,Q3,2025
17,spotify:track:2lTm559tuIvatlT1u0JYG2,Bad Bunny,BAILE INoLVIDABLE,Rimas Entertainment LLC.,1,17,27,1005085,AR,Argentina,Q3,2025
18,spotify:track:2efbgTtEGNpsUZaOfgRTR6,"Emilia, TINI, Nicki Nicole",blackout 🧊,Sony Music Latin,1,16,16,993331,AR,Argentina,Q3,2025
19,spotify:track:5DdLSEyKh8zgCrJq2hFj92,"Yan Block, TORRRES",Yo sé,SONAR LLC.,11,14,27,962899,AR,Argentina,Q3,2025
20,spotify:track:2F6PBqz7aPA7K309aFKMHt,Cazzu,Con Otra,DALE PLAY Records / RIMAS Entertainment LLC,6,20,16,913599,AR,Argentina,Q3,2025
21,spotify:track:67vjKw6LVD5wewFuoC1215,"Emilia, Six Sex",pasarella 👠,Sony Music Latin,21,-1,1,902607,AR,Argentina,Q3,2025
22,spotify:track:61qPUnazSdkvua4wgA4L8C,Babasonicos,Como Eran Las Cosas,Universal Music Argentina S.A.,19,19,121,884497,AR,Argentina,Q3,2025
23,spotify:track:1HEwEN64NjgTaHmo7LfkX8,Beéle,no tiene sentido,5020 Records,19,22,7,850787,AR,Argentina,Q3,2025
24,spotify:track:5vHWh24GAsXJ7tnIu8v7UN,Airbag,Por Mil Noches,DALE PLAY Records / Airbag,18,23,286,810408,AR,Argentina,Q3,2025
25,spotify:track:3xdbqyli0ZUKupnyKQfGJp,Salastkbron,Tengo Una Cadena,WM Chile,9,30,10,789056,AR,Argentina,Q3,2025
26,spotify:track:5aeIGMzSTG6hQogkrF4WPU,Duki,Golfista,DALE PLAY Records / SSJ Records,12,44,6,787506,AR,Argentina,Q3,2025
27,spotify:track:4zhk2RS2EZODmBW6il55Qj,"Beéle, Ovy On The Drums",mi refe,5020 Records,20,25,27,773773,AR,Argentina,Q3,2025
28,spotify:track:2ANtIUI9cipWNI685VdlZb,Pablo Chill-E,Resentia,G STARR ENT,11,24,25,768068,AR,Argentina,Q3,2025
29,spotify:track:44m9PAUZYeOEGeaTYh6NAl,"No Te Va Gustar, Juan Casanova",Tan Lejos,Elefante Blanco,28,28,154,760523,AR,Argentina,Q3,2025
30,spotify:track:4KRlNVLHn2ZgGvpjnga31N,"Luciano Pereyra, Ezequiel Y La Clave, Un Poco de Ruido, Pinky SD",Si No Es Muy Tarde - Versión Cumbia,Universal Music Argentina S.A.,14,32,13,757232,AR,Argentina,Q3,2025
31,spotify:track:1o4xkdBe0RjSf2u6VXi4OI,"Yan Block, Panda Black",444,SONAR LLC.,25,31,22,753486,AR,Argentina,Q3,2025
32,spotify:track:0AXKoQuC2NQ8S2QRF0Gu02,Plan B,Fronteo,Pina Records,32,52,4,745004,AR,Argentina,Q3,2025
33,spotify:track:59D4DOkspUbWyMmbAPQkxZ,Bad Bunny,VOY A LLeVARTE PA PR,Rimas Entertainment LLC.,5,26,27,743700,AR,Argentina,Q3,2025
34,spotify:track:0XWqcDAa5ZCmyBOYukrRoQ,"Yami Safdie, Emilia",+ Te Vale,WEA Latina,21,21,3,737602,AR,Argentina,Q3,2025
35,spotify:track:1KfiYYMCZkP7no8DdkXFDl,"Tobal Mj, Lucky Brown, Nacho G Flow",Tiene,Stars Music Chile 2024,22,29,13,737567,AR,Argentina,Q3,2025
36,spotify:track:0CgpCtEPvyDizcg2p47VrU,No Te Va Gustar,A las Nueve,Elefante Blanco,27,33,341,727293,AR,Argentina,Q3,2025
37,spotify:track:27xkOIER6uDLKALIelHylZ,Jin,Don’t Say You Love Me,BIGHIT MUSIC,17,27,8,725567,AR,Argentina,Q3,2025
38,spotify:track:6C1RD7YQVvt3YQj0CmuTeu,"Bad Bunny, Ozuna, Farruko, Arcángel, Ñengo Flow, DJ Luian, Mambo Kingz",Diles,Rimas Entertainment LLC,34,34,76,710139,AR,Argentina,Q3,2025
39,spotify:track:5IgmWwbNUeZzvYrODLletR,Max Carra,UWAIE - versión cumbia,Max Carra,39,41,23,707182,AR,Argentina,Q3,2025
40,spotify:track:6ifUES3keWjwXgae8pXI3o,Danny Ocean,Me Rehúso,Atlantic Records,1,86,174,670751,AR,Argentina,Q3,2025
41,spotify:track:6MuJUSYCqA4FpMogUHzb2R,No Te Va Gustar,Ese Maldito Momento,Elefante Blanco,28,35,190,656445,AR,Argentina,Q3,2025
42,spotify:track:6il9B9hrZPNpXei57XM1Sv,"Max Carra, Lira",VIAJEMOS EN EL TIEMPO #1 | Quien Te Quiere Como Yo,Espantapájaros Music,42,56,3,626264,AR,Argentina,Q3,2025
43,spotify:track:0rKqFkLnkcZByHMjN60KAn,"Zion, Jory Boy, Ken-Y",More,Pina Records,40,40,8,621635,AR,Argentina,Q3,2025
44,spotify:track:5FLzweTtgQurkLPs0E7uEO,"Danny Ocean, Sech",Priti,Atlantic Records,24,38,10,612764,AR,Argentina,Q3,2025
45,spotify:track:3X8jKI7kHrbhqgLboG14tw,"Eugenia Quevedo, Angela Leiva, La banda de Carlitos",No Podrás - En Vivo,Eugenia Quevedo,45,61,19,597138,AR,Argentina,Q3,2025
46,spotify:track:71N3UjxfXEWljGkjBDcnNY,"Luck Ra, Tiago PZK",FUE CULPA TUYA,Sony Music Latin,12,39,13,592461,AR,Argentina,Q3,2025
47,spotify:track:3sK8wGT43QFpWrvNQsrQya,Bad Bunny,DtMF,Rimas Entertainment LLC.,1,42,27,581274,AR,Argentina,Q3,2025
48,spotify:track:3I4YGWwJoqBdBGVnkRjnVw,"Slayter, Yan Block, NTG",secuestro,SONAR LLC.,36,36,10,559728,AR,Argentina,Q3,2025
49,spotify:track:2oZqk6nAy2CSAcmINCMi2N,Lauty Gram,QUE CABRONA,Sony Music Uruguay,11,46,18,536889,AR,Argentina,Q3,2025
50,spotify:track:4MUrUT38U98olfnyzMBCzm,Bad Bunny,KLOuFRENS,Rimas Entertainment LLC.,14,45,27,532519,AR,Argentina,Q3,2025
1,spotify:track:6X8DTIJEgHUjZynuds0E2f,"Roze Oficial, Max Carra, Valen, RAMKY EN LOS CONTROLES",Tu jardín con enanitos,Sony Music Uruguay,1,1,20,3050174,AR,Argentina,Q4,2025
2,spotify:track:1dosSsKwYF7hoQA2kuu6wI,Taylor Swift,The Fate of Ophelia,Taylor Swift,2,-1,1,1993302,AR,Argentina,Q4,2025
3,spotify:track:4Kzi8hXKkT87SQoYClizh0,"Luck Ra, Miranda!",TU MISTERIOSO ALGUIEN (CUARTETO) (feat. Miranda!),Sony Music Latin,2,2,4,1915071,AR,Argentina,Q4,2025
4,spotify:track:47aX1tXPTBpAG8Y2iAYmiy,"Jere Klein, Katteyes, Mateo on the Beatz",TODO KE VER,2025 JERE KLEIN,3,3,8,1914869,AR,Argentina,Q4,2025
5,spotify:track:2mdrVnxEnPR6iFijakkxQS,"Young Cister, Kreamly",QLOO*,Sony Music Entertainment Chile S.A,2,4,15,1891410,AR,Argentina,Q4,2025
6,spotify:track:6uiQ0DqbXTBc8tl0AUKZkR,Rels B,TU VAS SIN (fav),DALE PLAY Records / Flakk Team,3,5,12,1848768,AR,Argentina,Q4,2025
7,spotify:track:6iOndD4OFo7GkaDypWQIou,"W Sound, Beéle, Ovy On The Drums",La Plena - W Sound 05,WEA Latina,1,7,32,1811696,AR,Argentina,Q4,2025
8,spotify:track:72aGCwuSwD5Qb3tHvXBoX3,"Easykid, Dysbit",Shiny,Easykid,6,6,5,1658594,AR,Argentina,Q4,2025
9,spotify:track:7koAf6aZgjO6TS7bipfPD0,"Ovy On The Drums, Quevedo, Beéle",YO y TÚ,WEA Latina,4,8,17,1631444,AR,Argentina,Q4,2025
10,spotify:track:4aDbrgm1ZaebS1Bb2dOXac,Milo j,Niño,Sony Music Latin,9,9,2,1413308,AR,Argentina,Q4,2025
11,spotify:track:1HEwEN64NjgTaHmo7LfkX8,Beéle,no tiene sentido,5020 Records,9,13,20,1371768,AR,Argentina,Q4,2025
12,spotify:track:67osB3wmJVTFzKhWqPb1Hm,Taylor Swift,Opalite,Taylor Swift,12,-1,1,1318448,AR,Argentina,Q4,2025
13,spotify:track:4OsBqqMwFabHATATT527tH,"Myke Towers, Quevedo",SOLEAO,WEA Latina,4,12,19,1305112,AR,Argentina,Q4,2025
14,spotify:track:4ksf1UdqNc9pU8R4ZZrgdY,Miranda!,Tu Misterioso Alguien,Pelo Music,1,11,13,1293932,AR,Argentina,Q4,2025
15,spotify:track:1x2NX2wwyb47DINKGe314l,"Maria Becerra, TINI, XROSS",HASTA QUE ME ENAMORO,WEA Latina,10,10,3,1265879,AR,Argentina,Q4,2025
16,spotify:track:5IgmWwbNUeZzvYrODLletR,Max Carra,UWAIE - versión cumbia,Max Carra,9,14,36,1257293,AR,Argentina,Q4,2025
17,spotify:track:5jgmQkVypORb3enASCxjYs,"Milo j, Trueno",Gil,Sony Music Latin,17,17,2,1203295,AR,Argentina,Q4,2025
18,spotify:track:1A2vZKJZovt4828jwLgiB3,Taylor Swift,Elizabeth Taylor,Taylor Swift,18,-1,1,1155860,AR,Argentina,Q4,2025
19,spotify:track:4DnrAI8WyUY6gkOwl8GlPN,"Alleh, Yorghaki",capaz (merengueton),CONMUER LLC,3,16,39,1136785,AR,Argentina,Q4,2025
20,spotify:track:1C7NXX8UJ6pgNx8EkmyZDd,Beéle,si te pillara,5020 Records,16,18,15,1109850,AR,Argentina,Q4,2025
21,spotify:track:7d6yK8v8J484SWH5prIQiE,"Bad Bunny, Omar Courtz, Dei V",VeLDÁ,Rimas Entertainment LLC.,6,20,40,1107376,AR,Argentina,Q4,2025
22,spotify:track:5MKbWaXeSQSmzmo7gPQha1,"La T y La M, Malandro",Amor de Vago,GraceMusic,1,19,57,1084380,AR,Argentina,Q4,2025
23,spotify:track:4zhk2RS2EZODmBW6il55Qj,"Beéle, Ovy On The Drums",mi refe,5020 Records,20,24,40,1006370,AR,Argentina,Q4,2025
24,spotify:track:1lD0oPIfSYid1LhPvgrz10,Taylor Swift,Father Figure,Taylor Swift,24,-1,1,1001126,AR,Argentina,Q4,2025
25,spotify:track:2F6PBqz7aPA7K309aFKMHt,Cazzu,Con Otra,DALE PLAY Records / RIMAS Entertainment LLC,6,21,29,968227,AR,Argentina,Q4,2025
26,spotify:track:0l0vcZMU7AOeQmUIREoI2U,"Rauw Alejandro, Bad Bunny",Qué Pasaría...,Sony Music Latin/Duars Entertainment,14,31,47,960780,AR,Argentina,Q4,2025
27,spotify:track:5vHWh24GAsXJ7tnIu8v7UN,Airbag,Por Mil Noches,DALE PLAY Records / Airbag,18,43,299,945601,AR,Argentina,Q4,2025
28,spotify:track:6ZSxG2QvGmwXbTfn7iDq7a,Taylor Swift,Actually Romantic,Taylor Swift,28,-1,1,942652,AR,Argentina,Q4,2025
29,spotify:track:61qPUnazSdkvua4wgA4L8C,Babasonicos,Como Eran Las Cosas,Universal Music Argentina S.A.,11,25,134,929191,AR,Argentina,Q4,2025
30,spotify:track:27xkOIER6uDLKALIelHylZ,Jin,Don’t Say You Love Me,BIGHIT MUSIC,17,33,21,919213,AR,Argentina,Q4,2025
31,spotify:track:1PREzVLuDT6PSE9sej4wnV,"Fuerza Regida, Grupo Frontera",COQUETA,Rancho Humilde/Streetmob Records/Grupo Frontera/Sony Music Latin,12,22,15,912833,AR,Argentina,Q4,2025
32,spotify:track:3sc0Wv64rOuIRVkQO7rrer,Milo j,Bajo De La Piel,Sony Music Latin,15,15,5,896626,AR,Argentina,Q4,2025
33,spotify:track:2lTm559tuIvatlT1u0JYG2,Bad Bunny,BAILE INoLVIDABLE,Rimas Entertainment LLC.,1,26,40,881148,AR,Argentina,Q4,2025
34,spotify:track:3FzJDGVjRGNc7KrkabU5N0,Taylor Swift,CANCELLED!,Taylor Swift,34,-1,1,878910,AR,Argentina,Q4,2025
35,spotify:track:36x1AGih4bK9cnPjbbChgG,"Lali, Miranda!",MEJOR QUE VOS,Sony Music Argentina,10,29,35,877073,AR,Argentina,Q4,2025
36,spotify:track:6EhX9FjpQZ5CohoGeqUM2u,Angela Torres,FAVORITA,Sony Music Uruguay,23,23,4,870497,AR,Argentina,Q4,2025
37,spotify:track:0129EujhGkwtwTFADGem5P,Taylor Swift,Wood,Taylor Swift,37,-1,1,866901,AR,Argentina,Q4,2025
38,spotify:track:6WJ2QzbVnjmPGKpmb6tmmO,La T y La M,amor de veraNO,Sony Music Uruguay,5,28,21,861849,AR,Argentina,Q4,2025
39,spotify:track:6C1RD7YQVvt3YQj0CmuTeu,"Bad Bunny, Ozuna, Farruko, Arcángel, Ñengo Flow, DJ Luian, Mambo Kingz",Diles,Rimas Entertainment LLC,29,32,89,861411,AR,Argentina,Q4,2025
40,spotify:track:2iDDnYmaz1HhedjI91fbmp,"DENNIS, Luísa Sonza, Emilia",MOTINHA 2.0 (Mete Marcha) - Remix,Sony Music Entertainment Brasil / 5020 Records,3,27,24,860153,AR,Argentina,Q4,2025
41,spotify:track:34xxPZWbEyg5iDKEBqdsBZ,Taylor Swift,Ruin The Friendship,Taylor Swift,41,-1,1,836226,AR,Argentina,Q4,2025
42,spotify:track:0c27qjzqEgMLMnWTl5bCU8,benjitalkapone,Mambinho Brasileño,Nextlevel music,22,30,15,833204,AR,Argentina,Q4,2025
43,spotify:track:3Qeh4z08FfDBRfQMfDv83f,Taylor Swift,Wi$h Li$t,Taylor Swift,43,-1,1,816525,AR,Argentina,Q4,2025
44,spotify:track:6kPCcIAGoTeRrh8qrmKa90,"Tiago PZK, Ke Personajes",Piel,WEA Latina,2,37,88,813613,AR,Argentina,Q4,2025
45,spotify:track:243KxZULAjWO3KREpVHgOH,"Taylor Swift, Sabrina Carpenter",The Life of a Showgirl (feat. Sabrina Carpenter),Taylor Swift,45,-1,1,800581,AR,Argentina,Q4,2025
46,spotify:track:6iC3L3YmAkGucvJbXKDanA,Taylor Swift,Eldest Daughter,Taylor Swift,46,-1,1,796287,AR,Argentina,Q4,2025
47,spotify:track:5DdLSEyKh8zgCrJq2hFj92,"Yan Block, TORRRES",Yo sé,SONAR LLC.,11,34,40,768937,AR,Argentina,Q4,2025
48,spotify:track:44m9PAUZYeOEGeaTYh6NAl,"No Te Va Gustar, Juan Casanova",Tan Lejos,Elefante Blanco,28,41,167,744821,AR,Argentina,Q4,2025
49,spotify:track:1o4xkdBe0RjSf2u6VXi4OI,"Yan Block, Panda Black",444,SONAR LLC.,25,38,35,715375,AR,Argentina,Q4,2025
50,spotify:track:0AXKoQuC2NQ8S2QRF0Gu02,Plan B,Fronteo,Pina Records,9,63,17,693441,AR,Argentina,Q4,2025
1,spotify:track:7ne4VBA60CxGM75vw0EYad,Gracie Abrams,That’s So True,"Gracie Abrams, under exclusive license to Interscope Records",1,1,12,2392899,AU,Australia,Q1,2025
2,spotify:track:4wJ5Qq0jBN4ajy7ouZIV1c,"ROSÉ, Bruno Mars",APT.,Atlantic Records,1,2,12,2210098,AU,Australia,Q1,2025
3,spotify:track:2plbrEY59IikOBgBGLjaoe,"Lady Gaga, Bruno Mars",Die With A Smile,Interscope,2,3,21,1762512,AU,Australia,Q1,2025
4,spotify:track:35ISBknsCeZQtq66xABI9g,Lola Young,Messy,Universal-Island Records Ltd.,4,5,7,1757446,AU,Australia,Q1,2025
5,spotify:track:6dOtVTDdiauQNBQEDOtlAB,Billie Eilish,BIRDS OF A FEATHER,Darkroom/Interscope Records,1,4,34,1670130,AU,Australia,Q1,2025
6,spotify:track:2FAZskT9yRjp2Oow9szJD8,"Chrystal, NOTION",The Days - NOTION Remix,Polydor Records,6,17,4,1422206,AU,Australia,Q1,2025
7,spotify:track:5fZJQrFKWQLb7FpJXZ1g7K,Shaboozey,A Bar Song (Tipsy),American Dogwood / EMPIRE,2,6,39,1321992,AU,Australia,Q1,2025
8,spotify:track:5G2f63n7IPVPPjfNIGih7Q,Sabrina Carpenter,Taste,Island Records,1,8,20,1284014,AU,Australia,Q1,2025
9,spotify:track:2262bWmqomIaJXwCRHr13j,Gigi Perez,Sailor Song,Gigi Perez PS/ Island,5,10,23,1237942,AU,Australia,Q1,2025
10,spotify:track:5IZXB5IKAD2qlvTPJYDCFB,"Post Malone, Morgan Wallen",I Had Some Help (Feat. Morgan Wallen),Mercury Records / Republic Records,1,11,35,1186676,AU,Australia,Q1,2025
11,spotify:track:0WbMK4wrZ1wFSty9F7FCgu,Chappell Roan,"Good Luck, Babe!",Chappell Roan PS/ Island,3,12,39,1172263,AU,Australia,Q1,2025
12,spotify:track:2HRqTpkrJO5ggZyyK6NPWz,Sabrina Carpenter,Espresso,Island Records,1,7,39,1162761,AU,Australia,Q1,2025
13,spotify:track:1Es7AUAhQvapIcoh3qMKDL,"The Weeknd, Playboi Carti",Timeless (feat Playboi Carti),XO / Republic Records,10,13,15,1073806,AU,Australia,Q1,2025
14,spotify:track:2CGNAOSuO1MEFCbBRgUzjd,"Kendrick Lamar, SZA",luther (with sza),"pgLang, under exclusive license to Interscope Records",4,14,7,1057467,AU,Australia,Q1,2025
15,spotify:track:17phhZDn6oGtzMe56NuWvj,Teddy Swims,Lose Control,Warner Records,5,16,62,1054083,AU,Australia,Q1,2025
16,spotify:track:3U3hFkMr0Q90pD24EkE3Pr,SZA,BMF,Top Dawg Entertainment/RCA Records,16,24,3,1007506,AU,Australia,Q1,2025
17,spotify:track:3xkHsmpQCBMytMJNiDf3Ii,Benson Boone,Beautiful Things,"Night Street Records, Inc./Warner Records Inc.",1,9,51,968656,AU,Australia,Q1,2025
18,spotify:track:2uXlHCUbq9OMUwx3hrk06o,Vance Joy,Riptide,Atlantic Records,12,19,418,941225,AU,Australia,Q1,2025
19,spotify:track:0mflMxspEfB0VbI1kyLiAv,Noah Kahan,Stick Season,Mercury Records/Republic Records,1,20,66,897419,AU,Australia,Q1,2025
20,spotify:track:19XpFsce28aByvCC4g89tJ,Hozier,Too Sweet,Columbia,1,18,42,874133,AU,Australia,Q1,2025
21,spotify:track:51eSHglvG1RJXtL3qI5trr,Benson Boone,Slow It Down,"Night Street Records, Inc./Warner Records Inc.",16,34,42,861429,AU,Australia,Q1,2025
22,spotify:track:3Vr3zh0r7ALn8VLqCiRR10,Myles Smith,Stargazing,RCA Records Label,11,21,35,807513,AU,Australia,Q1,2025
23,spotify:track:0ofHAoxe9vBkTCp2UQIavz,Fleetwood Mac,Dreams - 2004 Remaster,Rhino/Warner Records,7,22,340,775987,AU,Australia,Q1,2025
24,spotify:track:2tHwzyyOLoWSFqYNjeVMzj,Sabrina Carpenter,Please Please Please,Island Records,1,23,31,767906,AU,Australia,Q1,2025
25,spotify:track:51rfRCiUSvxXlCSCfIztBy,Gracie Abrams,"I Love You, I'm Sorry","Gracie Abrams, under exclusive license to Interscope Records",13,26,26,765161,AU,Australia,Q1,2025
26,spotify:track:2uqYupMHANxnwgeiXTZXzd,Dasha,Austin (Boots Stop Workin'),Warner Records,10,15,45,753634,AU,Australia,Q1,2025
27,spotify:track:003vvx7Niy0yvhvHt4a68B,The Killers,Mr. Brightside,Island Records,17,25,420,751304,AU,Australia,Q1,2025
28,spotify:track:2A1aS3mwuGuX2yk1bgxOvA,"BL3SS, CamrinWatsin, bbyclose",Kisses (feat. bbyclose),Atlantic Records UK,28,56,24,724287,AU,Australia,Q1,2025
29,spotify:track:3wo3d0I5H8KjkwGvnz8WbB,"Sonny Fodera, Jazzy, D.O.D",Somedays,Solotoko,29,50,14,695324,AU,Australia,Q1,2025
30,spotify:track:4ZJ4vzLQekI0WntDbanNC7,Zach Bryan,Pink Skies,Warner Records,12,39,33,685728,AU,Australia,Q1,2025
31,spotify:track:3QaPy1KgI7nu9FJEQUgn6h,Billie Eilish,WILDFLOWER,Darkroom/Interscope Records,13,40,34,685330,AU,Australia,Q1,2025
32,spotify:track:1BxfuPKGuaTgP7aM0Bbdwr,Taylor Swift,Cruel Summer,Taylor Swift,1,32,101,669665,AU,Australia,Q1,2025
33,spotify:track:1mMLMZYXkMueg65jRRWG1l,Luke Combs,When It Rains It Pours,River House Artists/Columbia Nashville,30,36,124,665682,AU,Australia,Q1,2025
34,spotify:track:2dono2Koz7DEvGwxUsmMLq,Royel Otis,Linger - SiriusXM Session,OURNESS PTY LTD,34,47,28,660728,AU,Australia,Q1,2025
35,spotify:track:1Lo0QY9cvc8sUB2vnIOxDT,Luke Combs,Fast Car,River House Artists/Columbia Nashville,4,42,94,654321,AU,Australia,Q1,2025
36,spotify:track:5RKQ5NdjSh2QzD4MaunT91,Journey,Don't Stop Believin' (2022 Remaster),Columbia/Legacy,36,38,289,643011,AU,Australia,Q1,2025
37,spotify:track:1KZG1H1OCugGqIRmk1wF9m,"Sam Barber, Avery Anna",Indigo (feat. Avery Anna),Lockeland Springs/Atlantic,37,63,4,641240,AU,Australia,Q1,2025
38,spotify:track:3tFed7YsjGnIfxeLEQwx3R,"Tyler, The Creator, GloRilla, Sexyy Red, Lil Wayne","Sticky (feat. GloRilla, Sexyy Red & Lil Wayne)",Columbia,35,52,11,636838,AU,Australia,Q1,2025
39,spotify:track:3qhlB30KknSejmIvZZLjOD,Djo,End of Beginning,Djo,2,37,47,630366,AU,Australia,Q1,2025
40,spotify:track:4KULAymBBJcPRpk1yO4dOG,"Zach Bryan, Kacey Musgraves",I Remember Everything (feat. Kacey Musgraves),Warner Records,5,28,72,625060,AU,Australia,Q1,2025
41,spotify:track:1Cbl3Yq8rHo7hhDQmLQagU,Tyla,PUSH 2 START,FAX Records/Epic,41,59,5,621460,AU,Australia,Q1,2025
42,spotify:track:3WMj8moIAXJhHsyLaqIIHI,Zach Bryan,Something in the Orange,Warner Records,7,27,134,617568,AU,Australia,Q1,2025
43,spotify:track:4xdBrk0nFZaP54vvZj0yx7,Chappell Roan,HOT TO GO!,Chappell Roan PS/ Island,20,30,31,611188,AU,Australia,Q1,2025
44,spotify:track:3MJ6lFNV12FSHAOzTzkwxz,Morgan Wallen,Smile,Big Loud Records / Mercury Records / Republic Records,44,-1,1,609760,AU,Australia,Q1,2025
45,spotify:track:1XBYiRV30ykHw5f4wm6qEn,The Kid LAROI,NIGHTS LIKE THIS,Columbia,14,35,30,607176,AU,Australia,Q1,2025
46,spotify:track:3dj4wgM3cPeuLwMNHDuBon,Teddy Swims,The Door,Warner Records,46,60,26,600718,AU,Australia,Q1,2025
47,spotify:track:5AJ9hqTS2wcFQCELCFRO7A,Tommy Richman,MILLION DOLLAR BABY,PULSE Records,1,33,37,600689,AU,Australia,Q1,2025
48,spotify:track:3dYD57lRAUcMHufyqn9GcI,Hozier,Take Me to Church,Columbia,26,43,227,597522,AU,Australia,Q1,2025
49,spotify:track:0h3Xy4V4apMraB5NuM8U7Z,CYRIL,Stumblin' In,Spinnin' Records,19,31,49,595856,AU,Australia,Q1,2025
50,spotify:track:3AJwUDP919kvQ9QcozQPxg,Coldplay,Yellow,Parlophone UK,13,53,201,593127,AU,Australia,Q1,2025
1,spotify:track:2RkZ5LkEzeHGRsmDqKwmaJ,Alex Warren,Ordinary,Atlantic Records,1,1,9,1967077,AU,Australia,Q2,2025
2,spotify:track:7ne4VBA60CxGM75vw0EYad,Gracie Abrams,That’s So True,"Gracie Abrams, under exclusive license to Interscope Records",1,2,25,1404568,AU,Australia,Q2,2025
3,spotify:track:2u9S9JJ6hTZS3Vf22HOZKg,Drake,NOKIA,OVO Sound,3,4,8,1360111,AU,Australia,Q2,2025
4,spotify:track:6393yGahSJ9slVdOwSxOVR,Chappell Roan,Pink Pony Club,Chappell Roan PS/ Island,4,5,40,1277081,AU,Australia,Q2,2025
5,spotify:track:6dOtVTDdiauQNBQEDOtlAB,Billie Eilish,BIRDS OF A FEATHER,Darkroom/Interscope Records,1,7,47,1232199,AU,Australia,Q2,2025
6,spotify:track:4wJ5Qq0jBN4ajy7ouZIV1c,"ROSÉ, Bruno Mars",APT.,Atlantic Records,1,3,25,1218394,AU,Australia,Q2,2025
7,spotify:track:5UJbgR4XF4y1DvbkxEqe8S,Tate McRae,Sports car,RCA Records Label,5,6,11,1180031,AU,Australia,Q2,2025
8,spotify:track:35ISBknsCeZQtq66xABI9g,Lola Young,Messy,Universal-Island Records Ltd.,1,10,20,1153693,AU,Australia,Q2,2025
9,spotify:track:2CGNAOSuO1MEFCbBRgUzjd,"Kendrick Lamar, SZA",luther (with sza),"pgLang, under exclusive license to Interscope Records",1,8,20,1127883,AU,Australia,Q2,2025
10,spotify:track:3xkHsmpQCBMytMJNiDf3Ii,Benson Boone,Beautiful Things,"Night Street Records, Inc./Warner Records Inc.",1,12,64,1083127,AU,Australia,Q2,2025
11,spotify:track:2FAZskT9yRjp2Oow9szJD8,"Chrystal, NOTION",The Days - NOTION Remix,Polydor Records,4,11,17,1071868,AU,Australia,Q2,2025
12,spotify:track:7so0lgd0zP2Sbgs2d7a1SZ,"Lady Gaga, Bruno Mars",Die With A Smile,Interscope Records,2,13,34,1070699,AU,Australia,Q2,2025
13,spotify:track:3LPLRNr58Z9Pn0clnEtkXb,Doechii,Anxiety,Top Dawg Entertainment/Capitol Records,1,9,5,1034822,AU,Australia,Q2,2025
14,spotify:track:2262bWmqomIaJXwCRHr13j,Gigi Perez,Sailor Song,Gigi Perez PS/ Island,5,14,36,997826,AU,Australia,Q2,2025
15,spotify:track:5fZJQrFKWQLb7FpJXZ1g7K,Shaboozey,A Bar Song (Tipsy),American Dogwood / EMPIRE,2,17,52,942321,AU,Australia,Q2,2025
16,spotify:track:17phhZDn6oGtzMe56NuWvj,Teddy Swims,Lose Control,Warner Records,5,15,75,927133,AU,Australia,Q2,2025
17,spotify:track:4AajxCEwGEsmHmT4H1TwjY,sombr,undressed,Warner Records,17,31,3,860136,AU,Australia,Q2,2025
18,spotify:track:7EW7Yivb93qKAtp5qEm5of,Lil Tecca,Dark Thoughts,Galactic / Republic Records,16,16,4,848310,AU,Australia,Q2,2025
19,spotify:track:0WbMK4wrZ1wFSty9F7FCgu,Chappell Roan,"Good Luck, Babe!",Chappell Roan PS/ Island,3,19,52,834821,AU,Australia,Q2,2025
20,spotify:track:5G2f63n7IPVPPjfNIGih7Q,Sabrina Carpenter,Taste,Island Records,1,23,33,833274,AU,Australia,Q2,2025
21,spotify:track:5IZXB5IKAD2qlvTPJYDCFB,"Post Malone, Morgan Wallen",I Had Some Help (Feat. Morgan Wallen),Mercury Records / Republic Records,1,22,48,831391,AU,Australia,Q2,2025
22,spotify:track:1KZG1H1OCugGqIRmk1wF9m,"Sam Barber, Avery Anna",Indigo (feat. Avery Anna),Lockeland Springs/Atlantic,21,21,17,825329,AU,Australia,Q2,2025
23,spotify:track:3GCdLUSnKSMJhs4Tj6CV3s,"Kendrick Lamar, SZA","All The Stars (with SZA) - From ""Black Panther: The Album""",Black Panther (TDE/DMG) PS,2,20,181,817184,AU,Australia,Q2,2025
24,spotify:track:1edcyazKIdKrIuz9cWpXU6,Ariana Grande,twilight zone,Republic Records,18,18,2,805659,AU,Australia,Q2,2025
25,spotify:track:2HRqTpkrJO5ggZyyK6NPWz,Sabrina Carpenter,Espresso,Island Records,1,29,52,799499,AU,Australia,Q2,2025
26,spotify:track:6Qyc6fS4DsZjB2mRW9DsQs,The Goo Goo Dolls,Iris,Warner Records,25,25,214,794683,AU,Australia,Q2,2025
27,spotify:track:0FIDCNYYjNvPVimz5icugS,"The Weeknd, Playboi Carti",Timeless (feat Playboi Carti),XO / Republic Records,9,28,28,774441,AU,Australia,Q2,2025
28,spotify:track:0FTmksd2dxiE5e3rWyJXs6,sombr,back to friends,Warner Records,28,40,4,762734,AU,Australia,Q2,2025
29,spotify:track:541sN2qNfIlllGn9nGOQoC,Tate McRae,Revolving door,RCA Records Label,11,27,7,759605,AU,Australia,Q2,2025
30,spotify:track:6AI3ezQ4o3HUoP6Dhudph3,Kendrick Lamar,Not Like Us,"Kendrick Lamar, under exclusive license to Interscope Records",1,24,49,750953,AU,Australia,Q2,2025
31,spotify:track:1wOp7yTVyH176bW1z9WAiv,Alex Warren,Carry You Home,Atlantic Records,26,26,37,739874,AU,Australia,Q2,2025
32,spotify:track:4WFgvKVfEhb3IUAFGrutTR,Ravyn Lenae,Love Me Not,Atlantic Records,32,35,7,733196,AU,Australia,Q2,2025
33,spotify:track:3BntzKsnLf2pc0dsvE3Zav,Teddy Swims,Bad Dreams,Warner Records,33,33,29,725621,AU,Australia,Q2,2025
34,spotify:track:2uXlHCUbq9OMUwx3hrk06o,Vance Joy,Riptide,Atlantic Records,12,32,431,712308,AU,Australia,Q2,2025
35,spotify:track:3QaPy1KgI7nu9FJEQUgn6h,Billie Eilish,WILDFLOWER,Darkroom/Interscope Records,13,30,47,710412,AU,Australia,Q2,2025
36,spotify:track:4KULAymBBJcPRpk1yO4dOG,"Zach Bryan, Kacey Musgraves",I Remember Everything (feat. Kacey Musgraves),Warner Records,5,34,85,703817,AU,Australia,Q2,2025
37,spotify:track:0ofHAoxe9vBkTCp2UQIavz,Fleetwood Mac,Dreams - 2004 Remaster,Rhino/Warner Records,7,39,353,694280,AU,Australia,Q2,2025
38,spotify:track:6GG4yyk3UATdBfTHVgI8PB,Luke Combs,Ain't No Love In Oklahoma (From Twisters: The Album),Atlantic Records,19,38,47,673153,AU,Australia,Q2,2025
39,spotify:track:0b0Dz0Gi86SVdBxYeiQcCP,Sabrina Carpenter,Busy Woman,Island Records,22,41,8,665824,AU,Australia,Q2,2025
40,spotify:track:003vvx7Niy0yvhvHt4a68B,The Killers,Mr. Brightside,Island Records,17,45,433,644363,AU,Australia,Q2,2025
41,spotify:track:3AdXwuFn7j21HNiFMXvZXt,Sleep Token,Caramel,Sleep Token/RCA Records,41,-1,1,630279,AU,Australia,Q2,2025
42,spotify:track:4ZJ4vzLQekI0WntDbanNC7,Zach Bryan,Pink Skies,Warner Records,12,37,46,628386,AU,Australia,Q2,2025
43,spotify:track:51rfRCiUSvxXlCSCfIztBy,Gracie Abrams,"I Love You, I'm Sorry","Gracie Abrams, under exclusive license to Interscope Records",13,42,39,625286,AU,Australia,Q2,2025
44,spotify:track:2uqYupMHANxnwgeiXTZXzd,Dasha,Austin (Boots Stop Workin'),Warner Records,10,44,58,624937,AU,Australia,Q2,2025
45,spotify:track:0GRc3eGTg8HBdWLRGYgqIc,Ed Sheeran,Azizam,Gingerbread Man Records / Atlantic Records UK,45,-1,1,621634,AU,Australia,Q2,2025
46,spotify:track:1eTaznNW4Xxtx9za2SMTXB,Doechii,DENIAL IS A RIVER,Top Dawg Entertainment/Capitol Records,12,36,14,612353,AU,Australia,Q2,2025
47,spotify:track:3Vr3zh0r7ALn8VLqCiRR10,Myles Smith,Stargazing,RCA Records Label,11,54,48,604799,AU,Australia,Q2,2025
48,spotify:track:3wo3d0I5H8KjkwGvnz8WbB,"Sonny Fodera, Jazzy, D.O.D",Somedays,Solotoko,21,50,27,587987,AU,Australia,Q2,2025
49,spotify:track:3WMj8moIAXJhHsyLaqIIHI,Zach Bryan,Something in the Orange,Warner Records,7,52,147,580160,AU,Australia,Q2,2025
50,spotify:track:19XpFsce28aByvCC4g89tJ,Hozier,Too Sweet,Columbia,1,48,55,578883,AU,Australia,Q2,2025
1,spotify:track:2RkZ5LkEzeHGRsmDqKwmaJ,Alex Warren,Ordinary,Atlantic Records,1,1,22,1899540,AU,Australia,Q3,2025
2,spotify:track:0FTmksd2dxiE5e3rWyJXs6,sombr,back to friends,Warner Records,2,2,17,1481654,AU,Australia,Q3,2025
3,spotify:track:4AajxCEwGEsmHmT4H1TwjY,sombr,undressed,Warner Records,2,3,16,1401034,AU,Australia,Q3,2025
4,spotify:track:1CPZ5BxNNd0n0nF4Orb9JS,"HUNTR/X, EJAE, AUDREY NUNA, REI AMI, KPop Demon Hunters Cast",Golden,K-Pop Demon Hunters,4,8,3,1394775,AU,Australia,Q3,2025
5,spotify:track:1lbNgoJ5iMrMluCyhI4OQP,"Fred again.., Skepta, PlaqueBoyMax",Victory Lap,Atlantic Records UK,4,4,4,1288692,AU,Australia,Q3,2025
6,spotify:track:4WFgvKVfEhb3IUAFGrutTR,Ravyn Lenae,Love Me Not,Atlantic Records,4,6,20,1229023,AU,Australia,Q3,2025
7,spotify:track:1I37Zz2g3hk9eWxaNkj031,"Saja Boys, Andrew Choi, Neckwav, Danny Chung, KEVIN WOO, samUIL Lee, KPop Demon Hunters Cast",Your Idol,K-Pop Demon Hunters,7,10,3,1191624,AU,Australia,Q3,2025
8,spotify:track:3cZajhyr8LmtPfHZ9296tj,"Disco Lines, Tinashe",No Broke Boys,Nice Life/Atlantic,7,7,5,1186912,AU,Australia,Q3,2025
9,spotify:track:42UBPzRMh5yyz0EDPr6fr1,Sabrina Carpenter,Manchild,Island Records,2,5,5,1160053,AU,Australia,Q3,2025
10,spotify:track:2yWlGEgEfPot0lv3OAjuG3,"Tate McRae, F1 The Album",Just Keep Watching (From F1® The Movie),Atlantic Records,5,9,6,1122616,AU,Australia,Q3,2025
11,spotify:track:3RXUgPNIbUgFxsDWuBQEt6,"HUNTR/X, EJAE, AUDREY NUNA, REI AMI, KPop Demon Hunters Cast",How It’s Done,K-Pop Demon Hunters,11,18,3,1008024,AU,Australia,Q3,2025
12,spotify:track:02sy7FAs8dkDNYsHp4Ul3f,"Saja Boys, Andrew Choi, Neckwav, Danny Chung, KEVIN WOO, samUIL Lee, KPop Demon Hunters Cast",Soda Pop,K-Pop Demon Hunters,12,26,3,1004354,AU,Australia,Q3,2025
13,spotify:track:17phhZDn6oGtzMe56NuWvj,Teddy Swims,Lose Control,Warner Records,5,13,88,889417,AU,Australia,Q3,2025
14,spotify:track:6Qyc6fS4DsZjB2mRW9DsQs,The Goo Goo Dolls,Iris,Warner Records,13,15,227,877177,AU,Australia,Q3,2025
15,spotify:track:5sBDrrtLGbV64QJnEqfjer,"HUNTR/X, EJAE, AUDREY NUNA, REI AMI, KPop Demon Hunters Cast",What It Sounds Like,K-Pop Demon Hunters,15,30,3,871271,AU,Australia,Q3,2025
16,spotify:track:3xkHsmpQCBMytMJNiDf3Ii,Benson Boone,Beautiful Things,"Night Street Records, Inc./Warner Records Inc.",1,11,77,868371,AU,Australia,Q3,2025
17,spotify:track:0ofHAoxe9vBkTCp2UQIavz,Fleetwood Mac,Dreams - 2004 Remaster,Rhino/Warner Records,7,29,366,859880,AU,Australia,Q3,2025
18,spotify:track:6393yGahSJ9slVdOwSxOVR,Chappell Roan,Pink Pony Club,Chappell Roan PS/ Island,3,12,53,848162,AU,Australia,Q3,2025
19,spotify:track:5DxDLsW6PsLz5gkwC7Mk5S,"Rumi, Jinu, EJAE, Andrew Choi, KPop Demon Hunters Cast",Free,K-Pop Demon Hunters,19,34,3,817413,AU,Australia,Q3,2025
20,spotify:track:6dOtVTDdiauQNBQEDOtlAB,Billie Eilish,BIRDS OF A FEATHER,Darkroom/Interscope Records,1,14,60,806242,AU,Australia,Q3,2025
21,spotify:track:7ne4VBA60CxGM75vw0EYad,Gracie Abrams,That’s So True,"Gracie Abrams, under exclusive license to Interscope Records",1,16,38,793866,AU,Australia,Q3,2025
22,spotify:track:2FAZskT9yRjp2Oow9szJD8,"Chrystal, NOTION",The Days - NOTION Remix,Polydor Records,4,19,30,767476,AU,Australia,Q3,2025
23,spotify:track:2CGNAOSuO1MEFCbBRgUzjd,"Kendrick Lamar, SZA",luther (with sza),"pgLang, under exclusive license to Interscope Records",1,17,33,754215,AU,Australia,Q3,2025
24,spotify:track:0MHStU0muAIEMbwdnebYu2,"HUNTR/X, EJAE, AUDREY NUNA, REI AMI, KPop Demon Hunters Cast",Takedown,K-Pop Demon Hunters,24,48,2,742542,AU,Australia,Q3,2025
25,spotify:track:4wJ5Qq0jBN4ajy7ouZIV1c,"ROSÉ, Bruno Mars",APT.,Atlantic Records,1,22,38,742176,AU,Australia,Q3,2025
26,spotify:track:3GCdLUSnKSMJhs4Tj6CV3s,"Kendrick Lamar, SZA","All The Stars (with SZA) - From ""Black Panther: The Album""",Black Panther (TDE/DMG) PS,2,20,194,732378,AU,Australia,Q3,2025
27,spotify:track:2ipIPsgrgd0j2beDf4Ki70,Benson Boone,Mystical Magical,"Night Street Records, Inc./Warner Records Inc.",22,25,11,730713,AU,Australia,Q3,2025
28,spotify:track:5fZJQrFKWQLb7FpJXZ1g7K,Shaboozey,A Bar Song (Tipsy),American Dogwood / EMPIRE,2,24,65,723095,AU,Australia,Q3,2025
29,spotify:track:7so0lgd0zP2Sbgs2d7a1SZ,"Lady Gaga, Bruno Mars",Die With A Smile,Interscope Records,2,21,47,722402,AU,Australia,Q3,2025
30,spotify:track:35ISBknsCeZQtq66xABI9g,Lola Young,Messy,Universal-Island Records Ltd.,1,23,33,705188,AU,Australia,Q3,2025
31,spotify:track:3WMj8moIAXJhHsyLaqIIHI,Zach Bryan,Something in the Orange,Warner Records,7,42,160,686325,AU,Australia,Q3,2025
32,spotify:track:5IZXB5IKAD2qlvTPJYDCFB,"Post Malone, Morgan Wallen",I Had Some Help (Feat. Morgan Wallen),Mercury Records / Republic Records,1,27,61,680386,AU,Australia,Q3,2025
33,spotify:track:4KULAymBBJcPRpk1yO4dOG,"Zach Bryan, Kacey Musgraves",I Remember Everything (feat. Kacey Musgraves),Warner Records,5,33,98,670762,AU,Australia,Q3,2025
34,spotify:track:21IYMdzTrzSe191Cy5eMap,Gigi Perez,Sailor Song,"Outtahere, LLC / Island Records",5,28,49,656340,AU,Australia,Q3,2025
35,spotify:track:04emojnbYkrRmv5qtJcgVP,"Morgan Wallen, Tate McRae",What I Want (feat. Tate McRae),Big Loud Records / Mercury Records / Republic Records,9,31,8,652405,AU,Australia,Q3,2025
36,spotify:track:2WQ09wqQBIOor7Q0VpIDBK,Black Eyed Peas,Rock That Body,Interscope,27,32,6,650353,AU,Australia,Q3,2025
37,spotify:track:0qmhTHMVxnXRmT5N92wTD9,"Alex Warren, Jelly Roll",Bloodline,Atlantic Records,10,38,7,638710,AU,Australia,Q3,2025
38,spotify:track:003vvx7Niy0yvhvHt4a68B,The Killers,Mr. Brightside,Island Records,17,39,446,635452,AU,Australia,Q3,2025
39,spotify:track:7gKxCvTDWwV9wBhdeBbr3l,Olivia Dean,Nice To Each Other,PLG - Capitol,33,35,5,635251,AU,Australia,Q3,2025
40,spotify:track:1wOp7yTVyH176bW1z9WAiv,Alex Warren,Carry You Home,Atlantic Records,25,37,50,619904,AU,Australia,Q3,2025
41,spotify:track:5e9TFTbltYBg2xThimr0rU,Fleetwood Mac,The Chain - 2004 Remaster,Rhino/Warner Records,41,90,50,608227,AU,Australia,Q3,2025
42,spotify:track:1WmBVbFmLt0w6zPP37TeCG,PinkPantheress,Illegal,Warner Records,42,53,3,608052,AU,Australia,Q3,2025
43,spotify:track:3Vr3zh0r7ALn8VLqCiRR10,Myles Smith,Stargazing,RCA Records Label,11,44,61,603915,AU,Australia,Q3,2025
44,spotify:track:2u9S9JJ6hTZS3Vf22HOZKg,Drake,NOKIA,OVO Sound,3,36,21,597792,AU,Australia,Q3,2025
45,spotify:track:19XpFsce28aByvCC4g89tJ,Hozier,Too Sweet,Columbia,1,49,68,592238,AU,Australia,Q3,2025
46,spotify:track:3BntzKsnLf2pc0dsvE3Zav,Teddy Swims,Bad Dreams,Warner Records,26,40,42,588745,AU,Australia,Q3,2025
47,spotify:track:2HRqTpkrJO5ggZyyK6NPWz,Sabrina Carpenter,Espresso,Island Records,1,46,65,576062,AU,Australia,Q3,2025
48,spotify:track:7G7tgVYORlDuVprcYHuFJh,Crowded House,Don't Dream It's Over,Capitol Records,41,41,42,575992,AU,Australia,Q3,2025
49,spotify:track:57GsLpRtEtrzcPGPop20rS,Drake,What Did I Miss?,OVO/Republic,49,-1,1,567896,AU,Australia,Q3,2025
50,spotify:track:1KZG1H1OCugGqIRmk1wF9m,"Sam Barber, Avery Anna",Indigo (feat. Avery Anna),Lockeland Springs/Atlantic,21,45,30,563561,AU,Australia,Q3,2025
1,spotify:track:1dosSsKwYF7hoQA2kuu6wI,Taylor Swift,The Fate of Ophelia,Taylor Swift,1,-1,1,5531073,AU,Australia,Q4,2025
2,spotify:track:67osB3wmJVTFzKhWqPb1Hm,Taylor Swift,Opalite,Taylor Swift,2,-1,1,4245215,AU,Australia,Q4,2025
3,spotify:track:1A2vZKJZovt4828jwLgiB3,Taylor Swift,Elizabeth Taylor,Taylor Swift,3,-1,1,4035442,AU,Australia,Q4,2025
4,spotify:track:1lD0oPIfSYid1LhPvgrz10,Taylor Swift,Father Figure,Taylor Swift,4,-1,1,3636745,AU,Australia,Q4,2025
5,spotify:track:0129EujhGkwtwTFADGem5P,Taylor Swift,Wood,Taylor Swift,5,-1,1,3189417,AU,Australia,Q4,2025
6,spotify:track:243KxZULAjWO3KREpVHgOH,"Taylor Swift, Sabrina Carpenter",The Life of a Showgirl (feat. Sabrina Carpenter),Taylor Swift,6,-1,1,3104065,AU,Australia,Q4,2025
7,spotify:track:6ZSxG2QvGmwXbTfn7iDq7a,Taylor Swift,Actually Romantic,Taylor Swift,7,-1,1,3094556,AU,Australia,Q4,2025
8,spotify:track:3FzJDGVjRGNc7KrkabU5N0,Taylor Swift,CANCELLED!,Taylor Swift,8,-1,1,3094032,AU,Australia,Q4,2025
9,spotify:track:6iC3L3YmAkGucvJbXKDanA,Taylor Swift,Eldest Daughter,Taylor Swift,9,-1,1,3005521,AU,Australia,Q4,2025
10,spotify:track:3Qeh4z08FfDBRfQMfDv83f,Taylor Swift,Wi$h Li$t,Taylor Swift,10,-1,1,2989502,AU,Australia,Q4,2025
11,spotify:track:34xxPZWbEyg5iDKEBqdsBZ,Taylor Swift,Ruin The Friendship,Taylor Swift,11,-1,1,2934876,AU,Australia,Q4,2025
12,spotify:track:1qbmS6ep2hbBRaEZFpn7BX,Olivia Dean,Man I Need,PLG - Capitol,1,1,8,2609932,AU,Australia,Q4,2025
13,spotify:track:3vGd1heFoUuFGvKvl0SdW3,Taylor Swift,Honey,Taylor Swift,13,-1,1,2558250,AU,Australia,Q4,2025
14,spotify:track:1CPZ5BxNNd0n0nF4Orb9JS,"HUNTR/X, EJAE, AUDREY NUNA, REI AMI, KPop Demon Hunters Cast",Golden,K-Pop Demon Hunters,1,2,16,2250532,AU,Australia,Q4,2025
15,spotify:track:3cZajhyr8LmtPfHZ9296tj,"Disco Lines, Tinashe",No Broke Boys,Nice Life/Atlantic,2,3,18,1789048,AU,Australia,Q4,2025
16,spotify:track:05od2qm2MTSKCHxy1GBp5W,sombr,12 to 12,Warner Records,4,5,11,1502072,AU,Australia,Q4,2025
17,spotify:track:04a44cx2PJthIbN2aLMXhl,Tate McRae,TIT FOR TAT,RCA Records Label,4,4,2,1484502,AU,Australia,Q4,2025
18,spotify:track:2RkZ5LkEzeHGRsmDqKwmaJ,Alex Warren,Ordinary,Atlantic Records,1,6,35,1425652,AU,Australia,Q4,2025
19,spotify:track:7qjZnBKE73H4Oxkopwulqe,sombr,back to friends,Warner Records,2,7,30,1420684,AU,Australia,Q4,2025
20,spotify:track:02sy7FAs8dkDNYsHp4Ul3f,"Saja Boys, Andrew Choi, Neckwav, Danny Chung, KEVIN WOO, samUIL Lee, KPop Demon Hunters Cast",Soda Pop,K-Pop Demon Hunters,4,8,16,1292909,AU,Australia,Q4,2025
21,spotify:track:5BZsQlgw21vDOAjoqkNgKb,Justin Bieber,DAISIES,"JRC Entertainment, LLC / ILH Production Co. LLC / Def Jam Recordings",1,11,13,1132943,AU,Australia,Q4,2025
22,spotify:track:7gKxCvTDWwV9wBhdeBbr3l,Olivia Dean,Nice To Each Other,PLG - Capitol,9,9,18,1131222,AU,Australia,Q4,2025
23,spotify:track:1I37Zz2g3hk9eWxaNkj031,"Saja Boys, Andrew Choi, Neckwav, Danny Chung, KEVIN WOO, samUIL Lee, KPop Demon Hunters Cast",Your Idol,K-Pop Demon Hunters,4,10,16,1118496,AU,Australia,Q4,2025
24,spotify:track:0TFTAtCYhp2tQ9KcJIZb55,sombr,undressed,Warner Records,2,12,29,1111974,AU,Australia,Q4,2025
25,spotify:track:17phhZDn6oGtzMe56NuWvj,Teddy Swims,Lose Control,Warner Records,5,17,101,1060739,AU,Australia,Q4,2025
26,spotify:track:55lijDD6OAjLFFUHU9tcDm,RAYE,WHERE IS MY HUSBAND!,Human Re Sources,15,15,3,1058371,AU,Australia,Q4,2025
27,spotify:track:5sBDrrtLGbV64QJnEqfjer,"HUNTR/X, EJAE, AUDREY NUNA, REI AMI, KPop Demon Hunters Cast",What It Sounds Like,K-Pop Demon Hunters,9,13,16,1009244,AU,Australia,Q4,2025
28,spotify:track:3RXUgPNIbUgFxsDWuBQEt6,"HUNTR/X, EJAE, AUDREY NUNA, REI AMI, KPop Demon Hunters Cast",How It’s Done,K-Pop Demon Hunters,8,14,16,994951,AU,Australia,Q4,2025
29,spotify:track:6sGIMrtIzQjdzNndVxe397,Olivia Dean,So Easy (To Fall In Love),PLG - Capitol,26,26,2,967705,AU,Australia,Q4,2025
30,spotify:track:0ofHAoxe9vBkTCp2UQIavz,Fleetwood Mac,Dreams - 2004 Remaster,Rhino/Warner Records,7,32,379,918985,AU,Australia,Q4,2025
31,spotify:track:4WFgvKVfEhb3IUAFGrutTR,Ravyn Lenae,Love Me Not,Atlantic Records,4,19,33,904715,AU,Australia,Q4,2025
32,spotify:track:6xV7Be6XEvkSnighmh2Tzj,"Tyler, The Creator",Sugar On My Tongue,Columbia,16,18,12,901515,AU,Australia,Q4,2025
33,spotify:track:6Qyc6fS4DsZjB2mRW9DsQs,The Goo Goo Dolls,Iris,Warner Records,13,21,240,891408,AU,Australia,Q4,2025
34,spotify:track:0je57Uq5eTk1wrPzn9sWbl,Sabrina Carpenter,When Did You Get Hot?,Island Records,11,16,6,868937,AU,Australia,Q4,2025
35,spotify:track:42VUCXerQ5qTr4Qp6PhKo4,Sabrina Carpenter,Tears,Island Records,3,20,6,867145,AU,Australia,Q4,2025
36,spotify:track:2yWlGEgEfPot0lv3OAjuG3,"Tate McRae, F1 The Album",Just Keep Watching (From F1® The Movie),Atlantic Records,5,22,19,831932,AU,Australia,Q4,2025
37,spotify:track:0MHStU0muAIEMbwdnebYu2,"HUNTR/X, EJAE, AUDREY NUNA, REI AMI, KPop Demon Hunters Cast",Takedown,K-Pop Demon Hunters,11,23,15,824580,AU,Australia,Q4,2025
38,spotify:track:5DxDLsW6PsLz5gkwC7Mk5S,"Rumi, Jinu, EJAE, Andrew Choi, KPop Demon Hunters Cast",Free,K-Pop Demon Hunters,12,24,16,820335,AU,Australia,Q4,2025
39,spotify:track:3xkHsmpQCBMytMJNiDf3Ii,Benson Boone,Beautiful Things,"Night Street Records, Inc./Warner Records Inc.",1,27,90,787158,AU,Australia,Q4,2025
40,spotify:track:2BwO5K8Q7EPAJSGze3AAh9,Sabrina Carpenter,Manchild,Island Records,2,25,18,763730,AU,Australia,Q4,2025
41,spotify:track:5fZJQrFKWQLb7FpJXZ1g7K,Shaboozey,A Bar Song (Tipsy),American Dogwood / EMPIRE,2,28,78,744929,AU,Australia,Q4,2025
42,spotify:track:1lbNgoJ5iMrMluCyhI4OQP,"Fred again.., Skepta, PlaqueBoyMax",Victory Lap,Atlantic Records UK,4,29,17,741406,AU,Australia,Q4,2025
43,spotify:track:6393yGahSJ9slVdOwSxOVR,Chappell Roan,Pink Pony Club,Chappell Roan PS/ Island,3,30,66,726395,AU,Australia,Q4,2025
44,spotify:track:7G7tgVYORlDuVprcYHuFJh,Crowded House,Don't Dream It's Over,Capitol Records,19,35,55,716400,AU,Australia,Q4,2025
45,spotify:track:6dOtVTDdiauQNBQEDOtlAB,Billie Eilish,BIRDS OF A FEATHER,Darkroom/Interscope Records,1,31,73,711686,AU,Australia,Q4,2025
46,spotify:track:003vvx7Niy0yvhvHt4a68B,The Killers,Mr. Brightside,Island Records,17,34,459,705435,AU,Australia,Q4,2025
47,spotify:track:5UJbgR4XF4y1DvbkxEqe8S,Tate McRae,Sports car,RCA Records Label,5,36,37,691525,AU,Australia,Q4,2025
48,spotify:track:1xOqGUkyxGQRdCvGpvWKmL,KATSEYE,Gabriela,HYBE/Geffen,31,33,16,686752,AU,Australia,Q4,2025
49,spotify:track:5SruEBX3KpgpDvEcIuN53P,Olivia Dean,Baby Steps,PLG - Capitol,49,66,2,678788,AU,Australia,Q4,2025
50,spotify:track:7so0lgd0zP2Sbgs2d7a1SZ,"Lady Gaga, Bruno Mars",Die With A Smile,Interscope Records,2,37,60,649667,AU,Australia,Q4,2025
1,spotify:track:0BUkQGUXgcvf3gdCWYbtnJ,"Oruam, Zé Felipe, MC Tuto, Dj Lc da Roça, Mc Rodrigo do CN, MC K9, mc pl alves",Oh Garota Eu Quero Você Só Pra Mim.,Mainstreet Records,1,1,3,11230012,BR,Brazil,Q1,2025
2,spotify:track:7HrDxxY2b7vOKxJHtqdXN6,"Henry Freitas, Mc Th",Imã de Problema,Henry Freitas,2,16,14,9751529,BR,Brazil,Q1,2025
3,spotify:track:4pOGEJRVOuaa9oyy7qTGf6,"Nilo, Mc Paiva ZS, DJ Di Marques, Tropa da W&S, FamousKyo",Fui Mlk,WMD,3,4,7,9483633,BR,Brazil,Q1,2025
4,spotify:track:2k7EhDUKXApmeYVew9xeDf,"Eric Land, Natanzinho Lima",Pilantra e Meio,Eric Land,4,11,9,8262971,BR,Brazil,Q1,2025
5,spotify:track:6s1kzj4EbhFLXbuAGJbhbn,"MC Tuto, DJ Glenner",Barbie,Sonar Music,1,3,12,7658114,BR,Brazil,Q1,2025
6,spotify:track:4seW5sDVICaZw34NzrHPm0,"Nuzio Medeiros, Henry Freitas, Kadu Martins",Tando,Nuzio Medeiros,6,40,4,7301576,BR,Brazil,Q1,2025
7,spotify:track:6RzcNTnS02dnqoQMdTkQwi,"Brenno & Matheus, DJ Ari SL",Descer Pra BC,New Music,1,2,7,6868911,BR,Brazil,Q1,2025
8,spotify:track:6Kyl2nFgU0J8WBlbBvDv6g,Grupo Menos É Mais,Coração Partido (Corazón Partío) - Ao Vivo,Som Livre,1,5,19,6672644,BR,Brazil,Q1,2025
9,spotify:track:280QfKhmWGn3LbyB39aA7u,Léo Foguete,Cópia Proibida,Sua Música Digital,6,6,10,6478132,BR,Brazil,Q1,2025
10,spotify:track:0NQyryTVbjGMtWMA1eSqIn,"J. Eskine, Alef Donk",Resenha do Arrocha,Latin Brega by HITLAB Records,4,7,5,6121112,BR,Brazil,Q1,2025
11,spotify:track:0UGGLKM970ymsBBN5TKjsD,"MC Tuto, DJ Oreia",2025,Sonar Produtora,11,39,2,5942456,BR,Brazil,Q1,2025
12,spotify:track:3cwVKjzKSTfvacYJF6Tkub,Léo Foguete,Última Noite - Solo,Sua Música Digital,5,9,13,5628368,BR,Brazil,Q1,2025
13,spotify:track:3TnSAp3TfGMYptOqv234uK,"MC Tuto, Grelo",Do Job,Sonar Music,12,12,8,5610503,BR,Brazil,Q1,2025
14,spotify:track:6Ap9SM1WkmI4b4Mo2Cpa6f,"NATTAN, Léo Foguete",Última Noite,Nattan,8,8,12,5433570,BR,Brazil,Q1,2025
15,spotify:track:5TOvA5Uhxti7FPh0EIdClV,"MC LUUKY, DJ JB Mix",Malvadinho,EDITORA E GRAVADORA A BASE RECORDS,1,10,10,5189164,BR,Brazil,Q1,2025
16,spotify:track:4jUZymsR3lkia9wkP0o9cX,"DJ TOPO, Mc Livinho",MTG NA IMAGINAÇÃO - TOPO SESSIONS VOL. 1,DJ TOPO,6,13,14,5011137,BR,Brazil,Q1,2025
17,spotify:track:7pBPXkaVQaP3Y3Wwfkpvbn,"Hugo & Guilherme, Wesley Safadão",Mentirosa - Ao Vivo,Som Livre,17,27,3,4919216,BR,Brazil,Q1,2025
18,spotify:track:2KdyhL41F9solmRiyLQ3yl,Clayton & Romário,Sei Tocar Violão - Ao Vivo,WM Brazil,18,26,14,4890773,BR,Brazil,Q1,2025
19,spotify:track:2gfn28JSINCJGLrUimmu0l,Jorge & Mateus,Cantada Boba - Ao Vivo,Som Livre,11,14,9,4677891,BR,Brazil,Q1,2025
20,spotify:track:4FbYt9D0katV4nXZaC01Yt,"Mc Negão Original, DJ Guh Mix, Mc Robert",Medley de Igaratá 3,Cria Hit BR,10,15,9,4644242,BR,Brazil,Q1,2025
21,spotify:track:4y93vvzu2h8MITw7YyUTcI,Henrique & Juliano,Última Saudade - Ao Vivo,Virgin Music Label And Artist Services (S&D),1,17,15,4640526,BR,Brazil,Q1,2025
22,spotify:track:58g8XjpC5Yj3jCOUVMqAfb,"DJ Douglinhas, DJ Miller Oficial, MC Torugo",Puta É Só um Detalhe,DJ DOUGLINHAS,22,70,2,4497198,BR,Brazil,Q1,2025
23,spotify:track:2M2eRVCQbC3rHFSm9oT3YD,"Luan Pereira, Léo Foguete",UM PALMO - Ao Vivo,Som Livre,23,34,4,4384309,BR,Brazil,Q1,2025
24,spotify:track:2cGRf9skACWnKRK1eLYBJn,Guilherme & Benuto,Sujeito Homem - Ao Vivo,Sony Music Entertainment,18,18,12,4261440,BR,Brazil,Q1,2025
25,spotify:track:6UzGpz33nYXa3gAEJ1mndV,"Hugo & Guilherme, Maiara & Maraisa",O Meu Coração Em Suas Mãos (Colgando en tu manos) - Ao Vivo,Som Livre,10,28,23,4224841,BR,Brazil,Q1,2025
26,spotify:track:3H7eBmcTJyuEMStfmKuLmG,"MC Cebezinho, DJ Oreia, MC Tuto, Love Funk, Kako",A Danada Me Ligando,Love Funk,1,20,19,4203425,BR,Brazil,Q1,2025
27,spotify:track:44BehH5rk8B5K4OtRxqpez,"MC Tuto, Oldilla",E Aí Como Que Tá ?,Sonar Music,10,22,15,4177768,BR,Brazil,Q1,2025
28,spotify:track:5rHhO6SBSzo3E9m3KHyCtt,"Murilo Huff, Ana Castela",Peça Íntima,M Show,8,21,13,4033091,BR,Brazil,Q1,2025
29,spotify:track:2plbrEY59IikOBgBGLjaoe,"Lady Gaga, Bruno Mars",Die With A Smile,Interscope,5,41,21,3981365,BR,Brazil,Q1,2025
30,spotify:track:2drZGdAOxfE2KoMGTkidmq,"MC Marks, MC Ryan SP, MC Jvila, MC Bruno MS, Mc Magal, Aaron Modesto, DJ Dael, MC LUUKY",365 Dias (Vida Mansa),Legenda Records,9,19,15,3969787,BR,Brazil,Q1,2025
31,spotify:track:5DxPUI3cMU7EkayHlYLJCI,Maiara & Maraisa,Vai Lá - Ao Vivo em Goiânia,Work Show,4,24,15,3867500,BR,Brazil,Q1,2025
32,spotify:track:2f6GG12VL2rGMS9BGjD7rM,Thiago Carvalho,Cachorro,WM Brazil,32,50,2,3670014,BR,Brazil,Q1,2025
33,spotify:track:5Bp7TFENcgsdLCL8fMOSKs,"Supernova Ent, G.A, Ghard, Veigh, Niink","Adora a bunda, odeia o rosto (feat. Veigh & Niink)",Supernova Entertainment,32,37,4,3650229,BR,Brazil,Q1,2025
34,spotify:track:63BroH3HiwxYD8T5qTZiJn,Gusttavo Lima,A Noite (La Notte) - Ao Vivo,Sony Music Entertainment,3,29,22,3505463,BR,Brazil,Q1,2025
35,spotify:track:77X5UMAX4FjUx1aOaLqotz,Luan Santana,PARECE - Ao Vivo,Sony Music Entertainment,14,48,7,3475083,BR,Brazil,Q1,2025
36,spotify:track:4TnEIYOXZ9KBGHOIqG5Xs5,"PEDRO SAMPAIO, Marina Sena",ESCADA DO PRÉDIO,WM Brazil,8,49,14,3474355,BR,Brazil,Q1,2025
37,spotify:track:4dGx53NJZJyuuLP5ownH1p,"Wesley Safadão, Natanzinho Lima",Mentira Estampada,Wesley Safadao,21,25,16,3428435,BR,Brazil,Q1,2025
38,spotify:track:6ukVCqH77f6cwRHyJBhGgy,Israel & Rodolffo,Arruma Um Bão,Som Livre,13,23,14,3374914,BR,Brazil,Q1,2025
39,spotify:track:28lX0N3Fa1L5YzzPfklvc0,"Bruno & Denner, Hugo & Guilherme",Namora Ela - Ao Vivo,WM Brazil,39,148,2,3348051,BR,Brazil,Q1,2025
40,spotify:track:1AM8pZn5uY89vkItAH5bm3,"Felipe Araújo, Luan Pereira",Body Splash - Ao Vivo,Universal Music Ltda.,26,31,9,3326177,BR,Brazil,Q1,2025
41,spotify:track:65vJAh07BdwurqR9SRa6f8,"Ferrugem, Sorriso Maroto",Apaguei Pra Todos - Ao Vivo,WM Brazil,26,30,38,3320749,BR,Brazil,Q1,2025
42,spotify:track:3yCtRV7LMeGBpvSHDR8uMV,"Boladin 211, MC Rick, MC Leozinho ZS, CAO$, Dj Lv Mdp, Dj Vitin do Pc",Chapa Máxima,WM Brazil,42,62,5,3250453,BR,Brazil,Q1,2025
43,spotify:track:6YdJ2jJOo143KhXT9qvQVe,"MC GP, MC Jvila, MC LUUKY, Dj Yuri Pedrada",300 no 7,MC GP & GR6,11,38,26,3143062,BR,Brazil,Q1,2025
44,spotify:track:4IlklRFZUgNQlwwW0PSLm7,"Grelo, Henrique & Juliano",Paredões,Henrique & Juliano,23,33,6,3125675,BR,Brazil,Q1,2025
45,spotify:track:5G0kKNRYFCoORvJ2VzwvrY,"Mc Livinho, DJ TOPO",MTG PASSA PASSA PRA EU SARRAR,Mc Livinho,29,71,30,3099046,BR,Brazil,Q1,2025
46,spotify:track:6x6EA3N9xXgptSakS7VZUg,"GORDÃO DO PC, Mc Menor DN, Mc Leozin, Ana Laura Lopes",FANTASMA (versão GORDÃO DO PC),Alt Music,46,105,2,3049940,BR,Brazil,Q1,2025
47,spotify:track:4hV2NFXFg13pQhshsDvBd7,MC Kevinho,IA,WM Brazil,47,-1,1,2995425,BR,Brazil,Q1,2025
48,spotify:track:7l9Tq5phzkLnhWUyfp702G,"Kaique e Felipe, Luan Pereira",Saveiro,Sony Music Entertainment,1,35,24,2955905,BR,Brazil,Q1,2025
49,spotify:track:3FB06ULqN0WNUSQ3UaMZnF,NATTAN,Amor Na Praia,Feeling,7,42,36,2866806,BR,Brazil,Q1,2025
50,spotify:track:5mPn4ueXc1oua018FDvknz,"MC Joãozinho VT, DJ JR No Beat",Calculista,Sonar Music,48,86,11,2774708,BR,Brazil,Q1,2025
1,spotify:track:6Emsu0BaMpG0ilZCRT8KHZ,Diego & Victor Hugo,Tubarões - Ao Vivo,Sony Music Entertainment,1,2,8,8214194,BR,Brazil,Q2,2025
2,spotify:track:4Hk1gmBr2KVEXr3hHwSgUi,"DG e Batidão Stronda, Mc Davi, J. Eskine, MC G15",Mãe Solteira,FORTAL MUSIC,1,1,6,7110627,BR,Brazil,Q2,2025
3,spotify:track:2OMkXPz6pHdKJSkzxG0MwZ,"Kew, Dj LK da Escócia",Descer,Legenda Records,3,4,7,4798897,BR,Brazil,Q2,2025
4,spotify:track:4pOGEJRVOuaa9oyy7qTGf6,"Nilo, Mc Paiva ZS, DJ Di Marques, Tropa da W&S, FamousKyo",Fui Mlk,WMD,1,3,20,4778425,BR,Brazil,Q2,2025
5,spotify:track:6Kyl2nFgU0J8WBlbBvDv6g,Grupo Menos É Mais,Coração Partido (Corazón Partío) - Ao Vivo,Som Livre,1,5,32,4238247,BR,Brazil,Q2,2025
6,spotify:track:2TSYxcrcrtLpdbsLY9NmzL,Simone Mendes,Me Ama Ou Me Larga - Ao Vivo,Universal Music Ltda.,6,8,10,4173066,BR,Brazil,Q2,2025
7,spotify:track:4y93vvzu2h8MITw7YyUTcI,Henrique & Juliano,Última Saudade - Ao Vivo,Virgin Music Label And Artist Services (S&D),1,9,28,4068453,BR,Brazil,Q2,2025
8,spotify:track:4swtnATsndB7VJVq0n4EQE,"DJ CZ, MC Nito, DJ TS, Mc Pogba, Prime Funk",Rabetão De Terremoto,Prime Funk,8,97,2,4036059,BR,Brazil,Q2,2025
9,spotify:track:0BUkQGUXgcvf3gdCWYbtnJ,"Oruam, Zé Felipe, MC Tuto, Dj Lc da Roça, Mc Rodrigo do CN, MC K9, mc pl alves",Oh Garota Eu Quero Você Só Pra Mim.,Mainstreet Records,1,7,16,3954704,BR,Brazil,Q2,2025
10,spotify:track:2tUIRX4wK0COoKEorOdEpZ,"Murilo Huff, Zé Neto & Cristiano",Veneno - Ao Vivo,M Show,10,10,4,3895443,BR,Brazil,Q2,2025
11,spotify:track:17tg01y3RhlfRKMnd333yL,Danilo e Davi,Apaga Apaga Apaga - Ao Vivo,Som Livre,11,24,22,3648888,BR,Brazil,Q2,2025
12,spotify:track:3iDZj9V0RSElRwVgtmMYgJ,"Oruam, Victor WAO, Maurin",Lei Anti O.R.U.A.M,Oruam Distribuições,10,15,7,3633426,BR,Brazil,Q2,2025
13,spotify:track:0NQyryTVbjGMtWMA1eSqIn,"J. Eskine, Alef Donk",Resenha do Arrocha,Latin Brega by HITLAB Records,1,6,18,3618614,BR,Brazil,Q2,2025
14,spotify:track:6s1kzj4EbhFLXbuAGJbhbn,"MC Tuto, DJ Glenner",Barbie,Sonar Music,1,17,25,3488215,BR,Brazil,Q2,2025
15,spotify:track:3M4HJl7D77l86gL1QXGJHG,"Lauana Prado, Simone Mendes",Saudade Burra - Ao Vivo,Universal Music Ltda.,11,11,13,3486562,BR,Brazil,Q2,2025
16,spotify:track:44CTudFZ0kbaIF9n0jk7oU,"Matheus & Kauan, Ana Castela",Ilusão De Ótica - Ao Vivo,Universal Music Ltda.,16,20,11,3458155,BR,Brazil,Q2,2025
17,spotify:track:37QloSdzrjx2xCH0m65800,"Gustavo Mioto, Grupo Menos É Mais",Nada Com Nada - Ao Vivo,Universal Music Ltda.,16,16,18,3267293,BR,Brazil,Q2,2025
18,spotify:track:65vJAh07BdwurqR9SRa6f8,"Ferrugem, Sorriso Maroto",Apaguei Pra Todos - Ao Vivo,WM Brazil,18,18,51,3167163,BR,Brazil,Q2,2025
19,spotify:track:63Vdw2P2cw1Gf8ABQiEjXD,Gusttavo Lima,Sofrimento Simultâneo - Ao Vivo,Sony Music Entertainment,19,49,2,3068150,BR,Brazil,Q2,2025
20,spotify:track:3WxetTBTlpfyknxJfPQ7eQ,"MC Cebezinho, Dj Yuri Pedrada, Love Funk",Observando Essa Salada,Love Funk,8,19,11,3010896,BR,Brazil,Q2,2025
21,spotify:track:7so0lgd0zP2Sbgs2d7a1SZ,"Lady Gaga, Bruno Mars",Die With A Smile,Interscope Records,5,21,34,2998198,BR,Brazil,Q2,2025
22,spotify:track:3CvpnVAV75lKCcaTtUTpgW,"Chefin, LB Único",Se Essa Bunda For Uma Empresa,Chefin Distribuição,22,36,5,2982971,BR,Brazil,Q2,2025
23,spotify:track:6id4TFeHJgvVtCzrJEysl0,Henrique & Juliano,Saudade De Quem Eu Sou - Ao Vivo,Virgin Music Label And Artist Services (S&D),23,43,4,2911924,BR,Brazil,Q2,2025
24,spotify:track:0UGGLKM970ymsBBN5TKjsD,"MC Tuto, DJ Oreia",2025,Sonar Produtora,11,22,15,2886665,BR,Brazil,Q2,2025
25,spotify:track:77HhVmRv7IxDqkyMxElSrK,"Anitta, Mc Danny, HITMAKER",Sei Que Tu Me Odeia,Universal Music Ltda.,3,14,12,2862204,BR,Brazil,Q2,2025
26,spotify:track:07kLShG3HTeLXTqnFCqNAJ,Henrique & Juliano,Amigo Da Minha Saudade - Ao Vivo,Virgin Music Label And Artist Services (S&D),26,32,14,2858184,BR,Brazil,Q2,2025
27,spotify:track:6VH6SBNNL2RVWwImq046ce,"Boladin 211, Dejinha, MC Rick, DJ AL4DDIN",Penélope Charmosa 2,Kave,5,23,13,2791999,BR,Brazil,Q2,2025
28,spotify:track:2cGRf9skACWnKRK1eLYBJn,Guilherme & Benuto,Sujeito Homem - Ao Vivo,Sony Music Entertainment,13,13,25,2748519,BR,Brazil,Q2,2025
29,spotify:track:4jUZymsR3lkia9wkP0o9cX,"DJ TOPO, Mc Livinho",MTG NA IMAGINAÇÃO - TOPO SESSIONS VOL. 1,DJ TOPO,6,26,27,2740811,BR,Brazil,Q2,2025
30,spotify:track:0vYrfm0eUQyi6fWbYnBiDc,"DJ NATAN 22, Mc Rodrigo do CN",Meu Carro nao tem Porta Luva - Remastered 2024,DJ Natan 22,30,45,14,2721334,BR,Brazil,Q2,2025
31,spotify:track:280QfKhmWGn3LbyB39aA7u,Léo Foguete,Cópia Proibida,Sua Música Digital,5,28,23,2708566,BR,Brazil,Q2,2025
32,spotify:track:7shkORZD3NNi6waqw7eIqT,Gusttavo Lima,Proibido Terminar - Ao Vivo,Sony Music Entertainment,13,35,9,2703262,BR,Brazil,Q2,2025
33,spotify:track:3R8dmcSyROSR73XsdeSd7g,Clayton & Romário,Opa Cadê Eu - Ao Vivo,WM Brazil,33,50,9,2664606,BR,Brazil,Q2,2025
34,spotify:track:2Z1DmmPWD3Lm0dWAxMfjxG,"MC Jvila, Mc Negão Original, DJ Dael, DJ Guh Mix",Pirocada Quente,Legenda Records,34,38,8,2601861,BR,Brazil,Q2,2025
35,spotify:track:2gfn28JSINCJGLrUimmu0l,Jorge & Mateus,Cantada Boba - Ao Vivo,Som Livre,11,40,22,2581530,BR,Brazil,Q2,2025
36,spotify:track:7fW5TnCdNFhdPw7C2QakEO,"Felipe Amorim, Zé Felipe",Nossas Fotos,One Play,2,12,10,2580022,BR,Brazil,Q2,2025
37,spotify:track:456hxgSVUAJVgPV0UncG68,"DENNIS, Luísa Sonza",MOTINHA 2.0 (Mete Marcha),Sony Music Entertainment,6,34,10,2542372,BR,Brazil,Q2,2025
38,spotify:track:5TOvA5Uhxti7FPh0EIdClV,"MC LUUKY, DJ JB Mix",Malvadinho,EDITORA E GRAVADORA A BASE RECORDS,1,33,23,2487864,BR,Brazil,Q2,2025
39,spotify:track:6x6EA3N9xXgptSakS7VZUg,"GORDÃO DO PC, Mc Menor DN, Mc Leozin, Ana Laura Lopes",FANTASMA (versão GORDÃO DO PC),Alt Music,8,27,15,2481386,BR,Brazil,Q2,2025
40,spotify:track:6lrQgEPTuOKyvn4bQJuaRU,"Luan Pereira, MC Tuto, Grelo",NÃO ERA LOVE,Som Livre,40,-1,1,2464103,BR,Brazil,Q2,2025
41,spotify:track:3bpNcH1SCEMn6zuynZGY5e,"Orochi, TkN, RUXN, Kizzy, ProdSmile",Fashion,Mainstreet Records,41,61,5,2451275,BR,Brazil,Q2,2025
42,spotify:track:6Ap9SM1WkmI4b4Mo2Cpa6f,"NATTAN, Léo Foguete",Última Noite,Nattan,8,31,25,2426794,BR,Brazil,Q2,2025
43,spotify:track:5aMgTcyBPH90hWHhbNKTwR,Diego & Victor Hugo,Entregador de Flor - Ao Vivo em Brasília,Sony Music Entertainment,22,39,30,2417324,BR,Brazil,Q2,2025
44,spotify:track:4eqOz5gdCYww9GB5q3q1pU,"DJ Douglinhas, DJ Miller Oficial, MC Torugo",Puta É Só um Detalhe,DJ DOUGLINHAS,13,44,15,2407473,BR,Brazil,Q2,2025
45,spotify:track:3TnSAp3TfGMYptOqv234uK,"MC Tuto, Grelo",Do Job,Sonar Music,9,30,21,2401199,BR,Brazil,Q2,2025
46,spotify:track:6ukVCqH77f6cwRHyJBhGgy,Israel & Rodolffo,Arruma Um Bão,Som Livre,13,37,27,2361071,BR,Brazil,Q2,2025
47,spotify:track:0arxXBXzv96Q449DK1SmiX,"BK, Kolo, Evinha",Cacos De Vidro (sample: Esperar pra Ver),Gigantes,23,42,10,2353982,BR,Brazil,Q2,2025
48,spotify:track:6XXqPj8USz1oebSmMPCBLC,"DJ Gouveia, DJ Dozabri, Mc Rodrigo do CN",Tipo Nino Abravanel,Mandela Music,48,63,5,2334787,BR,Brazil,Q2,2025
49,spotify:track:096gZM7wp5GKHBwtWY3d0z,"Link do Zap, pluglip",a última dança,Link do Zap,49,57,7,2292728,BR,Brazil,Q2,2025
50,spotify:track:5wV5dO1GOI4srs4Um5cJXo,"J. Eskine, Alef Donk",Resenha de Ex-Love,HITLAB BREGA,7,46,7,2285177,BR,Brazil,Q2,2025
1,spotify:track:7yRlmQTjZ5pdtlq7ska9mj,"Veigh, Supernova Ent",Artista Genérico,Supernova Entertainment,1,3,2,7970286,BR,Brazil,Q3,2025
2,spotify:track:5Nj2UVsxXAvhfYNpcre3al,"Dj Caio Vieira, MC Meno K, Mc Rodrigo do CN",FAMOSINHA,BR MUSIC DIREITOS MUSICAIS LTDA.,1,1,8,7659454,BR,Brazil,Q3,2025
3,spotify:track:7EknynLJTt9YMm1HL37s5D,"Grupo Menos É Mais, Simone Mendes",P do Pecado - Ao Vivo,Som Livre,1,2,10,7629710,BR,Brazil,Q3,2025
4,spotify:track:6Emsu0BaMpG0ilZCRT8KHZ,Diego & Victor Hugo,Tubarões - Ao Vivo,Sony Music Entertainment,1,4,21,6633931,BR,Brazil,Q3,2025
5,spotify:track:2GylVVMD21R4SqgAt8gGC5,"Felipe Amorim, Vitão, BIN, Malibu",Eu Vou na Sua Casa,One Play,5,9,3,5905056,BR,Brazil,Q3,2025
6,spotify:track:17tg01y3RhlfRKMnd333yL,Danilo e Davi,Apaga Apaga Apaga - Ao Vivo,Som Livre,1,6,35,5717833,BR,Brazil,Q3,2025
7,spotify:track:2ejSYn4SfoE07mXPlnYVED,"Rafa e Junior, Hugo & Guilherme, DJ Ari SL",Ama Um Maloqueiro,Rafa e Junior,4,5,7,5465478,BR,Brazil,Q3,2025
8,spotify:track:6Kyl2nFgU0J8WBlbBvDv6g,Grupo Menos É Mais,Coração Partido (Corazón Partío) - Ao Vivo,Som Livre,1,12,45,4533541,BR,Brazil,Q3,2025
9,spotify:track:4y93vvzu2h8MITw7YyUTcI,Henrique & Juliano,Última Saudade - Ao Vivo,Virgin Music Label And Artist Services (S&D),1,10,41,4320418,BR,Brazil,Q3,2025
10,spotify:track:5aMgTcyBPH90hWHhbNKTwR,Diego & Victor Hugo,Entregador de Flor - Ao Vivo em Brasília,Sony Music Entertainment,4,8,43,4109571,BR,Brazil,Q3,2025
11,spotify:track:0IBCX7PC9NcfFLuyoHxTNt,Zé Neto & Cristiano,Escondendo o Ouro - Ao Vivo,Som Livre,8,11,7,3993900,BR,Brazil,Q3,2025
12,spotify:track:1jxQFCC0ukN7AaUwXWK0N8,"DJ Biel Divulga, DJ Dozabri, Mc Lekão",Tipo Nino Vs Kabrinha,Mandela Music,5,7,5,3956044,BR,Brazil,Q3,2025
13,spotify:track:3R8dmcSyROSR73XsdeSd7g,Clayton & Romário,Opa Cadê Eu - Ao Vivo,WM Brazil,4,14,22,3734215,BR,Brazil,Q3,2025
14,spotify:track:4EVIYtNeI4O8h0lmE0wycC,"Mc Pedrinho, Teko Bolado, Rizzi Get Busy, Tropa da W&S",Encosta na Parede,WMD,14,18,8,3664630,BR,Brazil,Q3,2025
15,spotify:track:3M4HJl7D77l86gL1QXGJHG,"Lauana Prado, Simone Mendes",Saudade Burra - Ao Vivo,Universal Music Ltda.,11,16,26,3602617,BR,Brazil,Q3,2025
16,spotify:track:25CffgwZg6vlUdCsHJijZo,"Panda, Ícaro e Gilmar, MJ Records",Baqueado - Ao Vivo,MJ Records.,16,22,16,3528372,BR,Brazil,Q3,2025
17,spotify:track:40WZQRA3T6WZFIgskIAAz7,Simone Mendes,Saudade Proibida - Ao Vivo,Universal Music Ltda.,1,13,14,3461097,BR,Brazil,Q3,2025
18,spotify:track:2QUl20UtEsH85livMYnbQr,"Murilo Huff, Zé Neto & Cristiano",Veneno - Ao Vivo,M Show,5,15,17,3395139,BR,Brazil,Q3,2025
19,spotify:track:07kLShG3HTeLXTqnFCqNAJ,Henrique & Juliano,Amigo Da Minha Saudade - Ao Vivo,Virgin Music Label And Artist Services (S&D),18,19,27,3301300,BR,Brazil,Q3,2025
20,spotify:track:10MsXPpQLz5ZrOEZxTtkIm,Ana Castela,Olha Onde Eu Tô,Ana Castela,15,21,6,3292053,BR,Brazil,Q3,2025
21,spotify:track:7GNbFvEP3uKNASe3oaLl8U,"Mc IG, MC Ryan SP, Mc Negão Original, MC GP, DJ DAVI DOGDOG, DJ Japa NK, DU'L, MC Meno K, Mc guizinho niazi, Nickz Beatz, SiarBeats",Ta Rico Os Menino Do Gueto 🍀,WM Brazil,5,23,10,3284106,BR,Brazil,Q3,2025
22,spotify:track:7tesyGMnAFNI0l2xaxcFKi,Henrique & Juliano,Saudade De Quem Eu Sou - Ao Vivo,Virgin Music Label And Artist Services (S&D),16,26,17,3198464,BR,Brazil,Q3,2025
23,spotify:track:3ZbetlcfZ0tgVWdvnRzuLB,"Talita Mel, Xand Avião",Melzinho,Sua Música Digital,23,27,3,3161882,BR,Brazil,Q3,2025
24,spotify:track:1RnPdd7EKKhKN3E4o4DRsh,"Repsaj, MXZI, ATLXS, Mc Jhey",MONTAGEM BAILÃO,repsaj,21,24,11,3082284,BR,Brazil,Q3,2025
25,spotify:track:3cUWviu7umxTV5SfK8IkfI,"J. Eskine, DG e Batidão Stronda, Mc Davi, MC G15",Mãe Solteira,FORTAL MUSIC,1,20,19,3073702,BR,Brazil,Q3,2025
26,spotify:track:2j7IPPMZt5nE5R4r2AbKZ8,"Panda, Humberto & Ronaldo, Ícaro e Gilmar, MJ Records",12 Horas / Pra Você Acreditar - Ao Vivo,MJ Records.,18,25,14,3051007,BR,Brazil,Q3,2025
27,spotify:track:3vpmGewnBcIfbm252E3Xx8,"Luccas & Rodrigo, Vitor e Luan",Cara da Serenata - Live,L & R PRODUÇÕES,15,29,10,3023991,BR,Brazil,Q3,2025
28,spotify:track:7tz0PRdO9wOCHL5wr8Rne4,"Gustavo Mioto, Ana Castela",Princesa - Ao Vivo,Universal Music Ltda.,28,40,5,2968152,BR,Brazil,Q3,2025
29,spotify:track:708yXS1fLm1gAXFyIQxtX2,Henrique & Juliano,Romântico - Ao Vivo,Virgin Music Label And Artist Services (S&D),25,31,36,2948913,BR,Brazil,Q3,2025
30,spotify:track:0Im7To74Oqr1wWHqWmkPH1,Murilo Huff,Mulher Sem Ciúme - Ao Vivo,M Show,9,49,6,2939059,BR,Brazil,Q3,2025
31,spotify:track:44CTudFZ0kbaIF9n0jk7oU,"Matheus & Kauan, Ana Castela",Ilusão De Ótica - Ao Vivo,Universal Music Ltda.,13,33,24,2851852,BR,Brazil,Q3,2025
32,spotify:track:6vGZfODFI1FxMImSUbdJhz,Zé Neto & Cristiano,Resumindo - Ao Vivo,Som Livre,17,28,7,2720752,BR,Brazil,Q3,2025
33,spotify:track:45vUvne5AOyx71Dkw7rXZW,"Luan Pereira, Zé Felipe, MC Tuto",APOSTAR EM VOCÊ - Ao Vivo,Som Livre,33,-1,1,2695574,BR,Brazil,Q3,2025
34,spotify:track:2ZrC9CTs01XkbFPtLbpHzl,"Mc Jacaré, DJ JHOW BEATS",Senta e Cala a Boca,Croco Hits,10,36,14,2695369,BR,Brazil,Q3,2025
35,spotify:track:4pOGEJRVOuaa9oyy7qTGf6,"Nilo, Mc Paiva ZS, DJ Di Marques, Tropa da W&S, FamousKyo",Fui Mlk,WMD,1,47,33,2646799,BR,Brazil,Q3,2025
36,spotify:track:2TSYxcrcrtLpdbsLY9NmzL,Simone Mendes,Me Ama Ou Me Larga - Ao Vivo,Universal Music Ltda.,3,35,23,2645778,BR,Brazil,Q3,2025
37,spotify:track:5k7JSycp97vL45zSOoUsTE,Henrique & Juliano,Seja Ex - Ao Vivo,Virgin Music Label And Artist Services (S&D),20,50,41,2591676,BR,Brazil,Q3,2025
38,spotify:track:280QfKhmWGn3LbyB39aA7u,Léo Foguete,Cópia Proibida,Sua Música Digital,5,44,36,2545316,BR,Brazil,Q3,2025
39,spotify:track:4NjI4qbTN70oQZ8Alt9cdC,"Kadu Martins, Henry Freitas, Nuzio Medeiros",Ritmo da Sanfoninha (Fomfomrom),Kadu Martins,17,17,6,2513081,BR,Brazil,Q3,2025
40,spotify:track:2RkZ5LkEzeHGRsmDqKwmaJ,Alex Warren,Ordinary,Atlantic Records,30,42,13,2475873,BR,Brazil,Q3,2025
41,spotify:track:3wBaigHNAAsg2MnXIfNRSu,"Diego & Victor Hugo, Lauana Prado",Camisola e Fio - Ao Vivo,Sony Music Entertainment,41,45,4,2467876,BR,Brazil,Q3,2025
42,spotify:track:2LzXPUzL9sgeRl9a5miHMA,"tarisiix, fire hair, WenHard",OUTRA,NOISQTA,36,48,12,2455697,BR,Brazil,Q3,2025
43,spotify:track:2gfn28JSINCJGLrUimmu0l,Jorge & Mateus,Cantada Boba - Ao Vivo,Som Livre,11,51,35,2427809,BR,Brazil,Q3,2025
44,spotify:track:1VpOT1TfTivUmFjSGSRt1U,"MC LUUKY, MC Jvila, DJ Dael",Olha pra Cara de Quem Te...,EDITORA E GRAVADORA A BASE RECORDS,21,52,17,2396456,BR,Brazil,Q3,2025
45,spotify:track:4jUZymsR3lkia9wkP0o9cX,"DJ TOPO, Mc Livinho",MTG NA IMAGINAÇÃO - TOPO SESSIONS VOL. 1,DJ TOPO,6,62,40,2307530,BR,Brazil,Q3,2025
46,spotify:track:4v6SAnzwEr7s2m0gFQnJFJ,Diego & Victor Hugo,Áudio - Ao Vivo em Brasília,Sony Music Entertainment,27,114,72,2263107,BR,Brazil,Q3,2025
47,spotify:track:7KTYk6K4TSK56iNecGe2R2,"DJ Biel Divulga, DJ Dozabri, Mc Lekão",Fica De Quatão,TREM,45,55,8,2241699,BR,Brazil,Q3,2025
48,spotify:track:4W9nFl732s6NdToGaCfiSl,"Guilherme & Benuto, Grupo Menos É Mais, Matheus Fernandes",Grau de Maluca - Ao Vivo,Sony Music Entertainment,48,-1,1,2209740,BR,Brazil,Q3,2025
49,spotify:track:6Tp4LCJ5r5IJaEf8lnlPfG,Henrique & Juliano,De Trás Pra Frente - Ao Vivo,Virgin Music Label And Artist Services (S&D),17,85,143,2176211,BR,Brazil,Q3,2025
50,spotify:track:2Z1DmmPWD3Lm0dWAxMfjxG,"MC Jvila, Mc Negão Original, DJ Dael, DJ Guh Mix",Pirocada Quente,Legenda Records,11,32,21,2138497,BR,Brazil,Q3,2025
1,spotify:track:7EknynLJTt9YMm1HL37s5D,"Grupo Menos É Mais, Simone Mendes",P do Pecado - Ao Vivo,Som Livre,1,1,23,10509841,BR,Brazil,Q4,2025
2,spotify:track:4Lwm0XFseZ09OBdmUJlcYp,"PEDRO SAMPAIO, Mc Gw, Mc Jhey, Mc Rodrigo do CN, MC Nito",SEQUÊNCIA FEITICEIRA,WM Brazil,2,2,6,7783021,BR,Brazil,Q4,2025
3,spotify:track:6tUdNbB9aYbX0sUDXOzX1u,Diego & Victor Hugo,Tubarões - Ao Vivo,Sony Music Entertainment,1,3,34,7141513,BR,Brazil,Q4,2025
4,spotify:track:1dosSsKwYF7hoQA2kuu6wI,Taylor Swift,The Fate of Ophelia,Taylor Swift,4,-1,1,6934993,BR,Brazil,Q4,2025
5,spotify:track:4SjcIkVc4cvFgURD1EHxDM,Vitinho Imperador,Eu Me Apaixonei,Vitinho Imperador,5,5,7,6701479,BR,Brazil,Q4,2025
6,spotify:track:4c4tcqYfqiFc527gqNdRE5,"Clayton & Romário, Zé Felipe",Se Eu Te Perdoar - Ao Vivo,WM Brazil,6,8,4,6568791,BR,Brazil,Q4,2025
7,spotify:track:4bxyHku6rNffRealVxu30p,"Grupo Menos É Mais, NATTAN",Pela Última Vez - Ao Vivo,Som Livre,3,4,7,6206495,BR,Brazil,Q4,2025
8,spotify:track:5x1ZLsLnKdT6sJ7oIJTEBV,"Zé Felipe, Ana Castela",Sua Boca Mente (You're Still The One),Som Livre,8,-1,1,6196723,BR,Brazil,Q4,2025
9,spotify:track:2ejSYn4SfoE07mXPlnYVED,"Rafa e Junior, Hugo & Guilherme, DJ Ari SL",Ama Um Maloqueiro,Rafa e Junior,4,6,20,5754518,BR,Brazil,Q4,2025
10,spotify:track:5Nj2UVsxXAvhfYNpcre3al,"Dj Caio Vieira, MC Meno K, Mc Rodrigo do CN",FAMOSINHA,BR MUSIC DIREITOS MUSICAIS LTDA.,1,7,21,5723299,BR,Brazil,Q4,2025
11,spotify:track:4ATO632UaFTJltxCbfBpHI,"MC GP, Mc Lele JP, DJ DAVI DOGDOG, Dj Andrabeat",ME POSTOU NO DAILY - FESTA DO BIG G,Legenda Records,11,65,2,5612975,BR,Brazil,Q4,2025
12,spotify:track:6Kyl2nFgU0J8WBlbBvDv6g,Grupo Menos É Mais,Coração Partido (Corazón Partío) - Ao Vivo,Som Livre,1,9,58,5361309,BR,Brazil,Q4,2025
13,spotify:track:44CTudFZ0kbaIF9n0jk7oU,"Matheus & Kauan, Ana Castela",Ilusão De Ótica - Ao Vivo,Universal Music Ltda.,11,13,37,5310239,BR,Brazil,Q4,2025
14,spotify:track:2GylVVMD21R4SqgAt8gGC5,"Felipe Amorim, Vitão, BIN, Malibu",Eu Vou na Sua Casa,One Play,2,10,16,5158152,BR,Brazil,Q4,2025
15,spotify:track:4y93vvzu2h8MITw7YyUTcI,Henrique & Juliano,Última Saudade - Ao Vivo,Virgin Music Label And Artist Services (S&D),1,12,54,5038455,BR,Brazil,Q4,2025
16,spotify:track:25CffgwZg6vlUdCsHJijZo,"Panda, Ícaro e Gilmar, MJ Records",Baqueado - Ao Vivo,MJ Records.,9,14,29,5030145,BR,Brazil,Q4,2025
17,spotify:track:17tg01y3RhlfRKMnd333yL,Danilo e Davi,Apaga Apaga Apaga - Ao Vivo,Som Livre,1,11,48,4909279,BR,Brazil,Q4,2025
18,spotify:track:2Hw0LzrD6ic8AckKBxJhiO,Murilo Huff,Deixa Eu - Ao Vivo,M Show,15,15,8,4492209,BR,Brazil,Q4,2025
19,spotify:track:0IBCX7PC9NcfFLuyoHxTNt,Zé Neto & Cristiano,Escondendo o Ouro - Ao Vivo,Som Livre,8,17,20,4387252,BR,Brazil,Q4,2025
20,spotify:track:7tesyGMnAFNI0l2xaxcFKi,Henrique & Juliano,Saudade De Quem Eu Sou - Ao Vivo,Virgin Music Label And Artist Services (S&D),11,16,30,4228686,BR,Brazil,Q4,2025
21,spotify:track:2De1EHbIhepIVLHZ16bySE,"Veigh, Supernova Ent",Talvez você precise de mim,Supernova Entertainment,21,41,15,4058153,BR,Brazil,Q4,2025
22,spotify:track:280QfKhmWGn3LbyB39aA7u,Léo Foguete,Cópia Proibida,Sua Música Digital,5,19,49,4056977,BR,Brazil,Q4,2025
23,spotify:track:4W9nFl732s6NdToGaCfiSl,"Guilherme & Benuto, Grupo Menos É Mais, Matheus Fernandes",Grau de Maluca - Ao Vivo,Sony Music Entertainment,11,18,14,3955685,BR,Brazil,Q4,2025
24,spotify:track:67osB3wmJVTFzKhWqPb1Hm,Taylor Swift,Opalite,Taylor Swift,24,-1,1,3738893,BR,Brazil,Q4,2025
25,spotify:track:1A2vZKJZovt4828jwLgiB3,Taylor Swift,Elizabeth Taylor,Taylor Swift,25,-1,1,3605687,BR,Brazil,Q4,2025
26,spotify:track:5aMgTcyBPH90hWHhbNKTwR,Diego & Victor Hugo,Entregador de Flor - Ao Vivo em Brasília,Sony Music Entertainment,4,39,56,3504453,BR,Brazil,Q4,2025
27,spotify:track:5k7JSycp97vL45zSOoUsTE,Henrique & Juliano,Seja Ex - Ao Vivo,Virgin Music Label And Artist Services (S&D),20,21,54,3438282,BR,Brazil,Q4,2025
28,spotify:track:3cwVKjzKSTfvacYJF6Tkub,Léo Foguete,Última Noite - Solo,Sua Música Digital,5,48,52,3330846,BR,Brazil,Q4,2025
29,spotify:track:6OPfBo0J6yqzSY9WxNlbA5,"MC Willian, DJ Japa NK, DJ DAVI DOGDOG",Valentino,Cria Hit BR,23,23,6,3306734,BR,Brazil,Q4,2025
30,spotify:track:6zxthXT7GUBX83vRmQiN3x,Felipe e Rodrigo,Caos De Alguém - Ao Vivo,Virgin Music Label And Artist Services (S&D),6,22,12,3285423,BR,Brazil,Q4,2025
31,spotify:track:1I6TdHxz61Kf9EFje0dQvg,Luan Santana,OLHO MARROM - Ao Vivo em Lisboa,Sony Music Entertainment,31,44,2,3270835,BR,Brazil,Q4,2025
32,spotify:track:5BI4zdNsBNEBSPzYkO2EXZ,"Luan Pereira, Felipe Amorim",DENTRO DA LAND ROVER - Ao Vivo,Som Livre,32,40,3,3268566,BR,Brazil,Q4,2025
33,spotify:track:07kLShG3HTeLXTqnFCqNAJ,Henrique & Juliano,Amigo Da Minha Saudade - Ao Vivo,Virgin Music Label And Artist Services (S&D),18,24,40,3251396,BR,Brazil,Q4,2025
34,spotify:track:1N19UVD4GRBFT6UrDaX6rk,"Turma do Pagode, Grupo Menos É Mais",Bebe e Vem Me Procurar / Quem Ama Sente Saudade (Ao Vivo),Sony Music Entertainment,15,28,63,3229799,BR,Brazil,Q4,2025
35,spotify:track:0pGsxpkJC9IwK93fmqEYXn,Grupo Menos É Mais,Aquele Lugar - Ao Vivo,Som Livre,15,26,34,3203306,BR,Brazil,Q4,2025
36,spotify:track:3M4HJl7D77l86gL1QXGJHG,"Lauana Prado, Simone Mendes",Saudade Burra - Ao Vivo,Universal Music Ltda.,11,25,39,3184323,BR,Brazil,Q4,2025
37,spotify:track:0qZwqMsGSClyrKzbVbRto9,"Diego & Arnaldo, Zé Neto & Cristiano",Vai Cair Água - Ao Vivo,Som Livre,21,29,10,3088156,BR,Brazil,Q4,2025
38,spotify:track:7trxRWRqAhf9bJziU1ZQBH,"J. Eskine, Oruam, Alef Donk",AMOR BANDIDO,J. Eskine,38,74,3,3062732,BR,Brazil,Q4,2025
39,spotify:track:4QZqSqxdcgAbtZle4MS4ph,Gusttavo Lima,Retrovisor,Sony Music Entertainment,13,27,8,3062278,BR,Brazil,Q4,2025
40,spotify:track:1lD0oPIfSYid1LhPvgrz10,Taylor Swift,Father Figure,Taylor Swift,40,-1,1,2998547,BR,Brazil,Q4,2025
41,spotify:track:7CIx2glE3HjBtXRrZzfowf,"Hugo & Guilherme, Ana Castela",Todo Mundo Menos Eu - Ao Vivo,Som Livre,20,20,5,2996838,BR,Brazil,Q4,2025
42,spotify:track:4l2Fyw7EYB5XjcKwqcwuHQ,"DJ Zigão, MC Roger",Tô na Brasilia com o Zigão,MSTT RECORDS,42,78,2,2900736,BR,Brazil,Q4,2025
43,spotify:track:3p58wJmZqIc9RjsdeZ5Jfq,"Mc Negão Original, MC Jvila, MC Willian, DJ Japa NK, MC Meno K, DJ Guh Mix",Vou pela Madrugada,Cria Hit BR,23,30,13,2894814,BR,Brazil,Q4,2025
44,spotify:track:40WZQRA3T6WZFIgskIAAz7,Simone Mendes,Saudade Proibida - Ao Vivo,Universal Music Ltda.,1,31,27,2874975,BR,Brazil,Q4,2025
45,spotify:track:47lS4QkejzTxY058UmbQhv,"CountryBeat, Rionegro & Solimões",Apaixona Muita Gente - Ao Vivo,CountryBeat,33,33,6,2836959,BR,Brazil,Q4,2025
46,spotify:track:2gLUZtZN1gfercLP9guft3,"Léo Santana, Melody","Desliza (""Ólhinho"" No Corpinho)",Universal Music Ltda.,37,38,10,2759504,BR,Brazil,Q4,2025
47,spotify:track:2j7IPPMZt5nE5R4r2AbKZ8,"Panda, Humberto & Ronaldo, Ícaro e Gilmar, MJ Records",12 Horas / Pra Você Acreditar - Ao Vivo,MJ Records.,18,32,27,2715109,BR,Brazil,Q4,2025
48,spotify:track:4PCK1yo22yS5BzE5Uy4ua1,CountryBeat,Um Maluco Cowboy - Ao Vivo,CountryBeat,34,36,6,2684993,BR,Brazil,Q4,2025
49,spotify:track:6ZSxG2QvGmwXbTfn7iDq7a,Taylor Swift,Actually Romantic,Taylor Swift,49,-1,1,2614037,BR,Brazil,Q4,2025
50,spotify:track:3FzJDGVjRGNc7KrkabU5N0,Taylor Swift,CANCELLED!,Taylor Swift,50,-1,1,2598275,BR,Brazil,Q4,2025
1,spotify:track:7ne4VBA60CxGM75vw0EYad,Gracie Abrams,That’s So True,"Gracie Abrams, under exclusive license to Interscope Records",1,1,12,2028914,CA,Canada,Q1,2025
2,spotify:track:2plbrEY59IikOBgBGLjaoe,"Lady Gaga, Bruno Mars",Die With A Smile,Interscope,1,2,21,1914316,CA,Canada,Q1,2025
3,spotify:track:4wJ5Qq0jBN4ajy7ouZIV1c,"ROSÉ, Bruno Mars",APT.,Atlantic Records,1,3,12,1792496,CA,Canada,Q1,2025
4,spotify:track:6dOtVTDdiauQNBQEDOtlAB,Billie Eilish,BIRDS OF A FEATHER,Darkroom/Interscope Records,3,4,34,1372197,CA,Canada,Q1,2025
5,spotify:track:2CGNAOSuO1MEFCbBRgUzjd,"Kendrick Lamar, SZA",luther (with sza),"pgLang, under exclusive license to Interscope Records",1,6,7,1360182,CA,Canada,Q1,2025
6,spotify:track:1Es7AUAhQvapIcoh3qMKDL,"The Weeknd, Playboi Carti",Timeless (feat Playboi Carti),XO / Republic Records,1,7,15,1269774,CA,Canada,Q1,2025
7,spotify:track:5fZJQrFKWQLb7FpJXZ1g7K,Shaboozey,A Bar Song (Tipsy),American Dogwood / EMPIRE,1,5,39,1208895,CA,Canada,Q1,2025
8,spotify:track:2262bWmqomIaJXwCRHr13j,Gigi Perez,Sailor Song,Gigi Perez PS/ Island,3,8,23,1196057,CA,Canada,Q1,2025
9,spotify:track:3MJ6lFNV12FSHAOzTzkwxz,Morgan Wallen,Smile,Big Loud Records / Mercury Records / Republic Records,9,136,2,1145046,CA,Canada,Q1,2025
10,spotify:track:5IZXB5IKAD2qlvTPJYDCFB,"Post Malone, Morgan Wallen",I Had Some Help (Feat. Morgan Wallen),Mercury Records / Republic Records,1,9,35,1126396,CA,Canada,Q1,2025
11,spotify:track:35ISBknsCeZQtq66xABI9g,Lola Young,Messy,Universal-Island Records Ltd.,11,13,6,1085766,CA,Canada,Q1,2025
12,spotify:track:3U3hFkMr0Q90pD24EkE3Pr,SZA,BMF,Top Dawg Entertainment/RCA Records,12,15,3,1058563,CA,Canada,Q1,2025
13,spotify:track:0WbMK4wrZ1wFSty9F7FCgu,Chappell Roan,"Good Luck, Babe!",Chappell Roan PS/ Island,4,11,40,1056211,CA,Canada,Q1,2025
14,spotify:track:17phhZDn6oGtzMe56NuWvj,Teddy Swims,Lose Control,Warner Records,5,14,67,978670,CA,Canada,Q1,2025
15,spotify:track:0aB0v4027ukVziUGwVGYpG,"Kendrick Lamar, Lefty Gunplay",tv off (feat. lefty gunplay),"pgLang, under exclusive license to Interscope Records",4,16,7,964227,CA,Canada,Q1,2025
16,spotify:track:2HRqTpkrJO5ggZyyK6NPWz,Sabrina Carpenter,Espresso,Island Records,2,10,39,956446,CA,Canada,Q1,2025
17,spotify:track:5G2f63n7IPVPPjfNIGih7Q,Sabrina Carpenter,Taste,Island Records,1,17,20,871324,CA,Canada,Q1,2025
18,spotify:track:3tFed7YsjGnIfxeLEQwx3R,"Tyler, The Creator, GloRilla, Sexyy Red, Lil Wayne","Sticky (feat. GloRilla, Sexyy Red & Lil Wayne)",Columbia,16,20,11,860934,CA,Canada,Q1,2025
19,spotify:track:0mflMxspEfB0VbI1kyLiAv,Noah Kahan,Stick Season,Mercury Records/Republic Records,1,19,93,838578,CA,Canada,Q1,2025
20,spotify:track:3xkHsmpQCBMytMJNiDf3Ii,Benson Boone,Beautiful Things,"Night Street Records, Inc./Warner Records Inc.",1,12,51,828442,CA,Canada,Q1,2025
21,spotify:track:7hR22TOX3RorxJPcsz5Wbo,Morgan Wallen,Love Somebody,Big Loud Records / Mercury Records / Republic Records,2,24,12,810298,CA,Canada,Q1,2025
22,spotify:track:51rfRCiUSvxXlCSCfIztBy,Gracie Abrams,"I Love You, I'm Sorry","Gracie Abrams, under exclusive license to Interscope Records",9,18,24,799994,CA,Canada,Q1,2025
23,spotify:track:5nk6BxN9bM5rLNkA3pMOzn,GELO,Tweaker,LiAngelo Ball (G3) PS/Def Jam,23,-1,1,749539,CA,Canada,Q1,2025
24,spotify:track:19XpFsce28aByvCC4g89tJ,Hozier,Too Sweet,Columbia,1,22,42,736128,CA,Canada,Q1,2025
25,spotify:track:1KZG1H1OCugGqIRmk1wF9m,"Sam Barber, Avery Anna",Indigo (feat. Avery Anna),Lockeland Springs/Atlantic,25,38,5,729384,CA,Canada,Q1,2025
26,spotify:track:3QaPy1KgI7nu9FJEQUgn6h,Billie Eilish,WILDFLOWER,Darkroom/Interscope Records,16,26,34,724366,CA,Canada,Q1,2025
27,spotify:track:0eaVIYo2zeOaGJeqZ5TwYz,Don Toliver,No Pole,Cactus Jack / Atlantic,27,35,12,683458,CA,Canada,Q1,2025
28,spotify:track:4ZJ4vzLQekI0WntDbanNC7,Zach Bryan,Pink Skies,Warner Records,7,29,33,676133,CA,Canada,Q1,2025
29,spotify:track:2tHwzyyOLoWSFqYNjeVMzj,Sabrina Carpenter,Please Please Please,Island Records,1,25,31,673283,CA,Canada,Q1,2025
30,spotify:track:6jbYpRPTEFl1HFKHk1IC0m,"Tyler, The Creator, Lola Young",Like Him (feat. Lola Young),Columbia,25,37,11,662979,CA,Canada,Q1,2025
31,spotify:track:0nj9Bq5sHDiTxSHunhgkFb,Kendrick Lamar,squabble up,"pgLang, under exclusive license to Interscope Records",3,31,7,629498,CA,Canada,Q1,2025
32,spotify:track:3E9IzxNXsk7yFfc1SHpiG1,"Lil Baby, Young Thug, Future","Dum, Dumb, and Dumber (with Young Thug & Future)",Quality Control Music/Motown Records,32,-1,1,621930,CA,Canada,Q1,2025
33,spotify:track:7tI8dRuH2Yc6RuoTjxo4dU,Jimin,Who,BIGHIT MUSIC,17,36,25,610621,CA,Canada,Q1,2025
34,spotify:track:3aSWXU6owkZeVhh94XxEWO,"SZA, Kendrick Lamar",30 For 30 (with Kendrick Lamar),Top Dawg Entertainment/RCA Records,27,27,3,606088,CA,Canada,Q1,2025
35,spotify:track:4KULAymBBJcPRpk1yO4dOG,"Zach Bryan, Kacey Musgraves",I Remember Everything (feat. Kacey Musgraves),Warner Records,2,23,72,597554,CA,Canada,Q1,2025
36,spotify:track:7K3BhSpAxZBznislvUMVtn,Morgan Wallen,Last Night,Morgan Wallen,1,34,102,596807,CA,Canada,Q1,2025
37,spotify:track:2uqYupMHANxnwgeiXTZXzd,Dasha,Austin (Boots Stop Workin'),Warner Records,9,21,47,592169,CA,Canada,Q1,2025
38,spotify:track:0cQVqPuHQP4KEwc7ZUQmj6,The Neighbourhood,Sweater Weather,Columbia,18,43,223,589967,CA,Canada,Q1,2025
39,spotify:track:3Vr3zh0r7ALn8VLqCiRR10,Myles Smith,Stargazing,RCA Records Label,13,40,35,585520,CA,Canada,Q1,2025
40,spotify:track:7fveJ3pk1eSfxBdVkzdXZ0,"Morgan Wallen, ERNEST",Cowgirls,Morgan Wallen,23,41,93,572008,CA,Canada,Q1,2025
41,spotify:track:6AI3ezQ4o3HUoP6Dhudph3,Kendrick Lamar,Not Like Us,"Kendrick Lamar, under exclusive license to Interscope Records",2,33,36,560429,CA,Canada,Q1,2025
42,spotify:track:3dYD57lRAUcMHufyqn9GcI,Hozier,Take Me to Church,Columbia,42,48,132,552608,CA,Canada,Q1,2025
43,spotify:track:51eSHglvG1RJXtL3qI5trr,Benson Boone,Slow It Down,"Night Street Records, Inc./Warner Records Inc.",20,107,40,552503,CA,Canada,Q1,2025
44,spotify:track:7KA4W4McWYRpgf0fWsJZWB,"Tyler, The Creator, Kali Uchis",See You Again (feat. Kali Uchis),Columbia,11,51,102,550456,CA,Canada,Q1,2025
45,spotify:track:6BPcUXYERAahpunmb0AovH,"Arcane, Stromae, Pomme",Ma Meilleure Ennemie (from the series Arcane League of Legends),Riot Games,11,49,7,549644,CA,Canada,Q1,2025
46,spotify:track:4iZ4pt7kvcaH6Yo8UoZ4s2,SZA,Snooze,Top Dawg Entertainment/RCA Records,19,44,101,547290,CA,Canada,Q1,2025
47,spotify:track:5RKQ5NdjSh2QzD4MaunT91,Journey,Don't Stop Believin' (2022 Remaster),Columbia/Legacy,41,47,350,544800,CA,Canada,Q1,2025
48,spotify:track:4xdBrk0nFZaP54vvZj0yx7,Chappell Roan,HOT TO GO!,Chappell Roan PS/ Island,17,32,32,536496,CA,Canada,Q1,2025
49,spotify:track:1Lo0QY9cvc8sUB2vnIOxDT,Luke Combs,Fast Car,River House Artists/Columbia Nashville,3,60,94,535685,CA,Canada,Q1,2025
50,spotify:track:6EUcP55GlbmsmCzfL2vxtZ,Gunna,on one tonight,300 Entertainment,46,46,11,534553,CA,Canada,Q1,2025
1,spotify:track:2u9S9JJ6hTZS3Vf22HOZKg,Drake,NOKIA,OVO Sound,1,2,8,1628221,CA,Canada,Q2,2025
2,spotify:track:2RkZ5LkEzeHGRsmDqKwmaJ,Alex Warren,Ordinary,Atlantic Records,1,1,9,1532313,CA,Canada,Q2,2025
3,spotify:track:5UJbgR4XF4y1DvbkxEqe8S,Tate McRae,Sports car,RCA Records Label,3,5,11,1165613,CA,Canada,Q2,2025
4,spotify:track:2CGNAOSuO1MEFCbBRgUzjd,"Kendrick Lamar, SZA",luther (with sza),"pgLang, under exclusive license to Interscope Records",1,4,20,1157623,CA,Canada,Q2,2025
5,spotify:track:7EW7Yivb93qKAtp5qEm5of,Lil Tecca,Dark Thoughts,Galactic / Republic Records,2,3,4,1145140,CA,Canada,Q2,2025
6,spotify:track:7so0lgd0zP2Sbgs2d7a1SZ,"Lady Gaga, Bruno Mars",Die With A Smile,Interscope Records,1,6,34,1105944,CA,Canada,Q2,2025
7,spotify:track:7ne4VBA60CxGM75vw0EYad,Gracie Abrams,That’s So True,"Gracie Abrams, under exclusive license to Interscope Records",1,8,25,1080071,CA,Canada,Q2,2025
8,spotify:track:4wJ5Qq0jBN4ajy7ouZIV1c,"ROSÉ, Bruno Mars",APT.,Atlantic Records,1,7,25,1057176,CA,Canada,Q2,2025
9,spotify:track:0FIDCNYYjNvPVimz5icugS,"The Weeknd, Playboi Carti",Timeless (feat Playboi Carti),XO / Republic Records,1,10,28,1029145,CA,Canada,Q2,2025
10,spotify:track:6393yGahSJ9slVdOwSxOVR,Chappell Roan,Pink Pony Club,Chappell Roan PS/ Island,7,11,42,1010201,CA,Canada,Q2,2025
11,spotify:track:3xkHsmpQCBMytMJNiDf3Ii,Benson Boone,Beautiful Things,"Night Street Records, Inc./Warner Records Inc.",1,12,64,1002888,CA,Canada,Q2,2025
12,spotify:track:6dOtVTDdiauQNBQEDOtlAB,Billie Eilish,BIRDS OF A FEATHER,Darkroom/Interscope Records,3,15,47,987228,CA,Canada,Q2,2025
13,spotify:track:2262bWmqomIaJXwCRHr13j,Gigi Perez,Sailor Song,Gigi Perez PS/ Island,3,14,36,984917,CA,Canada,Q2,2025
14,spotify:track:5fZJQrFKWQLb7FpJXZ1g7K,Shaboozey,A Bar Song (Tipsy),American Dogwood / EMPIRE,1,17,52,970560,CA,Canada,Q2,2025
15,spotify:track:02Ya2Q08bBKFqUJvjmyRXK,Morgan Wallen,Just In Case,Mercury Records/Morgan Wallen,13,13,3,905927,CA,Canada,Q2,2025
16,spotify:track:73kIKvg65QWieOKXIwyLJP,"BigXthaPlug, Bailey Zimmerman",All The Way (feat. Bailey Zimmerman),BigXthaPlug under exclusive license to UnitedMasters LLC,16,-1,1,856480,CA,Canada,Q2,2025
17,spotify:track:5IZXB5IKAD2qlvTPJYDCFB,"Post Malone, Morgan Wallen",I Had Some Help (Feat. Morgan Wallen),Mercury Records / Republic Records,1,20,48,855456,CA,Canada,Q2,2025
18,spotify:track:35ISBknsCeZQtq66xABI9g,Lola Young,Messy,Universal-Island Records Ltd.,6,22,19,815480,CA,Canada,Q2,2025
19,spotify:track:6AI3ezQ4o3HUoP6Dhudph3,Kendrick Lamar,Not Like Us,"Kendrick Lamar, under exclusive license to Interscope Records",1,19,49,812055,CA,Canada,Q2,2025
20,spotify:track:3LPLRNr58Z9Pn0clnEtkXb,Doechii,Anxiety,Top Dawg Entertainment/Capitol Records,6,16,5,811258,CA,Canada,Q2,2025
21,spotify:track:17phhZDn6oGtzMe56NuWvj,Teddy Swims,Lose Control,Warner Records,5,21,80,799512,CA,Canada,Q2,2025
22,spotify:track:2HRqTpkrJO5ggZyyK6NPWz,Sabrina Carpenter,Espresso,Island Records,2,27,52,774722,CA,Canada,Q2,2025
23,spotify:track:3GCdLUSnKSMJhs4Tj6CV3s,"Kendrick Lamar, SZA","All The Stars (with SZA) - From ""Black Panther: The Album""",Black Panther (TDE/DMG) PS,3,24,118,773235,CA,Canada,Q2,2025
24,spotify:track:1edcyazKIdKrIuz9cWpXU6,Ariana Grande,twilight zone,Republic Records,9,9,2,741783,CA,Canada,Q2,2025
25,spotify:track:0aB0v4027ukVziUGwVGYpG,"Kendrick Lamar, Lefty Gunplay",tv off (feat. lefty gunplay),"pgLang, under exclusive license to Interscope Records",3,23,20,737842,CA,Canada,Q2,2025
26,spotify:track:0WbMK4wrZ1wFSty9F7FCgu,Chappell Roan,"Good Luck, Babe!",Chappell Roan PS/ Island,4,26,53,722416,CA,Canada,Q2,2025
27,spotify:track:3HlWVKwU0JqJXqJK9DWHnZ,Morgan Wallen,I'm The Problem,Big Loud Records / Mercury Records / Republic Records,5,30,10,717001,CA,Canada,Q2,2025
28,spotify:track:68qeaZhtMZ6abrJCYt6nQn,"Playboi Carti, The Weeknd",RATHER LIE (with The Weeknd),AWGE/Interscope Records,2,18,4,715231,CA,Canada,Q2,2025
29,spotify:track:0FTmksd2dxiE5e3rWyJXs6,sombr,back to friends,Warner Records,29,41,4,708152,CA,Canada,Q2,2025
30,spotify:track:541sN2qNfIlllGn9nGOQoC,Tate McRae,Revolving door,RCA Records Label,7,28,7,693958,CA,Canada,Q2,2025
31,spotify:track:4AajxCEwGEsmHmT4H1TwjY,sombr,undressed,Warner Records,31,45,3,687230,CA,Canada,Q2,2025
32,spotify:track:4KULAymBBJcPRpk1yO4dOG,"Zach Bryan, Kacey Musgraves",I Remember Everything (feat. Kacey Musgraves),Warner Records,2,34,85,676972,CA,Canada,Q2,2025
33,spotify:track:0GRc3eGTg8HBdWLRGYgqIc,Ed Sheeran,Azizam,Gingerbread Man Records / Atlantic Records UK,33,-1,1,671371,CA,Canada,Q2,2025
34,spotify:track:1KZG1H1OCugGqIRmk1wF9m,"Sam Barber, Avery Anna",Indigo (feat. Avery Anna),Lockeland Springs/Atlantic,19,33,18,670097,CA,Canada,Q2,2025
35,spotify:track:0NUqi0ps17YpLUC3kgsZq0,"PARTYNEXTDOOR, Drake, Yebba",DIE TRYING,OVO Sound,9,31,8,664967,CA,Canada,Q2,2025
36,spotify:track:5G2f63n7IPVPPjfNIGih7Q,Sabrina Carpenter,Taste,Island Records,1,39,33,659918,CA,Canada,Q2,2025
37,spotify:track:6Qyc6fS4DsZjB2mRW9DsQs,The Goo Goo Dolls,Iris,Warner Records,36,36,141,659630,CA,Canada,Q2,2025
38,spotify:track:7hR22TOX3RorxJPcsz5Wbo,Morgan Wallen,Love Somebody,Big Loud Records / Mercury Records / Republic Records,2,32,25,659392,CA,Canada,Q2,2025
39,spotify:track:19XpFsce28aByvCC4g89tJ,Hozier,Too Sweet,Columbia,1,37,55,648484,CA,Canada,Q2,2025
40,spotify:track:4ZJ4vzLQekI0WntDbanNC7,Zach Bryan,Pink Skies,Warner Records,7,40,46,616023,CA,Canada,Q2,2025
41,spotify:track:6GG4yyk3UATdBfTHVgI8PB,Luke Combs,Ain't No Love In Oklahoma (From Twisters: The Album),Atlantic Records,15,49,47,615440,CA,Canada,Q2,2025
42,spotify:track:4WFgvKVfEhb3IUAFGrutTR,Ravyn Lenae,Love Me Not,Atlantic Records,42,59,6,610473,CA,Canada,Q2,2025
43,spotify:track:1osfLqL6L2iQsirRf83ded,Riley Green,Worst Way,Nashville Harbor,43,48,16,602902,CA,Canada,Q2,2025
44,spotify:track:6iycYUk3oB0NPMdaDUrN1w,Playboi Carti,EVIL J0RDAN,AWGE/Interscope Records,1,25,4,599144,CA,Canada,Q2,2025
45,spotify:track:2uqYupMHANxnwgeiXTZXzd,Dasha,Austin (Boots Stop Workin'),Warner Records,9,44,60,596527,CA,Canada,Q2,2025
46,spotify:track:3QaPy1KgI7nu9FJEQUgn6h,Billie Eilish,WILDFLOWER,Darkroom/Interscope Records,16,47,47,590590,CA,Canada,Q2,2025
47,spotify:track:5ITV0zqzjOYfFWpW0xBmRa,"WizTheMc, bees & honey",Show Me Love,Bamboo Artists,47,55,5,588831,CA,Canada,Q2,2025
48,spotify:track:3dYD57lRAUcMHufyqn9GcI,Hozier,Take Me to Church,Columbia,37,42,145,587937,CA,Canada,Q2,2025
49,spotify:track:0mflMxspEfB0VbI1kyLiAv,Noah Kahan,Stick Season,Mercury Records/Republic Records,1,58,106,577418,CA,Canada,Q2,2025
50,spotify:track:3rUGC1vUpkDG9CZFHMur1t,Tate McRae,greedy,RCA Records Label,2,54,81,575619,CA,Canada,Q2,2025
1,spotify:track:57GsLpRtEtrzcPGPop20rS,Drake,What Did I Miss?,OVO/Republic,1,-1,1,1594993,CA,Canada,Q3,2025
2,spotify:track:2RkZ5LkEzeHGRsmDqKwmaJ,Alex Warren,Ordinary,Atlantic Records,1,1,22,1594161,CA,Canada,Q3,2025
3,spotify:track:1CPZ5BxNNd0n0nF4Orb9JS,"HUNTR/X, EJAE, AUDREY NUNA, REI AMI, KPop Demon Hunters Cast",Golden,K-Pop Demon Hunters,3,6,3,1447379,CA,Canada,Q3,2025
4,spotify:track:1I37Zz2g3hk9eWxaNkj031,"Saja Boys, Andrew Choi, Neckwav, Danny Chung, KEVIN WOO, samUIL Lee, KPop Demon Hunters Cast",Your Idol,K-Pop Demon Hunters,4,12,3,1254617,CA,Canada,Q3,2025
5,spotify:track:0FTmksd2dxiE5e3rWyJXs6,sombr,back to friends,Warner Records,4,4,17,1177393,CA,Canada,Q3,2025
6,spotify:track:04emojnbYkrRmv5qtJcgVP,"Morgan Wallen, Tate McRae",What I Want (feat. Tate McRae),Big Loud Records / Mercury Records / Republic Records,1,3,8,1114058,CA,Canada,Q3,2025
7,spotify:track:2yWlGEgEfPot0lv3OAjuG3,"Tate McRae, F1 The Album",Just Keep Watching (From F1® The Movie),Atlantic Records,5,11,6,1111619,CA,Canada,Q3,2025
8,spotify:track:3xkHsmpQCBMytMJNiDf3Ii,Benson Boone,Beautiful Things,"Night Street Records, Inc./Warner Records Inc.",1,8,77,1097322,CA,Canada,Q3,2025
9,spotify:track:5fZJQrFKWQLb7FpJXZ1g7K,Shaboozey,A Bar Song (Tipsy),American Dogwood / EMPIRE,1,5,65,1048812,CA,Canada,Q3,2025
10,spotify:track:02sy7FAs8dkDNYsHp4Ul3f,"Saja Boys, Andrew Choi, Neckwav, Danny Chung, KEVIN WOO, samUIL Lee, KPop Demon Hunters Cast",Soda Pop,K-Pop Demon Hunters,10,18,3,1042834,CA,Canada,Q3,2025
11,spotify:track:4WFgvKVfEhb3IUAFGrutTR,Ravyn Lenae,Love Me Not,Atlantic Records,7,9,19,1042211,CA,Canada,Q3,2025
12,spotify:track:42UBPzRMh5yyz0EDPr6fr1,Sabrina Carpenter,Manchild,Island Records,1,2,5,1039167,CA,Canada,Q3,2025
13,spotify:track:3RXUgPNIbUgFxsDWuBQEt6,"HUNTR/X, EJAE, AUDREY NUNA, REI AMI, KPop Demon Hunters Cast",How It’s Done,K-Pop Demon Hunters,13,16,3,1015449,CA,Canada,Q3,2025
14,spotify:track:6393yGahSJ9slVdOwSxOVR,Chappell Roan,Pink Pony Club,Chappell Roan PS/ Island,5,7,55,987597,CA,Canada,Q3,2025
15,spotify:track:5IZXB5IKAD2qlvTPJYDCFB,"Post Malone, Morgan Wallen",I Had Some Help (Feat. Morgan Wallen),Mercury Records / Republic Records,1,10,61,973814,CA,Canada,Q3,2025
16,spotify:track:4AajxCEwGEsmHmT4H1TwjY,sombr,undressed,Warner Records,3,13,16,926717,CA,Canada,Q3,2025
17,spotify:track:2ipIPsgrgd0j2beDf4Ki70,Benson Boone,Mystical Magical,"Night Street Records, Inc./Warner Records Inc.",13,15,11,907760,CA,Canada,Q3,2025
18,spotify:track:0ofHAoxe9vBkTCp2UQIavz,Fleetwood Mac,Dreams - 2004 Remaster,Rhino/Warner Records,6,27,242,861897,CA,Canada,Q3,2025
19,spotify:track:19XpFsce28aByvCC4g89tJ,Hozier,Too Sweet,Columbia,1,17,68,850989,CA,Canada,Q3,2025
20,spotify:track:5sBDrrtLGbV64QJnEqfjer,"HUNTR/X, EJAE, AUDREY NUNA, REI AMI, KPop Demon Hunters Cast",What It Sounds Like,K-Pop Demon Hunters,20,33,2,846926,CA,Canada,Q3,2025
21,spotify:track:2u9S9JJ6hTZS3Vf22HOZKg,Drake,NOKIA,OVO Sound,1,14,21,830991,CA,Canada,Q3,2025
22,spotify:track:5DxDLsW6PsLz5gkwC7Mk5S,"Rumi, Jinu, EJAE, Andrew Choi, KPop Demon Hunters Cast",Free,K-Pop Demon Hunters,22,40,2,816698,CA,Canada,Q3,2025
23,spotify:track:17phhZDn6oGtzMe56NuWvj,Teddy Swims,Lose Control,Warner Records,5,19,93,790301,CA,Canada,Q3,2025
24,spotify:track:6Qyc6fS4DsZjB2mRW9DsQs,The Goo Goo Dolls,Iris,Warner Records,24,26,154,779952,CA,Canada,Q3,2025
25,spotify:track:0MHStU0muAIEMbwdnebYu2,"HUNTR/X, EJAE, AUDREY NUNA, REI AMI, KPop Demon Hunters Cast",Takedown,K-Pop Demon Hunters,25,51,2,763299,CA,Canada,Q3,2025
26,spotify:track:0QCIpQV3twfqo9kh0t8Zza,"MOLIY, Silent Addy, Skillibeng, Shenseea",Shake It To The Max (FLY) - Remix,WONDERGIRL LLC,14,20,12,756238,CA,Canada,Q3,2025
27,spotify:track:3cZajhyr8LmtPfHZ9296tj,"Disco Lines, Tinashe",No Broke Boys,Nice Life/Atlantic,27,49,4,752203,CA,Canada,Q3,2025
28,spotify:track:5z0LSDpPpGwc2ZyJHpsE3J,Morgan Wallen,Just In Case,Big Loud Records / Mercury Records / Republic Records,3,23,16,743437,CA,Canada,Q3,2025
29,spotify:track:4wJ5Qq0jBN4ajy7ouZIV1c,"ROSÉ, Bruno Mars",APT.,Atlantic Records,1,22,38,728809,CA,Canada,Q3,2025
30,spotify:track:6dOtVTDdiauQNBQEDOtlAB,Billie Eilish,BIRDS OF A FEATHER,Darkroom/Interscope Records,3,21,60,721090,CA,Canada,Q3,2025
31,spotify:track:2uqYupMHANxnwgeiXTZXzd,Dasha,Austin (Boots Stop Workin'),Warner Records,9,30,73,720965,CA,Canada,Q3,2025
32,spotify:track:2WQ09wqQBIOor7Q0VpIDBK,Black Eyed Peas,Rock That Body,Interscope,21,25,7,719506,CA,Canada,Q3,2025
33,spotify:track:4KULAymBBJcPRpk1yO4dOG,"Zach Bryan, Kacey Musgraves",I Remember Everything (feat. Kacey Musgraves),Warner Records,2,31,98,718031,CA,Canada,Q3,2025
34,spotify:track:7so0lgd0zP2Sbgs2d7a1SZ,"Lady Gaga, Bruno Mars",Die With A Smile,Interscope Records,1,24,47,707948,CA,Canada,Q3,2025
35,spotify:track:7u7IqryLFAygWFz6bsEB7y,Jessie Murph,Blue Strips,Columbia,3,29,12,695281,CA,Canada,Q3,2025
36,spotify:track:7ne4VBA60CxGM75vw0EYad,Gracie Abrams,That’s So True,"Gracie Abrams, under exclusive license to Interscope Records",1,28,38,692526,CA,Canada,Q3,2025
37,spotify:track:5UJbgR4XF4y1DvbkxEqe8S,Tate McRae,Sports car,RCA Records Label,3,35,24,681953,CA,Canada,Q3,2025
38,spotify:track:1osfLqL6L2iQsirRf83ded,Riley Green,Worst Way,Nashville Harbor,37,39,29,680885,CA,Canada,Q3,2025
39,spotify:track:3AJwUDP919kvQ9QcozQPxg,Coldplay,Yellow,Parlophone UK,39,76,135,674037,CA,Canada,Q3,2025
40,spotify:track:0qmhTHMVxnXRmT5N92wTD9,"Alex Warren, Jelly Roll",Bloodline,Atlantic Records,5,43,7,671907,CA,Canada,Q3,2025
41,spotify:track:3WMj8moIAXJhHsyLaqIIHI,Zach Bryan,Something in the Orange,Warner Records,10,56,166,664176,CA,Canada,Q3,2025
42,spotify:track:1mea3bSkSGXuIRvnydlB5b,Coldplay,Viva La Vida,Parlophone UK,42,86,125,639638,CA,Canada,Q3,2025
43,spotify:track:7AeM1BGYM7emrqmQn1PuWv,Morgan Wallen,I'm The Problem,Big Loud Records / Mercury Records / Republic Records,5,32,23,638830,CA,Canada,Q3,2025
44,spotify:track:2HRqTpkrJO5ggZyyK6NPWz,Sabrina Carpenter,Espresso,Island Records,2,37,65,636634,CA,Canada,Q3,2025
45,spotify:track:73kIKvg65QWieOKXIwyLJP,"BigXthaPlug, Bailey Zimmerman",All The Way (feat. Bailey Zimmerman),BigXthaPlug under exclusive license to UnitedMasters LLC,16,36,14,634300,CA,Canada,Q3,2025
46,spotify:track:4gfrYDtaRmp6HPvN80V2ob,Morgan Wallen,I Got Better,Big Loud Records / Mercury Records / Republic Records,14,45,8,632330,CA,Canada,Q3,2025
47,spotify:track:21IYMdzTrzSe191Cy5eMap,Gigi Perez,Sailor Song,"Outtahere, LLC / Island Records",3,38,49,628004,CA,Canada,Q3,2025
48,spotify:track:5RKQ5NdjSh2QzD4MaunT91,Journey,Don't Stop Believin' (2022 Remaster),Columbia/Legacy,41,53,376,619022,CA,Canada,Q3,2025
49,spotify:track:3Vr3zh0r7ALn8VLqCiRR10,Myles Smith,Stargazing,RCA Records Label,13,50,61,616376,CA,Canada,Q3,2025
50,spotify:track:35ISBknsCeZQtq66xABI9g,Lola Young,Messy,Universal-Island Records Ltd.,6,42,32,615703,CA,Canada,Q3,2025
1,spotify:track:1dosSsKwYF7hoQA2kuu6wI,Taylor Swift,The Fate of Ophelia,Taylor Swift,1,-1,1,6661904,CA,Canada,Q4,2025
2,spotify:track:67osB3wmJVTFzKhWqPb1Hm,Taylor Swift,Opalite,Taylor Swift,2,-1,1,5138930,CA,Canada,Q4,2025
3,spotify:track:1A2vZKJZovt4828jwLgiB3,Taylor Swift,Elizabeth Taylor,Taylor Swift,3,-1,1,4822728,CA,Canada,Q4,2025
4,spotify:track:1lD0oPIfSYid1LhPvgrz10,Taylor Swift,Father Figure,Taylor Swift,4,-1,1,4402001,CA,Canada,Q4,2025
5,spotify:track:0129EujhGkwtwTFADGem5P,Taylor Swift,Wood,Taylor Swift,5,-1,1,3779457,CA,Canada,Q4,2025
6,spotify:track:3FzJDGVjRGNc7KrkabU5N0,Taylor Swift,CANCELLED!,Taylor Swift,6,-1,1,3704726,CA,Canada,Q4,2025
7,spotify:track:6ZSxG2QvGmwXbTfn7iDq7a,Taylor Swift,Actually Romantic,Taylor Swift,7,-1,1,3700790,CA,Canada,Q4,2025
8,spotify:track:243KxZULAjWO3KREpVHgOH,"Taylor Swift, Sabrina Carpenter",The Life of a Showgirl (feat. Sabrina Carpenter),Taylor Swift,8,-1,1,3663541,CA,Canada,Q4,2025
9,spotify:track:3Qeh4z08FfDBRfQMfDv83f,Taylor Swift,Wi$h Li$t,Taylor Swift,9,-1,1,3656838,CA,Canada,Q4,2025
10,spotify:track:6iC3L3YmAkGucvJbXKDanA,Taylor Swift,Eldest Daughter,Taylor Swift,10,-1,1,3642674,CA,Canada,Q4,2025
11,spotify:track:34xxPZWbEyg5iDKEBqdsBZ,Taylor Swift,Ruin The Friendship,Taylor Swift,11,-1,1,3488529,CA,Canada,Q4,2025
12,spotify:track:3vGd1heFoUuFGvKvl0SdW3,Taylor Swift,Honey,Taylor Swift,12,-1,1,3094888,CA,Canada,Q4,2025
13,spotify:track:1CPZ5BxNNd0n0nF4Orb9JS,"HUNTR/X, EJAE, AUDREY NUNA, REI AMI, KPop Demon Hunters Cast",Golden,K-Pop Demon Hunters,1,1,16,2040152,CA,Canada,Q4,2025
14,spotify:track:04a44cx2PJthIbN2aLMXhl,Tate McRae,TIT FOR TAT,RCA Records Label,2,2,2,1378686,CA,Canada,Q4,2025
15,spotify:track:2RkZ5LkEzeHGRsmDqKwmaJ,Alex Warren,Ordinary,Atlantic Records,1,3,35,1335047,CA,Canada,Q4,2025
16,spotify:track:1qbmS6ep2hbBRaEZFpn7BX,Olivia Dean,Man I Need,PLG - Capitol,4,4,7,1230460,CA,Canada,Q4,2025
17,spotify:track:7qjZnBKE73H4Oxkopwulqe,sombr,back to friends,Warner Records,3,5,30,1208885,CA,Canada,Q4,2025
18,spotify:track:3cZajhyr8LmtPfHZ9296tj,"Disco Lines, Tinashe",No Broke Boys,Nice Life/Atlantic,5,6,17,1100082,CA,Canada,Q4,2025
19,spotify:track:02sy7FAs8dkDNYsHp4Ul3f,"Saja Boys, Andrew Choi, Neckwav, Danny Chung, KEVIN WOO, samUIL Lee, KPop Demon Hunters Cast",Soda Pop,K-Pop Demon Hunters,2,7,16,1072518,CA,Canada,Q4,2025
20,spotify:track:1I37Zz2g3hk9eWxaNkj031,"Saja Boys, Andrew Choi, Neckwav, Danny Chung, KEVIN WOO, samUIL Lee, KPop Demon Hunters Cast",Your Idol,K-Pop Demon Hunters,3,8,16,991829,CA,Canada,Q4,2025
21,spotify:track:3RXUgPNIbUgFxsDWuBQEt6,"HUNTR/X, EJAE, AUDREY NUNA, REI AMI, KPop Demon Hunters Cast",How It’s Done,K-Pop Demon Hunters,5,9,16,886704,CA,Canada,Q4,2025
22,spotify:track:5BZsQlgw21vDOAjoqkNgKb,Justin Bieber,DAISIES,"JRC Entertainment, LLC / ILH Production Co. LLC / Def Jam Recordings",1,11,13,864842,CA,Canada,Q4,2025
23,spotify:track:5sBDrrtLGbV64QJnEqfjer,"HUNTR/X, EJAE, AUDREY NUNA, REI AMI, KPop Demon Hunters Cast",What It Sounds Like,K-Pop Demon Hunters,8,12,15,851511,CA,Canada,Q4,2025
24,spotify:track:04emojnbYkrRmv5qtJcgVP,"Morgan Wallen, Tate McRae",What I Want (feat. Tate McRae),Big Loud Records / Mercury Records / Republic Records,1,10,21,808227,CA,Canada,Q4,2025
25,spotify:track:6Qyc6fS4DsZjB2mRW9DsQs,The Goo Goo Dolls,Iris,Warner Records,18,18,167,797484,CA,Canada,Q4,2025
26,spotify:track:3xkHsmpQCBMytMJNiDf3Ii,Benson Boone,Beautiful Things,"Night Street Records, Inc./Warner Records Inc.",1,16,90,785321,CA,Canada,Q4,2025
27,spotify:track:4WFgvKVfEhb3IUAFGrutTR,Ravyn Lenae,Love Me Not,Atlantic Records,7,14,32,782794,CA,Canada,Q4,2025
28,spotify:track:05od2qm2MTSKCHxy1GBp5W,sombr,12 to 12,Warner Records,13,15,11,774395,CA,Canada,Q4,2025
29,spotify:track:0TFTAtCYhp2tQ9KcJIZb55,sombr,undressed,Warner Records,3,17,29,758514,CA,Canada,Q4,2025
30,spotify:track:0je57Uq5eTk1wrPzn9sWbl,Sabrina Carpenter,When Did You Get Hot?,Island Records,11,13,6,751475,CA,Canada,Q4,2025
31,spotify:track:0ofHAoxe9vBkTCp2UQIavz,Fleetwood Mac,Dreams - 2004 Remaster,Rhino/Warner Records,6,40,255,738446,CA,Canada,Q4,2025
32,spotify:track:6xV7Be6XEvkSnighmh2Tzj,"Tyler, The Creator",Sugar On My Tongue,Columbia,19,19,12,730922,CA,Canada,Q4,2025
33,spotify:track:0MHStU0muAIEMbwdnebYu2,"HUNTR/X, EJAE, AUDREY NUNA, REI AMI, KPop Demon Hunters Cast",Takedown,K-Pop Demon Hunters,11,22,15,714906,CA,Canada,Q4,2025
34,spotify:track:5DxDLsW6PsLz5gkwC7Mk5S,"Rumi, Jinu, EJAE, Andrew Choi, KPop Demon Hunters Cast",Free,K-Pop Demon Hunters,11,23,15,710744,CA,Canada,Q4,2025
35,spotify:track:2yWlGEgEfPot0lv3OAjuG3,"Tate McRae, F1 The Album",Just Keep Watching (From F1® The Movie),Atlantic Records,5,20,19,707353,CA,Canada,Q4,2025
36,spotify:track:5UJbgR4XF4y1DvbkxEqe8S,Tate McRae,Sports car,RCA Records Label,3,28,37,701714,CA,Canada,Q4,2025
37,spotify:track:5fZJQrFKWQLb7FpJXZ1g7K,Shaboozey,A Bar Song (Tipsy),American Dogwood / EMPIRE,1,21,78,701373,CA,Canada,Q4,2025
38,spotify:track:42VUCXerQ5qTr4Qp6PhKo4,Sabrina Carpenter,Tears,Island Records,2,24,6,695240,CA,Canada,Q4,2025
39,spotify:track:17phhZDn6oGtzMe56NuWvj,Teddy Swims,Lose Control,Warner Records,5,27,106,688111,CA,Canada,Q4,2025
40,spotify:track:2BwO5K8Q7EPAJSGze3AAh9,Sabrina Carpenter,Manchild,Island Records,1,25,18,667596,CA,Canada,Q4,2025
41,spotify:track:1xOqGUkyxGQRdCvGpvWKmL,KATSEYE,Gabriela,HYBE/Geffen,28,29,16,660113,CA,Canada,Q4,2025
42,spotify:track:4KULAymBBJcPRpk1yO4dOG,"Zach Bryan, Kacey Musgraves",I Remember Everything (feat. Kacey Musgraves),Warner Records,2,30,111,659828,CA,Canada,Q4,2025
43,spotify:track:6393yGahSJ9slVdOwSxOVR,Chappell Roan,Pink Pony Club,Chappell Roan PS/ Island,5,31,68,656228,CA,Canada,Q4,2025
44,spotify:track:5IZXB5IKAD2qlvTPJYDCFB,"Post Malone, Morgan Wallen",I Had Some Help (Feat. Morgan Wallen),Mercury Records / Republic Records,1,26,74,632604,CA,Canada,Q4,2025
45,spotify:track:55lijDD6OAjLFFUHU9tcDm,RAYE,WHERE IS MY HUSBAND!,Human Re Sources,38,38,3,621738,CA,Canada,Q4,2025
46,spotify:track:3WMj8moIAXJhHsyLaqIIHI,Zach Bryan,Something in the Orange,Warner Records,10,33,179,615337,CA,Canada,Q4,2025
47,spotify:track:4gfrYDtaRmp6HPvN80V2ob,Morgan Wallen,I Got Better,Big Loud Records / Mercury Records / Republic Records,14,32,21,613784,CA,Canada,Q4,2025
48,spotify:track:6dOtVTDdiauQNBQEDOtlAB,Billie Eilish,BIRDS OF A FEATHER,Darkroom/Interscope Records,3,34,73,613160,CA,Canada,Q4,2025
49,spotify:track:7so0lgd0zP2Sbgs2d7a1SZ,"Lady Gaga, Bruno Mars",Die With A Smile,Interscope Records,1,36,60,595279,CA,Canada,Q4,2025
50,spotify:track:0cQVqPuHQP4KEwc7ZUQmj6,The Neighbourhood,Sweater Weather,Columbia,18,39,262,572021,CA,Canada,Q4,2025
1,spotify:track:4zbEItKoaRId1vRZkoO0Uh,"Danny Ocean, Kapo",Imagínate,Atlantic Records,1,5,9,2104204,CO,Colombia,Q1,2025
2,spotify:track:0fKK51bU6lcCCwdNnv64t3,"Blessd, Anuel AA, Ovy On The Drums",DEPORTIVO,WEA Latina,2,2,8,1991712,CO,Colombia,Q1,2025
3,spotify:track:3sK8wGT43QFpWrvNQsrQya,Bad Bunny,DtMF,Rimas Entertainment LLC.,3,-1,1,1751009,CO,Colombia,Q1,2025
4,spotify:track:5TFD2bmFKGhoCRbX61nXY5,Bad Bunny,NUEVAYoL,Rimas Entertainment LLC.,4,-1,1,1683722,CO,Colombia,Q1,2025
5,spotify:track:59D4DOkspUbWyMmbAPQkxZ,Bad Bunny,VOY A LLeVARTE PA PR,Rimas Entertainment LLC.,5,-1,1,1588826,CO,Colombia,Q1,2025
6,spotify:track:2lTm559tuIvatlT1u0JYG2,Bad Bunny,BAILE INoLVIDABLE,Rimas Entertainment LLC.,6,-1,1,1560372,CO,Colombia,Q1,2025
7,spotify:track:3mg9jYNC1NihbthlglzrWP,"KAROL G, Feid, DFZM, Ovy On The Drums, J Balvin, Maluma, Ryan Castro, Blessd",+57,Bichota/Interscope Records,1,4,9,1462341,CO,Colombia,Q1,2025
8,spotify:track:7d6yK8v8J484SWH5prIQiE,"Bad Bunny, Omar Courtz, Dei V",VeLDÁ,Rimas Entertainment LLC.,8,-1,1,1420902,CO,Colombia,Q1,2025
9,spotify:track:2ALQyXMC26Vew7JX7ert9M,"Blessd, Kris R.",POLOS OPUESTOS REMIX - BLESSD VERSION,WEA Latina,3,6,14,1411567,CO,Colombia,Q1,2025
10,spotify:track:7bywjHOc0wSjGGbj04XbVi,"Feid, ATL Jacob",LUNA,UMLE - Latino,1,7,58,1392386,CO,Colombia,Q1,2025
11,spotify:track:13BDiikG6y5o5cQTK0HpW6,"W Sound, Blessd, Ovy On The Drums",Soltera - W Sound 01,WEA Latina,1,3,23,1378928,CO,Colombia,Q1,2025
12,spotify:track:0iKo4pNNjHHdKUcFARlfCa,Bad Bunny,EL CLúB,Rimas Entertainment LLC.,12,50,5,1352570,CO,Colombia,Q1,2025
13,spotify:track:7ricDBUakN3N0YkkKE8Obu,"Beéle, Ovy On The Drums",mi refe,5020 Records,13,13,5,1325759,CO,Colombia,Q1,2025
14,spotify:track:2btNsI4OvcVl7SAHQQDHFB,"Blessd, Ovy On The Drums",Mírame,WEA Latina,1,8,38,1271104,CO,Colombia,Q1,2025
15,spotify:track:1Q9Efnm5csdCMFynISxL2x,"Bad Bunny, RaiNao",PERFuMITO NUEVO,Rimas Entertainment LLC.,15,-1,1,1263381,CO,Colombia,Q1,2025
16,spotify:track:6J5kc12BW5HuP3d7C3vvx8,Bad Bunny,EoO,Rimas Entertainment LLC.,16,-1,1,1259385,CO,Colombia,Q1,2025
17,spotify:track:5WEF0icHWmAZBBMglBd599,"Bad Bunny, Chuwi",WELTiTA,Rimas Entertainment LLC.,17,-1,1,1233212,CO,Colombia,Q1,2025
18,spotify:track:1YYfyJ2yCvGFCxwjsIqEK9,"Rauw Alejandro, Romeo Santos",Khé?,Sony Music Latin/Duars Entertainment,7,9,8,1152902,CO,Colombia,Q1,2025
19,spotify:track:2gmd7lY3QSzLh0xIY4cRvi,"Maisak, Feid",SE ME OLVIDA,Universal Music Latino,3,10,20,1132148,CO,Colombia,Q1,2025
20,spotify:track:14QaXYIK3K3QPtezqxRRPN,Bad Bunny,PIToRRO DE COCO,Rimas Entertainment LLC.,20,41,2,1094158,CO,Colombia,Q1,2025
21,spotify:track:7tCuCjhxzjX2XCz4JiiAsp,Bad Bunny,TURiSTA,Rimas Entertainment LLC.,21,-1,1,1088869,CO,Colombia,Q1,2025
22,spotify:track:4MUrUT38U98olfnyzMBCzm,Bad Bunny,KLOuFRENS,Rimas Entertainment LLC.,22,-1,1,1050451,CO,Colombia,Q1,2025
23,spotify:track:4c2Pc0NrfkesPR0jff6q3F,Bad Bunny,KETU TeCRÉ,Rimas Entertainment LLC.,23,-1,1,1027566,CO,Colombia,Q1,2025
24,spotify:track:6WatFBLVB0x077xWeoVc2k,KAROL G,Si Antes Te Hubiera Conocido,Bichota/Interscope Records,1,11,29,1002664,CO,Colombia,Q1,2025
25,spotify:track:79x7xtoCLpf6l32Zz6mWo4,Bad Bunny,BOKeTE,Rimas Entertainment LLC.,25,-1,1,989041,CO,Colombia,Q1,2025
26,spotify:track:0Qe2g06yzLBuuSvVmFiweP,"Nanpa Básico, Beéle",Hasta Aquí Llegué,5020 Records,3,17,25,956014,CO,Colombia,Q1,2025
27,spotify:track:3KwYiawBfqngH7eaUHQn2N,"Ryan Castro, Maisak",FDSR,AWOO Corp./Sony Music Latin,7,14,13,882572,CO,Colombia,Q1,2025
28,spotify:track:281YJmnThveWjsWVic9Ym6,"Kris R., Blessd",Las Piponas (Remix),La K Company SAS,3,15,15,876696,CO,Colombia,Q1,2025
29,spotify:track:0l0vcZMU7AOeQmUIREoI2U,"Rauw Alejandro, Bad Bunny",Qué Pasaría...,Sony Music Latin/Duars Entertainment,11,19,8,875447,CO,Colombia,Q1,2025
30,spotify:track:5QjmUqgpPQgXgg4606DqZF,Kapo,UWAIE,Sony Music Latin/La Industria,1,16,21,856820,CO,Colombia,Q1,2025
31,spotify:track:0YxC9VXnvkUOOSYCHiuFeS,"ONIKX, Andy Rivera, Kapo",En Todas Partes,Jonex Enterprises,20,20,6,847299,CO,Colombia,Q1,2025
32,spotify:track:5enCBu8FLjlLz60k9t15MA,Heredero,Coqueta,FEIZAR HEREDERO,1,1,10,843550,CO,Colombia,Q1,2025
33,spotify:track:69vi5SUSJJF0CQJCZngFFS,"Jombriel, Alex Krack, Jøtta",Parte & Choke,WEA Latina,21,21,6,816674,CO,Colombia,Q1,2025
34,spotify:track:0iVEujJcafOBnxa654fJYu,Maluma,Cosas Pendientes,Royalty Records/Sony Music Latin,5,18,7,816201,CO,Colombia,Q1,2025
35,spotify:track:1uRZnMiwpeK7ShuG6mxM8r,Reykon,Baila Baila,Ciudad de Dios,35,94,2,814094,CO,Colombia,Q1,2025
36,spotify:track:3G7agPwWfcORnWCAGMDOpm,Bad Bunny,LA MuDANZA,Rimas Entertainment LLC.,36,-1,1,812669,CO,Colombia,Q1,2025
37,spotify:track:4DnrAI8WyUY6gkOwl8GlPN,"Alleh, Yorghaki",capaz (merengueton),CONMUER LLC,27,27,5,805071,CO,Colombia,Q1,2025
38,spotify:track:0qeIFEGRQqHoaJtLCl0U73,"Myke Towers, benny blanco",DEGENERE 👑 (feat. benny blanco),WEA Latina,10,12,12,794871,CO,Colombia,Q1,2025
39,spotify:track:5TsFC2fnBWOYWYllvEtiOQ,Andy Rivera,Como quisiera,Rimas Entertainment México S.A. de C.V,28,28,5,786246,CO,Colombia,Q1,2025
40,spotify:track:6VNXmo59yDYgcwLS17UNAW,"Bad Bunny, Los Pleneros de la Cresta",CAFé CON RON,Rimas Entertainment LLC.,40,-1,1,773078,CO,Colombia,Q1,2025
41,spotify:track:6rZno3nqeT7hv2PnSWRuYS,Blessd,YOGURCITO,WEA Latina,38,38,19,715872,CO,Colombia,Q1,2025
42,spotify:track:63pLfjK6FvcYJYMGwtHjd6,Feid,SORRY 4 THAT MUCH,FEID,1,26,31,713961,CO,Colombia,Q1,2025
43,spotify:track:7iQXYTyuG13aoeHxGG28Nh,"Bad Bunny, Feid",PERRO NEGRO,Rimas Entertainment LLC,1,24,65,709004,CO,Colombia,Q1,2025
44,spotify:track:1Hg0e997pObvZ91w1FCPFk,Bad Bunny,LO QUE LE PASÓ A HAWAii,Rimas Entertainment LLC.,44,-1,1,706559,CO,Colombia,Q1,2025
45,spotify:track:2CeKVsFFXG4QzA415QygGb,Feid,Feliz Cumpleaños Ferxxo,UMLE - Latino,1,31,125,701897,CO,Colombia,Q1,2025
46,spotify:track:57pj5sOWSCAqZm088LMcE4,"Blessd, Maluma",Oe Bebé,WEA Latina,8,22,31,701701,CO,Colombia,Q1,2025
47,spotify:track:1fTjqf10accJCDYstPwwZ6,Kapo,OHNANA,Sony Music Latin/La Industria,3,25,30,699343,CO,Colombia,Q1,2025
48,spotify:track:60u6hcpH5Qm1M3xESdNBrB,Beéle,frente al mar,5020 Records,13,35,15,662634,CO,Colombia,Q1,2025
49,spotify:track:0EFxJw34fK8DWlTxx9qYeW,Blessd,Instagram,WEA Latina,2,30,135,655581,CO,Colombia,Q1,2025
50,spotify:track:0fea68AdmYNygeTGI4RC18,"J Balvin, Bad Bunny",LA CANCIÓN,Universal Music Latino / Rimas,2,49,289,644904,CO,Colombia,Q1,2025
1,spotify:track:6iOndD4OFo7GkaDypWQIou,"W Sound, Beéle, Ovy On The Drums",La Plena - W Sound 05,WEA Latina,1,1,7,3421593,CO,Colombia,Q2,2025
2,spotify:track:0DMJz677XfXiiruhIELu2e,"Jombriel, DFZM, Jøtta",VITAMINA,WEA Latina,2,2,6,2708891,CO,Colombia,Q2,2025
3,spotify:track:7ricDBUakN3N0YkkKE8Obu,"Beéle, Ovy On The Drums",mi refe,5020 Records,1,3,18,1725762,CO,Colombia,Q2,2025
4,spotify:track:2BE1Q5N4Enl1eRrM82uzsu,"Miguel Bueno, Juan Duque",Solcito,Sony Music Latin,4,4,4,1636706,CO,Colombia,Q2,2025
5,spotify:track:569xAmXCkpM3IsEOiG4hWe,"Kenny Die, Blessd, Kris R., Sebas",Ultra Complicado (feat. Sebas) - Remix,WEA Latina,3,10,8,1568172,CO,Colombia,Q2,2025
6,spotify:track:4zbEItKoaRId1vRZkoO0Uh,"Danny Ocean, Kapo",Imagínate,Atlantic Records,1,5,22,1396134,CO,Colombia,Q2,2025
7,spotify:track:4GZOxR1IuvoRiUz0gpmASl,Beéle,sobelove,5020 Records,6,7,5,1376053,CO,Colombia,Q2,2025
8,spotify:track:0Qe2g06yzLBuuSvVmFiweP,"Nanpa Básico, Beéle",Hasta Aquí Llegué,5020 Records,3,8,38,1323557,CO,Colombia,Q2,2025
9,spotify:track:2lTm559tuIvatlT1u0JYG2,Bad Bunny,BAILE INoLVIDABLE,Rimas Entertainment LLC.,1,9,14,1250324,CO,Colombia,Q2,2025
10,spotify:track:5Gis9Pxk7Cl9hAoV6rwj50,"Jombriel, Ryan Castro, Alex Krack",Parte & Choke (with Ryan Castro) - Remix,WEA Latina,3,6,11,1244637,CO,Colombia,Q2,2025
11,spotify:track:2ALQyXMC26Vew7JX7ert9M,"Blessd, Kris R.",POLOS OPUESTOS REMIX - BLESSD VERSION,WEA Latina,3,11,27,1181402,CO,Colombia,Q2,2025
12,spotify:track:61C7zXd4t2Zuhz6DRwgsLM,"Piso 21, Marc Anthony, Beéle",Volver,WM Mexico,12,18,9,1095061,CO,Colombia,Q2,2025
13,spotify:track:7d6yK8v8J484SWH5prIQiE,"Bad Bunny, Omar Courtz, Dei V",VeLDÁ,Rimas Entertainment LLC.,5,13,14,1029801,CO,Colombia,Q2,2025
14,spotify:track:7bywjHOc0wSjGGbj04XbVi,"Feid, ATL Jacob",LUNA,UMLE - Latino,1,14,71,1015287,CO,Colombia,Q2,2025
15,spotify:track:3sK8wGT43QFpWrvNQsrQya,Bad Bunny,DtMF,Rimas Entertainment LLC.,1,12,14,980982,CO,Colombia,Q2,2025
16,spotify:track:4cZiqNmLWLoAx67ENn53YG,"Feid, Ty Dolla $ign",DALLAX,Universal Music Latino,16,23,2,970774,CO,Colombia,Q2,2025
17,spotify:track:6J5kc12BW5HuP3d7C3vvx8,Bad Bunny,EoO,Rimas Entertainment LLC.,7,16,14,924205,CO,Colombia,Q2,2025
18,spotify:track:4DnrAI8WyUY6gkOwl8GlPN,"Alleh, Yorghaki",capaz (merengueton),CONMUER LLC,17,19,18,901426,CO,Colombia,Q2,2025
19,spotify:track:3mg9jYNC1NihbthlglzrWP,"KAROL G, Feid, DFZM, Ovy On The Drums, J Balvin, Maluma, Ryan Castro, Blessd",+57,Bichota/Interscope Records,1,17,22,901282,CO,Colombia,Q2,2025
20,spotify:track:0fKK51bU6lcCCwdNnv64t3,"Blessd, Anuel AA, Ovy On The Drums",DEPORTIVO,WEA Latina,2,15,21,875444,CO,Colombia,Q2,2025
21,spotify:track:2btNsI4OvcVl7SAHQQDHFB,"Blessd, Ovy On The Drums",Mírame,WEA Latina,1,21,51,870461,CO,Colombia,Q2,2025
22,spotify:track:0hzO3OqNIPCwRKxvwBdtjS,"Blessd, Ryan Castro, De La Ghetto, Darell, Sahir, Hades66, Kris R.","ACEITE DE COCO (feat. Ryan Castro, De La Ghetto, Darell, Sahir, Hades66, Kris R.)",WEA Latina,14,20,13,859197,CO,Colombia,Q2,2025
23,spotify:track:78HEzDEs1QUnHB2DbxgC1s,"Alemán, Neton Vega",Te Quería Ver,HOMEGROWN MAFIA S.A. DE C.V./Sony Music México-Latin,23,28,5,838442,CO,Colombia,Q2,2025
24,spotify:track:60u6hcpH5Qm1M3xESdNBrB,Beéle,frente al mar,5020 Records,13,24,28,825856,CO,Colombia,Q2,2025
25,spotify:track:5QjmUqgpPQgXgg4606DqZF,Kapo,UWAIE,Sony Music Latin/La Industria,1,27,34,794827,CO,Colombia,Q2,2025
26,spotify:track:281YJmnThveWjsWVic9Ym6,"Kris R., Blessd",Las Piponas (Remix),La K Company SAS,3,30,28,779594,CO,Colombia,Q2,2025
27,spotify:track:59D4DOkspUbWyMmbAPQkxZ,Bad Bunny,VOY A LLeVARTE PA PR,Rimas Entertainment LLC.,4,25,14,774480,CO,Colombia,Q2,2025
28,spotify:track:2gmd7lY3QSzLh0xIY4cRvi,"Maisak, Feid",SE ME OLVIDA,Universal Music Latino,3,26,33,762600,CO,Colombia,Q2,2025
29,spotify:track:6WatFBLVB0x077xWeoVc2k,KAROL G,Si Antes Te Hubiera Conocido,Bichota/Interscope Records,1,29,42,752890,CO,Colombia,Q2,2025
30,spotify:track:6rZno3nqeT7hv2PnSWRuYS,Blessd,YOGURCITO,WEA Latina,25,39,32,730464,CO,Colombia,Q2,2025
31,spotify:track:13BDiikG6y5o5cQTK0HpW6,"W Sound, Blessd, Ovy On The Drums",Soltera - W Sound 01,WEA Latina,1,22,36,715427,CO,Colombia,Q2,2025
32,spotify:track:7DACCN4AceR9hgiP9s99PC,"Eladio Carrion, Myke Towers",Vetements,Rimas Entertainment LLC,32,-1,1,714820,CO,Colombia,Q2,2025
33,spotify:track:5TFD2bmFKGhoCRbX61nXY5,Bad Bunny,NUEVAYoL,Rimas Entertainment LLC.,3,31,14,651833,CO,Colombia,Q2,2025
34,spotify:track:1YYfyJ2yCvGFCxwjsIqEK9,"Rauw Alejandro, Romeo Santos",Khé?,Sony Music Latin/Duars Entertainment,7,34,21,650873,CO,Colombia,Q2,2025
35,spotify:track:4RPeZbmVON5ZKT5HC9wALt,Beéle,morena,5020 Records,30,38,44,622442,CO,Colombia,Q2,2025
36,spotify:track:0EFxJw34fK8DWlTxx9qYeW,Blessd,Instagram,WEA Latina,2,35,148,616426,CO,Colombia,Q2,2025
37,spotify:track:1fTjqf10accJCDYstPwwZ6,Kapo,OHNANA,Sony Music Latin/La Industria,3,43,43,606394,CO,Colombia,Q2,2025
38,spotify:track:4MUrUT38U98olfnyzMBCzm,Bad Bunny,KLOuFRENS,Rimas Entertainment LLC.,15,37,14,605002,CO,Colombia,Q2,2025
39,spotify:track:7LABrQFfRYcZUqUwng0Heb,Yandel,Encantadora,Sony Music Latin,39,48,45,602645,CO,Colombia,Q2,2025
40,spotify:track:57pj5sOWSCAqZm088LMcE4,"Blessd, Maluma",Oe Bebé,WEA Latina,8,36,44,587463,CO,Colombia,Q2,2025
41,spotify:track:63pLfjK6FvcYJYMGwtHjd6,Feid,SORRY 4 THAT MUCH,FEID,1,40,44,580199,CO,Colombia,Q2,2025
42,spotify:track:65oSp7rdpLddlRGUgogU24,Beéle,i miss you,5020 Records,39,45,25,577268,CO,Colombia,Q2,2025
43,spotify:track:3KwYiawBfqngH7eaUHQn2N,"Ryan Castro, Maisak",FDSR,AWOO Corp./Sony Music Latin,7,41,26,572703,CO,Colombia,Q2,2025
44,spotify:track:1kcn16i5Tmp8udmHcahvi7,"Kenny Die, Sebas",Ultra Complicado,WEA Latina,22,32,17,567670,CO,Colombia,Q2,2025
45,spotify:track:0JoHqmlqE0W0i9prt6kcHR,"Maluma, Trap Capos, Noriel, Bryant Myers, Juhn","Cuatro Babys (feat. Trap Capos, Noriel, Bryant Myers & Juhn)",Sony Music Latin,16,44,86,565501,CO,Colombia,Q2,2025
46,spotify:track:1GOJEorxVpE2s6jhqUyRNh,"Nanpa Básico, Kris R.",Cariñitos Y Flores,5020 Records,24,42,9,561968,CO,Colombia,Q2,2025
47,spotify:track:2J9B63FawlTaPdg4eH5X03,Beéle,Loco,Hear This Music,3,47,157,536751,CO,Colombia,Q2,2025
48,spotify:track:4fZUG9dMyqlIFSnf1iitm1,Eladio Carrion,H.I.M.,Rimas Entertainment LLC,48,-1,1,534898,CO,Colombia,Q2,2025
49,spotify:track:3I1jcOmPwnzUR5yduDK3yb,"Blessd, Anuel AA, SOG",TE CANTO BAJITO,WEA Latina,23,33,4,523395,CO,Colombia,Q2,2025
50,spotify:track:5DdLSEyKh8zgCrJq2hFj92,"Yan Block, TORRRES",Yo sé,SONAR LLC.,49,49,14,511905,CO,Colombia,Q2,2025
1,spotify:track:6iOndD4OFo7GkaDypWQIou,"W Sound, Beéle, Ovy On The Drums",La Plena - W Sound 05,WEA Latina,1,1,20,2758919,CO,Colombia,Q3,2025
2,spotify:track:6VfL3MEuYeJbDlD8m011HR,Beéle,quédate,5020 Records,2,2,8,2151041,CO,Colombia,Q3,2025
3,spotify:track:1HEwEN64NjgTaHmo7LfkX8,Beéle,no tiene sentido,5020 Records,2,3,8,2077268,CO,Colombia,Q3,2025
4,spotify:track:2QP041AcWg8PwPIWP95RKN,Beéle,top diesel,5020 Records,4,4,8,2074072,CO,Colombia,Q3,2025
5,spotify:track:0nafF9MxcXJBQWv3BTKtdF,"KAROL G, Feid",Verano Rosa,Bichota/Interscope Records,5,6,3,1872942,CO,Colombia,Q3,2025
6,spotify:track:1C7NXX8UJ6pgNx8EkmyZDd,Beéle,si te pillara,5020 Records,6,9,7,1767518,CO,Colombia,Q3,2025
7,spotify:track:64zQbQTwu4ppBEfWyhst9t,KAROL G,Papasito,Bichota/Interscope Records,5,5,3,1735694,CO,Colombia,Q3,2025
8,spotify:track:4zhk2RS2EZODmBW6il55Qj,"Beéle, Ovy On The Drums",mi refe,5020 Records,1,7,31,1644790,CO,Colombia,Q3,2025
9,spotify:track:1kJyDcBrZ7rSKnFtKc82vm,"Blessd, Ovy On The Drums",AMISTA,WEA Latina,2,12,11,1526600,CO,Colombia,Q3,2025
10,spotify:track:3ddJ8Vbc5tYPxq5zKRVke6,"KAROL G, Marco Antonio Solís",Coleccionando Heridas,Bichota/Interscope Records,10,11,3,1439342,CO,Colombia,Q3,2025
11,spotify:track:7koAf6aZgjO6TS7bipfPD0,"Ovy On The Drums, Quevedo, Beéle",YO y TÚ,WEA Latina,11,14,4,1423888,CO,Colombia,Q3,2025
12,spotify:track:0Qe2g06yzLBuuSvVmFiweP,"Nanpa Básico, Beéle",Hasta Aquí Llegué,5020 Records,3,13,51,1394302,CO,Colombia,Q3,2025
13,spotify:track:6rZno3nqeT7hv2PnSWRuYS,Blessd,YOGURCITO,WEA Latina,6,10,45,1389070,CO,Colombia,Q3,2025
14,spotify:track:6Sv0CzVqzydd7NYQgAG70c,KAROL G,Ivonny Bonita,Bichota/Interscope Records,8,8,3,1359418,CO,Colombia,Q3,2025
15,spotify:track:2RnCVOUcOaPeTlFRW3NHQJ,"Kybba, Sean Paul, Ryan Castro, Busy Signal",Ba Ba Bad Remix,Basshall,15,107,2,1233584,CO,Colombia,Q3,2025
16,spotify:track:46ufabZP6oK3ixmN6Gd753,"Ryan Castro, Dongo",SANKA,AWOO Corp./Sony Music Latin,16,20,5,1224153,CO,Colombia,Q3,2025
17,spotify:track:6OCNg7QchXJMww1LHMjIzb,"Nicky Jam, Beéle",Hiekka,Nicky Jam,6,15,10,1151963,CO,Colombia,Q3,2025
18,spotify:track:0DMJz677XfXiiruhIELu2e,"Jombriel, DFZM, Jøtta",VITAMINA,WEA Latina,2,16,19,1149700,CO,Colombia,Q3,2025
19,spotify:track:2tKVinInf0PJS1iG04zzqi,"Blessd, Sebastian Ledher, Tayson Kryss, Joseph Ren",UNA NOCHE DE LOCURA,WEA Latina,10,19,7,1112839,CO,Colombia,Q3,2025
20,spotify:track:3fmw8iIyQDS2L7nE6Wd0xG,Beéle,sobelove,5020 Records,5,18,18,1100351,CO,Colombia,Q3,2025
21,spotify:track:2KrQbq3aqGOFGnkTKnN2XA,KAROL G,LATINA FOREVA,Bichota/Interscope Records,12,17,7,1003088,CO,Colombia,Q3,2025
22,spotify:track:4TFjpINnVhINpTdrtNQIvx,"Kapo, Feid",X TI,Sony Music Latin/La Industria,22,-1,1,939237,CO,Colombia,Q3,2025
23,spotify:track:7bywjHOc0wSjGGbj04XbVi,"Feid, ATL Jacob",LUNA,UMLE - Latino,1,23,84,919993,CO,Colombia,Q3,2025
24,spotify:track:0akaZYAc94xnVRKpuP2Lvt,"Blessd, Kris R.",JOKER,WEA Latina,12,27,7,908566,CO,Colombia,Q3,2025
25,spotify:track:1B1maIpcMpPDZ8GT0WHT0V,KAROL G,Milagros,Bichota/Interscope Records,5,25,9,904048,CO,Colombia,Q3,2025
26,spotify:track:73scB4Q4fcOmnsBVZPmk32,KAROL G,Si Antes Te Hubiera Conocido,Bichota/Interscope Records,1,21,55,889841,CO,Colombia,Q3,2025
27,spotify:track:569xAmXCkpM3IsEOiG4hWe,"Kenny Die, Blessd, Kris R., Sebas",Ultra Complicado (feat. Sebas) - Remix,WEA Latina,3,22,21,859933,CO,Colombia,Q3,2025
28,spotify:track:2Kx9AfJPaJib9DwAdDYdB9,"Ryan Castro, Blaiz Fayah, Tribal Kush",BOMBASTIK<3,AWOO Corp./Sony Music Latin,27,32,6,854268,CO,Colombia,Q3,2025
29,spotify:track:2lTm559tuIvatlT1u0JYG2,Bad Bunny,BAILE INoLVIDABLE,Rimas Entertainment LLC.,1,29,27,842252,CO,Colombia,Q3,2025
30,spotify:track:6ifUES3keWjwXgae8pXI3o,Danny Ocean,Me Rehúso,Atlantic Records,1,54,446,776035,CO,Colombia,Q3,2025
31,spotify:track:3mg9jYNC1NihbthlglzrWP,"KAROL G, Feid, DFZM, Ovy On The Drums, J Balvin, Maluma, Ryan Castro, Blessd",+57,Bichota/Interscope Records,1,30,35,742190,CO,Colombia,Q3,2025
32,spotify:track:1tTEcJKC5uAtIoPrWCkmXZ,"KAROL G, Greeicy",Amiga Mía,Bichota/Interscope Records,19,26,3,720293,CO,Colombia,Q3,2025
33,spotify:track:4zbEItKoaRId1vRZkoO0Uh,"Danny Ocean, Kapo",Imagínate,Atlantic Records,1,31,35,720055,CO,Colombia,Q3,2025
34,spotify:track:61C7zXd4t2Zuhz6DRwgsLM,"Piso 21, Marc Anthony, Beéle",Volver,WM Mexico,10,28,22,714440,CO,Colombia,Q3,2025
35,spotify:track:4n0JnrS5az8qhhQRuofBfo,"KAROL G, Eddy Lover",Dile Luna,Bichota/Interscope Records,23,24,3,713093,CO,Colombia,Q3,2025
36,spotify:track:2btNsI4OvcVl7SAHQQDHFB,"Blessd, Ovy On The Drums",Mírame,WEA Latina,1,34,64,712231,CO,Colombia,Q3,2025
37,spotify:track:3YSkiK0JAaWvZVh0rFa3ja,Ryan Castro,Ojalá,AWOO Corp./Sony Music Latin,19,42,9,704552,CO,Colombia,Q3,2025
38,spotify:track:4DnrAI8WyUY6gkOwl8GlPN,"Alleh, Yorghaki",capaz (merengueton),CONMUER LLC,17,33,31,686815,CO,Colombia,Q3,2025
39,spotify:track:0JY2QXSvlpA8DZwgaAYWlY,"Miguel Bueno, Juan Duque",Solcito,Sony Music Latin,4,38,17,682381,CO,Colombia,Q3,2025
40,spotify:track:1o4xkdBe0RjSf2u6VXi4OI,"Yan Block, Panda Black",444,SONAR LLC.,30,40,51,668425,CO,Colombia,Q3,2025
41,spotify:track:2gmd7lY3QSzLh0xIY4cRvi,"Maisak, Feid",SE ME OLVIDA,Universal Music Latino,3,39,46,654092,CO,Colombia,Q3,2025
42,spotify:track:4w6Wpq1KWk485krowaqUIV,"KAROL G, Manu Chao",Viajando Por El Mundo,Bichota/Interscope Records,36,37,3,643686,CO,Colombia,Q3,2025
43,spotify:track:0fMjldiEpgjbWQ4bBQwVzH,Kapo,UWAIE,Sony Music Latin/La Industria,1,53,47,639767,CO,Colombia,Q3,2025
44,spotify:track:3sK8wGT43QFpWrvNQsrQya,Bad Bunny,DtMF,Rimas Entertainment LLC.,1,43,27,631623,CO,Colombia,Q3,2025
45,spotify:track:2ALQyXMC26Vew7JX7ert9M,"Blessd, Kris R.",POLOS OPUESTOS REMIX - BLESSD VERSION,WEA Latina,3,45,40,608462,CO,Colombia,Q3,2025
46,spotify:track:1i1n7hUzCDkXGFqIJSSzom,Beéle,frente al mar,5020 Records,13,36,41,599776,CO,Colombia,Q3,2025
47,spotify:track:13BDiikG6y5o5cQTK0HpW6,"W Sound, Blessd, Ovy On The Drums",Soltera - W Sound 01,WEA Latina,1,47,49,598037,CO,Colombia,Q3,2025
48,spotify:track:4rGmeh80y2lNfaVOrWHNEy,"Blessd, Brytiago, Dei V, Noriel",BALCONCITO,WEA Latina,21,50,6,596533,CO,Colombia,Q3,2025
49,spotify:track:2BvPMS2XWfnCpHHvWeOyeC,Mora,DETRÁS DE TU ALMA,Rimas Entertainment LLC.,35,62,8,571262,CO,Colombia,Q3,2025
50,spotify:track:281YJmnThveWjsWVic9Ym6,"Kris R., Blessd",Las Piponas (Remix),La K Company SAS,3,52,41,557820,CO,Colombia,Q3,2025
1,spotify:track:7sRXb5IgYWwVv1DaavHSNs,"Blessd, Fuerza Regida, Ovy On The Drums",COMO OREO,WEA Latina,1,1,6,2113833,CO,Colombia,Q4,2025
2,spotify:track:6iOndD4OFo7GkaDypWQIou,"W Sound, Beéle, Ovy On The Drums",La Plena - W Sound 05,WEA Latina,1,2,33,1812869,CO,Colombia,Q4,2025
3,spotify:track:7nrd0eIftH3NQLfgk20Qp9,"Blessd, Anuel AA, Yan Block, Luar La L, Kris R., ROA","YOGURCITO REMIX (feat. Kris R., ROA)",WEA Latina,1,3,7,1667428,CO,Colombia,Q4,2025
4,spotify:track:73gesm262Pgbk7j0SEpijT,Kris R.,LOS CACORROS USAN KLEIMOND,WEA Latina,4,5,2,1442509,CO,Colombia,Q4,2025
5,spotify:track:1HEwEN64NjgTaHmo7LfkX8,Beéle,no tiene sentido,5020 Records,2,4,21,1421030,CO,Colombia,Q4,2025
6,spotify:track:2QP041AcWg8PwPIWP95RKN,Beéle,top diesel,5020 Records,3,7,21,1314944,CO,Colombia,Q4,2025
7,spotify:track:6VfL3MEuYeJbDlD8m011HR,Beéle,quédate,5020 Records,2,13,21,1293243,CO,Colombia,Q4,2025
8,spotify:track:6rZno3nqeT7hv2PnSWRuYS,Blessd,YOGURCITO,WEA Latina,6,8,58,1292160,CO,Colombia,Q4,2025
9,spotify:track:4zhk2RS2EZODmBW6il55Qj,"Beéle, Ovy On The Drums",mi refe,5020 Records,1,10,44,1259580,CO,Colombia,Q4,2025
10,spotify:track:7koAf6aZgjO6TS7bipfPD0,"Ovy On The Drums, Quevedo, Beéle",YO y TÚ,WEA Latina,2,9,17,1211614,CO,Colombia,Q4,2025
11,spotify:track:1kJyDcBrZ7rSKnFtKc82vm,"Blessd, Ovy On The Drums",AMISTA,WEA Latina,2,12,24,1181185,CO,Colombia,Q4,2025
12,spotify:track:0lMafSfME2iJEE972bsQaK,"Kybba, Sean Paul, Ryan Castro, Busy Signal",Ba Ba Bad Remix,Basshall,2,11,15,1150187,CO,Colombia,Q4,2025
13,spotify:track:6OCNg7QchXJMww1LHMjIzb,"Nicky Jam, Beéle",Hiekka,Nicky Jam,1,6,23,1122459,CO,Colombia,Q4,2025
14,spotify:track:1C7NXX8UJ6pgNx8EkmyZDd,Beéle,si te pillara,5020 Records,6,14,20,1088316,CO,Colombia,Q4,2025
15,spotify:track:46ufabZP6oK3ixmN6Gd753,"Ryan Castro, Dongo",SANKA,AWOO Corp./Sony Music Latin,7,15,18,1079405,CO,Colombia,Q4,2025
16,spotify:track:0Qe2g06yzLBuuSvVmFiweP,"Nanpa Básico, Beéle",Hasta Aquí Llegué,5020 Records,3,17,64,1007168,CO,Colombia,Q4,2025
17,spotify:track:4zqFA9MOG86u7uugR8QFDU,"Kapo, Ryan Castro",DÓNDE,Sony Music Latin/La Industria,14,16,14,996212,CO,Colombia,Q4,2025
18,spotify:track:0nafF9MxcXJBQWv3BTKtdF,"KAROL G, Feid",Verano Rosa,Bichota/Interscope Records,5,19,16,937057,CO,Colombia,Q4,2025
19,spotify:track:569xAmXCkpM3IsEOiG4hWe,"Kenny Die, Blessd, Kris R., Sebas",Ultra Complicado (feat. Sebas) - Remix,WEA Latina,3,20,34,928273,CO,Colombia,Q4,2025
20,spotify:track:2tKVinInf0PJS1iG04zzqi,"Blessd, Sebastian Ledher, Tayson Kryss, Joseph Ren",UNA NOCHE DE LOCURA,WEA Latina,10,18,20,891967,CO,Colombia,Q4,2025
21,spotify:track:1PREzVLuDT6PSE9sej4wnV,"Fuerza Regida, Grupo Frontera",COQUETA,Rancho Humilde/Streetmob Records/Grupo Frontera/Sony Music Latin,19,21,23,844485,CO,Colombia,Q4,2025
22,spotify:track:0fMjldiEpgjbWQ4bBQwVzH,Kapo,UWAIE,Sony Music Latin/La Industria,1,24,60,842581,CO,Colombia,Q4,2025
23,spotify:track:6uiQ0DqbXTBc8tl0AUKZkR,Rels B,TU VAS SIN (fav),DALE PLAY Records / Flakk Team,14,22,14,823483,CO,Colombia,Q4,2025
24,spotify:track:13BDiikG6y5o5cQTK0HpW6,"W Sound, Blessd, Ovy On The Drums",Soltera - W Sound 01,WEA Latina,1,23,62,801517,CO,Colombia,Q4,2025
25,spotify:track:7bywjHOc0wSjGGbj04XbVi,"Feid, ATL Jacob",LUNA,UMLE - Latino,1,25,97,755943,CO,Colombia,Q4,2025
26,spotify:track:0l0vcZMU7AOeQmUIREoI2U,"Rauw Alejandro, Bad Bunny",Qué Pasaría...,Sony Music Latin/Duars Entertainment,11,30,47,747796,CO,Colombia,Q4,2025
27,spotify:track:2btNsI4OvcVl7SAHQQDHFB,"Blessd, Ovy On The Drums",Mírame,WEA Latina,1,49,77,741266,CO,Colombia,Q4,2025
28,spotify:track:7ns16ylM6sbxo9ZWIwyE5d,"Danny Ocean, Kapo",Imagínate,Atlantic Records,1,33,48,713622,CO,Colombia,Q4,2025
29,spotify:track:3ClyThLf2bguwdMcm7hqZ2,"Kris R., Blessd",COSITAS,WEA Latina,16,29,9,705041,CO,Colombia,Q4,2025
30,spotify:track:1o4xkdBe0RjSf2u6VXi4OI,"Yan Block, Panda Black",444,SONAR LLC.,27,27,64,700522,CO,Colombia,Q4,2025
31,spotify:track:2lTm559tuIvatlT1u0JYG2,Bad Bunny,BAILE INoLVIDABLE,Rimas Entertainment LLC.,1,26,40,698567,CO,Colombia,Q4,2025
32,spotify:track:3CbiuLMBPM6uV4a7HvkOib,"Tony Dize, Plan B",Solos,Pina Records,29,41,156,693521,CO,Colombia,Q4,2025
33,spotify:track:3mg9jYNC1NihbthlglzrWP,"KAROL G, Feid, DFZM, Ovy On The Drums, J Balvin, Maluma, Ryan Castro, Blessd",+57,Bichota/Interscope Records,1,36,48,675259,CO,Colombia,Q4,2025
34,spotify:track:27xkOIER6uDLKALIelHylZ,Jin,Don’t Say You Love Me,BIGHIT MUSIC,30,54,20,671534,CO,Colombia,Q4,2025
35,spotify:track:0fea68AdmYNygeTGI4RC18,"J Balvin, Bad Bunny",LA CANCIÓN,Universal Music Latino / Rimas,2,38,328,670426,CO,Colombia,Q4,2025
36,spotify:track:3ddJ8Vbc5tYPxq5zKRVke6,"KAROL G, Marco Antonio Solís",Coleccionando Heridas,Bichota/Interscope Records,10,34,16,664206,CO,Colombia,Q4,2025
37,spotify:track:3KZCP2StVGdWkOKyRZNWA4,Plan B,Es un Secreto,Pina Records,18,28,245,663739,CO,Colombia,Q4,2025
38,spotify:track:4sTnItbNUAcS5KDG6vTA5B,"Blessd, Los Money Makers, Prodmonja",URUS BLUE,WEA Latina,32,35,19,653006,CO,Colombia,Q4,2025
39,spotify:track:482PEx8hfMHSsuGtHd960A,Kapo,OHNANA,Sony Music Latin/La Industria,3,39,69,645648,CO,Colombia,Q4,2025
40,spotify:track:4RLpkB6wWcFQyT0KDcxVNW,Reykon,GUAIA,Ciudad de Dios,40,42,3,641617,CO,Colombia,Q4,2025
41,spotify:track:6C1RD7YQVvt3YQj0CmuTeu,"Bad Bunny, Ozuna, Farruko, Arcángel, Ñengo Flow, DJ Luian, Mambo Kingz",Diles,Rimas Entertainment LLC,39,40,279,632146,CO,Colombia,Q4,2025
42,spotify:track:1dosSsKwYF7hoQA2kuu6wI,Taylor Swift,The Fate of Ophelia,Taylor Swift,42,-1,1,627440,CO,Colombia,Q4,2025
43,spotify:track:4TFjpINnVhINpTdrtNQIvx,"Kapo, Feid",X TI,Sony Music Latin/La Industria,19,37,14,616261,CO,Colombia,Q4,2025
44,spotify:track:0akaZYAc94xnVRKpuP2Lvt,"Blessd, Kris R.",JOKER,WEA Latina,12,32,20,610624,CO,Colombia,Q4,2025
45,spotify:track:0JoHqmlqE0W0i9prt6kcHR,"Maluma, Trap Capos, Noriel, Bryant Myers, Juhn","Cuatro Babys (feat. Trap Capos, Noriel, Bryant Myers & Juhn)",Sony Music Latin,16,44,112,584315,CO,Colombia,Q4,2025
46,spotify:track:614NVFo5csQqRnryl4jXs2,"Héctor ""El Father"", Wisin & Yandel",El Teléfono,Machete Music,46,93,10,577367,CO,Colombia,Q4,2025
47,spotify:track:3fmw8iIyQDS2L7nE6Wd0xG,Beéle,sobelove,5020 Records,5,31,31,575930,CO,Colombia,Q4,2025
48,spotify:track:5U3sC7aA5NxoMSeI1kmO2n,"Blessd, Los Money Makers, Prodmonja",NUEVA YORK,WEA Latina,42,73,19,560631,CO,Colombia,Q4,2025
49,spotify:track:4feh4Ak3ZJfC6ibxkNzlkE,"Boza, ELENA ROSE",orióN,Sony Music Latin,6,66,69,557732,CO,Colombia,Q4,2025
50,spotify:track:5DdLSEyKh8zgCrJq2hFj92,"Yan Block, TORRRES",Yo sé,SONAR LLC.,42,51,40,554963,CO,Colombia,Q4,2025
1,spotify:track:4wJ5Qq0jBN4ajy7ouZIV1c,"ROSÉ, Bruno Mars",APT.,Atlantic Records,1,1,12,3269442,DE,Germany,Q1,2025
2,spotify:track:7ne4VBA60CxGM75vw0EYad,Gracie Abrams,That’s So True,"Gracie Abrams, under exclusive license to Interscope Records",2,2,12,2605386,DE,Germany,Q1,2025
3,spotify:track:2plbrEY59IikOBgBGLjaoe,"Lady Gaga, Bruno Mars",Die With A Smile,Interscope,3,3,21,2385044,DE,Germany,Q1,2025
4,spotify:track:1EDPVGbyPKJPeGqATwXZvN,Linkin Park,The Emptiness Machine,Warner Records,1,4,18,2193911,DE,Germany,Q1,2025
5,spotify:track:1v1cijv1qjMJ5o9OvMWACS,Nina Chuba,Fata Morgana,Jive,3,5,9,1940805,DE,Germany,Q1,2025
6,spotify:track:4495xO2HkmqoYIxQO2FvAH,Jazeek,Ma Baby,NINETYNINE MUSIC x Good Kid Records x Ventura Records,1,8,9,1737091,DE,Germany,Q1,2025
7,spotify:track:6dOtVTDdiauQNBQEDOtlAB,Billie Eilish,BIRDS OF A FEATHER,Darkroom/Interscope Records,7,7,34,1732587,DE,Germany,Q1,2025
8,spotify:track:0uSHA5dbsCRMmzbidwhKwl,"Sosa La M, Luciano",Butcher,GOLD LEAGUE,4,6,5,1679225,DE,Germany,Q1,2025
9,spotify:track:1Es7AUAhQvapIcoh3qMKDL,"The Weeknd, Playboi Carti",Timeless (feat Playboi Carti),XO / Republic Records,6,11,15,1575803,DE,Germany,Q1,2025
10,spotify:track:35ISBknsCeZQtq66xABI9g,Lola Young,Messy,Universal-Island Records Ltd.,10,16,5,1569662,DE,Germany,Q1,2025
11,spotify:track:2262bWmqomIaJXwCRHr13j,Gigi Perez,Sailor Song,Gigi Perez PS/ Island,8,15,18,1474526,DE,Germany,Q1,2025
12,spotify:track:5QgpJEqPmM1Z0IbpnMKad7,LACAZETTE,ICH,LACAZETTE,12,13,2,1466047,DE,Germany,Q1,2025
13,spotify:track:1ZAY0JeV4APCcfvRkwTWEH,"SAMIRA, Jazeek",Allein da - Radio Edit,NTK Entertainment & Ventura Records,9,9,3,1334852,DE,Germany,Q1,2025
14,spotify:track:6rdy1vGWSpfPxKnHujzMmY,"Bonez MC, Jugglerz",Toyota (2016),187 Strassenbande & Vertigo/Capitol,12,12,2,1296688,DE,Germany,Q1,2025
15,spotify:track:3wPPWcVuinAU7dXcJXtCID,"Naughty Boy, Sam Smith",La La La,Virgin Records Ltd,15,35,3,1270960,DE,Germany,Q1,2025
16,spotify:track:4b3W0IbHDwHCvjSs708Tr4,"AYLIVA, Apache 207",Wunder,Whiteheart Records/WM Germany,1,14,37,1225688,DE,Germany,Q1,2025
17,spotify:track:2PJV3Ef8OzZId9Jfvz9eCn,Loredana,SURPRISE,Loredana,17,-1,1,1217298,DE,Germany,Q1,2025
18,spotify:track:7bkUa9kDFGxgCC7d36dzFI,Berq,Rote Flaggen,Urban,3,26,28,1197829,DE,Germany,Q1,2025
19,spotify:track:77p59nG1oU5pzd20rPxBwC,"Jazeek, Luciano, Miksu / Macloud",PLAYBOYBUNNIES,NINETYNINE MUSIC x Good Kid Records x Ventura Records,3,18,14,1157381,DE,Germany,Q1,2025
20,spotify:track:64f3yNXsi2Vk76odcHCOnw,Shirin David,bauch beine po,Juicy Money Records,1,10,24,1077247,DE,Germany,Q1,2025
21,spotify:track:3JG1uFc40wfyrqaWC7iv0e,Artemas,i like the way you kiss me,Artemas,1,19,43,1027741,DE,Germany,Q1,2025
22,spotify:track:2A1aS3mwuGuX2yk1bgxOvA,"BL3SS, CamrinWatsin, bbyclose",Kisses (feat. bbyclose),Atlantic Records UK,22,31,22,1021040,DE,Germany,Q1,2025
23,spotify:track:5nPbKG04fhLkIAjcPFaZq7,"HUGEL, Topic, Arash, Daecolm",I Adore You (feat. Daecolm),Intercord,18,29,25,1019836,DE,Germany,Q1,2025
24,spotify:track:3pPMgoouYtezLiBTEeL9be,"FOURTY, Bausa, CHEKAA",VEMPA,Life is Pain,3,23,38,994316,DE,Germany,Q1,2025
25,spotify:track:3nHuKdFJZm78CoeBnDcFKe,Teddy Swims,Bad Dreams,Warner Records,25,40,10,993758,DE,Germany,Q1,2025
26,spotify:track:003vvx7Niy0yvhvHt4a68B,The Killers,Mr. Brightside,Island Records,26,36,81,981599,DE,Germany,Q1,2025
27,spotify:track:09CnYHiZ5jGT1wr1TXJ9Zt,"Dimitri Vegas & Like Mike, Tiësto, Dido, W&W, Dimitri Vegas, Like Mike",Thank You (Not So Bad),Ministry of Sound Recordings,13,20,54,974207,DE,Germany,Q1,2025
28,spotify:track:6BPcUXYERAahpunmb0AovH,"Arcane, Stromae, Pomme",Ma Meilleure Ennemie (from the series Arcane League of Legends),Riot Games,16,42,7,961055,DE,Germany,Q1,2025
29,spotify:track:2HRqTpkrJO5ggZyyK6NPWz,Sabrina Carpenter,Espresso,Island Records,9,30,39,933460,DE,Germany,Q1,2025
30,spotify:track:6leQi7NakJQS1vHRtZsroe,Pashanim,Mittelmeer,Urban,1,44,33,921926,DE,Germany,Q1,2025
31,spotify:track:4nV2TbyTbGljX58MKwPxvm,LACAZETTE,LID,LACAZETTE,2,27,15,918240,DE,Germany,Q1,2025
32,spotify:track:2HBBM75Xv3o2Mqdyh1NcM0,Linkin Park,Heavy Is the Crown,Warner Records,3,34,16,916425,DE,Germany,Q1,2025
33,spotify:track:3QaPy1KgI7nu9FJEQUgn6h,Billie Eilish,WILDFLOWER,Darkroom/Interscope Records,24,56,32,909021,DE,Germany,Q1,2025
34,spotify:track:1FrYb6D5rPpYAcDWz0WykM,Bobby Vandamme,El Capitano,RCA & GOLD LEAGUE/GOVA Ent.,34,-1,1,897616,DE,Germany,Q1,2025
35,spotify:track:59NraMJsLaMCVtwXTSia8i,"cassö, RAYE, D-Block Europe",Prada,Ministry of Sound Recordings,2,24,74,884394,DE,Germany,Q1,2025
36,spotify:track:0dAorlY72lV0wIFf7ZWLsd,LACAZETTE,S&S,LACAZETTE,9,32,6,880288,DE,Germany,Q1,2025
37,spotify:track:2nLtzopw4rPReszdYBJU6h,Linkin Park,Numb,Warner Records,13,58,115,878234,DE,Germany,Q1,2025
38,spotify:track:5RKQ5NdjSh2QzD4MaunT91,Journey,Don't Stop Believin' (2022 Remaster),Columbia/Legacy,28,28,99,870787,DE,Germany,Q1,2025
39,spotify:track:5JLbgRkto4OrrkWgAHcJZT,Souly,Bundeswehr,Souly,19,50,16,865247,DE,Germany,Q1,2025
40,spotify:track:0cQVqPuHQP4KEwc7ZUQmj6,The Neighbourhood,Sweater Weather,Columbia,33,63,210,851690,DE,Germany,Q1,2025
41,spotify:track:0rtDE9zfXbamTlRUSwY7zy,Mark Ambor,Belong Together,"Hundred Days Records, LLC",4,46,43,844740,DE,Germany,Q1,2025
42,spotify:track:17phhZDn6oGtzMe56NuWvj,Teddy Swims,Lose Control,Warner Records,9,49,53,841712,DE,Germany,Q1,2025
43,spotify:track:0WbMK4wrZ1wFSty9F7FCgu,Chappell Roan,"Good Luck, Babe!",Chappell Roan PS/ Island,28,55,29,835716,DE,Germany,Q1,2025
44,spotify:track:3U5JVgI2x4rDyHGObzJfNf,Natasha Bedingfield,Unwritten,Sony Music CG,2,21,52,834156,DE,Germany,Q1,2025
45,spotify:track:3xkHsmpQCBMytMJNiDf3Ii,Benson Boone,Beautiful Things,"Night Street Records, Inc./Warner Records Inc.",1,22,51,827922,DE,Germany,Q1,2025
46,spotify:track:3M0lSi5WW79CXQamgSBIjx,Chase Atlantic,Swim,Warner Records,46,70,11,821348,DE,Germany,Q1,2025
47,spotify:track:5NtZlpRVomRYn5FYVwAYtO,Jazeek,Superstars,NINETYNINE MUSIC x Good Kid Records x VENTURA Records,27,76,59,814742,DE,Germany,Q1,2025
48,spotify:track:7cCdHHl3V2Z9kqNhmmh3vg,"Aymen, Amo, Ché Salah",TirTak,Epic/Moon Boys,48,-1,1,803875,DE,Germany,Q1,2025
49,spotify:track:3ilgxZl5g7MOQCUiky3VOG,Pashanim,Ms. Jackson,Urban,1,71,72,797317,DE,Germany,Q1,2025
50,spotify:track:0h3Xy4V4apMraB5NuM8U7Z,CYRIL,Stumblin' In,Spinnin' Records,7,17,52,790066,DE,Germany,Q1,2025
1,spotify:track:6YFNhYf7A33biVmMG1JSQf,Jazeek,AKON,NINETYNINE MUSIC x Good Kid Records x Ventura Records,1,1,2,5466300,DE,Germany,Q2,2025
2,spotify:track:1prNhzt3DdgRoxKoALTEYo,Zartmann,tau mich auf,Bamboo Artists/Epic,1,2,10,4499462,DE,Germany,Q2,2025
3,spotify:track:2GN2pbQi4Yz7Qp99Wbp2vZ,Nina Chuba,Unsicher,Jive,3,-1,1,3591755,DE,Germany,Q2,2025
4,spotify:track:6DbfhN2HIColQgffTlInqh,"Nimo, Amo",Aye,MOONBOYS ENTERTAINMENT/Warner Music Central Europe,4,-1,1,3048669,DE,Germany,Q2,2025
5,spotify:track:2RkZ5LkEzeHGRsmDqKwmaJ,Alex Warren,Ordinary,Atlantic Records,3,3,9,2821158,DE,Germany,Q2,2025
6,spotify:track:5ITV0zqzjOYfFWpW0xBmRa,"WizTheMc, bees & honey",Show Me Love,Bamboo Artists,6,10,9,2618403,DE,Germany,Q2,2025
7,spotify:track:4x7j9ed3FRH6CHj27kiTQ3,Oimara,Wackelkontakt,stereopolrecords / ZEITGEIST for Virgin Records,1,4,12,2387622,DE,Germany,Q2,2025
8,spotify:track:6LS8P88Zcp1Xy8VGavEYV2,LACAZETTE,RAP,LACAZETTE,8,-1,1,2096682,DE,Germany,Q2,2025
9,spotify:track:4wJ5Qq0jBN4ajy7ouZIV1c,"ROSÉ, Bruno Mars",APT.,Atlantic Records,1,9,25,1994855,DE,Germany,Q2,2025
10,spotify:track:3B32IYD2zmDza2Pp17xqgV,benno!,Dein Mann Freestyle,Epic/do them proud,10,13,7,1970556,DE,Germany,Q2,2025
11,spotify:track:2uj2UZwhooohVKQREM7Wx8,"makko, Miksu / Macloud",STREIT,Futura,7,7,5,1936443,DE,Germany,Q2,2025
12,spotify:track:61lNxSCj38lvmZjJZuhXSt,reezy,SABÍA QUE NO,Four Music/TEENAGER FOREVER Ent.,1,14,13,1905187,DE,Germany,Q2,2025
13,spotify:track:0dIb1x3ilFtfprAfbfOEKm,"Noah Kraus, Wir sind Helden",Nur ein Wort,Ventura x Jinx 030,13,16,3,1869198,DE,Germany,Q2,2025
14,spotify:track:36w8f4Cl7JqTbFDamAdq8Q,AYLIVA,Wie?,Whiteheart Records/Warner Music Central Europe,1,11,7,1773278,DE,Germany,Q2,2025
15,spotify:track:3LPLRNr58Z9Pn0clnEtkXb,Doechii,Anxiety,Top Dawg Entertainment/Capitol Records,5,12,5,1740983,DE,Germany,Q2,2025
16,spotify:track:0jsnXwAKMBZ455LiT5ovGj,"Zartmann, Gustav, 01099",schönhauser (feat. Gustav),Bamboo Artists/Epic,16,-1,1,1589297,DE,Germany,Q2,2025
17,spotify:track:1EDPVGbyPKJPeGqATwXZvN,Linkin Park,The Emptiness Machine,Warner Records,1,17,31,1580492,DE,Germany,Q2,2025
18,spotify:track:5ZWscvrwpqPpVEdAzr9TJK,reezy,THOUGHTS,Four Music/TEENAGER FOREVER Ent.,18,-1,1,1549749,DE,Germany,Q2,2025
19,spotify:track:7so0lgd0zP2Sbgs2d7a1SZ,"Lady Gaga, Bruno Mars",Die With A Smile,Interscope Records,3,18,34,1527423,DE,Germany,Q2,2025
20,spotify:track:4WRPZc8xQsolMusrLy2sxn,"Jazeek, SAMIRA",CRAZYYY,NINETYNINE MUSIC x Good Kid Records x Ventura Records,5,5,2,1525715,DE,Germany,Q2,2025
21,spotify:track:5IL3VPDy5siXiptYHF2aLS,Linkin Park,Up From the Bottom,Warner Records,8,8,2,1495546,DE,Germany,Q2,2025
22,spotify:track:6xLoWndBgNvlylHAWxiqxw,"Filow, Ikkimel, Lucry & Suena",Jiggy,1UP Management GmbH,2,15,4,1472201,DE,Germany,Q2,2025
23,spotify:track:5Wa9GnIUnyk8H56ZqPwG1J,Zartmann,wunderschön,Bamboo Artists/Epic,20,43,4,1387728,DE,Germany,Q2,2025
24,spotify:track:4JxUgmIt5Mi4xrBlf7srDW,"Bonez MC, Nate57, Jugglerz",bissu dumm ¿,187 Strassenbande & Vertigo/Capitol,6,6,2,1376837,DE,Germany,Q2,2025
25,spotify:track:35ISBknsCeZQtq66xABI9g,Lola Young,Messy,Universal-Island Records Ltd.,9,23,18,1359666,DE,Germany,Q2,2025
26,spotify:track:7ne4VBA60CxGM75vw0EYad,Gracie Abrams,That’s So True,"Gracie Abrams, under exclusive license to Interscope Records",2,21,25,1356554,DE,Germany,Q2,2025
27,spotify:track:1cXo8i9dgutdqjhjz3Zwqq,"Zartmann, Drumla, Dauner",eehhhyyy,Bamboo Artists/Epic,13,28,40,1339471,DE,Germany,Q2,2025
28,spotify:track:4sTlQPMyoFMPdhAJvErBN3,ATLXS,PASSO BEM SOLTO - Slowed,broke,28,56,3,1253373,DE,Germany,Q2,2025
29,spotify:track:2FAZskT9yRjp2Oow9szJD8,"Chrystal, NOTION",The Days - NOTION Remix,Polydor Records,21,26,15,1249449,DE,Germany,Q2,2025
30,spotify:track:2LHNTC9QZxsL3nWpt8iaSR,Lady Gaga,Abracadabra,Interscope Records,5,22,10,1235095,DE,Germany,Q2,2025
31,spotify:track:0GRc3eGTg8HBdWLRGYgqIc,Ed Sheeran,Azizam,Gingerbread Man Records / Atlantic Records UK,31,-1,1,1234910,DE,Germany,Q2,2025
32,spotify:track:2qX5NeJHw3LGR2cNoY8qbK,YAKARY,me & you,Life is Pain,4,20,6,1212972,DE,Germany,Q2,2025
33,spotify:track:5CAQu1mu1hJjotypwOeHsd,"KC Rebell, Eno, Hakim Lokman",Hade,Rebellarmy,33,-1,1,1202096,DE,Germany,Q2,2025
34,spotify:track:5nPbKG04fhLkIAjcPFaZq7,"HUGEL, Topic, Arash, Daecolm",I Adore You (feat. Daecolm),Intercord,18,35,38,1201814,DE,Germany,Q2,2025
35,spotify:track:559mLg44MrcA7JzYGbpXfL,"MilleniumKid, JBS",Vielleicht Vielleicht,Warner Music Central Europe,17,25,65,1159105,DE,Germany,Q2,2025
36,spotify:track:6dOtVTDdiauQNBQEDOtlAB,Billie Eilish,BIRDS OF A FEATHER,Darkroom/Interscope Records,7,31,47,1119388,DE,Germany,Q2,2025
37,spotify:track:3COS5kuid5EKAfN2klE84V,Sosa La M,Northside,GOLD LEAGUE,5,29,7,1102322,DE,Germany,Q2,2025
38,spotify:track:1v1cijv1qjMJ5o9OvMWACS,Nina Chuba,Fata Morgana,Jive,3,34,22,1085619,DE,Germany,Q2,2025
39,spotify:track:3U5JVgI2x4rDyHGObzJfNf,Natasha Bedingfield,Unwritten,Sony Music CG,2,37,65,1075802,DE,Germany,Q2,2025
40,spotify:track:3xkHsmpQCBMytMJNiDf3Ii,Benson Boone,Beautiful Things,"Night Street Records, Inc./Warner Records Inc.",1,33,64,1066845,DE,Germany,Q2,2025
41,spotify:track:7sedwDZpxuRgJipH9gMQCa,"Drunken Masters, Nico K.I.Z, K.I.Z",Undertheker,EKLAT Tonträger/Warner Music Central Europe,24,24,2,1045206,DE,Germany,Q2,2025
42,spotify:track:18o2gKM9pMyEWWAT9ZaGvr,ZAH1DE,Mona Lisa Motion,Ventura Records,22,30,7,1033900,DE,Germany,Q2,2025
43,spotify:track:2262bWmqomIaJXwCRHr13j,Gigi Perez,Sailor Song,Gigi Perez PS/ Island,8,38,31,1013793,DE,Germany,Q2,2025
44,spotify:track:6leQi7NakJQS1vHRtZsroe,Pashanim,Mittelmeer,Urban,1,48,46,1000175,DE,Germany,Q2,2025
45,spotify:track:2D5QXUefpysc8bptMEfsU4,Jazeek,Ma Baby,NINETYNINE MUSIC x Good Kid Records x Ventura Records,1,27,22,996552,DE,Germany,Q2,2025
46,spotify:track:7yNQ5oPcuCC4wTqTcMRIrE,Ely Oaks,Running Around,JINX Music,36,39,9,996223,DE,Germany,Q2,2025
47,spotify:track:3BntzKsnLf2pc0dsvE3Zav,Teddy Swims,Bad Dreams,Warner Records,24,40,23,993924,DE,Germany,Q2,2025
48,spotify:track:4b3W0IbHDwHCvjSs708Tr4,"AYLIVA, Apache 207",Wunder,Whiteheart Records/WM Germany,1,42,50,978800,DE,Germany,Q2,2025
49,spotify:track:5lsYXP02jd62YmG4iARPTK,"CRO, jolle",Märchenwald,Columbia/truworks records,26,52,5,940965,DE,Germany,Q2,2025
50,spotify:track:0FIDCNYYjNvPVimz5icugS,"The Weeknd, Playboi Carti",Timeless (feat Playboi Carti),XO / Republic Records,6,45,28,932618,DE,Germany,Q2,2025
1,spotify:track:5VCMfmkWKmROl2xnDA5wus,"Amo, Aymen",Love all night,Epic/385i,1,-1,1,3279856,DE,Germany,Q3,2025
2,spotify:track:7ecko4ieGpsWtj4h0rBAaJ,"RAF Camora, Apache 207",JUPITER,Indipendenza,2,-1,1,3198031,DE,Germany,Q3,2025
3,spotify:track:1prNhzt3DdgRoxKoALTEYo,Zartmann,tau mich auf,Bamboo Artists/Epic,1,2,23,2556298,DE,Germany,Q3,2025
4,spotify:track:2RkZ5LkEzeHGRsmDqKwmaJ,Alex Warren,Ordinary,Atlantic Records,2,3,22,2461126,DE,Germany,Q3,2025
5,spotify:track:7f4L1SHhVir0UxPC2sKidp,"Jazeek, Shindy",PARFUM,NINETYNINE MUSIC x Good Kid Records x Ventura Records,1,1,3,2317063,DE,Germany,Q3,2025
6,spotify:track:6YFNhYf7A33biVmMG1JSQf,Jazeek,AKON,NINETYNINE MUSIC x Good Kid Records x Ventura Records,1,4,15,2168926,DE,Germany,Q3,2025
7,spotify:track:5OeScOAa7LAx2jN11RRVJe,Luciano,Hit One,URBAN,7,-1,1,2080511,DE,Germany,Q3,2025
8,spotify:track:2U07Gukj3QGlLh0krokPdG,"Aymen, Amo",Capri Sun,Epic/Moon Boys,4,6,6,1991580,DE,Germany,Q3,2025
9,spotify:track:1JjHQ4lfAjbDq7wmOmH9wM,"Pashanim, Ceren",Shabab(e)s im VIP,Urban,1,5,11,1972401,DE,Germany,Q3,2025
10,spotify:track:1CPZ5BxNNd0n0nF4Orb9JS,"HUNTR/X, EJAE, AUDREY NUNA, REI AMI, KPop Demon Hunters Cast",Golden,K-Pop Demon Hunters,10,27,3,1722758,DE,Germany,Q3,2025
11,spotify:track:1HFXlVDXuU5kCVgk2EccP7,"Nimo, KALIM",Von vorn,MOONBOYS ENTERTAINMENT/Warner Music Central Europe,11,-1,1,1719515,DE,Germany,Q3,2025
12,spotify:track:3zadSXykCJFdmRKxsfOQ2h,"Tream, treamiboii",DRAGO AUGUSTINO,3AM MUSIC,9,9,5,1653491,DE,Germany,Q3,2025
13,spotify:track:093CvEm5wkS7yerDDDxZkR,Dardan,Luje,Hypnotize Entertainment,13,-1,1,1513129,DE,Germany,Q3,2025
14,spotify:track:1I37Zz2g3hk9eWxaNkj031,"Saja Boys, Andrew Choi, Neckwav, Danny Chung, KEVIN WOO, samUIL Lee, KPop Demon Hunters Cast",Your Idol,K-Pop Demon Hunters,14,39,2,1437711,DE,Germany,Q3,2025
15,spotify:track:1E7xmNFzqkkh1DMwBomBg3,Nina Chuba,Wenn das Liebe ist,Jive,2,10,6,1432045,DE,Germany,Q3,2025
16,spotify:track:0GRc3eGTg8HBdWLRGYgqIc,Ed Sheeran,Azizam,Gingerbread Man Records / Atlantic Records UK,16,20,14,1417596,DE,Germany,Q3,2025
17,spotify:track:5ITV0zqzjOYfFWpW0xBmRa,"WizTheMc, bees & honey",Show Me Love,Bamboo Artists,6,14,22,1410445,DE,Germany,Q3,2025
18,spotify:track:0FTmksd2dxiE5e3rWyJXs6,sombr,back to friends,Warner Records,18,22,16,1385453,DE,Germany,Q3,2025
19,spotify:track:1W14FFFgsM0m6DUt3Tf6NP,Roy Bianco & Die Abbrunzati Boys,Bella Napoli,Electrola,11,11,14,1372480,DE,Germany,Q3,2025
20,spotify:track:2yWlGEgEfPot0lv3OAjuG3,"Tate McRae, F1 The Album",Just Keep Watching (From F1® The Movie),Atlantic Records,17,37,6,1369799,DE,Germany,Q3,2025
21,spotify:track:2WQ09wqQBIOor7Q0VpIDBK,Black Eyed Peas,Rock That Body,Interscope,17,17,6,1356964,DE,Germany,Q3,2025
22,spotify:track:1EDPVGbyPKJPeGqATwXZvN,Linkin Park,The Emptiness Machine,Warner Records,1,24,44,1355044,DE,Germany,Q3,2025
23,spotify:track:6cT1JGlT1HZaRZLzq3iHjA,"Jamal, HoodBlaq",WENN DU MICH SIEHST,Columbia/BE.ELA.QU GmbH,23,-1,1,1348152,DE,Germany,Q3,2025
24,spotify:track:0QCIpQV3twfqo9kh0t8Zza,"MOLIY, Silent Addy, Skillibeng, Shenseea",Shake It To The Max (FLY) - Remix,WONDERGIRL LLC,9,19,14,1332956,DE,Germany,Q3,2025
25,spotify:track:5nPbKG04fhLkIAjcPFaZq7,"HUGEL, Topic, Arash, Daecolm",I Adore You (feat. Daecolm),Intercord,15,15,51,1331195,DE,Germany,Q3,2025
26,spotify:track:36puuD04lEUD8kVwQsTLm6,SSIO,Alles oder Nix,Urban,2,8,3,1289093,DE,Germany,Q3,2025
27,spotify:track:5XlJP2J81wF20QariDKRJW,Aymen,Plug,Epic/Moon Boys,3,25,13,1273320,DE,Germany,Q3,2025
28,spotify:track:605G7F1FEjm60IdXmLhlNN,Provinz,Walzer,Provinz,23,36,19,1270714,DE,Germany,Q3,2025
29,spotify:track:4x7j9ed3FRH6CHj27kiTQ3,Oimara,Wackelkontakt,stereopolrecords / ZEITGEIST for Virgin Records,1,23,25,1270315,DE,Germany,Q3,2025
30,spotify:track:4WFgvKVfEhb3IUAFGrutTR,Ravyn Lenae,Love Me Not,Atlantic Records,25,28,14,1249928,DE,Germany,Q3,2025
31,spotify:track:4wJ5Qq0jBN4ajy7ouZIV1c,"ROSÉ, Bruno Mars",APT.,Atlantic Records,1,29,38,1226126,DE,Germany,Q3,2025
32,spotify:track:3RXUgPNIbUgFxsDWuBQEt6,"HUNTR/X, EJAE, AUDREY NUNA, REI AMI, KPop Demon Hunters Cast",How It’s Done,K-Pop Demon Hunters,32,50,2,1222683,DE,Germany,Q3,2025
33,spotify:track:4IgsV4j9x88UgXTiYSzMK5,YUNG SAINT PAUL,Camilla,Four Music/Kumpelmusik,8,18,7,1210508,DE,Germany,Q3,2025
34,spotify:track:5ejTcCJOozPqRPMs9gW3pN,KAMRAD,Be Mine,umn Entertainment,26,26,8,1197986,DE,Germany,Q3,2025
35,spotify:track:4cTEuDTBN5rE5D88y0mQHl,Aymen,Wir sind Stars,Epic/Moon Boys,16,16,2,1161338,DE,Germany,Q3,2025
36,spotify:track:11zZDUazgO4zMrW03q2fWo,reezy,TRAPPER'S LULLABY,Four Music/TEENAGER FOREVER Ent.,8,13,3,1135967,DE,Germany,Q3,2025
37,spotify:track:1OH0dxRdfoKbZG9ubxiT7I,"Azet, The Underdog Project",Summer Baby,Fastlife Records,7,7,2,1125604,DE,Germany,Q3,2025
38,spotify:track:60a0Rd6pjrkxjPbaKzXjfq,Linkin Park,In the End,Warner Records,15,44,326,1108812,DE,Germany,Q3,2025
39,spotify:track:773uSnil7arBe7hEZJJf7p,"Amo, Nimo",Reggaeton,Epic/385i,11,30,3,1099544,DE,Germany,Q3,2025
40,spotify:track:4uFOYZtzKEJElfzpbqbk6N,"RAF Camora, reezy",CONNECTED,Indipendenza,2,35,8,1091892,DE,Germany,Q3,2025
41,spotify:track:7iOadzb2kNGSR0vuZk1DD9,"Dardan, Morad",Tutto Bene,Hypnotize Entertainment,3,21,5,1078575,DE,Germany,Q3,2025
42,spotify:track:5sBDrrtLGbV64QJnEqfjer,"HUNTR/X, EJAE, AUDREY NUNA, REI AMI, KPop Demon Hunters Cast",What It Sounds Like,K-Pop Demon Hunters,42,58,2,1041058,DE,Germany,Q3,2025
43,spotify:track:3RJqGQaU5C6olAtsaO7hjc,"Ely Oaks, LAVINIA",Borderline,JINX Music,8,41,11,1034467,DE,Germany,Q3,2025
44,spotify:track:5j3HKajYBpwZXJjbR4Abn6,LACAZETTE,CLS,LACAZETTE,44,-1,1,1030183,DE,Germany,Q3,2025
45,spotify:track:2FAZskT9yRjp2Oow9szJD8,"Chrystal, NOTION",The Days - NOTION Remix,Polydor Records,21,40,28,1024891,DE,Germany,Q3,2025
46,spotify:track:20ABHNIR9jBXjaQnLjcVI2,"Azet, Bobby Vandamme",Buscape,Fastlife Records,7,38,9,1018863,DE,Germany,Q3,2025
47,spotify:track:2ghPrJZ7sn1MlyCAUja1C6,Nina Chuba,RAGE GIRL,Jive,12,12,2,1018183,DE,Germany,Q3,2025
48,spotify:track:4H0ly29pj5g6vMKum5kkhu,Ikkimel,WHO'S THAT,Four Music Local,20,34,3,1009467,DE,Germany,Q3,2025
49,spotify:track:1BJJbSX6muJVF2AK7uH1x4,"Adam Port, Stryv, Keinemusik, Orso, Malachiii",Move,Keinemusik,3,31,57,1008348,DE,Germany,Q3,2025
50,spotify:track:1MDyUzZgyrdeQVmV1FU3WQ,"Contec, Lina Maly",Als du gingst - edit,Intercord,16,43,10,1001803,DE,Germany,Q3,2025
1,spotify:track:1dosSsKwYF7hoQA2kuu6wI,Taylor Swift,The Fate of Ophelia,Taylor Swift,1,-1,1,5976085,DE,Germany,Q4,2025
2,spotify:track:67osB3wmJVTFzKhWqPb1Hm,Taylor Swift,Opalite,Taylor Swift,2,-1,1,3943536,DE,Germany,Q4,2025
3,spotify:track:1A2vZKJZovt4828jwLgiB3,Taylor Swift,Elizabeth Taylor,Taylor Swift,3,-1,1,3884722,DE,Germany,Q4,2025
4,spotify:track:1lD0oPIfSYid1LhPvgrz10,Taylor Swift,Father Figure,Taylor Swift,4,-1,1,3298417,DE,Germany,Q4,2025
5,spotify:track:3FzJDGVjRGNc7KrkabU5N0,Taylor Swift,CANCELLED!,Taylor Swift,5,-1,1,2940401,DE,Germany,Q4,2025
6,spotify:track:6iC3L3YmAkGucvJbXKDanA,Taylor Swift,Eldest Daughter,Taylor Swift,6,-1,1,2779711,DE,Germany,Q4,2025
7,spotify:track:1CPZ5BxNNd0n0nF4Orb9JS,"HUNTR/X, EJAE, AUDREY NUNA, REI AMI, KPop Demon Hunters Cast",Golden,K-Pop Demon Hunters,1,1,16,2776117,DE,Germany,Q4,2025
8,spotify:track:6ZSxG2QvGmwXbTfn7iDq7a,Taylor Swift,Actually Romantic,Taylor Swift,8,-1,1,2713118,DE,Germany,Q4,2025
9,spotify:track:243KxZULAjWO3KREpVHgOH,"Taylor Swift, Sabrina Carpenter",The Life of a Showgirl (feat. Sabrina Carpenter),Taylor Swift,9,-1,1,2680671,DE,Germany,Q4,2025
10,spotify:track:0129EujhGkwtwTFADGem5P,Taylor Swift,Wood,Taylor Swift,10,-1,1,2660874,DE,Germany,Q4,2025
11,spotify:track:3Qeh4z08FfDBRfQMfDv83f,Taylor Swift,Wi$h Li$t,Taylor Swift,11,-1,1,2659708,DE,Germany,Q4,2025
12,spotify:track:34xxPZWbEyg5iDKEBqdsBZ,Taylor Swift,Ruin The Friendship,Taylor Swift,12,-1,1,2577915,DE,Germany,Q4,2025
13,spotify:track:3vGd1heFoUuFGvKvl0SdW3,Taylor Swift,Honey,Taylor Swift,13,-1,1,2233819,DE,Germany,Q4,2025
14,spotify:track:6JPysVgPfEab03Gbm7hjXM,"Tkandz, CXSPER",NOW OR NEVER,Everything's Yours Entertainment,3,3,3,2017620,DE,Germany,Q4,2025
15,spotify:track:2RkZ5LkEzeHGRsmDqKwmaJ,Alex Warren,Ordinary,Atlantic Records,2,2,35,1862938,DE,Germany,Q4,2025
16,spotify:track:7qjZnBKE73H4Oxkopwulqe,sombr,back to friends,Warner Records,4,4,29,1683499,DE,Germany,Q4,2025
17,spotify:track:3cZajhyr8LmtPfHZ9296tj,"Disco Lines, Tinashe",No Broke Boys,Nice Life/Atlantic,5,5,13,1463747,DE,Germany,Q4,2025
18,spotify:track:6YFNhYf7A33biVmMG1JSQf,Jazeek,AKON,NINETYNINE MUSIC x Good Kid Records x Ventura Records,1,8,28,1367477,DE,Germany,Q4,2025
19,spotify:track:1prNhzt3DdgRoxKoALTEYo,Zartmann,tau mich auf,Bamboo Artists/Epic,1,7,36,1252484,DE,Germany,Q4,2025
20,spotify:track:7HBzNwzwnKLVF1GtcjnA2C,Montez,Herzensmensch,Herzinfucked Records,20,-1,1,1201335,DE,Germany,Q4,2025
21,spotify:track:4PFe51A35tfRKVzAl5Jzig,Luciano,Memories,URBAN,21,-1,1,1197768,DE,Germany,Q4,2025
22,spotify:track:05od2qm2MTSKCHxy1GBp5W,sombr,12 to 12,Warner Records,9,9,11,1183692,DE,Germany,Q4,2025
23,spotify:track:0pBZFyyLFV48OwbYQiy3sM,"SSIO, K.I.Z",Ich Ich Ich Ich Ich,Urban,23,-1,1,1170714,DE,Germany,Q4,2025
24,spotify:track:0Bf7Lc7d6gE3xUDCePUvV7,Pashanim,erstersommerohnedich,Urban,1,6,4,1163528,DE,Germany,Q4,2025
25,spotify:track:6yKRxSyDyKXcYA9DGkG5Aq,"Aymo, Aymen, Amo",Pech & Schwefel,Epic/385i/Moon Boys,25,-1,1,1149203,DE,Germany,Q4,2025
26,spotify:track:4PCNkLfMpaPYEwBMsknI8R,"Amo, Aymen",Love all night,Epic/385i,1,10,14,1094697,DE,Germany,Q4,2025
27,spotify:track:1XZK1B904mtFv1Ze3Rgeg2,"FAYAN, Dalton",VERLIEBT IN MICH,VSIL x Between Worlds x Ventura Records,13,13,6,1061158,DE,Germany,Q4,2025
28,spotify:track:3RXUgPNIbUgFxsDWuBQEt6,"HUNTR/X, EJAE, AUDREY NUNA, REI AMI, KPop Demon Hunters Cast",How It’s Done,K-Pop Demon Hunters,11,20,15,1027047,DE,Germany,Q4,2025
29,spotify:track:6hSOdY15SDS6c3hAAnDMD4,Yc,Shake,GOLD LEAGUE,29,43,2,1017074,DE,Germany,Q4,2025
30,spotify:track:02sy7FAs8dkDNYsHp4Ul3f,"Saja Boys, Andrew Choi, Neckwav, Danny Chung, KEVIN WOO, samUIL Lee, KPop Demon Hunters Cast",Soda Pop,K-Pop Demon Hunters,13,18,15,1012039,DE,Germany,Q4,2025
31,spotify:track:1I37Zz2g3hk9eWxaNkj031,"Saja Boys, Andrew Choi, Neckwav, Danny Chung, KEVIN WOO, samUIL Lee, KPop Demon Hunters Cast",Your Idol,K-Pop Demon Hunters,10,17,15,1008855,DE,Germany,Q4,2025
32,spotify:track:4x7j9ed3FRH6CHj27kiTQ3,Oimara,Wackelkontakt,stereopolrecords / ZEITGEIST for Virgin Records,1,15,38,992796,DE,Germany,Q4,2025
33,spotify:track:5sBDrrtLGbV64QJnEqfjer,"HUNTR/X, EJAE, AUDREY NUNA, REI AMI, KPop Demon Hunters Cast",What It Sounds Like,K-Pop Demon Hunters,14,22,15,972610,DE,Germany,Q4,2025
34,spotify:track:1JjHQ4lfAjbDq7wmOmH9wM,"Pashanim, Ceren",Shabab(e)s im VIP,Urban,1,16,24,951083,DE,Germany,Q4,2025
35,spotify:track:0ypQOwWWnjYx9ZOIjZXNCP,"Aymen, SIRA",30 mal am Tag,Epic/Moon Boys,1,14,11,942287,DE,Germany,Q4,2025
36,spotify:track:1qbmS6ep2hbBRaEZFpn7BX,Olivia Dean,Man I Need,PLG - Capitol,23,23,6,927739,DE,Germany,Q4,2025
37,spotify:track:0TFTAtCYhp2tQ9KcJIZb55,sombr,undressed,Warner Records,20,24,28,923612,DE,Germany,Q4,2025
38,spotify:track:2ewwQzODKfnyZpgtDalWW5,"Bonez MC, Lucry & Suena",Theater 🎭,187 Strassenbande & Vertigo/Capitol,38,-1,1,904608,DE,Germany,Q4,2025
39,spotify:track:60a0Rd6pjrkxjPbaKzXjfq,Linkin Park,In the End,Warner Records,15,25,339,900782,DE,Germany,Q4,2025
40,spotify:track:55lijDD6OAjLFFUHU9tcDm,RAYE,WHERE IS MY HUSBAND!,Human Re Sources,33,33,3,900388,DE,Germany,Q4,2025
41,spotify:track:0MHStU0muAIEMbwdnebYu2,"HUNTR/X, EJAE, AUDREY NUNA, REI AMI, KPop Demon Hunters Cast",Takedown,K-Pop Demon Hunters,19,38,15,899760,DE,Germany,Q4,2025
42,spotify:track:04a44cx2PJthIbN2aLMXhl,Tate McRae,TIT FOR TAT,RCA Records Label,12,12,2,874673,DE,Germany,Q4,2025
43,spotify:track:4WFgvKVfEhb3IUAFGrutTR,Ravyn Lenae,Love Me Not,Atlantic Records,25,31,27,871527,DE,Germany,Q4,2025
44,spotify:track:1EDPVGbyPKJPeGqATwXZvN,Linkin Park,The Emptiness Machine,Warner Records,1,26,57,871192,DE,Germany,Q4,2025
45,spotify:track:0cQVqPuHQP4KEwc7ZUQmj6,The Neighbourhood,Sweater Weather,Columbia,33,34,249,867274,DE,Germany,Q4,2025
46,spotify:track:7jtQIBanIiJOMS6RyCx6jZ,Tom Odell,Another Love,ITNO/Columbia,10,39,240,849642,DE,Germany,Q4,2025
47,spotify:track:1W14FFFgsM0m6DUt3Tf6NP,Roy Bianco & Die Abbrunzati Boys,Bella Napoli,Electrola,11,27,27,839921,DE,Germany,Q4,2025
48,spotify:track:7vkZI3Nk7phvR7zST8XRyM,Mucco,PUSH PUSH,Life is Pain,48,-1,1,839019,DE,Germany,Q4,2025
49,spotify:track:6xV7Be6XEvkSnighmh2Tzj,"Tyler, The Creator",Sugar On My Tongue,Columbia,41,41,7,832754,DE,Germany,Q4,2025
50,spotify:track:2yWlGEgEfPot0lv3OAjuG3,"Tate McRae, F1 The Album",Just Keep Watching (From F1® The Movie),Atlantic Records,17,32,19,827655,DE,Germany,Q4,2025
1,spotify:track:4DnrAI8WyUY6gkOwl8GlPN,"Alleh, Yorghaki",capaz (merengueton),CONMUER LLC,1,1,6,5028027,ES,Spain,Q1,2025
2,spotify:track:5TFD2bmFKGhoCRbX61nXY5,Bad Bunny,NUEVAYoL,Rimas Entertainment LLC.,2,-1,1,3619804,ES,Spain,Q1,2025
3,spotify:track:7d6yK8v8J484SWH5prIQiE,"Bad Bunny, Omar Courtz, Dei V",VeLDÁ,Rimas Entertainment LLC.,3,-1,1,3285825,ES,Spain,Q1,2025
4,spotify:track:59D4DOkspUbWyMmbAPQkxZ,Bad Bunny,VOY A LLeVARTE PA PR,Rimas Entertainment LLC.,4,-1,1,3112572,ES,Spain,Q1,2025
5,spotify:track:4zbEItKoaRId1vRZkoO0Uh,"Danny Ocean, Kapo",Imagínate,Atlantic Records,5,9,9,2737995,ES,Spain,Q1,2025
6,spotify:track:2lTm559tuIvatlT1u0JYG2,Bad Bunny,BAILE INoLVIDABLE,Rimas Entertainment LLC.,6,-1,1,2723847,ES,Spain,Q1,2025
7,spotify:track:2kQ1OvmMzs1xdlH020aJJh,"Quevedo, Aitana",GRAN VÍA,2024 DQE Productions Distribuido por RIMAS Entertainment,1,4,7,2660333,ES,Spain,Q1,2025
8,spotify:track:7ricDBUakN3N0YkkKE8Obu,"Beéle, Ovy On The Drums",mi refe,5020 Records,8,19,4,2607554,ES,Spain,Q1,2025
9,spotify:track:7lcbpfihslisNObKdHjyLo,"Clarent, Mora",IA,WEA Latina,1,3,12,2603349,ES,Spain,Q1,2025
10,spotify:track:3sK8wGT43QFpWrvNQsrQya,Bad Bunny,DtMF,Rimas Entertainment LLC.,10,-1,1,2545026,ES,Spain,Q1,2025
11,spotify:track:0qeIFEGRQqHoaJtLCl0U73,"Myke Towers, benny blanco",DEGENERE 👑 (feat. benny blanco),WEA Latina,1,2,12,2541619,ES,Spain,Q1,2025
12,spotify:track:0iKo4pNNjHHdKUcFARlfCa,Bad Bunny,EL CLúB,Rimas Entertainment LLC.,4,34,5,2477432,ES,Spain,Q1,2025
13,spotify:track:1Q9Efnm5csdCMFynISxL2x,"Bad Bunny, RaiNao",PERFuMITO NUEVO,Rimas Entertainment LLC.,13,-1,1,2401197,ES,Spain,Q1,2025
14,spotify:track:6aO53Wsz32bgMBytw6pIYm,Cano,Se Pone Las Nike,WM Spain,5,6,10,2378243,ES,Spain,Q1,2025
15,spotify:track:5WEF0icHWmAZBBMglBd599,"Bad Bunny, Chuwi",WELTiTA,Rimas Entertainment LLC.,15,-1,1,2311433,ES,Spain,Q1,2025
16,spotify:track:14QaXYIK3K3QPtezqxRRPN,Bad Bunny,PIToRRO DE COCO,Rimas Entertainment LLC.,15,15,2,2185422,ES,Spain,Q1,2025
17,spotify:track:6WatFBLVB0x077xWeoVc2k,KAROL G,Si Antes Te Hubiera Conocido,Bichota/Interscope Records,1,5,29,2127461,ES,Spain,Q1,2025
18,spotify:track:6J5kc12BW5HuP3d7C3vvx8,Bad Bunny,EoO,Rimas Entertainment LLC.,18,-1,1,2036073,ES,Spain,Q1,2025
19,spotify:track:5DdLSEyKh8zgCrJq2hFj92,"Yan Block, TORRRES",Yo sé,SONAR LLC.,7,7,12,1941320,ES,Spain,Q1,2025
20,spotify:track:4MUrUT38U98olfnyzMBCzm,Bad Bunny,KLOuFRENS,Rimas Entertainment LLC.,20,-1,1,1919438,ES,Spain,Q1,2025
21,spotify:track:4c2Pc0NrfkesPR0jff6q3F,Bad Bunny,KETU TeCRÉ,Rimas Entertainment LLC.,21,-1,1,1896207,ES,Spain,Q1,2025
22,spotify:track:79x7xtoCLpf6l32Zz6mWo4,Bad Bunny,BOKeTE,Rimas Entertainment LLC.,22,-1,1,1768260,ES,Spain,Q1,2025
23,spotify:track:58ldPuiCULxm08TCZ8qX4D,"Quevedo, La Pantera",HALO,2024 DQE Productions Distribuido por RIMAS Entertainment,7,8,7,1751037,ES,Spain,Q1,2025
24,spotify:track:0l0vcZMU7AOeQmUIREoI2U,"Rauw Alejandro, Bad Bunny",Qué Pasaría...,Sony Music Latin/Duars Entertainment,2,16,8,1747255,ES,Spain,Q1,2025
25,spotify:track:1QAvmMUR9gDtKr9OCtCzh1,"Moncho Chavea, Morad",SE FUE,Virgin Music Spain,11,11,3,1727387,ES,Spain,Q1,2025
26,spotify:track:0fKK51bU6lcCCwdNnv64t3,"Blessd, Anuel AA, Ovy On The Drums",DEPORTIVO,WEA Latina,26,33,8,1698766,ES,Spain,Q1,2025
27,spotify:track:2mnehJ4xPqFe4cNi7BG2rc,JC Reyes,STAR,JC Reyes,8,18,12,1685743,ES,Spain,Q1,2025
28,spotify:track:5AGnkbWCiF9u4ra54N9X1a,"Bizarrap, Luck Ra","Luck Ra: Bzrp Music Sessions, Vol. 61/66",DALE PLAY Records,23,23,2,1672101,ES,Spain,Q1,2025
29,spotify:track:7tCuCjhxzjX2XCz4JiiAsp,Bad Bunny,TURiSTA,Rimas Entertainment LLC.,29,-1,1,1660115,ES,Spain,Q1,2025
30,spotify:track:6VNXmo59yDYgcwLS17UNAW,"Bad Bunny, Los Pleneros de la Cresta",CAFé CON RON,Rimas Entertainment LLC.,30,-1,1,1603262,ES,Spain,Q1,2025
31,spotify:track:6TT5rB0Rwneb6ZaopHQir4,"Alleh, Yorghaki",el ingeniero,CONMUER LLC,31,148,2,1576159,ES,Spain,Q1,2025
32,spotify:track:2318Aoqig6HS9YkHGlAm8T,"Rels B, J Abecia",Te Regalo,DALE PLAY Records / Flakk Team,4,10,5,1566387,ES,Spain,Q1,2025
33,spotify:track:0Sr7ssScx54yxdM2ols7nW,"Omar Courtz, De La Rose",Q U E V A S H A C E R H O Y ?,Mr.305 Records / Rimas Entertainment LLC.,1,12,16,1475402,ES,Spain,Q1,2025
34,spotify:track:3G7agPwWfcORnWCAGMDOpm,Bad Bunny,LA MuDANZA,Rimas Entertainment LLC.,34,-1,1,1417364,ES,Spain,Q1,2025
35,spotify:track:1YYfyJ2yCvGFCxwjsIqEK9,"Rauw Alejandro, Romeo Santos",Khé?,Sony Music Latin/Duars Entertainment,11,17,8,1397859,ES,Spain,Q1,2025
36,spotify:track:0glj70T9fN3kyJzYmTKzy1,"Los Sufridos, Bad Gyal",Duro De Verdad pt.2,Interscope Records,2,13,17,1377686,ES,Spain,Q1,2025
37,spotify:track:53OKRnaKKAT3bCkF8WIY8C,"Rvfv, Youka, Wesh Music",Hm Hm Hm - Remix,NASTU MUSIC distributed by Altafonte,12,14,6,1355343,ES,Spain,Q1,2025
38,spotify:track:4wJ5Qq0jBN4ajy7ouZIV1c,"ROSÉ, Bruno Mars",APT.,Atlantic Records,25,25,12,1345573,ES,Spain,Q1,2025
39,spotify:track:67LKV40NfSSGIJnm0xz6fi,"Quevedo, Pitbull",MR. MOONDIAL,2024 DQE Productions Distribuido por RIMAS Entertainment,6,20,7,1336711,ES,Spain,Q1,2025
40,spotify:track:1Hg0e997pObvZ91w1FCPFk,Bad Bunny,LO QUE LE PASÓ A HAWAii,Rimas Entertainment LLC.,40,-1,1,1302300,ES,Spain,Q1,2025
41,spotify:track:6mnfGyPzbzSe8olYGM44pU,Beny Jr,Luna llena,LF BABYS,4,21,27,1222421,ES,Spain,Q1,2025
42,spotify:track:1iP7aZUNvyt2EtmpjSbtRz,Quevedo,CHAPIADORA.COM,2024 DQE Productions Distribuido por RIMAS Entertainment,16,30,7,1201150,ES,Spain,Q1,2025
43,spotify:track:2plbrEY59IikOBgBGLjaoe,"Lady Gaga, Bruno Mars",Die With A Smile,Interscope,26,26,21,1197459,ES,Spain,Q1,2025
44,spotify:track:6mP16Mr2X3ZU2bNmWBUqzK,Quevedo,KASSANDRA,2024 DQE Productions Distribuido por RIMAS Entertainment,2,22,7,1178143,ES,Spain,Q1,2025
45,spotify:track:3YrTrs2hJbLklaBdhr4TrH,"ROA, De La Rose, Luar La L, Yan Block, Omar Courtz",ETA - RMX,UMLE - Latino,22,27,5,1144526,ES,Spain,Q1,2025
46,spotify:track:7bywjHOc0wSjGGbj04XbVi,"Feid, ATL Jacob",LUNA,UMLE - Latino,2,29,58,1129912,ES,Spain,Q1,2025
47,spotify:track:634CTghcuEDy2FXcTsLG5m,"Alleh, Yorghaki",una noche,CONMUER LLC,47,153,2,1038108,ES,Spain,Q1,2025
48,spotify:track:1fTjqf10accJCDYstPwwZ6,Kapo,OHNANA,Sony Music Latin/La Industria,2,31,28,1033062,ES,Spain,Q1,2025
49,spotify:track:41VnmHAkCUsCStYdDUibpp,Quevedo,SHIBATTO,2024 DQE Productions Distribuido por RIMAS Entertainment,2,24,7,1018832,ES,Spain,Q1,2025
50,spotify:track:06JM1fuKPQOrSL6s9mzDvV,Lola Indigo,LA REINA,Universal Music Spain S.L.,4,28,30,1017552,ES,Spain,Q1,2025
1,spotify:track:6iOndD4OFo7GkaDypWQIou,"W Sound, Beéle, Ovy On The Drums",La Plena - W Sound 05,WEA Latina,1,1,7,4963169,ES,Spain,Q2,2025
2,spotify:track:1dnKyTHMBWzbYZ2LDXBefu,"JC Reyes, Dei V",FLIPA,JC Reyes,2,5,4,3997993,ES,Spain,Q2,2025
3,spotify:track:1k4Iyemx6P5fba7RRcHmeb,"Delaossa, Quevedo, Bigla The Kid",Still Luvin,DALE PLAY Records,1,2,4,3684882,ES,Spain,Q2,2025
4,spotify:track:4DnrAI8WyUY6gkOwl8GlPN,"Alleh, Yorghaki",capaz (merengueton),CONMUER LLC,1,3,19,3314226,ES,Spain,Q2,2025
5,spotify:track:4hY6swYPVeFVKFaormmzez,"Eladio Carrion, Quevedo",Romeo y Julieta,Rimas Entertainment LLC,5,-1,1,3170710,ES,Spain,Q2,2025
6,spotify:track:1CTTIrl42flqn1WYUoxl0H,"JC Reyes, De La Rose, MC Menor JP",NINFO,JC Reyes,4,4,6,3070702,ES,Spain,Q2,2025
7,spotify:track:7d6yK8v8J484SWH5prIQiE,"Bad Bunny, Omar Courtz, Dei V",VeLDÁ,Rimas Entertainment LLC.,3,6,14,2314453,ES,Spain,Q2,2025
8,spotify:track:2BE1Q5N4Enl1eRrM82uzsu,"Miguel Bueno, Juan Duque",Solcito,Sony Music Latin,8,9,4,2274222,ES,Spain,Q2,2025
9,spotify:track:7ricDBUakN3N0YkkKE8Obu,"Beéle, Ovy On The Drums",mi refe,5020 Records,4,7,17,2240754,ES,Spain,Q2,2025
10,spotify:track:2efbgTtEGNpsUZaOfgRTR6,"Emilia, TINI, Nicki Nicole",blackout 🧊,Sony Music Latin,10,11,2,2218195,ES,Spain,Q2,2025
11,spotify:track:2lTm559tuIvatlT1u0JYG2,Bad Bunny,BAILE INoLVIDABLE,Rimas Entertainment LLC.,2,10,14,2094836,ES,Spain,Q2,2025
12,spotify:track:4rxPM7gelblflqcSTp6pkw,"8belial, Bad Gyal, Virtual Flavor",Orilla,8BELIAL,8,8,4,1984678,ES,Spain,Q2,2025
13,spotify:track:7DACCN4AceR9hgiP9s99PC,"Eladio Carrion, Myke Towers",Vetements,Rimas Entertainment LLC,13,-1,1,1950725,ES,Spain,Q2,2025
14,spotify:track:3sK8wGT43QFpWrvNQsrQya,Bad Bunny,DtMF,Rimas Entertainment LLC.,1,14,14,1684917,ES,Spain,Q2,2025
15,spotify:track:5TFD2bmFKGhoCRbX61nXY5,Bad Bunny,NUEVAYoL,Rimas Entertainment LLC.,2,13,14,1665905,ES,Spain,Q2,2025
16,spotify:track:31we7ZzWdSBEOKs5Ln6QVF,"De La Rose, Omar Courtz",NUBES,WEA Latina,16,-1,1,1638142,ES,Spain,Q2,2025
17,spotify:track:1gRaHuKLW9Uo9qYkb7MvGP,"Bad Gyal, Trueno",Angelito,Interscope Records / Universal Music Latino,4,12,12,1631779,ES,Spain,Q2,2025
18,spotify:track:6WatFBLVB0x077xWeoVc2k,KAROL G,Si Antes Te Hubiera Conocido,Bichota/Interscope Records,1,17,42,1582562,ES,Spain,Q2,2025
19,spotify:track:2SPBFiD8iITb8CKJGz1TEQ,Yan Block,111,SONAR LLC.,9,16,7,1563191,ES,Spain,Q2,2025
20,spotify:track:1gaBfa1HWh1HVmuUAdBpzs,"Dei V, De La Rose",Toa (with De La Rose),Encore Recordings,20,40,2,1554385,ES,Spain,Q2,2025
21,spotify:track:2kQ1OvmMzs1xdlH020aJJh,"Quevedo, Aitana",GRAN VÍA,2024 DQE Productions Distribuido por RIMAS Entertainment,1,15,20,1543378,ES,Spain,Q2,2025
22,spotify:track:0l0vcZMU7AOeQmUIREoI2U,"Rauw Alejandro, Bad Bunny",Qué Pasaría...,Sony Music Latin/Duars Entertainment,2,18,21,1478614,ES,Spain,Q2,2025
23,spotify:track:59D4DOkspUbWyMmbAPQkxZ,Bad Bunny,VOY A LLeVARTE PA PR,Rimas Entertainment LLC.,4,19,14,1428472,ES,Spain,Q2,2025
24,spotify:track:7DiNJqM6uyiYqqWX1wsqxG,Yapi,DONDE TE ESCONDES?,Yapi,8,20,12,1388710,ES,Spain,Q2,2025
25,spotify:track:0J2YHeebc3HvUDl2XDPu7d,"JC Reyes, Sky Rompiendo",DESEO,JC Reyes,12,21,7,1373662,ES,Spain,Q2,2025
26,spotify:track:0Sr7ssScx54yxdM2ols7nW,"Omar Courtz, De La Rose",Q U E V A S H A C E R H O Y ?,Mr.305 Records / Rimas Entertainment LLC.,1,27,29,1334957,ES,Spain,Q2,2025
27,spotify:track:15F8m8VShRlBXmSbwZBUTt,"Eladio Carrion, Cris MJ",El Reggaetón del Disco,Rimas Entertainment LLC,27,-1,1,1324472,ES,Spain,Q2,2025
28,spotify:track:5DdLSEyKh8zgCrJq2hFj92,"Yan Block, TORRRES",Yo sé,SONAR LLC.,7,23,25,1321185,ES,Spain,Q2,2025
29,spotify:track:634CTghcuEDy2FXcTsLG5m,"Alleh, Yorghaki",una noche,CONMUER LLC,15,24,15,1318808,ES,Spain,Q2,2025
30,spotify:track:6J5kc12BW5HuP3d7C3vvx8,Bad Bunny,EoO,Rimas Entertainment LLC.,9,26,14,1282205,ES,Spain,Q2,2025
31,spotify:track:0dLdgRj8l4N0rmAwDxIV1Z,"JC Reyes, David Marley",CELOSA,JC Reyes,31,33,4,1255377,ES,Spain,Q2,2025
32,spotify:track:6TT5rB0Rwneb6ZaopHQir4,"Alleh, Yorghaki",el ingeniero,CONMUER LLC,10,29,15,1251014,ES,Spain,Q2,2025
33,spotify:track:4GZOxR1IuvoRiUz0gpmASl,Beéle,sobelove,5020 Records,16,22,5,1245857,ES,Spain,Q2,2025
34,spotify:track:3tMftGMXTPbQlmjh4FzXpZ,Dani Fernández,Me has invitado a bailar,WM Spain,17,25,33,1215607,ES,Spain,Q2,2025
35,spotify:track:4fZUG9dMyqlIFSnf1iitm1,Eladio Carrion,H.I.M.,Rimas Entertainment LLC,35,-1,1,1211865,ES,Spain,Q2,2025
36,spotify:track:74j34STf8L6uADnTN69ohv,"Rauw Alejandro, Chencho Corleone, KEVVO, Bryant Myers, Lyanno, Dalex",El Efecto - Remix,"(SME US Latin) Duars Entertainment, Corp. (2)",26,37,44,1180892,ES,Spain,Q2,2025
37,spotify:track:7MNGE2R8drq3d04vH5Ahlm,"Rvssian, Young Miko, Omar Courtz, Clarent",WOAHH (feat. Clarent),Sony Music Latin,34,35,4,1178597,ES,Spain,Q2,2025
38,spotify:track:08VceLSSJJ83Yz3NTCyxZC,"Gabry Ponte, Greg Taro",Exotica,Signatune,17,32,6,1173756,ES,Spain,Q2,2025
39,spotify:track:67LKV40NfSSGIJnm0xz6fi,"Quevedo, Pitbull",MR. MOONDIAL,2024 DQE Productions Distribuido por RIMAS Entertainment,6,30,20,1169028,ES,Spain,Q2,2025
40,spotify:track:4zbEItKoaRId1vRZkoO0Uh,"Danny Ocean, Kapo",Imagínate,Atlantic Records,5,36,22,1157861,ES,Spain,Q2,2025
41,spotify:track:1o4xkdBe0RjSf2u6VXi4OI,"Yan Block, Panda Black",444,SONAR LLC.,40,43,36,1123913,ES,Spain,Q2,2025
42,spotify:track:58ldPuiCULxm08TCZ8qX4D,"Quevedo, La Pantera",HALO,2024 DQE Productions Distribuido por RIMAS Entertainment,7,38,20,1117508,ES,Spain,Q2,2025
43,spotify:track:6aO53Wsz32bgMBytw6pIYm,Cano,Se Pone Las Nike,WM Spain,5,45,23,1109206,ES,Spain,Q2,2025
44,spotify:track:3HPaGfBzwJGMKv6fPxWgPi,"Jay Wheeler, Omar Courtz",Nota,Linked Music / Dynamic Records / EMPIRE,31,31,3,1094943,ES,Spain,Q2,2025
45,spotify:track:0qeIFEGRQqHoaJtLCl0U73,"Myke Towers, benny blanco",DEGENERE 👑 (feat. benny blanco),WEA Latina,1,28,25,1081191,ES,Spain,Q2,2025
46,spotify:track:3XoLRrcg9ga7Op6Y6NIdpn,"Dei V, Omar Courtz",Amber (with Omar Courtz),Encore Recordings,46,47,2,1058241,ES,Spain,Q2,2025
47,spotify:track:2xkAMFdKwbFFfY5jMEhi42,Lola Indigo,SIN AUTOTUNE,Universal Music Spain S.L.,34,34,2,1040856,ES,Spain,Q2,2025
48,spotify:track:2318Aoqig6HS9YkHGlAm8T,"Rels B, J Abecia",Te Regalo,DALE PLAY Records / Flakk Team,4,41,18,1038382,ES,Spain,Q2,2025
49,spotify:track:5ru2w4Y7xP58IXE6m4orW0,"Kapo, Myke Towers",ILY,Sony Music Latin/La Industria,21,39,5,995312,ES,Spain,Q2,2025
50,spotify:track:35eU9y0JOfSEt0i4jx9Bhd,"Leiva, Robe",Caída Libre (feat. Robe),Sony Music Entertainment,20,128,6,949832,ES,Spain,Q2,2025
1,spotify:track:6iOndD4OFo7GkaDypWQIou,"W Sound, Beéle, Ovy On The Drums",La Plena - W Sound 05,WEA Latina,1,2,20,3774603,ES,Spain,Q3,2025
2,spotify:track:7koAf6aZgjO6TS7bipfPD0,"Ovy On The Drums, Quevedo, Beéle",YO y TÚ,WEA Latina,1,1,4,3666472,ES,Spain,Q3,2025
3,spotify:track:2mdrVnxEnPR6iFijakkxQS,"Young Cister, Kreamly",QLOO*,Sony Music Entertainment Chile S.A,3,3,7,3334680,ES,Spain,Q3,2025
4,spotify:track:1HEwEN64NjgTaHmo7LfkX8,Beéle,no tiene sentido,5020 Records,1,4,8,3202908,ES,Spain,Q3,2025
5,spotify:track:3jAshemiRYWukWLtT3Ivrb,"Myke Towers, Quevedo",SOLEAO,WEA Latina,3,5,6,3181164,ES,Spain,Q3,2025
6,spotify:track:1C7NXX8UJ6pgNx8EkmyZDd,Beéle,si te pillara,5020 Records,6,7,5,3025257,ES,Spain,Q3,2025
7,spotify:track:4DnrAI8WyUY6gkOwl8GlPN,"Alleh, Yorghaki",capaz (merengueton),CONMUER LLC,1,6,32,2463556,ES,Spain,Q3,2025
8,spotify:track:3bAAv8knmzFpYQsLFoK6de,Quevedo,TUCHAT,Quevedo,8,-1,1,2439177,ES,Spain,Q3,2025
9,spotify:track:1cmfXbOvNJt7iDrnJy5BRE,"Mora, C. Tangana",DROGA,Rimas Entertainment LLC.,1,8,8,2339304,ES,Spain,Q3,2025
10,spotify:track:18m5dJOPB2geFwOymXNaWg,"Mora, De La Rose",AURORA,Rimas Entertainment LLC.,4,9,8,2165921,ES,Spain,Q3,2025
11,spotify:track:6uiQ0DqbXTBc8tl0AUKZkR,Rels B,TU VAS SIN (fav),DALE PLAY Records / Flakk Team,11,40,3,2117171,ES,Spain,Q3,2025
12,spotify:track:1k4Iyemx6P5fba7RRcHmeb,"Delaossa, Quevedo, Bigla The Kid",Still Luvin,DALE PLAY Records,1,11,17,1971728,ES,Spain,Q3,2025
13,spotify:track:4Zbv2Kn089ZkPv5BNozjWd,"Juan Magán, Lucho RK",No Bailes Sola (NSM25),We Love Asere,13,28,2,1968391,ES,Spain,Q3,2025
14,spotify:track:4ppQIsBpwNRKjOPPBZTgd0,Bad Gyal,Da Me,Interscope Records / Universal Music Latino,8,12,5,1914001,ES,Spain,Q3,2025
15,spotify:track:0nafF9MxcXJBQWv3BTKtdF,"KAROL G, Feid",Verano Rosa,Bichota/Interscope Records,14,14,3,1911742,ES,Spain,Q3,2025
16,spotify:track:6vRQqxOhUFd78p5tL8jXr7,"Luck Ra, BM",La Morocha,Sony Music Entertainment Chile S.A,15,15,43,1876241,ES,Spain,Q3,2025
17,spotify:track:6OCNg7QchXJMww1LHMjIzb,"Nicky Jam, Beéle",Hiekka,Nicky Jam,6,13,10,1720375,ES,Spain,Q3,2025
18,spotify:track:1cQx85WypWumn7ZQjUxWQi,"SAIKO, Omar Courtz",LOKENECESITAS,SAIKO/Sony Music Latin,8,10,4,1686875,ES,Spain,Q3,2025
19,spotify:track:29twJUQo66aqSd3lxoeswV,"Omar Courtz, Bad Gyal",Comernos,Mr.305 Records / Rimas Entertainment LLC.,5,17,12,1680128,ES,Spain,Q3,2025
20,spotify:track:1CTTIrl42flqn1WYUoxl0H,"JC Reyes, De La Rose, MC Menor JP",NINFO,JC Reyes,4,18,19,1604673,ES,Spain,Q3,2025
21,spotify:track:0dLdgRj8l4N0rmAwDxIV1Z,"JC Reyes, David Marley",CELOSA,JC Reyes,10,23,17,1588827,ES,Spain,Q3,2025
22,spotify:track:4zhk2RS2EZODmBW6il55Qj,"Beéle, Ovy On The Drums",mi refe,5020 Records,4,16,30,1541534,ES,Spain,Q3,2025
23,spotify:track:63zeT81t627KKfZsC920QN,"JC Reyes, Pirlo",REMEDIO,JC Reyes,18,24,13,1524417,ES,Spain,Q3,2025
24,spotify:track:2lTm559tuIvatlT1u0JYG2,Bad Bunny,BAILE INoLVIDABLE,Rimas Entertainment LLC.,2,21,27,1507585,ES,Spain,Q3,2025
25,spotify:track:7d6yK8v8J484SWH5prIQiE,"Bad Bunny, Omar Courtz, Dei V",VeLDÁ,Rimas Entertainment LLC.,3,19,27,1454283,ES,Spain,Q3,2025
26,spotify:track:73scB4Q4fcOmnsBVZPmk32,KAROL G,Si Antes Te Hubiera Conocido,Bichota/Interscope Records,1,20,55,1442940,ES,Spain,Q3,2025
27,spotify:track:2QP041AcWg8PwPIWP95RKN,Beéle,top diesel,5020 Records,25,27,7,1389190,ES,Spain,Q3,2025
28,spotify:track:2BvPMS2XWfnCpHHvWeOyeC,Mora,DETRÁS DE TU ALMA,Rimas Entertainment LLC.,24,25,8,1384719,ES,Spain,Q3,2025
29,spotify:track:1dnKyTHMBWzbYZ2LDXBefu,"JC Reyes, Dei V",FLIPA,JC Reyes,2,22,17,1360299,ES,Spain,Q3,2025
30,spotify:track:2efbgTtEGNpsUZaOfgRTR6,"Emilia, TINI, Nicki Nicole",blackout 🧊,Sony Music Latin,10,26,15,1289173,ES,Spain,Q3,2025
31,spotify:track:6pFD81uwGh25w62Ut3XSqd,Myke Towers,EXPECTATIVAS,WEA Latina,31,31,2,1239234,ES,Spain,Q3,2025
32,spotify:track:2SPBFiD8iITb8CKJGz1TEQ,Yan Block,111,SONAR LLC.,9,30,20,1236243,ES,Spain,Q3,2025
33,spotify:track:3tt9i3Hhzq84dPS8H7iSiJ,Manuel Turizo,La Bachata,Sony Music Latin/La Industria,1,50,163,1222991,ES,Spain,Q3,2025
34,spotify:track:2ANtIUI9cipWNI685VdlZb,Pablo Chill-E,Resentia,G STARR ENT,19,29,12,1209304,ES,Spain,Q3,2025
35,spotify:track:5TFD2bmFKGhoCRbX61nXY5,Bad Bunny,NUEVAYoL,Rimas Entertainment LLC.,2,35,27,1170705,ES,Spain,Q3,2025
36,spotify:track:58ldPuiCULxm08TCZ8qX4D,"Quevedo, La Pantera",HALO,2024 DQE Productions Distribuido por RIMAS Entertainment,7,36,33,1153685,ES,Spain,Q3,2025
37,spotify:track:0JY2QXSvlpA8DZwgaAYWlY,"Miguel Bueno, Juan Duque",Solcito,Sony Music Latin,8,34,17,1153158,ES,Spain,Q3,2025
38,spotify:track:2KrQbq3aqGOFGnkTKnN2XA,KAROL G,LATINA FOREVA,Bichota/Interscope Records,19,33,7,1122411,ES,Spain,Q3,2025
39,spotify:track:4uulymZhmebsjKedRaJ1gQ,rusowsky,malibU,Rusia-IDK/Warner Records,39,55,7,1094450,ES,Spain,Q3,2025
40,spotify:track:0Sr7ssScx54yxdM2ols7nW,"Omar Courtz, De La Rose",Q U E V A S H A C E R H O Y ?,Mr.305 Records / Rimas Entertainment LLC.,1,44,42,1037441,ES,Spain,Q3,2025
41,spotify:track:61tC2eD62xjmkEX9FGEad7,Omar Courtz,UNA NOTi,Mr.305 Records / Rimas Entertainment LLC.,41,95,3,1019020,ES,Spain,Q3,2025
42,spotify:track:6J5kc12BW5HuP3d7C3vvx8,Bad Bunny,EoO,Rimas Entertainment LLC.,9,41,27,1015966,ES,Spain,Q3,2025
43,spotify:track:64zQbQTwu4ppBEfWyhst9t,KAROL G,Papasito,Bichota/Interscope Records,43,47,3,1014770,ES,Spain,Q3,2025
44,spotify:track:5DdLSEyKh8zgCrJq2hFj92,"Yan Block, TORRRES",Yo sé,SONAR LLC.,7,43,38,1010573,ES,Spain,Q3,2025
45,spotify:track:3I4YGWwJoqBdBGVnkRjnVw,"Slayter, Yan Block, NTG",secuestro,SONAR LLC.,21,39,12,1006268,ES,Spain,Q3,2025
46,spotify:track:75hHR4TZqvB22EY0ntZfk1,"Lucho RK, Quevedo",GUAYA,Lucho RK.,5,42,9,986697,ES,Spain,Q3,2025
47,spotify:track:634CTghcuEDy2FXcTsLG5m,"Alleh, Yorghaki",una noche,CONMUER LLC,15,46,28,974489,ES,Spain,Q3,2025
48,spotify:track:6l18mUHOGVZRr5wTyITX0M,Aitana,6 DE FEBRERO,Universal Music Spain S.L.,2,37,10,969538,ES,Spain,Q3,2025
49,spotify:track:1cMU20gleQO9xYjCeni3DJ,"Rels B, Kapo",Carita Angelikal,DALE PLAY Records / Flakk Team,38,38,3,950760,ES,Spain,Q3,2025
50,spotify:track:0DMJz677XfXiiruhIELu2e,"Jombriel, DFZM, Jøtta",VITAMINA,WEA Latina,9,45,18,945400,ES,Spain,Q3,2025
1,spotify:track:6jBoUckd6VEImt6pg8RpDr,"Kidd Voodoo, JC Reyes",Me Mareo,Kidd Voodoo,1,1,15,2869108,ES,Spain,Q4,2025
2,spotify:track:6uiQ0DqbXTBc8tl0AUKZkR,Rels B,TU VAS SIN (fav),DALE PLAY Records / Flakk Team,1,2,16,2523156,ES,Spain,Q4,2025
3,spotify:track:1dosSsKwYF7hoQA2kuu6wI,Taylor Swift,The Fate of Ophelia,Taylor Swift,3,-1,1,2514615,ES,Spain,Q4,2025
4,spotify:track:6iOndD4OFo7GkaDypWQIou,"W Sound, Beéle, Ovy On The Drums",La Plena - W Sound 05,WEA Latina,1,5,33,2323569,ES,Spain,Q4,2025
5,spotify:track:7koAf6aZgjO6TS7bipfPD0,"Ovy On The Drums, Quevedo, Beéle",YO y TÚ,WEA Latina,1,3,17,2299033,ES,Spain,Q4,2025
6,spotify:track:18m5dJOPB2geFwOymXNaWg,"Mora, De La Rose",AURORA,Rimas Entertainment LLC.,4,6,21,2236053,ES,Spain,Q4,2025
7,spotify:track:1HEwEN64NjgTaHmo7LfkX8,Beéle,no tiene sentido,5020 Records,1,7,21,2126994,ES,Spain,Q4,2025
8,spotify:track:2mdrVnxEnPR6iFijakkxQS,"Young Cister, Kreamly",QLOO*,Sony Music Entertainment Chile S.A,3,4,20,2123073,ES,Spain,Q4,2025
9,spotify:track:1cmfXbOvNJt7iDrnJy5BRE,"Mora, C. Tangana",DROGA,Rimas Entertainment LLC.,1,8,21,1916891,ES,Spain,Q4,2025
10,spotify:track:4DnrAI8WyUY6gkOwl8GlPN,"Alleh, Yorghaki",capaz (merengueton),CONMUER LLC,1,12,45,1780253,ES,Spain,Q4,2025
11,spotify:track:7nrd0eIftH3NQLfgk20Qp9,"Blessd, Anuel AA, Yan Block, Luar La L, Kris R., ROA","YOGURCITO REMIX (feat. Kris R., ROA)",WEA Latina,11,19,7,1777444,ES,Spain,Q4,2025
12,spotify:track:1k9ehVSjlGY0GZFhrHavnH,"Xiyo, Fernandezz, Yung Beef, Quevedo",Ruina,La Vendicion Records 2025,11,11,3,1774950,ES,Spain,Q4,2025
13,spotify:track:72aGCwuSwD5Qb3tHvXBoX3,"Easykid, Dysbit",Shiny,Easykid,9,10,5,1768452,ES,Spain,Q4,2025
14,spotify:track:4uulymZhmebsjKedRaJ1gQ,rusowsky,malibU,Rusia-IDK/Warner Records,9,9,20,1762921,ES,Spain,Q4,2025
15,spotify:track:4OsBqqMwFabHATATT527tH,"Myke Towers, Quevedo",SOLEAO,WEA Latina,3,13,19,1635132,ES,Spain,Q4,2025
16,spotify:track:3bAAv8knmzFpYQsLFoK6de,Quevedo,TUCHAT,Quevedo,1,14,14,1588226,ES,Spain,Q4,2025
17,spotify:track:1C7NXX8UJ6pgNx8EkmyZDd,Beéle,si te pillara,5020 Records,6,17,18,1491192,ES,Spain,Q4,2025
18,spotify:track:67osB3wmJVTFzKhWqPb1Hm,Taylor Swift,Opalite,Taylor Swift,18,-1,1,1476690,ES,Spain,Q4,2025
19,spotify:track:1CPZ5BxNNd0n0nF4Orb9JS,"HUNTR/X, EJAE, AUDREY NUNA, REI AMI, KPop Demon Hunters Cast",Golden,K-Pop Demon Hunters,19,21,15,1476291,ES,Spain,Q4,2025
20,spotify:track:4l6Mq0db5Qoi97nhNlEey4,"Yapi, JC Reyes",DONDE TE ESCONDES? 2.0,Yapi,8,16,6,1470656,ES,Spain,Q4,2025
21,spotify:track:6vRQqxOhUFd78p5tL8jXr7,"Luck Ra, BM",La Morocha,Sony Music Entertainment Chile S.A,11,18,56,1381480,ES,Spain,Q4,2025
22,spotify:track:6OCNg7QchXJMww1LHMjIzb,"Nicky Jam, Beéle",Hiekka,Nicky Jam,3,15,23,1342683,ES,Spain,Q4,2025
23,spotify:track:1k4Iyemx6P5fba7RRcHmeb,"Delaossa, Quevedo, Bigla The Kid",Still Luvin,DALE PLAY Records,1,20,30,1342145,ES,Spain,Q4,2025
24,spotify:track:1A2vZKJZovt4828jwLgiB3,Taylor Swift,Elizabeth Taylor,Taylor Swift,24,-1,1,1340180,ES,Spain,Q4,2025
25,spotify:track:29twJUQo66aqSd3lxoeswV,"Omar Courtz, Bad Gyal",Comernos,Mr.305 Records / Rimas Entertainment LLC.,5,22,25,1314293,ES,Spain,Q4,2025
26,spotify:track:1WBnZKAMjsgpnx7WVIaNBe,JC Reyes,TATAMI,JC Reyes,22,27,12,1263858,ES,Spain,Q4,2025
27,spotify:track:4ppQIsBpwNRKjOPPBZTgd0,Bad Gyal,Da Me,Interscope Records / Universal Music Latino,8,26,18,1188397,ES,Spain,Q4,2025
28,spotify:track:4zhk2RS2EZODmBW6il55Qj,"Beéle, Ovy On The Drums",mi refe,5020 Records,4,25,43,1178375,ES,Spain,Q4,2025
29,spotify:track:5PSaLujSojEfsog1wwG17m,"Al Safir, Interferencias",Moonlight's Puppet Remix,Al Safir,24,24,6,1158938,ES,Spain,Q4,2025
30,spotify:track:2BvPMS2XWfnCpHHvWeOyeC,Mora,DETRÁS DE TU ALMA,Rimas Entertainment LLC.,18,28,21,1113383,ES,Spain,Q4,2025
31,spotify:track:1lD0oPIfSYid1LhPvgrz10,Taylor Swift,Father Figure,Taylor Swift,31,-1,1,1102975,ES,Spain,Q4,2025
32,spotify:track:0Ze1qv8LIgg5Y7Bu4jzXIo,"Bryant Myers, Dei V, SAIKO",Duro Ma,Rimas Entertainment LLC.,27,36,10,1098688,ES,Spain,Q4,2025
33,spotify:track:7d6yK8v8J484SWH5prIQiE,"Bad Bunny, Omar Courtz, Dei V",VeLDÁ,Rimas Entertainment LLC.,3,23,40,1094068,ES,Spain,Q4,2025
34,spotify:track:70JnnNNAxPjvZGPwjJfX47,"La La Love You, Axolotes Mexicanos",El Fin del Mundo,Subterfuge Records distributed by Altafonte,27,29,274,1081078,ES,Spain,Q4,2025
35,spotify:track:2lTm559tuIvatlT1u0JYG2,Bad Bunny,BAILE INoLVIDABLE,Rimas Entertainment LLC.,2,30,40,1079331,ES,Spain,Q4,2025
36,spotify:track:61tC2eD62xjmkEX9FGEad7,Omar Courtz,UNA NOTi,Mr.305 Records / Rimas Entertainment LLC.,20,31,16,1065885,ES,Spain,Q4,2025
37,spotify:track:6hpuesKPNa3WhV48O7Fa47,Aitana,SUPERESTRELLA,Universal Music Spain S.L.,30,32,19,1059195,ES,Spain,Q4,2025
38,spotify:track:1cQx85WypWumn7ZQjUxWQi,"SAIKO, Omar Courtz",LOKENECESITAS,SAIKO/Sony Music Latin,8,33,17,1038614,ES,Spain,Q4,2025
39,spotify:track:1CTTIrl42flqn1WYUoxl0H,"JC Reyes, De La Rose, MC Menor JP",NINFO,JC Reyes,4,34,32,1005016,ES,Spain,Q4,2025
40,spotify:track:43cjtebODc9uKZbhAhD2J2,"Clarent, Omar Courtz",Scat Pack,WEA Latina,20,45,7,1003411,ES,Spain,Q4,2025
41,spotify:track:6ZSxG2QvGmwXbTfn7iDq7a,Taylor Swift,Actually Romantic,Taylor Swift,41,-1,1,987125,ES,Spain,Q4,2025
42,spotify:track:3FzJDGVjRGNc7KrkabU5N0,Taylor Swift,CANCELLED!,Taylor Swift,42,-1,1,986837,ES,Spain,Q4,2025
43,spotify:track:5TFD2bmFKGhoCRbX61nXY5,Bad Bunny,NUEVAYoL,Rimas Entertainment LLC.,2,44,40,977955,ES,Spain,Q4,2025
44,spotify:track:3Qeh4z08FfDBRfQMfDv83f,Taylor Swift,Wi$h Li$t,Taylor Swift,44,-1,1,975584,ES,Spain,Q4,2025
45,spotify:track:2QP041AcWg8PwPIWP95RKN,Beéle,top diesel,5020 Records,25,35,20,963707,ES,Spain,Q4,2025
46,spotify:track:6iC3L3YmAkGucvJbXKDanA,Taylor Swift,Eldest Daughter,Taylor Swift,46,-1,1,932076,ES,Spain,Q4,2025
47,spotify:track:243KxZULAjWO3KREpVHgOH,"Taylor Swift, Sabrina Carpenter",The Life of a Showgirl (feat. Sabrina Carpenter),Taylor Swift,47,-1,1,930801,ES,Spain,Q4,2025
48,spotify:track:0129EujhGkwtwTFADGem5P,Taylor Swift,Wood,Taylor Swift,48,-1,1,928207,ES,Spain,Q4,2025
49,spotify:track:34xxPZWbEyg5iDKEBqdsBZ,Taylor Swift,Ruin The Friendship,Taylor Swift,49,-1,1,900402,ES,Spain,Q4,2025
50,spotify:track:58ldPuiCULxm08TCZ8qX4D,"Quevedo, La Pantera",HALO,2024 DQE Productions Distribuido por RIMAS Entertainment,7,38,46,899914,ES,Spain,Q4,2025
1,spotify:track:0qlYaRFGvgR6afy1f4BBwD,Gazo,NANANI NANANA,BSB PROD,1,1,6,3316438,FR,France,Q1,2025
2,spotify:track:0yyFAbTlOk7DFhh6RSug9S,GIMS,SOIS PAS TIMIDE,Play Two,1,2,25,2588823,FR,France,Q1,2025
3,spotify:track:1y7dY7Xu4nWM4SK2dEnoAT,"Damso, Kalash",Alpha,Trente-quatre centimes,1,3,8,2243534,FR,France,Q1,2025
4,spotify:track:4wJ5Qq0jBN4ajy7ouZIV1c,"ROSÉ, Bruno Mars",APT.,Atlantic Records,4,4,12,2180116,FR,France,Q1,2025
5,spotify:track:1RiCNSkK4AfT1j8ZM4JnVs,GIMS,CIEL,Play Two,5,12,11,2161746,FR,France,Q1,2025
6,spotify:track:2plbrEY59IikOBgBGLjaoe,"Lady Gaga, Bruno Mars",Die With A Smile,Interscope,6,9,21,2032909,FR,France,Q1,2025
7,spotify:track:1Mzg6bu3hkCwJKEf7v49MN,SDM,CARTIER SANTOS,Universal Music Division Capitol Music France,1,7,15,2008071,FR,France,Q1,2025
8,spotify:track:6BPcUXYERAahpunmb0AovH,"Arcane, Stromae, Pomme",Ma Meilleure Ennemie (from the series Arcane League of Legends),Riot Games,1,11,7,1906485,FR,France,Q1,2025
9,spotify:track:7ifFhxRIvYbe4IuzIkY2Qi,Bouss,Ça parle mal,Le Grand Carré / Level Up Music,3,8,19,1906286,FR,France,Q1,2025
10,spotify:track:7dzuYJwwtNnfcptmbD58aJ,Joé Dwèt Filé,4 Kampé,Play Two,10,10,11,1864705,FR,France,Q1,2025
11,spotify:track:5NWpquAje6NyvxD57oXNu6,"GIMS, DYSTINCT",SPIDER,Play Two,1,6,35,1737028,FR,France,Q1,2025
12,spotify:track:4mNttG8qiVh4BKrMUrUhCI,Dr. Yaro,Minimum ça,ELEVA PROD / WARNER MUSIC FRANCE,5,5,18,1716410,FR,France,Q1,2025
13,spotify:track:6dOtVTDdiauQNBQEDOtlAB,Billie Eilish,BIRDS OF A FEATHER,Darkroom/Interscope Records,13,15,34,1396801,FR,France,Q1,2025
14,spotify:track:7eqwODSSwRSniktCjCXZyW,"Theodora, Jeez Suave",KONGOLESE SOUS BBL,Maison Neptune X NBFD,10,13,10,1376286,FR,France,Q1,2025
15,spotify:track:5jX61gvbNenSDMldQrbtsU,SDM,POUR ELLE,Universal Music Division Capitol Music France,1,14,15,1336559,FR,France,Q1,2025
16,spotify:track:6hKkzk8UlVUj9ioPCyeH1O,Jul,Sous la lune,D'Or et de Platine,3,17,18,1213963,FR,France,Q1,2025
17,spotify:track:2iEXkEB32esmNExcEyKjKc,Guy2Bezbar,Monaco,Blue Magic Corp,3,16,25,1114620,FR,France,Q1,2025
18,spotify:track:3Byu179ofnuChb4zF1fMhu,Werenoi,Pétunias,AllPoints,8,45,14,1080136,FR,France,Q1,2025
19,spotify:track:7ne4VBA60CxGM75vw0EYad,Gracie Abrams,That’s So True,"Gracie Abrams, under exclusive license to Interscope Records",19,31,10,1065198,FR,France,Q1,2025
20,spotify:track:6P3HLPsc5pWu3sZYxL0S9N,SANTA,Recommence-moi,999 Productions / Parlophone,16,20,37,1053564,FR,France,Q1,2025
21,spotify:track:32cwemsMJdzzsOYjVzfYMS,Helena,Mauvais Garçon,RCA Group,21,70,7,1049994,FR,France,Q1,2025
22,spotify:track:6WatFBLVB0x077xWeoVc2k,KAROL G,Si Antes Te Hubiera Conocido,Bichota/Interscope Records,18,18,28,1040494,FR,France,Q1,2025
23,spotify:track:6uqUEyqPScFznadOkI7Nvm,Jul,"Un jour, je l'aurai",D'Or et de Platine,14,24,8,1037003,FR,France,Q1,2025
24,spotify:track:35ISBknsCeZQtq66xABI9g,Lola Young,Messy,Universal-Island Records Ltd.,24,59,4,1026873,FR,France,Q1,2025
25,spotify:track:5SLs7GOdSvWhbxxJkTqf2u,"Ninho, Niska",Collabo,Jefe Productions / Charo Inc / WMF / UMF,10,27,11,1022722,FR,France,Q1,2025
26,spotify:track:2lftd3hyoAZ0DdxwyUqBw5,GIMS,Où aller,Play Two,15,19,16,996352,FR,France,Q1,2025
27,spotify:track:0M3oxmcIljJfjIPhpEwcyH,GIMS,OHMA TOKITA,Play Two,15,22,15,977951,FR,France,Q1,2025
28,spotify:track:2PWJx5FwMrMVEaTjwYait1,"Favé, Gazo",FLASHBACK,109 Record / Morning Glory Music / Believe,2,25,69,943560,FR,France,Q1,2025
29,spotify:track:3nHuKdFJZm78CoeBnDcFKe,Teddy Swims,Bad Dreams,Warner Records,29,34,9,942738,FR,France,Q1,2025
30,spotify:track:5496lks6V3fh1mZAB6IAap,"Sevdaliza, Pabllo Vittar, Yseult",Alibi (with Pabllo Vittar & Yseult),Sevdaliza,13,23,27,918306,FR,France,Q1,2025
31,spotify:track:5cAzaNbU7AEgfsJgL9sbtX,Linh,Je pense à vous,Jo&Co / Black Star Music,31,53,7,887808,FR,France,Q1,2025
32,spotify:track:15vGti1ooNZFlDUdlLukX6,"Booba, SDM",Dolce Camara,Universal Music Distribution Deal,2,33,48,866910,FR,France,Q1,2025
33,spotify:track:338wPdNyvOPGZddfk81EKA,"Soolking, GIMS",CARRÉ OK,Universal Music MENA Distributed Labels,33,48,4,856865,FR,France,Q1,2025
34,spotify:track:4kmGM0IbzDPr2rT1nehI1r,AMK,Malya,Blood Brother's Records,7,36,19,845903,FR,France,Q1,2025
35,spotify:track:2ynH9ETEo4OgLxNLJrcMKP,La Mano 1.9,I'm Sorry,R.A.T MUSIC,15,32,15,834315,FR,France,Q1,2025
36,spotify:track:4Bqa1dZPJfHKRfUVRLsSW1,Denden,Ils se demandent,Universal Music Division Virgin Music Distribution Deal,33,47,8,828537,FR,France,Q1,2025
37,spotify:track:5Cs4kQRpfYgcBMFsvezdbZ,"Ninho, Niska",Coco,Jefe Productions / Charo Inc / WMF / UMF,6,40,26,822071,FR,France,Q1,2025
38,spotify:track:6C0SXfD7rR46MpWK5VJSEw,"Tiakola, Ryflo, Oskoow",MANON B,M3lo World / Atlantic Records,2,21,19,808721,FR,France,Q1,2025
39,spotify:track:5o0osRx8kYJTOqlOSggr9Z,Alex Warren,Carry You Home,Atlantic Records,39,49,5,808633,FR,France,Q1,2025
40,spotify:track:2KejCKgm7l3uefW9cFt8cH,"Kavinsky, Angèle, Phoenix",Nightcall,Universal Music Division Virgin Music Distribution Deal,18,35,16,807066,FR,France,Q1,2025
41,spotify:track:22skzmqfdWrjJylampe0kt,"Macklemore, Ryan Lewis, Macklemore & Ryan Lewis, Ray Dalton",Can't Hold Us (feat. Ray Dalton),Macklemore,30,30,192,803069,FR,France,Q1,2025
42,spotify:track:0Jh6iWjna1wk5le0Ahn7No,Ninho,La vie qu'on mène,Rec. 118 / Mal Luné Music,3,52,303,793447,FR,France,Q1,2025
43,spotify:track:7wOgZ1otoKYDvKyQKP1sNZ,Werenoi,Laboratoire,PLR Music / PGP Records / Allpoints,9,41,96,792777,FR,France,Q1,2025
44,spotify:track:5oePa8PlOTPAlRaGs2OZ3A,Ninho,Putana,Rec. 118 / Mal Luné Music,4,61,204,786321,FR,France,Q1,2025
45,spotify:track:3bg2qahpZmsg5wV2EMPXIk,"David Guetta, Alphaville, Ava Max",Forever Young,Parlophone UK,45,46,11,778163,FR,France,Q1,2025
46,spotify:track:17phhZDn6oGtzMe56NuWvj,Teddy Swims,Lose Control,Warner Records,5,56,61,776394,FR,France,Q1,2025
47,spotify:track:3xkHsmpQCBMytMJNiDf3Ii,Benson Boone,Beautiful Things,"Night Street Records, Inc./Warner Records Inc.",1,26,51,772443,FR,France,Q1,2025
48,spotify:track:3cJYHDT0jfBt8PLNOsKHZE,"Jul, FRANCÈ ZITO",Capata,D'Or et de Platine,15,38,5,763610,FR,France,Q1,2025
49,spotify:track:3PyRt7gpih7EPvV0fMWEom,VEN1,Hakayet,NOUVO MONDE,4,42,37,754766,FR,France,Q1,2025
50,spotify:track:0mYMXqqxLjGTjh5ivcfbNL,VEN1,Menace fantôme,NOUVO MONDE,23,43,6,745773,FR,France,Q1,2025
1,spotify:track:2uBKQbVcw8G9m34lGYM6VA,GIMS,NINAO,Play Two,1,1,7,3301456,FR,France,Q2,2025
2,spotify:track:1RiCNSkK4AfT1j8ZM4JnVs,GIMS,CIEL,Play Two,1,2,24,2968989,FR,France,Q2,2025
3,spotify:track:58rVY9wmIYBOzdLXygVs6i,KeBlack,Mood,Motema records,3,3,6,2907195,FR,France,Q2,2025
4,spotify:track:0WouBx1UMK02ZO4br1fgWh,"DJ Kawest, Attachingboy",Chambre 04,Juston Records,3,4,8,2897167,FR,France,Q2,2025
5,spotify:track:4liOLSxxEllQ61qaR4pFJL,L2B,Pélican,Universal Music Distribution Deal,2,5,8,2419891,FR,France,Q2,2025
6,spotify:track:1pqKCnjkTBcAX6NyzSDahf,Charlotte Cardin,Feel Good,Parlophone (France),6,8,13,1909443,FR,France,Q2,2025
7,spotify:track:2UntklImLREdP8pMAzr4c4,"Rim'K, SDM",Run,MB,6,6,13,1906697,FR,France,Q2,2025
8,spotify:track:4oVMLxxYpQLYx8gx4JjuuY,"GIMS, DYSTINCT",SPIDER,Play Two,1,7,48,1853053,FR,France,Q2,2025
9,spotify:track:1sccu8ze6ETRiNbNH9pj5N,GIMS,SOIS PAS TIMIDE,Play Two,1,11,38,1744789,FR,France,Q2,2025
10,spotify:track:3LPLRNr58Z9Pn0clnEtkXb,Doechii,Anxiety,Top Dawg Entertainment/Capitol Records,9,9,5,1672420,FR,France,Q2,2025
11,spotify:track:3rcYxqjhN14IdYmRwfWhbi,La Mano 1.9,Sexy Woman,R.A.T MUSIC,11,12,10,1659002,FR,France,Q2,2025
12,spotify:track:35ISBknsCeZQtq66xABI9g,Lola Young,Messy,Universal-Island Records Ltd.,9,15,17,1644634,FR,France,Q2,2025
13,spotify:track:1Mzg6bu3hkCwJKEf7v49MN,SDM,CARTIER SANTOS,Universal Music Division Capitol Music France,1,10,28,1624800,FR,France,Q2,2025
14,spotify:track:0qlYaRFGvgR6afy1f4BBwD,Gazo,NANANI NANANA,BSB PROD,1,16,19,1517693,FR,France,Q2,2025
15,spotify:track:6WvkCJkN2AYD0s53GVBFIY,TKS 2G,Célibataire Polygame,SHEDWAVE RECORDS,15,37,2,1510356,FR,France,Q2,2025
16,spotify:track:4mNttG8qiVh4BKrMUrUhCI,Dr. Yaro,Minimum ça,ELEVA PROD / WARNER MUSIC FRANCE,5,18,31,1499734,FR,France,Q2,2025
17,spotify:track:4wJ5Qq0jBN4ajy7ouZIV1c,"ROSÉ, Bruno Mars",APT.,Atlantic Records,2,13,25,1487527,FR,France,Q2,2025
18,spotify:track:1y7dY7Xu4nWM4SK2dEnoAT,"Damso, Kalash",Alpha,Trente-quatre centimes,1,19,21,1424906,FR,France,Q2,2025
19,spotify:track:7dzuYJwwtNnfcptmbD58aJ,Joé Dwèt Filé,4 Kampé,Play Two,6,14,24,1422096,FR,France,Q2,2025
20,spotify:track:6hKkzk8UlVUj9ioPCyeH1O,Jul,Sous la lune,D'Or et de Platine,3,26,31,1398271,FR,France,Q2,2025
21,spotify:track:3Byu179ofnuChb4zF1fMhu,Werenoi,Pétunias,AllPoints,8,20,27,1371344,FR,France,Q2,2025
22,spotify:track:6eyghhEYVokzeUZnYmCxjI,Josas,Pichichi,Universal Music Distribution Deal,22,76,2,1345628,FR,France,Q2,2025
23,spotify:track:7so0lgd0zP2Sbgs2d7a1SZ,"Lady Gaga, Bruno Mars",Die With A Smile,Interscope Records,5,21,34,1278054,FR,France,Q2,2025
24,spotify:track:15vGti1ooNZFlDUdlLukX6,"Booba, SDM",Dolce Camara,Universal Music Distribution Deal,2,22,61,1255329,FR,France,Q2,2025
25,spotify:track:3sK8wGT43QFpWrvNQsrQya,Bad Bunny,DtMF,Rimas Entertainment LLC.,2,24,13,1235800,FR,France,Q2,2025
26,spotify:track:7ifFhxRIvYbe4IuzIkY2Qi,Bouss,Ça parle mal,Le Grand Carré / Level Up Music,3,34,32,1185811,FR,France,Q2,2025
27,spotify:track:0doFYnqgcStWu1Emh8DTVo,Helena,Mauvais Garçon,RCA Group,21,28,20,1182786,FR,France,Q2,2025
28,spotify:track:6BPcUXYERAahpunmb0AovH,"Arcane, Stromae, Pomme",Ma Meilleure Ennemie (from the series Arcane League of Legends),Riot Games,1,23,20,1174878,FR,France,Q2,2025
29,spotify:track:6WfnzeciIa1Ta661GY9hue,Ninho,Vrais,Rec. 118 / Mal Luné Music,16,25,20,1158305,FR,France,Q2,2025
30,spotify:track:6waAB6UXCmo4nQOpqZ1n4b,"Soolking, GIMS",CARRÉ OK,Universal Music MENA Distributed Labels,20,31,17,1124500,FR,France,Q2,2025
31,spotify:track:6hl9Tc95QrqDk4Q3uWLHls,"Anyme023, Shaydee's",Shamballa,AnymCorp,17,17,3,1099934,FR,France,Q2,2025
32,spotify:track:6C0SXfD7rR46MpWK5VJSEw,"Tiakola, Ryflo, Oskoow",MANON B,M3lo World / Atlantic Records,2,27,32,1098853,FR,France,Q2,2025
33,spotify:track:3BntzKsnLf2pc0dsvE3Zav,Teddy Swims,Bad Dreams,Warner Records,23,35,22,1064917,FR,France,Q2,2025
34,spotify:track:5ITV0zqzjOYfFWpW0xBmRa,"WizTheMc, bees & honey",Show Me Love,Bamboo Artists,34,47,6,1045339,FR,France,Q2,2025
35,spotify:track:6WatFBLVB0x077xWeoVc2k,KAROL G,Si Antes Te Hubiera Conocido,Bichota/Interscope Records,17,40,41,1025546,FR,France,Q2,2025
36,spotify:track:4lkyaoULeHxX2ga6BGlqmw,KeBlack,Aucune attache,Motema records,5,59,54,1004602,FR,France,Q2,2025
37,spotify:track:5jX61gvbNenSDMldQrbtsU,SDM,POUR ELLE,Universal Music Division Capitol Music France,1,29,28,963555,FR,France,Q2,2025
38,spotify:track:6uqUEyqPScFznadOkI7Nvm,Jul,"Un jour, je l'aurai",D'Or et de Platine,14,61,21,959708,FR,France,Q2,2025
39,spotify:track:7y2QZ1hwexDmq8LCOMut3G,R2,C'EST RELOU,Label Blue Sky,30,30,4,931493,FR,France,Q2,2025
40,spotify:track:2z9FUHRkbkV4BObNzbHsFU,Damiano David,Born With a Broken Heart,Sony Music Italy / Arista Records,23,41,17,927559,FR,France,Q2,2025
41,spotify:track:2PcRPX3wHqfNYCo7gmD4Zp,"Franglish, Dinos",La Pluie,Lutèce Music,30,38,7,926294,FR,France,Q2,2025
42,spotify:track:6sJncGrdz5lcomB5D2Te9C,"K-Rosif, BIGDA, Loeil",La piraterie,SOLD OUT Music,42,-1,1,924177,FR,France,Q2,2025
43,spotify:track:5cAzaNbU7AEgfsJgL9sbtX,Linh,Je pense à vous,Jo&Co / Black Star Music,20,44,20,908612,FR,France,Q2,2025
44,spotify:track:3PyRt7gpih7EPvV0fMWEom,VEN1,Hakayet,NOUVO MONDE,4,39,50,906086,FR,France,Q2,2025
45,spotify:track:3xkHsmpQCBMytMJNiDf3Ii,Benson Boone,Beautiful Things,"Night Street Records, Inc./Warner Records Inc.",1,43,64,904065,FR,France,Q2,2025
46,spotify:track:5oePa8PlOTPAlRaGs2OZ3A,Ninho,Putana,Rec. 118 / Mal Luné Music,4,46,217,884501,FR,France,Q2,2025
47,spotify:track:0LbuSkJMsSFTKCvGSweQQ4,Hamza,Mi Amor,Just Woke Up,29,36,4,882504,FR,France,Q2,2025
48,spotify:track:7ne4VBA60CxGM75vw0EYad,Gracie Abrams,That’s So True,"Gracie Abrams, under exclusive license to Interscope Records",19,45,23,872296,FR,France,Q2,2025
49,spotify:track:5tjcfD27bNYQiYObzIo9Ig,"Jeck, Carla",M'envoler,Play Two,48,53,10,859662,FR,France,Q2,2025
50,spotify:track:6dOtVTDdiauQNBQEDOtlAB,Billie Eilish,BIRDS OF A FEATHER,Darkroom/Interscope Records,13,33,47,856819,FR,France,Q2,2025
1,spotify:track:4ffqxU54Ll4YRz5NVBe77w,R2,RUINART,Label Blue Sky,1,4,4,2998184,FR,France,Q3,2025
2,spotify:track:6ctcVdXaJKn5LVFDjMBqzc,Nono La Grinta,Paris,MPR Records,1,3,14,2779526,FR,France,Q3,2025
3,spotify:track:4aywLDyEvQdIICQdd9rzKA,"GIMS, Jul",AIR FORCE BLANCHE,Play Two,1,1,3,2776869,FR,France,Q3,2025
4,spotify:track:3e2dR2180mZlz7dIrXZVi6,Hamza,KYKY2BONDY,Just Woke Up,1,2,10,2680146,FR,France,Q3,2025
5,spotify:track:58rVY9wmIYBOzdLXygVs6i,KeBlack,Mood,Motema records,3,5,19,2287426,FR,France,Q3,2025
6,spotify:track:3SBBYSbzkLvx96bKzneYsF,"KeBlack, Guy2Bezbar",Melrose Place,Motema records,2,6,14,2166468,FR,France,Q3,2025
7,spotify:track:2uBKQbVcw8G9m34lGYM6VA,GIMS,NINAO,Play Two,1,7,20,2082251,FR,France,Q3,2025
8,spotify:track:6CRb7rnmx8Mqrb8cpixcVi,"SEYSEY, Bolémvn",Mia,Black Palladium Records,6,8,7,1819828,FR,France,Q3,2025
9,spotify:track:6hl9Tc95QrqDk4Q3uWLHls,"Anyme023, Shaydee's",Shamballa,AnymCorp,9,10,16,1805587,FR,France,Q3,2025
10,spotify:track:6xOiC7SgWCFsipcM69jIDO,"Werenoi, GIMS",Piano,Play Two,4,9,10,1758862,FR,France,Q3,2025
11,spotify:track:7xWvRVssTTECvWCDNgCzSH,"Bleu Soleil, LUIZA",Soleil Bleu,Wagram Music / Chapter Two Records,11,24,4,1731366,FR,France,Q3,2025
12,spotify:track:0fidOo48Icjrh6JztQ3cHb,GIMS,APPELLE TA COPINE,Play Two,12,14,7,1667241,FR,France,Q3,2025
13,spotify:track:6nkFbmDY84a9rejFSbIMdj,Damso,Impardonnable,Trente-quatre centimes,3,13,6,1662197,FR,France,Q3,2025
14,spotify:track:6K3q0P2b26jdHavK9iobSB,"Cheu-B, Ghost Killer Track, SDM",Catalina,MGR & Big Sky Entertainment / Atlantic France,14,-1,1,1636904,FR,France,Q3,2025
15,spotify:track:7heoPFrtuH6JU6AcfzjWHp,"Damso, SARAH SEY",Pa Pa Paw,Trente-quatre centimes,7,11,6,1538886,FR,France,Q3,2025
16,spotify:track:1RiCNSkK4AfT1j8ZM4JnVs,GIMS,CIEL,Play Two,1,20,37,1518046,FR,France,Q3,2025
17,spotify:track:2RkZ5LkEzeHGRsmDqKwmaJ,Alex Warren,Ordinary,Atlantic Records,12,18,17,1514366,FR,France,Q3,2025
18,spotify:track:15vGti1ooNZFlDUdlLukX6,"Booba, SDM",Dolce Camara,Universal Music Distribution Deal,2,21,74,1422093,FR,France,Q3,2025
19,spotify:track:4liOLSxxEllQ61qaR4pFJL,L2B,Pélican,Universal Music Distribution Deal,2,12,21,1395077,FR,France,Q3,2025
20,spotify:track:3iqcqAwtnurPNJAcvwVIyt,Jul,Mimi,D'Or et de Platine,2,15,11,1394610,FR,France,Q3,2025
21,spotify:track:78Y0EwVQ9kdQFTIOzr7lUd,Jul,Phénoménal,D'Or et de Platine,1,17,13,1394570,FR,France,Q3,2025
22,spotify:track:7C13bFjFdELL8ioTMtVbZ5,"1D1R, Vacra",Balade,Play Two,11,19,12,1378988,FR,France,Q3,2025
23,spotify:track:4oVMLxxYpQLYx8gx4JjuuY,"GIMS, DYSTINCT",SPIDER,Play Two,1,23,61,1330244,FR,France,Q3,2025
24,spotify:track:4GB4R2CJe5kLrjWTusDR8p,Siaka,Los Angeles,Elektra France,7,22,12,1287653,FR,France,Q3,2025
25,spotify:track:1pqKCnjkTBcAX6NyzSDahf,Charlotte Cardin,Feel Good,Parlophone (France),6,26,26,1285560,FR,France,Q3,2025
26,spotify:track:1sccu8ze6ETRiNbNH9pj5N,GIMS,SOIS PAS TIMIDE,Play Two,1,25,51,1285120,FR,France,Q3,2025
27,spotify:track:6bhObRBG732wGeTWWR1781,"Hamza, Werenoi",DRAGONS,Just Woke Up,9,16,3,1247248,FR,France,Q3,2025
28,spotify:track:0fpWh7prROu1mMbNL18imc,"DJ Kawest, Attachingboy",Chambre 04,Juston Records,3,27,21,1216663,FR,France,Q3,2025
29,spotify:track:0QCIpQV3twfqo9kh0t8Zza,"MOLIY, Silent Addy, Skillibeng, Shenseea",Shake It To The Max (FLY) - Remix,WONDERGIRL LLC,29,30,9,1175849,FR,France,Q3,2025
30,spotify:track:1Mzg6bu3hkCwJKEf7v49MN,SDM,CARTIER SANTOS,Universal Music Division Capitol Music France,1,35,41,1146495,FR,France,Q3,2025
31,spotify:track:5ITV0zqzjOYfFWpW0xBmRa,"WizTheMc, bees & honey",Show Me Love,Bamboo Artists,18,32,19,1131234,FR,France,Q3,2025
32,spotify:track:1LmeIVvg4CVTu6kicEVoAr,"Theodora, Jul",ZOU BISOU,Virgin Music FR LAS (S&D),25,34,6,1120545,FR,France,Q3,2025
33,spotify:track:35ISBknsCeZQtq66xABI9g,Lola Young,Messy,Universal-Island Records Ltd.,9,31,30,1111428,FR,France,Q3,2025
34,spotify:track:2UntklImLREdP8pMAzr4c4,"Rim'K, SDM",Run,MB,6,38,26,1110282,FR,France,Q3,2025
35,spotify:track:4De1ry2yC79qVUR2So9to8,Jul,Bwo,D'Or et de Platine,16,29,26,1082635,FR,France,Q3,2025
36,spotify:track:46vaBmVDzufp98VPJCwtAU,TKS 2G,Whine,SHEDWAVE RECORDS,36,39,6,1073185,FR,France,Q3,2025
37,spotify:track:0GRc3eGTg8HBdWLRGYgqIc,Ed Sheeran,Azizam,Gingerbread Man Records / Atlantic Records UK,30,41,13,1072618,FR,France,Q3,2025
38,spotify:track:6wggq2ikhLMnS0o1deK2Xz,Theodora,FASHION DESIGNA,Maison Neptune X NBFD,32,42,13,1067406,FR,France,Q3,2025
39,spotify:track:0QAUgW2vTmlUWhbiNeSkWm,"Mari Froes, Trinix",Vaitimbora,RCA Local,37,37,8,1067055,FR,France,Q3,2025
40,spotify:track:1mvzvLW9nFujgS2VNKnToJ,"TRIANGLE DES BERMUDES, MC YOSHI, Mauvais djo, Kokosvoice",Charger,YPDP,40,123,3,999364,FR,France,Q3,2025
41,spotify:track:2D2JZ8FHmkyGxcGrDpWGe4,L2B,Tout Pour L'équipe,Universal Music Distribution Deal,12,33,13,984073,FR,France,Q3,2025
42,spotify:track:1nIDA3rO6m1AeIeCs5xJJ7,Djadja & Dinaz,Tu Sais,Carré music,28,28,3,975339,FR,France,Q3,2025
43,spotify:track:3sK8wGT43QFpWrvNQsrQya,Bad Bunny,DtMF,Rimas Entertainment LLC.,2,43,26,952945,FR,France,Q3,2025
44,spotify:track:5dIRTiXv2EkCHARwxGxhMl,Barth,Code,Nirvana Studio,44,45,5,948142,FR,France,Q3,2025
45,spotify:track:6C0SXfD7rR46MpWK5VJSEw,"Tiakola, Ryflo, Oskoow",MANON B,M3lo World / Atlantic Records,2,47,45,928603,FR,France,Q3,2025
46,spotify:track:3Byu179ofnuChb4zF1fMhu,Werenoi,Pétunias,AllPoints,6,36,40,895714,FR,France,Q3,2025
47,spotify:track:4TwEdnSiTPDR1vg1QZ5K8W,"David Guetta, Sia",Beautiful People,Atlantic Records UK,44,53,16,882316,FR,France,Q3,2025
48,spotify:track:4w1If4bKokGKGMGxfxRE8j,"Theodora, Guy2Bezbar",PAY!,Virgin Music FR LAS (S&D),27,52,11,858586,FR,France,Q3,2025
49,spotify:track:5xjZayFgMiq4WYSfAp7LKy,"OBOY, SCH",Saint Laurent,ROSA HERY,49,-1,1,846935,FR,France,Q3,2025
50,spotify:track:5Pbfz4snuJNXoyK0Iu5Atc,"La Mano 1.9, Tiakola",Crime ensoleillé,Universal Music Distribution Deal,48,48,2,845771,FR,France,Q3,2025
1,spotify:track:3XHcbhTEqJ21TTkQFUe6bG,"GP Explorer, GIMS, La Mano 1.9, SCH",Un monde à l'autre,Maison Baron Rouge,1,2,4,3796234,FR,France,Q4,2025
2,spotify:track:5gvvdf0mk5nL5Gu9h5cUTX,"GIMS, La Mano 1.9",PARISIENNE,Play Two,1,1,10,3521301,FR,France,Q4,2025
3,spotify:track:5DTahoMKuix8Fi1WSXGwIW,"RK, Genezio",VIANO,Hyper Focal Music / Family and Co Productions,2,3,12,2413790,FR,France,Q4,2025
4,spotify:track:1dosSsKwYF7hoQA2kuu6wI,Taylor Swift,The Fate of Ophelia,Taylor Swift,4,-1,1,2200119,FR,France,Q4,2025
5,spotify:track:5Y8C6KjzBRKvcT3Aln1Bc4,"disiz, Theodora",melodrama,Carré Bleu Production,5,34,2,2115543,FR,France,Q4,2025
6,spotify:track:7xWvRVssTTECvWCDNgCzSH,"Bleu Soleil, LUIZA",Soleil Bleu,Wagram Music / Chapter Two Records,2,6,17,2037343,FR,France,Q4,2025
7,spotify:track:4ffqxU54Ll4YRz5NVBe77w,R2,RUINART,Label Blue Sky,1,4,17,1958168,FR,France,Q4,2025
8,spotify:track:16nyxKShgXn5qrh9zaHCGX,Niska,Adriano,Charo Inc,4,5,13,1845951,FR,France,Q4,2025
9,spotify:track:6zum0WbkyrPO7C548rhn8G,La Rvfleuze,Serrure #5,Serrure records,9,19,8,1722746,FR,France,Q4,2025
10,spotify:track:6K3q0P2b26jdHavK9iobSB,"Cheu-B, Ghost Killer Track, SDM",Catalina,MGR & Big Sky Entertainment / Atlantic France,9,14,14,1718108,FR,France,Q4,2025
11,spotify:track:6ctcVdXaJKn5LVFDjMBqzc,Nono La Grinta,Paris,MPR Records,1,12,27,1712846,FR,France,Q4,2025
12,spotify:track:1mvzvLW9nFujgS2VNKnToJ,"TRIANGLE DES BERMUDES, MC YOSHI, Mauvais djo, Kokosvoice",Charger,YPDP,1,7,16,1711770,FR,France,Q4,2025
13,spotify:track:4R0HXKZBeDJerIq9oCnDIp,Bouss,Biff pas d'love,Le Grand Carré / Level Up Music,8,8,5,1702176,FR,France,Q4,2025
14,spotify:track:4frYOVaMfQ7iyvKLehnARi,"GP Explorer, Adèle Castillon, Zamdane",En boucle,Maison Baron Rouge,14,-1,1,1673289,FR,France,Q4,2025
15,spotify:track:3ReDT1HLea9eTWEPtwE7fP,"GP Explorer, Anyme023",Toute la nuit,Maison Baron Rouge,15,-1,1,1644765,FR,France,Q4,2025
16,spotify:track:2x2eP3gikXLq6iItsuV9P3,"RK, Ninho",SALE ÉTAT,Hyper Focal Music / Family and Co Productions,10,10,2,1633459,FR,France,Q4,2025
17,spotify:track:1CPZ5BxNNd0n0nF4Orb9JS,"HUNTR/X, EJAE, AUDREY NUNA, REI AMI, KPop Demon Hunters Cast",Golden,K-Pop Demon Hunters,15,17,15,1595148,FR,France,Q4,2025
18,spotify:track:5dnM53F6iHQZbyu8k5HUSg,"Soolking, L2B",Tour du monde,Universal Music MENA Distributed Labels,8,9,11,1591624,FR,France,Q4,2025
19,spotify:track:5cvDRCSNLdK0WR52177H8B,R2,JAMAIS TOI,Label Blue Sky,18,18,2,1564025,FR,France,Q4,2025
20,spotify:track:0fidOo48Icjrh6JztQ3cHb,GIMS,APPELLE TA COPINE,Play Two,8,21,20,1554963,FR,France,Q4,2025
21,spotify:track:4aywLDyEvQdIICQdd9rzKA,"GIMS, Jul",AIR FORCE BLANCHE,Play Two,1,13,16,1475670,FR,France,Q4,2025
22,spotify:track:3e2dR2180mZlz7dIrXZVi6,Hamza,KYKY2BONDY,Just Woke Up,1,16,23,1438324,FR,France,Q4,2025
23,spotify:track:2RkZ5LkEzeHGRsmDqKwmaJ,Alex Warren,Ordinary,Atlantic Records,10,11,30,1410249,FR,France,Q4,2025
24,spotify:track:0AK8IWlP9r2cJ0LUzwtNho,"DJ Kawest, L2B",Mode avion,Juston Records,22,22,6,1329140,FR,France,Q4,2025
25,spotify:track:3SBBYSbzkLvx96bKzneYsF,"KeBlack, Guy2Bezbar",Melrose Place,Motema records,2,15,27,1328499,FR,France,Q4,2025
26,spotify:track:7zRpR9CdnbrsCw02HhdMX1,"ZZ, Timar",4h44,Universal Music Division Virgin Music,13,20,12,1308112,FR,France,Q4,2025
27,spotify:track:6xOiC7SgWCFsipcM69jIDO,"Werenoi, GIMS",Piano,Play Two,4,33,23,1263526,FR,France,Q4,2025
28,spotify:track:67osB3wmJVTFzKhWqPb1Hm,Taylor Swift,Opalite,Taylor Swift,28,-1,1,1245018,FR,France,Q4,2025
29,spotify:track:1NNAd8UmD0qmWwykyRxNGC,"GP Explorer, Charlotte Cardin, SCH",Poursuite,Maison Baron Rouge,29,-1,1,1236243,FR,France,Q4,2025
30,spotify:track:2qoMCkSjfBzKShOcX72vSc,"La Rvfleuze, Leto",Connexion macabre,Serrure records,30,-1,1,1222926,FR,France,Q4,2025
31,spotify:track:1A2vZKJZovt4828jwLgiB3,Taylor Swift,Elizabeth Taylor,Taylor Swift,31,-1,1,1216346,FR,France,Q4,2025
32,spotify:track:3tKYZ8DUgSz3BFssm94dB6,La Rvfleuze,P.I.B,Serrure records,24,31,19,1201038,FR,France,Q4,2025
33,spotify:track:7n1H7Rh5aLAmQIAyotb4fm,"GIMS, Damso",TU ME RENDS BÊTE,Play Two,8,28,8,1168526,FR,France,Q4,2025
34,spotify:track:2oVMbiuuqoRoEzdQKcaQgO,"TKS 2G, Maureen",Paddle,SHEDWAVE RECORDS,34,116,2,1157991,FR,France,Q4,2025
35,spotify:track:1Mzg6bu3hkCwJKEf7v49MN,SDM,CARTIER SANTOS,Universal Music Division Capitol Music France,1,24,54,1147661,FR,France,Q4,2025
36,spotify:track:1LmeIVvg4CVTu6kicEVoAr,"Theodora, Jul",ZOU BISOU,Virgin Music FR LAS (S&D),22,27,19,1143802,FR,France,Q4,2025
37,spotify:track:6nkFbmDY84a9rejFSbIMdj,Damso,Impardonnable,Trente-quatre centimes,3,23,19,1143031,FR,France,Q4,2025
38,spotify:track:7heoPFrtuH6JU6AcfzjWHp,"Damso, SARAH SEY",Pa Pa Paw,Trente-quatre centimes,7,25,19,1098582,FR,France,Q4,2025
39,spotify:track:15vGti1ooNZFlDUdlLukX6,"Booba, SDM",Dolce Camara,Universal Music Distribution Deal,2,35,87,1071396,FR,France,Q4,2025
40,spotify:track:1sccu8ze6ETRiNbNH9pj5N,GIMS,SOIS PAS TIMIDE,Play Two,1,26,64,1048492,FR,France,Q4,2025
41,spotify:track:6wggq2ikhLMnS0o1deK2Xz,Theodora,FASHION DESIGNA,Maison Neptune X NBFD,32,52,26,999187,FR,France,Q4,2025
42,spotify:track:1lD0oPIfSYid1LhPvgrz10,Taylor Swift,Father Figure,Taylor Swift,42,-1,1,982196,FR,France,Q4,2025
43,spotify:track:4ccQmkote4B1zBjhk9sxFH,"Gazo, La Rvfleuze",KAT (feat. La Rvfleuze),BSB PROD,11,36,13,962727,FR,France,Q4,2025
44,spotify:track:3cZajhyr8LmtPfHZ9296tj,"Disco Lines, Tinashe",No Broke Boys,Nice Life/Atlantic,38,39,8,960940,FR,France,Q4,2025
45,spotify:track:4WFgvKVfEhb3IUAFGrutTR,Ravyn Lenae,Love Me Not,Atlantic Records,36,38,22,928035,FR,France,Q4,2025
46,spotify:track:4liOLSxxEllQ61qaR4pFJL,L2B,Pélican,Universal Music Distribution Deal,2,40,34,921353,FR,France,Q4,2025
47,spotify:track:3FzJDGVjRGNc7KrkabU5N0,Taylor Swift,CANCELLED!,Taylor Swift,47,-1,1,917396,FR,France,Q4,2025
48,spotify:track:4N0SjD8B0jbVi8Pgb4AbAd,"La Fouine, L2B",Flying Blue,Play Two,30,30,4,911116,FR,France,Q4,2025
49,spotify:track:5H1sKFMzDeMtXwND3V6hRY,BLACKPINK,JUMP,YG Entertainment,19,37,13,898497,FR,France,Q4,2025
50,spotify:track:23cgcnVEuIoT1R4b1bnugB,Ninho,5 bleus,Play Two,21,29,3,890696,FR,France,Q4,2025
1,spotify:track:7ne4VBA60CxGM75vw0EYad,Gracie Abrams,That’s So True,"Gracie Abrams, under exclusive license to Interscope Records",1,1,12,4109730,GB,United Kingdom,Q1,2025
2,spotify:track:35ISBknsCeZQtq66xABI9g,Lola Young,Messy,Universal-Island Records Ltd.,2,5,8,2936739,GB,United Kingdom,Q1,2025
3,spotify:track:2plbrEY59IikOBgBGLjaoe,"Lady Gaga, Bruno Mars",Die With A Smile,Interscope,3,3,21,2786942,GB,United Kingdom,Q1,2025
4,spotify:track:2262bWmqomIaJXwCRHr13j,Gigi Perez,Sailor Song,Gigi Perez PS/ Island,1,2,24,2757288,GB,United Kingdom,Q1,2025
5,spotify:track:4wJ5Qq0jBN4ajy7ouZIV1c,"ROSÉ, Bruno Mars",APT.,Atlantic Records,4,4,12,2732219,GB,United Kingdom,Q1,2025
6,spotify:track:6dOtVTDdiauQNBQEDOtlAB,Billie Eilish,BIRDS OF A FEATHER,Darkroom/Interscope Records,1,6,34,2448227,GB,United Kingdom,Q1,2025
7,spotify:track:0WbMK4wrZ1wFSty9F7FCgu,Chappell Roan,"Good Luck, Babe!",Chappell Roan PS/ Island,2,7,40,2161687,GB,United Kingdom,Q1,2025
8,spotify:track:5G2f63n7IPVPPjfNIGih7Q,Sabrina Carpenter,Taste,Island Records,1,9,20,1905098,GB,United Kingdom,Q1,2025
9,spotify:track:2HRqTpkrJO5ggZyyK6NPWz,Sabrina Carpenter,Espresso,Island Records,1,8,39,1741903,GB,United Kingdom,Q1,2025
10,spotify:track:1Es7AUAhQvapIcoh3qMKDL,"The Weeknd, Playboi Carti",Timeless (feat Playboi Carti),XO / Republic Records,7,14,15,1547006,GB,United Kingdom,Q1,2025
11,spotify:track:19XpFsce28aByvCC4g89tJ,Hozier,Too Sweet,Columbia,1,12,41,1523974,GB,United Kingdom,Q1,2025
12,spotify:track:51rfRCiUSvxXlCSCfIztBy,Gracie Abrams,"I Love You, I'm Sorry","Gracie Abrams, under exclusive license to Interscope Records",6,11,27,1514834,GB,United Kingdom,Q1,2025
13,spotify:track:0mflMxspEfB0VbI1kyLiAv,Noah Kahan,Stick Season,Mercury Records/Republic Records,1,13,67,1514177,GB,United Kingdom,Q1,2025
14,spotify:track:17phhZDn6oGtzMe56NuWvj,Teddy Swims,Lose Control,Warner Records,3,16,60,1439369,GB,United Kingdom,Q1,2025
15,spotify:track:5fZJQrFKWQLb7FpJXZ1g7K,Shaboozey,A Bar Song (Tipsy),American Dogwood / EMPIRE,3,17,39,1286071,GB,United Kingdom,Q1,2025
16,spotify:track:2tHwzyyOLoWSFqYNjeVMzj,Sabrina Carpenter,Please Please Please,Island Records,1,18,31,1262029,GB,United Kingdom,Q1,2025
17,spotify:track:3QaPy1KgI7nu9FJEQUgn6h,Billie Eilish,WILDFLOWER,Darkroom/Interscope Records,11,21,34,1245016,GB,United Kingdom,Q1,2025
18,spotify:track:3Vr3zh0r7ALn8VLqCiRR10,Myles Smith,Stargazing,RCA Records Label,7,20,35,1192555,GB,United Kingdom,Q1,2025
19,spotify:track:4xdBrk0nFZaP54vvZj0yx7,Chappell Roan,HOT TO GO!,Chappell Roan PS/ Island,8,15,32,1173135,GB,United Kingdom,Q1,2025
20,spotify:track:003vvx7Niy0yvhvHt4a68B,The Killers,Mr. Brightside,Island Records,12,19,420,1162024,GB,United Kingdom,Q1,2025
21,spotify:track:3xkHsmpQCBMytMJNiDf3Ii,Benson Boone,Beautiful Things,"Night Street Records, Inc./Warner Records Inc.",1,10,51,1135239,GB,United Kingdom,Q1,2025
22,spotify:track:2FAZskT9yRjp2Oow9szJD8,"Chrystal, NOTION",The Days - NOTION Remix,Polydor Records,22,33,4,1130910,GB,United Kingdom,Q1,2025
23,spotify:track:1UHS8Rf6h5Ar3CDWRd3wjF,Sabrina Carpenter,Bed Chem,Island Records,7,25,20,1091338,GB,United Kingdom,Q1,2025
24,spotify:track:6jbYpRPTEFl1HFKHk1IC0m,"Tyler, The Creator, Lola Young",Like Him (feat. Lola Young),Columbia,24,26,11,1088681,GB,United Kingdom,Q1,2025
25,spotify:track:5IZXB5IKAD2qlvTPJYDCFB,"Post Malone, Morgan Wallen",I Had Some Help (Feat. Morgan Wallen),Mercury Records / Republic Records,3,24,35,1063423,GB,United Kingdom,Q1,2025
26,spotify:track:3U3hFkMr0Q90pD24EkE3Pr,SZA,BMF,Top Dawg Entertainment/RCA Records,26,67,2,1062928,GB,United Kingdom,Q1,2025
27,spotify:track:3dj4wgM3cPeuLwMNHDuBon,Teddy Swims,The Door,Warner Records,27,31,35,1046732,GB,United Kingdom,Q1,2025
28,spotify:track:2A1aS3mwuGuX2yk1bgxOvA,"BL3SS, CamrinWatsin, bbyclose",Kisses (feat. bbyclose),Atlantic Records UK,12,44,30,1011721,GB,United Kingdom,Q1,2025
29,spotify:track:3wo3d0I5H8KjkwGvnz8WbB,"Sonny Fodera, Jazzy, D.O.D",Somedays,Solotoko,23,30,23,999211,GB,United Kingdom,Q1,2025
30,spotify:track:1Cbl3Yq8rHo7hhDQmLQagU,Tyla,PUSH 2 START,FAX Records/Epic,30,43,4,994353,GB,United Kingdom,Q1,2025
31,spotify:track:6OFCzD4d8kjBOJHxz41gqA,"Dream Supplier, Baby Sleeps, Background White Noise",Clean Baby Sleep White Noise (Loopable),Dream Supplier,23,23,55,993326,GB,United Kingdom,Q1,2025
32,spotify:track:1mea3bSkSGXuIRvnydlB5b,Coldplay,Viva La Vida,Parlophone UK,27,28,132,989512,GB,United Kingdom,Q1,2025
33,spotify:track:2CGNAOSuO1MEFCbBRgUzjd,"Kendrick Lamar, SZA",luther (with sza),"pgLang, under exclusive license to Interscope Records",7,37,7,989132,GB,United Kingdom,Q1,2025
34,spotify:track:51eSHglvG1RJXtL3qI5trr,Benson Boone,Slow It Down,"Night Street Records, Inc./Warner Records Inc.",18,78,41,987686,GB,United Kingdom,Q1,2025
35,spotify:track:7tI8dRuH2Yc6RuoTjxo4dU,Jimin,Who,BIGHIT MUSIC,35,61,21,983622,GB,United Kingdom,Q1,2025
36,spotify:track:1k2pQc5i348DCHwbn5KTdc,Chappell Roan,Pink Pony Club,Chappell Roan PS/ Island,22,27,29,976576,GB,United Kingdom,Q1,2025
37,spotify:track:5QMrH5nszZZR3nefIj6Mar,"Cynthia Erivo, Ariana Grande",Defying Gravity,Universal Studios and Republic Records,14,34,7,966255,GB,United Kingdom,Q1,2025
38,spotify:track:3AJwUDP919kvQ9QcozQPxg,Coldplay,Yellow,Parlophone UK,21,36,218,955035,GB,United Kingdom,Q1,2025
39,spotify:track:3nHuKdFJZm78CoeBnDcFKe,Teddy Swims,Bad Dreams,Warner Records,39,45,15,947487,GB,United Kingdom,Q1,2025
40,spotify:track:6eWAWHm0cuOaPGDWhoLJ7s,Myles Smith,Nice To Meet You,RCA Records Label,40,52,9,922217,GB,United Kingdom,Q1,2025
41,spotify:track:3wPPWcVuinAU7dXcJXtCID,"Naughty Boy, Sam Smith",La La La,Virgin Records Ltd,41,64,2,884233,GB,United Kingdom,Q1,2025
42,spotify:track:0ofHAoxe9vBkTCp2UQIavz,Fleetwood Mac,Dreams - 2004 Remaster,Rhino/Warner Records,17,39,245,881357,GB,United Kingdom,Q1,2025
43,spotify:track:3hRV0jL3vUpRrcy398teAU,Lord Huron,The Night We Met,Lord Huron,23,38,113,876291,GB,United Kingdom,Q1,2025
44,spotify:track:5o0osRx8kYJTOqlOSggr9Z,Alex Warren,Carry You Home,Atlantic Records,44,65,28,866151,GB,United Kingdom,Q1,2025
45,spotify:track:63Pi2NAx5yCgeLhCTOrEou,Imogen Heap,Headlock,Megaphonic,45,82,7,856137,GB,United Kingdom,Q1,2025
46,spotify:track:7KA4W4McWYRpgf0fWsJZWB,"Tyler, The Creator, Kali Uchis",See You Again (feat. Kali Uchis),Columbia,13,46,91,843849,GB,United Kingdom,Q1,2025
47,spotify:track:0ntQJM78wzOLVeCUAW7Y45,Kings of Leon,Sex on Fire,RCA/Legacy,40,40,198,838525,GB,United Kingdom,Q1,2025
48,spotify:track:3ZZyUf7WkhfN1JkQZZ00fI,Sam Fender,People Watching,Polydor Records,14,70,8,827022,GB,United Kingdom,Q1,2025
49,spotify:track:2uqYupMHANxnwgeiXTZXzd,Dasha,Austin (Boots Stop Workin'),Warner Records,8,22,46,824944,GB,United Kingdom,Q1,2025
50,spotify:track:2VyvDGdcVY04cNYou9MFVX,"PAWSA, The Adventures Of Stevie V",Dirty Cash (Money Talks),Altra Moda Music,42,42,8,823758,GB,United Kingdom,Q1,2025
1,spotify:track:2RkZ5LkEzeHGRsmDqKwmaJ,Alex Warren,Ordinary,Atlantic Records,1,1,9,4271934,GB,United Kingdom,Q2,2025
2,spotify:track:6393yGahSJ9slVdOwSxOVR,Chappell Roan,Pink Pony Club,Chappell Roan PS/ Island,2,3,42,2348663,GB,United Kingdom,Q2,2025
3,spotify:track:7ne4VBA60CxGM75vw0EYad,Gracie Abrams,That’s So True,"Gracie Abrams, under exclusive license to Interscope Records",1,2,25,2310362,GB,United Kingdom,Q2,2025
4,spotify:track:35ISBknsCeZQtq66xABI9g,Lola Young,Messy,Universal-Island Records Ltd.,1,4,21,2147065,GB,United Kingdom,Q2,2025
5,spotify:track:6dOtVTDdiauQNBQEDOtlAB,Billie Eilish,BIRDS OF A FEATHER,Darkroom/Interscope Records,1,6,47,2073481,GB,United Kingdom,Q2,2025
6,spotify:track:5UJbgR4XF4y1DvbkxEqe8S,Tate McRae,Sports car,RCA Records Label,5,5,11,1967107,GB,United Kingdom,Q2,2025
7,spotify:track:4wJ5Qq0jBN4ajy7ouZIV1c,"ROSÉ, Bruno Mars",APT.,Atlantic Records,4,8,25,1895249,GB,United Kingdom,Q2,2025
8,spotify:track:5ITV0zqzjOYfFWpW0xBmRa,"WizTheMc, bees & honey",Show Me Love,Bamboo Artists,8,18,6,1891143,GB,United Kingdom,Q2,2025
9,spotify:track:0b0Dz0Gi86SVdBxYeiQcCP,Sabrina Carpenter,Busy Woman,Island Records,9,11,8,1889695,GB,United Kingdom,Q2,2025
10,spotify:track:2262bWmqomIaJXwCRHr13j,Gigi Perez,Sailor Song,Gigi Perez PS/ Island,1,9,37,1873584,GB,United Kingdom,Q2,2025
11,spotify:track:7so0lgd0zP2Sbgs2d7a1SZ,"Lady Gaga, Bruno Mars",Die With A Smile,Interscope Records,3,10,34,1795492,GB,United Kingdom,Q2,2025
12,spotify:track:3LPLRNr58Z9Pn0clnEtkXb,Doechii,Anxiety,Top Dawg Entertainment/Capitol Records,2,7,5,1746116,GB,United Kingdom,Q2,2025
13,spotify:track:0WbMK4wrZ1wFSty9F7FCgu,Chappell Roan,"Good Luck, Babe!",Chappell Roan PS/ Island,2,12,53,1728660,GB,United Kingdom,Q2,2025
14,spotify:track:2HRqTpkrJO5ggZyyK6NPWz,Sabrina Carpenter,Espresso,Island Records,1,14,52,1718768,GB,United Kingdom,Q2,2025
15,spotify:track:0GRc3eGTg8HBdWLRGYgqIc,Ed Sheeran,Azizam,Gingerbread Man Records / Atlantic Records UK,15,-1,1,1713749,GB,United Kingdom,Q2,2025
16,spotify:track:5G2f63n7IPVPPjfNIGih7Q,Sabrina Carpenter,Taste,Island Records,1,13,33,1705894,GB,United Kingdom,Q2,2025
17,spotify:track:2u9S9JJ6hTZS3Vf22HOZKg,Drake,NOKIA,OVO Sound,17,17,8,1690086,GB,United Kingdom,Q2,2025
18,spotify:track:3xkHsmpQCBMytMJNiDf3Ii,Benson Boone,Beautiful Things,"Night Street Records, Inc./Warner Records Inc.",1,16,64,1593516,GB,United Kingdom,Q2,2025
19,spotify:track:3AdXwuFn7j21HNiFMXvZXt,Sleep Token,Caramel,Sleep Token/RCA Records,19,-1,1,1509602,GB,United Kingdom,Q2,2025
20,spotify:track:4WFgvKVfEhb3IUAFGrutTR,Ravyn Lenae,Love Me Not,Atlantic Records,20,24,8,1496907,GB,United Kingdom,Q2,2025
21,spotify:track:2FAZskT9yRjp2Oow9szJD8,"Chrystal, NOTION",The Days - NOTION Remix,Polydor Records,8,21,17,1484350,GB,United Kingdom,Q2,2025
22,spotify:track:1wOp7yTVyH176bW1z9WAiv,Alex Warren,Carry You Home,Atlantic Records,19,19,41,1370502,GB,United Kingdom,Q2,2025
23,spotify:track:19XpFsce28aByvCC4g89tJ,Hozier,Too Sweet,Columbia,1,26,54,1344223,GB,United Kingdom,Q2,2025
24,spotify:track:5xHgo5JN0wfsV41HnRaos5,Chappell Roan,The Giver,Chappell Roan PS/ Island,3,20,4,1334729,GB,United Kingdom,Q2,2025
25,spotify:track:3GCdLUSnKSMJhs4Tj6CV3s,"Kendrick Lamar, SZA","All The Stars (with SZA) - From ""Black Panther: The Album""",Black Panther (TDE/DMG) PS,2,25,123,1312632,GB,United Kingdom,Q2,2025
26,spotify:track:7EW7Yivb93qKAtp5qEm5of,Lil Tecca,Dark Thoughts,Galactic / Republic Records,18,22,4,1281348,GB,United Kingdom,Q2,2025
27,spotify:track:6AI3ezQ4o3HUoP6Dhudph3,Kendrick Lamar,Not Like Us,"Kendrick Lamar, under exclusive license to Interscope Records",1,23,48,1274178,GB,United Kingdom,Q2,2025
28,spotify:track:1edcyazKIdKrIuz9cWpXU6,Ariana Grande,twilight zone,Republic Records,15,15,2,1263605,GB,United Kingdom,Q2,2025
29,spotify:track:3U5JVgI2x4rDyHGObzJfNf,Natasha Bedingfield,Unwritten,Sony Music CG,11,32,67,1240760,GB,United Kingdom,Q2,2025
30,spotify:track:0FTmksd2dxiE5e3rWyJXs6,sombr,back to friends,Warner Records,30,47,4,1237092,GB,United Kingdom,Q2,2025
31,spotify:track:17phhZDn6oGtzMe56NuWvj,Teddy Swims,Lose Control,Warner Records,3,27,73,1231985,GB,United Kingdom,Q2,2025
32,spotify:track:003vvx7Niy0yvhvHt4a68B,The Killers,Mr. Brightside,Island Records,12,33,433,1228063,GB,United Kingdom,Q2,2025
33,spotify:track:4AajxCEwGEsmHmT4H1TwjY,sombr,undressed,Warner Records,33,58,3,1219669,GB,United Kingdom,Q2,2025
34,spotify:track:3BntzKsnLf2pc0dsvE3Zav,Teddy Swims,Bad Dreams,Warner Records,30,31,28,1207884,GB,United Kingdom,Q2,2025
35,spotify:track:2LHNTC9QZxsL3nWpt8iaSR,Lady Gaga,Abracadabra,Interscope Records,4,28,10,1182664,GB,United Kingdom,Q2,2025
36,spotify:track:3wo3d0I5H8KjkwGvnz8WbB,"Sonny Fodera, Jazzy, D.O.D",Somedays,Solotoko,23,41,36,1170213,GB,United Kingdom,Q2,2025
37,spotify:track:541sN2qNfIlllGn9nGOQoC,Tate McRae,Revolving door,RCA Records Label,15,29,7,1165084,GB,United Kingdom,Q2,2025
38,spotify:track:0mflMxspEfB0VbI1kyLiAv,Noah Kahan,Stick Season,Mercury Records/Republic Records,1,37,80,1133734,GB,United Kingdom,Q2,2025
39,spotify:track:5fZJQrFKWQLb7FpJXZ1g7K,Shaboozey,A Bar Song (Tipsy),American Dogwood / EMPIRE,3,43,52,1127355,GB,United Kingdom,Q2,2025
40,spotify:track:2tHwzyyOLoWSFqYNjeVMzj,Sabrina Carpenter,Please Please Please,Island Records,1,42,44,1126964,GB,United Kingdom,Q2,2025
41,spotify:track:2CGNAOSuO1MEFCbBRgUzjd,"Kendrick Lamar, SZA",luther (with sza),"pgLang, under exclusive license to Interscope Records",5,30,20,1124983,GB,United Kingdom,Q2,2025
42,spotify:track:3x3K1RP3Zfi2qeMR8kyrNO,Benson Boone,Sorry I'm Here For Someone Else,"Night Street Records, Inc./Warner Records Inc.",42,57,6,1119159,GB,United Kingdom,Q2,2025
43,spotify:track:6Qyc6fS4DsZjB2mRW9DsQs,The Goo Goo Dolls,Iris,Warner Records,26,36,175,1115168,GB,United Kingdom,Q2,2025
44,spotify:track:0ofHAoxe9vBkTCp2UQIavz,Fleetwood Mac,Dreams - 2004 Remaster,Rhino/Warner Records,17,51,258,1113443,GB,United Kingdom,Q2,2025
45,spotify:track:2uqYupMHANxnwgeiXTZXzd,Dasha,Austin (Boots Stop Workin'),Warner Records,8,35,59,1110317,GB,United Kingdom,Q2,2025
46,spotify:track:3Vr3zh0r7ALn8VLqCiRR10,Myles Smith,Stargazing,RCA Records Label,7,38,48,1110233,GB,United Kingdom,Q2,2025
47,spotify:track:6OFCzD4d8kjBOJHxz41gqA,"Dream Supplier, Baby Sleeps, Background White Noise",Clean Baby Sleep White Noise (Loopable),Dream Supplier,23,44,68,1084674,GB,United Kingdom,Q2,2025
48,spotify:track:1UHS8Rf6h5Ar3CDWRd3wjF,Sabrina Carpenter,Bed Chem,Island Records,7,40,33,1078654,GB,United Kingdom,Q2,2025
49,spotify:track:5IZXB5IKAD2qlvTPJYDCFB,"Post Malone, Morgan Wallen",I Had Some Help (Feat. Morgan Wallen),Mercury Records / Republic Records,3,45,48,1055633,GB,United Kingdom,Q2,2025
50,spotify:track:63Pi2NAx5yCgeLhCTOrEou,Imogen Heap,Headlock,Megaphonic,26,39,20,1045674,GB,United Kingdom,Q2,2025
1,spotify:track:2RkZ5LkEzeHGRsmDqKwmaJ,Alex Warren,Ordinary,Atlantic Records,1,1,22,3078391,GB,United Kingdom,Q3,2025
2,spotify:track:42UBPzRMh5yyz0EDPr6fr1,Sabrina Carpenter,Manchild,Island Records,1,2,5,2653283,GB,United Kingdom,Q3,2025
3,spotify:track:4WFgvKVfEhb3IUAFGrutTR,Ravyn Lenae,Love Me Not,Atlantic Records,2,3,21,2542894,GB,United Kingdom,Q3,2025
4,spotify:track:6PTgSuFz9JqQ1o0jTYOuvX,"MK, Chrystal",Dior (with Chrystal),"Ultra Records, LLC",4,4,5,2238132,GB,United Kingdom,Q3,2025
5,spotify:track:0FTmksd2dxiE5e3rWyJXs6,sombr,back to friends,Warner Records,4,7,17,2068759,GB,United Kingdom,Q3,2025
6,spotify:track:4AajxCEwGEsmHmT4H1TwjY,sombr,undressed,Warner Records,2,8,16,1922905,GB,United Kingdom,Q3,2025
7,spotify:track:5vXPLxljVKyHDHuv3kIuKV,Lewis Capaldi,Survive,Vertigo Berlin,5,5,2,1872521,GB,United Kingdom,Q3,2025
8,spotify:track:6393yGahSJ9slVdOwSxOVR,Chappell Roan,Pink Pony Club,Chappell Roan PS/ Island,2,9,55,1871761,GB,United Kingdom,Q3,2025
9,spotify:track:1lbNgoJ5iMrMluCyhI4OQP,"Fred again.., Skepta, PlaqueBoyMax",Victory Lap,Atlantic Records UK,5,6,4,1868739,GB,United Kingdom,Q3,2025
10,spotify:track:7gKxCvTDWwV9wBhdeBbr3l,Olivia Dean,Nice To Each Other,PLG - Capitol,9,10,6,1772429,GB,United Kingdom,Q3,2025
11,spotify:track:2yWlGEgEfPot0lv3OAjuG3,"Tate McRae, F1 The Album",Just Keep Watching (From F1® The Movie),Atlantic Records,6,11,6,1679655,GB,United Kingdom,Q3,2025
12,spotify:track:6dOtVTDdiauQNBQEDOtlAB,Billie Eilish,BIRDS OF A FEATHER,Darkroom/Interscope Records,1,14,60,1545896,GB,United Kingdom,Q3,2025
13,spotify:track:7ne4VBA60CxGM75vw0EYad,Gracie Abrams,That’s So True,"Gracie Abrams, under exclusive license to Interscope Records",1,12,38,1525550,GB,United Kingdom,Q3,2025
14,spotify:track:35ISBknsCeZQtq66xABI9g,Lola Young,Messy,Universal-Island Records Ltd.,1,13,34,1477553,GB,United Kingdom,Q3,2025
15,spotify:track:3xkHsmpQCBMytMJNiDf3Ii,Benson Boone,Beautiful Things,"Night Street Records, Inc./Warner Records Inc.",1,15,77,1423926,GB,United Kingdom,Q3,2025
16,spotify:track:78nx0HDJIFD5xDq2L5420Z,"Calvin Harris, Clementine Douglas",Blessings,Columbia,10,18,9,1391800,GB,United Kingdom,Q3,2025
17,spotify:track:2ipIPsgrgd0j2beDf4Ki70,Benson Boone,Mystical Magical,"Night Street Records, Inc./Warner Records Inc.",15,16,11,1353710,GB,United Kingdom,Q3,2025
18,spotify:track:1D2SVYXZdtNfJCg8wZWvVz,Oasis,Live Forever - Remastered,Big Brother,7,194,13,1343922,GB,United Kingdom,Q3,2025
19,spotify:track:1CPZ5BxNNd0n0nF4Orb9JS,"HUNTR/X, EJAE, AUDREY NUNA, REI AMI, KPop Demon Hunters Cast",Golden,K-Pop Demon Hunters,19,47,2,1332214,GB,United Kingdom,Q3,2025
20,spotify:track:10pfamFYvg5ftwq6rGJrWx,"Max Dean, Luke Dean, Locky",Can't Decide,FFRR,9,17,7,1317727,GB,United Kingdom,Q3,2025
21,spotify:track:3cZajhyr8LmtPfHZ9296tj,"Disco Lines, Tinashe",No Broke Boys,Nice Life/Atlantic,21,22,4,1314087,GB,United Kingdom,Q3,2025
22,spotify:track:0UvCh63URrLFcPkKt99hHd,Oasis,Don't Look Back in Anger - Remastered,Big Brother,10,112,325,1307590,GB,United Kingdom,Q3,2025
23,spotify:track:0ofHAoxe9vBkTCp2UQIavz,Fleetwood Mac,Dreams - 2004 Remaster,Rhino/Warner Records,17,38,271,1292103,GB,United Kingdom,Q3,2025
24,spotify:track:2HRqTpkrJO5ggZyyK6NPWz,Sabrina Carpenter,Espresso,Island Records,1,25,65,1244101,GB,United Kingdom,Q3,2025
25,spotify:track:3Vr3zh0r7ALn8VLqCiRR10,Myles Smith,Stargazing,RCA Records Label,7,20,61,1240608,GB,United Kingdom,Q3,2025
26,spotify:track:0WbMK4wrZ1wFSty9F7FCgu,Chappell Roan,"Good Luck, Babe!",Chappell Roan PS/ Island,2,21,66,1240586,GB,United Kingdom,Q3,2025
27,spotify:track:1WmBVbFmLt0w6zPP37TeCG,PinkPantheress,Illegal,Warner Records,27,27,4,1233624,GB,United Kingdom,Q3,2025
28,spotify:track:1I37Zz2g3hk9eWxaNkj031,"Saja Boys, Andrew Choi, Neckwav, Danny Chung, KEVIN WOO, samUIL Lee, KPop Demon Hunters Cast",Your Idol,K-Pop Demon Hunters,28,56,2,1217147,GB,United Kingdom,Q3,2025
29,spotify:track:6Qyc6fS4DsZjB2mRW9DsQs,The Goo Goo Dolls,Iris,Warner Records,26,30,188,1216531,GB,United Kingdom,Q3,2025
30,spotify:track:21IYMdzTrzSe191Cy5eMap,Gigi Perez,Sailor Song,"Outtahere, LLC / Island Records",1,23,50,1190900,GB,United Kingdom,Q3,2025
31,spotify:track:5qqabIl2vWzo9ApSC317sa,Oasis,Wonderwall - Remastered,Big Brother,15,122,426,1182122,GB,United Kingdom,Q3,2025
32,spotify:track:68STxEDIhToladxl3oGG2x,Skye Newman,Family Matters,Columbia,8,19,8,1178342,GB,United Kingdom,Q3,2025
33,spotify:track:0GRc3eGTg8HBdWLRGYgqIc,Ed Sheeran,Azizam,Gingerbread Man Records / Atlantic Records UK,14,24,14,1171202,GB,United Kingdom,Q3,2025
34,spotify:track:11JIdNpBagg6G0NHLDm2v2,Oasis,Acquiesce - Remastered,Big Brother Recordings Ltd,34,-1,2,1169550,GB,United Kingdom,Q3,2025
35,spotify:track:003vvx7Niy0yvhvHt4a68B,The Killers,Mr. Brightside,Island Records,12,28,446,1135955,GB,United Kingdom,Q3,2025
36,spotify:track:5G2f63n7IPVPPjfNIGih7Q,Sabrina Carpenter,Taste,Island Records,1,39,46,1134558,GB,United Kingdom,Q3,2025
37,spotify:track:7MZHqgTVTnN6xZGYAcEEAf,"Sam Fender, Olivia Dean",Rein Me In (with Olivia Dean),Polydor Records,37,43,3,1116729,GB,United Kingdom,Q3,2025
38,spotify:track:2fuYa3Lx06QQJAm0MjztKr,Radiohead,Let Down,XL Recordings,35,44,10,1070686,GB,United Kingdom,Q3,2025
39,spotify:track:4wJ5Qq0jBN4ajy7ouZIV1c,"ROSÉ, Bruno Mars",APT.,Atlantic Records,4,32,38,1070606,GB,United Kingdom,Q3,2025
40,spotify:track:0mflMxspEfB0VbI1kyLiAv,Noah Kahan,Stick Season,Mercury Records/Republic Records,1,34,93,1069241,GB,United Kingdom,Q3,2025
41,spotify:track:3Z23sDc2J9ZkmFiMStRoIp,"Rossi., Jazzy",High On Me,Polydor Records,41,45,3,1064912,GB,United Kingdom,Q3,2025
42,spotify:track:4Q0qVhFQa7j6jRKzo3HDmP,Ed Sheeran,Sapphire,Gingerbread Man Records / Atlantic Records UK,19,31,5,1062748,GB,United Kingdom,Q3,2025
43,spotify:track:6KFQdIB3njXBQNcg1xUh9U,Lola Young,One Thing,Universal-Island Records Ltd.,21,26,8,1062058,GB,United Kingdom,Q3,2025
44,spotify:track:2FAZskT9yRjp2Oow9szJD8,"Chrystal, NOTION",The Days - NOTION Remix,Polydor Records,8,29,30,1059042,GB,United Kingdom,Q3,2025
45,spotify:track:7B3BwNecBhKvNwSMOOl7Gk,Addison Rae,Fame is a Gun,Columbia,23,48,6,1047834,GB,United Kingdom,Q3,2025
46,spotify:track:57GsLpRtEtrzcPGPop20rS,Drake,What Did I Miss?,OVO/Republic,46,-1,1,1035223,GB,United Kingdom,Q3,2025
47,spotify:track:2WQ09wqQBIOor7Q0VpIDBK,Black Eyed Peas,Rock That Body,Interscope,41,41,6,1023402,GB,United Kingdom,Q3,2025
48,spotify:track:1tjji0FBo8iCrr9oHppV5i,Oasis,Supersonic - Remastered,Big Brother,24,-1,5,1022829,GB,United Kingdom,Q3,2025
49,spotify:track:19XpFsce28aByvCC4g89tJ,Hozier,Too Sweet,Columbia,1,37,67,1020463,GB,United Kingdom,Q3,2025
50,spotify:track:7so0lgd0zP2Sbgs2d7a1SZ,"Lady Gaga, Bruno Mars",Die With A Smile,Interscope Records,3,33,47,1018280,GB,United Kingdom,Q3,2025
1,spotify:track:1dosSsKwYF7hoQA2kuu6wI,Taylor Swift,The Fate of Ophelia,Taylor Swift,1,-1,1,8922536,GB,United Kingdom,Q4,2025
2,spotify:track:67osB3wmJVTFzKhWqPb1Hm,Taylor Swift,Opalite,Taylor Swift,2,-1,1,6607696,GB,United Kingdom,Q4,2025
3,spotify:track:1A2vZKJZovt4828jwLgiB3,Taylor Swift,Elizabeth Taylor,Taylor Swift,3,-1,1,6264327,GB,United Kingdom,Q4,2025
4,spotify:track:1lD0oPIfSYid1LhPvgrz10,Taylor Swift,Father Figure,Taylor Swift,4,-1,1,5652465,GB,United Kingdom,Q4,2025
5,spotify:track:1qbmS6ep2hbBRaEZFpn7BX,Olivia Dean,Man I Need,PLG - Capitol,1,1,8,4981134,GB,United Kingdom,Q4,2025
6,spotify:track:6ZSxG2QvGmwXbTfn7iDq7a,Taylor Swift,Actually Romantic,Taylor Swift,6,-1,1,4846281,GB,United Kingdom,Q4,2025
7,spotify:track:0129EujhGkwtwTFADGem5P,Taylor Swift,Wood,Taylor Swift,7,-1,1,4745360,GB,United Kingdom,Q4,2025
8,spotify:track:243KxZULAjWO3KREpVHgOH,"Taylor Swift, Sabrina Carpenter",The Life of a Showgirl (feat. Sabrina Carpenter),Taylor Swift,8,-1,1,4739424,GB,United Kingdom,Q4,2025
9,spotify:track:3FzJDGVjRGNc7KrkabU5N0,Taylor Swift,CANCELLED!,Taylor Swift,9,-1,1,4682147,GB,United Kingdom,Q4,2025
10,spotify:track:6iC3L3YmAkGucvJbXKDanA,Taylor Swift,Eldest Daughter,Taylor Swift,10,-1,1,4604971,GB,United Kingdom,Q4,2025
11,spotify:track:3Qeh4z08FfDBRfQMfDv83f,Taylor Swift,Wi$h Li$t,Taylor Swift,11,-1,1,4493555,GB,United Kingdom,Q4,2025
12,spotify:track:34xxPZWbEyg5iDKEBqdsBZ,Taylor Swift,Ruin The Friendship,Taylor Swift,12,-1,1,4474800,GB,United Kingdom,Q4,2025
13,spotify:track:3vGd1heFoUuFGvKvl0SdW3,Taylor Swift,Honey,Taylor Swift,13,-1,1,3765063,GB,United Kingdom,Q4,2025
14,spotify:track:55lijDD6OAjLFFUHU9tcDm,RAYE,WHERE IS MY HUSBAND!,Human Re Sources,2,2,3,3519004,GB,United Kingdom,Q4,2025
15,spotify:track:1CPZ5BxNNd0n0nF4Orb9JS,"HUNTR/X, EJAE, AUDREY NUNA, REI AMI, KPop Demon Hunters Cast",Golden,K-Pop Demon Hunters,1,3,15,3157536,GB,United Kingdom,Q4,2025
16,spotify:track:2RkZ5LkEzeHGRsmDqKwmaJ,Alex Warren,Ordinary,Atlantic Records,1,5,35,2434020,GB,United Kingdom,Q4,2025
17,spotify:track:7gKxCvTDWwV9wBhdeBbr3l,Olivia Dean,Nice To Each Other,PLG - Capitol,4,4,19,2389607,GB,United Kingdom,Q4,2025
18,spotify:track:7qjZnBKE73H4Oxkopwulqe,sombr,back to friends,Warner Records,3,7,30,2262181,GB,United Kingdom,Q4,2025
19,spotify:track:05od2qm2MTSKCHxy1GBp5W,sombr,12 to 12,Warner Records,5,6,11,2212590,GB,United Kingdom,Q4,2025
20,spotify:track:6sGIMrtIzQjdzNndVxe397,Olivia Dean,So Easy (To Fall In Love),PLG - Capitol,10,10,2,2168826,GB,United Kingdom,Q4,2025
21,spotify:track:3cZajhyr8LmtPfHZ9296tj,"Disco Lines, Tinashe",No Broke Boys,Nice Life/Atlantic,2,9,17,2014117,GB,United Kingdom,Q4,2025
22,spotify:track:04a44cx2PJthIbN2aLMXhl,Tate McRae,TIT FOR TAT,RCA Records Label,8,8,2,1924608,GB,United Kingdom,Q4,2025
23,spotify:track:0je57Uq5eTk1wrPzn9sWbl,Sabrina Carpenter,When Did You Get Hot?,Island Records,6,11,6,1652954,GB,United Kingdom,Q4,2025
24,spotify:track:0TFTAtCYhp2tQ9KcJIZb55,sombr,undressed,Warner Records,2,13,29,1642368,GB,United Kingdom,Q4,2025
25,spotify:track:02sy7FAs8dkDNYsHp4Ul3f,"Saja Boys, Andrew Choi, Neckwav, Danny Chung, KEVIN WOO, samUIL Lee, KPop Demon Hunters Cast",Soda Pop,K-Pop Demon Hunters,8,15,15,1632808,GB,United Kingdom,Q4,2025
26,spotify:track:42VUCXerQ5qTr4Qp6PhKo4,Sabrina Carpenter,Tears,Island Records,2,12,6,1592629,GB,United Kingdom,Q4,2025
27,spotify:track:4WFgvKVfEhb3IUAFGrutTR,Ravyn Lenae,Love Me Not,Atlantic Records,2,14,34,1572613,GB,United Kingdom,Q4,2025
28,spotify:track:5SruEBX3KpgpDvEcIuN53P,Olivia Dean,Baby Steps,PLG - Capitol,20,20,2,1460364,GB,United Kingdom,Q4,2025
29,spotify:track:1I37Zz2g3hk9eWxaNkj031,"Saja Boys, Andrew Choi, Neckwav, Danny Chung, KEVIN WOO, samUIL Lee, KPop Demon Hunters Cast",Your Idol,K-Pop Demon Hunters,10,18,15,1434650,GB,United Kingdom,Q4,2025
30,spotify:track:3Vd4fHzwS6pBS3muymjiDi,Olivia Dean,Let Alone The One You Love,PLG - Capitol,19,19,2,1420221,GB,United Kingdom,Q4,2025
31,spotify:track:2BwO5K8Q7EPAJSGze3AAh9,Sabrina Carpenter,Manchild,Island Records,1,16,18,1351070,GB,United Kingdom,Q4,2025
32,spotify:track:3RXUgPNIbUgFxsDWuBQEt6,"HUNTR/X, EJAE, AUDREY NUNA, REI AMI, KPop Demon Hunters Cast",How It’s Done,K-Pop Demon Hunters,14,22,15,1304080,GB,United Kingdom,Q4,2025
33,spotify:track:5sBDrrtLGbV64QJnEqfjer,"HUNTR/X, EJAE, AUDREY NUNA, REI AMI, KPop Demon Hunters Cast",What It Sounds Like,K-Pop Demon Hunters,17,24,15,1298087,GB,United Kingdom,Q4,2025
34,spotify:track:6Qyc6fS4DsZjB2mRW9DsQs,The Goo Goo Dolls,Iris,Warner Records,23,23,201,1284844,GB,United Kingdom,Q4,2025
35,spotify:track:6393yGahSJ9slVdOwSxOVR,Chappell Roan,Pink Pony Club,Chappell Roan PS/ Island,2,25,68,1230542,GB,United Kingdom,Q4,2025
36,spotify:track:7MZHqgTVTnN6xZGYAcEEAf,"Sam Fender, Olivia Dean",Rein Me In (with Olivia Dean),Polydor Records,18,28,16,1208020,GB,United Kingdom,Q4,2025
37,spotify:track:0d28khcov6AiegSCpG5TuT,"Gorillaz, De La Soul",Feel Good Inc.,Parlophone UK,24,29,79,1206752,GB,United Kingdom,Q4,2025
38,spotify:track:5BZsQlgw21vDOAjoqkNgKb,Justin Bieber,DAISIES,"JRC Entertainment, LLC / ILH Production Co. LLC / Def Jam Recordings",2,26,13,1200016,GB,United Kingdom,Q4,2025
39,spotify:track:1XwbJNPOcLuSRTQNR9zz4r,Olivia Dean,Lady Lady,PLG - Capitol,17,17,9,1166131,GB,United Kingdom,Q4,2025
40,spotify:track:3xkHsmpQCBMytMJNiDf3Ii,Benson Boone,Beautiful Things,"Night Street Records, Inc./Warner Records Inc.",1,31,90,1161752,GB,United Kingdom,Q4,2025
41,spotify:track:0ofHAoxe9vBkTCp2UQIavz,Fleetwood Mac,Dreams - 2004 Remaster,Rhino/Warner Records,17,53,284,1159063,GB,United Kingdom,Q4,2025
42,spotify:track:36vmaZyO0iAE6FZ7287fg2,Olivia Dean,Dive,PLG - Capitol,27,33,19,1155401,GB,United Kingdom,Q4,2025
43,spotify:track:25jgQBxuUkGDdCG1WGKKN9,Sabrina Carpenter,House Tour,Island Records,8,21,6,1120313,GB,United Kingdom,Q4,2025
44,spotify:track:28HadeGsalBfbVfMEkCcF7,Olivia Dean,Something Inbetween,PLG - Capitol,27,27,2,1080463,GB,United Kingdom,Q4,2025
45,spotify:track:17phhZDn6oGtzMe56NuWvj,Teddy Swims,Lose Control,Warner Records,3,66,99,1064896,GB,United Kingdom,Q4,2025
46,spotify:track:0MHStU0muAIEMbwdnebYu2,"HUNTR/X, EJAE, AUDREY NUNA, REI AMI, KPop Demon Hunters Cast",Takedown,K-Pop Demon Hunters,21,37,15,1061295,GB,United Kingdom,Q4,2025
47,spotify:track:003vvx7Niy0yvhvHt4a68B,The Killers,Mr. Brightside,Island Records,12,42,459,1043775,GB,United Kingdom,Q4,2025
48,spotify:track:5EcG8eMMlwkHRVa4aTR1qd,Rihanna,Breakin' Dishes,Def Jam Recordings,29,35,28,1034810,GB,United Kingdom,Q4,2025
49,spotify:track:6JPysVgPfEab03Gbm7hjXM,"Tkandz, CXSPER",NOW OR NEVER,Everything's Yours Entertainment,49,56,2,1032406,GB,United Kingdom,Q4,2025
50,spotify:track:6OFCzD4d8kjBOJHxz41gqA,"Dream Supplier, Baby Sleeps, Background White Noise",Clean Baby Sleep White Noise (Loopable),Dream Supplier,23,47,94,1016711,GB,United Kingdom,Q4,2025
1,spotify:track:3vCzLB6kS2lGcIpm1OOUsy,"Anurag Saikia, Raj Shekhar, Romy, Amarabha Banerjee, Varun Jain, Madhubanti Bagchi, Mismatched - Cast",Ishq Hai,Netflix Music,1,2,4,7206883,IN,India,Q1,2025
2,spotify:track:4ulroyDK6rN73nVkCkWhur,"Jasleen Royal, Stebin Ben, Vijay Deverakonda, Radhikka Madan, Priya Saraiya, Aditya Sharma",Sahiba,Warner Music India,2,5,7,6997938,IN,India,Q1,2025
3,spotify:track:0eCajpR75pDW0r64U6hP2x,Anuv Jain,Jo Tum Mere Ho,Universal Music India Pvt. Ltd. (on behalf of Anuv Jain),1,1,22,6601073,IN,India,Q1,2025
4,spotify:track:4vHRQnzGcKEtqsLH70tAms,"Sachet-Parampara, Parampara Tandon, Kausar Munir","Raanjhan (From ""Do Patti"")",T-Series,2,3,12,5639501,IN,India,Q1,2025
5,spotify:track:2plbrEY59IikOBgBGLjaoe,"Lady Gaga, Bruno Mars",Die With A Smile,Interscope,4,4,15,5441742,IN,India,Q1,2025
6,spotify:track:1hlbywc8Jhl1FFqJxAMabE,"Faheem Abdullah, Rauhan Malik, Amir Ameer",Ishq,Artiste First,2,6,41,4730083,IN,India,Q1,2025
7,spotify:track:4d2jV5fmX6hbRwaRbY39dt,"Karan Aujla, Jay Trak",Wavy,Karan Aujla Music,4,7,8,4292501,IN,India,Q1,2025
8,spotify:track:78BWCd70D1X6LMkDZm1UoF,Yo Yo Honey Singh,Millionaire,T-Series,3,9,19,4173182,IN,India,Q1,2025
9,spotify:track:5zCnGtCl5Ac5zlFHXaZmhy,"Ram Sampath, Arijit Singh, Prashant Pandey","Sajni (From ""Laapataa Ladies"")",T-Series,1,10,36,3836669,IN,India,Q1,2025
10,spotify:track:1hA697u7e1jX2XM8sWA6Uy,"Sachin-Jigar, Arijit Singh, Amitabh Bhattacharya",Apna Bana Le,Zee Music Company,1,11,81,3813222,IN,India,Q1,2025
11,spotify:track:5AnWrUzsrFgBvhn6dUElnr,"Sachin-Jigar, Amitabh Bhattacharya, Madhubanti Bagchi, Divya Kumar","Aaj Ki Raat (From ""Stree 2"")",Saregama India Ltd,1,8,24,3698760,IN,India,Q1,2025
12,spotify:track:1PALLCSlHwAI4upY3sMg8u,"Aditya Rikhari, Tulsi Kumar, Lijo George-Dj Chetas","Jaana Samjho Na (From ""Bhool Bhulaiyaa 3"")",T-Series,9,12,10,3696477,IN,India,Q1,2025
13,spotify:track:2Fv2injs4qAm8mJBGaxVKU,"Arijit Singh, Mithoon","Tujhe Kitna Chahne Lage (From ""Kabir Singh"")",T-Series,2,16,293,3327114,IN,India,Q1,2025
14,spotify:track:76ZWOhRRQzmb4xMoZzTjJ9,"Yo Yo Honey Singh, Paradox",Payal,T-Series,14,14,7,3267754,IN,India,Q1,2025
15,spotify:track:1dFrZr9eMUsFqeag04ClqD,Dhanda Nyoliwala,Russian Bandana,Universal Music India Pvt Ltd.,6,15,15,3257524,IN,India,Q1,2025
16,spotify:track:4wJ5Qq0jBN4ajy7ouZIV1c,"ROSÉ, Bruno Mars",APT.,Atlantic Records,13,13,12,3209200,IN,India,Q1,2025
17,spotify:track:0YQJoDL6f46J0n1rOVkpxJ,"Karan Aujla, Ikky",Softly,WM Canada,4,17,73,3064709,IN,India,Q1,2025
18,spotify:track:3yHyiUDJdz02FZ6jfUbsmY,"Arijit Singh, Shreyas Puranik, Siddharth - Garima","Satranga (From ""ANIMAL"")",T-Series,2,19,63,2993886,IN,India,Q1,2025
19,spotify:track:0TL0LFcwIBF5eX7arDIKxY,Anuv Jain,Husn,Universal Music India Pvt. Ltd. (on behalf of Anuv Jain),1,18,58,2980686,IN,India,Q1,2025
20,spotify:track:7eQl3Yqv35ioqUfveKHitE,"Pritam, Mohit Chauhan, Irshad Kamil",Tum Se Hi,T-Series,14,23,251,2965375,IN,India,Q1,2025
21,spotify:track:3be9ACTxtcL6Zm4vJRUiPG,yung kai,blue,BMG Rights Management (US) LLC,21,33,5,2840006,IN,India,Q1,2025
22,spotify:track:7yDHHVKLbvDmVw1XXhDDIO,"Vishal Mishra, Raj Shekhar",Pehle Bhi Main,T-Series,1,28,58,2778582,IN,India,Q1,2025
23,spotify:track:5FXMRdJjKq1BIX4e8Eg9mK,"Vishal-Shekhar, KK",Ajab Si,T-Series,23,30,157,2720310,IN,India,Q1,2025
24,spotify:track:2ceeTJAzKy295Fm0VsaXtE,"Sachin-Jigar, Raghav Chaitanya, Varun Jain, Indraneel","Tum Se (From ""Teri Baaton Mein Aisa Uljha Jiya"")",T-Series,10,25,48,2683401,IN,India,Q1,2025
25,spotify:track:45PA9lW7U5LYnlpGrdTyHY,"Jasleen Royal, Ujjwal Kashyap",Sang Rahiyo,Warner Music India,21,36,44,2666665,IN,India,Q1,2025
26,spotify:track:1r6GbBLdtUK1Vl1IHT14wP,"Mohammad Faiz, Jaani","Dekhha Tenu (From ""Mr. And Mrs. Mahi"")",Sony Music Entertainment India Pvt. Ltd.,2,29,34,2645034,IN,India,Q1,2025
27,spotify:track:1bxzr3JK05fMTcweGAZUHp,"Shilpa Rao, Anirudh Ravichander, Ramajogayya Sastry","Chuttamalle (From ""Devara Part 1"")",T-Series,4,20,23,2639230,IN,India,Q1,2025
28,spotify:track:4XxfOvudrnBRdlgzEaq1sd,Diljit Dosanjh,Born to Shine,FAMOUS STUDIOS INC,14,31,80,2626090,IN,India,Q1,2025
29,spotify:track:25Nxyrng0Z3jC5Q0hAibpw,Karan Aujla,"Tauba Tauba (From ""Bad Newz"")",Saregama India Ltd,1,22,27,2615480,IN,India,Q1,2025
30,spotify:track:7DKWcqsUjsjBD56kbYvx50,"Juss, MixSingh",Mera Mann,Times Music – Speed Records,12,21,5,2594517,IN,India,Q1,2025
31,spotify:track:2PvaburAUlhNHxVhw5lvOq,Arijit Singh,"Humdard (From ""Ek Villain"")",T-Series,24,34,234,2564157,IN,India,Q1,2025
32,spotify:track:2cPUB8EOT6AfJ8oxhyoNXL,"Pritam, Javed Bashir",Ye Tune Kya Kiya,T-Series,26,26,47,2560473,IN,India,Q1,2025
33,spotify:track:2IoZMG3RqiTmsy7Li3zGFg,"Sachet Tandon, Parampara Tandon, Sachet-Parampara","Mere Sohneya (From ""Kabir Singh"")",T-Series,4,40,247,2559933,IN,India,Q1,2025
34,spotify:track:1mQUEvGR7Sbt2OCz2gFrdx,"Amitabh Bhattacharya, Sachin-Jigar, Pawan Singh, Simran Choudhary","Aayi Nai (From ""Stree 2"")",Saregama India Ltd,2,24,22,2535836,IN,India,Q1,2025
35,spotify:track:5npFBWhVs3VVlc0nY5xQMA,"Sachin-Jigar, Arijit Singh","Tainu Khabar Nahi - From ""Munjya""",Zee Music Company,17,43,30,2431665,IN,India,Q1,2025
36,spotify:track:6uwfPoH4JwdtD9b4mjZeZz,"Karan Aujla, Neha Kakkar, Jay Trak",Aaye Haaye (Feat. Nora Fatehi),T-Series,32,32,5,2412431,IN,India,Q1,2025
37,spotify:track:1eZefeDb8uOsjvcbl1fJrG,"Diljit Dosanjh, Badshah, Raj Ranjodh","Naina (From ""Crew"")",Tips Music Limited,3,27,44,2401126,IN,India,Q1,2025
38,spotify:track:6bmmHeCvZI92pRiTHxEdTC,"Pritam, Arijit Singh, Irshad Kamil",O Maahi,T-Series,4,39,56,2395160,IN,India,Q1,2025
39,spotify:track:3WLJ7D5kh44K5eJ1NqZQ6W,Anuv Jain,Baarishein,Universal Music India Pvt. Ltd. (on behalf of Anuv Jain),16,38,191,2364639,IN,India,Q1,2025
40,spotify:track:3zSSCPpLZ5Oc8nelhhGjKz,AUR,Tu hai kahan,Sony Music Middle East / South Asia,1,37,65,2364088,IN,India,Q1,2025
41,spotify:track:0XRb6eZE4dBIJdqwf1Mixu,"Juss, MixSingh",Suniyan Suniyan,Mix It Up Studio,3,42,34,2349063,IN,India,Q1,2025
42,spotify:track:2GXXZFUxYg2LvG8SR0byOE,"Sachin-Jigar, Atif Aslam",Jeena Jeena,Sony Music / EROS Music,29,54,174,2338569,IN,India,Q1,2025
43,spotify:track:48Ix6ReYdJf2H4mKb3TIpj,"Atif Aslam, Alisha Chinai, Pritam",Tera Hone Laga Hoon,Tips Industries Ltd,33,82,191,2318505,IN,India,Q1,2025
44,spotify:track:5PUXKVVVQ74C3gl5vKy9Li,"Jasleen Royal, Arijit Singh, Dulquer Salmaan",Heeriye (feat. Arijit Singh),Warner Music India,1,41,76,2302617,IN,India,Q1,2025
45,spotify:track:1UEbsf5kGEIcSMiWexOkrZ,"Khushi TDT, Lash curry, Audiocrackerr",Victory Anthem,Sony Music India / Brown,17,35,9,2288681,IN,India,Q1,2025
46,spotify:track:5VvkNZesG4T86mUULEG5Wp,"Sachet-Parampara, Sachet Tandon, Parampara Tandon, Kausar Munir",Maiyya,T-Series,46,49,5,2288011,IN,India,Q1,2025
47,spotify:track:6fScgF2Y63ScU73nYju0ny,"Atif Aslam, Arko",O Saathi,T-Series,47,52,128,2233655,IN,India,Q1,2025
48,spotify:track:1o8YPl0hyGbpRcHplXNvsm,"Vishal Mishra, Sachin-Jigar, Amitabh Bhattacharya","Khoobsurat (From ""Stree 2"")",Saregama India Ltd,5,46,21,2213368,IN,India,Q1,2025
49,spotify:track:0GQngE2rOYvlKwEQjTAsP8,"Pritam, Sreeram, Shilpa Rao",Subhanallah,T-Series,41,65,92,2184864,IN,India,Q1,2025
50,spotify:track:5pPyvA03RKSJrAnnDcq0nh,"Sachin-Jigar, Shreya Ghoshal, Tochi Raina",Saibo,Sony Music Entertainment India Pvt. Ltd.,31,69,219,2165639,IN,India,Q1,2025
1,spotify:track:4vHRQnzGcKEtqsLH70tAms,"Sachet-Parampara, Parampara Tandon, Kausar Munir","Raanjhan (From ""Do Patti"")",T-Series,1,1,25,9127883,IN,India,Q2,2025
2,spotify:track:4XTgFBxBHN6var1BzAgE1m,"Maanu, Annural Khalid",Jhol,Giraffe Music,2,2,17,8272722,IN,India,Q2,2025
3,spotify:track:5ThyDv6aRVU8AH4vXQNldF,"Kushagra, Bharath, Saaheal",Finding Her,EYP Creations,3,3,5,7393738,IN,India,Q2,2025
4,spotify:track:3vCzLB6kS2lGcIpm1OOUsy,"Anurag Saikia, Raj Shekhar, Romy, Amarabha Banerjee, Varun Jain, Madhubanti Bagchi, Mismatched - Cast",Ishq Hai,Netflix Music,1,4,17,4728285,IN,India,Q2,2025
5,spotify:track:0eCajpR75pDW0r64U6hP2x,Anuv Jain,Jo Tum Mere Ho,Universal Music India Pvt. Ltd. (on behalf of Anuv Jain),1,5,35,4655721,IN,India,Q2,2025
6,spotify:track:2ZzZ2qwZBWlDKs420hhloc,"Bayaan, Hasan Raheem, Rovalio",Maand,Bayaan,6,14,6,4529143,IN,India,Q2,2025
7,spotify:track:1hlbywc8Jhl1FFqJxAMabE,"Faheem Abdullah, Rauhan Malik, Amir Ameer",Ishq,Artiste First,2,6,54,4124696,IN,India,Q2,2025
8,spotify:track:6nRGPf5tpeJtKpXZO5cgIT,"Aditya Rikhari, UNPLG'd",Paro,Universal Music India Pvt Ltd.,7,7,5,3869598,IN,India,Q2,2025
9,spotify:track:2Fv2injs4qAm8mJBGaxVKU,"Arijit Singh, Mithoon","Tujhe Kitna Chahne Lage (From ""Kabir Singh"")",T-Series,2,10,306,3695194,IN,India,Q2,2025
10,spotify:track:4Qm7r3ImER8S2Ori1gLMAf,"Anuv Jain, AP Dhillon",Afsos,"Universal Music India Pvt. Ltd. (on behalf of Anuv Jain, AP DHILLON INC/Republic Records)",6,11,10,3616557,IN,India,Q2,2025
11,spotify:track:4d2jV5fmX6hbRwaRbY39dt,"Karan Aujla, Jay Trak",Wavy,Karan Aujla Music,4,9,21,3437599,IN,India,Q2,2025
12,spotify:track:2cPUB8EOT6AfJ8oxhyoNXL,"Pritam, Javed Bashir",Ye Tune Kya Kiya,T-Series,12,12,60,3307377,IN,India,Q2,2025
13,spotify:track:4ulroyDK6rN73nVkCkWhur,"Jasleen Royal, Stebin Ben, Vijay Deverakonda, Radhikka Madan, Priya Saraiya, Aditya Sharma",Sahiba,Warner Music India,1,8,20,3305474,IN,India,Q2,2025
14,spotify:track:7eQl3Yqv35ioqUfveKHitE,"Pritam, Mohit Chauhan, Irshad Kamil",Tum Se Hi,T-Series,12,16,264,3294461,IN,India,Q2,2025
15,spotify:track:7so0lgd0zP2Sbgs2d7a1SZ,"Lady Gaga, Bruno Mars",Die With A Smile,Interscope Records,4,13,28,3281885,IN,India,Q2,2025
16,spotify:track:5zCnGtCl5Ac5zlFHXaZmhy,"Ram Sampath, Arijit Singh, Prashant Pandey","Sajni (From ""Laapataa Ladies"")",T-Series,1,15,49,3196598,IN,India,Q2,2025
17,spotify:track:1hA697u7e1jX2XM8sWA6Uy,"Sachin-Jigar, Arijit Singh, Amitabh Bhattacharya",Apna Bana Le,Zee Music Company,1,17,94,3172006,IN,India,Q2,2025
18,spotify:track:3PWfXDaGLxwN9UJDHMEyKi,"Masoom Sharma, Sheenam Katholic, Mr. Boota, Kay D, Aarohi Raghav",Teri Ramjhol Bole Gi (feat. Kay D & Aarohi Raghav),Empire Media,18,24,4,2979273,IN,India,Q2,2025
19,spotify:track:2Ul0NiluAcBWG6BJBl40sT,"Himesh Reshammiya, Arijit Singh",Tera Chehra,Sony Music / EROS Music,3,18,10,2926804,IN,India,Q2,2025
20,spotify:track:5a0Z7Dz4e5Z81IM0iccFVY,"Himesh Reshammiya, Ankit Tiwari, Palak Muchhal",Sanam Teri Kasam,Sony Music / EROS Music,1,20,10,2841985,IN,India,Q2,2025
21,spotify:track:4LMlVCXHJtCE9abhmn0mYo,"Afusic, AliSoomroMusic",Pal Pal,Afusic,21,156,2,2822413,IN,India,Q2,2025
22,spotify:track:5J9L7IbadCt0ivs9xmNrr0,Zain Zohaib,Ranjheya Ve,Zain Zohaib,22,25,7,2817433,IN,India,Q2,2025
23,spotify:track:2ceeTJAzKy295Fm0VsaXtE,"Sachin-Jigar, Raghav Chaitanya, Varun Jain, Indraneel","Tum Se (From ""Teri Baaton Mein Aisa Uljha Jiya"")",T-Series,10,23,61,2814709,IN,India,Q2,2025
24,spotify:track:5VvkNZesG4T86mUULEG5Wp,"Sachet-Parampara, Sachet Tandon, Parampara Tandon, Kausar Munir",Maiyya,T-Series,19,19,18,2723652,IN,India,Q2,2025
25,spotify:track:4y2sSEDG8aP4nDyXWnmPjw,"Masoom Sharma, Swara Verma, Dev Chouhan, Pooja Saxena",Blender,GSC Music,19,22,14,2719121,IN,India,Q2,2025
26,spotify:track:3yHyiUDJdz02FZ6jfUbsmY,"Arijit Singh, Shreyas Puranik, Siddharth - Garima","Satranga (From ""ANIMAL"")",T-Series,2,28,76,2717000,IN,India,Q2,2025
27,spotify:track:5AnWrUzsrFgBvhn6dUElnr,"Sachin-Jigar, Amitabh Bhattacharya, Madhubanti Bagchi, Divya Kumar","Aaj Ki Raat (From ""Stree 2"")",Saregama India Ltd,1,29,37,2593648,IN,India,Q2,2025
28,spotify:track:6fScgF2Y63ScU73nYju0ny,"Atif Aslam, Arko",O Saathi,T-Series,28,38,141,2564660,IN,India,Q2,2025
29,spotify:track:02Ck2nLoW3TpgGV6uwvK5Z,"Anurag Kulkarni, Sameera Bharadwaj, Vijai Bulganin, Purnachary","Premalo (From ""Court"")",Saregama India Ltd,20,21,4,2561945,IN,India,Q2,2025
30,spotify:track:4MtsPGGUTIs4qFD8gOSJ3D,"Masoom Sharma, Rahul Muana, Swara Verma, Ruba Khan",Chambal K Dakku,Bajewala Records,26,26,4,2539798,IN,India,Q2,2025
31,spotify:track:0YQJoDL6f46J0n1rOVkpxJ,"Karan Aujla, Ikky",Softly,WM Canada,4,31,86,2531323,IN,India,Q2,2025
32,spotify:track:5npFBWhVs3VVlc0nY5xQMA,"Sachin-Jigar, Arijit Singh","Tainu Khabar Nahi - From ""Munjya""",Zee Music Company,17,40,43,2492273,IN,India,Q2,2025
33,spotify:track:1dFrZr9eMUsFqeag04ClqD,Dhanda Nyoliwala,Russian Bandana,Universal Music India Pvt Ltd.,6,36,28,2475760,IN,India,Q2,2025
34,spotify:track:5FXMRdJjKq1BIX4e8Eg9mK,"Vishal-Shekhar, KK",Ajab Si,T-Series,19,39,170,2473101,IN,India,Q2,2025
35,spotify:track:0gPgdRfB4jdGrlyXS0Vx78,"Vishal-Shekhar, KK, Shilpa Rao, Anvita Dutt Guptan",Khuda Jaane,YRF Music,35,41,131,2450090,IN,India,Q2,2025
36,spotify:track:2PvaburAUlhNHxVhw5lvOq,Arijit Singh,"Humdard (From ""Ek Villain"")",T-Series,20,27,247,2449201,IN,India,Q2,2025
37,spotify:track:78BWCd70D1X6LMkDZm1UoF,Yo Yo Honey Singh,Millionaire,T-Series,3,33,32,2446874,IN,India,Q2,2025
38,spotify:track:2nP1wLRh85mo5Wdj4RQldp,"Amit Trivedi, Madhubanti Bagchi, Amitabh Bhattacharya","Uyi Amma - From ""Azaad""",Zee Music Company,24,43,12,2414987,IN,India,Q2,2025
39,spotify:track:0GQngE2rOYvlKwEQjTAsP8,"Pritam, Sreeram, Shilpa Rao",Subhanallah,T-Series,34,44,105,2394180,IN,India,Q2,2025
40,spotify:track:45PA9lW7U5LYnlpGrdTyHY,"Jasleen Royal, Ujjwal Kashyap",Sang Rahiyo,Warner Music India,21,32,57,2379054,IN,India,Q2,2025
41,spotify:track:4Lo6I7kkHWgAVRmdILLhig,"Arijit Singh, Afsana Khan, Tanishk Bagchi, Irshad Kamil","Tu Hain Toh Main Hoon (From ""Sky Force"")",Saregama India Ltd,7,34,11,2374773,IN,India,Q2,2025
42,spotify:track:2618Fg2I7K5leCzDUhOjbr,"Ali & Shjr, Haider Ali, Ali Raza",Heer,Freebird Records,42,60,3,2373310,IN,India,Q2,2025
43,spotify:track:6kYoY0PhBelP64UMnhsEZx,"Alka Yagnik, Arijit Singh","Agar Tum Saath Ho (From ""Tamasha"")",T-Series,4,30,306,2350640,IN,India,Q2,2025
44,spotify:track:0TL0LFcwIBF5eX7arDIKxY,Anuv Jain,Husn,Universal Music India Pvt. Ltd. (on behalf of Anuv Jain),1,42,71,2346495,IN,India,Q2,2025
45,spotify:track:0SAZ4IHYMtjW4Lxrjm7NnG,"Sohail Sen, Altamash Faridi",Aashiq Tera,Sony Music / EROS Music,45,50,5,2334857,IN,India,Q2,2025
46,spotify:track:25jtUwCQfXwnxENh8Bvoj4,"Diljit Dosanjh, MixSingh, Raj Ranjodh",Water,Famous Studios,37,37,7,2308557,IN,India,Q2,2025
47,spotify:track:0hFkx6EoIRvNmEVXQIIJtk,Aditya Rikhari,Paaro,Universal Music India Pvt Ltd.,47,49,4,2307580,IN,India,Q2,2025
48,spotify:track:56zZ48jdyY2oDXHVnwg5Di,"Mithoon, Arijit Singh",Tum Hi Ho,T-Series,39,55,219,2287778,IN,India,Q2,2025
49,spotify:track:22ZIAjVRJTjYj5EwD0MjEJ,Masoom Sharma,2 Khatole (Lofi Mix),Tuffan Music,49,168,2,2267578,IN,India,Q2,2025
50,spotify:track:2GXXZFUxYg2LvG8SR0byOE,"Sachin-Jigar, Atif Aslam",Jeena Jeena,Sony Music / EROS Music,29,48,187,2182981,IN,India,Q2,2025
1,spotify:track:0eLtIxPRNJfsmehITZ1qaJ,Aditya Rikhari,Sahiba,T-Series,1,-1,1,7464995,IN,India,Q3,2025
2,spotify:track:5ThyDv6aRVU8AH4vXQNldF,"Kushagra, Bharath, Saaheal",Finding Her,EYP Creations,1,1,18,6366718,IN,India,Q3,2025
3,spotify:track:4Q0qVhFQa7j6jRKzo3HDmP,Ed Sheeran,Sapphire,Gingerbread Man Records / Atlantic Records UK,1,2,5,5893801,IN,India,Q3,2025
4,spotify:track:2HI1eYwbbiJGqi0XaeByOI,"Sanju Rathod, G-SPXRK",Shaky,Sanjay Rathod,3,3,8,5299797,IN,India,Q3,2025
5,spotify:track:1hlbywc8Jhl1FFqJxAMabE,"Faheem Abdullah, Rauhan Malik, Amir Ameer",Ishq,Artiste First,2,5,67,5108384,IN,India,Q3,2025
6,spotify:track:4vHRQnzGcKEtqsLH70tAms,"Sachet-Parampara, Parampara Tandon, Kausar Munir","Raanjhan (From ""Do Patti"")",T-Series,1,6,38,4678483,IN,India,Q3,2025
7,spotify:track:5UGrftqh9U3zKQUt3vs7Ob,Shubh,Supreme,Shubh,2,4,12,4583640,IN,India,Q3,2025
8,spotify:track:0eCajpR75pDW0r64U6hP2x,Anuv Jain,Jo Tum Mere Ho,Universal Music India Pvt. Ltd. (on behalf of Anuv Jain),1,7,48,4277190,IN,India,Q3,2025
9,spotify:track:4FeczSomVWVyU4FW7xDeAI,"A.R. Rahman, Chinmayi, Murtuza Khan, Qadir Khan",Tere Bina,Sony Music Entertainment India Pvt. Ltd.,8,8,47,4238014,IN,India,Q3,2025
10,spotify:track:1D35BJlymlh6OLD75WupSF,"Tanishk Bagchi, Faheem Abdullah, Arslan Nizami, Irshad Kamil","Saiyaara (From ""Saiyaara"")",YRF Music,10,18,4,4038588,IN,India,Q3,2025
11,spotify:track:6nRGPf5tpeJtKpXZO5cgIT,"Aditya Rikhari, UNPLG'd",Paro,Universal Music India Pvt Ltd.,7,13,18,3975494,IN,India,Q3,2025
12,spotify:track:3yV2c3cYhkAwSsxAq6nRiv,Gajendra Verma,Mann Mera,Sony Music / EROS Music,12,12,221,3862190,IN,India,Q3,2025
13,spotify:track:2oJxsbdvHuzkQ44hoyMsis,"Yo Yo Honey Singh, Simar Kaur, Alfaaz","Laal Pari (From ""Housefull 5"")",T-Series,9,9,9,3579479,IN,India,Q3,2025
14,spotify:track:2cPUB8EOT6AfJ8oxhyoNXL,"Pritam, Javed Bashir",Ye Tune Kya Kiya,T-Series,9,11,73,3522149,IN,India,Q3,2025
15,spotify:track:1hA697u7e1jX2XM8sWA6Uy,"Sachin-Jigar, Arijit Singh, Amitabh Bhattacharya",Apna Bana Le,Zee Music Company,1,10,107,3381563,IN,India,Q3,2025
16,spotify:track:1Ae2O8GhTe5KiDrrurzm41,"Karan Aujla, Ikky",At Peace,WM Canada,16,17,2,3380835,IN,India,Q3,2025
17,spotify:track:4ulroyDK6rN73nVkCkWhur,"Jasleen Royal, Stebin Ben, Vijay Deverakonda, Radhikka Madan, Priya Saraiya, Aditya Sharma",Sahiba,Warner Music India,1,15,33,3082891,IN,India,Q3,2025
18,spotify:track:7oFrQLTu7Bi1xmTYLbBxHf,"Masoom Sharma, Sweta Chauhan, Yash Thukral",Raat Ke Shikari,Sonotek Cassettes,18,21,5,2952792,IN,India,Q3,2025
19,spotify:track:3vCzLB6kS2lGcIpm1OOUsy,"Anurag Saikia, Raj Shekhar, Romy, Amarabha Banerjee, Varun Jain, Madhubanti Bagchi, Mismatched - Cast",Ishq Hai,Netflix Music,1,16,30,2931693,IN,India,Q3,2025
20,spotify:track:1As2Jo89VTF9V3D6GuOPr9,Gajendra Verma,Mann Mera - Original Version,Sony Music / EROS Music,20,96,2,2924769,IN,India,Q3,2025
21,spotify:track:5zCnGtCl5Ac5zlFHXaZmhy,"Ram Sampath, Arijit Singh, Prashant Pandey","Sajni (From ""Laapataa Ladies"")",T-Series,1,19,62,2854382,IN,India,Q3,2025
22,spotify:track:4BGfzLrK6lgvKDjKSU7wrN,"Faheem Abdullah, Huzaif Nazar",Sajde,Artiste First,22,33,6,2822695,IN,India,Q3,2025
23,spotify:track:2Fv2injs4qAm8mJBGaxVKU,"Arijit Singh, Mithoon","Tujhe Kitna Chahne Lage (From ""Kabir Singh"")",T-Series,2,20,319,2802249,IN,India,Q3,2025
24,spotify:track:6kYoY0PhBelP64UMnhsEZx,"Alka Yagnik, Arijit Singh","Agar Tum Saath Ho (From ""Tamasha"")",T-Series,4,22,319,2755606,IN,India,Q3,2025
25,spotify:track:2TYxwTH2HhL6OLVkZlsDLV,"Udit Narayan, Shreya Ghoshal","Jugraafiya - From ""Super 30""",Zee Music Company,25,28,24,2751942,IN,India,Q3,2025
26,spotify:track:0kYBzFJ5a2Jozi6cI4y9Bp,"Jeet Gannguli, Mustafa Zahid",Jo Tere Sang,Sony Music Entertainment India Pvt. Ltd.,26,31,10,2725975,IN,India,Q3,2025
27,spotify:track:2PvaburAUlhNHxVhw5lvOq,Arijit Singh,"Humdard (From ""Ek Villain"")",T-Series,17,23,260,2670700,IN,India,Q3,2025
28,spotify:track:2HHmJ0oUtxDLXhn7uEDxYW,"Pritam, Arijit Singh, Shashwat Singh, Qaisar-Ul-Jafri, Sandeep Shrivastava",Zamaana Lage,T-Series,26,49,6,2652472,IN,India,Q3,2025
29,spotify:track:5FDVyL6VahLO3B4T7xRYD9,"Guru Randhawa, Sanjoy, Gill Machhrai",Qatal,Warner Music India,4,14,11,2629921,IN,India,Q3,2025
30,spotify:track:7f88cYg6oaAaSJMfF2GANl,"Jakes Bejoy, Sid Sriram, Sithara Krishnakumar",Minnalvala,Sony Music Entertainment India Pvt. Ltd.,8,25,9,2626559,IN,India,Q3,2025
31,spotify:track:45PA9lW7U5LYnlpGrdTyHY,"Jasleen Royal, Ujjwal Kashyap",Sang Rahiyo,Warner Music India,19,29,70,2582134,IN,India,Q3,2025
32,spotify:track:0hFkx6EoIRvNmEVXQIIJtk,Aditya Rikhari,Paaro,Universal Music India Pvt Ltd.,32,55,17,2568929,IN,India,Q3,2025
33,spotify:track:3yHyiUDJdz02FZ6jfUbsmY,"Arijit Singh, Shreyas Puranik, Siddharth - Garima","Satranga (From ""ANIMAL"")",T-Series,2,26,89,2542795,IN,India,Q3,2025
34,spotify:track:1JioaCninhpfY1filFEIZi,"AP Dhillon, Shinda Kahlon",STFU,AP Dhillon,15,27,8,2532091,IN,India,Q3,2025
35,spotify:track:2GXXZFUxYg2LvG8SR0byOE,"Sachin-Jigar, Atif Aslam",Jeena Jeena,Sony Music / EROS Music,24,24,200,2523552,IN,India,Q3,2025
36,spotify:track:4eBvRhTJ2AcxCsbfTUjoRp,Shubh,Cheques,SHUBH,1,34,111,2429959,IN,India,Q3,2025
37,spotify:track:08GYLNhKthS3arMdXsveRI,"Talwiinder, NDS, Rippy Grewal",Haseen,Talwiinder,37,46,6,2407767,IN,India,Q3,2025
38,spotify:track:4Qm7r3ImER8S2Ori1gLMAf,"Anuv Jain, AP Dhillon",Afsos,"Universal Music India Pvt. Ltd. (on behalf of Anuv Jain, AP DHILLON INC/Republic Records)",6,35,23,2402838,IN,India,Q3,2025
39,spotify:track:3FqtduiaqnFYvBgKuc6QWQ,"Karan Aujla, Seshnolan",Winning Speech,Karan Aujla,8,44,60,2399608,IN,India,Q3,2025
40,spotify:track:1fkjRQA8wXPPyxqYLbxuqy,"Vishal-Shekhar, Sanam Puri, Shipra Goyal",Ishq Bulaava,Sony Music Entertainment India Pvt. Ltd.,27,36,15,2387205,IN,India,Q3,2025
41,spotify:track:56zZ48jdyY2oDXHVnwg5Di,"Mithoon, Arijit Singh",Tum Hi Ho,T-Series,26,37,232,2382117,IN,India,Q3,2025
42,spotify:track:5J9L7IbadCt0ivs9xmNrr0,Zain Zohaib,Ranjheya Ve,Zain Zohaib,20,39,20,2357963,IN,India,Q3,2025
43,spotify:track:5wqMM6wOwXmX4rc1C3lUkd,"Karan Aujla, Signature By SB",Courtside,Karan Aujla Music,13,38,8,2354904,IN,India,Q3,2025
44,spotify:track:72zHuDxFQTjbL51qJQSA7j,"Jasleen Royal, B Praak, Romy","Ranjha (From ""Shershaah"")",Sony Music Entertainment India Pvt. Ltd.,1,32,205,2346682,IN,India,Q3,2025
45,spotify:track:2IoZMG3RqiTmsy7Li3zGFg,"Sachet Tandon, Parampara Tandon, Sachet-Parampara","Mere Sohneya (From ""Kabir Singh"")",T-Series,4,40,273,2328596,IN,India,Q3,2025
46,spotify:track:2ceeTJAzKy295Fm0VsaXtE,"Sachin-Jigar, Raghav Chaitanya, Varun Jain, Indraneel","Tum Se (From ""Teri Baaton Mein Aisa Uljha Jiya"")",T-Series,10,30,74,2293168,IN,India,Q3,2025
47,spotify:track:5JCDVLwteSXuwVqjCa7SwH,"Shankar-Ehsaan-Loy, Shreya Ghoshal, Javed Bashir, Yusuf Mohammed, Vajid Ali",O Rangrez,Sony Music Entertainment India Pvt. Ltd.,47,84,36,2274621,IN,India,Q3,2025
48,spotify:track:6H7fLdt0AeWpuxUKXuXWrx,Hariharan,Shree Hanuman Chalisa,T-Series,31,52,152,2235295,IN,India,Q3,2025
49,spotify:track:0TL0LFcwIBF5eX7arDIKxY,Anuv Jain,Husn,Universal Music India Pvt. Ltd. (on behalf of Anuv Jain),1,43,84,2231941,IN,India,Q3,2025
50,spotify:track:4d2jV5fmX6hbRwaRbY39dt,"Karan Aujla, Jay Trak",Wavy,Karan Aujla Music,4,42,34,2225573,IN,India,Q3,2025
1,spotify:track:0eLtIxPRNJfsmehITZ1qaJ,Aditya Rikhari,Sahiba,T-Series,1,1,14,11464428,IN,India,Q4,2025
2,spotify:track:1D35BJlymlh6OLD75WupSF,"Tanishk Bagchi, Faheem Abdullah, Arslan Nizami, Irshad Kamil","Saiyaara (From ""Saiyaara"")",YRF Music,1,2,17,9307383,IN,India,Q4,2025
3,spotify:track:0cYohCh24y1aMjJmcS9RBl,"Karan Aujla, Ikky",For A Reason,WM Canada,3,3,7,6305990,IN,India,Q4,2025
4,spotify:track:5ThyDv6aRVU8AH4vXQNldF,"Kushagra, Bharath, Saaheal",Finding Her,EYP Creations,1,4,31,6289156,IN,India,Q4,2025
5,spotify:track:1hlbywc8Jhl1FFqJxAMabE,"Faheem Abdullah, Rauhan Malik, Amir Ameer",Ishq,Artiste First,2,5,80,5502088,IN,India,Q4,2025
6,spotify:track:1bMkimTb47umgNP6xCi4A1,Anuv Jain,Arz Kiya Hai | Coke Studio Bharat,Universal Music India Pvt Ltd.,5,6,7,5286695,IN,India,Q4,2025
7,spotify:track:0eCajpR75pDW0r64U6hP2x,Anuv Jain,Jo Tum Mere Ho,Universal Music India Pvt. Ltd. (on behalf of Anuv Jain),1,7,61,4906054,IN,India,Q4,2025
8,spotify:track:0mwAlZqPUWpZJIut93y40W,Gajendra Verma,Mann Mera,Sony Music / EROS Music,7,8,234,4677842,IN,India,Q4,2025
9,spotify:track:1hA697u7e1jX2XM8sWA6Uy,"Sachin-Jigar, Arijit Singh, Amitabh Bhattacharya",Apna Bana Le,Zee Music Company,1,15,120,4442907,IN,India,Q4,2025
10,spotify:track:4FeczSomVWVyU4FW7xDeAI,"A.R. Rahman, Chinmayi, Murtuza Khan, Qadir Khan",Tere Bina,Sony Music Entertainment India Pvt. Ltd.,8,10,60,4440975,IN,India,Q4,2025
11,spotify:track:7Csa4PStpuYIfUqNMKQ4V8,"The Rish, Jubin Nautiyal","Barbaad (From ""Saiyaara"")",YRF Music,5,12,12,4370172,IN,India,Q4,2025
12,spotify:track:6M6Jgms4Z3x5xYLbnMk5TU,Vikram Sarkar,Naam Chale,All Good Music Pvt Ltd,5,9,12,4122376,IN,India,Q4,2025
13,spotify:track:3anHs4ijBd3Iw0E0fBPwtH,"Ashish Bhatia, Omkar Singh, Kashish Ratnani",Kashish,Sony Music India / Nine,13,24,3,4063602,IN,India,Q4,2025
14,spotify:track:6G8vN5EUtcDxOXOXadF6kp,"Vishal Mishra, Hansika Pareek, Raj Shekhar","Tum Ho Toh (From ""Saiyaara"")",YRF Music,3,17,12,3981742,IN,India,Q4,2025
15,spotify:track:3JiLQJmVW7d4O8AQDFB3oj,"AP Dhillon, Shreya Ghoshal",Thodi Si Daaru,AP Dhillon,3,13,10,3868824,IN,India,Q4,2025
16,spotify:track:4vHRQnzGcKEtqsLH70tAms,"Sachet-Parampara, Parampara Tandon, Kausar Munir","Raanjhan (From ""Do Patti"")",T-Series,1,23,51,3847237,IN,India,Q4,2025
17,spotify:track:6EzB9lIW27iSTd0c2V4t3K,"Sai Abhyankkar, Paal Dabba, bebhumika, Deepthi Suresh","Oorum Blood - From ""Dude""",Think Music,16,19,6,3821440,IN,India,Q4,2025
18,spotify:track:6nRGPf5tpeJtKpXZO5cgIT,"Aditya Rikhari, UNPLG'd",Paro,Universal Music India Pvt Ltd.,7,14,31,3792897,IN,India,Q4,2025
19,spotify:track:08GYLNhKthS3arMdXsveRI,"Talwiinder, NDS, Rippy Grewal",Haseen,Talwiinder,18,18,19,3785402,IN,India,Q4,2025
20,spotify:track:1d5lpW3gUyq537iuyrb9Lf,Aditya Rikhari,Samjho Na,CollabX Productions,16,16,129,3758659,IN,India,Q4,2025
21,spotify:track:6kYoY0PhBelP64UMnhsEZx,"Alka Yagnik, Arijit Singh","Agar Tum Saath Ho (From ""Tamasha"")",T-Series,4,30,332,3704179,IN,India,Q4,2025
22,spotify:track:1XwOA83wulFYtimOir6MUL,"Guru Randhawa, Gurjit Gill, Lavish Dhiman",AZUL,Warner Music India,10,20,9,3682903,IN,India,Q4,2025
23,spotify:track:5PetOhEX9N0oyBB0Keqobv,"Faheem Abdullah, Duha Shah, Vaibhav Pani, Hyder Dar",Ehsaas,Universal Music India Pvt Ltd.,12,21,14,3634348,IN,India,Q4,2025
24,spotify:track:1GFQthxDi4Tqe3wJ5j0G5S,"Mithoon, Arijit Singh","Dhun (From ""Saiyaara"")",YRF Music,3,22,12,3586353,IN,India,Q4,2025
25,spotify:track:5ZGtdGwdocDZDniXHkmnVA,Arijit Singh,"Humdard (From ""Ek Villain"")",T-Series,17,27,273,3567544,IN,India,Q4,2025
26,spotify:track:3QsGq1Xd1n8qc9hwSPzQgj,"Guru Randhawa, Kiran Bajwa, Rony Ajnali",Sirra,Warner Music India,6,11,12,3513492,IN,India,Q4,2025
27,spotify:track:2cPUB8EOT6AfJ8oxhyoNXL,"Pritam, Javed Bashir",Ye Tune Kya Kiya,T-Series,9,29,86,3366240,IN,India,Q4,2025
28,spotify:track:7oFrQLTu7Bi1xmTYLbBxHf,"Masoom Sharma, Sweta Chauhan, Yash Thukral",Raat Ke Shikari,Sonotek Cassettes,18,26,18,3073266,IN,India,Q4,2025
29,spotify:track:5KLohKNLMLibqnG0FdmbvX,"Karan Aujla, Ikky",MF Gabhru!,WM Canada,21,39,10,2813136,IN,India,Q4,2025
30,spotify:track:5bVmOD7UKfP2iLFUGMtdnS,"Arijit Singh, Chinmayi","Mast Magan (From ""2 States)",T-Series,30,48,242,2804110,IN,India,Q4,2025
31,spotify:track:5gsi1bSTPDIiW6Pi5kFmiU,"Sanju Rathod, G-SPXRK",Sundari,Sanjay Rathod,31,49,3,2795542,IN,India,Q4,2025
32,spotify:track:0hFkx6EoIRvNmEVXQIIJtk,Aditya Rikhari,Paaro,Universal Music India Pvt Ltd.,25,35,30,2785842,IN,India,Q4,2025
33,spotify:track:0OLTYqD8FpjkLsxJmdWmgi,"Sachet-Parampara, Sachet Tandon, Parampara Tandon, Irshad Kamil, Prashant Pandey","Humsafar (From ""Saiyaara"")",YRF Music,6,31,12,2777144,IN,India,Q4,2025
34,spotify:track:7eQl3Yqv35ioqUfveKHitE,"Pritam, Mohit Chauhan, Irshad Kamil",Tum Se Hi,T-Series,12,64,290,2723219,IN,India,Q4,2025
35,spotify:track:5UGrftqh9U3zKQUt3vs7Ob,Shubh,Supreme,Shubh,2,32,25,2703890,IN,India,Q4,2025
36,spotify:track:3EKHZNd0qflQK8UImpUu3k,"Vishal Mishra, Kaushik-Guddu, Kunaal Vermaa","Deewaniyat (From ""Ek Deewane Ki Deewaniyat"") (Original Motion Picture Soundtrack)",PlayDMF,33,36,5,2698923,IN,India,Q4,2025
37,spotify:track:18YHbIhrleUkKKj2DvEp79,"Pritam, KK",Zara Sa,Sony Music Entertainment India Pvt. Ltd.,33,41,136,2696702,IN,India,Q4,2025
38,spotify:track:45PA9lW7U5LYnlpGrdTyHY,"Jasleen Royal, Ujjwal Kashyap",Sang Rahiyo,Warner Music India,19,46,83,2689229,IN,India,Q4,2025
39,spotify:track:7MrdHOL2aoWfT16CncgNei,"Anirudh Ravichander, Sublahshini, Asal Kolaar",Monica,Sun Pictures,12,28,13,2671447,IN,India,Q4,2025
40,spotify:track:44LaY2y6wRRlSRjsqbKnuU,"Maanu, Annural Khalid, Abdullah Siddiqui",Jhol - Acoustic,Maanu,11,34,25,2660868,IN,India,Q4,2025
41,spotify:track:2Fv2injs4qAm8mJBGaxVKU,"Arijit Singh, Mithoon","Tujhe Kitna Chahne Lage (From ""Kabir Singh"")",T-Series,2,38,332,2636557,IN,India,Q4,2025
42,spotify:track:4d2jV5fmX6hbRwaRbY39dt,"Karan Aujla, Jay Trak",Wavy,Karan Aujla Music,4,33,47,2614801,IN,India,Q4,2025
43,spotify:track:0q84FggW57NXGtLHoetS0Y,"Sachin-Jigar, Sonu Nigam, Krishnakali Saha, Amitabh Bhattacharya","Pardesiya - From ""Param Sundari""",Universal Music India Pvt Ltd.,4,25,10,2614013,IN,India,Q4,2025
44,spotify:track:4Qm7r3ImER8S2Ori1gLMAf,"Anuv Jain, AP Dhillon",Afsos,"Universal Music India Pvt. Ltd. (on behalf of Anuv Jain, AP DHILLON INC/Republic Records)",6,45,36,2612637,IN,India,Q4,2025
45,spotify:track:3FqtduiaqnFYvBgKuc6QWQ,"Karan Aujla, Seshnolan",Winning Speech,Karan Aujla,8,40,73,2596047,IN,India,Q4,2025
46,spotify:track:2HI1eYwbbiJGqi0XaeByOI,"Sanju Rathod, G-SPXRK",Shaky,Sanjay Rathod,3,43,21,2593084,IN,India,Q4,2025
47,spotify:track:5pPyvA03RKSJrAnnDcq0nh,"Sachin-Jigar, Shreya Ghoshal, Tochi Raina",Saibo,Sony Music Entertainment India Pvt. Ltd.,22,52,258,2592827,IN,India,Q4,2025
48,spotify:track:4BGfzLrK6lgvKDjKSU7wrN,"Faheem Abdullah, Huzaif Nazar",Sajde,Artiste First,13,37,19,2534193,IN,India,Q4,2025
49,spotify:track:1uRTH9LeFh40tFYlq48vcy,"Tanishk Bagchi, Faheem Abdullah, Arslan Nizami, Shreya Ghoshal, Irshad Kamil",Saiyaara Reprise - Female,YRF Music,5,42,12,2517978,IN,India,Q4,2025
50,spotify:track:4ulroyDK6rN73nVkCkWhur,"Jasleen Royal, Stebin Ben, Vijay Deverakonda, Radhikka Madan, Priya Saraiya, Aditya Sharma",Sahiba,Warner Music India,1,50,46,2508247,IN,India,Q4,2025
1,spotify:track:6Ajvu1afirjocbZK934qqh,"Simba La Rue, Tony Boy, FT Kings",AYAHUASCA (feat. Tony Boy),Warner Music,1,-1,1,2883089,IT,Italy,Q1,2025
2,spotify:track:2DkiFEQ1ihXcYKaIRsfGFp,Marracash,LEI,Universal Music Italia srL.,1,1,4,2561363,IT,Italy,Q1,2025
3,spotify:track:62OO2X47vPk5WxTx68HDqg,"Artie 5ive, Niky Savage",BAMBOLA (feat. Niky Savage),Warner Music,2,2,4,2318847,IT,Italy,Q1,2025
4,spotify:track:4X4R6qsIicxIQIFbnDcJLO,"Olly, Juli",Scarabocchi,Epic,4,4,11,2125314,IT,Italy,Q1,2025
5,spotify:track:41lOxc6ARYZPXpKeMWcHsD,Pinguini Tattici Nucleari,Islanda,Epic,1,3,8,2120888,IT,Italy,Q1,2025
6,spotify:track:2L16IuIQgLL1HupWGN4F4t,Cesare Cremonini,Ora che non ho più te,Universal Music Italia srL.,1,5,16,1977553,IT,Italy,Q1,2025
7,spotify:track:1QcmAp6Ev2HuYxKujUwnw0,Alfa,il filo rosso,Artist First,2,6,12,1892424,IT,Italy,Q1,2025
8,spotify:track:4MtjrbmBKdYRMTyEHqOUmM,Marracash,GLI SBANDATI HANNO PERSO,Universal Music Italia srL.,2,8,4,1858925,IT,Italy,Q1,2025
9,spotify:track:5nFyfjGy6AMZqkW0OMUWJJ,"Olly, Angelina Mango, Juli",Per due come noi,Epic,1,7,18,1694591,IT,Italy,Q1,2025
10,spotify:track:00URgxWgyVoybGLhhmKr7g,"Baby Gang, Omega, Higashi, Roberto Ferrante",Tu Me Quieres - Prod. by Higashi x Roberto Ferrante,Baby Gang / Planet Records [Powered by Planet Distribution],10,10,17,1665436,IT,Italy,Q1,2025
11,spotify:track:2O8jjjtyEfXliQ6vdtdPvH,"Papa V, Nerissima Serpe, Fritu",Tip Tap,UNIKAL,3,9,6,1549794,IT,Italy,Q1,2025
12,spotify:track:4wJ5Qq0jBN4ajy7ouZIV1c,"ROSÉ, Bruno Mars",APT.,Atlantic Records,12,14,12,1517149,IT,Italy,Q1,2025
13,spotify:track:3yFgWoossjlaJ919XDCG4C,"Simba La Rue, FT Kings, Sick Luke",MI PIACCIONO LE ARMI,Warner Music,1,11,12,1448859,IT,Italy,Q1,2025
14,spotify:track:3XOcMFFT6Oo2ZCXLJ9lqdT,"Geolier, Rose Villain, Poison Beatz",TU ED IO (feat. Rose Villain),Warner Music,8,12,7,1399281,IT,Italy,Q1,2025
15,spotify:track:75Y6WgUldQN8mipAVLy8KJ,"Olly, Juli",Quei ricordi là,Epic,15,21,11,1263088,IT,Italy,Q1,2025
16,spotify:track:1ej2NcW0CHnscPp1RZpr1V,"Olly, Juli",Devastante,Epic,9,16,44,1262291,IT,Italy,Q1,2025
17,spotify:track:1GVDt0vn0wJ1QemPfMEWTU,Ghali,Niente Panico,Warner Music,16,19,13,1260849,IT,Italy,Q1,2025
18,spotify:track:5MJc4IVIt17xEt6angtZcq,Lazza,BUIO DAVANTI,Universal Music Italia srL.,8,29,16,1247258,IT,Italy,Q1,2025
19,spotify:track:7sj9VfVtmcEZBDbRAsVXWY,"ANNA, Niky Savage",TT LE GIRLZ (feat. Niky Savage),Universal Music Italia srL.,1,15,28,1204296,IT,Italy,Q1,2025
20,spotify:track:2plbrEY59IikOBgBGLjaoe,"Lady Gaga, Bruno Mars",Die With A Smile,Interscope,20,20,21,1202795,IT,Italy,Q1,2025
21,spotify:track:1nLGeFQuY7PFxrou3ezEvP,Sal Da Vinci,Rossetto e caffè,Cose Production srl,10,18,26,1170832,IT,Italy,Q1,2025
22,spotify:track:2gI2IA7QGtzKZKuahon3W1,Achille Lauro,Amore Disperato,Warner Music,5,13,16,1158717,IT,Italy,Q1,2025
23,spotify:track:7ne4VBA60CxGM75vw0EYad,Gracie Abrams,That’s So True,"Gracie Abrams, under exclusive license to Interscope Records",23,31,9,1121764,IT,Italy,Q1,2025
24,spotify:track:6hBvXhUosokAqnc701pVE1,Marracash,È FINITA LA PACE,Universal Music Italia srL.,3,17,4,1081435,IT,Italy,Q1,2025
25,spotify:track:3OewdIjWctx4TH6jswXRrc,Pinguini Tattici Nucleari,Amaro,Epic,11,23,5,1046558,IT,Italy,Q1,2025
26,spotify:track:1IkzT4wzFJRbFOmKOSqTen,"Geolier, Takagi & Ketra, Dat Boi Dee",EPISODIO D'AMORE,Warner Music,7,26,31,1037350,IT,Italy,Q1,2025
27,spotify:track:6WatFBLVB0x077xWeoVc2k,KAROL G,Si Antes Te Hubiera Conocido,Bichota/Interscope Records,5,27,28,970413,IT,Italy,Q1,2025
28,spotify:track:6d9eOuVkzV4XJ8YIWM3Q1k,"Tony Effe, Kid Yugi, Sick Luke",PEZZI DA 100 (feat. Kid Yugi),Universal Music Italia srL.,22,22,5,965525,IT,Italy,Q1,2025
29,spotify:track:0CCWIksRK4Q3um834dNG3a,Pinguini Tattici Nucleari,Romantico Ma Muori,Epic,7,30,17,922025,IT,Italy,Q1,2025
30,spotify:track:0wHW7nZlqZqbxnmTotTLGp,Marracash,POWER SLAP,Universal Music Italia srL.,1,25,4,908377,IT,Italy,Q1,2025
31,spotify:track:2z9FUHRkbkV4BObNzbHsFU,Damiano David,Born With a Broken Heart,Sony Music Italy / Arista Records,31,39,11,883200,IT,Italy,Q1,2025
32,spotify:track:0GFkLnsRGqtkd23dFWpoI0,"Lele Blade, Geolier, Dele, Poison Beatz",HEETS (feat. Geolier),Warner Music,5,32,11,867299,IT,Italy,Q1,2025
33,spotify:track:4ZRVI6xwgbjgW5SgJB468n,"ANNA, Artie 5ive",I LOVE IT (feat. Artie 5ive),Universal Music Italia srL.,3,28,28,851530,IT,Italy,Q1,2025
34,spotify:track:19DHPlTC2gx1j4jrFzNbwL,ANNA,30ºC,Universal Music Italia srL.,1,24,32,847372,IT,Italy,Q1,2025
35,spotify:track:6MQYhSIrh9vwztmM6mwkzQ,"Kid Yugi, Night Skinny, Artie 5ive",Porto il Commerciale (feat. Artie 5ive),Universal Music Italia srL.,35,38,40,839490,IT,Italy,Q1,2025
36,spotify:track:5EPfp1edrw1vgxriqxLTlD,RRARI DAL TACCO,CAFFÈ AMARO,Universal Music Italia srL.,36,61,5,829023,IT,Italy,Q1,2025
37,spotify:track:7BeZyW4hVjeCocSLwDrCME,"Geolier, Michelangelo","I P’ ME, TU P’ TE",Warner Music,1,36,49,823533,IT,Italy,Q1,2025
38,spotify:track:13wkp4Ph4UNAVPwf9B04l8,Marracash,VITTIMA,Universal Music Italia srL.,6,33,4,811478,IT,Italy,Q1,2025
39,spotify:track:6dOtVTDdiauQNBQEDOtlAB,Billie Eilish,BIRDS OF A FEATHER,Darkroom/Interscope Records,39,51,34,772050,IT,Italy,Q1,2025
40,spotify:track:30yZdVYOfemHG7uuntz7HH,ANNA,TONIGHT,Universal Music Italia srL.,30,42,28,771064,IT,Italy,Q1,2025
41,spotify:track:5HWWpSsNnlc2Kyh5QLrq1W,Tananai,RAGNI,Universal Music Italia srL.,16,49,18,765104,IT,Italy,Q1,2025
42,spotify:track:3o9OeBX0vgh51r15Ta7Dok,"CoCo, Geolier, Startuffo, D-Ross",Video hot (feat. Geolier),Warner Music,15,40,9,757570,IT,Italy,Q1,2025
43,spotify:track:3EJSUFQGUaTm4Km2Zri1Zp,"Juli, Emma, Olly",HO VOGLIA DI TE,Universal Music Italia srL.,15,45,30,733725,IT,Italy,Q1,2025
44,spotify:track:3zjwZqLebYTDvRS2RJH5Be,"ANNA, Sillyelly",HELLO KITTY (feat. Sillyelly),Universal Music Italia srL.,15,35,28,733577,IT,Italy,Q1,2025
45,spotify:track:6OCnAtM8oa0JymErlTYXxG,"Astro, ANNA",1 MOMENTO (feat. ANNA),Warner Music,6,37,14,719174,IT,Italy,Q1,2025
46,spotify:track:42wdz3j7gstgUuhoFLCXqd,FloyyMenor,PELIGROSA,FloyyMenor under exclusive license to UnitedMasters LLC,41,48,20,714708,IT,Italy,Q1,2025
47,spotify:track:2wpSLqGcN5KXVeAGdAnQd0,"Ornella Vanoni, Jack Sani",Sant'allegria - Jack Sani Remix,NAR International,34,34,20,714482,IT,Italy,Q1,2025
48,spotify:track:5EeDZPNPIjEtEZsHMkX1m7,Kid Yugi,Donna,Universal Music Italia srL.,3,83,11,694148,IT,Italy,Q1,2025
49,spotify:track:3Npk1eTTxSkRNYet4PW2yY,"thasup, Mara Sattei",POSTO MIO,Thasup s.r.l.,27,53,4,685626,IT,Italy,Q1,2025
50,spotify:track:4ObR0HIDnDfycaxGTALioH,"Geolier, Dat Boi Dee",CHE SOLE OGGI,Warner Music,15,77,7,684136,IT,Italy,Q1,2025
1,spotify:track:7i0zYckMTyvLyKAFxfOKIS,Artie 5ive,SOGNO AMERICANO,Warner Music,1,2,2,3081070,IT,Italy,Q2,2025
2,spotify:track:5pNm9cYzWaAtoihxILG3cw,"Olly, Juli",Balorda nostalgia,Epic,1,1,9,3009560,IT,Italy,Q2,2025
3,spotify:track:25VdEndwyUDs0DbpfCMfKD,Achille Lauro,Incoscienti Giovani,Warner Music,2,3,9,2315933,IT,Italy,Q2,2025
4,spotify:track:5tOBPD3zL9kWpeELqkzwJC,Giorgia,LA CURA PER ME,Epic,2,4,9,2006067,IT,Italy,Q2,2025
5,spotify:track:1mErhpOIVgy2JPLO7KlI60,Artie 5ive,FW/SS25 (Freestyle),Warner Music,5,5,2,2005825,IT,Italy,Q2,2025
6,spotify:track:6bfy5e5jWNcNSFAJzsMPED,Fedez,BATTITO,Warner Music,2,6,9,1824036,IT,Italy,Q2,2025
7,spotify:track:0IkOUXIMztRh6yBAPD1OzF,"Artie 5ive, Kid Yugi",PIETÀ (feat. Kid Yugi),Warner Music,7,7,2,1766489,IT,Italy,Q2,2025
8,spotify:track:06ZV0oxrmuVf6rThhGtxxy,The Kolors,TU CON CHI FAI L'AMORE,Warner Music,8,11,9,1543873,IT,Italy,Q2,2025
9,spotify:track:4PBn4zkgReSPmM41RYijJM,"Luchè, Shiva, Tony Boy","Anno Fantastico (feat. Shiva, Tony Boy)",Warner Music,5,12,3,1510007,IT,Italy,Q2,2025
10,spotify:track:4RTMLSmkfK9kqKlmTPGRzo,Bresh,La tana del granchio,Epic,6,9,9,1504243,IT,Italy,Q2,2025
11,spotify:track:7dLecVXQzVbesjot2h55Rc,Gaia,CHIAMO IO CHIAMI TU,Columbia,10,14,9,1441592,IT,Italy,Q2,2025
12,spotify:track:6wZ7mF7MuHAWQscy6tKjp7,Rose Villain,fuorilegge,Warner Music,5,8,9,1431122,IT,Italy,Q2,2025
13,spotify:track:2L16IuIQgLL1HupWGN4F4t,Cesare Cremonini,Ora che non ho più te,Universal Music Italia srL.,1,16,29,1410738,IT,Italy,Q2,2025
14,spotify:track:0fPhrbZJqHbmsuV2RQbeSB,Coma_Cose,CUORICINI,Warner Music,9,21,9,1351720,IT,Italy,Q2,2025
15,spotify:track:4GkgNC3bpLqXyuxWvlNfKI,"Guè, Rose Villain",Oh Mamma Mia (feat. Rose Villain),Universal Music Italia srL.,2,20,13,1328582,IT,Italy,Q2,2025
16,spotify:track:5nFyfjGy6AMZqkW0OMUWJJ,"Olly, Angelina Mango, Juli",Per due come noi,Epic,1,18,31,1290466,IT,Italy,Q2,2025
17,spotify:track:3sK8wGT43QFpWrvNQsrQya,Bad Bunny,DtMF,Rimas Entertainment LLC.,1,19,13,1281319,IT,Italy,Q2,2025
18,spotify:track:34EclK5pWi2OqUz5cDm2X2,Lucio Corsi,Volevo essere un duro,Universal Music Italia srL. (Sugar),3,17,9,1244699,IT,Italy,Q2,2025
19,spotify:track:5M8Z823Sb2BhMpecHksN0T,Serena Brancale,ANEMA E CORE,Warner Music,11,29,9,1234153,IT,Italy,Q2,2025
20,spotify:track:4X4R6qsIicxIQIFbnDcJLO,"Olly, Juli",Scarabocchi,Epic,4,23,24,1233002,IT,Italy,Q2,2025
21,spotify:track:177cKZBT80QEPlrSS4nLw9,"Shablo, Guè, Joshua, Tormento","La Mia Parola (feat. Guè, Joshua, Tormento)",Universal Music Italia srL.,6,15,9,1226053,IT,Italy,Q2,2025
22,spotify:track:5MJc4IVIt17xEt6angtZcq,Lazza,BUIO DAVANTI,Universal Music Italia srL.,3,26,29,1211963,IT,Italy,Q2,2025
23,spotify:track:41lOxc6ARYZPXpKeMWcHsD,Pinguini Tattici Nucleari,Islanda,Epic,1,27,21,1201621,IT,Italy,Q2,2025
24,spotify:track:1QcmAp6Ev2HuYxKujUwnw0,Alfa,il filo rosso,Artist First,2,32,25,1162925,IT,Italy,Q2,2025
25,spotify:track:2BptnzpcLO9NAdNdKh2rZy,Rkomi,il ritmo delle cose.,Universal Music Italia srL.,10,24,9,1102879,IT,Italy,Q2,2025
26,spotify:track:6MlIhakM4I7fZa2iLpijrr,Noemi,Se t'innamori muori,Columbia,16,30,9,1079226,IT,Italy,Q2,2025
27,spotify:track:2WiYCsnOxE29r8Y8gV9aVA,Sarah Toscano,Amarcord,Warner Music,17,36,9,1073565,IT,Italy,Q2,2025
28,spotify:track:5niBKNtMNJTSPLTCBTc3wr,Jovanotti,Un mondo a parte,Universal Music Italia srL.,28,39,8,1045943,IT,Italy,Q2,2025
29,spotify:track:1ej2NcW0CHnscPp1RZpr1V,"Olly, Juli",Devastante,Epic,9,34,57,1003615,IT,Italy,Q2,2025
30,spotify:track:234fOFiPU3zFTgkPNg5nX5,Irama,Lentamente,Warner Music,14,35,9,1000288,IT,Italy,Q2,2025
31,spotify:track:5SnMK1oThJv22NFumoKVw4,"RRARI DAL TACCO, Kid Yugi",BIANCA (feat. Kid Yugi),Universal Music Italia srL.,1,41,11,969133,IT,Italy,Q2,2025
32,spotify:track:5TFD2bmFKGhoCRbX61nXY5,Bad Bunny,NUEVAYoL,Rimas Entertainment LLC.,3,44,14,958143,IT,Italy,Q2,2025
33,spotify:track:2gI2IA7QGtzKZKuahon3W1,Achille Lauro,Amore Disperato,Warner Music,5,42,29,956916,IT,Italy,Q2,2025
34,spotify:track:0V780obZeM832e7Rx5rAui,Artie 5ive,MONTECARLO,Warner Music,10,10,2,955338,IT,Italy,Q2,2025
35,spotify:track:6cGhVnQAJRxGVsltCU06vF,Guè,Vibe,Universal Music Italia srL.,4,43,13,950358,IT,Italy,Q2,2025
36,spotify:track:3LPLRNr58Z9Pn0clnEtkXb,Doechii,Anxiety,Top Dawg Entertainment/Capitol Records,19,40,5,938043,IT,Italy,Q2,2025
37,spotify:track:1oHT9T42XDgyL2cOWEkfXu,Elodie,Mi Ami Mi Odi,Universal Music Italia srL.,37,-1,1,890354,IT,Italy,Q2,2025
38,spotify:track:5iQFM9o3ndzSMd8r5n11AU,Artie 5ive,TU,Warner Music,31,31,2,882042,IT,Italy,Q2,2025
39,spotify:track:4DnrAI8WyUY6gkOwl8GlPN,"Alleh, Yorghaki",capaz (merengueton),CONMUER LLC,39,60,13,878840,IT,Italy,Q2,2025
40,spotify:track:2DkiFEQ1ihXcYKaIRsfGFp,Marracash,LEI,Universal Music Italia srL.,1,57,17,874132,IT,Italy,Q2,2025
41,spotify:track:1RZQfURtYA7RYzontyWTI5,"Guè, Artie 5ive",Akrapovič (feat. Artie 5ive),Universal Music Italia srL.,4,46,13,873451,IT,Italy,Q2,2025
42,spotify:track:5ITV0zqzjOYfFWpW0xBmRa,"WizTheMc, bees & honey",Show Me Love,Bamboo Artists,42,70,5,860513,IT,Italy,Q2,2025
43,spotify:track:3IPv7M45EB2kDthF7JHpHV,"Artie 5ive, Tony Boy",BRAZY (feat. Tony Boy),Warner Music,13,13,2,828305,IT,Italy,Q2,2025
44,spotify:track:4MtjrbmBKdYRMTyEHqOUmM,Marracash,GLI SBANDATI HANNO PERSO,Universal Music Italia srL.,2,51,17,828282,IT,Italy,Q2,2025
45,spotify:track:76WVRLJz4mvh7PaXkl0dW1,"Artie 5ive, Capo Plaza",ARE U CRAZY? (feat. Capo Plaza),Warner Music,22,22,2,825159,IT,Italy,Q2,2025
46,spotify:track:75Y6WgUldQN8mipAVLy8KJ,"Olly, Juli",Quei ricordi là,Epic,15,48,24,808797,IT,Italy,Q2,2025
47,spotify:track:2RkZ5LkEzeHGRsmDqKwmaJ,Alex Warren,Ordinary,Atlantic Records,47,91,3,808068,IT,Italy,Q2,2025
48,spotify:track:2esZG2XFtuoWWA9AfDvSxy,"FloyyMenor, Cris MJ",Gata Only,FloyyMenor under exclusive license to UnitedMasters LLC,2,77,57,806793,IT,Italy,Q2,2025
49,spotify:track:6WatFBLVB0x077xWeoVc2k,KAROL G,Si Antes Te Hubiera Conocido,Bichota/Interscope Records,5,59,41,801096,IT,Italy,Q2,2025
50,spotify:track:5pYy054Wcuj9CFdDIxZSVU,"Olly, Juli",Menomale che c'è il mare,Epic,35,52,33,800236,IT,Italy,Q2,2025
1,spotify:track:2bT6QX29M7GLSuTDSirwaS,ANNA,DÉSOLÉE,Universal Music Italia srL.,1,1,4,2789290,IT,Italy,Q3,2025
2,spotify:track:6iOndD4OFo7GkaDypWQIou,"W Sound, Beéle, Ovy On The Drums",La Plena - W Sound 05,WEA Latina,1,2,14,2320372,IT,Italy,Q3,2025
3,spotify:track:7oJtUqvumujVKarcXa1SPj,"Alfa, Manu Chao",A me mi piace,Radio Bemba,2,3,9,2135748,IT,Italy,Q3,2025
4,spotify:track:0jkAr7eZsvWDLYiQCfaxak,"Sfera Ebbasta, Shiva",NEON,Universal Music Italia srL.,1,4,13,1865617,IT,Italy,Q3,2025
5,spotify:track:18phYWPlfxvF9jmUVwkb4c,"Serena Brancale, Alessandra Amoroso",SERENATA,Warner Music,5,9,6,1745624,IT,Italy,Q3,2025
6,spotify:track:4Cd1cCCqG3nlf07i5A0IPH,"Elodie, Sfera Ebbasta, Rvssian",Yakuza,Universal Music Italia srL.,6,7,2,1662218,IT,Italy,Q3,2025
7,spotify:track:5wpNF7XLTW4gLyU0NjVOL8,"Pinguini Tattici Nucleari, Max Pezzali",Bottiglie Vuote (feat. Max Pezzali),Epic,6,6,13,1603225,IT,Italy,Q3,2025
8,spotify:track:5bhYjElbPmm2FyB0PxP8Wd,Luchè,Nessuna,Warner Music,2,5,8,1596075,IT,Italy,Q3,2025
9,spotify:track:23iWOv9jw8F5zEe550CZa0,"Fabri Fibra, Tredici Pietro",Che Gusto C'è (feat. Tredici Pietro),Epic,6,8,7,1512692,IT,Italy,Q3,2025
10,spotify:track:2SvLptBWezeSPSpfhL4XC7,"Fedez, CLARA",SCELTE STUPIDE,Warner Music,10,10,10,1422387,IT,Italy,Q3,2025
11,spotify:track:4DnrAI8WyUY6gkOwl8GlPN,"Alleh, Yorghaki",capaz (merengueton),CONMUER LLC,11,12,26,1287311,IT,Italy,Q3,2025
12,spotify:track:1gIahX2xZu1ir2qLmALtUc,Annalisa,Maschio,Warner Music,12,14,9,1237097,IT,Italy,Q3,2025
13,spotify:track:7vc09IDmFH0MfyPYHPEWRM,Achille Lauro,AMOR,Warner Music,6,11,12,1227053,IT,Italy,Q3,2025
14,spotify:track:0xju4u3DFjOy1fhITDPZ6B,"Olly, Juli",Depresso fortunato,Epic,11,18,7,1211997,IT,Italy,Q3,2025
15,spotify:track:311m4sWQq8MZZROimkSGF7,"Luchè, Geolier",Ginevra (feat. Geolier),Warner Music,1,19,8,1207108,IT,Italy,Q3,2025
16,spotify:track:0adrbI6meVUfb7BLAYuIg0,"333 Mob, Lazza, Low Kidd",AMICI COME PRIMA,Warner Music,16,-1,1,1202269,IT,Italy,Q3,2025
17,spotify:track:25idOmfSOCGGdgPhw9iCRm,Cesare Cremonini,Ora che non ho più te,Universal Music Italia srL.,1,17,42,1185891,IT,Italy,Q3,2025
18,spotify:track:5pNm9cYzWaAtoihxILG3cw,"Olly, Juli",Balorda nostalgia,Epic,1,21,22,1171835,IT,Italy,Q3,2025
19,spotify:track:7ue5uvozLbamg0rjS65FeT,"Fred De Palma, Baby Gang",SEXY RAVE (feat. Baby Gang),Warner Music,18,20,11,1136414,IT,Italy,Q3,2025
20,spotify:track:6egoHbUsVKNxMUmsdOsstx,"Cesare Cremonini, Elisa",Nonostante Tutto (feat. Elisa),Universal Music Italia srL.,20,24,13,1129529,IT,Italy,Q3,2025
21,spotify:track:2RkZ5LkEzeHGRsmDqKwmaJ,Alex Warren,Ordinary,Atlantic Records,12,26,16,1032920,IT,Italy,Q3,2025
22,spotify:track:6LImxPnj3U9EncraLOZ7j1,"Capo Plaza, Bresh, Tony Effe",Non Basta Mai (feat. Bresh & Tony Effe),Warner Music,8,13,4,1028513,IT,Italy,Q3,2025
23,spotify:track:3sK8wGT43QFpWrvNQsrQya,Bad Bunny,DtMF,Rimas Entertainment LLC.,1,29,26,1023718,IT,Italy,Q3,2025
24,spotify:track:3l4KzIHsh002W3evllH3EF,Achille Lauro,Incoscienti Giovani,Warner Music,2,27,22,1022337,IT,Italy,Q3,2025
25,spotify:track:7nl18LJP7p5c6NTQtcdusF,"Bresh, Tedua",Capo Horn (feat. Tedua),Epic,8,15,5,1019743,IT,Italy,Q3,2025
26,spotify:track:4HDX2Orm48gaWCyg9F5ZAs,Ultimo,BELLA DAVVERO,Ultimo Records,13,44,12,981735,IT,Italy,Q3,2025
27,spotify:track:2DkiFEQ1ihXcYKaIRsfGFp,Marracash,LEI,Universal Music Italia srL.,1,28,30,971533,IT,Italy,Q3,2025
28,spotify:track:2aJW4z2EoahGBpU3asFclE,"Luchè, Sfera Ebbasta, Simba La Rue","Miami Vice (feat. Sfera Ebbasta, Simba La Rue)",Warner Music,8,32,8,957189,IT,Italy,Q3,2025
29,spotify:track:5TFD2bmFKGhoCRbX61nXY5,Bad Bunny,NUEVAYoL,Rimas Entertainment LLC.,3,33,27,930253,IT,Italy,Q3,2025
30,spotify:track:7i0zYckMTyvLyKAFxfOKIS,Artie 5ive,SOGNO AMERICANO,Warner Music,1,30,15,903046,IT,Italy,Q3,2025
31,spotify:track:0Pq53cPG2DSuPXABoZrYes,BLANCO,Piangere a 90,Universal Music Italia srL.,1,31,9,868621,IT,Italy,Q3,2025
32,spotify:track:0ffAQDy0hadsOsYycajB8u,"Tony Boy, Shiva",Società (feat. Shiva),Warner Music,16,16,2,865354,IT,Italy,Q3,2025
33,spotify:track:1QcmAp6Ev2HuYxKujUwnw0,Alfa,il filo rosso,Artist First,2,40,38,863503,IT,Italy,Q3,2025
34,spotify:track:5MJc4IVIt17xEt6angtZcq,Lazza,BUIO DAVANTI,Universal Music Italia srL.,3,45,42,861986,IT,Italy,Q3,2025
35,spotify:track:7bozAK8PtroF5owUL01coy,"Marco Mengoni, Sayf, Rkomi",Sto bene al mare (feat. Sayf & Rkomi),Epic,35,36,4,860991,IT,Italy,Q3,2025
36,spotify:track:0JiJbbKU6RTYJXMBI34UzM,Pinguini Tattici Nucleari,Islanda,Epic,1,35,34,842390,IT,Italy,Q3,2025
37,spotify:track:0V5wQoMnbw7YvGjIjVVVkS,Bresh,Umore marea,Epic,12,34,9,840436,IT,Italy,Q3,2025
38,spotify:track:2eJJMK4v39nVLSYd72Fuj9,"Slings, Finesse, Shiva, Guè",Don't Stop It (feat. Shiva & Guè),Epic Local,34,39,4,832579,IT,Italy,Q3,2025
39,spotify:track:3FrbT8aqk9xHtTfQc9Z3IR,"Sfera Ebbasta, Shiva",VVS CARTIER,Universal Music Italia srL.,8,41,13,825655,IT,Italy,Q3,2025
40,spotify:track:0GeIXUfthmnfMLfPRdDiVt,BLANCO,Maledetta Rabbia,Universal Music Italia srL.,33,43,3,823177,IT,Italy,Q3,2025
41,spotify:track:00URgxWgyVoybGLhhmKr7g,"Baby Gang, Omega, Higashi, Roberto Ferrante",Tu Me Quieres - Prod. by Higashi x Roberto Ferrante,Baby Gang / Planet Records [Powered by Planet Distribution],10,42,43,821158,IT,Italy,Q3,2025
42,spotify:track:0Jnatpmn5qwvwUC4FSUXMq,"Tony Boy, FT Kings, Sadturs, KIID, Simba La Rue",Oppio (feat. Simba La Rue),Warner Music,22,22,2,811434,IT,Italy,Q3,2025
43,spotify:track:6KfwIpX0Xo0lelmuUOnyZV,"Elodie, Marracash",Margarita (con Marracash),Universal Music Italia srL.,7,38,79,809741,IT,Italy,Q3,2025
44,spotify:track:6D6tK55Dywt5qtJeUvQtVO,Tony Boy,2000 Pensieri,Warner Music,23,23,2,801352,IT,Italy,Q3,2025
45,spotify:track:0MLu1cFYL4ikdRTdasCQT9,"Shablo, Geolier, Sfera Ebbasta",M' Manc (con Geolier & Sfera Ebbasta),Universal Music Italia srL.,1,47,214,749322,IT,Italy,Q3,2025
46,spotify:track:6lrlFMu06aGPDH0phlCnct,Zero Assoluto,Per dimenticare,Lasugo S.r.l.,46,60,43,748900,IT,Italy,Q3,2025
47,spotify:track:6CvJtmzjDkWCeGt4nT2l1O,The Kolors,PRONTO COME VA,Warner Music,47,62,8,743848,IT,Italy,Q3,2025
48,spotify:track:5nFyfjGy6AMZqkW0OMUWJJ,"Olly, Angelina Mango, Juli",Per due come noi,Epic,1,50,44,739057,IT,Italy,Q3,2025
49,spotify:track:1ej2NcW0CHnscPp1RZpr1V,"Olly, Juli",Devastante,Epic,9,53,70,731874,IT,Italy,Q3,2025
50,spotify:track:1GeweuM7QfxQc2HmLWMfEJ,Elodie,Mi Ami Mi Odi,Universal Music Italia srL.,37,49,14,724921,IT,Italy,Q3,2025
1,spotify:track:0rjVRGqVuNwnGCxwBkBZXd,"Ernia, Kid Yugi",FELLINI (feat. Kid Yugi),Universal Music Italia srL.,1,1,3,2568849,IT,Italy,Q4,2025
2,spotify:track:1VX2LLBpUPS2QJVou4WGz3,"Olly, Juli",Questa domenica,Epic,1,2,6,2197055,IT,Italy,Q4,2025
3,spotify:track:6DhMZVuD6TH0jd4bMNChCU,Ernia,PER TE,Universal Music Italia srL.,3,3,3,1731494,IT,Italy,Q4,2025
4,spotify:track:0pjqXWOiT5xMh2ua6sq4dl,"Olly, Juli",Così così,Epic,4,4,2,1592312,IT,Italy,Q4,2025
5,spotify:track:1QMGYNbDtHIRzDMKugpg7t,"Olly, Juli",Balorda nostalgia,Epic,1,5,35,1482917,IT,Italy,Q4,2025
6,spotify:track:2smcrTWrF4aEbuHz60x03f,"22simba, Marracash",Fanculo (feat. Marracash),Universal Music Italia srL.,6,-1,1,1465702,IT,Italy,Q4,2025
7,spotify:track:1ej2NcW0CHnscPp1RZpr1V,"Olly, Juli",Devastante,Epic,7,11,83,1435850,IT,Italy,Q4,2025
8,spotify:track:1dosSsKwYF7hoQA2kuu6wI,Taylor Swift,The Fate of Ophelia,Taylor Swift,8,-1,1,1382367,IT,Italy,Q4,2025
9,spotify:track:6iOndD4OFo7GkaDypWQIou,"W Sound, Beéle, Ovy On The Drums",La Plena - W Sound 05,WEA Latina,1,9,27,1343878,IT,Italy,Q4,2025
10,spotify:track:0pxwzHAlnK86CIfDbbJLr4,"Baby Gang, El Alfa, Omega, Roberto Ferrante",Kriminal - Prod. by Roberto Ferrante,Planet Records [Powered by Planet Distribution],1,8,12,1301926,IT,Italy,Q4,2025
11,spotify:track:0P4wjuZdQvFkMYqDYiM9EF,"Olly, Juli",Il brivido della vita,Epic,7,7,2,1297242,IT,Italy,Q4,2025
12,spotify:track:5nFyfjGy6AMZqkW0OMUWJJ,"Olly, Angelina Mango, Juli",Per due come noi,Epic,1,17,57,1288627,IT,Italy,Q4,2025
13,spotify:track:4Cd1cCCqG3nlf07i5A0IPH,"Elodie, Sfera Ebbasta, Rvssian",Yakuza,Universal Music Italia srL.,2,16,15,1248310,IT,Italy,Q4,2025
14,spotify:track:4vamBYGnZNodN7lp2Ma6iL,Rondodasosa,DUOMO,Warner Music,14,22,2,1242579,IT,Italy,Q4,2025
15,spotify:track:3QLMlVX2QydtebrLV5vK2G,"Olly, Juli",Buon trasloco,Epic,6,6,2,1225395,IT,Italy,Q4,2025
16,spotify:track:2bT6QX29M7GLSuTDSirwaS,ANNA,DÉSOLÉE,Universal Music Italia srL.,1,13,17,1192269,IT,Italy,Q4,2025
17,spotify:track:0jkAr7eZsvWDLYiQCfaxak,"Sfera Ebbasta, Shiva",NEON,Universal Music Italia srL.,1,19,26,1161676,IT,Italy,Q4,2025
18,spotify:track:6zjlQ39iHKMaPcY9Fz4d9e,"Samurai Jay, Vito Salamanca",Halo,Universal Music Italia srL.,3,18,13,1133027,IT,Italy,Q4,2025
19,spotify:track:4J2Kj3VyYt6OYwQg7AN6G2,"Banfy, Sheridan",Bam Bam,Columbia/B1 Recordings,2,12,10,1111222,IT,Italy,Q4,2025
20,spotify:track:5UXotYusy46OR618x3J5w1,"Olly, Juli",Depresso fortunato,Epic,10,10,20,1089368,IT,Italy,Q4,2025
21,spotify:track:5bhYjElbPmm2FyB0PxP8Wd,Luchè,Nessuna,Warner Music,2,14,21,1045379,IT,Italy,Q4,2025
22,spotify:track:1EVOcQcJeAbtmzmuYnI14C,"Olly, Juli",Occhi color mare,Epic,15,15,2,1011800,IT,Italy,Q4,2025
23,spotify:track:5jTuRKlHmp16jKeolPth0A,"Simba La Rue, FT Kings",NON CAPISCI (FREESTYLE),Warner Music,23,-1,1,1000928,IT,Italy,Q4,2025
24,spotify:track:7vc09IDmFH0MfyPYHPEWRM,Achille Lauro,AMOR,Warner Music,6,23,25,998520,IT,Italy,Q4,2025
25,spotify:track:27teXnNekA5jBFLCcsCFoq,Artie 5ive,7ELEVEN,Warner Music,10,21,12,949089,IT,Italy,Q4,2025
26,spotify:track:2DkiFEQ1ihXcYKaIRsfGFp,Marracash,LEI,Universal Music Italia srL.,1,27,43,947512,IT,Italy,Q4,2025
27,spotify:track:7oJtUqvumujVKarcXa1SPj,"Alfa, Manu Chao",A me mi piace,Radio Bemba,2,26,22,912360,IT,Italy,Q4,2025
28,spotify:track:7EOKcZX9TRkIs0nwWbCCbD,Eddie Brock,Non è mica te,SANGITA RECORDS,28,36,4,908001,IT,Italy,Q4,2025
29,spotify:track:5wpNF7XLTW4gLyU0NjVOL8,"Pinguini Tattici Nucleari, Max Pezzali",Bottiglie Vuote (feat. Max Pezzali),Epic,6,33,26,864562,IT,Italy,Q4,2025
30,spotify:track:2RkZ5LkEzeHGRsmDqKwmaJ,Alex Warren,Ordinary,Atlantic Records,12,35,29,860228,IT,Italy,Q4,2025
31,spotify:track:1CPZ5BxNNd0n0nF4Orb9JS,"HUNTR/X, EJAE, AUDREY NUNA, REI AMI, KPop Demon Hunters Cast",Golden,K-Pop Demon Hunters,30,37,14,858112,IT,Italy,Q4,2025
32,spotify:track:4X4R6qsIicxIQIFbnDcJLO,"Olly, Juli",Scarabocchi,Epic,4,29,50,849414,IT,Italy,Q4,2025
33,spotify:track:6poK4dgWF5wQmmB7i92mhh,IvanBi,G&V,Warner Music,33,61,3,838600,IT,Italy,Q4,2025
34,spotify:track:4d2d57V0NYORXRGylmLY7R,Ernia,IL GIOCO DEL SILENZIO,Universal Music Italia srL.,4,20,3,835848,IT,Italy,Q4,2025
35,spotify:track:3l109GEhkVYrTvDoKuNGlu,Ernia,BERLINO,Universal Music Italia srL.,19,24,3,822491,IT,Italy,Q4,2025
36,spotify:track:23iWOv9jw8F5zEe550CZa0,"Fabri Fibra, Tredici Pietro",Che Gusto C'è (feat. Tredici Pietro),Epic,6,39,20,816118,IT,Italy,Q4,2025
37,spotify:track:7i0zYckMTyvLyKAFxfOKIS,Artie 5ive,SOGNO AMERICANO,Warner Music,1,42,28,815750,IT,Italy,Q4,2025
38,spotify:track:4haEJXWUw7uyrHBBvJGool,Le-one,YAMAL,Epic,9,34,12,814931,IT,Italy,Q4,2025
39,spotify:track:3mrlxIf9tSeQmcmkRPtiRY,"Irama, Elodie",Ex (feat. Elodie),Warner Music,21,51,6,811064,IT,Italy,Q4,2025
40,spotify:track:4yoixiIoVeayqPFfAxIYo1,"Young Hash, Mothz, Ksub",Scama,Columbia,40,-1,1,803987,IT,Italy,Q4,2025
41,spotify:track:1A2vZKJZovt4828jwLgiB3,Taylor Swift,Elizabeth Taylor,Taylor Swift,41,-1,1,801152,IT,Italy,Q4,2025
42,spotify:track:4DnrAI8WyUY6gkOwl8GlPN,"Alleh, Yorghaki",capaz (merengueton),CONMUER LLC,11,40,39,793022,IT,Italy,Q4,2025
43,spotify:track:1QcmAp6Ev2HuYxKujUwnw0,Alfa,il filo rosso,Artist First,2,43,51,788280,IT,Italy,Q4,2025
44,spotify:track:67osB3wmJVTFzKhWqPb1Hm,Taylor Swift,Opalite,Taylor Swift,44,-1,1,787402,IT,Italy,Q4,2025
45,spotify:track:0xEgDBXYO9gGzmxCFWKxNg,Marracash,CRUDELIA - I nervi,Universal Music Italia srL.,2,47,299,751316,IT,Italy,Q4,2025
46,spotify:track:7qjZnBKE73H4Oxkopwulqe,sombr,back to friends,Warner Records,35,48,20,740128,IT,Italy,Q4,2025
47,spotify:track:0Fqhgx5n1h6lDxl4YWF98x,"Olly, Juli",Come noi non c'è nessuno,Epic,25,25,2,729036,IT,Italy,Q4,2025
48,spotify:track:7nRFsITVaSHko2Fw2Gcy59,Gazzelle,Destri,Artist First / Maciste Dischi,2,56,263,727639,IT,Italy,Q4,2025
49,spotify:track:7LHCJnWkQgmHGUhQyZeoW5,Coez,Qualcosa di grande,Warner Music,49,75,17,727002,IT,Italy,Q4,2025
50,spotify:track:3yl4YSirPhD9zy7FGa4QX6,"Ernia, Madame",PERCHÉ (feat. Madame),Universal Music Italia srL.,10,28,3,718849,IT,Italy,Q4,2025
1,spotify:track:78W4mTLIh4qoLu92W4IQhO,Mrs. GREEN APPLE,ライラック,Universal Music LLC,1,1,39,3697706,JP,Japan,Q1,2025
2,spotify:track:4wJ5Qq0jBN4ajy7ouZIV1c,"ROSÉ, Bruno Mars",APT.,Atlantic Records,1,2,12,2574966,JP,Japan,Q1,2025
3,spotify:track:0teqQ0PYqVDyyXJuPOyMhu,Mrs. GREEN APPLE,ケセラセラ,Universal Music LLC,3,5,90,2370673,JP,Japan,Q1,2025
4,spotify:track:6DYV1GqwCTrvfPcjeFwjLt,Mrs. GREEN APPLE,ビターバカンス,Universal Music LLC,4,7,6,2198965,JP,Japan,Q1,2025
5,spotify:track:0voOaunLYYqPHrsgXbFVlW,Da-iCE,I wonder,avex trax,3,4,37,2087302,JP,Japan,Q1,2025
6,spotify:track:7tI8dRuH2Yc6RuoTjxo4dU,Jimin,Who,BIGHIT MUSIC,1,3,25,2056075,JP,Japan,Q1,2025
7,spotify:track:5BC6kr6etk2Y9J62AyI4i3,Mrs. GREEN APPLE,青と夏,Universal Music LLC,2,10,339,1938479,JP,Japan,Q1,2025
8,spotify:track:4PCQHOJFMV9BWq46UMVf2l,Mrs. GREEN APPLE,familie,Universal Music LLC,2,9,22,1929604,JP,Japan,Q1,2025
9,spotify:track:00GDUNeJd97qjKp2yrx0OC,Vaundy,風神,SDR Inc.,8,8,13,1836128,JP,Japan,Q1,2025
10,spotify:track:5LkmpgQYtwHtuvASgnLBe1,Mrs. GREEN APPLE,ダンスホール,UME - Global Clearing House,2,14,137,1795446,JP,Japan,Q1,2025
11,spotify:track:3YML5IHoqWbw9c9vJJvrvM,Mrs. GREEN APPLE,Soranji,Universal Music LLC,11,11,116,1769796,JP,Japan,Q1,2025
12,spotify:track:6KYOlIwDHbrbeBbJEtQ0Fj,Creepy Nuts,オトノケ - Otonoke,Sony Music Labels Inc.,2,6,14,1719558,JP,Japan,Q1,2025
13,spotify:track:4dmruTsdHIOjfOIeaFitXK,Omoinotake,幾億光年,Sony Music Labels Inc.,2,12,50,1706043,JP,Japan,Q1,2025
14,spotify:track:075HUD50Nuea3rNaABIsNZ,tuki.,晩餐歌 - Bansanka,月面着陸計画,2,17,67,1682070,JP,Japan,Q1,2025
15,spotify:track:7Md0Rk4s9khBtVpSD03bWl,"Mrs. GREEN APPLE, Sonoko Inoue",点描の唄,UME - Global Clearing House,12,19,295,1615863,JP,Japan,Q1,2025
16,spotify:track:170XOP1T4MvY9TLTgPw07D,Mrs. GREEN APPLE,Magic,Universal Music LLC,4,23,83,1559650,JP,Japan,Q1,2025
17,spotify:track:7dTW21YAJxnAOiUh7Rtu9S,Vaundy,Kaiju no Hanauta,SDR Inc.,1,15,215,1531065,JP,Japan,Q1,2025
18,spotify:track:0kdqcbwei4MDWFEX5f33yG,Creepy Nuts,Bling-Bang-Bang-Born,Sony Music Labels Inc.,1,13,53,1500441,JP,Japan,Q1,2025
19,spotify:track:6woV8uWxn7rcLZxJKYruS1,Kocchi no Kento,Hai Yorokonde,blowout Music Labels,14,21,29,1432779,JP,Japan,Q1,2025
20,spotify:track:3CeUMk1K4RPOpyzxn7JKZV,AKASAKI,Bunny Girl,UME - Global Clearing House,1,18,14,1427278,JP,Japan,Q1,2025
21,spotify:track:3ECvJ97WjbbaTsCZ64pwgI,Mrs. GREEN APPLE,コロンブス,Universal Music LLC,2,27,31,1403420,JP,Japan,Q1,2025
22,spotify:track:2vOAHp8PBBFYqvQUWSoITY,Mrs. GREEN APPLE,インフェルノ,Universal Music LLC,16,25,286,1398063,JP,Japan,Q1,2025
23,spotify:track:4btYb7Tfjw5bQazC6bQXpl,King Gnu,ねっこ,Sony Music Labels Inc.,18,20,12,1319431,JP,Japan,Q1,2025
24,spotify:track:50zAEIE4B1QqhPjRMK2Xmh,Jin,Running Wild,BIGHIT MUSIC,2,22,8,1291085,JP,Japan,Q1,2025
25,spotify:track:3QIAwtEEDOrv0g5NKCGrXZ,back number,花束,Universal Music LLC,8,16,277,1272651,JP,Japan,Q1,2025
26,spotify:track:2jdbZGFp8KVTuk0YxDNL4l,back number,高嶺の花子さん,Universal Music LLC,8,24,306,1249470,JP,Japan,Q1,2025
27,spotify:track:5pN2AyWwjzwRoI7gukEVNd,Kenshi Yonezu,さよーならまたいつか！- Sayonara,Sony Music Labels Inc.,5,51,40,1234913,JP,Japan,Q1,2025
28,spotify:track:7Cnpb1vBbC46RgVyyKLH7p,aespa,Whiplash,aespa,7,28,12,1227724,JP,Japan,Q1,2025
29,spotify:track:0tnhoHUrHfcLi9hPknUFZ4,Mrs. GREEN APPLE,僕のこと,Universal Music LLC,16,37,300,1195330,JP,Japan,Q1,2025
30,spotify:track:3KtwMkj9gml6BDeYlyS8nG,CUTIE STREET,Can't we just be cute? -Kawaii Dakejya Damedesuka?-,KAWAII LAB.,30,35,15,1178466,JP,Japan,Q1,2025
31,spotify:track:0JcI7OdALbpSFkyKoufRYs,Mrs. GREEN APPLE,ロマンチシズム,Universal Music LLC,12,38,254,1158849,JP,Japan,Q1,2025
32,spotify:track:3RvdkNMcSy71m0aT6UF9Uf,back number,水平線,Universal Music LLC,1,26,178,1114850,JP,Japan,Q1,2025
33,spotify:track:3wJHCry960drNlAUGrJLmz,Yorushika,ただ君に晴れ,U&R records,6,31,298,1111961,JP,Japan,Q1,2025
34,spotify:track:1aKvZDoLGkNMxoRYgkckZG,ILLIT,Magnetic,BELIFT LAB,2,32,42,1106762,JP,Japan,Q1,2025
35,spotify:track:5glPFBAuA1C85tBcVWVzvO,Fujii Kaze,Michi Teyu Ku (Overflowing),Universal Music LLC,3,74,41,1098821,JP,Japan,Q1,2025
36,spotify:track:2dcUJfnd2BAKS7jUSdlmmO,MISAMO,NEW LOOK,WM Japan,8,44,13,1081247,JP,Japan,Q1,2025
37,spotify:track:7rA2RuTx1dHadrZcoKh8O9,Number_i,GOAT,TOBE MUSIC,5,30,54,1059447,JP,Japan,Q1,2025
38,spotify:track:3jNwPOqdPvQIr5dRT0hzgY,Vaundy,タイムパラドックス,SDR Inc.,3,41,53,1056018,JP,Japan,Q1,2025
39,spotify:track:4FMz2RFrbDGzJO7K4D0vS3,back number,HAPPY BIRTHDAY,Universal Music LLC,23,29,222,1044718,JP,Japan,Q1,2025
40,spotify:track:3tRgmNTaFYgtbt7XCy6Les,OFFICIAL HIGE DANDISM,Same Blue,IRORI Records,6,36,14,1015683,JP,Japan,Q1,2025
41,spotify:track:3FzRKDirkUsApk11WEz1wz,Number_i,BON,TOBE MUSIC,7,34,33,1002777,JP,Japan,Q1,2025
42,spotify:track:1JdUw14vtWg9Vt4aRfHqwl,Number_i,INZM,TOBE MUSIC,4,33,21,987175,JP,Japan,Q1,2025
43,spotify:track:1YXot2MLAG9sttepCtBRM7,Vaundy,踊り子,SDR Inc.,10,60,164,983707,JP,Japan,Q1,2025
44,spotify:track:5LclntckGFFGFUVGJk9Z4x,back number,新しい恋人達に,Universal Music LLC,3,39,26,974530,JP,Japan,Q1,2025
45,spotify:track:1hAloWiinXLPQUJxrJReb1,YOASOBI,アイドル,YOASOBI,1,43,92,936568,JP,Japan,Q1,2025
46,spotify:track:2HRgqmZQC0MC7GeNuDIXHN,"Jung Kook, Latto",Seven (feat. Latto) (Explicit Ver.),BIGHIT MUSIC,1,47,78,929605,JP,Japan,Q1,2025
47,spotify:track:1nysdCpKAh6yif4JkmoiNy,Yuuri,カーテンコール,Sony Music Labels Inc.,5,46,25,889112,JP,Japan,Q1,2025
48,spotify:track:3hp17ZWfLvUXNe1rzo8RbZ,Number_i,HIRAKEGOMA,TOBE MUSIC,21,40,6,831464,JP,Japan,Q1,2025
49,spotify:track:33qTER0xTXBQPDMSYR1hGX,Mrs. GREEN APPLE,Dear,Universal Music LLC,8,55,34,814364,JP,Japan,Q1,2025
50,spotify:track:7G7mSV4BebkoHWwKTDvXu9,"V, Park Hyo Shin",Winter Ahead (with PARK HYO SHIN),BIGHIT MUSIC,50,53,6,799456,JP,Japan,Q1,2025
1,spotify:track:78W4mTLIh4qoLu92W4IQhO,Mrs. GREEN APPLE,ライラック,Universal Music LLC,1,1,52,2448397,JP,Japan,Q2,2025
2,spotify:track:3huSUfmhUr4entz2S0G31O,Mrs. GREEN APPLE,クスシキ,Universal Music LLC,2,-1,1,2397446,JP,Japan,Q2,2025
3,spotify:track:5JTNhYqB0eG0ivgZcBviJ0,HANA,ROSE,Sony Music Labels Inc.,3,62,2,2370409,JP,Japan,Q2,2025
4,spotify:track:6FhWelfRDMFZRtFUU6SIdC,sakanaction,Kaiju,NF Records,1,2,8,2174297,JP,Japan,Q2,2025
5,spotify:track:62x4EMPyCFF2Ohv7qDjalp,Mrs. GREEN APPLE,ダーリン,Universal Music LLC,2,3,12,1906916,JP,Japan,Q2,2025
6,spotify:track:0teqQ0PYqVDyyXJuPOyMhu,Mrs. GREEN APPLE,ケセラセラ,Universal Music LLC,3,4,103,1838295,JP,Japan,Q2,2025
7,spotify:track:5BC6kr6etk2Y9J62AyI4i3,Mrs. GREEN APPLE,青と夏,Universal Music LLC,2,6,352,1618929,JP,Japan,Q2,2025
8,spotify:track:7tI8dRuH2Yc6RuoTjxo4dU,Jimin,Who,BIGHIT MUSIC,1,5,38,1574531,JP,Japan,Q2,2025
9,spotify:track:3YML5IHoqWbw9c9vJJvrvM,Mrs. GREEN APPLE,Soranji,Universal Music LLC,7,7,129,1557325,JP,Japan,Q2,2025
10,spotify:track:6DYV1GqwCTrvfPcjeFwjLt,Mrs. GREEN APPLE,ビターバカンス,Universal Music LLC,2,8,19,1511452,JP,Japan,Q2,2025
11,spotify:track:7Md0Rk4s9khBtVpSD03bWl,"Mrs. GREEN APPLE, Sonoko Inoue",点描の唄,UME - Global Clearing House,9,9,308,1391186,JP,Japan,Q2,2025
12,spotify:track:0NHu2Lo9MWkvhOggEy1bYg,Kenshi Yonezu,BOW AND ARROW,Sony Music Labels Inc.,10,12,11,1374547,JP,Japan,Q2,2025
13,spotify:track:5LkmpgQYtwHtuvASgnLBe1,Mrs. GREEN APPLE,ダンスホール,UME - Global Clearing House,2,11,150,1369603,JP,Japan,Q2,2025
14,spotify:track:4wJ5Qq0jBN4ajy7ouZIV1c,"ROSÉ, Bruno Mars",APT.,Atlantic Records,1,10,25,1320005,JP,Japan,Q2,2025
15,spotify:track:7dTW21YAJxnAOiUh7Rtu9S,Vaundy,Kaiju no Hanauta,SDR Inc.,1,14,228,1312913,JP,Japan,Q2,2025
16,spotify:track:4PCQHOJFMV9BWq46UMVf2l,Mrs. GREEN APPLE,familie,Universal Music LLC,2,13,35,1312186,JP,Japan,Q2,2025
17,spotify:track:0voOaunLYYqPHrsgXbFVlW,Da-iCE,I wonder,avex trax,3,18,50,1243417,JP,Japan,Q2,2025
18,spotify:track:75yAymNsjxzPPNG6LiIQ9P,ILLIT,Almond Chocolate,Universal Music LLC,18,24,7,1240004,JP,Japan,Q2,2025
19,spotify:track:170XOP1T4MvY9TLTgPw07D,Mrs. GREEN APPLE,Magic,Universal Music LLC,4,15,96,1219964,JP,Japan,Q2,2025
20,spotify:track:0tnhoHUrHfcLi9hPknUFZ4,Mrs. GREEN APPLE,僕のこと,Universal Music LLC,15,16,313,1176348,JP,Japan,Q2,2025
21,spotify:track:2vOAHp8PBBFYqvQUWSoITY,Mrs. GREEN APPLE,インフェルノ,Universal Music LLC,16,23,299,1154979,JP,Japan,Q2,2025
22,spotify:track:5Ak1F5nGzM4KRhE0H1Q3CP,Omoinotake,幾億光年,Sony Music Labels Inc.,2,22,63,1146673,JP,Japan,Q2,2025
23,spotify:track:2jdbZGFp8KVTuk0YxDNL4l,back number,高嶺の花子さん,Universal Music LLC,8,19,319,1135262,JP,Japan,Q2,2025
24,spotify:track:1KLg01cjnRsENoFhJWUTSd,Kenshi Yonezu,Plazma,Sony Music Labels Inc.,4,26,12,1112233,JP,Japan,Q2,2025
25,spotify:track:0dzbNEBsrs17os3jJOFLar,XG,IS THIS LOVE,XGALX,25,34,6,1075170,JP,Japan,Q2,2025
26,spotify:track:50zAEIE4B1QqhPjRMK2Xmh,Jin,Running Wild,BIGHIT MUSIC,2,17,21,1074104,JP,Japan,Q2,2025
27,spotify:track:0JcI7OdALbpSFkyKoufRYs,Mrs. GREEN APPLE,ロマンチシズム,Universal Music LLC,12,21,267,1055287,JP,Japan,Q2,2025
28,spotify:track:3ECvJ97WjbbaTsCZ64pwgI,Mrs. GREEN APPLE,コロンブス,Universal Music LLC,2,27,44,1053952,JP,Japan,Q2,2025
29,spotify:track:6xLSq48LkhwFTwKx442veN,Number_i,GOD_i,TOBE MUSIC,11,30,11,1048415,JP,Japan,Q2,2025
30,spotify:track:1gosofqcJ7t3IUrQpDwGVL,Number_i,BON,TOBE MUSIC,7,38,46,1025953,JP,Japan,Q2,2025
31,spotify:track:0hhUYRTVgcq7oD4qVLDgR2,HANA,Drop,HANA,31,63,10,1019261,JP,Japan,Q2,2025
32,spotify:track:1JdUw14vtWg9Vt4aRfHqwl,Number_i,INZM,TOBE MUSIC,4,37,34,1015731,JP,Japan,Q2,2025
33,spotify:track:185mDjE865QpjA4MtzAzgs,Creepy Nuts,オトノケ - Otonoke,Sony Music Labels Inc.,2,31,27,1015384,JP,Japan,Q2,2025
34,spotify:track:4ddBsPV13qO8SGaVf6ZQnl,JO1,BE CLASSIC,LAPONE ENTERTAINMENT,34,55,3,1014365,JP,Japan,Q2,2025
35,spotify:track:79zgdvnTPyWSuTrd48Ik5O,Lilas,百花繚乱,幾田りら,33,36,13,1013596,JP,Japan,Q2,2025
36,spotify:track:3RvdkNMcSy71m0aT6UF9Uf,back number,水平線,Universal Music LLC,1,32,191,1005775,JP,Japan,Q2,2025
37,spotify:track:3QIAwtEEDOrv0g5NKCGrXZ,back number,花束,Universal Music LLC,8,25,290,989382,JP,Japan,Q2,2025
38,spotify:track:7rA2RuTx1dHadrZcoKh8O9,Number_i,GOAT,TOBE MUSIC,5,39,67,989342,JP,Japan,Q2,2025
39,spotify:track:3KtwMkj9gml6BDeYlyS8nG,CUTIE STREET,Can't we just be cute? -Kawaii Dakejya Damedesuka?-,KAWAII LAB.,17,20,28,985969,JP,Japan,Q2,2025
40,spotify:track:3CeUMk1K4RPOpyzxn7JKZV,AKASAKI,Bunny Girl,UME - Global Clearing House,1,28,27,969465,JP,Japan,Q2,2025
41,spotify:track:3GiADMmI5jfkhF2o4a2G8N,Fujii Kaze,masshiro (pure white),Universal Music LLC,15,35,6,968220,JP,Japan,Q2,2025
42,spotify:track:075HUD50Nuea3rNaABIsNZ,tuki.,晩餐歌 - Bansanka,月面着陸計画,2,33,80,957020,JP,Japan,Q2,2025
43,spotify:track:3wJHCry960drNlAUGrJLmz,Yorushika,ただ君に晴れ,U&R records,6,29,311,942463,JP,Japan,Q2,2025
44,spotify:track:1xVHi6ppc8sZS33qCm2IyJ,King & Prince,HEART,Universal Music LLC,30,45,5,937027,JP,Japan,Q2,2025
45,spotify:track:3ca5Q1gTQI3Alaiutw2DDo,timelesz,Rock this Party,Universal Music LLC,14,44,6,916715,JP,Japan,Q2,2025
46,spotify:track:7Cnpb1vBbC46RgVyyKLH7p,aespa,Whiplash,aespa,7,42,25,910350,JP,Japan,Q2,2025
47,spotify:track:4XObDlhGp6sREJoZj2lFv2,Vaundy,走れSAKAMOTO,SDR Inc.,22,41,13,909050,JP,Japan,Q2,2025
48,spotify:track:406IpEtZPvbxApWTGM3twY,LE SSERAFIM,HOT,SOURCE MUSIC,43,43,4,907913,JP,Japan,Q2,2025
49,spotify:track:33qTER0xTXBQPDMSYR1hGX,Mrs. GREEN APPLE,Dear,Universal Music LLC,8,47,47,905075,JP,Japan,Q2,2025
50,spotify:track:4LhDEsC2tzaVuZbWAaCLrP,Creepy Nuts,Bling-Bang-Bang-Born,Sony Music Labels Inc.,1,40,66,893045,JP,Japan,Q2,2025
1,spotify:track:27xkOIER6uDLKALIelHylZ,Jin,Don’t Say You Love Me,BIGHIT MUSIC,1,1,8,2182317,JP,Japan,Q3,2025
2,spotify:track:21VsLvoE7elUmJZLSawaMh,Mrs. GREEN APPLE,ライラック,Universal Music LLC,1,2,65,2151747,JP,Japan,Q3,2025
3,spotify:track:57zS3lPil2VxdlBLXHu8l2,Mrs. GREEN APPLE,クスシキ,Universal Music LLC,1,4,14,2125047,JP,Japan,Q3,2025
4,spotify:track:2Co1E8jcju2tCgPZIqxkTr,Mrs. GREEN APPLE,breakfast,Universal Music LLC,2,3,6,2058151,JP,Japan,Q3,2025
5,spotify:track:5BC6kr6etk2Y9J62AyI4i3,Mrs. GREEN APPLE,青と夏,Universal Music LLC,2,5,365,1768920,JP,Japan,Q3,2025
6,spotify:track:0teqQ0PYqVDyyXJuPOyMhu,Mrs. GREEN APPLE,ケセラセラ,Universal Music LLC,3,7,116,1697779,JP,Japan,Q3,2025
7,spotify:track:5JTNhYqB0eG0ivgZcBviJ0,HANA,ROSE,Sony Music Labels Inc.,2,8,15,1566302,JP,Japan,Q3,2025
8,spotify:track:3YML5IHoqWbw9c9vJJvrvM,Mrs. GREEN APPLE,Soranji,Universal Music LLC,7,11,142,1532994,JP,Japan,Q3,2025
9,spotify:track:7KNY1e9x1MDvpBAmIAN3tz,BE:FIRST,夢中,B-ME,6,6,11,1522964,JP,Japan,Q3,2025
10,spotify:track:7tI8dRuH2Yc6RuoTjxo4dU,Jimin,Who,BIGHIT MUSIC,1,10,51,1470088,JP,Japan,Q3,2025
11,spotify:track:7ikOwlVju9HYUKthPiNHwr,Mrs. GREEN APPLE,ダーリン,Universal Music LLC,2,13,25,1382069,JP,Japan,Q3,2025
12,spotify:track:6FhWelfRDMFZRtFUU6SIdC,sakanaction,Kaiju,NF Records,1,9,21,1368656,JP,Japan,Q3,2025
13,spotify:track:5LkmpgQYtwHtuvASgnLBe1,Mrs. GREEN APPLE,ダンスホール,UME - Global Clearing House,2,17,163,1306975,JP,Japan,Q3,2025
14,spotify:track:35MeePbBnryubkVG0v8GbI,back number,ブルーアンバー,Universal Music LLC,6,12,11,1279440,JP,Japan,Q3,2025
15,spotify:track:20mMzqcOAO1J5qmM7Q6sP0,HANA,Burning Flower,Sony Music Labels Inc.,8,14,5,1276756,JP,Japan,Q3,2025
16,spotify:track:6QGuDk8tY8Lan39gTWtXWK,Lilas,恋風,幾田りら,16,18,13,1256511,JP,Japan,Q3,2025
17,spotify:track:0tnhoHUrHfcLi9hPknUFZ4,Mrs. GREEN APPLE,僕のこと,Universal Music LLC,15,15,326,1241314,JP,Japan,Q3,2025
18,spotify:track:7sO2NML7SulscK8RR27uUf,Mrs. GREEN APPLE,天国,Universal Music LLC,2,16,10,1238416,JP,Japan,Q3,2025
19,spotify:track:2vOAHp8PBBFYqvQUWSoITY,Mrs. GREEN APPLE,インフェルノ,Universal Music LLC,16,22,312,1197793,JP,Japan,Q3,2025
20,spotify:track:2jdbZGFp8KVTuk0YxDNL4l,back number,高嶺の花子さん,Universal Music LLC,8,19,332,1140551,JP,Japan,Q3,2025
21,spotify:track:0voOaunLYYqPHrsgXbFVlW,Da-iCE,I wonder,avex trax,3,27,63,1137378,JP,Japan,Q3,2025
22,spotify:track:7dTW21YAJxnAOiUh7Rtu9S,Vaundy,Kaiju no Hanauta,SDR Inc.,1,20,241,1109644,JP,Japan,Q3,2025
23,spotify:track:6aOhyW3xoiiQSNRSsOpLcF,Mrs. GREEN APPLE,ビターバカンス,Universal Music LLC,2,24,32,1109133,JP,Japan,Q3,2025
24,spotify:track:170XOP1T4MvY9TLTgPw07D,Mrs. GREEN APPLE,Magic,Universal Music LLC,4,29,109,1107122,JP,Japan,Q3,2025
25,spotify:track:6xLSq48LkhwFTwKx442veN,Number_i,GOD_i,TOBE MUSIC,11,25,24,1094914,JP,Japan,Q3,2025
26,spotify:track:7Md0Rk4s9khBtVpSD03bWl,"Mrs. GREEN APPLE, Sonoko Inoue",点描の唄,UME - Global Clearing House,9,21,321,1083270,JP,Japan,Q3,2025
27,spotify:track:5Ak1F5nGzM4KRhE0H1Q3CP,Omoinotake,幾億光年,Sony Music Labels Inc.,2,26,76,1079447,JP,Japan,Q3,2025
28,spotify:track:4ujiGt8LsQUoZF7wR0BZxW,HANA,Drop,Sony Music Labels Inc.,25,34,23,1046804,JP,Japan,Q3,2025
29,spotify:track:5NTtQCnREVVfZuBjVMF4dm,Shota Shimizu,PUZZLE,Sony Music Labels Inc.,14,28,14,1028179,JP,Japan,Q3,2025
30,spotify:track:0ANuqsirxjEIORpt9PyB4E,Mrs. GREEN APPLE,familie,Universal Music LLC,2,32,48,1008564,JP,Japan,Q3,2025
31,spotify:track:1KLg01cjnRsENoFhJWUTSd,Kenshi Yonezu,Plazma,Sony Music Labels Inc.,4,23,25,1001894,JP,Japan,Q3,2025
32,spotify:track:3QIAwtEEDOrv0g5NKCGrXZ,back number,花束,Universal Music LLC,8,30,303,1001328,JP,Japan,Q3,2025
33,spotify:track:0JcI7OdALbpSFkyKoufRYs,Mrs. GREEN APPLE,ロマンチシズム,Universal Music LLC,12,31,280,991111,JP,Japan,Q3,2025
34,spotify:track:6njCYAgcQgHAmbN7VChcrI,CUTIE STREET,Can't we just be cute? -Kawaii Dakejya Damedesuka?-,KAWAII LAB.,17,35,41,990902,JP,Japan,Q3,2025
35,spotify:track:2zxK14g3shGRbgjUmKaj2x,CHANMINA,SAD SONG,WM Japan,14,37,24,974113,JP,Japan,Q3,2025
36,spotify:track:3RvdkNMcSy71m0aT6UF9Uf,back number,水平線,Universal Music LLC,1,36,204,963115,JP,Japan,Q3,2025
37,spotify:track:1gosofqcJ7t3IUrQpDwGVL,Number_i,BON,TOBE MUSIC,7,40,59,944617,JP,Japan,Q3,2025
38,spotify:track:6aeEYLO194bhR0hN4qCes9,Mrs. GREEN APPLE,Carrying Happiness - Tokyo Disney Resort Version,Walt Disney Records,38,82,2,941027,JP,Japan,Q3,2025
39,spotify:track:1ic3Thr0mG0IsBE98pPcQ2,aespa,Dirty Work,aespa,39,41,2,930115,JP,Japan,Q3,2025
40,spotify:track:5RbMlPFL4gVyEHW2lEOuzG,Sukima Switch,奏(かなで),Universal Music LLC,22,50,255,923481,JP,Japan,Q3,2025
41,spotify:track:7rPEpMvt6O2Np1i7TFk3Hc,King Gnu,TWILIGHT!!!,Sony Music Labels Inc.,2,38,12,912563,JP,Japan,Q3,2025
42,spotify:track:075HUD50Nuea3rNaABIsNZ,tuki.,晩餐歌 - Bansanka,月面着陸計画,2,42,93,907852,JP,Japan,Q3,2025
43,spotify:track:1JdUw14vtWg9Vt4aRfHqwl,Number_i,INZM,TOBE MUSIC,4,44,47,893500,JP,Japan,Q3,2025
44,spotify:track:7rA2RuTx1dHadrZcoKh8O9,Number_i,GOAT,TOBE MUSIC,5,47,80,882142,JP,Japan,Q3,2025
45,spotify:track:4p0uVFAXKUISu8yp9gNtWE,ILLIT,Billyeoon Goyangi (Do the Dance),BELIFT LAB,39,39,3,864104,JP,Japan,Q3,2025
46,spotify:track:0dzbNEBsrs17os3jJOFLar,XG,IS THIS LOVE,XGALX,20,45,19,863434,JP,Japan,Q3,2025
47,spotify:track:5W7Y92LB4jWvu9NeEQ0GZl,Macaroni Empitsu,なんでもないよ、,Toy's Factory,1,43,192,842497,JP,Japan,Q3,2025
48,spotify:track:4wJ5Qq0jBN4ajy7ouZIV1c,"ROSÉ, Bruno Mars",APT.,Atlantic Records,1,46,38,840480,JP,Japan,Q3,2025
49,spotify:track:6TijPbRQPU86xEiN8Dh3YF,Mrs. GREEN APPLE,コロンブス,Universal Music LLC,2,52,57,809530,JP,Japan,Q3,2025
50,spotify:track:7CmWXD3w1xOO53AAO4LRVQ,Superfly,愛をこめて花束を,WM Japan,6,33,258,759532,JP,Japan,Q3,2025
1,spotify:track:59hVbgr8rfYkDbHfr8RcGI,Kenshi Yonezu,IRIS OUT,Sony Music Labels Inc.,1,1,4,6031009,JP,Japan,Q4,2025
2,spotify:track:4oE7MyJhqSD3BaHRpNs8Nl,"Kenshi Yonezu, Hikaru Utada",JANE DOE,Sony Music Labels Inc.,2,2,3,3537386,JP,Japan,Q4,2025
3,spotify:track:27xkOIER6uDLKALIelHylZ,Jin,Don’t Say You Love Me,BIGHIT MUSIC,1,3,21,2615190,JP,Japan,Q4,2025
4,spotify:track:5klNADgwB1K5j2quV0SCDL,HANA,Blue Jeans,Sony Music Labels Inc.,1,4,13,2021868,JP,Japan,Q4,2025
5,spotify:track:1oFqKeepmT5S8BCGqJl7Ar,AiNA THE END,革命道中 - On The Way,avex trax,4,5,14,1886918,JP,Japan,Q4,2025
6,spotify:track:21VsLvoE7elUmJZLSawaMh,Mrs. GREEN APPLE,ライラック,Universal Music LLC,1,6,78,1740594,JP,Japan,Q4,2025
7,spotify:track:7tI8dRuH2Yc6RuoTjxo4dU,Jimin,Who,BIGHIT MUSIC,1,7,64,1644093,JP,Japan,Q4,2025
8,spotify:track:61UOoqGI1B9qdeD5Dzupyb,Mrs. GREEN APPLE,GOOD DAY,Universal Music LLC,8,23,2,1613659,JP,Japan,Q4,2025
9,spotify:track:2RMBCQdXkfFArpX3NIuuNm,"neguse., 汐れいら",織姫とBABY,Sony Music Labels Inc.,8,8,11,1522632,JP,Japan,Q4,2025
10,spotify:track:5JTNhYqB0eG0ivgZcBviJ0,HANA,ROSE,Sony Music Labels Inc.,2,10,28,1467101,JP,Japan,Q4,2025
11,spotify:track:6x6MPCHCBGyPDPXkoelyVN,HANA,BAD LOVE,Sony Music Labels Inc.,5,9,5,1437390,JP,Japan,Q4,2025
12,spotify:track:5BC6kr6etk2Y9J62AyI4i3,Mrs. GREEN APPLE,青と夏,Universal Music LLC,2,11,378,1433090,JP,Japan,Q4,2025
13,spotify:track:3YML5IHoqWbw9c9vJJvrvM,Mrs. GREEN APPLE,Soranji,Universal Music LLC,7,14,155,1294374,JP,Japan,Q4,2025
14,spotify:track:0teqQ0PYqVDyyXJuPOyMhu,Mrs. GREEN APPLE,ケセラセラ,Universal Music LLC,3,13,129,1293718,JP,Japan,Q4,2025
15,spotify:track:1sIIlVrnPhrvmTrHtzM7tV,"Mrs. GREEN APPLE, Sonoko Inoue",点描の唄,Universal Music LLC,9,20,334,1275004,JP,Japan,Q4,2025
16,spotify:track:7dTW21YAJxnAOiUh7Rtu9S,Vaundy,Kaiju no Hanauta,SDR Inc.,1,19,254,1269351,JP,Japan,Q4,2025
17,spotify:track:3QIAwtEEDOrv0g5NKCGrXZ,back number,花束,Universal Music LLC,8,16,316,1262698,JP,Japan,Q4,2025
18,spotify:track:1eOnQiXOa2oO3UCQsD9u0m,Number_i,Numbers Ur Zone,TOBE MUSIC,12,12,4,1260464,JP,Japan,Q4,2025
19,spotify:track:2jdbZGFp8KVTuk0YxDNL4l,back number,高嶺の花子さん,Universal Music LLC,8,15,345,1250313,JP,Japan,Q4,2025
20,spotify:track:57zS3lPil2VxdlBLXHu8l2,Mrs. GREEN APPLE,クスシキ,Universal Music LLC,1,22,27,1182240,JP,Japan,Q4,2025
21,spotify:track:7KNY1e9x1MDvpBAmIAN3tz,BE:FIRST,夢中,B-ME,6,28,24,1176209,JP,Japan,Q4,2025
22,spotify:track:7oYCBKvdjrqp5vDbhDBuac,Kenshi Yonezu,KICK BACK,Sony Music Labels Inc.,1,21,130,1166945,JP,Japan,Q4,2025
23,spotify:track:1CPZ5BxNNd0n0nF4Orb9JS,"HUNTR/X, EJAE, AUDREY NUNA, REI AMI, KPop Demon Hunters Cast",Golden,K-Pop Demon Hunters,20,24,13,1159815,JP,Japan,Q4,2025
24,spotify:track:3RvdkNMcSy71m0aT6UF9Uf,back number,水平線,Universal Music LLC,1,30,217,1099755,JP,Japan,Q4,2025
25,spotify:track:3HGHvxci8vnRg7RZ5E6lzi,noa,1000 days of moments,noa,25,27,9,1098585,JP,Japan,Q4,2025
26,spotify:track:6QGuDk8tY8Lan39gTWtXWK,Lilas,恋風,幾田りら,11,25,26,1093820,JP,Japan,Q4,2025
27,spotify:track:2TRxremVZ0t2JVu5OFxbiA,OFFICIAL HIGE DANDISM,Rashisa,IRORI Records,26,26,9,1087155,JP,Japan,Q4,2025
28,spotify:track:69AwhLeXrM9yAvE0EBSVdw,Number_i,未確認領域,TOBE MUSIC,13,17,9,1079956,JP,Japan,Q4,2025
29,spotify:track:2r9FKxbJqkKMhCc5RMUVQg,Number_i,GOD_i,TOBE MUSIC,11,18,37,1063536,JP,Japan,Q4,2025
30,spotify:track:4ujiGt8LsQUoZF7wR0BZxW,HANA,Drop,Sony Music Labels Inc.,15,29,36,1062266,JP,Japan,Q4,2025
31,spotify:track:6FhWelfRDMFZRtFUU6SIdC,sakanaction,Kaiju,NF Records,1,32,34,1052497,JP,Japan,Q4,2025
32,spotify:track:35MeePbBnryubkVG0v8GbI,back number,ブルーアンバー,Universal Music LLC,6,35,24,1044248,JP,Japan,Q4,2025
33,spotify:track:51oc6MEsXTpnPn6GOw5VuP,Fujii Kaze,きらり,Universal Music LLC,4,31,232,1030132,JP,Japan,Q4,2025
34,spotify:track:4QIKSlDV5YIjr0kqT1Ad32,Mrs. GREEN APPLE,ダンスホール,Universal Music LLC,2,38,176,991522,JP,Japan,Q4,2025
35,spotify:track:5W7Y92LB4jWvu9NeEQ0GZl,Macaroni Empitsu,なんでもないよ、,Toy's Factory,1,43,205,987863,JP,Japan,Q4,2025
36,spotify:track:5Ak1F5nGzM4KRhE0H1Q3CP,Omoinotake,幾億光年,Sony Music Labels Inc.,2,42,89,973360,JP,Japan,Q4,2025
37,spotify:track:2Co1E8jcju2tCgPZIqxkTr,Mrs. GREEN APPLE,breakfast,Universal Music LLC,2,36,19,963987,JP,Japan,Q4,2025
38,spotify:track:2zxK14g3shGRbgjUmKaj2x,CHANMINA,SAD SONG,WM Japan,14,34,37,957015,JP,Japan,Q4,2025
39,spotify:track:4FMz2RFrbDGzJO7K4D0vS3,back number,HAPPY BIRTHDAY,Universal Music LLC,23,45,261,953173,JP,Japan,Q4,2025
40,spotify:track:0tnhoHUrHfcLi9hPknUFZ4,Mrs. GREEN APPLE,僕のこと,Universal Music LLC,15,39,339,948834,JP,Japan,Q4,2025
41,spotify:track:0IByNT868RxZwmcj1rQgno,Fujii Kaze,Prema,Universal Music LLC,11,33,5,936502,JP,Japan,Q4,2025
42,spotify:track:2SihT7AVMiI2VtaAyVIcnO,Macaroni Empitsu,恋人ごっこ,TALTO,36,48,281,934518,JP,Japan,Q4,2025
43,spotify:track:2vOAHp8PBBFYqvQUWSoITY,Mrs. GREEN APPLE,インフェルノ,Universal Music LLC,16,46,325,928570,JP,Japan,Q4,2025
44,spotify:track:4GqO80eGXA542oTvlYv4LS,back number,ハッピーエンド,Universal Music LLC,13,52,271,919421,JP,Japan,Q4,2025
45,spotify:track:2cKiHG16JBiqHdi7Llq0r7,Aimyon,Marigold,WM Japan,1,37,377,915160,JP,Japan,Q4,2025
46,spotify:track:5NTtQCnREVVfZuBjVMF4dm,Shota Shimizu,PUZZLE,Sony Music Labels Inc.,14,47,27,907793,JP,Japan,Q4,2025
47,spotify:track:5RbMlPFL4gVyEHW2lEOuzG,Sukima Switch,奏(かなで),Universal Music LLC,22,44,268,897543,JP,Japan,Q4,2025
48,spotify:track:3hp4ZggkNMsre9cutCSnLK,Mrs. GREEN APPLE,夏の影,Universal Music LLC,4,40,9,880678,JP,Japan,Q4,2025
49,spotify:track:7ikOwlVju9HYUKthPiNHwr,Mrs. GREEN APPLE,ダーリン,Universal Music LLC,2,50,38,876539,JP,Japan,Q4,2025
50,spotify:track:20mMzqcOAO1J5qmM7Q6sP0,HANA,Burning Flower,Sony Music Labels Inc.,8,49,18,868983,JP,Japan,Q4,2025
1,spotify:track:7tI8dRuH2Yc6RuoTjxo4dU,Jimin,Who,BIGHIT MUSIC,1,1,25,1453235,KR,South Korea,Q1,2025
2,spotify:track:2HRgqmZQC0MC7GeNuDIXHN,"Jung Kook, Latto",Seven (feat. Latto) (Explicit Ver.),BIGHIT MUSIC,1,2,78,443266,KR,South Korea,Q1,2025
3,spotify:track:3LWVXp636uLT356Rj08Jaz,Jimin,Be Mine,BIGHIT MUSIC,2,3,25,422197,KR,South Korea,Q1,2025
4,spotify:track:7G7mSV4BebkoHWwKTDvXu9,"V, Park Hyo Shin",Winter Ahead (with PARK HYO SHIN),BIGHIT MUSIC,4,4,6,334201,KR,South Korea,Q1,2025
5,spotify:track:50zAEIE4B1QqhPjRMK2Xmh,Jin,Running Wild,BIGHIT MUSIC,3,6,8,292135,KR,South Korea,Q1,2025
6,spotify:track:1agDCV4zQqaFwJQNsTgmL1,"Jimin, Loco",Smeraldo Garden Marching Band (feat. Loco),BIGHIT MUSIC,2,8,28,291173,KR,South Korea,Q1,2025
7,spotify:track:1z5ebC9238uGoBgzYyvGpQ,ROSÉ,toxic till the end,Atlantic Records,2,5,5,287664,KR,South Korea,Q1,2025
8,spotify:track:7Cnpb1vBbC46RgVyyKLH7p,aespa,Whiplash,aespa,3,7,12,271781,KR,South Korea,Q1,2025
9,spotify:track:3d2bsbugow8JiNvuaRupFH,"Jimin, Sofia Carson",Slow Dance (feat. Sofia Carson),BIGHIT MUSIC,6,11,25,267625,KR,South Korea,Q1,2025
10,spotify:track:7gMfVc4zfNIxuMyMGglOHa,Jimin,Rebirth (Intro),BIGHIT MUSIC,8,14,25,262869,KR,South Korea,Q1,2025
11,spotify:track:6qafqn8bBMy7t5c5WqpyRk,Jimin,Closer Than This,BIGHIT MUSIC,2,19,55,261475,KR,South Korea,Q1,2025
12,spotify:track:4wJ5Qq0jBN4ajy7ouZIV1c,"ROSÉ, Bruno Mars",APT.,Atlantic Records,2,9,12,241255,KR,South Korea,Q1,2025
13,spotify:track:1MC8JLPV4fbvVBqvGSLoDf,Jimin,Who (Rock Remix),BIGHIT MUSIC,13,13,25,240406,KR,South Korea,Q1,2025
14,spotify:track:0Cu8JdYvV9DdmzLzhxaZLH,"G-DRAGON, TAEYANG, DAESUNG",HOME SWEET HOME (feat. TAEYANG & DAESUNG),Galaxy Corporation / EMPIRE,2,10,7,237411,KR,South Korea,Q1,2025
15,spotify:track:10I5rhhFoWZDIN3kEc6Dbo,Jimin,Who (Acoustic Remix),BIGHIT MUSIC,12,12,25,231795,KR,South Korea,Q1,2025
16,spotify:track:1ySWoGgrduSzvtJ3PUzO41,Jimin,Who (Shibuyakei Remix),BIGHIT MUSIC,15,15,25,229729,KR,South Korea,Q1,2025
17,spotify:track:45zLrK0668WQ5JFMyiYmCS,Jimin,Interlude : Showtime,BIGHIT MUSIC,10,22,25,228677,KR,South Korea,Q1,2025
18,spotify:track:7KZNgri6Jxw88FAfATw6i9,Jimin,Who (Funky Remix),BIGHIT MUSIC,17,17,25,228101,KR,South Korea,Q1,2025
19,spotify:track:2isRbZIIU4PqPrECffn7QO,Jimin,Who (Beautiful Mind Remix),BIGHIT MUSIC,18,18,25,224747,KR,South Korea,Q1,2025
20,spotify:track:1Px44tw80Q4rcCl8FxDGOi,Jimin,Who (Instrumental),BIGHIT MUSIC,20,20,25,223291,KR,South Korea,Q1,2025
21,spotify:track:2CGNAOSuO1MEFCbBRgUzjd,"Kendrick Lamar, SZA",luther (with sza),"pgLang, under exclusive license to Interscope Records",9,16,7,223222,KR,South Korea,Q1,2025
22,spotify:track:01qFKNWq73UfEslI0GvumE,"Jung Kook, Jack Harlow",3D (feat. Jack Harlow),BIGHIT MUSIC,2,23,67,209705,KR,South Korea,Q1,2025
23,spotify:track:2plbrEY59IikOBgBGLjaoe,"Lady Gaga, Bruno Mars",Die With A Smile,Interscope,12,24,21,208877,KR,South Korea,Q1,2025
24,spotify:track:2SR0alFA2oWYXSoePGTj0V,Jin,I’ll Be There,BIGHIT MUSIC,7,21,11,192743,KR,South Korea,Q1,2025
25,spotify:track:2KslE17cAJNHTsI2MI0jb2,Jung Kook,Standing Next to You,BIGHIT MUSIC,4,25,61,192718,KR,South Korea,Q1,2025
26,spotify:track:3Ua0m0YmEjrMi9XErKcNiR,Jimin,Like Crazy,BIGHIT MUSIC,1,30,94,177958,KR,South Korea,Q1,2025
27,spotify:track:1k68vKHNQXU5CHqcM7Yp7N,DAY6,HAPPY,Republic Records - DAY6,5,26,22,161953,KR,South Korea,Q1,2025
28,spotify:track:1MUZitHRpmng5NevrvNx4T,BABYMONSTER,DRIP,YG Entertainment,12,31,10,156784,KR,South Korea,Q1,2025
29,spotify:track:4EwNWRBWdZ6bgvxRHlZ8OO,G-DRAGON,CROOKED,YG Entertainment,29,32,11,143535,KR,South Korea,Q1,2025
30,spotify:track:6dOtVTDdiauQNBQEDOtlAB,Billie Eilish,BIRDS OF A FEATHER,Darkroom/Interscope Records,20,33,34,139738,KR,South Korea,Q1,2025
31,spotify:track:4XsJiRJQAK8TWcZCn0Dxlh,G-DRAGON,POWER,Galaxy Corporation / EMPIRE,4,27,11,139694,KR,South Korea,Q1,2025
32,spotify:track:6iu311jZAJFLPgoIWgrA72,BIGBANG,BANG BANG BANG,YG Entertainment,32,50,8,137779,KR,South Korea,Q1,2025
33,spotify:track:1aKvZDoLGkNMxoRYgkckZG,ILLIT,Magnetic,BELIFT LAB,1,29,42,137522,KR,South Korea,Q1,2025
34,spotify:track:5sjnkOfTLCLNfkkchI2re2,aespa,UP - KARINA Solo,SM Entertainment,5,28,14,136471,KR,South Korea,Q1,2025
35,spotify:track:7GOIrZTegzVty8mhNhRuA0,BOYNEXTDOOR,"IF I SAY, I LOVE YOU",KOZ Entertainment,35,-1,1,136143,KR,South Korea,Q1,2025
36,spotify:track:18x0Z8JUwLA2LhgsIHbNy3,DAY6,Time of Our Life -Japanese ver.- - Japanese ver.,WM Japan,29,38,111,135048,KR,South Korea,Q1,2025
37,spotify:track:5ocSQW5sIUIOFojwXEz9Ki,NewJeans,Supernatural,ADOR,2,43,29,129621,KR,South Korea,Q1,2025
38,spotify:track:21LtZQQMQYwVIxc9O9Ygq8,ILLIT,Cherish (My Love),BELIFT LAB,10,35,12,129089,KR,South Korea,Q1,2025
39,spotify:track:5FxasBmho2yEvgXrzp9MMW,G-DRAGON,"무제(無題) (Untitled, 2014)",YG Entertainment,22,34,13,128640,KR,South Korea,Q1,2025
40,spotify:track:2JhbSmNAyM9kYiqwa8Tpla,aespa,Supernova,SM Entertainment,1,37,35,125568,KR,South Korea,Q1,2025
41,spotify:track:1lcBt7LoEikqYmhUoa2cez,ROSÉ,number one girl,Atlantic Records,9,36,7,121850,KR,South Korea,Q1,2025
42,spotify:track:38tXZcL1gZRfbqfOG0VMTH,NewJeans,How Sweet,ADOR,1,44,33,119833,KR,South Korea,Q1,2025
43,spotify:track:2DbDefRFJ5YOfXCKOeCJJh,KISS OF LIFE,Igloo,S2 ENTERTAINMENT INC.,15,39,12,117666,KR,South Korea,Q1,2025
44,spotify:track:6oNLSQX8bcAdbCElZYju3v,fromis_9,Supersonic,PLEDIS Entertainment,12,47,22,115733,KR,South Korea,Q1,2025
45,spotify:track:3vnaEaDxMKdBhqA1t0uAwl,Lim Young Woong,Warmth,Mulgogi Music,12,40,36,114972,KR,South Korea,Q1,2025
46,spotify:track:4xeugB5MqWh0jwvXZPxahq,WOODZ,Drowning,EDAM Entertainment,46,48,14,114918,KR,South Korea,Q1,2025
47,spotify:track:2PlsVMcOn6ujc2UEYs2Yat,Lim Young Woong,Home,Mulgogi Music,13,41,36,113838,KR,South Korea,Q1,2025
48,spotify:track:4WUpMUjdoi47LY7gBQBXe3,Lim Young Woong,Grain of Sand,물고기뮤직,8,42,84,113141,KR,South Korea,Q1,2025
49,spotify:track:3TSLqZssCoCdDlMhCJ08XW,BIGBANG,Still Life,YG Entertainment,1,57,60,110829,KR,South Korea,Q1,2025
50,spotify:track:21IVUjbu1ms4ZISGt74NCy,"HAON, GISELLE",Skrr (feat. GISELLE),KC,24,46,7,110363,KR,South Korea,Q1,2025
1,spotify:track:7tI8dRuH2Yc6RuoTjxo4dU,Jimin,Who,BIGHIT MUSIC,1,1,38,1075478,KR,South Korea,Q2,2025
2,spotify:track:2HRgqmZQC0MC7GeNuDIXHN,"Jung Kook, Latto",Seven (feat. Latto) (Explicit Ver.),BIGHIT MUSIC,1,2,91,353776,KR,South Korea,Q2,2025
3,spotify:track:3LWVXp636uLT356Rj08Jaz,Jimin,Be Mine,BIGHIT MUSIC,2,4,38,302904,KR,South Korea,Q2,2025
4,spotify:track:406IpEtZPvbxApWTGM3twY,LE SSERAFIM,HOT,SOURCE MUSIC,2,3,4,278939,KR,South Korea,Q2,2025
5,spotify:track:0fK7ie6XwGxQTIkpFoWkd1,JENNIE,like JENNIE,OA Entertainment/Columbia,2,5,5,264392,KR,South Korea,Q2,2025
6,spotify:track:3Ua0m0YmEjrMi9XErKcNiR,Jimin,Like Crazy,BIGHIT MUSIC,1,6,107,262764,KR,South Korea,Q2,2025
7,spotify:track:7G7mSV4BebkoHWwKTDvXu9,"V, Park Hyo Shin",Winter Ahead (with PARK HYO SHIN),BIGHIT MUSIC,4,8,19,227117,KR,South Korea,Q2,2025
8,spotify:track:1agDCV4zQqaFwJQNsTgmL1,"Jimin, Loco",Smeraldo Garden Marching Band (feat. Loco),BIGHIT MUSIC,2,7,41,226665,KR,South Korea,Q2,2025
9,spotify:track:68UrZQUuO3O6eUiD226xHg,Hearts2Hearts,The Chase,SM Entertainment,8,12,7,208995,KR,South Korea,Q2,2025
10,spotify:track:6qafqn8bBMy7t5c5WqpyRk,Jimin,Closer Than This,BIGHIT MUSIC,2,14,68,207016,KR,South Korea,Q2,2025
11,spotify:track:7gMfVc4zfNIxuMyMGglOHa,Jimin,Rebirth (Intro),BIGHIT MUSIC,7,15,38,203038,KR,South Korea,Q2,2025
12,spotify:track:2CGNAOSuO1MEFCbBRgUzjd,"Kendrick Lamar, SZA",luther (with sza),"pgLang, under exclusive license to Interscope Records",3,9,20,200535,KR,South Korea,Q2,2025
13,spotify:track:3d2bsbugow8JiNvuaRupFH,"Jimin, Sofia Carson",Slow Dance (feat. Sofia Carson),BIGHIT MUSIC,6,11,38,200316,KR,South Korea,Q2,2025
14,spotify:track:50zAEIE4B1QqhPjRMK2Xmh,Jin,Running Wild,BIGHIT MUSIC,3,13,21,196253,KR,South Korea,Q2,2025
15,spotify:track:7Cnpb1vBbC46RgVyyKLH7p,aespa,Whiplash,aespa,3,10,25,188746,KR,South Korea,Q2,2025
16,spotify:track:7GOIrZTegzVty8mhNhRuA0,BOYNEXTDOOR,"IF I SAY, I LOVE YOU",KOZ Entertainment,6,18,14,176254,KR,South Korea,Q2,2025
17,spotify:track:4xeugB5MqWh0jwvXZPxahq,WOODZ,Drowning,EDAM Entertainment,17,20,27,174593,KR,South Korea,Q2,2025
18,spotify:track:7so0lgd0zP2Sbgs2d7a1SZ,"Lady Gaga, Bruno Mars",Die With A Smile,Interscope Records,6,21,34,170977,KR,South Korea,Q2,2025
19,spotify:track:01qFKNWq73UfEslI0GvumE,"Jung Kook, Jack Harlow",3D (feat. Jack Harlow),BIGHIT MUSIC,2,17,80,168716,KR,South Korea,Q2,2025
20,spotify:track:0GOqhXyouUxqPEw9ypTOLm,"G-DRAGON, Anderson .Paak",TOO BAD,Galaxy Corporation / EMPIRE,2,16,7,164012,KR,South Korea,Q2,2025
21,spotify:track:2KslE17cAJNHTsI2MI0jb2,Jung Kook,Standing Next to You,BIGHIT MUSIC,4,22,74,163130,KR,South Korea,Q2,2025
22,spotify:track:5Fhr3wqeieN5WDkAsqL1JJ,j-hope,MONA LISA,BIGHIT MUSIC,19,19,3,157984,KR,South Korea,Q2,2025
23,spotify:track:1z5ebC9238uGoBgzYyvGpQ,ROSÉ,toxic till the end,Atlantic Records,2,25,18,149342,KR,South Korea,Q2,2025
24,spotify:track:6EIejWXtCAxXCPrxID1VFq,고추잠자리,작은 봄,뷰티풀너드,24,-1,1,141284,KR,South Korea,Q2,2025
25,spotify:track:45zLrK0668WQ5JFMyiYmCS,Jimin,Interlude : Showtime,BIGHIT MUSIC,10,30,38,141102,KR,South Korea,Q2,2025
26,spotify:track:3be9ACTxtcL6Zm4vJRUiPG,yung kai,blue,BMG Rights Management (US) LLC,26,26,16,139548,KR,South Korea,Q2,2025
27,spotify:track:5doooVlMVRZztQbySqARMI,"G-DRAGON, TAEYANG, DAESUNG",HOME SWEET HOME (feat. TAEYANG & DAESUNG),Galaxy Corporation / EMPIRE,2,24,20,138417,KR,South Korea,Q2,2025
28,spotify:track:1k68vKHNQXU5CHqcM7Yp7N,DAY6,HAPPY,Republic Records - DAY6,5,28,35,138369,KR,South Korea,Q2,2025
29,spotify:track:1tI8Ubt5VEMWDoGL08pomF,LE SSERAFIM,Come Over,SOURCE MUSIC,29,44,4,138270,KR,South Korea,Q2,2025
30,spotify:track:5APxbxUDWyUChpgjJ0YQzE,PLAVE,Dash,VLAST,25,27,10,136724,KR,South Korea,Q2,2025
31,spotify:track:4WUpMUjdoi47LY7gBQBXe3,Lim Young Woong,Grain of Sand,물고기뮤직,8,31,97,134310,KR,South Korea,Q2,2025
32,spotify:track:4EwNWRBWdZ6bgvxRHlZ8OO,G-DRAGON,CROOKED,YG Entertainment,24,29,24,131194,KR,South Korea,Q2,2025
33,spotify:track:1yX9gy5fK02j6nBnGJ1S3k,"j-hope, Miguel",Sweet Dreams (feat. Miguel),BIGHIT MUSIC,10,23,5,130681,KR,South Korea,Q2,2025
34,spotify:track:2PlsVMcOn6ujc2UEYs2Yat,Lim Young Woong,Home,Mulgogi Music,13,35,49,129149,KR,South Korea,Q2,2025
35,spotify:track:6auT8cRBu3BgPRBrdVBY15,Lim Young Woong,London Boy,물고기뮤직,6,36,125,127589,KR,South Korea,Q2,2025
36,spotify:track:3vnaEaDxMKdBhqA1t0uAwl,Lim Young Woong,Warmth,Mulgogi Music,12,38,49,127210,KR,South Korea,Q2,2025
37,spotify:track:21ewxM3YvcdTj7cC0XwznO,Lim Young Woong,Do or Die,Mulgogi Music,6,40,79,122466,KR,South Korea,Q2,2025
38,spotify:track:4wJ5Qq0jBN4ajy7ouZIV1c,"ROSÉ, Bruno Mars",APT.,Atlantic Records,2,34,25,120540,KR,South Korea,Q2,2025
39,spotify:track:5FxasBmho2yEvgXrzp9MMW,G-DRAGON,"무제(無題) (Untitled, 2014)",YG Entertainment,22,37,26,119136,KR,South Korea,Q2,2025
40,spotify:track:1aKvZDoLGkNMxoRYgkckZG,ILLIT,Magnetic,BELIFT LAB,1,42,55,118936,KR,South Korea,Q2,2025
41,spotify:track:18x0Z8JUwLA2LhgsIHbNy3,DAY6,Time of Our Life -Japanese ver.- - Japanese ver.,WM Japan,29,50,124,117980,KR,South Korea,Q2,2025
42,spotify:track:7wLJ4xzxNss5abZ1kXs242,"Car, the garden",Closely Far Away,니즈뮤직,42,47,30,117356,KR,South Korea,Q2,2025
43,spotify:track:5PclMa9Pxs1OFWSAS6Nid9,KiiiKiii,I DO ME,Starship Entertainment,25,32,6,115638,KR,South Korea,Q2,2025
44,spotify:track:5qu4qjrmG0YvwPNvhfXqqt,PLAVE,Chroma Drift,VLAST,41,41,10,112858,KR,South Korea,Q2,2025
45,spotify:track:6oNLSQX8bcAdbCElZYju3v,fromis_9,Supersonic,PLEDIS Entertainment,12,43,35,112200,KR,South Korea,Q2,2025
46,spotify:track:2JhbSmNAyM9kYiqwa8Tpla,aespa,Supernova,SM Entertainment,1,51,48,111799,KR,South Korea,Q2,2025
47,spotify:track:24ISyrkOgpc0IodIEUokog,데이먼스 이어 Damons year,yours,WM Korea,47,58,132,110318,KR,South Korea,Q2,2025
48,spotify:track:2ZucVHbSVMb3MnDLMn7APE,PLAVE,RIZZ,VLAST,46,46,10,109907,KR,South Korea,Q2,2025
49,spotify:track:5yfhzEct1ulyU6g5oVRraj,NMIXX,KNOW ABOUT ME,Republic Records - NMIXX,31,33,4,105007,KR,South Korea,Q2,2025
50,spotify:track:1MUZitHRpmng5NevrvNx4T,BABYMONSTER,DRIP,YG Entertainment,12,49,23,104773,KR,South Korea,Q2,2025
1,spotify:track:7tI8dRuH2Yc6RuoTjxo4dU,Jimin,Who,BIGHIT MUSIC,1,1,51,1269313,KR,South Korea,Q3,2025
2,spotify:track:1CPZ5BxNNd0n0nF4Orb9JS,"HUNTR/X, EJAE, AUDREY NUNA, REI AMI, KPop Demon Hunters Cast",Golden,K-Pop Demon Hunters,2,6,3,598586,KR,South Korea,Q3,2025
3,spotify:track:27xkOIER6uDLKALIelHylZ,Jin,Don’t Say You Love Me,BIGHIT MUSIC,2,2,8,512124,KR,South Korea,Q3,2025
4,spotify:track:02sy7FAs8dkDNYsHp4Ul3f,"Saja Boys, Andrew Choi, Neckwav, Danny Chung, KEVIN WOO, samUIL Lee, KPop Demon Hunters Cast",Soda Pop,K-Pop Demon Hunters,4,9,3,464672,KR,South Korea,Q3,2025
5,spotify:track:2St2hvEaab5swGb99I3wix,ALLDAY PROJECT,FAMOUS,THEBLACKLABEL,3,3,3,399674,KR,South Korea,Q3,2025
6,spotify:track:1I37Zz2g3hk9eWxaNkj031,"Saja Boys, Andrew Choi, Neckwav, Danny Chung, KEVIN WOO, samUIL Lee, KPop Demon Hunters Cast",Your Idol,K-Pop Demon Hunters,6,12,3,365766,KR,South Korea,Q3,2025
7,spotify:track:16nFpuPZAKcXg84rssagIc,ALLDAY PROJECT,WICKED,THEBLACKLABEL,5,5,3,346461,KR,South Korea,Q3,2025
8,spotify:track:2HRgqmZQC0MC7GeNuDIXHN,"Jung Kook, Latto",Seven (feat. Latto) (Explicit Ver.),BIGHIT MUSIC,1,8,104,337996,KR,South Korea,Q3,2025
9,spotify:track:1ic3Thr0mG0IsBE98pPcQ2,aespa,Dirty Work,aespa,4,4,2,330140,KR,South Korea,Q3,2025
10,spotify:track:7gMfVc4zfNIxuMyMGglOHa,Jimin,Rebirth (Intro),BIGHIT MUSIC,4,7,51,326703,KR,South Korea,Q3,2025
11,spotify:track:3RXUgPNIbUgFxsDWuBQEt6,"HUNTR/X, EJAE, AUDREY NUNA, REI AMI, KPop Demon Hunters Cast",How It’s Done,K-Pop Demon Hunters,11,16,3,277238,KR,South Korea,Q3,2025
12,spotify:track:4p0uVFAXKUISu8yp9gNtWE,ILLIT,Billyeoon Goyangi (Do the Dance),BELIFT LAB,6,10,4,270847,KR,South Korea,Q3,2025
13,spotify:track:3LWVXp636uLT356Rj08Jaz,Jimin,Be Mine,BIGHIT MUSIC,2,13,51,244893,KR,South Korea,Q3,2025
14,spotify:track:5EoV2HmAlkqN1XvsIjOBZZ,Hearts2Hearts,STYLE,SM Entertainment,10,11,3,240757,KR,South Korea,Q3,2025
15,spotify:track:3Ua0m0YmEjrMi9XErKcNiR,Jimin,Like Crazy,BIGHIT MUSIC,1,14,120,238260,KR,South Korea,Q3,2025
16,spotify:track:4nKnOIDXFjRSMG4vkXDwzY,AHOF,Rendezvous,F&F Entertainment,16,76,2,230282,KR,South Korea,Q3,2025
17,spotify:track:45zLrK0668WQ5JFMyiYmCS,Jimin,Interlude : Showtime,BIGHIT MUSIC,10,28,51,223910,KR,South Korea,Q3,2025
18,spotify:track:7t4Z19BqZ23ExgdiOP0nf6,fromis_9,LIKE YOU BETTER,"ASND ENTERTAINMENT CO., LTD",18,18,2,201179,KR,South Korea,Q3,2025
19,spotify:track:5DxDLsW6PsLz5gkwC7Mk5S,"Rumi, Jinu, EJAE, Andrew Choi, KPop Demon Hunters Cast",Free,K-Pop Demon Hunters,19,37,2,197513,KR,South Korea,Q3,2025
20,spotify:track:7G7mSV4BebkoHWwKTDvXu9,"V, Park Hyo Shin",Winter Ahead (with PARK HYO SHIN),BIGHIT MUSIC,3,15,32,195745,KR,South Korea,Q3,2025
21,spotify:track:0MHStU0muAIEMbwdnebYu2,"HUNTR/X, EJAE, AUDREY NUNA, REI AMI, KPop Demon Hunters Cast",Takedown,K-Pop Demon Hunters,21,33,2,195585,KR,South Korea,Q3,2025
22,spotify:track:5sBDrrtLGbV64QJnEqfjer,"HUNTR/X, EJAE, AUDREY NUNA, REI AMI, KPop Demon Hunters Cast",What It Sounds Like,K-Pop Demon Hunters,22,39,2,187107,KR,South Korea,Q3,2025
23,spotify:track:1agDCV4zQqaFwJQNsTgmL1,"Jimin, Loco",Smeraldo Garden Marching Band (feat. Loco),BIGHIT MUSIC,2,17,54,185022,KR,South Korea,Q3,2025
24,spotify:track:6qafqn8bBMy7t5c5WqpyRk,Jimin,Closer Than This,BIGHIT MUSIC,2,19,81,179823,KR,South Korea,Q3,2025
25,spotify:track:01qFKNWq73UfEslI0GvumE,"Jung Kook, Jack Harlow",3D (feat. Jack Harlow),BIGHIT MUSIC,2,20,93,173781,KR,South Korea,Q3,2025
26,spotify:track:3d2bsbugow8JiNvuaRupFH,"Jimin, Sofia Carson",Slow Dance (feat. Sofia Carson),BIGHIT MUSIC,6,21,51,170276,KR,South Korea,Q3,2025
27,spotify:track:4xeugB5MqWh0jwvXZPxahq,WOODZ,Drowning,EDAM Entertainment,9,23,40,162574,KR,South Korea,Q3,2025
28,spotify:track:2GMKQPMXdOGXsQkDYBN6wF,MAKTUB,시작의 아이 ハジマリのコ (Starting With You),WM Korea,14,25,7,153762,KR,South Korea,Q3,2025
29,spotify:track:7Cnpb1vBbC46RgVyyKLH7p,aespa,Whiplash,aespa,3,26,38,153525,KR,South Korea,Q3,2025
30,spotify:track:4H6s1mTZcjHAMU36ZF3Xoz,Jin,Nothing Without Your Love,BIGHIT MUSIC,12,22,8,149705,KR,South Korea,Q3,2025
31,spotify:track:02BcXEH1zJYbXSabPtNlKf,"Don Toliver, Doja Cat, F1 The Album",Lose My Mind (feat. Doja Cat) [From F1® The Movie],Atlantic Records,31,124,2,149155,KR,South Korea,Q3,2025
32,spotify:track:7kjVCymE7vn0HizmGCGFWQ,Lim Young Woong,Heavenly Ever After,Mulgogi Music / ADA,9,32,13,145178,KR,South Korea,Q3,2025
33,spotify:track:2KslE17cAJNHTsI2MI0jb2,Jung Kook,Standing Next to You,BIGHIT MUSIC,4,35,87,142394,KR,South Korea,Q3,2025
34,spotify:track:50zAEIE4B1QqhPjRMK2Xmh,Jin,Running Wild,BIGHIT MUSIC,3,27,34,139624,KR,South Korea,Q3,2025
35,spotify:track:68UrZQUuO3O6eUiD226xHg,Hearts2Hearts,The Chase,SM Entertainment,8,34,20,133049,KR,South Korea,Q3,2025
36,spotify:track:4WrkJNGb4zUwARc0FD3iNf,"Jin, YENA",Loser (feat. YENA),BIGHIT MUSIC,18,30,8,130128,KR,South Korea,Q3,2025
37,spotify:track:1rKQjUhF9zFJmuUotr3VkV,TWICE,"TAKEDOWN (JEONGYEON, JIHYO, CHAEYOUNG)",K-Pop Demon Hunters,37,52,2,128803,KR,South Korea,Q3,2025
38,spotify:track:5RdKO1lsHG9jhbG03LL7cv,Jin,With the Clouds,BIGHIT MUSIC,21,31,8,125597,KR,South Korea,Q3,2025
39,spotify:track:4WUpMUjdoi47LY7gBQBXe3,Lim Young Woong,Grain of Sand,물고기뮤직,8,43,110,125552,KR,South Korea,Q3,2025
40,spotify:track:5566hAPt0WmMPr9Xn749L7,Jin,Rope It,BIGHIT MUSIC,21,36,8,124552,KR,South Korea,Q3,2025
41,spotify:track:1xOqGUkyxGQRdCvGpvWKmL,KATSEYE,Gabriela,HYBE/Geffen,29,29,3,123293,KR,South Korea,Q3,2025
42,spotify:track:3f7rVNaBNocDLtPmnds9eE,Jin,"To Me, Today",BIGHIT MUSIC,27,40,8,121734,KR,South Korea,Q3,2025
43,spotify:track:7JQH2lBMZ10ztDnpoeq6Ki,데이먼스 이어 Damons year,yours,WM Korea,8,41,145,120053,KR,South Korea,Q3,2025
44,spotify:track:3vnaEaDxMKdBhqA1t0uAwl,Lim Young Woong,Warmth,Mulgogi Music,12,48,62,119685,KR,South Korea,Q3,2025
45,spotify:track:0wrppxeWurW1uRnxI6Ut9v,MEOVV,HANDS UP,The Black Label,4,44,11,119665,KR,South Korea,Q3,2025
46,spotify:track:2PlsVMcOn6ujc2UEYs2Yat,Lim Young Woong,Home,Mulgogi Music,13,46,62,119560,KR,South Korea,Q3,2025
47,spotify:track:1qmcc6IRvBdhmqhLhSaJoo,Jin,Background,BIGHIT MUSIC,25,38,8,119300,KR,South Korea,Q3,2025
48,spotify:track:5APxbxUDWyUChpgjJ0YQzE,PLAVE,Dash,VLAST,25,49,23,118774,KR,South Korea,Q3,2025
49,spotify:track:20QI1DhCFz7pN8rATkNguv,10CM,To Reach You,CAM,11,42,14,117594,KR,South Korea,Q3,2025
50,spotify:track:6auT8cRBu3BgPRBrdVBY15,Lim Young Woong,London Boy,물고기뮤직,6,50,138,116815,KR,South Korea,Q3,2025
1,spotify:track:59hVbgr8rfYkDbHfr8RcGI,Kenshi Yonezu,IRIS OUT,Sony Music Labels Inc.,1,2,4,841761,KR,South Korea,Q4,2025
2,spotify:track:7tI8dRuH2Yc6RuoTjxo4dU,Jimin,Who,BIGHIT MUSIC,1,1,64,797416,KR,South Korea,Q4,2025
3,spotify:track:4oE7MyJhqSD3BaHRpNs8Nl,"Kenshi Yonezu, Hikaru Utada",JANE DOE,Sony Music Labels Inc.,3,4,3,605063,KR,South Korea,Q4,2025
4,spotify:track:3LWVXp636uLT356Rj08Jaz,Jimin,Be Mine,BIGHIT MUSIC,2,3,64,381317,KR,South Korea,Q4,2025
5,spotify:track:27xkOIER6uDLKALIelHylZ,Jin,Don’t Say You Love Me,BIGHIT MUSIC,2,5,21,378644,KR,South Korea,Q4,2025
6,spotify:track:1CPZ5BxNNd0n0nF4Orb9JS,"HUNTR/X, EJAE, AUDREY NUNA, REI AMI, KPop Demon Hunters Cast",Golden,K-Pop Demon Hunters,1,6,16,337655,KR,South Korea,Q4,2025
7,spotify:track:2HRgqmZQC0MC7GeNuDIXHN,"Jung Kook, Latto",Seven (feat. Latto) (Explicit Ver.),BIGHIT MUSIC,1,7,117,273360,KR,South Korea,Q4,2025
8,spotify:track:7JQH2lBMZ10ztDnpoeq6Ki,데이먼스 이어 Damons year,yours,WM Korea,7,8,158,229718,KR,South Korea,Q4,2025
9,spotify:track:02sy7FAs8dkDNYsHp4Ul3f,"Saja Boys, Andrew Choi, Neckwav, Danny Chung, KEVIN WOO, samUIL Lee, KPop Demon Hunters Cast",Soda Pop,K-Pop Demon Hunters,4,13,16,219114,KR,South Korea,Q4,2025
10,spotify:track:7oYCBKvdjrqp5vDbhDBuac,Kenshi Yonezu,KICK BACK,Sony Music Labels Inc.,10,24,68,213225,KR,South Korea,Q4,2025
11,spotify:track:5H1sKFMzDeMtXwND3V6hRY,BLACKPINK,JUMP,YG Entertainment,3,9,13,211285,KR,South Korea,Q4,2025
12,spotify:track:6OWWZtNQORY1McaZmOrwhc,CORTIS,GO!,Republic Records – CORTIS,8,10,5,191290,KR,South Korea,Q4,2025
13,spotify:track:3Ua0m0YmEjrMi9XErKcNiR,Jimin,Like Crazy,BIGHIT MUSIC,1,12,133,177603,KR,South Korea,Q4,2025
14,spotify:track:40UVUuyy5RfpO0awclCttA,ALLDAY PROJECT,FAMOUS,THEBLACKLABEL,3,14,15,177303,KR,South Korea,Q4,2025
15,spotify:track:1sUjTLLCJzcxC15GUBrOlg,aespa,Rich Man,SM Entertainment,4,11,5,172435,KR,South Korea,Q4,2025
16,spotify:track:6qafqn8bBMy7t5c5WqpyRk,Jimin,Closer Than This,BIGHIT MUSIC,2,15,94,170493,KR,South Korea,Q4,2025
17,spotify:track:7gMfVc4zfNIxuMyMGglOHa,Jimin,Rebirth (Intro),BIGHIT MUSIC,4,16,64,167821,KR,South Korea,Q4,2025
18,spotify:track:1dosSsKwYF7hoQA2kuu6wI,Taylor Swift,The Fate of Ophelia,Taylor Swift,18,-1,1,166976,KR,South Korea,Q4,2025
19,spotify:track:1I37Zz2g3hk9eWxaNkj031,"Saja Boys, Andrew Choi, Neckwav, Danny Chung, KEVIN WOO, samUIL Lee, KPop Demon Hunters Cast",Your Idol,K-Pop Demon Hunters,6,27,16,163924,KR,South Korea,Q4,2025
20,spotify:track:4xeugB5MqWh0jwvXZPxahq,WOODZ,Drowning,EDAM Entertainment,9,21,53,161082,KR,South Korea,Q4,2025
21,spotify:track:2aSfmbpproCPOe2j01WT2a,Lim Young Woong,Eternal Moment,Mulgogi Music,21,25,6,159043,KR,South Korea,Q4,2025
22,spotify:track:4p0uVFAXKUISu8yp9gNtWE,ILLIT,Billyeoon Goyangi (Do the Dance),BELIFT LAB,6,20,17,158603,KR,South Korea,Q4,2025
23,spotify:track:1agDCV4zQqaFwJQNsTgmL1,"Jimin, Loco",Smeraldo Garden Marching Band (feat. Loco),BIGHIT MUSIC,2,18,67,156530,KR,South Korea,Q4,2025
24,spotify:track:7Cnpb1vBbC46RgVyyKLH7p,aespa,Whiplash,aespa,3,28,51,154737,KR,South Korea,Q4,2025
25,spotify:track:5EoV2HmAlkqN1XvsIjOBZZ,Hearts2Hearts,STYLE,SM Entertainment,10,23,16,154011,KR,South Korea,Q4,2025
26,spotify:track:7G7mSV4BebkoHWwKTDvXu9,"V, Park Hyo Shin",Winter Ahead (with PARK HYO SHIN),BIGHIT MUSIC,3,17,45,146988,KR,South Korea,Q4,2025
27,spotify:track:02BcXEH1zJYbXSabPtNlKf,"Don Toliver, Doja Cat, F1 The Album",Lose My Mind (feat. Doja Cat) [From F1® The Movie],Atlantic Records,6,19,15,146024,KR,South Korea,Q4,2025
28,spotify:track:651GMkAaR0JbpzZXRvdQ3D,Lim Young Woong,ULSSIGU,Mulgogi Music,28,35,6,145753,KR,South Korea,Q4,2025
29,spotify:track:3d2bsbugow8JiNvuaRupFH,"Jimin, Sofia Carson",Slow Dance (feat. Sofia Carson),BIGHIT MUSIC,6,26,64,145267,KR,South Korea,Q4,2025
30,spotify:track:4ecdsGz3Hg6TKPwQ0ZOdJz,CORTIS,FaSHioN,Republic Records – CORTIS,15,22,5,137569,KR,South Korea,Q4,2025
31,spotify:track:7kjVCymE7vn0HizmGCGFWQ,Lim Young Woong,Heavenly Ever After,Mulgogi Music / ADA,9,51,26,137058,KR,South Korea,Q4,2025
32,spotify:track:4CRhJHHbH9Awx7z7xRAdPP,Lim Young Woong,Unread Message,Mulgogi Music,30,36,6,133830,KR,South Korea,Q4,2025
33,spotify:track:1ic3Thr0mG0IsBE98pPcQ2,aespa,Dirty Work,aespa,4,30,15,132220,KR,South Korea,Q4,2025
34,spotify:track:2KslE17cAJNHTsI2MI0jb2,Jung Kook,Standing Next to You,BIGHIT MUSIC,4,31,100,131267,KR,South Korea,Q4,2025
35,spotify:track:1TPHGTbSlEiZh9MvQDpMcY,Lim Young Woong,Left in the Rain,Mulgogi Music,35,41,6,130279,KR,South Korea,Q4,2025
36,spotify:track:1z5ebC9238uGoBgzYyvGpQ,ROSÉ,toxic till the end,Atlantic Records,2,37,44,128180,KR,South Korea,Q4,2025
37,spotify:track:0CWk3LG8MXMA3TE61y5zPB,Lim Young Woong,Wild flower,Mulgogi Music,37,44,6,127352,KR,South Korea,Q4,2025
38,spotify:track:7hYI4QprQ3hMqp56ul6uEv,Lim Young Woong,Melody for You,Mulgogi Music,38,43,6,126193,KR,South Korea,Q4,2025
39,spotify:track:3WvM2dIR9iIxMGNMP7WsNw,HANRORO,Landing in Love,authentic,33,33,14,126079,KR,South Korea,Q4,2025
40,spotify:track:2penachGpHAHaMQGo1j1Tz,Lim Young Woong,Wonderful Life,Mulgogi Music,36,45,6,125333,KR,South Korea,Q4,2025
41,spotify:track:01qFKNWq73UfEslI0GvumE,"Jung Kook, Jack Harlow",3D (feat. Jack Harlow),BIGHIT MUSIC,2,40,106,122732,KR,South Korea,Q4,2025
42,spotify:track:5qCu3KDSEoojJ4Rh5OzHm3,Lim Young Woong,"I’m sorry, But…",Mulgogi Music,42,50,6,122687,KR,South Korea,Q4,2025
43,spotify:track:15HNdxGKNCIO9pgaY4n7FU,OFFICIAL HIGE DANDISM,Pretender,PONY CANYON INC.,42,42,69,121830,KR,South Korea,Q4,2025
44,spotify:track:2TOpItg5NsMsFV58nZm5XN,Lim Young Woong,I’m HERO,Mulgogi Music,37,47,6,121591,KR,South Korea,Q4,2025
45,spotify:track:7wLJ4xzxNss5abZ1kXs242,"Car, the garden",Closely Far Away,니즈뮤직,38,39,56,120870,KR,South Korea,Q4,2025
46,spotify:track:1aKvZDoLGkNMxoRYgkckZG,ILLIT,Magnetic,BELIFT LAB,1,57,81,119813,KR,South Korea,Q4,2025
47,spotify:track:06o2o3TpyR8eGU2ANK21Lp,LEE CHANHYUK,Endangered Love,YG Entertainment,26,32,11,119005,KR,South Korea,Q4,2025
48,spotify:track:04TshWXkhV1qkqHzf31Hn6,Kenshi Yonezu,Lemon,Sony Music Labels Inc.,25,58,152,117518,KR,South Korea,Q4,2025
49,spotify:track:0dS2u2UFd88TIzDDaZDLvS,d4vd,Here With Me,Darkroom/Interscope Records,26,38,143,117199,KR,South Korea,Q4,2025
50,spotify:track:3RXUgPNIbUgFxsDWuBQEt6,"HUNTR/X, EJAE, AUDREY NUNA, REI AMI, KPop Demon Hunters Cast",How It’s Done,K-Pop Demon Hunters,8,56,16,112881,KR,South Korea,Q4,2025
1,spotify:track:0LTwdL5yZ6YOTEGUQPFuSN,Tito Double P,ROSONES,Double P Records,1,1,5,13342533,MX,Mexico,Q1,2025
2,spotify:track:63EQbNhgaih4yg5412usWG,Neton Vega,Loco,Josa Records,2,9,3,11192503,MX,Mexico,Q1,2025
3,spotify:track:7sd6zMrgGpEa7NkQm9TRrg,Tito Double P,NADIE,Double P Records,2,4,7,11131505,MX,Mexico,Q1,2025
4,spotify:track:4OLT65TRsOx3Iv1TlCcQVb,"Gabito Ballesteros, Natanael Cano, Luis R Conriquez, Neton Vega",PRESIDENTE,Los CT Records,2,2,12,10764383,MX,Mexico,Q1,2025
5,spotify:track:0hfXHqWhOpbR9YQmQojDMN,Peso Pluma,gervonta,Double P Records,5,7,5,10103746,MX,Mexico,Q1,2025
6,spotify:track:1cOboCuWYI2osTOfolMRS6,"Oscar Maydon, Fuerza Regida",Tu Boda,Rancho Humilde/Sony Music Latin,1,3,15,9871633,MX,Mexico,Q1,2025
7,spotify:track:5lKFO0PrOC9jmOlPEdjHsL,"Tito Double P, Peso Pluma",DOS DÍAS,2024 Double P Records,2,5,20,9593608,MX,Mexico,Q1,2025
8,spotify:track:3D24ErT1MMmUfXWotSj2A2,"Fuerza Regida, Grupo Frontera",ME JALO,Rancho Humilde/Streetmob Records/Grupo Frontera/Sony Music Latin,8,13,3,8345981,MX,Mexico,Q1,2025
9,spotify:track:6X6m4xmdFcz31p1h7Qg68c,Tito Double P,EL LOKERON,2024 Double P Records,1,6,20,7992102,MX,Mexico,Q1,2025
10,spotify:track:6x59lSlNU7TvsJZy7134uC,"Jorsshh, Fuerza Regida",ROSONES,Street Mob Records,9,12,8,7612882,MX,Mexico,Q1,2025
11,spotify:track:0NsGFMIo2aNbAkJu48ndaf,Chino Pacas,Morena Canela,Street Mob Records/PFL/Geffen Records,7,11,10,7090197,MX,Mexico,Q1,2025
12,spotify:track:3sK8wGT43QFpWrvNQsrQya,Bad Bunny,DtMF,Rimas Entertainment LLC.,12,-1,1,6633315,MX,Mexico,Q1,2025
13,spotify:track:43558Td2trz7O0chZYohEE,"Natanael Cano, Nueva H",Amapola,WEA Latina,8,8,5,6499554,MX,Mexico,Q1,2025
14,spotify:track:3IEvQ1CzszUJtTRLmmMJ2X,"Tito Double P, Junior H",5-7,2024 Double P Records,10,17,20,6382221,MX,Mexico,Q1,2025
15,spotify:track:6HrALJOMsfPCCbUo5cJCON,"Tito Double P, Chino Pacas",ESCAPATE,2024 Double P Records,3,10,20,6253947,MX,Mexico,Q1,2025
16,spotify:track:2lAUq68F2bt7Kc218n9FPp,"Tito Double P, Grupo Frontera",AY MAMÁ,2024 Double P Records,7,15,20,6095040,MX,Mexico,Q1,2025
17,spotify:track:6YOfGIE6iFxC7G8OlGGvzW,Junior H,ROCKSTAR,WEA Latina,7,14,66,5933417,MX,Mexico,Q1,2025
18,spotify:track:2aYZaN5SmkRDLsrrV8GkBQ,"Peso Pluma, Neton Vega",LA PATRULLA,2024 Double P Records,1,16,29,5515784,MX,Mexico,Q1,2025
19,spotify:track:0iKo4pNNjHHdKUcFARlfCa,Bad Bunny,EL CLúB,Rimas Entertainment LLC.,19,62,5,5459664,MX,Mexico,Q1,2025
20,spotify:track:2lTm559tuIvatlT1u0JYG2,Bad Bunny,BAILE INoLVIDABLE,Rimas Entertainment LLC.,20,-1,1,5399997,MX,Mexico,Q1,2025
21,spotify:track:0l0vcZMU7AOeQmUIREoI2U,"Rauw Alejandro, Bad Bunny",Qué Pasaría...,Sony Music Latin/Duars Entertainment,9,19,8,5349644,MX,Mexico,Q1,2025
22,spotify:track:5LhI8m7n8xlQmNe3b7Rwis,"Natanael Cano, Oscar Maydon",Madonna,WEA Latina,1,18,44,5024829,MX,Mexico,Q1,2025
23,spotify:track:5TFD2bmFKGhoCRbX61nXY5,Bad Bunny,NUEVAYoL,Rimas Entertainment LLC.,23,-1,1,4955479,MX,Mexico,Q1,2025
24,spotify:track:1YYfyJ2yCvGFCxwjsIqEK9,"Rauw Alejandro, Romeo Santos",Khé?,Sony Music Latin/Duars Entertainment,11,23,8,4846131,MX,Mexico,Q1,2025
25,spotify:track:59D4DOkspUbWyMmbAPQkxZ,Bad Bunny,VOY A LLeVARTE PA PR,Rimas Entertainment LLC.,25,-1,1,4721354,MX,Mexico,Q1,2025
26,spotify:track:2Oj3iCVLQgwjwRF9VHo7gt,"Clave Especial, Fuerza Regida",NO PASA NADA,WEA Latina,20,20,12,4521828,MX,Mexico,Q1,2025
27,spotify:track:4Ndjd6DhKIC5IPoBIrMQuX,"Carín León, Gabito Ballesteros",Ese Vato No Te Queda,"Socios Music, LLC",27,27,11,4495997,MX,Mexico,Q1,2025
28,spotify:track:5GTBdEjZe7zEDp1N0eCZE4,"Peso Pluma, Estevan Plazola",HOLLYWOOD,2024 Double P Records,16,29,29,4440067,MX,Mexico,Q1,2025
29,spotify:track:1Q9Efnm5csdCMFynISxL2x,"Bad Bunny, RaiNao",PERFuMITO NUEVO,Rimas Entertainment LLC.,29,-1,1,4309444,MX,Mexico,Q1,2025
30,spotify:track:41EOhpn50qvd8iZSKw531W,"Peso Pluma, Tito Double P",LOS CUADROS,2024 Double P Records,6,25,22,4248783,MX,Mexico,Q1,2025
31,spotify:track:1C84d9abZVKWHT2YYpoean,"Luis R Conriquez, Neton Vega",Si No Quieres No,Kartel Music,1,21,43,4188865,MX,Mexico,Q1,2025
32,spotify:track:7AysIqSEDiwP4CUsAXJwrk,"Tito Double P, Natanael Cano",PRIMO,2024 Double P Records,11,26,27,4148323,MX,Mexico,Q1,2025
33,spotify:track:7qXptgpZGo8AFPhJCBVLFE,"Tito Double P, Neton Vega",LINDA,2024 Double P Records,11,31,32,4142663,MX,Mexico,Q1,2025
34,spotify:track:6WatFBLVB0x077xWeoVc2k,KAROL G,Si Antes Te Hubiera Conocido,Bichota/Interscope Records,3,33,29,4070683,MX,Mexico,Q1,2025
35,spotify:track:4wJ5Qq0jBN4ajy7ouZIV1c,"ROSÉ, Bruno Mars",APT.,Atlantic Records,33,41,12,4010719,MX,Mexico,Q1,2025
36,spotify:track:2ss1LK5Kfnjo5EUaCbsgZM,"Clave Especial, Luis R Conriquez",NO SON DORITOS,WEA Latina,23,32,14,4005068,MX,Mexico,Q1,2025
37,spotify:track:5WEF0icHWmAZBBMglBd599,"Bad Bunny, Chuwi",WELTiTA,Rimas Entertainment LLC.,37,-1,1,3985622,MX,Mexico,Q1,2025
38,spotify:track:2plbrEY59IikOBgBGLjaoe,"Lady Gaga, Bruno Mars",Die With A Smile,Interscope,25,38,21,3982417,MX,Mexico,Q1,2025
39,spotify:track:7d6yK8v8J484SWH5prIQiE,"Bad Bunny, Omar Courtz, Dei V",VeLDÁ,Rimas Entertainment LLC.,39,-1,1,3964438,MX,Mexico,Q1,2025
40,spotify:track:5AH31dDNgxCMGDdxubNNn4,Fuerza Regida,NEL,Rancho Humilde/Street Mob Records,2,34,24,3936355,MX,Mexico,Q1,2025
41,spotify:track:6RcAHyC5sAUIbPTkhOQwd8,Junior H,Y LLORO,WEA Latina,5,24,66,3845976,MX,Mexico,Q1,2025
42,spotify:track:6J5kc12BW5HuP3d7C3vvx8,Bad Bunny,EoO,Rimas Entertainment LLC.,42,-1,1,3803728,MX,Mexico,Q1,2025
43,spotify:track:0O3U5iwTbiXCREMkvotJuN,"Grupo Frontera, Grupo Firme",EL AMOR DE SU VIDA,BorderTown Records,5,22,75,3778601,MX,Mexico,Q1,2025
44,spotify:track:1cZHUhGz7xJ8c4szDipipd,"Victor Mendivil, Oscar Maydon",Mejores Jordans,Rico o Muerto Music LLC,9,37,23,3694669,MX,Mexico,Q1,2025
45,spotify:track:4ZOkfHC38nxSeSqzGE5HFr,Junior H,PIÉNSALO,WEA Latina,9,36,28,3666031,MX,Mexico,Q1,2025
46,spotify:track:14QaXYIK3K3QPtezqxRRPN,Bad Bunny,PIToRRO DE COCO,Rimas Entertainment LLC.,46,89,2,3607714,MX,Mexico,Q1,2025
47,spotify:track:02cRoSfWU3RJNFyU3o4lhV,"Peso Pluma, Oscar Maydon",SANTAL 33,2024 Double P Records,8,35,29,3588854,MX,Mexico,Q1,2025
48,spotify:track:2CshODtf7iwe3pKlPmEWF5,Junior H,TRES BOTELLAS,WEA Latina,26,83,66,3586599,MX,Mexico,Q1,2025
49,spotify:track:1wsDxqEDpsvNCatbXHjOje,Tito Double P,BLANCA ROSITA Y MARIA,2024 Double P Records,20,39,16,3575580,MX,Mexico,Q1,2025
50,spotify:track:51qYdMBxt9mFbtZBzq1Yfi,Julión Álvarez y su Norteño Banda,Regalo De Dios,UMLE - Fonovisa,3,30,54,3514672,MX,Mexico,Q1,2025
1,spotify:track:4oB8Xd7gMlUEtWoD8bmCXW,"Neton Vega, Peso Pluma",Morena,Josa Records,1,2,8,12317729,MX,Mexico,Q2,2025
2,spotify:track:78HEzDEs1QUnHB2DbxgC1s,"Alemán, Neton Vega",Te Quería Ver,HOMEGROWN MAFIA S.A. DE C.V./Sony Music México-Latin,1,1,10,11804461,MX,Mexico,Q2,2025
3,spotify:track:3KgHiAVuP88QoQs9CO4z1P,Tito Double P,TATTOO,Double P Records,1,3,6,9646286,MX,Mexico,Q2,2025
4,spotify:track:5jHozZMWbrExAFni95mvvH,Fuerza Regida,Por Esos Ojos,Rancho Humilde/Street Mob Records/Sony Music Latin,3,4,9,9331116,MX,Mexico,Q2,2025
5,spotify:track:3t72JCbFJ3syOhFC7x9Pa4,Neton Vega,M&M,Josa Records,5,6,8,9270034,MX,Mexico,Q2,2025
6,spotify:track:5Z75FvRFiultmPFWHx5jQ7,"Gabito Ballesteros, Tito Double P",7 DIAS,Los CT Records,1,5,10,8585323,MX,Mexico,Q2,2025
7,spotify:track:4eLDmhsJW3JoZTXCAozHor,Neton Vega,Loco,Josa Records,1,7,16,8196553,MX,Mexico,Q2,2025
8,spotify:track:7hNgSEQ4Ho7kWBA2rKpDd9,"Oscar Maydon, Neton Vega",Amigos? No.,Rancho Humilde/Sony Music Latin,8,8,5,7758327,MX,Mexico,Q2,2025
9,spotify:track:4N1dogCaVWnGyFdPjdqNWF,"Clave Especial, Fuerza Regida",COMO CAPO,WEA Latina,9,15,7,7247351,MX,Mexico,Q2,2025
10,spotify:track:5LHPcY9yd0hWVFIW4yfOCJ,"Chuyin, Fuerza Regida, Jorsshh, Calle 24",Pika Pika,Street Mob Records,6,9,14,6964542,MX,Mexico,Q2,2025
11,spotify:track:5HZBdV5AwSvKdHFOYbXYD7,"Los Dareyes De La Sierra, Tito Double P",Vita Fer,Double P Records,11,100,2,6650069,MX,Mexico,Q2,2025
12,spotify:track:3D24ErT1MMmUfXWotSj2A2,"Fuerza Regida, Grupo Frontera",ME JALO,Rancho Humilde/Streetmob Records/Grupo Frontera/Sony Music Latin,5,11,16,6545339,MX,Mexico,Q2,2025
13,spotify:track:6v5qt5KPQHJt5ckWuhDGtM,"Victor Valverde, JR Torres",El Mayor De Los Ranas,Vim Music,9,10,22,6369782,MX,Mexico,Q2,2025
14,spotify:track:7sd6zMrgGpEa7NkQm9TRrg,Tito Double P,NADIE,Double P Records,2,13,20,6279366,MX,Mexico,Q2,2025
15,spotify:track:0LTwdL5yZ6YOTEGUQPFuSN,Tito Double P,ROSONES,Double P Records,1,12,18,6015504,MX,Mexico,Q2,2025
16,spotify:track:6uroNiDEDd0xFLiri0aQNk,Esau Ortiz,Triple Lavada,ESAU ORTIZ AZUARA/Sony Music Latin,16,-1,1,5772125,MX,Mexico,Q2,2025
17,spotify:track:5lKFO0PrOC9jmOlPEdjHsL,"Tito Double P, Peso Pluma",DOS DÍAS,2024 Double P Records,2,14,33,5544562,MX,Mexico,Q2,2025
18,spotify:track:2SkB7jADnfiWH8qAE9H8cO,"Xavi, Manuel Turizo",En Privado,Interscope Records,17,17,9,5518465,MX,Mexico,Q2,2025
19,spotify:track:7mEPibyVIOAjjHcSD0K0vn,"Grupo Marca Registrada, Victor Valverde",El Mayor de los Ranas (En Vivo),"RB Music, Inc. (RB Music/Grupo Marca Registrada)",19,21,6,5468593,MX,Mexico,Q2,2025
20,spotify:track:07bruo5RoHasGqnun1Z31S,"Neton Vega, Tito Double P",Chiquita,Josa Records,20,24,8,5422196,MX,Mexico,Q2,2025
21,spotify:track:1cOboCuWYI2osTOfolMRS6,"Oscar Maydon, Fuerza Regida",Tu Boda,Rancho Humilde/Sony Music Latin,1,20,28,5181833,MX,Mexico,Q2,2025
22,spotify:track:3sK8wGT43QFpWrvNQsrQya,Bad Bunny,DtMF,Rimas Entertainment LLC.,1,16,14,5178780,MX,Mexico,Q2,2025
23,spotify:track:4OLT65TRsOx3Iv1TlCcQVb,"Gabito Ballesteros, Natanael Cano, Luis R Conriquez, Neton Vega",PRESIDENTE,Los CT Records,2,18,25,4909812,MX,Mexico,Q2,2025
24,spotify:track:0DMJz677XfXiiruhIELu2e,"Jombriel, DFZM, Jøtta",VITAMINA,WEA Latina,24,32,6,4908550,MX,Mexico,Q2,2025
25,spotify:track:2Vw8vOliCmBOAys8Q2xzJZ,Neton Vega,Mi Vida Mi Muerte,Josa Records,14,19,11,4835303,MX,Mexico,Q2,2025
26,spotify:track:2lTm559tuIvatlT1u0JYG2,Bad Bunny,BAILE INoLVIDABLE,Rimas Entertainment LLC.,5,22,14,4831776,MX,Mexico,Q2,2025
27,spotify:track:5GIrmSQBxO9LTunilbwMWw,Victor Mendivil,Ráfagas al Viento,Rico o Muerto Music LLC,20,30,6,4793617,MX,Mexico,Q2,2025
28,spotify:track:3IEvQ1CzszUJtTRLmmMJ2X,"Tito Double P, Junior H",5-7,2024 Double P Records,10,28,33,4391616,MX,Mexico,Q2,2025
29,spotify:track:0L5gbpFGU06vqSHacOxgka,"Clave Especial, Edgardo Nuñez",TU TU TU,WEA Latina,29,43,3,4368518,MX,Mexico,Q2,2025
30,spotify:track:6J5kc12BW5HuP3d7C3vvx8,Bad Bunny,EoO,Rimas Entertainment LLC.,12,27,14,4262256,MX,Mexico,Q2,2025
31,spotify:track:43558Td2trz7O0chZYohEE,"Natanael Cano, Nueva H",Amapola,WEA Latina,8,23,18,4259329,MX,Mexico,Q2,2025
32,spotify:track:6ciaJyxPG3OueX32rd57jA,"RØZ, Yng Lvcas",flashes,Atlantic Records,29,29,13,4149909,MX,Mexico,Q2,2025
33,spotify:track:6X6m4xmdFcz31p1h7Qg68c,Tito Double P,EL LOKERON,2024 Double P Records,1,31,33,4119520,MX,Mexico,Q2,2025
34,spotify:track:1PREzVLuDT6PSE9sej4wnV,"Fuerza Regida, Grupo Frontera",COQUETA,Rancho Humilde/Streetmob Records/Grupo Frontera/Sony Music Latin,34,36,16,4050549,MX,Mexico,Q2,2025
35,spotify:track:5LhI8m7n8xlQmNe3b7Rwis,"Natanael Cano, Oscar Maydon",Madonna,WEA Latina,1,34,57,3986298,MX,Mexico,Q2,2025
36,spotify:track:3KTuR5TklU3D3BiBQkWEpI,Peso Pluma,RARI,Double P Records,16,25,4,3962750,MX,Mexico,Q2,2025
37,spotify:track:5GTBdEjZe7zEDp1N0eCZE4,"Peso Pluma, Estevan Plazola",HOLLYWOOD,2024 Double P Records,16,35,42,3960787,MX,Mexico,Q2,2025
38,spotify:track:4JLZyyWuvvse6xKiZqRdau,"Neton Vega, JR",Todo a Su Tiempo,Josa Records,23,26,17,3902623,MX,Mexico,Q2,2025
39,spotify:track:7qXptgpZGo8AFPhJCBVLFE,"Tito Double P, Neton Vega",LINDA,2024 Double P Records,11,33,45,3708250,MX,Mexico,Q2,2025
40,spotify:track:1V14rt4SEpMU1wCdmGz6eB,"Neton Vega, Alemán, Victor Mendivil",Me Ha Costado,Josa Records,23,38,8,3629228,MX,Mexico,Q2,2025
41,spotify:track:4e76Ss3ji7HQZ4qwcPNkNA,Junior H,MIENTRAS DUERMES,WEA Latina,35,37,22,3508624,MX,Mexico,Q2,2025
42,spotify:track:4ZOkfHC38nxSeSqzGE5HFr,Junior H,PIÉNSALO,WEA Latina,9,47,41,3378392,MX,Mexico,Q2,2025
43,spotify:track:7kS8h635mshrSVF8qiJfSN,"Grupo Maximo Grado, Junior H",El Hombre del Equipo,WM Mexico,43,52,2,3277917,MX,Mexico,Q2,2025
44,spotify:track:6HrALJOMsfPCCbUo5cJCON,"Tito Double P, Chino Pacas",ESCAPATE,2024 Double P Records,3,41,33,3258277,MX,Mexico,Q2,2025
45,spotify:track:2lAUq68F2bt7Kc218n9FPp,"Tito Double P, Grupo Frontera",AY MAMÁ,2024 Double P Records,7,42,33,3248796,MX,Mexico,Q2,2025
46,spotify:track:6RcAHyC5sAUIbPTkhOQwd8,Junior H,Y LLORO,WEA Latina,5,50,79,3244109,MX,Mexico,Q2,2025
47,spotify:track:2aYZaN5SmkRDLsrrV8GkBQ,"Peso Pluma, Neton Vega",LA PATRULLA,2024 Double P Records,1,49,42,3208189,MX,Mexico,Q2,2025
48,spotify:track:44tGQHHdm4JhCbMugPr2Vd,Neton Vega,3,Josa Records,46,46,8,3181709,MX,Mexico,Q2,2025
49,spotify:track:4dF08DjAjgactxNnsjRod6,"Luis R Conriquez, Peso Pluma",Bandida,Kartel Music,11,45,12,2995101,MX,Mexico,Q2,2025
50,spotify:track:6WatFBLVB0x077xWeoVc2k,KAROL G,Si Antes Te Hubiera Conocido,Bichota/Interscope Records,3,51,42,2982778,MX,Mexico,Q2,2025
1,spotify:track:6eLQXa6uk2EW8drsiKbABZ,Fuerza Regida,TU SANCHO,Rancho Humilde/Street Mob Records/Sony Music Latin,1,1,10,10994846,MX,Mexico,Q3,2025
2,spotify:track:3hpm0fTeSqlhJbnqAgaLZs,Fuerza Regida,Marlboro Rojo,Rancho Humilde/Street Mob Records/Sony Music Latin,1,2,10,9983581,MX,Mexico,Q3,2025
3,spotify:track:0N6h5RnzCNJG3JfROXQIMQ,"Natanael Cano, Gabito Ballesteros",Perlas Negras,WEA Latina,3,65,2,9301999,MX,Mexico,Q3,2025
4,spotify:track:56bPsRfOKla3bGGmVz1uk4,Los Dareyes De La Sierra,Frecuencia,Double P Records,3,3,4,9050179,MX,Mexico,Q3,2025
5,spotify:track:7585wxMp2e3IhBq3tJAXgw,Calle 24,SUIZA,WEA Latina,4,5,11,8797609,MX,Mexico,Q3,2025
6,spotify:track:2qo9LSOvqq5yFxETD8XMaj,Tito Double P,CORAZÓN PARTÍO,Double P Records,6,59,2,8209888,MX,Mexico,Q3,2025
7,spotify:track:4oB8Xd7gMlUEtWoD8bmCXW,"Neton Vega, Peso Pluma",Morena,Josa Records,1,4,21,7990235,MX,Mexico,Q3,2025
8,spotify:track:3BZUM1xojiL3TvRo3T50R9,Natanael Cano,Blancanieves,WEA Latina,6,6,3,7810625,MX,Mexico,Q3,2025
9,spotify:track:2JPctdUgvkQSpnUdfROxvY,"Alemán, Neton Vega",Te Quería Ver,HOMEGROWN MAFIA S.A. DE C.V./Sony Music México-Latin,1,11,23,7139427,MX,Mexico,Q3,2025
10,spotify:track:2GP6UzoA55p6yYiPCGyEhg,"Omar Camacho, Victor Mendivil",2+2,Rico o Muerto Music LLC,10,18,2,6726439,MX,Mexico,Q3,2025
11,spotify:track:5lCk0ZeN8h76QxNqHEGMZJ,Cris MJ,Vamo a Bailotear,Sonar LLC.,11,53,2,6713603,MX,Mexico,Q3,2025
12,spotify:track:3jS9G4KmuOwuawj3k4Smpc,"Los Dareyes De La Sierra, Tito Double P",Vita Fer,Double P Records,2,7,15,5899617,MX,Mexico,Q3,2025
13,spotify:track:1a7onn7lPqqRWul5ogyMyX,Fuerza Regida,ANSIEDAD,Rancho Humilde/Street Mob Records/Sony Music Latin,7,8,10,5716093,MX,Mexico,Q3,2025
14,spotify:track:41wEwoDCdrSPBHYJShUi8t,Jasiel Nuñez,Formula One,Double P Records,14,39,2,5460013,MX,Mexico,Q3,2025
15,spotify:track:4LDd2UU8XdtJRrIyPvR9vW,Alan Arrieta,Ay Mamita,Alan Arrieta/Del Norte Music,7,10,7,5360209,MX,Mexico,Q3,2025
16,spotify:track:2JlGo3jir6d0JLeYDvyPgh,Natanael Cano,Como Es,WEA Latina,16,82,2,5310509,MX,Mexico,Q3,2025
17,spotify:track:77pDO4WZPIdkwFve0iHWnb,Fuerza Regida,Por Esos Ojos,Rancho Humilde/Street Mob Records/Sony Music Latin,3,12,22,5148664,MX,Mexico,Q3,2025
18,spotify:track:5MBAaEt7s8El3WWhYinLzv,"Oscar Maydon, Neton Vega",Amigos? No.,Rancho Humilde/Sony Music Latin,4,13,18,4949310,MX,Mexico,Q3,2025
19,spotify:track:27aWzQn0uCuEwHkNlKi1jP,"Oscar Maydon, Peso Pluma",Asquerosamente Rico,Rancho Humilde/Sony Music Latin,4,9,5,4794249,MX,Mexico,Q3,2025
20,spotify:track:0TOQQZVCZdMFMxzHT6WEtD,"Marcos Villalobos, Alan Arrieta",La Pantera,Gheef,14,16,13,4742034,MX,Mexico,Q3,2025
21,spotify:track:07bruo5RoHasGqnun1Z31S,"Neton Vega, Tito Double P",Chiquita,Josa Records,15,15,21,4606396,MX,Mexico,Q3,2025
22,spotify:track:3KgHiAVuP88QoQs9CO4z1P,Tito Double P,TATTOO,Double P Records,1,20,19,4558252,MX,Mexico,Q3,2025
23,spotify:track:44xDy4h27s4ENaC8fKnCoC,"El Bogueto, Yung Beef",Cuando No Era Cantante,Candela Music,19,19,28,4523580,MX,Mexico,Q3,2025
24,spotify:track:4N1dogCaVWnGyFdPjdqNWF,"Clave Especial, Fuerza Regida",COMO CAPO,WEA Latina,5,14,20,4455399,MX,Mexico,Q3,2025
25,spotify:track:3ddJ8Vbc5tYPxq5zKRVke6,"KAROL G, Marco Antonio Solís",Coleccionando Heridas,Bichota/Interscope Records,25,25,3,4385079,MX,Mexico,Q3,2025
26,spotify:track:0L5gbpFGU06vqSHacOxgka,"Clave Especial, Edgardo Nuñez",TU TU TU,WEA Latina,4,17,16,4351560,MX,Mexico,Q3,2025
27,spotify:track:3t72JCbFJ3syOhFC7x9Pa4,Neton Vega,M&M,Josa Records,5,21,21,4276302,MX,Mexico,Q3,2025
28,spotify:track:6Y9DeC4Z9R9scRPg7r11pl,Natanael Cano,Porque La Demora,WEA Latina,23,23,2,4236470,MX,Mexico,Q3,2025
29,spotify:track:6uroNiDEDd0xFLiri0aQNk,Esau Ortiz,Triple Lavada,ESAU ORTIZ AZUARA/Sony Music Latin,3,22,14,4022012,MX,Mexico,Q3,2025
30,spotify:track:1PREzVLuDT6PSE9sej4wnV,"Fuerza Regida, Grupo Frontera",COQUETA,Rancho Humilde/Streetmob Records/Grupo Frontera/Sony Music Latin,15,26,29,3880654,MX,Mexico,Q3,2025
31,spotify:track:4eLDmhsJW3JoZTXCAozHor,Neton Vega,Loco,Josa Records,1,24,29,3700838,MX,Mexico,Q3,2025
32,spotify:track:2HjRqfkjGe33JGlOdTtswE,"8Uno, Airam Paez",Pelotero A La Bola,WM Mexico,32,49,5,3679370,MX,Mexico,Q3,2025
33,spotify:track:3D24ErT1MMmUfXWotSj2A2,"Fuerza Regida, Grupo Frontera",ME JALO,Rancho Humilde/Streetmob Records/Grupo Frontera/Sony Music Latin,5,29,29,3506708,MX,Mexico,Q3,2025
34,spotify:track:0An16OW2kcW8h9ij5cyM9a,Natanael Cano,Polos Opuestos,WEA Latina,34,192,2,3487992,MX,Mexico,Q3,2025
35,spotify:track:6X3h549Z7LJk881NPI5kTa,"Gabito Ballesteros, Tito Double P",7 DÍAS,Los CT Records,1,28,23,3478477,MX,Mexico,Q3,2025
36,spotify:track:5LHPcY9yd0hWVFIW4yfOCJ,"Chuyin, Fuerza Regida, Jorsshh, Calle 24",Pika Pika,Street Mob Records,6,27,27,3460876,MX,Mexico,Q3,2025
37,spotify:track:5mp6OBKCAjN4UYRvhOuUze,"Oscar Maydon, Fuerza Regida",Tu Boda,Rancho Humilde/Sony Music Latin,1,30,41,3460772,MX,Mexico,Q3,2025
38,spotify:track:5lKFO0PrOC9jmOlPEdjHsL,"Tito Double P, Peso Pluma",DOS DÍAS,2024 Double P Records,2,33,46,3350264,MX,Mexico,Q3,2025
39,spotify:track:5GTBdEjZe7zEDp1N0eCZE4,"Peso Pluma, Estevan Plazola",HOLLYWOOD,2024 Double P Records,16,37,55,3229528,MX,Mexico,Q3,2025
40,spotify:track:116NyTQvOVrcAWLrGwTiSA,Ian Cordova,Linda Mujer,Lucky Music Group,18,34,10,3159876,MX,Mexico,Q3,2025
41,spotify:track:0mfemgLsr0ucLSOBOc4xJ0,Tito Double P,CHAMPAGNE,Double P Records,4,35,8,3116180,MX,Mexico,Q3,2025
42,spotify:track:4tSrGUb119Qx4sAZBzfFgd,"Natanael Cano, Victor Mendivil",Bellakita,WEA Latina,42,120,2,3097882,MX,Mexico,Q3,2025
43,spotify:track:6WbkWq6e8KuD6k26L1yePw,"Chuy Montana, Juanpa Salazar",Perdon Mama,Streetmob Records,43,137,2,3097557,MX,Mexico,Q3,2025
44,spotify:track:7DkOpEOBOwHg6VBj4blikS,"Esau Ortiz, Luis R Conriquez, Oscar Maydon, Alemán, Victor Mendivil",Triple Lavada (feat. Victor Mendivil) - Remix,ESAU ORTIZ AZUARA/Sony Music Latin,6,32,6,3081251,MX,Mexico,Q3,2025
45,spotify:track:4OLT65TRsOx3Iv1TlCcQVb,"Gabito Ballesteros, Natanael Cano, Luis R Conriquez, Neton Vega",PRESIDENTE,Los CT Records,2,36,38,3067048,MX,Mexico,Q3,2025
46,spotify:track:2lTm559tuIvatlT1u0JYG2,Bad Bunny,BAILE INoLVIDABLE,Rimas Entertainment LLC.,5,41,27,3030453,MX,Mexico,Q3,2025
47,spotify:track:0lTAedtZ55pf7wFrcDEPM0,"Mentiras: La Serie, Mariana Treviño",Pobre Secretaria,WM Mexico,43,43,3,2968077,MX,Mexico,Q3,2025
48,spotify:track:3sK8wGT43QFpWrvNQsrQya,Bad Bunny,DtMF,Rimas Entertainment LLC.,1,44,27,2858625,MX,Mexico,Q3,2025
49,spotify:track:7sd6zMrgGpEa7NkQm9TRrg,Tito Double P,NADIE,Double P Records,2,45,33,2833734,MX,Mexico,Q3,2025
50,spotify:track:6v5qt5KPQHJt5ckWuhDGtM,"Victor Valverde, JR Torres",El Mayor De Los Ranas,Vim Music,9,42,35,2772439,MX,Mexico,Q3,2025
1,spotify:track:2GP6UzoA55p6yYiPCGyEhg,"Omar Camacho, Victor Mendivil",2+2,Rico o Muerto Music LLC,1,1,15,8587317,MX,Mexico,Q4,2025
2,spotify:track:0ejwu6GH5TeXx82YvO6XSN,Victor Mendivil,Orula,Rico o Muerto by Baja Sound LLC,2,-1,1,8027528,MX,Mexico,Q4,2025
3,spotify:track:3hpm0fTeSqlhJbnqAgaLZs,Fuerza Regida,Marlboro Rojo,Rancho Humilde/Street Mob Records/Sony Music Latin,1,2,23,7613208,MX,Mexico,Q4,2025
4,spotify:track:0N6h5RnzCNJG3JfROXQIMQ,"Natanael Cano, Gabito Ballesteros",Perlas Negras,WEA Latina,1,3,15,7334450,MX,Mexico,Q4,2025
5,spotify:track:6eLQXa6uk2EW8drsiKbABZ,Fuerza Regida,TU SANCHO,Rancho Humilde/Street Mob Records/Sony Music Latin,1,4,23,6876782,MX,Mexico,Q4,2025
6,spotify:track:1eunv1DeEi29UfAcVEoLTt,Tito Double P,POR SUS BESOS,Double P Records,1,5,13,6431709,MX,Mexico,Q4,2025
7,spotify:track:2AWY8422GKdGpGw6ejB1Ys,"Luis R Conriquez, Fuerza Regida, Neton Vega",Chula Vente,K Music/Sony Music Latin,2,7,11,6033504,MX,Mexico,Q4,2025
8,spotify:track:7585wxMp2e3IhBq3tJAXgw,Calle 24,SUIZA,WEA Latina,4,6,24,5983522,MX,Mexico,Q4,2025
9,spotify:track:44xDy4h27s4ENaC8fKnCoC,"El Bogueto, Yung Beef",Cuando No Era Cantante,Candela Music,9,10,41,5684008,MX,Mexico,Q4,2025
10,spotify:track:4e76Ss3ji7HQZ4qwcPNkNA,Junior H,MIENTRAS DUERMES,WEA Latina,10,12,48,5477447,MX,Mexico,Q4,2025
11,spotify:track:1a7onn7lPqqRWul5ogyMyX,Fuerza Regida,ANSIEDAD,Rancho Humilde/Street Mob Records/Sony Music Latin,7,8,23,5462203,MX,Mexico,Q4,2025
12,spotify:track:1dosSsKwYF7hoQA2kuu6wI,Taylor Swift,The Fate of Ophelia,Taylor Swift,12,-1,1,5442402,MX,Mexico,Q4,2025
13,spotify:track:56bPsRfOKla3bGGmVz1uk4,Los Dareyes De La Sierra,Frecuencia,Double P Records,3,9,17,5358794,MX,Mexico,Q4,2025
14,spotify:track:3QJXJACwdZ3EaIqdF5ZiXh,"Victor Mendivil, Neton Vega",King of Watches,Rico o Muerto Music LLC,12,13,11,5137011,MX,Mexico,Q4,2025
15,spotify:track:5mp6OBKCAjN4UYRvhOuUze,"Oscar Maydon, Fuerza Regida",Tu Boda,Rancho Humilde/Sony Music Latin,1,18,54,4643593,MX,Mexico,Q4,2025
16,spotify:track:6xiQzVWczksJRBVbMDkV6A,"Omar Camacho, Oscar Maydon",La Ciudad del Sol,Rico o Muerto by Baja Sound LLC,16,19,7,4636218,MX,Mexico,Q4,2025
17,spotify:track:3IcaWsnVb6NOsjtcuedsM8,"Xavi, Grupo Frontera",No Capea,Interscope Records,17,21,5,4351593,MX,Mexico,Q4,2025
18,spotify:track:3BZUM1xojiL3TvRo3T50R9,Natanael Cano,Blancanieves,WEA Latina,6,15,16,4246157,MX,Mexico,Q4,2025
19,spotify:track:2SkB7jADnfiWH8qAE9H8cO,"Xavi, Manuel Turizo",En Privado,Interscope Records,14,20,35,4219444,MX,Mexico,Q4,2025
20,spotify:track:1lqSiPVISxVO0MC3b4l9ce,"Victor Mendivil, $HUPE",PLAK,Rico o Muerto Music LLC,17,23,11,4199238,MX,Mexico,Q4,2025
21,spotify:track:4oB8Xd7gMlUEtWoD8bmCXW,"Neton Vega, Peso Pluma",Morena,Josa Records,1,11,34,4104972,MX,Mexico,Q4,2025
22,spotify:track:3sWuSJYhVQTIMkTfgwPgVR,Tito Double P,CRIPTONITA,Double P Records,22,35,2,4084147,MX,Mexico,Q4,2025
23,spotify:track:0uQhDYHyoZe5DpncrPolb6,Junior H,LAS NOCHES,WEA Latina,23,42,18,4043628,MX,Mexico,Q4,2025
24,spotify:track:6RcAHyC5sAUIbPTkhOQwd8,Junior H,Y LLORO,WEA Latina,5,22,105,4005844,MX,Mexico,Q4,2025
25,spotify:track:5xAikCeFXqHpVUuRKxBg4V,"Xavi, Gabito Ballesteros",Cartier,Interscope Records,25,-1,1,3908355,MX,Mexico,Q4,2025
26,spotify:track:31REg67eoHJSvMLUcEmGNj,La Arrolladora Banda El Limón De Rene Camacho,El Final De Nuestra Historia,Universal Music Mexico,16,16,121,3858205,MX,Mexico,Q4,2025
27,spotify:track:67osB3wmJVTFzKhWqPb1Hm,Taylor Swift,Opalite,Taylor Swift,27,-1,1,3810217,MX,Mexico,Q4,2025
28,spotify:track:72aGCwuSwD5Qb3tHvXBoX3,"Easykid, Dysbit",Shiny,Easykid,17,17,4,3795188,MX,Mexico,Q4,2025
29,spotify:track:1PREzVLuDT6PSE9sej4wnV,"Fuerza Regida, Grupo Frontera",COQUETA,Rancho Humilde/Streetmob Records/Grupo Frontera/Sony Music Latin,15,24,42,3702705,MX,Mexico,Q4,2025
30,spotify:track:4ZOkfHC38nxSeSqzGE5HFr,Junior H,PIÉNSALO,WEA Latina,9,28,67,3632417,MX,Mexico,Q4,2025
31,spotify:track:6RYsDCdeXeWK2bsCtYXLgy,"Victor Mendivil, Oscar Maydon",Mejores Jordans 2,Rico o Muerto by Baja Sound LLC,14,14,3,3588747,MX,Mexico,Q4,2025
32,spotify:track:4B3cGux5Dy2VRYUbsqDj4M,"Jimmy Guzman, Omar Camacho",3 AM,Lumbre Music,20,26,10,3516936,MX,Mexico,Q4,2025
33,spotify:track:6uiQ0DqbXTBc8tl0AUKZkR,Rels B,TU VAS SIN (fav),DALE PLAY Records / Flakk Team,10,25,14,3508401,MX,Mexico,Q4,2025
34,spotify:track:6KslzTHpbnoFGcRUkVgRXc,"Banda MS de Sergio Lizárraga, Fuerza Regida",Seguro Le Dolió,Lizos Music,27,27,3,3494649,MX,Mexico,Q4,2025
35,spotify:track:2XQnrr8gsvuGcJmPfk18iE,"Victor Mendivil, Oscar Maydon",Me Paseo,Rico o Muerto Music LLC,30,33,11,3492877,MX,Mexico,Q4,2025
36,spotify:track:3jS9G4KmuOwuawj3k4Smpc,"Los Dareyes De La Sierra, Tito Double P",Vita Fer,Double P Records,2,29,28,3445286,MX,Mexico,Q4,2025
37,spotify:track:0l0vcZMU7AOeQmUIREoI2U,"Rauw Alejandro, Bad Bunny",Qué Pasaría...,Sony Music Latin/Duars Entertainment,9,32,47,3413841,MX,Mexico,Q4,2025
38,spotify:track:5MBAaEt7s8El3WWhYinLzv,"Oscar Maydon, Neton Vega",Amigos? No.,Rancho Humilde/Sony Music Latin,4,45,31,3347002,MX,Mexico,Q4,2025
39,spotify:track:77pDO4WZPIdkwFve0iHWnb,Fuerza Regida,Por Esos Ojos,Rancho Humilde/Street Mob Records/Sony Music Latin,3,30,35,3335551,MX,Mexico,Q4,2025
40,spotify:track:24teIhDYO2RocTA2v5dY0r,Junior H,Extssy Model,WEA Latina,23,40,156,3309857,MX,Mexico,Q4,2025
41,spotify:track:5lKFO0PrOC9jmOlPEdjHsL,"Tito Double P, Peso Pluma",DOS DÍAS,2024 Double P Records,2,34,59,3268764,MX,Mexico,Q4,2025
42,spotify:track:3qdeRGn9erK9sjs1kUtBys,Fuerza Regida,CHAVALITAS,Rancho Humilde/Street Mob Records/Sony Music Latin,41,41,17,3261155,MX,Mexico,Q4,2025
43,spotify:track:5CE77TLqLjOQ2qgAobzPds,Victor Mendivil,GOET,Rico o Muerto Music LLC,42,46,69,3256586,MX,Mexico,Q4,2025
44,spotify:track:7x817ULPS5pcukCERAzUPh,"Oscar Maydon, Victor Mendivil",ZAZA,Rancho Humilde/Sony Music Latin,31,36,18,3227195,MX,Mexico,Q4,2025
45,spotify:track:6rLuprn1IerY7zUfY8T0vn,"Omar Camacho, Angel Almaguer",Tusinelli,Rico o Muerto by Baja Sound LLC,45,84,2,3194482,MX,Mexico,Q4,2025
46,spotify:track:2mdrVnxEnPR6iFijakkxQS,"Young Cister, Kreamly",QLOO*,Sony Music Entertainment Chile S.A,23,31,10,3032712,MX,Mexico,Q4,2025
47,spotify:track:3IEvQ1CzszUJtTRLmmMJ2X,"Tito Double P, Junior H",5-7,2024 Double P Records,10,47,59,3030808,MX,Mexico,Q4,2025
48,spotify:track:3KgHiAVuP88QoQs9CO4z1P,Tito Double P,TATTOO,Double P Records,1,44,32,2986667,MX,Mexico,Q4,2025
49,spotify:track:1MPs1qa830QkHuyAOnaRqe,Chino Pacas,OJITOS MENTIROSOS,Streetmob Records,3,39,9,2974462,MX,Mexico,Q4,2025
50,spotify:track:4BhC4JAAAkI5VV5KEMVP6k,Tombochio,Vice City,Rancho Humilde/ DKid Records,50,74,2,2968876,MX,Mexico,Q4,2025
1,spotify:track:1rDAxzBd3KhzIAZyTZylmX,Fido,Joy is Coming,Oosha Records Ltd / EMPIRE,1,1,4,3206489,NG,Nigeria,Q1,2025
2,spotify:track:5gmG0qTseSvG2gdMfOId3L,"Davido, ODUMODUBLVCK, Chike",Funds (feat. ODUMODUBLVCK & Chike),Columbia,1,2,5,1391451,NG,Nigeria,Q1,2025
3,spotify:track:1136eJrkWsDvReASbjLTaU,Fido,Awolowo,Heatwave Records,1,4,21,1173585,NG,Nigeria,Q1,2025
4,spotify:track:6JvWMLscnWYkgX1zPufIGT,Wizkid,Kese (Dance),Starboy/RCA Records,1,3,9,1135969,NG,Nigeria,Q1,2025
5,spotify:track:3H2bLX6U4kNuv04iTkCrSp,"Kvng Vinci, Zerrydl",HAUSAPIANO - Remix,Heatwave Records,5,6,10,1099045,NG,Nigeria,Q1,2025
6,spotify:track:10y7iW3rc8bzGbhAC3mNPA,Ayo Maff,Are you there?,AYO MAFF,3,7,21,953884,NG,Nigeria,Q1,2025
7,spotify:track:2gtg4jTNUqC4akFqWZZXcV,Burna Boy,Bundle By Bundle,Spaceship/ Bad Habit/Atlantic Records,4,5,4,889790,NG,Nigeria,Q1,2025
8,spotify:track:5Wxkvvb6pLky16pwq4gBI3,"Ayo Maff, Fireboy DML",Dealer,Tunesbid / Ocean street,1,8,39,877214,NG,Nigeria,Q1,2025
9,spotify:track:6XBIOtdSL47qn201KKNCA0,"Smur Lee, ODUMODUBLVCK, Shallipopi",JUJU (feat. Shallipopi),NATIVE Records,1,9,20,829464,NG,Nigeria,Q1,2025
10,spotify:track:2j8n2hpZlEMvtrjJ7n0ZIy,"Wizkid, Asake",Bad Girl (feat. Asake),Starboy/RCA Records,1,10,8,825176,NG,Nigeria,Q1,2025
11,spotify:track:4KZMoDuxwSYP63bhbnMqe3,Young Jonn,Stronger,Chocolate City Music,3,13,32,814818,NG,Nigeria,Q1,2025
12,spotify:track:6ovxhOjCU6SzPLtfNnzVQk,"Shoday, Ayo Maff",Casablanca (feat. Ayo Maff),5K Records Limited,10,18,11,806013,NG,Nigeria,Q1,2025
13,spotify:track:3ZR7IlqBPK8TrJyZYfFX9L,"FOLA, Bella Shmurda",who does that? (feat. Bella Shmurda),Dangbana Republik Records / EMPIRE,11,15,5,805422,NG,Nigeria,Q1,2025
14,spotify:track:771KDfpsOtJPQmocQpMdkR,"BNXN, Rema",Fi Kan We Kan,T.Y.E. / EMPIRE,2,14,13,762540,NG,Nigeria,Q1,2025
15,spotify:track:20l4NPs2c9OBKBKUKRjxIy,Monaky,Chandelier,TKM Entertainment,15,20,7,760018,NG,Nigeria,Q1,2025
16,spotify:track:2pNjk1fIZTMtj8ry6SdEmB,"Faceless, Serøtonin",Venus,2024 Faceless/LVRN Records (Love Renaissance),16,17,6,743391,NG,Nigeria,Q1,2025
17,spotify:track:2qdwZPTNCHb8DXfQin53WK,Zerrydl,Back to Back,Dvpper Digital,4,12,17,720510,NG,Nigeria,Q1,2025
18,spotify:track:6e0YUaVAfDxUabmybOjguy,"Davido, YG Marley",Awuke,Columbia,1,11,11,688629,NG,Nigeria,Q1,2025
19,spotify:track:3MldGIMtPcupNBI4Dnxolr,"Hyce, BoyPee, Brown Joel",Constantly,Azuri,7,16,19,663359,NG,Nigeria,Q1,2025
20,spotify:track:0Q1bMs3xLQiDEeaneehdxv,Asake,Remember,YBNL Nation / EMPIRE,12,19,82,606769,NG,Nigeria,Q1,2025
21,spotify:track:1edi2KPh2oghMy8ExJiFBN,Llona,Can't Breathe,Encore Recordings,21,22,24,596705,NG,Nigeria,Q1,2025
22,spotify:track:6slrSrrOXJGgUcDFjmNP3T,Naira Marley,Pxy Drip,North West Sound Recordings,22,33,4,576947,NG,Nigeria,Q1,2025
23,spotify:track:13VXuHw3O8Yt7VwRIDqSo4,"Asake, Wizkid",MMS,YBNL Nation / EMPIRE,1,27,23,576373,NG,Nigeria,Q1,2025
24,spotify:track:5hphSVebVxTpDfrk09W0hS,Seyi Vibez,Doha,Dvpper Digital,5,25,26,553892,NG,Nigeria,Q1,2025
25,spotify:track:7Ijsqi4y74qZB04PaxnYBq,"Wizkid, Brent Faiyaz",Piece of My Heart (feat. Brent Faiyaz),Starboy/RCA Records,1,23,13,549997,NG,Nigeria,Q1,2025
26,spotify:track:4i3wDQa5VBDPUiREGaS44Z,T.I BLAZE,Beamer,Dvpper Digital,21,28,7,546155,NG,Nigeria,Q1,2025
27,spotify:track:40t1l3IPtEIjlhAUPxn7jd,"Ruger, Tiwa Savage",Toma Toma,Promised Land Recordings,11,29,8,514382,NG,Nigeria,Q1,2025
28,spotify:track:2hZttcpkiVBA6thTLFDaS9,Wizkid,A Million Blessings,Starboy/RCA Records,5,26,7,512128,NG,Nigeria,Q1,2025
29,spotify:track:6yIEi8mvrYSi2IgPhQ5Ym9,Wizkid,Troubled Mind,Starboy/RCA Records,3,21,8,504666,NG,Nigeria,Q1,2025
30,spotify:track:1uBZovogMw6DSL2DkNOwnX,"Bayanni, Zerrydl",For Where?,Mavin Global Holdings Ltd,30,31,6,504621,NG,Nigeria,Q1,2025
31,spotify:track:2GSK9VfsKWpVOV6ZzKiMA4,"FOLA, BNXN",alone - Remix,Dangbana Republik Records,7,24,14,492001,NG,Nigeria,Q1,2025
32,spotify:track:46oyXrPbCSbk0TLJ1f7w6K,Seyi Vibez,Different Pattern,Dvpper Digital,1,35,57,470504,NG,Nigeria,Q1,2025
33,spotify:track:2irQkcW7o3v0tZoGZrtUsO,"Darkoo, Rema",Favourite Girl (with Rema),Darkoo LTD under exclusive licence to Black Pearl,3,37,22,459500,NG,Nigeria,Q1,2025
34,spotify:track:7fA7mrYaXVDVVGCAV65NRN,Burna Boy,Higher,Spaceship/ Bad Habit/Atlantic Records,1,30,28,458449,NG,Nigeria,Q1,2025
35,spotify:track:2LP8KwtvzUx1onvXKQCoKR,"ODUMODUBLVCK, Black Sherif",WOTOWOTO SEASONING (feat. Black Sherif),Native Sounds/Def Jam PS,2,45,58,452010,NG,Nigeria,Q1,2025
36,spotify:track:2GZNKi3rgaT1ZKpkKDkA0Y,Wizkid,Bend,Starboy/RCA Records,5,32,7,444390,NG,Nigeria,Q1,2025
37,spotify:track:7xUCIZhvKkH4aWrR5eUodN,Serøtonin,May 10th,Faceless Music / Chocolate City / EMPIRE,37,39,13,437410,NG,Nigeria,Q1,2025
38,spotify:track:3fGdbjANHhuAhNo0f4POgw,"Wizkid, Anaïs Cardot",Slow (feat. Anaïs Cardot),Starboy/RCA Records,11,44,7,430925,NG,Nigeria,Q1,2025
39,spotify:track:2825Zwd0EnzzDxFOhDsRQC,"Nasboi, Chike",Could This Be Love,"Eminent Transglobal Sounds Record Limited, Under Exclusive License to ONErpm",20,47,16,430694,NG,Nigeria,Q1,2025
40,spotify:track:19FyHGQSvrg8H88eaKvUQI,"Ayo Maff, Zerrydl",FIND MONEY (feat. Zerrydl),OCEANSTREET CREATIVE LTD / EMPIRE,28,34,6,430218,NG,Nigeria,Q1,2025
41,spotify:track:4H4l7wkB7UcEMFvfIbGsuq,Wizkid,Karamo,Starboy/RCA Records,4,38,7,427785,NG,Nigeria,Q1,2025
42,spotify:track:1oFabnkoJ01ksmSmyjELDl,"Tml Vibez, Seyi Vibez",Where I’m from,Dvpper Digital,14,43,28,424901,NG,Nigeria,Q1,2025
43,spotify:track:6wN5G9LhuljafQRHzb4K6s,"Lil Kesh, Fireboy DML, Ayo Maff",Vex For U (feat. Fireboy DML & Ayo Maff),Ziiki Media,23,41,9,421064,NG,Nigeria,Q1,2025
44,spotify:track:5HeW3DSp2lsfcXXRuJkZUy,Wizkid,Pray,Starboy/RCA Records,9,40,7,419182,NG,Nigeria,Q1,2025
45,spotify:track:1HBWK4lSLU6b4MjeK5OA2B,"T.I BLAZE, Tml Vibez",Hope,Dvpper Digital,45,52,7,412213,NG,Nigeria,Q1,2025
46,spotify:track:1Ss5QjczHsdYkvNsiBmoqS,"Muyeez, Seyi Vibez",Instagram,Dvpper Digital,1,48,37,406636,NG,Nigeria,Q1,2025
47,spotify:track:0CbmiJiGy6sN4RJ75mJthR,Shallipopi,Free Service,Dvpper Digital,13,50,13,401736,NG,Nigeria,Q1,2025
48,spotify:track:52Krs3LCqtcfeiWUvhxncK,"Ruger, BNXN",POE,Blown Boy Ent. / T.Y.E / EMPIRE,2,46,40,390767,NG,Nigeria,Q1,2025
49,spotify:track:12uJDbjH0gwh0fs4gFgDhQ,Llona,Comforter,Encore Recordings,47,56,23,384210,NG,Nigeria,Q1,2025
50,spotify:track:4G5IYu1QYKo7DeSecKtNXA,Ayo Maff,7 Days,CiDAR Africa,21,51,40,383364,NG,Nigeria,Q1,2025
1,spotify:track:7mdvPu1ZAOIgMzr3sfpAqk,Chella,My Darling,Chella Music / 222 Ent.,1,8,2,1608032,NG,Nigeria,Q2,2025
2,spotify:track:1y9DKiy8X0zejal5Avpleb,Kunmie,Arike,CiDAR Africa,1,2,8,1425026,NG,Nigeria,Q2,2025
3,spotify:track:0lhLSwvRKGHfIcVEz3uQK6,Shallipopi,Laho,Since 93,1,1,7,1424437,NG,Nigeria,Q2,2025
4,spotify:track:3RMr94P81nO3GtW9MfqNp5,"ODUMODUBLVCK, Victony",PITY THIS BOY (with Victony),Native Sounds/Def Jam PS,1,3,9,1209592,NG,Nigeria,Q2,2025
5,spotify:track:4XHrQHvHWlE0RldeG8Nslq,Famous Pluto,Na Scra,PLUTOMANIA RECORDS,4,5,5,1205267,NG,Nigeria,Q2,2025
6,spotify:track:5nmYNuBSh99LNDdZ0iSe2O,"Zlatan, FOLA",Get Better,"Zanku Records, with exclusive license to ONErpm",6,6,3,1188497,NG,Nigeria,Q2,2025
7,spotify:track:2pNjk1fIZTMtj8ry6SdEmB,"Faceless, Serøtonin",Venus,2024 Faceless/LVRN Records (Love Renaissance),4,7,19,1105632,NG,Nigeria,Q2,2025
8,spotify:track:5hohPxxNfGRbW0PG2R0mhd,Davido,Be There Still,Columbia,1,4,4,1010052,NG,Nigeria,Q2,2025
9,spotify:track:4xVj25uTjTZCaHbSFbYwAE,"Poco Lee, Shoday, Rahman Jago",Hey Jago,Poco Lee,9,24,3,983234,NG,Nigeria,Q2,2025
10,spotify:track:5rFZHAhav5kGsSAKtQHRHq,Zinoleesky,Most Wanted,Marlian Music,10,-1,1,938421,NG,Nigeria,Q2,2025
11,spotify:track:2hODYSmDyWMu2C2XN4bgOV,Seyi Vibez,SHAOLIN,NSNV Inc.,1,9,7,924501,NG,Nigeria,Q2,2025
12,spotify:track:7L1DT2ByQ331AJkDfjvI5N,"Smur Lee, BIGKHALID",Management,Smur Lee/Star Makers Distribution,12,16,9,899725,NG,Nigeria,Q2,2025
13,spotify:track:6NOrpcicPUh2eaj8bAD44u,Rema,Baby (Is it a Crime),Mavin Global Holdings Ltd,1,10,9,885205,NG,Nigeria,Q2,2025
14,spotify:track:0OWPr4POCQ7iH9BGmTxOZV,ODUMODUBLVCK,LEGOLAS,Native Sounds/Def Jam PS,14,45,2,822552,NG,Nigeria,Q2,2025
15,spotify:track:7msfmSm4KbVnIds5DvsGzT,Fido,Joy is Coming,Oosha Records / EMPIRE,1,11,16,781431,NG,Nigeria,Q2,2025
16,spotify:track:52ZxqHSe1HesJPwuuBiW4U,Seyi Vibez,MARIO KART,NSNV Inc.,3,15,7,769467,NG,Nigeria,Q2,2025
17,spotify:track:20l4NPs2c9OBKBKUKRjxIy,Monaky,Chandelier,TKM Entertainment,4,13,20,708710,NG,Nigeria,Q2,2025
18,spotify:track:5yyVAz3WD6L6143oGfQ3AT,"Joeboy, Olamide",Free of Charge,Warner Music Africa,12,12,2,690964,NG,Nigeria,Q2,2025
19,spotify:track:1lcFhGrPvib79Hqm7umnKs,T.I BLAZE,Trenches Luv,Dvpper Digital,19,25,8,653253,NG,Nigeria,Q2,2025
20,spotify:track:10y7iW3rc8bzGbhAC3mNPA,Ayo Maff,Are you there?,AYO MAFF,3,19,34,612983,NG,Nigeria,Q2,2025
21,spotify:track:4uLBwGnr1U3ctcDZrnVEgK,Asake,WHY LOVE,Giran Republic,3,20,9,595101,NG,Nigeria,Q2,2025
22,spotify:track:1136eJrkWsDvReASbjLTaU,Fido,Awolowo,Heatwave Records,1,14,34,590895,NG,Nigeria,Q2,2025
23,spotify:track:7LZkMeX1k8PXQJ0SVYn1A5,"Davido, ODUMODUBLVCK, Chike",Funds (feat. ODUMODUBLVCK & Chike),Columbia,1,18,18,575352,NG,Nigeria,Q2,2025
24,spotify:track:6JvWMLscnWYkgX1zPufIGT,Wizkid,Kese (Dance),Starboy/RCA Records,1,22,22,554287,NG,Nigeria,Q2,2025
25,spotify:track:2YwBdxvMFsWUSCaL1U6xIg,Seyi Vibez,HAPPY SONG,NSNV Inc.,4,21,7,548236,NG,Nigeria,Q2,2025
26,spotify:track:4OnCrs3h948Ee4yLLTcaRx,"ODUMODUBLVCK, Smur Lee, Shallipopi",JUJU (with Smur Lee & Shallipopi),Native Sounds/Def Jam PS,1,17,33,535181,NG,Nigeria,Q2,2025
27,spotify:track:3H2bLX6U4kNuv04iTkCrSp,"Kvng Vinci, Zerrydl",HAUSAPIANO - Remix,Heatwave Records,4,28,23,514150,NG,Nigeria,Q2,2025
28,spotify:track:5hphSVebVxTpDfrk09W0hS,Seyi Vibez,Doha,Dvpper Digital,5,29,39,513273,NG,Nigeria,Q2,2025
29,spotify:track:5Wxkvvb6pLky16pwq4gBI3,"Ayo Maff, Fireboy DML",Dealer,Tunesbid / Ocean street,1,23,52,512439,NG,Nigeria,Q2,2025
30,spotify:track:0Q5fmTDuMkhDGp5geZNCgO,T.I BLAZE,Introduction,Dvpper Digital,30,48,3,491539,NG,Nigeria,Q2,2025
31,spotify:track:3iHp95MVzN1hBiOuR0cJmy,"ODUMODUBLVCK, Juno, Valentino Rose",TOY GIRL (with Juno & Valentino Rose),Native Sounds/Def Jam PS,31,72,2,488145,NG,Nigeria,Q2,2025
32,spotify:track:0Q1bMs3xLQiDEeaneehdxv,Asake,Remember,YBNL Nation / EMPIRE,12,26,95,468498,NG,Nigeria,Q2,2025
33,spotify:track:3ZR7IlqBPK8TrJyZYfFX9L,"FOLA, Bella Shmurda",who does that? (feat. Bella Shmurda),Dangbana Republik Records / EMPIRE,9,34,18,467486,NG,Nigeria,Q2,2025
34,spotify:track:13VXuHw3O8Yt7VwRIDqSo4,"Asake, Wizkid",MMS,YBNL Nation / EMPIRE,1,31,36,451336,NG,Nigeria,Q2,2025
35,spotify:track:6ovxhOjCU6SzPLtfNnzVQk,"Shoday, Ayo Maff",Casablanca (feat. Ayo Maff),5K Records Limited,7,38,24,449199,NG,Nigeria,Q2,2025
36,spotify:track:4i3wDQa5VBDPUiREGaS44Z,T.I BLAZE,Beamer,Dvpper Digital,21,49,20,447696,NG,Nigeria,Q2,2025
37,spotify:track:1edi2KPh2oghMy8ExJiFBN,Llona,Can't Breathe,Encore Recordings,19,33,37,444787,NG,Nigeria,Q2,2025
38,spotify:track:2j8n2hpZlEMvtrjJ7n0ZIy,"Wizkid, Asake",Bad Girl (feat. Asake),Starboy/RCA Records,1,41,21,436676,NG,Nigeria,Q2,2025
39,spotify:track:6XEv0xIrDhwolBuzju8v5y,"Ruger, Zlatan",Giveaway,Promised Land Recordings,30,30,2,430831,NG,Nigeria,Q2,2025
40,spotify:track:0syyMKF0pQ8psk6aPNTh7N,Ayo Maff,Panic,OCEANSTREET CREATIVE LTD / EMPIRE,17,40,10,427630,NG,Nigeria,Q2,2025
41,spotify:track:4gNOP9BGhyl2apkm8Xy7Eg,"Wizard Chan, ODUMODUBLVCK",FLAKO,Masqueraid Ink,35,35,4,424077,NG,Nigeria,Q2,2025
42,spotify:track:3MldGIMtPcupNBI4Dnxolr,"Hyce, BoyPee, Brown Joel",Constantly,Azuri,7,32,32,416299,NG,Nigeria,Q2,2025
43,spotify:track:0VjzaXw81JQJM61pzWwP8b,Asake,Nzaza,YBNL Nation / EMPIRE,6,46,106,401052,NG,Nigeria,Q2,2025
44,spotify:track:7Lgy23A9cl92VD0fNC0LiG,Burna Boy,Update,Spaceship/ Bad Habit/Atlantic Records,10,47,8,398321,NG,Nigeria,Q2,2025
45,spotify:track:1Ss5QjczHsdYkvNsiBmoqS,"Muyeez, Seyi Vibez",Instagram,Dvpper Digital,1,57,50,389696,NG,Nigeria,Q2,2025
46,spotify:track:4s4s3AmlSGKZFOHRl0QDbZ,Ruger,Jay Jay,Promised Land Recordings,26,36,8,372430,NG,Nigeria,Q2,2025
47,spotify:track:47r4tUxUEOiDICuhfkIFKl,Ayra Starr,All The Love,Ayra Starr,29,51,9,368552,NG,Nigeria,Q2,2025
48,spotify:track:2qdwZPTNCHb8DXfQin53WK,Zerrydl,Back to Back,Dvpper Digital,4,54,30,365872,NG,Nigeria,Q2,2025
49,spotify:track:1m3I5mR9B5P6y4wVSk7HIT,"Shoday, Olivetheboy",Screaming Beauty,5K Records Limited,49,71,6,358338,NG,Nigeria,Q2,2025
50,spotify:track:4vXE2FcysoZsq85oouVJpr,ODUMODUBLVCK,WAGE WAR,Native Sounds/Def Jam PS,50,96,2,354599,NG,Nigeria,Q2,2025
1,spotify:track:3w0eFAME3IxlonearUIaXJ,"Famous Pluto, Shallipopi, Zerrydl",Ewo,PLUTOMANIA RECORDS,1,1,3,2237189,NG,Nigeria,Q3,2025
2,spotify:track:2IocWgGPI0o6rmRDeb7Zrz,"BNXN, FOLA",Very Soon,T.Y.E. / EMPIRE,1,4,6,1647365,NG,Nigeria,Q3,2025
3,spotify:track:5GkkuEEPtYguzhTdCpS8Ab,"Olamide, Seyi Vibez, Asake, Young Jonn, Daecolm",99 (feat. Daecolm),YBNL Nation / EMPIRE,1,2,5,1415320,NG,Nigeria,Q3,2025
4,spotify:track:3yaMisjmccUHlzZYgSh9zf,"Famous Pluto, Jeriq",Osusu,PLUTOMANIA RECORDS,4,5,3,1338955,NG,Nigeria,Q3,2025
5,spotify:track:28NElMiahjGMfcE1G8Y6TG,BNXN,Laye Mi,T.Y.E. / EMPIRE,5,26,2,1224180,NG,Nigeria,Q3,2025
6,spotify:track:65cRt4uGMzo51AzXqptVsX,"Olamide, Wizkid, Darkoo",Billionaires Club,YBNL Nation / EMPIRE,3,3,4,1128945,NG,Nigeria,Q3,2025
7,spotify:track:0BzX5iHjzOJw3j9xK4B5pq,"J Hus, Asake",Gold,Militér Music / EMPIRE,6,6,2,1032182,NG,Nigeria,Q3,2025
8,spotify:track:05lhFsOWPXRjfGA7xY7XJz,Seyi Vibez,Pressure,NSNV INC / EMPIRE,1,7,8,1029689,NG,Nigeria,Q3,2025
9,spotify:track:3wdV4OJ37JdoLyUJMm50UW,"FOLA, Kizz Daniel",lost,Dangbana Republik Records / EMPIRE,2,9,11,994378,NG,Nigeria,Q3,2025
10,spotify:track:5GyaXqMfcIGHfmTUITFacS,"Davido, Omah Lay",With You (feat. Omah Lay),Columbia,1,10,12,958460,NG,Nigeria,Q3,2025
11,spotify:track:6D09vfVjCFlRxOGdmja0yp,BNXN,I Alone,T.Y.E. / EMPIRE,11,106,2,911054,NG,Nigeria,Q3,2025
12,spotify:track:7dTEOkCQWc8YuHjuaSolSX,"BNXN, Seyi Vibez",Set Up,T.Y.E. / EMPIRE,12,78,2,901508,NG,Nigeria,Q3,2025
13,spotify:track:63cOYqSjpQXEBrMTkBQwrp,"Rybeena, Shoday",Gaddem,Dvpper Digital,11,11,4,879543,NG,Nigeria,Q3,2025
14,spotify:track:6dmuFoJ8jYh7kzai2twWNo,BNXN,Jies,T.Y.E. / EMPIRE,14,146,2,834058,NG,Nigeria,Q3,2025
15,spotify:track:5G5R93fhTnLMXVcoIO6QNa,Muyeez,Mortal Kombat,NSNV INC / EMPIRE,13,13,4,827700,NG,Nigeria,Q3,2025
16,spotify:track:75NaRkat24l3uKOyfymyzJ,"Olamide, Seyi Vibez, Muyeez",Free,YBNL Nation / EMPIRE,4,8,4,817096,NG,Nigeria,Q3,2025
17,spotify:track:32a4IaGEJUhfy45yV5JH84,BNXN,Totori,T.Y.E. / EMPIRE,17,182,2,802973,NG,Nigeria,Q3,2025
18,spotify:track:56lGvDVasowdpufZnBJbuB,"Kizz Daniel, FOLA",Titi,FlyBoy INC / EMPIRE,5,15,6,796719,NG,Nigeria,Q3,2025
19,spotify:track:4XHrQHvHWlE0RldeG8Nslq,Famous Pluto,Na Scra,PLUTOMANIA RECORDS,4,14,18,774269,NG,Nigeria,Q3,2025
20,spotify:track:2zZzFhWHYeCSaoejZzkDfe,BNXN,5hrs Till Nairobi,T.Y.E. / EMPIRE,20,147,2,739452,NG,Nigeria,Q3,2025
21,spotify:track:1lWcw1YdBbYbFzJ9BKyDqc,Blaqbonez,Go Crazy,Chocolate City Music,21,-1,1,714811,NG,Nigeria,Q3,2025
22,spotify:track:51yPymXsGbEyh7InU6yRJP,BNXN,Captain,T.Y.E. / EMPIRE,22,157,2,700385,NG,Nigeria,Q3,2025
23,spotify:track:61N5fgHj3IPReRcULtXmDI,"BNXN, Rema",Fi Kan We Kan,T.Y.E. / EMPIRE,2,54,39,686616,NG,Nigeria,Q3,2025
24,spotify:track:4WnlAkJ3S0r6C7ofHy6kNP,Kunmie,Arike,CiDAR Africa,1,19,21,681146,NG,Nigeria,Q3,2025
25,spotify:track:6Uh5S2WjXoFPkgcVHaQV0d,"Ayo Maff, Chike",Realness,OCEANSTREET CREATIVE LTD / EMPIRE,22,22,2,670101,NG,Nigeria,Q3,2025
26,spotify:track:7msfmSm4KbVnIds5DvsGzT,Fido,Joy is Coming,Oosha Records / EMPIRE,1,23,29,658219,NG,Nigeria,Q3,2025
27,spotify:track:07eJSSPcNlkR34wVlkrCcY,"Bella Shmurda, FOLA",Dangbana Riddim,"Dangbana Republik, with exclusive license to ONErpm",17,32,13,647063,NG,Nigeria,Q3,2025
28,spotify:track:2pNjk1fIZTMtj8ry6SdEmB,"Faceless, Serøtonin",Venus,2024 Faceless/LVRN Records (Love Renaissance),4,27,32,643349,NG,Nigeria,Q3,2025
29,spotify:track:1cUFHO2Df89MUmSvT0kkwO,BNXN,Phenomena,T.Y.E. / EMPIRE,23,76,47,642119,NG,Nigeria,Q3,2025
30,spotify:track:5nmYNuBSh99LNDdZ0iSe2O,"Zlatan, FOLA",Get Better,"Zanku Records, with exclusive license to ONErpm",5,16,16,638423,NG,Nigeria,Q3,2025
31,spotify:track:52ZxqHSe1HesJPwuuBiW4U,Seyi Vibez,MARIO KART,NSNV Inc.,3,21,20,631250,NG,Nigeria,Q3,2025
32,spotify:track:1pheB3ku1OKy80SaB8VXqG,"BNXN, Victony",Cough Syrup,T.Y.E. / EMPIRE,32,-1,1,630102,NG,Nigeria,Q3,2025
33,spotify:track:2iCI6gHilTbSiD8a138KMU,"Young Jonn, Asake",Che Che (feat. Asake),Chocolate City Music,7,20,5,611502,NG,Nigeria,Q3,2025
34,spotify:track:4DREBgUie15tAPq9KQqe2c,"Shallipopi, Burna Boy",Laho II,Since 93,3,25,11,608692,NG,Nigeria,Q3,2025
35,spotify:track:5LDB1Cal2PnHN3Ioy84SdN,"Zhus Jdo, Famous Pluto, Smur Lee",1 WORK - Remix,Steady Grinding Inc. / JTON Music,12,12,5,594403,NG,Nigeria,Q3,2025
36,spotify:track:3ZR7IlqBPK8TrJyZYfFX9L,"FOLA, Bella Shmurda",who does that? (feat. Bella Shmurda),Dangbana Republik Records / EMPIRE,9,30,31,587769,NG,Nigeria,Q3,2025
37,spotify:track:3vgvtiGZeVl1eclWWKWmvS,"BNXN, Soweto Gospel Choir",In Jesus Name,T.Y.E. / EMPIRE,37,-1,1,584658,NG,Nigeria,Q3,2025
38,spotify:track:3RMr94P81nO3GtW9MfqNp5,"ODUMODUBLVCK, Victony",PITY THIS BOY (with Victony),Native Sounds/Def Jam PS,1,29,22,578447,NG,Nigeria,Q3,2025
39,spotify:track:20l4NPs2c9OBKBKUKRjxIy,Monaky,Chandelier,TKM Entertainment,4,36,33,573170,NG,Nigeria,Q3,2025
40,spotify:track:7L1DT2ByQ331AJkDfjvI5N,"Smur Lee, BIGKHALID",Management,Smur Lee/Star Makers Distribution,10,34,22,572377,NG,Nigeria,Q3,2025
41,spotify:track:0C3zMmE4yo1qBq6MGfkwX0,"Olamide, Wizkid",Kai!,YBNL Nation / EMPIRE,2,17,11,569934,NG,Nigeria,Q3,2025
42,spotify:track:00uXDC6A3RK2HJlTK6h0Ak,Olamide,Luvaluvah,YBNL Nation / EMPIRE,9,18,4,561983,NG,Nigeria,Q3,2025
43,spotify:track:5hphSVebVxTpDfrk09W0hS,Seyi Vibez,Doha,Dvpper Digital,5,35,52,556578,NG,Nigeria,Q3,2025
44,spotify:track:0lhLSwvRKGHfIcVEz3uQK6,Shallipopi,Laho,Since 93,1,42,20,555368,NG,Nigeria,Q3,2025
45,spotify:track:5prVT2iyY2M7cP1wqnNc7P,BNXN,Cutesy,T.Y.E. / EMPIRE,45,114,5,551877,NG,Nigeria,Q3,2025
46,spotify:track:4FMfmvlC2DpXIQmpYpcdlC,Kidd Carder,Calculate,CiDAR Africa,46,57,4,546680,NG,Nigeria,Q3,2025
47,spotify:track:0OWPr4POCQ7iH9BGmTxOZV,ODUMODUBLVCK,LEGOLAS,Native Sounds/Def Jam PS,13,31,15,542233,NG,Nigeria,Q3,2025
48,spotify:track:2NQSSMmLLt33liE9HiBA9Z,BNXN,Yes Sir,T.Y.E. / EMPIRE,48,-1,1,541429,NG,Nigeria,Q3,2025
49,spotify:track:3x9DYVYPjglofHphO73maY,BNXN,Eleyi,T.Y.E. / EMPIRE,49,186,2,534914,NG,Nigeria,Q3,2025
50,spotify:track:0mCxHKr5bp05PMdD7jU4rW,"Kizz Daniel, ODUMODUBLVCK, Bella Shmurda",Al-Jannah,FlyBoy INC / EMPIRE,3,24,6,526973,NG,Nigeria,Q3,2025
1,spotify:track:4zGLBKonWuLSeK35mrUXf0,"ODUMODUBLVCK, Wizkid",BIG TIME (feat. Wizkid),Native Sounds/Def Jam PS,1,-1,1,2109064,NG,Nigeria,Q4,2025
2,spotify:track:0qlu7Te2J2BuAGFcwb3rjn,Rema,FUN,Mavin Global Holdings Ltd,1,2,5,1936177,NG,Nigeria,Q4,2025
3,spotify:track:6dxhxLpEan7FvBJPhFW9QN,ODUMODUBLVCK,INDUSTRY MACHINE,Native Sounds/Def Jam PS,3,3,2,1783500,NG,Nigeria,Q4,2025
4,spotify:track:1HJr3tp2LIrvXFexwiyn7s,"Sarz, Asake, Wizkid, Skillibeng","Getting Paid ​(f​eat​. Asake, Wizkid, Skillibeng​)",1789 under exclusive license to UnitedMasters LLC,1,1,2,1595242,NG,Nigeria,Q4,2025
5,spotify:track:6RW5AtwRPRc4C0j2EgCdTr,FOLA,you,Dangbana Republik Records / EMPIRE,1,4,9,1523562,NG,Nigeria,Q4,2025
6,spotify:track:0D1vNTcDR3SuZtPFUoTGej,Zinoleesky,CELINE DION,Marlian Music,6,-1,1,1515272,NG,Nigeria,Q4,2025
7,spotify:track:73rLXBXwSfBqGmWw2x8i8t,"ODUMODUBLVCK, Davido, Seun Kuti",GROOVING (feat. Davido and Seun Kuti),Native Sounds/Def Jam PS,7,-1,1,1411785,NG,Nigeria,Q4,2025
8,spotify:track:5ht0zFXsezKxVvu8eMiewq,"DJ Tunez, Wizkid, FOLA",One Condition,Easier Said,1,6,11,1153900,NG,Nigeria,Q4,2025
9,spotify:track:0VrCqCukErAdpwmtaXpiqk,Mavo,Shakabulizzy,Inner Circle Entertainment Ltd.,3,5,5,1034472,NG,Nigeria,Q4,2025
10,spotify:track:1a9TV9miedFJbf7v2WMbSa,"Bella Shmurda, FOLA",Dangbana Riddim,Dangbana Republik,10,13,26,1016926,NG,Nigeria,Q4,2025
11,spotify:track:1i2TCvURTJo8Oa6ZfIXbEw,"Bella Shmurda, Seyi Vibez",Bounce,Dangbana Republik,11,-1,1,991898,NG,Nigeria,Q4,2025
12,spotify:track:2IocWgGPI0o6rmRDeb7Zrz,"BNXN, FOLA",Very Soon,T.Y.E. / EMPIRE,1,8,19,945697,NG,Nigeria,Q4,2025
13,spotify:track:5oS7MonetNV6SLUyP0t5Xb,FOLA,eko,Dangbana Republik Records / EMPIRE,3,7,6,928613,NG,Nigeria,Q4,2025
14,spotify:track:1iYBlO1RGEFeDnG3AH4gUE,"Sarz, ODUMODUBLVCK, Shallipopi, Theodora, Zeina","Mademoiselle (feat. ODUMODUBLVCK, Shallipopi, Theodora, Zeina)",1789 under exclusive license to UnitedMasters LLC,14,28,2,875208,NG,Nigeria,Q4,2025
15,spotify:track:44JPapCqTLuLedG9B3TvSy,"FOLA, Kizz Daniel",lost,Dangbana Republik Records / EMPIRE,2,9,24,872551,NG,Nigeria,Q4,2025
16,spotify:track:5GkkuEEPtYguzhTdCpS8Ab,"Olamide, Seyi Vibez, Asake, Young Jonn, Daecolm",99 (feat. Daecolm),YBNL Nation / EMPIRE,1,11,18,816586,NG,Nigeria,Q4,2025
17,spotify:track:4lz4aKs60vUoyZP4pNy3aD,"CIZA, Tems, Omah Lay, Thukuthela, JAZZWRLD, Lekaa Beats","Isaka II (6am) [with Tems, Omah Lay, Thukuthela, JAZZWRLD, Lekaa Beats]",2025 CIZARIO Records/LVRN Records (Love Renaissance),14,16,6,786249,NG,Nigeria,Q4,2025
18,spotify:track:3w0eFAME3IxlonearUIaXJ,"Famous Pluto, Shallipopi, Zerrydl",Ewo,PLUTOMANIA RECORDS,1,10,16,765784,NG,Nigeria,Q4,2025
19,spotify:track:5EMD7ozaMBD2GJCUHD5nVn,FOLA,Feeling,Fola / FPR Distro,13,14,28,758094,NG,Nigeria,Q4,2025
20,spotify:track:5GyaXqMfcIGHfmTUITFacS,"Davido, Omah Lay",With You (feat. Omah Lay),Columbia,1,21,25,753282,NG,Nigeria,Q4,2025
21,spotify:track:7q6EdEhPwkVfu4XGgP4kXV,FOLA,healer,Dangbana Republik Records / EMPIRE,15,20,5,734082,NG,Nigeria,Q4,2025
22,spotify:track:02f69ZvOxhR4Uo6xXsicfT,"Mavo, Shallipopi, Zlatan, Ayra Starr",Escaladizzy II,Inner Circle Entertainment Ltd.,11,12,9,731310,NG,Nigeria,Q4,2025
23,spotify:track:4ACbff3fw2FkJ0xtJWilck,Burna Boy,Love,Spaceship/ Bad Habit/Atlantic Records,1,17,13,717433,NG,Nigeria,Q4,2025
24,spotify:track:4h479A3EU5ZpUg0mlfdNtR,FOLA,caricature,Dangbana Republik Records / EMPIRE,19,19,5,681489,NG,Nigeria,Q4,2025
25,spotify:track:05lhFsOWPXRjfGA7xY7XJz,Seyi Vibez,Pressure,NSNV INC / EMPIRE,1,22,21,648467,NG,Nigeria,Q4,2025
26,spotify:track:4SjfsqsR3TIR3SO7kcTlFX,"Young Jonn, Wizkid",Cash Flow (feat. Wizkid),Warner Music Africa,1,18,6,640083,NG,Nigeria,Q4,2025
27,spotify:track:48olFFX6QTTXB47q4qfPFU,"ODUMODUBLVCK, Stormzy, Zlatan",PAY ME (feat. Stormzy and Zlatan),Native Sounds/Def Jam PS,19,76,7,639151,NG,Nigeria,Q4,2025
28,spotify:track:0FU7ERQTOECwmEIaWDgdIG,"Asake, Tiakola",BADMAN GANGSTA,GIRAN Republic,1,23,11,637428,NG,Nigeria,Q4,2025
29,spotify:track:0WjpZZPLAAADeY9Hdam4Nr,"FOLA, Victony",golibe,Dangbana Republik Records / EMPIRE,10,24,5,617740,NG,Nigeria,Q4,2025
30,spotify:track:1J4mikz0R803ibcGiV0PQV,"Bella Shmurda, Kunmie",Sanity,Dangbana Republik,30,-1,1,603352,NG,Nigeria,Q4,2025
31,spotify:track:6teayPHJeebZj4s9eMPCyY,Shallipopi,Na So,Since 93,4,15,5,600999,NG,Nigeria,Q4,2025
32,spotify:track:5nmYNuBSh99LNDdZ0iSe2O,"Zlatan, FOLA",Get Better,"Zanku Records, with exclusive license to ONErpm",5,29,29,600891,NG,Nigeria,Q4,2025
33,spotify:track:0WsC4ETIXyiHDMXRaPMvKe,"Gunna, Burna Boy",wgft (feat. Burna Boy),300 Entertainment,4,26,9,599128,NG,Nigeria,Q4,2025
34,spotify:track:0VjzaXw81JQJM61pzWwP8b,Asake,Nzaza,YBNL Nation / EMPIRE,6,31,132,580276,NG,Nigeria,Q4,2025
35,spotify:track:0Q1bMs3xLQiDEeaneehdxv,Asake,Remember,YBNL Nation / EMPIRE,12,27,121,579681,NG,Nigeria,Q4,2025
36,spotify:track:4qcW1E6Q28AR2zcctruK91,ODUMODUBLVCK,VINICIUS,Native Sounds/Def Jam PS,36,-1,1,564962,NG,Nigeria,Q4,2025
37,spotify:track:7fkCiUlTXr6AAHXXtrIRd4,ODUMODUBLVCK,2:02PM IN LONDON (FREESTYLE),Native Sounds/Def Jam PS,25,25,7,557811,NG,Nigeria,Q4,2025
38,spotify:track:1m7j6RWUxeBzTOY4hcWsoj,"Gunna, Wizkid",forever be mine (feat. Wizkid),300 Entertainment,1,33,9,538445,NG,Nigeria,Q4,2025
39,spotify:track:7L1DT2ByQ331AJkDfjvI5N,"Smur Lee, BIGKHALID",Management,Smur Lee/Star Makers Distribution,10,34,35,535690,NG,Nigeria,Q4,2025
40,spotify:track:3XCB0kXFhGFgbZrfpAQGML,Fido,Joy is Coming,Oosha Records Ltd / EMPIRE,1,32,42,528491,NG,Nigeria,Q4,2025
41,spotify:track:5pqLIJ1EKKG9QnjBJQoh3e,ODUMODUBLVCK,CANDY MUSIC,Native Sounds/Def Jam PS,41,-1,1,527472,NG,Nigeria,Q4,2025
42,spotify:track:5GhXWRLC6CwxF149Cm7VNy,"ODUMODUBLVCK, PsychoYP",TIFFANY (feat. PsychoYP),Native Sounds/Def Jam PS,42,-1,1,523778,NG,Nigeria,Q4,2025
43,spotify:track:5DWDWcfNDomvKOOWwupEDX,ODUMODUBLVCK,BANZA BOY,Native Sounds/Def Jam PS,43,-1,1,519692,NG,Nigeria,Q4,2025
44,spotify:track:3ZR7IlqBPK8TrJyZYfFX9L,"FOLA, Bella Shmurda",who does that? (feat. Bella Shmurda),Dangbana Republik Records / EMPIRE,9,35,44,514831,NG,Nigeria,Q4,2025
45,spotify:track:07oWoYAboy2uZhDb0EMvge,"Rybeena, Joeboy",Adunni,Dvpper Digital,45,46,4,508851,NG,Nigeria,Q4,2025
46,spotify:track:5KenjWAk3sGXR2yMThHGFZ,"Bella Shmurda, K1 De Ultimate",Fuji Fusion,Dangbana Republik,46,-1,1,504464,NG,Nigeria,Q4,2025
47,spotify:track:52ZxqHSe1HesJPwuuBiW4U,Seyi Vibez,MARIO KART,NSNV Inc.,3,37,33,503881,NG,Nigeria,Q4,2025
48,spotify:track:01lI217l9g8yjVDt2bsI6u,Bella Shmurda,Appraisal,Dangbana Republik,48,-1,1,503797,NG,Nigeria,Q4,2025
49,spotify:track:2OxLgI6O7BR1FZfLw54jG2,FOLA,cruise control,Dangbana Republik Records / EMPIRE,16,30,5,496034,NG,Nigeria,Q4,2025
50,spotify:track:20l4NPs2c9OBKBKUKRjxIy,Monaky,Chandelier,TKM Entertainment,4,36,46,492820,NG,Nigeria,Q4,2025
1,spotify:track:1d718gwJbujwNO9x9BzNfc,"Sobel, francis, Deemz",KOCHASZ?,Universal Music Polska Sp. z o.o.,1,1,2,2853964,PL,Poland,Q1,2025
2,spotify:track:3fsukGRaCYqfoQ010VQGcC,"Pezet, Auer",Dom Nad Wodą,2022 Pezet,2,3,23,2804559,PL,Poland,Q1,2025
3,spotify:track:4wJ5Qq0jBN4ajy7ouZIV1c,"ROSÉ, Bruno Mars",APT.,Atlantic Records,3,4,12,1162845,PL,Poland,Q1,2025
4,spotify:track:4lJ88RKrUiW4UP1IAu3Dhj,"bambi, FUJU, francis, Def Jam World Tour",CZEMU NIE ŚPISZ?,Universal Music Polska Sp. z o.o.,2,2,13,1144270,PL,Poland,Q1,2025
5,spotify:track:2plbrEY59IikOBgBGLjaoe,"Lady Gaga, Bruno Mars",Die With A Smile,Interscope,4,7,21,1023426,PL,Poland,Q1,2025
6,spotify:track:493ORSeExHylEYu7tolox9,"Tymek, Urbanski, Tymoteusz",Sophia Loren,Tymek,2,5,10,932412,PL,Poland,Q1,2025
7,spotify:track:4S78rQHd6cSC8g2TfdNJTf,Mata,Lloret de Mar,¸¸♬·¯·♩¸¸♪·¯·♫¸¸♫·¯·♪,1,6,17,904647,PL,Poland,Q1,2025
8,spotify:track:3IQN4rjqZlmJgO4exMkaNT,sanah,Miłość jest ślepa,Magic Records,8,9,30,833790,PL,Poland,Q1,2025
9,spotify:track:4anCiD3HMc1ZeD09IsnzlF,"PRO8L3M, Daria Zawiałow",Na ostatnią chwilę,2020,4,11,5,812958,PL,Poland,Q1,2025
10,spotify:track:2PrnvpGByWnjgt5jEk7XqG,"Kleks, Sobel, sanah",Wynalazek Filipa Golarza,Universal Music Polska Sp. z o.o.,7,15,9,811265,PL,Poland,Q1,2025
11,spotify:track:6dOtVTDdiauQNBQEDOtlAB,Billie Eilish,BIRDS OF A FEATHER,Darkroom/Interscope Records,11,12,34,810813,PL,Poland,Q1,2025
12,spotify:track:2cm6RJemeOITG5MualyhAU,"Żabson, Sir Mich",PRZEKAZ MYŚLI,INTERNAZIOMALE,8,8,5,808516,PL,Poland,Q1,2025
13,spotify:track:6rCz0E0G6El6irdft7Zjgp,"Roxie, Mata",Falochrony,¸¸♬·¯·♩¸¸♪·¯·♫¸¸♫·¯·♪ / Roxie Węgiel,2,13,20,730400,PL,Poland,Q1,2025
14,spotify:track:7ne4VBA60CxGM75vw0EYad,Gracie Abrams,That’s So True,"Gracie Abrams, under exclusive license to Interscope Records",14,23,11,677924,PL,Poland,Q1,2025
15,spotify:track:1ZIscVoYHftgA5STle5cPo,"Kaz Bałagane, Oskar83",Multisport,NARKOPOP LABEL,1,16,25,659142,PL,Poland,Q1,2025
16,spotify:track:2262bWmqomIaJXwCRHr13j,Gigi Perez,Sailor Song,Gigi Perez PS/ Island,8,21,20,657027,PL,Poland,Q1,2025
17,spotify:track:3XhllIfCF2T1RaJwbBWSdi,"Jonatan, Bletka, Gibbs",Róż,Jonatan,2,14,26,651733,PL,Poland,Q1,2025
18,spotify:track:35ISBknsCeZQtq66xABI9g,Lola Young,Messy,Universal-Island Records Ltd.,18,49,4,648257,PL,Poland,Q1,2025
19,spotify:track:6XK2NHIhrIaS7rexbiiiq7,"Otsochodzi, lohleq, Lonzo",WSZYSTKO MIJA,2020,17,24,5,647784,PL,Poland,Q1,2025
20,spotify:track:1LTAYhorx76972Pr5ZOk8b,SVM!R,NDA,SVM!R,8,17,27,634201,PL,Poland,Q1,2025
21,spotify:track:7ousJJ6DkKOeeXwfgWEMpN,"Quebonafide, Gedz, Odys",Futurama 3 (fanserwis),Magnetowid,1,19,8,614180,PL,Poland,Q1,2025
22,spotify:track:1Es7AUAhQvapIcoh3qMKDL,"The Weeknd, Playboi Carti",Timeless (feat Playboi Carti),XO / Republic Records,6,33,15,609975,PL,Poland,Q1,2025
23,spotify:track:0WbMK4wrZ1wFSty9F7FCgu,Chappell Roan,"Good Luck, Babe!",Chappell Roan PS/ Island,18,30,33,607938,PL,Poland,Q1,2025
24,spotify:track:3nHuKdFJZm78CoeBnDcFKe,Teddy Swims,Bad Dreams,Warner Records,22,28,16,601629,PL,Poland,Q1,2025
25,spotify:track:6BPcUXYERAahpunmb0AovH,"Arcane, Stromae, Pomme",Ma Meilleure Ennemie (from the series Arcane League of Legends),Riot Games,1,27,7,591764,PL,Poland,Q1,2025
26,spotify:track:5XIAnKNsdUim7GQsekL3uE,Dawid Podsiadło,Pięknie płyniesz,Pur Pur,16,36,6,565356,PL,Poland,Q1,2025
27,spotify:track:6wyJltdOuSjUt1bdwO4QCZ,"Louis Villain, Budda",Pardon,Moya Label,7,35,14,545183,PL,Poland,Q1,2025
28,spotify:track:3is9xGBEPrkLAF0fryCLK7,"kuqe 2115, francis",taki mały ja,2115,1,37,20,544777,PL,Poland,Q1,2025
29,spotify:track:07Agqdd4SD83JRgN19OjdW,"Pezet, Auer",Magenta,Universal Music Polska Sp. z o.o.,9,75,120,533102,PL,Poland,Q1,2025
30,spotify:track:28hqNGfxgIuYTcdLi8LJwl,"Kinny Zimmer, Kaptur",PO CO?,SBM Label,4,18,14,529838,PL,Poland,Q1,2025
31,spotify:track:2A1aS3mwuGuX2yk1bgxOvA,"BL3SS, CamrinWatsin, bbyclose",Kisses (feat. bbyclose),Atlantic Records UK,25,25,16,515192,PL,Poland,Q1,2025
32,spotify:track:6epWbDEEEOakzBeyNr69MO,"Szpaku, Deemz",Plaster,GUGU,1,53,53,514045,PL,Poland,Q1,2025
33,spotify:track:3d0CMq8PaxTOaZoGnpa8to,"Cheatz, buffalo",Kocie oczy,Cheatz,33,43,9,513194,PL,Poland,Q1,2025
34,spotify:track:0peRfvtx1Je91FxQtii5DJ,"MODELKI, Vłodarski",Chyba że z Tobą,Universal Music Polska Sp. z o.o.,1,20,40,509003,PL,Poland,Q1,2025
35,spotify:track:3mzugJrKyhJNzZKS0RgWBg,"bambi, charlie moncler",MILLIE WALKY,BE Records,9,29,86,500711,PL,Poland,Q1,2025
36,spotify:track:7t3iKbFf34FK5syqppOlIx,PRO8L3M,VHS,RHW Records,36,45,15,497434,PL,Poland,Q1,2025
37,spotify:track:4Yecd3jr0qmuxXpPHPSZPg,"Oki, Sobel, @atutowy",ILE LAT?,2020,2,38,37,494671,PL,Poland,Q1,2025
38,spotify:track:4Xch29YoOYG3qsJoXXGaRy,"Hilary Incognito, FourNine, p3",Last night,Hilary Incognito,2,10,19,493360,PL,Poland,Q1,2025
39,spotify:track:77qp2lzKsMmOeyKbtnoSVI,"Otsochodzi, Taco Hemingway, lohleq",„Tak to leciało!”,2020,14,34,35,492571,PL,Poland,Q1,2025
40,spotify:track:5y0CCj9ENhM4G3gebGlnzb,"Sobel, Deemz",MAMA POWTARZAŁA,Universal Music Polska Sp. z o.o.,11,32,25,490970,PL,Poland,Q1,2025
41,spotify:track:5G7d637BU8TQbUjcE1qjMt,Bletka,B012,spacerange,6,40,40,486443,PL,Poland,Q1,2025
42,spotify:track:5uMqtyQuLYqH5bUPLf00vO,Alberto,Freestyle,Miejska Jungla,22,22,4,485555,PL,Poland,Q1,2025
43,spotify:track:2HRqTpkrJO5ggZyyK6NPWz,Sabrina Carpenter,Espresso,Island Records,10,39,39,468179,PL,Poland,Q1,2025
44,spotify:track:5cVesBn7wWRxs6JlepA2A9,"kuqe 2115, Kubi Producent",wszystkie noce są samotne,2115,19,60,9,461889,PL,Poland,Q1,2025
45,spotify:track:7tI8dRuH2Yc6RuoTjxo4dU,Jimin,Who,BIGHIT MUSIC,26,31,25,444299,PL,Poland,Q1,2025
46,spotify:track:38GSwzJGcEnENqcrZ8dADJ,"bambi, francis",MADONNA,BE Records,1,41,18,443424,PL,Poland,Q1,2025
47,spotify:track:1usq8LPUPjpF1TxLXTOJ82,"Kubi Producent, bambi, Fukaj, stickxr",Woda Księżycowa,Sony Music Entertainment,1,50,42,442824,PL,Poland,Q1,2025
48,spotify:track:4588ZH7944EUrbDvdkr2sA,Daria Zawiałow,Złamane serce jest OK,Sony Music Entertainment,18,42,43,438115,PL,Poland,Q1,2025
49,spotify:track:0MTTFee7cTSd46njlPKBZe,"Young Leosia, bambi, PG$, francis",Przester,BE Records,2,26,41,436990,PL,Poland,Q1,2025
50,spotify:track:7HDeP774T5HQlHISFg4v5O,Chivas,hellstar,Chivas under exclusive license to Def Jam Recordings Poland,4,57,8,435007,PL,Poland,Q1,2025
1,spotify:track:2EiWaXhjxMPa1gSXAMj65S,Fagata,WOW,Fagata,1,4,2,1278396,PL,Poland,Q2,2025
2,spotify:track:3fsukGRaCYqfoQ010VQGcC,"Pezet, Auer",Dom Nad Wodą,2022 Pezet,1,2,36,1161099,PL,Poland,Q2,2025
3,spotify:track:6Sn6v4Q8JrDVySRamxPXeX,"Oki, bvdy47",BRAND NEW SQ8,2020,3,-1,1,1101813,PL,Poland,Q2,2025
4,spotify:track:7gPbVDk8Es7AVHTLUFq6CU,PRO8L3M,Ground Zero,RHW Records,1,1,210,1054041,PL,Poland,Q2,2025
5,spotify:track:1d718gwJbujwNO9x9BzNfc,"Sobel, francis, Deemz",KOCHASZ?,Universal Music Polska Sp. z o.o.,1,3,15,994712,PL,Poland,Q2,2025
6,spotify:track:3HjRgJoHTUofNa4OJYSLur,"Sobel, francis",Z TYŁU GŁOWY,Universal Music Polska Sp. z o.o.,3,5,4,944789,PL,Poland,Q2,2025
7,spotify:track:5ITV0zqzjOYfFWpW0xBmRa,"WizTheMc, bees & honey",Show Me Love,Bamboo Artists,7,11,8,899048,PL,Poland,Q2,2025
8,spotify:track:1088WwNMjp0QWvEP3aOgsf,PRO8L3M,Molly,RHW Records,6,6,32,846342,PL,Poland,Q2,2025
9,spotify:track:6UPNAaozkTNeKdsL7Ghx29,"sanah, Sobel",Dwoje ludzieńków (B. Leśmian),Magic Records,9,-1,1,794160,PL,Poland,Q2,2025
10,spotify:track:5gdYiLyMA2Q4sD4S8gCmVk,Żabson,COWABONGA,INTERNAZIOMALE,10,15,3,782089,PL,Poland,Q2,2025
11,spotify:track:3LPLRNr58Z9Pn0clnEtkXb,Doechii,Anxiety,Top Dawg Entertainment/Capitol Records,6,7,5,768447,PL,Poland,Q2,2025
12,spotify:track:08gvD5pFucRIkh16bN5qRA,"MODELKI, Vłodarski",Miss Dior,Universal Music Polska Sp. z o.o.,12,-1,1,745817,PL,Poland,Q2,2025
13,spotify:track:1PlysCdOuMYvE8imkyvHLx,Mata,up! up! up!,Muzyka Sp. z o.o.,1,13,12,716614,PL,Poland,Q2,2025
14,spotify:track:1OooCG5KS1VAtzdj4KENLW,"Oki, Taco Hemingway, @atutowy",DAY ONE,2020,14,-1,1,697524,PL,Poland,Q2,2025
15,spotify:track:7t3iKbFf34FK5syqppOlIx,PRO8L3M,VHS,RHW Records,8,8,28,666830,PL,Poland,Q2,2025
16,spotify:track:3IXuxsI9ltJw3WpRzVtSPL,"Young Leosia, Deemz",Różowe Diamenty,BE Records,5,10,5,658450,PL,Poland,Q2,2025
17,spotify:track:4TbDlszXA0QfSHHYVT39xG,Malik Montana,Sentymenty,WM Poland/WMI,7,9,3,651834,PL,Poland,Q2,2025
18,spotify:track:126sCXH3zr18kbHlKit0sX,"GOMBAO 33, Mata, Wyguś, Tadeo, Szczepan",NIENAWIDZĘ BYĆ W KLUBIE,Muzyka Sp. z o.o.,2,12,8,650804,PL,Poland,Q2,2025
19,spotify:track:2LHNTC9QZxsL3nWpt8iaSR,Lady Gaga,Abracadabra,Interscope Records,3,14,10,620514,PL,Poland,Q2,2025
20,spotify:track:4laCtGHEZEupZ7uEDQH2Ae,"Otsochodzi, Oki, lohleq",300 BANIEK,2020,4,18,11,618268,PL,Poland,Q2,2025
21,spotify:track:5Z1HsKTp6rmCOYu54nfKji,"bambi, Oki, francis, Deemz",TO NIE MA ZNACZENIA,BE Records,9,25,9,607215,PL,Poland,Q2,2025
22,spotify:track:7so0lgd0zP2Sbgs2d7a1SZ,"Lady Gaga, Bruno Mars",Die With A Smile,Interscope Records,4,17,34,590349,PL,Poland,Q2,2025
23,spotify:track:35ISBknsCeZQtq66xABI9g,Lola Young,Messy,Universal-Island Records Ltd.,6,20,17,581002,PL,Poland,Q2,2025
24,spotify:track:2RkZ5LkEzeHGRsmDqKwmaJ,Alex Warren,Ordinary,Atlantic Records,24,39,6,564918,PL,Poland,Q2,2025
25,spotify:track:1ZIscVoYHftgA5STle5cPo,"Kaz Bałagane, Oskar83",Multisport,NARKOPOP LABEL,1,22,38,564192,PL,Poland,Q2,2025
26,spotify:track:0MTTFee7cTSd46njlPKBZe,"Young Leosia, bambi, PG$, francis",Przester,BE Records,2,33,54,561883,PL,Poland,Q2,2025
27,spotify:track:4EGOHprYxZbaKYb48Dv3hS,"bambi, rów babicze, francis",RUW BAMBICZE,BE Records,6,21,9,561430,PL,Poland,Q2,2025
28,spotify:track:6dOtVTDdiauQNBQEDOtlAB,Billie Eilish,BIRDS OF A FEATHER,Darkroom/Interscope Records,11,23,47,545607,PL,Poland,Q2,2025
29,spotify:track:3BntzKsnLf2pc0dsvE3Zav,Teddy Swims,Bad Dreams,Warner Records,15,26,29,519273,PL,Poland,Q2,2025
30,spotify:track:15cWGRhwg15yrCNhERu2R7,"Oki, @atutowy",SLUMDOG!,2020,30,-1,1,517015,PL,Poland,Q2,2025
31,spotify:track:4wJ5Qq0jBN4ajy7ouZIV1c,"ROSÉ, Bruno Mars",APT.,Atlantic Records,3,24,25,514446,PL,Poland,Q2,2025
32,spotify:track:2262bWmqomIaJXwCRHr13j,Gigi Perez,Sailor Song,Gigi Perez PS/ Island,8,35,33,511370,PL,Poland,Q2,2025
33,spotify:track:2FAZskT9yRjp2Oow9szJD8,"Chrystal, NOTION",The Days - NOTION Remix,Polydor Records,15,30,14,507189,PL,Poland,Q2,2025
34,spotify:track:21ls6f3Hx3C60odiucKf5E,"Kuban, Favst",sam na świecie,dobzi ludzie.,16,16,8,505868,PL,Poland,Q2,2025
35,spotify:track:0AQAWCKi8sFyIpqxEEBL9b,"bambi, FUJU, francis",CZEMU NIE ŚPISZ?,BE Records,2,36,26,492887,PL,Poland,Q2,2025
36,spotify:track:6VUFiHo3hE3ZAyIAkQOyol,"Kinny Zimmer, White 2115, Kaptur",NIE MA CB (PRZY MNIE TU),SBM Label,36,40,2,479955,PL,Poland,Q2,2025
37,spotify:track:1pl6TiCoKfRGkQ2Miyvy9f,"Kizo, clearmind",KIEROWNIK,spacerange,5,29,9,473168,PL,Poland,Q2,2025
38,spotify:track:4S78rQHd6cSC8g2TfdNJTf,Mata,Lloret de Mar,¸¸♬·¯·♩¸¸♪·¯·♫¸¸♫·¯·♪,1,44,30,471976,PL,Poland,Q2,2025
39,spotify:track:493ORSeExHylEYu7tolox9,"Tymek, Urbanski, Tymoteusz",Sophia Loren,Tymek,2,31,23,471976,PL,Poland,Q2,2025
40,spotify:track:0FTmksd2dxiE5e3rWyJXs6,sombr,back to friends,Warner Records,40,53,4,467504,PL,Poland,Q2,2025
41,spotify:track:6A6537BwTdiRefKxjYyYAD,Agnieszka Chylińska,Nie mogę cię zapomnieć - Radio Edit,Parlophone Poland,30,32,4,464914,PL,Poland,Q2,2025
42,spotify:track:4anCiD3HMc1ZeD09IsnzlF,"PRO8L3M, Daria Zawiałow",Na ostatnią chwilę,2020,4,34,18,457199,PL,Poland,Q2,2025
43,spotify:track:5XIAnKNsdUim7GQsekL3uE,Dawid Podsiadło,Pięknie płyniesz,Pur Pur,16,37,19,454657,PL,Poland,Q2,2025
44,spotify:track:07Agqdd4SD83JRgN19OjdW,"Pezet, Auer",Magenta,Universal Music Polska Sp. z o.o.,9,41,133,453170,PL,Poland,Q2,2025
45,spotify:track:1usq8LPUPjpF1TxLXTOJ82,"Kubi Producent, bambi, Fukaj, stickxr",Woda Księżycowa,Sony Music Entertainment,1,56,55,447838,PL,Poland,Q2,2025
46,spotify:track:7bBqf7uieYJoaqkQ1MfxsW,"Jan-Rapowanie, Taco Hemingway, Zeppy Zep",NIE LUBIĘ LA,2020,19,19,3,436859,PL,Poland,Q2,2025
47,spotify:track:23rMVeJqT3Esu6BjTFCscV,"kuqe 2115, francis",taki mały ja,2115,1,42,33,436406,PL,Poland,Q2,2025
48,spotify:track:2CQMeS3BX2GtRH1E04QFzB,"Kuban, Mrozu, Favst",zanim spadnie deszcz,dobzi ludzie.,47,49,10,435853,PL,Poland,Q2,2025
49,spotify:track:3mzugJrKyhJNzZKS0RgWBg,"bambi, charlie moncler",MILLIE WALKY,BE Records,9,57,99,426923,PL,Poland,Q2,2025
50,spotify:track:0SSzxRyRVHfVZywNMlvuIp,PRO8L3M,Interpol,RHW Records,3,38,96,426047,PL,Poland,Q2,2025
1,spotify:track:7eBnyfgpicRCTgGvlwJoMS,"Ekipa, MODELKI, Qry, WERSOW, Mortal, Vłodarski, Świeży",Santa Cruz,Ekipa,1,1,5,1584563,PL,Poland,Q3,2025
2,spotify:track:6dpH1qquecoX7w9gTRkdzz,"Bungee, Tuszol",TAK TO LATA (feat. Tuszol),Bungee Records Sp. z o.o.,2,-1,1,1500458,PL,Poland,Q3,2025
3,spotify:track:6X2DWPDZ2GumLmw8bGIr1W,"Quebonafide, Sobel, Duit",NORADRENALINA,Magnetowid,3,-1,1,1420385,PL,Poland,Q3,2025
4,spotify:track:1U7ZU4sJsMDzHSA7n333BJ,"Sentino, BNP",CASABLANCA,BNP.LABEL,1,2,11,1377087,PL,Poland,Q3,2025
5,spotify:track:1KbyOU3mlUN9UiXU2kPso9,"francis, bambi, Oki",1DAY IN LA,Universal Music Polska Sp. z o.o.,3,3,4,1174115,PL,Poland,Q3,2025
6,spotify:track:08gvD5pFucRIkh16bN5qRA,"MODELKI, Vłodarski",Miss Dior,Universal Music Polska Sp. z o.o.,4,4,14,964985,PL,Poland,Q3,2025
7,spotify:track:3fqqs2JzeQWfLiOpvD2oEt,"Quebonafide, Michał Żagan, Duit",CHEMICZNY BALANS,Magnetowid,7,-1,1,914660,PL,Poland,Q3,2025
8,spotify:track:51cTY5CXYRwZdAyWFzWsxt,"Sobel, francis",CAŁE LATO,Universal Music Polska Sp. z o.o.,2,5,11,896741,PL,Poland,Q3,2025
9,spotify:track:7Lz3Eidz8YjBbK7GHNIn3o,"Sobel, SHDØW, francis",CHA CHA,Universal Music Polska Sp. z o.o.,1,6,12,854234,PL,Poland,Q3,2025
10,spotify:track:3fsukGRaCYqfoQ010VQGcC,"Pezet, Auer",Dom Nad Wodą,2022 Pezet,1,7,49,847936,PL,Poland,Q3,2025
11,spotify:track:5uRcV3nL9rfyr4o3zgo3Yo,"Quebonafide, Oki, Tropical Soldiers in Paradise",WKRÓTCE,Magnetowid,11,-1,1,798529,PL,Poland,Q3,2025
12,spotify:track:2RkZ5LkEzeHGRsmDqKwmaJ,Alex Warren,Ordinary,Atlantic Records,7,8,19,798240,PL,Poland,Q3,2025
13,spotify:track:42NBUFSvhKyvcR4Ae0Csav,"Quebonafide, Chloe Martini, francis, Michał Żagan",MELISA,Magnetowid,13,-1,1,780471,PL,Poland,Q3,2025
14,spotify:track:7ztpISTetVPoca640QDqZn,"Bajorson, Dawid Obserwator, Dj Killer, David Tango",Bailando,Siemano Soprano / LUMO Music. Distributed by MUGO,10,10,12,753286,PL,Poland,Q3,2025
15,spotify:track:6L7ylNa39Wh4BktveY7vsF,"Quebonafide, @atutowy",NIE ŻYCZĘ CI ŹLE,Magnetowid,15,-1,1,739438,PL,Poland,Q3,2025
16,spotify:track:6ntMlo1XQ9gjiZwd2kGE5U,"Sentino, BNP, Amadeusz Ferrari",MARBELLA,BNP.LABEL,9,9,10,736267,PL,Poland,Q3,2025
17,spotify:track:2yWlGEgEfPot0lv3OAjuG3,"Tate McRae, F1 The Album",Just Keep Watching (From F1® The Movie),Atlantic Records,17,27,6,710749,PL,Poland,Q3,2025
18,spotify:track:6G6GgEPWHJDvr1szJzmbVh,"Quebonafide, Chivas, Kuba Galiński","KC, LECZ... BEZ PRZESADY",Magnetowid,18,-1,1,708365,PL,Poland,Q3,2025
19,spotify:track:0FTmksd2dxiE5e3rWyJXs6,sombr,back to friends,Warner Records,15,15,17,704017,PL,Poland,Q3,2025
20,spotify:track:5ITV0zqzjOYfFWpW0xBmRa,"WizTheMc, bees & honey",Show Me Love,Bamboo Artists,7,11,21,694827,PL,Poland,Q3,2025
21,spotify:track:2XjSsK9NKNcojJwzmLdIWG,"Sobel, francis, Deemz",KOCHASZ?,Universal Music Polska Sp. z o.o.,1,14,28,678455,PL,Poland,Q3,2025
22,spotify:track:0bJPQcJGw4G8ffS3VIjHWI,"Quebonafide, Ka-Meal, maszaitsme, SecretiveSuicide",Refren trochę jak Lana Del Rey,QueQuality,9,33,18,672719,PL,Poland,Q3,2025
23,spotify:track:3HLKkPuir0AmNidt8Il0fi,"budzik, ADI, BNP",NIE WIEM,Funfair Records,9,12,4,660998,PL,Poland,Q3,2025
24,spotify:track:4WFgvKVfEhb3IUAFGrutTR,Ravyn Lenae,Love Me Not,Atlantic Records,18,18,18,648916,PL,Poland,Q3,2025
25,spotify:track:0bXqs8Eqhjghl0O3TfiNfd,"Quebonafide, Michał Żagan",TRAWA,Magnetowid,25,-1,1,643946,PL,Poland,Q3,2025
26,spotify:track:1CPZ5BxNNd0n0nF4Orb9JS,"HUNTR/X, EJAE, AUDREY NUNA, REI AMI, KPop Demon Hunters Cast",Golden,K-Pop Demon Hunters,26,42,2,633428,PL,Poland,Q3,2025
27,spotify:track:107Zf6E46a1ipHa3x5Nqlr,"Dawid Podsiadło, Kaśka Sochacka, ZORZA",samoloty,Pur Pur,5,17,7,622118,PL,Poland,Q3,2025
28,spotify:track:5AhdjJudenQlp1IrNthII9,Żabson,LOLA,INTERNAZIOMALE,4,13,11,618496,PL,Poland,Q3,2025
29,spotify:track:4QTSoHVlCjAp0DWUYUZ3Ok,"Quebonafide, JIMEK",PÓŁNOC / POŁUDNIE,Magnetowid,29,-1,1,617941,PL,Poland,Q3,2025
30,spotify:track:4AajxCEwGEsmHmT4H1TwjY,sombr,undressed,Warner Records,13,20,14,613148,PL,Poland,Q3,2025
31,spotify:track:0GRc3eGTg8HBdWLRGYgqIc,Ed Sheeran,Azizam,Gingerbread Man Records / Atlantic Records UK,16,22,14,609389,PL,Poland,Q3,2025
32,spotify:track:1ZIscVoYHftgA5STle5cPo,"Kaz Bałagane, Oskar83",Multisport,NARKOPOP LABEL,1,21,51,609104,PL,Poland,Q3,2025
33,spotify:track:7ixh1sbpd1l5ujlRuhn4Ev,"Quebonafide, francis, Michał Żagan","CZARNE PLAŻE, BIAŁE LWY",Magnetowid,33,-1,1,597168,PL,Poland,Q3,2025
34,spotify:track:1qHlk89LrMfYosAL2h64DE,"Quebonafide, francis, Favst, Michał Żagan",WIELKA PRZYJEMNOŚĆ,Magnetowid,34,-1,1,595367,PL,Poland,Q3,2025
35,spotify:track:1I37Zz2g3hk9eWxaNkj031,"Saja Boys, Andrew Choi, Neckwav, Danny Chung, KEVIN WOO, samUIL Lee, KPop Demon Hunters Cast",Your Idol,K-Pop Demon Hunters,35,35,3,595164,PL,Poland,Q3,2025
36,spotify:track:6esBajH4pfY0i61Vr53QWR,"MODELKI, Vłodarski",On Me,Universal Music Polska Sp. z o.o.,26,26,60,580778,PL,Poland,Q3,2025
37,spotify:track:4eCh76j61UPiiQXNRaqn5K,White 2115,Lovestory,White 2115,11,24,6,569879,PL,Poland,Q3,2025
38,spotify:track:2Nxt4MJAc78gu9fN8vm253,"Blacha 2115, Venom Valentino, DeeVoe",ADRENALINA,2115,37,37,2,566996,PL,Poland,Q3,2025
39,spotify:track:4BY3ThfL9Mo43cz6GkrIO3,"Ekipa, FRIZ, Kacper Blonsky, Postirol, Kartonii",LABUBU,Ekipa,10,19,5,557292,PL,Poland,Q3,2025
40,spotify:track:0o17nXZjdgtCsR4H415W5s,"Quebonafide, Kuba Więcek","IGŁY, SOCZEWKI, SAMOLOTY",Magnetowid,40,-1,1,554123,PL,Poland,Q3,2025
41,spotify:track:0peRfvtx1Je91FxQtii5DJ,"MODELKI, Vłodarski",Chyba że z Tobą,Universal Music Polska Sp. z o.o.,1,31,66,550543,PL,Poland,Q3,2025
42,spotify:track:1koe87P9GUj9jzitVVvi0Q,Quebonafide,Bogini,QueQuality,16,16,111,545545,PL,Poland,Q3,2025
43,spotify:track:6zpsWkV2EMMjIJhGE6b62d,"Sobel, francis",Z TYŁU GŁOWY,Universal Music Polska Sp. z o.o.,2,30,17,541959,PL,Poland,Q3,2025
44,spotify:track:3gvJeMSwp2UUnibGpmdIhh,"MODELKI, Vłodarski",Ile Dać Mam,Universal Music Polska Sp. z o.o.,30,32,22,535292,PL,Poland,Q3,2025
45,spotify:track:3VZVYIM6cUVnMJaSPuXDb4,"Quebonafide, Noam Zylberberg",DIAGNOZA,Magnetowid,45,-1,1,529158,PL,Poland,Q3,2025
46,spotify:track:0opYvODIONdV6edM316xO8,"Kuban, Favst, Zalia",kyoto,dobzi ludzie.,40,40,7,525812,PL,Poland,Q3,2025
47,spotify:track:773ryYtshMNAyz6iDtZgLI,Mata,Schodki,SBM Label,4,44,225,511432,PL,Poland,Q3,2025
48,spotify:track:4KW66ZVoSyUN0TJXdL9mLc,White 2115,California,SBM Label,6,29,356,507315,PL,Poland,Q3,2025
49,spotify:track:2WQ09wqQBIOor7Q0VpIDBK,Black Eyed Peas,Rock That Body,Interscope,27,36,6,503355,PL,Poland,Q3,2025
50,spotify:track:6jGFzqqW8VBBf4oLhnP4A6,"TACONAFIDE, Quebonafide, Taco Hemingway",Tamagotchi,Taconafide,1,23,182,499397,PL,Poland,Q3,2025
1,spotify:track:5JUs80EV0MeJ3s2atMaPjr,Bungee,FIKU MIKU,Bungee Records Sp. z o.o.,1,1,2,2411796,PL,Poland,Q4,2025
2,spotify:track:4WU8ZRMoonGLw00lXLOvpY,"MIÜ, Zalia, Koder, Leon Krześniak",dopóki się nie znüdzisz,MIÜ,1,2,9,1951889,PL,Poland,Q4,2025
3,spotify:track:5tCxCYuFA57AhVtHqxP7kr,"Mata, Skolim, Khaid",KAMIKAZE,Muzyka Sp. z o.o.,1,3,9,1869140,PL,Poland,Q4,2025
4,spotify:track:1dosSsKwYF7hoQA2kuu6wI,Taylor Swift,The Fate of Ophelia,Taylor Swift,4,-1,1,1265380,PL,Poland,Q4,2025
5,spotify:track:58JXOkFJ9P50s2L1pEOdPF,Malik Montana,Baciata,WM Poland/WMI,5,-1,1,1262831,PL,Poland,Q4,2025
6,spotify:track:7vngxLe77dR1mliZnVhtXd,Sorry Boys,"Absolutnie, absolutnie",Mystic Production,3,4,3,1262487,PL,Poland,Q4,2025
7,spotify:track:0LvpebWbdZaeN4Izhk9yM3,"PRO8L3M, Anita Lipnicka, Luxon",Nie bój się bać,2020,7,119,2,1193417,PL,Poland,Q4,2025
8,spotify:track:6mPLPjlONvnJTPtQo6ia8u,"Deemz, Szpaku, Mata",POKOLOROWANA,WM Poland/WMI,5,5,2,1140484,PL,Poland,Q4,2025
9,spotify:track:6dpH1qquecoX7w9gTRkdzz,"Bungee, Tuszol",TAK TO LATA (feat. Tuszol),Bungee Records Sp. z o.o.,1,7,14,898303,PL,Poland,Q4,2025
10,spotify:track:6LrArcAWVYhqtl68a7Wt1U,"Fukaj, Vito Bambino",Zabiorę Cię Tam,SBM Label,10,12,7,818736,PL,Poland,Q4,2025
11,spotify:track:36YPFA4lT3K8Xtsmr2HtBH,"Mata, Żabson",PALMA DE MALLORCA,Muzyka Sp. z o.o.,4,6,9,817330,PL,Poland,Q4,2025
12,spotify:track:1CPZ5BxNNd0n0nF4Orb9JS,"HUNTR/X, EJAE, AUDREY NUNA, REI AMI, KPop Demon Hunters Cast",Golden,K-Pop Demon Hunters,7,13,15,803613,PL,Poland,Q4,2025
13,spotify:track:1A2vZKJZovt4828jwLgiB3,Taylor Swift,Elizabeth Taylor,Taylor Swift,13,-1,1,785296,PL,Poland,Q4,2025
14,spotify:track:0RgYjo6BqSxhPXus5e4DDR,"Fagata, Dajczman",POW POW,Fagata,3,8,6,758023,PL,Poland,Q4,2025
15,spotify:track:67osB3wmJVTFzKhWqPb1Hm,Taylor Swift,Opalite,Taylor Swift,15,-1,1,753634,PL,Poland,Q4,2025
16,spotify:track:7Ki2wz0F38lWnwBOLRkyIV,"Mata, Oki",BEZ NIKOGO OBOK,3347,4,9,6,748215,PL,Poland,Q4,2025
17,spotify:track:0gZ6aSidViW10soPaibyFa,"Fukaj, charlie moncler, Hubert.",NIE CHCĘ WRACAĆ,SBM Label,7,10,19,711533,PL,Poland,Q4,2025
18,spotify:track:7qjZnBKE73H4Oxkopwulqe,sombr,back to friends,Warner Records,10,14,30,697099,PL,Poland,Q4,2025
19,spotify:track:05od2qm2MTSKCHxy1GBp5W,sombr,12 to 12,Warner Records,15,15,11,692555,PL,Poland,Q4,2025
20,spotify:track:1IeAQJe21bqjWEeMrlD2zt,"Avi, Pezet, Jan-Rapowanie, Czarny HIFI",Imago,Moya Label,20,-1,1,663438,PL,Poland,Q4,2025
21,spotify:track:4wqzjszg4AWKQoeY7swyci,Eryk Moczko,CERTYFIKAT,DRE$$CODE,18,18,2,659530,PL,Poland,Q4,2025
22,spotify:track:1qGwUUBUYu9akvnqMjbMVn,"BROKIES, Dajczman, DiscoKarol, pirlo444, 1olliee",PUK PUK,DiscoKarol,5,11,9,653781,PL,Poland,Q4,2025
23,spotify:track:7kpnBYCWd5ZODKjfGN4cNR,"Avi, BL Beatz",Kawior,Moya Label,9,20,6,645422,PL,Poland,Q4,2025
24,spotify:track:0opYvODIONdV6edM316xO8,"Kuban, Favst, Zalia",kyoto,dobzi ludzie.,7,16,20,630797,PL,Poland,Q4,2025
25,spotify:track:1lD0oPIfSYid1LhPvgrz10,Taylor Swift,Father Figure,Taylor Swift,25,-1,1,614860,PL,Poland,Q4,2025
26,spotify:track:51cTY5CXYRwZdAyWFzWsxt,"Sobel, francis",CAŁE LATO,Universal Music Polska Sp. z o.o.,2,17,24,611733,PL,Poland,Q4,2025
27,spotify:track:6JPysVgPfEab03Gbm7hjXM,"Tkandz, CXSPER",NOW OR NEVER,Everything's Yours Entertainment,27,27,2,605775,PL,Poland,Q4,2025
28,spotify:track:3FzJDGVjRGNc7KrkabU5N0,Taylor Swift,CANCELLED!,Taylor Swift,28,-1,1,588454,PL,Poland,Q4,2025
29,spotify:track:6xV7Be6XEvkSnighmh2Tzj,"Tyler, The Creator",Sugar On My Tongue,Columbia,19,19,12,584418,PL,Poland,Q4,2025
30,spotify:track:2RkZ5LkEzeHGRsmDqKwmaJ,Alex Warren,Ordinary,Atlantic Records,7,26,32,565495,PL,Poland,Q4,2025
31,spotify:track:3cZajhyr8LmtPfHZ9296tj,"Disco Lines, Tinashe",No Broke Boys,Nice Life/Atlantic,23,25,10,559570,PL,Poland,Q4,2025
32,spotify:track:1U7ZU4sJsMDzHSA7n333BJ,"Sentino, BNP",CASABLANCA,BNP.LABEL,1,21,24,556866,PL,Poland,Q4,2025
33,spotify:track:2yWlGEgEfPot0lv3OAjuG3,"Tate McRae, F1 The Album",Just Keep Watching (From F1® The Movie),Atlantic Records,11,29,19,554350,PL,Poland,Q4,2025
34,spotify:track:5H1sKFMzDeMtXwND3V6hRY,BLACKPINK,JUMP,YG Entertainment,13,22,13,540736,PL,Poland,Q4,2025
35,spotify:track:1jFjbuYdJ7U1RVzZ8GLnSx,"Otsochodzi, lohleq, @atutowy",NAWETT JAK,2020,35,-1,1,539048,PL,Poland,Q4,2025
36,spotify:track:0tkKJZLaTBN4q2xvxcVTlY,"Avi, Kaz Bałagane, clearmind, FANTØM",Monarcha,Moya Label,36,39,2,530611,PL,Poland,Q4,2025
37,spotify:track:2QRaWwxAQ5C38Zu4udkum0,"Mata, Kizo, Blacha 2115",O PÓŁNOCY,Muzyka Sp. z o.o.,3,28,9,514270,PL,Poland,Q4,2025
38,spotify:track:6ZSxG2QvGmwXbTfn7iDq7a,Taylor Swift,Actually Romantic,Taylor Swift,38,-1,1,509626,PL,Poland,Q4,2025
39,spotify:track:2NDY6DWsQCQFuccgid7rvE,Malik Montana,Belly Dance,WM Poland/WMI,19,41,11,508102,PL,Poland,Q4,2025
40,spotify:track:7eBnyfgpicRCTgGvlwJoMS,"Ekipa, MODELKI, Qry, WERSOW, Mortal, Vłodarski, Świeży",Santa Cruz,Ekipa,1,42,18,507911,PL,Poland,Q4,2025
41,spotify:track:08gvD5pFucRIkh16bN5qRA,"MODELKI, Vłodarski",Miss Dior,Universal Music Polska Sp. z o.o.,4,30,27,506279,PL,Poland,Q4,2025
42,spotify:track:5si1RXwDD1kTwsbH95IUU9,Młody West,100 Tysięcy,Mlody West,42,43,2,506068,PL,Poland,Q4,2025
43,spotify:track:6iC3L3YmAkGucvJbXKDanA,Taylor Swift,Eldest Daughter,Taylor Swift,43,-1,1,505540,PL,Poland,Q4,2025
44,spotify:track:02jrWOuqIbNXF77OGE9iQs,"ZACZAROWANY BURDEL, Kuki",ALIMENCIARZ,ZACZAROWANY BURDEL,22,24,4,504423,PL,Poland,Q4,2025
45,spotify:track:1ZIscVoYHftgA5STle5cPo,"Kaz Bałagane, Oskar83",Multisport,NARKOPOP LABEL,1,35,64,501452,PL,Poland,Q4,2025
46,spotify:track:5orCpZpRAFglX3rtvw9kel,"MIÜ, Koder, 6YNTHMANE",miü miü,MIÜ,2,23,11,500912,PL,Poland,Q4,2025
47,spotify:track:0129EujhGkwtwTFADGem5P,Taylor Swift,Wood,Taylor Swift,47,-1,1,494939,PL,Poland,Q4,2025
48,spotify:track:7gPbVDk8Es7AVHTLUFq6CU,PRO8L3M,Ground Zero,RHW Records,1,63,236,494620,PL,Poland,Q4,2025
49,spotify:track:1UlkpIKiVchDMB03AN6LmT,Swedish House Mafia,Wait So Long (Why Do I Have To),SUPERHUMAN MUSIC,27,31,11,494143,PL,Poland,Q4,2025
50,spotify:track:243KxZULAjWO3KREpVHgOH,"Taylor Swift, Sabrina Carpenter",The Life of a Showgirl (feat. Sabrina Carpenter),Taylor Swift,50,-1,1,489988,PL,Poland,Q4,2025
1,spotify:track:40yRQySDfSc5I6SoZzRLxZ,Bolaget,Längesen,WM Sweden,1,1,3,821524,SE,Sweden,Q1,2025
2,spotify:track:7ne4VBA60CxGM75vw0EYad,Gracie Abrams,That’s So True,"Gracie Abrams, under exclusive license to Interscope Records",2,2,12,754664,SE,Sweden,Q1,2025
3,spotify:track:4wJ5Qq0jBN4ajy7ouZIV1c,"ROSÉ, Bruno Mars",APT.,Atlantic Records,3,3,12,718577,SE,Sweden,Q1,2025
4,spotify:track:0j2JcSeuF8ElJTrC8g6493,"Humlan Djojj, Josefine Götestam",Djurens vaggvisa,Filtr Kids,4,4,172,682786,SE,Sweden,Q1,2025
5,spotify:track:2plbrEY59IikOBgBGLjaoe,"Lady Gaga, Bruno Mars",Die With A Smile,Interscope,5,6,21,628723,SE,Sweden,Q1,2025
6,spotify:track:3GygspQIcYy5OnRiw245Qh,Babblarna,Babblarnas vaggvisa,Universal Music AB Distributed Labels,5,9,315,542174,SE,Sweden,Q1,2025
7,spotify:track:6FaMpOVyLVhyf6Fb8QMrhO,Gaboro,HEAVEN & HELL,Gaboro,5,5,4,537869,SE,Sweden,Q1,2025
8,spotify:track:5GdAGqF9ZI4gADtpVAxqe7,"Molly Sandén, Victor Leksell",Lost and found,Milkshake,1,7,16,509763,SE,Sweden,Q1,2025
9,spotify:track:6dOtVTDdiauQNBQEDOtlAB,Billie Eilish,BIRDS OF A FEATHER,Darkroom/Interscope Records,5,11,34,475750,SE,Sweden,Q1,2025
10,spotify:track:35ISBknsCeZQtq66xABI9g,Lola Young,Messy,Universal-Island Records Ltd.,10,16,5,453032,SE,Sweden,Q1,2025
11,spotify:track:1nPjwnKrO6imcSiaXNu8CX,Yasin,Cecilia Lind,GG,1,14,13,438976,SE,Sweden,Q1,2025
12,spotify:track:5fZJQrFKWQLb7FpJXZ1g7K,Shaboozey,A Bar Song (Tipsy),American Dogwood / EMPIRE,1,10,39,414977,SE,Sweden,Q1,2025
13,spotify:track:2262bWmqomIaJXwCRHr13j,Gigi Perez,Sailor Song,Gigi Perez PS/ Island,5,18,19,405548,SE,Sweden,Q1,2025
14,spotify:track:6KOzO2mUwSwe8a9GiJAn7X,Bolaget,Kan Inte Gå,WM Sweden,1,8,158,401864,SE,Sweden,Q1,2025
15,spotify:track:3nHuKdFJZm78CoeBnDcFKe,Teddy Swims,Bad Dreams,Warner Records,10,19,17,401160,SE,Sweden,Q1,2025
16,spotify:track:17phhZDn6oGtzMe56NuWvj,Teddy Swims,Lose Control,Warner Records,16,17,67,380197,SE,Sweden,Q1,2025
17,spotify:track:4o5Ob60pz8QHcFKcr4MWyf,Bolaget,Ikväll Igen,WM Sweden,1,12,92,375187,SE,Sweden,Q1,2025
18,spotify:track:401N7rbd6MSziVSDVTaQr7,"Humlan Djojj, Josefine Götestam",Somna,Filtr Kids,18,22,124,372040,SE,Sweden,Q1,2025
19,spotify:track:5jlAu4lHHVzheutRcbDklk,"Humlan Djojj, Josefine Götestam",Stjärnorna,Filtr Kids,19,28,128,351162,SE,Sweden,Q1,2025
20,spotify:track:3PzfAzqI03wcX8OikTdrH2,Soppgirobygget,Viva La Vida,Soppgiro inc. In Collaboration With Liso Records,2,13,32,346126,SE,Sweden,Q1,2025
21,spotify:track:0ZW2C4Yd8HvGXM6jrLmChx,"Y4ska, Dizzy",CALMA,TopGuyz AB under exclusive license to Amuseio AB,4,31,34,321445,SE,Sweden,Q1,2025
22,spotify:track:2HRqTpkrJO5ggZyyK6NPWz,Sabrina Carpenter,Espresso,Island Records,4,15,39,316911,SE,Sweden,Q1,2025
23,spotify:track:4dWjrsyd2eUK04Iho6SW0M,"ADAAM, Sweyway",FIESTA,Universal Music AB,23,-1,1,304513,SE,Sweden,Q1,2025
24,spotify:track:1KZG1H1OCugGqIRmk1wF9m,"Sam Barber, Avery Anna",Indigo (feat. Avery Anna),Lockeland Springs/Atlantic,24,49,5,302439,SE,Sweden,Q1,2025
25,spotify:track:0nrRP2bk19rLc0orkWPQk2,Avicii,Wake Me Up,Pophouse Entertainment Group,2,81,332,301711,SE,Sweden,Q1,2025
26,spotify:track:0Pii5EXqXhPOTcX86zDxaW,"Asme, Shiro",Ole Dole Doff,BL/CRN,2,32,13,299993,SE,Sweden,Q1,2025
27,spotify:track:7qLwjBWh3M2JLFlEokIjUP,"Humlan Djojj, Josefine Götestam",Nu säger vi godnatt,Filtr Kids,27,35,74,295501,SE,Sweden,Q1,2025
28,spotify:track:1Es7AUAhQvapIcoh3qMKDL,"The Weeknd, Playboi Carti",Timeless (feat Playboi Carti),XO / Republic Records,17,38,15,295346,SE,Sweden,Q1,2025
29,spotify:track:5IZXB5IKAD2qlvTPJYDCFB,"Post Malone, Morgan Wallen",I Had Some Help (Feat. Morgan Wallen),Mercury Records / Republic Records,3,26,35,285040,SE,Sweden,Q1,2025
30,spotify:track:2YYsb4d39JKLpQgTMpXOQ0,Miriam Bryant,Regnblöta skor,WM Sweden,1,23,22,280598,SE,Sweden,Q1,2025
31,spotify:track:29YN98sTVSpfYMpPzFXaGU,Bolaget,Välkommen ner,WM Sweden,3,25,40,277603,SE,Sweden,Q1,2025
32,spotify:track:3xkHsmpQCBMytMJNiDf3Ii,Benson Boone,Beautiful Things,"Night Street Records, Inc./Warner Records Inc.",3,21,51,267334,SE,Sweden,Q1,2025
33,spotify:track:0WbMK4wrZ1wFSty9F7FCgu,Chappell Roan,"Good Luck, Babe!",Chappell Roan PS/ Island,25,30,36,265935,SE,Sweden,Q1,2025
34,spotify:track:3hRV0jL3vUpRrcy398teAU,Lord Huron,The Night We Met,Lord Huron,24,48,103,261401,SE,Sweden,Q1,2025
35,spotify:track:5MxHurfskrN1RvkKez2ofd,"Humlan Djojj, Josefine Götestam",Godnattvisan,Filtr Kids,35,51,69,255381,SE,Sweden,Q1,2025
36,spotify:track:5G2f63n7IPVPPjfNIGih7Q,Sabrina Carpenter,Taste,Island Records,9,39,20,252586,SE,Sweden,Q1,2025
37,spotify:track:19XpFsce28aByvCC4g89tJ,Hozier,Too Sweet,Columbia,5,44,40,249992,SE,Sweden,Q1,2025
38,spotify:track:6Pgkp4qUoTmJIPn7ReaGxL,"Avicii, Sandro Cavazza",Without You (feat. Sandro Cavazza),Pophouse Entertainment Group,1,182,226,245492,SE,Sweden,Q1,2025
39,spotify:track:3Vr3zh0r7ALn8VLqCiRR10,Myles Smith,Stargazing,RCA Records Label,6,36,34,242628,SE,Sweden,Q1,2025
40,spotify:track:7HuBqX0G5mJTd8TEiPZ40K,"Y4ska, Jireel, ROMANOS",DNA,Y4ska,2,27,15,241600,SE,Sweden,Q1,2025
41,spotify:track:3dj4wgM3cPeuLwMNHDuBon,Teddy Swims,The Door,Warner Records,41,54,38,239967,SE,Sweden,Q1,2025
42,spotify:track:2UX821OXiIYGp67PdMqmoe,Sarettii,I Might,Universal Music AB,1,56,19,239782,SE,Sweden,Q1,2025
43,spotify:track:5B03nSG8pLE48jh7kmasuL,Avicii,Levels - Radio Edit,Universal Music AB,3,148,49,233307,SE,Sweden,Q1,2025
44,spotify:track:4TnoZMlHYaYVCVB8BXMVj9,Miss Li,På Måndag,Pistol Packin' Music,27,45,12,226207,SE,Sweden,Q1,2025
45,spotify:track:4lQfnSLKKSKlep9ASNoTbo,Vintergatan,Babblarnas vaggvisa,Filtr,45,62,113,226199,SE,Sweden,Q1,2025
46,spotify:track:5IZGN81VVgBv1lPrjXzOD6,"Miriam Bryant, Victor Leksell",tystnar i luren,WM Sweden,1,70,136,225966,SE,Sweden,Q1,2025
47,spotify:track:1mea3bSkSGXuIRvnydlB5b,Coldplay,Viva La Vida,Parlophone UK,11,71,111,225768,SE,Sweden,Q1,2025
48,spotify:track:3CTgRPxyTh2w7wBjVFH88e,"Purple Disco Machine, Benjamin Ingrosso, Nile Rodgers, Shenseea",Honey Boy (feat. Nile Rodgers & Shenseea),Columbia Local,2,24,35,223036,SE,Sweden,Q1,2025
49,spotify:track:3QaPy1KgI7nu9FJEQUgn6h,Billie Eilish,WILDFLOWER,Darkroom/Interscope Records,31,75,31,222420,SE,Sweden,Q1,2025
50,spotify:track:5RKQ5NdjSh2QzD4MaunT91,Journey,Don't Stop Believin' (2022 Remaster),Columbia/Legacy,42,42,273,222005,SE,Sweden,Q1,2025
1,spotify:track:2gThkoApt6B7ajBWZRLAVv,KAJ,Bara Bada Bastu,WM Sweden,1,1,7,1432169,SE,Sweden,Q2,2025
2,spotify:track:3QR9CKSgMGMq27gnSl5pft,Hov1,Räddare i nöden,Universal Music AB,2,2,2,997689,SE,Sweden,Q2,2025
3,spotify:track:2CMLgiwaTlemYqc7llxO6i,Dolly Style,Yihaa,Universal Music AB,2,3,8,697942,SE,Sweden,Q2,2025
4,spotify:track:1Vvsi25b3d1FzEnbaCoYLm,Victor Leksell,Hur många mil,Sony Music Sweden,4,-1,1,675663,SE,Sweden,Q2,2025
5,spotify:track:2RkZ5LkEzeHGRsmDqKwmaJ,Alex Warren,Ordinary,Atlantic Records,4,6,9,671585,SE,Sweden,Q2,2025
6,spotify:track:0IstZK4ERxONEDvE5wxwHS,Søte & Rare,Bender,Søte og Rare´ Records,4,4,6,668752,SE,Sweden,Q2,2025
7,spotify:track:0j2JcSeuF8ElJTrC8g6493,"Humlan Djojj, Josefine Götestam",Djurens vaggvisa,Filtr Kids,3,5,185,664558,SE,Sweden,Q2,2025
8,spotify:track:5ITV0zqzjOYfFWpW0xBmRa,"WizTheMc, bees & honey",Show Me Love,Bamboo Artists,8,14,6,578147,SE,Sweden,Q2,2025
9,spotify:track:0GRc3eGTg8HBdWLRGYgqIc,Ed Sheeran,Azizam,Gingerbread Man Records / Atlantic Records UK,9,-1,1,540858,SE,Sweden,Q2,2025
10,spotify:track:7aLXAoR6RB5qQmBRvKE2kO,Klara Hammarström,On and On and On,Universal Music AB,1,7,9,485024,SE,Sweden,Q2,2025
11,spotify:track:42JjxAcdxkqNOkx1HpPizt,Bolaget,Alla Ska Dö,WM Sweden,8,8,4,483202,SE,Sweden,Q2,2025
12,spotify:track:3GygspQIcYy5OnRiw245Qh,Babblarna,Babblarnas vaggvisa,Universal Music AB Distributed Labels,5,11,328,472966,SE,Sweden,Q2,2025
13,spotify:track:4wJ5Qq0jBN4ajy7ouZIV1c,"ROSÉ, Bruno Mars",APT.,Atlantic Records,1,9,25,471675,SE,Sweden,Q2,2025
14,spotify:track:7so0lgd0zP2Sbgs2d7a1SZ,"Lady Gaga, Bruno Mars",Die With A Smile,Interscope Records,2,16,34,419434,SE,Sweden,Q2,2025
15,spotify:track:0ktvJdYHDM30akporoNJkM,"Petter, ADAAM",Thug (feat. ADAAM),BABA Recordings,15,-1,1,390056,SE,Sweden,Q2,2025
16,spotify:track:3kzhtJH4jrnKQmuE8ai8ob,Meira Omar,Hush Hush,Emperial AB,3,15,10,389896,SE,Sweden,Q2,2025
17,spotify:track:3jGTLWpILJexFMVibAjij9,Victor Leksell,Skriker mitt namn,Sony Music Sweden,2,34,12,380363,SE,Sweden,Q2,2025
18,spotify:track:6dOtVTDdiauQNBQEDOtlAB,Billie Eilish,BIRDS OF A FEATHER,Darkroom/Interscope Records,5,23,47,379569,SE,Sweden,Q2,2025
19,spotify:track:3BntzKsnLf2pc0dsvE3Zav,Teddy Swims,Bad Dreams,Warner Records,10,24,30,367055,SE,Sweden,Q2,2025
20,spotify:track:2HRqTpkrJO5ggZyyK6NPWz,Sabrina Carpenter,Espresso,Island Records,4,41,52,363025,SE,Sweden,Q2,2025
21,spotify:track:1xYhFfJInHS8hsGfrJW4lI,Måns Zelmerlöw,Revolution,WM Sweden,3,13,7,359185,SE,Sweden,Q2,2025
22,spotify:track:0UvVr7by4E5QEndoWl1Joo,SCARLET,Sweet N’ Psycho,Universal Music AB,4,12,6,356159,SE,Sweden,Q2,2025
23,spotify:track:50tyzSlh6cGO2WIMilA6Y3,Simon Superti,Bullerbyn är död,Sony Music Sweden,1,20,10,355091,SE,Sweden,Q2,2025
24,spotify:track:401N7rbd6MSziVSDVTaQr7,"Humlan Djojj, Josefine Götestam",Somna,Filtr Kids,18,29,137,353555,SE,Sweden,Q2,2025
25,spotify:track:5Qy0doMqmgxa2D1pGZr0Io,Søte & Rare,Hvitt Gull (Kilroy),Søte og Rare´ Records,25,27,10,345939,SE,Sweden,Q2,2025
26,spotify:track:40yRQySDfSc5I6SoZzRLxZ,Bolaget,Längesen,WM Sweden,1,18,16,345738,SE,Sweden,Q2,2025
27,spotify:track:6KOzO2mUwSwe8a9GiJAn7X,Bolaget,Kan Inte Gå,WM Sweden,1,17,171,344672,SE,Sweden,Q2,2025
28,spotify:track:5jlAu4lHHVzheutRcbDklk,"Humlan Djojj, Josefine Götestam",Stjärnorna,Filtr Kids,19,35,141,343427,SE,Sweden,Q2,2025
29,spotify:track:7ne4VBA60CxGM75vw0EYad,Gracie Abrams,That’s So True,"Gracie Abrams, under exclusive license to Interscope Records",2,28,25,337273,SE,Sweden,Q2,2025
30,spotify:track:3LPLRNr58Z9Pn0clnEtkXb,Doechii,Anxiety,Top Dawg Entertainment/Capitol Records,12,21,5,334365,SE,Sweden,Q2,2025
31,spotify:track:1oFoY6INRnHIpHY6ssPxBm,Veronica Maggio,Trädgården en fredag,Universal Music AB,31,39,104,328057,SE,Sweden,Q2,2025
32,spotify:track:5GdAGqF9ZI4gADtpVAxqe7,"Molly Sandén, Victor Leksell",Lost and found,Milkshake,1,32,29,325797,SE,Sweden,Q2,2025
33,spotify:track:1U49LNwMAgAwlLMQxeqWL6,"Hov1, Seinabo Sey",Försent,Universal Music AB,3,36,37,323944,SE,Sweden,Q2,2025
34,spotify:track:0W6ol1CE3oQSkI35ZcsDb6,Veronica Maggio,I min bil,Universal Music AB,17,26,6,323769,SE,Sweden,Q2,2025
35,spotify:track:3zqr8gsLOdlRehxOD3pZpe,Saga Ludvigsson,Hate You So Much,Universal Music AB,7,19,6,322126,SE,Sweden,Q2,2025
36,spotify:track:1aEU7mcRDTYBB4ASpqbjYE,Hov1,Hon dansar vidare i livet,Universal Music AB,1,38,308,321376,SE,Sweden,Q2,2025
37,spotify:track:2LHNTC9QZxsL3nWpt8iaSR,Lady Gaga,Abracadabra,Interscope Records,10,37,10,316263,SE,Sweden,Q2,2025
38,spotify:track:2fmFzhUmp5uMDbynpXWRpQ,Sebastian Lara,KNOCKED DOWN,Strawtown,30,30,5,316156,SE,Sweden,Q2,2025
39,spotify:track:6CshHyQHSzQhwaadpBQhH1,Greczula,Believe me,WM Sweden,5,22,8,314497,SE,Sweden,Q2,2025
40,spotify:track:3PzfAzqI03wcX8OikTdrH2,Soppgirobygget,Viva La Vida,Soppgiro inc. In Collaboration With Liso Records,2,31,45,308648,SE,Sweden,Q2,2025
41,spotify:track:5G2f63n7IPVPPjfNIGih7Q,Sabrina Carpenter,Taste,Island Records,9,59,33,305868,SE,Sweden,Q2,2025
42,spotify:track:4o5Ob60pz8QHcFKcr4MWyf,Bolaget,Ikväll Igen,WM Sweden,1,45,105,304098,SE,Sweden,Q2,2025
43,spotify:track:7MzmBmyI9KkyQJaPNLdtUi,Veronica Maggio,17 år,Universal Music AB,21,46,147,303585,SE,Sweden,Q2,2025
44,spotify:track:35ISBknsCeZQtq66xABI9g,Lola Young,Messy,Universal-Island Records Ltd.,10,40,18,296483,SE,Sweden,Q2,2025
45,spotify:track:5fZJQrFKWQLb7FpJXZ1g7K,Shaboozey,A Bar Song (Tipsy),American Dogwood / EMPIRE,1,42,52,293094,SE,Sweden,Q2,2025
46,spotify:track:4AajxCEwGEsmHmT4H1TwjY,sombr,undressed,Warner Records,46,56,3,290605,SE,Sweden,Q2,2025
47,spotify:track:7qLwjBWh3M2JLFlEokIjUP,"Humlan Djojj, Josefine Götestam",Nu säger vi godnatt,Filtr Kids,27,47,87,284584,SE,Sweden,Q2,2025
48,spotify:track:2T5UDvBzecsQkTMVbOvRLS,kent,Pärlor,RCA Records Label,3,10,39,279257,SE,Sweden,Q2,2025
49,spotify:track:5MEuFY2DxrozPEgGpR8Fji,Veronica Maggio,Välkommen in,Universal Music AB,17,49,173,274689,SE,Sweden,Q2,2025
50,spotify:track:17phhZDn6oGtzMe56NuWvj,Teddy Swims,Lose Control,Warner Records,16,44,80,272264,SE,Sweden,Q2,2025
1,spotify:track:01RdEXps15f3VmQMV6OuTM,"Tjuvjakt, Fanny Avonne",Tusen spänn,Roxy Recordings,1,1,9,976082,SE,Sweden,Q3,2025
2,spotify:track:57AHVmaxTYWoBBB5CFr9Ts,Lovet,Sommarkatt,Coda,2,2,6,801701,SE,Sweden,Q3,2025
3,spotify:track:3vw4a2mNKELC7p1LRBR3Xf,Ida-Lova,Svagare än jag,Playground Music,1,3,13,785527,SE,Sweden,Q3,2025
4,spotify:track:6eIzQCYExfnNeM7KOlE3lE,KAJ,Bara Bada Bastu,WM Sweden,1,7,20,697725,SE,Sweden,Q3,2025
5,spotify:track:0j2JcSeuF8ElJTrC8g6493,"Humlan Djojj, Josefine Götestam",Djurens vaggvisa,Filtr Kids,2,6,198,691309,SE,Sweden,Q3,2025
6,spotify:track:63FjDlco0BQXJuPZeQ70CZ,"De Vet Du, Victor Leksell",Ta Mig Aldrig Härifrån,One Brain,5,5,4,666652,SE,Sweden,Q3,2025
7,spotify:track:2RkZ5LkEzeHGRsmDqKwmaJ,Alex Warren,Ordinary,Atlantic Records,3,8,22,660436,SE,Sweden,Q3,2025
8,spotify:track:37UCSVSqiPGdR1DijOFyYY,Zara Larsson,Midnight Sun,Sommer House/Epic,8,21,4,529442,SE,Sweden,Q3,2025
9,spotify:track:0GRc3eGTg8HBdWLRGYgqIc,Ed Sheeran,Azizam,Gingerbread Man Records / Atlantic Records UK,8,12,14,524688,SE,Sweden,Q3,2025
10,spotify:track:3tgDP0BTRP10i4HkLlAER3,Niklas Strömstedt,Om,WM Sweden,5,9,11,517685,SE,Sweden,Q3,2025
11,spotify:track:00oneQN4fZEl3tbhiNMExE,Darin,Mimosa,Universal Music AB,11,13,9,514313,SE,Sweden,Q3,2025
12,spotify:track:4zpNfuWJA3K4d9TS4qnOIB,Tommy Cash,Espresso Macchiato,TOMMY CASH,3,10,9,495042,SE,Sweden,Q3,2025
13,spotify:track:3kbNesyQPnUreP6bD7aADS,Victor Leksell,Lys på mig,Sony Music Sweden,8,11,6,490770,SE,Sweden,Q3,2025
14,spotify:track:2BtcfopAsabwKFovwFyvFk,Soppgirobygget,BASSIANI,WM Norway,4,16,13,465071,SE,Sweden,Q3,2025
15,spotify:track:3GygspQIcYy5OnRiw245Qh,Babblarna,Babblarnas vaggvisa,Universal Music AB Distributed Labels,5,14,341,464328,SE,Sweden,Q3,2025
16,spotify:track:0FTmksd2dxiE5e3rWyJXs6,sombr,back to friends,Warner Records,16,20,16,430766,SE,Sweden,Q3,2025
17,spotify:track:0IstZK4ERxONEDvE5wxwHS,Søte & Rare,Bender,Søte og Rare´ Records,4,19,19,430512,SE,Sweden,Q3,2025
18,spotify:track:7Ma4xWMBilJP90yLC5H3ZY,Lia Lindstén,Mitt hjärta av guld,Sony Music Sweden,15,15,5,413181,SE,Sweden,Q3,2025
19,spotify:track:5MEuFY2DxrozPEgGpR8Fji,Veronica Maggio,Välkommen in,Universal Music AB,5,17,186,407744,SE,Sweden,Q3,2025
20,spotify:track:1Vo4peT3VmtdLVtw1s65Cm,Norlie & KKV,Ingen annan rör mig som du,WM Sweden,20,23,128,393269,SE,Sweden,Q3,2025
21,spotify:track:48zbg3rmtLckXVdKracwzq,"ADAAM, Greekazo, ROMANOS",Håller Mig Själv,Universal Music AB,1,18,11,386434,SE,Sweden,Q3,2025
22,spotify:track:401N7rbd6MSziVSDVTaQr7,"Humlan Djojj, Josefine Götestam",Somna,Filtr Kids,18,26,150,368036,SE,Sweden,Q3,2025
23,spotify:track:4AajxCEwGEsmHmT4H1TwjY,sombr,undressed,Warner Records,12,27,16,361153,SE,Sweden,Q3,2025
24,spotify:track:1CPZ5BxNNd0n0nF4Orb9JS,"HUNTR/X, EJAE, AUDREY NUNA, REI AMI, KPop Demon Hunters Cast",Golden,K-Pop Demon Hunters,24,82,2,361104,SE,Sweden,Q3,2025
25,spotify:track:0ObXx8JTavVADLWIwlHKBX,Jireel,Baby Kom,MOTY Records,4,4,3,357941,SE,Sweden,Q3,2025
26,spotify:track:4WFgvKVfEhb3IUAFGrutTR,Ravyn Lenae,Love Me Not,Atlantic Records,25,30,18,356315,SE,Sweden,Q3,2025
27,spotify:track:5jlAu4lHHVzheutRcbDklk,"Humlan Djojj, Josefine Götestam",Stjärnorna,Filtr Kids,19,28,154,354286,SE,Sweden,Q3,2025
28,spotify:track:6KOzO2mUwSwe8a9GiJAn7X,Bolaget,Kan Inte Gå,WM Sweden,1,29,184,353972,SE,Sweden,Q3,2025
29,spotify:track:42UBPzRMh5yyz0EDPr6fr1,Sabrina Carpenter,Manchild,Island Records,14,24,5,352212,SE,Sweden,Q3,2025
30,spotify:track:1aEU7mcRDTYBB4ASpqbjYE,Hov1,Hon dansar vidare i livet,Universal Music AB,1,31,321,348922,SE,Sweden,Q3,2025
31,spotify:track:7MzmBmyI9KkyQJaPNLdtUi,Veronica Maggio,17 år,Universal Music AB,11,22,160,348457,SE,Sweden,Q3,2025
32,spotify:track:1K2a8QcaPTDTZ1e4M0s8gQ,Tjuvjakt,Tandtråd,Parlophone Sweden,22,37,159,342077,SE,Sweden,Q3,2025
33,spotify:track:2yWlGEgEfPot0lv3OAjuG3,"Tate McRae, F1 The Album",Just Keep Watching (From F1® The Movie),Atlantic Records,25,45,6,339776,SE,Sweden,Q3,2025
34,spotify:track:5ITV0zqzjOYfFWpW0xBmRa,"WizTheMc, bees & honey",Show Me Love,Bamboo Artists,8,38,19,336925,SE,Sweden,Q3,2025
35,spotify:track:7mb5hu425gAKIq9b8j386T,KAJ,Mosquito,WM Sweden,35,-1,1,333299,SE,Sweden,Q3,2025
36,spotify:track:6PdHWKjgo6lGmI84OJfJOg,Von Disco,Skyddar mig från dig,Universal Music AB,32,32,3,323576,SE,Sweden,Q3,2025
37,spotify:track:1qlad6gBZhkhmKd7atFusg,"Nuqi, Jireel",Ay Ay,Justja AB,37,-1,1,323542,SE,Sweden,Q3,2025
38,spotify:track:2JHpFobSp0WktxCod6MEIy,Molly Sandén,Trophy,Milkshake,19,33,4,322540,SE,Sweden,Q3,2025
39,spotify:track:1oFoY6INRnHIpHY6ssPxBm,Veronica Maggio,Trädgården en fredag,Universal Music AB,17,34,117,310803,SE,Sweden,Q3,2025
40,spotify:track:4o5Ob60pz8QHcFKcr4MWyf,Bolaget,Ikväll Igen,WM Sweden,1,35,118,310498,SE,Sweden,Q3,2025
41,spotify:track:3SjXx3rbNGk8nCho8YEoz5,Håkan Hellström,Det kommer aldrig va över för mig,UME - Global Clearing House,9,39,193,305874,SE,Sweden,Q3,2025
42,spotify:track:6sjGsKuInpaK3uoaWGe22W,Oskar Linnros,Från och med Du,Universal Music AB,17,40,203,302212,SE,Sweden,Q3,2025
43,spotify:track:5GdAGqF9ZI4gADtpVAxqe7,"Molly Sandén, Victor Leksell",Lost and found,Milkshake,1,44,42,292949,SE,Sweden,Q3,2025
44,spotify:track:7qLwjBWh3M2JLFlEokIjUP,"Humlan Djojj, Josefine Götestam",Nu säger vi godnatt,Filtr Kids,27,46,100,290909,SE,Sweden,Q3,2025
45,spotify:track:3PzfAzqI03wcX8OikTdrH2,Soppgirobygget,Viva La Vida,Soppgiro inc. In Collaboration With Liso Records,2,43,58,289640,SE,Sweden,Q3,2025
46,spotify:track:4GK4mydvnsodLEHWb4zJV4,Mares,Sunnanvind,Tjooff,5,36,220,289103,SE,Sweden,Q3,2025
47,spotify:track:1Vvsi25b3d1FzEnbaCoYLm,Victor Leksell,Hur många mil,Sony Music Sweden,4,41,14,276187,SE,Sweden,Q3,2025
48,spotify:track:6F0EAXG5D1iFZU57wfa0Ys,"Humlan Djojj, Josefine Götestam",Humlehum,Filtr Kids,48,50,45,275185,SE,Sweden,Q3,2025
49,spotify:track:0B3iaqZELtRBnVdIHnikK7,Medina,Genom Eld & Vatten,WM Sweden,46,64,18,263157,SE,Sweden,Q3,2025
50,spotify:track:3QR9CKSgMGMq27gnSl5pft,Hov1,Räddare i nöden,Universal Music AB,2,56,15,257557,SE,Sweden,Q3,2025
1,spotify:track:1dosSsKwYF7hoQA2kuu6wI,Taylor Swift,The Fate of Ophelia,Taylor Swift,1,-1,1,1417011,SE,Sweden,Q4,2025
2,spotify:track:1A2vZKJZovt4828jwLgiB3,Taylor Swift,Elizabeth Taylor,Taylor Swift,2,-1,1,894741,SE,Sweden,Q4,2025
3,spotify:track:67osB3wmJVTFzKhWqPb1Hm,Taylor Swift,Opalite,Taylor Swift,3,-1,1,886458,SE,Sweden,Q4,2025
4,spotify:track:1CPZ5BxNNd0n0nF4Orb9JS,"HUNTR/X, EJAE, AUDREY NUNA, REI AMI, KPop Demon Hunters Cast",Golden,K-Pop Demon Hunters,1,1,15,839251,SE,Sweden,Q4,2025
5,spotify:track:1lD0oPIfSYid1LhPvgrz10,Taylor Swift,Father Figure,Taylor Swift,5,-1,1,762930,SE,Sweden,Q4,2025
6,spotify:track:0j2JcSeuF8ElJTrC8g6493,"Humlan Djojj, Josefine Götestam",Djurens vaggvisa,Filtr Kids,2,2,211,706535,SE,Sweden,Q4,2025
7,spotify:track:243KxZULAjWO3KREpVHgOH,"Taylor Swift, Sabrina Carpenter",The Life of a Showgirl (feat. Sabrina Carpenter),Taylor Swift,7,-1,1,679144,SE,Sweden,Q4,2025
8,spotify:track:1qbmS6ep2hbBRaEZFpn7BX,Olivia Dean,Man I Need,PLG - Capitol,3,3,8,661839,SE,Sweden,Q4,2025
9,spotify:track:6iC3L3YmAkGucvJbXKDanA,Taylor Swift,Eldest Daughter,Taylor Swift,9,-1,1,641093,SE,Sweden,Q4,2025
10,spotify:track:3FzJDGVjRGNc7KrkabU5N0,Taylor Swift,CANCELLED!,Taylor Swift,10,-1,1,640343,SE,Sweden,Q4,2025
11,spotify:track:6ZSxG2QvGmwXbTfn7iDq7a,Taylor Swift,Actually Romantic,Taylor Swift,11,-1,1,619327,SE,Sweden,Q4,2025
12,spotify:track:0129EujhGkwtwTFADGem5P,Taylor Swift,Wood,Taylor Swift,12,-1,1,618270,SE,Sweden,Q4,2025
13,spotify:track:3Qeh4z08FfDBRfQMfDv83f,Taylor Swift,Wi$h Li$t,Taylor Swift,13,-1,1,598242,SE,Sweden,Q4,2025
14,spotify:track:34xxPZWbEyg5iDKEBqdsBZ,Taylor Swift,Ruin The Friendship,Taylor Swift,14,-1,1,596903,SE,Sweden,Q4,2025
15,spotify:track:4rPzC5pYU0MYzNys1VCQ2U,"DIREKTÖREN, DJ Hellan",SOS,DIREKTÖREN,4,4,3,536313,SE,Sweden,Q4,2025
16,spotify:track:2RkZ5LkEzeHGRsmDqKwmaJ,Alex Warren,Ordinary,Atlantic Records,3,6,35,505954,SE,Sweden,Q4,2025
17,spotify:track:3vGd1heFoUuFGvKvl0SdW3,Taylor Swift,Honey,Taylor Swift,17,-1,1,499647,SE,Sweden,Q4,2025
18,spotify:track:01RdEXps15f3VmQMV6OuTM,"Tjuvjakt, Fanny Avonne",Tusen spänn,Roxy Recordings,1,9,22,490211,SE,Sweden,Q4,2025
19,spotify:track:02sy7FAs8dkDNYsHp4Ul3f,"Saja Boys, Andrew Choi, Neckwav, Danny Chung, KEVIN WOO, samUIL Lee, KPop Demon Hunters Cast",Soda Pop,K-Pop Demon Hunters,4,5,15,484769,SE,Sweden,Q4,2025
20,spotify:track:7qjZnBKE73H4Oxkopwulqe,sombr,back to friends,Warner Records,7,8,29,478846,SE,Sweden,Q4,2025
21,spotify:track:05od2qm2MTSKCHxy1GBp5W,sombr,12 to 12,Warner Records,5,7,11,466761,SE,Sweden,Q4,2025
22,spotify:track:55lijDD6OAjLFFUHU9tcDm,RAYE,WHERE IS MY HUSBAND!,Human Re Sources,10,10,3,445663,SE,Sweden,Q4,2025
23,spotify:track:3GygspQIcYy5OnRiw245Qh,Babblarna,Babblarnas vaggvisa,Universal Music AB Distributed Labels,5,12,354,439435,SE,Sweden,Q4,2025
24,spotify:track:4JAjSsZO4DX0tWYjMjppdM,Molly Sandén,Blåögd,Milkshake,9,13,3,405772,SE,Sweden,Q4,2025
25,spotify:track:401N7rbd6MSziVSDVTaQr7,"Humlan Djojj, Josefine Götestam",Somna,Filtr Kids,14,16,163,385089,SE,Sweden,Q4,2025
26,spotify:track:3cZajhyr8LmtPfHZ9296tj,"Disco Lines, Tinashe",No Broke Boys,Nice Life/Atlantic,12,14,12,383386,SE,Sweden,Q4,2025
27,spotify:track:5jlAu4lHHVzheutRcbDklk,"Humlan Djojj, Josefine Götestam",Stjärnorna,Filtr Kids,15,18,167,374775,SE,Sweden,Q4,2025
28,spotify:track:5xsHQu1SXYS6DYOJwIWhSC,Ida-Lova,Svagare än jag,Playground Music,1,27,26,350845,SE,Sweden,Q4,2025
29,spotify:track:1D53fHdnCjj7ILJSHRJ7h9,Kaptenen,BUBBEL,Kaptenen,19,19,4,347825,SE,Sweden,Q4,2025
30,spotify:track:04a44cx2PJthIbN2aLMXhl,Tate McRae,TIT FOR TAT,RCA Records Label,11,11,2,346670,SE,Sweden,Q4,2025
31,spotify:track:1qRV1dKLOfH1s00b9J2LUQ,Zara Larsson,Midnight Sun,Sommer House/Epic,8,15,17,341469,SE,Sweden,Q4,2025
32,spotify:track:4KULAymBBJcPRpk1yO4dOG,"Zach Bryan, Kacey Musgraves",I Remember Everything (feat. Kacey Musgraves),Warner Records,20,26,109,337242,SE,Sweden,Q4,2025
33,spotify:track:1I37Zz2g3hk9eWxaNkj031,"Saja Boys, Andrew Choi, Neckwav, Danny Chung, KEVIN WOO, samUIL Lee, KPop Demon Hunters Cast",Your Idol,K-Pop Demon Hunters,9,20,15,331380,SE,Sweden,Q4,2025
34,spotify:track:6Qyc6fS4DsZjB2mRW9DsQs,The Goo Goo Dolls,Iris,Warner Records,23,23,76,324504,SE,Sweden,Q4,2025
35,spotify:track:0TFTAtCYhp2tQ9KcJIZb55,sombr,undressed,Warner Records,12,21,29,321144,SE,Sweden,Q4,2025
36,spotify:track:7qLwjBWh3M2JLFlEokIjUP,"Humlan Djojj, Josefine Götestam",Nu säger vi godnatt,Filtr Kids,22,28,113,309710,SE,Sweden,Q4,2025
37,spotify:track:5BZsQlgw21vDOAjoqkNgKb,Justin Bieber,DAISIES,"JRC Entertainment, LLC / ILH Production Co. LLC / Def Jam Recordings",3,22,13,308591,SE,Sweden,Q4,2025
38,spotify:track:3RXUgPNIbUgFxsDWuBQEt6,"HUNTR/X, EJAE, AUDREY NUNA, REI AMI, KPop Demon Hunters Cast",How It’s Done,K-Pop Demon Hunters,12,24,15,296911,SE,Sweden,Q4,2025
39,spotify:track:6F0EAXG5D1iFZU57wfa0Ys,"Humlan Djojj, Josefine Götestam",Humlehum,Filtr Kids,26,32,58,292767,SE,Sweden,Q4,2025
40,spotify:track:5sBDrrtLGbV64QJnEqfjer,"HUNTR/X, EJAE, AUDREY NUNA, REI AMI, KPop Demon Hunters Cast",What It Sounds Like,K-Pop Demon Hunters,18,31,14,288375,SE,Sweden,Q4,2025
41,spotify:track:2IgrHNArmP0qRKbQ5UVeVB,noll2,Störd,Cardiac Records,17,25,4,267647,SE,Sweden,Q4,2025
42,spotify:track:5GdAGqF9ZI4gADtpVAxqe7,"Molly Sandén, Victor Leksell",Lost and found,Milkshake,1,39,55,266553,SE,Sweden,Q4,2025
43,spotify:track:3hRV0jL3vUpRrcy398teAU,Lord Huron,The Night We Met,Lord Huron,24,33,142,265163,SE,Sweden,Q4,2025
44,spotify:track:5MxHurfskrN1RvkKez2ofd,"Humlan Djojj, Josefine Götestam",Godnattvisan,Filtr Kids,34,37,108,263529,SE,Sweden,Q4,2025
45,spotify:track:0MHStU0muAIEMbwdnebYu2,"HUNTR/X, EJAE, AUDREY NUNA, REI AMI, KPop Demon Hunters Cast",Takedown,K-Pop Demon Hunters,23,35,14,248913,SE,Sweden,Q4,2025
46,spotify:track:5LcaQhfIrbt38NAeile7VL,Veronica Maggio,Hämta mer,Universal Music AB,46,-1,1,247283,SE,Sweden,Q4,2025
47,spotify:track:1oqftNDvC9Jyp7ieMER9Gk,"ROMANOS, Dizzy",Säkerhet,Universal Music AB,24,29,3,244509,SE,Sweden,Q4,2025
48,spotify:track:6JPysVgPfEab03Gbm7hjXM,"Tkandz, CXSPER",NOW OR NEVER,Everything's Yours Entertainment,48,96,2,244193,SE,Sweden,Q4,2025
49,spotify:track:6sGIMrtIzQjdzNndVxe397,Olivia Dean,So Easy (To Fall In Love),PLG - Capitol,45,45,2,237064,SE,Sweden,Q4,2025
50,spotify:track:2yWlGEgEfPot0lv3OAjuG3,"Tate McRae, F1 The Album",Just Keep Watching (From F1® The Movie),Atlantic Records,25,40,19,233341,SE,Sweden,Q4,2025
1,spotify:track:7tI8dRuH2Yc6RuoTjxo4dU,Jimin,Who,BIGHIT MUSIC,1,1,25,714966,SG,Singapore,Q1,2025
2,spotify:track:4wJ5Qq0jBN4ajy7ouZIV1c,"ROSÉ, Bruno Mars",APT.,Atlantic Records,1,2,12,701205,SG,Singapore,Q1,2025
3,spotify:track:2plbrEY59IikOBgBGLjaoe,"Lady Gaga, Bruno Mars",Die With A Smile,Interscope,1,3,21,539816,SG,Singapore,Q1,2025
4,spotify:track:7ne4VBA60CxGM75vw0EYad,Gracie Abrams,That’s So True,"Gracie Abrams, under exclusive license to Interscope Records",4,5,12,463947,SG,Singapore,Q1,2025
5,spotify:track:3be9ACTxtcL6Zm4vJRUiPG,yung kai,blue,BMG Rights Management (US) LLC,5,8,12,408143,SG,Singapore,Q1,2025
6,spotify:track:6dOtVTDdiauQNBQEDOtlAB,Billie Eilish,BIRDS OF A FEATHER,Darkroom/Interscope Records,1,7,34,390158,SG,Singapore,Q1,2025
7,spotify:track:1z5ebC9238uGoBgzYyvGpQ,ROSÉ,toxic till the end,Atlantic Records,4,6,5,360264,SG,Singapore,Q1,2025
8,spotify:track:1lcBt7LoEikqYmhUoa2cez,ROSÉ,number one girl,Atlantic Records,5,10,7,340526,SG,Singapore,Q1,2025
9,spotify:track:3U3hFkMr0Q90pD24EkE3Pr,SZA,BMF,Top Dawg Entertainment/RCA Records,9,12,3,314137,SG,Singapore,Q1,2025
10,spotify:track:2CGNAOSuO1MEFCbBRgUzjd,"Kendrick Lamar, SZA",luther (with sza),"pgLang, under exclusive license to Interscope Records",10,11,7,301714,SG,Singapore,Q1,2025
11,spotify:track:50zAEIE4B1QqhPjRMK2Xmh,Jin,Running Wild,BIGHIT MUSIC,1,4,8,283258,SG,Singapore,Q1,2025
12,spotify:track:2HRqTpkrJO5ggZyyK6NPWz,Sabrina Carpenter,Espresso,Island Records,1,13,39,224367,SG,Singapore,Q1,2025
13,spotify:track:2262bWmqomIaJXwCRHr13j,Gigi Perez,Sailor Song,Gigi Perez PS/ Island,9,14,22,194637,SG,Singapore,Q1,2025
14,spotify:track:1Es7AUAhQvapIcoh3qMKDL,"The Weeknd, Playboi Carti",Timeless (feat Playboi Carti),XO / Republic Records,13,17,15,192072,SG,Singapore,Q1,2025
15,spotify:track:0WbMK4wrZ1wFSty9F7FCgu,Chappell Roan,"Good Luck, Babe!",Chappell Roan PS/ Island,4,15,38,188830,SG,Singapore,Q1,2025
16,spotify:track:0Cu8JdYvV9DdmzLzhxaZLH,"G-DRAGON, TAEYANG, DAESUNG",HOME SWEET HOME (feat. TAEYANG & DAESUNG),Galaxy Corporation / EMPIRE,6,16,7,188325,SG,Singapore,Q1,2025
17,spotify:track:3QaPy1KgI7nu9FJEQUgn6h,Billie Eilish,WILDFLOWER,Darkroom/Interscope Records,11,18,34,184199,SG,Singapore,Q1,2025
18,spotify:track:2HRgqmZQC0MC7GeNuDIXHN,"Jung Kook, Latto",Seven (feat. Latto) (Explicit Ver.),BIGHIT MUSIC,1,23,78,180263,SG,Singapore,Q1,2025
19,spotify:track:7Cnpb1vBbC46RgVyyKLH7p,aespa,Whiplash,aespa,7,21,12,177844,SG,Singapore,Q1,2025
20,spotify:track:5G2f63n7IPVPPjfNIGih7Q,Sabrina Carpenter,Taste,Island Records,4,19,20,173271,SG,Singapore,Q1,2025
21,spotify:track:51ZQ1vr10ffzbwIjDCwqm4,Ariana Grande,we can't be friends (wait for your love),Republic Records,1,22,44,169171,SG,Singapore,Q1,2025
22,spotify:track:2CspwnypzT7rcWI9RfsoSb,JENNIE,Mantra,OA Entertainment/Columbia,3,20,13,167769,SG,Singapore,Q1,2025
23,spotify:track:2SR0alFA2oWYXSoePGTj0V,Jin,I’ll Be There,BIGHIT MUSIC,6,9,11,162608,SG,Singapore,Q1,2025
24,spotify:track:1MUZitHRpmng5NevrvNx4T,BABYMONSTER,DRIP,YG Entertainment,7,25,10,162374,SG,Singapore,Q1,2025
25,spotify:track:2aL4lMGhWdPpyPL6COPou7,keshi,Soft Spot,Island Records,10,31,17,152368,SG,Singapore,Q1,2025
26,spotify:track:2DbDefRFJ5YOfXCKOeCJJh,KISS OF LIFE,Igloo,S2 ENTERTAINMENT INC.,17,28,12,152118,SG,Singapore,Q1,2025
27,spotify:track:1BxfuPKGuaTgP7aM0Bbdwr,Taylor Swift,Cruel Summer,Taylor Swift,1,27,125,150214,SG,Singapore,Q1,2025
28,spotify:track:2tHwzyyOLoWSFqYNjeVMzj,Sabrina Carpenter,Please Please Please,Island Records,1,29,31,143878,SG,Singapore,Q1,2025
29,spotify:track:6aJn7Cst74cj4lNIiPRgav,KATSEYE,Touch,HYBE/Geffen,7,24,23,143868,SG,Singapore,Q1,2025
30,spotify:track:51rfRCiUSvxXlCSCfIztBy,Gracie Abrams,"I Love You, I'm Sorry","Gracie Abrams, under exclusive license to Interscope Records",13,26,29,143619,SG,Singapore,Q1,2025
31,spotify:track:6GyUt7yJ0sOktc5HjvVnFh,"Firdhaus, DIOR 大穎",在加納共和國離婚,Loolala Music (M) Sdn Bhd,20,43,39,139675,SG,Singapore,Q1,2025
32,spotify:track:7CyPwkp0oE8Ro9Dd5CUDjW,"The Weeknd, JENNIE, Lily-Rose Depp","One Of The Girls (with JENNIE, Lily Rose Depp)",XO / Republic Records,6,34,81,136985,SG,Singapore,Q1,2025
33,spotify:track:7BqBn9nzAq8spo5e7cZ0dJ,Bruno Mars,Just the Way You Are,Atlantic Records,11,32,328,129283,SG,Singapore,Q1,2025
34,spotify:track:1hlHeIZ36Idpr57xPI8OCD,"Tenxi, Jemsii, Naykilla",Garam & Madu (Sakit Dadaku),Mighty Record,34,-1,1,127146,SG,Singapore,Q1,2025
35,spotify:track:0qjbNZYyuzPh20RksmiJ8C,"郭家瑋, DIOR 大穎",過了幾天(合唱版),JSJ International Entertainment Ltd.,35,52,2,125781,SG,Singapore,Q1,2025
36,spotify:track:1aKvZDoLGkNMxoRYgkckZG,ILLIT,Magnetic,BELIFT LAB,1,35,42,122895,SG,Singapore,Q1,2025
37,spotify:track:2ASWo8MTESnHQhJhpMSPbF,Firdhaus,能遇見，就很不錯了,Loolala Music (M) Sdn Bhd,29,102,28,122646,SG,Singapore,Q1,2025
38,spotify:track:19XpFsce28aByvCC4g89tJ,Hozier,Too Sweet,Columbia,4,38,41,122626,SG,Singapore,Q1,2025
39,spotify:track:5O2P9iiztwhomNh8xkR9lJ,One Direction,Night Changes,Syco Music,10,37,174,118406,SG,Singapore,Q1,2025
40,spotify:track:0VVD95cRAppHSOGPYrfIG2,Regina Song,the cutest pair,PARKA,7,56,18,116965,SG,Singapore,Q1,2025
41,spotify:track:1Cbl3Yq8rHo7hhDQmLQagU,Tyla,PUSH 2 START,FAX Records/Epic,41,50,5,114703,SG,Singapore,Q1,2025
42,spotify:track:3AJwUDP919kvQ9QcozQPxg,Coldplay,Yellow,Parlophone UK,1,44,254,114566,SG,Singapore,Q1,2025
43,spotify:track:1Qrg8KqiBpW07V7PNxwwwL,SZA,Kill Bill,Top Dawg Entertainment/RCA Records,1,36,109,114322,SG,Singapore,Q1,2025
44,spotify:track:7G7mSV4BebkoHWwKTDvXu9,"V, Park Hyo Shin",Winter Ahead (with PARK HYO SHIN),BIGHIT MUSIC,17,30,6,112723,SG,Singapore,Q1,2025
45,spotify:track:3M0lSi5WW79CXQamgSBIjx,Chase Atlantic,Swim,Warner Records,33,51,25,111279,SG,Singapore,Q1,2025
46,spotify:track:6iu311jZAJFLPgoIWgrA72,BIGBANG,BANG BANG BANG,YG Entertainment,46,113,28,109351,SG,Singapore,Q1,2025
47,spotify:track:1mea3bSkSGXuIRvnydlB5b,Coldplay,Viva La Vida,Parlophone UK,1,49,128,109342,SG,Singapore,Q1,2025
48,spotify:track:0KKkJNfGyhkQ5aFogxQAPU,Bruno Mars,That's What I Like,Atlantic Records,3,41,177,109234,SG,Singapore,Q1,2025
49,spotify:track:4iZ4pt7kvcaH6Yo8UoZ4s2,SZA,Snooze,Top Dawg Entertainment/RCA Records,9,39,106,105369,SG,Singapore,Q1,2025
50,spotify:track:6dgUya35uo964z7GZXM07g,Sabrina Carpenter,Nonsense,Island Records,5,40,112,105048,SG,Singapore,Q1,2025
1,spotify:track:1XZE0InCx3SdCnLpVsPpZl,LBI利比,Jumping Machine (跳楼机),Sony Music Entertainment,1,1,10,659143,SG,Singapore,Q2,2025
2,spotify:track:0fK7ie6XwGxQTIkpFoWkd1,JENNIE,like JENNIE,OA Entertainment/Columbia,2,3,5,481753,SG,Singapore,Q2,2025
3,spotify:track:7tI8dRuH2Yc6RuoTjxo4dU,Jimin,Who,BIGHIT MUSIC,1,2,38,398113,SG,Singapore,Q2,2025
4,spotify:track:298LjjcBvuQCAlwUWb9dKb,Silence Wang,像晴天像雨天（电视剧《难哄》心动曲）,哇唧唧哇娱乐（天津）有限公司,4,4,6,382820,SG,Singapore,Q2,2025
5,spotify:track:3be9ACTxtcL6Zm4vJRUiPG,yung kai,blue,BMG Rights Management (US) LLC,4,5,25,317392,SG,Singapore,Q2,2025
6,spotify:track:1edcyazKIdKrIuz9cWpXU6,Ariana Grande,twilight zone,Republic Records,6,6,2,315229,SG,Singapore,Q2,2025
7,spotify:track:7so0lgd0zP2Sbgs2d7a1SZ,"Lady Gaga, Bruno Mars",Die With A Smile,Interscope Records,1,7,34,306413,SG,Singapore,Q2,2025
8,spotify:track:7ne4VBA60CxGM75vw0EYad,Gracie Abrams,That’s So True,"Gracie Abrams, under exclusive license to Interscope Records",4,10,25,288731,SG,Singapore,Q2,2025
9,spotify:track:4wJ5Qq0jBN4ajy7ouZIV1c,"ROSÉ, Bruno Mars",APT.,Atlantic Records,1,8,25,261768,SG,Singapore,Q2,2025
10,spotify:track:2CGNAOSuO1MEFCbBRgUzjd,"Kendrick Lamar, SZA",luther (with sza),"pgLang, under exclusive license to Interscope Records",2,9,20,259062,SG,Singapore,Q2,2025
11,spotify:track:6dOtVTDdiauQNBQEDOtlAB,Billie Eilish,BIRDS OF A FEATHER,Darkroom/Interscope Records,1,12,47,256261,SG,Singapore,Q2,2025
12,spotify:track:50zAEIE4B1QqhPjRMK2Xmh,Jin,Running Wild,BIGHIT MUSIC,1,11,21,246417,SG,Singapore,Q2,2025
13,spotify:track:1z5ebC9238uGoBgzYyvGpQ,ROSÉ,toxic till the end,Atlantic Records,4,15,18,197055,SG,Singapore,Q2,2025
14,spotify:track:406IpEtZPvbxApWTGM3twY,LE SSERAFIM,HOT,SOURCE MUSIC,10,13,4,193799,SG,Singapore,Q2,2025
15,spotify:track:3gJAFFELdZyIM8tiwLAikg,"JENNIE, Dua Lipa",Handlebars (feat. Dua Lipa),OA Entertainment/Columbia,7,14,5,186286,SG,Singapore,Q2,2025
16,spotify:track:5UJbgR4XF4y1DvbkxEqe8S,Tate McRae,Sports car,RCA Records Label,16,18,11,176535,SG,Singapore,Q2,2025
17,spotify:track:4EIFwndJvGpgFjsEbNuYif,"JENNIE, Doechii",ExtraL (feat. Doechii),OA Entertainment/Columbia,10,17,7,157747,SG,Singapore,Q2,2025
18,spotify:track:2262bWmqomIaJXwCRHr13j,Gigi Perez,Sailor Song,Gigi Perez PS/ Island,9,23,35,157139,SG,Singapore,Q2,2025
19,spotify:track:2HRgqmZQC0MC7GeNuDIXHN,"Jung Kook, Latto",Seven (feat. Latto) (Explicit Ver.),BIGHIT MUSIC,1,21,91,154122,SG,Singapore,Q2,2025
20,spotify:track:3QaPy1KgI7nu9FJEQUgn6h,Billie Eilish,WILDFLOWER,Darkroom/Interscope Records,11,25,47,151072,SG,Singapore,Q2,2025
21,spotify:track:2aL4lMGhWdPpyPL6COPou7,keshi,Soft Spot,Island Records,10,16,30,146850,SG,Singapore,Q2,2025
22,spotify:track:0FTmksd2dxiE5e3rWyJXs6,sombr,back to friends,Warner Records,22,40,5,146363,SG,Singapore,Q2,2025
23,spotify:track:51ZQ1vr10ffzbwIjDCwqm4,Ariana Grande,we can't be friends (wait for your love),Republic Records,1,22,57,146240,SG,Singapore,Q2,2025
24,spotify:track:51rfRCiUSvxXlCSCfIztBy,Gracie Abrams,"I Love You, I'm Sorry","Gracie Abrams, under exclusive license to Interscope Records",13,39,42,139594,SG,Singapore,Q2,2025
25,spotify:track:7jm2PueKmv4EOHfdbdXMKT,攬佬SKAI ISYOURGOD,八方來財(Stacks from All Sides),秀動發行,25,45,10,138150,SG,Singapore,Q2,2025
26,spotify:track:3LPLRNr58Z9Pn0clnEtkXb,Doechii,Anxiety,Top Dawg Entertainment/Capitol Records,16,20,5,137934,SG,Singapore,Q2,2025
27,spotify:track:2HRqTpkrJO5ggZyyK6NPWz,Sabrina Carpenter,Espresso,Island Records,1,32,52,135864,SG,Singapore,Q2,2025
28,spotify:track:33cRPtUHTjMG90FZV76S8T,Ariana Grande,intro (end of the world) - extended,Republic Records,19,19,2,135820,SG,Singapore,Q2,2025
29,spotify:track:4GEWZ1vDFVkmhG55zpKFLO,"郭家瑋, DIOR 大穎",過了幾天(合唱版),JSJ International Entertainment Ltd.,22,33,15,131685,SG,Singapore,Q2,2025
30,spotify:track:0FIDCNYYjNvPVimz5icugS,"The Weeknd, Playboi Carti",Timeless (feat Playboi Carti),XO / Republic Records,13,35,28,130292,SG,Singapore,Q2,2025
31,spotify:track:2BHXQNTVx1WWEk3WyCo4VO,en,跳楼机,C.Z Music,31,31,4,129767,SG,Singapore,Q2,2025
32,spotify:track:1lcBt7LoEikqYmhUoa2cez,ROSÉ,number one girl,Atlantic Records,5,26,20,128987,SG,Singapore,Q2,2025
33,spotify:track:0rx7xu0RmZLpJjKNVZjSVv,"JENNIE, Dominic Fike",Love Hangover (feat. Dominic Fike),OA Entertainment/Columbia,9,29,10,128879,SG,Singapore,Q2,2025
34,spotify:track:3GCdLUSnKSMJhs4Tj6CV3s,"Kendrick Lamar, SZA","All The Stars (with SZA) - From ""Black Panther: The Album""",Black Panther (TDE/DMG) PS,1,37,79,128130,SG,Singapore,Q2,2025
35,spotify:track:7CyPwkp0oE8Ro9Dd5CUDjW,"The Weeknd, JENNIE, Lily-Rose Depp","One Of The Girls (with JENNIE, Lily Rose Depp)",XO / Republic Records,6,36,94,127693,SG,Singapore,Q2,2025
36,spotify:track:3siwsiaEoU4Kuuc9WKMUy5,The Marías,No One Noticed,Nice Life/Atlantic,25,43,24,127436,SG,Singapore,Q2,2025
37,spotify:track:3uXtPOeDPx812uTfhz3dEf,Mimifly,Serumpun,Mfly Empire,24,24,3,121467,SG,Singapore,Q2,2025
38,spotify:track:1hlHeIZ36Idpr57xPI8OCD,"Tenxi, Jemsii, Naykilla",Garam & Madu (Sakit Dadaku),Mighty Record,12,38,14,120816,SG,Singapore,Q2,2025
39,spotify:track:6GyUt7yJ0sOktc5HjvVnFh,"Firdhaus, DIOR 大穎",在加納共和國離婚,Loolala Music (M) Sdn Bhd,20,41,52,118836,SG,Singapore,Q2,2025
40,spotify:track:10zywlg5b0gQOC3q1A7ADx,JISOO,earthquake,Warner Records,13,44,8,118121,SG,Singapore,Q2,2025
41,spotify:track:541sN2qNfIlllGn9nGOQoC,Tate McRae,Revolving door,RCA Records Label,17,42,7,118047,SG,Singapore,Q2,2025
42,spotify:track:5Fhr3wqeieN5WDkAsqL1JJ,j-hope,MONA LISA,BIGHIT MUSIC,30,34,3,117956,SG,Singapore,Q2,2025
43,spotify:track:0c9gjnRGBRke9VmLaZWmhM,陈村长,爱怎么了,新坚诚文化,42,51,48,113315,SG,Singapore,Q2,2025
44,spotify:track:1kUyOJb3fzUo8r0OCz5SQk,JENNIE,Mantra,OA Entertainment/Columbia,3,47,26,111634,SG,Singapore,Q2,2025
45,spotify:track:2RkZ5LkEzeHGRsmDqKwmaJ,Alex Warren,Ordinary,Atlantic Records,45,54,4,111118,SG,Singapore,Q2,2025
46,spotify:track:488IBZgAqHQmUDjg9kTQYG,LBI利比,烂片剧情,成都昌禾文化发展有限公司,46,83,2,109223,SG,Singapore,Q2,2025
47,spotify:track:0WbMK4wrZ1wFSty9F7FCgu,Chappell Roan,"Good Luck, Babe!",Chappell Roan PS/ Island,4,49,51,108964,SG,Singapore,Q2,2025
48,spotify:track:174D7DoFp0e6bS1Qu9rnXs,"Hael Husaini, Nadeera",Meriah Lain Macam,ROCKETFUEL ENTERTAINMENT SDN BHD / ADA,30,30,3,107437,SG,Singapore,Q2,2025
49,spotify:track:2u9S9JJ6hTZS3Vf22HOZKg,Drake,NOKIA,OVO Sound,49,68,7,106494,SG,Singapore,Q2,2025
50,spotify:track:3fxDcaiomBMomHdMeCSsZ2,Ariana Grande,dandelion,Republic Records,28,28,2,105575,SG,Singapore,Q2,2025
1,spotify:track:27xkOIER6uDLKALIelHylZ,Jin,Don’t Say You Love Me,BIGHIT MUSIC,1,1,8,1630803,SG,Singapore,Q3,2025
2,spotify:track:7tI8dRuH2Yc6RuoTjxo4dU,Jimin,Who,BIGHIT MUSIC,1,2,51,621714,SG,Singapore,Q3,2025
3,spotify:track:1CPZ5BxNNd0n0nF4Orb9JS,"HUNTR/X, EJAE, AUDREY NUNA, REI AMI, KPop Demon Hunters Cast",Golden,K-Pop Demon Hunters,3,3,3,601515,SG,Singapore,Q3,2025
4,spotify:track:1I37Zz2g3hk9eWxaNkj031,"Saja Boys, Andrew Choi, Neckwav, Danny Chung, KEVIN WOO, samUIL Lee, KPop Demon Hunters Cast",Your Idol,K-Pop Demon Hunters,4,5,3,432689,SG,Singapore,Q3,2025
5,spotify:track:02sy7FAs8dkDNYsHp4Ul3f,"Saja Boys, Andrew Choi, Neckwav, Danny Chung, KEVIN WOO, samUIL Lee, KPop Demon Hunters Cast",Soda Pop,K-Pop Demon Hunters,5,8,3,417102,SG,Singapore,Q3,2025
6,spotify:track:1XZE0InCx3SdCnLpVsPpZl,LBI利比,Jumping Machine (跳楼机),Sony Music Entertainment,1,4,23,393351,SG,Singapore,Q3,2025
7,spotify:track:0FTmksd2dxiE5e3rWyJXs6,sombr,back to friends,Warner Records,4,7,18,356983,SG,Singapore,Q3,2025
8,spotify:track:5DxDLsW6PsLz5gkwC7Mk5S,"Rumi, Jinu, EJAE, Andrew Choi, KPop Demon Hunters Cast",Free,K-Pop Demon Hunters,8,9,3,352732,SG,Singapore,Q3,2025
9,spotify:track:3RXUgPNIbUgFxsDWuBQEt6,"HUNTR/X, EJAE, AUDREY NUNA, REI AMI, KPop Demon Hunters Cast",How It’s Done,K-Pop Demon Hunters,9,10,3,337799,SG,Singapore,Q3,2025
10,spotify:track:5sBDrrtLGbV64QJnEqfjer,"HUNTR/X, EJAE, AUDREY NUNA, REI AMI, KPop Demon Hunters Cast",What It Sounds Like,K-Pop Demon Hunters,10,11,3,332225,SG,Singapore,Q3,2025
11,spotify:track:1xOqGUkyxGQRdCvGpvWKmL,KATSEYE,Gabriela,HYBE/Geffen,5,6,3,299088,SG,Singapore,Q3,2025
12,spotify:track:0MHStU0muAIEMbwdnebYu2,"HUNTR/X, EJAE, AUDREY NUNA, REI AMI, KPop Demon Hunters Cast",Takedown,K-Pop Demon Hunters,12,13,3,263948,SG,Singapore,Q3,2025
13,spotify:track:2yWlGEgEfPot0lv3OAjuG3,"Tate McRae, F1 The Album",Just Keep Watching (From F1® The Movie),Atlantic Records,13,20,6,240250,SG,Singapore,Q3,2025
14,spotify:track:1cgz7ebMOUWlhrLX8aGp5A,"姚晓棠, 张远",看着我的眼睛说 - Live,浙江卫视,6,12,4,239448,SG,Singapore,Q3,2025
15,spotify:track:0fK7ie6XwGxQTIkpFoWkd1,JENNIE,like JENNIE,OA Entertainment/Columbia,2,16,18,217965,SG,Singapore,Q3,2025
16,spotify:track:3be9ACTxtcL6Zm4vJRUiPG,yung kai,blue,BMG Rights Management (US) LLC,4,14,38,217709,SG,Singapore,Q3,2025
17,spotify:track:7so0lgd0zP2Sbgs2d7a1SZ,"Lady Gaga, Bruno Mars",Die With A Smile,Interscope Records,1,15,47,207289,SG,Singapore,Q3,2025
18,spotify:track:5cOXSOo4olhVLVSpQBvQaP,张远,看着我的眼睛说,一寸光年,7,17,6,204130,SG,Singapore,Q3,2025
19,spotify:track:6dOtVTDdiauQNBQEDOtlAB,Billie Eilish,BIRDS OF A FEATHER,Darkroom/Interscope Records,1,19,60,189685,SG,Singapore,Q3,2025
20,spotify:track:2HRgqmZQC0MC7GeNuDIXHN,"Jung Kook, Latto",Seven (feat. Latto) (Explicit Ver.),BIGHIT MUSIC,1,21,104,186771,SG,Singapore,Q3,2025
21,spotify:track:1rKQjUhF9zFJmuUotr3VkV,TWICE,"TAKEDOWN (JEONGYEON, JIHYO, CHAEYOUNG)",K-Pop Demon Hunters,21,24,3,181865,SG,Singapore,Q3,2025
22,spotify:track:298LjjcBvuQCAlwUWb9dKb,Silence Wang,像晴天像雨天（电视剧《难哄》心动曲）,哇唧唧哇娱乐（天津）有限公司,4,22,19,181855,SG,Singapore,Q3,2025
23,spotify:track:2f1WulnyiYYnseSQWI8Oi9,KATSEYE,Gameboy,HYBE/Geffen,23,23,2,180666,SG,Singapore,Q3,2025
24,spotify:track:42UBPzRMh5yyz0EDPr6fr1,Sabrina Carpenter,Manchild,Island Records,5,18,5,175949,SG,Singapore,Q3,2025
25,spotify:track:4wJ5Qq0jBN4ajy7ouZIV1c,"ROSÉ, Bruno Mars",APT.,Atlantic Records,1,25,38,175852,SG,Singapore,Q3,2025
26,spotify:track:4WFgvKVfEhb3IUAFGrutTR,Ravyn Lenae,Love Me Not,Atlantic Records,18,28,16,173431,SG,Singapore,Q3,2025
27,spotify:track:2RkZ5LkEzeHGRsmDqKwmaJ,Alex Warren,Ordinary,Atlantic Records,16,26,17,170182,SG,Singapore,Q3,2025
28,spotify:track:6Wobsw9uZ0D0xkfOjxXSq9,"ROSÉ, F1 The Album",Messy (From F1® The Movie),Atlantic Records,6,35,9,164236,SG,Singapore,Q3,2025
29,spotify:track:2RdEC8Ff83WkX7kDVCHseE,Charli xcx,party 4 u,Atlantic Records UK,13,31,19,150304,SG,Singapore,Q3,2025
30,spotify:track:4AajxCEwGEsmHmT4H1TwjY,sombr,undressed,Warner Records,18,33,14,148408,SG,Singapore,Q3,2025
31,spotify:track:2CGNAOSuO1MEFCbBRgUzjd,"Kendrick Lamar, SZA",luther (with sza),"pgLang, under exclusive license to Interscope Records",2,32,33,146206,SG,Singapore,Q3,2025
32,spotify:track:2BkTPMr1v6Fr6JJwc4V7R5,TWICE,Strategy (from the Netflix film KPop Demon Hunters),Republic Records - TWICE,32,37,3,145949,SG,Singapore,Q3,2025
33,spotify:track:7ne4VBA60CxGM75vw0EYad,Gracie Abrams,That’s So True,"Gracie Abrams, under exclusive license to Interscope Records",4,34,38,143020,SG,Singapore,Q3,2025
34,spotify:track:02BcXEH1zJYbXSabPtNlKf,"Don Toliver, Doja Cat, F1 The Album",Lose My Mind (feat. Doja Cat) [From F1® The Movie],Atlantic Records,34,98,3,142740,SG,Singapore,Q3,2025
35,spotify:track:1j15Ar0qGDzIR0v3CQv3JL,KATSEYE,Gnarly,HYBE/Geffen,8,30,10,137013,SG,Singapore,Q3,2025
36,spotify:track:4nKnOIDXFjRSMG4vkXDwzY,AHOF,Rendezvous,F&F Entertainment,36,-1,1,135586,SG,Singapore,Q3,2025
37,spotify:track:0hEWvzkgbI301JZj947gFz,"攬佬SKAI ISYOURGOD, AR刘夫阳",大展鴻圖(Blueprint Supreme),秀動發行,26,36,9,134099,SG,Singapore,Q3,2025
38,spotify:track:50zAEIE4B1QqhPjRMK2Xmh,Jin,Running Wild,BIGHIT MUSIC,1,51,34,129844,SG,Singapore,Q3,2025
39,spotify:track:1ic3Thr0mG0IsBE98pPcQ2,aespa,Dirty Work,aespa,27,27,2,125650,SG,Singapore,Q3,2025
40,spotify:track:7jm2PueKmv4EOHfdbdXMKT,攬佬SKAI ISYOURGOD,八方來財(Stacks from All Sides),秀動發行,23,50,23,121759,SG,Singapore,Q3,2025
41,spotify:track:0c9gjnRGBRke9VmLaZWmhM,陈村长,爱怎么了,新坚诚文化,32,45,61,117142,SG,Singapore,Q3,2025
42,spotify:track:4H6s1mTZcjHAMU36ZF3Xoz,Jin,Nothing Without Your Love,BIGHIT MUSIC,21,41,8,116712,SG,Singapore,Q3,2025
43,spotify:track:3GCdLUSnKSMJhs4Tj6CV3s,"Kendrick Lamar, SZA","All The Stars (with SZA) - From ""Black Panther: The Album""",Black Panther (TDE/DMG) PS,1,42,92,116123,SG,Singapore,Q3,2025
44,spotify:track:3QaPy1KgI7nu9FJEQUgn6h,Billie Eilish,WILDFLOWER,Darkroom/Interscope Records,11,43,60,115861,SG,Singapore,Q3,2025
45,spotify:track:2WQ09wqQBIOor7Q0VpIDBK,Black Eyed Peas,Rock That Body,Interscope,45,62,5,115854,SG,Singapore,Q3,2025
46,spotify:track:21IYMdzTrzSe191Cy5eMap,Gigi Perez,Sailor Song,"Outtahere, LLC / Island Records",9,44,48,114770,SG,Singapore,Q3,2025
47,spotify:track:488IBZgAqHQmUDjg9kTQYG,LBI利比,烂片剧情,成都昌禾文化发展有限公司,15,40,15,114525,SG,Singapore,Q3,2025
48,spotify:track:1tMRh8jiYlmatpVeWWesCe,"Alex Warren, ROSÉ",On My Mind,Atlantic Records,48,49,2,112943,SG,Singapore,Q3,2025
49,spotify:track:5RdKO1lsHG9jhbG03LL7cv,Jin,With the Clouds,BIGHIT MUSIC,27,46,8,110052,SG,Singapore,Q3,2025
50,spotify:track:4WrkJNGb4zUwARc0FD3iNf,"Jin, YENA",Loser (feat. YENA),BIGHIT MUSIC,26,47,8,109169,SG,Singapore,Q3,2025
1,spotify:track:27xkOIER6uDLKALIelHylZ,Jin,Don’t Say You Love Me,BIGHIT MUSIC,1,1,21,1034427,SG,Singapore,Q4,2025
2,spotify:track:1dosSsKwYF7hoQA2kuu6wI,Taylor Swift,The Fate of Ophelia,Taylor Swift,2,-1,1,780429,SG,Singapore,Q4,2025
3,spotify:track:67osB3wmJVTFzKhWqPb1Hm,Taylor Swift,Opalite,Taylor Swift,3,-1,1,590551,SG,Singapore,Q4,2025
4,spotify:track:1CPZ5BxNNd0n0nF4Orb9JS,"HUNTR/X, EJAE, AUDREY NUNA, REI AMI, KPop Demon Hunters Cast",Golden,K-Pop Demon Hunters,2,2,16,536699,SG,Singapore,Q4,2025
5,spotify:track:1A2vZKJZovt4828jwLgiB3,Taylor Swift,Elizabeth Taylor,Taylor Swift,5,-1,1,496137,SG,Singapore,Q4,2025
6,spotify:track:7tI8dRuH2Yc6RuoTjxo4dU,Jimin,Who,BIGHIT MUSIC,1,3,64,488796,SG,Singapore,Q4,2025
7,spotify:track:1lD0oPIfSYid1LhPvgrz10,Taylor Swift,Father Figure,Taylor Swift,7,-1,1,449054,SG,Singapore,Q4,2025
8,spotify:track:3Qeh4z08FfDBRfQMfDv83f,Taylor Swift,Wi$h Li$t,Taylor Swift,8,-1,1,407162,SG,Singapore,Q4,2025
9,spotify:track:243KxZULAjWO3KREpVHgOH,"Taylor Swift, Sabrina Carpenter",The Life of a Showgirl (feat. Sabrina Carpenter),Taylor Swift,9,-1,1,398137,SG,Singapore,Q4,2025
10,spotify:track:6iC3L3YmAkGucvJbXKDanA,Taylor Swift,Eldest Daughter,Taylor Swift,10,-1,1,397844,SG,Singapore,Q4,2025
11,spotify:track:0129EujhGkwtwTFADGem5P,Taylor Swift,Wood,Taylor Swift,11,-1,1,383987,SG,Singapore,Q4,2025
12,spotify:track:3FzJDGVjRGNc7KrkabU5N0,Taylor Swift,CANCELLED!,Taylor Swift,12,-1,1,382661,SG,Singapore,Q4,2025
13,spotify:track:34xxPZWbEyg5iDKEBqdsBZ,Taylor Swift,Ruin The Friendship,Taylor Swift,13,-1,1,359135,SG,Singapore,Q4,2025
14,spotify:track:6ZSxG2QvGmwXbTfn7iDq7a,Taylor Swift,Actually Romantic,Taylor Swift,14,-1,1,358083,SG,Singapore,Q4,2025
15,spotify:track:3vGd1heFoUuFGvKvl0SdW3,Taylor Swift,Honey,Taylor Swift,15,-1,1,312548,SG,Singapore,Q4,2025
16,spotify:track:02sy7FAs8dkDNYsHp4Ul3f,"Saja Boys, Andrew Choi, Neckwav, Danny Chung, KEVIN WOO, samUIL Lee, KPop Demon Hunters Cast",Soda Pop,K-Pop Demon Hunters,4,4,16,283708,SG,Singapore,Q4,2025
17,spotify:track:7qjZnBKE73H4Oxkopwulqe,sombr,back to friends,Warner Records,4,5,31,259726,SG,Singapore,Q4,2025
18,spotify:track:1xOqGUkyxGQRdCvGpvWKmL,KATSEYE,Gabriela,HYBE/Geffen,5,6,16,238557,SG,Singapore,Q4,2025
19,spotify:track:1XZE0InCx3SdCnLpVsPpZl,LBI利比,Jumping Machine (跳楼机),Sony Music Entertainment,1,7,36,231693,SG,Singapore,Q4,2025
20,spotify:track:1I37Zz2g3hk9eWxaNkj031,"Saja Boys, Andrew Choi, Neckwav, Danny Chung, KEVIN WOO, samUIL Lee, KPop Demon Hunters Cast",Your Idol,K-Pop Demon Hunters,4,8,16,218340,SG,Singapore,Q4,2025
21,spotify:track:04a44cx2PJthIbN2aLMXhl,Tate McRae,TIT FOR TAT,RCA Records Label,9,9,2,217362,SG,Singapore,Q4,2025
22,spotify:track:5sBDrrtLGbV64QJnEqfjer,"HUNTR/X, EJAE, AUDREY NUNA, REI AMI, KPop Demon Hunters Cast",What It Sounds Like,K-Pop Demon Hunters,6,11,16,198222,SG,Singapore,Q4,2025
23,spotify:track:5DxDLsW6PsLz5gkwC7Mk5S,"Rumi, Jinu, EJAE, Andrew Choi, KPop Demon Hunters Cast",Free,K-Pop Demon Hunters,6,12,16,196041,SG,Singapore,Q4,2025
24,spotify:track:7d6eShN6yVeR4Y2Md9uCA4,张远,看着我的眼睛说,一寸光年,7,10,19,194571,SG,Singapore,Q4,2025
25,spotify:track:2HRgqmZQC0MC7GeNuDIXHN,"Jung Kook, Latto",Seven (feat. Latto) (Explicit Ver.),BIGHIT MUSIC,1,14,117,186712,SG,Singapore,Q4,2025
26,spotify:track:5H1sKFMzDeMtXwND3V6hRY,BLACKPINK,JUMP,YG Entertainment,2,13,13,185490,SG,Singapore,Q4,2025
27,spotify:track:3RXUgPNIbUgFxsDWuBQEt6,"HUNTR/X, EJAE, AUDREY NUNA, REI AMI, KPop Demon Hunters Cast",How It’s Done,K-Pop Demon Hunters,7,15,16,172356,SG,Singapore,Q4,2025
28,spotify:track:2yWlGEgEfPot0lv3OAjuG3,"Tate McRae, F1 The Album",Just Keep Watching (From F1® The Movie),Atlantic Records,13,25,19,166280,SG,Singapore,Q4,2025
29,spotify:track:50zAEIE4B1QqhPjRMK2Xmh,Jin,Running Wild,BIGHIT MUSIC,1,22,47,161043,SG,Singapore,Q4,2025
30,spotify:track:6dOtVTDdiauQNBQEDOtlAB,Billie Eilish,BIRDS OF A FEATHER,Darkroom/Interscope Records,1,19,73,161037,SG,Singapore,Q4,2025
31,spotify:track:7so0lgd0zP2Sbgs2d7a1SZ,"Lady Gaga, Bruno Mars",Die With A Smile,Interscope Records,1,17,60,160411,SG,Singapore,Q4,2025
32,spotify:track:5BZsQlgw21vDOAjoqkNgKb,Justin Bieber,DAISIES,"JRC Entertainment, LLC / ILH Production Co. LLC / Def Jam Recordings",11,18,13,157538,SG,Singapore,Q4,2025
33,spotify:track:4wJ5Qq0jBN4ajy7ouZIV1c,"ROSÉ, Bruno Mars",APT.,Atlantic Records,1,23,51,153715,SG,Singapore,Q4,2025
34,spotify:track:2RkZ5LkEzeHGRsmDqKwmaJ,Alex Warren,Ordinary,Atlantic Records,16,21,30,144907,SG,Singapore,Q4,2025
35,spotify:track:0MHStU0muAIEMbwdnebYu2,"HUNTR/X, EJAE, AUDREY NUNA, REI AMI, KPop Demon Hunters Cast",Takedown,K-Pop Demon Hunters,12,20,16,144267,SG,Singapore,Q4,2025
36,spotify:track:0fK7ie6XwGxQTIkpFoWkd1,JENNIE,like JENNIE,OA Entertainment/Columbia,2,16,31,143633,SG,Singapore,Q4,2025
37,spotify:track:0je57Uq5eTk1wrPzn9sWbl,Sabrina Carpenter,When Did You Get Hot?,Island Records,24,24,6,139031,SG,Singapore,Q4,2025
38,spotify:track:1qbmS6ep2hbBRaEZFpn7BX,Olivia Dean,Man I Need,PLG - Capitol,27,27,7,134942,SG,Singapore,Q4,2025
39,spotify:track:6OWWZtNQORY1McaZmOrwhc,CORTIS,GO!,Republic Records – CORTIS,20,26,5,134542,SG,Singapore,Q4,2025
40,spotify:track:0bxPRWprUVpQK0UFcddkrA,Kehlani,Folded,TSNMI / Atlantic,29,29,17,124484,SG,Singapore,Q4,2025
41,spotify:track:3LWVXp636uLT356Rj08Jaz,Jimin,Be Mine,BIGHIT MUSIC,25,86,50,123964,SG,Singapore,Q4,2025
42,spotify:track:42VUCXerQ5qTr4Qp6PhKo4,Sabrina Carpenter,Tears,Island Records,14,31,6,119354,SG,Singapore,Q4,2025
43,spotify:track:298LjjcBvuQCAlwUWb9dKb,Silence Wang,像晴天像雨天（电视剧《难哄》心动曲）,哇唧唧哇娱乐（天津）有限公司,4,30,32,118327,SG,Singapore,Q4,2025
44,spotify:track:6W614n8yLUeS3zsZSeBwyq,yung kai,blue,BMG Rights Management (US) LLC,4,28,51,116234,SG,Singapore,Q4,2025
45,spotify:track:19GxfaRs5KdurzPKLVX3Cq,TWICE,"TAKEDOWN (JEONGYEON, JIHYO, CHAEYOUNG) (from the Netflix film KPop Demon Hunters)",Republic Records - TWICE,19,34,16,110586,SG,Singapore,Q4,2025
46,spotify:track:2BkTPMr1v6Fr6JJwc4V7R5,TWICE,Strategy (from the Netflix film KPop Demon Hunters),Republic Records - TWICE,26,38,16,110159,SG,Singapore,Q4,2025
47,spotify:track:55lijDD6OAjLFFUHU9tcDm,RAYE,WHERE IS MY HUSBAND!,Human Re Sources,47,53,3,109909,SG,Singapore,Q4,2025
48,spotify:track:4ecdsGz3Hg6TKPwQ0ZOdJz,CORTIS,FaSHioN,Republic Records – CORTIS,33,33,4,109763,SG,Singapore,Q4,2025
49,spotify:track:6aJn7Cst74cj4lNIiPRgav,KATSEYE,Touch,HYBE/Geffen,7,39,56,108999,SG,Singapore,Q4,2025
50,spotify:track:3siwsiaEoU4Kuuc9WKMUy5,The Marías,No One Noticed,Nice Life/Atlantic,23,36,50,108856,SG,Singapore,Q4,2025
1,spotify:track:1lNcnIU4jtqD69Qtfjh8EJ,"Dedublüman, Aleyna Tilki",Sana Güvenmiyorum - Dedub Sessions,Hypers & DMC,1,1,10,3655541,TR,Turkey,Q1,2025
2,spotify:track:7eLW4rL7saxNtZ640Na7vM,Jeff Redd,PSYCHO,Lais Records,2,3,3,3168097,TR,Turkey,Q1,2025
3,spotify:track:2iJSm2qKRujRjBeMAHUbKn,Ferdi Tayfur,İçim Yanar,Ferdifon Plak,3,55,2,2867287,TR,Turkey,Q1,2025
4,spotify:track:7FfdTwI2i0b5PNeNvqtqCY,Ati242,Italy Forma,SST,2,4,13,2474371,TR,Turkey,Q1,2025
5,spotify:track:3ff93VTp2DBbNnDEsAW8Cm,BLOK3,SEVMEYİ DENEMEDİN,Mundo Music,1,5,17,2310448,TR,Turkey,Q1,2025
6,spotify:track:6hCHw8elq1VAKPKeBConpJ,Ahiyan,Doldum,"Ahiyan Music, Under Exclusive Licence to ONErpm",2,2,6,2227595,TR,Turkey,Q1,2025
7,spotify:track:0QuKutgaaa0Q1WUZEnrZ93,Ati242,Sönen Sigaralar,SST,6,7,13,2166806,TR,Turkey,Q1,2025
8,spotify:track:5pEpvR03HbLxkBtK73EeJw,Ati242,Değişmene Rağmen,SST,2,8,27,2148155,TR,Turkey,Q1,2025
9,spotify:track:0E1hVdXGZu0MoE77bYyjie,"Simge, Era7capone, Ozan Bayraşa, SNOW",YANKI X İNTİHAR,DİPH RECORDS & DMC,4,9,8,2088745,TR,Turkey,Q1,2025
10,spotify:track:0osZ5jmtTtHJt8pPz6RL2N,"Era7capone, NASTEISHA",İNTİHAR,Lais Records,3,11,30,2027770,TR,Turkey,Q1,2025
11,spotify:track:5M6QrHGDWdWhyq7hVz3zR8,Derya Bedavacı,Seni Seven Kimdi,SONY MUSIC TURKEY,6,6,8,1926471,TR,Turkey,Q1,2025
12,spotify:track:0P9nLef6NAjgDJAbgYFHbg,Ferdi Tayfur,Bana Sor,Ferdifon Plak,12,-1,1,1884152,TR,Turkey,Q1,2025
13,spotify:track:57w7FOfLpXZ9GWlAooYrSK,Canbay & Wolker,Düşmez Kalkmaz,"Canbay & Wolker, Under Exclusive Licence to ONErpm",10,10,19,1875134,TR,Turkey,Q1,2025
14,spotify:track:7AbbuiP5vKiuyFl47Z5jY3,Duman,Kufi,PARAVAN,12,17,29,1812168,TR,Turkey,Q1,2025
15,spotify:track:0K791kh3oLkBD5KVWg1LJ8,"Era7capone, Batuflex, Narco",CISTAK,Lais Records,1,12,31,1754453,TR,Turkey,Q1,2025
16,spotify:track:1O3utGlqPaNnTX1ZeRXLQY,BLOK3,UYUZ,Mundo Music,15,15,13,1730835,TR,Turkey,Q1,2025
17,spotify:track:5VykLQtjCYF6qFq59HbUg9,Dedublüman,Sen Bilmezsin,Hypers,6,14,43,1715688,TR,Turkey,Q1,2025
18,spotify:track:0VOnehekjQz9cvUwLzmYSQ,Semicenk,Sen Kaldın,Eva Yapım & Eva Records,18,19,22,1686707,TR,Turkey,Q1,2025
19,spotify:track:4E10qEzOmTIVmrg6Wz2RHj,Bengü,Saygımdan,DOĞAN MÜZİK YAPIM,14,22,46,1609280,TR,Turkey,Q1,2025
20,spotify:track:2X4NUYZN0ylbM41ADKYv1X,BLOK3,GELME İSTEMEM,Mundo Music,5,24,10,1527396,TR,Turkey,Q1,2025
21,spotify:track:3ZwRkdnTb4az8X5n4WXuHA,BLOK3,aklına ben gelicem,Mundo Music,1,16,68,1508959,TR,Turkey,Q1,2025
22,spotify:track:3FkWbO7xBYS3a0MJHN6XlV,Soner Sarıkabadayı,Mevzu Derin,PDND Müzik Prod.,16,27,8,1503222,TR,Turkey,Q1,2025
23,spotify:track:05MvdMKvVahOp9X64639DN,Ferdi Tayfur,Hatıran Yeter,Ferdifon Plak,23,-1,1,1474451,TR,Turkey,Q1,2025
24,spotify:track:6Ear9bhjbNi2oaqv5qlqlM,Ferdi Özbeğen,Dönsen Bile,YAŞAR KEKEVA PLAKÇILIK,24,39,7,1431573,TR,Turkey,Q1,2025
25,spotify:track:2Opk6XL5mU2SwL3bdfMB5P,Ferdi Tayfur,Sabahçı Kahvesi,Ferdifon Plak,25,-1,1,1420759,TR,Turkey,Q1,2025
26,spotify:track:4sVIEO6DXqoGakHuixuPad,Mansur Ark,Silinmez,Seyhan Müzik Prodüksiyon,9,20,8,1386099,TR,Turkey,Q1,2025
27,spotify:track:4HuB9A0O1XwmwTVtTgODm8,Ati242,25,PMC,12,23,138,1378935,TR,Turkey,Q1,2025
28,spotify:track:0Kg4pWKYkIIgjNOSaQdqJQ,Burak Bulut,Ama Yine Sen,Baş Müzik,3,21,9,1336075,TR,Turkey,Q1,2025
29,spotify:track:4mwKj8jNSq8eTp3ylpcBAE,Nazan Öncel,Beni Hatırla,Nazan Öncel,15,44,27,1311602,TR,Turkey,Q1,2025
30,spotify:track:4EC9KUi9fXKFzK17Or0A1a,Canozan,Acıtır gibi severek,Canozan,25,31,12,1309514,TR,Turkey,Q1,2025
31,spotify:track:1TxvnXbTRmYwtlkFEn8Rpb,Göksel,Uzaktan,AVRUPA MÜZİK YAPIM,25,25,29,1298020,TR,Turkey,Q1,2025
32,spotify:track:3r4JGqyBhcIpOKRQLYjD5C,Şebnem Ferah,Mayın Tarlası,PASAJ,32,52,11,1288791,TR,Turkey,Q1,2025
33,spotify:track:5Y5fFEqazjbtNAgbx9noTF,M Lisa,VURDUM TELLERİNE,TİİZZ RECORDS,19,26,13,1262207,TR,Turkey,Q1,2025
34,spotify:track:2plbrEY59IikOBgBGLjaoe,"Lady Gaga, Bruno Mars",Die With A Smile,Interscope,34,38,16,1245364,TR,Turkey,Q1,2025
35,spotify:track:0mSFwDtiAPPNwBOSFnI3G5,"Dedublüman, Can Kazaz",Bunca Yıl - Dedub Sessions,Hypers,2,29,16,1237463,TR,Turkey,Q1,2025
36,spotify:track:0AwkJj5Pj7CKZe7sZo7tHv,"Gökhan Türkmen, Sertab Erener",Açık Adres - SAYGI1,Kala Music & Sinerji,5,13,5,1228722,TR,Turkey,Q1,2025
37,spotify:track:4Fcoc1T0sMSATaxoidF4ei,Mela Bedel,Ben Değilim,Mela Bedel,36,36,8,1226049,TR,Turkey,Q1,2025
38,spotify:track:2CZzw0He9fzyi2FkBkn4Bk,"Semicenk, Doğu Swag",Küle Dönmüşsün,EVA RECORDS,2,35,30,1183974,TR,Turkey,Q1,2025
39,spotify:track:4wJ5Qq0jBN4ajy7ouZIV1c,"ROSÉ, Bruno Mars",APT.,Atlantic Records,23,45,12,1180648,TR,Turkey,Q1,2025
40,spotify:track:2SVoUZdzxuDuxBdHSO73KF,Afra,Yasemen,Mahzen Media,1,37,14,1133521,TR,Turkey,Q1,2025
41,spotify:track:1UIznGFIwNUKUza5kJ9f2G,Melike Şahin,Canın Beni Çekti,Gülbaba Records,1,40,15,1132147,TR,Turkey,Q1,2025
42,spotify:track:0aEUBtzTjPGzP1RZ52avt8,"Jeff Redd, EGE!, Era7capone, Wegh",AM2TERDAM,Lais Records,16,33,4,1122189,TR,Turkey,Q1,2025
43,spotify:track:4y3QBJf9E8yDJCEFbRK8xk,Simge,Yankı,DOĞAN MÜZİK YAPIM,36,51,115,1112539,TR,Turkey,Q1,2025
44,spotify:track:3QehQ0V2c2JPnzhdKS1616,"Jeff Redd, Stabil",O ADAM,Lais Records,18,18,3,1106343,TR,Turkey,Q1,2025
45,spotify:track:1kfXupjpLLLwSkzebqZT2X,Ati242,Telefon,SST,15,32,70,1106041,TR,Turkey,Q1,2025
46,spotify:track:5RZH849e1ZWa2qeVz6O3mK,Yalın,Halbuki,Y Prodüksiyon,7,30,32,1105738,TR,Turkey,Q1,2025
47,spotify:track:4cHrCNJTdMfbtY0fjc5ged,Müslüm Gürses,Nilüfer,PASAJ,12,43,314,1104401,TR,Turkey,Q1,2025
48,spotify:track:7JVUP1J9urt49OdiFbWGeZ,BLOK3,ESC*BAR,Mundo Music,4,34,27,1091284,TR,Turkey,Q1,2025
49,spotify:track:2ugG3itPOpM9IANApt473B,Era7capone,PİŞT,ZUNA,13,48,14,1088083,TR,Turkey,Q1,2025
50,spotify:track:0SwRpscOdj6PBhudNVIGpW,BLOK3,ZEHİRLİ GÜL,Mundo Music,10,46,17,1082143,TR,Turkey,Q1,2025
1,spotify:track:1horGWxHKfwctCKdHwrO0n,"BLOK3, Ati242",Keşke,Lais Records,1,1,2,7602851,TR,Turkey,Q2,2025
2,spotify:track:3XZDLNS43nxBJ6HmAlVMGp,Semicenk,Gözlerinden Gözlerine,Eva Yapım & Eva Records,1,3,10,3967929,TR,Turkey,Q2,2025
3,spotify:track:5uh8vQEAZeIFEYhAg52BNS,Rıza Tamer,Benden Sonra,DMC,3,8,2,3859364,TR,Turkey,Q2,2025
4,spotify:track:3xZxb7EIcNyRmDc8ECaWTl,Jeff Redd,HUQQA,Lais Records,1,2,5,3119097,TR,Turkey,Q2,2025
5,spotify:track:1I7iW0f42qRNJMvpyERRmo,"Sıla Şahin, Samet Kardeşler",Aldanırım,Samet Kardeşler & Sıla Şahin,5,5,8,3048861,TR,Turkey,Q2,2025
6,spotify:track:3ff93VTp2DBbNnDEsAW8Cm,BLOK3,SEVMEYİ DENEMEDİN,Mundo Music,1,4,30,2799500,TR,Turkey,Q2,2025
7,spotify:track:366jopUhzxmlcO7m7I6q8G,Gülden,Mendil,DOĞAN MÜZİK YAPIM,3,6,9,2657767,TR,Turkey,Q2,2025
8,spotify:track:5mL3lm7htBJ2TOlvHm2c5S,Sertab Erener,Farzet,"Kala Müzik, Under Exclusive Licence to ONErpm",8,17,3,2605251,TR,Turkey,Q2,2025
9,spotify:track:4DPjZs1Jjw5mQ41w0xt9KA,UZI,NEON,GNG CLAN,2,12,12,2378312,TR,Turkey,Q2,2025
10,spotify:track:1iOjOuccQP5gL52dQW8EqW,"Poizi, Era7capone, SNOW",ÇIKAR BİRİ KARŞIMA,ZUNA,2,9,7,2254504,TR,Turkey,Q2,2025
11,spotify:track:7wZRlmI91BOt7JF7rMOrej,Kubilay Karça,Ayaza Serdim,Wovie,3,15,11,2220189,TR,Turkey,Q2,2025
12,spotify:track:4gqiqccm2NNQcdIUkEDEiM,Ben Fero,BİTMİYOR,Ben Fero,2,7,15,2210458,TR,Turkey,Q2,2025
13,spotify:track:1HJU78CRk4vxvjE5Cs1BCt,"Dj Guuga, Mc Livinho",Vidrado Em Você,GR6 Music,13,14,5,2177693,TR,Turkey,Q2,2025
14,spotify:track:0E1hVdXGZu0MoE77bYyjie,"Simge, Era7capone, Ozan Bayraşa, SNOW",YANKI X İNTİHAR,DİPH RECORDS & DMC,4,13,21,2047426,TR,Turkey,Q2,2025
15,spotify:track:2uniCPIy7f5Mi2AEfvQz7z,Ceren Sagu,Yalan,Coverz,13,23,8,2035736,TR,Turkey,Q2,2025
16,spotify:track:0VOnehekjQz9cvUwLzmYSQ,Semicenk,Sen Kaldın,Eva Yapım & Eva Records,12,19,35,1846147,TR,Turkey,Q2,2025
17,spotify:track:2QcdW7XNdYQTpkTWVEkCHL,Reynmen,Çatma Yarim,Houze Istanbul,1,11,8,1787529,TR,Turkey,Q2,2025
18,spotify:track:2wlxHcLNLqxg8UQT4n8yGh,Volkan Konak,Mimoza Çiçeğim,DOĞAN MÜZİK YAPIM,18,37,2,1787113,TR,Turkey,Q2,2025
19,spotify:track:7FfdTwI2i0b5PNeNvqtqCY,Ati242,Italy Forma,SST,2,16,26,1698688,TR,Turkey,Q2,2025
20,spotify:track:1lNcnIU4jtqD69Qtfjh8EJ,"Dedublüman, Aleyna Tilki",Sana Güvenmiyorum - Dedub Sessions,Hypers & DMC,1,20,23,1552340,TR,Turkey,Q2,2025
21,spotify:track:0Jn6LasVbDhI1ZyWEuOK7B,Volkan Konak,Aleni Aleni,DOĞAN MÜZİK YAPIM,21,48,18,1534221,TR,Turkey,Q2,2025
22,spotify:track:5pEpvR03HbLxkBtK73EeJw,Ati242,Değişmene Rağmen,SST,2,25,40,1524015,TR,Turkey,Q2,2025
23,spotify:track:0SwRpscOdj6PBhudNVIGpW,BLOK3,ZEHİRLİ GÜL,Mundo Music,10,29,30,1491543,TR,Turkey,Q2,2025
24,spotify:track:7AbbuiP5vKiuyFl47Z5jY3,Duman,Kufi,PARAVAN,2,10,42,1467878,TR,Turkey,Q2,2025
25,spotify:track:24QL6OovqvjJ7cDxBd5Fwl,"Era7capone, KERO",DURULDUM,ZUNA,1,26,12,1432287,TR,Turkey,Q2,2025
26,spotify:track:28Aau4tlztDlgKJQXrWhZR,Simge,Önümüz Yaz,Simge Sağın Production,2,27,42,1394582,TR,Turkey,Q2,2025
27,spotify:track:37g065kUQYRuIEx3Kmv6Ge,Volkan Konak,Ömrüm,DOĞAN MÜZİK YAPIM,27,139,2,1323108,TR,Turkey,Q2,2025
28,spotify:track:6Ear9bhjbNi2oaqv5qlqlM,Ferdi Özbeğen,Dönsen Bile,YAŞAR KEKEVA PLAKÇILIK,24,31,20,1310231,TR,Turkey,Q2,2025
29,spotify:track:0bvgWq2ZUhwwjLR1AMcQDs,"Era7capone, Batuflex, Narco",CISTAK,Lais Records,1,21,44,1309920,TR,Turkey,Q2,2025
30,spotify:track:2IPxsVjAkqoFXrzwGwUVia,Aydilge,Hayat Şaşırtır!,AVRUPA MÜZİK YAPIM,30,53,7,1306788,TR,Turkey,Q2,2025
31,spotify:track:43Kpm3kz8904r3DCvrCx5h,Funda Arar,Bağışla,Bomonti Müzik,14,33,15,1292260,TR,Turkey,Q2,2025
32,spotify:track:0QuKutgaaa0Q1WUZEnrZ93,Ati242,Sönen Sigaralar,SST,5,35,26,1289260,TR,Turkey,Q2,2025
33,spotify:track:65txmqjijZoGYs1irX6tBU,Ati242,Her Nerdeysen,SST,18,32,26,1286426,TR,Turkey,Q2,2025
34,spotify:track:4E10qEzOmTIVmrg6Wz2RHj,Bengü,Saygımdan,DOĞAN MÜZİK YAPIM,14,28,59,1265246,TR,Turkey,Q2,2025
35,spotify:track:3ZwRkdnTb4az8X5n4WXuHA,BLOK3,aklına ben gelicem,Mundo Music,1,18,81,1254924,TR,Turkey,Q2,2025
36,spotify:track:1O3utGlqPaNnTX1ZeRXLQY,BLOK3,UYUZ,Mundo Music,7,24,26,1247381,TR,Turkey,Q2,2025
37,spotify:track:1UIznGFIwNUKUza5kJ9f2G,Melike Şahin,Canın Beni Çekti,Gülbaba Records,1,39,28,1246961,TR,Turkey,Q2,2025
38,spotify:track:4gB1ND5arP2TEb7ZYAUrdL,"ERAY067, Mansur, Avie, Organize, Batuflex, Chiko",HMDL,CULTURE,35,43,4,1241953,TR,Turkey,Q2,2025
39,spotify:track:5VykLQtjCYF6qFq59HbUg9,Dedublüman,Sen Bilmezsin,Hypers,6,42,56,1211644,TR,Turkey,Q2,2025
40,spotify:track:1oOkZEqPrAQLpwBsiYKRl8,"Lvbel C5, AKDO, ALIZADE",kAHpE,EMI - Kent Elektronik Sanayi ve Ticaret A.S.,15,30,6,1209933,TR,Turkey,Q2,2025
41,spotify:track:7zTNMaXRLjiQwi8rRlvReb,"ERAY067, Mansur, Organize, Batuflex",BRAPAP,CULTURE,24,34,11,1196216,TR,Turkey,Q2,2025
42,spotify:track:1AL39PMHvgw979PFKiEOhb,"Wegh, Keskin",Yanlışlarla Karşılaştım,Mamba Music,19,59,6,1178276,TR,Turkey,Q2,2025
43,spotify:track:6xMvh4Tv05tUqzqjBHeKj1,cakal,Damlarsın,NinetyFive,12,22,30,1163165,TR,Turkey,Q2,2025
44,spotify:track:2up5kUpA2yQb5DtXE8B2WJ,Melike Şahin,Durma Yürüsene,Gülbaba Records,41,50,42,1151165,TR,Turkey,Q2,2025
45,spotify:track:3r4JGqyBhcIpOKRQLYjD5C,Şebnem Ferah,Mayın Tarlası,PASAJ,22,44,24,1146954,TR,Turkey,Q2,2025
46,spotify:track:1TxvnXbTRmYwtlkFEn8Rpb,Göksel,Uzaktan,AVRUPA MÜZİK YAPIM,25,38,42,1107058,TR,Turkey,Q2,2025
47,spotify:track:6tXzYIjN0OsHWwMPNU6GVN,Volkan Konak,Yarim Yarim,DOĞAN MÜZİK YAPIM,47,100,2,1102444,TR,Turkey,Q2,2025
48,spotify:track:7M9KPD0b04Z1rxJNGERuAe,Fatma Turgut,İkimizden Biri,AVRUPA MÜZİK YAPIM,36,63,19,1077016,TR,Turkey,Q2,2025
49,spotify:track:5M6QrHGDWdWhyq7hVz3zR8,Derya Bedavacı,Seni Seven Kimdi,SONY MUSIC TURKEY,6,51,21,1070939,TR,Turkey,Q2,2025
50,spotify:track:2csQwIXVZb7fCO980XqCHr,"AKDO, cakal",DOYAMADIM,Lais Records,16,41,50,1067194,TR,Turkey,Q2,2025
1,spotify:track:3JTphuwOWcI28J2vS4gMmI,"Sefo, Demet Akalın",Yerinde Dur,3TR6AP2,1,1,2,9477447,TR,Turkey,Q3,2025
2,spotify:track:1YrEoI9Cn6pmCXuiUGQ0Kf,"Era7capone, Poizi, SNOW",SONBAHAR,ZUNA,1,2,6,4739658,TR,Turkey,Q3,2025
3,spotify:track:4j2rg6pHWZJVpJy1AwRpdl,manifest,Yaşanacaksa,Hypers,2,4,4,3655137,TR,Turkey,Q3,2025
4,spotify:track:2ciOT2HoX5rjkARUQiO0P6,Semicenk,Kalpsiz,Eva Yapım & Eva Records,2,3,4,3521798,TR,Turkey,Q3,2025
5,spotify:track:5eGbBcz7DKfV0uIl7jX8Dr,Merve Özbey,Kendine Dünya,DOĞAN MÜZİK YAPIM,5,12,15,3034902,TR,Turkey,Q3,2025
6,spotify:track:5uh8vQEAZeIFEYhAg52BNS,Rıza Tamer,Benden Sonra,DMC,3,5,15,2970339,TR,Turkey,Q3,2025
7,spotify:track:00Yab3ZoSz1nfy6iyGPJOG,"Afra, Sefo",Aşiyan,Mahzen Media,7,-1,1,2724780,TR,Turkey,Q3,2025
8,spotify:track:4UzAPluTbjdlyyhfE00REO,"Lvbel C5, AKDO",MERMER,EMI - Kent Elektronik Sanayi ve Ticaret A.S.,5,6,6,2601465,TR,Turkey,Q3,2025
9,spotify:track:3ff93VTp2DBbNnDEsAW8Cm,BLOK3,SEVMEYİ DENEMEDİN,Mundo Music,1,7,43,2592077,TR,Turkey,Q3,2025
10,spotify:track:0DDTcst1ymDkTla649Mu0H,"Norm Ender, Ebru Gündeş",Bir Çift Göz,Norm Müzik Medya,10,15,2,2501642,TR,Turkey,Q3,2025
11,spotify:track:0VOnehekjQz9cvUwLzmYSQ,Semicenk,Sen Kaldın,Eva Yapım & Eva Records,1,8,48,2320156,TR,Turkey,Q3,2025
12,spotify:track:2mW1SMo4VbI2MFCTKOBZ6W,manifest,Snap,Hypers,4,9,6,2316373,TR,Turkey,Q3,2025
13,spotify:track:2RlpOjMTH17Gf0F0AM40Lw,Zeynep Bastık,Kör Sevdam,Hypers,6,14,7,2204534,TR,Turkey,Q3,2025
14,spotify:track:1horGWxHKfwctCKdHwrO0n,"BLOK3, Ati242",Keşke,Lais Records,1,11,15,2118285,TR,Turkey,Q3,2025
15,spotify:track:6wW7ZgvYwgOKCRLeqYEM6y,Kenan Doğulu,Ara Beni Lütfen,Doğulu Music,15,17,12,1972041,TR,Turkey,Q3,2025
16,spotify:track:0F7e5Ot8PrsdHBW0SmeXi7,Yıldız Tilbe,Aşk Yok Olmaktır,TEMPA TÜM ELEKTRİKLİ,1,10,9,1971213,TR,Turkey,Q3,2025
17,spotify:track:0rFE7maWOD4JFeG1wukeiB,manifest,KTS,Hypers,6,19,8,1948505,TR,Turkey,Q3,2025
18,spotify:track:7BIWqwuOJMKQN2GCjXQ7Fh,Poizi,HAİNSİN,ZUNA,18,29,2,1918542,TR,Turkey,Q3,2025
19,spotify:track:1lNcnIU4jtqD69Qtfjh8EJ,"Dedublüman, Aleyna Tilki",Sana Güvenmiyorum - Dedub Sessions,Hypers & DMC,1,18,36,1906117,TR,Turkey,Q3,2025
20,spotify:track:28Aau4tlztDlgKJQXrWhZR,Simge,Önümüz Yaz,Simge Sağın Production,2,27,55,1812218,TR,Turkey,Q3,2025
21,spotify:track:1QTxQQfJjNYzMcOpilX3Bf,Sezen Aksu,Sen Ağla,EMI - Kent Elektronik Sanayi ve Ticaret A.S.,16,16,2,1792087,TR,Turkey,Q3,2025
22,spotify:track:2lh2tbZpcMs7scV62GcJaI,"SNOW, Murat Boz, Era7capone",ÜZÜLECEKSİN 2.0,ZUNA,2,20,11,1750262,TR,Turkey,Q3,2025
23,spotify:track:1iOjOuccQP5gL52dQW8EqW,"Poizi, Era7capone, SNOW",ÇIKAR BİRİ KARŞIMA,ZUNA,2,21,20,1728462,TR,Turkey,Q3,2025
24,spotify:track:0E1hVdXGZu0MoE77bYyjie,"Simge, Era7capone, Ozan Bayraşa, SNOW",YANKI X İNTİHAR,DİPH RECORDS & DMC,4,23,34,1674401,TR,Turkey,Q3,2025
25,spotify:track:6FGbxOWr2PhOHd6N06nafP,"manifest, Arem Ozguc, Arman Aydin",Manifest,Hypers,22,25,4,1673203,TR,Turkey,Q3,2025
26,spotify:track:2tn5ROyAtMeBg4NCQMTTnD,manifest,Arıyo,Hypers,12,28,13,1607200,TR,Turkey,Q3,2025
27,spotify:track:5rElOY8KtcQFqlSZ7hgEuC,Sezen Aksu,Ey Aşk,EMI - Kent Elektronik Sanayi ve Ticaret A.S.,22,22,2,1601189,TR,Turkey,Q3,2025
28,spotify:track:4H8ns1mp3witrdJGLrJXR6,Poizi,Y,ZUNA,9,26,11,1570029,TR,Turkey,Q3,2025
29,spotify:track:2hc7C6Iy69sVb8JjZQRBij,Demet Akalın,Nazar,DOĞAN MÜZİK YAPIM,25,87,80,1506966,TR,Turkey,Q3,2025
30,spotify:track:7FfdTwI2i0b5PNeNvqtqCY,Ati242,Italy Forma,SST,2,43,39,1451209,TR,Turkey,Q3,2025
31,spotify:track:65txmqjijZoGYs1irX6tBU,Ati242,Her Nerdeysen,SST,13,32,39,1416536,TR,Turkey,Q3,2025
32,spotify:track:3tCCD2qQLdC99YkRwGPSsx,Yaşar,Kumralım,LİRİK MÜZİK,23,35,211,1402021,TR,Turkey,Q3,2025
33,spotify:track:7qrXYKwZWOMdnrxN0HKm5x,manifest,Zamansızdık,Hypers,23,31,22,1379630,TR,Turkey,Q3,2025
34,spotify:track:2qBH9hL1iMU9kpz44dLtcj,BLOK3,Mosmor Perde,Mundo Music,4,37,6,1375757,TR,Turkey,Q3,2025
35,spotify:track:1I7iW0f42qRNJMvpyERRmo,"Sıla Şahin, Samet Kardeşler",Aldanırım,Samet Kardeşler & Sıla Şahin,4,33,21,1354078,TR,Turkey,Q3,2025
36,spotify:track:366jopUhzxmlcO7m7I6q8G,Gülden,Mendil,DOĞAN MÜZİK YAPIM,3,41,22,1309383,TR,Turkey,Q3,2025
37,spotify:track:5CiycCVVt7vLJyMw1MVfzS,"Oğuzhan Koç, Merve Özbey",Geçsin Yıllar,Mahzen Media Production,2,34,8,1307625,TR,Turkey,Q3,2025
38,spotify:track:5pEpvR03HbLxkBtK73EeJw,Ati242,Değişmene Rağmen,SST,2,39,53,1306783,TR,Turkey,Q3,2025
39,spotify:track:6yBVZ7n0GwTdITxphKiuG8,Sezen Aksu,Şuh Nefes - Ceceli,EMI - Kent Elektronik Sanayi ve Ticaret A.S.,24,24,2,1274126,TR,Turkey,Q3,2025
40,spotify:track:2Vo0kGsnu44Nmfuh3r5aJv,Şebnem Ferah,Sigara,PASAJ,40,50,9,1266525,TR,Turkey,Q3,2025
41,spotify:track:4ytg8WEmLmHa0QebKOthGv,"Gülşen, Murat Boz",İltimas,Ozinga,41,68,64,1258525,TR,Turkey,Q3,2025
42,spotify:track:3Ommpa2aE0RU3F04BedepA,Şebnem Ferah,Bu Aşk Fazla Sana,PASAJ,36,40,54,1248433,TR,Turkey,Q3,2025
43,spotify:track:5Q9eu9rQJd9tOGszZqqsQf,Derya Bedavacı,Çık Artık Aklımdan,SONY MUSIC TURKEY,43,65,2,1227628,TR,Turkey,Q3,2025
44,spotify:track:3XZDLNS43nxBJ6HmAlVMGp,Semicenk,Gözlerinden Gözlerine,Eva Yapım & Eva Records,1,42,23,1224634,TR,Turkey,Q3,2025
45,spotify:track:0bvgWq2ZUhwwjLR1AMcQDs,"Era7capone, Batuflex, Narco",CISTAK,Lais Records,1,45,57,1218877,TR,Turkey,Q3,2025
46,spotify:track:7wSiIzgBSzNFDbVDgxCqeO,Velet,Roman Olur Yazsam Seni,2025 x Neef Social,1,30,13,1213789,TR,Turkey,Q3,2025
47,spotify:track:2qzQNdEUKc9ntvASZgsAo3,"Doğukan Sarıtaş, Reynmen",MAŞALLAH,SANATSEPET under exclusive Lunart Medya,47,62,2,1212019,TR,Turkey,Q3,2025
48,spotify:track:3ZwRkdnTb4az8X5n4WXuHA,BLOK3,aklına ben gelicem,Mundo Music,1,51,94,1203298,TR,Turkey,Q3,2025
49,spotify:track:1bV9ZIvvlsv68FFX5pBNk7,"manifest, Pango",Zehir,Hypers,33,52,4,1194103,TR,Turkey,Q3,2025
50,spotify:track:5tM5kDTxYKCFJzlfyXiTpF,Sıla,Kafa,SONY MUSIC TURKEY,50,64,16,1193271,TR,Turkey,Q3,2025
1,spotify:track:7xYtgtwlgXvpiTnXUAkceF,Poizi,PERDE,ZUNA,1,1,5,5298943,TR,Turkey,Q4,2025
2,spotify:track:4PA0CfHSeg5yYx7PCyGeMb,BLOK3,napıyosun mesela ?,Mundo Music,2,4,12,4896121,TR,Turkey,Q4,2025
3,spotify:track:1RwVkonL4anIGeNZo0OPp1,BLOK3,git,Mundo Music,1,3,12,4435994,TR,Turkey,Q4,2025
4,spotify:track:6oZ8BPQSQog7Q3LPUVgxCr,"Çağla, Doğu Swag",Seni Düşündüm,Eva Records,4,8,11,4301961,TR,Turkey,Q4,2025
5,spotify:track:0P45YtqtAT6AkNDDX1lySE,"Lvbel C5, AKDO",COOOK PARDON,EMI - Kent Elektronik Sanayi ve Ticaret A.S.,2,2,3,4298224,TR,Turkey,Q4,2025
6,spotify:track:67AMcEV9GTOlxs1NAvUDiU,manifest,RÜYA,Hypers,6,-1,1,3920294,TR,Turkey,Q4,2025
7,spotify:track:1YrEoI9Cn6pmCXuiUGQ0Kf,"Era7capone, Poizi, SNOW",SONBAHAR,ZUNA,1,6,19,3597425,TR,Turkey,Q4,2025
8,spotify:track:1o1y0rEQzj9HyB7grfQyl8,"Poizi, Murat Boz",YAPAR MISIN?,ZUNA,1,5,11,3486932,TR,Turkey,Q4,2025
9,spotify:track:5BuvzVuw5Y6h6dXseOJZSn,Amo988,Sar Zamanımızı Geriye,ETL Records,9,10,3,3183051,TR,Turkey,Q4,2025
10,spotify:track:28TeosAOQZvsftj5ZxucaX,"Lvbel C5, AKDO",TAK TAK TAK,Warner Music Turkey,2,7,10,3080474,TR,Turkey,Q4,2025
11,spotify:track:0DDTcst1ymDkTla649Mu0H,"Norm Ender, Ebru Gündeş",Bir Çift Göz,Norm Müzik Medya,1,9,15,3067030,TR,Turkey,Q4,2025
12,spotify:track:3ff93VTp2DBbNnDEsAW8Cm,BLOK3,SEVMEYİ DENEMEDİN,Mundo Music,1,11,56,2998290,TR,Turkey,Q4,2025
13,spotify:track:2ciOT2HoX5rjkARUQiO0P6,Semicenk,Kalpsiz,Eva Yapım & Eva Records,2,12,17,2736134,TR,Turkey,Q4,2025
14,spotify:track:2vPA1SN0fPjevTyvWIJNO4,"Batuflex, ERAY067, Mansur",BURADA SOKAKLAR,Batuflex,14,18,12,2677535,TR,Turkey,Q4,2025
15,spotify:track:1horGWxHKfwctCKdHwrO0n,"BLOK3, Ati242",Keşke,Lais Records,1,14,28,2416409,TR,Turkey,Q4,2025
16,spotify:track:1iOjOuccQP5gL52dQW8EqW,"Poizi, Era7capone, SNOW",ÇIKAR BİRİ KARŞIMA,ZUNA,2,16,33,2216803,TR,Turkey,Q4,2025
17,spotify:track:3ic4P54j8y17su29vAGYD5,"Lvbel C5, AKDO",TİKTOK,EMI - Kent Elektronik Sanayi ve Ticaret A.S.,17,-1,1,2116575,TR,Turkey,Q4,2025
18,spotify:track:4H8ns1mp3witrdJGLrJXR6,Poizi,Y,ZUNA,9,17,24,2115904,TR,Turkey,Q4,2025
19,spotify:track:65nCHefqExYMQaPjg36qhI,Poizi,KİMSELER DUYMASIN,ZUNA,6,13,5,2087692,TR,Turkey,Q4,2025
20,spotify:track:6wW7ZgvYwgOKCRLeqYEM6y,Kenan Doğulu,Ara Beni Lütfen,Doğulu Music,11,21,25,1995373,TR,Turkey,Q4,2025
21,spotify:track:3ZwRkdnTb4az8X5n4WXuHA,BLOK3,aklına ben gelicem,Mundo Music,1,19,107,1956280,TR,Turkey,Q4,2025
22,spotify:track:0VOnehekjQz9cvUwLzmYSQ,Semicenk,Sen Kaldın,Eva Yapım & Eva Records,1,20,61,1951458,TR,Turkey,Q4,2025
23,spotify:track:1dR9wy1C7PWn4HwEsgCRDv,"UZI, Aksan",MA CHÉRIE,EMI - Kent Elektronik Sanayi ve Ticaret A.S.,23,23,12,1888440,TR,Turkey,Q4,2025
24,spotify:track:0pqAT0vxp4HEpYtyKa3ke9,Yalın,Günaydın - Remastered,Y Prodüksiyon,24,35,10,1734880,TR,Turkey,Q4,2025
25,spotify:track:50Ygo82IfoBCWlo8zBs5Fa,"Tuna Kiremitçi, Yıldız Tilbe",Yine Sevebilirim,PASAJ,25,28,51,1688321,TR,Turkey,Q4,2025
26,spotify:track:1lNcnIU4jtqD69Qtfjh8EJ,"Dedublüman, Aleyna Tilki",Sana Güvenmiyorum - Dedub Sessions,Hypers & DMC,1,26,49,1658747,TR,Turkey,Q4,2025
27,spotify:track:4mwKj8jNSq8eTp3ylpcBAE,Nazan Öncel,Beni Hatırla,Nazan Öncel,15,36,66,1629705,TR,Turkey,Q4,2025
28,spotify:track:3Hvn1ASL6A9m921Y99Hdm4,"cakal, Mavi",Gözler,Act Early & Veritas,6,22,21,1615854,TR,Turkey,Q4,2025
29,spotify:track:65txmqjijZoGYs1irX6tBU,Ati242,Her Nerdeysen,SST,13,41,52,1612410,TR,Turkey,Q4,2025
30,spotify:track:5pEpvR03HbLxkBtK73EeJw,Ati242,Değişmene Rağmen,SST,2,27,66,1585539,TR,Turkey,Q4,2025
31,spotify:track:4UzAPluTbjdlyyhfE00REO,"Lvbel C5, AKDO",MERMER,EMI - Kent Elektronik Sanayi ve Ticaret A.S.,5,25,19,1582045,TR,Turkey,Q4,2025
32,spotify:track:0n5RFIZqdGlWWLlLMpYSIx,Güllü,Sabah Olmadan,ÖZER KARDEŞ KASET,15,15,13,1510235,TR,Turkey,Q4,2025
33,spotify:track:5NZIOc4fppMklnzBB6O0JE,EGE!,gelemez,ZUNA,33,-1,1,1509937,TR,Turkey,Q4,2025
34,spotify:track:7FfdTwI2i0b5PNeNvqtqCY,Ati242,Italy Forma,SST,2,34,52,1467763,TR,Turkey,Q4,2025
35,spotify:track:3iJA0Z7YyB9DrArNTvoDat,"ERAY067, Mansur",ÇOK AĞLADIM,CULTURE,27,75,10,1450601,TR,Turkey,Q4,2025
36,spotify:track:2mW1SMo4VbI2MFCTKOBZ6W,manifest,Snap,Hypers,4,31,19,1441933,TR,Turkey,Q4,2025
37,spotify:track:00Yab3ZoSz1nfy6iyGPJOG,"Afra, Sefo",Aşiyan,Mahzen Media,2,24,14,1431318,TR,Turkey,Q4,2025
38,spotify:track:56RhdFrIBURDOGdGgytviE,"MERO, Ati242",Uykusuz Geceler,URBAN,7,30,7,1422992,TR,Turkey,Q4,2025
39,spotify:track:6AlxlCtYgf7yBGRZGzAjJ4,"Hande Yener, Seksendört",Rüya,Poll Production,39,40,7,1408700,TR,Turkey,Q4,2025
40,spotify:track:3JTphuwOWcI28J2vS4gMmI,"Sefo, Demet Akalın",Yerinde Dur,3TR6AP2,1,32,15,1404292,TR,Turkey,Q4,2025
41,spotify:track:5uh8vQEAZeIFEYhAg52BNS,Rıza Tamer,Benden Sonra,DMC,3,42,28,1384775,TR,Turkey,Q4,2025
42,spotify:track:3Ommpa2aE0RU3F04BedepA,Şebnem Ferah,Bu Aşk Fazla Sana,PASAJ,36,45,67,1357351,TR,Turkey,Q4,2025
43,spotify:track:3f4arEo6e5ugrzDB7lT48D,"Iskender Paydas, BBD Korosu",Batsın Bu Dünya,İskender Paydaş Prodüksiyon,43,51,3,1338708,TR,Turkey,Q4,2025
44,spotify:track:2QDSRyIio26v05eRWuBSjS,Keskin,EĞME BOYUN,HAWKS Company,43,52,15,1332585,TR,Turkey,Q4,2025
45,spotify:track:406NzjjqZlOiFyIvhTGcAQ,Yalın,Her şey Sensin,AVRUPA MÜZİK YAPIM,45,47,67,1297186,TR,Turkey,Q4,2025
46,spotify:track:5qzoVhaHblEfeVtBwrTIap,"Lvbel C5, AKDO",PEKİ PEKİ,EMI - Kent Elektronik Sanayi ve Ticaret A.S.,18,37,17,1283462,TR,Turkey,Q4,2025
47,spotify:track:6Ear9bhjbNi2oaqv5qlqlM,Ferdi Özbeğen,Dönsen Bile,YAŞAR KEKEVA PLAKÇILIK,24,43,46,1271593,TR,Turkey,Q4,2025
48,spotify:track:2OCqhgRAssguuVopUMfGL8,"manifest, Motive, Pango",Zehir - Motive Remix,Hypers,23,44,5,1270349,TR,Turkey,Q4,2025
49,spotify:track:0E1hVdXGZu0MoE77bYyjie,"Simge, Era7capone, Ozan Bayraşa, SNOW",YANKI X İNTİHAR,DİPH RECORDS & DMC,4,71,47,1249898,TR,Turkey,Q4,2025
50,spotify:track:7BIWqwuOJMKQN2GCjXQ7Fh,Poizi,HAİNSİN,ZUNA,14,33,15,1249734,TR,Turkey,Q4,2025
1,spotify:track:2plbrEY59IikOBgBGLjaoe,"Lady Gaga, Bruno Mars",Die With A Smile,Interscope,1,1,21,12436875,US,United States,Q1,2025
2,spotify:track:7ne4VBA60CxGM75vw0EYad,Gracie Abrams,That’s So True,"Gracie Abrams, under exclusive license to Interscope Records",1,2,12,10975038,US,United States,Q1,2025
3,spotify:track:2CGNAOSuO1MEFCbBRgUzjd,"Kendrick Lamar, SZA",luther (with sza),"pgLang, under exclusive license to Interscope Records",1,3,7,10895792,US,United States,Q1,2025
4,spotify:track:3tFed7YsjGnIfxeLEQwx3R,"Tyler, The Creator, GloRilla, Sexyy Red, Lil Wayne","Sticky (feat. GloRilla, Sexyy Red & Lil Wayne)",Columbia,2,6,11,9720196,US,United States,Q1,2025
5,spotify:track:0aB0v4027ukVziUGwVGYpG,"Kendrick Lamar, Lefty Gunplay",tv off (feat. lefty gunplay),"pgLang, under exclusive license to Interscope Records",1,5,7,9471326,US,United States,Q1,2025
6,spotify:track:6dOtVTDdiauQNBQEDOtlAB,Billie Eilish,BIRDS OF A FEATHER,Darkroom/Interscope Records,2,4,34,9023145,US,United States,Q1,2025
7,spotify:track:4wJ5Qq0jBN4ajy7ouZIV1c,"ROSÉ, Bruno Mars",APT.,Atlantic Records,1,7,12,8833470,US,United States,Q1,2025
8,spotify:track:3MJ6lFNV12FSHAOzTzkwxz,Morgan Wallen,Smile,Big Loud Records / Mercury Records / Republic Records,8,76,2,8230373,US,United States,Q1,2025
9,spotify:track:2262bWmqomIaJXwCRHr13j,Gigi Perez,Sailor Song,Gigi Perez PS/ Island,3,8,24,8004288,US,United States,Q1,2025
10,spotify:track:1Es7AUAhQvapIcoh3qMKDL,"The Weeknd, Playboi Carti",Timeless (feat Playboi Carti),XO / Republic Records,1,11,15,7895587,US,United States,Q1,2025
11,spotify:track:7tI8dRuH2Yc6RuoTjxo4dU,Jimin,Who,BIGHIT MUSIC,2,9,25,7382074,US,United States,Q1,2025
12,spotify:track:0WbMK4wrZ1wFSty9F7FCgu,Chappell Roan,"Good Luck, Babe!",Chappell Roan PS/ Island,1,10,40,7288604,US,United States,Q1,2025
13,spotify:track:3U3hFkMr0Q90pD24EkE3Pr,SZA,BMF,Top Dawg Entertainment/RCA Records,12,12,3,7175384,US,United States,Q1,2025
14,spotify:track:6jbYpRPTEFl1HFKHk1IC0m,"Tyler, The Creator, Lola Young",Like Him (feat. Lola Young),Columbia,11,15,11,6953283,US,United States,Q1,2025
15,spotify:track:35ISBknsCeZQtq66xABI9g,Lola Young,Messy,Universal-Island Records Ltd.,15,16,6,6693434,US,United States,Q1,2025
16,spotify:track:0nj9Bq5sHDiTxSHunhgkFb,Kendrick Lamar,squabble up,"pgLang, under exclusive license to Interscope Records",1,14,7,6571280,US,United States,Q1,2025
17,spotify:track:5TFD2bmFKGhoCRbX61nXY5,Bad Bunny,NUEVAYoL,Rimas Entertainment LLC.,17,-1,1,6327962,US,United States,Q1,2025
18,spotify:track:5IZXB5IKAD2qlvTPJYDCFB,"Post Malone, Morgan Wallen",I Had Some Help (Feat. Morgan Wallen),Mercury Records / Republic Records,1,18,35,6128928,US,United States,Q1,2025
19,spotify:track:2lTm559tuIvatlT1u0JYG2,Bad Bunny,BAILE INoLVIDABLE,Rimas Entertainment LLC.,19,-1,1,6126791,US,United States,Q1,2025
20,spotify:track:3aSWXU6owkZeVhh94XxEWO,"SZA, Kendrick Lamar",30 For 30 (with Kendrick Lamar),Top Dawg Entertainment/RCA Records,19,19,3,5913882,US,United States,Q1,2025
21,spotify:track:2HRqTpkrJO5ggZyyK6NPWz,Sabrina Carpenter,Espresso,Island Records,1,13,39,5858922,US,United States,Q1,2025
22,spotify:track:5nk6BxN9bM5rLNkA3pMOzn,GELO,Tweaker,LiAngelo Ball (G3) PS/Def Jam,22,-1,1,5752211,US,United States,Q1,2025
23,spotify:track:5G2f63n7IPVPPjfNIGih7Q,Sabrina Carpenter,Taste,Island Records,1,20,20,5716565,US,United States,Q1,2025
24,spotify:track:5fZJQrFKWQLb7FpJXZ1g7K,Shaboozey,A Bar Song (Tipsy),American Dogwood / EMPIRE,3,17,39,5690799,US,United States,Q1,2025
25,spotify:track:59D4DOkspUbWyMmbAPQkxZ,Bad Bunny,VOY A LLeVARTE PA PR,Rimas Entertainment LLC.,25,-1,1,5686836,US,United States,Q1,2025
26,spotify:track:3QaPy1KgI7nu9FJEQUgn6h,Billie Eilish,WILDFLOWER,Darkroom/Interscope Records,11,21,34,5681597,US,United States,Q1,2025
27,spotify:track:0iKo4pNNjHHdKUcFARlfCa,Bad Bunny,EL CLúB,Rimas Entertainment LLC.,27,179,4,5605466,US,United States,Q1,2025
28,spotify:track:17phhZDn6oGtzMe56NuWvj,Teddy Swims,Lose Control,Warner Records,10,24,61,5516745,US,United States,Q1,2025
29,spotify:track:7KA4W4McWYRpgf0fWsJZWB,"Tyler, The Creator, Kali Uchis",See You Again (feat. Kali Uchis),Columbia,5,23,184,5481626,US,United States,Q1,2025
30,spotify:track:0eaVIYo2zeOaGJeqZ5TwYz,Don Toliver,No Pole,Cactus Jack / Atlantic,28,28,12,5366842,US,United States,Q1,2025
31,spotify:track:3sK8wGT43QFpWrvNQsrQya,Bad Bunny,DtMF,Rimas Entertainment LLC.,31,-1,1,5212909,US,United States,Q1,2025
32,spotify:track:3E9IzxNXsk7yFfc1SHpiG1,"Lil Baby, Young Thug, Future","Dum, Dumb, and Dumber (with Young Thug & Future)",Quality Control Music/Motown Records,32,-1,1,5205076,US,United States,Q1,2025
33,spotify:track:3siwsiaEoU4Kuuc9WKMUy5,The Marías,No One Noticed,Nice Life/Atlantic,20,33,21,5158574,US,United States,Q1,2025
34,spotify:track:7d6yK8v8J484SWH5prIQiE,"Bad Bunny, Omar Courtz, Dei V",VeLDÁ,Rimas Entertainment LLC.,34,-1,1,4979831,US,United States,Q1,2025
35,spotify:track:1Q9Efnm5csdCMFynISxL2x,"Bad Bunny, RaiNao",PERFuMITO NUEVO,Rimas Entertainment LLC.,35,-1,1,4782018,US,United States,Q1,2025
36,spotify:track:2E7a96qey4AzSOdK6H21vS,SZA,Scorsese Baby Daddy,Top Dawg Entertainment/RCA Records,27,27,3,4758137,US,United States,Q1,2025
37,spotify:track:7hR22TOX3RorxJPcsz5Wbo,Morgan Wallen,Love Somebody,Big Loud Records / Mercury Records / Republic Records,3,42,12,4665882,US,United States,Q1,2025
38,spotify:track:51rfRCiUSvxXlCSCfIztBy,Gracie Abrams,"I Love You, I'm Sorry","Gracie Abrams, under exclusive license to Interscope Records",11,30,26,4660384,US,United States,Q1,2025
39,spotify:track:0cQVqPuHQP4KEwc7ZUQmj6,The Neighbourhood,Sweater Weather,Columbia,13,38,229,4607965,US,United States,Q1,2025
40,spotify:track:5WEF0icHWmAZBBMglBd599,"Bad Bunny, Chuwi",WELTiTA,Rimas Entertainment LLC.,40,-1,1,4562677,US,United States,Q1,2025
41,spotify:track:2tHwzyyOLoWSFqYNjeVMzj,Sabrina Carpenter,Please Please Please,Island Records,1,29,31,4558863,US,United States,Q1,2025
42,spotify:track:1eTaznNW4Xxtx9za2SMTXB,Doechii,DENIAL IS A RIVER,Top Dawg Entertainment/Capitol Records,42,95,2,4557133,US,United States,Q1,2025
43,spotify:track:6AI3ezQ4o3HUoP6Dhudph3,Kendrick Lamar,Not Like Us,"Kendrick Lamar, under exclusive license to Interscope Records",1,25,36,4537320,US,United States,Q1,2025
44,spotify:track:0mflMxspEfB0VbI1kyLiAv,Noah Kahan,Stick Season,Mercury Records/Republic Records,2,37,115,4439801,US,United States,Q1,2025
45,spotify:track:4iZ4pt7kvcaH6Yo8UoZ4s2,SZA,Snooze,Top Dawg Entertainment/RCA Records,10,34,109,4430437,US,United States,Q1,2025
46,spotify:track:63EQbNhgaih4yg5412usWG,Neton Vega,Loco,Josa Records,46,57,2,4425809,US,United States,Q1,2025
47,spotify:track:5xeSd4HgzrYpNLEf3LfYLK,"GloRilla, Sexyy Red",WHATCHU KNO ABOUT ME (feat. Sexyy Red),CMG/Interscope Records,26,26,12,4415794,US,United States,Q1,2025
48,spotify:track:1k2pQc5i348DCHwbn5KTdc,Chappell Roan,Pink Pony Club,Chappell Roan PS/ Island,12,32,31,4411215,US,United States,Q1,2025
49,spotify:track:4xdBrk0nFZaP54vvZj0yx7,Chappell Roan,HOT TO GO!,Chappell Roan PS/ Island,9,22,39,4389977,US,United States,Q1,2025
50,spotify:track:14QaXYIK3K3QPtezqxRRPN,Bad Bunny,PIToRRO DE COCO,Rimas Entertainment LLC.,50,139,2,4298209,US,United States,Q1,2025
1,spotify:track:2u9S9JJ6hTZS3Vf22HOZKg,Drake,NOKIA,OVO Sound,1,2,8,10930859,US,United States,Q2,2025
2,spotify:track:2CGNAOSuO1MEFCbBRgUzjd,"Kendrick Lamar, SZA",luther (with sza),"pgLang, under exclusive license to Interscope Records",1,1,20,10004424,US,United States,Q2,2025
3,spotify:track:7EW7Yivb93qKAtp5qEm5of,Lil Tecca,Dark Thoughts,Galactic / Republic Records,2,3,4,8243724,US,United States,Q2,2025
4,spotify:track:2RkZ5LkEzeHGRsmDqKwmaJ,Alex Warren,Ordinary,Atlantic Records,4,9,9,7947063,US,United States,Q2,2025
5,spotify:track:73kIKvg65QWieOKXIwyLJP,"BigXthaPlug, Bailey Zimmerman",All The Way (feat. Bailey Zimmerman),BigXthaPlug under exclusive license to UnitedMasters LLC,5,-1,1,7856642,US,United States,Q2,2025
6,spotify:track:02Ya2Q08bBKFqUJvjmyRXK,Morgan Wallen,Just In Case,Mercury Records/Morgan Wallen,5,5,3,7359542,US,United States,Q2,2025
7,spotify:track:5UJbgR4XF4y1DvbkxEqe8S,Tate McRae,Sports car,RCA Records Label,7,8,11,7062804,US,United States,Q2,2025
8,spotify:track:7so0lgd0zP2Sbgs2d7a1SZ,"Lady Gaga, Bruno Mars",Die With A Smile,Interscope Records,1,6,34,7035841,US,United States,Q2,2025
9,spotify:track:0aB0v4027ukVziUGwVGYpG,"Kendrick Lamar, Lefty Gunplay",tv off (feat. lefty gunplay),"pgLang, under exclusive license to Interscope Records",1,7,20,6877604,US,United States,Q2,2025
10,spotify:track:3AdXwuFn7j21HNiFMXvZXt,Sleep Token,Caramel,Sleep Token/RCA Records,10,-1,1,6719974,US,United States,Q2,2025
11,spotify:track:0FIDCNYYjNvPVimz5icugS,"The Weeknd, Playboi Carti",Timeless (feat Playboi Carti),XO / Republic Records,1,11,28,6668158,US,United States,Q2,2025
12,spotify:track:6dOtVTDdiauQNBQEDOtlAB,Billie Eilish,BIRDS OF A FEATHER,Darkroom/Interscope Records,2,14,47,6523083,US,United States,Q2,2025
13,spotify:track:6393yGahSJ9slVdOwSxOVR,Chappell Roan,Pink Pony Club,Chappell Roan PS/ Island,8,12,44,6330179,US,United States,Q2,2025
14,spotify:track:2262bWmqomIaJXwCRHr13j,Gigi Perez,Sailor Song,Gigi Perez PS/ Island,3,17,37,6185743,US,United States,Q2,2025
15,spotify:track:3siwsiaEoU4Kuuc9WKMUy5,The Marías,No One Noticed,Nice Life/Atlantic,15,19,34,6004516,US,United States,Q2,2025
16,spotify:track:6AI3ezQ4o3HUoP6Dhudph3,Kendrick Lamar,Not Like Us,"Kendrick Lamar, under exclusive license to Interscope Records",1,16,49,5944622,US,United States,Q2,2025
17,spotify:track:3GCdLUSnKSMJhs4Tj6CV3s,"Kendrick Lamar, SZA","All The Stars (with SZA) - From ""Black Panther: The Album""",Black Panther (TDE/DMG) PS,2,21,135,5623951,US,United States,Q2,2025
18,spotify:track:7ne4VBA60CxGM75vw0EYad,Gracie Abrams,That’s So True,"Gracie Abrams, under exclusive license to Interscope Records",1,20,25,5511394,US,United States,Q2,2025
19,spotify:track:1edcyazKIdKrIuz9cWpXU6,Ariana Grande,twilight zone,Republic Records,4,4,2,5398946,US,United States,Q2,2025
20,spotify:track:68qeaZhtMZ6abrJCYt6nQn,"Playboi Carti, The Weeknd",RATHER LIE (with The Weeknd),AWGE/Interscope Records,2,13,4,5265921,US,United States,Q2,2025
21,spotify:track:3LPLRNr58Z9Pn0clnEtkXb,Doechii,Anxiety,Top Dawg Entertainment/Capitol Records,2,10,5,5212175,US,United States,Q2,2025
22,spotify:track:3HlWVKwU0JqJXqJK9DWHnZ,Morgan Wallen,I'm The Problem,Big Loud Records / Mercury Records / Republic Records,6,23,10,5185854,US,United States,Q2,2025
23,spotify:track:3sK8wGT43QFpWrvNQsrQya,Bad Bunny,DtMF,Rimas Entertainment LLC.,1,22,14,4993487,US,United States,Q2,2025
24,spotify:track:0WbMK4wrZ1wFSty9F7FCgu,Chappell Roan,"Good Luck, Babe!",Chappell Roan PS/ Island,1,25,53,4986547,US,United States,Q2,2025
25,spotify:track:3xkHsmpQCBMytMJNiDf3Ii,Benson Boone,Beautiful Things,"Night Street Records, Inc./Warner Records Inc.",1,26,64,4887496,US,United States,Q2,2025
26,spotify:track:5IZXB5IKAD2qlvTPJYDCFB,"Post Malone, Morgan Wallen",I Had Some Help (Feat. Morgan Wallen),Mercury Records / Republic Records,1,30,48,4859660,US,United States,Q2,2025
27,spotify:track:2HRqTpkrJO5ggZyyK6NPWz,Sabrina Carpenter,Espresso,Island Records,1,36,52,4789082,US,United States,Q2,2025
28,spotify:track:4wJ5Qq0jBN4ajy7ouZIV1c,"ROSÉ, Bruno Mars",APT.,Atlantic Records,1,24,25,4746184,US,United States,Q2,2025
29,spotify:track:6iycYUk3oB0NPMdaDUrN1w,Playboi Carti,EVIL J0RDAN,AWGE/Interscope Records,1,18,4,4719536,US,United States,Q2,2025
30,spotify:track:2XUx8PCXGpP1XhZJMGiUol,Malcolm Todd,Chest Pain (I Love),Columbia,30,83,2,4684119,US,United States,Q2,2025
31,spotify:track:17phhZDn6oGtzMe56NuWvj,Teddy Swims,Lose Control,Warner Records,10,32,74,4676035,US,United States,Q2,2025
32,spotify:track:5fZJQrFKWQLb7FpJXZ1g7K,Shaboozey,A Bar Song (Tipsy),American Dogwood / EMPIRE,3,37,52,4651104,US,United States,Q2,2025
33,spotify:track:58ge6dfP91o9oXMzq3XkIS,Arctic Monkeys,505,Domino/Warner Records,18,39,220,4557553,US,United States,Q2,2025
34,spotify:track:0FTmksd2dxiE5e3rWyJXs6,sombr,back to friends,Warner Records,34,60,3,4554690,US,United States,Q2,2025
35,spotify:track:7KA4W4McWYRpgf0fWsJZWB,"Tyler, The Creator, Kali Uchis",See You Again (feat. Kali Uchis),Columbia,5,28,197,4547827,US,United States,Q2,2025
36,spotify:track:78HEzDEs1QUnHB2DbxgC1s,"Alemán, Neton Vega",Te Quería Ver,HOMEGROWN MAFIA S.A. DE C.V./Sony Music México-Latin,36,43,9,4503382,US,United States,Q2,2025
37,spotify:track:3SAga35lAPYdjj3qyfEsCF,d4vd,Feel It (From “Invincible”),Darkroom/Interscope Records,37,47,17,4463368,US,United States,Q2,2025
38,spotify:track:3QaPy1KgI7nu9FJEQUgn6h,Billie Eilish,WILDFLOWER,Darkroom/Interscope Records,11,40,47,4427849,US,United States,Q2,2025
39,spotify:track:541sN2qNfIlllGn9nGOQoC,Tate McRae,Revolving door,RCA Records Label,10,38,7,4405172,US,United States,Q2,2025
40,spotify:track:0nj9Bq5sHDiTxSHunhgkFb,Kendrick Lamar,squabble up,"pgLang, under exclusive license to Interscope Records",1,35,20,4392431,US,United States,Q2,2025
41,spotify:track:5G2f63n7IPVPPjfNIGih7Q,Sabrina Carpenter,Taste,Island Records,1,48,33,4329496,US,United States,Q2,2025
42,spotify:track:0b0Dz0Gi86SVdBxYeiQcCP,Sabrina Carpenter,Busy Woman,Island Records,10,52,8,4302370,US,United States,Q2,2025
43,spotify:track:4eLDmhsJW3JoZTXCAozHor,Neton Vega,Loco,Josa Records,21,54,15,4241996,US,United States,Q2,2025
44,spotify:track:35ISBknsCeZQtq66xABI9g,Lola Young,Messy,Universal-Island Records Ltd.,11,49,19,4232043,US,United States,Q2,2025
45,spotify:track:63Pi2NAx5yCgeLhCTOrEou,Imogen Heap,Headlock,Megaphonic,38,50,20,4205021,US,United States,Q2,2025
46,spotify:track:1eTaznNW4Xxtx9za2SMTXB,Doechii,DENIAL IS A RIVER,Top Dawg Entertainment/Capitol Records,6,34,15,4180860,US,United States,Q2,2025
47,spotify:track:3fxDcaiomBMomHdMeCSsZ2,Ariana Grande,dandelion,Republic Records,15,15,2,4162040,US,United States,Q2,2025
48,spotify:track:1DpC4L3JjsGRW7y6eTHaMj,"Selena Gomez, benny blanco, The Marías",Ojos Tristes (with The Marías),SMG Music LLC & Friends Keep Secrets under exclusive license to Interscope Records,42,42,3,4006335,US,United States,Q2,2025
49,spotify:track:4AajxCEwGEsmHmT4H1TwjY,sombr,undressed,Warner Records,49,75,2,3987826,US,United States,Q2,2025
50,spotify:track:7hR22TOX3RorxJPcsz5Wbo,Morgan Wallen,Love Somebody,Big Loud Records / Mercury Records / Republic Records,3,46,25,3935097,US,United States,Q2,2025
1,spotify:track:1CPZ5BxNNd0n0nF4Orb9JS,"HUNTR/X, EJAE, AUDREY NUNA, REI AMI, KPop Demon Hunters Cast",Golden,K-Pop Demon Hunters,1,5,3,9225418,US,United States,Q3,2025
2,spotify:track:1I37Zz2g3hk9eWxaNkj031,"Saja Boys, Andrew Choi, Neckwav, Danny Chung, KEVIN WOO, samUIL Lee, KPop Demon Hunters Cast",Your Idol,K-Pop Demon Hunters,2,4,3,9114760,US,United States,Q3,2025
3,spotify:track:0FTmksd2dxiE5e3rWyJXs6,sombr,back to friends,Warner Records,2,2,16,7692767,US,United States,Q3,2025
4,spotify:track:57GsLpRtEtrzcPGPop20rS,Drake,What Did I Miss?,OVO/Republic,4,-1,1,7308913,US,United States,Q3,2025
5,spotify:track:2RkZ5LkEzeHGRsmDqKwmaJ,Alex Warren,Ordinary,Atlantic Records,1,3,22,7060078,US,United States,Q3,2025
6,spotify:track:3RXUgPNIbUgFxsDWuBQEt6,"HUNTR/X, EJAE, AUDREY NUNA, REI AMI, KPop Demon Hunters Cast",How It’s Done,K-Pop Demon Hunters,6,10,3,6863434,US,United States,Q3,2025
7,spotify:track:42UBPzRMh5yyz0EDPr6fr1,Sabrina Carpenter,Manchild,Island Records,1,1,5,6564583,US,United States,Q3,2025
8,spotify:track:4WFgvKVfEhb3IUAFGrutTR,Ravyn Lenae,Love Me Not,Atlantic Records,5,7,18,6552191,US,United States,Q3,2025
9,spotify:track:02sy7FAs8dkDNYsHp4Ul3f,"Saja Boys, Andrew Choi, Neckwav, Danny Chung, KEVIN WOO, samUIL Lee, KPop Demon Hunters Cast",Soda Pop,K-Pop Demon Hunters,9,18,3,6443853,US,United States,Q3,2025
10,spotify:track:04emojnbYkrRmv5qtJcgVP,"Morgan Wallen, Tate McRae",What I Want (feat. Tate McRae),Big Loud Records / Mercury Records / Republic Records,1,6,8,6213527,US,United States,Q3,2025
11,spotify:track:0ofHAoxe9vBkTCp2UQIavz,Fleetwood Mac,Dreams - 2004 Remaster,Rhino/Warner Records,6,28,233,5693856,US,United States,Q3,2025
12,spotify:track:5sBDrrtLGbV64QJnEqfjer,"HUNTR/X, EJAE, AUDREY NUNA, REI AMI, KPop Demon Hunters Cast",What It Sounds Like,K-Pop Demon Hunters,12,23,3,5606145,US,United States,Q3,2025
13,spotify:track:5z0LSDpPpGwc2ZyJHpsE3J,Morgan Wallen,Just In Case,Big Loud Records / Mercury Records / Republic Records,2,8,16,5582633,US,United States,Q3,2025
14,spotify:track:4AajxCEwGEsmHmT4H1TwjY,sombr,undressed,Warner Records,3,9,15,5471128,US,United States,Q3,2025
15,spotify:track:5DxDLsW6PsLz5gkwC7Mk5S,"Rumi, Jinu, EJAE, Andrew Choi, KPop Demon Hunters Cast",Free,K-Pop Demon Hunters,15,27,3,5404892,US,United States,Q3,2025
16,spotify:track:5IZXB5IKAD2qlvTPJYDCFB,"Post Malone, Morgan Wallen",I Had Some Help (Feat. Morgan Wallen),Mercury Records / Republic Records,1,17,61,5315619,US,United States,Q3,2025
17,spotify:track:0MHStU0muAIEMbwdnebYu2,"HUNTR/X, EJAE, AUDREY NUNA, REI AMI, KPop Demon Hunters Cast",Takedown,K-Pop Demon Hunters,17,33,2,5209789,US,United States,Q3,2025
18,spotify:track:0M7mWKqwTIaVjYyxfZmtTa,Toby Keith,"Courtesy Of The Red, White And Blue (The Angry American)",DreamWorks Nashville,18,-1,5,5165096,US,United States,Q3,2025
19,spotify:track:4gfrYDtaRmp6HPvN80V2ob,Morgan Wallen,I Got Better,Big Loud Records / Mercury Records / Republic Records,3,11,8,5110126,US,United States,Q3,2025
20,spotify:track:5fZJQrFKWQLb7FpJXZ1g7K,Shaboozey,A Bar Song (Tipsy),American Dogwood / EMPIRE,3,24,65,5005919,US,United States,Q3,2025
21,spotify:track:6393yGahSJ9slVdOwSxOVR,Chappell Roan,Pink Pony Club,Chappell Roan PS/ Island,8,13,57,4937922,US,United States,Q3,2025
22,spotify:track:6dOtVTDdiauQNBQEDOtlAB,Billie Eilish,BIRDS OF A FEATHER,Darkroom/Interscope Records,2,14,60,4873465,US,United States,Q3,2025
23,spotify:track:2yWlGEgEfPot0lv3OAjuG3,"Tate McRae, F1 The Album",Just Keep Watching (From F1® The Movie),Atlantic Records,12,25,6,4867911,US,United States,Q3,2025
24,spotify:track:2ipIPsgrgd0j2beDf4Ki70,Benson Boone,Mystical Magical,"Night Street Records, Inc./Warner Records Inc.",7,12,11,4846512,US,United States,Q3,2025
25,spotify:track:3siwsiaEoU4Kuuc9WKMUy5,The Marías,No One Noticed,Nice Life/Atlantic,5,21,47,4831587,US,United States,Q3,2025
26,spotify:track:6Qyc6fS4DsZjB2mRW9DsQs,The Goo Goo Dolls,Iris,Warner Records,24,26,72,4812950,US,United States,Q3,2025
27,spotify:track:2CGNAOSuO1MEFCbBRgUzjd,"Kendrick Lamar, SZA",luther (with sza),"pgLang, under exclusive license to Interscope Records",1,16,33,4778543,US,United States,Q3,2025
28,spotify:track:7AeM1BGYM7emrqmQn1PuWv,Morgan Wallen,I'm The Problem,Big Loud Records / Mercury Records / Republic Records,4,15,23,4759313,US,United States,Q3,2025
29,spotify:track:2u9S9JJ6hTZS3Vf22HOZKg,Drake,NOKIA,OVO Sound,1,19,21,4652909,US,United States,Q3,2025
30,spotify:track:3xkHsmpQCBMytMJNiDf3Ii,Benson Boone,Beautiful Things,"Night Street Records, Inc./Warner Records Inc.",1,20,77,4555951,US,United States,Q3,2025
31,spotify:track:3E7dfMvvCLUddWissuqMwr,Miley Cyrus,Party In The U.S.A.,Hollywood Records,31,-1,42,4233256,US,United States,Q3,2025
32,spotify:track:19XpFsce28aByvCC4g89tJ,Hozier,Too Sweet,Columbia,1,32,68,4208530,US,United States,Q3,2025
33,spotify:track:17phhZDn6oGtzMe56NuWvj,Teddy Swims,Lose Control,Warner Records,10,30,87,4186447,US,United States,Q3,2025
34,spotify:track:21IYMdzTrzSe191Cy5eMap,Gigi Perez,Sailor Song,"Outtahere, LLC / Island Records",3,31,50,4148167,US,United States,Q3,2025
35,spotify:track:7so0lgd0zP2Sbgs2d7a1SZ,"Lady Gaga, Bruno Mars",Die With A Smile,Interscope Records,1,29,47,4146609,US,United States,Q3,2025
36,spotify:track:4KULAymBBJcPRpk1yO4dOG,"Zach Bryan, Kacey Musgraves",I Remember Everything (feat. Kacey Musgraves),Warner Records,1,40,98,4071689,US,United States,Q3,2025
37,spotify:track:0LQtEJt7x0s6knb6RKdRYc,Zac Brown Band,Chicken Fried,Home Grown Music,37,159,28,4062439,US,United States,Q3,2025
38,spotify:track:3t6gUcGYLrUuqwpXjOFWQc,Zach Top,I Never Lie,Leo33,38,39,40,3930769,US,United States,Q3,2025
39,spotify:track:1osfLqL6L2iQsirRf83ded,Riley Green,Worst Way,Nashville Harbor,39,46,27,3880444,US,United States,Q3,2025
40,spotify:track:0FIDCNYYjNvPVimz5icugS,"The Weeknd, Playboi Carti",Timeless (feat Playboi Carti),XO / Republic Records,1,37,41,3879142,US,United States,Q3,2025
41,spotify:track:0YsIYFRoxkmEvbKCwTp0Tg,Morgan Wallen,20 Cigarettes,Big Loud Records / Mercury Records / Republic Records,11,36,8,3856372,US,United States,Q3,2025
42,spotify:track:0hta2Lb2zKJ7kEnAEZEE3G,"wifiskeleton, i wanna be a jack-o-lantern",Nope your too late i already died,9th St. / Hallwood,35,48,10,3847511,US,United States,Q3,2025
43,spotify:track:7KA4W4McWYRpgf0fWsJZWB,"Tyler, The Creator, Kali Uchis",See You Again (feat. Kali Uchis),Columbia,5,43,210,3844962,US,United States,Q3,2025
44,spotify:track:7e89621JPkKaeDSTQ3avtg,Lynyrd Skynyrd,Sweet Home Alabama,Geffen*,44,-1,5,3838930,US,United States,Q3,2025
45,spotify:track:7lv4SU2ATVjQJp6Jia0x7N,Lil Tecca,Dark Thoughts,Galactic / Republic Records,2,22,17,3838217,US,United States,Q3,2025
46,spotify:track:58ge6dfP91o9oXMzq3XkIS,Arctic Monkeys,505,Domino/Warner Records,18,49,233,3768536,US,United States,Q3,2025
47,spotify:track:05ZACkzW8YbRq3eFgIfSNB,Eric Church,Springsteen,EMI Records Nashville,47,72,11,3754305,US,United States,Q3,2025
48,spotify:track:70LcF31zb1H0PyJoS1Sx1r,Radiohead,Creep,XL Recordings,45,45,61,3722749,US,United States,Q3,2025
49,spotify:track:73kIKvg65QWieOKXIwyLJP,"BigXthaPlug, Bailey Zimmerman",All The Way (feat. Bailey Zimmerman),BigXthaPlug under exclusive license to UnitedMasters LLC,5,34,14,3692042,US,United States,Q3,2025
50,spotify:track:7u7IqryLFAygWFz6bsEB7y,Jessie Murph,Blue Strips,Columbia,9,41,12,3657630,US,United States,Q3,2025
1,spotify:track:1dosSsKwYF7hoQA2kuu6wI,Taylor Swift,The Fate of Ophelia,Taylor Swift,1,-1,1,49012720,US,United States,Q4,2025
2,spotify:track:67osB3wmJVTFzKhWqPb1Hm,Taylor Swift,Opalite,Taylor Swift,2,-1,1,40016734,US,United States,Q4,2025
3,spotify:track:1A2vZKJZovt4828jwLgiB3,Taylor Swift,Elizabeth Taylor,Taylor Swift,3,-1,1,36786953,US,United States,Q4,2025
4,spotify:track:1lD0oPIfSYid1LhPvgrz10,Taylor Swift,Father Figure,Taylor Swift,4,-1,1,34715388,US,United States,Q4,2025
5,spotify:track:0129EujhGkwtwTFADGem5P,Taylor Swift,Wood,Taylor Swift,5,-1,1,30236827,US,United States,Q4,2025
6,spotify:track:6ZSxG2QvGmwXbTfn7iDq7a,Taylor Swift,Actually Romantic,Taylor Swift,6,-1,1,29130777,US,United States,Q4,2025
7,spotify:track:3Qeh4z08FfDBRfQMfDv83f,Taylor Swift,Wi$h Li$t,Taylor Swift,7,-1,1,28917563,US,United States,Q4,2025
8,spotify:track:6iC3L3YmAkGucvJbXKDanA,Taylor Swift,Eldest Daughter,Taylor Swift,8,-1,1,28291338,US,United States,Q4,2025
9,spotify:track:3FzJDGVjRGNc7KrkabU5N0,Taylor Swift,CANCELLED!,Taylor Swift,9,-1,1,28183779,US,United States,Q4,2025
10,spotify:track:243KxZULAjWO3KREpVHgOH,"Taylor Swift, Sabrina Carpenter",The Life of a Showgirl (feat. Sabrina Carpenter),Taylor Swift,10,-1,1,28006950,US,United States,Q4,2025
11,spotify:track:34xxPZWbEyg5iDKEBqdsBZ,Taylor Swift,Ruin The Friendship,Taylor Swift,11,-1,1,27226887,US,United States,Q4,2025
12,spotify:track:3vGd1heFoUuFGvKvl0SdW3,Taylor Swift,Honey,Taylor Swift,12,-1,1,24595067,US,United States,Q4,2025
13,spotify:track:1CPZ5BxNNd0n0nF4Orb9JS,"HUNTR/X, EJAE, AUDREY NUNA, REI AMI, KPop Demon Hunters Cast",Golden,K-Pop Demon Hunters,1,1,16,12065312,US,United States,Q4,2025
14,spotify:track:04a44cx2PJthIbN2aLMXhl,Tate McRae,TIT FOR TAT,RCA Records Label,2,2,2,9160003,US,United States,Q4,2025
15,spotify:track:7qjZnBKE73H4Oxkopwulqe,sombr,back to friends,Warner Records,2,3,29,7852871,US,United States,Q4,2025
16,spotify:track:1qbmS6ep2hbBRaEZFpn7BX,Olivia Dean,Man I Need,PLG - Capitol,4,4,7,7506153,US,United States,Q4,2025
17,spotify:track:1I37Zz2g3hk9eWxaNkj031,"Saja Boys, Andrew Choi, Neckwav, Danny Chung, KEVIN WOO, samUIL Lee, KPop Demon Hunters Cast",Your Idol,K-Pop Demon Hunters,2,5,16,7046776,US,United States,Q4,2025
18,spotify:track:2RkZ5LkEzeHGRsmDqKwmaJ,Alex Warren,Ordinary,Atlantic Records,1,6,35,6639493,US,United States,Q4,2025
19,spotify:track:02sy7FAs8dkDNYsHp4Ul3f,"Saja Boys, Andrew Choi, Neckwav, Danny Chung, KEVIN WOO, samUIL Lee, KPop Demon Hunters Cast",Soda Pop,K-Pop Demon Hunters,3,7,16,6618893,US,United States,Q4,2025
20,spotify:track:3RXUgPNIbUgFxsDWuBQEt6,"HUNTR/X, EJAE, AUDREY NUNA, REI AMI, KPop Demon Hunters Cast",How It’s Done,K-Pop Demon Hunters,4,8,16,6084206,US,United States,Q4,2025
21,spotify:track:5sBDrrtLGbV64QJnEqfjer,"HUNTR/X, EJAE, AUDREY NUNA, REI AMI, KPop Demon Hunters Cast",What It Sounds Like,K-Pop Demon Hunters,5,10,16,5571124,US,United States,Q4,2025
22,spotify:track:6xV7Be6XEvkSnighmh2Tzj,"Tyler, The Creator",Sugar On My Tongue,Columbia,9,11,12,5241018,US,United States,Q4,2025
23,spotify:track:0MHStU0muAIEMbwdnebYu2,"HUNTR/X, EJAE, AUDREY NUNA, REI AMI, KPop Demon Hunters Cast",Takedown,K-Pop Demon Hunters,8,15,15,4959924,US,United States,Q4,2025
24,spotify:track:3sK8wGT43QFpWrvNQsrQya,Bad Bunny,DtMF,Rimas Entertainment LLC.,1,23,40,4943296,US,United States,Q4,2025
25,spotify:track:6Qyc6fS4DsZjB2mRW9DsQs,The Goo Goo Dolls,Iris,Warner Records,19,19,85,4889665,US,United States,Q4,2025
26,spotify:track:0ofHAoxe9vBkTCp2UQIavz,Fleetwood Mac,Dreams - 2004 Remaster,Rhino/Warner Records,6,35,246,4865043,US,United States,Q4,2025
27,spotify:track:5DxDLsW6PsLz5gkwC7Mk5S,"Rumi, Jinu, EJAE, Andrew Choi, KPop Demon Hunters Cast",Free,K-Pop Demon Hunters,9,17,16,4817817,US,United States,Q4,2025
28,spotify:track:0je57Uq5eTk1wrPzn9sWbl,Sabrina Carpenter,When Did You Get Hot?,Island Records,6,9,6,4814235,US,United States,Q4,2025
29,spotify:track:42VUCXerQ5qTr4Qp6PhKo4,Sabrina Carpenter,Tears,Island Records,1,13,6,4811075,US,United States,Q4,2025
30,spotify:track:05od2qm2MTSKCHxy1GBp5W,sombr,12 to 12,Warner Records,12,12,11,4799017,US,United States,Q4,2025
31,spotify:track:0TFTAtCYhp2tQ9KcJIZb55,sombr,undressed,Warner Records,3,16,28,4709067,US,United States,Q4,2025
32,spotify:track:4WFgvKVfEhb3IUAFGrutTR,Ravyn Lenae,Love Me Not,Atlantic Records,5,14,31,4682018,US,United States,Q4,2025
33,spotify:track:6dOtVTDdiauQNBQEDOtlAB,Billie Eilish,BIRDS OF A FEATHER,Darkroom/Interscope Records,2,24,73,4457065,US,United States,Q4,2025
34,spotify:track:3siwsiaEoU4Kuuc9WKMUy5,The Marías,No One Noticed,Nice Life/Atlantic,5,18,60,4359372,US,United States,Q4,2025
35,spotify:track:2BwO5K8Q7EPAJSGze3AAh9,Sabrina Carpenter,Manchild,Island Records,1,20,18,4345974,US,United States,Q4,2025
36,spotify:track:0InIeZW4P6VO7dUGRM4AKH,The Marías,Sienna,Nice Life/Atlantic,21,21,15,4338063,US,United States,Q4,2025
37,spotify:track:5BZsQlgw21vDOAjoqkNgKb,Justin Bieber,DAISIES,"JRC Entertainment, LLC / ILH Production Co. LLC / Def Jam Recordings",1,27,13,4269109,US,United States,Q4,2025
38,spotify:track:70LcF31zb1H0PyJoS1Sx1r,Radiohead,Creep,XL Recordings,26,26,74,4209479,US,United States,Q4,2025
39,spotify:track:3cZajhyr8LmtPfHZ9296tj,"Disco Lines, Tinashe",No Broke Boys,Nice Life/Atlantic,15,22,17,4205868,US,United States,Q4,2025
40,spotify:track:0cQVqPuHQP4KEwc7ZUQmj6,The Neighbourhood,Sweater Weather,Columbia,13,29,268,4159387,US,United States,Q4,2025
41,spotify:track:709ZIqPHyFOpx2QdjmeWAM,Tame Impala,Dracula,Columbia,33,33,2,4140497,US,United States,Q4,2025
42,spotify:track:5UJbgR4XF4y1DvbkxEqe8S,Tate McRae,Sports car,RCA Records Label,7,32,37,4109848,US,United States,Q4,2025
43,spotify:track:4gfrYDtaRmp6HPvN80V2ob,Morgan Wallen,I Got Better,Big Loud Records / Mercury Records / Republic Records,3,30,21,4068321,US,United States,Q4,2025
44,spotify:track:04emojnbYkrRmv5qtJcgVP,"Morgan Wallen, Tate McRae",What I Want (feat. Tate McRae),Big Loud Records / Mercury Records / Republic Records,1,25,21,4042460,US,United States,Q4,2025
45,spotify:track:7D0RhFcb3CrfPuTJ0obrod,Coldplay,Sparks,Parlophone UK,30,31,62,4024886,US,United States,Q4,2025
46,spotify:track:6393yGahSJ9slVdOwSxOVR,Chappell Roan,Pink Pony Club,Chappell Roan PS/ Island,8,36,70,3999635,US,United States,Q4,2025
47,spotify:track:2lTm559tuIvatlT1u0JYG2,Bad Bunny,BAILE INoLVIDABLE,Rimas Entertainment LLC.,2,51,40,3831828,US,United States,Q4,2025
48,spotify:track:0FIDCNYYjNvPVimz5icugS,"The Weeknd, Playboi Carti",Timeless (feat Playboi Carti),XO / Republic Records,1,38,54,3812573,US,United States,Q4,2025
49,spotify:track:5TFD2bmFKGhoCRbX61nXY5,Bad Bunny,NUEVAYoL,Rimas Entertainment LLC.,3,60,40,3788099,US,United States,Q4,2025
50,spotify:track:6sGIMrtIzQjdzNndVxe397,Olivia Dean,So Easy (To Fall In Love),PLG - Capitol,50,73,2,3754558,US,United States,Q4,2025
1,spotify:track:7MD8gswt08VhFwVF1PR8Mg,"Mr Pilato, Ego Slimflow, Tebogo G Mashego, Sje Konka, Focalistic, DJ Maphorisa, Scotts Maphuma, CowBoii","Biri Marung (feat. Sje Konka, Focalistic, DJ Maphorisa, Scotts Maphuma & CowBoii)",New Money Gang Records,1,1,9,593749,ZA,South Africa,Q1,2025
2,spotify:track:4zZxynw8cwhCRlDl9pay2f,"Khathapillar, Sol Phenduka, Smash SA, Kamoh Xaba",Diqabang,Unity Music Africa,2,9,27,371848,ZA,South Africa,Q1,2025
3,spotify:track:2NUL19ktYaXmes18Cz7HPn,"WOODBLOCK DJS, Buzzi Lee, Kane Keid, Cassper Nyovest, Kwesta, Tony Dayimane, Mvelost, Set Off, Somololo",Skuta Baba - Remix,Universal Music (Pty) Ltd.,3,8,5,338653,ZA,South Africa,Q1,2025
4,spotify:track:567NwM1L86vGvZwiZfCsMo,"Mthandeni SK, MaWhoo",Gucci,Mthandeni Music Production,1,4,15,336272,ZA,South Africa,Q1,2025
5,spotify:track:2plbrEY59IikOBgBGLjaoe,"Lady Gaga, Bruno Mars",Die With A Smile,Interscope,5,27,21,333911,ZA,South Africa,Q1,2025
6,spotify:track:21fhgH4tjYcAKzkzCuYyr6,"Blaq Major, BLESS THE GENTLEMAN, DJ Kap",Sdakiwe Sbali (feat. Bless The Gentleman & DJ Kap),Wanitwa Mos Entertainment,2,2,24,329445,ZA,South Africa,Q1,2025
7,spotify:track:2xXwT5A5sbPXJLtXasPSIY,"Kelvin Momo, Sino Msolo, Stixx, Mashudu",Waze Wamuhle (feat. Mashudu),Kelvin Momo Productions,6,11,4,326305,ZA,South Africa,Q1,2025
8,spotify:track:34eKUydsaj9GeMTT1ybutO,"Kabza De Small, Vigro Deep, DJ Maphorisa, Scotts Maphuma, Young Stunna",Wishi Wishi (feat. Scotts Maphuma & Young Stunna),Piano Hub,1,3,12,324624,ZA,South Africa,Q1,2025
9,spotify:track:7LTDINonhUaOiWTyN3AxCI,Nontokozo Mkhize,Esandleni,Sginci Media / EMPIRE,9,30,5,317294,ZA,South Africa,Q1,2025
10,spotify:track:0AQfRLzd7pQZcLtfh9Onb8,"Mellow & Sleazy, Scotts Maphuma, Mr Pilato, Seemah, Yanda Woods",Shayi'Moto (feat. Seemah & Yanda Woods),Mellow and Sleazy (Pty) Ltd,4,6,9,316261,ZA,South Africa,Q1,2025
11,spotify:track:7hO6BIPeHb0Y5v9bgXoxKg,"Dlala Thukzin, Zeh McGeba, MK Productions",Sohlala Sisonke,Dlala Records (PTY) Ltd,6,10,15,313194,ZA,South Africa,Q1,2025
12,spotify:track:3jTedBPHIIr48xoJchYHNH,"Kharishma, Ba Bethe Gashoazen",Chokeslem,4397321 Records DK,5,5,30,311768,ZA,South Africa,Q1,2025
13,spotify:track:0DGP0pRR8yz4OW2xxjIskt,"Issa sisdoh, Ancestral Rituals",Vuma Dlozi Lami (feat. Ancestral Rituals),Issa Sisdoh,12,12,11,311037,ZA,South Africa,Q1,2025
14,spotify:track:0dI8174H04ATp4iEw0WkrT,"2Point1, BelloM, EPIC DJ, DJ Seneath, X-Morizo","Sthandwa Sam (feat. BelloM, Epic DJ, DJ Seneath & X-Morizo)",2Point1 Music,5,7,17,297063,ZA,South Africa,Q1,2025
15,spotify:track:2CGNAOSuO1MEFCbBRgUzjd,"Kendrick Lamar, SZA",luther (with sza),"pgLang, under exclusive license to Interscope Records",4,34,7,277892,ZA,South Africa,Q1,2025
16,spotify:track:5tIt860TkOItU0BRafiyzd,Mthandeni SK,Sigade Umzila,Mthandeni Music Production,11,13,6,274827,ZA,South Africa,Q1,2025
17,spotify:track:4wJ5Qq0jBN4ajy7ouZIV1c,"ROSÉ, Bruno Mars",APT.,Atlantic Records,17,35,12,269861,ZA,South Africa,Q1,2025
18,spotify:track:6dOtVTDdiauQNBQEDOtlAB,Billie Eilish,BIRDS OF A FEATHER,Darkroom/Interscope Records,5,37,34,262593,ZA,South Africa,Q1,2025
19,spotify:track:1Cbl3Yq8rHo7hhDQmLQagU,Tyla,PUSH 2 START,FAX Records/Epic,19,33,13,262367,ZA,South Africa,Q1,2025
20,spotify:track:0prPe1VYMLkXi2RMlOGaU6,"Scotts Maphuma, Shaunmusiq, CowBoii",PIKIPIKI (feat. Cowboii),Gipa Entertainment,15,15,4,251488,ZA,South Africa,Q1,2025
21,spotify:track:1blpjqXA4y03pWHnDbhs9l,"Kelvin Momo, Da Muziqal Chef, Tracy, Thatohatsi",Bo Gogo (feat. Tracy & Thatohatsi),Kelvin Momo Productions,21,32,4,246735,ZA,South Africa,Q1,2025
22,spotify:track:1AXW0WnNUceegJHGl3HWlJ,Sminofu,Rush Hour,Maskandi Heavyweight / EMPIRE,15,26,9,221777,ZA,South Africa,Q1,2025
23,spotify:track:1hnB525vM5GrFr5AQIXQu8,"Caiiro, Ami Faku",Ndisize (feat. Ami Faku),OwnIt Music,3,20,16,216852,ZA,South Africa,Q1,2025
24,spotify:track:3H8XWGDteOl8nmUqeYrHw5,"Usimamane, Sjava",Uvalo,gamma. Africa,1,44,17,216555,ZA,South Africa,Q1,2025
25,spotify:track:1DyNpDv4M8qBTthYIAPvqW,"Cyfred, Scotts Maphuma",Phuthuma,Cyfred holdings,7,16,18,216164,ZA,South Africa,Q1,2025
26,spotify:track:6slJQ4C1xXTVspSBxQ5Nrt,"Vigro Deep, DJ Maphorisa, Kabza De Small, Uncool MC, Focalistic, Scotts Maphuma, Ricky Lenyora, Woza Sjax",A-Z (Yashi Moto),Universal Music (Pty) Ltd.,15,17,5,215383,ZA,South Africa,Q1,2025
27,spotify:track:6eyJuobFFGXLAOOkxrIdSV,"Mawelele, Kwesta",All My Life,ONE FIFTY EMPIRE / gamma. Africa,4,31,19,212711,ZA,South Africa,Q1,2025
28,spotify:track:79r4mAwHBAB1x5QnImlUM6,"Mshinwemali, Shenge wasehlalankosi",Ncono Siyeke,Insika Yethonga,26,29,15,212677,ZA,South Africa,Q1,2025
29,spotify:track:7JbLSEDlRdoJaXk5ddZae2,"Mthandeni SK, Lwah Ndlunkulu",Paris,Mthandeni Music Production,4,18,74,201456,ZA,South Africa,Q1,2025
30,spotify:track:6COIIA7XjaExDj4fkCqaB9,"Casswell P, Nobuhle",Can't Get,Wanitwa Mos Entertainment,6,14,17,196033,ZA,South Africa,Q1,2025
31,spotify:track:1Es7AUAhQvapIcoh3qMKDL,"The Weeknd, Playboi Carti",Timeless (feat Playboi Carti),XO / Republic Records,15,62,15,195411,ZA,South Africa,Q1,2025
32,spotify:track:0aB0v4027ukVziUGwVGYpG,"Kendrick Lamar, Lefty Gunplay",tv off (feat. lefty gunplay),"pgLang, under exclusive license to Interscope Records",5,68,7,189269,ZA,South Africa,Q1,2025
33,spotify:track:1gM44tVZ9pfUe9v35Stp31,"Bassie, M-Touch, Ranger, Amaza, LeeMcKrazy, Tman Xpress",Kwelanga 2.0 (feat. Tman Xpress & LeeMcKrazy),Warner Music Africa,2,21,31,189119,ZA,South Africa,Q1,2025
34,spotify:track:7ne4VBA60CxGM75vw0EYad,Gracie Abrams,That’s So True,"Gracie Abrams, under exclusive license to Interscope Records",34,76,11,188257,ZA,South Africa,Q1,2025
35,spotify:track:53wwaMp15eGyE12Cm7sxLa,Xolly Mncwango,Ungukuphila,Universal Music (Pty) Ltd.,35,75,46,186266,ZA,South Africa,Q1,2025
36,spotify:track:2pdid5w8VxdgMmYlp7r17z,"Mjolisi, Mnqobi yazo",My Dululu,3262181 Records DK,7,23,18,186101,ZA,South Africa,Q1,2025
37,spotify:track:7GaFYUqP2WdR4KTPk7cXoP,Mario,Let Me Love You,J Records,18,65,318,184944,ZA,South Africa,Q1,2025
38,spotify:track:3QaPy1KgI7nu9FJEQUgn6h,Billie Eilish,WILDFLOWER,Darkroom/Interscope Records,20,84,34,181858,ZA,South Africa,Q1,2025
39,spotify:track:0X5qaCnHN98ELiqincjJwg,"DoouShii, Scotts Maphuma, Mellow & Sleazy",MaDlamini (feat. Mellow & Sleazy),Sessions 55 (Pty) LTD,5,22,22,177627,ZA,South Africa,Q1,2025
40,spotify:track:4iZ4pt7kvcaH6Yo8UoZ4s2,SZA,Snooze,Top Dawg Entertainment/RCA Records,12,71,109,174963,ZA,South Africa,Q1,2025
41,spotify:track:219UdZ1b9vuUe45FK2JeWx,"Babalwa M, Stixx, Nvcho",Bo Thata (feat. Stixx & Nvcho),Babalwa M / EMPIRE,13,50,11,168548,ZA,South Africa,Q1,2025
42,spotify:track:6txAWGckgEGJIhLjhNdtE9,Chris Brown,Residuals,Chris Brown Entertainment/RCA Records,30,67,35,168112,ZA,South Africa,Q1,2025
43,spotify:track:5VI0jL3U1EVMKgh3e9KXZ6,"Dj Moscow, Brandon Dhludhlu, Cnethemba Gonelo, Frank Mabeat",Ungangilimazi (feat. Frank Mabeat),Sambo Records,43,64,10,167053,ZA,South Africa,Q1,2025
44,spotify:track:0NLRYW9HyqHcbyzfAwskKN,"Felo Le Tee, Scotts Maphuma, Thabza Tee, DJ Maphorisa, Djy Biza",Yebo Lapho (Gogo) (feat. DJ Maphorisa & Djy Biza),New Money Gang Records,1,19,27,166509,ZA,South Africa,Q1,2025
45,spotify:track:1lOtpeO2I2cjvN2CvbnpGW,"Mduduzi Ncube, Fanatic SA, Stallin Matsitsa, Caeser, Ayanda Art",Dear Ex Yami,Nkabi Records,35,38,10,164745,ZA,South Africa,Q1,2025
46,spotify:track:40zr1pQlSaIWUYyR8APyy2,"Bandros, Kelvin Momo, Smash SA, Mr. Maker",Uhambe Wrongo (feat. Mr. Maker),Jive Hub Productions Pty (Ltd),4,45,41,164695,ZA,South Africa,Q1,2025
47,spotify:track:0cnbEf12FLBWx9QnBlw1EL,"Dlala Thukzin, Funky Qla, Zee Nxumalo, MK Productions",Ama Gear,Dlala Records (PTY) Ltd,5,24,27,162993,ZA,South Africa,Q1,2025
48,spotify:track:3bqCtq5RcPzULlyqkFGVJ7,"Umafikizolo, Umashotana",Ngathi Nguye,Insika Yethonga,3,36,31,162231,ZA,South Africa,Q1,2025
49,spotify:track:6VBfzBgHu8tFeeg2ZQO4gH,MENZI MUSIC,Wayengenalutho,MENZI MUSIC PRODUCTION,49,88,4,156223,ZA,South Africa,Q1,2025
50,spotify:track:03el79rU07nAtJYgX1v62f,"Wanitwa Mos, Nkosazana Daughter, Master KG, Big Zulu, Zee Nxumalo",Mfazi Wephepha (feat. Big Zulu & Zee Nxumalo),Wanitwa Mos Entertainment,2,25,22,154832,ZA,South Africa,Q1,2025
1,spotify:track:2Ufc72Ojfx9lR30r5srBPB,"Shandesh, Mvzzle",Sdudla or Slender,Shandesh Music,1,1,4,650309,ZA,South Africa,Q2,2025
2,spotify:track:2tUXE87QNnoVQZApV3uyVZ,"Zee Nxumalo, TBO, PYY Log Drum King, Dj Tearz, Dr Thulz",Ngisakuthanda,Platoon,2,3,27,473562,ZA,South Africa,Q2,2025
3,spotify:track:0DGP0pRR8yz4OW2xxjIskt,"Issa sisdoh, Ancestral Rituals",Vuma Dlozi Lami (feat. Ancestral Rituals),Issa Sisdoh,1,2,24,466842,ZA,South Africa,Q2,2025
4,spotify:track:1SBdVvoxfFvuO6BVY9WqnI,LIMIT NALA,Uvume Kanjani?,LIMIT NALA MUSIC,4,8,3,422979,ZA,South Africa,Q2,2025
5,spotify:track:24fRfn3FOM4xk02aE4wief,"Oscar Mbo, JAZZWRLD, Thukuthela",Vuka (feat. Thukuthela),The Ashmed Hour Records,1,4,14,404624,ZA,South Africa,Q2,2025
6,spotify:track:6VBfzBgHu8tFeeg2ZQO4gH,MENZI MUSIC,Wayengenalutho,MENZI MUSIC PRODUCTION,6,9,17,339814,ZA,South Africa,Q2,2025
7,spotify:track:2RkZ5LkEzeHGRsmDqKwmaJ,Alex Warren,Ordinary,Atlantic Records,7,15,9,317954,ZA,South Africa,Q2,2025
8,spotify:track:0lhLSwvRKGHfIcVEz3uQK6,Shallipopi,Laho,Since 93,4,5,7,304997,ZA,South Africa,Q2,2025
9,spotify:track:021iZJ1jjc6cZZ4sMXvcW9,"Naledi Aphiwe, Mawelele",Romeo & Juliet,Naledi Aphiwe,2,13,12,291809,ZA,South Africa,Q2,2025
10,spotify:track:4QdFYz1hjkDVDTqAKmIdOx,"DJ Maphorisa, Xduppy, Scotts Maphuma, Seun1401, LeeMcKrazy, Blxckie, Pcee, Madumane, Kabelo Sings","Ngibolekeni (feat. Seun1401, LeeMcKrazy, Blxckie, Pcee, Madumane & Kabelo Sings)",New Money Gang Records,4,6,10,280777,ZA,South Africa,Q2,2025
11,spotify:track:7hO6BIPeHb0Y5v9bgXoxKg,"Dlala Thukzin, Zeh McGeba, MK Productions",Sohlala Sisonke,Dlala Records (PTY) Ltd,5,11,28,279658,ZA,South Africa,Q2,2025
12,spotify:track:1blpjqXA4y03pWHnDbhs9l,"Kelvin Momo, Da Muziqal Chef, Tracy, Thatohatsi",Bo Gogo (feat. Tracy & Thatohatsi),Kelvin Momo Productions,7,10,17,277868,ZA,South Africa,Q2,2025
13,spotify:track:62auSQwzIlyVuqUsxd4w63,"DJ Maphorisa, Xduppy, Kabza De Small, Thatohatsi, Young Stunna, Nkosazana Daughter","Abantwana Bakho (feat. Thatohatsi, Young Stunna & Nkosazana Daughter)",New Money Gang Records,13,18,2,268858,ZA,South Africa,Q2,2025
14,spotify:track:1F3J7D5byxTWbEyhpizptk,"TNK MusiQ, DJ Maphorisa, Seun1401, Scotts Maphuma, Kabelo Sings",Uyaphapha Marn (feat. Scotts Maphuma & Kabelo Sings),New Money Gang Records,3,7,10,258509,ZA,South Africa,Q2,2025
15,spotify:track:2CGNAOSuO1MEFCbBRgUzjd,"Kendrick Lamar, SZA",luther (with sza),"pgLang, under exclusive license to Interscope Records",1,14,20,257334,ZA,South Africa,Q2,2025
16,spotify:track:6OY9Y4MJKoj1COWKiUyZCN,Cassper Nyovest,Kusho Bani,Universal Music (Pty) Ltd.,11,12,9,254624,ZA,South Africa,Q2,2025
17,spotify:track:2LeOHKRLm1Bz7eeNVinUYs,Nontokozo Mkhize,Esandleni,Sginci Media / EMPIRE,2,22,18,249704,ZA,South Africa,Q2,2025
18,spotify:track:79r4mAwHBAB1x5QnImlUM6,"Mshinwemali, Shenge wasehlalankosi",Ncono Siyeke,Insika Yethonga,13,17,28,244296,ZA,South Africa,Q2,2025
19,spotify:track:4SNuYEPry1aKf6mjRPz3J6,"Shakes & Les, 031CHOPPA, Zee Nxumalo, Springle",Malunde (feat. Springle),Ziiki Media,19,37,3,232206,ZA,South Africa,Q2,2025
20,spotify:track:2u9S9JJ6hTZS3Vf22HOZKg,Drake,NOKIA,OVO Sound,20,33,8,230151,ZA,South Africa,Q2,2025
21,spotify:track:3RCMGDpJlWeEgCLhOz63oa,MENZI MUSIC,Ngiyakuthanda,MENZI MUSIC PRODUCTION,21,27,17,227002,ZA,South Africa,Q2,2025
22,spotify:track:6txAWGckgEGJIhLjhNdtE9,Chris Brown,Residuals,Chris Brown Entertainment/RCA Records,10,24,48,225087,ZA,South Africa,Q2,2025
23,spotify:track:73XTer5tuPKNstPEW1eKwL,"Mawelele, Naledi Aphiwe",Naledi,ONE FIFTY EMPIRE /gamma.,14,28,5,224609,ZA,South Africa,Q2,2025
24,spotify:track:5tIt860TkOItU0BRafiyzd,Mthandeni SK,Sigade Umzila,Mthandeni Music Production,11,21,19,223426,ZA,South Africa,Q2,2025
25,spotify:track:0xIfAKsvzEFc0sY250davF,"Riky Rick, 25K, Focalistic, Blxckie, K.Keed, Blue Pappi, Lowfeye","Cishe Ngaposta (feat. 25K, Focalistic, Blxckie, K.Keed, Blue Pappi & Lowfeye)",Anolabex (Pty) Ltd,25,-1,1,216418,ZA,South Africa,Q2,2025
26,spotify:track:6dOtVTDdiauQNBQEDOtlAB,Billie Eilish,BIRDS OF A FEATHER,Darkroom/Interscope Records,5,26,47,213537,ZA,South Africa,Q2,2025
27,spotify:track:7so0lgd0zP2Sbgs2d7a1SZ,"Lady Gaga, Bruno Mars",Die With A Smile,Interscope Records,5,20,34,210457,ZA,South Africa,Q2,2025
28,spotify:track:1y8zzw3sYud9aHmAK8ujV6,"Naleboy Young King, Shandesh, King WaveMusiq",Shapa Bell (feat. King WaveMusiq),Naleboy Music,16,16,5,206178,ZA,South Africa,Q2,2025
29,spotify:track:5nVQ2bPZjV9wlD2hboLe6l,LIMIT NALA,Awuhlabe Kabili,LIMIT NALA MUSIC,29,38,18,205857,ZA,South Africa,Q2,2025
30,spotify:track:5VI0jL3U1EVMKgh3e9KXZ6,"Dj Moscow, Brandon Dhludhlu, Cnethemba Gonelo, Frank Mabeat",Ungangilimazi (feat. Frank Mabeat),Sambo Records,25,30,23,204386,ZA,South Africa,Q2,2025
31,spotify:track:0mh6Fg4hnUN8fzxBUD3Adl,"Kharishma, Shebeshxt, Naqua, Mr Diego",DUBAI,4397321 Records DK,31,34,6,198332,ZA,South Africa,Q2,2025
32,spotify:track:5cXQqSOPLb1ZYLBaRcR2LP,"Mawelele, Kwesta",All My Life,ONE FIFTY EMPIRE /gamma.,4,31,32,197646,ZA,South Africa,Q2,2025
33,spotify:track:4zZxynw8cwhCRlDl9pay2f,"Khathapillar, Sol Phenduka, Smash SA, Kamoh Xaba",Diqabang,Unity Music Africa,2,23,40,195464,ZA,South Africa,Q2,2025
34,spotify:track:4foPE26gCg9uNJKTV8Mi4C,"Uncle Waffles, Royal MusiQ, Uncool MC, Xduppy, CowBoii","ZENZELE (feat. Royal MusiQ, Uncool MC, Xduppy, & CowBoii)",KO-SIGN PTY LTD,34,57,9,195089,ZA,South Africa,Q2,2025
35,spotify:track:1ouE2s1kOk8MJUz5KLPejB,"Big Zulu, Emtee",Abazazi Bafunani,Nkabi Records,6,39,5,188155,ZA,South Africa,Q2,2025
36,spotify:track:53wwaMp15eGyE12Cm7sxLa,Xolly Mncwango,Ungukuphila,Universal Music (Pty) Ltd.,30,55,59,187024,ZA,South Africa,Q2,2025
37,spotify:track:7Ez1p7fKxXISiD4bEwo57E,Yanga Chief,What If? (Mngani),YOUNG LEGEND MUSIC,2,25,7,185518,ZA,South Africa,Q2,2025
38,spotify:track:7MD8gswt08VhFwVF1PR8Mg,"Mr Pilato, Ego Slimflow, Tebogo G Mashego, Sje Konka, Focalistic, DJ Maphorisa, Scotts Maphuma, CowBoii","Biri Marung (feat. Sje Konka, Focalistic, DJ Maphorisa, Scotts Maphuma & CowBoii)",New Money Gang Records,1,19,22,184943,ZA,South Africa,Q2,2025
39,spotify:track:62KQubjM0rmQ7L3VvybxrL,"Kelvin Momo, Da Muziqal Chef, Thatohatsi, Tracy",Vulani (feat. Thatohatsi & Tracy),Kelvin Momo Productions,27,35,16,182345,ZA,South Africa,Q2,2025
40,spotify:track:1lOtpeO2I2cjvN2CvbnpGW,"Mduduzi Ncube, Fanatic SA, Stallin Matsitsa, Caeser, Ayanda Art",Dear Ex Yami,Nkabi Records,32,40,23,177957,ZA,South Africa,Q2,2025
41,spotify:track:6AI3ezQ4o3HUoP6Dhudph3,Kendrick Lamar,Not Like Us,"Kendrick Lamar, under exclusive license to Interscope Records",1,32,49,174703,ZA,South Africa,Q2,2025
42,spotify:track:2NUL19ktYaXmes18Cz7HPn,"WOODBLOCK DJS, Buzzi Lee, Kane Keid, Cassper Nyovest, Kwesta, Tony Dayimane, Mvelost, Set Off, Somololo",Skuta Baba - Remix,Universal Music (Pty) Ltd.,3,29,18,168816,ZA,South Africa,Q2,2025
43,spotify:track:0cnbEf12FLBWx9QnBlw1EL,"Dlala Thukzin, Funky Qla, Zee Nxumalo, MK Productions",Ama Gear,Dlala Records (PTY) Ltd,5,48,40,166885,ZA,South Africa,Q2,2025
44,spotify:track:4wJ5Qq0jBN4ajy7ouZIV1c,"ROSÉ, Bruno Mars",APT.,Atlantic Records,17,36,25,166392,ZA,South Africa,Q2,2025
45,spotify:track:3QaPy1KgI7nu9FJEQUgn6h,Billie Eilish,WILDFLOWER,Darkroom/Interscope Records,20,42,47,165826,ZA,South Africa,Q2,2025
46,spotify:track:3xkHsmpQCBMytMJNiDf3Ii,Benson Boone,Beautiful Things,"Night Street Records, Inc./Warner Records Inc.",4,44,64,162957,ZA,South Africa,Q2,2025
47,spotify:track:3H8XWGDteOl8nmUqeYrHw5,"Usimamane, Sjava",Uvalo,gamma. Africa,1,43,30,161929,ZA,South Africa,Q2,2025
48,spotify:track:7GaFYUqP2WdR4KTPk7cXoP,Mario,Let Me Love You,J Records,18,47,331,161578,ZA,South Africa,Q2,2025
49,spotify:track:2J8TIoje5sqUoz4I3JIZkI,"Uncle Waffles, 2woBunnies, Jay Music, ImbongiYosizi","UYAH! (feat. 2wo Bunnies, Jay Music, & Imbongi Yosizi)",KO-SIGN PTY LTD,49,50,9,161109,ZA,South Africa,Q2,2025
50,spotify:track:3jTedBPHIIr48xoJchYHNH,"Kharishma, Ba Bethe Gashoazen",Chokeslem,4397321 Records DK,5,54,43,160859,ZA,South Africa,Q2,2025
1,spotify:track:6xlxghvkH5yDv93NoHlWOx,"MaWhoo, GL_Ceejay, Thukuthela, JAZZWRLD",Bengicela (feat. JAZZWRLD),MaWhoo Entertainment,1,1,4,1081163,ZA,South Africa,Q3,2025
2,spotify:track:1d3srkotnZxmQhsqbIu9jv,"JAZZWRLD, GL_Ceejay, Thukuthela, MaWhoo",Tholukuthi (Clap Song) (feat. MaWhoo),Waltz Music Group / EMPIRE,2,6,2,932802,ZA,South Africa,Q3,2025
3,spotify:track:7c5uGV9Rys18JP2570ykTu,"CIZA, JAZZWRLD, Thukuthela",Isaka (6am),LVRN Records (Love Renaissance),1,2,13,856165,ZA,South Africa,Q3,2025
4,spotify:track:73MJ65QLIfsU2GyCt5KQ3a,"JAZZWRLD, MaWhoo, Thukuthela, GL_Ceejay",Uzizwa Kanjan,Waltz Music Group / EMPIRE,1,3,11,852067,ZA,South Africa,Q3,2025
5,spotify:track:62auSQwzIlyVuqUsxd4w63,"DJ Maphorisa, Xduppy, Kabza De Small, Thatohatsi, Young Stunna, Nkosazana Daughter","Abantwana Bakho (feat. Thatohatsi, Young Stunna & Nkosazana Daughter)",New Money Gang Records,4,4,15,800649,ZA,South Africa,Q3,2025
6,spotify:track:4nP3JxLWurlrvollaDlxsJ,"Dlala Thukzin, Zee Nxumalo, Sykes",Mali,Dlala Records (PTY) Ltd,3,5,11,709958,ZA,South Africa,Q3,2025
7,spotify:track:0DGP0pRR8yz4OW2xxjIskt,"Issa sisdoh, Ancestral Rituals",Vuma Dlozi Lami (feat. Ancestral Rituals),Issa Sisdoh,1,7,37,548443,ZA,South Africa,Q3,2025
8,spotify:track:24fRfn3FOM4xk02aE4wief,"Oscar Mbo, JAZZWRLD, Thukuthela",Vuka (feat. Thukuthela),The Ashmed Hour Records,1,8,27,523486,ZA,South Africa,Q3,2025
9,spotify:track:2Ufc72Ojfx9lR30r5srBPB,"Shandesh, Mvzzle",Sdudla or Slender,Shandesh Music,1,9,17,458822,ZA,South Africa,Q3,2025
10,spotify:track:1x4yHR7HJ0ZQCQVjXb2Vc8,"NHLOSO KHWELA, Shenge wasehlalankosi",UNIKHODIMA,5466398 Records DK,8,10,9,458250,ZA,South Africa,Q3,2025
11,spotify:track:5JjQdivvXPrnjeEoxE16WD,"Shandesh, Shebeshxt, King Salah, Kaycherlow NLL",Warning,Shandesh Music,7,11,7,381114,ZA,South Africa,Q3,2025
12,spotify:track:57GsLpRtEtrzcPGPop20rS,Drake,What Did I Miss?,OVO/Republic,12,-1,1,379453,ZA,South Africa,Q3,2025
13,spotify:track:3CLA4E7HOX6MBSjZG7hyhm,"Shandesh, Mvzzle, Abi wa Mampela, Naleboy Young King",Di Chopper,Shandesh Music,3,12,13,361284,ZA,South Africa,Q3,2025
14,spotify:track:2tUXE87QNnoVQZApV3uyVZ,"Zee Nxumalo, TBO, PYY Log Drum King, Dj Tearz, Dr Thulz",Ngisakuthanda,Platoon,2,13,40,348967,ZA,South Africa,Q3,2025
15,spotify:track:3bM6G6G4kcoeTAMdFDPKEB,"Janesh, Hitboss SA",Ngwanaka,Janesh,14,16,12,342293,ZA,South Africa,Q3,2025
16,spotify:track:2RkZ5LkEzeHGRsmDqKwmaJ,Alex Warren,Ordinary,Atlantic Records,7,18,22,336444,ZA,South Africa,Q3,2025
17,spotify:track:5wYyy08pvNomxBKFa3Bfj6,"Uncle Waffles, Royal MusiQ, Uncool MC, Xduppy, CowBoii","ZENZELE (feat. Royal MusiQ, Uncool MC, Xduppy, & CowBoii)",KO-SIGN PTY LTD,10,17,22,321980,ZA,South Africa,Q3,2025
18,spotify:track:7hO6BIPeHb0Y5v9bgXoxKg,"Dlala Thukzin, Zeh McGeba, MK Productions",Sohlala Sisonke,Dlala Records (PTY) Ltd,5,15,41,321919,ZA,South Africa,Q3,2025
19,spotify:track:2QVyLdd8FNg33pm5qfju1g,"Sminofu, Zee Nxumalo",Sajola Kamnandi,Maskandi Heavyweight / EMPIRE,7,14,12,317462,ZA,South Africa,Q3,2025
20,spotify:track:6VBfzBgHu8tFeeg2ZQO4gH,MENZI MUSIC,Wayengenalutho,MENZI MUSIC PRODUCTION,6,19,30,315682,ZA,South Africa,Q3,2025
21,spotify:track:79r4mAwHBAB1x5QnImlUM6,"Mshinwemali, Shenge wasehlalankosi",Ncono Siyeke,Insika Yethonga,13,20,41,293129,ZA,South Africa,Q3,2025
22,spotify:track:659qsb8NZaTuNubJDk1gaD,"DJ Maphorisa, Xduppy, Enny Man Da Guitar, Focalistic, Ricky Lenyora, Uncool MC, Mellow & Sleazy","Dlala Ka Yona (feat. Focalistic, Ricky Lenyora, Uncool MC & Mellow & Sleazy)",New Money Gang Records,19,21,15,278494,ZA,South Africa,Q3,2025
23,spotify:track:1y8zzw3sYud9aHmAK8ujV6,"Naleboy Young King, Shandesh, King WaveMusiq",Shapa Bell (feat. King WaveMusiq),Naleboy Music,16,23,18,274420,ZA,South Africa,Q3,2025
24,spotify:track:3JW9hNUjUN51X9jZyn2HVV,"Goon Flavour, Master KG, Eemoh",Ngishutheni,Wanitwa Mos Entertainment,19,24,10,273926,ZA,South Africa,Q3,2025
25,spotify:track:3syMLKva34f23h5FBaMTUE,"UNjoko, Limit Nala",Uyisela,3490297 Records DK,25,32,4,262963,ZA,South Africa,Q3,2025
26,spotify:track:1SBdVvoxfFvuO6BVY9WqnI,LIMIT NALA,Uvume Kanjani?,LIMIT NALA MUSIC,4,25,16,246743,ZA,South Africa,Q3,2025
27,spotify:track:3RCMGDpJlWeEgCLhOz63oa,MENZI MUSIC,Ngiyakuthanda,MENZI MUSIC PRODUCTION,12,26,30,242962,ZA,South Africa,Q3,2025
28,spotify:track:1Q91MW5mh1XJsYwYHQ5BMt,"Kabza De Small, Njelic, Mthunzi, Mkeyz, GL_Ceejay, Simmy","Eningi (Remix) (feat. Njelic, GL_Ceejay, Mthunzi, Mkeyz & Simmy)",Piano Hub,28,-1,1,241838,ZA,South Africa,Q3,2025
29,spotify:track:021iZJ1jjc6cZZ4sMXvcW9,"Naledi Aphiwe, Mawelele",Romeo & Juliet,Naledi Aphiwe,2,28,25,229439,ZA,South Africa,Q3,2025
30,spotify:track:7lqlmV3prYYMQvyswraACT,"Umdumazi, Mjolisi",Ubambo lwami,Mdumazi Music Production,29,29,4,226934,ZA,South Africa,Q3,2025
31,spotify:track:1CPZ5BxNNd0n0nF4Orb9JS,"HUNTR/X, EJAE, AUDREY NUNA, REI AMI, KPop Demon Hunters Cast",Golden,K-Pop Demon Hunters,31,50,2,206635,ZA,South Africa,Q3,2025
32,spotify:track:5tIt860TkOItU0BRafiyzd,Mthandeni SK,Sigade Umzila,Mthandeni Music Production,11,33,32,205147,ZA,South Africa,Q3,2025
33,spotify:track:21lD8ZDP6nbEAUtoSQl032,Umafikizolo,Awsukanini,Insika Yethonga,25,30,16,200135,ZA,South Africa,Q3,2025
34,spotify:track:26p2ruouYOz0AWMqcDkXPU,"Romeo Makota, Eemoh",Abangifuni,Kotela Music,13,35,12,195752,ZA,South Africa,Q3,2025
35,spotify:track:6Brl7QagMzx1rpylg7C7cu,Samthing Soweto,Deda,Youbuntu,23,83,6,192998,ZA,South Africa,Q3,2025
36,spotify:track:1I37Zz2g3hk9eWxaNkj031,"Saja Boys, Andrew Choi, Neckwav, Danny Chung, KEVIN WOO, samUIL Lee, KPop Demon Hunters Cast",Your Idol,K-Pop Demon Hunters,36,62,2,188480,ZA,South Africa,Q3,2025
37,spotify:track:0OMHMgH263gIrUcszYYivV,"Kelvin Momo, Da Muziqal Chef, Thatohatsi, Tracy",Emhlabeni (feat. Thatohatsi & Tracy),Kelvin Momo Productions,10,34,6,187699,ZA,South Africa,Q3,2025
38,spotify:track:0zSGfaxDJWmzfRT67F4dnM,"Mthandeni SK, MaWhoo",Gucci,Mthandeni Music Production,1,40,41,187487,ZA,South Africa,Q3,2025
39,spotify:track:60NQDPeMwd5mpfrWS5RmrB,"Mabotho s, Dj Lekusto",Kgatsa dinoka,2448501 Records DK,29,31,9,186798,ZA,South Africa,Q3,2025
40,spotify:track:16B7JnyBsNloQWuWHtUGu7,Umafikizolo,Ngimile Mpo,Insika Yethonga,32,38,13,185235,ZA,South Africa,Q3,2025
41,spotify:track:1blpjqXA4y03pWHnDbhs9l,"Kelvin Momo, Da Muziqal Chef, Tracy, Thatohatsi",Bo Gogo (feat. Tracy & Thatohatsi),Kelvin Momo Productions,7,39,30,182892,ZA,South Africa,Q3,2025
42,spotify:track:73XTer5tuPKNstPEW1eKwL,"Mawelele, Naledi Aphiwe",Naledi,ONE FIFTY EMPIRE /gamma.,14,42,18,182146,ZA,South Africa,Q3,2025
43,spotify:track:688pDxv1DOQKj4Z4uiB76w,Danya Devs,Asambe,Dolphin FC,43,60,7,180880,ZA,South Africa,Q3,2025
44,spotify:track:3bqCtq5RcPzULlyqkFGVJ7,"Umafikizolo, Umashotana",Ngathi Nguye,Insika Yethonga,3,41,57,174744,ZA,South Africa,Q3,2025
45,spotify:track:2QqCjFfWbjMSRo2vscPJBr,"Shandesh, DJ Janisto, King Salah",Mamenemene,Shandesh Music,22,36,9,172926,ZA,South Africa,Q3,2025
46,spotify:track:6txAWGckgEGJIhLjhNdtE9,Chris Brown,Residuals,Chris Brown Entertainment/RCA Records,10,43,61,171558,ZA,South Africa,Q3,2025
47,spotify:track:6dOtVTDdiauQNBQEDOtlAB,Billie Eilish,BIRDS OF A FEATHER,Darkroom/Interscope Records,5,47,60,164090,ZA,South Africa,Q3,2025
48,spotify:track:4iuNZTcvT9diFySSzVsnVS,Fantasia,When I See U,J Records,26,59,270,162287,ZA,South Africa,Q3,2025
49,spotify:track:0fzMIBpjLCRJuO7aI0p6Hw,Masinga Sgqoko Sembongolo,Angikwazi ukukhuluma,3446464 Records DK,39,49,23,162112,ZA,South Africa,Q3,2025
50,spotify:track:4cLlF0b1UDV2A3yAJD3QFa,"Shandesh, Mvzzle",Resa Fola,LoudNoise Musiq,37,37,9,161928,ZA,South Africa,Q3,2025
1,spotify:track:3H2sEc2EOfjeptg8pPPTlx,Umafikizolo,Uyoncengwa Unyoko,Insika Yethonga,1,1,10,1069756,ZA,South Africa,Q4,2025
2,spotify:track:3eRaSAk4a6gjsHK2omZbU4,"Thukuthela, GL_Ceejay, JAZZWRLD, Makhadzi Entertainment",uMoya,Waltz Music Group / EMPIRE / Jazzworx & Thukuthela,2,15,2,976567,ZA,South Africa,Q4,2025
3,spotify:track:46NRGSM8TnSkJexKnQtoKw,"Shebeshxt, Naqua SA, Zee Nxumalo, Slidoo Man",Rato Laka,Topless Fam.,2,2,10,932958,ZA,South Africa,Q4,2025
4,spotify:track:0y7lIKJXlNFPcqVCxfnvOO,"JAZZWRLD, Thukuthela, Babalwa M, Dlala Thukzin",uValo (feat. Dlala Thukzin),Waltz Music Group / EMPIRE / Jazzworx & Thukuthela,2,3,9,866986,ZA,South Africa,Q4,2025
5,spotify:track:6xlxghvkH5yDv93NoHlWOx,"MaWhoo, GL_Ceejay, Thukuthela, JAZZWRLD",Bengicela (feat. JAZZWRLD),MaWhoo Entertainment,1,4,17,755363,ZA,South Africa,Q4,2025
6,spotify:track:6dF5gBOcTbG3dKYtjBGEAR,"Sam Deep, Nia Pearl, Boohle, Mano",Shela,Universal Music (Pty) Ltd.,6,11,8,744988,ZA,South Africa,Q4,2025
7,spotify:track:54gOExDYI4WmDlwQaygLDp,"Dj Jaivane, Smaki 08, Wesley Keys, De Rose",Lutho (feat. De Rose),Ziiki Media,5,5,10,687261,ZA,South Africa,Q4,2025
8,spotify:track:40Df6EY2SezSKLvAkvNsbz,"Zee Nxumalo, Skillz, Sykes",Mamma,Platoon,8,8,7,648153,ZA,South Africa,Q4,2025
9,spotify:track:62auSQwzIlyVuqUsxd4w63,"DJ Maphorisa, Xduppy, Kabza De Small, Thatohatsi, Young Stunna, Nkosazana Daughter","Abantwana Bakho (feat. Thatohatsi, Young Stunna & Nkosazana Daughter)",New Money Gang Records,3,6,28,640262,ZA,South Africa,Q4,2025
10,spotify:track:6sbHyHcH3bvY2qRfRTxOwE,"Khadeair, PeeKay Mzee, Kaytah",Magumba,WEINSIDE,1,9,12,593079,ZA,South Africa,Q4,2025
11,spotify:track:2nlPxAYSF1L4Xqa5LUcifb,"Sir Trill, King P",On The Floor,Sir Trill Music,11,24,2,575943,ZA,South Africa,Q4,2025
12,spotify:track:7sR4V3QuvyZS8jLzbhUpM2,"lordkez, Cassper Nyovest",Aweh [Remix] (feat. Cassper Nyovest),STAY LOW,12,17,4,564928,ZA,South Africa,Q4,2025
13,spotify:track:7c5uGV9Rys18JP2570ykTu,"CIZA, JAZZWRLD, Thukuthela",Isaka (6am),LVRN Records (Love Renaissance),1,7,26,535232,ZA,South Africa,Q4,2025
14,spotify:track:0DGP0pRR8yz4OW2xxjIskt,"Issa sisdoh, Ancestral Rituals",Vuma Dlozi Lami (feat. Ancestral Rituals),Issa Sisdoh,1,10,50,527784,ZA,South Africa,Q4,2025
15,spotify:track:1rb8u0m3l3oq59vUqW1O7p,"JAZZWRLD, MaWhoo, Thukuthela, GL_Ceejay",Uzizwa Kanjan,Waltz Music Group / EMPIRE / Jazzworx & Thukuthela,1,14,24,507249,ZA,South Africa,Q4,2025
16,spotify:track:24fRfn3FOM4xk02aE4wief,"Oscar Mbo, JAZZWRLD, Thukuthela",Vuka (feat. Thukuthela),The Ashmed Hour Records,1,12,40,502242,ZA,South Africa,Q4,2025
17,spotify:track:4nP3JxLWurlrvollaDlxsJ,"Dlala Thukzin, Zee Nxumalo, Sykes",Mali,Dlala Records (PTY) Ltd,3,16,24,495859,ZA,South Africa,Q4,2025
18,spotify:track:1x4yHR7HJ0ZQCQVjXb2Vc8,"NHLOSO KHWELA, Shenge wasehlalankosi",UNIKHODIMA,5466398 Records DK,8,13,22,478789,ZA,South Africa,Q4,2025
19,spotify:track:2cqRkbubhLlwDlEOoksEXt,"JayJayy, Mordecai",Phesheya,Gallo Record Company,19,-1,1,465848,ZA,South Africa,Q4,2025
20,spotify:track:30jHPgouy6TBqiykdGwbOe,"Kabza De Small, Dlala Thukzin, Sykes, Young Stunna, Nkosazana Daughter, Tracy, Thatohatsi","Ngyozama (feat. Sykes, Young Stunna, Nkosazana Daughter, Tracy & Thatohatsi)",Piano Hub,6,18,12,444184,ZA,South Africa,Q4,2025
21,spotify:track:2tUXE87QNnoVQZApV3uyVZ,"Zee Nxumalo, TBO, PYY Log Drum King, Dj Tearz, Dr Thulz",Ngisakuthanda,Platoon,2,26,53,422741,ZA,South Africa,Q4,2025
22,spotify:track:1dosSsKwYF7hoQA2kuu6wI,Taylor Swift,The Fate of Ophelia,Taylor Swift,22,-1,1,404401,ZA,South Africa,Q4,2025
23,spotify:track:3Ov08eLMxqkNmvtlV9Truu,"JAZZWRLD, GL_Ceejay, Thukuthela, MaWhoo",Tholukuthi (Clap Song) (feat. MaWhoo),Waltz Music Group / EMPIRE / Jazzworx & Thukuthela,2,19,15,402034,ZA,South Africa,Q4,2025
24,spotify:track:723kBcWHaPWeAApqdYguSI,"Mordecai, Sandy6eats, JayJayy, Rory Diamondz",Di Kgomo,Rapture Music Group,14,20,4,392451,ZA,South Africa,Q4,2025
25,spotify:track:2XSmD2t2OZ5oMZhuZzJB4P,"JAZZWRLD, Thukuthela, Sykes, Major League Djz",uMA weNGANE,Waltz Music Group / EMPIRE / Jazzworx & Thukuthela,8,23,13,378959,ZA,South Africa,Q4,2025
26,spotify:track:1qbmS6ep2hbBRaEZFpn7BX,Olivia Dean,Man I Need,PLG - Capitol,21,21,5,375595,ZA,South Africa,Q4,2025
27,spotify:track:1WNbXkIVNxBM8wEeZnHcun,"Vigro Deep, Zee Nxumalo, Ch'cco",Bhampa,Universal Music (Pty) Ltd.,24,28,14,353486,ZA,South Africa,Q4,2025
28,spotify:track:2qkygA4B1ZauY2ymqbisep,"Thukuthela, JAZZWRLD, GL_Ceejay, Zee_nhle",Ngine Ndaba,Waltz Music Group / EMPIRE / Jazzworx & Thukuthela,28,118,2,345620,ZA,South Africa,Q4,2025
29,spotify:track:6t7jwNNBTceuXuVeT71naT,"Kabza De Small, Kelvin Momo, Thatohatsi",Iphupho (feat. Thatohatsi),Piano Hub,12,25,12,329793,ZA,South Africa,Q4,2025
30,spotify:track:2RkZ5LkEzeHGRsmDqKwmaJ,Alex Warren,Ordinary,Atlantic Records,7,31,35,322344,ZA,South Africa,Q4,2025
31,spotify:track:7lqlmV3prYYMQvyswraACT,"Umdumazi, Mjolisi",Ubambo lwami,Mdumazi Music Production,29,39,17,318902,ZA,South Africa,Q4,2025
32,spotify:track:2QVyLdd8FNg33pm5qfju1g,"Sminofu, Zee Nxumalo",Sajola Kamnandi,Maskandi Heavyweight / EMPIRE,7,27,25,307088,ZA,South Africa,Q4,2025
33,spotify:track:5ST4yffWs8WSIG9lPiNTor,Bukzin Keyz,Bafoo 10.9,Universal Music (Pty) Ltd.,17,45,14,304667,ZA,South Africa,Q4,2025
34,spotify:track:79r4mAwHBAB1x5QnImlUM6,"Mshinwemali, Shenge wasehlalankosi",Ncono Siyeke,Insika Yethonga,13,22,54,300564,ZA,South Africa,Q4,2025
35,spotify:track:3RTLQmVu82YxZfIMOp0jH1,"JIKIJIKI, Mnotho Majola, Shenge wasehlalankosi",UQAMBA AMANGA,JIKIJIKI MUSIC PRODUCTION,21,29,10,296523,ZA,South Africa,Q4,2025
36,spotify:track:1Cy9Zxtx0h8BrqfNrYr3nY,"Sami'Kay, Rox Roberson, Misokuhle",Amanxeba,Mud House Music Entertainment,36,46,11,295069,ZA,South Africa,Q4,2025
37,spotify:track:0RlTUV5sadO4sMRTHalhjG,"Saliwa, Gandaganda",Intambo Esemqaleni,Indoni Music Production and Events,37,89,2,293755,ZA,South Africa,Q4,2025
38,spotify:track:3Vx27UVwW4PnxIk9GqQArH,"Kharishma, DJ Angelo, Buddy Sax",HOTSPOT,Kharishma Entertainment,33,33,5,293052,ZA,South Africa,Q4,2025
39,spotify:track:0CJJt0J9SOscYKzETJ0p4d,"Umketule, Jikijiki",Abasemzini,10151646 Records DK,27,32,6,291088,ZA,South Africa,Q4,2025
40,spotify:track:45oRgTSNn47SIa0st2CD69,"Mluh, Thoby Dladla, SG MusiQ",Izinkinga Zami (feat. SG MusiQ),Universe Ink,34,36,5,289736,ZA,South Africa,Q4,2025
41,spotify:track:4BVq8iuuhqjcwhHh6t8SP9,"Kharishma, DJ Angelo, Buddy Sax, DJ Janisto",Wa Inama,Kharishma Entertainment,9,34,11,287878,ZA,South Africa,Q4,2025
42,spotify:track:0xa7KEhwcvEtWbiLuelUWu,"REAL K MFANAKOTA, Natiey Lepaka, Nova sa style, Westboy",10 GRAM,8.4.4 Entertainment,36,37,10,287131,ZA,South Africa,Q4,2025
43,spotify:track:6VBfzBgHu8tFeeg2ZQO4gH,MENZI MUSIC,Wayengenalutho,MENZI MUSIC PRODUCTION,6,30,43,277024,ZA,South Africa,Q4,2025
44,spotify:track:67osB3wmJVTFzKhWqPb1Hm,Taylor Swift,Opalite,Taylor Swift,44,-1,1,275553,ZA,South Africa,Q4,2025
45,spotify:track:5JjQdivvXPrnjeEoxE16WD,"Shandesh, Shebeshxt, King Salah, Kaycherlow NLL",Warning,Shandesh Music,7,43,20,272051,ZA,South Africa,Q4,2025
46,spotify:track:1CPZ5BxNNd0n0nF4Orb9JS,"HUNTR/X, EJAE, AUDREY NUNA, REI AMI, KPop Demon Hunters Cast",Golden,K-Pop Demon Hunters,30,49,15,269725,ZA,South Africa,Q4,2025
47,spotify:track:694QCbEzK5oLIu9PoTcuUA,"Mluusician, Ricky Lenyora, DJ Maphorisa, Vulela Maweekend, Mark Khoza, Angekebabuye Mc","Malacosta (feat. Vulela Maweekend, Mark Khoza & Angekebabuye Mc)",New Money Gang Records,20,42,9,265765,ZA,South Africa,Q4,2025
48,spotify:track:1qWQSXiLdc93lEvz3SmU2H,"Janesh, Hitboss SA, Natiey Lepaka, IceTee Beats",Makoti (Lekompo Wedding Day),Janesh,47,47,3,265317,ZA,South Africa,Q4,2025
49,spotify:track:2DuN70veEIQjaOJxS0Uz32,Umafikizolo,Uzigade Ngani?,Insika Yethonga,22,38,10,264909,ZA,South Africa,Q4,2025
50,spotify:track:4IaV07VGtEvTzwMe85IzRi,"Mfundo Mthiyane, Shenge wasehlalankosi",Umathandana wami,7617537 Records DK,29,35,9,264529,ZA,South Africa,Q4,2025