rank,uri,artist_names,track_name,source,peak_rank,previous_rank,weeks_on_chart,streams,country_code,country_name,quarter,year
1,spotify:track:5ww2BF9slyYgNOk37BlC4u,Manuel Turizo,La Bachata,Sony Music Latin/La Industria,1,1,31,3191614,AR,Argentina,Q1,2023
2,spotify:track:0NO2zL0kw8sGGnaMvHKAZF,"Cris MJ, Duki, Nicki Nicole, Standly, Stars Music Chile",Marisola (Remix),Stars Music Chile 2024,2,2,4,3178042,AR,Argentina,Q1,2023
3,spotify:track:6jRZ33ifS5VOTMwmPxhPhN,"Luck Ra, La K'onga, Ke Personajes",Ya No Vuelvas (Versión Cuarteto),Sony Music Entertainment Chile S.A,3,4,6,3100049,AR,Argentina,Q1,2023
4,spotify:track:4J1vAbtAhMdsdpO1sKU3EO,La T y La M,Pa' la Selección,GraceMusic,3,3,4,2871162,AR,Argentina,Q1,2023
5,spotify:track:0oBtwScT4B4BR5kZitNWd5,Quevedo,PUNTO G,Rimas Entertainment LLC.,5,8,10,2606758,AR,Argentina,Q1,2023
6,spotify:track:4qXWX3OmEKp0YCnnxJqTMO,"La Joaqui, Salastkbron, Gusty dj",Dos Besitos,DALE PLAY Records / GOAT Records,2,5,11,2528741,AR,Argentina,Q1,2023
7,spotify:track:2tTmW7RDtMQtBk7m2rYeSw,"Bizarrap, Quevedo","Quevedo: Bzrp Music Sessions, Vol. 52/66",DALE PLAY Records,1,7,28,2382116,AR,Argentina,Q1,2023
8,spotify:track:45dlaEXrXW47TVbrQ4gK7E,"Rei, Callejero Fino",Tu Turrito,DALE PLAY Records,2,6,36,2222175,AR,Argentina,Q1,2023
9,spotify:track:1zsPaEkglFvxjAhrM8yhpr,"Ozuna, Feid",Hey Mor,Aura Music Corp.,8,14,13,2046787,AR,Argentina,Q1,2023
10,spotify:track:60DHrnRAhNJMy4WeEf23NH,"La Joaqui, Alan Gomez, EL NOBA",Butakera,DALE PLAY Records / GOAT Records,6,9,23,2041246,AR,Argentina,Q1,2023
11,spotify:track:0W3TCDzYM7xFrZSaXnQvs4,"YSY A, SPONSOR DIOS, Evlay",CÓMO CHILLA ELLA,SPONSOR DIOS,2,10,9,2027868,AR,Argentina,Q1,2023
12,spotify:track:2x8oBuYaObjqHqgGuIUZ0b,WOS,ARRANCÁRMELO,DOGUITO Records / DALE PLAY Records,2,13,41,2014969,AR,Argentina,Q1,2023
13,spotify:track:53tfEupEzQRtVFOeZvk7xq,ROSALÍA,DESPECHÁ,Columbia,3,11,24,1912791,AR,Argentina,Q1,2023
14,spotify:track:3fUZbg31mIJKIxuv8nUcGg,"DJ Tao, Callejero Fino",CALLEJERO FINO | DJ TAO Turreo Sessions #723,WM Chile,10,12,12,1893941,AR,Argentina,Q1,2023
15,spotify:track:7iwJOi3hlMqZt6pj1sQOBj,Quevedo,VISTA AL MAR,Rimas Entertainment LLC.,10,17,18,1780367,AR,Argentina,Q1,2023
16,spotify:track:3N6rAKpPraBOZqn9RhSrz0,"DJ Alex, La Joaqui","DJ ALEX, LA JOAQUI - TU AMOR | E7",DJ ALEX bajo licencia a DALE PLAY,10,15,16,1738873,AR,Argentina,Q1,2023
17,spotify:track:7kYbxvrGXv8cmKjkqgqhrw,TINI,La Triple T,Sony Music Latin,1,16,36,1671197,AR,Argentina,Q1,2023
18,spotify:track:6OzUIp8KjuwxJnCWkXp1uL,"Wisin & Yandel, ROSALÍA",Besos Moja2,Sony Music Latin,8,18,15,1571542,AR,Argentina,Q1,2023
19,spotify:track:5rGorQ0R06XveTJXMd3QRi,"Rusherking, Dread Mar I",Perfecta,Rusherking,5,20,15,1553978,AR,Argentina,Q1,2023
20,spotify:track:2GVahxIzxivfRZc8lR39Ms,"Rei, Quevedo",FERNET,DALE PLAY Records,7,19,32,1532397,AR,Argentina,Q1,2023
21,spotify:track:1eIDsKCLwZF6CJK8pOgHX5,"BM, Phontana",M.A (Mejores Amigos),Wesaisons Records,21,45,10,1469349,AR,Argentina,Q1,2023
22,spotify:track:4nrPB8O7Y7wsOCJdgXkthe,"Bizarrap, Shakira","Shakira: Bzrp Music Sessions, Vol. 53/66",DALE PLAY Records,22,-1,1,1462926,AR,Argentina,Q1,2023
23,spotify:track:6Sq7ltF9Qa7SNFBsV5Cogx,"Bad Bunny, Chencho Corleone",Me Porto Bonito,Rimas Entertainment LLC,2,21,36,1443412,AR,Argentina,Q1,2023
24,spotify:track:0poQY3RMThmIiutOGv3yH3,Maria Becerra,AUTOMÁTICO,300 Entertainment,4,26,18,1407827,AR,Argentina,Q1,2023
25,spotify:track:0Dl34Kegtc0y0m0oPhQfiI,Maria Becerra,LA NENA DE ARGENTINA,300 Entertainment,22,31,5,1372481,AR,Argentina,Q1,2023
26,spotify:track:6G12ZafqofSq7YtrMqUm76,"Shakira, Ozuna",Monotonía,Sony Music Latin,9,28,12,1372298,AR,Argentina,Q1,2023
27,spotify:track:2mnXxnrX5vCGolNkaFvVeM,"Arcángel, Bad Bunny",La Jumpa,Rimas Entertainment LLC.,27,33,6,1350405,AR,Argentina,Q1,2023
28,spotify:track:3k3NWokhRRkEPhCzPmV8TW,"Bad Bunny, Bomba Estéreo",Ojitos Lindos,Rimas Entertainment LLC,1,25,36,1316473,AR,Argentina,Q1,2023
29,spotify:track:3fjN3y5x4hN53rykAN2LHQ,Rels B,cómo dormiste?,DALE PLAY Records / Flakk Team,4,30,23,1313120,AR,Argentina,Q1,2023
30,spotify:track:3eUtQSdde3wNmXOW2OESKi,"El Polaco, La China",Ya No Quiero Verte,Columbia,23,23,11,1293627,AR,Argentina,Q1,2023
31,spotify:track:6LBpjWMfy1NUfyxAJbcMRs,"La K'onga, Nahuel Pennisi",Universo Paralelo,Leader Music,2,22,61,1276512,AR,Argentina,Q1,2023
32,spotify:track:6nYyGlTP5L2R6SEd1xG8Xs,El negro tecla,Rompe,Warner Music Group - X5 Music Group,32,39,20,1213251,AR,Argentina,Q1,2023
33,spotify:track:3EcCc1U405tm8yKm1x6Y8W,La K'onga,Te Mentiría,Leader Music,14,24,86,1188762,AR,Argentina,Q1,2023
34,spotify:track:12BLBKATlbWXPhuSNL8eAr,"Alan Gomez, Callejero Fino",CALLEJERO FINO | Mission 10,WM Chile,6,29,19,1176967,AR,Argentina,Q1,2023
35,spotify:track:1fKFxmSByZfjwVSbq0PHye,Ke Personajes,Si No Te Tengo / Ángel / Aquello Que Pasó,Ke Personajes,29,32,70,1164813,AR,Argentina,Q1,2023
36,spotify:track:54ELExv56KCAB4UP9cOCzC,"Ñengo Flow, Bad Bunny",Gato de Noche,Rimas Entertainment LLC,36,48,3,1151395,AR,Argentina,Q1,2023
37,spotify:track:5w8dx6u3KGawHWZAJoqyKM,"YSY A, SPONSOR DIOS, ONIRIA",A POR TODO,SPONSOR DIOS,6,34,9,1094919,AR,Argentina,Q1,2023
38,spotify:track:2ALRaYszX1wDifP6HrcdqS,"Gusty dj, ECKO",Gusty DJ | Ecko - Session en el Barrio #7,GUSTY DJ,38,49,4,1042295,AR,Argentina,Q1,2023
39,spotify:track:79d6fVzRM6DRYxR302AJFY,La Mosca,"Muchachos, Ahora Nos Volvimos a Ilusionar",Sony Music Argentina,1,27,7,970135,AR,Argentina,Q1,2023
40,spotify:track:2bbwjxA68m9PHZFWgF1fze,Duki,GIVENCHY,DALE PLAY Records / SSJ Records,2,37,26,950452,AR,Argentina,Q1,2023
41,spotify:track:7onMf0QvWgRba2MRxG27yj,La K'onga,El Mismo Aire,Leader Music,16,36,109,944059,AR,Argentina,Q1,2023
42,spotify:track:6YUYwOLhR01HusDZkttH7k,"Los Ángeles Azules, Nicki Nicole",Otra Noche,Seitrack,10,42,61,933999,AR,Argentina,Q1,2023
43,spotify:track:0cOa970mzTWAxKtltpkpLc,"TINI, Maria Becerra",Miénteme,Sony Music Latin,1,40,89,910176,AR,Argentina,Q1,2023
44,spotify:track:1IHWl5LamUGEuP4ozKQSXZ,Bad Bunny,Tití Me Preguntó,Rimas Entertainment LLC,3,38,36,896691,AR,Argentina,Q1,2023
45,spotify:track:0aOt8nmb5ddTNGE0t7XfvE,"Bizarrap, Duki, La T y La M",3 Estrellas en el Conjunto,DALE PLAY Records,45,165,2,896623,AR,Argentina,Q1,2023
46,spotify:track:6i1g5ZRmJZAkDwBaUZ3f2i,Luar La L,Caile,Rimas Entertainment LLC.,7,44,23,889736,AR,Argentina,Q1,2023
47,spotify:track:7MkylDYvKTSuWgrsBhHlsG,"Bizarrap, Duki","Duki: Bzrp Music Sessions, Vol. 50/66",DALE PLAY Records,1,35,9,887632,AR,Argentina,Q1,2023
48,spotify:track:5Eax0qFko2dh7Rl2lYs3bx,Bad Bunny,Efecto,Rimas Entertainment LLC,8,43,36,881098,AR,Argentina,Q1,2023
49,spotify:track:1DFDbSWdESvzWHHAe6BCQ3,La Delio Valdez,Inocente,Delirio Valdez Records,41,41,104,819002,AR,Argentina,Q1,2023
50,spotify:track:2AAiUwUnxOY0sZYRLGkW9H,"YSY A, SPONSOR DIOS, ONIRIA, Lisan Beat",CUÁNTO VALE HACER EL AMOR?,SPONSOR DIOS,7,51,9,804816,AR,Argentina,Q1,2023
1,spotify:track:3tiJUOfAEqIrLFRQgGgdoY,"Big One, FMK, Ke Personajes",Un Finde | CROSSOVER #2,Fifty One,1,80,2,5065421,AR,Argentina,Q2,2023
2,spotify:track:1gpayq8BQ8Z1AZSCHUeZOC,"Ke Personajes, Onda Sabanera",Pobre Corazón - En Vivo,Ke Personajes,2,4,6,4064215,AR,Argentina,Q2,2023
3,spotify:track:7w7BrPbOjF5OxChs2dxFve,"Big One, Emilia, Callejero Fino",En La Intimidad | CROSSOVER #1,Fifty One,1,1,10,3945275,AR,Argentina,Q2,2023
4,spotify:track:1eIDsKCLwZF6CJK8pOgHX5,"BM, Phontana",M.A (Mejores Amigos),Wesaisons Records,2,2,23,3541786,AR,Argentina,Q2,2023
5,spotify:track:7JB29gnUowzSGRdIpeVqRQ,"BM, Callejero Fino, La Joaqui, Lola Indigo",M.A - Remix,DALE PLAY Records / Wesaisons Records,5,-1,1,3440325,AR,Argentina,Q2,2023
6,spotify:track:7MVIfkyzuUmQ716j8U7yGR,"Milo j, Taiu",Rara Vez,Universal Music Argentina S.A.,3,3,9,3337099,AR,Argentina,Q2,2023
7,spotify:track:6jRZ33ifS5VOTMwmPxhPhN,"Luck Ra, La K'onga, Ke Personajes",Ya No Vuelvas (Versión Cuarteto),Sony Music Entertainment Chile S.A,1,6,19,3150888,AR,Argentina,Q2,2023
8,spotify:track:0DWdj2oZMBFSzRsi2Cvfzf,"KAROL G, Shakira",TQG,BICHOTA RECORDS / INTERSCOPE RECORDS / UNIVERSAL MUSIC LATINO,2,5,7,2906877,AR,Argentina,Q2,2023
9,spotify:track:04ndZkbKGthTgYSv3xS7en,TINI,Cupido,5020 Records,4,7,9,2819002,AR,Argentina,Q2,2023
10,spotify:track:1DxEbt6OSbrkRthk6pjZue,"LiL CaKe, Migrantes, Nico Valdi",MERCHO,Sony Music Argentina,4,9,13,2696583,AR,Argentina,Q2,2023
11,spotify:track:4FAKtPVycI4DxoOHC01YqD,"Yandel, Feid",Yandel 150,La Leyenda LLC,7,8,14,2667889,AR,Argentina,Q2,2023
12,spotify:track:2iNmegOcdmt4peYrh9S8qI,Emilia,Jagger.mp3,Sony Music Latin,12,35,2,2370067,AR,Argentina,Q2,2023
13,spotify:track:609E1JCInJncactoMmkDon,"ROSALÍA, Rauw Alejandro",BESO,Columbia Records/Duars Entertainment/Sony Music Latin,10,10,3,2116623,AR,Argentina,Q2,2023
14,spotify:track:4yPmTUkWmUfLPQLCccp0DR,"TINI, La Joaqui, Steve Aoki",Muñecas,5020 Records,2,12,13,2070388,AR,Argentina,Q2,2023
15,spotify:track:6Vp8EcHAHjC9u7Qnsn2kob,"ECKO, Callejero Fino, El Perro",Te Escapas De Mis Brazos (Remix),WM Chile,11,13,6,1866529,AR,Argentina,Q2,2023
16,spotify:track:6XSqqQIy7Lm7SnwxS4NrGx,"Feid, Young Miko",CLASSY 101,UMLE - Latino,16,48,2,1798478,AR,Argentina,Q2,2023
17,spotify:track:7cQ0LAxT5HHCLGbxcjaxac,"Bizarrap, Arcángel","Arcángel: Bzrp Music Sessions, Vol. 54/66",DALE PLAY Records,10,11,4,1703735,AR,Argentina,Q2,2023
18,spotify:track:4nrPB8O7Y7wsOCJdgXkthe,"Bizarrap, Shakira","Shakira: Bzrp Music Sessions, Vol. 53/66",DALE PLAY Records,1,14,14,1692357,AR,Argentina,Q2,2023
19,spotify:track:7HdEUquZzUzPjgSllvlJGl,"Luck Ra, La T y La M, Rusherking",Quiero Creer,Sony Music Entertainment Chile S.A,11,18,10,1661162,AR,Argentina,Q2,2023
20,spotify:track:2bNCiY24Eh4saMcc23bvUN,Maria Becerra,ADIÓS,300 Entertainment,19,19,18,1648067,AR,Argentina,Q2,2023
21,spotify:track:6HT88WDVwEJiHEbPuQ5XcB,"Damas Gratis, Ke Personajes",Costumbres - Vivo,Pelo Music S.A.,21,29,21,1596150,AR,Argentina,Q2,2023
22,spotify:track:1fKFxmSByZfjwVSbq0PHye,Ke Personajes,Si No Te Tengo / Ángel / Aquello Que Pasó,Ke Personajes,22,25,83,1589872,AR,Argentina,Q2,2023
23,spotify:track:4CVhywni3QwalKLZgwFi58,Milo j,Milagrosa,DALE PLAY Records,21,22,18,1568729,AR,Argentina,Q2,2023
24,spotify:track:0NO2zL0kw8sGGnaMvHKAZF,"Cris MJ, Duki, Nicki Nicole, Standly, Stars Music Chile",Marisola (Remix),Stars Music Chile 2024,2,16,17,1555825,AR,Argentina,Q2,2023
25,spotify:track:4WiQA1AGWHFvaxBU6bHghs,Quevedo,PUNTO G,Rimas Entertainment LLC.,5,15,23,1532437,AR,Argentina,Q2,2023
26,spotify:track:4J1vAbtAhMdsdpO1sKU3EO,La T y La M,Pa' la Selección,GraceMusic,3,20,17,1499765,AR,Argentina,Q2,2023
27,spotify:track:1zsPaEkglFvxjAhrM8yhpr,"Ozuna, Feid",Hey Mor,Aura Music Corp.,8,17,26,1472536,AR,Argentina,Q2,2023
28,spotify:track:4m0ypZ1c1l0WulMk3fkVA0,"Duki, C.R.O",hARAkiRi,DALE PLAY Records / SSJ Records,24,24,2,1456170,AR,Argentina,Q2,2023
29,spotify:track:4L6PEEISI0EWoKh8Wwtvuh,"La Joaqui, Alan Gomez",Amanecemos,DALE PLAY Records / GOAT Records,28,28,4,1440797,AR,Argentina,Q2,2023
30,spotify:track:5w7RsSgxxBwdVTSyQDj8Bi,"The La Planta, BM, Alejo Isakk, Locura Mix",DISCOTEKA (feat. Locura Mix),NES Play,30,37,6,1440652,AR,Argentina,Q2,2023
31,spotify:track:2CeKVsFFXG4QzA415QygGb,Feid,Feliz Cumpleaños Ferxxo,UMLE - Latino,20,23,32,1413128,AR,Argentina,Q2,2023
32,spotify:track:4I4FFtKZLtyqw4he9pPtL7,Lauty Gram,Vida Gangster,Lautygram,16,26,15,1408110,AR,Argentina,Q2,2023
33,spotify:track:3tt9i3Hhzq84dPS8H7iSiJ,Manuel Turizo,La Bachata,Sony Music Latin/La Industria,1,21,44,1384371,AR,Argentina,Q2,2023
34,spotify:track:0PB0O24JqAuNdOAFVJljMS,"Eladio Carrion, Bad Bunny",Coco Chanel,Rimas Entertainment LLC,15,31,4,1315331,AR,Argentina,Q2,2023
35,spotify:track:2x8oBuYaObjqHqgGuIUZ0b,WOS,ARRANCÁRMELO,DOGUITO Records / DALE PLAY Records,2,27,54,1286941,AR,Argentina,Q2,2023
36,spotify:track:0Sfn2TYbpQtCGMBf6C0Y6T,"Quevedo, Myke Towers",PLAYA DEL INGLÉS,Rimas Entertainment LLC.,19,30,17,1263109,AR,Argentina,Q2,2023
37,spotify:track:3fUZbg31mIJKIxuv8nUcGg,"DJ Tao, Callejero Fino",CALLEJERO FINO | DJ TAO Turreo Sessions #723,WM Chile,10,33,25,1243117,AR,Argentina,Q2,2023
38,spotify:track:0T2pB7P1VdXPhLdQZ488uH,Feid,Normal,UMLE - Latino,31,34,40,1229512,AR,Argentina,Q2,2023
39,spotify:track:4qXWX3OmEKp0YCnnxJqTMO,"La Joaqui, Salastkbron, Gusty dj",Dos Besitos,DALE PLAY Records / GOAT Records,2,38,24,1227337,AR,Argentina,Q2,2023
40,spotify:track:45dlaEXrXW47TVbrQ4gK7E,"Rei, Callejero Fino",Tu Turrito,DALE PLAY Records,2,36,49,1204510,AR,Argentina,Q2,2023
41,spotify:track:0CYTGMBYkwUxrj1MWDLrC5,Feid,CHORRITO PA LAS ANIMAS,UMLE - Latino,28,32,17,1179164,AR,Argentina,Q2,2023
42,spotify:track:2UW7JaomAMuX9pZrjVpHAU,"Yng Lvcas, Peso Pluma",La Bebe - Remix,WM Mexico,42,56,3,1138261,AR,Argentina,Q2,2023
43,spotify:track:6862W0OJNwhytsXSpCQZ5k,"Lolo OG, Callejero Fino, Alejo Isakk, Salastkbron",Azote - Remix,SYM Producciones,43,50,5,1129600,AR,Argentina,Q2,2023
44,spotify:track:1dJhW3HRdLnySFEUhf6VRh,Milo j,MORNING,DALE PLAY Records,41,41,7,1075234,AR,Argentina,Q2,2023
45,spotify:track:2tTmW7RDtMQtBk7m2rYeSw,"Bizarrap, Quevedo","Quevedo: Bzrp Music Sessions, Vol. 52/66",DALE PLAY Records,1,39,41,1065726,AR,Argentina,Q2,2023
46,spotify:track:44FzVABpR2cciquTqADA0D,Young Miko,Lisa,The Wave Music Group,44,44,5,1062498,AR,Argentina,Q2,2023
47,spotify:track:0Iozrbed8spxoBnmtBMshO,Quevedo,WANDA,Rimas Entertainment LLC.,38,42,12,1056433,AR,Argentina,Q2,2023
48,spotify:track:1DTmxMoV47mkuTrSY2xkyl,Callejero Fino,Le doy perreo,Callejero Fino,34,45,15,1055249,AR,Argentina,Q2,2023
49,spotify:track:5q86iSKkBtOoNkdgEDY5WV,Quevedo,VISTA AL MAR,Rimas Entertainment LLC.,10,43,31,1054098,AR,Argentina,Q2,2023
50,spotify:track:0Dl34Kegtc0y0m0oPhQfiI,Maria Becerra,LA NENA DE ARGENTINA,300 Entertainment,22,46,18,1039247,AR,Argentina,Q2,2023
1,spotify:track:7ABLbnD53cQK00mhcaOUVG,Myke Towers,LALA,WEA Latina,1,5,3,4717552,AR,Argentina,Q3,2023
2,spotify:track:1Hs1uUl8o2VtDp1DABFq0O,"LIT killah, Tiago PZK, Maria Becerra, Duki, Emilia, Rusherking, Big One, FMK",Los del Espacio,WEA Latina,1,2,6,4613311,AR,Argentina,Q3,2023
3,spotify:track:3oNnzH6hmqIGIhJ1NcHlrh,Maria Becerra,CORAZÓN VACÍO,WEA Latina,1,1,3,4551884,AR,Argentina,Q3,2023
4,spotify:track:3tiJUOfAEqIrLFRQgGgdoY,"Big One, FMK, Ke Personajes",Un Finde | CROSSOVER #2,Fifty One,1,3,15,3679362,AR,Argentina,Q3,2023
5,spotify:track:5FWQLEX0lavdxiWGBNkBQ4,"Tiago PZK, TINI",Me Enteré,WEA Latina,4,4,8,2944333,AR,Argentina,Q3,2023
6,spotify:track:2iIBpwP4FyQ95xgVail3yr,"Emilia, LUDMILLA, ZECCA",No_se_ve.mp3,2023 WK Records,5,7,10,2710456,AR,Argentina,Q3,2023
7,spotify:track:2bNCiY24Eh4saMcc23bvUN,Maria Becerra,ADIÓS,300 Entertainment,4,6,31,2672768,AR,Argentina,Q3,2023
8,spotify:track:2UW7JaomAMuX9pZrjVpHAU,"Yng Lvcas, Peso Pluma",La Bebe - Remix,WM Mexico,2,8,16,2499430,AR,Argentina,Q3,2023
9,spotify:track:6r0TaoZh1Oc1KkuL4rC1kB,"Nicki Nicole, Milo j",DISPARA ***,Sony Music Latin/DALE PLAY Records,9,17,8,2325710,AR,Argentina,Q3,2023
10,spotify:track:7w7BrPbOjF5OxChs2dxFve,"Big One, Emilia, Callejero Fino",En La Intimidad | CROSSOVER #1,Fifty One,1,10,23,2295512,AR,Argentina,Q3,2023
11,spotify:track:6XSqqQIy7Lm7SnwxS4NrGx,"Feid, Young Miko",CLASSY 101,UMLE - Latino,5,11,15,2204783,AR,Argentina,Q3,2023
12,spotify:track:1AX4aybSRyXHWrjg27wTFE,"Ke Personajes, Onda Sabanera",Pobre Corazón - En Vivo,Ke Personajes,2,12,19,2179103,AR,Argentina,Q3,2023
13,spotify:track:6jRZ33ifS5VOTMwmPxhPhN,"Luck Ra, La K'onga, Ke Personajes",Ya No Vuelvas (Versión Cuarteto),Sony Music Entertainment Chile S.A,1,14,32,2143013,AR,Argentina,Q3,2023
14,spotify:track:3WndNMJo029mMO64l9hGFm,Mesita,Dale Mecha,Turbo Diesel Records,14,18,10,2101485,AR,Argentina,Q3,2023
15,spotify:track:7JB29gnUowzSGRdIpeVqRQ,"BM, Callejero Fino, La Joaqui, Lola Indigo",M.A - Remix,DALE PLAY Records / Wesaisons Records,2,19,14,1925733,AR,Argentina,Q3,2023
16,spotify:track:6pD0ufEQq0xdHSsRbg9LBK,"Grupo Frontera, Bad Bunny",un x100to,Rimas Entertainment LLC.,3,15,13,1915504,AR,Argentina,Q3,2023
17,spotify:track:7ro0hRteUMfnOioTFI5TG1,Bad Bunny,WHERE SHE GOES,Rimas Entertainment LLC,14,20,8,1907612,AR,Argentina,Q3,2023
18,spotify:track:5w7RsSgxxBwdVTSyQDj8Bi,"The La Planta, BM, Alejo Isakk, Locura Mix",DISCOTEKA (feat. Locura Mix),NES Play,18,24,19,1868660,AR,Argentina,Q3,2023
19,spotify:track:5AqiaZwhmC6dIbgWrD5SzV,"Bizarrap, Peso Pluma","Peso Pluma: Bzrp Music Sessions, Vol. 55/66",DALE PLAY Records,2,13,7,1865143,AR,Argentina,Q3,2023
20,spotify:track:7MVIfkyzuUmQ716j8U7yGR,"Milo j, Taiu",Rara Vez,Universal Music Argentina S.A.,3,23,22,1784548,AR,Argentina,Q3,2023
21,spotify:track:0RpL1pOALdN5E4Ci1tYG1y,"Maria Becerra, Fast & Furious: The Fast Saga",Te Cura,APG Inc – FF10,16,22,8,1777638,AR,Argentina,Q3,2023
22,spotify:track:3qQbCzHBycnDpGskqOWY0E,"Eslabon Armado, Peso Pluma",Ella Baila Sola,DEL Records,6,21,14,1729356,AR,Argentina,Q3,2023
23,spotify:track:3XsYMEJutxpTiNXXRvodQH,"Duki, JHAYCO",RoCKSTAR 2.0,DALE PLAY Records / SSJ Records,10,16,4,1700757,AR,Argentina,Q3,2023
24,spotify:track:2NFadq6pUeiVEihLvUlOSr,"Bizarrap, Rauw Alejandro","Rauw Alejandro: Bzrp Music Sessions, Vol. 56/66",DALE PLAY Records,7,9,4,1650720,AR,Argentina,Q3,2023
25,spotify:track:1eIDsKCLwZF6CJK8pOgHX5,"BM, Phontana",M.A (Mejores Amigos),Wesaisons Records,2,26,36,1564415,AR,Argentina,Q3,2023
26,spotify:track:6CIMoDfTsvFVGhFi3v9Izn,"Alan Gomez, Luck Ra",Luck Ra | Mission 15,WM Chile,26,29,8,1560570,AR,Argentina,Q3,2023
27,spotify:track:6XbtvPmIpyCbjuT0e8cQtp,Quevedo,Columbia,Rimas Entertainment LLC.,27,-1,1,1483700,AR,Argentina,Q3,2023
28,spotify:track:6HT88WDVwEJiHEbPuQ5XcB,"Damas Gratis, Ke Personajes",Costumbres - Vivo,Pelo Music S.A.,21,28,34,1436300,AR,Argentina,Q3,2023
29,spotify:track:2iNmegOcdmt4peYrh9S8qI,Emilia,Jagger.mp3,Sony Music Latin,8,27,15,1418888,AR,Argentina,Q3,2023
30,spotify:track:5UcWUgWfR2Ir0EXSb1EpoM,"Nicki Nicole, Young Miko",8 AM,Sony Music Latin/DALE PLAY Records,30,30,8,1363470,AR,Argentina,Q3,2023
31,spotify:track:6exC3DNfDb9Y8wA2lhnVV8,Duki,antes de perderte (OG VERSION),DALE PLAY Records / SSJ Records,22,25,3,1358840,AR,Argentina,Q3,2023
32,spotify:track:1fKFxmSByZfjwVSbq0PHye,Ke Personajes,Si No Te Tengo / Ángel / Aquello Que Pasó,Ke Personajes,18,31,96,1340016,AR,Argentina,Q3,2023
33,spotify:track:4JdSXF2p71cr8uCY3UiJM0,"Yahritza Y Su Esencia, Grupo Frontera",Frágil,Lumbre Music/Columbia,33,36,11,1292913,AR,Argentina,Q3,2023
34,spotify:track:1DxEbt6OSbrkRthk6pjZue,"LiL CaKe, Migrantes, Nico Valdi",MERCHO,Sony Music Argentina,4,33,26,1286878,AR,Argentina,Q3,2023
35,spotify:track:4PMi46eDFyLmHKKtVTrDGb,Milo j,Rincón,DALE PLAY Records,35,-1,1,1280891,AR,Argentina,Q3,2023
36,spotify:track:3eOkhJYDaTELGhWHBNbf4A,Milo j,AL BORDE,DALE PLAY Records,30,41,13,1263363,AR,Argentina,Q3,2023
37,spotify:track:7HdEUquZzUzPjgSllvlJGl,"Luck Ra, La T y La M, Rusherking",Quiero Creer,Sony Music Entertainment Chile S.A,11,38,23,1250329,AR,Argentina,Q3,2023
38,spotify:track:4FAKtPVycI4DxoOHC01YqD,"Yandel, Feid",Yandel 150,La Leyenda LLC,7,37,27,1248241,AR,Argentina,Q3,2023
39,spotify:track:0vUqiSvbUICW3YtTA5ecSX,"Miranda!, Maria Becerra, FMK",Perfecta (Versión 2023),Sony Music Argentina,8,35,13,1228429,AR,Argentina,Q3,2023
40,spotify:track:0DWdj2oZMBFSzRsi2Cvfzf,"KAROL G, Shakira",TQG,BICHOTA RECORDS / INTERSCOPE RECORDS / UNIVERSAL MUSIC LATINO,2,34,20,1221013,AR,Argentina,Q3,2023
41,spotify:track:04ndZkbKGthTgYSv3xS7en,TINI,Cupido,5020 Records,4,32,22,1209564,AR,Argentina,Q3,2023
42,spotify:track:0ccUrj1mliFnR8R8VxCmKO,"Ke Personajes, La Contra",Otro Día Más,Ke Personajes,32,39,36,1176709,AR,Argentina,Q3,2023
43,spotify:track:21N77gfWYoQDvrLvaeiQgi,"Rauw Alejandro, Bizarrap",BABY HELLO,Sony Music Latin/Duars Entertainment,40,40,3,1165155,AR,Argentina,Q3,2023
44,spotify:track:0zIA89ERtLoWZF8zMYgWoL,"DJ Tao, BM",BM | DJ TAO Turreo Sessions #17,WM Chile,44,47,6,1155299,AR,Argentina,Q3,2023
45,spotify:track:0H9WU0OIXPpbOVgzzOanXb,BM,Ni Una Ni Dos,DALE PLAY Records / Wesaisons Records,45,67,2,1142610,AR,Argentina,Q3,2023
46,spotify:track:2CeKVsFFXG4QzA415QygGb,Feid,Feliz Cumpleaños Ferxxo,UMLE - Latino,20,43,45,1045970,AR,Argentina,Q3,2023
47,spotify:track:0T2pB7P1VdXPhLdQZ488uH,Feid,Normal,UMLE - Latino,31,48,53,1025374,AR,Argentina,Q3,2023
48,spotify:track:0RD94y2DlYTzEePb4WuVbU,"Nicki Nicole, Rels B",qué le pasa conmigo?,Sony Music Latin/DALE PLAY Records,27,54,12,1014820,AR,Argentina,Q3,2023
49,spotify:track:4PA1wK0leCjmRZlP5dQ8Lv,"Sky Rompiendo, Feid, Myke Towers",El Cielo,Sony Music Latin,31,44,6,1012904,AR,Argentina,Q3,2023
50,spotify:track:3tt9i3Hhzq84dPS8H7iSiJ,Manuel Turizo,La Bachata,Sony Music Latin/La Industria,1,45,57,999326,AR,Argentina,Q3,2023
1,spotify:track:1iLbUmb2b2btyAAcQ68a1p,"Bizarrap, Milo j","Milo J: Bzrp Music Sessions, Vol. 57/66",DALE PLAY Records,1,46,2,5663555,AR,Argentina,Q4,2023
2,spotify:track:7aPsseax6rNFyipHn9A5CR,"Luck Ra, BM",La Morocha,Sony Music Entertainment Chile S.A,1,1,14,4357028,AR,Argentina,Q4,2023
3,spotify:track:4SW9gHnW8NfKOdqmh0ij45,"Bizarrap, Milo j",Fruto,DALE PLAY Records,3,196,2,3812009,AR,Argentina,Q4,2023
4,spotify:track:4sl3IoHskl2Kbdy27gZ4yn,Mesita,Una Foto,Turbo Diesel Records,4,6,7,3395725,AR,Argentina,Q4,2023
5,spotify:track:3bRWGhpeNUkJfFydelSwBk,Emilia,GTA.mp3,Sony Music Latin,2,2,5,3364652,AR,Argentina,Q4,2023
6,spotify:track:0H9WU0OIXPpbOVgzzOanXb,BM,Ni Una Ni Dos,DALE PLAY Records / Wesaisons Records,2,3,15,3363152,AR,Argentina,Q4,2023
7,spotify:track:3DeZc9cOc1DM8YNoJV8lAv,"Bizarrap, Milo j",Toy en el Mic,DALE PLAY Records,7,-1,1,2963711,AR,Argentina,Q4,2023
8,spotify:track:2HafqoJbgXdtjwCOvNEF14,iñigo quintero,Si No Estás,Acqustic,8,10,3,2915466,AR,Argentina,Q4,2023
9,spotify:track:6Z28dALKtAgZ7AZRfjMQjY,"Big One, Ulises Bueno, Rusherking",Mentiras | CROSSOVER #3,Fifty One,5,5,12,2832448,AR,Argentina,Q4,2023
10,spotify:track:11PV8CaPqlto9Uejx92C35,"Grupo Frontera, Ke Personajes",OJITOS ROJOS,BorderTown Records,4,4,12,2808797,AR,Argentina,Q4,2023
11,spotify:track:7ABLbnD53cQK00mhcaOUVG,Myke Towers,LALA,WEA Latina,1,9,16,2750521,AR,Argentina,Q4,2023
12,spotify:track:4jn3R3KF5hx2fCiXlj89yE,"YSY A, Bhavi, Milo j",FLECHAZO EN EL CENTRO,Ysy A,12,12,5,2655907,AR,Argentina,Q4,2023
13,spotify:track:0aPs3kmiqmt9QG7gWXdefA,"Bizarrap, Milo j",No soy Eterno,DALE PLAY Records,13,-1,1,2585572,AR,Argentina,Q4,2023
14,spotify:track:6XbtvPmIpyCbjuT0e8cQtp,Quevedo,Columbia,Rimas Entertainment LLC.,1,7,14,2562123,AR,Argentina,Q4,2023
15,spotify:track:3tiJUOfAEqIrLFRQgGgdoY,"Big One, FMK, Ke Personajes",Un Finde | CROSSOVER #2,Fifty One,1,8,28,2535469,AR,Argentina,Q4,2023
16,spotify:track:3oNnzH6hmqIGIhJ1NcHlrh,Maria Becerra,CORAZÓN VACÍO,WEA Latina,1,11,16,2282769,AR,Argentina,Q4,2023
17,spotify:track:4zYHsmc2V9RyR8eOA0mlx6,"Bizarrap, Milo j",Penas de Antaño,DALE PLAY Records,17,-1,1,2228952,AR,Argentina,Q4,2023
18,spotify:track:5RqSsdzTNPX1uzkmlHCFvK,"KAROL G, Peso Pluma",QLONA,Bichota/Interscope Records,15,15,8,2218777,AR,Argentina,Q4,2023
19,spotify:track:04sktg3deiYUweHfbFUZTM,"Los Ángeles Azules, Maria Becerra",El Amor De Mi Vida,Seitrack,11,14,8,2129061,AR,Argentina,Q4,2023
20,spotify:track:1Hs1uUl8o2VtDp1DABFq0O,"LIT killah, Tiago PZK, Maria Becerra, Duki, Emilia, Rusherking, Big One, FMK",Los del Espacio,WEA Latina,1,13,19,1993939,AR,Argentina,Q4,2023
21,spotify:track:6jRZ33ifS5VOTMwmPxhPhN,"Luck Ra, La K'onga, Ke Personajes",Ya No Vuelvas (Versión Cuarteto),Sony Music Entertainment Chile S.A,1,16,45,1935997,AR,Argentina,Q4,2023
22,spotify:track:6r0TaoZh1Oc1KkuL4rC1kB,"Nicki Nicole, Milo j",DISPARA ***,Sony Music Latin/DALE PLAY Records,9,25,21,1880485,AR,Argentina,Q4,2023
23,spotify:track:7MVIfkyzuUmQ716j8U7yGR,"Milo j, Taiu",Rara Vez,Universal Music Argentina S.A.,3,35,35,1876586,AR,Argentina,Q4,2023
24,spotify:track:7v7RTZrtBsoENSPD0SCMLy,"BM, Hernan y La Champion's Liga",DIME SI ERES FELIZ VOL.2,DALE PLAY Records / Wesaisons Records,21,21,6,1851297,AR,Argentina,Q4,2023
25,spotify:track:7xX7bER73YZSE4m76OpMXV,"FMK, Emilia",Salgo a Bailar,Sony Music Entertainment Chile S.A,13,18,13,1831694,AR,Argentina,Q4,2023
26,spotify:track:6irysuQyZWd7Bjj7ePiOs2,JHAYCO,Holanda,N&E Entertainment LLC,11,17,9,1817520,AR,Argentina,Q4,2023
27,spotify:track:2bNCiY24Eh4saMcc23bvUN,Maria Becerra,ADIÓS,300 Entertainment,4,19,44,1755556,AR,Argentina,Q4,2023
28,spotify:track:6hwGwCfCwHoSJQw7AYPEQu,"Jere Klein, Gittobeatz",ANDO,Jere Klein,28,44,2,1741268,AR,Argentina,Q4,2023
29,spotify:track:0J9g1MMJDhyvOb3NWckHMm,"Bad Gyal, Tokischa, Young Miko",Chulo pt.2,Universal Music Latino/Interscope,10,20,15,1712921,AR,Argentina,Q4,2023
30,spotify:track:63ui2w3QJBp8xx0c1MJB2Z,Bad Bunny,UN PREVIEW,Rimas Entertainment LLC,28,28,3,1688646,AR,Argentina,Q4,2023
31,spotify:track:6CIMoDfTsvFVGhFi3v9Izn,"Alan Gomez, Luck Ra",Luck Ra | Mission 15,WM Chile,18,23,21,1629878,AR,Argentina,Q4,2023
32,spotify:track:3ezO8gfskSWM3rk0GTfhFl,"Emanero, Ulises Bueno, Migrantes, Los Palmeras",ATORRANTE - con Los Palmeras,Fifty One,15,22,14,1625128,AR,Argentina,Q4,2023
33,spotify:track:6XSqqQIy7Lm7SnwxS4NrGx,"Feid, Young Miko",CLASSY 101,UMLE - Latino,5,26,28,1613688,AR,Argentina,Q4,2023
34,spotify:track:7w7BrPbOjF5OxChs2dxFve,"Big One, Emilia, Callejero Fino",En La Intimidad | CROSSOVER #1,Fifty One,1,24,36,1611663,AR,Argentina,Q4,2023
35,spotify:track:7HrgGbnNKZKhBL70aFKpXk,"Marka Akme, DJ Tao, Lauty Gram, Migrantes, Peipper",Linda - Remix,NES Play,35,119,2,1558787,AR,Argentina,Q4,2023
36,spotify:track:5w7RsSgxxBwdVTSyQDj8Bi,"The La Planta, BM, Alejo Isakk, Locura Mix",DISCOTEKA (feat. Locura Mix),NES Play,13,27,32,1509018,AR,Argentina,Q4,2023
37,spotify:track:1AX4aybSRyXHWrjg27wTFE,"Ke Personajes, Onda Sabanera",Pobre Corazón - En Vivo,Ke Personajes,2,31,32,1502674,AR,Argentina,Q4,2023
38,spotify:track:2iIBpwP4FyQ95xgVail3yr,"Emilia, LUDMILLA, ZECCA",No_se_ve.mp3,2023 WK Records,5,29,23,1496258,AR,Argentina,Q4,2023
39,spotify:track:2UIiJWTPP2BLPZKHbe4nhP,"Alan Gomez, BM",BM | Mission 18,WM Chile,29,30,9,1482609,AR,Argentina,Q4,2023
40,spotify:track:3WndNMJo029mMO64l9hGFm,Mesita,Dale Mecha,Turbo Diesel Records,14,33,23,1415478,AR,Argentina,Q4,2023
41,spotify:track:5FWQLEX0lavdxiWGBNkBQ4,"Tiago PZK, TINI",Me Enteré,WEA Latina,4,34,21,1404385,AR,Argentina,Q4,2023
42,spotify:track:7BVMtLpd7edHeOizt4RWz9,"Yahritza Y Su Esencia, Grupo Frontera",Frágil,Lumbre Music/Columbia,25,32,24,1363972,AR,Argentina,Q4,2023
43,spotify:track:28iQz5gnZyqhUebzeOYCwH,Trueno,TRANKY FUNKY,Sony Music Latin,36,36,9,1351721,AR,Argentina,Q4,2023
44,spotify:track:6abr2lKyMZTy21gSPWm7aG,Ke Personajes,Entre Beso y Beso,Ke Personajes,38,38,6,1313698,AR,Argentina,Q4,2023
45,spotify:track:0ccUrj1mliFnR8R8VxCmKO,"Ke Personajes, La Contra",Otro Día Más,Ke Personajes,32,37,49,1205240,AR,Argentina,Q4,2023
46,spotify:track:0zIA89ERtLoWZF8zMYgWoL,"DJ Tao, BM",BM | DJ TAO Turreo Sessions #17,WM Chile,30,39,19,1182844,AR,Argentina,Q4,2023
47,spotify:track:5O9IqFNUVtjRlDpdKex3YH,El negro tecla,Ahi Ahi,WM Argentina,47,51,5,1175210,AR,Argentina,Q4,2023
48,spotify:track:0Me3GyNuLOa1YTIxhJPyCn,"Enrique Iglesias, Maria Becerra",ASI ES LA VIDA,Sony Music Latin,48,48,2,1076904,AR,Argentina,Q4,2023
49,spotify:track:2yzshFeBIwH8tWIqHEFLeD,"Grupo Frontera, Bad Bunny",un x100to,BorderTown Records,3,41,26,1065469,AR,Argentina,Q4,2023
50,spotify:track:2UW7JaomAMuX9pZrjVpHAU,"Yng Lvcas, Peso Pluma",La Bebe - Remix,WM Mexico,2,42,29,1039912,AR,Argentina,Q4,2023
1,spotify:track:1Qrg8KqiBpW07V7PNxwwwL,SZA,Kill Bill,Top Dawg Entertainment/RCA Records,1,1,5,1726104,AU,Australia,Q1,2023
2,spotify:track:3nqQXoyQOWXiESFLlDF1hG,"Sam Smith, Kim Petras",Unholy (feat. Kim Petras),Capitol Records UK / EMI,1,2,16,1196324,AU,Australia,Q1,2023
3,spotify:track:4h9wh7iOZ0GGn8QVp4RAOB,OneRepublic,I Ain't Worried,Interscope Records,1,4,32,1120152,AU,Australia,Q1,2023
4,spotify:track:4uUG5RXrOk84mYEfFvj3cK,"David Guetta, Bebe Rexha",I'm Good (Blue),Parlophone UK,2,3,20,1105285,AU,Australia,Q1,2023
5,spotify:track:2dHHgzDwk4BJdRwy9uXhTO,"Metro Boomin, The Weeknd, 21 Savage",Creepin' (with The Weeknd & 21 Savage),Republic Records,5,8,6,1083569,AU,Australia,Q1,2023
6,spotify:track:73vIOb4Q7YN6HeJTbscRx5,"Oliver Tree, Robin Schulz",Miss You - Bonus Track,Atlantic Records,4,6,14,1071005,AU,Australia,Q1,2023
7,spotify:track:0V3wPSX9ygBnCm8psDIegu,Taylor Swift,Anti-Hero,Taylor Swift,1,5,12,1069809,AU,Australia,Q1,2023
8,spotify:track:3zkyus0njMCL6phZmNNEeN,Central Cee,LET GO,Central Cee,8,10,4,999026,AU,Australia,Q1,2023
9,spotify:track:0QHEIqNKsMoOY5urbzN48u,Meghan Trainor,Made You Look,Epic,5,7,12,942694,AU,Australia,Q1,2023
10,spotify:track:4Dvkj6JhhA12EX05fT7y2e,Harry Styles,As It Was,Columbia,1,9,41,919986,AU,Australia,Q1,2023
11,spotify:track:5WxVXxCMRnvxUKFq40ELwq,"RAYE, 070 Shake",Escapism.,Human Re Sources,11,12,7,916985,AU,Australia,Q1,2023
12,spotify:track:1bDbXMyjaUIooNwFE9wn0N,"Drake, 21 Savage",Rich Flex,OVO / Republic Records,2,11,10,855512,AU,Australia,Q1,2023
13,spotify:track:4k6Uh1HXdhtusDW5y8Gbvy,Steve Lacy,Bad Habit,L-M Records/RCA Records,1,14,27,795965,AU,Australia,Q1,2023
14,spotify:track:3WMj8moIAXJhHsyLaqIIHI,Zach Bryan,Something in the Orange,Warner Records,13,21,30,733758,AU,Australia,Q1,2023
15,spotify:track:02MWAaffLxlfxAUY7c5dvx,Glass Animals,Heat Waves,Polydor Records,1,16,128,732693,AU,Australia,Q1,2023
16,spotify:track:39JofJHEtg8I4fSyo7Imft,"Eliza Rose, Interplanetary Criminal",B.O.T.A. (Baddest Of Them All) - Edit,Warner Records,6,13,20,718351,AU,Australia,Q1,2023
17,spotify:track:6BePGk3eCan4FqaW2X8Qy3,"Tiësto, Tate McRae",10:35,Atlantic Records,17,20,9,711870,AU,Australia,Q1,2023
18,spotify:track:1Y3LN4zO1Edc2EluIoSPJN,"Stephen Sanchez, Em Beihold",Until I Found You (with Em Beihold) - Em Beihold Version,Republic Records,18,37,6,703108,AU,Australia,Q1,2023
19,spotify:track:0JXXNGljqupsJaZsgSbMZV,Miguel,Sure Thing,Jive,19,47,15,693782,AU,Australia,Q1,2023
20,spotify:track:1xzi1Jcr7mEi9K2RfzLOqS,Beyoncé,CUFF IT,Parkwood Entertainment/Columbia,8,15,24,666591,AU,Australia,Q1,2023
21,spotify:track:7yq4Qj7cqayVTp3FF9CWbm,Vance Joy,Riptide,F-Stop Records/Atlantic,21,26,314,664808,AU,Australia,Q1,2023
22,spotify:track:1aOl53hkZGHkl2Snhr7opL,Dean Lewis,How Do I Say Goodbye,Universal Music Australia Pty. Ltd.,16,29,19,658306,AU,Australia,Q1,2023
23,spotify:track:4h4QlmocP3IuwYEj2j14p8,"Nicky Youre, hey daisy",Sunroof,Thirty Knots/Columbia,8,23,38,649597,AU,Australia,Q1,2023
24,spotify:track:6JIC3hbC28JZKZ8AlAqX8h,"Elton John, Dua Lipa, PNAU",Cold Heart - PNAU Remix,EMI,1,17,74,645387,AU,Australia,Q1,2023
25,spotify:track:5PjdY0CKGZdEuoNab3yDmX,"The Kid LAROI, Justin Bieber",STAY (with Justin Bieber),Columbia,1,18,79,627355,AU,Australia,Q1,2023
26,spotify:track:40SBS57su9xLiE1WqkXOVr,LF SYSTEM,Afraid To Feel,Warner Records,17,19,25,616144,AU,Australia,Q1,2023
27,spotify:track:1GfBLbAhZUWdseuDqhocmn,"Skrillex, Fred again.., Flowdan",Rumble,OWSLA/Atlantic,27,-1,1,600509,AU,Australia,Q1,2023
28,spotify:track:5Y35SjAfXjjG0sFQ3KOxmm,SZA,Nobody Gets Me,Top Dawg Entertainment/RCA Records,15,30,5,592679,AU,Australia,Q1,2023
29,spotify:track:7jtQIBanIiJOMS6RyCx6jZ,Tom Odell,Another Love,ITNO/Columbia,22,34,56,589669,AU,Australia,Q1,2023
30,spotify:track:13Irp51zj01BZu2XtDrnAg,Lizzo,2 Be Loved (Am I Ready),Nice Life/Atlantic,11,27,22,583570,AU,Australia,Q1,2023
31,spotify:track:003vvx7Niy0yvhvHt4a68B,The Killers,Mr. Brightside,Island Records,22,22,316,575608,AU,Australia,Q1,2023
32,spotify:track:4FyesJzVpA39hbYvcseO2d,Lil Uzi Vert,Just Wanna Rock,Generation Now/Atlantic,31,35,12,574803,AU,Australia,Q1,2023
33,spotify:track:0O6u0VJ46W86TxN9wgyqDj,"Post Malone, Doja Cat",I Like You (A Happier Song) (with Doja Cat),Mercury Records/Republic Records,6,31,32,566996,AU,Australia,Q1,2023
34,spotify:track:3uUuGVFu1V7jTQL60S1r8z,"Lost Frequencies, Calum Scott",Where Are You Now,Epic Amsterdam,4,25,67,565663,AU,Australia,Q1,2023
35,spotify:track:3xWGA8pa0IKFI7IMPri4P0,Ed Sheeran,Shivers,Atlantic Records UK,4,28,70,562229,AU,Australia,Q1,2023
36,spotify:track:4zN21mbAuaD0WqtmaTZZeP,"James Hype, Miggy Dela Rosa",Ferrari,Universal-Island Records Ltd.,33,33,21,556570,AU,Australia,Q1,2023
37,spotify:track:78Sw5GDo6AlGwTwanjXbGh,d4vd,Here With Me,Darkroom/Interscope Records,37,55,8,550398,AU,Australia,Q1,2023
38,spotify:track:5odlY52u43F5BjByhxg7wg,JVKE,golden hour,JVKE,25,41,20,539772,AU,Australia,Q1,2023
39,spotify:track:2LBqCSwhJGcFQeTHMVGwy3,The Weeknd,Die For You,Universal Republic Records,31,43,34,534208,AU,Australia,Q1,2023
40,spotify:track:6zJejIfVYLgjud3lTk4DLB,Rosa Linn,SNAP,Nvak Collective,18,40,26,529436,AU,Australia,Q1,2023
41,spotify:track:2QjOHCTQ1Jl3zawyYOpxh6,The Neighbourhood,Sweater Weather,Columbia,22,38,116,519747,AU,Australia,Q1,2023
42,spotify:track:3azJifCSqg9fRij2yKIbWz,Tory Lanez,The Color Violet,One Umbrella Records,42,52,21,517267,AU,Australia,Q1,2023
43,spotify:track:48UKTR66uUOT9LaUvooTNx,Luke Combs,The Kind of Love We Make,River House Artists/Columbia Nashville,24,46,30,515238,AU,Australia,Q1,2023
44,spotify:track:54ipXppHLA8U4yqpOFTUhr,Imagine Dragons,Bones,Kid Ina Korner / Interscope,34,48,19,509895,AU,Australia,Q1,2023
45,spotify:track:2yjlYDiNiQkdxVqTlaSrlX,Nicki Minaj,Super Freaky Girl,Republic Records,1,32,22,493338,AU,Australia,Q1,2023
46,spotify:track:5IgjP7X4th6nMNDh4akUHb,Chris Brown,Under The Influence,Chris Brown Entertainment/RCA Records,7,39,25,489439,AU,Australia,Q1,2023
47,spotify:track:6HMtHNpW6YPi1hrw9tgF8P,Lizzo,About Damn Time,Nice Life/Atlantic,3,24,37,485557,AU,Australia,Q1,2023
48,spotify:track:0WtM2NBVQNNJLh6scP13H8,"Rema, Selena Gomez",Calm Down (with Selena Gomez),Mavin Records / Jonzing World,48,59,18,471787,AU,Australia,Q1,2023
49,spotify:track:6ex1Pz3pntgy4NPtxHXN2V,Ed Sheeran,Bad Habits,Atlantic Records UK,2,42,81,467892,AU,Australia,Q1,2023
50,spotify:track:77lqbary6vt1DSc1MBN6sx,RÜFÜS DU SOL,You Were Right,Sweat It Out,50,64,16,464978,AU,Australia,Q1,2023
1,spotify:track:7K3BhSpAxZBznislvUMVtn,Morgan Wallen,Last Night,Morgan Wallen,1,1,10,1608071,AU,Australia,Q2,2023
2,spotify:track:4DHcnVTT87F0zZhRPYmZ3B,Miley Cyrus,Flowers,Columbia,1,3,13,1420166,AU,Australia,Q2,2023
3,spotify:track:6AQbmUe0Qwf5PZnt4HmTXv,"PinkPantheress, Ice Spice",Boy's a liar Pt. 2,Warner Records,1,2,10,1364298,AU,Australia,Q2,2023
4,spotify:track:1Qrg8KqiBpW07V7PNxwwwL,SZA,Kill Bill,Top Dawg Entertainment/RCA Records,1,4,18,1178171,AU,Australia,Q2,2023
5,spotify:track:4Dvkj6JhhA12EX05fT7y2e,Harry Styles,As It Was,Columbia,1,5,54,976398,AU,Australia,Q2,2023
6,spotify:track:7aRCf5cLOFN1U7kvtChY1G,Drake,Search & Rescue,OVO/Republic Records,6,-1,1,932390,AU,Australia,Q2,2023
7,spotify:track:0V3wPSX9ygBnCm8psDIegu,Taylor Swift,Anti-Hero,Taylor Swift,1,7,25,856021,AU,Australia,Q2,2023
8,spotify:track:2dHHgzDwk4BJdRwy9uXhTO,"Metro Boomin, The Weeknd, 21 Savage",Creepin' (with The Weeknd & 21 Savage),Republic Records,3,6,19,845555,AU,Australia,Q2,2023
9,spotify:track:4fYte8ZvTK14NEhAOZocBi,OneRepublic,I Ain't Worried,Mosley Music/Interscope Records,1,9,45,837190,AU,Australia,Q2,2023
10,spotify:track:1Lo0QY9cvc8sUB2vnIOxDT,Luke Combs,Fast Car,River House Artists/Columbia Nashville,10,22,3,821032,AU,Australia,Q2,2023
11,spotify:track:6UN73IYd0hZxLi8wFPMQij,Coi Leray,Players,Uptown / Republic Records,6,8,13,816439,AU,Australia,Q2,2023
12,spotify:track:4hy7qTxsnyZUZoqo5RtaYq,Ed Sheeran,Eyes Closed,Atlantic Records UK,10,12,3,785086,AU,Australia,Q2,2023
13,spotify:track:5mHdCZtVyb4DcJw8799hZp,"RAYE, 070 Shake",Escapism.,Human Re Sources,4,11,20,752235,AU,Australia,Q2,2023
14,spotify:track:4W4fNrZYkobj539TOWsLO2,"The Weeknd, Ariana Grande",Die For You (with Ariana Grande) - Remix,XO / Republic Records,3,10,7,726429,AU,Australia,Q2,2023
15,spotify:track:3WMj8moIAXJhHsyLaqIIHI,Zach Bryan,Something in the Orange,Warner Records,13,15,43,705835,AU,Australia,Q2,2023
16,spotify:track:1Y3LN4zO1Edc2EluIoSPJN,"Stephen Sanchez, Em Beihold",Until I Found You (with Em Beihold) - Em Beihold Version,Republic Records,13,14,19,679414,AU,Australia,Q2,2023
17,spotify:track:7FbrGaHYVDmfr7KoLIZnQ7,FIFTY FIFTY,Cupid - Twin Version,SME Korea Inc.,17,44,4,669892,AU,Australia,Q2,2023
18,spotify:track:0NZPBYD5qbEWRs3PrGiRkT,"Sam Smith, Kim Petras",Unholy (feat. Kim Petras),Capitol Records UK / EMI,1,16,29,665411,AU,Australia,Q2,2023
19,spotify:track:4uUG5RXrOk84mYEfFvj3cK,"David Guetta, Bebe Rexha",I'm Good (Blue),Parlophone UK,2,19,33,661071,AU,Australia,Q2,2023
20,spotify:track:3xWGA8pa0IKFI7IMPri4P0,Ed Sheeran,Shivers,Atlantic Records UK,4,17,83,657875,AU,Australia,Q2,2023
21,spotify:track:2L9N0zZnd37dwF0clgxMGI,Lizzy McAlpine,ceilings,Harbour Artists & Music,12,13,9,645605,AU,Australia,Q2,2023
22,spotify:track:5W4kiM2cUYBJXKRudNyxjW,Morgan Wallen,You Proof,Morgan Wallen,15,18,29,642486,AU,Australia,Q2,2023
23,spotify:track:0QHEIqNKsMoOY5urbzN48u,Meghan Trainor,Made You Look,Epic,5,26,25,611941,AU,Australia,Q2,2023
24,spotify:track:4N5s8lPTsjI9EGP7K4SXzB,George Ezra,Green Green Grass,Columbia,24,24,13,599249,AU,Australia,Q2,2023
25,spotify:track:7yq4Qj7cqayVTp3FF9CWbm,Vance Joy,Riptide,F-Stop Records/Atlantic,21,33,327,594525,AU,Australia,Q2,2023
26,spotify:track:5eTaQYBE1yrActixMAeLcZ,"Calvin Harris, Ellie Goulding",Miracle (with Ellie Goulding),Columbia,23,23,5,591515,AU,Australia,Q2,2023
27,spotify:track:6BePGk3eCan4FqaW2X8Qy3,"Tiësto, Tate McRae",10:35,Atlantic Records,13,21,22,586828,AU,Australia,Q2,2023
28,spotify:track:5odlY52u43F5BjByhxg7wg,JVKE,golden hour,JVKE,25,27,33,577502,AU,Australia,Q2,2023
29,spotify:track:02MWAaffLxlfxAUY7c5dvx,Glass Animals,Heat Waves,Polydor Records,1,30,141,558704,AU,Australia,Q2,2023
30,spotify:track:0WtM2NBVQNNJLh6scP13H8,"Rema, Selena Gomez",Calm Down (with Selena Gomez),Mavin Records / Jonzing World,25,25,31,557472,AU,Australia,Q2,2023
31,spotify:track:48UKTR66uUOT9LaUvooTNx,Luke Combs,The Kind of Love We Make,River House Artists/Columbia Nashville,20,20,43,542883,AU,Australia,Q2,2023
32,spotify:track:7qEHsqek33rTcFNT9PFqLf,Lewis Capaldi,Someone You Loved,Vertigo Berlin,4,55,220,534450,AU,Australia,Q2,2023
33,spotify:track:0JXXNGljqupsJaZsgSbMZV,Miguel,Sure Thing,Jive,12,28,28,529146,AU,Australia,Q2,2023
34,spotify:track:4686eQ81DEswHa90bcdlC9,Bailey Zimmerman,Rock and A Hard Place,Warner Records Nashville/Elektra,34,35,20,527927,AU,Australia,Q2,2023
35,spotify:track:003vvx7Niy0yvhvHt4a68B,The Killers,Mr. Brightside,Island Records,22,38,329,523265,AU,Australia,Q2,2023
36,spotify:track:73vIOb4Q7YN6HeJTbscRx5,"Oliver Tree, Robin Schulz",Miss You - Bonus Track,Atlantic Records,4,29,27,517190,AU,Australia,Q2,2023
37,spotify:track:567e29TDzLwZwfDuEpGTwo,"The Kid LAROI, Justin Bieber",STAY (with Justin Bieber),Columbia,1,37,92,514722,AU,Australia,Q2,2023
38,spotify:track:4h4QlmocP3IuwYEj2j14p8,"Nicky Youre, hey daisy",Sunroof,Thirty Knots/Columbia,8,41,51,513018,AU,Australia,Q2,2023
39,spotify:track:2LBqCSwhJGcFQeTHMVGwy3,The Weeknd,Die For You,Universal Republic Records,27,31,47,512123,AU,Australia,Q2,2023
40,spotify:track:7jtQIBanIiJOMS6RyCx6jZ,Tom Odell,Another Love,ITNO/Columbia,22,39,69,489154,AU,Australia,Q2,2023
41,spotify:track:68Dni7IE4VyPkTOH9mRWHr,J. Cole,No Role Modelz,Roc Nation Records LLC,29,43,198,484559,AU,Australia,Q2,2023
42,spotify:track:4k6Uh1HXdhtusDW5y8Gbvy,Steve Lacy,Bad Habit,L-M Records/RCA Records,1,45,40,482603,AU,Australia,Q2,2023
43,spotify:track:5jQI2r1RdgtuT8S3iG8zFC,Taylor Swift,Lavender Haze,Taylor Swift,2,65,25,477850,AU,Australia,Q2,2023
44,spotify:track:5BmB3OaQyYXCqRyN8iR2Yi,NLE Choppa,SLUT ME OUT,Warner Records,44,71,2,471959,AU,Australia,Q2,2023
45,spotify:track:6JIC3hbC28JZKZ8AlAqX8h,"Elton John, Dua Lipa, PNAU",Cold Heart - PNAU Remix,EMI,1,50,87,468712,AU,Australia,Q2,2023
46,spotify:track:0ofHAoxe9vBkTCp2UQIavz,Fleetwood Mac,Dreams - 2004 Remaster,Rhino/Warner Records,7,62,249,468034,AU,Australia,Q2,2023
47,spotify:track:4sx6NRwL6Ol3V6m9exwGlQ,The Kid LAROI,LOVE AGAIN,Columbia,4,40,11,464521,AU,Australia,Q2,2023
48,spotify:track:59QDyqLww2pxyg9ijOPO7f,"MK, Dom Dolla",Rhyme Dust,"Ultra Records, LLC",31,48,7,463151,AU,Australia,Q2,2023
49,spotify:track:3zkyus0njMCL6phZmNNEeN,Central Cee,LET GO,Central Cee,8,42,17,458516,AU,Australia,Q2,2023
50,spotify:track:1bDbXMyjaUIooNwFE9wn0N,"Drake, 21 Savage",Rich Flex,OVO / Republic Records,2,32,23,442713,AU,Australia,Q2,2023
1,spotify:track:2FDTHlrBguDzQkp7PVj16Q,"Dave, Central Cee",Sprinter,Neighbourhood / Live Yours,1,2,6,1860033,AU,Australia,Q3,2023
2,spotify:track:3k79jB4aGmMDUQzEwa46Rz,Olivia Rodrigo,vampire,Olivia Rodrigo PS,1,1,2,1534074,AU,Australia,Q3,2023
3,spotify:track:1BxfuPKGuaTgP7aM0Bbdwr,Taylor Swift,Cruel Summer,Taylor Swift,3,3,23,1366857,AU,Australia,Q3,2023
4,spotify:track:7K3BhSpAxZBznislvUMVtn,Morgan Wallen,Last Night,Morgan Wallen,1,4,23,1292638,AU,Australia,Q3,2023
5,spotify:track:5kHMfzgLZP95O9NBy0ku4v,Taylor Swift,I Can See You (Taylor’s Version) (From The Vault),Taylor Swift,5,-1,1,1068819,AU,Australia,Q3,2023
6,spotify:track:1Lo0QY9cvc8sUB2vnIOxDT,Luke Combs,Fast Car,River House Artists/Columbia Nashville,4,5,16,972596,AU,Australia,Q3,2023
7,spotify:track:1odExI7RdWc4BT515LTAwj,David Kushner,Daylight,Miserable Music Group,2,6,13,965470,AU,Australia,Q3,2023
8,spotify:track:3sW3oSbzsfecv9XoUdGs7h,Taylor Swift,Enchanted (Taylor's Version),Taylor Swift,8,-1,1,880882,AU,Australia,Q3,2023
9,spotify:track:4rXLjWdF2ZZpXCVTfWcshS,Gunna,fukumean,300 Entertainment,9,29,3,869593,AU,Australia,Q3,2023
10,spotify:track:6WzRpISELf3YglGAh7TXcG,"The Weeknd, Playboi Carti, Madonna",Popular (with Playboi Carti & Madonna) - From The Idol Vol. 1 (Music from the HBO Original Series),XO / Republic Records,10,14,6,854860,AU,Australia,Q3,2023
11,spotify:track:7G0gBu6nLdhFDPRLc0HdDG,Taylor Swift,Mine (Taylor's Version),Taylor Swift,11,-1,1,844973,AU,Australia,Q3,2023
12,spotify:track:4DHcnVTT87F0zZhRPYmZ3B,Miley Cyrus,Flowers,Columbia,1,8,26,837234,AU,Australia,Q3,2023
13,spotify:track:79uDOz0zuuWS7HWxzMmTa2,Taylor Swift,Back To December (Taylor's Version),Taylor Swift,13,-1,1,824069,AU,Australia,Q3,2023
14,spotify:track:0V3wPSX9ygBnCm8psDIegu,Taylor Swift,Anti-Hero,Taylor Swift,1,7,38,768592,AU,Australia,Q3,2023
15,spotify:track:4Dvkj6JhhA12EX05fT7y2e,Harry Styles,As It Was,Columbia,1,12,67,764606,AU,Australia,Q3,2023
16,spotify:track:0NwGC0v03ysCYINtg6ns58,Taylor Swift,Better Than Revenge (Taylor's Version),Taylor Swift,16,-1,1,763937,AU,Australia,Q3,2023
17,spotify:track:1Qrg8KqiBpW07V7PNxwwwL,SZA,Kill Bill,Top Dawg Entertainment/RCA Records,1,11,31,754260,AU,Australia,Q3,2023
18,spotify:track:6AQbmUe0Qwf5PZnt4HmTXv,"PinkPantheress, Ice Spice",Boy's a liar Pt. 2,Warner Records,1,13,23,724488,AU,Australia,Q3,2023
19,spotify:track:3MytWN8L7shNYzGl4tAKRp,Taylor Swift,Sparks Fly (Taylor’s Version),Taylor Swift,19,-1,1,720212,AU,Australia,Q3,2023
20,spotify:track:4fYte8ZvTK14NEhAOZocBi,OneRepublic,I Ain't Worried,Mosley Music/Interscope Records,1,15,58,716925,AU,Australia,Q3,2023
21,spotify:track:3WMj8moIAXJhHsyLaqIIHI,Zach Bryan,Something in the Orange,Warner Records,11,16,56,709700,AU,Australia,Q3,2023
22,spotify:track:5w40ZYhbBMAlHYNDaVJIUu,Post Malone,Chemical,Mercury Records/Republic Records,9,22,13,689999,AU,Australia,Q3,2023
23,spotify:track:0ug5NqcwcFR2xrfTkc7k8e,Taylor Swift,Style,Taylor Swift,9,9,21,687610,AU,Australia,Q3,2023
24,spotify:track:5xXqyjLicvEpch72qEryFT,Taylor Swift,Speak Now (Taylor's Version),Taylor Swift,24,-1,1,669889,AU,Australia,Q3,2023
25,spotify:track:1zU8j1x3yi9xalMF96pzKp,Taylor Swift,Dear John (Taylor's Version),Taylor Swift,25,-1,1,665523,AU,Australia,Q3,2023
26,spotify:track:7yq4Qj7cqayVTp3FF9CWbm,Vance Joy,Riptide,F-Stop Records/Atlantic,14,18,340,658049,AU,Australia,Q3,2023
27,spotify:track:1u8c2t2Cy7UBoG4ArRcF5g,Taylor Swift,Blank Space,Taylor Swift,10,10,90,642342,AU,Australia,Q3,2023
28,spotify:track:2dHHgzDwk4BJdRwy9uXhTO,"Metro Boomin, The Weeknd, 21 Savage",Creepin' (with The Weeknd & 21 Savage),Republic Records,3,23,32,638336,AU,Australia,Q3,2023
29,spotify:track:5sdQOyqq2IDhvmx2lHOpwd,NewJeans,Super Shy,ADOR,29,-1,1,634023,AU,Australia,Q3,2023
30,spotify:track:741UUVE2kuITl0c6zuqqbO,"Nicki Minaj, Ice Spice, Aqua",Barbie World (with Aqua) [From Barbie The Album],Atlantic Records,19,19,3,626891,AU,Australia,Q3,2023
31,spotify:track:6T7FXSuXykeGktMLGp8WgE,"Lil Durk, J. Cole",All My Life (feat. J. Cole),Alamo,6,20,9,626845,AU,Australia,Q3,2023
32,spotify:track:1vYXt7VSjH9JIM5oRRo7vA,Dua Lipa,Dance The Night - From Barbie The Album,Atlantic Records,10,30,7,618969,AU,Australia,Q3,2023
33,spotify:track:30Y4CV7A6YqtQtTTo7Ue4j,Taylor Swift,Mean (Taylor's Version),Taylor Swift,33,-1,1,616070,AU,Australia,Q3,2023
34,spotify:track:6dTA6y0C2ReQklntzZl8l3,Taylor Swift,The Story Of Us (Taylor's Version),Taylor Swift,34,-1,1,595051,AU,Australia,Q3,2023
35,spotify:track:7FbrGaHYVDmfr7KoLIZnQ7,FIFTY FIFTY,Cupid - Twin Version,SME Korea Inc.,3,26,17,593764,AU,Australia,Q3,2023
36,spotify:track:4ABYxlb92WBIjHu7TIKmml,"Taylor Swift, Hayley Williams",Castles Crumbling (feat. Hayley Williams) (Taylor’s Version) (From The Vault),Taylor Swift,36,-1,1,587501,AU,Australia,Q3,2023
37,spotify:track:0RiRZpuVRbi7oqRdSMwhQY,"Post Malone, Swae Lee",Sunflower - Spider-Man: Into the Spider-Verse,Republic Records,1,28,247,587183,AU,Australia,Q3,2023
38,spotify:track:7qEHsqek33rTcFNT9PFqLf,Lewis Capaldi,Someone You Loved,Vertigo Berlin,4,27,233,573115,AU,Australia,Q3,2023
39,spotify:track:4e3ZNTAV6PCrdYMUrUlMpQ,"Taylor Swift, Fall Out Boy",Electric Touch (feat. Fall Out Boy) (Taylor’s Version) (From The Vault),Taylor Swift,39,-1,1,571045,AU,Australia,Q3,2023
40,spotify:track:5W4kiM2cUYBJXKRudNyxjW,Morgan Wallen,You Proof,Morgan Wallen,15,33,42,569990,AU,Australia,Q3,2023
41,spotify:track:5eTaQYBE1yrActixMAeLcZ,"Calvin Harris, Ellie Goulding",Miracle (with Ellie Goulding),Columbia,15,35,18,560314,AU,Australia,Q3,2023
42,spotify:track:7KokYm8cMIXCsGVmUvKtqf,Taylor Swift,Karma,Taylor Swift,8,17,20,554765,AU,Australia,Q3,2023
43,spotify:track:0zo975x58DlXbZllWvfYhg,Taylor Swift,When Emma Falls in Love (Taylor’s Version) (From The Vault),Taylor Swift,43,-1,1,547871,AU,Australia,Q3,2023
44,spotify:track:1s7oOCT8vauUh01PbJD6ps,"Rema, Selena Gomez",Calm Down (with Selena Gomez),Mavin Records / Jonzing World,22,37,44,543413,AU,Australia,Q3,2023
45,spotify:track:68Dni7IE4VyPkTOH9mRWHr,J. Cole,No Role Modelz,Roc Nation Records LLC,25,39,211,524730,AU,Australia,Q3,2023
46,spotify:track:48UKTR66uUOT9LaUvooTNx,Luke Combs,The Kind of Love We Make,River House Artists/Columbia Nashville,20,40,56,524635,AU,Australia,Q3,2023
47,spotify:track:4s8BIKx4Zh6ryAEz8RTlaU,Taylor Swift,Foolish One (Taylor’s Version) (From The Vault),Taylor Swift,47,-1,1,508629,AU,Australia,Q3,2023
48,spotify:track:4tMzIAFTFdqGBQLdfbPces,Taylor Swift,Haunted (Taylor's Version),Taylor Swift,48,-1,1,508340,AU,Australia,Q3,2023
49,spotify:track:4R2kfaDFhslZEMJqAFNpdd,Taylor Swift,cardigan,Taylor Swift,1,24,29,507492,AU,Australia,Q3,2023
50,spotify:track:6Ec5LeRzkisa5KJtwLfOoW,"Metro Boomin, A$AP Rocky, Roisee","Am I Dreaming (Metro Boomin & A$AP Rocky, Roisee)",Republic Records,16,36,6,504974,AU,Australia,Q3,2023
1,spotify:track:56y1jOTK0XSvJzVv9vHQBK,Doja Cat,Paint The Town Red,Kemosabe Records/RCA Records,1,1,10,1937085,AU,Australia,Q4,2023
2,spotify:track:3rUGC1vUpkDG9CZFHMur1t,Tate McRae,greedy,RCA Records Label,2,2,4,1739432,AU,Australia,Q4,2023
3,spotify:track:5mjYQaktjmjcMKcUIcqz4s,Kenya Grace,Strangers,Warner Records/Major Recordings,2,3,6,1430478,AU,Australia,Q4,2023
4,spotify:track:7aqfrAY2p9BUSiupwk3svU,"Drake, J. Cole",First Person Shooter (feat. J. Cole),OVO/Republic,4,-1,1,1309579,AU,Australia,Q4,2023
5,spotify:track:4KULAymBBJcPRpk1yO4dOG,"Zach Bryan, Kacey Musgraves",I Remember Everything (feat. Kacey Musgraves),Warner Records,5,7,7,1239583,AU,Australia,Q4,2023
6,spotify:track:1BxfuPKGuaTgP7aM0Bbdwr,Taylor Swift,Cruel Summer,Taylor Swift,2,4,36,1239462,AU,Australia,Q4,2023
7,spotify:track:59NraMJsLaMCVtwXTSia8i,"cassö, RAYE, D-Block Europe",Prada,Ministry of Sound Recordings,5,5,9,1230351,AU,Australia,Q4,2023
8,spotify:track:2YSzYUF3jWqb9YP9VXmpjE,"Drake, Yeat",IDGAF (feat. Yeat),OVO/Republic,8,-1,1,1206415,AU,Australia,Q4,2023
9,spotify:track:3eP13S8D5m2cweMEg3ZDed,Drake,Virginia Beach,OVO/Republic,9,-1,1,1125151,AU,Australia,Q4,2023
10,spotify:track:7K3BhSpAxZBznislvUMVtn,Morgan Wallen,Last Night,Morgan Wallen,1,6,36,1084712,AU,Australia,Q4,2023
11,spotify:track:3WMj8moIAXJhHsyLaqIIHI,Zach Bryan,Something in the Orange,Warner Records,10,10,69,1056505,AU,Australia,Q4,2023
12,spotify:track:2FDTHlrBguDzQkp7PVj16Q,"Dave, Central Cee",Sprinter,Neighbourhood / Live Yours,1,8,19,999151,AU,Australia,Q4,2023
13,spotify:track:0AYt6NMyyLd0rLuvr0UkMH,"Drake, SZA",Slime You Out (feat. SZA),OVO/Republic,10,50,4,993502,AU,Australia,Q4,2023
14,spotify:track:1kuGVB7EU95pJObxwvfwKS,Olivia Rodrigo,vampire,Olivia Rodrigo PS,1,9,15,971633,AU,Australia,Q4,2023
15,spotify:track:6WzRpISELf3YglGAh7TXcG,"The Weeknd, Playboi Carti, Madonna",Popular (with Playboi Carti & Madonna) - From The Idol Vol. 1 (Music from the HBO Original Series),XO / Republic Records,7,11,19,917390,AU,Australia,Q4,2023
16,spotify:track:1vYXt7VSjH9JIM5oRRo7vA,Dua Lipa,Dance The Night - From Barbie The Album,Atlantic Records,4,12,20,895685,AU,Australia,Q4,2023
17,spotify:track:1yeB8MUNeLo9Ek1UEpsyz6,"Drake, Sexyy Red, SZA",Rich Baby Daddy (feat. Sexyy Red & SZA),OVO/Republic,17,-1,1,874584,AU,Australia,Q4,2023
18,spotify:track:1Lo0QY9cvc8sUB2vnIOxDT,Luke Combs,Fast Car,River House Artists/Columbia Nashville,4,13,29,859019,AU,Australia,Q4,2023
19,spotify:track:7yq4Qj7cqayVTp3FF9CWbm,Vance Joy,Riptide,F-Stop Records/Atlantic,14,16,353,853318,AU,Australia,Q4,2023
20,spotify:track:5aIVCx5tnk0ntmdiinnYvw,Tyla,Water,FAX Records/Epic,20,27,4,845023,AU,Australia,Q4,2023
21,spotify:track:2nibvvDdAQkVraYP00z2RS,"Drake, 21 Savage",Calling For You (feat. 21 Savage),OVO/Republic,21,-1,1,801834,AU,Australia,Q4,2023
22,spotify:track:3vkCueOmm7xQDoJ17W1Pm3,Mitski,My Love Mine All Mine,Dead Oceans,22,43,3,789326,AU,Australia,Q4,2023
23,spotify:track:4rXLjWdF2ZZpXCVTfWcshS,Gunna,fukumean,300 Entertainment,6,14,16,789063,AU,Australia,Q4,2023
24,spotify:track:1odExI7RdWc4BT515LTAwj,David Kushner,Daylight,Miserable Music Group,2,15,26,777157,AU,Australia,Q4,2023
25,spotify:track:4ZT0wGKwlJRjpMUuwZVy3p,Drake,Daylight,OVO/Republic,25,-1,1,759248,AU,Australia,Q4,2023
26,spotify:track:2gyxAWHebV7xPYVxqoi86f,Olivia Rodrigo,get him back!,Olivia Rodrigo PS,5,17,5,754775,AU,Australia,Q4,2023
27,spotify:track:6wf7Yu7cxBSPrRlWeSeK0Q,Billie Eilish,"What Was I Made For? [From The Motion Picture ""Barbie""]",Darkroom/Interscope Records,2,18,13,744046,AU,Australia,Q4,2023
28,spotify:track:53KaP77tkliz36LPxWGlWK,Drake,Fear Of Heights,OVO/Republic,28,-1,1,731961,AU,Australia,Q4,2023
29,spotify:track:0ofHAoxe9vBkTCp2UQIavz,Fleetwood Mac,Dreams - 2004 Remaster,Rhino/Warner Records,7,23,275,708462,AU,Australia,Q4,2023
30,spotify:track:3IX0yuEVvDbnqUwMBB3ouC,Olivia Rodrigo,bad idea right?,Olivia Rodrigo PS,3,19,9,697089,AU,Australia,Q4,2023
31,spotify:track:7DSAEUvxU8FajXtRloy8M0,Miley Cyrus,Flowers,Columbia,1,22,39,689725,AU,Australia,Q4,2023
32,spotify:track:0Mrnt1YqVuW2bqmwu4VxDt,"Drake, Teezo Touchdown",Amen (feat. Teezo Touchdown),OVO/Republic,32,-1,1,682541,AU,Australia,Q4,2023
33,spotify:track:48UKTR66uUOT9LaUvooTNx,Luke Combs,The Kind of Love We Make,River House Artists/Columbia Nashville,15,26,69,669937,AU,Australia,Q4,2023
34,spotify:track:0w3Mfe4PIVjuFjJbe3OlYv,Drake,8am in Charlotte,OVO/Republic,34,-1,1,651844,AU,Australia,Q4,2023
35,spotify:track:4Dvkj6JhhA12EX05fT7y2e,Harry Styles,As It Was,Columbia,1,25,80,648713,AU,Australia,Q4,2023
36,spotify:track:4fYte8ZvTK14NEhAOZocBi,OneRepublic,I Ain't Worried,Mosley Music/Interscope Records,1,21,71,646925,AU,Australia,Q4,2023
37,spotify:track:1GpWY5RiInhezB8wGWs6oN,Drake,7969 Santa,OVO/Republic,37,-1,1,628876,AU,Australia,Q4,2023
38,spotify:track:1s7oOCT8vauUh01PbJD6ps,"Rema, Selena Gomez",Calm Down (with Selena Gomez),Mavin Records / Jonzing World,22,29,57,627375,AU,Australia,Q4,2023
39,spotify:track:7x9aauaA9cu6tyfpHnqDLo,"Jung Kook, Latto",Seven (feat. Latto),BIGHIT MUSIC,5,28,13,624054,AU,Australia,Q4,2023
40,spotify:track:0V3wPSX9ygBnCm8psDIegu,Taylor Swift,Anti-Hero,Taylor Swift,1,30,51,612670,AU,Australia,Q4,2023
41,spotify:track:2Rn2ocU7jk8BqFoh6zwf1Y,Troye Sivan,Got Me Started,EMI Recorded Music Australia Pty Ltd,20,20,3,612606,AU,Australia,Q4,2023
42,spotify:track:1Qrg8KqiBpW07V7PNxwwwL,SZA,Kill Bill,Top Dawg Entertainment/RCA Records,1,33,44,609156,AU,Australia,Q4,2023
43,spotify:track:741UUVE2kuITl0c6zuqqbO,"Nicki Minaj, Ice Spice, Aqua",Barbie World (with Aqua) [From Barbie The Album],Atlantic Records,3,24,16,603353,AU,Australia,Q4,2023
44,spotify:track:5w40ZYhbBMAlHYNDaVJIUu,Post Malone,Chemical,Mercury Records/Republic Records,9,31,26,602156,AU,Australia,Q4,2023
45,spotify:track:003vvx7Niy0yvhvHt4a68B,The Killers,Mr. Brightside,Island Records,22,32,355,597449,AU,Australia,Q4,2023
46,spotify:track:5PyDJG7SQRgWXefgexqIge,Doja Cat,Agora Hills,Kemosabe Records/RCA Records,33,34,3,583605,AU,Australia,Q4,2023
47,spotify:track:24FUBxaAYSBlWsbSnEzDcn,"Drake, PARTYNEXTDOOR",Members Only (feat. PARTYNEXTDOOR),OVO/Republic,47,-1,1,560615,AU,Australia,Q4,2023
48,spotify:track:3xIMkM5LgbVDkpO74O3Np3,Troye Sivan,Rush,EMI Recorded Music Australia Pty Ltd,11,36,13,556947,AU,Australia,Q4,2023
49,spotify:track:3xKsf9qdS1CyvXSMEid6g8,Frank Ocean,Pink + White,Boys Don't Cry,39,39,50,538047,AU,Australia,Q4,2023
50,spotify:track:23RoR84KodL5HWvUTneQ1w,Peggy Gou,(It Goes Like) Nanana - Edit,XL Recordings,25,35,16,535282,AU,Australia,Q4,2023
1,spotify:track:2K9kZpwD2CzTa6iiSYYOoO,Marília Mendonça,Leão,Som Livre,1,4,5,11679078,BR,Brazil,Q1,2023
2,spotify:track:4o6v3Oooyt7HF20idztRD4,"Israel & Rodolffo, Ana Castela",Bombonzinho - Ao Vivo,Som Livre,1,2,10,8312942,BR,Brazil,Q1,2023
3,spotify:track:1597vvneWf0zoQrg2D8yH6,"MC MENOR HR, MC MENOR SG, DJ ESCOBAR",Evoque Prata,GUETTO RECORDS,1,1,11,7823626,BR,Brazil,Q1,2023
4,spotify:track:4ASA1PZyWGbuc4d9N8OAcF,"Gustavo Mioto, Mari Fernandez",Eu Gosto Assim - Ao Vivo,Universal Music Ltda.,1,3,17,7085020,BR,Brazil,Q1,2023
5,spotify:track:6Hio4nlyWL2WBL8nYlbuGt,"MC K.K, Dj TG Beats, Dj Aurélio, MC Lipivox, Authentic Records",Agudo Mágico 3,Authentic Records OFC,5,7,5,6183565,BR,Brazil,Q1,2023
6,spotify:track:2hkwwmmLC90T8BQ7t3xufq,"Zé Felipe, Ana Castela, Luan Pereira",Roça Em Mim,Som Livre,5,6,8,5895317,BR,Brazil,Q1,2023
7,spotify:track:1ELsaYdj2NlxLvkx9g24xZ,"Guilherme & Benuto, Hugo & Guilherme",Haja Colírio (feat. Hugo & Guilherme) - Ao Vivo,Sony Music Entertainment,2,5,29,5584910,BR,Brazil,Q1,2023
8,spotify:track:5geU4byUA1hnQofQPOsPDS,"Orochi, MC Ryan SP, Oruam, Xamã, Neo Beats, Kizzy, Mainstreet",Sereia,Mainstreet Records,8,13,11,5146335,BR,Brazil,Q1,2023
9,spotify:track:2orGm2E68ODFYOURjaES62,"WIU, MC Ryan SP",Felina,Sony Music Entertainment,5,15,16,4876799,BR,Brazil,Q1,2023
10,spotify:track:2M4kQD87lKnAS9vFlb4Bez,"Matheus & Kauan, Jorge & Mateus",Pactos - Ao Vivo,Universal Music Ltda.,6,9,13,4856363,BR,Brazil,Q1,2023
11,spotify:track:7nFvKgVumc9FcU97zGjjei,WIU,Coração de Gelo,Sony Music Entertainment,11,18,6,4724081,BR,Brazil,Q1,2023
12,spotify:track:3yHXEidSu4gYVRqKoI653O,"Guilherme & Benuto, Xand Avião",Assunto Delicado - Ao Vivo,Sony Music Entertainment,3,8,21,4657534,BR,Brazil,Q1,2023
13,spotify:track:2m6ZDDrTvDQtKbwNFyI3r5,"Luísa Sonza, Xamã",MAMA.CITA (hasta la vista),Sony Music Entertainment,13,22,3,4529153,BR,Brazil,Q1,2023
14,spotify:track:1dMyIigB6MDsfD3xuG6TbO,Felipe e Rodrigo,Média Boa - Ao Vivo,Virgin Music Label And Artist Services (S&D),8,11,13,4375062,BR,Brazil,Q1,2023
15,spotify:track:1OZ4uv7OAP24Ix6j3vojLt,"Mc Paiva ZS, MC Ryan SP, Kotim",Casei Com a Putaria,Love Funk,1,12,27,4317060,BR,Brazil,Q1,2023
16,spotify:track:0oB3IBEhbmgTrL7mV0VnFq,Kadu Martins,Novinha do Onlyfans - Tchan Ran Tchan Tchan,Kadu Martins,10,10,11,4282058,BR,Brazil,Q1,2023
17,spotify:track:4r2O8NHomHiJnFKqhYnqy1,"Israel & Rodolffo, Jorge & Mateus",Perdoou Nada - Ao Vivo,Som Livre,16,19,6,4079881,BR,Brazil,Q1,2023
18,spotify:track:6gyhp7IcNhTYzwlk8utsgP,"Diego & Victor Hugo, Jorge & Mateus",Beijo de Glicose - Ao Vivo,Sony Music Entertainment,6,14,19,4078804,BR,Brazil,Q1,2023
19,spotify:track:2YAOJkRWy382bRMXaj48FP,"Guilherme & Benuto, Matheus & Kauan",Esse B.O é Meu - Ao Vivo,Sony Music Entertainment,17,17,10,4025392,BR,Brazil,Q1,2023
20,spotify:track:7nwHsYxiuHo98dLI7UVkyn,Maiara & Maraisa,A Culpa É Nossa - Ao Vivo,Som Livre,20,25,4,3954276,BR,Brazil,Q1,2023
21,spotify:track:4mD9hjoTckjeL1CrJCx0MT,"DJ Jeeh FDC, MC Menor MT, Yuri Redicopa, Mc Pelé",Puta Mexicana,PMI Records Oficial,21,71,2,3748955,BR,Brazil,Q1,2023
22,spotify:track:1ACALdBWViTpLBC14Ecv8E,"MC Ryan SP, Mc Daniel, Kotim",Namora Aí,WM Brazil,22,28,5,3720345,BR,Brazil,Q1,2023
23,spotify:track:3gCWngngUs1uojw33vrE8K,Jorge & Mateus,5 Regras - Ao Vivo,Som Livre,7,16,24,3704943,BR,Brazil,Q1,2023
24,spotify:track:5DoYLtsVnNMcrgpMdEPOsI,"DJ Dozabri, DJ Arana, Silva Mc, MC Luiggi, Meno Saaint",É Só Um Lance Lero Lero,Barulho Das Favelas,14,21,8,3602346,BR,Brazil,Q1,2023
25,spotify:track:6Zw25LRLP0j0MsezDFIUM4,"Hugo & Guilherme, Marília Mendonça",Mal Feito - Ao Vivo,Som Livre,2,23,52,3467101,BR,Brazil,Q1,2023
26,spotify:track:4UldILPVpnZO69ffK4B9aA,"Dj LK da Escócia, Tchakabum, MC Ryan SP, mc jhenny, Mc RF",Tubarão Te Amo,Nas Nuvens Catalog,11,20,14,3406780,BR,Brazil,Q1,2023
27,spotify:track:7LUZT12r4xmwR1Kh8TJgjv,Gusttavo Lima,Ex dos Meus Sonhos - Ao Vivo,Sony Music Entertainment,7,24,14,3270867,BR,Brazil,Q1,2023
28,spotify:track:7sopDXkuzXtHt8AQpdBxmT,Ana Castela,DONA DE MIM,AgroPlay,28,42,3,3229714,BR,Brazil,Q1,2023
29,spotify:track:4PQ5AInr4YoBauth9YPduL,"Anitta, Mc Danny, HITMAKER",Ai Papai,WM Brazil,29,40,6,3109551,BR,Brazil,Q1,2023
30,spotify:track:7bhvRvE56NHBvedx0EeALS,"Mari Fernandez, NATTAN",Comunicação Falhou - Ao Vivo,Sony Music Entertainment,12,26,37,3079954,BR,Brazil,Q1,2023
31,spotify:track:2Vl7x4BkNhhJkEmQQMcV0V,Mc Jacaré,Toma Tapa,A Chave,31,33,5,3072141,BR,Brazil,Q1,2023
32,spotify:track:4xxeEWGQNFQ6qehlnev5LS,Marília Mendonça,Te Amo Demais,Som Livre,4,34,25,2999830,BR,Brazil,Q1,2023
33,spotify:track:2HMbGPbGiqGaHXzFkQAmZI,Matheus & Kauan,Basiquinho - Ao Vivo,Universal Music Ltda.,16,31,23,2934479,BR,Brazil,Q1,2023
34,spotify:track:7AwVSKaQxpidrtYBerkHKk,"Ana Castela, Melody, Dj Chris No Beat",Pipoco,Ana Castela,1,27,33,2914427,BR,Brazil,Q1,2023
35,spotify:track:4NNZZXHgn9F3cCgC1YGmLl,Jorge & Mateus,Todo Seu - Ao Vivo,Som Livre,9,29,36,2874939,BR,Brazil,Q1,2023
36,spotify:track:4cxQWmXmmbFoWvV8qipQTe,"Murilo Huff, Maiara & Maraisa",Perfeito Pra Ficar Sozinho - Ao Vivo,M Show,22,30,23,2849874,BR,Brazil,Q1,2023
37,spotify:track:7qoIhutxU269Zqo9PG5IOj,"Pineapple StormTv, Chris MC, Salve Malak, Tz da Coronel, MC Cabelinho, Chefin, L7NNON, Luísa Sonza, Oruam, Xamã, N.I.N.A",Poesia Acústica 13,Pineapple StormTV,1,41,17,2804089,BR,Brazil,Q1,2023
38,spotify:track:6eNRGL6Nkdg7RhJtmbcl0j,"Mc Tato, DJ Ak beats",Luz do Luar,RF PRODUTORA,38,116,3,2670705,BR,Brazil,Q1,2023
39,spotify:track:52EYWdjiulHaehpexuowyh,"MC Cabelinho, Cyclope Beatz, Red, meLLo",FOGO E GASOLINA,Bairro 13,39,54,4,2660984,BR,Brazil,Q1,2023
40,spotify:track:5vC8UAOHeG95ehRzZChniB,"L7NNON, DJ Biel do Furduncinho, Bianca",Ai preto,Papatunes Records,1,32,31,2588205,BR,Brazil,Q1,2023
41,spotify:track:2bWVxK5GlPtS4D3FcLjGgQ,Gusttavo Lima,Cara da Derrota - Ao Vivo,Sony Music Entertainment,33,38,14,2569096,BR,Brazil,Q1,2023
42,spotify:track:6bwx7pcKJY05D9S6CVa1k6,"Israel & Rodolffo, Maiara & Maraisa",Nem Namorado e Nem Ficante - Ao Vivo | Faixa Bônus,Som Livre,22,39,33,2539185,BR,Brazil,Q1,2023
43,spotify:track:2qmG7dokbGpDGD0T5wORWt,"Matheus Fernandes, Xand Avião",Balanço da Rede,Som Livre,1,35,44,2498087,BR,Brazil,Q1,2023
44,spotify:track:42nZBOwXNdO24Ml032bLBS,Matheus & Kauan,Gatilho - Ao Vivo,Universal Music Ltda.,13,36,43,2487096,BR,Brazil,Q1,2023
45,spotify:track:0XyPPyGes0omXppV5YE8gy,Felipe Amorim,Gostosinha é Ela,One Play,24,37,24,2469868,BR,Brazil,Q1,2023
46,spotify:track:0dcHD9QhnWRA41zoLnC83X,"MC Cabelinho, Dallass",X1,MC Cabelinho,30,47,36,2421569,BR,Brazil,Q1,2023
47,spotify:track:4Dvkj6JhhA12EX05fT7y2e,Harry Styles,As It Was,Columbia,10,44,41,2353847,BR,Brazil,Q1,2023
48,spotify:track:3nqQXoyQOWXiESFLlDF1hG,"Sam Smith, Kim Petras",Unholy (feat. Kim Petras),Capitol Records UK / EMI,5,49,16,2208953,BR,Brazil,Q1,2023
49,spotify:track:0i4UV3HjjvsUuV3BajEXoD,"MC Tairon, Mc Vitin Da Igrejinha, Dj Win, life song",Baile no Morro,ID1642 - Life Song Records,1,46,30,2166168,BR,Brazil,Q1,2023
50,spotify:track:5t7E1z1kVtHyPxWNmUtXN4,Kevi Jonny,Te Love - Ao Vivo,Kevi Jonny,26,48,18,2085366,BR,Brazil,Q1,2023
1,spotify:track:4uqJelb9THHmJ3OCohg4ZJ,"AgroPlay, Ana Castela",Nosso Quadro,AgroPlay,1,1,10,9076442,BR,Brazil,Q2,2023
2,spotify:track:2K9kZpwD2CzTa6iiSYYOoO,Marília Mendonça,Leão,Som Livre,1,2,18,7665231,BR,Brazil,Q2,2023
3,spotify:track:3mzbab4H0iZYkHggSEj0UX,Zé Neto & Cristiano,Oi Balde - Ao Vivo,Som Livre,3,5,8,6470528,BR,Brazil,Q2,2023
4,spotify:track:0SCMVUZ21uYYB8cc0ScfbV,"Israel & Rodolffo, Ana Castela",Bombonzinho - Ao Vivo,Som Livre,1,4,23,6275282,BR,Brazil,Q2,2023
5,spotify:track:7CJJ7JC3kj9XdweWTvfVhX,"Zé Felipe, Igow, Wesley Safadão",Vacilão,Som Livre,2,3,4,6275205,BR,Brazil,Q2,2023
6,spotify:track:2LTlykcdu0gwb7zcKneo2a,"KayBlack, Baco Exu do Blues, Marquinho no Beat",Melhor Só,WM Brazil,6,22,2,5916078,BR,Brazil,Q2,2023
7,spotify:track:0JIYoXtJfORxI6gRpHv6ZW,Henrique & Juliano,Traumatizei - Ao Vivo Em Brasília,Virgin Music Label And Artist Services (S&D),6,6,10,5802684,BR,Brazil,Q2,2023
8,spotify:track:4sqpSDnTrbS8v7RMNCUyqS,"Matheus & Kauan, Mari Fernandez",Não Vitalício (Nunca Mais) - Ao Vivo,Universal Music Ltda.,8,8,10,5772983,BR,Brazil,Q2,2023
9,spotify:track:51pxwIxDVCbFHW8oyJFQXD,Simone Mendes,Erro Gostoso - Ao Vivo,Universal Music Ltda.,9,10,11,5479557,BR,Brazil,Q2,2023
10,spotify:track:22sAwsBH0NoNJXnrBenQuO,"MC Xenon, Os Gemeos da Putaria",Sem Aliança no Dedo,DC MUSIC,3,7,10,5337390,BR,Brazil,Q2,2023
11,spotify:track:0redQHBfejmPUhonR5ppGC,"Guilherme & Benuto, Ana Castela, Adriano Rhod",Duas Três,Sony Music Entertainment,9,9,9,5279220,BR,Brazil,Q2,2023
12,spotify:track:3PH1nUysW7ybo3Yu8sqlPN,"Israel & Rodolffo, Mari Fernandez",Seu Brilho Sumiu - Ao Vivo,Som Livre,12,17,6,5250498,BR,Brazil,Q2,2023
13,spotify:track:7nFvKgVumc9FcU97zGjjei,WIU,Coração de Gelo,Sony Music Entertainment,4,11,19,4755973,BR,Brazil,Q2,2023
14,spotify:track:5WsM6qhZzRSD3oKbtorxzD,"MC Kevin o Chris, BUARQUE",Aquecimento Senta Senta Suave,MC Kevin o Chris,8,12,5,4701646,BR,Brazil,Q2,2023
15,spotify:track:4ASA1PZyWGbuc4d9N8OAcF,"Gustavo Mioto, Mari Fernandez",Eu Gosto Assim - Ao Vivo,Universal Music Ltda.,1,13,30,4602015,BR,Brazil,Q2,2023
16,spotify:track:0ZAL7RbP2FsM3rObV60o7T,"Clayton & Romário, Luan Santana",Namorando Ou Não - Ao Vivo,Virgin Music Label And Artist Services (S&D),16,16,5,4336195,BR,Brazil,Q2,2023
17,spotify:track:7CUQQLRMIeSfa4m2uQcRHp,Henrique & Juliano,Rancorosa - Ao Vivo Em Brasília,Virgin Music Label And Artist Services (S&D),17,31,3,4250286,BR,Brazil,Q2,2023
18,spotify:track:5v8EhStRWlvoY2qbcZR5R2,Hugo & Guilherme,Mágica - Ao Vivo,Som Livre,18,46,2,4184098,BR,Brazil,Q2,2023
20,spotify:track:2BlFIe0712LBUtTHxbqjme,"NATTAN, Felipe Amorim",Love Gostosinho - Ao Vivo,Vybbe,12,18,13,4074591,BR,Brazil,Q2,2023
21,spotify:track:1nf1HJdTWXwf9XHQebGlOd,"Gustavo Mioto, Mc Don Juan",Quando Apaga A Luz - Ao Vivo,Universal Music Ltda.,13,25,12,3973990,BR,Brazil,Q2,2023
22,spotify:track:51FFbyL0PjkYtjXJQP0JoP,Gusttavo Lima,Saudade da Minha Vida - Ao Vivo,Sony Music Entertainment,12,15,11,3863515,BR,Brazil,Q2,2023
23,spotify:track:3o4wcB1Y6xC62eF02n9RSZ,"Luan Pereira, MC Ryan SP",ELA PIROU NA DODGE RAM,Som Livre,21,21,4,3844886,BR,Brazil,Q2,2023
24,spotify:track:5aqwwgL4XOv2YJYwLiqKOZ,Maiara & Maraisa,A Culpa É Nossa - Ao Vivo,Som Livre,8,23,17,3760285,BR,Brazil,Q2,2023
25,spotify:track:7sopDXkuzXtHt8AQpdBxmT,Ana Castela,DONA DE MIM,AgroPlay,13,26,16,3677524,BR,Brazil,Q2,2023
26,spotify:track:21XQbePSeOSvfuLRaZbZ7a,"Cryzin, Kaio Viana, Noemi Leal",Mas Existe um Lugar - speed,Dkproduções,26,106,2,3653336,BR,Brazil,Q2,2023
27,spotify:track:7Ht57bh2FwiQLwRH9zqESG,Rogerinho,085 - Ao Vivo,ONErpm,20,20,9,3567843,BR,Brazil,Q2,2023
28,spotify:track:2M4kQD87lKnAS9vFlb4Bez,"Matheus & Kauan, Jorge & Mateus",Pactos - Ao Vivo,Universal Music Ltda.,6,27,26,3558803,BR,Brazil,Q2,2023
29,spotify:track:5TtTijiNYtFc6ktQARjY30,"KayBlack, Wall Hein",Preferida,WM Brazil,29,53,2,3552698,BR,Brazil,Q2,2023
30,spotify:track:1jHgfC8T5KxUyC5Ldw6lk9,Léo Santana,Zona De Perigo,Universal Music Ltda.,1,19,11,3488827,BR,Brazil,Q2,2023
31,spotify:track:6cZqw8wIrMsFxCNMzLRbNU,Hugo & Guilherme,Metade De Mim - Ao Vivo,Som Livre,24,24,6,3414836,BR,Brazil,Q2,2023
32,spotify:track:0KXdSF0Poa57KOepZ3hKrh,"Naiara Azevedo, Ana Castela",Palhaça - Ao Vivo,NA Records,18,34,13,3284825,BR,Brazil,Q2,2023
33,spotify:track:6eNRGL6Nkdg7RhJtmbcl0j,"Mc Tato, DJ Ak beats",Luz do Luar,RF PRODUTORA,7,28,16,3230741,BR,Brazil,Q2,2023
34,spotify:track:18yZLabAj1liqEUcgxDgeJ,"Israel & Rodolffo, Jorge & Mateus",Perdoou Nada - Ao Vivo,Som Livre,16,29,19,3210557,BR,Brazil,Q2,2023
35,spotify:track:2orGm2E68ODFYOURjaES62,"WIU, MC Ryan SP",Felina,Sony Music Entertainment,5,30,29,3149957,BR,Brazil,Q2,2023
36,spotify:track:6hu4HvpNzrW2RIEEAZC3vD,"KayBlack, Marquinho no Beat, Wall Hein",Segredo,WM Brazil,36,61,2,3139349,BR,Brazil,Q2,2023
37,spotify:track:5y7yYXNSsT89A27DQxbmUL,"Wesley Safadão, Ana Castela",Covardia,Wesley Safadao,37,51,2,3101544,BR,Brazil,Q2,2023
38,spotify:track:2hkwwmmLC90T8BQ7t3xufq,"Zé Felipe, Ana Castela, Luan Pereira",Roça Em Mim,Som Livre,5,33,21,3074409,BR,Brazil,Q2,2023
39,spotify:track:3gCWngngUs1uojw33vrE8K,Jorge & Mateus,5 Regras - Ao Vivo,Som Livre,7,35,37,2984956,BR,Brazil,Q2,2023
40,spotify:track:3O2wrDL7nnSDZOrdZqxyoY,"Mc IG, MC Pipokinha, DJ Glenner",Noite Fria,GR6 Music,20,32,6,2979615,BR,Brazil,Q2,2023
41,spotify:track:5ffDENIdtByAZxHpuuj9li,"Veigh, Nick Nash, Wylo, Nagalli, Supernova Ent, Kaash Paige",Vida Chique,Supernova Entertainment,38,41,15,2892376,BR,Brazil,Q2,2023
42,spotify:track:3C99BfGe301JNp7BqTX5Uu,Felipe e Rodrigo,Média Boa - Ao Vivo,Virgin Music Label And Artist Services (S&D),8,37,26,2817697,BR,Brazil,Q2,2023
43,spotify:track:5AdPP30mjJCtBMyYKZUEU7,"Guilherme & Benuto, Xand Avião",Assunto Delicado - Ao Vivo,Sony Music Entertainment,3,38,34,2807282,BR,Brazil,Q2,2023
44,spotify:track:2kBbHpJTc7MWs8F3XhClBD,Matheus Fernandes,Altas Loucurinhas (Uni Duni Tê) - Ao Vivo,Som Livre,20,36,14,2806074,BR,Brazil,Q2,2023
45,spotify:track:6BsKZXjKIrGWMK1uLWfJYN,"KayBlack, Veigh, Vulgo FK, WEY, Nagalli",Sal e Pimenta,WM Brazil,45,47,2,2779700,BR,Brazil,Q2,2023
46,spotify:track:4tuFNhM69UakXdPg4RrNvp,"Filipe Ret, Dallass, Hunter",Deus Perdoa,Som Livre,45,45,3,2716459,BR,Brazil,Q2,2023
47,spotify:track:5WGTBzRLbjj0Sm3Br8X1rI,"Mc Paiva ZS, Gabb MC, Dj Aladin GDB, Love Funk",Bandido Não Dança,Love Funk,32,40,13,2663774,BR,Brazil,Q2,2023
48,spotify:track:5Ubx4DpvVodvsGH9ilxPVi,"Guilherme & Benuto, Hugo & Guilherme",Haja Colírio (feat. Hugo & Guilherme) - Ao Vivo,Sony Music Entertainment,2,43,42,2598490,BR,Brazil,Q2,2023
49,spotify:track:0AIA4KsMsyqur8FbTVhGNT,Luan Santana,SOLTEIROU - Ao Vivo,Sony Music Entertainment,26,42,12,2534570,BR,Brazil,Q2,2023
50,spotify:track:5pBU3Yihoa4hiwQ2T5fGhH,"Guilherme & Benuto, Matheus & Kauan",Esse B.O é Meu - Ao Vivo,Sony Music Entertainment,15,48,23,2471542,BR,Brazil,Q2,2023
51,spotify:track:4DHcnVTT87F0zZhRPYmZ3B,Miley Cyrus,Flowers,Columbia,5,50,13,2422343,BR,Brazil,Q2,2023
1,spotify:track:0fABszUFNbNq9IW503Gj8v,"DENNIS, MC Kevin o Chris",Tá OK,Sony Music Entertainment,1,1,8,10714944,BR,Brazil,Q3,2023
2,spotify:track:2uhw2oYbugGJbn10wipNX5,"Mc Livinho, DJ Matt D",Novidade na Área,MBB Diamond,2,3,3,9741992,BR,Brazil,Q3,2023
3,spotify:track:4uqJelb9THHmJ3OCohg4ZJ,"AgroPlay, Ana Castela",Nosso Quadro,AgroPlay,1,2,23,8462499,BR,Brazil,Q3,2023
4,spotify:track:0U9CZWq6umZsN432nh3WWT,"Mc Pedrinho, DJ 900","Gol Bolinha, Gol Quadrado 2",GR6 Music,4,4,5,8383778,BR,Brazil,Q3,2023
5,spotify:track:4hKLzFvNwHF6dPosGT30ed,"Veigh, Bvga Beatz, Prod Malax, Supernova Ent",Novo Balanço,Supernova Entertainment Under Exclusive License to UnitedMasters,2,5,8,7558079,BR,Brazil,Q3,2023
6,spotify:track:51pxwIxDVCbFHW8oyJFQXD,Simone Mendes,Erro Gostoso - Ao Vivo,Universal Music Ltda.,3,7,24,7389947,BR,Brazil,Q3,2023
7,spotify:track:3PH1nUysW7ybo3Yu8sqlPN,"Israel & Rodolffo, Mari Fernandez",Seu Brilho Sumiu - Ao Vivo,Som Livre,2,6,19,7028532,BR,Brazil,Q3,2023
8,spotify:track:3Nvzs0cJbLwhXPPlI8xzpC,Dyamante DJ,Vai Novinha Ah Ah Ah,wla music,8,8,4,6443518,BR,Brazil,Q3,2023
9,spotify:track:0redQHBfejmPUhonR5ppGC,"Guilherme & Benuto, Ana Castela, Adriano Rhod",Duas Três,Sony Music Entertainment,8,11,22,5912848,BR,Brazil,Q3,2023
10,spotify:track:4xAGuRRKOgoaZbMGdmTD3N,Zé Neto & Cristiano,Oi Balde - Ao Vivo,Som Livre,3,9,21,5850904,BR,Brazil,Q3,2023
11,spotify:track:0JIYoXtJfORxI6gRpHv6ZW,Henrique & Juliano,Traumatizei - Ao Vivo Em Brasília,Virgin Music Label And Artist Services (S&D),6,12,23,5477817,BR,Brazil,Q3,2023
12,spotify:track:4Z2i41GDQyu3KRpBavEnyR,Ana Castela,Solteiro Forçado - Boiadeira Internacional,AgroPlay do Brasil,12,-1,1,5434208,BR,Brazil,Q3,2023
13,spotify:track:4pWsXhLUdtBKlw9npIXZAl,Kadu Martins,Halls na Língua,Kadu Martins,13,19,8,5427864,BR,Brazil,Q3,2023
14,spotify:track:4f0aDk7HX37SfzerfznYlr,"Grupo Menos É Mais, Matheus Fernandes",Lapada Dela - Ao Vivo,Som Livre,12,13,20,5399378,BR,Brazil,Q3,2023
15,spotify:track:4zUFA8l78k4tCmoVuGtV8z,Luan Santana,MEIO TERMO - Ao Vivo,Sony Music Entertainment,10,10,5,5262165,BR,Brazil,Q3,2023
16,spotify:track:4sqpSDnTrbS8v7RMNCUyqS,"Matheus & Kauan, Mari Fernandez",Não Vitalício (Nunca Mais) - Ao Vivo,Universal Music Ltda.,7,14,23,5165790,BR,Brazil,Q3,2023
17,spotify:track:1mimc5QiUuwmVYdXkWvgOQ,"Luan Pereira, Gustavo Mioto",MOLETOM,Som Livre,17,29,2,4955016,BR,Brazil,Q3,2023
18,spotify:track:0SCMVUZ21uYYB8cc0ScfbV,"Israel & Rodolffo, Ana Castela",Bombonzinho - Ao Vivo,Som Livre,1,18,36,4785303,BR,Brazil,Q3,2023
19,spotify:track:12YCtLHGk6tP6RbHDHflCs,"MC Caverinha, KayBlack, Wall Hein",Cartão Black,Som Livre,1,16,9,4715075,BR,Brazil,Q3,2023
20,spotify:track:53PpijFATt35Zxfl6LTxoK,Marília Mendonça,Leão,Som Livre,1,17,31,4456251,BR,Brazil,Q3,2023
21,spotify:track:7DkhndGTKaqkFxxKN7XlAh,"Guilherme & Benuto, Simone Mendes",Manda um Oi - Ao Vivo,Sony Music Entertainment,21,21,9,4409371,BR,Brazil,Q3,2023
22,spotify:track:39xOREhViooEYFpmnKTdrl,"Veigh, Tz da Coronel, Toledo, Nagalli, Bvga Beatz, Supernova Ent",Engana Dizendo Que Ama,Supernova Entertainment Under Exclusive License to UnitedMasters,11,28,8,4182800,BR,Brazil,Q3,2023
23,spotify:track:1nf1HJdTWXwf9XHQebGlOd,"Gustavo Mioto, Mc Don Juan",Quando Apaga A Luz - Ao Vivo,Universal Music Ltda.,13,22,25,4137070,BR,Brazil,Q3,2023
24,spotify:track:2LTlykcdu0gwb7zcKneo2a,"KayBlack, Baco Exu do Blues, Marquinho no Beat",Melhor Só,WM Brazil,3,23,15,4046877,BR,Brazil,Q3,2023
25,spotify:track:3o4wcB1Y6xC62eF02n9RSZ,"Luan Pereira, MC Ryan SP",ELA PIROU NA DODGE RAM,Som Livre,14,20,17,4020251,BR,Brazil,Q3,2023
26,spotify:track:3khLpwuyIjEOw8vfJ1oUIT,"MC Kevin o Chris, MC Caja",Papin,MC Kevin o Chris,17,24,13,3993088,BR,Brazil,Q3,2023
27,spotify:track:7IPEkUJsnWYNyBkK2i2FPj,Hugo & Guilherme,Mágica - Ao Vivo,Som Livre,11,26,15,3969602,BR,Brazil,Q3,2023
28,spotify:track:3PqU6gHWUaBTtIZi5oxEJ7,Zé Neto & Cristiano,Um Mês E Pouco - Ao Vivo,Som Livre,28,41,3,3957061,BR,Brazil,Q3,2023
29,spotify:track:3ktTWpYdXrYApH54cBo4Ap,"Matuê, Rich The Kid",Conexões de Máfia (feat. Rich The Kid),Sony Music Entertainment,1,30,11,3946736,BR,Brazil,Q3,2023
30,spotify:track:3P2ubMyuL9NQOVU67TVCXA,"Melody, Naldo Benny, MATHEUS ALVES","Love, Love",Melody,30,31,4,3932657,BR,Brazil,Q3,2023
31,spotify:track:4uLzGOlqSanpNS3htaUViY,Zé Neto & Cristiano,Pátio do Posto - Ao Vivo,Som Livre,19,27,16,3879641,BR,Brazil,Q3,2023
32,spotify:track:0ZAL7RbP2FsM3rObV60o7T,"Clayton & Romário, Luan Santana",Namorando Ou Não - Ao Vivo,Virgin Music Label And Artist Services (S&D),14,25,18,3755040,BR,Brazil,Q3,2023
33,spotify:track:4ASA1PZyWGbuc4d9N8OAcF,"Gustavo Mioto, Mari Fernandez",Eu Gosto Assim - Ao Vivo,Universal Music Ltda.,1,32,43,3611700,BR,Brazil,Q3,2023
34,spotify:track:2BlFIe0712LBUtTHxbqjme,"NATTAN, Felipe Amorim",Love Gostosinho - Ao Vivo,Vybbe,12,34,26,3597814,BR,Brazil,Q3,2023
35,spotify:track:7sopDXkuzXtHt8AQpdBxmT,Ana Castela,DONA DE MIM,AgroPlay,13,43,29,3421533,BR,Brazil,Q3,2023
36,spotify:track:15nTZqWfpXZk9Xh043Ognh,Léo Santana,Posturado E Calmo,Universal Music Ltda.,35,35,5,3417014,BR,Brazil,Q3,2023
37,spotify:track:7nFvKgVumc9FcU97zGjjei,WIU,Coração de Gelo,Sony Music Entertainment,4,38,32,3384291,BR,Brazil,Q3,2023
38,spotify:track:5TtTijiNYtFc6ktQARjY30,"KayBlack, Wall Hein",Preferida,WM Brazil,13,40,15,3284872,BR,Brazil,Q3,2023
39,spotify:track:77BR4gaUAp3p0uA8UL6HT9,"Belle Kaffer, Ana Castela, Charles New",Não Para,WM Brazil,33,36,19,3231212,BR,Brazil,Q3,2023
40,spotify:track:745VUhm32odbxJI2q1rUMv,"MC Guh SR, MC Pê Original, Dj Pikeno Mpc, Markim WF",Ela Voltou de Perna Bamba,Fluxos Records,21,33,10,3226184,BR,Brazil,Q3,2023
41,spotify:track:6dtQM0CXRFJgD7ifUNosZj,"Lauana Prado, Guilherme & Benuto",Desandei - Ao Vivo,Universal Music Ltda.,41,45,11,3225992,BR,Brazil,Q3,2023
42,spotify:track:5aqwwgL4XOv2YJYwLiqKOZ,Maiara & Maraisa,A Culpa É Nossa - Ao Vivo,Som Livre,8,39,30,3157220,BR,Brazil,Q3,2023
43,spotify:track:7Ht57bh2FwiQLwRH9zqESG,Rogerinho,085 - Ao Vivo,ONErpm,20,42,22,3123907,BR,Brazil,Q3,2023
44,spotify:track:2pidGuLSSVZPcbzE5QA1Ux,Hugo & Guilherme,Elevador - Ao Vivo,Som Livre,37,37,5,3115795,BR,Brazil,Q3,2023
45,spotify:track:51FFbyL0PjkYtjXJQP0JoP,Gusttavo Lima,Saudade da Minha Vida - Ao Vivo,Sony Music Entertainment,12,44,24,3106424,BR,Brazil,Q3,2023
46,spotify:track:0KXdSF0Poa57KOepZ3hKrh,"Naiara Azevedo, Ana Castela",Palhaça - Ao Vivo,NA Records,18,49,26,3098048,BR,Brazil,Q3,2023
47,spotify:track:6hu4HvpNzrW2RIEEAZC3vD,"KayBlack, Marquinho no Beat, Wall Hein",Segredo,WM Brazil,19,48,15,2915890,BR,Brazil,Q3,2023
48,spotify:track:6xRDvureEBwHgwAYDufbJL,"Eric Land, Tarcísio do Acordeon",Chorei na Vaquejada,Eric Land,15,15,8,2787609,BR,Brazil,Q3,2023
49,spotify:track:6L2ule7uWSdh1qjcMO3vUD,"Murilo Huff, Wesley Safadão",Quem tá Pegando,M Show,49,50,8,2705668,BR,Brazil,Q3,2023
50,spotify:track:5vdQUAFncALEH9EQvyAqIX,"DJ Jeeh FDC, MC LCKaiique, MC Celo BK, DJ Menezes, DJ Arana, Mc Yoshi",Forte Forte de Lacoste - Pra Começar o Final de Semana,24por48,50,70,5,2601982,BR,Brazil,Q3,2023
1,spotify:track:2InS5VWKJQbsFBKOsf1cJB,"Dj GBR, Mc IG, MC Ryan SP, MC PH, Mc Davi, Mc Luki, Mc Don Juan, Mc Kadu, TrapLaudo, MC GP, MC GH do 7",Let's Go 4,GR6 Music,1,1,5,9458285,BR,Brazil,Q4,2023
2,spotify:track:6AENBD8I0mDGglFqrRZGu7,"Gusttavo Lima, Ana Castela",Canudinho - Ao Vivo,Sony Music Entertainment,2,2,6,8323897,BR,Brazil,Q4,2023
3,spotify:track:3XIXklO3e0uWUAUkOR7NLI,"Luan Pereira, Mc Daniel, MC Ryan SP",DENTRO DA HILUX,Som Livre,2,3,7,7161947,BR,Brazil,Q4,2023
4,spotify:track:4Z2i41GDQyu3KRpBavEnyR,Ana Castela,Solteiro Forçado - Boiadeira Internacional,AgroPlay do Brasil,3,6,14,6241581,BR,Brazil,Q4,2023
5,spotify:track:64CovjRwInpOJW4PiGMprY,"MC Kevin o Chris, Dj Nk Da Serra, Mc Magrinho",Faz um Vuk Vuk (Teto Espelhado),MC Kevin o Chris,1,4,12,6014055,BR,Brazil,Q4,2023
6,spotify:track:42JNab8NPeCADJ9D3Cl5wS,Zé Neto & Cristiano,Barulho Do Foguete - Ao Vivo,Som Livre,6,7,15,5844987,BR,Brazil,Q4,2023
7,spotify:track:4f0aDk7HX37SfzerfznYlr,"Grupo Menos É Mais, Matheus Fernandes",Lapada Dela - Ao Vivo,Som Livre,4,5,33,5637495,BR,Brazil,Q4,2023
8,spotify:track:54u86CmMqGI1rRuULlTqaB,Felipe Amorim,Toca o Trompete,One Play,2,8,12,5444038,BR,Brazil,Q4,2023
9,spotify:track:7GScY8oE12cqTiNBzVQpUB,"Gusttavo Lima, Matheus & Kauan",Mala dos Porta-Mala - Ao Vivo,Sony Music Entertainment,8,9,13,4727617,BR,Brazil,Q4,2023
10,spotify:track:4uqJelb9THHmJ3OCohg4ZJ,"AgroPlay, Ana Castela",Nosso Quadro,AgroPlay,1,13,36,4670693,BR,Brazil,Q4,2023
11,spotify:track:3PqU6gHWUaBTtIZi5oxEJ7,Zé Neto & Cristiano,Um Mês E Pouco - Ao Vivo,Som Livre,11,11,16,4528050,BR,Brazil,Q4,2023
12,spotify:track:4zNy0cxc4p36OLdPr0sI6h,"DJ Arana, MC Maneirinho, Mc Luan, MC Tigrão, Mc Barbie",MONTAGEM ANOS 2000,TRX,10,10,4,4421798,BR,Brazil,Q4,2023
13,spotify:track:4hKLzFvNwHF6dPosGT30ed,"Veigh, Bvga Beatz, Prod Malax, Supernova Ent",Novo Balanço,Supernova Entertainment Under Exclusive License to UnitedMasters,2,12,21,4272114,BR,Brazil,Q4,2023
14,spotify:track:0fABszUFNbNq9IW503Gj8v,"DENNIS, MC Kevin o Chris",Tá OK,Sony Music Entertainment,1,15,21,4253153,BR,Brazil,Q4,2023
15,spotify:track:07DskqQ1NbTiotX1WIV7ob,Flora Matos,Piloto,Flora Matos,15,46,4,4099130,BR,Brazil,Q4,2023
16,spotify:track:51pxwIxDVCbFHW8oyJFQXD,Simone Mendes,Erro Gostoso - Ao Vivo,Universal Music Ltda.,3,17,37,4095115,BR,Brazil,Q4,2023
17,spotify:track:1Vy9Wn5sbiduZKBqBlH3Mc,"Vulgo FK, MC PH, Veigh, Pedro Lotto, Fepache",Ballena,Som Livre,3,14,13,4025430,BR,Brazil,Q4,2023
18,spotify:track:2uhw2oYbugGJbn10wipNX5,"Mc Livinho, DJ Matt D",Novidade na Área,MBB Diamond,1,19,16,3996888,BR,Brazil,Q4,2023
19,spotify:track:7lTVXJfNK4xaJSUXCUac6a,"Felipe Amorim, Mc Mika",Fode Bem,One Play,7,18,11,3967688,BR,Brazil,Q4,2023
20,spotify:track:6drlqBh6BeYZinmYQ9qR2n,Rogerinho,Furduncinho do Rogerinho,Rogerinho,19,20,7,3917441,BR,Brazil,Q4,2023
21,spotify:track:0redQHBfejmPUhonR5ppGC,"Guilherme & Benuto, Ana Castela, Adriano Rhod",Duas Três,Sony Music Entertainment,8,22,35,3917333,BR,Brazil,Q4,2023
22,spotify:track:5WV6br0BPUzhJwyBty80s0,Juliette,Tengo,Virgin Music Label And Artist Services (S&D),4,23,10,3899056,BR,Brazil,Q4,2023
23,spotify:track:3PH1nUysW7ybo3Yu8sqlPN,"Israel & Rodolffo, Mari Fernandez",Seu Brilho Sumiu - Ao Vivo,Som Livre,2,21,32,3807446,BR,Brazil,Q4,2023
24,spotify:track:4zUFA8l78k4tCmoVuGtV8z,Luan Santana,MEIO TERMO - Ao Vivo,Sony Music Entertainment,10,16,18,3751604,BR,Brazil,Q4,2023
25,spotify:track:7DkhndGTKaqkFxxKN7XlAh,"Guilherme & Benuto, Simone Mendes",Manda um Oi - Ao Vivo,Sony Music Entertainment,20,25,22,3655165,BR,Brazil,Q4,2023
26,spotify:track:7G2yGMHlcPPTCDhMrAaMyZ,Ana Castela,Tô Voltando - (Boiadeira Internacional),AgroPlay,26,26,7,3650101,BR,Brazil,Q4,2023
27,spotify:track:1mimc5QiUuwmVYdXkWvgOQ,"Luan Pereira, Gustavo Mioto",MOLETOM,Som Livre,9,28,15,3448950,BR,Brazil,Q4,2023
28,spotify:track:4lL0M9HzNFspnIwj2WfU6c,"Gusttavo Lima, Wesley Safadão",Oi Vida - Ao Vivo,Sony Music Entertainment,28,29,11,3377649,BR,Brazil,Q4,2023
29,spotify:track:1Z3QqD45wKKN6fUKBXSvcZ,"Diego & Victor Hugo, Luan Pereira",Pirulito Vermelho,Sony Music Entertainment,27,27,17,3336191,BR,Brazil,Q4,2023
30,spotify:track:0KhLYwYVhi13hMhxX73m55,Luan Santana,MULHER SEGURA - Ao Vivo,Sony Music Entertainment,24,24,4,3322742,BR,Brazil,Q4,2023
31,spotify:track:62W2f0QOg20ufNjJQHqnkq,"Mc IG, MC Ryan SP, MC PH, DJ Glenner, DJ Oreia, Gabb MC, MC Bruno MS, MC GP, MC Rhamon, Mc Dena, TrapLaudo",Fernando de Noronha,WM Brazil,31,40,6,3291954,BR,Brazil,Q4,2023
32,spotify:track:7r8yMaSOy4XmuhRz7iv1gi,Henrique & Juliano,Traumatizei - Ao Vivo Em Brasília,Virgin Music Label And Artist Services (S&D),6,30,36,3282541,BR,Brazil,Q4,2023
33,spotify:track:2BlFIe0712LBUtTHxbqjme,"NATTAN, Felipe Amorim",Love Gostosinho - Ao Vivo,Vybbe,12,35,39,3106979,BR,Brazil,Q4,2023
34,spotify:track:53PpijFATt35Zxfl6LTxoK,Marília Mendonça,Leão,Som Livre,1,34,44,3045079,BR,Brazil,Q4,2023
35,spotify:track:4pWsXhLUdtBKlw9npIXZAl,Kadu Martins,Halls na Língua,Kadu Martins,9,31,21,3019541,BR,Brazil,Q4,2023
36,spotify:track:0U9CZWq6umZsN432nh3WWT,"Mc Pedrinho, DJ 900","Gol Bolinha, Gol Quadrado 2",GR6 Music,3,37,18,2877864,BR,Brazil,Q4,2023
37,spotify:track:3P2ubMyuL9NQOVU67TVCXA,"Melody, Naldo Benny, MATHEUS ALVES","Love, Love",Melody,19,43,17,2855062,BR,Brazil,Q4,2023
38,spotify:track:6MCaEL0pQo1Jg1vlKpMWop,Simone Mendes,Dois Fugitivos - Ao Vivo,Universal Music Ltda.,38,50,4,2848213,BR,Brazil,Q4,2023
39,spotify:track:4zW6JV4aqhXpbfZLZyEFvP,Henrique & Juliano,Quase Algo - Ao Vivo Em Nova Iorque / 2022,Virgin Music Label And Artist Services (S&D),39,47,4,2806270,BR,Brazil,Q4,2023
40,spotify:track:181TYnNi3wNGrdsCykmI4A,Luísa Sonza,A Dona Aranha,Sony Music Entertainment,15,38,7,2760254,BR,Brazil,Q4,2023
41,spotify:track:0SWDToufOxRVIngk8c1oZi,Luan Santana,AMBIENTE ERRADO - Ao Vivo,Sony Music Entertainment,29,33,10,2750120,BR,Brazil,Q4,2023
42,spotify:track:4KGyltc1ugN2WFcjkSPHwh,"Matheus & Kauan, Mari Fernandez",Não Vitalício (Nunca Mais) - Ao Vivo,Universal Music Ltda.,7,42,36,2677837,BR,Brazil,Q4,2023
43,spotify:track:4ldcxPVAtih8alepJTu8Hx,"Mc IG, DJ WN","Faz Completo, Chefe",WM Brazil,25,32,9,2652896,BR,Brazil,Q4,2023
44,spotify:track:2pidGuLSSVZPcbzE5QA1Ux,Hugo & Guilherme,Elevador - Ao Vivo,Som Livre,35,36,18,2652631,BR,Brazil,Q4,2023
45,spotify:track:4xAGuRRKOgoaZbMGdmTD3N,Zé Neto & Cristiano,Oi Balde - Ao Vivo,Som Livre,3,48,34,2644278,BR,Brazil,Q4,2023
46,spotify:track:6L2ule7uWSdh1qjcMO3vUD,"Murilo Huff, Wesley Safadão",Quem tá Pegando,M Show,42,49,21,2632508,BR,Brazil,Q4,2023
47,spotify:track:0QcKkN8b4iVkmVsbaze8OS,Henrique & Juliano,Devia Ser Proibido - Ao Vivo Em Brasília,Virgin Music Label And Artist Services (S&D),44,44,11,2632467,BR,Brazil,Q4,2023
48,spotify:track:4dHMuSjpkUcWW3zZehOFj7,Maiara & Maraisa,Narcisista - Ao Vivo,Som Livre,27,39,13,2598778,BR,Brazil,Q4,2023
49,spotify:track:35D06z7kmwMmYYbyJ0BkSm,"Manu, Simone Mendes",Daqui pra Sempre,manuoficial,49,79,2,2479867,BR,Brazil,Q4,2023
50,spotify:track:4uLzGOlqSanpNS3htaUViY,Zé Neto & Cristiano,Pátio do Posto - Ao Vivo,Som Livre,19,55,29,2428377,BR,Brazil,Q4,2023
1,spotify:track:1Qrg8KqiBpW07V7PNxwwwL,SZA,Kill Bill,Top Dawg Entertainment/RCA Records,1,1,5,2028286,CA,Canada,Q1,2023
2,spotify:track:2dHHgzDwk4BJdRwy9uXhTO,"Metro Boomin, The Weeknd, 21 Savage",Creepin' (with The Weeknd & 21 Savage),Republic Records,1,2,6,1491890,CA,Canada,Q1,2023
3,spotify:track:4uUG5RXrOk84mYEfFvj3cK,"David Guetta, Bebe Rexha",I'm Good (Blue),Parlophone UK,1,3,20,1135384,CA,Canada,Q1,2023
4,spotify:track:1bDbXMyjaUIooNwFE9wn0N,"Drake, 21 Savage",Rich Flex,OVO / Republic Records,1,5,10,1088546,CA,Canada,Q1,2023
5,spotify:track:3nqQXoyQOWXiESFLlDF1hG,"Sam Smith, Kim Petras",Unholy (feat. Kim Petras),Capitol Records UK / EMI,1,4,16,1054185,CA,Canada,Q1,2023
6,spotify:track:0V3wPSX9ygBnCm8psDIegu,Taylor Swift,Anti-Hero,Taylor Swift,1,6,12,976489,CA,Canada,Q1,2023
7,spotify:track:0vjeOZ3Ft5jvAi9SBFJm1j,"Metro Boomin, Future, Chris Brown",Superhero (Heroes & Villains) [with Future & Chris Brown],Republic Records,4,12,6,872596,CA,Canada,Q1,2023
8,spotify:track:4Dvkj6JhhA12EX05fT7y2e,Harry Styles,As It Was,Columbia,1,7,41,802110,CA,Canada,Q1,2023
9,spotify:track:0WtM2NBVQNNJLh6scP13H8,"Rema, Selena Gomez",Calm Down (with Selena Gomez),Mavin Records / Jonzing World,8,8,20,784583,CA,Canada,Q1,2023
10,spotify:track:4h9wh7iOZ0GGn8QVp4RAOB,OneRepublic,I Ain't Worried,Interscope Records,3,9,32,780867,CA,Canada,Q1,2023
11,spotify:track:3WMj8moIAXJhHsyLaqIIHI,Zach Bryan,Something in the Orange,Warner Records,10,13,36,774829,CA,Canada,Q1,2023
12,spotify:track:5WxVXxCMRnvxUKFq40ELwq,"RAYE, 070 Shake",Escapism.,Human Re Sources,12,14,7,761387,CA,Canada,Q1,2023
13,spotify:track:4FyesJzVpA39hbYvcseO2d,Lil Uzi Vert,Just Wanna Rock,Generation Now/Atlantic,11,11,13,759265,CA,Canada,Q1,2023
14,spotify:track:3azJifCSqg9fRij2yKIbWz,Tory Lanez,The Color Violet,One Umbrella Records,14,18,22,749772,CA,Canada,Q1,2023
15,spotify:track:5odlY52u43F5BjByhxg7wg,JVKE,golden hour,JVKE,15,15,20,749305,CA,Canada,Q1,2023
16,spotify:track:3zkyus0njMCL6phZmNNEeN,Central Cee,LET GO,Central Cee,16,16,4,734593,CA,Canada,Q1,2023
17,spotify:track:2LBqCSwhJGcFQeTHMVGwy3,The Weeknd,Die For You,Universal Republic Records,8,17,88,718481,CA,Canada,Q1,2023
18,spotify:track:0QHEIqNKsMoOY5urbzN48u,Meghan Trainor,Made You Look,Epic,9,10,12,702252,CA,Canada,Q1,2023
19,spotify:track:0JXXNGljqupsJaZsgSbMZV,Miguel,Sure Thing,Jive,19,50,5,668182,CA,Canada,Q1,2023
20,spotify:track:1Y3LN4zO1Edc2EluIoSPJN,"Stephen Sanchez, Em Beihold",Until I Found You (with Em Beihold) - Em Beihold Version,Republic Records,20,28,5,659644,CA,Canada,Q1,2023
21,spotify:track:2GAhgAjOhEmItWLfgisyOn,SZA,Low,Top Dawg Entertainment/RCA Records,14,27,5,656200,CA,Canada,Q1,2023
22,spotify:track:4k6Uh1HXdhtusDW5y8Gbvy,Steve Lacy,Bad Habit,L-M Records/RCA Records,2,19,28,644766,CA,Canada,Q1,2023
23,spotify:track:5Y35SjAfXjjG0sFQ3KOxmm,SZA,Nobody Gets Me,Top Dawg Entertainment/RCA Records,6,21,5,619870,CA,Canada,Q1,2023
24,spotify:track:3r8RuvgbX9s7ammBn07D3W,NewJeans,Ditto,ADOR,24,40,4,618788,CA,Canada,Q1,2023
25,spotify:track:6BePGk3eCan4FqaW2X8Qy3,"Tiësto, Tate McRae",10:35,Atlantic Records,22,22,10,594375,CA,Canada,Q1,2023
26,spotify:track:4686eQ81DEswHa90bcdlC9,Bailey Zimmerman,Rock and A Hard Place,Warner Records Nashville/Elektra,26,29,31,593119,CA,Canada,Q1,2023
27,spotify:track:3F5CgOj3wFlRv51JsHbxhe,"Drake, 21 Savage",Jimmy Cooks (feat. 21 Savage),OVO,1,26,30,591119,CA,Canada,Q1,2023
28,spotify:track:02MWAaffLxlfxAUY7c5dvx,Glass Animals,Heat Waves,Polydor Records,1,20,107,585261,CA,Canada,Q1,2023
29,spotify:track:1xK59OXxi2TAAAbmZK0kBL,d4vd,Romantic Homicide,Darkroom/Interscope Records,11,30,19,578103,CA,Canada,Q1,2023
30,spotify:track:78Sw5GDo6AlGwTwanjXbGh,d4vd,Here With Me,Darkroom/Interscope Records,30,36,10,562810,CA,Canada,Q1,2023
31,spotify:track:2wSTnntOPRi7aQneobFtU4,SZA,Shirt,Top Dawg Entertainment/RCA Records,14,32,11,559938,CA,Canada,Q1,2023
32,spotify:track:6rb3wFQ66EWR7DcPG0oEE1,"Popcaan, Drake",We Caa Done (feat. Drake),OVO Sound,32,-1,1,556197,CA,Canada,Q1,2023
33,spotify:track:65FftemJ1DbbZ45DUfHJXE,NewJeans,OMG,ADOR,33,103,2,541337,CA,Canada,Q1,2023
34,spotify:track:2QjOHCTQ1Jl3zawyYOpxh6,The Neighbourhood,Sweater Weather,Columbia,18,37,119,526224,CA,Canada,Q1,2023
35,spotify:track:54ipXppHLA8U4yqpOFTUhr,Imagine Dragons,Bones,Kid Ina Korner / Interscope,28,39,39,523779,CA,Canada,Q1,2023
36,spotify:track:73vIOb4Q7YN6HeJTbscRx5,"Oliver Tree, Robin Schulz",Miss You - Bonus Track,Atlantic Records,14,34,14,523586,CA,Canada,Q1,2023
37,spotify:track:4WuOWVnAqvEQxgSRrspBgt,"Metro Boomin, Travis Scott, 21 Savage",Niagara Falls (Foot or 2) [with Travis Scott & 21 Savage],Republic Records,6,41,6,516508,CA,Canada,Q1,2023
38,spotify:track:0O6u0VJ46W86TxN9wgyqDj,"Post Malone, Doja Cat",I Like You (A Happier Song) (with Doja Cat),Mercury Records/Republic Records,3,24,32,516203,CA,Canada,Q1,2023
39,spotify:track:48UKTR66uUOT9LaUvooTNx,Luke Combs,The Kind of Love We Make,River House Artists/Columbia Nashville,14,42,30,514437,CA,Canada,Q1,2023
40,spotify:track:7jtQIBanIiJOMS6RyCx6jZ,Tom Odell,Another Love,ITNO/Columbia,36,48,50,500164,CA,Canada,Q1,2023
41,spotify:track:2Hh3ETdQKrmSI3QS0hme7g,"Metro Boomin, Future, Don Toliver",Too Many Nights (feat. Don Toliver & with Future),Republic Records,10,47,6,489829,CA,Canada,Q1,2023
42,spotify:track:68Dni7IE4VyPkTOH9mRWHr,J. Cole,No Role Modelz,Roc Nation Records LLC,30,51,190,489329,CA,Canada,Q1,2023
43,spotify:track:1xzi1Jcr7mEi9K2RfzLOqS,Beyoncé,CUFF IT,Parkwood Entertainment/Columbia,9,23,20,488281,CA,Canada,Q1,2023
44,spotify:track:5uU1uuyaUIBOiiUSQG7Wl3,Morgan Wallen,You Proof,Morgan Wallen,18,44,35,481932,CA,Canada,Q1,2023
45,spotify:track:4iZ4pt7kvcaH6Yo8UoZ4s2,SZA,Snooze,Top Dawg Entertainment/RCA Records,27,63,5,477797,CA,Canada,Q1,2023
46,spotify:track:5IgjP7X4th6nMNDh4akUHb,Chris Brown,Under The Influence,Chris Brown Entertainment/RCA Records,7,38,25,468446,CA,Canada,Q1,2023
47,spotify:track:10xV5l9nhLvFpR8mqzs0bL,"Marshmello, Khalid",Numb,Joytime Collective/RCA Records,10,31,31,459135,CA,Canada,Q1,2023
48,spotify:track:5jQI2r1RdgtuT8S3iG8zFC,Taylor Swift,Lavender Haze,Taylor Swift,2,52,12,457171,CA,Canada,Q1,2023
49,spotify:track:5PjdY0CKGZdEuoNab3yDmX,"The Kid LAROI, Justin Bieber",STAY (with Justin Bieber),Columbia,1,35,79,452975,CA,Canada,Q1,2023
50,spotify:track:4h4QlmocP3IuwYEj2j14p8,"Nicky Youre, hey daisy",Sunroof,Thirty Knots/Columbia,6,43,41,443987,CA,Canada,Q1,2023
1,spotify:track:7aRCf5cLOFN1U7kvtChY1G,Drake,Search & Rescue,OVO/Republic Records,1,-1,1,2132598,CA,Canada,Q2,2023
2,spotify:track:7K3BhSpAxZBznislvUMVtn,Morgan Wallen,Last Night,Morgan Wallen,1,1,11,1896206,CA,Canada,Q2,2023
3,spotify:track:4DHcnVTT87F0zZhRPYmZ3B,Miley Cyrus,Flowers,Columbia,1,2,13,1415442,CA,Canada,Q2,2023
4,spotify:track:1Qrg8KqiBpW07V7PNxwwwL,SZA,Kill Bill,Top Dawg Entertainment/RCA Records,1,3,18,1217301,CA,Canada,Q2,2023
5,spotify:track:6AQbmUe0Qwf5PZnt4HmTXv,"PinkPantheress, Ice Spice",Boy's a liar Pt. 2,Warner Records,2,4,10,1108056,CA,Canada,Q2,2023
6,spotify:track:0WtM2NBVQNNJLh6scP13H8,"Rema, Selena Gomez",Calm Down (with Selena Gomez),Mavin Records / Jonzing World,5,5,33,1087473,CA,Canada,Q2,2023
7,spotify:track:2dHHgzDwk4BJdRwy9uXhTO,"Metro Boomin, The Weeknd, 21 Savage",Creepin' (with The Weeknd & 21 Savage),Republic Records,1,6,19,959542,CA,Canada,Q2,2023
8,spotify:track:1Lo0QY9cvc8sUB2vnIOxDT,Luke Combs,Fast Car,River House Artists/Columbia Nashville,7,7,3,912530,CA,Canada,Q2,2023
9,spotify:track:4uUG5RXrOk84mYEfFvj3cK,"David Guetta, Bebe Rexha",I'm Good (Blue),Parlophone UK,1,8,33,828220,CA,Canada,Q2,2023
10,spotify:track:7FbrGaHYVDmfr7KoLIZnQ7,FIFTY FIFTY,Cupid - Twin Version,SME Korea Inc.,10,18,5,799971,CA,Canada,Q2,2023
11,spotify:track:4Dvkj6JhhA12EX05fT7y2e,Harry Styles,As It Was,Columbia,1,11,54,758692,CA,Canada,Q2,2023
12,spotify:track:6UN73IYd0hZxLi8wFPMQij,Coi Leray,Players,Uptown / Republic Records,9,9,13,746210,CA,Canada,Q2,2023
13,spotify:track:5BmB3OaQyYXCqRyN8iR2Yi,NLE Choppa,SLUT ME OUT,Warner Records,13,16,8,717636,CA,Canada,Q2,2023
14,spotify:track:0V3wPSX9ygBnCm8psDIegu,Taylor Swift,Anti-Hero,Taylor Swift,1,12,25,714851,CA,Canada,Q2,2023
15,spotify:track:4W4fNrZYkobj539TOWsLO2,"The Weeknd, Ariana Grande",Die For You (with Ariana Grande) - Remix,XO / Republic Records,3,10,7,691295,CA,Canada,Q2,2023
16,spotify:track:5W4kiM2cUYBJXKRudNyxjW,Morgan Wallen,You Proof,Morgan Wallen,13,15,48,681215,CA,Canada,Q2,2023
17,spotify:track:4fYte8ZvTK14NEhAOZocBi,OneRepublic,I Ain't Worried,Mosley Music/Interscope Records,3,19,45,669480,CA,Canada,Q2,2023
18,spotify:track:3WMj8moIAXJhHsyLaqIIHI,Zach Bryan,Something in the Orange,Warner Records,10,20,49,650692,CA,Canada,Q2,2023
19,spotify:track:1bDbXMyjaUIooNwFE9wn0N,"Drake, 21 Savage",Rich Flex,OVO / Republic Records,1,14,23,623822,CA,Canada,Q2,2023
20,spotify:track:0NZPBYD5qbEWRs3PrGiRkT,"Sam Smith, Kim Petras",Unholy (feat. Kim Petras),Capitol Records UK / EMI,1,23,29,611525,CA,Canada,Q2,2023
21,spotify:track:4hy7qTxsnyZUZoqo5RtaYq,Ed Sheeran,Eyes Closed,Atlantic Records UK,8,25,3,604568,CA,Canada,Q2,2023
22,spotify:track:4FyesJzVpA39hbYvcseO2d,Lil Uzi Vert,Just Wanna Rock,Generation Now/Atlantic,10,21,26,593982,CA,Canada,Q2,2023
23,spotify:track:5odlY52u43F5BjByhxg7wg,JVKE,golden hour,JVKE,12,28,33,592199,CA,Canada,Q2,2023
24,spotify:track:4686eQ81DEswHa90bcdlC9,Bailey Zimmerman,Rock and A Hard Place,Warner Records Nashville/Elektra,24,31,44,591353,CA,Canada,Q2,2023
25,spotify:track:2LBqCSwhJGcFQeTHMVGwy3,The Weeknd,Die For You,Universal Republic Records,8,22,101,590296,CA,Canada,Q2,2023
26,spotify:track:0PAcdVzhPO4gq1Iym9ESnK,Morgan Wallen,Thinkin’ Bout Me,Morgan Wallen,12,27,6,587008,CA,Canada,Q2,2023
27,spotify:track:48UKTR66uUOT9LaUvooTNx,Luke Combs,The Kind of Love We Make,River House Artists/Columbia Nashville,14,33,43,578713,CA,Canada,Q2,2023
28,spotify:track:5wG3HvLhF6Y5KTGlK0IW3J,"Metro Boomin, Travis Scott, Young Thug",Trance (with Travis Scott & Young Thug),Republic Records,17,24,13,576549,CA,Canada,Q2,2023
29,spotify:track:0vjeOZ3Ft5jvAi9SBFJm1j,"Metro Boomin, Future, Chris Brown",Superhero (Heroes & Villains) [with Future & Chris Brown],Republic Records,4,26,19,574317,CA,Canada,Q2,2023
30,spotify:track:2L9N0zZnd37dwF0clgxMGI,Lizzy McAlpine,ceilings,Harbour Artists & Music,11,17,12,560608,CA,Canada,Q2,2023
31,spotify:track:4iZ4pt7kvcaH6Yo8UoZ4s2,SZA,Snooze,Top Dawg Entertainment/RCA Records,19,30,18,542844,CA,Canada,Q2,2023
32,spotify:track:68Dni7IE4VyPkTOH9mRWHr,J. Cole,No Role Modelz,Roc Nation Records LLC,30,32,203,533789,CA,Canada,Q2,2023
33,spotify:track:3cBsEDNhFI9E82vPj3kvi3,Morgan Wallen,Wasted On You,Morgan Wallen,8,44,69,529790,CA,Canada,Q2,2023
34,spotify:track:1rXq0uoV4KTgRN64jXzIxo,Morgan Wallen,One Thing At A Time,Morgan Wallen,10,40,18,525861,CA,Canada,Q2,2023
35,spotify:track:5mHdCZtVyb4DcJw8799hZp,"RAYE, 070 Shake",Escapism.,Human Re Sources,10,36,20,525365,CA,Canada,Q2,2023
36,spotify:track:3F5CgOj3wFlRv51JsHbxhe,"Drake, 21 Savage",Jimmy Cooks (feat. 21 Savage),OVO,1,38,43,523804,CA,Canada,Q2,2023
37,spotify:track:0JXXNGljqupsJaZsgSbMZV,Miguel,Sure Thing,Jive,10,37,18,523409,CA,Canada,Q2,2023
38,spotify:track:1Y3LN4zO1Edc2EluIoSPJN,"Stephen Sanchez, Em Beihold",Until I Found You (with Em Beihold) - Em Beihold Version,Republic Records,20,39,18,505987,CA,Canada,Q2,2023
39,spotify:track:6OfOzTitafSnsaunQLuNFw,"Tyler, The Creator",DOGTOOTH,Columbia,13,13,3,502062,CA,Canada,Q2,2023
40,spotify:track:4P9Q0GojKVXpRTJCaL3kyy,Taylor Swift,All Of The Girls You Loved Before,Taylor Swift,9,29,4,499198,CA,Canada,Q2,2023
41,spotify:track:6BePGk3eCan4FqaW2X8Qy3,"Tiësto, Tate McRae",10:35,Atlantic Records,15,41,23,495835,CA,Canada,Q2,2023
42,spotify:track:02MWAaffLxlfxAUY7c5dvx,Glass Animals,Heat Waves,Polydor Records,1,49,120,493360,CA,Canada,Q2,2023
43,spotify:track:3azJifCSqg9fRij2yKIbWz,Tory Lanez,The Color Violet,One Umbrella Records,14,45,35,484961,CA,Canada,Q2,2023
44,spotify:track:2YVlDlk2zRceefo6XlC6DX,Morgan Wallen,Ain’t That Some,Morgan Wallen,7,46,6,484229,CA,Canada,Q2,2023
45,spotify:track:78Sw5GDo6AlGwTwanjXbGh,d4vd,Here With Me,Darkroom/Interscope Records,23,43,23,481848,CA,Canada,Q2,2023
46,spotify:track:5jQI2r1RdgtuT8S3iG8zFC,Taylor Swift,Lavender Haze,Taylor Swift,2,48,25,481794,CA,Canada,Q2,2023
47,spotify:track:0FA4wrjDJvJTTU8AepZTup,"Lil Uzi Vert, sped up nightcore, ARIZONATEARS",Watch This - ARIZONATEARS Pluggnb Remix,sped up nightcore,18,42,9,476562,CA,Canada,Q2,2023
48,spotify:track:3ZEno9fORwMA1HPecdLi0R,NF,HAPPY,NF Real Music II,48,-1,1,473373,CA,Canada,Q2,2023
49,spotify:track:7jtQIBanIiJOMS6RyCx6jZ,Tom Odell,Another Love,ITNO/Columbia,36,50,63,467741,CA,Canada,Q2,2023
50,spotify:track:52ChYmfu792MW2Ezv0whpk,Luke Combs,5 Leaf Clover,River House Artists/Columbia Nashville,29,34,4,461871,CA,Canada,Q2,2023
1,spotify:track:4rXLjWdF2ZZpXCVTfWcshS,Gunna,fukumean,300 Entertainment,1,3,4,1698995,CA,Canada,Q3,2023
2,spotify:track:7K3BhSpAxZBznislvUMVtn,Morgan Wallen,Last Night,Morgan Wallen,1,2,24,1692303,CA,Canada,Q3,2023
3,spotify:track:3k79jB4aGmMDUQzEwa46Rz,Olivia Rodrigo,vampire,Olivia Rodrigo PS,1,1,2,1547825,CA,Canada,Q3,2023
4,spotify:track:1Lo0QY9cvc8sUB2vnIOxDT,Luke Combs,Fast Car,River House Artists/Columbia Nashville,3,4,16,1236712,CA,Canada,Q3,2023
5,spotify:track:5kHMfzgLZP95O9NBy0ku4v,Taylor Swift,I Can See You (Taylor’s Version) (From The Vault),Taylor Swift,5,-1,1,1226559,CA,Canada,Q3,2023
6,spotify:track:1BxfuPKGuaTgP7aM0Bbdwr,Taylor Swift,Cruel Summer,Taylor Swift,5,5,27,1190536,CA,Canada,Q3,2023
7,spotify:track:2FDTHlrBguDzQkp7PVj16Q,"Dave, Central Cee",Sprinter,Neighbourhood / Live Yours,2,6,6,1165006,CA,Canada,Q3,2023
8,spotify:track:7G0gBu6nLdhFDPRLc0HdDG,Taylor Swift,Mine (Taylor's Version),Taylor Swift,8,-1,1,1024999,CA,Canada,Q3,2023
9,spotify:track:79uDOz0zuuWS7HWxzMmTa2,Taylor Swift,Back To December (Taylor's Version),Taylor Swift,9,-1,1,990401,CA,Canada,Q3,2023
10,spotify:track:4DHcnVTT87F0zZhRPYmZ3B,Miley Cyrus,Flowers,Columbia,1,7,26,938358,CA,Canada,Q3,2023
11,spotify:track:3sW3oSbzsfecv9XoUdGs7h,Taylor Swift,Enchanted (Taylor's Version),Taylor Swift,11,-1,1,936243,CA,Canada,Q3,2023
12,spotify:track:1s7oOCT8vauUh01PbJD6ps,"Rema, Selena Gomez",Calm Down (with Selena Gomez),Mavin Records / Jonzing World,3,8,46,919998,CA,Canada,Q3,2023
13,spotify:track:3MytWN8L7shNYzGl4tAKRp,Taylor Swift,Sparks Fly (Taylor’s Version),Taylor Swift,13,-1,1,900696,CA,Canada,Q3,2023
14,spotify:track:0NwGC0v03ysCYINtg6ns58,Taylor Swift,Better Than Revenge (Taylor's Version),Taylor Swift,14,-1,1,825534,CA,Canada,Q3,2023
15,spotify:track:5xXqyjLicvEpch72qEryFT,Taylor Swift,Speak Now (Taylor's Version),Taylor Swift,15,-1,1,816190,CA,Canada,Q3,2023
16,spotify:track:6WzRpISELf3YglGAh7TXcG,"The Weeknd, Playboi Carti, Madonna",Popular (with Playboi Carti & Madonna) - From The Idol Vol. 1 (Music from the HBO Original Series),XO / Republic Records,4,9,6,810540,CA,Canada,Q3,2023
17,spotify:track:1zU8j1x3yi9xalMF96pzKp,Taylor Swift,Dear John (Taylor's Version),Taylor Swift,17,-1,1,797012,CA,Canada,Q3,2023
18,spotify:track:5sdQOyqq2IDhvmx2lHOpwd,NewJeans,Super Shy,ADOR,18,-1,1,769601,CA,Canada,Q3,2023
19,spotify:track:1odExI7RdWc4BT515LTAwj,David Kushner,Daylight,Miserable Music Group,2,11,13,749200,CA,Canada,Q3,2023
20,spotify:track:1Qrg8KqiBpW07V7PNxwwwL,SZA,Kill Bill,Top Dawg Entertainment/RCA Records,1,10,31,737922,CA,Canada,Q3,2023
21,spotify:track:30Y4CV7A6YqtQtTTo7Ue4j,Taylor Swift,Mean (Taylor's Version),Taylor Swift,21,-1,1,729782,CA,Canada,Q3,2023
22,spotify:track:3WMj8moIAXJhHsyLaqIIHI,Zach Bryan,Something in the Orange,Warner Records,10,22,62,727418,CA,Canada,Q3,2023
23,spotify:track:6T7FXSuXykeGktMLGp8WgE,"Lil Durk, J. Cole",All My Life (feat. J. Cole),Alamo,4,12,9,725664,CA,Canada,Q3,2023
24,spotify:track:6dTA6y0C2ReQklntzZl8l3,Taylor Swift,The Story Of Us (Taylor's Version),Taylor Swift,24,-1,1,725310,CA,Canada,Q3,2023
25,spotify:track:4ABYxlb92WBIjHu7TIKmml,"Taylor Swift, Hayley Williams",Castles Crumbling (feat. Hayley Williams) (Taylor’s Version) (From The Vault),Taylor Swift,25,-1,1,719263,CA,Canada,Q3,2023
26,spotify:track:5W4kiM2cUYBJXKRudNyxjW,Morgan Wallen,You Proof,Morgan Wallen,13,17,61,713258,CA,Canada,Q3,2023
27,spotify:track:4Dvkj6JhhA12EX05fT7y2e,Harry Styles,As It Was,Columbia,1,16,67,699671,CA,Canada,Q3,2023
28,spotify:track:4uUG5RXrOk84mYEfFvj3cK,"David Guetta, Bebe Rexha",I'm Good (Blue),Parlophone UK,1,15,46,697760,CA,Canada,Q3,2023
29,spotify:track:4e3ZNTAV6PCrdYMUrUlMpQ,"Taylor Swift, Fall Out Boy",Electric Touch (feat. Fall Out Boy) (Taylor’s Version) (From The Vault),Taylor Swift,29,-1,1,696488,CA,Canada,Q3,2023
30,spotify:track:0zo975x58DlXbZllWvfYhg,Taylor Swift,When Emma Falls in Love (Taylor’s Version) (From The Vault),Taylor Swift,30,-1,1,691486,CA,Canada,Q3,2023
31,spotify:track:741UUVE2kuITl0c6zuqqbO,"Nicki Minaj, Ice Spice, Aqua",Barbie World (with Aqua) [From Barbie The Album],Atlantic Records,14,14,3,681126,CA,Canada,Q3,2023
32,spotify:track:7FbrGaHYVDmfr7KoLIZnQ7,FIFTY FIFTY,Cupid - Twin Version,SME Korea Inc.,4,18,18,670349,CA,Canada,Q3,2023
33,spotify:track:4fYte8ZvTK14NEhAOZocBi,OneRepublic,I Ain't Worried,Mosley Music/Interscope Records,3,19,58,662089,CA,Canada,Q3,2023
34,spotify:track:2dHHgzDwk4BJdRwy9uXhTO,"Metro Boomin, The Weeknd, 21 Savage",Creepin' (with The Weeknd & 21 Savage),Republic Records,1,20,32,650139,CA,Canada,Q3,2023
35,spotify:track:4s8BIKx4Zh6ryAEz8RTlaU,Taylor Swift,Foolish One (Taylor’s Version) (From The Vault),Taylor Swift,35,-1,1,636560,CA,Canada,Q3,2023
36,spotify:track:48UKTR66uUOT9LaUvooTNx,Luke Combs,The Kind of Love We Make,River House Artists/Columbia Nashville,14,23,56,627694,CA,Canada,Q3,2023
37,spotify:track:4tMzIAFTFdqGBQLdfbPces,Taylor Swift,Haunted (Taylor's Version),Taylor Swift,37,-1,1,613662,CA,Canada,Q3,2023
38,spotify:track:1HCdems7PQZRj42QDWLA0A,Taylor Swift,Timeless (Taylor’s Version) (From The Vault),Taylor Swift,38,-1,1,606387,CA,Canada,Q3,2023
39,spotify:track:3cBsEDNhFI9E82vPj3kvi3,Morgan Wallen,Wasted On You,Morgan Wallen,8,24,82,605528,CA,Canada,Q3,2023
40,spotify:track:1vYXt7VSjH9JIM5oRRo7vA,Dua Lipa,Dance The Night - From Barbie The Album,Atlantic Records,16,35,7,578128,CA,Canada,Q3,2023
41,spotify:track:4hqJ4bSlYJOXb6Z4SRmzxs,Taylor Swift,Long Live (Taylor's Version),Taylor Swift,41,-1,1,574197,CA,Canada,Q3,2023
42,spotify:track:3USxtqRwSYz57Ewm6wWRMp,Glass Animals,Heat Waves,Polydor Records,1,25,133,561952,CA,Canada,Q3,2023
43,spotify:track:59KOoHFcw5XfICnO57holu,Taylor Swift,Last Kiss (Taylor's Version),Taylor Swift,43,-1,1,560218,CA,Canada,Q3,2023
44,spotify:track:7aRCf5cLOFN1U7kvtChY1G,Drake,Search & Rescue,OVO/Republic Records,1,34,14,556797,CA,Canada,Q3,2023
45,spotify:track:2EFZ9emtKWEglWUQGEQ3P9,Taylor Swift,Never Grow Up (Taylor's Version),Taylor Swift,45,-1,1,555900,CA,Canada,Q3,2023
46,spotify:track:0RiRZpuVRbi7oqRdSMwhQY,"Post Malone, Swae Lee",Sunflower - Spider-Man: Into the Spider-Verse,Republic Records,2,26,243,553093,CA,Canada,Q3,2023
47,spotify:track:3F5CgOj3wFlRv51JsHbxhe,"Drake, 21 Savage",Jimmy Cooks (feat. 21 Savage),OVO,1,38,56,547686,CA,Canada,Q3,2023
48,spotify:track:5rurggqwwudn9clMdcchxT,"Metro Boomin, Swae Lee, NAV, A Boogie Wit da Hoodie","Calling (Spider-Man: Across the Spider-Verse) (Metro Boomin & Swae Lee, NAV, feat. A Boogie Wit da Hoodie)",Republic Records,4,21,6,546650,CA,Canada,Q3,2023
49,spotify:track:0V3wPSX9ygBnCm8psDIegu,Taylor Swift,Anti-Hero,Taylor Swift,1,31,38,543828,CA,Canada,Q3,2023
50,spotify:track:6AQbmUe0Qwf5PZnt4HmTXv,"PinkPantheress, Ice Spice",Boy's a liar Pt. 2,Warner Records,2,30,23,539629,CA,Canada,Q3,2023
1,spotify:track:2YSzYUF3jWqb9YP9VXmpjE,"Drake, Yeat",IDGAF (feat. Yeat),OVO/Republic,1,-1,1,2680009,CA,Canada,Q4,2023
2,spotify:track:7aqfrAY2p9BUSiupwk3svU,"Drake, J. Cole",First Person Shooter (feat. J. Cole),OVO/Republic,2,-1,1,2575368,CA,Canada,Q4,2023
3,spotify:track:3eP13S8D5m2cweMEg3ZDed,Drake,Virginia Beach,OVO/Republic,3,-1,1,2062837,CA,Canada,Q4,2023
4,spotify:track:4ZT0wGKwlJRjpMUuwZVy3p,Drake,Daylight,OVO/Republic,4,-1,1,1642554,CA,Canada,Q4,2023
5,spotify:track:56y1jOTK0XSvJzVv9vHQBK,Doja Cat,Paint The Town Red,Kemosabe Records/RCA Records,1,1,10,1640078,CA,Canada,Q4,2023
6,spotify:track:0AYt6NMyyLd0rLuvr0UkMH,"Drake, SZA",Slime You Out (feat. SZA),OVO/Republic,1,12,4,1634925,CA,Canada,Q4,2023
7,spotify:track:2nibvvDdAQkVraYP00z2RS,"Drake, 21 Savage",Calling For You (feat. 21 Savage),OVO/Republic,7,-1,1,1622484,CA,Canada,Q4,2023
8,spotify:track:3rUGC1vUpkDG9CZFHMur1t,Tate McRae,greedy,RCA Records Label,2,2,4,1578403,CA,Canada,Q4,2023
9,spotify:track:53KaP77tkliz36LPxWGlWK,Drake,Fear Of Heights,OVO/Republic,9,-1,1,1524146,CA,Canada,Q4,2023
10,spotify:track:6ZprqcYFC6D9eIZaCoqrSn,"Drake, Bad Bunny",Gently (feat. Bad Bunny),OVO/Republic,10,-1,1,1440347,CA,Canada,Q4,2023
11,spotify:track:4KULAymBBJcPRpk1yO4dOG,"Zach Bryan, Kacey Musgraves",I Remember Everything (feat. Kacey Musgraves),Warner Records,2,4,7,1344402,CA,Canada,Q4,2023
12,spotify:track:0w3Mfe4PIVjuFjJbe3OlYv,Drake,8am in Charlotte,OVO/Republic,12,-1,1,1327139,CA,Canada,Q4,2023
13,spotify:track:7K3BhSpAxZBznislvUMVtn,Morgan Wallen,Last Night,Morgan Wallen,1,3,37,1308260,CA,Canada,Q4,2023
14,spotify:track:0Mrnt1YqVuW2bqmwu4VxDt,"Drake, Teezo Touchdown",Amen (feat. Teezo Touchdown),OVO/Republic,14,-1,1,1306877,CA,Canada,Q4,2023
15,spotify:track:1yeB8MUNeLo9Ek1UEpsyz6,"Drake, Sexyy Red, SZA",Rich Baby Daddy (feat. Sexyy Red & SZA),OVO/Republic,15,-1,1,1304411,CA,Canada,Q4,2023
16,spotify:track:1GpWY5RiInhezB8wGWs6oN,Drake,7969 Santa,OVO/Republic,16,-1,1,1295114,CA,Canada,Q4,2023
17,spotify:track:1DAibqbopEYULPEtE8WHTE,Drake,What Would Pluto Do,OVO/Republic,17,-1,1,1197849,CA,Canada,Q4,2023
18,spotify:track:4rXLjWdF2ZZpXCVTfWcshS,Gunna,fukumean,300 Entertainment,1,5,17,1167547,CA,Canada,Q4,2023
19,spotify:track:3IHt4j5uAEl7iBu8Utn985,Drake,Tried Our Best,OVO/Republic,19,-1,1,1163442,CA,Canada,Q4,2023
20,spotify:track:24FUBxaAYSBlWsbSnEzDcn,"Drake, PARTYNEXTDOOR",Members Only (feat. PARTYNEXTDOOR),OVO/Republic,20,-1,1,1152581,CA,Canada,Q4,2023
21,spotify:track:3JZjcKImHcmOI9ylL4zrSc,Drake,Bahamas Promises,OVO/Republic,21,-1,1,1114330,CA,Canada,Q4,2023
22,spotify:track:1BxfuPKGuaTgP7aM0Bbdwr,Taylor Swift,Cruel Summer,Taylor Swift,3,6,40,1044142,CA,Canada,Q4,2023
23,spotify:track:17IBDpAl3J39swaoPlfGpp,"Drake, Lil Yachty",Another Late Night (feat. Lil Yachty),OVO/Republic,23,-1,1,1038006,CA,Canada,Q4,2023
24,spotify:track:5mjYQaktjmjcMKcUIcqz4s,Kenya Grace,Strangers,Warner Records/Major Recordings,7,7,6,1036214,CA,Canada,Q4,2023
25,spotify:track:1PIgY9ybyFT9uWLM5POYGY,"Drake, Chief Keef",All The Parties (feat. Chief Keef),OVO/Republic,25,-1,1,1030822,CA,Canada,Q4,2023
26,spotify:track:3vkCueOmm7xQDoJ17W1Pm3,Mitski,My Love Mine All Mine,Dead Oceans,13,13,4,1004912,CA,Canada,Q4,2023
27,spotify:track:03rwnftfgpYVO6QDWOZcG6,Drake,Drew A Picasso,OVO/Republic,27,-1,1,990062,CA,Canada,Q4,2023
28,spotify:track:6wsqVwoiVH2kde4k4KKAFU,Travis Scott,I KNOW ?,Cactus Jack/Epic,6,8,11,913862,CA,Canada,Q4,2023
29,spotify:track:3WMj8moIAXJhHsyLaqIIHI,Zach Bryan,Something in the Orange,Warner Records,10,11,75,900650,CA,Canada,Q4,2023
30,spotify:track:4IcbUXrAzBtn6iUO1LP471,Drake,Away From Home,OVO/Republic,30,-1,1,884565,CA,Canada,Q4,2023
31,spotify:track:1Lo0QY9cvc8sUB2vnIOxDT,Luke Combs,Fast Car,River House Artists/Columbia Nashville,3,9,29,843950,CA,Canada,Q4,2023
32,spotify:track:1kuGVB7EU95pJObxwvfwKS,Olivia Rodrigo,vampire,Olivia Rodrigo PS,1,10,15,833470,CA,Canada,Q4,2023
33,spotify:track:3oZZfVvLJuDYc4Vn3A63Fw,Drake,Polar Opposites,OVO/Republic,33,-1,1,766013,CA,Canada,Q4,2023
34,spotify:track:2FDTHlrBguDzQkp7PVj16Q,"Dave, Central Cee",Sprinter,Neighbourhood / Live Yours,2,14,19,731346,CA,Canada,Q4,2023
35,spotify:track:1mjAD7IYvI5UGiB7WnppMf,Drake,BBL Love - Interlude,OVO/Republic,35,-1,1,718411,CA,Canada,Q4,2023
36,spotify:track:0mflMxspEfB0VbI1kyLiAv,Noah Kahan,Stick Season,Mercury Records/Republic Records,33,33,28,700642,CA,Canada,Q4,2023
37,spotify:track:0ArVfVP8B5svkfj8clHNzB,Drake,Screw The World - Interlude,OVO/Republic,37,-1,1,687755,CA,Canada,Q4,2023
38,spotify:track:67nepsnrcZkowTxMWigSbb,"Travis Scott, Drake",MELTDOWN (feat. Drake),Cactus Jack/Epic,1,28,11,684198,CA,Canada,Q4,2023
39,spotify:track:1vYXt7VSjH9JIM5oRRo7vA,Dua Lipa,Dance The Night - From Barbie The Album,Atlantic Records,8,16,20,676565,CA,Canada,Q4,2023
40,spotify:track:6wf7Yu7cxBSPrRlWeSeK0Q,Billie Eilish,"What Was I Made For? [From The Motion Picture ""Barbie""]",Darkroom/Interscope Records,6,18,13,651918,CA,Canada,Q4,2023
41,spotify:track:6rjuKpPydT2SxN15TZpV7r,Lil Tecca,500lbs,Galactic Records/Lil Tecca,39,53,5,650119,CA,Canada,Q4,2023
42,spotify:track:5W4kiM2cUYBJXKRudNyxjW,Morgan Wallen,You Proof,Morgan Wallen,13,17,74,639925,CA,Canada,Q4,2023
43,spotify:track:78Du4CMFgnhdlG33gblkiP,Oliver Anthony Music,Rich Men North of Richmond,Oliver Anthony Music/ radiowv,5,19,9,633248,CA,Canada,Q4,2023
44,spotify:track:3F5CgOj3wFlRv51JsHbxhe,"Drake, 21 Savage",Jimmy Cooks (feat. 21 Savage),OVO,1,31,69,631434,CA,Canada,Q4,2023
45,spotify:track:1odExI7RdWc4BT515LTAwj,David Kushner,Daylight,Miserable Music Group,2,22,26,629923,CA,Canada,Q4,2023
46,spotify:track:01qFKNWq73UfEslI0GvumE,"Jung Kook, Jack Harlow",3D (feat. Jack Harlow),BIGHIT MUSIC,15,15,2,614061,CA,Canada,Q4,2023
47,spotify:track:3cBsEDNhFI9E82vPj3kvi3,Morgan Wallen,Wasted On You,Morgan Wallen,8,21,95,609285,CA,Canada,Q4,2023
48,spotify:track:1s7oOCT8vauUh01PbJD6ps,"Rema, Selena Gomez",Calm Down (with Selena Gomez),Mavin Records / Jonzing World,3,24,59,591692,CA,Canada,Q4,2023
49,spotify:track:7x9aauaA9cu6tyfpHnqDLo,"Jung Kook, Latto",Seven (feat. Latto),BIGHIT MUSIC,3,23,13,588609,CA,Canada,Q4,2023
50,spotify:track:1Qrg8KqiBpW07V7PNxwwwL,SZA,Kill Bill,Top Dawg Entertainment/RCA Records,1,29,44,583861,CA,Canada,Q4,2023
1,spotify:track:2oiixB9QMIzhWaHGVlQx4g,"Yandel, Feid",Yandel 150,La Leyenda LLC,1,10,3,1560105,CO,Colombia,Q1,2023
2,spotify:track:1zsPaEkglFvxjAhrM8yhpr,"Ozuna, Feid",Hey Mor,Aura Music Corp.,1,1,14,1524120,CO,Colombia,Q1,2023
3,spotify:track:0CYTGMBYkwUxrj1MWDLrC5,Feid,CHORRITO PA LAS ANIMAS,UMLE - Latino,2,3,6,1375693,CO,Colombia,Q1,2023
4,spotify:track:2CeKVsFFXG4QzA415QygGb,Feid,Feliz Cumpleaños Ferxxo,UMLE - Latino,1,2,21,1311629,CO,Colombia,Q1,2023
5,spotify:track:2mnXxnrX5vCGolNkaFvVeM,"Arcángel, Bad Bunny",La Jumpa,Rimas Entertainment LLC.,3,4,7,1263752,CO,Colombia,Q1,2023
6,spotify:track:5ww2BF9slyYgNOk37BlC4u,Manuel Turizo,La Bachata,Sony Music Latin/La Industria,2,5,32,1148417,CO,Colombia,Q1,2023
7,spotify:track:0T2pB7P1VdXPhLdQZ488uH,Feid,Normal,UMLE - Latino,1,6,27,945755,CO,Colombia,Q1,2023
8,spotify:track:6Sq7ltF9Qa7SNFBsV5Cogx,"Bad Bunny, Chencho Corleone",Me Porto Bonito,Rimas Entertainment LLC,1,7,36,836543,CO,Colombia,Q1,2023
9,spotify:track:2tTmW7RDtMQtBk7m2rYeSw,"Bizarrap, Quevedo","Quevedo: Bzrp Music Sessions, Vol. 52/66",DALE PLAY Records,1,8,28,811736,CO,Colombia,Q1,2023
10,spotify:track:5jt25aFjW2kNoBqaEVaz5W,"Mora, Feid",LA INOCENTE,Rimas Entertainment LLC,9,11,41,801549,CO,Colombia,Q1,2023
11,spotify:track:1sbNEFiURUYfy024cJX8JG,Feid,Ferxxo 100,UMLE - Latino,4,12,32,788912,CO,Colombia,Q1,2023
12,spotify:track:4nrPB8O7Y7wsOCJdgXkthe,"Bizarrap, Shakira","Shakira: Bzrp Music Sessions, Vol. 53/66",DALE PLAY Records,12,-1,1,752245,CO,Colombia,Q1,2023
13,spotify:track:5Eax0qFko2dh7Rl2lYs3bx,Bad Bunny,Efecto,Rimas Entertainment LLC,3,9,36,739662,CO,Colombia,Q1,2023
14,spotify:track:3PpWCS95gDUDRPko3u1MZ9,Feid,Prohibidox,UMLE - Latino,2,14,18,734422,CO,Colombia,Q1,2023
15,spotify:track:54ELExv56KCAB4UP9cOCzC,"Ñengo Flow, Bad Bunny",Gato de Noche,Rimas Entertainment LLC,11,15,3,697495,CO,Colombia,Q1,2023
16,spotify:track:3k3NWokhRRkEPhCzPmV8TW,"Bad Bunny, Bomba Estéreo",Ojitos Lindos,Rimas Entertainment LLC,1,13,36,690690,CO,Colombia,Q1,2023
17,spotify:track:33cF8aTmGJ6TsEf23uqGIN,"Rauw Alejandro, Lyanno, Brray",LOKERA,Sony Music Latin/Duars Entertainment,15,17,24,596575,CO,Colombia,Q1,2023
18,spotify:track:7dSZ6zGTQx66c2GF91xCrb,KAROL G,PROVENZA,BICHOTA RECORDS / INTERSCOPE RECORDS / UNIVERSAL MUSIC LATINO,1,18,38,583046,CO,Colombia,Q1,2023
19,spotify:track:4TFNKnMWjcMWzpkSwQrrcu,"Feid, DJ Premier",Le Pido a DIOS,UMLE - Latino,14,20,6,572858,CO,Colombia,Q1,2023
20,spotify:track:1ga4PztXOIw1yBbdUt2X8v,"KAROL G, Maldy",GATÚBELA,BICHOTA RECORDS / INTERSCOPE RECORDS / UNIVERSAL MUSIC LATINO,6,19,20,565442,CO,Colombia,Q1,2023
21,spotify:track:1IHWl5LamUGEuP4ozKQSXZ,Bad Bunny,Tití Me Preguntó,Rimas Entertainment LLC,3,16,36,544106,CO,Colombia,Q1,2023
22,spotify:track:6WbAhuwE6fCOriBu5786X1,"KAROL G, Ovy On The Drums",CAIRO,BICHOTA RECORDS / INTERSCOPE RECORDS / UNIVERSAL MUSIC LATINO,15,23,9,542659,CO,Colombia,Q1,2023
23,spotify:track:5NxhMcHSVY3Z7ykWxZf3aj,"JHAYCO, Feid, Sech",En La De Ella,N&E Entertainment LLC,18,26,12,497945,CO,Colombia,Q1,2023
24,spotify:track:6lV9cTvioGWqRXSgfjAUGL,"Maluma, Feid",Mojando Asientos (feat. Feid),Sony Music Latin,9,27,42,481287,CO,Colombia,Q1,2023
25,spotify:track:6Xom58OOXk2SoU711L2IXO,Bad Bunny,Moscow Mule,Rimas Entertainment LLC,2,22,36,467683,CO,Colombia,Q1,2023
26,spotify:track:31i56LZnwE6uSu3exoHjtB,Bad Bunny,Neverita,Rimas Entertainment LLC,15,21,36,457797,CO,Colombia,Q1,2023
27,spotify:track:1JpzJfxjHGFUyTHXLZidok,"Ryan Castro, Feid",Monastery,UMLE - Latino,1,28,61,455873,CO,Colombia,Q1,2023
28,spotify:track:672zDo2nzWSoIIQ7zD5kuj,"Feid, Zion & Lennox",La Pasamos CXBRXN,UMLE - Latino,16,30,6,452458,CO,Colombia,Q1,2023
29,spotify:track:6G12ZafqofSq7YtrMqUm76,"Shakira, Ozuna",Monotonía,Sony Music Latin,10,32,13,450384,CO,Colombia,Q1,2023
30,spotify:track:0fea68AdmYNygeTGI4RC18,"J Balvin, Bad Bunny",LA CANCIÓN,Universal Music Latino / Rimas,2,25,185,445935,CO,Colombia,Q1,2023
31,spotify:track:3JYw9n3rJTVQryVz1rwlH4,"Blessd, Pirlo",Ziploc (Blessd Version),WEA Latina,12,29,10,440056,CO,Colombia,Q1,2023
32,spotify:track:0cubEBmB9wjsdBwXNFmzFy,"Morat, Feid",Salir Con Vida,Universal Music Spain S.L.,6,34,11,420754,CO,Colombia,Q1,2023
33,spotify:track:12RaiccXZ5yIDrHt4c5ngZ,Blessd,Que Duro,WEA Latina,15,31,10,418285,CO,Colombia,Q1,2023
34,spotify:track:3fjN3y5x4hN53rykAN2LHQ,Rels B,cómo dormiste?,DALE PLAY Records / Flakk Team,17,38,23,408557,CO,Colombia,Q1,2023
35,spotify:track:6wtZPYBIXUvCpXwVjMCJBf,"Polimá Westcoast, Feid, Pailita, Paloma Mami, De La Ghetto",ULTRA SOLO REMIX,Sony Music Entertainment Chile S.A,14,37,30,385157,CO,Colombia,Q1,2023
36,spotify:track:58cEG7FsVoipRiRKUMgOjo,"Rauw Alejandro, Baby Rasta",PUNTO 40,Sony Music Latin/Duars Entertainment,23,39,16,380161,CO,Colombia,Q1,2023
37,spotify:track:2vsoD8S1OyrWSVIA43hjaU,Feid,Si Te La Encuentras Por Ahí,UMLE - Latino,5,42,23,374009,CO,Colombia,Q1,2023
38,spotify:track:2JPLbjOn0wPCngEot2STUS,Bad Bunny,Yonaguni,Rimas Entertainment LLC,1,24,84,373933,CO,Colombia,Q1,2023
39,spotify:track:4Dvkj6JhhA12EX05fT7y2e,Harry Styles,As It Was,Columbia,12,41,41,370752,CO,Colombia,Q1,2023
40,spotify:track:7iwJOi3hlMqZt6pj1sQOBj,Quevedo,VISTA AL MAR,Rimas Entertainment LLC.,40,46,18,370425,CO,Colombia,Q1,2023
41,spotify:track:6mmPpaltUZK7xjNlBPQQ0p,"Rauw Alejandro, Chencho Corleone",Desesperados,Sony Music Latin/Duars Entertainment,3,36,57,366353,CO,Colombia,Q1,2023
42,spotify:track:53tfEupEzQRtVFOeZvk7xq,ROSALÍA,DESPECHÁ,Columbia,17,35,24,363956,CO,Colombia,Q1,2023
43,spotify:track:4khWEpnaijN0G1x019Uzdr,Morat,No Se Va,Universal Music Spain S.L.,34,49,78,358730,CO,Colombia,Q1,2023
44,spotify:track:1JXcB149QtbcIpDUA6YZOB,Grupo Niche,Algo Que Se Quede,Grupo Niche,30,33,71,347878,CO,Colombia,Q1,2023
45,spotify:track:68e9XUS28xQRV9jghSx0NX,Arcángel,JS4E,Rimas Entertainment LLC.,24,43,8,340888,CO,Colombia,Q1,2023
46,spotify:track:2TCklWS3S4Zg6e2m2MBoYm,"Blessd, Myke Towers, Ovy On The Drums",Tendencia Global,WEA Latina,3,44,43,337684,CO,Colombia,Q1,2023
47,spotify:track:0oBtwScT4B4BR5kZitNWd5,Quevedo,PUNTO G,Rimas Entertainment LLC.,47,90,9,329248,CO,Colombia,Q1,2023
48,spotify:track:4srcMdbm2qzVG98tJajHxp,"Alejo, Feid, ROBI",Pantysito,UMLE - Latino,1,50,43,318619,CO,Colombia,Q1,2023
49,spotify:track:3KZCP2StVGdWkOKyRZNWA4,Plan B,Es un Secreto,Pina Records,39,66,102,307164,CO,Colombia,Q1,2023
50,spotify:track:1797zYiX4cKosMH836X9Gt,"Bad Bunny, Tony Dize",La Corriente,Rimas Entertainment LLC,12,45,36,301384,CO,Colombia,Q1,2023
1,spotify:track:4FAKtPVycI4DxoOHC01YqD,"Yandel, Feid",Yandel 150,La Leyenda LLC,1,1,16,1791113,CO,Colombia,Q2,2023
2,spotify:track:6XSqqQIy7Lm7SnwxS4NrGx,"Feid, Young Miko",CLASSY 101,UMLE - Latino,2,4,2,1664481,CO,Colombia,Q2,2023
3,spotify:track:3dnP0JxCgygwQH9Gm7q7nb,"Eslabon Armado, Peso Pluma",Ella Baila Sola,DEL Records,3,16,4,1616168,CO,Colombia,Q2,2023
4,spotify:track:0DWdj2oZMBFSzRsi2Cvfzf,"KAROL G, Shakira",TQG,BICHOTA RECORDS / INTERSCOPE RECORDS / UNIVERSAL MUSIC LATINO,1,2,7,1431879,CO,Colombia,Q2,2023
5,spotify:track:0CYTGMBYkwUxrj1MWDLrC5,Feid,CHORRITO PA LAS ANIMAS,UMLE - Latino,2,3,19,1281159,CO,Colombia,Q2,2023
6,spotify:track:1zsPaEkglFvxjAhrM8yhpr,"Ozuna, Feid",Hey Mor,Aura Music Corp.,1,5,27,1259752,CO,Colombia,Q2,2023
7,spotify:track:3eqCJfgJJs8iKx49KO12s3,Feid,REMIX EXCLUSIVO,UMLE - Latino,5,6,4,1184922,CO,Colombia,Q2,2023
8,spotify:track:2CeKVsFFXG4QzA415QygGb,Feid,Feliz Cumpleaños Ferxxo,UMLE - Latino,1,7,34,1059848,CO,Colombia,Q2,2023
9,spotify:track:6otePxalBK8AVa20xhZYVQ,KAROL G,MIENTRAS ME CURO DEL CORA,BICHOTA RECORDS / INTERSCOPE RECORDS / UNIVERSAL MUSIC LATINO,4,8,7,994267,CO,Colombia,Q2,2023
10,spotify:track:0T2pB7P1VdXPhLdQZ488uH,Feid,Normal,UMLE - Latino,1,9,40,984218,CO,Colombia,Q2,2023
11,spotify:track:0PB0O24JqAuNdOAFVJljMS,"Eladio Carrion, Bad Bunny",Coco Chanel,Rimas Entertainment LLC,4,11,4,977939,CO,Colombia,Q2,2023
12,spotify:track:4NoOME4Dhf4xgxbHDT7VGe,"KAROL G, Romeo Santos",X SI VOLVEMOS,BICHOTA RECORDS / INTERSCOPE RECORDS / UNIVERSAL MUSIC LATINO,3,12,10,847085,CO,Colombia,Q2,2023
13,spotify:track:2mnXxnrX5vCGolNkaFvVeM,"Arcángel, Bad Bunny",La Jumpa,Rimas Entertainment LLC.,3,13,20,841029,CO,Colombia,Q2,2023
14,spotify:track:1QX030xITUJlE8yPKRnQHP,"KEVIN ROLDAN, Bryant Myers",UFFF,UMLE - Latino,14,-1,1,839235,CO,Colombia,Q2,2023
15,spotify:track:609E1JCInJncactoMmkDon,"ROSALÍA, Rauw Alejandro",BESO,Columbia Records/Duars Entertainment/Sony Music Latin,10,10,3,805041,CO,Colombia,Q2,2023
16,spotify:track:3tt9i3Hhzq84dPS8H7iSiJ,Manuel Turizo,La Bachata,Sony Music Latin/La Industria,2,14,45,801696,CO,Colombia,Q2,2023
17,spotify:track:2UW7JaomAMuX9pZrjVpHAU,"Yng Lvcas, Peso Pluma",La Bebe - Remix,WM Mexico,17,32,3,766641,CO,Colombia,Q2,2023
18,spotify:track:5jt25aFjW2kNoBqaEVaz5W,"Mora, Feid",LA INOCENTE,Rimas Entertainment LLC,9,17,54,763612,CO,Colombia,Q2,2023
19,spotify:track:1sbNEFiURUYfy024cJX8JG,Feid,Ferxxo 100,UMLE - Latino,4,18,45,721729,CO,Colombia,Q2,2023
20,spotify:track:7cQ0LAxT5HHCLGbxcjaxac,"Bizarrap, Arcángel","Arcángel: Bzrp Music Sessions, Vol. 54/66",DALE PLAY Records,8,15,4,705784,CO,Colombia,Q2,2023
21,spotify:track:7MVIfkyzuUmQ716j8U7yGR,"Milo j, Taiu",Rara Vez,Universal Music Argentina S.A.,21,26,8,670840,CO,Colombia,Q2,2023
22,spotify:track:4nrPB8O7Y7wsOCJdgXkthe,"Bizarrap, Shakira","Shakira: Bzrp Music Sessions, Vol. 53/66",DALE PLAY Records,1,19,14,626794,CO,Colombia,Q2,2023
23,spotify:track:6Sq7ltF9Qa7SNFBsV5Cogx,"Bad Bunny, Chencho Corleone",Me Porto Bonito,Rimas Entertainment LLC,1,21,49,605703,CO,Colombia,Q2,2023
24,spotify:track:3HqcNJdZ2seoGxhn0wVNDK,KAROL G,PROVENZA,BICHOTA RECORDS / INTERSCOPE RECORDS / UNIVERSAL MUSIC LATINO,1,22,51,600579,CO,Colombia,Q2,2023
25,spotify:track:2tTmW7RDtMQtBk7m2rYeSw,"Bizarrap, Quevedo","Quevedo: Bzrp Music Sessions, Vol. 52/66",DALE PLAY Records,1,20,41,596178,CO,Colombia,Q2,2023
26,spotify:track:3PpWCS95gDUDRPko3u1MZ9,Feid,Prohibidox,UMLE - Latino,2,24,31,580048,CO,Colombia,Q2,2023
27,spotify:track:3k3NWokhRRkEPhCzPmV8TW,"Bad Bunny, Bomba Estéreo",Ojitos Lindos,Rimas Entertainment LLC,1,25,49,566704,CO,Colombia,Q2,2023
28,spotify:track:3qXZqXGniqNt3PK2CBSZgM,"Eladio Carrion, Myke Towers",Si La Calle Llama - Remix,Rimas Entertainment LLC,12,23,4,565059,CO,Colombia,Q2,2023
29,spotify:track:1lRtH4FszTrwwlK5gTSbXO,"Natanael Cano, Peso Pluma, Gabito Ballesteros",AMG,WEA Latina,29,57,8,563390,CO,Colombia,Q2,2023
30,spotify:track:5Eax0qFko2dh7Rl2lYs3bx,Bad Bunny,Efecto,Rimas Entertainment LLC,3,27,49,552047,CO,Colombia,Q2,2023
31,spotify:track:16dUQ4quIHDe4ZZ0wF1EMN,"KAROL G, Ovy On The Drums",CAIRO,BICHOTA RECORDS / INTERSCOPE RECORDS / UNIVERSAL MUSIC LATINO,13,28,22,541731,CO,Colombia,Q2,2023
32,spotify:track:6odrHMSLjP3aOXC4ipKUC6,Yng Lvcas,La Bebe,Yng Lvcas,32,34,10,530733,CO,Colombia,Q2,2023
33,spotify:track:2mpoNBkngUEwnaKoBhZ0vl,"Peso Pluma, Natanael Cano",PRC,Prajin Parlay Inc dba Prajin Records / Rancho Humilde / Los CT,33,89,3,518616,CO,Colombia,Q2,2023
34,spotify:track:7Lkxvfl2rkNYWS4kBDCQtN,"Peso Pluma, Blessd",Las Morras,Prajin Parlay Inc dba Prajina Records / Worms Music / Warner Music Colombia / Warner Music Latina / JM WORLD MUSIC / CIGOL,34,-1,1,518146,CO,Colombia,Q2,2023
35,spotify:track:3KZCP2StVGdWkOKyRZNWA4,Plan B,Es un Secreto,Pina Records,33,36,115,507031,CO,Colombia,Q2,2023
36,spotify:track:1JpzJfxjHGFUyTHXLZidok,"Ryan Castro, Feid",Monastery,UMLE - Latino,1,31,74,502446,CO,Colombia,Q2,2023
37,spotify:track:54ELExv56KCAB4UP9cOCzC,"Ñengo Flow, Bad Bunny",Gato de Noche,Rimas Entertainment LLC,11,29,16,485284,CO,Colombia,Q2,2023
38,spotify:track:4DHcnVTT87F0zZhRPYmZ3B,Miley Cyrus,Flowers,Columbia,5,33,13,482081,CO,Colombia,Q2,2023
39,spotify:track:3Ua0m0YmEjrMi9XErKcNiR,Jimin,Like Crazy,BIGHIT MUSIC,39,46,3,478318,CO,Colombia,Q2,2023
40,spotify:track:4dyzxv5SsdBtunuU3qj7Ti,Fresto Music,Me Hace Daño Verte,Codiscos,30,30,35,467766,CO,Colombia,Q2,2023
41,spotify:track:4TFNKnMWjcMWzpkSwQrrcu,"Feid, DJ Premier",Le Pido a DIOS,UMLE - Latino,14,37,19,452090,CO,Colombia,Q2,2023
42,spotify:track:6lV9cTvioGWqRXSgfjAUGL,"Maluma, Feid",Mojando Asientos (feat. Feid),Sony Music Latin,9,39,55,436070,CO,Colombia,Q2,2023
43,spotify:track:44FzVABpR2cciquTqADA0D,Young Miko,Lisa,The Wave Music Group,23,35,6,428757,CO,Colombia,Q2,2023
44,spotify:track:0fea68AdmYNygeTGI4RC18,"J Balvin, Bad Bunny",LA CANCIÓN,Universal Music Latino / Rimas,2,40,198,416564,CO,Colombia,Q2,2023
45,spotify:track:4WiQA1AGWHFvaxBU6bHghs,Quevedo,PUNTO G,Rimas Entertainment LLC.,20,38,22,415768,CO,Colombia,Q2,2023
46,spotify:track:1aUq8rjW1EwkAkMri4VfJy,"Rauw Alejandro, Lyanno, Brray",LOKERA,Sony Music Latin/Duars Entertainment,15,41,37,403193,CO,Colombia,Q2,2023
47,spotify:track:4wTXGVoFvKjqvFZNgHuioe,"Ovi, C.R.O, LIT killah, Alemán",Poco a Poco,IGA,47,-1,1,398840,CO,Colombia,Q2,2023
48,spotify:track:6Vn1vje8yMw2OY6IOk9dkH,"KAROL G, Maldy",GATÚBELA,BICHOTA RECORDS / INTERSCOPE RECORDS / UNIVERSAL MUSIC LATINO,6,42,33,392111,CO,Colombia,Q2,2023
49,spotify:track:4Dvkj6JhhA12EX05fT7y2e,Harry Styles,As It Was,Columbia,12,48,54,390936,CO,Colombia,Q2,2023
50,spotify:track:4khWEpnaijN0G1x019Uzdr,Morat,No Se Va,Universal Music Spain S.L.,34,45,91,390018,CO,Colombia,Q2,2023
1,spotify:track:7ABLbnD53cQK00mhcaOUVG,Myke Towers,LALA,WEA Latina,1,3,3,2206852,CO,Colombia,Q3,2023
2,spotify:track:6XSqqQIy7Lm7SnwxS4NrGx,"Feid, Young Miko",CLASSY 101,UMLE - Latino,1,1,15,1433819,CO,Colombia,Q3,2023
3,spotify:track:505v13epFXodT9fVAJ6h8k,KAROL G,AMARGURA,BICHOTA RECORDS / INTERSCOPE RECORDS / UNIVERSAL MUSIC LATINO,2,2,20,1308077,CO,Colombia,Q3,2023
4,spotify:track:4PA1wK0leCjmRZlP5dQ8Lv,"Sky Rompiendo, Feid, Myke Towers",El Cielo,Sony Music Latin,1,4,6,1243494,CO,Colombia,Q3,2023
5,spotify:track:6pD0ufEQq0xdHSsRbg9LBK,"Grupo Frontera, Bad Bunny",un x100to,Rimas Entertainment LLC.,1,5,13,1107581,CO,Colombia,Q3,2023
6,spotify:track:1zsPaEkglFvxjAhrM8yhpr,"Ozuna, Feid",Hey Mor,Aura Music Corp.,1,9,40,1081962,CO,Colombia,Q3,2023
7,spotify:track:2UW7JaomAMuX9pZrjVpHAU,"Yng Lvcas, Peso Pluma",La Bebe - Remix,WM Mexico,5,8,16,1050390,CO,Colombia,Q3,2023
8,spotify:track:0CYTGMBYkwUxrj1MWDLrC5,Feid,CHORRITO PA LAS ANIMAS,UMLE - Latino,2,11,32,1041999,CO,Colombia,Q3,2023
9,spotify:track:4FAKtPVycI4DxoOHC01YqD,"Yandel, Feid",Yandel 150,La Leyenda LLC,1,7,29,1031197,CO,Colombia,Q3,2023
10,spotify:track:7ro0hRteUMfnOioTFI5TG1,Bad Bunny,WHERE SHE GOES,Rimas Entertainment LLC,1,10,8,1021489,CO,Colombia,Q3,2023
11,spotify:track:3qQbCzHBycnDpGskqOWY0E,"Eslabon Armado, Peso Pluma",Ella Baila Sola,DEL Records,1,6,17,963177,CO,Colombia,Q3,2023
12,spotify:track:2CeKVsFFXG4QzA415QygGb,Feid,Feliz Cumpleaños Ferxxo,UMLE - Latino,1,14,47,929959,CO,Colombia,Q3,2023
13,spotify:track:0DWdj2oZMBFSzRsi2Cvfzf,"KAROL G, Shakira",TQG,BICHOTA RECORDS / INTERSCOPE RECORDS / UNIVERSAL MUSIC LATINO,1,12,20,874684,CO,Colombia,Q3,2023
14,spotify:track:0T2pB7P1VdXPhLdQZ488uH,Feid,Normal,UMLE - Latino,1,15,53,843138,CO,Colombia,Q3,2023
15,spotify:track:6k5wiT5l9DK8iZmhvEvoqo,"Brray, JHAYCO, Ryan Castro",Corazón Roto - Remix,Universal Music Latino,15,17,14,827681,CO,Colombia,Q3,2023
16,spotify:track:2CvfXjMfoheLIdjlkIBjXA,"Kapla y Miky, The Rudeboyz",LOS CULOS DE MEDALLO,Latino Gang Music,8,23,5,801076,CO,Colombia,Q3,2023
17,spotify:track:3Gs7mVfWKl567mjozgxmXv,"Feid, Sean Paul",Niña Bonita,UMLE - Latino,6,16,12,777416,CO,Colombia,Q3,2023
18,spotify:track:5jt25aFjW2kNoBqaEVaz5W,"Mora, Feid",LA INOCENTE,Rimas Entertainment LLC,9,21,67,760735,CO,Colombia,Q3,2023
19,spotify:track:4eMKD8MRroxCqugpsxCCNb,"Tainy, Bad Bunny",MOJABI GHOST,"NEON16, LLC",13,13,2,748574,CO,Colombia,Q3,2023
20,spotify:track:3tt9i3Hhzq84dPS8H7iSiJ,Manuel Turizo,La Bachata,Sony Music Latin/La Industria,2,18,58,735820,CO,Colombia,Q3,2023
21,spotify:track:6otePxalBK8AVa20xhZYVQ,KAROL G,MIENTRAS ME CURO DEL CORA,BICHOTA RECORDS / INTERSCOPE RECORDS / UNIVERSAL MUSIC LATINO,4,20,20,733416,CO,Colombia,Q3,2023
22,spotify:track:0PB0O24JqAuNdOAFVJljMS,"Eladio Carrion, Bad Bunny",Coco Chanel,Rimas Entertainment LLC,4,25,17,724272,CO,Colombia,Q3,2023
23,spotify:track:4aEOz6ZpXh3wF4FOdJHOPV,"Wolfine, Ñejo",Escápate Conmigo - Remix,LOMIORECORDS,22,24,18,721729,CO,Colombia,Q3,2023
24,spotify:track:4NoOME4Dhf4xgxbHDT7VGe,"KAROL G, Romeo Santos",X SI VOLVEMOS,BICHOTA RECORDS / INTERSCOPE RECORDS / UNIVERSAL MUSIC LATINO,3,26,23,679986,CO,Colombia,Q3,2023
25,spotify:track:5NhLA2P7AiV3cloVmwtwLS,"Tainy, Arcángel, JHAYCO, Myke Towers, Omar Courtz, Arca",PASIEMPRE,"NEON16, LLC",19,19,2,658515,CO,Colombia,Q3,2023
26,spotify:track:3KZCP2StVGdWkOKyRZNWA4,Plan B,Es un Secreto,Pina Records,23,33,128,636164,CO,Colombia,Q3,2023
27,spotify:track:1sbNEFiURUYfy024cJX8JG,Feid,Ferxxo 100,UMLE - Latino,4,27,58,617603,CO,Colombia,Q3,2023
28,spotify:track:6Sq7ltF9Qa7SNFBsV5Cogx,"Bad Bunny, Chencho Corleone",Me Porto Bonito,Rimas Entertainment LLC,1,30,62,590858,CO,Colombia,Q3,2023
29,spotify:track:3HqcNJdZ2seoGxhn0wVNDK,KAROL G,PROVENZA,BICHOTA RECORDS / INTERSCOPE RECORDS / UNIVERSAL MUSIC LATINO,1,32,64,569030,CO,Colombia,Q3,2023
30,spotify:track:2mnXxnrX5vCGolNkaFvVeM,"Arcángel, Bad Bunny",La Jumpa,Rimas Entertainment LLC.,3,31,33,568813,CO,Colombia,Q3,2023
31,spotify:track:3k3NWokhRRkEPhCzPmV8TW,"Bad Bunny, Bomba Estéreo",Ojitos Lindos,Rimas Entertainment LLC,1,34,62,545437,CO,Colombia,Q3,2023
32,spotify:track:28BSTgZH1ckI8Xfy8LXaRz,"Yandel, Feid, Daddy Yankee",Yankee 150,La Leyenda LLC,21,22,4,530918,CO,Colombia,Q3,2023
33,spotify:track:6XbtvPmIpyCbjuT0e8cQtp,Quevedo,Columbia,Rimas Entertainment LLC.,33,-1,1,523526,CO,Colombia,Q3,2023
34,spotify:track:5Eax0qFko2dh7Rl2lYs3bx,Bad Bunny,Efecto,Rimas Entertainment LLC,3,35,62,520750,CO,Colombia,Q3,2023
35,spotify:track:7MVIfkyzuUmQ716j8U7yGR,"Milo j, Taiu",Rara Vez,Universal Music Argentina S.A.,21,50,21,507359,CO,Colombia,Q3,2023
36,spotify:track:2tTmW7RDtMQtBk7m2rYeSw,"Bizarrap, Quevedo","Quevedo: Bzrp Music Sessions, Vol. 52/66",DALE PLAY Records,1,36,54,503944,CO,Colombia,Q3,2023
37,spotify:track:2ItA7kOg5NH6AygzU30sEv,"Tony Dize, Plan B",Solos,Pina Records,37,42,57,499261,CO,Colombia,Q3,2023
38,spotify:track:4wu7jIeJCUhQJaXsXVit0e,Blessd,Palabras Sobran,WEA Latina,23,47,8,494663,CO,Colombia,Q3,2023
39,spotify:track:3PpWCS95gDUDRPko3u1MZ9,Feid,Prohibidox,UMLE - Latino,2,41,44,490037,CO,Colombia,Q3,2023
40,spotify:track:5YJ4BVvTFmVCxUyhKejHfR,Tego Calderón,Pa' Que Retozen,"Jiggiri Records, Inc.",35,38,136,478316,CO,Colombia,Q3,2023
41,spotify:track:13Z5Q40pa1Ly7aQk1oW8Ce,"Nicky Jam, Feid",69,Sony Music Latin,14,37,8,477296,CO,Colombia,Q3,2023
42,spotify:track:5AqiaZwhmC6dIbgWrD5SzV,"Bizarrap, Peso Pluma","Peso Pluma: Bzrp Music Sessions, Vol. 55/66",DALE PLAY Records,8,40,7,460638,CO,Colombia,Q3,2023
43,spotify:track:4dyzxv5SsdBtunuU3qj7Ti,Fresto Music,Me Hace Daño Verte,Codiscos,30,39,48,459177,CO,Colombia,Q3,2023
44,spotify:track:69Ej1xrGjOcHvIMtMKxK0G,Don Omar,Dile,UMLE - Machete,40,43,140,451335,CO,Colombia,Q3,2023
45,spotify:track:368eeEO3Y2uZUQ6S5oIjcu,Fuerza Regida,TQM,Rancho Humilde/Street Mob Records,38,45,8,443874,CO,Colombia,Q3,2023
46,spotify:track:1JpzJfxjHGFUyTHXLZidok,"Ryan Castro, Feid",Monastery,UMLE - Latino,1,48,87,442802,CO,Colombia,Q3,2023
47,spotify:track:0EhuGnOS6fTc5l5UNtDEH2,"SAIKO, Quevedo, Feid, Mora",POLARIS - Remix,2023 Rimas Entertainment LLC.,31,44,5,439250,CO,Colombia,Q3,2023
48,spotify:track:0fea68AdmYNygeTGI4RC18,"J Balvin, Bad Bunny",LA CANCIÓN,Universal Music Latino / Rimas,2,46,211,434380,CO,Colombia,Q3,2023
49,spotify:track:0hDE81j4N2DPLbEY4tiCDs,"Tainy, Daddy Yankee, Feid, Sech",LA BABY,"NEON16, LLC",28,28,3,420789,CO,Colombia,Q3,2023
50,spotify:track:1JXcB149QtbcIpDUA6YZOB,Grupo Niche,Algo Que Se Quede,Grupo Niche,30,51,97,414114,CO,Colombia,Q3,2023
1,spotify:track:5RqSsdzTNPX1uzkmlHCFvK,"KAROL G, Peso Pluma",QLONA,Bichota/Interscope Records,1,1,9,1676060,CO,Colombia,Q4,2023
2,spotify:track:7ABLbnD53cQK00mhcaOUVG,Myke Towers,LALA,WEA Latina,1,2,16,1336078,CO,Colombia,Q4,2023
3,spotify:track:4bw8mcDUSRWfQo63ZTYRnU,"Maluma, Carín León",Según Quién,Sony Music Latin,3,3,7,1157021,CO,Colombia,Q4,2023
4,spotify:track:505v13epFXodT9fVAJ6h8k,KAROL G,AMARGURA,BICHOTA RECORDS / INTERSCOPE RECORDS / UNIVERSAL MUSIC LATINO,2,5,33,1117659,CO,Colombia,Q4,2023
5,spotify:track:6XSqqQIy7Lm7SnwxS4NrGx,"Feid, Young Miko",CLASSY 101,UMLE - Latino,1,4,28,1057138,CO,Colombia,Q4,2023
6,spotify:track:1iLbUmb2b2btyAAcQ68a1p,"Bizarrap, Milo j","Milo J: Bzrp Music Sessions, Vol. 57/66",DALE PLAY Records,6,-1,1,1006077,CO,Colombia,Q4,2023
7,spotify:track:2LWM5Ft0TdX24GeSq1u6PV,Feid,FERXXO 30,UMLE - Latino,7,-1,1,942261,CO,Colombia,Q4,2023
8,spotify:track:54zcJnb3tp9c5OVKREZ1Is,KAROL G,MI EX TENÍA RAZÓN,Bichota/Interscope Records,2,9,9,926041,CO,Colombia,Q4,2023
9,spotify:track:25OeKzcqakFPaJlXHPE5lm,Carín León,Primera Cita,"Socios Music, LLC",7,10,13,883265,CO,Colombia,Q4,2023
10,spotify:track:63ui2w3QJBp8xx0c1MJB2Z,Bad Bunny,UN PREVIEW,Rimas Entertainment LLC,10,13,3,864825,CO,Colombia,Q4,2023
11,spotify:track:2hn2zOA2XFlv6DSmesylrL,"Ryan Castro, Peso Pluma, SOG",QUEMA,Sony Music Latin,6,12,13,845617,CO,Colombia,Q4,2023
12,spotify:track:4aEOz6ZpXh3wF4FOdJHOPV,"Wolfine, Ñejo",Escápate Conmigo - Remix,LOMIORECORDS,12,20,31,775086,CO,Colombia,Q4,2023
13,spotify:track:2CeKVsFFXG4QzA415QygGb,Feid,Feliz Cumpleaños Ferxxo,UMLE - Latino,1,15,60,771284,CO,Colombia,Q4,2023
14,spotify:track:2HafqoJbgXdtjwCOvNEF14,iñigo quintero,Si No Estás,Acqustic,14,53,2,753221,CO,Colombia,Q4,2023
15,spotify:track:4SW9gHnW8NfKOdqmh0ij45,"Bizarrap, Milo j",Fruto,DALE PLAY Records,15,-1,1,750389,CO,Colombia,Q4,2023
16,spotify:track:62xla8336vUnmxTWNzCfRt,"Feid, Rema",BUBALU,UMLE - Latino,6,6,3,748927,CO,Colombia,Q4,2023
17,spotify:track:4PA1wK0leCjmRZlP5dQ8Lv,"Sky Rompiendo, Feid, Myke Towers",El Cielo,Sony Music Latin,1,17,19,744555,CO,Colombia,Q4,2023
18,spotify:track:1zsPaEkglFvxjAhrM8yhpr,"Ozuna, Feid",Hey Mor,Aura Music Corp.,1,14,53,733684,CO,Colombia,Q4,2023
19,spotify:track:5jt25aFjW2kNoBqaEVaz5W,"Mora, Feid",LA INOCENTE,Rimas Entertainment LLC,9,21,80,713026,CO,Colombia,Q4,2023
20,spotify:track:4FAKtPVycI4DxoOHC01YqD,"Yandel, Feid",Yandel 150,La Leyenda LLC,1,16,42,708005,CO,Colombia,Q4,2023
21,spotify:track:6XbtvPmIpyCbjuT0e8cQtp,Quevedo,Columbia,Rimas Entertainment LLC.,7,19,14,696762,CO,Colombia,Q4,2023
22,spotify:track:0CYTGMBYkwUxrj1MWDLrC5,Feid,CHORRITO PA LAS ANIMAS,UMLE - Latino,2,24,45,688855,CO,Colombia,Q4,2023
23,spotify:track:0DWdj2oZMBFSzRsi2Cvfzf,"KAROL G, Shakira",TQG,BICHOTA RECORDS / INTERSCOPE RECORDS / UNIVERSAL MUSIC LATINO,1,29,33,661181,CO,Colombia,Q4,2023
24,spotify:track:0goXAEnjWhssHU0y9Zyqyf,Feid,LUCES DE TECNO,UMLE - Latino,7,7,2,652847,CO,Colombia,Q4,2023
25,spotify:track:0T2pB7P1VdXPhLdQZ488uH,Feid,Normal,UMLE - Latino,1,22,66,647653,CO,Colombia,Q4,2023
26,spotify:track:6KaezqeYEakCN6jq5a7T1w,"Nath, Pirlo, Cheztom",KLKNTOKI,La Industria,26,49,3,641629,CO,Colombia,Q4,2023
27,spotify:track:2yzshFeBIwH8tWIqHEFLeD,"Grupo Frontera, Bad Bunny",un x100to,BorderTown Records,1,28,26,639760,CO,Colombia,Q4,2023
28,spotify:track:4gJfPoMIcSDGY0tMGxm6Fu,KAROL G,OKI DOKI,Bichota/Interscope Records,20,39,9,635550,CO,Colombia,Q4,2023
29,spotify:track:30ZwYmaZ9rrmjlEHLhF8qR,"Feid, Ryan Castro",RITMO DE MEDALLO,UMLE - Latino,8,8,2,633965,CO,Colombia,Q4,2023
30,spotify:track:2Cl4HCBmPddQNZEncdoXp0,"Feid, ICON",FERXXO 151,UMLE - Latino,11,11,7,631277,CO,Colombia,Q4,2023
31,spotify:track:6irysuQyZWd7Bjj7ePiOs2,JHAYCO,Holanda,N&E Entertainment LLC,11,25,11,628844,CO,Colombia,Q4,2023
32,spotify:track:3KZCP2StVGdWkOKyRZNWA4,Plan B,Es un Secreto,Pina Records,23,33,141,608231,CO,Colombia,Q4,2023
33,spotify:track:3tt9i3Hhzq84dPS8H7iSiJ,Manuel Turizo,La Bachata,Sony Music Latin/La Industria,2,32,71,606589,CO,Colombia,Q4,2023
34,spotify:track:0sfk352FO8bJUjWjIsyzSR,Mora,DONDE SE APRENDE A QUERER?,Rimas Entertainment LLC,8,35,7,600208,CO,Colombia,Q4,2023
35,spotify:track:0BFQC00Y58JtjMyTXOJazO,KAROL G,S91,Bichota/Interscope Records,6,38,13,595737,CO,Colombia,Q4,2023
36,spotify:track:6k5wiT5l9DK8iZmhvEvoqo,"Brray, JHAYCO, Ryan Castro",Corazón Roto - Remix,Universal Music Latino,9,30,27,589298,CO,Colombia,Q4,2023
37,spotify:track:3qQbCzHBycnDpGskqOWY0E,"Eslabon Armado, Peso Pluma",Ella Baila Sola,DEL Records,1,48,30,556025,CO,Colombia,Q4,2023
38,spotify:track:6Sq7ltF9Qa7SNFBsV5Cogx,"Bad Bunny, Chencho Corleone",Me Porto Bonito,Rimas Entertainment LLC,1,52,75,552629,CO,Colombia,Q4,2023
39,spotify:track:4wu7jIeJCUhQJaXsXVit0e,Blessd,Palabras Sobran,WEA Latina,23,46,21,552371,CO,Colombia,Q4,2023
40,spotify:track:7mXuWTczZNxG5EDcjFEuJR,"Peso Pluma, Gabito Ballesteros, Junior H",LADY GAGA,Double P Records,31,44,16,551968,CO,Colombia,Q4,2023
41,spotify:track:6otePxalBK8AVa20xhZYVQ,KAROL G,MIENTRAS ME CURO DEL CORA,BICHOTA RECORDS / INTERSCOPE RECORDS / UNIVERSAL MUSIC LATINO,4,43,33,545389,CO,Colombia,Q4,2023
42,spotify:track:2UW7JaomAMuX9pZrjVpHAU,"Yng Lvcas, Peso Pluma",La Bebe - Remix,WM Mexico,5,41,29,542430,CO,Colombia,Q4,2023
43,spotify:track:7ro0hRteUMfnOioTFI5TG1,Bad Bunny,WHERE SHE GOES,Rimas Entertainment LLC,1,51,21,536462,CO,Colombia,Q4,2023
44,spotify:track:2ItA7kOg5NH6AygzU30sEv,"Tony Dize, Plan B",Solos,Pina Records,33,47,70,532788,CO,Colombia,Q4,2023
45,spotify:track:5YJ4BVvTFmVCxUyhKejHfR,Tego Calderón,Pa' Que Retozen,"Jiggiri Records, Inc.",35,55,149,529688,CO,Colombia,Q4,2023
46,spotify:track:1sbNEFiURUYfy024cJX8JG,Feid,Ferxxo 100,UMLE - Latino,4,42,71,516337,CO,Colombia,Q4,2023
47,spotify:track:5d5OZU83S7zk9tywpKXU7H,"Soley, Esteban Rojas, Reboll333, Los Rogelios, ElMalaFama, DFZM, Robin Rouse",Todos Mienten,Sony Music Entertainment,45,45,3,509346,CO,Colombia,Q4,2023
48,spotify:track:3cDyocF0Ibdfs1SFQk5cLZ,Darell,Lollipop,Sony Music Latin,48,156,2,503843,CO,Colombia,Q4,2023
49,spotify:track:7MVIfkyzuUmQ716j8U7yGR,"Milo j, Taiu",Rara Vez,Universal Music Argentina S.A.,21,87,34,497248,CO,Colombia,Q4,2023
50,spotify:track:6uIIdjYTxxpWOyWuVXrKQO,"Calle 24, Chino Pacas, Fuerza Regida",Que Onda,Street Mob Records,50,71,4,495441,CO,Colombia,Q4,2023
1,spotify:track:7DyDjhZMEIK5Ied4juTCyc,"AYLIVA, MERO",Sie weiß (feat. Mero),Whiteheart Records/WM Germany,1,-1,1,5629382,DE,Germany,Q1,2023
2,spotify:track:4YxZQd3I4rj1nqkXgvpCk4,"Peter Fox, Inéz",Zukunft Pink (feat. Inéz),WM Germany,1,1,12,2398499,DE,Germany,Q1,2023
3,spotify:track:7lkYdyKCN44Lc5saKwIGhP,"The Cratez, Sido, Kontra K, Montez",Spät nach Haus,GOLD LEAGUE/RBK,3,-1,1,2300525,DE,Germany,Q1,2023
4,spotify:track:3zkyus0njMCL6phZmNNEeN,Central Cee,LET GO,Central Cee,4,4,4,2196507,DE,Germany,Q1,2023
5,spotify:track:4uUG5RXrOk84mYEfFvj3cK,"David Guetta, Bebe Rexha",I'm Good (Blue),Parlophone UK,2,2,20,2175190,DE,Germany,Q1,2023
6,spotify:track:7sJNeWTXkZCEC7OnFMpGWL,"Luciano, Aitch, BIA",Bamba (feat. Aitch & BIA),URBAN,1,3,16,2102696,DE,Germany,Q1,2023
7,spotify:track:2dHHgzDwk4BJdRwy9uXhTO,"Metro Boomin, The Weeknd, 21 Savage",Creepin' (with The Weeknd & 21 Savage),Republic Records,6,6,6,2041882,DE,Germany,Q1,2023
8,spotify:track:4HkRGYJYn1Y99uXpqTyOI6,"Milano, Eddin",Au Revoir,DEUX FRÈRES MUSIC & Vertigo Berlin,8,-1,1,1946804,DE,Germany,Q1,2023
9,spotify:track:5WxVXxCMRnvxUKFq40ELwq,"RAYE, 070 Shake",Escapism.,Human Re Sources,9,10,7,1898080,DE,Germany,Q1,2023
10,spotify:track:561jH07mF1jHuk7KlaeF0s,Eminem,Mockingbird,Eminem Catalog PS,6,9,14,1874414,DE,Germany,Q1,2023
11,spotify:track:3nqQXoyQOWXiESFLlDF1hG,"Sam Smith, Kim Petras",Unholy (feat. Kim Petras),Capitol Records UK / EMI,2,7,16,1787600,DE,Germany,Q1,2023
12,spotify:track:1z9NVyu6rOFQR57vA94xbR,Nina Chuba,Glatteis,Jive,11,11,6,1590286,DE,Germany,Q1,2023
13,spotify:track:6yeZM8gyykjaf8w0GqRfK4,Nina Chuba,Wildberry Lillet,Jive,1,5,22,1557236,DE,Germany,Q1,2023
14,spotify:track:4tRhRLBxIZ34Iw0eCuiC03,southstar,Miss You,Columbia/B1 Recordings,6,8,26,1501958,DE,Germany,Q1,2023
15,spotify:track:7jtQIBanIiJOMS6RyCx6jZ,Tom Odell,Another Love,ITNO/Columbia,10,13,97,1475063,DE,Germany,Q1,2023
16,spotify:track:0V3wPSX9ygBnCm8psDIegu,Taylor Swift,Anti-Hero,Taylor Swift,7,15,12,1366153,DE,Germany,Q1,2023
17,spotify:track:1Qrg8KqiBpW07V7PNxwwwL,SZA,Kill Bill,Top Dawg Entertainment/RCA Records,17,30,4,1273166,DE,Germany,Q1,2023
18,spotify:track:5CGPOGyyF3XvyQwyqlJH0P,"Nina Chuba, Chapo102",Ich hass dich,Jive,7,21,14,1258747,DE,Germany,Q1,2023
19,spotify:track:5ZduaRci3iNUiDfJbBfAaf,Matt Sassari,Give It To Me - Full Vocal Mix,Cr2 Records,16,16,26,1254675,DE,Germany,Q1,2023
20,spotify:track:4pnk9Mhzcv3oHxFyARlNNP,"MADE, Bobby Vandamme, Dorian",Moulaga,MADE Entertainment,10,26,13,1218982,DE,Germany,Q1,2023
21,spotify:track:3rb0tMq42WfggucPm0HHkA,"MEDUZA, James Carter, Elley Duhé, FAST BOY",Bad Memories (feat. Elley Duhé & FAST BOY),Universal-Island Records Ltd.,17,17,23,1199693,DE,Germany,Q1,2023
22,spotify:track:1kKvfCmzXzRcfszwQrXFPM,AYLIVA,Bei Nacht,Whiteheart Records/WM Germany,11,33,16,1197961,DE,Germany,Q1,2023
23,spotify:track:5YdnOm5990Kfq1Jodws98B,"Felix Jaehn, Ray Dalton",Call It Love,Intercord,12,12,16,1135621,DE,Germany,Q1,2023
24,spotify:track:5w1KF2w0e8W1EEHsCJYYCf,"Gustav, NOAH",Luftballon,GOLD LEAGUE/Bamboo,24,-1,1,1127985,DE,Germany,Q1,2023
25,spotify:track:6BePGk3eCan4FqaW2X8Qy3,"Tiësto, Tate McRae",10:35,Atlantic Records,25,32,10,1113125,DE,Germany,Q1,2023
26,spotify:track:73vIOb4Q7YN6HeJTbscRx5,"Oliver Tree, Robin Schulz",Miss You - Bonus Track,Atlantic Records,19,20,14,1109052,DE,Germany,Q1,2023
27,spotify:track:5xX2LYdXyx0Boa61rZOjq5,Luciano,Beautiful Girl,URBAN,1,23,37,1097924,DE,Germany,Q1,2023
28,spotify:track:3JOV6IFlO4cviGK2cqeTVQ,"Ski Aggu, Endzone, Ericson",Party Sahne,jungeratze & Bamboo Artists,24,24,14,1022340,DE,Germany,Q1,2023
29,spotify:track:4zN21mbAuaD0WqtmaTZZeP,"James Hype, Miggy Dela Rosa",Ferrari,Universal-Island Records Ltd.,5,14,34,1009000,DE,Germany,Q1,2023
30,spotify:track:3kgt8Ys78I6GBZlQrWqZiA,"Miksu / Macloud, makko",Nachts wach,Futura,1,29,27,1007199,DE,Germany,Q1,2023
31,spotify:track:7fZBQnc0zXwVybgCIrQQil,"Imanbek, BYOR",Belly Dancer,Musical Freedom,10,18,41,994327,DE,Germany,Q1,2023
32,spotify:track:6rCnJGzjbgyYyhILDcpJmc,LIKA,Bad Bitch,aura records & Polydor x Island Records,32,-1,1,984968,DE,Germany,Q1,2023
33,spotify:track:38T0tPVZHcPZyhtOcCP7pF,Lil Nas X,STAR WALKIN' (League of Legends Worlds Anthem),Columbia,20,39,16,983811,DE,Germany,Q1,2023
34,spotify:track:4Dvkj6JhhA12EX05fT7y2e,Harry Styles,As It Was,Columbia,2,22,41,983804,DE,Germany,Q1,2023
35,spotify:track:7Je6BkJF9PnQ3lefOw1RrT,Bonez MC,Buzz Down,187 Strassenbande & Vertigo/Capitol,6,34,5,979244,DE,Germany,Q1,2023
36,spotify:track:1aOl53hkZGHkl2Snhr7opL,Dean Lewis,How Do I Say Goodbye,Universal Music Australia Pty. Ltd.,21,42,18,956154,DE,Germany,Q1,2023
37,spotify:track:6zJejIfVYLgjud3lTk4DLB,Rosa Linn,SNAP,Nvak Collective,21,38,28,955999,DE,Germany,Q1,2023
38,spotify:track:11BKm0j4eYoCPPpCONAVwA,Lady Gaga,Bloody Mary,Interscope,31,31,7,955068,DE,Germany,Q1,2023
39,spotify:track:2e8Y9puNglsJIEQbZIHA0t,Sido,Liebst du mich,Urban,25,41,9,932144,DE,Germany,Q1,2023
40,spotify:track:0QHEIqNKsMoOY5urbzN48u,Meghan Trainor,Made You Look,Epic,28,40,12,916845,DE,Germany,Q1,2023
41,spotify:track:35DkXhxqTMiQB582tfjowU,"BHZ, SIRA, Ion Miles",Powerade,BHZ,2,25,38,916233,DE,Germany,Q1,2023
42,spotify:track:1DTVCRW8QPPteXXhBlohM2,"Kontra K, Sido, Leony",Follow,Letzte Wölfe,4,45,27,911976,DE,Germany,Q1,2023
43,spotify:track:2q7srMvO0mexRQuP1DBMfM,"Ski Aggu, Endzone",Ghetto Tekkno,2Live Entertainment,43,-1,1,901907,DE,Germany,Q1,2023
44,spotify:track:5reUV4Jv5GBY1W15E4J9w9,Eddin,Du Fehlst,Epic/Eddin,14,48,13,901333,DE,Germany,Q1,2023
45,spotify:track:2IvrIIvwA3zEPXmJitBlJD,"Bausa, Maxwell, Joshi Mizu",Der Berg ruft,Bausa Distribution,28,56,7,892504,DE,Germany,Q1,2023
46,spotify:track:0WtM2NBVQNNJLh6scP13H8,"Rema, Selena Gomez",Calm Down (with Selena Gomez),Mavin Records / Jonzing World,46,61,19,886934,DE,Germany,Q1,2023
47,spotify:track:1N8TTK1Uoy7UvQNUazfUt5,ThxSoMch,SPIT IN MY FACE!,Elektra (NEK),47,59,8,875531,DE,Germany,Q1,2023
48,spotify:track:7xaqxUl08zOg0YNUHokQpq,"Miksu / Macloud, t-low",Sehnsucht,Futura,1,27,45,867471,DE,Germany,Q1,2023
49,spotify:track:4h9wh7iOZ0GGn8QVp4RAOB,OneRepublic,I Ain't Worried,Interscope Records,22,44,31,866422,DE,Germany,Q1,2023
50,spotify:track:07VcTAooOBP8hIluuUS5xr,twocolors,Heavy Metal Love,Intercord,50,51,9,856410,DE,Germany,Q1,2023
1,spotify:track:4taclmQm9wFcK4dKQjR5ny,"RAF Camora, Luciano",All Night,Indipendenza,1,1,2,4484969,DE,Germany,Q2,2023
2,spotify:track:7oQepKHmXDaPC3rgeLRvQu,"Udo Lindenberg, Apache 207",Komet,Warner Music Central Europe,1,3,12,3761993,DE,Germany,Q2,2023
3,spotify:track:3pyvUdSZvgrmZbXcEsL2bs,Apache 207,Breaking your heart,Four Music/Feder Musik,2,2,2,2993168,DE,Germany,Q2,2023
4,spotify:track:561jH07mF1jHuk7KlaeF0s,Eminem,Mockingbird,Eminem Catalog PS,4,6,27,2562650,DE,Germany,Q2,2023
5,spotify:track:4DHcnVTT87F0zZhRPYmZ3B,Miley Cyrus,Flowers,Columbia,1,5,13,2324089,DE,Germany,Q2,2023
6,spotify:track:7jvwORp293fGCP6KfmE8aQ,"Sfera Ebbasta, Luciano",Orange,Universal Music Italia srL.,6,-1,1,2171552,DE,Germany,Q2,2023
7,spotify:track:1rDfZwXzeotPuDtBJotaK1,reezy,SHOOT,Four Music/TEENAGER FOREVER Ent.,3,7,3,2060131,DE,Germany,Q2,2023
8,spotify:track:6WnIsfCuNqrlngROXGVe1W,AYLIVA,Was mir gefällt,Whiteheart Records/WM Germany,6,8,4,1925881,DE,Germany,Q2,2023
9,spotify:track:0SadJkWdnNOd8pljEd9Dfx,"Bonez MC, Gzuz",Tanzen (mit Handschellen),187 Strassenbande & Vertigo/Capitol,9,-1,1,1821972,DE,Germany,Q2,2023
10,spotify:track:7DyDjhZMEIK5Ied4juTCyc,"AYLIVA, MERO",Sie weiß (feat. Mero),Whiteheart Records/WM Germany,1,9,14,1767451,DE,Germany,Q2,2023
11,spotify:track:1ZKMMvWLhxXlk7VXqS7YRG,HoodBlaq,PASS AUF,Columbia/BE.ELA.QU GmbH,8,20,3,1591734,DE,Germany,Q2,2023
12,spotify:track:4NSjJM4RhFYYck8de4YsTb,AK AUSSERKONTROLLE,SUPERMODEL,XY Records & Vertigo Berlin,12,23,4,1576912,DE,Germany,Q2,2023
13,spotify:track:7AyE8MRf4dIK75mqqpks9S,Nina Chuba,Mangos mit Chili,Jive,4,13,10,1450201,DE,Germany,Q2,2023
14,spotify:track:7sJNeWTXkZCEC7OnFMpGWL,"Luciano, Aitch, BIA",Bamba (feat. Aitch & BIA),URBAN,1,14,29,1441948,DE,Germany,Q2,2023
15,spotify:track:4uUG5RXrOk84mYEfFvj3cK,"David Guetta, Bebe Rexha",I'm Good (Blue),Parlophone UK,2,15,33,1420554,DE,Germany,Q2,2023
16,spotify:track:0zKbDrEXKpnExhGQRe9dxt,Tiësto,Lay Low,Musical Freedom,16,17,14,1409292,DE,Germany,Q2,2023
17,spotify:track:4i81SNeu64liIEAytWqIOK,EAZ,Juicy,Universal Music GmbH,17,33,3,1353342,DE,Germany,Q2,2023
18,spotify:track:5qDzKUTHCUiKhewBa9STsE,"badmómzjay, Domiziana",Auf die Party,Vertigo Berlin,4,12,5,1323724,DE,Germany,Q2,2023
19,spotify:track:2dHHgzDwk4BJdRwy9uXhTO,"Metro Boomin, The Weeknd, 21 Savage",Creepin' (with The Weeknd & 21 Savage),Republic Records,5,21,19,1290471,DE,Germany,Q2,2023
20,spotify:track:6LBmaJYwbLHfQwIreMCLlw,Nina Chuba,Wildberry Lillet,Jive,1,19,35,1290326,DE,Germany,Q2,2023
21,spotify:track:4YxZQd3I4rj1nqkXgvpCk4,"Peter Fox, Inéz",Zukunft Pink (feat. Inéz),WM Germany,1,16,25,1280020,DE,Germany,Q2,2023
22,spotify:track:5CvAzdenlzv3ImMcG7awJV,"Julian Sommer, Mia Julia",Peter Pan,Electrola,17,18,3,1231014,DE,Germany,Q2,2023
23,spotify:track:7fTJOA7DSGp5LNua6OdMIF,"CÉLINE, Paula Hartmann",3 Sekunden (feat. Paula Hartmann),BTGS / A Million / Groove Attack,23,-1,1,1160321,DE,Germany,Q2,2023
24,spotify:track:2lY7A3rzOAtqUU99dLosiS,Shindy,GELD MACHEN JUNG,Sony Music/SHINDY,4,4,2,1152670,DE,Germany,Q2,2023
25,spotify:track:7aRCf5cLOFN1U7kvtChY1G,Drake,Search & Rescue,OVO/Republic Records,25,-1,1,1149875,DE,Germany,Q2,2023
26,spotify:track:05WmAn7motdmypzjO6hgza,Jamule,Warum bin ich so,Life Is Pain,26,-1,1,1117293,DE,Germany,Q2,2023
27,spotify:track:4AzR20u5TiZVR4932QbGTt,Jazeek,Diamond Ring,NINETYNINE MUSIC x Good Kid Records x VENTURA Records,24,24,3,1115202,DE,Germany,Q2,2023
28,spotify:track:7jtQIBanIiJOMS6RyCx6jZ,Tom Odell,Another Love,ITNO/Columbia,10,26,110,1087086,DE,Germany,Q2,2023
29,spotify:track:4atLPkcljMp14JBaigYFKC,"Empire Of The Sun, southstar",We Are The People - southstar Remix,EMI Recorded Music Australia Pty Ltd,27,27,13,1034495,DE,Germany,Q2,2023
30,spotify:track:5mHdCZtVyb4DcJw8799hZp,"RAYE, 070 Shake",Escapism.,Human Re Sources,8,25,20,1025271,DE,Germany,Q2,2023
31,spotify:track:3BKD1PwArikchz2Zrlp1qi,"David Guetta, Anne-Marie, Coi Leray",Baby Don't Hurt Me,Parlophone UK,31,-1,1,976357,DE,Germany,Q2,2023
32,spotify:track:6hw1Sy9wZ8UCxYGdpKrU6M,Apache 207,Roller,Four Music Local,1,28,190,975501,DE,Germany,Q2,2023
33,spotify:track:4hy7qTxsnyZUZoqo5RtaYq,Ed Sheeran,Eyes Closed,Atlantic Records UK,19,43,3,971984,DE,Germany,Q2,2023
34,spotify:track:0NZPBYD5qbEWRs3PrGiRkT,"Sam Smith, Kim Petras",Unholy (feat. Kim Petras),Capitol Records UK / EMI,2,29,29,971924,DE,Germany,Q2,2023
35,spotify:track:5ZduaRci3iNUiDfJbBfAaf,Matt Sassari,Give It To Me - Full Vocal Mix,Cr2 Records,16,32,39,967653,DE,Germany,Q2,2023
36,spotify:track:3V9WfZd3cdUuTZgSkWPZDm,"Jazeek, reezy",Bend Over Remix (feat. reezy),NINETYNINE MUSIC x Good Kid Records x VENTURA Records,36,-1,1,954217,DE,Germany,Q2,2023
37,spotify:track:7jYwZOptDPesQgzj7vhsEF,"Rubi, FABE BROWN",ONLY 4 LIFE - Remix,Polydor,16,30,14,944044,DE,Germany,Q2,2023
38,spotify:track:2Ia00WxA3ZINDzmj6rnsZF,"AK AUSSERKONTROLLE, Sido, Kontra K",DIESES EINE MAL,XY Records & Vertigo Berlin,10,10,2,929394,DE,Germany,Q2,2023
39,spotify:track:5xX2LYdXyx0Boa61rZOjq5,Luciano,Beautiful Girl,URBAN,1,36,50,926705,DE,Germany,Q2,2023
40,spotify:track:0mNWBN7udBbA3ZtkB80TPM,AK AUSSERKONTROLLE,BLACKOUT,XY Records & Vertigo Berlin,11,55,22,905833,DE,Germany,Q2,2023
41,spotify:track:0RPoYKcOKq8FRZ4j7MUkKF,"Jamule, Dardan",Glizzy,Life Is Pain,11,11,2,904653,DE,Germany,Q2,2023
42,spotify:track:1YFNxlftAZsXS8tKkbGKYl,"Eddin, PA Sports",bei Nacht,Epic/Eddin,42,-1,1,903863,DE,Germany,Q2,2023
43,spotify:track:6sizQj16amSoj5iXMDCx5J,"Kwam.E, OVE",Hallow Kitty,Nur! Musik,5,22,6,895758,DE,Germany,Q2,2023
44,spotify:track:6BePGk3eCan4FqaW2X8Qy3,"Tiësto, Tate McRae",10:35,Atlantic Records,20,39,23,894559,DE,Germany,Q2,2023
45,spotify:track:0V3wPSX9ygBnCm8psDIegu,Taylor Swift,Anti-Hero,Taylor Swift,7,40,25,880059,DE,Germany,Q2,2023
46,spotify:track:4Dvkj6JhhA12EX05fT7y2e,Harry Styles,As It Was,Columbia,2,45,54,879071,DE,Germany,Q2,2023
47,spotify:track:2toCf2FDbTIdWriPI6kcsY,"Nina Chuba, Chapo102",Ich hass dich,Jive,7,35,27,878691,DE,Germany,Q2,2023
48,spotify:track:2hFOXN8Eq2gXIGGMIdHdWJ,"Ski Aggu, Endzone, Ericson",Party Sahne,jungeratze & Bamboo Artists,24,37,27,875627,DE,Germany,Q2,2023
49,spotify:track:3RQHAFkEHiFHQ7qmMpKRdv,Linkin Park,Lost,Warner Records,5,38,9,864030,DE,Germany,Q2,2023
50,spotify:track:0WtM2NBVQNNJLh6scP13H8,"Rema, Selena Gomez",Calm Down (with Selena Gomez),Mavin Records / Jonzing World,41,42,32,859189,DE,Germany,Q2,2023
1,spotify:track:6tAKikIvnoWfUeZrfkopLL,"Ski Aggu, Joost, Otto Waalkes",Friesenjung,jungeratze & Albino Sports,1,1,7,3514938,DE,Germany,Q3,2023
2,spotify:track:7oQepKHmXDaPC3rgeLRvQu,"Udo Lindenberg, Apache 207",Komet,Warner Music Central Europe,1,2,25,3252528,DE,Germany,Q3,2023
3,spotify:track:5EqZIbLptCkJARJXOdseF9,Bonez MC,So🤞,187 Strassenbande & Vertigo/Capitol,3,-1,1,3070597,DE,Germany,Q3,2023
4,spotify:track:7AOJcugo17Kr1WUheSI6Oq,"Luca-Dante Spadafora, Niklas Dee, Octavian, Peter Plate, Ulf Leo Sommer",Mädchen auf dem Pferd,Zeitgeist,4,4,7,3025370,DE,Germany,Q3,2023
5,spotify:track:42Ztw2ZtZR3mtWjXpg0R5I,"Yung Yury, Damn Yury",TABU.,5Zero,1,3,14,2734066,DE,Germany,Q3,2023
6,spotify:track:5obtXG3NaPZykEFPWRPTPo,"Dardan, Azet",Malli,Hypnotize Entertainment,6,-1,1,2449490,DE,Germany,Q3,2023
7,spotify:track:0QlOkt8nkZ8zqu8xb2SHU8,"Niklas Dee, Old Jim, Enny-Mae",Not Fair,Astralwerks,7,8,5,2187272,DE,Germany,Q3,2023
8,spotify:track:4VY7aTxsMypdajrZULZFtg,"Casper, CRO",sommer (feat. CRO),EKLAT Tonträger/Warner Music Central Europe,8,-1,1,1906327,DE,Germany,Q3,2023
9,spotify:track:5YWu6dt50Nieq8qi572RF8,"SIRA, Bausa, badchieff",9 bis 9,Four Music/SIRA,9,31,9,1874495,DE,Germany,Q3,2023
10,spotify:track:16HZAn6XX5XIzKMqcZYoIY,"Miksu / Macloud, makko, t-low",Ich will,Futura,10,-1,1,1833992,DE,Germany,Q3,2023
11,spotify:track:1odExI7RdWc4BT515LTAwj,David Kushner,Daylight,Miserable Music Group,3,6,13,1814741,DE,Germany,Q3,2023
12,spotify:track:5TYmnScjaRecWuBqEaA7S5,"01099, Paul, Ski Aggu",Anders,01099 / Bamboo Artists / WMCE,7,9,12,1765356,DE,Germany,Q3,2023
13,spotify:track:6fsbuVwtZHq8bCfUOfmkNL,Apache 207,Breaking your heart,Four Music/Feder Musik,2,11,15,1729503,DE,Germany,Q3,2023
14,spotify:track:4ORixxN5kLrSgSwwuttB4t,AYLIVA,In deinen Armen,Whiteheart Records/WM Germany,3,5,4,1717660,DE,Germany,Q3,2023
15,spotify:track:5atei5eVpWKUJj5olSI32L,Apache 207,Wenn das so bleibt,Four Music/Feder Musik,1,10,8,1681948,DE,Germany,Q3,2023
16,spotify:track:3IhM5Mber8KA0NaRNpK2px,Tiësto,Lay Low,Atlantic Records,12,15,27,1613609,DE,Germany,Q3,2023
17,spotify:track:3AjSfp5FDvwtMU9XBsbS8j,Creeds,Push Up - Main Edit,Columbia/B1 Recordings,14,14,13,1586410,DE,Germany,Q3,2023
18,spotify:track:3BzqMLJnK8bHmlnKssixn5,"Jamal, HoodBlaq",REIN GEHEN,Columbia/BE.ELA.QU GmbH,7,7,2,1498108,DE,Germany,Q3,2023
19,spotify:track:6WzRpISELf3YglGAh7TXcG,"The Weeknd, Playboi Carti, Madonna",Popular (with Playboi Carti & Madonna) - From The Idol Vol. 1 (Music from the HBO Original Series),XO / Republic Records,19,23,6,1480524,DE,Germany,Q3,2023
20,spotify:track:2FDTHlrBguDzQkp7PVj16Q,"Dave, Central Cee",Sprinter,Neighbourhood / Live Yours,14,19,6,1463831,DE,Germany,Q3,2023
21,spotify:track:62NrIrsxxNXJVvtRivWYjM,"Ikke Hüftgold, Schürze, DJ Robin",Bumsbar,Summerfield Records,6,18,11,1414295,DE,Germany,Q3,2023
22,spotify:track:3BKD1PwArikchz2Zrlp1qi,"David Guetta, Anne-Marie, Coi Leray",Baby Don't Hurt Me,Parlophone UK,17,25,14,1414004,DE,Germany,Q3,2023
23,spotify:track:7AyE8MRf4dIK75mqqpks9S,Nina Chuba,Mangos mit Chili,Jive,4,29,23,1401341,DE,Germany,Q3,2023
24,spotify:track:3caxdAr1m31mOuKS5g7LwQ,Apache 207,Neunzig,Four Music/Feder Musik,1,20,11,1392774,DE,Germany,Q3,2023
25,spotify:track:3k79jB4aGmMDUQzEwa46Rz,Olivia Rodrigo,vampire,Olivia Rodrigo PS,12,12,2,1364541,DE,Germany,Q3,2023
26,spotify:track:4DHcnVTT87F0zZhRPYmZ3B,Miley Cyrus,Flowers,Columbia,1,21,26,1361468,DE,Germany,Q3,2023
27,spotify:track:2hFOXN8Eq2gXIGGMIdHdWJ,"Ski Aggu, Endzone, Ericson",Party Sahne,jungeratze & Bamboo Artists,24,38,40,1266457,DE,Germany,Q3,2023
28,spotify:track:6Ng40TRrkhviBybqFF1s6P,"FiNCH, Loona",VAMOS,Walk This Way Records,28,-1,1,1258733,DE,Germany,Q3,2023
29,spotify:track:1uUgy87UHT9rlbxHirty3g,"Peter Fox, Inéz",Zukunft Pink (feat. Inéz),Warner Music Central Europe,1,37,38,1225552,DE,Germany,Q3,2023
30,spotify:track:7JAx138Rw3k7L1rUIgnNqh,HoodBlaq,PASS AUF,Columbia/BE.ELA.QU GmbH,5,27,16,1204144,DE,Germany,Q3,2023
31,spotify:track:4rXLjWdF2ZZpXCVTfWcshS,Gunna,fukumean,300 Entertainment,31,51,4,1188282,DE,Germany,Q3,2023
32,spotify:track:6LBmaJYwbLHfQwIreMCLlw,Nina Chuba,Wildberry Lillet,Jive,1,39,48,1183286,DE,Germany,Q3,2023
33,spotify:track:5QVOfXj8466NDNQRAqfWaA,Pashanim,Bagchaser Can,Urban,2,34,8,1179384,DE,Germany,Q3,2023
34,spotify:track:3879mntZAUN5J9ejHjjvpr,"Tream, treamiboii",Zelten auf Kies,3AM MUSIC,32,42,9,1177169,DE,Germany,Q3,2023
35,spotify:track:561jH07mF1jHuk7KlaeF0s,Eminem,Mockingbird,Eminem Catalog PS,4,32,40,1173796,DE,Germany,Q3,2023
36,spotify:track:798N3AVTpnPSuYPh7KBCKA,"RAF Camora, Luciano",All Night,Indipendenza,1,28,15,1165784,DE,Germany,Q3,2023
37,spotify:track:2FiJGvN3fiXMwms9IftNV0,"FiNCH, Tream",LiEBE AUF DER RÜCKBANK,Walk This Way Records,19,46,6,1147490,DE,Germany,Q3,2023
38,spotify:track:4uUG5RXrOk84mYEfFvj3cK,"David Guetta, Bebe Rexha",I'm Good (Blue),Parlophone UK,2,41,46,1145060,DE,Germany,Q3,2023
39,spotify:track:78h9wCrvci2eKbssISzNbb,"RAF Camora, Ahmad Amin",Strada,Indipendenza,5,17,4,1141049,DE,Germany,Q3,2023
40,spotify:track:07MQt3L6LsFS5rAgUSSrMO,Apache 207,Was weißt du schon,Four Music/Feder Musik,5,24,5,1136844,DE,Germany,Q3,2023
41,spotify:track:2mitiDTMPJ82NxsUyK9pu5,"Azet, Dardan",Gang,FastLife Records/Warner Music Central Europe,7,26,3,1128381,DE,Germany,Q3,2023
42,spotify:track:7isGUU6IBnVjjwnyjldWXx,Olexesh,MISTER O,385ideal,42,-1,1,1111430,DE,Germany,Q3,2023
43,spotify:track:3pyZgbg3uC8NlBQ3E81zlb,"Hava, Dardan",Normal,Hypnotize Entertainment,12,33,5,1105828,DE,Germany,Q3,2023
44,spotify:track:4U4wfzEfxCHCiAdPg3oage,"01099, Paul, Gustav, Zachi",Tempo,01099 / Bamboo Artists / WMCE,13,13,2,1104833,DE,Germany,Q3,2023
45,spotify:track:2D0sOCo1zDMmt2dgFeqBs4,Bonez MC,Alles nur kein Star,187 Strassenbande & Vertigo/Capitol,2,59,6,1098475,DE,Germany,Q3,2023
46,spotify:track:2F2p7b5Xq20mRyEeWYaeUF,"Purple Disco Machine, Kungs, Julian Perretta",Substitution (feat. Julian Perretta),Columbia Local,44,50,14,1090436,DE,Germany,Q3,2023
47,spotify:track:1BxfuPKGuaTgP7aM0Bbdwr,Taylor Swift,Cruel Summer,Taylor Swift,47,54,3,1079070,DE,Germany,Q3,2023
48,spotify:track:1DmW5Ep6ywYwxc2HMT5BG6,Loreen,Tattoo,Universal Music AB,12,40,9,1037310,DE,Germany,Q3,2023
49,spotify:track:3JlHRjPt2TNB9h7VFf0im2,"Jonas Blue, Felix Jaehn",Weekends,Positiva,37,57,23,1035672,DE,Germany,Q3,2023
50,spotify:track:7DyDjhZMEIK5Ied4juTCyc,"AYLIVA, MERO",Sie weiß (feat. Mero),Whiteheart Records/WM Germany,1,44,27,1029250,DE,Germany,Q3,2023
1,spotify:track:3rUGC1vUpkDG9CZFHMur1t,Tate McRae,greedy,RCA Records Label,1,2,4,3531667,DE,Germany,Q4,2023
2,spotify:track:31nfdEooLEq7dn3UMcIeB5,BENNETT,Vois sur ton chemin - Techno Mix,Warner Music Central Europe,2,5,10,3239840,DE,Germany,Q4,2023
3,spotify:track:3an1JVi8OsE0aG6dMS4Pes,AYLIVA,Hässlich,Whiteheart Records/WM Germany,1,1,7,3195405,DE,Germany,Q4,2023
4,spotify:track:5mjYQaktjmjcMKcUIcqz4s,Kenya Grace,Strangers,Warner Records/Major Recordings,2,3,6,3170155,DE,Germany,Q4,2023
5,spotify:track:59NraMJsLaMCVtwXTSia8i,"cassö, RAYE, D-Block Europe",Prada,Ministry of Sound Recordings,2,4,9,3027673,DE,Germany,Q4,2023
6,spotify:track:2HafqoJbgXdtjwCOvNEF14,iñigo quintero,Si No Estás,Acqustic,6,20,2,3003619,DE,Germany,Q4,2023
7,spotify:track:3ilgxZl5g7MOQCUiky3VOG,Pashanim,Ms. Jackson,Urban,1,6,7,2874907,DE,Germany,Q4,2023
8,spotify:track:56y1jOTK0XSvJzVv9vHQBK,Doja Cat,Paint The Town Red,Kemosabe Records/RCA Records,1,7,10,2706474,DE,Germany,Q4,2023
9,spotify:track:5YWu6dt50Nieq8qi572RF8,"SIRA, Bausa, badchieff",9 bis 9,Four Music/SIRA,2,8,22,2554826,DE,Germany,Q4,2023
10,spotify:track:2EbO8k2jAHVRMVvUB77nNt,AYLIVA,Weißes Haus,Whiteheart Records/WM Germany,4,10,13,2219946,DE,Germany,Q4,2023
11,spotify:track:7AOJcugo17Kr1WUheSI6Oq,"Luca-Dante Spadafora, Niklas Dee, Octavian, Peter Plate, Ulf Leo Sommer",Mädchen auf dem Pferd,Zeitgeist,1,9,20,2213092,DE,Germany,Q4,2023
12,spotify:track:0dEvVBg3ArnuJ9WBnPzOcj,"Niclov, Baron",Feuer Wasser Sturm,Four Music Local,11,11,4,2208167,DE,Germany,Q4,2023
13,spotify:track:7Mn6Tisa1wVvYusahnvjE5,Sosa La M,Enchanté,GOLD LEAGUE,13,14,4,2017491,DE,Germany,Q4,2023
14,spotify:track:7oQepKHmXDaPC3rgeLRvQu,"Udo Lindenberg, Apache 207",Komet,Warner Music Central Europe,1,13,38,1816472,DE,Germany,Q4,2023
15,spotify:track:52Y1KkbSO4LI9MTCvZhP9Y,AYLIVA,Scheine zählen,Whiteheart Records/WM Germany,10,12,7,1740355,DE,Germany,Q4,2023
16,spotify:track:1VxlVMCopT232hOcBVybyj,AYLIVA,Lass mich gehen,Whiteheart Records/WM Germany,13,16,7,1718142,DE,Germany,Q4,2023
17,spotify:track:4kcgrgZhd4h8chSAJ86mIq,"erobé, KXXMA, Lyfrix",EWIGKEIT - REMIX,aura records & Polydor x Island Records,9,21,12,1687627,DE,Germany,Q4,2023
18,spotify:track:2cJsBA3fbleMmnlveGVBlo,"Lune, CÉLINE",Komm in meine Arme,Columbia/Lune Records,15,15,2,1658842,DE,Germany,Q4,2023
19,spotify:track:0gMTEHzNIyvxikxyUFFJxO,"Kontra K, Lana Del Rey",Summertime,Letzte Wölfe,1,18,9,1616399,DE,Germany,Q4,2023
20,spotify:track:2YSzYUF3jWqb9YP9VXmpjE,"Drake, Yeat",IDGAF (feat. Yeat),OVO/Republic,20,-1,1,1607679,DE,Germany,Q4,2023
21,spotify:track:0ya0fBUHF1TKookyKM5ZVQ,Jazeek,Take it,NINETYNINE MUSIC x Good Kid Records x VENTURA Records,16,22,3,1598960,DE,Germany,Q4,2023
22,spotify:track:0OFRrTisWeO9tyym2t8t6B,Bonez MC,Mein Bett 🛌,187 Strassenbande & Vertigo/Capitol,22,-1,1,1575270,DE,Germany,Q4,2023
23,spotify:track:6XVSsVuzVUZ2zgRWB5xwef,AYLIVA,In deinen Armen,Whiteheart Records/WM Germany,3,19,17,1519056,DE,Germany,Q4,2023
24,spotify:track:2pnZ17l3SWlz1StKUDIqSZ,"01099, RIN, Gustav",Wahnsinn,01099 / Bamboo Artists / WMCE,24,-1,1,1453432,DE,Germany,Q4,2023
25,spotify:track:2LCoh1sop5AYzRBVDHFoiK,"badmómzjay, Kool Savas",Airplanes,Vertigo Berlin,11,27,5,1412367,DE,Germany,Q4,2023
26,spotify:track:0QlOkt8nkZ8zqu8xb2SHU8,"Niklas Dee, Old Jim, Enny-Mae",Not Fair,Astralwerks,5,24,18,1406566,DE,Germany,Q4,2023
27,spotify:track:2FiJGvN3fiXMwms9IftNV0,"FiNCH, Tream",LiEBE AUF DER RÜCKBANK,Walk This Way Records,17,25,19,1398746,DE,Germany,Q4,2023
28,spotify:track:42Ztw2ZtZR3mtWjXpg0R5I,"Yung Yury, Damn Yury",TABU.,5Zero,1,29,27,1320192,DE,Germany,Q4,2023
29,spotify:track:2f90oF6hNsvRd2T7pDgNht,Ski Aggu,MAXIMUM RIZZ,jungeratze & Bamboo Artists,17,17,2,1310925,DE,Germany,Q4,2023
30,spotify:track:6JUeZ04YG6WIy937AgIPsR,"AYLIVA, MERO",Sie weiß (feat. Mero),Whiteheart Records/WM Germany,1,23,40,1271349,DE,Germany,Q4,2023
31,spotify:track:7MCNurIGh8Hg9SYaCPP9vv,"SDP, IIVEN, NESS",Ich will nur dass du weißt - IIVEN Remix,Nur Musik Ist Schöner,29,30,10,1270846,DE,Germany,Q4,2023
32,spotify:track:1odExI7RdWc4BT515LTAwj,David Kushner,Daylight,Miserable Music Group,3,31,26,1256396,DE,Germany,Q4,2023
33,spotify:track:1CknK1sYAhoYxZEs5OfqEq,"Ski Aggu, SIRA",mietfrei,jungeratze & Bamboo Artists,4,28,13,1252255,DE,Germany,Q4,2023
34,spotify:track:4evyMjgTKhrBfggfxFRAKr,YAKARY,KETAMIN,Life is Pain,33,33,8,1230603,DE,Germany,Q4,2023
35,spotify:track:3AjSfp5FDvwtMU9XBsbS8j,Creeds,Push Up - Main Edit,Columbia/B1 Recordings,12,32,26,1211141,DE,Germany,Q4,2023
36,spotify:track:2grS8y9w2vVp7sDJ3RnSx9,"twocolors, Safri Duo, Chris de Sarandy",Cynical,Intercord,26,34,13,1182114,DE,Germany,Q4,2023
37,spotify:track:1JgknGBbrfmEHeOZH051SS,SUICIDAL-IDOL,ecstacy (slowed),AVR,37,46,4,1151830,DE,Germany,Q4,2023
38,spotify:track:3dgOu83QnvkooEa4Jz2Msr,Jazeek,Superstars,NINETYNINE MUSIC x Good Kid Records x VENTURA Records,27,35,15,1148325,DE,Germany,Q4,2023
39,spotify:track:3FkKvUfVnxmxdHrXwuI5vx,"Bausa, LEA",1000 Mal,A Million Music/WM Germany,26,26,2,1111388,DE,Germany,Q4,2023
40,spotify:track:4rXLjWdF2ZZpXCVTfWcshS,Gunna,fukumean,300 Entertainment,10,37,17,1091902,DE,Germany,Q4,2023
41,spotify:track:7aqfrAY2p9BUSiupwk3svU,"Drake, J. Cole",First Person Shooter (feat. J. Cole),OVO/Republic,41,-1,1,1089316,DE,Germany,Q4,2023
42,spotify:track:1BxfuPKGuaTgP7aM0Bbdwr,Taylor Swift,Cruel Summer,Taylor Swift,32,40,16,1088045,DE,Germany,Q4,2023
43,spotify:track:1sbMV3enb47Hpgj0paUEAm,"Samra, Lacrim, Accaoui",Zanka,Cataleya Edition,43,-1,1,1039612,DE,Germany,Q4,2023
44,spotify:track:3eP13S8D5m2cweMEg3ZDed,Drake,Virginia Beach,OVO/Republic,44,-1,1,998273,DE,Germany,Q4,2023
45,spotify:track:7jtQIBanIiJOMS6RyCx6jZ,Tom Odell,Another Love,ITNO/Columbia,10,44,136,995454,DE,Germany,Q4,2023
46,spotify:track:6fsbuVwtZHq8bCfUOfmkNL,Apache 207,Breaking your heart,Four Music/Feder Musik,2,41,28,978917,DE,Germany,Q4,2023
47,spotify:track:6tAKikIvnoWfUeZrfkopLL,"Ski Aggu, Joost, Otto Waalkes",Friesenjung,jungeratze & Albino Sports,1,39,20,967021,DE,Germany,Q4,2023
48,spotify:track:5TYmnScjaRecWuBqEaA7S5,"01099, Paul, Ski Aggu",Anders,01099 / Bamboo Artists / WMCE,7,50,25,962723,DE,Germany,Q4,2023
49,spotify:track:2FDTHlrBguDzQkp7PVj16Q,"Dave, Central Cee",Sprinter,Neighbourhood / Live Yours,12,43,19,956974,DE,Germany,Q4,2023
50,spotify:track:5FmcqoKNe4pZqWrCVlVASl,"SIRA, Bausa, badchieff, Shirli",9 bis 9 Sped Up - Shirli Version,Four Music/SIRA,27,42,13,945280,DE,Germany,Q4,2023
1,spotify:track:4nrPB8O7Y7wsOCJdgXkthe,"Bizarrap, Shakira","Shakira: Bzrp Music Sessions, Vol. 53/66",DALE PLAY Records,1,-1,1,3942235,ES,Spain,Q1,2023
2,spotify:track:2mnXxnrX5vCGolNkaFvVeM,"Arcángel, Bad Bunny",La Jumpa,Rimas Entertainment LLC.,1,1,7,3899326,ES,Spain,Q1,2023
3,spotify:track:2t6IxTASaSFkZEt61tQ6W6,"Quevedo, Myke Towers",PLAYA DEL INGLÉS,WM Spain,2,2,5,3791908,ES,Spain,Q1,2023
4,spotify:track:5ww2BF9slyYgNOk37BlC4u,Manuel Turizo,La Bachata,Sony Music Latin/La Industria,1,3,33,3330296,ES,Spain,Q1,2023
5,spotify:track:2oiixB9QMIzhWaHGVlQx4g,"Yandel, Feid",Yandel 150,La Leyenda LLC,5,13,3,2975894,ES,Spain,Q1,2023
6,spotify:track:0oBtwScT4B4BR5kZitNWd5,Quevedo,PUNTO G,Rimas Entertainment LLC.,1,5,10,2945169,ES,Spain,Q1,2023
7,spotify:track:2tTmW7RDtMQtBk7m2rYeSw,"Bizarrap, Quevedo","Quevedo: Bzrp Music Sessions, Vol. 52/66",DALE PLAY Records,1,4,28,2722045,ES,Spain,Q1,2023
8,spotify:track:1zsPaEkglFvxjAhrM8yhpr,"Ozuna, Feid",Hey Mor,Aura Music Corp.,3,6,14,2554854,ES,Spain,Q1,2023
9,spotify:track:1Y62KpDaP5MEL43ZcI6IaG,"Quevedo, Ovy On the Drums",SIN SEÑAL,Rimas Entertainment LLC.,4,8,25,2226402,ES,Spain,Q1,2023
10,spotify:track:54ELExv56KCAB4UP9cOCzC,"Ñengo Flow, Bad Bunny",Gato de Noche,Rimas Entertainment LLC,7,9,3,2135166,ES,Spain,Q1,2023
11,spotify:track:7iwJOi3hlMqZt6pj1sQOBj,Quevedo,VISTA AL MAR,Rimas Entertainment LLC.,2,10,18,2054250,ES,Spain,Q1,2023
12,spotify:track:53tfEupEzQRtVFOeZvk7xq,ROSALÍA,DESPECHÁ,Columbia,1,7,25,1874523,ES,Spain,Q1,2023
13,spotify:track:3vKYvbzB7801a5qd47pxkm,"Mora, Quevedo",APA,Rimas Entertainment LLC,1,11,10,1735377,ES,Spain,Q1,2023
14,spotify:track:2CeKVsFFXG4QzA415QygGb,Feid,Feliz Cumpleaños Ferxxo,UMLE - Latino,10,12,21,1663115,ES,Spain,Q1,2023
15,spotify:track:0xCRFfgIHOsmovVZzrFCoT,"Rvfv, Morad, Pablo Mas",Dominicana,NASTU MUSIC,14,17,6,1662724,ES,Spain,Q1,2023
16,spotify:track:2hLXUbsOU9cDb9RFva9FYr,"Mora, JHAYCO",MEMORIAS,Rimas Entertainment LLC,6,14,41,1520708,ES,Spain,Q1,2023
17,spotify:track:4Rjq1TZbF0bDstOs6SiI6J,"Polimá Westcoast, Quevedo, Mora",LACONE,Sony Music Entertainment Chile S.A,11,15,7,1510943,ES,Spain,Q1,2023
18,spotify:track:6OzUIp8KjuwxJnCWkXp1uL,"Wisin & Yandel, ROSALÍA",Besos Moja2,Sony Music Latin,6,18,15,1506274,ES,Spain,Q1,2023
19,spotify:track:6G12ZafqofSq7YtrMqUm76,"Shakira, Ozuna",Monotonía,Sony Music Latin,4,22,13,1501398,ES,Spain,Q1,2023
20,spotify:track:6Sq7ltF9Qa7SNFBsV5Cogx,"Bad Bunny, Chencho Corleone",Me Porto Bonito,Rimas Entertainment LLC,2,19,36,1418368,ES,Spain,Q1,2023
21,spotify:track:5S7FewmYYyLNdMOfeEcB6P,Mora,COMO HAS ESTAU?,Rimas Entertainment LLC,10,23,10,1404270,ES,Spain,Q1,2023
22,spotify:track:58cEG7FsVoipRiRKUMgOjo,"Rauw Alejandro, Baby Rasta",PUNTO 40,Sony Music Latin/Duars Entertainment,7,20,16,1365128,ES,Spain,Q1,2023
23,spotify:track:33cF8aTmGJ6TsEf23uqGIN,"Rauw Alejandro, Lyanno, Brray",LOKERA,Sony Music Latin/Duars Entertainment,13,21,24,1348830,ES,Spain,Q1,2023
24,spotify:track:0BJMkf1sQmY3TwcHapARZI,"Rauw Alejandro, Subelo NEO",RON COLA,Sony Music Latin/Duars Entertainment,12,16,8,1333155,ES,Spain,Q1,2023
25,spotify:track:5jt25aFjW2kNoBqaEVaz5W,"Mora, Feid",LA INOCENTE,Rimas Entertainment LLC,7,26,41,1322171,ES,Spain,Q1,2023
26,spotify:track:6WbAhuwE6fCOriBu5786X1,"KAROL G, Ovy On The Drums",CAIRO,BICHOTA RECORDS / INTERSCOPE RECORDS / UNIVERSAL MUSIC LATINO,18,30,9,1310531,ES,Spain,Q1,2023
27,spotify:track:0CYTGMBYkwUxrj1MWDLrC5,Feid,CHORRITO PA LAS ANIMAS,UMLE - Latino,27,35,6,1287607,ES,Spain,Q1,2023
28,spotify:track:6i1g5ZRmJZAkDwBaUZ3f2i,Luar La L,Caile,Rimas Entertainment LLC.,4,25,24,1270925,ES,Spain,Q1,2023
29,spotify:track:15wMJJiVpt2ABQw032Rywi,Quevedo,No Me digas Nada,Rimas Entertainment LLC.,12,28,14,1267303,ES,Spain,Q1,2023
30,spotify:track:3zkyus0njMCL6phZmNNEeN,Central Cee,LET GO,Central Cee,24,29,4,1242267,ES,Spain,Q1,2023
31,spotify:track:5x17YrAwajDUCqB8zT9ElY,"Tiago PZK, Myke Towers",Traductor,WEA Latina,22,36,26,1220514,ES,Spain,Q1,2023
32,spotify:track:5R2hNuiiwnKVAUNktF9j2Y,"sangiovanni, Aitana",mariposas,Universal Music Italia srL. (Sugar),12,27,32,1172400,ES,Spain,Q1,2023
33,spotify:track:7MkylDYvKTSuWgrsBhHlsG,"Bizarrap, Duki","Duki: Bzrp Music Sessions, Vol. 50/66",DALE PLAY Records,1,32,9,1164314,ES,Spain,Q1,2023
34,spotify:track:0NO2zL0kw8sGGnaMvHKAZF,"Cris MJ, Duki, Nicki Nicole, Standly, Stars Music Chile",Marisola (Remix),Stars Music Chile 2024,34,41,4,1117477,ES,Spain,Q1,2023
35,spotify:track:1IHWl5LamUGEuP4ozKQSXZ,Bad Bunny,Tití Me Preguntó,Rimas Entertainment LLC,1,24,36,1090364,ES,Spain,Q1,2023
36,spotify:track:3l9YiADzNmEvBfZVPEF49F,Mora,CALENTÓN,Rimas Entertainment LLC,7,31,15,1087061,ES,Spain,Q1,2023
37,spotify:track:0EpdLuptraYGFZ6J7HNSLc,"Ana Mena, Belinda",LAS 12,Epic,14,37,30,1071808,ES,Spain,Q1,2023
38,spotify:track:4EQOGfssbSpTlV6EZRtrSv,"Myke Towers, Daddy Yankee",ULALA (OOH LA LA),WEA Latina,38,54,7,1064741,ES,Spain,Q1,2023
39,spotify:track:3k3NWokhRRkEPhCzPmV8TW,"Bad Bunny, Bomba Estéreo",Ojitos Lindos,Rimas Entertainment LLC,2,34,36,1051491,ES,Spain,Q1,2023
40,spotify:track:41oY4WCTj5kccfesTVFnvN,"Bad Bunny, JHAYCO",Tarot,Rimas Entertainment LLC,2,39,36,978488,ES,Spain,Q1,2023
41,spotify:track:2rurDawMfoKP4uHyb2kJBt,"Shakira, Rauw Alejandro",Te Felicito,Sony Music Latin,5,38,38,952641,ES,Spain,Q1,2023
42,spotify:track:7dT6ccDqmMHvz5C0d8iUND,"Abraham Mateo, Ana Mena",Quiero Decirte,Sony Music Entertainment,42,50,32,944676,ES,Spain,Q1,2023
43,spotify:track:5R7l05dglCrUX0qjZ1Eec1,Cyril Kamer,Cinderella,Cyril Kamer.,15,48,27,939398,ES,Spain,Q1,2023
44,spotify:track:2lmWwBLVJ2P0HX491zkYws,Eladio Carrion,Mbappe,Rimas Entertainment LLC,9,45,8,928481,ES,Spain,Q1,2023
45,spotify:track:17BqQS5Cj899fQR8e6gvk9,"Omar Montes, Farruko",Patio de la Cárcel - Tangos,Sony Music Latin,17,33,7,925227,ES,Spain,Q1,2023
46,spotify:track:1HNcDOIGo9CE4sZoK5mhCq,"Juseph, Cruz Cafuné, Wiso Rivera",Muchoperro,Juseph,23,42,19,913697,ES,Spain,Q1,2023
47,spotify:track:6ylDpki1VpIsc525KC1ojF,Sebastian Yatra,Tacones Rojos,UMLE - Latino,3,40,64,900007,ES,Spain,Q1,2023
48,spotify:track:6WU2eYUtOL91iROonROPyh,"Bad Gyal, Quevedo",Real G,Universal Music Latino/Interscope,11,43,6,889097,ES,Spain,Q1,2023
49,spotify:track:4uUG5RXrOk84mYEfFvj3cK,"David Guetta, Bebe Rexha",I'm Good (Blue),Parlophone UK,20,51,20,886887,ES,Spain,Q1,2023
50,spotify:track:0FDTPGlLjF8SGWSsHyzNBe,Rels B,pa quererte,DALE PLAY Records / Flakk Team,19,44,10,871353,ES,Spain,Q1,2023
1,spotify:track:609E1JCInJncactoMmkDon,"ROSALÍA, Rauw Alejandro",BESO,Columbia Records/Duars Entertainment/Sony Music Latin,1,1,3,5471770,ES,Spain,Q2,2023
2,spotify:track:0DWdj2oZMBFSzRsi2Cvfzf,"KAROL G, Shakira",TQG,BICHOTA RECORDS / INTERSCOPE RECORDS / UNIVERSAL MUSIC LATINO,1,2,7,3761124,ES,Spain,Q2,2023
3,spotify:track:7lrMkztvl0MnRSB2i3KRRe,Aitana,Los Ángeles,Universal Music Spain S.L.,3,11,3,3553624,ES,Spain,Q2,2023
4,spotify:track:4FAKtPVycI4DxoOHC01YqD,"Yandel, Feid",Yandel 150,La Leyenda LLC,1,3,16,3327785,ES,Spain,Q2,2023
5,spotify:track:51FvjPEGKq2zByeeEQ43V9,"Marshmello, Manuel Turizo",El Merengue,Sony Music Latin,4,4,6,3289411,ES,Spain,Q2,2023
6,spotify:track:7MVIfkyzuUmQ716j8U7yGR,"Milo j, Taiu",Rara Vez,Universal Music Argentina S.A.,6,7,8,3271198,ES,Spain,Q2,2023
7,spotify:track:7q1KFoWUNYudhKW8RYJFsZ,"Maikel Delacalle, Quevedo",Mi Nena Remix,Universal Music Spain S.L.,7,12,3,3057463,ES,Spain,Q2,2023
8,spotify:track:0Sfn2TYbpQtCGMBf6C0Y6T,"Quevedo, Myke Towers",PLAYA DEL INGLÉS,Rimas Entertainment LLC.,2,5,18,2964206,ES,Spain,Q2,2023
9,spotify:track:04ndZkbKGthTgYSv3xS7en,TINI,Cupido,5020 Records,8,10,8,2862692,ES,Spain,Q2,2023
10,spotify:track:1DxEbt6OSbrkRthk6pjZue,"LiL CaKe, Migrantes, Nico Valdi",MERCHO,Sony Music Argentina,3,8,12,2787591,ES,Spain,Q2,2023
11,spotify:track:0PB0O24JqAuNdOAFVJljMS,"Eladio Carrion, Bad Bunny",Coco Chanel,Rimas Entertainment LLC,2,9,4,2690977,ES,Spain,Q2,2023
12,spotify:track:20CozgjF6bshBw8cLhN23B,Vicco,Nochentera,Sony Music Entertainment,9,14,10,2657163,ES,Spain,Q2,2023
13,spotify:track:3qXZqXGniqNt3PK2CBSZgM,"Eladio Carrion, Myke Towers",Si La Calle Llama - Remix,Rimas Entertainment LLC,7,13,4,2573896,ES,Spain,Q2,2023
14,spotify:track:0Iozrbed8spxoBnmtBMshO,Quevedo,WANDA,Rimas Entertainment LLC.,5,15,12,2493812,ES,Spain,Q2,2023
15,spotify:track:6XSqqQIy7Lm7SnwxS4NrGx,"Feid, Young Miko",CLASSY 101,UMLE - Latino,15,23,2,2457530,ES,Spain,Q2,2023
16,spotify:track:7cQ0LAxT5HHCLGbxcjaxac,"Bizarrap, Arcángel","Arcángel: Bzrp Music Sessions, Vol. 54/66",DALE PLAY Records,3,6,4,2264468,ES,Spain,Q2,2023
17,spotify:track:7bfFmlLJ1LKr2E3AUsvq5P,"Rvfv, Edu García",Antes,NASTU MUSIC,17,24,5,2253292,ES,Spain,Q2,2023
18,spotify:track:4WiQA1AGWHFvaxBU6bHghs,Quevedo,PUNTO G,Rimas Entertainment LLC.,1,16,23,2249542,ES,Spain,Q2,2023
19,spotify:track:3tt9i3Hhzq84dPS8H7iSiJ,Manuel Turizo,La Bachata,Sony Music Latin/La Industria,1,17,46,2186361,ES,Spain,Q2,2023
20,spotify:track:4nrPB8O7Y7wsOCJdgXkthe,"Bizarrap, Shakira","Shakira: Bzrp Music Sessions, Vol. 53/66",DALE PLAY Records,1,18,14,2081927,ES,Spain,Q2,2023
21,spotify:track:1zsPaEkglFvxjAhrM8yhpr,"Ozuna, Feid",Hey Mor,Aura Music Corp.,3,19,27,2013336,ES,Spain,Q2,2023
22,spotify:track:2mnXxnrX5vCGolNkaFvVeM,"Arcángel, Bad Bunny",La Jumpa,Rimas Entertainment LLC.,1,21,20,1954621,ES,Spain,Q2,2023
23,spotify:track:3eqCJfgJJs8iKx49KO12s3,Feid,REMIX EXCLUSIVO,UMLE - Latino,15,20,4,1899794,ES,Spain,Q2,2023
24,spotify:track:2tTmW7RDtMQtBk7m2rYeSw,"Bizarrap, Quevedo","Quevedo: Bzrp Music Sessions, Vol. 52/66",DALE PLAY Records,1,22,41,1834795,ES,Spain,Q2,2023
25,spotify:track:5OYRVKWII0Eog7CjQRnmGf,Myke Towers,MI DROGA,WEA Latina,18,26,3,1730574,ES,Spain,Q2,2023
26,spotify:track:2CeKVsFFXG4QzA415QygGb,Feid,Feliz Cumpleaños Ferxxo,UMLE - Latino,10,27,34,1581386,ES,Spain,Q2,2023
27,spotify:track:4DHcnVTT87F0zZhRPYmZ3B,Miley Cyrus,Flowers,Columbia,3,29,13,1549584,ES,Spain,Q2,2023
28,spotify:track:0CYTGMBYkwUxrj1MWDLrC5,Feid,CHORRITO PA LAS ANIMAS,UMLE - Latino,17,28,19,1539516,ES,Spain,Q2,2023
29,spotify:track:6IdcyYfBz9LG3SWIKVyNgh,"Becky G, Omega",Arranca (feat. Omega),Kemosabe Records/RCA Records,29,36,5,1483923,ES,Spain,Q2,2023
30,spotify:track:3Eax1yebRxj6LSYpxE9Yd3,"ROSALÍA, Rauw Alejandro",VAMPIROS,Columbia Records/Duars Entertainment/Sony Music Latin,9,25,3,1440657,ES,Spain,Q2,2023
31,spotify:track:36W1V6ft4fX7HQVSdIYL0J,"Aissa, SAIKO, JC Reyes, Nickzzy, El Bobe, Juseph, GIO",Las Bratz (Remix),Aissa el Aslani Erra,27,37,5,1396826,ES,Spain,Q2,2023
32,spotify:track:5q86iSKkBtOoNkdgEDY5WV,Quevedo,VISTA AL MAR,Rimas Entertainment LLC.,2,30,31,1383878,ES,Spain,Q2,2023
33,spotify:track:2hLXUbsOU9cDb9RFva9FYr,"Mora, JHAYCO",MEMORIAS,Rimas Entertainment LLC,6,35,54,1383468,ES,Spain,Q2,2023
34,spotify:track:16dUQ4quIHDe4ZZ0wF1EMN,"KAROL G, Ovy On The Drums",CAIRO,BICHOTA RECORDS / INTERSCOPE RECORDS / UNIVERSAL MUSIC LATINO,18,34,22,1374814,ES,Spain,Q2,2023
35,spotify:track:6otePxalBK8AVa20xhZYVQ,KAROL G,MIENTRAS ME CURO DEL CORA,BICHOTA RECORDS / INTERSCOPE RECORDS / UNIVERSAL MUSIC LATINO,25,31,7,1372597,ES,Spain,Q2,2023
36,spotify:track:31jtlGwefCdtqNOSpLq82U,"SAIKO, Came Beats",Polaris,2022 Saiko,36,41,11,1352599,ES,Spain,Q2,2023
37,spotify:track:53tfEupEzQRtVFOeZvk7xq,ROSALÍA,DESPECHÁ,Columbia,1,33,38,1332570,ES,Spain,Q2,2023
38,spotify:track:6OzUIp8KjuwxJnCWkXp1uL,"Wisin & Yandel, ROSALÍA",Besos Moja2,Sony Music Latin,6,38,28,1297535,ES,Spain,Q2,2023
39,spotify:track:2SiAcexM2p1yX6joESbehd,ROSALÍA,LLYLM,Columbia,4,32,11,1297223,ES,Spain,Q2,2023
40,spotify:track:79euszUrA1kga1kK5PRmDo,JHAYCO,Cuerpecito,N&E Entertainment LLC,40,49,2,1254656,ES,Spain,Q2,2023
41,spotify:track:2I0aHZjCXh6UjMHIOqugYF,"Rauw Alejandro, Angel Dior",TAMO EN NOTA,Sony Music Latin/Duars Entertainment,24,40,8,1252755,ES,Spain,Q2,2023
42,spotify:track:5jt25aFjW2kNoBqaEVaz5W,"Mora, Feid",LA INOCENTE,Rimas Entertainment LLC,7,42,54,1221860,ES,Spain,Q2,2023
43,spotify:track:5qP24CrDI0rmY5zwRvUfzU,Quevedo,AHORA QUÉ,Rimas Entertainment LLC.,2,46,12,1214851,ES,Spain,Q2,2023
44,spotify:track:0NO2zL0kw8sGGnaMvHKAZF,"Cris MJ, Duki, Nicki Nicole, Standly, Stars Music Chile",Marisola (Remix),Stars Music Chile 2024,18,43,17,1196651,ES,Spain,Q2,2023
45,spotify:track:3vKYvbzB7801a5qd47pxkm,"Mora, Quevedo",APA,Rimas Entertainment LLC,1,44,23,1181195,ES,Spain,Q2,2023
46,spotify:track:3pjvkWO9fqiRRBE1tDLu3S,"Quevedo, Ovy On the Drums",SIN SEÑAL,Rimas Entertainment LLC.,4,45,38,1180408,ES,Spain,Q2,2023
47,spotify:track:4uVEdikP5eLUy8Dq6gjiPV,"Rauw Alejandro, Daddy Yankee",PANTIES Y BRASIERES,Sony Music Latin/Duars Entertainment,26,48,11,1150808,ES,Spain,Q2,2023
48,spotify:track:1dw7qShk971xMD6r6mA4VN,"KAROL G, Quevedo",PERO TÚ,BICHOTA RECORDS / INTERSCOPE RECORDS / UNIVERSAL MUSIC LATINO,12,47,7,1144545,ES,Spain,Q2,2023
49,spotify:track:2QKVCfIDdHf16FkDPFHBHX,"Myke Towers, Daddy Yankee",ULALA (OOH LA LA),WEA Latina,15,50,20,1092246,ES,Spain,Q2,2023
50,spotify:track:3TcSNX1WhlcVAI6fLWt7Qs,Lola Indigo,LA SANTA,Universal Music Spain S.L.,50,52,4,1049445,ES,Spain,Q2,2023
1,spotify:track:6XbtvPmIpyCbjuT0e8cQtp,Quevedo,Columbia,Rimas Entertainment LLC.,1,-1,1,12223929,ES,Spain,Q3,2023
2,spotify:track:7ABLbnD53cQK00mhcaOUVG,Myke Towers,LALA,WEA Latina,1,1,4,8513384,ES,Spain,Q3,2023
3,spotify:track:21N77gfWYoQDvrLvaeiQgi,"Rauw Alejandro, Bizarrap",BABY HELLO,Sony Music Latin/Duars Entertainment,2,2,3,5343377,ES,Spain,Q3,2023
4,spotify:track:1Hs1uUl8o2VtDp1DABFq0O,"LIT killah, Tiago PZK, Maria Becerra, Duki, Emilia, Rusherking, Big One, FMK",Los del Espacio,WEA Latina,4,5,6,4947666,ES,Spain,Q3,2023
5,spotify:track:5iilNoD56jD3FJ3bM9tMP0,"Omar Montes, SAIKO, Tunvao",Arena y Sal,Sony Music Latin,5,6,8,4579658,ES,Spain,Q3,2023
6,spotify:track:0EhuGnOS6fTc5l5UNtDEH2,"SAIKO, Quevedo, Feid, Mora",POLARIS - Remix,2023 Rimas Entertainment LLC.,1,4,5,4499526,ES,Spain,Q3,2023
7,spotify:track:2NFadq6pUeiVEihLvUlOSr,"Bizarrap, Rauw Alejandro","Rauw Alejandro: Bzrp Music Sessions, Vol. 56/66",DALE PLAY Records,1,3,4,3984608,ES,Spain,Q3,2023
8,spotify:track:7ro0hRteUMfnOioTFI5TG1,Bad Bunny,WHERE SHE GOES,Rimas Entertainment LLC,1,7,8,3729930,ES,Spain,Q3,2023
9,spotify:track:1MB8kTH7VKvAMfL9SHgJmG,"Sebastian Yatra, Manuel Turizo, Beéle",Vagabundo,UMLE - Latino,3,8,9,3681810,ES,Spain,Q3,2023
10,spotify:track:4PA1wK0leCjmRZlP5dQ8Lv,"Sky Rompiendo, Feid, Myke Towers",El Cielo,Sony Music Latin,3,9,6,3658235,ES,Spain,Q3,2023
11,spotify:track:51FvjPEGKq2zByeeEQ43V9,"Marshmello, Manuel Turizo",El Merengue,Sony Music Latin,4,10,19,3318258,ES,Spain,Q3,2023
12,spotify:track:4rKQ8daoK0aklVptea8A9E,"Lola Indigo, Quevedo",EL TONTO,Universal Music Spain S.L.,1,13,13,3041161,ES,Spain,Q3,2023
13,spotify:track:3kmWIej9tXjSWWYc9tPjJk,Maluma,COCO LOCO,Sony Music Latin,13,22,5,2991270,ES,Spain,Q3,2023
14,spotify:track:26V1bLUk0SBYkLEwl4caPR,"Chanel, Abraham Mateo",Clavaito,Sony Music Entertainment,6,12,11,2971545,ES,Spain,Q3,2023
15,spotify:track:0zY2rypOdM8xmsf4tUyafF,SAIKO,SUPERNOVA,2023 SAIKO,1,14,13,2898846,ES,Spain,Q3,2023
16,spotify:track:6XSqqQIy7Lm7SnwxS4NrGx,"Feid, Young Miko",CLASSY 101,UMLE - Latino,4,16,15,2766254,ES,Spain,Q3,2023
17,spotify:track:20CozgjF6bshBw8cLhN23B,Vicco,Nochentera,Sony Music Entertainment,9,15,23,2728359,ES,Spain,Q3,2023
18,spotify:track:2iIBpwP4FyQ95xgVail3yr,"Emilia, LUDMILLA, ZECCA",No_se_ve.mp3,2023 WK Records,18,19,9,2591997,ES,Spain,Q3,2023
19,spotify:track:0Sfn2TYbpQtCGMBf6C0Y6T,"Quevedo, Myke Towers",PLAYA DEL INGLÉS,Rimas Entertainment LLC.,2,18,31,2510402,ES,Spain,Q3,2023
20,spotify:track:609E1JCInJncactoMmkDon,"ROSALÍA, Rauw Alejandro",BESO,Columbia Records/Duars Entertainment/Sony Music Latin,1,17,16,2489126,ES,Spain,Q3,2023
21,spotify:track:6qUfKsUPGERMdhOwPIqhsS,"Bad Gyal, Myke Towers",Mi Lova,Universal Music Latino/Interscope,21,-1,1,2383981,ES,Spain,Q3,2023
22,spotify:track:0PB0O24JqAuNdOAFVJljMS,"Eladio Carrion, Bad Bunny",Coco Chanel,Rimas Entertainment LLC,2,24,17,2250368,ES,Spain,Q3,2023
23,spotify:track:0Iozrbed8spxoBnmtBMshO,Quevedo,WANDA,Rimas Entertainment LLC.,5,25,25,2242493,ES,Spain,Q3,2023
24,spotify:track:3tt9i3Hhzq84dPS8H7iSiJ,Manuel Turizo,La Bachata,Sony Music Latin/La Industria,1,23,59,2163024,ES,Spain,Q3,2023
25,spotify:track:7MVIfkyzuUmQ716j8U7yGR,"Milo j, Taiu",Rara Vez,Universal Music Argentina S.A.,5,30,21,2131625,ES,Spain,Q3,2023
26,spotify:track:1FhRIZtz1d4qLVe4928exT,Aitana,LAS BABYS,Universal Music Spain S.L.,7,21,6,2085892,ES,Spain,Q3,2023
27,spotify:track:4FAKtPVycI4DxoOHC01YqD,"Yandel, Feid",Yandel 150,La Leyenda LLC,1,27,29,2078834,ES,Spain,Q3,2023
28,spotify:track:4eMKD8MRroxCqugpsxCCNb,"Tainy, Bad Bunny",MOJABI GHOST,"NEON16, LLC",11,11,2,2056507,ES,Spain,Q3,2023
29,spotify:track:2UW7JaomAMuX9pZrjVpHAU,"Yng Lvcas, Peso Pluma",La Bebe - Remix,WM Mexico,12,29,16,1963036,ES,Spain,Q3,2023
30,spotify:track:3qXZqXGniqNt3PK2CBSZgM,"Eladio Carrion, Myke Towers",Si La Calle Llama - Remix,Rimas Entertainment LLC,7,32,17,1896643,ES,Spain,Q3,2023
31,spotify:track:3oNnzH6hmqIGIhJ1NcHlrh,Maria Becerra,CORAZÓN VACÍO,WEA Latina,31,50,3,1865979,ES,Spain,Q3,2023
32,spotify:track:2tTmW7RDtMQtBk7m2rYeSw,"Bizarrap, Quevedo","Quevedo: Bzrp Music Sessions, Vol. 52/66",DALE PLAY Records,1,34,54,1849834,ES,Spain,Q3,2023
33,spotify:track:5NhLA2P7AiV3cloVmwtwLS,"Tainy, Arcángel, JHAYCO, Myke Towers, Omar Courtz, Arca",PASIEMPRE,"NEON16, LLC",26,26,2,1845047,ES,Spain,Q3,2023
34,spotify:track:1DxEbt6OSbrkRthk6pjZue,"LiL CaKe, Migrantes, Nico Valdi",MERCHO,Sony Music Argentina,3,35,25,1842934,ES,Spain,Q3,2023
35,spotify:track:3qQbCzHBycnDpGskqOWY0E,"Eslabon Armado, Peso Pluma",Ella Baila Sola,DEL Records,9,28,13,1834966,ES,Spain,Q3,2023
36,spotify:track:3Gs7mVfWKl567mjozgxmXv,"Feid, Sean Paul",Niña Bonita,UMLE - Latino,15,36,12,1805561,ES,Spain,Q3,2023
37,spotify:track:04ndZkbKGthTgYSv3xS7en,TINI,Cupido,5020 Records,8,33,21,1804837,ES,Spain,Q3,2023
38,spotify:track:0DWdj2oZMBFSzRsi2Cvfzf,"KAROL G, Shakira",TQG,BICHOTA RECORDS / INTERSCOPE RECORDS / UNIVERSAL MUSIC LATINO,1,31,20,1788840,ES,Spain,Q3,2023
39,spotify:track:4aJzxp3gimtAdgJn3DL776,"JHAYCO, Quevedo",Mami Chula,N&E Entertainment LLC,4,39,11,1727763,ES,Spain,Q3,2023
40,spotify:track:4WiQA1AGWHFvaxBU6bHghs,Quevedo,PUNTO G,Rimas Entertainment LLC.,1,42,36,1696204,ES,Spain,Q3,2023
41,spotify:track:1zsPaEkglFvxjAhrM8yhpr,"Ozuna, Feid",Hey Mor,Aura Music Corp.,3,38,40,1692073,ES,Spain,Q3,2023
42,spotify:track:2iVgM5C7m1G4CJGbms301G,"Shakira, Manuel Turizo",Copa Vacía,Sony Music Latin,20,20,2,1665179,ES,Spain,Q3,2023
43,spotify:track:7lrMkztvl0MnRSB2i3KRRe,Aitana,Los Ángeles,Universal Music Spain S.L.,3,40,16,1590939,ES,Spain,Q3,2023
44,spotify:track:7kyLtcgYgQPrXkxtAb72iY,"Rauw Alejandro, Miguel Bosé",SI TE PEGAS,Sony Music Latin/Duars Entertainment,44,-1,1,1455552,ES,Spain,Q3,2023
45,spotify:track:4rQu72zFJz3qne1bnEkVSt,Álvaro De Luna,Todo Contigo,WM Spain,13,44,17,1436676,ES,Spain,Q3,2023
46,spotify:track:1HII0EIufOG0nGpWCQixbO,ROSALÍA,TUYA,Columbia,11,41,5,1410878,ES,Spain,Q3,2023
47,spotify:track:6IdcyYfBz9LG3SWIKVyNgh,"Becky G, Omega",Arranca (feat. Omega),Kemosabe Records/RCA Records,27,45,18,1303385,ES,Spain,Q3,2023
48,spotify:track:4nrPB8O7Y7wsOCJdgXkthe,"Bizarrap, Shakira","Shakira: Bzrp Music Sessions, Vol. 53/66",DALE PLAY Records,1,48,27,1255644,ES,Spain,Q3,2023
49,spotify:track:53tfEupEzQRtVFOeZvk7xq,ROSALÍA,DESPECHÁ,Columbia,1,51,51,1240815,ES,Spain,Q3,2023
50,spotify:track:0hDE81j4N2DPLbEY4tiCDs,"Tainy, Daddy Yankee, Feid, Sech",LA BABY,"NEON16, LLC",37,37,2,1200870,ES,Spain,Q3,2023
1,spotify:track:2HafqoJbgXdtjwCOvNEF14,iñigo quintero,Si No Estás,Acqustic,1,1,4,5982613,ES,Spain,Q4,2023
2,spotify:track:1iLbUmb2b2btyAAcQ68a1p,"Bizarrap, Milo j","Milo J: Bzrp Music Sessions, Vol. 57/66",DALE PLAY Records,2,57,2,5019373,ES,Spain,Q4,2023
3,spotify:track:4sDpxaulErbJ9NBaJDC7cJ,"Quevedo, SAIKO",Buenas,Rimas Entertainment LLC.,1,2,3,4389326,ES,Spain,Q4,2023
4,spotify:track:0QRHOAeU8JRaVVn3UoZBih,"Mora, SAIKO",REINA,Rimas Entertainment LLC,1,3,7,3966590,ES,Spain,Q4,2023
5,spotify:track:51QmqegeWI2orK2mzDfnIH,Kiko Rivera,El Mambo,Kiko Rivera,5,49,2,3841180,ES,Spain,Q4,2023
6,spotify:track:3cDyocF0Ibdfs1SFQk5cLZ,Darell,Lollipop,Sony Music Latin,6,20,2,3721256,ES,Spain,Q4,2023
7,spotify:track:6XbtvPmIpyCbjuT0e8cQtp,Quevedo,Columbia,Rimas Entertainment LLC.,1,4,14,3632068,ES,Spain,Q4,2023
8,spotify:track:7ABLbnD53cQK00mhcaOUVG,Myke Towers,LALA,WEA Latina,1,7,17,3261406,ES,Spain,Q4,2023
9,spotify:track:559YUIWxUc8Mx4lsla13Ff,"Mora, YOVNGCHIMI",MODELITO,Rimas Entertainment LLC,9,10,39,3132348,ES,Spain,Q4,2023
10,spotify:track:6irysuQyZWd7Bjj7ePiOs2,JHAYCO,Holanda,N&E Entertainment LLC,3,5,11,2963158,ES,Spain,Q4,2023
11,spotify:track:63ui2w3QJBp8xx0c1MJB2Z,Bad Bunny,UN PREVIEW,Rimas Entertainment LLC,6,6,3,2852998,ES,Spain,Q4,2023
12,spotify:track:5nSUskJwcSRFS9dIqrVfrv,Dei V,Quién Es Dei V?,Encore Recordings,11,11,4,2732232,ES,Spain,Q4,2023
13,spotify:track:0EhuGnOS6fTc5l5UNtDEH2,"SAIKO, Quevedo, Feid, Mora",POLARIS - Remix,2023 Rimas Entertainment LLC.,1,8,18,2677036,ES,Spain,Q4,2023
14,spotify:track:5xSt1wxZobFcLzHrFakv6z,SAIKO,COSAS QUE NO TE DIJE,WM Spain,14,14,11,2329497,ES,Spain,Q4,2023
15,spotify:track:5RqSsdzTNPX1uzkmlHCFvK,"KAROL G, Peso Pluma",QLONA,Bichota/Interscope Records,8,13,9,2323736,ES,Spain,Q4,2023
16,spotify:track:4SW9gHnW8NfKOdqmh0ij45,"Bizarrap, Milo j",Fruto,DALE PLAY Records,16,-1,1,2298589,ES,Spain,Q4,2023
17,spotify:track:5hyKw9bjqXCcIxAoDmAxMJ,"Morad, Beny Jr, DELLAFUENTE",No Estuviste En Lo Malo - REMIX,M.D.L.R,17,112,2,2262827,ES,Spain,Q4,2023
18,spotify:track:21N77gfWYoQDvrLvaeiQgi,"Rauw Alejandro, Bizarrap",BABY HELLO,Sony Music Latin/Duars Entertainment,2,12,16,2231149,ES,Spain,Q4,2023
19,spotify:track:3xE3TyeIxL24IstPdy5IBv,"Soge Culebra, Quevedo, GARABATTO",NO PIENSO LLAMAR,WM Spain,19,-1,1,2161720,ES,Spain,Q4,2023
20,spotify:track:0goXAEnjWhssHU0y9Zyqyf,Feid,LUCES DE TECNO,UMLE - Latino,9,9,2,2116652,ES,Spain,Q4,2023
21,spotify:track:5NxgenNnK2EXDfzkO8oKqt,SAIKO,Antidepresivos,2023 SAIKO,14,17,10,1997759,ES,Spain,Q4,2023
22,spotify:track:51FvjPEGKq2zByeeEQ43V9,"Marshmello, Manuel Turizo",El Merengue,Sony Music Latin,4,16,32,1951974,ES,Spain,Q4,2023
23,spotify:track:0sfk352FO8bJUjWjIsyzSR,Mora,DONDE SE APRENDE A QUERER?,Rimas Entertainment LLC,7,19,7,1912105,ES,Spain,Q4,2023
24,spotify:track:1Hs1uUl8o2VtDp1DABFq0O,"LIT killah, Tiago PZK, Maria Becerra, Duki, Emilia, Rusherking, Big One, FMK",Los del Espacio,WEA Latina,3,15,19,1821142,ES,Spain,Q4,2023
25,spotify:track:3LzAFrnO7CxaeBgtQhHsAP,"Brray, Anuel AA, Chencho Corleone, JHAYCO, Ryan Castro",Corazón Roto pt. 3,Universal Music Latino,21,23,5,1769384,ES,Spain,Q4,2023
26,spotify:track:5iilNoD56jD3FJ3bM9tMP0,"Omar Montes, SAIKO, Tunvao",Arena y Sal,Sony Music Latin,5,18,21,1741450,ES,Spain,Q4,2023
27,spotify:track:4PA1wK0leCjmRZlP5dQ8Lv,"Sky Rompiendo, Feid, Myke Towers",El Cielo,Sony Music Latin,3,22,19,1732975,ES,Spain,Q4,2023
28,spotify:track:0p0cOpBujR114Wirv5AM7W,"Dei V, Bryant Myers",Narcotics (with Bryant Myers),Encore Recordings,28,41,4,1703802,ES,Spain,Q4,2023
29,spotify:track:1MB8kTH7VKvAMfL9SHgJmG,"Sebastian Yatra, Manuel Turizo, Beéle",Vagabundo,UMLE - Latino,3,21,22,1662545,ES,Spain,Q4,2023
30,spotify:track:3DeZc9cOc1DM8YNoJV8lAv,"Bizarrap, Milo j",Toy en el Mic,DALE PLAY Records,30,-1,1,1632331,ES,Spain,Q4,2023
31,spotify:track:18W8cuvcub2B9NQzm5rZxf,"JC Reyes, Pedro Calderon, Blacknife",A 300,JC Reyes,26,28,21,1614038,ES,Spain,Q4,2023
32,spotify:track:0nfnCp3NNcUjksmxd5xqEG,"Ozuna, Davido",Eva Longoria,Aura Music Corp.,9,25,11,1551163,ES,Spain,Q4,2023
33,spotify:track:5bD6mFl116xCxVMLy7IK9F,"KAROL G, Dei V",GATITA GANGSTER,Bichota/Interscope Records,33,35,8,1526457,ES,Spain,Q4,2023
34,spotify:track:0zY2rypOdM8xmsf4tUyafF,SAIKO,SUPERNOVA,2023 SAIKO,1,29,26,1482564,ES,Spain,Q4,2023
35,spotify:track:0Sfn2TYbpQtCGMBf6C0Y6T,"Quevedo, Myke Towers",PLAYA DEL INGLÉS,Rimas Entertainment LLC.,2,32,44,1479197,ES,Spain,Q4,2023
36,spotify:track:2iIBpwP4FyQ95xgVail3yr,"Emilia, LUDMILLA, ZECCA",No_se_ve.mp3,2023 WK Records,14,31,22,1471019,ES,Spain,Q4,2023
37,spotify:track:0aPs3kmiqmt9QG7gWXdefA,"Bizarrap, Milo j",No soy Eterno,DALE PLAY Records,37,-1,1,1465541,ES,Spain,Q4,2023
38,spotify:track:3tt9i3Hhzq84dPS8H7iSiJ,Manuel Turizo,La Bachata,Sony Music Latin/La Industria,1,34,72,1441026,ES,Spain,Q4,2023
39,spotify:track:7MVIfkyzuUmQ716j8U7yGR,"Milo j, Taiu",Rara Vez,Universal Music Argentina S.A.,5,54,34,1408730,ES,Spain,Q4,2023
40,spotify:track:6XSqqQIy7Lm7SnwxS4NrGx,"Feid, Young Miko",CLASSY 101,UMLE - Latino,4,24,28,1405375,ES,Spain,Q4,2023
41,spotify:track:3b6waQzXeYty0R6EDAv0po,"SwaggGlock, Neelo, Kidd Keo",BESOS (with Kidd Keo & Neelo),DBT Empire,28,33,7,1401034,ES,Spain,Q4,2023
42,spotify:track:0XjX9s0XWOKZc8PLuW02wJ,Maluma,COCO LOCO,Sony Music Latin,10,37,18,1385930,ES,Spain,Q4,2023
43,spotify:track:2Cl4HCBmPddQNZEncdoXp0,"Feid, ICON",FERXXO 151,UMLE - Latino,17,26,7,1383082,ES,Spain,Q4,2023
44,spotify:track:1uFAI2C6r3YBQmXCAPGzZv,Mora,PASAJERO,Rimas Entertainment LLC,12,39,7,1368520,ES,Spain,Q4,2023
45,spotify:track:4rKQ8daoK0aklVptea8A9E,"Lola Indigo, Quevedo",EL TONTO,Universal Music Spain S.L.,1,38,26,1362997,ES,Spain,Q4,2023
46,spotify:track:26V1bLUk0SBYkLEwl4caPR,"Chanel, Abraham Mateo",Clavaito,Sony Music Entertainment,6,30,24,1332682,ES,Spain,Q4,2023
47,spotify:track:0J9g1MMJDhyvOb3NWckHMm,"Bad Gyal, Tokischa, Young Miko",Chulo pt.2,Universal Music Latino/Interscope,24,40,16,1290209,ES,Spain,Q4,2023
48,spotify:track:3oNnzH6hmqIGIhJ1NcHlrh,Maria Becerra,CORAZÓN VACÍO,WEA Latina,21,42,16,1284607,ES,Spain,Q4,2023
49,spotify:track:2NFadq6pUeiVEihLvUlOSr,"Bizarrap, Rauw Alejandro","Rauw Alejandro: Bzrp Music Sessions, Vol. 56/66",DALE PLAY Records,1,43,17,1223609,ES,Spain,Q4,2023
50,spotify:track:4zYHsmc2V9RyR8eOA0mlx6,"Bizarrap, Milo j",Penas de Antaño,DALE PLAY Records,50,-1,1,1167246,ES,Spain,Q4,2023
1,spotify:track:5UPpgOKi0UQMMMSzWWgJJe,Zola,AMBER,AWA,1,1,8,2292806,FR,France,Q1,2023
2,spotify:track:3D29kjUyWxsT3jUUTtARVQ,Gazo,DIE,BSB PROD,1,2,28,1888685,FR,France,Q1,2023
3,spotify:track:3NzxPt9QFCTsFBQ0wPVTDe,Maes,Galactic,Omerta 47 Records,3,-1,1,1733306,FR,France,Q1,2023
4,spotify:track:5HavMB9WGE33KK6NL8XjXl,Maes,Fetty Wap,Omerta 47 Records,2,3,9,1589696,FR,France,Q1,2023
5,spotify:track:3zkyus0njMCL6phZmNNEeN,Central Cee,LET GO,Central Cee,4,5,4,1425346,FR,France,Q1,2023
6,spotify:track:1xLCwgQcF6bKncTJmRGGws,SDM,Mr. Ocho,92i / Capitol Music France,6,9,6,1356735,FR,France,Q1,2023
7,spotify:track:7A2DyRIqqelhZ4caPJMaFI,Favé,Urus,Morning Glory Music / 109 Record,3,14,13,1325082,FR,France,Q1,2023
8,spotify:track:43vjYTKZg8R5LsuITJ4wVu,RK,Lola,Universal Music Distribution Deal,7,7,14,1272703,FR,France,Q1,2023
9,spotify:track:4uUG5RXrOk84mYEfFvj3cK,"David Guetta, Bebe Rexha",I'm Good (Blue),Parlophone UK,3,4,20,1239826,FR,France,Q1,2023
10,spotify:track:0i9RysNKssk6syOrKDX3U2,"Gazo, Tiakola",FLEURS (feat. Tiakola),BSB PROD,10,23,28,1127278,FR,France,Q1,2023
11,spotify:track:73vIOb4Q7YN6HeJTbscRx5,"Oliver Tree, Robin Schulz",Miss You - Bonus Track,Atlantic Records,11,17,14,1109247,FR,France,Q1,2023
12,spotify:track:2dHHgzDwk4BJdRwy9uXhTO,"Metro Boomin, The Weeknd, 21 Savage",Creepin' (with The Weeknd & 21 Savage),Republic Records,12,15,6,1089265,FR,France,Q1,2023
13,spotify:track:4wNyrbY6B2Okii8VeKo2B2,Tiakola,Meuda,Wati-B,13,24,33,1080762,FR,France,Q1,2023
14,spotify:track:4h9wh7iOZ0GGn8QVp4RAOB,OneRepublic,I Ain't Worried,Interscope Records,6,10,31,1071946,FR,France,Q1,2023
15,spotify:track:6zJejIfVYLgjud3lTk4DLB,Rosa Linn,SNAP,Nvak Collective,15,25,18,1069311,FR,France,Q1,2023
16,spotify:track:38T0tPVZHcPZyhtOcCP7pF,Lil Nas X,STAR WALKIN' (League of Legends Worlds Anthem),Columbia,14,19,16,1054561,FR,France,Q1,2023
17,spotify:track:3nqQXoyQOWXiESFLlDF1hG,"Sam Smith, Kim Petras",Unholy (feat. Kim Petras),Capitol Records UK / EMI,6,11,16,1045336,FR,France,Q1,2023
18,spotify:track:6PrB4KpvuoYWtwjPC5a44S,"Soolking, Niska",Balader,Universal Music Division Capitol Music France,2,12,33,1045137,FR,France,Q1,2023
19,spotify:track:5EWPzyWm0b9McPS5Qyaijp,Pierre de Maere,Un jour je marierai un ange,Wagram Music / Cinq 7,8,22,25,1039854,FR,France,Q1,2023
20,spotify:track:2q2tG7xR37PNyqrXqooemZ,Damso,Coeur De Pirate,Trente-quatre Centimes,11,20,4,1006064,FR,France,Q1,2023
21,spotify:track:53tfEupEzQRtVFOeZvk7xq,ROSALÍA,DESPECHÁ,Columbia,7,8,24,1003022,FR,France,Q1,2023
22,spotify:track:1Ame8XTX6QHY0l0ahqUhgv,Måneskin,THE LONELIEST,Epic,16,16,12,980686,FR,France,Q1,2023
23,spotify:track:6OZwia8loN0aPS0vTvsBjR,"Alonzo, Ninho, Naps",TOUT VA BIEN (feat. Ninho & Naps),ONLY PRO,1,21,34,958428,FR,France,Q1,2023
24,spotify:track:4ZpIuzx91EAPK3VimONbfB,"ZEG P, Hamza, SCH",FADE UP,On Da Trax,1,13,29,945330,FR,France,Q1,2023
25,spotify:track:0uSjZhPKuYBcObeetfVlpn,Werenoi,Solitaire,PGP Records,25,37,22,938095,FR,France,Q1,2023
26,spotify:track:6YWjskKykdPsBuiTBOg1VK,Damso,Δ. Dieu ne ment jamais,Universal Music Division Carthage Music,8,31,54,933362,FR,France,Q1,2023
27,spotify:track:4VpmtsVKIRfNlmrtaEnrQi,Lomepal,À peu près,Pinéale,5,32,17,928843,FR,France,Q1,2023
28,spotify:track:7jtQIBanIiJOMS6RyCx6jZ,Tom Odell,Another Love,ITNO/Columbia,17,35,76,922843,FR,France,Q1,2023
29,spotify:track:3PqAQRlPl0yOnqqcB6Y5Cw,Aime Simone,Shining Light,No Start No End,29,41,13,915761,FR,France,Q1,2023
30,spotify:track:0z3bi63SNZ5ylyHOzb81Uq,Gambi,PETETE,Rec. 118,1,26,24,912577,FR,France,Q1,2023
31,spotify:track:5bt380zWDlGAd3NmhOeZ3H,Luv Resval,AZNVR - une minute de musique,AWA,31,-1,1,900400,FR,France,Q1,2023
32,spotify:track:6sCvvleqKbeyOkQDieBYgp,Rihanna,Lift Me Up - From Black Panther: Wakanda Forever - Music From and Inspired By,Roc Nation/Def Jam/Hollywood,12,42,11,890464,FR,France,Q1,2023
33,spotify:track:0WtM2NBVQNNJLh6scP13H8,"Rema, Selena Gomez",Calm Down (with Selena Gomez),Mavin Records / Jonzing World,25,36,20,883788,FR,France,Q1,2023
34,spotify:track:4Dvkj6JhhA12EX05fT7y2e,Harry Styles,As It Was,Columbia,1,18,41,874365,FR,France,Q1,2023
35,spotify:track:6DdKVun3sEVCfyeSV1vTJI,Dertay,Ma Came,Universal Music Division Virgin Music Distribution Deal,28,34,4,869606,FR,France,Q1,2023
36,spotify:track:48BdA5qBxXVoe59xvu0bwc,Gazo,RAPPEL,BSB PROD,4,33,29,868960,FR,France,Q1,2023
37,spotify:track:6btgTbK2UslfSu0qjTEXQm,"Angèle, Orelsan",CP_009_ Évidemment,Angèle VL Records,5,27,11,859870,FR,France,Q1,2023
38,spotify:track:3LtpKP5abr2qqjunvjlX5i,Central Cee,Doja,Central Cee,6,28,25,837524,FR,France,Q1,2023
39,spotify:track:3HrX1V2CpLmlAu2cGjgrjW,"Jul, Omah Lay",Namek,D'Or et de Platine,7,38,8,797732,FR,France,Q1,2023
40,spotify:track:3TVUW7bJJWDOonkVCZxfLV,Beendo Z,Pas bête,GUETTE MUSIC / ADA France,9,43,28,793891,FR,France,Q1,2023
41,spotify:track:0Jh6iWjna1wk5le0Ahn7No,Ninho,La vie qu'on mène,Rec. 118 / Mal Luné Music,3,49,199,787843,FR,France,Q1,2023
42,spotify:track:6hfkqvPACVG4l4qtY7xDgG,Lorenzo,Coco,Universal Music Distribution Deal,3,30,6,781012,FR,France,Q1,2023
43,spotify:track:1xzi1Jcr7mEi9K2RfzLOqS,Beyoncé,CUFF IT,Parkwood Entertainment/Columbia,16,29,18,776029,FR,France,Q1,2023
44,spotify:track:6kwmp0U8M1tPvgPHqvbwsr,"Tiakola, Rsko",Gasolina (feat. Rsko),Wati-B,6,45,33,768176,FR,France,Q1,2023
45,spotify:track:1NwjfTd5fsvRFtYGERuKzA,Slimane,Des milliers de je t'aime,Universal Music Division Capitol Music France,45,56,9,762190,FR,France,Q1,2023
46,spotify:track:0S1WhhsVn5wxUngCz5TQnE,"Kerchak, Ziak",Peur (feat. Ziak),Label Blue Sky,4,53,16,748939,FR,France,Q1,2023
47,spotify:track:6HTJgY7iWWlVLSDHsfHePf,Ninho,Jefe,Rec. 118 / Mal Luné Music,1,55,58,704783,FR,France,Q1,2023
48,spotify:track:2ewjMyCbNv2X1dB2qIDCwD,Damso,Θ. Macarena,Universal Music Division Carthage Music,1,52,204,703963,FR,France,Q1,2023
49,spotify:track:6qvyN6NTUpdfOJRYjtSSd7,Josman,Intro,SIDELINE,23,60,43,700951,FR,France,Q1,2023
50,spotify:track:4DRF0J8DUc5GPzcbOTD1gu,"Tayc, Marcus",Salomé,Play Two,23,50,14,692392,FR,France,Q1,2023
1,spotify:track:4DHcnVTT87F0zZhRPYmZ3B,Miley Cyrus,Flowers,Columbia,1,1,13,1894676,FR,France,Q2,2023
2,spotify:track:16FTTvpIgihyei3EBNw1jd,"GAULOIS, Ninho",Jolie (feat. Ninho),La G Corp / Tiens Tiens Retiens,1,2,13,1799690,FR,France,Q2,2023
3,spotify:track:4BZZTXcd5ROagKhynqj61X,"Hamza, Damso",Nocif,Just Woke Up,1,4,8,1524336,FR,France,Q2,2023
4,spotify:track:7jbu9k6w67hWlhSinmGT3c,"Zola, Damso, PRINC€",COEUR DE ICE (feat. Damso & PRINC€),AWA,1,3,4,1520083,FR,France,Q2,2023
5,spotify:track:0EzNyXyU7gHzj2TN8qYThj,SDM,Bolide allemand,92i / Capitol Music France,5,8,19,1485997,FR,France,Q2,2023
6,spotify:track:4f0ytSBF6dlKOIFQsfeemV,Djadja & Dinaz,Capitaine,Carré music,6,11,4,1443585,FR,France,Q2,2023
7,spotify:track:5Q967UCPfCsQeEgFhT1umT,Zola,AMBER,AWA,1,6,21,1400033,FR,France,Q2,2023
8,spotify:track:4wNyrbY6B2Okii8VeKo2B2,Tiakola,Meuda,Wati-B,8,9,46,1308843,FR,France,Q2,2023
9,spotify:track:1xs8bOvm3IzEYmcLJVOc34,Ayra Starr,Rush,Mavin Records,9,15,13,1196871,FR,France,Q2,2023
10,spotify:track:3dl81ypaK6k0y0RCszBKS4,Tayc,Room 69,Play Two,4,5,8,1160722,FR,France,Q2,2023
11,spotify:track:3d7vLNeOXnzdBwUGbqklPE,"Werenoi, Ninho",Ciao,PLR Music / PGP Records / Allpoints,6,10,5,1111255,FR,France,Q2,2023
12,spotify:track:2dHHgzDwk4BJdRwy9uXhTO,"Metro Boomin, The Weeknd, 21 Savage",Creepin' (with The Weeknd & 21 Savage),Republic Records,7,12,19,1098043,FR,France,Q2,2023
13,spotify:track:6D1HiF2e3Z0F8FwQ5uLxwn,"Gazo, Favé, Kerchak, Leto",NO LÈCHE,BSB PROD,4,7,5,1093434,FR,France,Q2,2023
14,spotify:track:3xrZCGMyXIDqesVz4QwJOL,Aya Nakamura,Baby,Rec. 118,3,14,13,1078772,FR,France,Q2,2023
15,spotify:track:6pIciAIov7TP5Zj4PTN9rc,Vacra,Tiki Taka,Universal Music Division Carthage Music,15,18,15,1056227,FR,France,Q2,2023
16,spotify:track:7A2DyRIqqelhZ4caPJMaFI,Favé,Urus,Morning Glory Music / 109 Record,3,17,26,1041262,FR,France,Q2,2023
17,spotify:track:4otT81iBBpaf36roGtzT4a,Lomepal,Decrescendo,Pinéale,13,20,30,1020017,FR,France,Q2,2023
18,spotify:track:2gH0sY8ATBTt01imXPZJdH,Djadja & Dinaz,Pas là - Bonus track - édition Aube,Carré music,14,22,6,1003259,FR,France,Q2,2023
19,spotify:track:6QPFWJJLKKPjnwRQJ1OwSC,"Zola, Tiakola",TOUTE LA JOURNÉE (feat. Tiakola),AWA,3,13,10,994871,FR,France,Q2,2023
20,spotify:track:0lSB2n0DEvA2mnsGI9qI5f,Zola,ENVIE7VIE,AWA,11,26,4,994609,FR,France,Q2,2023
21,spotify:track:7dISpxgINJOQSuXUTEfB9x,Louane,Secret,Universal Music Division Island Def Jam,13,21,21,977570,FR,France,Q2,2023
22,spotify:track:3D29kjUyWxsT3jUUTtARVQ,Gazo,DIE,BSB PROD,1,19,41,971563,FR,France,Q2,2023
23,spotify:track:1xLCwgQcF6bKncTJmRGGws,SDM,Mr. Ocho,92i / Capitol Music France,6,29,19,941242,FR,France,Q2,2023
24,spotify:track:4uUG5RXrOk84mYEfFvj3cK,"David Guetta, Bebe Rexha",I'm Good (Blue),Parlophone UK,3,24,33,923855,FR,France,Q2,2023
25,spotify:track:2GMXeFK2Zz6DqUP5LT9NHz,Werenoi,Laboratoire,PLR Music / PGP Records / Allpoints,16,16,5,883539,FR,France,Q2,2023
26,spotify:track:43vjYTKZg8R5LsuITJ4wVu,RK,Lola,Universal Music Distribution Deal,7,30,27,862375,FR,France,Q2,2023
27,spotify:track:41owO9tpVFmNAZ4IEpM2iK,"Werenoi, PLK",Escorte,PLR Music / PGP Records / Allpoints,11,27,5,848275,FR,France,Q2,2023
28,spotify:track:0uSjZhPKuYBcObeetfVlpn,Werenoi,Solitaire,PGP Records,25,31,35,847233,FR,France,Q2,2023
29,spotify:track:7exHT4swWOKL5addPeqkLP,Måneskin,THE LONELIEST,Epic,12,25,25,833466,FR,France,Q2,2023
30,spotify:track:0i9RysNKssk6syOrKDX3U2,"Gazo, Tiakola",FLEURS (feat. Tiakola),BSB PROD,10,28,41,826800,FR,France,Q2,2023
31,spotify:track:0Jh6iWjna1wk5le0Ahn7No,Ninho,La vie qu'on mène,Rec. 118 / Mal Luné Music,3,36,212,808607,FR,France,Q2,2023
32,spotify:track:0goer5e8B6SJaTV2B51k6f,Jul,La bandite,D'Or et de Platine,11,37,54,804473,FR,France,Q2,2023
33,spotify:track:2ThaHV10xrAcL2WfqXyLnp,Imagine Dragons,Symphony,Kid Ina Korner / Interscope,33,39,18,801827,FR,France,Q2,2023
34,spotify:track:3dAmEncotdt2zdvAJBSbCy,"Gianni, Ninho, Dadju",Acolyte (feat. Dadju & Ninho),Label Blue Sky,21,23,4,799036,FR,France,Q2,2023
35,spotify:track:6YWjskKykdPsBuiTBOg1VK,Damso,Δ. Dieu ne ment jamais,Universal Music Division Carthage Music,8,35,67,797848,FR,France,Q2,2023
36,spotify:track:4Dvkj6JhhA12EX05fT7y2e,Harry Styles,As It Was,Columbia,1,40,54,789839,FR,France,Q2,2023
37,spotify:track:4eCQd00uuhXtzgYRS4qW5C,Maes,Fetty Wap,Universal Music Distribution Deal,2,33,22,759876,FR,France,Q2,2023
38,spotify:track:38T0tPVZHcPZyhtOcCP7pF,Lil Nas X,STAR WALKIN' (League of Legends Worlds Anthem),Columbia,14,34,29,750812,FR,France,Q2,2023
39,spotify:track:57JhjU33uXlZtmr2Dsk8TX,"Werenoi, Ninho",3 singes,PGP Records,8,45,9,739658,FR,France,Q2,2023
40,spotify:track:5bOWPM362XpMa8zn6UR9te,Nuit Incolore,Dépassé,Wagram Music / Cinq 7,40,54,12,739197,FR,France,Q2,2023
41,spotify:track:4fYte8ZvTK14NEhAOZocBi,OneRepublic,I Ain't Worried,Mosley Music/Interscope Records,6,42,44,735329,FR,France,Q2,2023
42,spotify:track:79DFRI318iJU1hvZnPzA4K,"Stefy De Cicco, Shibui, Andrea Zelletta",Superstar,NITRON music,42,59,3,725205,FR,France,Q2,2023
43,spotify:track:7jtQIBanIiJOMS6RyCx6jZ,Tom Odell,Another Love,ITNO/Columbia,17,46,89,723802,FR,France,Q2,2023
44,spotify:track:6qvyN6NTUpdfOJRYjtSSd7,Josman,Intro,SIDELINE,23,50,56,714269,FR,France,Q2,2023
45,spotify:track:6t5eToKchEStEhi3TiM2aD,Maes,Galactic,Universal Music Distribution Deal,3,38,14,712773,FR,France,Q2,2023
46,spotify:track:5gEoeTjRPFbRfx6URQIwOG,Ziak,Pistol & Zamal,Universal Music Division Capitol Music France,30,32,3,708631,FR,France,Q2,2023
47,spotify:track:2EMkEil00JbwV78CoRgd3E,"Black Eyed Peas, Daddy Yankee",BAILAR CONTIGO,Epic,44,44,7,707919,FR,France,Q2,2023
48,spotify:track:4nrPB8O7Y7wsOCJdgXkthe,"Bizarrap, Shakira","Shakira: Bzrp Music Sessions, Vol. 53/66",DALE PLAY Records,17,48,13,680144,FR,France,Q2,2023
49,spotify:track:6GwokJMonhQsnN653VhE1V,RIDSA,Nous Deux,Play Two,41,41,13,676746,FR,France,Q2,2023
50,spotify:track:3PqAQRlPl0yOnqqcB6Y5Cw,Aime Simone,Shining Light,No Start No End,23,49,26,675952,FR,France,Q2,2023
1,spotify:track:0EzNyXyU7gHzj2TN8qYThj,SDM,Bolide allemand,92i / Capitol Music France,1,3,32,2141535,FR,France,Q3,2023
2,spotify:track:4wNyrbY6B2Okii8VeKo2B2,Tiakola,Meuda,Wati-B,2,5,59,1991593,FR,France,Q3,2023
3,spotify:track:3Iy4j2lCqW8BXGkFk21U6F,"Ninho, Central Cee",Eurostar (feat. Central Cee),Rec. 118/Jefe Production,1,1,2,1729601,FR,France,Q3,2023
4,spotify:track:2BvjmY4Mp5q1AHL0laetd6,"Heuss L'enfoiré, Gazo",Saiyan,150 Prod / Straw Production,4,26,6,1646492,FR,France,Q3,2023
5,spotify:track:0XGBe8T2n2XTdesQgjQQIY,"Naps, Gazo, Ninho",C'est carré le S,Ok Many industrie,1,10,11,1609384,FR,France,Q3,2023
6,spotify:track:1xs8bOvm3IzEYmcLJVOc34,Ayra Starr,Rush,Mavin Records,6,17,26,1436570,FR,France,Q3,2023
7,spotify:track:2t0sbwkCuLSS8LKFanHEZu,"JEY BROWNIE, FLEM KGB",GTB,ATT Music Productions,7,31,3,1341801,FR,France,Q3,2023
8,spotify:track:30D9x5LFgL2o9xidjX2wtE,"Soolking, Gazo",Casanova,Universal Music MENA Distributed Labels,8,-1,1,1327553,FR,France,Q3,2023
9,spotify:track:2GMXeFK2Zz6DqUP5LT9NHz,Werenoi,Laboratoire,PLR Music / PGP Records / Allpoints,9,24,18,1286520,FR,France,Q3,2023
10,spotify:track:7d391WfC0HtftRcetDFQUy,PLK,Nouvelles,Panenka Music,3,22,13,1281375,FR,France,Q3,2023
11,spotify:track:3BKD1PwArikchz2Zrlp1qi,"David Guetta, Anne-Marie, Coi Leray",Baby Don't Hurt Me,Parlophone UK,11,32,14,1270468,FR,France,Q3,2023
12,spotify:track:1DmW5Ep6ywYwxc2HMT5BG6,Loreen,Tattoo,Universal Music AB,12,23,9,1266568,FR,France,Q3,2023
13,spotify:track:7EO5oDxrq2dvYDgBjFvFYY,"No Limit, Gazo, Damso",LA RUE,NO LIMIT PROD,1,21,9,1264896,FR,France,Q3,2023
14,spotify:track:4DHcnVTT87F0zZhRPYmZ3B,Miley Cyrus,Flowers,Columbia,1,19,26,1262676,FR,France,Q3,2023
15,spotify:track:6pIciAIov7TP5Zj4PTN9rc,Vacra,Tiki Taka,Universal Music Division Carthage Music,12,30,28,1234246,FR,France,Q3,2023
16,spotify:track:5dSfZLxT4QUN4maDM5H2ZW,"NAZAKEBLACK, Naza, KeBlack","1,2,3 Soleil",Capricarolesque Industry - Dayeden Musik,15,34,5,1233383,FR,France,Q3,2023
17,spotify:track:66TAAKeoOD0cFpVRug9IXZ,PLK,Demain,Panenka Music,1,29,13,1196593,FR,France,Q3,2023
18,spotify:track:16FTTvpIgihyei3EBNw1jd,"GAULOIS, Ninho",Jolie (feat. Ninho),La G Corp / Tiens Tiens Retiens,1,15,26,1145034,FR,France,Q3,2023
19,spotify:track:0XpWJLcqo71l4jsSsjrFD1,Ninho,La vie de Johnny,Rec. 118/Jefe Production,4,4,2,1094785,FR,France,Q3,2023
20,spotify:track:5bOWPM362XpMa8zn6UR9te,Nuit Incolore,Dépassé,Wagram Music / Cinq 7,16,33,25,1090756,FR,France,Q3,2023
21,spotify:track:1odExI7RdWc4BT515LTAwj,David Kushner,Daylight,Miserable Music Group,10,28,13,1068655,FR,France,Q3,2023
22,spotify:track:55Q180Og5mkW2XeGPjB7yn,"Morad, Jul",Se Grita,M.D.L.R,22,43,8,1026392,FR,France,Q3,2023
23,spotify:track:4cW0FXhN81yZ6YHVmFnsyG,Ninho,25 G,Rec. 118/Jefe Production,6,6,5,1023613,FR,France,Q3,2023
24,spotify:track:3t6CmLKKMFxclNBzvJd51t,"Ninho, Lil Baby",Blue story (feat. Lil Baby),Rec. 118/Jefe Production,2,2,2,1014763,FR,France,Q3,2023
25,spotify:track:3d7vLNeOXnzdBwUGbqklPE,"Werenoi, Ninho",Ciao,PLR Music / PGP Records / Allpoints,6,35,18,1004124,FR,France,Q3,2023
26,spotify:track:609E1JCInJncactoMmkDon,"ROSALÍA, Rauw Alejandro",BESO,Columbia Records/Duars Entertainment/Sony Music Latin,19,42,16,1000375,FR,France,Q3,2023
27,spotify:track:1JvMPB1mkcrQsnasBGMBYd,"Ninho, Ayra Starr",No love,Rec. 118/Jefe Production,9,9,2,991327,FR,France,Q3,2023
28,spotify:track:0uSjZhPKuYBcObeetfVlpn,Werenoi,Solitaire,PGP Records,14,39,48,989337,FR,France,Q3,2023
29,spotify:track:1xLCwgQcF6bKncTJmRGGws,SDM,Mr. Ocho,92i / Capitol Music France,6,40,32,982796,FR,France,Q3,2023
30,spotify:track:2F2p7b5Xq20mRyEeWYaeUF,"Purple Disco Machine, Kungs, Julian Perretta",Substitution (feat. Julian Perretta),Columbia Local,30,46,13,975825,FR,France,Q3,2023
31,spotify:track:7A2DyRIqqelhZ4caPJMaFI,Favé,Urus,Morning Glory Music / 109 Record,3,38,39,959497,FR,France,Q3,2023
32,spotify:track:4f0ytSBF6dlKOIFQsfeemV,Djadja & Dinaz,Capitaine,Carré music,6,41,17,955022,FR,France,Q3,2023
33,spotify:track:4BZZTXcd5ROagKhynqj61X,"Hamza, Damso",Nocif,Just Woke Up,1,37,21,933795,FR,France,Q3,2023
34,spotify:track:1NS6X0RWyNp0KzCCmCCwlu,"Nahir, Vacra",Piranha (feat. Vacra),AWA,23,49,7,908003,FR,France,Q3,2023
35,spotify:track:2Qzt61URbXBb9N2MSVDoDv,"DYSTINCT, Naza, Unleaded",Business (feat. Naza),Avalon Music,24,50,6,895107,FR,France,Q3,2023
36,spotify:track:5eTaQYBE1yrActixMAeLcZ,"Calvin Harris, Ellie Goulding",Miracle (with Ellie Goulding),Columbia,28,57,16,885295,FR,France,Q3,2023
37,spotify:track:7nLzZI0e9ngvaNDqLF7Z8c,Ninho,Rich Porter,Rec. 118/Jefe Production,7,7,2,881512,FR,France,Q3,2023
38,spotify:track:3aiOu3VFNOD9omIGG7nSq1,Aden Foyer,The Ballet Girl,Columbia,27,60,16,870994,FR,France,Q3,2023
39,spotify:track:0Jh6iWjna1wk5le0Ahn7No,Ninho,La vie qu'on mène,Rec. 118 / Mal Luné Music,3,48,225,864611,FR,France,Q3,2023
40,spotify:track:68u6FfyJemjxWi2ipfhG7e,Jul,La faille,D'Or et de Platine,6,44,9,855863,FR,France,Q3,2023
41,spotify:track:0goer5e8B6SJaTV2B51k6f,Jul,La bandite,D'Or et de Platine,11,51,67,853844,FR,France,Q3,2023
42,spotify:track:0i9RysNKssk6syOrKDX3U2,"Gazo, Tiakola",FLEURS (feat. Tiakola),BSB PROD,10,56,54,851925,FR,France,Q3,2023
43,spotify:track:3D29kjUyWxsT3jUUTtARVQ,Gazo,DIE,BSB PROD,1,53,54,850268,FR,France,Q3,2023
44,spotify:track:3OFAB9JacVGaz4CWSsfZhZ,Zola,AMBER,AWA,1,47,34,850056,FR,France,Q3,2023
45,spotify:track:6IdcyYfBz9LG3SWIKVyNgh,"Becky G, Omega",Arranca (feat. Omega),Kemosabe Records/RCA Records,45,85,7,843388,FR,France,Q3,2023
46,spotify:track:46NCn1HZ054Wy0o6H86teM,"Dau, Nouvelle École",Finale - Nouvelle École,Netflix Music,4,45,7,841695,FR,France,Q3,2023
47,spotify:track:1WkliDsYrTr7UdNcQVDy2Q,Dubzyy,La League,PGP Records,34,54,49,839319,FR,France,Q3,2023
48,spotify:track:6pb5DtlAeG95dNQLHiArRU,"R3HAB, INNA, Sash!",Rock My Body,Spinnin' Records,48,64,6,823937,FR,France,Q3,2023
49,spotify:track:2xsRIYRAC0mXttKR4sZscl,Sound Of Legend,Some Kind Of Kiss,Play Two,28,55,15,814822,FR,France,Q3,2023
50,spotify:track:26b3oVLrRUaaybJulow9kz,Libianca,People,5K Records Limited,30,59,27,814651,FR,France,Q3,2023
1,spotify:track:6z0GwK274ToNmvxfyYPuHw,"Jungeli, Imen Es, Alonzo, Abou Debeing, Lossa",Petit génie,Universal Music Distributed Labels,1,1,10,3268619,FR,France,Q4,2023
2,spotify:track:2HafqoJbgXdtjwCOvNEF14,iñigo quintero,Si No Estás,Acqustic,2,6,3,2674318,FR,France,Q4,2023
3,spotify:track:2ImdwbujxKFxN1UxEvf2dD,KeBlack,LAISSE MOI,Motema records,2,2,5,2612523,FR,France,Q4,2023
4,spotify:track:30D9x5LFgL2o9xidjX2wtE,"Soolking, Gazo",Casanova,Universal Music MENA Distributed Labels,1,4,14,2402045,FR,France,Q4,2023
5,spotify:track:2BvjmY4Mp5q1AHL0laetd6,"Heuss L'enfoiré, Gazo",Saiyan,150 Prod / Straw Production,1,3,19,2397140,FR,France,Q4,2023
6,spotify:track:73LBcJygFdRAiJfWkpnf2G,"Dave, Tiakola",Meridian,Dave / Neighbourhood Recordings,3,5,7,1966674,FR,France,Q4,2023
7,spotify:track:56y1jOTK0XSvJzVv9vHQBK,Doja Cat,Paint The Town Red,Kemosabe Records/RCA Records,7,7,10,1759386,FR,France,Q4,2023
8,spotify:track:0EzNyXyU7gHzj2TN8qYThj,SDM,Bolide allemand,92i / Capitol Music France,1,8,45,1651357,FR,France,Q4,2023
9,spotify:track:4wNyrbY6B2Okii8VeKo2B2,Tiakola,Meuda,Wati-B,2,9,72,1529557,FR,France,Q4,2023
10,spotify:track:24JrEVHDfohup0ypuOV7os,Werenoi,Laboratoire,PLR Music / PGP Records / Allpoints,9,10,31,1472465,FR,France,Q4,2023
11,spotify:track:5mjYQaktjmjcMKcUIcqz4s,Kenya Grace,Strangers,Warner Records/Major Recordings,11,11,6,1470472,FR,France,Q4,2023
12,spotify:track:1DmW5Ep6ywYwxc2HMT5BG6,Loreen,Tattoo,Universal Music AB,7,14,22,1358412,FR,France,Q4,2023
13,spotify:track:02RGARryimtGfuawXbKj8P,"Favé, Gazo",Flashback,109 Record / Morning Glory Music / Believe,11,13,4,1319032,FR,France,Q4,2023
14,spotify:track:3rUGC1vUpkDG9CZFHMur1t,Tate McRae,greedy,RCA Records Label,14,15,4,1220302,FR,France,Q4,2023
15,spotify:track:69zAnyBtarXinChSUq925t,"Werenoi, SCH",Magot,AllPoints,6,12,3,1174850,FR,France,Q4,2023
16,spotify:track:7d391WfC0HtftRcetDFQUy,PLK,Nouvelles,Panenka Music,3,16,26,1113548,FR,France,Q4,2023
17,spotify:track:3rkyVQEgaDR5nZvW10QOrQ,Werenoi,Chemin d'or,PLR Music / PGP Records / Allpoints,17,19,30,1060045,FR,France,Q4,2023
18,spotify:track:1odExI7RdWc4BT515LTAwj,David Kushner,Daylight,Miserable Music Group,10,20,26,1051645,FR,France,Q4,2023
19,spotify:track:42koItqq5r5ZoXj8TTt36D,"Ikaz Boi, Tiakola",BALLE DANS LE COEUR,Stellar 90,19,21,2,1025880,FR,France,Q4,2023
20,spotify:track:1vYXt7VSjH9JIM5oRRo7vA,Dua Lipa,Dance The Night - From Barbie The Album,Atlantic Records,5,23,20,1020272,FR,France,Q4,2023
21,spotify:track:6IdcyYfBz9LG3SWIKVyNgh,"Becky G, Omega",Arranca (feat. Omega),Kemosabe Records/RCA Records,20,22,20,992540,FR,France,Q4,2023
22,spotify:track:0sazgd7qckzMWxJ6IHcRFv,Freeze corleone,Jour de plus,MMS CORP,5,17,5,990480,FR,France,Q4,2023
23,spotify:track:0IzfVZmlCiwPZmjNkRJehY,Freeze corleone,Shavkat,MMS CORP,2,18,12,973439,FR,France,Q4,2023
24,spotify:track:1JvMPB1mkcrQsnasBGMBYd,"Ninho, Ayra Starr",No love,Rec. 118/Jefe Production,9,25,15,933051,FR,France,Q4,2023
25,spotify:track:6vHkJ4L8gqCwedvhXkSCsa,"Trinix, One-T",The Magic Key,PEOPLE WANT TO DANCE,22,24,13,912320,FR,France,Q4,2023
26,spotify:track:38KQ5zKDeF3kUH18ZjzBbZ,Dubzyy,La League,PGP Records,26,33,62,911819,FR,France,Q4,2023
27,spotify:track:31nfdEooLEq7dn3UMcIeB5,BENNETT,Vois sur ton chemin - Techno Mix,Warner Music Central Europe,27,27,9,886971,FR,France,Q4,2023
28,spotify:track:66TAAKeoOD0cFpVRug9IXZ,PLK,Demain,Panenka Music,1,32,26,879066,FR,France,Q4,2023
29,spotify:track:3Iy4j2lCqW8BXGkFk21U6F,"Ninho, Central Cee",Eurostar (feat. Central Cee),Rec. 118/Jefe Production,1,28,15,865827,FR,France,Q4,2023
30,spotify:track:7EO5oDxrq2dvYDgBjFvFYY,"No Limit, Gazo, Damso",LA RUE,NO LIMIT PROD,1,26,22,863702,FR,France,Q4,2023
31,spotify:track:609E1JCInJncactoMmkDon,"ROSALÍA, Rauw Alejandro",BESO,Columbia Records/Duars Entertainment/Sony Music Latin,10,30,29,844003,FR,France,Q4,2023
32,spotify:track:14VthBnru6kiREQUYAuNSL,"Trinix, Fafá de Belém",Emorio,Trinix Music / WEA France,25,31,14,825799,FR,France,Q4,2023
33,spotify:track:0YbFEoJi7Esa7lhIrEpBjl,Imagine Dragons,Waves,Kid Ina Korner / Interscope,26,41,23,809391,FR,France,Q4,2023
34,spotify:track:5dSfZLxT4QUN4maDM5H2ZW,"NAZAKEBLACK, Naza, KeBlack","1,2,3 Soleil",Capricarolesque Industry - Dayeden Musik,8,46,18,795191,FR,France,Q4,2023
35,spotify:track:7FKZix4pk2qf4SZVMOYich,Kerchak,Roule un autre - A COLORS SHOW,Label Blue Sky,35,-1,1,782580,FR,France,Q4,2023
36,spotify:track:59NraMJsLaMCVtwXTSia8i,"cassö, RAYE, D-Block Europe",Prada,Ministry of Sound Recordings,36,36,6,775159,FR,France,Q4,2023
37,spotify:track:3kzXT2poHInDISrXOgT1PR,Werenoi,Solitaire,PGP Records,14,50,61,774075,FR,France,Q4,2023
38,spotify:track:4v9cohT8ERXNMbYs34JI7V,Werenoi,Mauvaise,AllPoints,21,29,3,774003,FR,France,Q4,2023
39,spotify:track:2YSzYUF3jWqb9YP9VXmpjE,"Drake, Yeat",IDGAF (feat. Yeat),OVO/Republic,39,-1,1,757104,FR,France,Q4,2023
40,spotify:track:5JVR0F2Gya13oWlAG3dc62,"Zokush, RK",1 2 3 4,Universal Music Division Virgin Music,39,39,6,749530,FR,France,Q4,2023
41,spotify:track:2G4C8evrYTOcMhWNSKSBoy,"Dave, Tiakola",Special,Dave / Neighbourhood Recordings,14,47,7,742246,FR,France,Q4,2023
42,spotify:track:2t0sbwkCuLSS8LKFanHEZu,"JEY BROWNIE, FLEM KGB",GTB,ATT Music Productions,7,38,16,738697,FR,France,Q4,2023
43,spotify:track:6EMR2TqTujy6ZW00ag7saG,Aden Foyer,The Ballet Girl,Columbia,27,79,29,730953,FR,France,Q4,2023
44,spotify:track:7jtQIBanIiJOMS6RyCx6jZ,Tom Odell,Another Love,ITNO/Columbia,17,48,115,718315,FR,France,Q4,2023
45,spotify:track:7A2DyRIqqelhZ4caPJMaFI,Favé,Urus,Morning Glory Music / 109 Record,3,34,52,713659,FR,France,Q4,2023
46,spotify:track:0i9RysNKssk6syOrKDX3U2,"Gazo, Tiakola",FLEURS (feat. Tiakola),BSB PROD,10,35,67,710818,FR,France,Q4,2023
47,spotify:track:4RoKNqyZ9622tcAeNPNv5k,Burna Boy,City Boys,Spaceship/ Bad Habit/Atlantic Records,47,51,7,708147,FR,France,Q4,2023
48,spotify:track:7LjHqvRyDcMZ9rJ1XuY0IP,"King Serenity, Locko, Sergio Alejandro",All for U (Ameyatchi),Can't Stop Productions,38,45,13,696126,FR,France,Q4,2023
49,spotify:track:3D29kjUyWxsT3jUUTtARVQ,Gazo,DIE,BSB PROD,1,42,67,687656,FR,France,Q4,2023
50,spotify:track:0XGBe8T2n2XTdesQgjQQIY,"Naps, Gazo, Ninho",C'est carré le S,Ok Many industrie,1,54,24,685559,FR,France,Q4,2023
1,spotify:track:5WxVXxCMRnvxUKFq40ELwq,"RAYE, 070 Shake",Escapism.,Human Re Sources,1,1,8,2830949,GB,United Kingdom,Q1,2023
2,spotify:track:1Qrg8KqiBpW07V7PNxwwwL,SZA,Kill Bill,Top Dawg Entertainment/RCA Records,2,2,5,2815790,GB,United Kingdom,Q1,2023
3,spotify:track:3zkyus0njMCL6phZmNNEeN,Central Cee,LET GO,Central Cee,3,4,4,1880149,GB,United Kingdom,Q1,2023
4,spotify:track:0V3wPSX9ygBnCm8psDIegu,Taylor Swift,Anti-Hero,Taylor Swift,1,3,12,1840783,GB,United Kingdom,Q1,2023
5,spotify:track:2dHHgzDwk4BJdRwy9uXhTO,"Metro Boomin, The Weeknd, 21 Savage",Creepin' (with The Weeknd & 21 Savage),Republic Records,5,11,6,1653737,GB,United Kingdom,Q1,2023
6,spotify:track:220n79cLlh2NwvlIEEKpKt,"Bugzy Malone, TeeDee",Out Of Nowhere,BSomebody,6,7,9,1631899,GB,United Kingdom,Q1,2023
7,spotify:track:4uUG5RXrOk84mYEfFvj3cK,"David Guetta, Bebe Rexha",I'm Good (Blue),Parlophone UK,1,6,20,1564051,GB,United Kingdom,Q1,2023
8,spotify:track:3nqQXoyQOWXiESFLlDF1hG,"Sam Smith, Kim Petras",Unholy (feat. Kim Petras),Capitol Records UK / EMI,1,5,16,1524986,GB,United Kingdom,Q1,2023
9,spotify:track:5RobAV5ROH5KARimi7n3cO,"venbee, goddard.",messy in heaven,Columbia,7,10,16,1480792,GB,United Kingdom,Q1,2023
10,spotify:track:73vIOb4Q7YN6HeJTbscRx5,"Oliver Tree, Robin Schulz",Miss You - Bonus Track,Atlantic Records,3,12,14,1451250,GB,United Kingdom,Q1,2023
11,spotify:track:4Dvkj6JhhA12EX05fT7y2e,Harry Styles,As It Was,Columbia,1,8,41,1423113,GB,United Kingdom,Q1,2023
12,spotify:track:0QHEIqNKsMoOY5urbzN48u,Meghan Trainor,Made You Look,Epic,4,9,12,1398415,GB,United Kingdom,Q1,2023
13,spotify:track:0JXXNGljqupsJaZsgSbMZV,Miguel,Sure Thing,Jive,13,27,8,1388981,GB,United Kingdom,Q1,2023
14,spotify:track:4h9wh7iOZ0GGn8QVp4RAOB,OneRepublic,I Ain't Worried,Interscope Records,4,13,32,1319544,GB,United Kingdom,Q1,2023
15,spotify:track:7jtQIBanIiJOMS6RyCx6jZ,Tom Odell,Another Love,ITNO/Columbia,14,14,101,1308713,GB,United Kingdom,Q1,2023
16,spotify:track:1bDbXMyjaUIooNwFE9wn0N,"Drake, 21 Savage",Rich Flex,OVO / Republic Records,2,15,10,1202520,GB,United Kingdom,Q1,2023
17,spotify:track:1GfBLbAhZUWdseuDqhocmn,"Skrillex, Fred again.., Flowdan",Rumble,OWSLA/Atlantic,17,-1,1,1134898,GB,United Kingdom,Q1,2023
18,spotify:track:0WtM2NBVQNNJLh6scP13H8,"Rema, Selena Gomez",Calm Down (with Selena Gomez),Mavin Records / Jonzing World,18,26,19,1111081,GB,United Kingdom,Q1,2023
19,spotify:track:4k6Uh1HXdhtusDW5y8Gbvy,Steve Lacy,Bad Habit,L-M Records/RCA Records,5,19,27,1103581,GB,United Kingdom,Q1,2023
20,spotify:track:4rPJSqrov3zqGwXlemLBMw,"RAYE, 070 Shake",Escapism. - Sped Up,Human Re Sources,20,29,6,1062435,GB,United Kingdom,Q1,2023
21,spotify:track:5uSFGgIfHMT3osrAd9n9ym,Lewis Capaldi,Forget Me,Vertigo Berlin,2,24,18,1048777,GB,United Kingdom,Q1,2023
22,spotify:track:1xzi1Jcr7mEi9K2RfzLOqS,Beyoncé,CUFF IT,Parkwood Entertainment/Columbia,7,16,24,1035866,GB,United Kingdom,Q1,2023
23,spotify:track:2QjOHCTQ1Jl3zawyYOpxh6,The Neighbourhood,Sweater Weather,Columbia,19,22,120,1033853,GB,United Kingdom,Q1,2023
24,spotify:track:1eprzC29mwUQqcVj0eILdx,"Anne-Marie, Aitch",PSYCHO,Atlantic Records UK,8,25,17,1021149,GB,United Kingdom,Q1,2023
25,spotify:track:5IgjP7X4th6nMNDh4akUHb,Chris Brown,Under The Influence,Chris Brown Entertainment/RCA Records,8,23,25,1005909,GB,United Kingdom,Q1,2023
26,spotify:track:39JofJHEtg8I4fSyo7Imft,"Eliza Rose, Interplanetary Criminal",B.O.T.A. (Baddest Of Them All) - Edit,Warner Records,2,18,23,971165,GB,United Kingdom,Q1,2023
27,spotify:track:40SBS57su9xLiE1WqkXOVr,LF SYSTEM,Afraid To Feel,Warner Records,1,17,33,955640,GB,United Kingdom,Q1,2023
28,spotify:track:2wSTnntOPRi7aQneobFtU4,SZA,Shirt,Top Dawg Entertainment/RCA Records,24,30,11,953314,GB,United Kingdom,Q1,2023
29,spotify:track:1Y3LN4zO1Edc2EluIoSPJN,"Stephen Sanchez, Em Beihold",Until I Found You (with Em Beihold) - Em Beihold Version,Republic Records,29,36,5,939254,GB,United Kingdom,Q1,2023
30,spotify:track:3LtpKP5abr2qqjunvjlX5i,Central Cee,Doja,Central Cee,2,21,25,924017,GB,United Kingdom,Q1,2023
31,spotify:track:003vvx7Niy0yvhvHt4a68B,The Killers,Mr. Brightside,Island Records,20,20,316,906680,GB,United Kingdom,Q1,2023
32,spotify:track:5XeFesFbtLpXzIVDNQP22n,Arctic Monkeys,I Wanna Be Yours,Domino Recording Co,22,32,25,895767,GB,United Kingdom,Q1,2023
33,spotify:track:3azJifCSqg9fRij2yKIbWz,Tory Lanez,The Color Violet,One Umbrella Records,33,42,10,879904,GB,United Kingdom,Q1,2023
34,spotify:track:561jH07mF1jHuk7KlaeF0s,Eminem,Mockingbird,Eminem Catalog PS,34,34,13,873740,GB,United Kingdom,Q1,2023
35,spotify:track:5odlY52u43F5BjByhxg7wg,JVKE,golden hour,JVKE,35,43,15,859455,GB,United Kingdom,Q1,2023
36,spotify:track:0JIhRhZPF5j5dx0FGqTWxy,Cian Ducrot,I'll Be Waiting,Polydor Records,36,65,6,858526,GB,United Kingdom,Q1,2023
37,spotify:track:1xK59OXxi2TAAAbmZK0kBL,d4vd,Romantic Homicide,Darkroom/Interscope Records,22,33,18,856895,GB,United Kingdom,Q1,2023
38,spotify:track:58ge6dfP91o9oXMzq3XkIS,Arctic Monkeys,505,Domino/Warner Records,17,35,104,850416,GB,United Kingdom,Q1,2023
39,spotify:track:6BePGk3eCan4FqaW2X8Qy3,"Tiësto, Tate McRae",10:35,Atlantic Records,39,50,10,850180,GB,United Kingdom,Q1,2023
40,spotify:track:4FyesJzVpA39hbYvcseO2d,Lil Uzi Vert,Just Wanna Rock,Generation Now/Atlantic,37,37,12,843907,GB,United Kingdom,Q1,2023
41,spotify:track:06UUKFWdB0NJIY0RfVfCYQ,Stormzy,Hide & Seek,0207 Def Jam,8,39,13,823044,GB,United Kingdom,Q1,2023
42,spotify:track:5YbPxJwPfrj7uswNwoF1pJ,Burna Boy,Last Last,Spaceship/ Bad Habit/Atlantic Records,4,28,35,819093,GB,United Kingdom,Q1,2023
43,spotify:track:4JBiO7wRnE6ueszEUpo347,Lewis Capaldi,Pointless,Vertigo Berlin,43,54,6,800658,GB,United Kingdom,Q1,2023
44,spotify:track:02MWAaffLxlfxAUY7c5dvx,Glass Animals,Heat Waves,Polydor Records,2,31,117,800269,GB,United Kingdom,Q1,2023
45,spotify:track:2LBqCSwhJGcFQeTHMVGwy3,The Weeknd,Die For You,Universal Republic Records,44,44,25,785015,GB,United Kingdom,Q1,2023
46,spotify:track:5Y35SjAfXjjG0sFQ3KOxmm,SZA,Nobody Gets Me,Top Dawg Entertainment/RCA Records,31,46,5,772812,GB,United Kingdom,Q1,2023
47,spotify:track:78Sw5GDo6AlGwTwanjXbGh,d4vd,Here With Me,Darkroom/Interscope Records,47,72,8,765196,GB,United Kingdom,Q1,2023
48,spotify:track:1mea3bSkSGXuIRvnydlB5b,Coldplay,Viva La Vida,Parlophone UK,41,41,29,762257,GB,United Kingdom,Q1,2023
49,spotify:track:086myS9r57YsLbJpU0TgK9,Arctic Monkeys,Why'd You Only Call Me When You're High?,Domino Recording Co,30,47,117,750611,GB,United Kingdom,Q1,2023
50,spotify:track:5FVd6KXrgO9B3JPmC8OPst,Arctic Monkeys,Do I Wanna Know?,Domino Recording Co,24,60,252,744422,GB,United Kingdom,Q1,2023
1,spotify:track:5eTaQYBE1yrActixMAeLcZ,"Calvin Harris, Ellie Goulding",Miracle (with Ellie Goulding),Columbia,1,1,5,2506976,GB,United Kingdom,Q2,2023
2,spotify:track:4DHcnVTT87F0zZhRPYmZ3B,Miley Cyrus,Flowers,Columbia,1,3,13,2244546,GB,United Kingdom,Q2,2023
3,spotify:track:6AQbmUe0Qwf5PZnt4HmTXv,"PinkPantheress, Ice Spice",Boy's a liar Pt. 2,Warner Records,1,2,10,2195958,GB,United Kingdom,Q2,2023
4,spotify:track:1Qrg8KqiBpW07V7PNxwwwL,SZA,Kill Bill,Top Dawg Entertainment/RCA Records,2,4,18,1881594,GB,United Kingdom,Q2,2023
5,spotify:track:7aRCf5cLOFN1U7kvtChY1G,Drake,Search & Rescue,OVO/Republic Records,5,-1,1,1811025,GB,United Kingdom,Q2,2023
6,spotify:track:26b3oVLrRUaaybJulow9kz,Libianca,People,5K Records Limited,5,5,14,1605936,GB,United Kingdom,Q2,2023
7,spotify:track:5mHdCZtVyb4DcJw8799hZp,"RAYE, 070 Shake",Escapism.,Human Re Sources,1,6,21,1566430,GB,United Kingdom,Q2,2023
8,spotify:track:0V3wPSX9ygBnCm8psDIegu,Taylor Swift,Anti-Hero,Taylor Swift,1,7,25,1509111,GB,United Kingdom,Q2,2023
9,spotify:track:4hy7qTxsnyZUZoqo5RtaYq,Ed Sheeran,Eyes Closed,Atlantic Records UK,5,9,3,1437794,GB,United Kingdom,Q2,2023
10,spotify:track:2L9N0zZnd37dwF0clgxMGI,Lizzy McAlpine,ceilings,Harbour Artists & Music,6,8,13,1372865,GB,United Kingdom,Q2,2023
11,spotify:track:4Dvkj6JhhA12EX05fT7y2e,Harry Styles,As It Was,Columbia,1,10,54,1352723,GB,United Kingdom,Q2,2023
12,spotify:track:0WtM2NBVQNNJLh6scP13H8,"Rema, Selena Gomez",Calm Down (with Selena Gomez),Mavin Records / Jonzing World,11,11,32,1248094,GB,United Kingdom,Q2,2023
13,spotify:track:2dHHgzDwk4BJdRwy9uXhTO,"Metro Boomin, The Weeknd, 21 Savage",Creepin' (with The Weeknd & 21 Savage),Republic Records,4,12,19,1182473,GB,United Kingdom,Q2,2023
14,spotify:track:0JXXNGljqupsJaZsgSbMZV,Miguel,Sure Thing,Jive,4,13,21,1131616,GB,United Kingdom,Q2,2023
15,spotify:track:6UN73IYd0hZxLi8wFPMQij,Coi Leray,Players,Uptown / Republic Records,6,14,14,1129474,GB,United Kingdom,Q2,2023
16,spotify:track:6maTPqynTmrkWIralgGaoP,Mae Stephens,If We Ever Broke Up,EMI,16,16,9,1118530,GB,United Kingdom,Q2,2023
17,spotify:track:5uSFGgIfHMT3osrAd9n9ym,Lewis Capaldi,Forget Me,Vertigo Berlin,2,36,31,1055940,GB,United Kingdom,Q2,2023
18,spotify:track:4uUG5RXrOk84mYEfFvj3cK,"David Guetta, Bebe Rexha",I'm Good (Blue),Parlophone UK,1,15,33,1041808,GB,United Kingdom,Q2,2023
19,spotify:track:0rVJ6v23RQozOIvr1YotJP,Bakar,Hell N Back,Black Butter,19,22,6,1015643,GB,United Kingdom,Q2,2023
20,spotify:track:4fYte8ZvTK14NEhAOZocBi,OneRepublic,I Ain't Worried,Mosley Music/Interscope Records,4,18,45,1007856,GB,United Kingdom,Q2,2023
21,spotify:track:4W4fNrZYkobj539TOWsLO2,"The Weeknd, Ariana Grande",Die For You (with Ariana Grande) - Remix,XO / Republic Records,3,17,7,982409,GB,United Kingdom,Q2,2023
22,spotify:track:003vvx7Niy0yvhvHt4a68B,The Killers,Mr. Brightside,Island Records,19,19,329,969446,GB,United Kingdom,Q2,2023
23,spotify:track:7qEHsqek33rTcFNT9PFqLf,Lewis Capaldi,Someone You Loved,Vertigo Berlin,1,53,224,923910,GB,United Kingdom,Q2,2023
24,spotify:track:7jtQIBanIiJOMS6RyCx6jZ,Tom Odell,Another Love,ITNO/Columbia,14,20,114,920517,GB,United Kingdom,Q2,2023
25,spotify:track:5RobAV5ROH5KARimi7n3cO,"venbee, goddard.",messy in heaven,Columbia,7,21,29,907825,GB,United Kingdom,Q2,2023
26,spotify:track:4TaS4giQQK01vKzBB40AEY,Strandz,Us Against the World,Relentless Records,24,24,11,850891,GB,United Kingdom,Q2,2023
27,spotify:track:7yq4Qj7cqayVTp3FF9CWbm,Vance Joy,Riptide,F-Stop Records/Atlantic,27,35,282,849318,GB,United Kingdom,Q2,2023
28,spotify:track:6BePGk3eCan4FqaW2X8Qy3,"Tiësto, Tate McRae",10:35,Atlantic Records,12,23,23,831839,GB,United Kingdom,Q2,2023
29,spotify:track:0QHEIqNKsMoOY5urbzN48u,Meghan Trainor,Made You Look,Epic,4,31,25,829106,GB,United Kingdom,Q2,2023
30,spotify:track:6W3UEFq0oD8EBILiyn9B48,Mimi Webb,Red Flags,Epic,22,28,13,815667,GB,United Kingdom,Q2,2023
31,spotify:track:0NZPBYD5qbEWRs3PrGiRkT,"Sam Smith, Kim Petras",Unholy (feat. Kim Petras),Capitol Records UK / EMI,1,25,29,810612,GB,United Kingdom,Q2,2023
32,spotify:track:1mea3bSkSGXuIRvnydlB5b,Coldplay,Viva La Vida,Parlophone UK,27,27,42,798814,GB,United Kingdom,Q2,2023
33,spotify:track:1yHVHoz6Ny29gbbWJYVnFt,Niall Horan,Heaven,Capitol Records,12,30,8,793576,GB,United Kingdom,Q2,2023
34,spotify:track:5odlY52u43F5BjByhxg7wg,JVKE,golden hour,JVKE,26,38,28,791383,GB,United Kingdom,Q2,2023
35,spotify:track:40SBS57su9xLiE1WqkXOVr,LF SYSTEM,Afraid To Feel,Warner Records,1,37,46,767770,GB,United Kingdom,Q2,2023
36,spotify:track:2LBqCSwhJGcFQeTHMVGwy3,The Weeknd,Die For You,Universal Republic Records,25,29,38,765111,GB,United Kingdom,Q2,2023
37,spotify:track:39JofJHEtg8I4fSyo7Imft,"Eliza Rose, Interplanetary Criminal",B.O.T.A. (Baddest Of Them All) - Edit,Warner Records,2,34,36,764022,GB,United Kingdom,Q2,2023
38,spotify:track:4RvWPyQ5RL0ao9LPZeSouE,Tears For Fears,Everybody Wants To Rule The World,UMC (Universal Music Catalogue),38,44,74,755822,GB,United Kingdom,Q2,2023
39,spotify:track:4N5s8lPTsjI9EGP7K4SXzB,George Ezra,Green Green Grass,Columbia,7,43,47,754941,GB,United Kingdom,Q2,2023
40,spotify:track:2QjOHCTQ1Jl3zawyYOpxh6,The Neighbourhood,Sweater Weather,Columbia,19,33,133,751485,GB,United Kingdom,Q2,2023
41,spotify:track:3zkyus0njMCL6phZmNNEeN,Central Cee,LET GO,Central Cee,3,26,17,736930,GB,United Kingdom,Q2,2023
42,spotify:track:561jH07mF1jHuk7KlaeF0s,Eminem,Mockingbird,Eminem Catalog PS,34,46,26,727770,GB,United Kingdom,Q2,2023
43,spotify:track:58ge6dfP91o9oXMzq3XkIS,Arctic Monkeys,505,Domino/Warner Records,17,47,117,726517,GB,United Kingdom,Q2,2023
44,spotify:track:5XeFesFbtLpXzIVDNQP22n,Arctic Monkeys,I Wanna Be Yours,Domino Recording Co,22,45,38,726293,GB,United Kingdom,Q2,2023
45,spotify:track:7MXVkk9YMctZqd1Srtv4MB,"The Weeknd, Daft Punk",Starboy,Universal Republic Records,2,42,91,722138,GB,United Kingdom,Q2,2023
46,spotify:track:5CcfIvFHULvnM0ST4nzRRN,Lewis Capaldi,How I'm Feeling Now,Vertigo Berlin,46,115,4,708100,GB,United Kingdom,Q2,2023
47,spotify:track:0ofHAoxe9vBkTCp2UQIavz,Fleetwood Mac,Dreams - 2004 Remaster,Rhino/Warner Records,17,62,154,707604,GB,United Kingdom,Q2,2023
48,spotify:track:4JBiO7wRnE6ueszEUpo347,Lewis Capaldi,Pointless,Vertigo Berlin,25,100,19,705587,GB,United Kingdom,Q2,2023
49,spotify:track:68Dni7IE4VyPkTOH9mRWHr,J. Cole,No Role Modelz,Roc Nation Records LLC,41,41,124,700370,GB,United Kingdom,Q2,2023
50,spotify:track:5IgjP7X4th6nMNDh4akUHb,Chris Brown,Under The Influence,Chris Brown Entertainment/RCA Records,8,39,38,698306,GB,United Kingdom,Q2,2023
1,spotify:track:2FDTHlrBguDzQkp7PVj16Q,"Dave, Central Cee",Sprinter,Neighbourhood / Live Yours,1,1,6,4796246,GB,United Kingdom,Q3,2023
2,spotify:track:3k79jB4aGmMDUQzEwa46Rz,Olivia Rodrigo,vampire,Olivia Rodrigo PS,2,2,2,2867541,GB,United Kingdom,Q3,2023
3,spotify:track:1BxfuPKGuaTgP7aM0Bbdwr,Taylor Swift,Cruel Summer,Taylor Swift,3,4,19,2119791,GB,United Kingdom,Q3,2023
4,spotify:track:40EXFgNMOIQRQOwJZ8mJkC,"J Hus, Drake",Who Told You (feat. Drake),Black Butter,2,3,5,1974387,GB,United Kingdom,Q3,2023
5,spotify:track:5kHMfzgLZP95O9NBy0ku4v,Taylor Swift,I Can See You (Taylor’s Version) (From The Vault),Taylor Swift,5,-1,1,1869162,GB,United Kingdom,Q3,2023
6,spotify:track:23RoR84KodL5HWvUTneQ1w,Peggy Gou,(It Goes Like) Nanana - Edit,XL Recordings,5,7,4,1759625,GB,United Kingdom,Q3,2023
7,spotify:track:1ACFweuuvf6MHtptObgreR,Jazzy,Giving Me,Polydor Records,3,5,12,1742591,GB,United Kingdom,Q3,2023
8,spotify:track:4iZTNyPJuxpWmfjUQRDwBY,"D-Block Europe, Clavish",Pakistan,D-Block Europe,6,6,2,1667858,GB,United Kingdom,Q3,2023
9,spotify:track:4rXLjWdF2ZZpXCVTfWcshS,Gunna,fukumean,300 Entertainment,9,13,4,1606073,GB,United Kingdom,Q3,2023
10,spotify:track:6WzRpISELf3YglGAh7TXcG,"The Weeknd, Playboi Carti, Madonna",Popular (with Playboi Carti & Madonna) - From The Idol Vol. 1 (Music from the HBO Original Series),XO / Republic Records,10,14,6,1563217,GB,United Kingdom,Q3,2023
11,spotify:track:1odExI7RdWc4BT515LTAwj,David Kushner,Daylight,Miserable Music Group,1,8,13,1475457,GB,United Kingdom,Q3,2023
12,spotify:track:0ZVjgfaC2Ptrod9v6p9KFP,"Hannah Laing, RoRo",Good Love,WUGD / Polydor Records,8,10,7,1460904,GB,United Kingdom,Q3,2023
13,spotify:track:5eTaQYBE1yrActixMAeLcZ,"Calvin Harris, Ellie Goulding",Miracle (with Ellie Goulding),Columbia,1,9,18,1436263,GB,United Kingdom,Q3,2023
14,spotify:track:3sW3oSbzsfecv9XoUdGs7h,Taylor Swift,Enchanted (Taylor's Version),Taylor Swift,14,-1,1,1373520,GB,United Kingdom,Q3,2023
15,spotify:track:5gqu7rZE6fTFwbN2metxv4,"Rudimental, Charlotte Plank, Vibe Chemistry",Dancing is Healing (with Charlotte Plank),Room Two Recordings,9,12,10,1340907,GB,United Kingdom,Q3,2023
16,spotify:track:7G0gBu6nLdhFDPRLc0HdDG,Taylor Swift,Mine (Taylor's Version),Taylor Swift,16,-1,1,1340551,GB,United Kingdom,Q3,2023
17,spotify:track:0NwGC0v03ysCYINtg6ns58,Taylor Swift,Better Than Revenge (Taylor's Version),Taylor Swift,17,-1,1,1297749,GB,United Kingdom,Q3,2023
18,spotify:track:4Dvkj6JhhA12EX05fT7y2e,Harry Styles,As It Was,Columbia,1,11,67,1291722,GB,United Kingdom,Q3,2023
19,spotify:track:79uDOz0zuuWS7HWxzMmTa2,Taylor Swift,Back To December (Taylor's Version),Taylor Swift,19,-1,1,1248977,GB,United Kingdom,Q3,2023
20,spotify:track:0V3wPSX9ygBnCm8psDIegu,Taylor Swift,Anti-Hero,Taylor Swift,1,17,38,1182399,GB,United Kingdom,Q3,2023
21,spotify:track:3MytWN8L7shNYzGl4tAKRp,Taylor Swift,Sparks Fly (Taylor’s Version),Taylor Swift,21,-1,1,1172050,GB,United Kingdom,Q3,2023
22,spotify:track:4DHcnVTT87F0zZhRPYmZ3B,Miley Cyrus,Flowers,Columbia,1,15,26,1152925,GB,United Kingdom,Q3,2023
23,spotify:track:5xXqyjLicvEpch72qEryFT,Taylor Swift,Speak Now (Taylor's Version),Taylor Swift,23,-1,1,1098128,GB,United Kingdom,Q3,2023
24,spotify:track:1UPHCP5YeVfele4DMbdGyi,"Switch Disco, Ella Henderson, Robert Miles",REACT,Relentless Records,11,20,15,1088651,GB,United Kingdom,Q3,2023
25,spotify:track:1vYXt7VSjH9JIM5oRRo7vA,Dua Lipa,Dance The Night - From Barbie The Album,Atlantic Records,9,27,7,1077567,GB,United Kingdom,Q3,2023
26,spotify:track:1zU8j1x3yi9xalMF96pzKp,Taylor Swift,Dear John (Taylor's Version),Taylor Swift,26,-1,1,1074472,GB,United Kingdom,Q3,2023
27,spotify:track:6AQbmUe0Qwf5PZnt4HmTXv,"PinkPantheress, Ice Spice",Boy's a liar Pt. 2,Warner Records,1,21,23,1055128,GB,United Kingdom,Q3,2023
28,spotify:track:1Qrg8KqiBpW07V7PNxwwwL,SZA,Kill Bill,Top Dawg Entertainment/RCA Records,2,19,31,1041845,GB,United Kingdom,Q3,2023
29,spotify:track:26b3oVLrRUaaybJulow9kz,Libianca,People,5K Records Limited,5,22,27,1011359,GB,United Kingdom,Q3,2023
30,spotify:track:2VjOTvl50tscmc0RDjPdr2,"Dave, Central Cee",UK Rap,Neighbourhood / Live Yours,5,18,6,1006936,GB,United Kingdom,Q3,2023
31,spotify:track:2Vewxhl9sD0IhO9Az4qLS5,"Nathan Dawe, Joel Corry, Ella Henderson",0800 HEAVEN,Helix Records,24,24,5,997734,GB,United Kingdom,Q3,2023
32,spotify:track:4ABYxlb92WBIjHu7TIKmml,"Taylor Swift, Hayley Williams",Castles Crumbling (feat. Hayley Williams) (Taylor’s Version) (From The Vault),Taylor Swift,32,-1,1,994386,GB,United Kingdom,Q3,2023
33,spotify:track:7yq4Qj7cqayVTp3FF9CWbm,Vance Joy,Riptide,F-Stop Records/Atlantic,25,25,295,993829,GB,United Kingdom,Q3,2023
34,spotify:track:6dTA6y0C2ReQklntzZl8l3,Taylor Swift,The Story Of Us (Taylor's Version),Taylor Swift,34,-1,1,993121,GB,United Kingdom,Q3,2023
35,spotify:track:30Y4CV7A6YqtQtTTo7Ue4j,Taylor Swift,Mean (Taylor's Version),Taylor Swift,35,-1,1,992152,GB,United Kingdom,Q3,2023
36,spotify:track:4e3ZNTAV6PCrdYMUrUlMpQ,"Taylor Swift, Fall Out Boy",Electric Touch (feat. Fall Out Boy) (Taylor’s Version) (From The Vault),Taylor Swift,36,-1,1,983350,GB,United Kingdom,Q3,2023
37,spotify:track:003vvx7Niy0yvhvHt4a68B,The Killers,Mr. Brightside,Island Records,19,26,342,961101,GB,United Kingdom,Q3,2023
38,spotify:track:0ug5NqcwcFR2xrfTkc7k8e,Taylor Swift,Style,Taylor Swift,36,36,22,947327,GB,United Kingdom,Q3,2023
39,spotify:track:1s7oOCT8vauUh01PbJD6ps,"Rema, Selena Gomez",Calm Down (with Selena Gomez),Mavin Records / Jonzing World,11,30,45,932749,GB,United Kingdom,Q3,2023
40,spotify:track:0zo975x58DlXbZllWvfYhg,Taylor Swift,When Emma Falls in Love (Taylor’s Version) (From The Vault),Taylor Swift,40,-1,1,926047,GB,United Kingdom,Q3,2023
41,spotify:track:741UUVE2kuITl0c6zuqqbO,"Nicki Minaj, Ice Spice, Aqua",Barbie World (with Aqua) [From Barbie The Album],Atlantic Records,28,28,3,900862,GB,United Kingdom,Q3,2023
42,spotify:track:2HALQBSAvpw1oCzL5QsrT2,"Dave, Central Cee",Trojan Horse,Neighbourhood / Live Yours,5,23,6,898907,GB,United Kingdom,Q3,2023
43,spotify:track:4fYte8ZvTK14NEhAOZocBi,OneRepublic,I Ain't Worried,Mosley Music/Interscope Records,4,34,58,897600,GB,United Kingdom,Q3,2023
44,spotify:track:5u4hhtZ7f4rWkMZEZcTKrH,"ANOTR, Abel Balder",Relax My Eyes,NO ART,39,41,15,879704,GB,United Kingdom,Q3,2023
45,spotify:track:5XeFesFbtLpXzIVDNQP22n,Arctic Monkeys,I Wanna Be Yours,Domino Recording Co,22,31,51,861874,GB,United Kingdom,Q3,2023
46,spotify:track:4tMzIAFTFdqGBQLdfbPces,Taylor Swift,Haunted (Taylor's Version),Taylor Swift,46,-1,1,859955,GB,United Kingdom,Q3,2023
47,spotify:track:3k0DJq2HdWJqnqor8NX0ac,Kylie Minogue,Padam Padam,BMG Rights Management (UK) Ltd.,25,32,8,859908,GB,United Kingdom,Q3,2023
48,spotify:track:7qEHsqek33rTcFNT9PFqLf,Lewis Capaldi,Someone You Loved,Vertigo Berlin,1,29,237,851461,GB,United Kingdom,Q3,2023
49,spotify:track:3BKD1PwArikchz2Zrlp1qi,"David Guetta, Anne-Marie, Coi Leray",Baby Don't Hurt Me,Parlophone UK,33,44,14,841299,GB,United Kingdom,Q3,2023
50,spotify:track:2dHHgzDwk4BJdRwy9uXhTO,"Metro Boomin, The Weeknd, 21 Savage",Creepin' (with The Weeknd & 21 Savage),Republic Records,4,53,32,838815,GB,United Kingdom,Q3,2023
1,spotify:track:5mjYQaktjmjcMKcUIcqz4s,Kenya Grace,Strangers,Warner Records/Major Recordings,1,1,6,3190575,GB,United Kingdom,Q4,2023
2,spotify:track:3rUGC1vUpkDG9CZFHMur1t,Tate McRae,greedy,RCA Records Label,2,3,4,2822515,GB,United Kingdom,Q4,2023
3,spotify:track:56y1jOTK0XSvJzVv9vHQBK,Doja Cat,Paint The Town Red,Kemosabe Records/RCA Records,1,2,10,2649653,GB,United Kingdom,Q4,2023
4,spotify:track:59NraMJsLaMCVtwXTSia8i,"cassö, RAYE, D-Block Europe",Prada,Ministry of Sound Recordings,4,5,9,2347198,GB,United Kingdom,Q4,2023
5,spotify:track:2FDTHlrBguDzQkp7PVj16Q,"Dave, Central Cee",Sprinter,Neighbourhood / Live Yours,1,4,19,2151085,GB,United Kingdom,Q4,2023
6,spotify:track:2YSzYUF3jWqb9YP9VXmpjE,"Drake, Yeat",IDGAF (feat. Yeat),OVO/Republic,6,-1,1,2067205,GB,United Kingdom,Q4,2023
7,spotify:track:7aqfrAY2p9BUSiupwk3svU,"Drake, J. Cole",First Person Shooter (feat. J. Cole),OVO/Republic,7,-1,1,2048377,GB,United Kingdom,Q4,2023
8,spotify:track:1kuGVB7EU95pJObxwvfwKS,Olivia Rodrigo,vampire,Olivia Rodrigo PS,2,6,15,1831954,GB,United Kingdom,Q4,2023
9,spotify:track:3eP13S8D5m2cweMEg3ZDed,Drake,Virginia Beach,OVO/Republic,9,-1,1,1824114,GB,United Kingdom,Q4,2023
10,spotify:track:1BxfuPKGuaTgP7aM0Bbdwr,Taylor Swift,Cruel Summer,Taylor Swift,3,7,32,1771457,GB,United Kingdom,Q4,2023
11,spotify:track:5aIVCx5tnk0ntmdiinnYvw,Tyla,Water,FAX Records/Epic,11,13,5,1650125,GB,United Kingdom,Q4,2023
12,spotify:track:0AYt6NMyyLd0rLuvr0UkMH,"Drake, SZA",Slime You Out (feat. SZA),OVO/Republic,10,44,4,1517508,GB,United Kingdom,Q4,2023
13,spotify:track:3YgtkOxZsTuaZdL8McA1FQ,"Fred again.., Obongjayar",adore u,Atlantic Records UK,7,8,9,1488476,GB,United Kingdom,Q4,2023
14,spotify:track:1vYXt7VSjH9JIM5oRRo7vA,Dua Lipa,Dance The Night - From Barbie The Album,Atlantic Records,2,9,20,1424628,GB,United Kingdom,Q4,2023
15,spotify:track:3vkCueOmm7xQDoJ17W1Pm3,Mitski,My Love Mine All Mine,Dead Oceans,15,18,4,1397564,GB,United Kingdom,Q4,2023
16,spotify:track:2nibvvDdAQkVraYP00z2RS,"Drake, 21 Savage",Calling For You (feat. 21 Savage),OVO/Republic,16,-1,1,1386779,GB,United Kingdom,Q4,2023
17,spotify:track:2ZWmmrWUgDBcPSLihBMvhg,"Chase & Status, Bou, Flowdan, IRAH, Trigga, Takura","Baddadan (feat. IRAH, Flowdan, Trigga & Takura)",EMI,11,11,11,1363597,GB,United Kingdom,Q4,2023
18,spotify:track:3IX0yuEVvDbnqUwMBB3ouC,Olivia Rodrigo,bad idea right?,Olivia Rodrigo PS,4,10,9,1346613,GB,United Kingdom,Q4,2023
19,spotify:track:4rXLjWdF2ZZpXCVTfWcshS,Gunna,fukumean,300 Entertainment,5,12,17,1308702,GB,United Kingdom,Q4,2023
20,spotify:track:6wf7Yu7cxBSPrRlWeSeK0Q,Billie Eilish,"What Was I Made For? [From The Motion Picture ""Barbie""]",Darkroom/Interscope Records,2,14,13,1300009,GB,United Kingdom,Q4,2023
21,spotify:track:2gyxAWHebV7xPYVxqoi86f,Olivia Rodrigo,get him back!,Olivia Rodrigo PS,5,16,5,1279277,GB,United Kingdom,Q4,2023
22,spotify:track:602d2gJewoiF1FivuOMMwE,"Becky Hill, Chase & Status",Disconnect,Polydor Records,11,15,13,1269022,GB,United Kingdom,Q4,2023
23,spotify:track:1yeB8MUNeLo9Ek1UEpsyz6,"Drake, Sexyy Red, SZA",Rich Baby Daddy (feat. Sexyy Red & SZA),OVO/Republic,23,-1,1,1264201,GB,United Kingdom,Q4,2023
24,spotify:track:0w3Mfe4PIVjuFjJbe3OlYv,Drake,8am in Charlotte,OVO/Republic,24,-1,1,1259598,GB,United Kingdom,Q4,2023
25,spotify:track:4ZT0wGKwlJRjpMUuwZVy3p,Drake,Daylight,OVO/Republic,25,-1,1,1243711,GB,United Kingdom,Q4,2023
26,spotify:track:53KaP77tkliz36LPxWGlWK,Drake,Fear Of Heights,OVO/Republic,26,-1,1,1242338,GB,United Kingdom,Q4,2023
27,spotify:track:23RoR84KodL5HWvUTneQ1w,Peggy Gou,(It Goes Like) Nanana - Edit,XL Recordings,5,17,17,1209246,GB,United Kingdom,Q4,2023
28,spotify:track:0Mrnt1YqVuW2bqmwu4VxDt,"Drake, Teezo Touchdown",Amen (feat. Teezo Touchdown),OVO/Republic,28,-1,1,1180602,GB,United Kingdom,Q4,2023
29,spotify:track:4bz8Z7squfs2Yji2DwoujR,"Sonny Fodera, MK, Clementine Douglas",Asking,Solotoko,21,21,10,1125381,GB,United Kingdom,Q4,2023
30,spotify:track:1GpWY5RiInhezB8wGWs6oN,Drake,7969 Santa,OVO/Republic,30,-1,1,1085352,GB,United Kingdom,Q4,2023
31,spotify:track:24FUBxaAYSBlWsbSnEzDcn,"Drake, PARTYNEXTDOOR",Members Only (feat. PARTYNEXTDOOR),OVO/Republic,31,-1,1,1046750,GB,United Kingdom,Q4,2023
32,spotify:track:4RoKNqyZ9622tcAeNPNv5k,Burna Boy,City Boys,Spaceship/ Bad Habit/Atlantic Records,22,22,7,1032388,GB,United Kingdom,Q4,2023
33,spotify:track:1odExI7RdWc4BT515LTAwj,David Kushner,Daylight,Miserable Music Group,1,19,26,991298,GB,United Kingdom,Q4,2023
34,spotify:track:6ZprqcYFC6D9eIZaCoqrSn,"Drake, Bad Bunny",Gently (feat. Bad Bunny),OVO/Republic,34,-1,1,983826,GB,United Kingdom,Q4,2023
35,spotify:track:003vvx7Niy0yvhvHt4a68B,The Killers,Mr. Brightside,Island Records,19,23,355,982454,GB,United Kingdom,Q4,2023
36,spotify:track:3JZjcKImHcmOI9ylL4zrSc,Drake,Bahamas Promises,OVO/Republic,36,-1,1,979702,GB,United Kingdom,Q4,2023
37,spotify:track:6WzRpISELf3YglGAh7TXcG,"The Weeknd, Playboi Carti, Madonna",Popular (with Playboi Carti & Madonna) - From The Idol Vol. 1 (Music from the HBO Original Series),XO / Republic Records,8,20,19,975475,GB,United Kingdom,Q4,2023
38,spotify:track:3IHt4j5uAEl7iBu8Utn985,Drake,Tried Our Best,OVO/Republic,38,-1,1,956263,GB,United Kingdom,Q4,2023
39,spotify:track:1DAibqbopEYULPEtE8WHTE,Drake,What Would Pluto Do,OVO/Republic,39,-1,1,951211,GB,United Kingdom,Q4,2023
40,spotify:track:5XeFesFbtLpXzIVDNQP22n,Arctic Monkeys,I Wanna Be Yours,Domino Recording Co,22,28,64,900893,GB,United Kingdom,Q4,2023
41,spotify:track:0V3wPSX9ygBnCm8psDIegu,Taylor Swift,Anti-Hero,Taylor Swift,1,24,51,898075,GB,United Kingdom,Q4,2023
42,spotify:track:0ofHAoxe9vBkTCp2UQIavz,Fleetwood Mac,Dreams - 2004 Remaster,Rhino/Warner Records,17,35,180,894755,GB,United Kingdom,Q4,2023
43,spotify:track:4Dvkj6JhhA12EX05fT7y2e,Harry Styles,As It Was,Columbia,1,25,80,892805,GB,United Kingdom,Q4,2023
44,spotify:track:1ACFweuuvf6MHtptObgreR,Jazzy,Giving Me,Polydor Records,3,26,25,886846,GB,United Kingdom,Q4,2023
45,spotify:track:7jtQIBanIiJOMS6RyCx6jZ,Tom Odell,Another Love,ITNO/Columbia,14,29,140,861836,GB,United Kingdom,Q4,2023
46,spotify:track:74vPWH3miN2iVwaX7DSRh2,"Nines, GRM Daily",Daily Duppy (feat. GRM Daily),Zino Records Limited,26,52,3,861102,GB,United Kingdom,Q4,2023
47,spotify:track:3xKsf9qdS1CyvXSMEid6g8,Frank Ocean,Pink + White,Boys Don't Cry,32,32,40,855028,GB,United Kingdom,Q4,2023
48,spotify:track:03rwnftfgpYVO6QDWOZcG6,Drake,Drew A Picasso,OVO/Republic,48,-1,1,841375,GB,United Kingdom,Q4,2023
49,spotify:track:0ZVjgfaC2Ptrod9v6p9KFP,"Hannah Laing, RoRo",Good Love,WUGD / Polydor Records,8,30,20,840219,GB,United Kingdom,Q4,2023
50,spotify:track:0mflMxspEfB0VbI1kyLiAv,Noah Kahan,Stick Season,Mercury Records/Republic Records,50,134,2,822289,GB,United Kingdom,Q4,2023
1,spotify:track:1418IuVKQPTYqt7QNJ9RXN,King,Maan Meri Jaan,Warner Music India,1,1,13,13357694,IN,India,Q1,2023
3,spotify:track:4UMIv5jd9gK98a39BQRD9X,"Pritam, Arijit Singh, Amitabh Bhattacharya",Kesariya,Sony Music Entertainment India Pvt. Ltd.,1,3,26,6009250,IN,India,Q1,2023
4,spotify:track:0yCWDaAgOtg6TKlNCg9rwA,King,Tu Aake Dekhle,Warner Music India,3,5,102,4989767,IN,India,Q1,2023
5,spotify:track:0CtZpaOhtzvLV3FfcsVpQo,"Vishal-Shekhar, Shilpa Rao, Caralisa Monteiro, Vishal Dadlani, Shekhar Ravjiani, Kumaar","Besharam Rang (From ""Pathaan"")",YRF Music,4,4,5,4909946,IN,India,Q1,2023
6,spotify:track:3wz2vWhYnnBoFmgMkqtzLy,"Chani Nattan, Inderpal Moga",Daku,ChaniNattan Entertainment Ltd.,5,6,21,3957024,IN,India,Q1,2023
7,spotify:track:08Isz2ETWSBhvIl8UpKYsp,Shubh,No Love,SHUBH,2,8,44,3524482,IN,India,Q1,2023
8,spotify:track:0zlGnseLGzRIBA0TJcb3Bo,"Yohani, Jubin Nautiyal, Tanishk Bagchi, Rashmi Virag, Surya Ragunaathan","Manike (From ""Thank God"")",T-Series,2,9,17,3276760,IN,India,Q1,2023
9,spotify:track:7oN0Wo7sCVvXPdpxoio3JM,"Madhur Sharma, Swapnil Tare, Nusrat Fateh Ali Khan",Kali Kali Zulfon Ke (Lo-Fi),T-Series,9,13,19,3209670,IN,India,Q1,2023
10,spotify:track:42TMa2hgBNjte4uV7jNCnQ,"Shubh, Ikky",Baller,SHUBH,2,10,18,3149969,IN,India,Q1,2023
11,spotify:track:1a8w8nlIyIhE2W1HIayKnl,"Amit Trivedi, Amitabh Bhattacharya, Sireesha Bhagavatula","Ghodey Pe Sawaar (From ""Qala"")",Sony Music Entertainment India Pvt. Ltd. / Netflix Music Inc.,11,22,3,3135854,IN,India,Q1,2023
12,spotify:track:1LbBOhicFmu7ktJqIHCELt,"Thalapathy Vijay, M.M.Manasi, Thaman S","Ranjithame (From ""Varisu"")",T-Series,9,12,10,3110486,IN,India,Q1,2023
13,spotify:track:5TjVLCESR9XIp5vDAWYfmi,"Badshah, Karan Aujla, Devika Badyal",Players,Universal Music India Pvt Ltd.,7,7,3,2977020,IN,India,Q1,2023
14,spotify:track:0snQrp1VaY5Pj1YIHRJpRJ,Aditya A,Chaand Baaliyan,Sony Music Entertainment India Pvt. Ltd.,2,11,47,2903011,IN,India,Q1,2023
15,spotify:track:6FAYpZ4jve8vpvTwUvjK6H,"Vishal-Shekhar, Arijit Singh, Sukriti Kakar, Vishal Dadlani, Shekhar Ravjiani, Kumaar",Jhoome Jo Pathaan,YRF Music,15,25,3,2858930,IN,India,Q1,2023
16,spotify:track:0WtM2NBVQNNJLh6scP13H8,"Rema, Selena Gomez",Calm Down (with Selena Gomez),Mavin Records / Jonzing World,16,24,17,2635430,IN,India,Q1,2023
17,spotify:track:6TK7jseRCrogw9IzQYkw2h,"Silambarasan TR, Thaman S","Thee Thalapathy (From ""Varisu"")",T-Series,17,30,6,2599793,IN,India,Q1,2023
18,spotify:track:2FCXQHugkoHE1K3tiDu8pu,"Alka Yagnik, Arijit Singh","Agar Tum Saath Ho (From ""Tamasha"")",T-Series,4,19,189,2546588,IN,India,Q1,2023
19,spotify:track:29m79w9xPMH4YCD6r8JSmV,"AP Dhillon, Gurinder Gill, Intense",Excuses,RUN-UP RECORDS,1,14,64,2540332,IN,India,Q1,2023
20,spotify:track:3nqQXoyQOWXiESFLlDF1hG,"Sam Smith, Kim Petras",Unholy (feat. Kim Petras),Capitol Records UK / EMI,6,16,15,2518679,IN,India,Q1,2023
21,spotify:track:2rOnSn2piaqLAlYjtfUBlY,"Tanishk Bagchi, Jubin Nautiyal, Asees Kaur","Raataan Lambiyan (From ""Shershaah"")",Sony Music Entertainment India Pvt. Ltd.,1,18,76,2472298,IN,India,Q1,2023
22,spotify:track:7lvDsmTRXFE3dK4OjvRiWB,"Ali Sethi, Shae Gill",Pasoori,Giraffe Pakistan,1,15,47,2395089,IN,India,Q1,2023
23,spotify:track:2QophXhN2Ls2URfoPmiviC,"Taaruk Raina, Mismatched - Cast",Kho Gaye,Netflix Music,8,20,13,2243587,IN,India,Q1,2023
24,spotify:track:561jH07mF1jHuk7KlaeF0s,Eminem,Mockingbird,Eminem Catalog PS,24,36,6,2149101,IN,India,Q1,2023
25,spotify:track:49TNlAQZXmFBteKZBF9rj0,MC SQUARE,Ram Ram,T-Series,17,17,11,2139988,IN,India,Q1,2023
26,spotify:track:5IgjP7X4th6nMNDh4akUHb,Chris Brown,Under The Influence,Chris Brown Entertainment/RCA Records,7,23,22,2124683,IN,India,Q1,2023
27,spotify:track:6ZYxNjuAU9Vy3VtF6W1dtE,Shubh,We Rollin,SHUBH,10,26,59,2114700,IN,India,Q1,2023
28,spotify:track:3wwLWFRLiReDf5AqgmAJwT,"Rito Riba, Rajat Nagpal, Rana Sotal",Heer Ranjha,PlayDMF,11,21,12,2107691,IN,India,Q1,2023
29,spotify:track:7gFzBppKTiKAs38SWOjbO6,Vilen,Kyun Dhunde - 1 Min Music,Universal Music India Pvt Ltd.,29,48,11,2081843,IN,India,Q1,2023
30,spotify:track:7FVgT8XjxUSfKuZuHxg316,"Prince Narula, Munawar Faruqui, Rony Ajnali",Todh,EYP Creations,30,31,6,2072871,IN,India,Q1,2023
31,spotify:track:1smFN2CLqGROu0J0UyvDfL,"Pritam, Arijit Singh",Shayad,Sony Music Entertainment India Pvt. Ltd.,1,32,156,2036282,IN,India,Q1,2023
32,spotify:track:0gmEt2nKOssVRStyUmjSpE,Paradox,Jaadugar,T-Series,13,28,14,2036272,IN,India,Q1,2023
33,spotify:track:0uk9sQ7MjK0CdAUinD4xBV,MC STAN,Ek Din Pyaar,MC Stan,33,45,8,2030883,IN,India,Q1,2023
34,spotify:track:1aL9518P5G72N92b48tuKw,AP Dhillon,Summer High,RUN-UP RECORDS,3,27,23,2003824,IN,India,Q1,2023
35,spotify:track:4VsP4Dm8gsibRxB5I2hEkw,Kaifi Khalil,Kahani Suno 2.0,1944121 Records DK,35,59,4,1990710,IN,India,Q1,2023
36,spotify:track:5iCY0TXNImK4hyKfcplQsg,Anuv Jain,Baarishein,Universal Music India Pvt. Ltd. (on behalf of Anuv Jain),36,51,87,1983028,IN,India,Q1,2023
38,spotify:track:2eAvDnpXP5W0cVtiI0PUxV,Ruth B.,Dandelions,Columbia,14,34,59,1956025,IN,India,Q1,2023
39,spotify:track:45C7tXCrmp3R5E65XUtLLj,"Tanishk Bagchi, Faridkot, Yohani, Amar Jalal, Harjot Kaur","Jehda Nasha (From ""An Action Hero"")",T-Series,27,29,8,1951880,IN,India,Q1,2023
41,spotify:track:6biqkuWq069vByAEeGxZlr,Shubh,Her,SHUBH,32,35,6,1922216,IN,India,Q1,2023
43,spotify:track:3k9PtGmPNnQtt32TKWm6f3,MC STAN,Basti Ka Hasti,MC Stan,42,42,14,1891694,IN,India,Q1,2023
44,spotify:track:7MXVkk9YMctZqd1Srtv4MB,"The Weeknd, Daft Punk",Starboy,Universal Republic Records,37,46,76,1853996,IN,India,Q1,2023
45,spotify:track:1Y3LN4zO1Edc2EluIoSPJN,"Stephen Sanchez, Em Beihold",Until I Found You (with Em Beihold) - Em Beihold Version,Republic Records,29,33,6,1848435,IN,India,Q1,2023
46,spotify:track:5urYiIXu1ZhfMAOsp7WDTc,"Rajat Nagpal, Yasser Desai, Neha Kakkar, Rana Sotal","Dil Ko Karaar Aaya (From ""Sukoon"")",Desi Music Factory,3,40,86,1846427,IN,India,Q1,2023
47,spotify:track:2TcRvzS7C22LePsokUOHnn,Prashant Katheriya,Jiske Aane Se Mukammal,Nawazish Productions,47,61,14,1842273,IN,India,Q1,2023
48,spotify:track:4SJMuaIYcBS8ke96lDYOsw,Karan Aujla,On Top,Karan Aujla Music,17,44,7,1793527,IN,India,Q1,2023
49,spotify:track:54ipXppHLA8U4yqpOFTUhr,Imagine Dragons,Bones,Kid Ina Korner / Interscope,49,62,6,1793109,IN,India,Q1,2023
50,spotify:track:2HO4tZ1UVxedHfOz1iFCj9,"DG IMMORTALS, Raga, Harjas Harjaayi, VIRTUAL_AF, DARK HORSE",KALESHI CHORI,Universal Music India Pvt Ltd.,50,165,2,1788115,IN,India,Q1,2023
51,spotify:track:2nKwKOpdXnHuJgC5iItUxN,"Harris Jayaraj, Rohini, Pritt, dilushselva",Unakkul Naane,Ayngaran,51,64,3,1720269,IN,India,Q1,2023
52,spotify:track:0tgVpDi06FyKpA1z0VMD4v,Ed Sheeran,Perfect,Atlantic Records UK,48,55,143,1719917,IN,India,Q1,2023
53,spotify:track:6TClJ8jXi3OBV7gcrU3jx5,"AP Dhillon, Gurinder Gill",TERE TE,RUN-UP RECORDS,7,52,60,1697120,IN,India,Q1,2023
54,spotify:track:2AilvPt1AQ8PixlCKqkjfj,Shubh,Elevated,SHUBH,27,54,54,1695649,IN,India,Q1,2023
1,spotify:track:4VsP4Dm8gsibRxB5I2hEkw,Kaifi Khalil,Kahani Suno 2.0,1944121 Records DK,1,2,17,5499042,IN,India,Q2,2023
2,spotify:track:1418IuVKQPTYqt7QNJ9RXN,King,Maan Meri Jaan,Warner Music India,1,1,26,5454671,IN,India,Q2,2023
3,spotify:track:0czcoKJbJt08NqKrvSbbz7,"Pritam, Arijit Singh, Amitabh Bhattacharya","O Bedardeya (From ""Tu Jhoothi Main Makkaar"")",T-Series,3,4,5,4567898,IN,India,Q2,2023
4,spotify:track:4UMIv5jd9gK98a39BQRD9X,"Pritam, Arijit Singh, Amitabh Bhattacharya",Kesariya,Sony Music Entertainment India Pvt. Ltd.,1,3,39,4376759,IN,India,Q2,2023
6,spotify:track:73K33p4Vyz9koXGqmL5eFs,"Sachet Tandon, Parampara Tandon, Kumaar, Sachet-Parampara",Malang Sajna,T-Series,5,5,12,3767972,IN,India,Q2,2023
7,spotify:track:2ZD4aIEepqZsdxPxLSuUhm,"Pritam, Arijit Singh, Amitabh Bhattacharya, Nikhita Gandhi",Tere Pyaar Mein,T-Series,5,6,10,3584583,IN,India,Q2,2023
8,spotify:track:3mUkVsovIuscQlSoMhmAZt,"Madhur Sharma, Swapnil Tare, Nusrat Fateh Ali Khan",Kali Kali Zulfon Ke (Lo-Fi),T-Series,6,12,32,3538413,IN,India,Q2,2023
9,spotify:track:3wz2vWhYnnBoFmgMkqtzLy,"Chani Nattan, Inderpal Moga",Daku,ChaniNattan Entertainment Ltd.,5,8,34,3420771,IN,India,Q2,2023
10,spotify:track:24MMjyA3NLqCsDJfsn51eg,"Sharn, The Paul",Mi Amor,Play Runners Global,10,19,13,3408642,IN,India,Q2,2023
11,spotify:track:6FAYpZ4jve8vpvTwUvjK6H,"Vishal-Shekhar, Arijit Singh, Sukriti Kakar, Vishal Dadlani, Shekhar Ravjiani, Kumaar",Jhoome Jo Pathaan,YRF Music,3,7,16,3270198,IN,India,Q2,2023
12,spotify:track:2vPrBucKCfKmafHhSfJ2pt,"Pritam, Arijit Singh, Amitabh Bhattacharya, Charan","Pyaar Hota Kayi Baar Hai (From ""Tu Jhoothi Main Makkaar"")",T-Series,9,9,9,3210748,IN,India,Q2,2023
13,spotify:track:0yCWDaAgOtg6TKlNCg9rwA,King,Tu Aake Dekhle,Warner Music India,3,10,115,2970696,IN,India,Q2,2023
14,spotify:track:2FCXQHugkoHE1K3tiDu8pu,"Alka Yagnik, Arijit Singh","Agar Tum Saath Ho (From ""Tamasha"")",T-Series,4,16,202,2835414,IN,India,Q2,2023
15,spotify:track:0WtM2NBVQNNJLh6scP13H8,"Rema, Selena Gomez",Calm Down (with Selena Gomez),Mavin Records / Jonzing World,11,11,30,2784188,IN,India,Q2,2023
16,spotify:track:0snQrp1VaY5Pj1YIHRJpRJ,Aditya A,Chaand Baaliyan,Sony Music Entertainment India Pvt. Ltd.,2,15,60,2780151,IN,India,Q2,2023
17,spotify:track:4ZVtid5khBfDx6Co0vTUE6,"Jassa Dhillon, thiarajxtt",SPAIN,Jassa Dhillon,14,18,11,2777776,IN,India,Q2,2023
18,spotify:track:0CtZpaOhtzvLV3FfcsVpQo,"Vishal-Shekhar, Shilpa Rao, Caralisa Monteiro, Vishal Dadlani, Shekhar Ravjiani, Kumaar","Besharam Rang (From ""Pathaan"")",YRF Music,4,13,18,2771849,IN,India,Q2,2023
19,spotify:track:08Isz2ETWSBhvIl8UpKYsp,Shubh,No Love,SHUBH,2,14,57,2721129,IN,India,Q2,2023
20,spotify:track:42TMa2hgBNjte4uV7jNCnQ,"Shubh, Ikky",Baller,SHUBH,2,17,31,2632437,IN,India,Q2,2023
21,spotify:track:54ipXppHLA8U4yqpOFTUhr,Imagine Dragons,Bones,Kid Ina Korner / Interscope,15,20,19,2573461,IN,India,Q2,2023
22,spotify:track:7gFzBppKTiKAs38SWOjbO6,Vilen,Kyun Dhunde - 1 Min Music,Universal Music India Pvt Ltd.,22,35,24,2544966,IN,India,Q2,2023
23,spotify:track:7MXVkk9YMctZqd1Srtv4MB,"The Weeknd, Daft Punk",Starboy,Universal Republic Records,20,21,89,2539658,IN,India,Q2,2023
24,spotify:track:03yKEFruN3BS2coglBtt2N,"Laddi Chahal, Parmish Verma, Gurlez Akhtar",Rubicon Drill,Parmish Verma Films,20,22,17,2503635,IN,India,Q2,2023
25,spotify:track:2rOnSn2piaqLAlYjtfUBlY,"Tanishk Bagchi, Jubin Nautiyal, Asees Kaur","Raataan Lambiyan (From ""Shershaah"")",Sony Music Entertainment India Pvt. Ltd.,1,23,89,2328435,IN,India,Q2,2023
26,spotify:track:72zHuDxFQTjbL51qJQSA7j,"Jasleen Royal, B Praak, Romy","Ranjha (From ""Shershaah"")",Sony Music Entertainment India Pvt. Ltd.,1,25,88,2289210,IN,India,Q2,2023
27,spotify:track:0MbOLfDcGk8ROHJYXJHu5c,"Badshah, Karan Aujla, Devika Badyal",Players,Universal Music India Pvt Ltd.,7,24,16,2277852,IN,India,Q2,2023
28,spotify:track:2NmBCDkjvJVvEZkH5QDOeb,"Varinder Brar, Ultra Beats",Thaa,Varinder Brar Music,28,106,2,2209477,IN,India,Q2,2023
29,spotify:track:29m79w9xPMH4YCD6r8JSmV,"AP Dhillon, Gurinder Gill, Intense",Excuses,RUN-UP RECORDS,1,27,77,2150868,IN,India,Q2,2023
30,spotify:track:1Y3LN4zO1Edc2EluIoSPJN,"Stephen Sanchez, Em Beihold",Until I Found You (with Em Beihold) - Em Beihold Version,Republic Records,24,30,19,2144601,IN,India,Q2,2023
31,spotify:track:0zlGnseLGzRIBA0TJcb3Bo,"Yohani, Jubin Nautiyal, Tanishk Bagchi, Rashmi Virag, Surya Ragunaathan","Manike (From ""Thank God"")",T-Series,2,28,30,2110005,IN,India,Q2,2023
32,spotify:track:3yV2c3cYhkAwSsxAq6nRiv,Gajendra Verma,Mann Mera,Sony Music / EROS Music,29,29,108,2063833,IN,India,Q2,2023
33,spotify:track:5iCY0TXNImK4hyKfcplQsg,Anuv Jain,Baarishein,Universal Music India Pvt. Ltd. (on behalf of Anuv Jain),25,36,100,2042319,IN,India,Q2,2023
34,spotify:track:2eAvDnpXP5W0cVtiI0PUxV,Ruth B.,Dandelions,Columbia,14,40,72,2022903,IN,India,Q2,2023
35,spotify:track:7eQl3Yqv35ioqUfveKHitE,"Pritam, Mohit Chauhan, Irshad Kamil",Tum Se Hi,T-Series,33,33,160,2018800,IN,India,Q2,2023
36,spotify:track:1smFN2CLqGROu0J0UyvDfL,"Pritam, Arijit Singh",Shayad,Sony Music Entertainment India Pvt. Ltd.,1,32,169,2004629,IN,India,Q2,2023
37,spotify:track:1y1rQTkWmrZdJmjwuK07GC,"Vishal Mishra, Manoj Muntashir","Kaise Hua (From ""Kabir Singh"")",T-Series,5,38,200,2004048,IN,India,Q2,2023
38,spotify:track:0cgwdBXXlPfXJXWf3wMs32,"G. V. Prakash, Shweta Mohan",Vaa Vaathi,Aditya Music,9,26,22,2002098,IN,India,Q2,2023
39,spotify:track:0tgVpDi06FyKpA1z0VMD4v,Ed Sheeran,Perfect,Atlantic Records UK,34,37,156,1977019,IN,India,Q2,2023
40,spotify:track:0NZPBYD5qbEWRs3PrGiRkT,"Sam Smith, Kim Petras",Unholy (feat. Kim Petras),Capitol Records UK / EMI,6,34,28,1932527,IN,India,Q2,2023
41,spotify:track:4SqPZorSDuUtvdJwVGeZRC,"Pritam, Arijit Singh, Amitabh Bhattacharya, Jonita Gandhi",Deva Deva,Sony Music Entertainment India Pvt. Ltd.,5,52,36,1926133,IN,India,Q2,2023
42,spotify:track:5O2P9iiztwhomNh8xkR9lJ,One Direction,Night Changes,Syco Music,22,47,100,1908333,IN,India,Q2,2023
43,spotify:track:7mSzDKajY2wUtstQSLdzMK,"Mohit Chauhan, Rochak Kohli",Rang Lageya,Saregama,43,48,11,1901911,IN,India,Q2,2023
44,spotify:track:6ZYxNjuAU9Vy3VtF6W1dtE,Shubh,We Rollin,SHUBH,10,42,72,1868733,IN,India,Q2,2023
45,spotify:track:7lvDsmTRXFE3dK4OjvRiWB,"Ali Sethi, Shae Gill",Pasoori,Giraffe Pakistan,1,41,60,1856258,IN,India,Q2,2023
47,spotify:track:6TClJ8jXi3OBV7gcrU3jx5,"AP Dhillon, Gurinder Gill",TERE TE,RUN-UP RECORDS,7,56,73,1830188,IN,India,Q2,2023
48,spotify:track:5IgjP7X4th6nMNDh4akUHb,Chris Brown,Under The Influence,Chris Brown Entertainment/RCA Records,7,49,35,1811705,IN,India,Q2,2023
49,spotify:track:2GXXZFUxYg2LvG8SR0byOE,"Sachin-Jigar, Atif Aslam",Jeena Jeena,Sony Music / EROS Music,49,58,94,1809736,IN,India,Q2,2023
50,spotify:track:4blqlsA1uf2d2I40E90EUC,"Pritam, Arijit Singh, Shilpa Rao","Tere Hawaale (From ""Laal Singh Chaddha"")",T-Series,50,74,7,1800943,IN,India,Q2,2023
51,spotify:track:2AilvPt1AQ8PixlCKqkjfj,Shubh,Elevated,SHUBH,27,50,67,1788113,IN,India,Q2,2023
52,spotify:track:2Fv2injs4qAm8mJBGaxVKU,"Arijit Singh, Mithoon","Tujhe Kitna Chahne Lage (From ""Kabir Singh"")",T-Series,2,55,202,1771963,IN,India,Q2,2023
1,spotify:track:46hzNOUOAlivuCZZ0wE3zi,"Sachin-Jigar, Varun Jain, Shadab Faridi, Altamash Faridi, Amitabh Bhattacharya","Tere Vaaste (From ""Zara Hatke Zara Bachke"")",Saregama,1,1,7,7752586,IN,India,Q3,2023
2,spotify:track:5QW9K4A1gMnIi94YUxtsfM,"Sachin-Jigar, Arijit Singh, Amitabha Bhattacharya","Phir Aur Kya Chahiye (From ""Zara Hatke Zara Bachke"")",Saregama,1,2,7,7123187,IN,India,Q3,2023
3,spotify:track:2ncqKdTj6dz7tWoTMMrAtq,Darshan Raval,Mahiye Jinna Sohna,Warner Music India,3,7,3,6623045,IN,India,Q3,2023
4,spotify:track:4eBvRhTJ2AcxCsbfTUjoRp,Shubh,Cheques,SHUBH,4,4,7,6584514,IN,India,Q3,2023
5,spotify:track:1418IuVKQPTYqt7QNJ9RXN,King,Maan Meri Jaan,Warner Music India,1,5,39,5799996,IN,India,Q3,2023
6,spotify:track:6oz1L5jcqZWYuId7nxvIan,Shubh,Still Rollin,SHUBH,4,6,8,5407534,IN,India,Q3,2023
7,spotify:track:6Z4rRhYZVQsYKmrxD40tru,"Riar Saab, Abhijay Sharma",Obsessed,"Mass Appeal India, LLC",2,3,10,5377769,IN,India,Q3,2023
8,spotify:track:3GEiVoaUXq468gfYs2EPfh,"DIVINE, Sidhu Moose Wala",Chorni,DIVINE,8,-1,1,5286310,IN,India,Q3,2023
9,spotify:track:1B02UI29t3PTh3m98absaP,"Anirudh Ravichander, Vijay, Asal Kolaar, Vishnu Edavan","Naa Ready (From ""Leo"")",Sony Music Entertainment India Pvt. Ltd.,4,8,3,4867326,IN,India,Q3,2023
10,spotify:track:06LCamFUOtImIKi9mFRKiD,"Pritam, Arijit Singh, Shreya Ghoshal, Amitabh Bhattacharya","Tum Kya Mile, Pt. 2",Saregama India Ltd,10,12,2,4388699,IN,India,Q3,2023
11,spotify:track:4UMIv5jd9gK98a39BQRD9X,"Pritam, Arijit Singh, Amitabh Bhattacharya",Kesariya,Sony Music Entertainment India Pvt. Ltd.,1,9,52,4063187,IN,India,Q3,2023
12,spotify:track:73K33p4Vyz9koXGqmL5eFs,"Sachet Tandon, Parampara Tandon, Kumaar, Sachet-Parampara",Malang Sajna,T-Series,4,11,25,3876175,IN,India,Q3,2023
13,spotify:track:0czcoKJbJt08NqKrvSbbz7,"Pritam, Arijit Singh, Amitabh Bhattacharya","O Bedardeya (From ""Tu Jhoothi Main Makkaar"")",T-Series,1,10,18,3870621,IN,India,Q3,2023
14,spotify:track:2FCXQHugkoHE1K3tiDu8pu,"Alka Yagnik, Arijit Singh","Agar Tum Saath Ho (From ""Tamasha"")",T-Series,4,14,215,3443231,IN,India,Q3,2023
15,spotify:track:51DEaelXeJJ6cFFYbX8Hal,"Javed-Mohsin, Vishal Mishra, Shreya Ghoshal",Zihaal e Miskin,Universal Music India Pvt Ltd.,7,13,7,3427239,IN,India,Q3,2023
16,spotify:track:3M9G4jJAgDLB9ycinua8Wo,"Anirudh Ravichander, Shilpa Rao, Arunraja Kamaraj","Kaavaalaa (From ""Jailer"")",Sun Pictures,16,-1,1,3325035,IN,India,Q3,2023
17,spotify:track:4VsP4Dm8gsibRxB5I2hEkw,Kaifi Khalil,Kahani Suno 2.0,1944121 Records DK,1,15,30,3157220,IN,India,Q3,2023
18,spotify:track:5iCY0TXNImK4hyKfcplQsg,Anuv Jain,Baarishein,Universal Music India Pvt. Ltd. (on behalf of Anuv Jain),18,23,113,3079433,IN,India,Q3,2023
19,spotify:track:4blqlsA1uf2d2I40E90EUC,"Pritam, Arijit Singh, Shilpa Rao","Tere Hawaale (From ""Laal Singh Chaddha"")",T-Series,11,20,20,3051625,IN,India,Q3,2023
20,spotify:track:08Isz2ETWSBhvIl8UpKYsp,Shubh,No Love,SHUBH,2,16,70,3030300,IN,India,Q3,2023
21,spotify:track:2ZD4aIEepqZsdxPxLSuUhm,"Pritam, Arijit Singh, Amitabh Bhattacharya, Nikhita Gandhi",Tere Pyaar Mein,T-Series,5,17,23,3016832,IN,India,Q3,2023
22,spotify:track:0rMeOAvbQZ2RTG4B6L1M4p,Darshan Raval,Asal Mein,Indie Music Label,21,34,111,2900839,IN,India,Q3,2023
23,spotify:track:0snQrp1VaY5Pj1YIHRJpRJ,Aditya A,Chaand Baaliyan,Sony Music Entertainment India Pvt. Ltd.,2,31,73,2829585,IN,India,Q3,2023
24,spotify:track:24MMjyA3NLqCsDJfsn51eg,"Sharn, The Paul",Mi Amor,Play Runners Global,7,28,26,2782734,IN,India,Q3,2023
25,spotify:track:6t7PuZfHAtNGheWisgUq3I,"B Praak, Jaani",Kya Loge Tum,Universal Music India Pvt Ltd. – Distribution,10,22,8,2748040,IN,India,Q3,2023
26,spotify:track:3wz2vWhYnnBoFmgMkqtzLy,"Chani Nattan, Inderpal Moga",Daku,ChaniNattan Entertainment Ltd.,5,21,47,2723325,IN,India,Q3,2023
27,spotify:track:42TMa2hgBNjte4uV7jNCnQ,"Shubh, Ikky",Baller,SHUBH,2,18,44,2718670,IN,India,Q3,2023
28,spotify:track:2rOnSn2piaqLAlYjtfUBlY,"Tanishk Bagchi, Jubin Nautiyal, Asees Kaur","Raataan Lambiyan (From ""Shershaah"")",Sony Music Entertainment India Pvt. Ltd.,1,25,102,2675991,IN,India,Q3,2023
29,spotify:track:03yKEFruN3BS2coglBtt2N,"Laddi Chahal, Parmish Verma, Gurlez Akhtar",Rubicon Drill,Parmish Verma Films,12,24,30,2538284,IN,India,Q3,2023
30,spotify:track:2vPrBucKCfKmafHhSfJ2pt,"Pritam, Arijit Singh, Amitabh Bhattacharya, Charan","Pyaar Hota Kayi Baar Hai (From ""Tu Jhoothi Main Makkaar"")",T-Series,9,29,22,2450026,IN,India,Q3,2023
31,spotify:track:1smFN2CLqGROu0J0UyvDfL,"Pritam, Arijit Singh",Shayad,Sony Music Entertainment India Pvt. Ltd.,1,36,182,2430012,IN,India,Q3,2023
32,spotify:track:2Fv2injs4qAm8mJBGaxVKU,"Arijit Singh, Mithoon","Tujhe Kitna Chahne Lage (From ""Kabir Singh"")",T-Series,2,32,215,2417472,IN,India,Q3,2023
33,spotify:track:5aMLADD1Ho6Ogq8s8mIzB9,"Sachet-Parampara, Sachet Tandon, Parampara Tandon, Manoj Muntashir","Ram Siya Ram (From ""Adipurush"")",T-Series,11,26,6,2407157,IN,India,Q3,2023
34,spotify:track:2Y2l0h051Vk4qUG2ZH7KKy,"B Praak, Jaani, Nawazuddin Siddiqui",Yaar Ka Sataya Hua Hai,Universal Music India Pvt Ltd. – Distribution,34,-1,1,2384309,IN,India,Q3,2023
35,spotify:track:228BxWXUYQPJrJYHDLOHkj,Daddy Yankee,Gasolina,Craft Latino,35,44,3,2383656,IN,India,Q3,2023
36,spotify:track:6FAYpZ4jve8vpvTwUvjK6H,"Vishal-Shekhar, Arijit Singh, Sukriti Kakar, Vishal Dadlani, Shekhar Ravjiani, Kumaar",Jhoome Jo Pathaan,YRF Music,3,33,29,2325017,IN,India,Q3,2023
37,spotify:track:610keNiNVTIkYD0CqeSerg,"Cheema Y, Gur Sidhu",California Love,Brown Town Music,27,27,7,2324868,IN,India,Q3,2023
38,spotify:track:0UZLaEOSIc5kg0cc7eszqC,Vishal Mishra,Manjha,Desi Music Factory,29,38,59,2275040,IN,India,Q3,2023
40,spotify:track:29m79w9xPMH4YCD6r8JSmV,"AP Dhillon, Gurinder Gill, Intense",Excuses,RUN-UP RECORDS,1,35,90,2250196,IN,India,Q3,2023
41,spotify:track:72zHuDxFQTjbL51qJQSA7j,"Jasleen Royal, B Praak, Romy","Ranjha (From ""Shershaah"")",Sony Music Entertainment India Pvt. Ltd.,1,39,101,2214878,IN,India,Q3,2023
42,spotify:track:3ZGJhN4unVspOqpwGvUL2W,Diljit Dosanjh,Lemonade,DILJIT DOSANJH,26,37,50,2172530,IN,India,Q3,2023
43,spotify:track:1y1rQTkWmrZdJmjwuK07GC,"Vishal Mishra, Manoj Muntashir","Kaise Hua (From ""Kabir Singh"")",T-Series,5,45,213,2159093,IN,India,Q3,2023
44,spotify:track:3dpM3ijJz0vGzbkh5DcMXz,"Payal Dev, Vishal Mishra, A.M. Turaz","Naseeb Se (From ""Satyaprem Ki Katha"")",T-Series,44,82,6,2149814,IN,India,Q3,2023
45,spotify:track:6TClJ8jXi3OBV7gcrU3jx5,"AP Dhillon, Gurinder Gill",TERE TE,RUN-UP RECORDS,7,40,86,2057472,IN,India,Q3,2023
46,spotify:track:7MXVkk9YMctZqd1Srtv4MB,"The Weeknd, Daft Punk",Starboy,Universal Republic Records,12,47,102,2022803,IN,India,Q3,2023
47,spotify:track:0CtZpaOhtzvLV3FfcsVpQo,"Vishal-Shekhar, Shilpa Rao, Caralisa Monteiro, Vishal Dadlani, Shekhar Ravjiani, Kumaar","Besharam Rang (From ""Pathaan"")",YRF Music,4,46,31,2018073,IN,India,Q3,2023
48,spotify:track:5G7pZ8G8NFvS1MQ9H4L7dC,"Javed-Mohsin, Arijit Singh, Shreya Ghoshal, Kunaal Vermaa, Prashant Ingole",Pal,Sony Music Entertainment India Pvt. Ltd.,39,42,227,2002140,IN,India,Q3,2023
49,spotify:track:4JvziZ2kQsbzfvRQtpYfmJ,"Sunny Yaduvanshi, AK Rok, Nitesh Ujoli, Elvish Yadav",Yadav Brand 2,Flame Music,48,54,18,1989843,IN,India,Q3,2023
50,spotify:track:2RgvvnMwtP0R2OkVZmFvnV,KK,"Ajab Si (From ""Om Shanti Om"")",T-Series,34,59,79,1974893,IN,India,Q3,2023
51,spotify:track:2NmBCDkjvJVvEZkH5QDOeb,"Varinder Brar, Ultra Beats",Thaa,Varinder Brar Music,10,41,15,1936101,IN,India,Q3,2023
1,spotify:track:3xMHXmedL5Rvfxmiar9Ryv,"Anirudh Ravichander, Arijit Singh, Shilpa Rao, Kumaar",Chaleya,T-Series,1,1,9,12820870,IN,India,Q4,2023
2,spotify:track:5PUXKVVVQ74C3gl5vKy9Li,"Jasleen Royal, Arijit Singh, Dulquer Salmaan",Heeriye (feat. Arijit Singh),Warner Music India,1,2,11,10260560,IN,India,Q4,2023
3,spotify:track:5ZLkihi6DVsHwDL3B8ym1t,Shubh,One Love,SHUBH,3,4,8,6571004,IN,India,Q4,2023
4,spotify:track:0YQJoDL6f46J0n1rOVkpxJ,"Karan Aujla, Ikky",Softly,WM Canada,4,6,8,5514079,IN,India,Q4,2023
5,spotify:track:4eBvRhTJ2AcxCsbfTUjoRp,Shubh,Cheques,SHUBH,1,3,20,5471140,IN,India,Q4,2023
6,spotify:track:0Jiaz0O4AqnJICa9PxHhaR,Darshan Raval,Mahiye Jinna Sohna,Warner Music India,2,7,16,5343907,IN,India,Q4,2023
7,spotify:track:0xIuPDzJSnJywALez8dwKR,AP Dhillon,With You,Mass Appeal India,2,5,9,4953492,IN,India,Q4,2023
8,spotify:track:0645eBDehHcqfiF15hscQV,"Vishal Mishra, Rashmeet Kaur","Janiye (from the Netflix Film ""Chor Nikal Ke Bhaga"")",Netflix Music,5,8,14,4756329,IN,India,Q4,2023
9,spotify:track:32qnBgfzURbwNayQIEB5W5,"Anirudh Ravichander, Vishnu Edavan","Badass (From ""Leo"")",Sony Music Entertainment India Pvt. Ltd.,9,15,2,4267842,IN,India,Q4,2023
10,spotify:track:5DgY6Ab0vpyUMKnY9ubFOF,"Anirudh Ravichander, Super Subu",Hukum - Thalaivar Alappara,Sun Pictures,1,9,13,4077584,IN,India,Q4,2023
11,spotify:track:7iekl4P95GuphG8x8a3cNT,"Pritam, Arijit Singh, Jonita Gandhi, Ranveer Singh, Amitabh Bhattacharya",What Jhumka ?,Saregama India Ltd,6,10,13,4073633,IN,India,Q4,2023
12,spotify:track:0NuWRfZRWzn1oc9piFhK9n,"MC SQUARE, Hiten",Laado,Sony Music India / Nine,11,11,5,3745067,IN,India,Q4,2023
13,spotify:track:73K33p4Vyz9koXGqmL5eFs,"Sachet Tandon, Parampara Tandon, Kumaar, Sachet-Parampara",Malang Sajna,T-Series,4,13,38,3623115,IN,India,Q4,2023
14,spotify:track:4UMIv5jd9gK98a39BQRD9X,"Pritam, Arijit Singh, Amitabh Bhattacharya",Kesariya,Sony Music Entertainment India Pvt. Ltd.,1,17,65,3529697,IN,India,Q4,2023
15,spotify:track:38h4tmH1AWBVuemWAy4R4y,"Pritam, Arijit Singh, Shreya Ghoshal, Amitabh Bhattacharya","Tum Kya Mile, Pt. 2",Saregama India Ltd,9,16,15,3521659,IN,India,Q4,2023
16,spotify:track:04ChFQZCKl2yRcvc0VR7qN,"Denny, Rahul Mishra, Kunaal Vermaa",Chale Jaana Phir (Humko Tere Bina),For The Record Music,16,18,14,3518114,IN,India,Q4,2023
17,spotify:track:6c4Po8zyQjB4cR5XgLhcGb,"Prabh Singh, Jay Trak, Rooh Sandhu",9:45,Prabh Singh Official,9,12,14,3408749,IN,India,Q4,2023
18,spotify:track:7m4CgL81VVIHaaiSxyH922,Yo Yo Honey Singh,Desi Kalakaar,T-Series,14,14,3,3379016,IN,India,Q4,2023
19,spotify:track:5Tkf5CbtVYHA1SiKo1NrJE,"Sachin-Jigar, Arijit Singh, Amitabha Bhattacharya","Phir Aur Kya Chahiye (From ""Zara Hatke Zara Bachke"")",Saregama,1,20,20,3292599,IN,India,Q4,2023
20,spotify:track:6oz1L5jcqZWYuId7nxvIan,Shubh,Still Rollin,SHUBH,4,19,21,3216146,IN,India,Q4,2023
21,spotify:track:1B02UI29t3PTh3m98absaP,"Anirudh Ravichander, Vijay, Asal Kolaar, Vishnu Edavan","Naa Ready (From ""Leo"")",Sony Music Entertainment India Pvt. Ltd.,4,23,16,3200659,IN,India,Q4,2023
22,spotify:track:2FCXQHugkoHE1K3tiDu8pu,"Alka Yagnik, Arijit Singh","Agar Tum Saath Ho (From ""Tamasha"")",T-Series,4,29,228,3135241,IN,India,Q4,2023
23,spotify:track:6GZIAVSu0YXF7FYzyRl1MP,"Sachin-Jigar, Varun Jain, Shadab Faridi, Altamash Faridi, Amitabh Bhattacharya","Tere Vaaste (From ""Zara Hatke Zara Bachke"")",Saregama,1,21,20,3088484,IN,India,Q4,2023
24,spotify:track:6ygiy70ujkNOYXM1tQuMNe,"Karan Aujla, Ikky, Preston Pablo",Admirin' You (feat. Preston Pablo),WM Canada,24,28,10,2868229,IN,India,Q4,2023
25,spotify:track:6aQIGqAo9PxRKjUkhYtR6R,"Anirudh Ravichander, Priya Mali","Hayyoda (From ""Jawan"")",T-Series,14,22,7,2859501,IN,India,Q4,2023
26,spotify:track:24MMjyA3NLqCsDJfsn51eg,"Sharn, The Paul",Mi Amor,Play Runners Global,7,24,39,2859411,IN,India,Q4,2023
27,spotify:track:4VosVUajzm6nzGlSb6nP3L,"Parmish Verma, Paradox",Check It Out,SDA Studios,19,26,13,2749204,IN,India,Q4,2023
28,spotify:track:1418IuVKQPTYqt7QNJ9RXN,King,Maan Meri Jaan,Warner Music India,1,25,52,2705432,IN,India,Q4,2023
29,spotify:track:2Fv2injs4qAm8mJBGaxVKU,"Arijit Singh, Mithoon","Tujhe Kitna Chahne Lage (From ""Kabir Singh"")",T-Series,2,35,228,2610695,IN,India,Q4,2023
30,spotify:track:2ZD4aIEepqZsdxPxLSuUhm,"Pritam, Arijit Singh, Amitabh Bhattacharya, Nikhita Gandhi",Tere Pyaar Mein,T-Series,5,31,36,2584645,IN,India,Q4,2023
31,spotify:track:0rMeOAvbQZ2RTG4B6L1M4p,Darshan Raval,Asal Mein,Indie Music Label,21,36,124,2535436,IN,India,Q4,2023
32,spotify:track:1QZRCi2Z1DQQaR6bGAzhtN,Yo Yo Honey Singh,Love Dose,T-Series,32,37,6,2504089,IN,India,Q4,2023
33,spotify:track:0UZLaEOSIc5kg0cc7eszqC,Vishal Mishra,Manjha,Desi Music Factory,29,33,72,2471349,IN,India,Q4,2023
34,spotify:track:1AMD2AkfGrKoKhwkvYLbza,"Sunny Yaduvanshi, AK Rok, Nitesh Ujoli, Elvish Yadav",Yadav Brand 2,Flame Music,9,30,31,2459282,IN,India,Q4,2023
35,spotify:track:0snQrp1VaY5Pj1YIHRJpRJ,Aditya A,Chaand Baaliyan,Sony Music Entertainment India Pvt. Ltd.,2,34,86,2435838,IN,India,Q4,2023
36,spotify:track:5inzjqKe05zP1eInEO8O1i,"Anirudh Ravichander, Vishal Dadlani, Shilpa Rao, Kumaar",Not Ramaiya Vastavaiya,T-Series,20,32,6,2386189,IN,India,Q4,2023
37,spotify:track:2rOnSn2piaqLAlYjtfUBlY,"Tanishk Bagchi, Jubin Nautiyal, Asees Kaur","Raataan Lambiyan (From ""Shershaah"")",Sony Music Entertainment India Pvt. Ltd.,1,39,115,2338243,IN,India,Q4,2023
38,spotify:track:7wW9scVNLYFLsmBb1yAUmS,Yo Yo Honey Singh,Blue Eyes,T-Series,38,48,3,2334274,IN,India,Q4,2023
39,spotify:track:1cPDOeVdALLjj4erFPiuqW,"Anirudh Ravichander, Shilpa Rao, Arunraja Kamaraj",Kaavaalaa,Sun Pictures,10,27,14,2280135,IN,India,Q4,2023
40,spotify:track:3nKQrVVlwbAQSnFbgZWdN0,"Avvy Sra, Karan Aujla, Jaani",White Brown Black,Universal Music India Pvt Ltd. – Distribution,40,42,43,2241857,IN,India,Q4,2023
41,spotify:track:08Isz2ETWSBhvIl8UpKYsp,Shubh,No Love,SHUBH,2,40,83,2215287,IN,India,Q4,2023
42,spotify:track:5BKKKNwrebowaMoUdBaNby,King,Tu Aake Dekhle,Warner Music India,3,51,141,2194698,IN,India,Q4,2023
43,spotify:track:4blqlsA1uf2d2I40E90EUC,"Pritam, Arijit Singh, Shilpa Rao","Tere Hawaale (From ""Laal Singh Chaddha"")",T-Series,11,41,33,2193213,IN,India,Q4,2023
44,spotify:track:29m79w9xPMH4YCD6r8JSmV,"AP Dhillon, Gurinder Gill, Intense",Excuses,RUN-UP RECORDS,1,43,103,2187683,IN,India,Q4,2023
45,spotify:track:0czcoKJbJt08NqKrvSbbz7,"Pritam, Arijit Singh, Amitabh Bhattacharya","O Bedardeya (From ""Tu Jhoothi Main Makkaar"")",T-Series,1,44,31,2150147,IN,India,Q4,2023
46,spotify:track:1smFN2CLqGROu0J0UyvDfL,"Pritam, Arijit Singh",Shayad,Sony Music Entertainment India Pvt. Ltd.,1,46,195,2149248,IN,India,Q4,2023
47,spotify:track:1y1rQTkWmrZdJmjwuK07GC,"Vishal Mishra, Manoj Muntashir","Kaise Hua (From ""Kabir Singh"")",T-Series,5,54,226,2122556,IN,India,Q4,2023
48,spotify:track:3yRLROmAcKJBqTrdEczFB8,galewings,Brown Rang,luckyStar,48,56,3,2108268,IN,India,Q4,2023
49,spotify:track:3mUkVsovIuscQlSoMhmAZt,"Madhur Sharma, Swapnil Tare, Nusrat Fateh Ali Khan",Kali Kali Zulfon Ke (Lo-Fi),T-Series,6,47,57,2091029,IN,India,Q4,2023
50,spotify:track:6Z4rRhYZVQsYKmrxD40tru,"Riar Saab, Abhijay Sharma",Obsessed,"Mass Appeal India, LLC",2,38,23,2087571,IN,India,Q4,2023
1,spotify:track:2E32Pv8w20r6ZH4oFecxOf,"Geolier, Sfera Ebbasta",X CASO (feat. Sfera Ebbasta),Columbia,1,-1,1,3353350,IT,Italy,Q1,2023
2,spotify:track:0D3QZNAMH2d5MFkVlebo6h,Shiva,Non lo Sai,Milano Ovest,2,2,7,2569651,IT,Italy,Q1,2023
3,spotify:track:2tTmW7RDtMQtBk7m2rYeSw,"Bizarrap, Quevedo","Quevedo: Bzrp Music Sessions, Vol. 52/66",DALE PLAY Records,1,1,25,2549312,IT,Italy,Q1,2023
4,spotify:track:4midGjEpVz0mYkIdQMFX3l,"Geolier, Lazza, Takagi & Ketra",CHIAGNE (feat. Lazza & Takagi & Ketra),Columbia,1,3,11,2500964,IT,Italy,Q1,2023
5,spotify:track:3gMPES6pOosBWxkXAakOxq,"Geolier, Shiva, Michelangelo",MONDAY (feat. Shiva & Michelangelo),Columbia,5,-1,1,2271897,IT,Italy,Q1,2023
6,spotify:track:6LhPeOpKoX1SnqxDzrS64F,Geolier,MONEY,Columbia,6,26,8,1943368,IT,Italy,Q1,2023
7,spotify:track:5x9LonDyHxGUO2VzfHJHLE,Geolier,COME VUOI,Columbia,7,-1,1,1708133,IT,Italy,Q1,2023
8,spotify:track:1MboxS3hV7Wr8UVO59uRth,"Shiva, Sfera Ebbasta",Alleluia (feat. Sfera Ebbasta),Milano Ovest,1,4,7,1690484,IT,Italy,Q1,2023
9,spotify:track:1ZtubpenKBRE4ACrynt0MA,Geolier,RICCHEZZA,Columbia,9,-1,1,1661992,IT,Italy,Q1,2023
10,spotify:track:5ZBIeRCyYvb0nGEtsvuth8,Geolier,ME VULEV FA RUOSS,Columbia,10,-1,1,1619638,IT,Italy,Q1,2023
11,spotify:track:2Buy0H2VxXZ8bmTp1fH5UA,"Geolier, Guè",NUN SE VER (feat. Guè),Columbia,11,-1,1,1572280,IT,Italy,Q1,2023
12,spotify:track:1cc9BzqfV6aO0EV8c7jGnN,Shiva,Take 4,Milano Ovest,1,5,10,1433060,IT,Italy,Q1,2023
13,spotify:track:5IZizTD3g3isFOpIpDU8l0,Geolier,LONELY,Columbia,13,-1,1,1408836,IT,Italy,Q1,2023
14,spotify:track:0B0v5aiSz7yrphMgTZFLDq,Pinguini Tattici Nucleari,Ricordi,Columbia,1,7,16,1383956,IT,Italy,Q1,2023
15,spotify:track:1Bf3WnU7Y6YGP0k4RbbErB,Geolier,MARADONA,Columbia,15,-1,1,1347237,IT,Italy,Q1,2023
16,spotify:track:4HoQFpWOwiLi9buwtawlxp,Geolier,POCO/TROPPO,Columbia,16,-1,1,1325294,IT,Italy,Q1,2023
17,spotify:track:50DsGEqRiQr6KdEYi0NuSP,"thasup, Lazza, Sfera Ebbasta",s!r! (feat. Lazza & Sfera Ebbasta),Thasup s.r.l.,1,6,26,1325013,IT,Italy,Q1,2023
18,spotify:track:2roEryrxZ6owlDs8tKxkt7,Geolier,I AM,Columbia,18,-1,1,1270781,IT,Italy,Q1,2023
19,spotify:track:1XpmMe95dk9jh3zuOMpeU2,Capo Plaza,Capri Sun,Atlantic/WM Italy,2,8,32,1228369,IT,Italy,Q1,2023
20,spotify:track:7z8jf3dtJPXUxlc9xJCKEh,"Geolier, Paky",NON CI TORNI PIÙ (feat. Paky),Columbia,20,-1,1,1147080,IT,Italy,Q1,2023
21,spotify:track:6K8MYTkn5mZzF6p14hV5cj,Icy Subzero,MUJER,Matteo D'Alessio,8,10,23,1132121,IT,Italy,Q1,2023
22,spotify:track:4y4wOYV6OJ2hlXeBFzazEO,Geolier,NAPO****NO,Columbia,22,-1,1,1108637,IT,Italy,Q1,2023
23,spotify:track:0SsUOrXUM2gZxVLYizZfQZ,"Lazza, Takagi & Ketra",PANICO (feat. Takagi & Ketra),Universal Music Italia srL.,6,11,40,1093732,IT,Italy,Q1,2023
24,spotify:track:01DXwNf1GzEJkYTbXgL0eb,Lazza,USCITO DI GALERA,Universal Music Italia srL.,5,13,40,1057879,IT,Italy,Q1,2023
25,spotify:track:2vejKgdviTICfxoqOL3LKG,Geolier,GIVE YOU MY LOVE,Columbia,25,-1,1,1057082,IT,Italy,Q1,2023
26,spotify:track:7yJTzU4SK85FzoWhnoCONm,"Geolier, Lele Blade",IN TRAPPOLA (feat. Lele Blade),Columbia,26,-1,1,1043705,IT,Italy,Q1,2023
27,spotify:track:2i2KQ1gfaIRoExBoYuVjiY,Irama,A L I,Atlantic/WM Italy,26,28,7,1033261,IT,Italy,Q1,2023
28,spotify:track:3zkyus0njMCL6phZmNNEeN,Central Cee,LET GO,Central Cee,7,15,4,1032206,IT,Italy,Q1,2023
29,spotify:track:62YtBUOYuyW9qelDb7tFWX,"Paky, Jul",La Bellavita (feat. Jul),Universal Music Italia srL.,7,14,11,1022968,IT,Italy,Q1,2023
30,spotify:track:1IHWl5LamUGEuP4ozKQSXZ,Bad Bunny,Tití Me Preguntó,Rimas Entertainment LLC,6,12,28,1016409,IT,Italy,Q1,2023
31,spotify:track:3XucsgiwXb8KPn9Csf9Zmu,"James Hype, Miggy Dela Rosa, Lazza",Ferrari - Remix,Universal-Island Records Ltd.,1,9,18,1011070,IT,Italy,Q1,2023
32,spotify:track:3WVXxfB3B76CkG2wglKotj,"Ernia, Geolier, Junior K",ACQUA TONICA (feat. Geolier & Junior K),Universal Music Italia srL.,4,22,8,1002917,IT,Italy,Q1,2023
33,spotify:track:1E1nbIsPDO1PdtQwsAKKF3,"thasup, Coez",!ly (feat. Coez),Thasup s.r.l.,6,17,15,975058,IT,Italy,Q1,2023
34,spotify:track:4uUG5RXrOk84mYEfFvj3cK,"David Guetta, Bebe Rexha",I'm Good (Blue),Parlophone UK,15,16,20,957038,IT,Italy,Q1,2023
35,spotify:track:0Ej0IbJKgJw5BQvRD6cfcA,Geolier,HERE I COME,Columbia,35,-1,1,950144,IT,Italy,Q1,2023
36,spotify:track:5IbrGxWxB427KJEDrphgRN,"Shiva, Lazza",Vorrei (feat. Lazza),Milano Ovest,4,19,7,944098,IT,Italy,Q1,2023
37,spotify:track:2HYb7h6j7uQEqPZRylzGI6,Geolier,NIENTE DI SPECIALE,Columbia,37,-1,1,939680,IT,Italy,Q1,2023
38,spotify:track:39jxR2xnmcBbkdPX9oNzsI,Annalisa,Bellissima,Warner Music,25,25,19,936991,IT,Italy,Q1,2023
39,spotify:track:1Ame8XTX6QHY0l0ahqUhgv,Måneskin,THE LONELIEST,Epic,3,23,14,922890,IT,Italy,Q1,2023
40,spotify:track:3nqQXoyQOWXiESFLlDF1hG,"Sam Smith, Kim Petras",Unholy (feat. Kim Petras),Capitol Records UK / EMI,17,21,16,918336,IT,Italy,Q1,2023
41,spotify:track:298vG7EUMAUWmvapd4PHL8,"Neima Ezza, Rondodasosa",LEI (feat. Rondodasosa),Epic Local,11,24,28,903642,IT,Italy,Q1,2023
42,spotify:track:14XAuSrVFla2uyMiYVwQtq,"AVA, Medy, VillaBanks",TÊTE (feat. Medy & VillaBanks),Atlantic/WM Italy,8,18,28,895344,IT,Italy,Q1,2023
43,spotify:track:58ePbnPGFlX1gBblI23RiG,Pinguini Tattici Nucleari,Giovani Wannabe,Columbia,3,20,33,877520,IT,Italy,Q1,2023
44,spotify:track:6BUueuMQR4k7CuoMEsnGou,"Lazza, Sfera Ebbasta",PIOVE (feat. Sfera Ebbasta),Universal Music Italia srL.,1,27,40,853417,IT,Italy,Q1,2023
45,spotify:track:7jtQIBanIiJOMS6RyCx6jZ,Tom Odell,Another Love,ITNO/Columbia,24,29,89,846902,IT,Italy,Q1,2023
46,spotify:track:2dHHgzDwk4BJdRwy9uXhTO,"Metro Boomin, The Weeknd, 21 Savage",Creepin' (with The Weeknd & 21 Savage),Republic Records,31,31,6,843604,IT,Italy,Q1,2023
47,spotify:track:5z7JlQ74N2M57PRIEI9oE6,Tananai,ABISSALE,Universal Music Italia srL.,36,36,13,798485,IT,Italy,Q1,2023
48,spotify:track:11BKm0j4eYoCPPpCONAVwA,Lady Gaga,Bloody Mary,Interscope,28,34,7,781029,IT,Italy,Q1,2023
49,spotify:track:6SQmh0L5icrThwGDTeLkg1,Lazza,MOLOTOV,Universal Music Italia srL.,5,33,42,742099,IT,Italy,Q1,2023
50,spotify:track:11H6R8nu1QxB1yGWHgzKl7,Ernia,BELLA FREGATURA,Universal Music Italia srL.,6,43,8,726525,IT,Italy,Q1,2023
1,spotify:track:7Da5kjy5GByLHE5OPQ4tpg,"Geolier, Marracash",IL MALE CHE MI FAI (feat. Marracash),Columbia,1,-1,1,4305435,IT,Italy,Q2,2023
2,spotify:track:0mHC3BK9vFGoEU0EcGPWRZ,Lazza,CENERE,Universal Music Italia srL.,1,1,10,3584757,IT,Italy,Q2,2023
3,spotify:track:2hHC2jw8qiE4IAPDGjU4Fu,"Finesse, Shiva, Sfera Ebbasta, Guè, Drillionaire","Gelosa (feat. Shiva, Sfera Ebbasta, Guè)",Epic,2,3,7,3195380,IT,Italy,Q2,2023
4,spotify:track:7jvwORp293fGCP6KfmE8aQ,"Sfera Ebbasta, Luciano",Orange,Universal Music Italia srL.,4,-1,1,2637058,IT,Italy,Q2,2023
5,spotify:track:74cyFjvgjyiFiQ3QxszFWq,Tananai,TANGO,Universal Music Italia srL.,3,4,10,2620589,IT,Italy,Q2,2023
6,spotify:track:41ZKcEXI1OSUDpY2zzP45D,Tony Effe,BOSS,Universal Music Italia srL.,2,2,3,2465811,IT,Italy,Q2,2023
7,spotify:track:2E32Pv8w20r6ZH4oFecxOf,"Geolier, Sfera Ebbasta",X CASO (feat. Sfera Ebbasta),Columbia,1,11,14,2163795,IT,Italy,Q2,2023
8,spotify:track:3X6QTmtaKukOu5lISJYi4g,"Matteo Paolillo, Lolloflow, CLARA",ORIGAMI ALL'ALBA - CLARA,Flamingo Management,4,5,7,2157689,IT,Italy,Q2,2023
9,spotify:track:1nND6VDerwJxLaUwVVCp28,Mr.Rain,SUPEREROI,Atlantic/WM Italy,2,6,10,2137381,IT,Italy,Q2,2023
10,spotify:track:5x9LonDyHxGUO2VzfHJHLE,Geolier,COME VUOI,Columbia,7,13,14,2057112,IT,Italy,Q2,2023
11,spotify:track:4eI0ncpnZuv4A3ssTJRSDY,Marco Mengoni,Due Vite,Epic,3,7,10,1879973,IT,Italy,Q2,2023
12,spotify:track:2tTmW7RDtMQtBk7m2rYeSw,"Bizarrap, Quevedo","Quevedo: Bzrp Music Sessions, Vol. 52/66",DALE PLAY Records,1,10,38,1858300,IT,Italy,Q2,2023
13,spotify:track:0hReXAWKqGzHBYnw0S1CXu,"Bresh, SHUNE",Altamente Mia,Epic,13,-1,1,1743078,IT,Italy,Q2,2023
14,spotify:track:1xUnvxp9DFrpwXnO0RHKUp,"Guè, ANNA, Sfera Ebbasta",Cookies N' Cream (feat. ANNA & Sfera Ebbasta),Universal Music Italia srL.,1,12,13,1710767,IT,Italy,Q2,2023
15,spotify:track:7jVQ6DP7Q6S2wKWqJmcTZL,"thasup, Tedua",Dimmi Che C'è (feat. Tedua),Thasup s.r.l.,3,9,4,1664924,IT,Italy,Q2,2023
16,spotify:track:4midGjEpVz0mYkIdQMFX3l,"Geolier, Lazza, Takagi & Ketra",CHIAGNE (feat. Lazza & Takagi & Ketra),Columbia,1,16,24,1587768,IT,Italy,Q2,2023
17,spotify:track:0D3QZNAMH2d5MFkVlebo6h,Shiva,Non lo Sai,Milano Ovest,2,15,20,1575972,IT,Italy,Q2,2023
18,spotify:track:4CQNELF3U3gyNcI6sLr6yK,"Bresh, SHUNE",Guasto D'Amore,Epic,2,17,11,1532583,IT,Italy,Q2,2023
19,spotify:track:1r2uadbNnJrNjuupsFGXJJ,Madame,IL BENE NEL MALE,Universal Music Italia srL. (Sugar),4,14,10,1524252,IT,Italy,Q2,2023
20,spotify:track:1SNjXnEMWjEYRLAteXJpTK,Geolier,SOLDATI,Columbia,20,-1,1,1496421,IT,Italy,Q2,2023
21,spotify:track:4YM3Pxqe3FiapO16Myngww,Geolier,HERMES,Columbia,21,-1,1,1434923,IT,Italy,Q2,2023
22,spotify:track:3UYr4TdhtCthMH9ujhx0BA,"Rhove, Madfingerz",Pelé,Universal Music Italia srL.,12,19,4,1376957,IT,Italy,Q2,2023
23,spotify:track:0AbDjrdgKTXzGzvQ1drgQl,"Shiva, Geolier",Un Altro Show (feat. Geolier),Milano Ovest,19,22,20,1329864,IT,Italy,Q2,2023
24,spotify:track:1DQXiBc8DqPfcdLVZkouhI,"Stefano Lentini, Matteo Paolillo, Lolloflow, Raiz",'O Mar For,Rai Com,8,18,11,1327362,IT,Italy,Q2,2023
25,spotify:track:1la73rdzbQGNRFJyO9E71c,"Medy, Capo Plaza",Arai (feat. Capo Plaza),Columbia,8,21,13,1305108,IT,Italy,Q2,2023
26,spotify:track:4nrPB8O7Y7wsOCJdgXkthe,"Bizarrap, Shakira","Shakira: Bzrp Music Sessions, Vol. 53/66",DALE PLAY Records,1,20,13,1290177,IT,Italy,Q2,2023
27,spotify:track:3yjVLPigd6HDjBpJMYEUih,"VillaBanks, Linch, Andry The Hitmaker, Tony Effe, Slings, MamboLosco","Il Doc 3 (feat. Tony Effe, Slings & MamboLosco)",Universal Music Italia srL.,23,26,9,1247849,IT,Italy,Q2,2023
28,spotify:track:4DHcnVTT87F0zZhRPYmZ3B,Miley Cyrus,Flowers,Columbia,4,25,13,1233809,IT,Italy,Q2,2023
29,spotify:track:2Xzauj0gFhELmQ8KgoYiUS,Geolier,SO FLY,Columbia,29,-1,1,1229238,IT,Italy,Q2,2023
30,spotify:track:1UcJs6RsX9upkeaFCNPBNs,Annalisa,Mon Amour,Warner Music,30,36,2,1221773,IT,Italy,Q2,2023
31,spotify:track:5vHWd8yLGCxb8s9RaThO9w,Rocco Hunt,Non litighiamo più,Epic,31,42,2,1189966,IT,Italy,Q2,2023
32,spotify:track:28Q3CFgOA5EM2bmKaB9d53,Lazza,ZONDA,Universal Music Italia srL.,8,8,2,1154871,IT,Italy,Q2,2023
33,spotify:track:59nchDV5vZqIP0m1DgpSuS,Mara Sattei,Duemilaminuti,Columbia,9,24,10,1134434,IT,Italy,Q2,2023
34,spotify:track:35BICD5dEJLVicj9cV0jhe,"Rosa Chemical, Bdope",MADE IN ITALY,Universal Music Italia srL.,5,28,10,1116547,IT,Italy,Q2,2023
35,spotify:track:609E1JCInJncactoMmkDon,"ROSALÍA, Rauw Alejandro",BESO,Columbia Records/Duars Entertainment/Sony Music Latin,25,30,3,1110725,IT,Italy,Q2,2023
36,spotify:track:5EL2pGymrFM9jpVjBbsZhn,Geolier,2 SECONDI,Columbia,36,-1,1,1110463,IT,Italy,Q2,2023
37,spotify:track:1Zr8LezOCv9IKPm9cwN27F,Elodie,Due,Universal Music Italia srL.,7,27,10,1107741,IT,Italy,Q2,2023
38,spotify:track:5pFKuNJdKLyMceZuopqVFF,BLANCO,L'Isola Delle Rose,Universal Music Italia srL.,4,29,11,1086368,IT,Italy,Q2,2023
39,spotify:track:74zkabIZ8moMuJUuxTQcCR,"Geolier, Giorgia",L'ULTIMA CANZONE (feat. Giorgia),Columbia,39,-1,1,1083454,IT,Italy,Q2,2023
40,spotify:track:0uXDSAM6q44glALKnQQyqW,"Rose Villain, Geolier",Fantasmi (feat. Geolier),Columbia,30,32,12,1068912,IT,Italy,Q2,2023
41,spotify:track:3gMPES6pOosBWxkXAakOxq,"Geolier, Shiva, Michelangelo",MONDAY (feat. Shiva & Michelangelo),Columbia,5,40,14,1010308,IT,Italy,Q2,2023
42,spotify:track:39jxR2xnmcBbkdPX9oNzsI,Annalisa,Bellissima,Warner Music,15,33,32,999256,IT,Italy,Q2,2023
43,spotify:track:1MboxS3hV7Wr8UVO59uRth,"Shiva, Sfera Ebbasta",Alleluia (feat. Sfera Ebbasta),Milano Ovest,1,31,20,996553,IT,Italy,Q2,2023
44,spotify:track:1XpmMe95dk9jh3zuOMpeU2,Capo Plaza,Capri Sun,Atlantic/WM Italy,2,34,45,928394,IT,Italy,Q2,2023
45,spotify:track:01DXwNf1GzEJkYTbXgL0eb,Lazza,USCITO DI GALERA,Universal Music Italia srL.,5,35,53,907349,IT,Italy,Q2,2023
46,spotify:track:76LF4y8EPCZztMVpoISOer,Pinguini Tattici Nucleari,Coca zero,Columbia,23,23,2,903698,IT,Italy,Q2,2023
47,spotify:track:0SsUOrXUM2gZxVLYizZfQZ,"Lazza, Takagi & Ketra",PANICO (feat. Takagi & Ketra),Universal Music Italia srL.,6,37,53,886842,IT,Italy,Q2,2023
48,spotify:track:5Hjy8lyZ4h99OjrW8jzPQ8,"thasup, Lazza, Sfera Ebbasta",s!r! (feat. Lazza & Sfera Ebbasta),Thasup s.r.l.,1,38,39,795924,IT,Italy,Q2,2023
49,spotify:track:0T8x9t5OQmYQAuyUPJCCAD,Pinguini Tattici Nucleari,Ricordi,Columbia,1,41,29,793668,IT,Italy,Q2,2023
50,spotify:track:6ZeuLKwFxg10M4DhJPBjNm,LIBERATO,ME STAJE APPENNENN' AMÒ,LIBERATO,18,43,29,790716,IT,Italy,Q2,2023
1,spotify:track:1K9qAxGT4cWUicf2OezSen,"AVA, ANNA, Capo Plaza",VETRI NERI,Warner Music,1,1,8,4838182,IT,Italy,Q3,2023
2,spotify:track:3VtGh8xE9qRsFyY2Uj1WG3,"Tedua, Sfera Ebbasta",Hoe (feat. Sfera Ebbasta),Epic,1,2,6,4133027,IT,Italy,Q3,2023
3,spotify:track:3QAU2pj4LUKf7yaTgANlQV,The Kolors,ITALODISCO,Warner Music,3,5,7,3562257,IT,Italy,Q3,2023
4,spotify:track:6tP2AFUZkz4PuUfssawUBn,"Drillionaire, Lazza, BLANCO, Sfera Ebbasta, Michelangelo","BON TON (feat. Lazza, Blanco, Sfera Ebbasta & Michelangelo)",Universal Music Italia srL.,2,3,3,3437177,IT,Italy,Q3,2023
5,spotify:track:6VOoSi7mgFrKCeymxG6wKB,"Fedez, Annalisa, Articolo 31",DISCO PARADISE,Warner Music,5,6,8,3135263,IT,Italy,Q3,2023
6,spotify:track:3mMjLv3IyxlEKmXg3JxCI5,Pinguini Tattici Nucleari,Rubami la Notte,Columbia,5,10,8,3067940,IT,Italy,Q3,2023
7,spotify:track:1UcJs6RsX9upkeaFCNPBNs,Annalisa,Mon Amour,Warner Music,5,9,15,2774980,IT,Italy,Q3,2023
8,spotify:track:2qrCResILkL1JFeRBrv3qA,Alfa,bellissimissima <3,Artist First,8,23,9,2773650,IT,Italy,Q3,2023
9,spotify:track:2hHC2jw8qiE4IAPDGjU4Fu,"Finesse, Shiva, Sfera Ebbasta, Guè, Drillionaire","Gelosa (feat. Shiva, Sfera Ebbasta, Guè)",Epic,1,8,20,2744239,IT,Italy,Q3,2023
10,spotify:track:0JONs2ETXIHvYVxNris8Bf,"Tony Effe, Emma, Takagi & Ketra",TAXI SULLA LUNA,Universal Music Italia srL.,10,18,5,2571283,IT,Italy,Q3,2023
11,spotify:track:3xee23Fj4m6DVu9UrWX5Up,Angelina Mango,Ci pensiamo domani,BMG Rights Management Italy S.R.L.,11,12,9,2350288,IT,Italy,Q3,2023
12,spotify:track:0mHC3BK9vFGoEU0EcGPWRZ,Lazza,CENERE,Universal Music Italia srL.,1,15,23,2288755,IT,Italy,Q3,2023
13,spotify:track:5x9LonDyHxGUO2VzfHJHLE,Geolier,COME VUOI,Columbia,5,13,27,2179261,IT,Italy,Q3,2023
14,spotify:track:6gs7AIeuNkpktUbwZcES2Y,"Shiva, Sfera Ebbasta",Un milione di volte (feat. Sfera Ebbasta),Milano Ovest,3,7,5,2136493,IT,Italy,Q3,2023
15,spotify:track:5vHWd8yLGCxb8s9RaThO9w,Rocco Hunt,Non litighiamo più,Epic,15,20,15,2129790,IT,Italy,Q3,2023
16,spotify:track:6ds6kgkB0qRSpSnxcBomCO,"BLANCO, Mina",Un Briciolo Di Allegria (con MINA),Universal Music Italia srL.,2,22,13,2021907,IT,Italy,Q3,2023
17,spotify:track:7Da5kjy5GByLHE5OPQ4tpg,"Geolier, Marracash",IL MALE CHE MI FAI (feat. Marracash),Columbia,1,21,14,2018546,IT,Italy,Q3,2023
18,spotify:track:4e1U6KRJGed8gh3uRbAv3P,"AriBeatz, Ozuna, GIMS, Sfera Ebbasta","MIRAGE (feat. Ozuna, GIMS & Sfera Ebbasta)",Epic Local,7,25,13,1887124,IT,Italy,Q3,2023
19,spotify:track:3RyVu4sbEBBRi9fKif6fHc,"Irama, Rkomi, Shablo",HOLLYWOOD,Atlantic/Island/WM Italy,19,32,5,1850008,IT,Italy,Q3,2023
20,spotify:track:7ro0hRteUMfnOioTFI5TG1,Bad Bunny,WHERE SHE GOES,Rimas Entertainment LLC,20,28,8,1819111,IT,Italy,Q3,2023
21,spotify:track:3UYr4TdhtCthMH9ujhx0BA,"Rhove, Madfingerz",Pelé,Universal Music Italia srL.,4,26,17,1816026,IT,Italy,Q3,2023
22,spotify:track:0gEw8izgROscS30OVqPb1e,"Marco Mengoni, Elodie",Pazza Musica,Epic,22,30,7,1802420,IT,Italy,Q3,2023
23,spotify:track:4Js31maTathTS2flQOQr2c,"Achille Lauro, Rose Villain",Fragole,Elektra/WM Italy,23,37,9,1717873,IT,Italy,Q3,2023
24,spotify:track:5MmCEVccxedh3clyDoxubA,"Drillionaire, Sfera Ebbasta, Shiva",90 SPECIAL (feat. Sfera Ebbasta & Shiva),Universal Music Italia srL.,4,4,2,1709518,IT,Italy,Q3,2023
25,spotify:track:2tTmW7RDtMQtBk7m2rYeSw,"Bizarrap, Quevedo","Quevedo: Bzrp Music Sessions, Vol. 52/66",DALE PLAY Records,1,31,51,1616506,IT,Italy,Q3,2023
26,spotify:track:3g6ejyAz7jwE6MitrKCMVY,"Ernia, Bresh, Fabri Fibra",PARAFULMINI (con Bresh & Fabri Fibra),Universal Music Italia srL.,14,35,7,1603321,IT,Italy,Q3,2023
27,spotify:track:5w4kBgLzFTJoxXbChBcBnq,"Artie 5ive, ANNA",ANELLI E COLLANE (feat. ANNA),Trenches Records Ent.,27,47,10,1556362,IT,Italy,Q3,2023
28,spotify:track:4CQNELF3U3gyNcI6sLr6yK,"Bresh, SHUNE",Guasto D'Amore,Epic,2,36,24,1497742,IT,Italy,Q3,2023
29,spotify:track:1kZLATTXQa5BtEKH8GbW2U,Tedua,Red Light,Epic,8,38,6,1476263,IT,Italy,Q3,2023
30,spotify:track:23RoR84KodL5HWvUTneQ1w,Peggy Gou,(It Goes Like) Nanana - Edit,XL Recordings,30,39,4,1441869,IT,Italy,Q3,2023
31,spotify:track:3myPe2jZvDbPoNXY7v2TU0,Tedua,Malamente,Epic,3,29,6,1441655,IT,Italy,Q3,2023
32,spotify:track:5omIW7YOPhA6CULhkdz6jE,"Tedua, Baby Gang, Kid Yugi",Paradiso Artificiale (feat. Baby Gang & Kid Yugi),Epic,2,33,6,1374400,IT,Italy,Q3,2023
33,spotify:track:2E32Pv8w20r6ZH4oFecxOf,"Geolier, Sfera Ebbasta",X CASO (feat. Sfera Ebbasta),Columbia,1,40,27,1305085,IT,Italy,Q3,2023
34,spotify:track:27y9iz3gBeWyWxI6VKEuGW,"Coez, Frah Quintale",Alta marea,Carosello/WM Italy,25,42,4,1293422,IT,Italy,Q3,2023
35,spotify:track:3X6QTmtaKukOu5lISJYi4g,"Matteo Paolillo, Lolloflow, CLARA",ORIGAMI ALL'ALBA - CLARA,Flamingo Management,4,44,20,1250098,IT,Italy,Q3,2023
36,spotify:track:3ZG2jPvRmQDz1LAmpUzVZj,"Mr.Rain, sangiovanni",LA FINE DEL MONDO,Warner Music,36,55,9,1219780,IT,Italy,Q3,2023
37,spotify:track:3wld38PU9xGmtSbO5elWSt,"Drillionaire, ANNA, Lazza, Tony Effe, Benny Benassi","FASHION (feat. ANNA, Lazza, Tony Effe & Benny Benassi)",Universal Music Italia srL.,17,17,2,1218980,IT,Italy,Q3,2023
38,spotify:track:3BKD1PwArikchz2Zrlp1qi,"David Guetta, Anne-Marie, Coi Leray",Baby Don't Hurt Me,Parlophone UK,35,43,14,1214587,IT,Italy,Q3,2023
39,spotify:track:1la73rdzbQGNRFJyO9E71c,"Medy, Capo Plaza",Arai (feat. Capo Plaza),Columbia,8,46,26,1202649,IT,Italy,Q3,2023
40,spotify:track:7evS7SkjKaYRSeZQcQ8F0b,"Drillionaire, Salmo, Capo Plaza",CHIAMA (feat. Capo Plaza & Salmo),Universal Music Italia srL.,16,16,2,1160612,IT,Italy,Q3,2023
41,spotify:track:4midGjEpVz0mYkIdQMFX3l,"Geolier, Lazza, Takagi & Ketra",CHIAGNE (feat. Lazza & Takagi & Ketra),Columbia,1,45,37,1141014,IT,Italy,Q3,2023
42,spotify:track:01Lhwz9MYE6hu58oLQjOxh,"Merk & Kremont, Tananai, Marracash",Un Altro Mondo (con Tananai & Marracash),Universal Music Italia srL.,42,54,3,1099945,IT,Italy,Q3,2023
43,spotify:track:6VTxXLLqkJw1GoKlKrwsvQ,"Drillionaire, Guè, Marracash",YALLA (feat. Guè & Marracash),Universal Music Italia srL.,11,11,2,1097959,IT,Italy,Q3,2023
44,spotify:track:609E1JCInJncactoMmkDon,"ROSALÍA, Rauw Alejandro",BESO,Columbia Records/Duars Entertainment/Sony Music Latin,25,50,16,1097649,IT,Italy,Q3,2023
45,spotify:track:2pGbOFiWVwZaTq3iKi5sGb,"Emis Killa, Sfera Ebbasta",ON FIRE - paid in full,Epic,1,48,8,1029469,IT,Italy,Q3,2023
46,spotify:track:2rkatLP5xDNG4qeYBBWMW6,"Boomdabash, Paola & Chiara",Lambada (feat. Paola & Chiara),Universal Music Italia srL.,46,64,4,980849,IT,Italy,Q3,2023
47,spotify:track:6iOZlieTgmYWDCQmq4Auu6,"Irama, Rkomi, Guè",SEXY (feat. Guè),Atlantic/Island/WM Italy,47,-1,1,975950,IT,Italy,Q3,2023
48,spotify:track:4eI0ncpnZuv4A3ssTJRSDY,Marco Mengoni,Due Vite,Epic,3,56,23,963804,IT,Italy,Q3,2023
49,spotify:track:3niuUWFJ3uouqpbnvYU0PB,"Drillionaire, Noemi, Lazza, Tedua","PAROLE (Sono solo parole) (feat. Noemi, Lazza & Tedua)",Universal Music Italia srL.,14,14,2,959104,IT,Italy,Q3,2023
50,spotify:track:74cyFjvgjyiFiQ3QxszFWq,Tananai,TANGO,Universal Music Italia srL.,3,53,23,957861,IT,Italy,Q3,2023
1,spotify:track:7IpsNYgP87QkLCSnctxSif,"Boro, Artie 5ive, Andry The Hitmaker",Cadillac (feat. Artie 5ive),Universal Music Italia srL.,1,7,3,3530961,IT,Italy,Q4,2023
2,spotify:track:1w91YxaRwTShkKe4apYf3r,"Marracash, Guè",Insta Lova,Universal Music Italia srL.,1,1,27,2809011,IT,Italy,Q4,2023
3,spotify:track:4nyRpOBvLUhwMVNAQ7rZwf,VillaBanks,Papaya,Universal Music Italia srL.,2,2,6,2540106,IT,Italy,Q4,2023
4,spotify:track:6tP2AFUZkz4PuUfssawUBn,"Drillionaire, Lazza, BLANCO, Sfera Ebbasta, Michelangelo","BON TON (feat. Lazza, Blanco, Sfera Ebbasta & Michelangelo)",Universal Music Italia srL.,2,6,16,2236962,IT,Italy,Q4,2023
5,spotify:track:1K9qAxGT4cWUicf2OezSen,"AVA, ANNA, Capo Plaza",VETRI NERI,Warner Music,1,5,21,2139876,IT,Italy,Q4,2023
6,spotify:track:79gZiOMkdqpBquK2tClkbn,"BIA, Sfera Ebbasta, Fivio Foreign",MILANO,Epic,6,12,2,1938451,IT,Italy,Q4,2023
7,spotify:track:1CVw4Qr8LTapyiovASUpff,Shiva,Syrup,Milano Ovest,1,3,5,1926243,IT,Italy,Q4,2023
8,spotify:track:6SiJ1o6148rcmF2BydC1LW,"Bresh, Pinguini Tattici Nucleari",Nightmares,Epic,4,4,2,1781599,IT,Italy,Q4,2023
9,spotify:track:3VtGh8xE9qRsFyY2Uj1WG3,"Tedua, Sfera Ebbasta",Hoe (feat. Sfera Ebbasta),Epic,1,8,19,1774499,IT,Italy,Q4,2023
10,spotify:track:5x9LonDyHxGUO2VzfHJHLE,Geolier,COME VUOI,Columbia,5,9,40,1700208,IT,Italy,Q4,2023
11,spotify:track:2qrCResILkL1JFeRBrv3qA,Alfa,bellissimissima <3,Artist First,4,10,22,1639928,IT,Italy,Q4,2023
12,spotify:track:0JONs2ETXIHvYVxNris8Bf,"Tony Effe, Emma, Takagi & Ketra",TAXI SULLA LUNA,Universal Music Italia srL.,5,11,18,1556728,IT,Italy,Q4,2023
13,spotify:track:20qlAd6sHAYjc7TrrM5VeY,Angelina Mango,che t'o dico a fa',Latarma S.r.l.,13,-1,1,1553348,IT,Italy,Q4,2023
14,spotify:track:7ABLbnD53cQK00mhcaOUVG,Myke Towers,LALA,WEA Latina,14,18,13,1526340,IT,Italy,Q4,2023
15,spotify:track:0YI32qkEhhUjoGVMGXDm8b,"Artie 5ive, ANNA",ANELLI E COLLANE (feat. ANNA),Trenches Records Ent.,10,17,23,1495178,IT,Italy,Q4,2023
16,spotify:track:3QAU2pj4LUKf7yaTgANlQV,The Kolors,ITALODISCO,Warner Music,2,13,20,1484065,IT,Italy,Q4,2023
17,spotify:track:3mMjLv3IyxlEKmXg3JxCI5,Pinguini Tattici Nucleari,Rubami la Notte,Columbia,5,14,21,1473135,IT,Italy,Q4,2023
18,spotify:track:2HafqoJbgXdtjwCOvNEF14,iñigo quintero,Si No Estás,Acqustic,18,67,2,1463679,IT,Italy,Q4,2023
19,spotify:track:2hHC2jw8qiE4IAPDGjU4Fu,"Finesse, Shiva, Sfera Ebbasta, Guè, Drillionaire","Gelosa (feat. Shiva, Sfera Ebbasta, Guè)",Epic,1,16,33,1443204,IT,Italy,Q4,2023
20,spotify:track:7Da5kjy5GByLHE5OPQ4tpg,"Geolier, Marracash",IL MALE CHE MI FAI (feat. Marracash),Columbia,1,15,27,1401619,IT,Italy,Q4,2023
21,spotify:track:3xee23Fj4m6DVu9UrWX5Up,Angelina Mango,Ci pensiamo domani,BMG Rights Management Italy S.R.L.,11,21,22,1342507,IT,Italy,Q4,2023
22,spotify:track:4Y60H8heDsEpQ2hin2g6V5,Don Pero,Baby Mama,Pulp Entertainment,22,23,33,1304795,IT,Italy,Q4,2023
23,spotify:track:1ytp1BZurhOk14vErLhivu,"Coez, Frah Quintale",Alta marea,Carosello/WM Italy,11,20,17,1248188,IT,Italy,Q4,2023
24,spotify:track:3g6ejyAz7jwE6MitrKCMVY,"Ernia, Bresh, Fabri Fibra",PARAFULMINI (con Bresh & Fabri Fibra),Universal Music Italia srL.,14,19,20,1244724,IT,Italy,Q4,2023
25,spotify:track:7w3M35YQ9VD91c4Lpos8Zz,"Artie 5ive, Sacky",TOP G (feat. Sacky),Trenches Records Ent.,17,22,12,1236709,IT,Italy,Q4,2023
26,spotify:track:01Lhwz9MYE6hu58oLQjOxh,"Merk & Kremont, Tananai, Marracash",Un Altro Mondo (con Tananai & Marracash),Universal Music Italia srL.,18,24,16,1194042,IT,Italy,Q4,2023
27,spotify:track:6gs7AIeuNkpktUbwZcES2Y,"Shiva, Sfera Ebbasta",Un milione di volte (feat. Sfera Ebbasta),Milano Ovest,3,25,18,1124679,IT,Italy,Q4,2023
28,spotify:track:7kvQDzIegURcWHLC0fZfrQ,Rhove,Ancora,Universal Music Italia srL.,21,28,16,1105710,IT,Italy,Q4,2023
29,spotify:track:0uXDSAM6q44glALKnQQyqW,"Rose Villain, Geolier",Fantasmi (feat. Geolier),Columbia,24,37,38,1092870,IT,Italy,Q4,2023
30,spotify:track:6ds6kgkB0qRSpSnxcBomCO,"BLANCO, Mina",Un Briciolo Di Allegria (con MINA),Universal Music Italia srL.,2,29,26,1057447,IT,Italy,Q4,2023
31,spotify:track:1kZLATTXQa5BtEKH8GbW2U,Tedua,Red Light,Epic,8,30,19,1014672,IT,Italy,Q4,2023
32,spotify:track:34YxYcGtsAzI1K0SNAWMn1,"Yung Snapp, Geolier",Kiss You (F**k You) [feat. Geolier],Warner Music,32,52,6,1010752,IT,Italy,Q4,2023
33,spotify:track:5omIW7YOPhA6CULhkdz6jE,"Tedua, Baby Gang, Kid Yugi",Paradiso Artificiale (feat. Baby Gang & Kid Yugi),Epic,2,32,19,1008164,IT,Italy,Q4,2023
34,spotify:track:2E32Pv8w20r6ZH4oFecxOf,"Geolier, Sfera Ebbasta",X CASO (feat. Sfera Ebbasta),Columbia,1,35,40,1006921,IT,Italy,Q4,2023
35,spotify:track:23RoR84KodL5HWvUTneQ1w,Peggy Gou,(It Goes Like) Nanana - Edit,XL Recordings,8,31,17,1002844,IT,Italy,Q4,2023
36,spotify:track:4qx89c79cx9Q1DvClaLTOZ,Annalisa,Mon Amour,Warner Music,5,33,28,992923,IT,Italy,Q4,2023
37,spotify:track:30D9x5LFgL2o9xidjX2wtE,"Soolking, Gazo",Casanova,Universal Music MENA Distributed Labels,37,42,6,983836,IT,Italy,Q4,2023
38,spotify:track:0mHC3BK9vFGoEU0EcGPWRZ,Lazza,CENERE,Universal Music Italia srL.,1,27,36,953877,IT,Italy,Q4,2023
39,spotify:track:5vHWd8yLGCxb8s9RaThO9w,Rocco Hunt,Non litighiamo più,Epic,12,39,28,938985,IT,Italy,Q4,2023
40,spotify:track:2tTmW7RDtMQtBk7m2rYeSw,"Bizarrap, Quevedo","Quevedo: Bzrp Music Sessions, Vol. 52/66",DALE PLAY Records,1,44,64,921885,IT,Italy,Q4,2023
41,spotify:track:5J40VCMOSuXZZAGJZeFzQJ,"Simba La Rue, Paky",LEVANTE (feat. Paky),Warner Music,8,41,5,920839,IT,Italy,Q4,2023
42,spotify:track:4CQNELF3U3gyNcI6sLr6yK,"Bresh, SHUNE",Guasto D'Amore,Epic,2,40,37,898094,IT,Italy,Q4,2023
43,spotify:track:7ro0hRteUMfnOioTFI5TG1,Bad Bunny,WHERE SHE GOES,Rimas Entertainment LLC,20,46,21,896831,IT,Italy,Q4,2023
44,spotify:track:50qPOMP2Kw8qOD1dsExaKQ,"Slings, Bello Figo",ABC (feat. Bello Figo),Epic Local,44,-1,1,896590,IT,Italy,Q4,2023
45,spotify:track:4Js31maTathTS2flQOQr2c,"Achille Lauro, Rose Villain",Fragole,Elektra/WM Italy,10,36,22,880220,IT,Italy,Q4,2023
46,spotify:track:56y1jOTK0XSvJzVv9vHQBK,Doja Cat,Paint The Town Red,Kemosabe Records/RCA Records,21,43,8,850172,IT,Italy,Q4,2023
47,spotify:track:7wj8OXiqdAfNsnWm2zRV9e,"Baby Gang, Bobo",Que Lo Ke,Atlantic/WM Italy,40,50,13,840577,IT,Italy,Q4,2023
48,spotify:track:0mBodlmNGZMVHCjv58MbBC,"Vale Pain, Bobo, Artie 5ive",Rocket (feat. Artie 5ive),Warner Music,34,34,5,832386,IT,Italy,Q4,2023
49,spotify:track:6VOoSi7mgFrKCeymxG6wKB,"Fedez, Annalisa, Articolo 31",DISCO PARADISE,Warner Music,5,38,21,831815,IT,Italy,Q4,2023
50,spotify:track:4midGjEpVz0mYkIdQMFX3l,"Geolier, Lazza, Takagi & Ketra",CHIAGNE (feat. Lazza & Takagi & Ketra),Columbia,1,45,50,814546,IT,Italy,Q4,2023
1,spotify:track:49F3htNmwzPKFycPdOrDvf,OFFICIAL HIGE DANDISM,Subtitle,IRORI Records,1,1,14,2830566,JP,Japan,Q1,2023
2,spotify:track:3khEEPRyBeOUabbmOPJzAG,Kenshi Yonezu,KICK BACK,Sony Music Labels Inc.,1,2,14,2175207,JP,Japan,Q1,2023
3,spotify:track:10zz9RZt9DnqcxNWksRNrx,Vaundy,Kaiju no Hanauta,SDR Inc.,3,6,111,1981606,JP,Japan,Q1,2023
4,spotify:track:2Dzzhb1oV5ckgOjWZLraIB,natori,Overdose,なとり,2,4,18,1726326,JP,Japan,Q1,2023
5,spotify:track:4IfrM44LofE9bSs6TDZS49,Tani Yuuki,W / X / Y,Valley Records,1,3,55,1604784,JP,Japan,Q1,2023
6,spotify:track:4NaaF28BeO9WzjDrSS71Nz,Mrs. GREEN APPLE,ダンスホール,Universal Music LLC,2,7,33,1486393,JP,Japan,Q1,2023
7,spotify:track:28MATCYDctW5EiBa2repxb,Ado,New Genesis,Universal Music LLC,1,5,31,1486010,JP,Japan,Q1,2023
8,spotify:track:3r8RuvgbX9s7ammBn07D3W,NewJeans,Ditto,ADOR,8,13,4,1466823,JP,Japan,Q1,2023
9,spotify:track:6zjk7Qbwb9DZ4ykUUoqknh,10-FEET,第ゼロ感,Universal Music LLC,8,9,6,1460186,JP,Japan,Q1,2023
10,spotify:track:1Vqs0lXeJafYZz2sxnfB3V,Saucy Dog,Cinderella Boy,A-Sketch,2,8,66,1432347,JP,Japan,Q1,2023
11,spotify:track:2uMNMcjjUz8oNIxjIu20qE,SEKAI NO OWARI,Habit,Universal Music LLC,2,10,37,1268493,JP,Japan,Q1,2023
12,spotify:track:5YQNjKZofFhlBCIzTVY6rW,Ado,I’m invincible,Universal Music LLC,2,11,29,1192112,JP,Japan,Q1,2023
13,spotify:track:5W7Y92LB4jWvu9NeEQ0GZl,Macaroni Empitsu,なんでもないよ、,Toy's Factory,1,14,62,1156980,JP,Japan,Q1,2023
14,spotify:track:4gbHag1jhjLTDcrbfpFnYQ,back number,アイラブユー,Universal Music LLC,14,21,12,1152131,JP,Japan,Q1,2023
15,spotify:track:60ReNXcPcsVFd7nUuQw5HZ,OFFICIAL HIGE DANDISM,MIXED NUTS,IRORI Records,1,12,39,1140687,JP,Japan,Q1,2023
16,spotify:track:2ZaTpgdhU8MKpiujnBGPoa,"ZUTOMAYO, Mori Calliope",綺羅キラー,Universal Music LLC,11,16,4,1130117,JP,Japan,Q1,2023
17,spotify:track:4JK1kDUdH9RTBQrrSO1QfR,Yuuri,ベテルギウス,Sony Music Labels Inc.,1,15,62,1127704,JP,Japan,Q1,2023
18,spotify:track:6O4twzzHHIM6mmTqPpJNYE,Mrs. GREEN APPLE,Soranji,Universal Music LLC,18,22,12,1112544,JP,Japan,Q1,2023
19,spotify:track:6ts1KCOudfDYXYfyWtq0k1,"milet, Aimer, Lilas",おもかげ (produced by Vaundy),THE FIRST TAKE MUSIC,19,50,56,1086938,JP,Japan,Q1,2023
20,spotify:track:1VHL1PIkhDwWbFc65xHwOr,Novelbright,愛とか恋とか,Universal Music LLC,7,18,39,1079995,JP,Japan,Q1,2023
21,spotify:track:621pzEeNauLzgQrmVvCMEA,8LOOM,Melody,Virgin Music Label And Artist Services (S&D),21,27,9,1079400,JP,Japan,Q1,2023
22,spotify:track:5m1i6hq7dmRlp3c1utE48L,back number,水平線,Universal Music LLC,1,17,74,1066656,JP,Japan,Q1,2023
23,spotify:track:65FftemJ1DbbZ45DUfHJXE,NewJeans,OMG,ADOR,23,87,2,1052718,JP,Japan,Q1,2023
24,spotify:track:4fsQ0K37TOXa3hEQfjEic1,LE SSERAFIM,ANTIFRAGILE,SOURCE MUSIC,19,23,13,1030805,JP,Japan,Q1,2023
25,spotify:track:4Fh1CzvLHIUn26tjbZZ1mR,RADWIMPS,KANATA HALUKA,voque ting,8,20,11,1030016,JP,Japan,Q1,2023
26,spotify:track:7ajpbW6tBpqUI9foCtwlLw,YOASOBI,祝福,YOASOBI,8,24,15,1014673,JP,Japan,Q1,2023
27,spotify:track:0o9zmvc5f3EFApU52PPIyW,Fujii Kaze,Shinunoga E-Wa,Universal Music LLC,7,28,21,1011246,JP,Japan,Q1,2023
28,spotify:track:1uveEvgKX4irLcp1BUTIFD,yama,色彩,Sony Music Labels Inc.,14,25,15,997767,JP,Japan,Q1,2023
29,spotify:track:5MqZFxSAGTKqnUbBVLlkM5,yangskinny,"Hontowane,",Speedstar,8,32,13,997595,JP,Japan,Q1,2023
30,spotify:track:1RChlirFdgtS1ZPH45dJX0,Tani Yuuki,Mouichido,Valley Records,11,19,16,991426,JP,Japan,Q1,2023
31,spotify:track:4kPlQKwtPrnqLgrmmKFSlA,Yuuri,ドライフラワー,Sony Music Labels Inc.,1,26,115,933416,JP,Japan,Q1,2023
32,spotify:track:2MmgGuQzr0kkiA04lMdPXW,"MAISONdes, 花譜, ツミキ",トウキョウ・シャンディ・ランデヴ,Sony Music Labels Inc.,32,37,9,928547,JP,Japan,Q1,2023
33,spotify:track:0J0P8iSE6l3pYHbUdNFYdS,King Gnu,カメレオン,Sony Music Labels Inc.,1,33,46,924630,JP,Japan,Q1,2023
34,spotify:track:2j7GjqDtsKbEhVq0Gw6a5Z,wacci,恋だろ,Sony Music Labels Inc.,15,34,29,919121,JP,Japan,Q1,2023
35,spotify:track:7qOsSOpiL3R8RKyiBtIYNQ,BUMP OF CHICKEN,SOUVENIR,Toy's Factory,10,36,15,909562,JP,Japan,Q1,2023
36,spotify:track:6IO5nn84TKArsi3cjpIqaD,Ryokuoushoku Shakai,Mela!,Sony Music Labels Inc.,22,29,142,904045,JP,Japan,Q1,2023
37,spotify:track:278JqkBGkjDovOYAwE8TW7,OFFICIAL HIGE DANDISM,115 million kilometer film,LASTRUM,6,30,193,894877,JP,Japan,Q1,2023
38,spotify:track:51oc6MEsXTpnPn6GOw5VuP,Fujii Kaze,きらり,Universal Music LLC,4,31,89,883211,JP,Japan,Q1,2023
39,spotify:track:7v8wKvNQQIxkugCFFjrkaO,Aimer,残響散歌,Sony Music Labels Inc.,1,43,58,863471,JP,Japan,Q1,2023
40,spotify:track:3lUOzabhWYyRImRszpJGOU,Vaundy,CHAINSAW BLOOD,Sony Music Labels Inc.,8,38,14,848397,JP,Japan,Q1,2023
41,spotify:track:78MS9OT9Flm2V78fhTw4rk,Ado,Backlight,Universal Music LLC,2,35,27,835784,JP,Japan,Q1,2023
42,spotify:track:1sIIlVrnPhrvmTrHtzM7tV,"Mrs. GREEN APPLE, Sonoko Inoue",点描の唄,Universal Music LLC,19,39,191,830202,JP,Japan,Q1,2023
43,spotify:track:7tnYsRepXLaNhqj4xtcWP2,Fujii Kaze,grace,Universal Music LLC,14,45,14,807754,JP,Japan,Q1,2023
44,spotify:track:39HrUxcvKF3jtLz7fUDWXc,Hikaru Utada,First Love,Universal Music LLC,16,44,67,799145,JP,Japan,Q1,2023
45,spotify:track:1zd35Y44Blc1CwwVbW3Qnk,YOASOBI,群青,YOASOBI,6,40,124,790038,JP,Japan,Q1,2023
46,spotify:track:2N4lCwOeFRX7qrbMPRcZ7d,back number,ベルベットの詩,Universal Music LLC,23,48,20,782242,JP,Japan,Q1,2023
47,spotify:track:3IhHrBYZaxySuRu1zI7Vuk,Ado,Fleeting Lullaby,Universal Music LLC,4,41,23,764978,JP,Japan,Q1,2023
48,spotify:track:3HCGX2gmPLu6ttkbYvPGTR,"RADWIMPS, Toaka",Suzume,voque ting,10,42,15,761452,JP,Japan,Q1,2023
49,spotify:track:19mjCzLuMHZ0Tyn3eI85bo,Yuuri,シャッター,Sony Music Labels Inc.,10,46,79,747662,JP,Japan,Q1,2023
50,spotify:track:5QDLhrAOJJdNAmCTJ8xMyW,BTS,Dynamite,BIGHIT MUSIC,1,47,125,745582,JP,Japan,Q1,2023
1,spotify:track:10zz9RZt9DnqcxNWksRNrx,Vaundy,Kaiju no Hanauta,SDR Inc.,1,2,124,1979259,JP,Japan,Q2,2023
2,spotify:track:49F3htNmwzPKFycPdOrDvf,OFFICIAL HIGE DANDISM,Subtitle,IRORI Records,1,1,27,1924693,JP,Japan,Q2,2023
3,spotify:track:7w6NWogvAAFdEhD9MA2uvv,Kenshi Yonezu,LADY,Sony Music Labels Inc.,3,3,4,1579956,JP,Japan,Q2,2023
4,spotify:track:78NUnAsLzE6azxvuPDy9M7,"MUKADE, INMAN",KIMINOMAMA,BTB,4,4,8,1482612,JP,Japan,Q2,2023
5,spotify:track:7M0dIdZWN1FDcveRdoOzbZ,Yuuri,ビリミリオン,Sony Music Labels Inc.,5,13,12,1414297,JP,Japan,Q2,2023
6,spotify:track:4IfrM44LofE9bSs6TDZS49,Tani Yuuki,W / X / Y,Valley Records,1,5,68,1301726,JP,Japan,Q2,2023
7,spotify:track:65FftemJ1DbbZ45DUfHJXE,NewJeans,OMG,ADOR,4,6,15,1264084,JP,Japan,Q2,2023
8,spotify:track:4NaaF28BeO9WzjDrSS71Nz,Mrs. GREEN APPLE,ダンスホール,Universal Music LLC,2,7,46,1241450,JP,Japan,Q2,2023
9,spotify:track:3khEEPRyBeOUabbmOPJzAG,Kenshi Yonezu,KICK BACK,Sony Music Labels Inc.,1,12,27,1232536,JP,Japan,Q2,2023
10,spotify:track:2Dzzhb1oV5ckgOjWZLraIB,natori,Overdose,なとり,2,9,31,1230754,JP,Japan,Q2,2023
11,spotify:track:6MXlv5l2I2BRa9pO38dE1a,natori,フライデー・ナイト,Sony Music Labels Inc.,11,40,2,1229017,JP,Japan,Q2,2023
12,spotify:track:4QlSFkbRxZWkHDF1MqBaEY,Vaundy,そんなbitterな話,SDR Inc.,8,8,5,1218713,JP,Japan,Q2,2023
13,spotify:track:6zjk7Qbwb9DZ4ykUUoqknh,10-FEET,第ゼロ感,Universal Music LLC,5,10,19,1204357,JP,Japan,Q2,2023
14,spotify:track:1Vqs0lXeJafYZz2sxnfB3V,Saucy Dog,Cinderella Boy,A-Sketch,2,11,79,1177677,JP,Japan,Q2,2023
15,spotify:track:0NUJhYxwcAAB4UQULseQyX,Macaroni Empitsu,リンジュー・ラヴ,Toy's Factory,11,16,13,1175400,JP,Japan,Q2,2023
16,spotify:track:3r8RuvgbX9s7ammBn07D3W,NewJeans,Ditto,ADOR,4,14,17,1151783,JP,Japan,Q2,2023
17,spotify:track:4JK1kDUdH9RTBQrrSO1QfR,Yuuri,ベテルギウス,Sony Music Labels Inc.,1,15,75,1146785,JP,Japan,Q2,2023
18,spotify:track:0o3zVVGJkb1QIOMF9xySiu,indigo la End,名前は片想い,WM Japan,17,17,10,1081700,JP,Japan,Q2,2023
19,spotify:track:3RvdkNMcSy71m0aT6UF9Uf,back number,水平線,Universal Music LLC,1,18,87,1054642,JP,Japan,Q2,2023
20,spotify:track:34ayWAUrQcrjlKZOJAzqke,back number,アイラブユー,Universal Music LLC,12,19,25,1047538,JP,Japan,Q2,2023
21,spotify:track:6O4twzzHHIM6mmTqPpJNYE,Mrs. GREEN APPLE,Soranji,Universal Music LLC,12,21,25,1015221,JP,Japan,Q2,2023
22,spotify:track:5W7Y92LB4jWvu9NeEQ0GZl,Macaroni Empitsu,なんでもないよ、,Toy's Factory,1,22,75,1013251,JP,Japan,Q2,2023
23,spotify:track:28MATCYDctW5EiBa2repxb,Ado,New Genesis,Universal Music LLC,1,20,44,980729,JP,Japan,Q2,2023
24,spotify:track:4kPlQKwtPrnqLgrmmKFSlA,Yuuri,ドライフラワー,Sony Music Labels Inc.,1,23,128,956377,JP,Japan,Q2,2023
25,spotify:track:3kjByZ9bCHIxJR3nYofZEm,YU-KA,星月夜,Universal Music LLC,12,25,9,941811,JP,Japan,Q2,2023
26,spotify:track:1TXhBe3DnaOFc7onTbEoiB,YOASOBI,セブンティーン,YOASOBI,26,51,2,929555,JP,Japan,Q2,2023
27,spotify:track:7ajpbW6tBpqUI9foCtwlLw,YOASOBI,祝福,YOASOBI,8,30,28,898882,JP,Japan,Q2,2023
28,spotify:track:1VHL1PIkhDwWbFc65xHwOr,Novelbright,愛とか恋とか,Universal Music LLC,7,26,52,878525,JP,Japan,Q2,2023
29,spotify:track:2wgYCc1xORV5CI8psWTroo,OFFICIAL HIGE DANDISM,White Noise,IRORI Records,8,28,14,863537,JP,Japan,Q2,2023
30,spotify:track:5YQNjKZofFhlBCIzTVY6rW,Ado,I’m invincible,Universal Music LLC,2,27,42,859537,JP,Japan,Q2,2023
31,spotify:track:0DygiZzrBa3T4DaOEQSMrf,Yorushika,アルジャーノン,Universal Music LLC,18,24,10,847917,JP,Japan,Q2,2023
32,spotify:track:60ReNXcPcsVFd7nUuQw5HZ,OFFICIAL HIGE DANDISM,MIXED NUTS,IRORI Records,1,29,52,844797,JP,Japan,Q2,2023
33,spotify:track:1sIIlVrnPhrvmTrHtzM7tV,"Mrs. GREEN APPLE, Sonoko Inoue",点描の唄,Universal Music LLC,19,33,204,828244,JP,Japan,Q2,2023
34,spotify:track:278JqkBGkjDovOYAwE8TW7,OFFICIAL HIGE DANDISM,115 million kilometer film,LASTRUM,6,39,206,817150,JP,Japan,Q2,2023
35,spotify:track:51oc6MEsXTpnPn6GOw5VuP,Fujii Kaze,きらり,Universal Music LLC,4,34,102,802019,JP,Japan,Q2,2023
36,spotify:track:1zd35Y44Blc1CwwVbW3Qnk,YOASOBI,群青,YOASOBI,6,42,137,786145,JP,Japan,Q2,2023
37,spotify:track:4fsQ0K37TOXa3hEQfjEic1,LE SSERAFIM,ANTIFRAGILE,SOURCE MUSIC,19,35,26,785342,JP,Japan,Q2,2023
38,spotify:track:6ts1KCOudfDYXYfyWtq0k1,"milet, Aimer, Lilas",おもかげ (produced by Vaundy),THE FIRST TAKE MUSIC,8,36,69,785156,JP,Japan,Q2,2023
39,spotify:track:2MmgGuQzr0kkiA04lMdPXW,"MAISONdes, 花譜, ツミキ",トウキョウ・シャンディ・ランデヴ,Sony Music Labels Inc.,25,32,22,784882,JP,Japan,Q2,2023
40,spotify:track:0J0P8iSE6l3pYHbUdNFYdS,King Gnu,カメレオン,Sony Music Labels Inc.,1,45,59,780547,JP,Japan,Q2,2023
41,spotify:track:37xJCjdzJ17S1jCDz3GwsB,BE:FIRST,Boom Boom Back,B-ME,24,38,9,764022,JP,Japan,Q2,2023
42,spotify:track:1RChlirFdgtS1ZPH45dJX0,Tani Yuuki,Mouichido,Valley Records,11,44,29,761610,JP,Japan,Q2,2023
43,spotify:track:2uMNMcjjUz8oNIxjIu20qE,SEKAI NO OWARI,Habit,Universal Music LLC,2,43,50,760044,JP,Japan,Q2,2023
44,spotify:track:7v8wKvNQQIxkugCFFjrkaO,Aimer,残響散歌,Sony Music Labels Inc.,1,47,71,745067,JP,Japan,Q2,2023
45,spotify:track:16yajBS7lk0QAa5CZnTHo9,yangskinny,"Hontowane,",Speedstar,3,31,26,740670,JP,Japan,Q2,2023
46,spotify:track:2j7GjqDtsKbEhVq0Gw6a5Z,wacci,恋だろ,Sony Music Labels Inc.,15,37,42,722899,JP,Japan,Q2,2023
47,spotify:track:6IO5nn84TKArsi3cjpIqaD,Ryokuoushoku Shakai,Mela!,Sony Music Labels Inc.,22,46,155,716431,JP,Japan,Q2,2023
48,spotify:track:7foeH2Emgq8A3LWk3q6dat,IVE,Kitsch,Starship Entertainment,48,54,3,680968,JP,Japan,Q2,2023
49,spotify:track:3BjCtb7zq4Nn1riQhneMwo,"LANA, Candee, ZOT on the WAVE",TURN IT UP - feat. Candee & ZOT on the WAVE,LANA MUSIC,22,41,9,663192,JP,Japan,Q2,2023
50,spotify:track:4iBO3Jg6kSXZHw06db0ds3,Aimyon,ai no hana,WM Japan,50,-1,1,640618,JP,Japan,Q2,2023
1,spotify:track:7ovUcF5uHTBRzUpB6ZOmvt,YOASOBI,アイドル,YOASOBI,1,1,14,3398188,JP,Japan,Q3,2023
2,spotify:track:1H3qOzheTPhE7aVvJOWfvA,SPITZ,美しい鰭,Universal Music LLC,2,3,14,1839559,JP,Japan,Q3,2023
3,spotify:track:10zz9RZt9DnqcxNWksRNrx,Vaundy,Kaiju no Hanauta,SDR Inc.,1,2,137,1837274,JP,Japan,Q3,2023
4,spotify:track:12usPU2WnqgCHAW1EK2dfd,Tatsuya Kitani,青のすみか,Sony Music Labels Inc.,4,-1,1,1699813,JP,Japan,Q3,2023
5,spotify:track:49F3htNmwzPKFycPdOrDvf,OFFICIAL HIGE DANDISM,Subtitle,IRORI Records,1,6,40,1515619,JP,Japan,Q3,2023
6,spotify:track:170XOP1T4MvY9TLTgPw07D,Mrs. GREEN APPLE,Magic,Universal Music LLC,4,4,5,1503779,JP,Japan,Q3,2023
7,spotify:track:36jIu8oPR1Z4cguMuHxUXA,OFFICIAL HIGE DANDISM,TATTOO,IRORI Records,4,5,12,1496606,JP,Japan,Q3,2023
8,spotify:track:5BC6kr6etk2Y9J62AyI4i3,Mrs. GREEN APPLE,青と夏,Universal Music LLC,6,8,261,1482355,JP,Japan,Q3,2023
9,spotify:track:4NaaF28BeO9WzjDrSS71Nz,Mrs. GREEN APPLE,ダンスホール,Universal Music LLC,2,7,59,1463606,JP,Japan,Q3,2023
10,spotify:track:5U4PgFWzfzY7VEg9Ck4ziF,Fujii Kaze,Garden,Universal Music LLC,10,11,11,1290335,JP,Japan,Q3,2023
11,spotify:track:0teqQ0PYqVDyyXJuPOyMhu,Mrs. GREEN APPLE,ケセラセラ,Universal Music LLC,5,9,12,1256939,JP,Japan,Q3,2023
12,spotify:track:5sdQOyqq2IDhvmx2lHOpwd,NewJeans,Super Shy,ADOR,12,-1,1,1222086,JP,Japan,Q3,2023
13,spotify:track:2VBLFxCUyFp5BfmsZpxcis,"MAN WITH A MISSION, milet",絆ノ奇跡,Sony Music Labels Inc.,6,10,14,1181306,JP,Japan,Q3,2023
14,spotify:track:5m21ZR5lO6U0tp9KENxuCc,MY FIRST STORY,I'm a mess,INTACT RECORDS,14,18,16,1180154,JP,Japan,Q3,2023
15,spotify:track:2Dzzhb1oV5ckgOjWZLraIB,natori,Overdose,なとり,2,22,44,1164511,JP,Japan,Q3,2023
16,spotify:track:7ajpbW6tBpqUI9foCtwlLw,YOASOBI,祝福,YOASOBI,8,14,41,1150198,JP,Japan,Q3,2023
17,spotify:track:4QlSFkbRxZWkHDF1MqBaEY,Vaundy,そんなbitterな話,SDR Inc.,7,13,18,1133809,JP,Japan,Q3,2023
18,spotify:track:1sIIlVrnPhrvmTrHtzM7tV,"Mrs. GREEN APPLE, Sonoko Inoue",点描の唄,Universal Music LLC,18,20,217,1124961,JP,Japan,Q3,2023
19,spotify:track:4JK1kDUdH9RTBQrrSO1QfR,Yuuri,ベテルギウス,Sony Music Labels Inc.,1,17,88,1109790,JP,Japan,Q3,2023
20,spotify:track:0bdAQ9dwLA5cJtgM05PRKW,imase,Nagisa,Universal Music LLC,12,12,7,1099985,JP,Japan,Q3,2023
21,spotify:track:7gUuCeZLFynSj28GCjoiGG,Conton Candy,ファジーネーブル,Conton Candy,19,19,6,1096348,JP,Japan,Q3,2023
22,spotify:track:7M0dIdZWN1FDcveRdoOzbZ,Yuuri,ビリミリオン,Sony Music Labels Inc.,5,15,25,1094690,JP,Japan,Q3,2023
23,spotify:track:4IfrM44LofE9bSs6TDZS49,Tani Yuuki,W / X / Y,Valley Records,1,16,81,1092759,JP,Japan,Q3,2023
24,spotify:track:3YML5IHoqWbw9c9vJJvrvM,Mrs. GREEN APPLE,Soranji,Universal Music LLC,12,23,38,1014565,JP,Japan,Q3,2023
25,spotify:track:1Vqs0lXeJafYZz2sxnfB3V,Saucy Dog,Cinderella Boy,A-Sketch,2,26,92,994656,JP,Japan,Q3,2023
26,spotify:track:1zd35Y44Blc1CwwVbW3Qnk,YOASOBI,群青,YOASOBI,6,27,150,990889,JP,Japan,Q3,2023
27,spotify:track:3wJHCry960drNlAUGrJLmz,Yorushika,ただ君に晴れ,U&R records,12,29,220,976823,JP,Japan,Q3,2023
28,spotify:track:65FftemJ1DbbZ45DUfHJXE,NewJeans,OMG,ADOR,4,31,28,974731,JP,Japan,Q3,2023
29,spotify:track:3r8RuvgbX9s7ammBn07D3W,NewJeans,Ditto,ADOR,4,36,30,964799,JP,Japan,Q3,2023
30,spotify:track:45LUKiex0D78VuhP3Oz6mG,QUEEN BEE,メフィスト,Sony Music Labels Inc.,18,21,12,963620,JP,Japan,Q3,2023
31,spotify:track:3khEEPRyBeOUabbmOPJzAG,Kenshi Yonezu,KICK BACK,Sony Music Labels Inc.,1,28,40,963520,JP,Japan,Q3,2023
32,spotify:track:3RvdkNMcSy71m0aT6UF9Uf,back number,水平線,Universal Music LLC,1,33,100,934553,JP,Japan,Q3,2023
33,spotify:track:4iBO3Jg6kSXZHw06db0ds3,Aimyon,ai no hana,WM Japan,11,32,14,931718,JP,Japan,Q3,2023
34,spotify:track:5W7Y92LB4jWvu9NeEQ0GZl,Macaroni Empitsu,なんでもないよ、,Toy's Factory,1,30,88,921474,JP,Japan,Q3,2023
35,spotify:track:4kPlQKwtPrnqLgrmmKFSlA,Yuuri,ドライフラワー,Sony Music Labels Inc.,1,34,141,896226,JP,Japan,Q3,2023
36,spotify:track:28MATCYDctW5EiBa2repxb,Ado,New Genesis,Universal Music LLC,1,35,57,882135,JP,Japan,Q3,2023
37,spotify:track:5xoar7MhzRUVqJvGpAtxfP,Kenshi Yonezu,月を見ていた - Moongazing,Sony Music Labels Inc.,24,24,3,873884,JP,Japan,Q3,2023
38,spotify:track:6zjk7Qbwb9DZ4ykUUoqknh,10-FEET,第ゼロ感,Universal Music LLC,5,38,32,865909,JP,Japan,Q3,2023
39,spotify:track:1MuttbDbsSVRmL77Vktk8r,"MUKADE, INMAN",KIMINOMAMA,BTB,4,25,21,864716,JP,Japan,Q3,2023
40,spotify:track:51vRumtqbkNW9wrKfESwfu,"LE SSERAFIM, Nile Rodgers",UNFORGIVEN (feat. Nile Rodgers),SOURCE MUSIC,14,39,11,854303,JP,Japan,Q3,2023
41,spotify:track:1VHL1PIkhDwWbFc65xHwOr,Novelbright,愛とか恋とか,Universal Music LLC,7,41,65,848322,JP,Japan,Q3,2023
42,spotify:track:0NUJhYxwcAAB4UQULseQyX,Macaroni Empitsu,リンジュー・ラヴ,Toy's Factory,11,40,26,840995,JP,Japan,Q3,2023
43,spotify:track:0o3zVVGJkb1QIOMF9xySiu,indigo la End,名前は片想い,WM Japan,17,37,23,838561,JP,Japan,Q3,2023
44,spotify:track:51oc6MEsXTpnPn6GOw5VuP,Fujii Kaze,きらり,Universal Music LLC,4,45,115,835483,JP,Japan,Q3,2023
45,spotify:track:278JqkBGkjDovOYAwE8TW7,OFFICIAL HIGE DANDISM,115 million kilometer film,LASTRUM,6,42,219,833087,JP,Japan,Q3,2023
46,spotify:track:34ayWAUrQcrjlKZOJAzqke,back number,アイラブユー,Universal Music LLC,12,47,38,813975,JP,Japan,Q3,2023
47,spotify:track:70t7Q6AYG6ZgTYmJWcnkUM,IVE,I AM,Starship Entertainment,20,44,14,805862,JP,Japan,Q3,2023
48,spotify:track:7w6NWogvAAFdEhD9MA2uvv,Kenshi Yonezu,LADY,Sony Music Labels Inc.,3,43,17,798786,JP,Japan,Q3,2023
49,spotify:track:6MXlv5l2I2BRa9pO38dE1a,natori,フライデー・ナイト,Sony Music Labels Inc.,6,46,15,789951,JP,Japan,Q3,2023
50,spotify:track:6LuvVxHXQDtsPxtE07Ycbe,Stray Kids,S-Class,Republic Records - Stray Kids,37,49,6,727932,JP,Japan,Q3,2023
1,spotify:track:2tlOVDJ3lQsUxz22vPJ4c4,Ado,Show,Universal Music LLC,1,2,5,2625791,JP,Japan,Q4,2023
2,spotify:track:0GWNtMohuYUEHVZ40tcnHF,King Gnu,SPECIALZ,Sony Music Labels Inc.,1,1,6,2441893,JP,Japan,Q4,2023
3,spotify:track:1hAloWiinXLPQUJxrJReb1,YOASOBI,アイドル,YOASOBI,1,3,27,2129298,JP,Japan,Q4,2023
4,spotify:track:7x9aauaA9cu6tyfpHnqDLo,"Jung Kook, Latto",Seven (feat. Latto),BIGHIT MUSIC,1,4,13,2001347,JP,Japan,Q4,2023
5,spotify:track:0YTM7bCx451c6LQbkddy4Q,YOASOBI,勇者,YOASOBI,5,8,2,1855071,JP,Japan,Q4,2023
6,spotify:track:12usPU2WnqgCHAW1EK2dfd,Tatsuya Kitani,青のすみか,Sony Music Labels Inc.,3,5,14,1810966,JP,Japan,Q4,2023
7,spotify:track:7gSiIKxphi5BGr7SDrSKod,shytaupe,rendez-vous,shytaupe records,7,7,9,1640983,JP,Japan,Q4,2023
8,spotify:track:01qFKNWq73UfEslI0GvumE,"Jung Kook, Jack Harlow",3D (feat. Jack Harlow),BIGHIT MUSIC,8,12,2,1434092,JP,Japan,Q4,2023
9,spotify:track:7dTW21YAJxnAOiUh7Rtu9S,Vaundy,Kaiju no Hanauta,SDR Inc.,1,6,150,1425000,JP,Japan,Q4,2023
10,spotify:track:170XOP1T4MvY9TLTgPw07D,Mrs. GREEN APPLE,Magic,Universal Music LLC,4,11,18,1412783,JP,Japan,Q4,2023
11,spotify:track:4NaaF28BeO9WzjDrSS71Nz,Mrs. GREEN APPLE,ダンスホール,Universal Music LLC,2,10,72,1365786,JP,Japan,Q4,2023
12,spotify:track:5m21ZR5lO6U0tp9KENxuCc,MY FIRST STORY,I'm a mess,INTACT RECORDS,6,9,29,1352177,JP,Japan,Q4,2023
13,spotify:track:4ayU74yaWEgHHpaf1WJ313,Masanori Otoda,fake face dance music,音田 雅則,13,13,13,1255296,JP,Japan,Q4,2023
14,spotify:track:49F3htNmwzPKFycPdOrDvf,OFFICIAL HIGE DANDISM,Subtitle,IRORI Records,1,14,53,1226680,JP,Japan,Q4,2023
15,spotify:track:5BC6kr6etk2Y9J62AyI4i3,Mrs. GREEN APPLE,青と夏,Universal Music LLC,6,15,274,1176511,JP,Japan,Q4,2023
16,spotify:track:7jtXjZ3JViUo9M3ogYAapO,Soushi Sakiyama,燈,Sony Music Labels Inc.,10,16,14,1147534,JP,Japan,Q4,2023
17,spotify:track:0teqQ0PYqVDyyXJuPOyMhu,Mrs. GREEN APPLE,ケセラセラ,Universal Music LLC,5,19,25,1113760,JP,Japan,Q4,2023
18,spotify:track:1H3qOzheTPhE7aVvJOWfvA,SPITZ,美しい鰭,Universal Music LLC,2,18,27,1108497,JP,Japan,Q4,2023
19,spotify:track:3wJHCry960drNlAUGrJLmz,Yorushika,ただ君に晴れ,U&R records,12,20,233,1098845,JP,Japan,Q4,2023
20,spotify:track:2ZT6eELxeETGamaiXu6vmk,Hitsujibungaku,more than words,F.C.L.S.,20,46,6,1049583,JP,Japan,Q4,2023
21,spotify:track:5h1BN75CEh8wdSwE1xrbSe,V,Slow Dancing,BIGHIT MUSIC,20,22,4,1022020,JP,Japan,Q4,2023
22,spotify:track:1sIIlVrnPhrvmTrHtzM7tV,"Mrs. GREEN APPLE, Sonoko Inoue",点描の唄,Universal Music LLC,17,21,230,1006019,JP,Japan,Q4,2023
23,spotify:track:3YML5IHoqWbw9c9vJJvrvM,Mrs. GREEN APPLE,Soranji,Universal Music LLC,12,30,51,1002436,JP,Japan,Q4,2023
24,spotify:track:2Dzzhb1oV5ckgOjWZLraIB,natori,Overdose,なとり,2,27,57,1002425,JP,Japan,Q4,2023
25,spotify:track:6SwATVDZUy3jha72jDyxe2,Ryokuoushoku Shakai,サマータイムシンデレラ,Sony Music Labels Inc.,12,17,11,997431,JP,Japan,Q4,2023
26,spotify:track:1VoTe7qVyqyMNLgZpQeugO,YOASOBI,祝福,YOASOBI,8,26,54,994994,JP,Japan,Q4,2023
27,spotify:track:7M0dIdZWN1FDcveRdoOzbZ,Yuuri,ビリミリオン,Sony Music Labels Inc.,5,29,38,986703,JP,Japan,Q4,2023
28,spotify:track:3RvdkNMcSy71m0aT6UF9Uf,back number,水平線,Universal Music LLC,1,28,113,969251,JP,Japan,Q4,2023
29,spotify:track:4JK1kDUdH9RTBQrrSO1QfR,Yuuri,ベテルギウス,Sony Music Labels Inc.,1,34,101,966225,JP,Japan,Q4,2023
30,spotify:track:4IfrM44LofE9bSs6TDZS49,Tani Yuuki,W / X / Y,Valley Records,1,24,94,964622,JP,Japan,Q4,2023
31,spotify:track:1jNVSP5r2X1iVDlJfXKarA,OFFICIAL HIGE DANDISM,Nichijo,IRORI Records,21,23,4,957220,JP,Japan,Q4,2023
32,spotify:track:5sdQOyqq2IDhvmx2lHOpwd,NewJeans,Super Shy,ADOR,5,31,14,935265,JP,Japan,Q4,2023
33,spotify:track:1zd35Y44Blc1CwwVbW3Qnk,YOASOBI,群青,YOASOBI,6,38,163,933992,JP,Japan,Q4,2023
34,spotify:track:6x7SB38tuekpu4xpH9OIPY,Kenshi Yonezu,地球儀 - Spinning Globe,Sony Music Labels Inc.,10,32,13,931078,JP,Japan,Q4,2023
35,spotify:track:5W7Y92LB4jWvu9NeEQ0GZl,Macaroni Empitsu,なんでもないよ、,Toy's Factory,1,25,101,928727,JP,Japan,Q4,2023
36,spotify:track:28MATCYDctW5EiBa2repxb,Ado,New Genesis,Universal Music LLC,1,42,70,920084,JP,Japan,Q4,2023
37,spotify:track:7gUuCeZLFynSj28GCjoiGG,Conton Candy,ファジーネーブル,Conton Candy,14,33,19,910124,JP,Japan,Q4,2023
38,spotify:track:6twDMJoG8tzwL21LQ3EEtA,BE:FIRST,Mainstream,B-ME,11,37,5,895474,JP,Japan,Q4,2023
39,spotify:track:56v8WEnGzLByGsDAXDiv4d,NewJeans,ETA,ADOR,12,35,12,892764,JP,Japan,Q4,2023
40,spotify:track:36jIu8oPR1Z4cguMuHxUXA,OFFICIAL HIGE DANDISM,TATTOO,IRORI Records,4,40,25,890362,JP,Japan,Q4,2023
41,spotify:track:1430GkKh9OD6jtKNV7pu0Q,Ado,Kura Kura,Universal Music LLC,41,-1,1,888347,JP,Japan,Q4,2023
42,spotify:track:4kPlQKwtPrnqLgrmmKFSlA,Yuuri,ドライフラワー,Sony Music Labels Inc.,1,41,154,874251,JP,Japan,Q4,2023
43,spotify:track:1Vqs0lXeJafYZz2sxnfB3V,Saucy Dog,Cinderella Boy,A-Sketch,2,39,105,843954,JP,Japan,Q4,2023
44,spotify:track:5fhQl8OA678cElLUhnM9oE,King Gnu,硝子窓,Sony Music Labels Inc.,25,36,4,837957,JP,Japan,Q4,2023
45,spotify:track:5U4PgFWzfzY7VEg9Ck4ziF,Fujii Kaze,Garden,Universal Music LLC,10,43,24,836523,JP,Japan,Q4,2023
46,spotify:track:6gcuJpHu0Ey30D5WR76y98,JENNIE,You & Me,YG Entertainment/Interscope Records,46,-1,1,815321,JP,Japan,Q4,2023
47,spotify:track:4iBO3Jg6kSXZHw06db0ds3,Aimyon,ai no hana,WM Japan,11,45,27,814713,JP,Japan,Q4,2023
48,spotify:track:6zjk7Qbwb9DZ4ykUUoqknh,10-FEET,第ゼロ感,Universal Music LLC,5,47,45,806500,JP,Japan,Q4,2023
49,spotify:track:2N0SPREDYqILVEFSsWF5N5,V,Love Me Again,BIGHIT MUSIC,27,44,9,796744,JP,Japan,Q4,2023
50,spotify:track:65FftemJ1DbbZ45DUfHJXE,NewJeans,OMG,ADOR,4,49,41,776560,JP,Japan,Q4,2023
1,spotify:track:3r8RuvgbX9s7ammBn07D3W,NewJeans,Ditto,ADOR,1,1,4,614483,KR,South Korea,Q1,2023
2,spotify:track:65FftemJ1DbbZ45DUfHJXE,NewJeans,OMG,ADOR,2,2,2,603941,KR,South Korea,Q1,2023
3,spotify:track:0a4MMyCrzT0En247IhqZbD,NewJeans,Hype Boy,ADOR,1,3,24,271947,KR,South Korea,Q1,2023
4,spotify:track:4fsQ0K37TOXa3hEQfjEic1,LE SSERAFIM,ANTIFRAGILE,SOURCE MUSIC,1,4,13,187082,KR,South Korea,Q1,2023
5,spotify:track:2pIUpMhHL6L9Z5lnKxJJr9,NewJeans,Attention,ADOR,1,5,24,186095,KR,South Korea,Q1,2023
6,spotify:track:6RBziRcDeiho3iTPdtEeg9,Younha,Event Horizon,C9 Entertainment,1,6,15,158588,KR,South Korea,Q1,2023
7,spotify:track:27bIik73QCu8Xzt3xpG1bI,NCT DREAM,Candy,SM Entertainment,3,7,4,136599,KR,South Korea,Q1,2023
8,spotify:track:1RDvyOk4WtPCtoqciJwVn8,"Jung Kook, BTS, FIFA Sound",Dreamers [Music from the FIFA World Cup Qatar 2022 Official Soundtrack],Katara Studios | 2101 Records under exclusive license to UnitedMasters LLC,1,8,8,131512,KR,South Korea,Q1,2023
9,spotify:track:5Odq8ohlgIbQKMZivbWkEo,"Charlie Puth, Jung Kook, BTS",Left and Right (Feat. Jung Kook of BTS),Atlantic Records,1,10,29,127414,KR,South Korea,Q1,2023
10,spotify:track:1Qrg8KqiBpW07V7PNxwwwL,SZA,Kill Bill,Top Dawg Entertainment/RCA Records,10,12,5,126387,KR,South Korea,Q1,2023
11,spotify:track:2gYj9lubBorOPIVWsTXugG,IVE,After LIKE,Starship Entertainment,1,9,21,124165,KR,South Korea,Q1,2023
12,spotify:track:2DwUdMJ5uxv20EhAildreg,NewJeans,Cookie,ADOR,3,13,24,119910,KR,South Korea,Q1,2023
13,spotify:track:3khEEPRyBeOUabbmOPJzAG,Kenshi Yonezu,KICK BACK,Sony Music Labels Inc.,11,14,14,111006,KR,South Korea,Q1,2023
14,spotify:track:5UOY3OZib7H4KFwTfsT66g,"Lee Young Ji, pH-1",NOT SORRY (Feat. pH-1) (Prod. by Slom),Genie Music Corporation,8,11,4,97021,KR,South Korea,Q1,2023
15,spotify:track:5expoVGQPvXuwBBFuNGqBd,NewJeans,Hurt,ADOR,4,18,24,93819,KR,South Korea,Q1,2023
16,spotify:track:6NnCWIWV740gP7DQ8kqdIE,i-dle,Nxde,Cube Entertainment,1,15,13,86228,KR,South Korea,Q1,2023
17,spotify:track:3XfngyuVjltVRHSsLjrCRO,"JUSTHIS, R.Tee, DON MALIK, Huh, KHAN, Mckdaddy, Los",MY WAY (Prod. R.Tee),Genie Music Corporation,5,16,6,81850,KR,South Korea,Q1,2023
18,spotify:track:0Q5VnK2DYzRyfqQRJuUtvi,IVE,LOVE DIVE,STARSHIP Entertainment,1,17,41,81286,KR,South Korea,Q1,2023
19,spotify:track:296nXCOv97WJNRWzIBQnoj,LE SSERAFIM,FEARLESS,SOURCE MUSIC,2,20,37,77768,KR,South Korea,Q1,2023
20,spotify:track:7gRFDGEzF9UkBV233yv2dc,BLACKPINK,Shut Down,YG Entertainment/Interscope Records,1,19,17,76959,KR,South Korea,Q1,2023
21,spotify:track:3nqQXoyQOWXiESFLlDF1hG,"Sam Smith, Kim Petras",Unholy (feat. Kim Petras),Capitol Records UK / EMI,11,21,16,76129,KR,South Korea,Q1,2023
22,spotify:track:5zwwW9Oq7ubSxoCGyW1nbY,BLACKPINK,Pink Venom,YG Entertainment/Interscope Records,1,22,21,69097,KR,South Korea,Q1,2023
23,spotify:track:0h7QMc9ZRzA9QJrbEHytn2,Jin,The Astronaut,BIGHIT MUSIC,6,23,11,68528,KR,South Korea,Q1,2023
24,spotify:track:0V3wPSX9ygBnCm8psDIegu,Taylor Swift,Anti-Hero,Taylor Swift,6,25,12,63475,KR,South Korea,Q1,2023
25,spotify:track:1AZjCZSGEjlxUufFQwSszF,"RM, Youjeen",Wild Flower (with youjeen),BIGHIT MUSIC,5,24,6,62276,KR,South Korea,Q1,2023
26,spotify:track:6auT8cRBu3BgPRBrdVBY15,Lim Young Woong,London Boy,물고기뮤직,26,29,8,57987,KR,South Korea,Q1,2023
27,spotify:track:2tA3NP12r4niSRhb9Y6AoY,Lim Young Woong,Polaroid,물고기뮤직,27,32,8,57291,KR,South Korea,Q1,2023
28,spotify:track:0o9zmvc5f3EFApU52PPIyW,Fujii Kaze,Shinunoga E-Wa,Universal Music LLC,23,26,20,57187,KR,South Korea,Q1,2023
29,spotify:track:4Dvkj6JhhA12EX05fT7y2e,Harry Styles,As It Was,Columbia,3,30,41,56860,KR,South Korea,Q1,2023
30,spotify:track:5mdWIwsJAzR97ShGkt8gcR,"ZICO, HOMIES",New thing (Prod. ZICO) (Feat. Homies),Genie Music Corporation,2,28,19,54453,KR,South Korea,Q1,2023
31,spotify:track:6C734SmqoIYuRWo2qSCnpC,NMIXX,DICE,Republic Records - NMIXX,12,33,17,54039,KR,South Korea,Q1,2023
32,spotify:track:3iLBFgaQJ94iarMgzrTuWb,Charlie Puth,I Don’t Think That I Like Her,Atlantic Records,7,42,17,53933,KR,South Korea,Q1,2023
33,spotify:track:10SRMwb9EuVS1K9rYsBfHQ,BTS,Yet To Come,BIGHIT MUSIC,1,31,31,53501,KR,South Korea,Q1,2023
34,spotify:track:4h9wh7iOZ0GGn8QVp4RAOB,OneRepublic,I Ain't Worried,Interscope Records,1,34,30,53459,KR,South Korea,Q1,2023
35,spotify:track:2RLdkXSaiQjRbey5pvP8Kt,Lim Young Woong,If We Ever Meet Again,물고기뮤직,5,36,36,53214,KR,South Korea,Q1,2023
36,spotify:track:20JkEhlKCrKtzORT5qDdWE,"DON MALIK, BIG Naughty, JUSTHIS","EYE (Feat. BIG Naughty, JUSTHIS) (Prod. R.Tee)",Genie Music Corporation,13,27,4,52399,KR,South Korea,Q1,2023
37,spotify:track:5odlY52u43F5BjByhxg7wg,JVKE,golden hour,JVKE,37,38,20,52002,KR,South Korea,Q1,2023
38,spotify:track:3scRk3rUGIwpCg9kMNrtEQ,Baek A,Amor,Baek A,17,39,17,51846,KR,South Korea,Q1,2023
39,spotify:track:5aucVLKiumD89mxVCB4zvS,"Crush, j-hope",Rush Hour (Feat. j-hope of BTS),피네이션,6,37,16,49116,KR,South Korea,Q1,2023
40,spotify:track:07trPhWMgiagFnSOlmpzl0,"BE'O, ZICO",Complex,"BigPlanetMade, SWING ENTERTAINMENT, FameUs Entertainment",19,35,15,48857,KR,South Korea,Q1,2023
41,spotify:track:396FqjKmViUZ92Wmm4rx3i,aespa,Illusion,SM Entertainment / Warner Records,6,43,33,48154,KR,South Korea,Q1,2023
42,spotify:track:5YMXGBD6vcYP7IolemyLtK,BTS,Euphoria,BIGHIT MUSIC,21,41,94,47606,KR,South Korea,Q1,2023
43,spotify:track:7F0MuIk5glqtowCUjbn9es,LE SSERAFIM,Impurities,SOURCE MUSIC,31,52,13,47522,KR,South Korea,Q1,2023
44,spotify:track:0HsRZwZzHoZ5AM5W2ZYI5c,"BIG Naughty, 10CM",Beyond Love (Feat. 10CM),H1GHR MUSIC RECORDS,2,48,39,46086,KR,South Korea,Q1,2023
45,spotify:track:0QHEIqNKsMoOY5urbzN48u,Meghan Trainor,Made You Look,Epic,29,46,11,45057,KR,South Korea,Q1,2023
46,spotify:track:7n2FZQsaLb7ZRfRPfEeIvr,IVE,ELEVEN,STARSHIP Entertainment,1,47,59,44962,KR,South Korea,Q1,2023
47,spotify:track:4p4yxplNCSmt9xfaAMpcd5,BIG Naughty,Vancouver,H1GHR MUSIC RECORDS,41,45,36,44532,KR,South Korea,Q1,2023
48,spotify:track:6tgVI8jFmgbCUhxxyCt2yD,"GroovyRoom, lIlBOI, BLASÉ, Roh Yun Ha, Polodared, Chillin Homie, Fleeky Bang",We Higher (Prod. GroovyRoom),Genie Music Corporation,15,40,6,44212,KR,South Korea,Q1,2023
49,spotify:track:2dHHgzDwk4BJdRwy9uXhTO,"Metro Boomin, The Weeknd, 21 Savage",Creepin' (with The Weeknd & 21 Savage),Republic Records,40,44,6,44070,KR,South Korea,Q1,2023
50,spotify:track:797EOD68bmVFiyalgBGeOZ,Yorushika,左右盲,Universal Music LLC,50,70,4,42311,KR,South Korea,Q1,2023
1,spotify:track:3Ua0m0YmEjrMi9XErKcNiR,Jimin,Like Crazy,BIGHIT MUSIC,1,1,3,311569,KR,South Korea,Q2,2023
2,spotify:track:7foeH2Emgq8A3LWk3q6dat,IVE,Kitsch,Starship Entertainment,2,2,3,273278,KR,South Korea,Q2,2023
3,spotify:track:69CrOS7vEHIrhC2ILyEi0s,JISOO,FLOWER,YG Entertainment/Interscope Records,3,3,2,259671,KR,South Korea,Q2,2023
4,spotify:track:0u8rZGtXJrLtiSe34FPjGG,Jimin,Like Crazy (English Version),BIGHIT MUSIC,4,4,3,236958,KR,South Korea,Q2,2023
5,spotify:track:70t7Q6AYG6ZgTYmJWcnkUM,IVE,I AM,Starship Entertainment,5,-1,1,226284,KR,South Korea,Q2,2023
6,spotify:track:65FftemJ1DbbZ45DUfHJXE,NewJeans,OMG,ADOR,1,5,15,204524,KR,South Korea,Q2,2023
7,spotify:track:59hBR0BCtJsfIbV9VzCVAp,Jimin,Set Me Free Pt.2,BIGHIT MUSIC,2,6,4,194280,KR,South Korea,Q2,2023
8,spotify:track:3r8RuvgbX9s7ammBn07D3W,NewJeans,Ditto,ADOR,1,7,17,180613,KR,South Korea,Q2,2023
9,spotify:track:4EaQ0ouIydfeAgQUz284EF,"Agust D, IU",People Pt.2 (feat. IU),BIGHIT MUSIC,9,-1,1,154680,KR,South Korea,Q2,2023
10,spotify:track:0a4MMyCrzT0En247IhqZbD,NewJeans,Hype Boy,ADOR,1,8,37,149698,KR,South Korea,Q2,2023
11,spotify:track:5LMoKDVzW2kDneNu2UbspP,NewJeans,Zero,ADOR,11,13,2,144652,KR,South Korea,Q2,2023
12,spotify:track:7FbrGaHYVDmfr7KoLIZnQ7,FIFTY FIFTY,Cupid - Twin Version,SME Korea Inc.,12,44,5,138484,KR,South Korea,Q2,2023
13,spotify:track:5mg3VB3Qh7jcR5kAAC4DSV,FIFTY FIFTY,Cupid,SME Korea Inc.,13,32,6,129416,KR,South Korea,Q2,2023
14,spotify:track:5Odq8ohlgIbQKMZivbWkEo,"Charlie Puth, Jung Kook, BTS",Left and Right (Feat. Jung Kook of BTS),Atlantic Records,1,11,42,116171,KR,South Korea,Q2,2023
15,spotify:track:3OdIiWnYRHPYtC313Z0Bwy,Jimin,Face-off,BIGHIT MUSIC,8,9,3,113290,KR,South Korea,Q2,2023
16,spotify:track:5Hfnps0jaWFpYg55WOPexG,Jimin,Alone,BIGHIT MUSIC,9,10,3,111004,KR,South Korea,Q2,2023
17,spotify:track:3gmn76fCtpDazGMnN0QMHX,imase,NIGHT DANCER,Universal Music LLC,6,12,12,107504,KR,South Korea,Q2,2023
18,spotify:track:3o3bRIOKDwGOdqL9HBUNrO,NMIXX,Love Me Like This,Republic Records - NMIXX,18,19,4,106524,KR,South Korea,Q2,2023
19,spotify:track:6auT8cRBu3BgPRBrdVBY15,Lim Young Woong,London Boy,물고기뮤직,14,15,21,104355,KR,South Korea,Q2,2023
20,spotify:track:2tA3NP12r4niSRhb9Y6AoY,Lim Young Woong,Polaroid,물고기뮤직,16,17,21,100849,KR,South Korea,Q2,2023
21,spotify:track:2pIUpMhHL6L9Z5lnKxJJr9,NewJeans,Attention,ADOR,1,16,37,98527,KR,South Korea,Q2,2023
22,spotify:track:0N8Xztr4pBHJ7V0moJWhbO,Aimyon,愛を伝えたいだとか,WM Japan,22,26,11,97011,KR,South Korea,Q2,2023
23,spotify:track:28a0aMV1OKoyNiCJuNsWrY,"Charlie Puth, Dan + Shay",That’s Not How This Works (feat. Dan + Shay),Atlantic Records,14,14,2,92364,KR,South Korea,Q2,2023
24,spotify:track:1Qrg8KqiBpW07V7PNxwwwL,SZA,Kill Bill,Top Dawg Entertainment/RCA Records,7,23,18,91880,KR,South Korea,Q2,2023
25,spotify:track:1RDvyOk4WtPCtoqciJwVn8,"Jung Kook, BTS, FIFA Sound",Dreamers [Music from the FIFA World Cup Qatar 2022 Official Soundtrack],Katara Studios | 2101 Records under exclusive license to UnitedMasters LLC,1,27,21,91407,KR,South Korea,Q2,2023
26,spotify:track:4fsQ0K37TOXa3hEQfjEic1,LE SSERAFIM,ANTIFRAGILE,SOURCE MUSIC,1,21,26,90684,KR,South Korea,Q2,2023
27,spotify:track:2RLdkXSaiQjRbey5pvP8Kt,Lim Young Woong,If We Ever Meet Again,물고기뮤직,5,25,49,90608,KR,South Korea,Q2,2023
28,spotify:track:4kSDi21MeOoSvpZs6MveI9,STAYC,Teddy Bear,High Up Entertainment,9,22,9,89857,KR,South Korea,Q2,2023
29,spotify:track:6D90VTeGEWYX5AkAtjHZh1,Jimin,Like Crazy (Deep House Remix),BIGHIT MUSIC,28,28,3,84476,KR,South Korea,Q2,2023
30,spotify:track:2qg2jy3v50RwfV5FAqG3a2,Jimin,Interlude : Dive,BIGHIT MUSIC,12,20,3,83126,KR,South Korea,Q2,2023
31,spotify:track:50xSycnGMDy0Wg5jJcOv3S,Lim Young Woong,Rainbow,물고기뮤직,11,34,48,79974,KR,South Korea,Q2,2023
32,spotify:track:5tDxLjAnkojfnXnjOk6mvh,Jimin,Like Crazy (UK Garage Remix),BIGHIT MUSIC,30,30,3,79942,KR,South Korea,Q2,2023
33,spotify:track:61AZsmFB3VoJdmraMk5ZSn,"TAEYANG, Jimin",VIBE (feat. Jimin of BTS),THEBLACKLABEL/Interscope Records,3,29,13,79883,KR,South Korea,Q2,2023
34,spotify:track:3iLBFgaQJ94iarMgzrTuWb,Charlie Puth,I Don’t Think That I Like Her,Atlantic Records,7,31,30,79776,KR,South Korea,Q2,2023
35,spotify:track:5wxYxygyHpbgv0EXZuqb9V,"j-hope, J. Cole",on the street (with J. Cole),BIGHIT MUSIC,6,35,6,79175,KR,South Korea,Q2,2023
36,spotify:track:7eBpUuPnDTfbeP1P4P93CS,"BSS, Lee Young Ji",Fighting (Feat. Lee Young Ji),PLEDIS Entertainment,7,33,10,75106,KR,South Korea,Q2,2023
37,spotify:track:3HCGX2gmPLu6ttkbYvPGTR,"RADWIMPS, Toaka",Suzume,voque ting,11,24,6,74234,KR,South Korea,Q2,2023
38,spotify:track:2jidjmWNeRmKgLjXhW52Gz,Lim Young Woong,"Our Blues, Our Life",물고기뮤직,12,36,49,74086,KR,South Korea,Q2,2023
39,spotify:track:4Cr43xPo7bwyCcL1g3yVCu,Lim Young Woong,A bientot,물고기뮤직,21,39,47,70628,KR,South Korea,Q2,2023
40,spotify:track:6RBziRcDeiho3iTPdtEeg9,Younha,Event Horizon,C9 Entertainment,1,38,28,69626,KR,South Korea,Q2,2023
41,spotify:track:2gYj9lubBorOPIVWsTXugG,IVE,After LIKE,Starship Entertainment,1,40,34,69385,KR,South Korea,Q2,2023
42,spotify:track:1o844wI52S3TjXGBwvGcc7,aespa,Hold On Tight,Parlophone UK,42,112,2,68487,KR,South Korea,Q2,2023
43,spotify:track:2lDOkJgVMNz4iMmoAHhhqC,Say Yes!,Say My Name,Genie Music Corporation,43,-1,1,66544,KR,South Korea,Q2,2023
44,spotify:track:3khEEPRyBeOUabbmOPJzAG,Kenshi Yonezu,KICK BACK,Sony Music Labels Inc.,11,41,27,65724,KR,South Korea,Q2,2023
45,spotify:track:4rMEoXVYww6Xy7q9wSj4gy,Lim Young Woong,Love Always Run Away,MOST CONTENTS,24,43,74,64081,KR,South Korea,Q2,2023
46,spotify:track:4W4fNrZYkobj539TOWsLO2,"The Weeknd, Ariana Grande",Die For You (with Ariana Grande) - Remix,XO / Republic Records,7,42,7,62432,KR,South Korea,Q2,2023
47,spotify:track:0Q5VnK2DYzRyfqQRJuUtvi,IVE,LOVE DIVE,STARSHIP Entertainment,1,50,54,62313,KR,South Korea,Q2,2023
48,spotify:track:2lsRp40mCRkhqULWdMbOzn,Lim Young Woong,I Love You,물고기뮤직,15,46,48,61251,KR,South Korea,Q2,2023
49,spotify:track:7x3SGAkfIrzDr9paSslwMv,Lim Young Woong,Lovely Touch,물고기뮤직,28,47,46,61019,KR,South Korea,Q2,2023
50,spotify:track:2YXswOX5aKv6OHRKUcAMLQ,JISOO,All Eyes On Me,YG Entertainment/Interscope Records,18,18,2,59822,KR,South Korea,Q2,2023
1,spotify:track:3Ua0m0YmEjrMi9XErKcNiR,Jimin,Like Crazy,BIGHIT MUSIC,1,1,16,727512,KR,South Korea,Q3,2023
2,spotify:track:5sdQOyqq2IDhvmx2lHOpwd,NewJeans,Super Shy,ADOR,2,-1,1,683828,KR,South Korea,Q3,2023
3,spotify:track:1vvcEHQdaUTvWt0EIUYcFK,"Kodak Black, NLE Choppa, Jimin, JVKE, Muni Long, Fast & Furious: The Fast Saga","Angel Pt. 1 (feat. Jimin of BTS, JVKE & Muni Long)",APG Inc – FF10,1,2,9,512727,KR,South Korea,Q3,2023
4,spotify:track:0u8rZGtXJrLtiSe34FPjGG,Jimin,Like Crazy (English Version),BIGHIT MUSIC,3,3,16,472081,KR,South Korea,Q3,2023
5,spotify:track:6rdkCkjk6D12xRpdMXy0I2,NewJeans,New Jeans,ADOR,5,-1,1,431743,KR,South Korea,Q3,2023
6,spotify:track:59hBR0BCtJsfIbV9VzCVAp,Jimin,Set Me Free Pt.2,BIGHIT MUSIC,2,4,17,424662,KR,South Korea,Q3,2023
7,spotify:track:3OdIiWnYRHPYtC313Z0Bwy,Jimin,Face-off,BIGHIT MUSIC,5,5,16,229286,KR,South Korea,Q3,2023
8,spotify:track:5Hfnps0jaWFpYg55WOPexG,Jimin,Alone,BIGHIT MUSIC,6,6,16,211561,KR,South Korea,Q3,2023
9,spotify:track:5Odq8ohlgIbQKMZivbWkEo,"Charlie Puth, Jung Kook, BTS",Left and Right (Feat. Jung Kook of BTS),Atlantic Records,1,8,55,199901,KR,South Korea,Q3,2023
10,spotify:track:6R5fYCySNHrqo4Og6O1ppn,Lauv,Steal The Show,Walt Disney Records,10,11,4,184402,KR,South Korea,Q3,2023
11,spotify:track:0eFMbKCRw8KByXyWBw8WO7,Jung Kook,Still With You,BIGHIT MUSIC,11,21,2,180162,KR,South Korea,Q3,2023
12,spotify:track:2qg2jy3v50RwfV5FAqG3a2,Jimin,Interlude : Dive,BIGHIT MUSIC,7,7,16,179341,KR,South Korea,Q3,2023
13,spotify:track:1RDvyOk4WtPCtoqciJwVn8,"Jung Kook, BTS, FIFA Sound",Dreamers [Music from the FIFA World Cup Qatar 2022 Official Soundtrack],Katara Studios | 2101 Records under exclusive license to UnitedMasters LLC,1,14,34,162438,KR,South Korea,Q3,2023
14,spotify:track:5IAESfJjmOYu7cHyX557kz,BTS,Take Two,BIGHIT MUSIC,5,9,5,155580,KR,South Korea,Q3,2023
15,spotify:track:65FftemJ1DbbZ45DUfHJXE,NewJeans,OMG,ADOR,1,18,28,152666,KR,South Korea,Q3,2023
16,spotify:track:4QhnNyKDsAkXPwHkSnuc89,LE SSERAFIM,"Eve, Psyche & The Bluebeard’s wife",SOURCE MUSIC,10,12,11,152300,KR,South Korea,Q3,2023
17,spotify:track:70t7Q6AYG6ZgTYmJWcnkUM,IVE,I AM,Starship Entertainment,1,10,14,147733,KR,South Korea,Q3,2023
18,spotify:track:4uOBL4DDWWVx4RhYKlPbPC,i-dle,Queencard,Cube Entertainment,4,15,9,143956,KR,South Korea,Q3,2023
19,spotify:track:7ovUcF5uHTBRzUpB6ZOmvt,YOASOBI,アイドル,YOASOBI,6,13,14,143041,KR,South Korea,Q3,2023
20,spotify:track:3r8RuvgbX9s7ammBn07D3W,NewJeans,Ditto,ADOR,1,20,30,140923,KR,South Korea,Q3,2023
21,spotify:track:1ULdASrNy5rurl1TZfFaMP,aespa,Spicy,SM Entertainment / Warner Records,3,17,10,136027,KR,South Korea,Q3,2023
22,spotify:track:0a4MMyCrzT0En247IhqZbD,NewJeans,Hype Boy,ADOR,1,23,50,126230,KR,South Korea,Q3,2023
23,spotify:track:0pNFrM5L0te1EXGxveeYiR,Jung Kook,My You,BIGHIT MUSIC,23,37,2,123595,KR,South Korea,Q3,2023
24,spotify:track:4WUpMUjdoi47LY7gBQBXe3,Lim Young Woong,Grain of Sand,물고기뮤직,19,22,6,122576,KR,South Korea,Q3,2023
25,spotify:track:51vRumtqbkNW9wrKfESwfu,"LE SSERAFIM, Nile Rodgers",UNFORGIVEN (feat. Nile Rodgers),SOURCE MUSIC,1,19,11,119514,KR,South Korea,Q3,2023
26,spotify:track:6auT8cRBu3BgPRBrdVBY15,Lim Young Woong,London Boy,물고기뮤직,14,25,34,115558,KR,South Korea,Q3,2023
27,spotify:track:2yjeXq5ahx6UUg2rHaUe6X,"JVKE, Jimin, Charlie Puth, Muni Long, Fast & Furious: The Fast Saga","Angel Pt. 2 (feat. Jimin of BTS, Charlie Puth and Muni Long)",APG Inc – FF10,5,16,5,113647,KR,South Korea,Q3,2023
28,spotify:track:3x9zIsVAQUNvU3J2tR58Di,KANGDANIEL,SOS,KONNECT Ent.,28,71,3,109287,KR,South Korea,Q3,2023
29,spotify:track:2tA3NP12r4niSRhb9Y6AoY,Lim Young Woong,Polaroid,물고기뮤직,16,27,34,106194,KR,South Korea,Q3,2023
30,spotify:track:2pIUpMhHL6L9Z5lnKxJJr9,NewJeans,Attention,ADOR,1,30,50,100889,KR,South Korea,Q3,2023
31,spotify:track:41JPN7pZMTp1sumBOHOzHd,"Agust D, IU",People Pt.2 (feat. IU),BIGHIT MUSIC,9,29,14,95553,KR,South Korea,Q3,2023
32,spotify:track:7foeH2Emgq8A3LWk3q6dat,IVE,Kitsch,Starship Entertainment,2,28,16,92897,KR,South Korea,Q3,2023
33,spotify:track:186NCtNk1tUYS7c2DxgJ7O,V,Christmas Tree,MOST CONTENTS,1,34,81,92465,KR,South Korea,Q3,2023
34,spotify:track:2RLdkXSaiQjRbey5pvP8Kt,Lim Young Woong,If We Ever Meet Again,물고기뮤직,5,31,62,91896,KR,South Korea,Q3,2023
35,spotify:track:3k79jB4aGmMDUQzEwa46Rz,Olivia Rodrigo,vampire,Olivia Rodrigo PS,24,24,2,85718,KR,South Korea,Q3,2023
36,spotify:track:1bPMPSOQPIinoU6ZBDWtgb,"Beenzino, Cautious Clay",Travel Again (Feat. Cautious Clay),BANA,36,39,2,85014,KR,South Korea,Q3,2023
37,spotify:track:7CAdT0HdiQNlt1C7xk2hep,Jung Kook,Stay Alive (Prod. SUGA of BTS),BIGHIT MUSIC,1,46,74,83383,KR,South Korea,Q3,2023
38,spotify:track:1fP8o0lIaSIE5jEeblT8df,NMIXX,Roller Coaster,Republic Records - NMIXX,38,154,2,81300,KR,South Korea,Q3,2023
39,spotify:track:4NIe9Is7bN5JWyTeCW2ahK,"TAEYANG, Jimin",VIBE (feat. Jimin of BTS),THEBLACKLABEL/Interscope Records,3,40,26,80996,KR,South Korea,Q3,2023
40,spotify:track:7FbrGaHYVDmfr7KoLIZnQ7,FIFTY FIFTY,Cupid - Twin Version,SME Korea Inc.,9,33,18,78512,KR,South Korea,Q3,2023
41,spotify:track:4bjN59DRXFRxBE1g5ne6B1,Agust D,Haegeum,BIGHIT MUSIC,10,32,12,78425,KR,South Korea,Q3,2023
42,spotify:track:3AOf6YEpxQ894FmrwI9k96,SEVENTEEN,Super,PLEDIS Entertainment,6,36,12,77065,KR,South Korea,Q3,2023
43,spotify:track:3l6LBCOL9nPsSY29TUY2VE,"Halsey, SUGA",Lilith (feat. SUGA of BTS) (Diablo IV Anthem),Capitol Records,25,26,6,76392,KR,South Korea,Q3,2023
44,spotify:track:1BxfuPKGuaTgP7aM0Bbdwr,Taylor Swift,Cruel Summer,Taylor Swift,38,38,5,75984,KR,South Korea,Q3,2023
45,spotify:track:50xSycnGMDy0Wg5jJcOv3S,Lim Young Woong,Rainbow,물고기뮤직,11,41,61,75917,KR,South Korea,Q3,2023
46,spotify:track:0RiRZpuVRbi7oqRdSMwhQY,"Post Malone, Swae Lee",Sunflower - Spider-Man: Into the Spider-Verse,Republic Records,35,35,119,71774,KR,South Korea,Q3,2023
47,spotify:track:2jidjmWNeRmKgLjXhW52Gz,Lim Young Woong,"Our Blues, Our Life",물고기뮤직,12,45,62,71413,KR,South Korea,Q3,2023
48,spotify:track:5mg3VB3Qh7jcR5kAAC4DSV,FIFTY FIFTY,Cupid,SME Korea Inc.,10,42,19,69514,KR,South Korea,Q3,2023
49,spotify:track:4Cr43xPo7bwyCcL1g3yVCu,Lim Young Woong,A bientot,물고기뮤직,21,56,60,67496,KR,South Korea,Q3,2023
50,spotify:track:2AIdJeRi6mlNXhJRdqlm0A,Beenzino,Monet,BANA,47,47,2,65958,KR,South Korea,Q3,2023
1,spotify:track:7x9aauaA9cu6tyfpHnqDLo,"Jung Kook, Latto",Seven (feat. Latto),BIGHIT MUSIC,1,1,13,650068,KR,South Korea,Q4,2023
2,spotify:track:01qFKNWq73UfEslI0GvumE,"Jung Kook, Jack Harlow",3D (feat. Jack Harlow),BIGHIT MUSIC,2,2,2,541620,KR,South Korea,Q4,2023
3,spotify:track:3Ua0m0YmEjrMi9XErKcNiR,Jimin,Like Crazy,BIGHIT MUSIC,1,3,29,420354,KR,South Korea,Q4,2023
4,spotify:track:0u8rZGtXJrLtiSe34FPjGG,Jimin,Like Crazy (English Version),BIGHIT MUSIC,3,6,29,235611,KR,South Korea,Q4,2023
5,spotify:track:2N0SPREDYqILVEFSsWF5N5,V,Love Me Again,BIGHIT MUSIC,3,4,9,214475,KR,South Korea,Q4,2023
6,spotify:track:59hBR0BCtJsfIbV9VzCVAp,Jimin,Set Me Free Pt.2,BIGHIT MUSIC,2,9,30,211814,KR,South Korea,Q4,2023
7,spotify:track:5h1BN75CEh8wdSwE1xrbSe,V,Slow Dancing,BIGHIT MUSIC,4,5,4,208157,KR,South Korea,Q4,2023
8,spotify:track:6gcuJpHu0Ey30D5WR76y98,JENNIE,You & Me,YG Entertainment/Interscope Records,8,-1,1,208138,KR,South Korea,Q4,2023
9,spotify:track:5ydjxBSUIDn26MFzU3asP4,V,Rainy Days,BIGHIT MUSIC,5,7,9,184654,KR,South Korea,Q4,2023
10,spotify:track:210JJAa9nJOgNa0YNrsT5g,"League of Legends, NewJeans",GODS,Riot Games,10,44,2,176400,KR,South Korea,Q4,2023
11,spotify:track:5sdQOyqq2IDhvmx2lHOpwd,NewJeans,Super Shy,ADOR,2,10,14,158443,KR,South Korea,Q4,2023
12,spotify:track:1qosh64U6CR5ki1g1Rf2dZ,AKMU,Love Lee,YG Entertainment,9,11,8,136428,KR,South Korea,Q4,2023
13,spotify:track:56v8WEnGzLByGsDAXDiv4d,NewJeans,ETA,ADOR,3,12,12,135464,KR,South Korea,Q4,2023
14,spotify:track:4WUpMUjdoi47LY7gBQBXe3,Lim Young Woong,Grain of Sand,물고기뮤직,14,23,19,126151,KR,South Korea,Q4,2023
15,spotify:track:3jxFmvoG55Cwv0JJBzRPce,IVE,Either Way,Starship Entertainment,15,20,3,125679,KR,South Korea,Q4,2023
16,spotify:track:5Odq8ohlgIbQKMZivbWkEo,"Charlie Puth, Jung Kook, BTS",Left and Right (Feat. Jung Kook of BTS),Atlantic Records,1,16,68,120751,KR,South Korea,Q4,2023
17,spotify:track:56y1jOTK0XSvJzVv9vHQBK,Doja Cat,Paint The Town Red,Kemosabe Records/RCA Records,14,14,10,120612,KR,South Korea,Q4,2023
18,spotify:track:4H65EdACzwqV8sTt3dDyA0,RIIZE,Get A Guitar,SM Entertainment/RCA Records,17,17,6,118902,KR,South Korea,Q4,2023
19,spotify:track:4HAOgAnILvXCbSODMoRnmD,V,For Us,BIGHIT MUSIC,11,18,5,118117,KR,South Korea,Q4,2023
20,spotify:track:6auT8cRBu3BgPRBrdVBY15,Lim Young Woong,London Boy,물고기뮤직,14,25,47,116811,KR,South Korea,Q4,2023
21,spotify:track:7pgbDdy7ax962o9d2xJceV,V,Slow Dancing (Piano Ver.),BIGHIT MUSIC,13,19,5,115883,KR,South Korea,Q4,2023
22,spotify:track:2UU11hvjN1JIn4iihEodNT,V,Blue,BIGHIT MUSIC,11,21,5,115451,KR,South Korea,Q4,2023
23,spotify:track:41JPN7pZMTp1sumBOHOzHd,"Agust D, IU",People Pt.2 (feat. IU),BIGHIT MUSIC,9,22,27,111801,KR,South Korea,Q4,2023
24,spotify:track:1vvcEHQdaUTvWt0EIUYcFK,"Kodak Black, NLE Choppa, Jimin, JVKE, Muni Long, Fast & Furious: The Fast Saga","Angel Pt. 1 (feat. Jimin of BTS, JVKE & Muni Long)",APG Inc – FF10,1,26,22,109330,KR,South Korea,Q4,2023
25,spotify:track:2tA3NP12r4niSRhb9Y6AoY,Lim Young Woong,Polaroid,물고기뮤직,16,30,47,106449,KR,South Korea,Q4,2023
26,spotify:track:5BKiMkWucQVb7wrFi29VtX,Jung Kook,3D (Alternate Ver.),BIGHIT MUSIC,8,8,2,104191,KR,South Korea,Q4,2023
27,spotify:track:5Hfnps0jaWFpYg55WOPexG,Jimin,Alone,BIGHIT MUSIC,6,34,29,100301,KR,South Korea,Q4,2023
28,spotify:track:1RDvyOk4WtPCtoqciJwVn8,"Jung Kook, BTS, FIFA Sound",Dreamers [Music from the FIFA World Cup Qatar 2022 Official Soundtrack],Katara Studios | 2101 Records under exclusive license to UnitedMasters LLC,1,15,47,99636,KR,South Korea,Q4,2023
29,spotify:track:6rdkCkjk6D12xRpdMXy0I2,NewJeans,New Jeans,ADOR,4,27,14,98961,KR,South Korea,Q4,2023
30,spotify:track:6f4CAdAmrOfGH3FOfwHMSV,AKMU,Fry’s Dream,YG Entertainment,21,24,8,98364,KR,South Korea,Q4,2023
31,spotify:track:3OdIiWnYRHPYtC313Z0Bwy,Jimin,Face-off,BIGHIT MUSIC,5,37,29,94983,KR,South Korea,Q4,2023
32,spotify:track:7jzOZuWgZ5gaMet9V5Ix1d,JEON SOMI,Fast Forward,THEBLACKLABEL/Interscope Records,11,28,10,94948,KR,South Korea,Q4,2023
33,spotify:track:0Vz146N2GxkVJw4kSGXrNi,JENNIE,You & Me (Coachella ver.),YG Entertainment/Interscope Records,33,-1,1,93162,KR,South Korea,Q4,2023
34,spotify:track:2RLdkXSaiQjRbey5pvP8Kt,Lim Young Woong,If We Ever Meet Again,물고기뮤직,5,35,75,93050,KR,South Korea,Q4,2023
35,spotify:track:3r8RuvgbX9s7ammBn07D3W,NewJeans,Ditto,ADOR,1,31,43,92359,KR,South Korea,Q4,2023
36,spotify:track:5EtiQveQFQy0R05hLVDyKv,NCT 127,Fact Check,SM Entertainment,36,-1,1,90176,KR,South Korea,Q4,2023
37,spotify:track:65FftemJ1DbbZ45DUfHJXE,NewJeans,OMG,ADOR,1,33,41,87859,KR,South Korea,Q4,2023
38,spotify:track:0tSkMuKKrLXEfxc58cEhFX,IVE,Off The Record,Starship Entertainment,38,-1,1,87689,KR,South Korea,Q4,2023
39,spotify:track:1qRfAvzRIJQodWKBNFAb6C,"Dynamicduo, Lee Young Ji","Smoke (Prod. Dynamicduo, Padi)",Genie Music Corporation,21,32,6,86486,KR,South Korea,Q4,2023
40,spotify:track:0a4MMyCrzT0En247IhqZbD,NewJeans,Hype Boy,ADOR,1,36,63,81748,KR,South Korea,Q4,2023
41,spotify:track:70t7Q6AYG6ZgTYmJWcnkUM,IVE,I AM,Starship Entertainment,1,41,27,79824,KR,South Korea,Q4,2023
42,spotify:track:50xSycnGMDy0Wg5jJcOv3S,Lim Young Woong,Rainbow,물고기뮤직,11,42,74,77760,KR,South Korea,Q4,2023
43,spotify:track:0eFMbKCRw8KByXyWBw8WO7,Jung Kook,Still With You,BIGHIT MUSIC,8,29,15,77721,KR,South Korea,Q4,2023
44,spotify:track:7egcmrxRDee6C5M3AtXZ7L,RIIZE,Memories,SM Entertainment/RCA Records,36,45,7,76545,KR,South Korea,Q4,2023
45,spotify:track:02wk5BttM0QL38ERjLPQJB,NewJeans,Cool With You,ADOR,5,39,12,74510,KR,South Korea,Q4,2023
46,spotify:track:5IAESfJjmOYu7cHyX557kz,BTS,Take Two,BIGHIT MUSIC,5,40,18,74272,KR,South Korea,Q4,2023
47,spotify:track:2qg2jy3v50RwfV5FAqG3a2,Jimin,Interlude : Dive,BIGHIT MUSIC,7,51,29,74131,KR,South Korea,Q4,2023
48,spotify:track:4bjN59DRXFRxBE1g5ne6B1,Agust D,Haegeum,BIGHIT MUSIC,10,43,25,74064,KR,South Korea,Q4,2023
49,spotify:track:2jidjmWNeRmKgLjXhW52Gz,Lim Young Woong,"Our Blues, Our Life",물고기뮤직,12,46,75,73334,KR,South Korea,Q4,2023
50,spotify:track:21ewxM3YvcdTj7cC0XwznO,Lim Young Woong,Do or Die,Mulgogi Music,50,-1,1,72616,KR,South Korea,Q4,2023
1,spotify:track:0IKeDy5bT9G0bA7ZixRT4A,"Fuerza Regida, Grupo Frontera",Bebe Dame,Rancho Humilde/Street Mob Records,1,2,3,9036835,MX,Mexico,Q1,2023
2,spotify:track:6Um358vY92UBv5DloTRX9L,"Carín León, Grupo Frontera",Que Vuelvas,BorderKid Records/Sony Music Latin,2,4,5,7255865,MX,Mexico,Q1,2023
3,spotify:track:2mnXxnrX5vCGolNkaFvVeM,"Arcángel, Bad Bunny",La Jumpa,Rimas Entertainment LLC.,1,1,6,6954245,MX,Mexico,Q1,2023
4,spotify:track:1lRtH4FszTrwwlK5gTSbXO,"Natanael Cano, Peso Pluma, Gabito Ballesteros",AMG,WEA Latina,4,10,7,6881141,MX,Mexico,Q1,2023
5,spotify:track:5ww2BF9slyYgNOk37BlC4u,Manuel Turizo,La Bachata,Sony Music Latin/La Industria,1,3,27,6206772,MX,Mexico,Q1,2023
6,spotify:track:23Lyy7ZXRvzfgH4JtDkKrX,Grupo Frontera,NO SE VA - En Vivo,BorderTown Records,1,6,24,5601975,MX,Mexico,Q1,2023
7,spotify:track:4H6o1bxKRGzmsE0vzo968m,"Yuridia, Ángela Aguilar",Qué Agonía,Sony Music México,5,5,12,5567598,MX,Mexico,Q1,2023
8,spotify:track:6Sq7ltF9Qa7SNFBsV5Cogx,"Bad Bunny, Chencho Corleone",Me Porto Bonito,Rimas Entertainment LLC,1,7,36,4845592,MX,Mexico,Q1,2023
9,spotify:track:2tTmW7RDtMQtBk7m2rYeSw,"Bizarrap, Quevedo","Quevedo: Bzrp Music Sessions, Vol. 52/66",DALE PLAY Records,1,11,27,4657307,MX,Mexico,Q1,2023
10,spotify:track:5Eax0qFko2dh7Rl2lYs3bx,Bad Bunny,Efecto,Rimas Entertainment LLC,2,9,36,4636211,MX,Mexico,Q1,2023
11,spotify:track:4ilZV1WNjL7IxwE81OnaRY,Bellakath,Gatita,La Mafia del Perreo,1,8,9,4544911,MX,Mexico,Q1,2023
12,spotify:track:5PfFHceiEv61KldMOuVrv8,"Peso Pluma, Luis R Conriquez",Siempre Pendientes,Prajin Records,6,17,22,4525581,MX,Mexico,Q1,2023
13,spotify:track:54ELExv56KCAB4UP9cOCzC,"Ñengo Flow, Bad Bunny",Gato de Noche,Rimas Entertainment LLC,4,15,3,4480494,MX,Mexico,Q1,2023
14,spotify:track:4w273WCBXwM4P3jTX5HkB2,"Grupo Marca Registrada, Junior H",El Rescate,Boba Records,8,16,25,4406509,MX,Mexico,Q1,2023
15,spotify:track:0UbesRsX2TtiCeamOIVEkp,"Fuerza Regida, Natanael Cano",Ch y la Pizza,Rancho Humilde/Street Mob Records,15,22,6,4380269,MX,Mexico,Q1,2023
16,spotify:track:4ygQ5wSuzzNRevVjup1qV2,"Luis R Conriquez, Tony Aguirre, Peso Pluma",El Gavilán,Kartel Music / Prajin Music,16,20,12,4227177,MX,Mexico,Q1,2023
17,spotify:track:31i56LZnwE6uSu3exoHjtB,Bad Bunny,Neverita,Rimas Entertainment LLC,6,12,36,4169525,MX,Mexico,Q1,2023
18,spotify:track:3k3NWokhRRkEPhCzPmV8TW,"Bad Bunny, Bomba Estéreo",Ojitos Lindos,Rimas Entertainment LLC,1,14,36,4130770,MX,Mexico,Q1,2023
19,spotify:track:1zsPaEkglFvxjAhrM8yhpr,"Ozuna, Feid",Hey Mor,Aura Music Corp.,15,19,13,4083204,MX,Mexico,Q1,2023
20,spotify:track:3XfUFGzbr0LmwFVoLXd9cO,"Fuerza Regida, Edgardo Nuñez",Billete Grande (En Vivo),Rancho Humilde,17,21,22,4062495,MX,Mexico,Q1,2023
21,spotify:track:1IHWl5LamUGEuP4ozKQSXZ,Bad Bunny,Tití Me Preguntó,Rimas Entertainment LLC,2,13,36,4023907,MX,Mexico,Q1,2023
22,spotify:track:46FdwGMcgz6gik4RCpWBAW,"Oscar Maydon, El Padrinito Toys",Los Collares,Rancho Humilde,22,24,14,3891653,MX,Mexico,Q1,2023
23,spotify:track:5kpxVMDvYGRmNqawPqDTYR,"La Adictiva, Luis R Conriquez",JGL,Anval Music,10,18,43,3877894,MX,Mexico,Q1,2023
24,spotify:track:4nrPB8O7Y7wsOCJdgXkthe,"Bizarrap, Shakira","Shakira: Bzrp Music Sessions, Vol. 53/66",DALE PLAY Records,24,-1,1,3834526,MX,Mexico,Q1,2023
25,spotify:track:1RGlfmdvcfatN0ZLOmzanS,Junior H,El Hijo Mayor,WEA Latina,24,26,26,3577625,MX,Mexico,Q1,2023
26,spotify:track:33cF8aTmGJ6TsEf23uqGIN,"Rauw Alejandro, Lyanno, Brray",LOKERA,Sony Music Latin/Duars Entertainment,15,23,24,3479490,MX,Mexico,Q1,2023
27,spotify:track:2VzCjpKvPB1l1tqLndtAQa,Peso Pluma,Por Las Noches,Worms Music,27,37,9,3343748,MX,Mexico,Q1,2023
28,spotify:track:2CeKVsFFXG4QzA415QygGb,Feid,Feliz Cumpleaños Ferxxo,UMLE - Latino,23,32,21,3317391,MX,Mexico,Q1,2023
29,spotify:track:1Fuc3pBiPFxAeSJoO8tDh5,"El Chachito, Junior H",En Paris,Rancho Humilde,29,50,3,3236686,MX,Mexico,Q1,2023
30,spotify:track:3ZGkdrigbWXLgHungXfZkt,"Junior H, Luis R Conriquez",Los Botones Azules,WEA Latina,13,29,45,3145192,MX,Mexico,Q1,2023
31,spotify:track:0uBcoM4zxRXk7kmsmxoiFS,"Luis Mexia, Grupo Firme",Calidad,Luis Mexia,14,25,26,3144762,MX,Mexico,Q1,2023
32,spotify:track:7Jph6HJbfURt4Fea19IED3,Grupo Marca Registrada,Si Fuera Fácil,Boba Records,17,33,33,3130765,MX,Mexico,Q1,2023
33,spotify:track:3bvJftZKZe5QKz433NczyV,Carín León,No Es Por Acá,"Socios Music, LLC",25,31,27,3065091,MX,Mexico,Q1,2023
34,spotify:track:6Xom58OOXk2SoU711L2IXO,Bad Bunny,Moscow Mule,Rimas Entertainment LLC,1,27,36,2951280,MX,Mexico,Q1,2023
35,spotify:track:7dSZ6zGTQx66c2GF91xCrb,KAROL G,PROVENZA,BICHOTA RECORDS / INTERSCOPE RECORDS / UNIVERSAL MUSIC LATINO,1,34,38,2911461,MX,Mexico,Q1,2023
36,spotify:track:1kNC7b4zXbqoceKpkGdnD8,"Grupo Marca Registrada, Luis R Conriquez",Puro Campeón,"RB Music, Inc. (RB Music/Grupo Marca Registrada)",22,36,13,2904102,MX,Mexico,Q1,2023
37,spotify:track:6G12ZafqofSq7YtrMqUm76,"Shakira, Ozuna",Monotonía,Sony Music Latin,5,42,12,2897189,MX,Mexico,Q1,2023
38,spotify:track:1SxNFVI9TFJzQsxdzJ2oVd,"Virlan Garcia, Angel Cervantes",El Chamaquito,La Cima Records,38,43,4,2834868,MX,Mexico,Q1,2023
39,spotify:track:53tfEupEzQRtVFOeZvk7xq,ROSALÍA,DESPECHÁ,Columbia,6,35,24,2782584,MX,Mexico,Q1,2023
40,spotify:track:74WROFXsox6wkeUrEK2DS6,Eden Muñoz,Chale,Lizos Music,1,30,47,2750719,MX,Mexico,Q1,2023
41,spotify:track:6ggHV1SCPqLLV5U2kyW9qD,"Lenin Ramírez, Luis R Conriquez",Solita (En Vivo),DEL Records,37,38,13,2740527,MX,Mexico,Q1,2023
42,spotify:track:1ULnQ2yn5LeQX4LrROm1RD,"Junior H, Ovi",COLOGNE,WEA Latina,21,56,8,2737552,MX,Mexico,Q1,2023
43,spotify:track:0WtM2NBVQNNJLh6scP13H8,"Rema, Selena Gomez",Calm Down (with Selena Gomez),Mavin Records / Jonzing World,29,39,16,2707955,MX,Mexico,Q1,2023
44,spotify:track:6WbAhuwE6fCOriBu5786X1,"KAROL G, Ovy On The Drums",CAIRO,BICHOTA RECORDS / INTERSCOPE RECORDS / UNIVERSAL MUSIC LATINO,33,47,9,2590810,MX,Mexico,Q1,2023
45,spotify:track:7MyOq9tWhL9bGHeeG5Iz5p,Eden Muñoz,Como Quieras Quiero,Lizos Music,40,40,10,2555445,MX,Mexico,Q1,2023
46,spotify:track:7cZoAjj5vufdREBJZGW2lH,"Junior H, Gabito Ballesteros",Vamos Para Arriba,WEA Latina,39,46,19,2479797,MX,Mexico,Q1,2023
47,spotify:track:4Dvkj6JhhA12EX05fT7y2e,Harry Styles,As It Was,Columbia,1,41,41,2475450,MX,Mexico,Q1,2023
48,spotify:track:5Ei8EK2uXNkqqVSe2QYsFp,Julión Álvarez y su Norteño Banda,Que Te Vaya Bien,UMLE - Fonovisa,21,48,21,2443129,MX,Mexico,Q1,2023
49,spotify:track:6rOy9SIawgruuIWLP5divC,La Maquinaria Norteña,Eres Ese Algo,Azteca Records Catalog,49,58,3,2349862,MX,Mexico,Q1,2023
50,spotify:track:2JPLbjOn0wPCngEot2STUS,Bad Bunny,Yonaguni,Rimas Entertainment LLC,1,28,84,2278598,MX,Mexico,Q1,2023
1,spotify:track:3dnP0JxCgygwQH9Gm7q7nb,"Eslabon Armado, Peso Pluma",Ella Baila Sola,DEL Records,1,1,4,19950364,MX,Mexico,Q2,2023
2,spotify:track:2UW7JaomAMuX9pZrjVpHAU,"Yng Lvcas, Peso Pluma",La Bebe - Remix,WM Mexico,2,2,4,15123106,MX,Mexico,Q2,2023
3,spotify:track:1haJsMtoBhHfvuM7XWuT3W,"Junior H, Peso Pluma",El Azul,WEA Latina,3,4,9,12627658,MX,Mexico,Q2,2023
4,spotify:track:2mpoNBkngUEwnaKoBhZ0vl,"Peso Pluma, Natanael Cano",PRC,Prajin Parlay Inc dba Prajin Records / Rancho Humilde / Los CT,1,3,12,12246616,MX,Mexico,Q2,2023
5,spotify:track:1lRtH4FszTrwwlK5gTSbXO,"Natanael Cano, Peso Pluma, Gabito Ballesteros",AMG,WEA Latina,1,5,20,11038139,MX,Mexico,Q2,2023
6,spotify:track:0UbesRsX2TtiCeamOIVEkp,"Fuerza Regida, Natanael Cano",Ch y la Pizza,Rancho Humilde/Street Mob Records,6,6,19,8661750,MX,Mexico,Q2,2023
7,spotify:track:6TBzRwnX2oYd8aOrOuyK1p,"Oscar Maydon, Junior H",Fin de Semana,Rancho Humilde,4,9,13,8196095,MX,Mexico,Q2,2023
8,spotify:track:55ZATsjPlTeSTNJOuW90pW,"Cartel De Santa, La Kelly",Shorty Party,"Babilonia Music, S.A. De C.V.",1,8,6,7889730,MX,Mexico,Q2,2023
9,spotify:track:3kf0WdFOalKWBkCCLJo4mA,Chino Pacas,El Gordo Trae El Mando,Street Mob Records/PFL/Geffen Records,6,10,10,7818681,MX,Mexico,Q2,2023
10,spotify:track:0DWdj2oZMBFSzRsi2Cvfzf,"KAROL G, Shakira",TQG,BICHOTA RECORDS / INTERSCOPE RECORDS / UNIVERSAL MUSIC LATINO,1,7,7,7718925,MX,Mexico,Q2,2023
11,spotify:track:2VzCjpKvPB1l1tqLndtAQa,Peso Pluma,Por Las Noches,Worms Music,11,11,22,7138973,MX,Mexico,Q2,2023
12,spotify:track:6Um358vY92UBv5DloTRX9L,"Carín León, Grupo Frontera",Que Vuelvas,BorderKid Records/Sony Music Latin,2,12,18,6180143,MX,Mexico,Q2,2023
13,spotify:track:5RcxRGvmYai7kpFSfxe5GY,"Becky G, Peso Pluma",CHANEL,Kemosabe Records/RCA Records,13,53,2,5581027,MX,Mexico,Q2,2023
14,spotify:track:0IKeDy5bT9G0bA7ZixRT4A,"Fuerza Regida, Grupo Frontera",Bebe Dame,Rancho Humilde/Street Mob Records,1,14,16,5470862,MX,Mexico,Q2,2023
15,spotify:track:1Fuc3pBiPFxAeSJoO8tDh5,"El Chachito, Junior H",En Paris,Rancho Humilde,12,16,16,5360534,MX,Mexico,Q2,2023
16,spotify:track:6Xj014IHwbLVjiVT6H89on,Kenia Os,Malas Decisiones,Sony Music México / 5020 RCRDS,13,18,13,5052263,MX,Mexico,Q2,2023
17,spotify:track:609E1JCInJncactoMmkDon,"ROSALÍA, Rauw Alejandro",BESO,Columbia Records/Duars Entertainment/Sony Music Latin,15,15,3,5022591,MX,Mexico,Q2,2023
18,spotify:track:4nrPB8O7Y7wsOCJdgXkthe,"Bizarrap, Shakira","Shakira: Bzrp Music Sessions, Vol. 53/66",DALE PLAY Records,1,17,14,4816104,MX,Mexico,Q2,2023
19,spotify:track:7dR09k1an5JEq7ch0Y5hvV,"Chino Pacas, Fuerza Regida",Dijeron Que No La Iba Lograr,Street Mob Records/PFL/Geffen Records,12,13,5,4756190,MX,Mexico,Q2,2023
20,spotify:track:1piak4R3yW4otWWyaSqyCH,"Junior H, Peso Pluma, Gabito Ballesteros",El Tsurito,WEA Latina,20,-1,1,4742093,MX,Mexico,Q2,2023
21,spotify:track:4ygQ5wSuzzNRevVjup1qV2,"Luis R Conriquez, Tony Aguirre, Peso Pluma",El Gavilán,Kartel Music / Prajin Music,12,20,25,4572626,MX,Mexico,Q2,2023
22,spotify:track:46FdwGMcgz6gik4RCpWBAW,"Oscar Maydon, El Padrinito Toys",Los Collares,Rancho Humilde,13,19,27,4494880,MX,Mexico,Q2,2023
23,spotify:track:17js0w8GTkTUFGFM6PYvBd,"Fuerza Regida, Peso Pluma",Igualito a Mi Apá,Rancho Humilde/Street Mob Records,23,26,12,4202747,MX,Mexico,Q2,2023
24,spotify:track:3gfSH9aYZbyGjdmbeoWliw,"Peso Pluma, Luis R Conriquez",Siempre Pendientes,Prajin Records,6,25,35,4073843,MX,Mexico,Q2,2023
25,spotify:track:1RGlfmdvcfatN0ZLOmzanS,Junior H,El Hijo Mayor,WEA Latina,22,22,39,4013231,MX,Mexico,Q2,2023
26,spotify:track:0Dn0h4YdPvM4v0HNdgnyeP,"Natanael Cano, Dan Sanchez",Como Es Arriba Es Abajo,WEA Latina,26,40,3,3975862,MX,Mexico,Q2,2023
27,spotify:track:4FAKtPVycI4DxoOHC01YqD,"Yandel, Feid",Yandel 150,La Leyenda LLC,22,23,14,3958071,MX,Mexico,Q2,2023
28,spotify:track:0kzN7YAMSbmlHOvxlbQW9y,"Grupo Marca Registrada, Grupo Frontera",Di Que Si,"RB Music, Inc. (RB Music/Grupo Marca Registrada)",10,24,9,3934431,MX,Mexico,Q2,2023
29,spotify:track:0PB0O24JqAuNdOAFVJljMS,"Eladio Carrion, Bad Bunny",Coco Chanel,Rimas Entertainment LLC,15,31,4,3705851,MX,Mexico,Q2,2023
30,spotify:track:3tt9i3Hhzq84dPS8H7iSiJ,Manuel Turizo,La Bachata,Sony Music Latin/La Industria,1,21,40,3647295,MX,Mexico,Q2,2023
31,spotify:track:4H6o1bxKRGzmsE0vzo968m,"Yuridia, Ángela Aguilar",Qué Agonía,Sony Music México,5,30,25,3624831,MX,Mexico,Q2,2023
32,spotify:track:23Lyy7ZXRvzfgH4JtDkKrX,Grupo Frontera,NO SE VA - En Vivo,BorderTown Records,1,32,37,3601397,MX,Mexico,Q2,2023
33,spotify:track:6Xfu24Hd3ufGrpGyZFy07M,"Grupo Firme, Junior H",Tronando Ligas,Music VIP Entertainment Presenta Grupo Firme,28,28,3,3553262,MX,Mexico,Q2,2023
34,spotify:track:6odrHMSLjP3aOXC4ipKUC6,Yng Lvcas,La Bebe,Yng Lvcas,15,27,21,3519273,MX,Mexico,Q2,2023
35,spotify:track:2mnXxnrX5vCGolNkaFvVeM,"Arcángel, Bad Bunny",La Jumpa,Rimas Entertainment LLC.,1,29,19,3444780,MX,Mexico,Q2,2023
36,spotify:track:1ULnQ2yn5LeQX4LrROm1RD,"Junior H, Ovi",COLOGNE,WEA Latina,19,34,21,3405439,MX,Mexico,Q2,2023
37,spotify:track:5HiA7W5wYDWi06UZFUluRu,"Peso Pluma, Nicki Nicole",Por las Noches - Remix,Prajin Parlay Inc./Sony Music Latin,31,41,6,3366227,MX,Mexico,Q2,2023
38,spotify:track:6Sq7ltF9Qa7SNFBsV5Cogx,"Bad Bunny, Chencho Corleone",Me Porto Bonito,Rimas Entertainment LLC,1,37,49,3127523,MX,Mexico,Q2,2023
39,spotify:track:1zsPaEkglFvxjAhrM8yhpr,"Ozuna, Feid",Hey Mor,Aura Music Corp.,13,36,26,3107476,MX,Mexico,Q2,2023
40,spotify:track:6otePxalBK8AVa20xhZYVQ,KAROL G,MIENTRAS ME CURO DEL CORA,BICHOTA RECORDS / INTERSCOPE RECORDS / UNIVERSAL MUSIC LATINO,39,39,7,3033932,MX,Mexico,Q2,2023
41,spotify:track:2tTmW7RDtMQtBk7m2rYeSw,"Bizarrap, Quevedo","Quevedo: Bzrp Music Sessions, Vol. 52/66",DALE PLAY Records,1,38,40,3024707,MX,Mexico,Q2,2023
42,spotify:track:4DHcnVTT87F0zZhRPYmZ3B,Miley Cyrus,Flowers,Columbia,2,42,13,3015188,MX,Mexico,Q2,2023
43,spotify:track:3k3NWokhRRkEPhCzPmV8TW,"Bad Bunny, Bomba Estéreo",Ojitos Lindos,Rimas Entertainment LLC,1,43,49,2976465,MX,Mexico,Q2,2023
44,spotify:track:6XSqqQIy7Lm7SnwxS4NrGx,"Feid, Young Miko",CLASSY 101,UMLE - Latino,44,84,2,2956696,MX,Mexico,Q2,2023
45,spotify:track:24teIhDYO2RocTA2v5dY0r,Junior H,Extssy Model,WEA Latina,37,44,26,2914210,MX,Mexico,Q2,2023
46,spotify:track:2CeKVsFFXG4QzA415QygGb,Feid,Feliz Cumpleaños Ferxxo,UMLE - Latino,23,49,34,2844413,MX,Mexico,Q2,2023
47,spotify:track:3ZGkdrigbWXLgHungXfZkt,"Junior H, Luis R Conriquez",Los Botones Azules,WEA Latina,13,45,58,2808932,MX,Mexico,Q2,2023
48,spotify:track:5Eax0qFko2dh7Rl2lYs3bx,Bad Bunny,Efecto,Rimas Entertainment LLC,2,47,49,2798454,MX,Mexico,Q2,2023
49,spotify:track:3XfUFGzbr0LmwFVoLXd9cO,"Fuerza Regida, Edgardo Nuñez",Billete Grande (En Vivo),Rancho Humilde,16,46,35,2794900,MX,Mexico,Q2,2023
50,spotify:track:7Lkxvfl2rkNYWS4kBDCQtN,"Peso Pluma, Blessd",Las Morras,Prajin Parlay Inc dba Prajina Records / Worms Music / Warner Music Colombia / Warner Music Latina / JM WORLD MUSIC / CIGOL,50,-1,1,2703179,MX,Mexico,Q2,2023
1,spotify:track:7mXuWTczZNxG5EDcjFEuJR,"Peso Pluma, Gabito Ballesteros, Junior H",LADY GAGA,Double P Records,1,1,3,11235236,MX,Mexico,Q3,2023
2,spotify:track:1UMm1Qs3u59Wvk53zBUE8r,Fuerza Regida,SABOR FRESA,Rancho Humilde/Street Mob Records,2,2,3,11145928,MX,Mexico,Q3,2023
3,spotify:track:368eeEO3Y2uZUQ6S5oIjcu,Fuerza Regida,TQM,Rancho Humilde/Street Mob Records,1,3,8,9430751,MX,Mexico,Q3,2023
4,spotify:track:1haJsMtoBhHfvuM7XWuT3W,"Junior H, Peso Pluma",El Azul,WEA Latina,3,5,22,9174278,MX,Mexico,Q3,2023
5,spotify:track:7bPp2NmpmyhLJ7zWazAXMu,"Peso Pluma, Grupo Frontera",TULUM,Double P Records,5,6,2,8645710,MX,Mexico,Q3,2023
6,spotify:track:7ABLbnD53cQK00mhcaOUVG,Myke Towers,LALA,WEA Latina,6,75,2,8348981,MX,Mexico,Q3,2023
7,spotify:track:6pD0ufEQq0xdHSsRbg9LBK,"Grupo Frontera, Bad Bunny",un x100to,Rimas Entertainment LLC.,2,7,13,8305551,MX,Mexico,Q3,2023
8,spotify:track:3qQbCzHBycnDpGskqOWY0E,"Eslabon Armado, Peso Pluma",Ella Baila Sola,DEL Records,1,9,17,7518133,MX,Mexico,Q3,2023
9,spotify:track:2UW7JaomAMuX9pZrjVpHAU,"Yng Lvcas, Peso Pluma",La Bebe - Remix,WM Mexico,2,11,17,7327196,MX,Mexico,Q3,2023
10,spotify:track:5AqiaZwhmC6dIbgWrD5SzV,"Bizarrap, Peso Pluma","Peso Pluma: Bzrp Music Sessions, Vol. 55/66",DALE PLAY Records,1,10,7,7230860,MX,Mexico,Q3,2023
11,spotify:track:1oWkcc7hQdVYPQMyQ6AFov,Natanael Cano,Mi Bello Angel,WEA Latina,4,4,2,6793794,MX,Mexico,Q3,2023
12,spotify:track:4JdSXF2p71cr8uCY3UiJM0,"Yahritza Y Su Esencia, Grupo Frontera",Frágil,Lumbre Music/Columbia,9,13,14,6353814,MX,Mexico,Q3,2023
13,spotify:track:25OeKzcqakFPaJlXHPE5lm,Carín León,Primera Cita,"Socios Music, LLC",13,15,11,6332281,MX,Mexico,Q3,2023
14,spotify:track:3RA55zrRkyPK8Fd86hrMy8,"Peso Pluma, Junior H",LUNA,Double P Records,4,8,3,6152681,MX,Mexico,Q3,2023
15,spotify:track:7ro0hRteUMfnOioTFI5TG1,Bad Bunny,WHERE SHE GOES,Rimas Entertainment LLC,6,17,8,5721602,MX,Mexico,Q3,2023
16,spotify:track:3HOKxuTDmNVmIlCIpBiD8m,"Peso Pluma, Jasiel Nuñez",LAGUNAS,Double P Records,16,23,3,5665025,MX,Mexico,Q3,2023
17,spotify:track:6TBzRwnX2oYd8aOrOuyK1p,"Oscar Maydon, Junior H",Fin de Semana,Rancho Humilde,4,20,26,5220971,MX,Mexico,Q3,2023
18,spotify:track:4eMKD8MRroxCqugpsxCCNb,"Tainy, Bad Bunny",MOJABI GHOST,"NEON16, LLC",18,18,2,5182323,MX,Mexico,Q3,2023
19,spotify:track:6Um358vY92UBv5DloTRX9L,"Carín León, Grupo Frontera",Que Vuelvas,BorderKid Records/Sony Music Latin,2,24,31,5006929,MX,Mexico,Q3,2023
20,spotify:track:3kf0WdFOalKWBkCCLJo4mA,Chino Pacas,El Gordo Trae El Mando,Street Mob Records/PFL/Geffen Records,6,21,23,4889549,MX,Mexico,Q3,2023
21,spotify:track:6f8wbdo8KU5ETWJA7lapgS,Peso Pluma,BYE,Double P Records,8,19,7,4768407,MX,Mexico,Q3,2023
22,spotify:track:2VzCjpKvPB1l1tqLndtAQa,Peso Pluma,Por Las Noches,Worms Music,7,27,35,4710292,MX,Mexico,Q3,2023
23,spotify:track:1piak4R3yW4otWWyaSqyCH,"Junior H, Peso Pluma, Gabito Ballesteros",El Tsurito,WEA Latina,13,29,14,4445781,MX,Mexico,Q3,2023
24,spotify:track:0xGZjxYqcNQ8WqxyeZ4eSN,Peso Pluma,RUBICON,Double P Records,24,28,3,4366818,MX,Mexico,Q3,2023
25,spotify:track:0qCPD6ilr9nXkI4KVZgcns,"Eden Muñoz, Junior H",Abcdario,Lizos Music,7,30,9,4280422,MX,Mexico,Q3,2023
26,spotify:track:0cNSq9T5l8gZnpY14rsTR2,"Peso Pluma, Natanael Cano",PRC,Double P Records,1,22,25,4247713,MX,Mexico,Q3,2023
27,spotify:track:6XSqqQIy7Lm7SnwxS4NrGx,"Feid, Young Miko",CLASSY 101,UMLE - Latino,18,32,15,4143571,MX,Mexico,Q3,2023
28,spotify:track:5PLqXnvHH7Gh6CcfiUEr7e,Natanael Cano,Mas Altas Que Bajadas,WEA Latina,12,12,2,4141965,MX,Mexico,Q3,2023
29,spotify:track:0UbesRsX2TtiCeamOIVEkp,"Fuerza Regida, Natanael Cano",Ch y la Pizza,Rancho Humilde/Street Mob Records,6,26,32,4133998,MX,Mexico,Q3,2023
30,spotify:track:1VvoSJiPG9dFsDQjTkACvG,"Natanael Cano, Peso Pluma, Gabito Ballesteros",AMG,WEA Latina,1,16,33,3878338,MX,Mexico,Q3,2023
31,spotify:track:5RcxRGvmYai7kpFSfxe5GY,"Becky G, Peso Pluma",CHANEL,Kemosabe Records/RCA Records,10,35,15,3757673,MX,Mexico,Q3,2023
32,spotify:track:55ZATsjPlTeSTNJOuW90pW,"Cartel De Santa, La Kelly",Shorty Party,"Babilonia Music, S.A. De C.V.",1,41,19,3675028,MX,Mexico,Q3,2023
33,spotify:track:0IKeDy5bT9G0bA7ZixRT4A,"Fuerza Regida, Grupo Frontera",Bebe Dame,Rancho Humilde/Street Mob Records,1,39,29,3666240,MX,Mexico,Q3,2023
34,spotify:track:0DWdj2oZMBFSzRsi2Cvfzf,"KAROL G, Shakira",TQG,BICHOTA RECORDS / INTERSCOPE RECORDS / UNIVERSAL MUSIC LATINO,1,37,20,3641622,MX,Mexico,Q3,2023
35,spotify:track:0FkD2FHEZrZIofVkY6XPFK,"Tito Double P, Joel De La P, Luis R Conriquez",DEMBOW BÉLICO,Double P Records,11,36,5,3611274,MX,Mexico,Q3,2023
36,spotify:track:7uuqrSuCjWxPTCVyOeGMyt,"Michelle Maciel, Eden Muñoz",CCC,DALE PLAY Records / Solido Records,36,47,9,3452591,MX,Mexico,Q3,2023
37,spotify:track:3B0swL7Qil9bB7eKzBREBK,"Peso Pluma, Edgardo Nuñez, Los Dareyes De La Sierra",VVS,Double P Records,11,31,5,3420081,MX,Mexico,Q3,2023
38,spotify:track:6X5WZbJzXtk6aO03HlxuZ9,"Eslabon Armado, Luis R Conriquez",Así Lo Quiso Dios,DEL Records,26,42,11,3417473,MX,Mexico,Q3,2023
39,spotify:track:17js0w8GTkTUFGFM6PYvBd,"Fuerza Regida, Peso Pluma",Igualito a Mi Apá,Rancho Humilde/Street Mob Records,19,44,25,3217463,MX,Mexico,Q3,2023
40,spotify:track:1Fuc3pBiPFxAeSJoO8tDh5,"El Chachito, Junior H",En Paris,Rancho Humilde,12,45,29,3196578,MX,Mexico,Q3,2023
41,spotify:track:5pnj8s1C1LnwkiIRrsLXSg,Natanael Cano,Pacas De Billetes,WEA Latina,18,25,11,3118474,MX,Mexico,Q3,2023
42,spotify:track:6Z0ybnsUBhbZ9ZjPW64eoF,Belanova,Rosa Pastel,Int'l Latin America,36,51,34,3084357,MX,Mexico,Q3,2023
43,spotify:track:4yjeRuoVickg1G87LWeRes,"Peso Pluma, Jasiel Nuñez",ROSA PASTEL,Double P Records,19,40,12,3070508,MX,Mexico,Q3,2023
44,spotify:track:1RGlfmdvcfatN0ZLOmzanS,Junior H,El Hijo Mayor,WEA Latina,22,54,52,3002848,MX,Mexico,Q3,2023
45,spotify:track:3tt9i3Hhzq84dPS8H7iSiJ,Manuel Turizo,La Bachata,Sony Music Latin/La Industria,1,59,53,2990493,MX,Mexico,Q3,2023
46,spotify:track:24teIhDYO2RocTA2v5dY0r,Junior H,Extssy Model,WEA Latina,37,60,39,2940406,MX,Mexico,Q3,2023
47,spotify:track:6GM5l4aJ9aOhGStxODvNBm,"Natanael Cano, Junior H",Eres,WEA Latina,14,14,2,2917309,MX,Mexico,Q3,2023
48,spotify:track:3KZCP2StVGdWkOKyRZNWA4,Plan B,Es un Secreto,Pina Records,42,62,70,2887445,MX,Mexico,Q3,2023
49,spotify:track:0lc2neV7ZzjZExwCIVG2B3,"Peso Pluma, Blessd",LAS MORRAS,Double P Records,16,43,14,2880932,MX,Mexico,Q3,2023
50,spotify:track:1QgY3dbddC41h8cBm9lxKd,LATIN MAFIA,Julieta,Rimas Entertainment México S.A. de C.V,50,85,3,2798655,MX,Mexico,Q3,2023
1,spotify:track:6uIIdjYTxxpWOyWuVXrKQO,"Calle 24, Chino Pacas, Fuerza Regida",Que Onda,Street Mob Records,1,1,6,12166684,MX,Mexico,Q4,2023
2,spotify:track:7mXuWTczZNxG5EDcjFEuJR,"Peso Pluma, Gabito Ballesteros, Junior H",LADY GAGA,Double P Records,1,2,16,10767874,MX,Mexico,Q4,2023
3,spotify:track:2TJKY0WSFufZOzbRNgl6zE,"Alex Favela, Grupo Marca Registrada, Joaquin Medina",ELOVRGA,Rios Music/ Outerspace Music/ Boba Records Corporation,3,3,8,9829655,MX,Mexico,Q4,2023
4,spotify:track:5RqSsdzTNPX1uzkmlHCFvK,"KAROL G, Peso Pluma",QLONA,Bichota/Interscope Records,2,4,9,8698447,MX,Mexico,Q4,2023
5,spotify:track:6RcAHyC5sAUIbPTkhOQwd8,Junior H,Y LLORO,WEA Latina,5,-1,1,8442196,MX,Mexico,Q4,2023
6,spotify:track:4bw8mcDUSRWfQo63ZTYRnU,"Maluma, Carín León",Según Quién,Sony Music Latin,6,6,8,7786780,MX,Mexico,Q4,2023
7,spotify:track:25OeKzcqakFPaJlXHPE5lm,Carín León,Primera Cita,"Socios Music, LLC",2,5,24,7405831,MX,Mexico,Q4,2023
8,spotify:track:0O3U5iwTbiXCREMkvotJuN,"Grupo Frontera, Grupo Firme",EL AMOR DE SU VIDA,BorderTown Records,6,7,10,7142696,MX,Mexico,Q4,2023
9,spotify:track:7yIIeKUxTpn36X6CFJhgEi,"Bellakath, Dani Flow",Reggaeton Champagne,La Mafia del Perreo,9,-1,1,6775017,MX,Mexico,Q4,2023
10,spotify:track:1UMm1Qs3u59Wvk53zBUE8r,Fuerza Regida,SABOR FRESA,Rancho Humilde/Street Mob Records,2,8,16,5946677,MX,Mexico,Q4,2023
11,spotify:track:68cUJFq7aAbgeurngTmngL,Junior H,$AD BOYZ II,WEA Latina,11,-1,1,5754138,MX,Mexico,Q4,2023
12,spotify:track:7ABLbnD53cQK00mhcaOUVG,Myke Towers,LALA,WEA Latina,3,9,15,5673044,MX,Mexico,Q4,2023
13,spotify:track:0zhymr6RqNuvp0RMIvdpdA,"Código FN, Gabito Ballesteros",Mood Malandro,Al Millon Music,13,13,7,5256465,MX,Mexico,Q4,2023
14,spotify:track:1haJsMtoBhHfvuM7XWuT3W,"Junior H, Peso Pluma",El Azul,WEA Latina,3,10,35,5227413,MX,Mexico,Q4,2023
15,spotify:track:6YOfGIE6iFxC7G8OlGGvzW,Junior H,ROCKSTAR,WEA Latina,15,-1,1,5046013,MX,Mexico,Q4,2023
16,spotify:track:4t46soaqA758rbukTO5pp1,Natanael Cano,Mi Bello Angel,WEA Latina,4,12,15,5016302,MX,Mexico,Q4,2023
17,spotify:track:368eeEO3Y2uZUQ6S5oIjcu,Fuerza Regida,TQM,Rancho Humilde/Street Mob Records,1,11,21,4979237,MX,Mexico,Q4,2023
18,spotify:track:63ui2w3QJBp8xx0c1MJB2Z,Bad Bunny,UN PREVIEW,Rimas Entertainment LLC,14,14,3,4816290,MX,Mexico,Q4,2023
19,spotify:track:7bPp2NmpmyhLJ7zWazAXMu,"Peso Pluma, Grupo Frontera",TULUM,Double P Records,4,15,15,4532071,MX,Mexico,Q4,2023
20,spotify:track:2yzshFeBIwH8tWIqHEFLeD,"Grupo Frontera, Bad Bunny",un x100to,BorderTown Records,2,16,26,4372180,MX,Mexico,Q4,2023
21,spotify:track:3wlIAXSDtlD9iU8ysld06Z,"Peso Pluma, Jasiel Nuñez, Junior H",BIPOLAR,Double P Records,13,17,5,4265437,MX,Mexico,Q4,2023
22,spotify:track:6TBzRwnX2oYd8aOrOuyK1p,"Oscar Maydon, Junior H",Fin de Semana,Rancho Humilde,4,19,39,4145270,MX,Mexico,Q4,2023
23,spotify:track:5SHXikmjPwChjvpVIeYkMf,"Oscar Maydon, Junior H, Gabito Ballesteros",Skin de Bandida,Rancho Humilde,23,24,3,4132629,MX,Mexico,Q4,2023
24,spotify:track:3HOKxuTDmNVmIlCIpBiD8m,"Peso Pluma, Jasiel Nuñez",LAGUNAS,Double P Records,12,23,16,4076229,MX,Mexico,Q4,2023
25,spotify:track:3qQbCzHBycnDpGskqOWY0E,"Eslabon Armado, Peso Pluma",Ella Baila Sola,DEL Records,1,20,30,4053598,MX,Mexico,Q4,2023
26,spotify:track:1SlPNQ3vAF56AiHr6Ul6jM,"Michelle Maciel, Eden Muñoz, Panter Bélico",CCC - Remix,DALE PLAY Records / Solido Records,26,36,6,3962352,MX,Mexico,Q4,2023
27,spotify:track:1iLbUmb2b2btyAAcQ68a1p,"Bizarrap, Milo j","Milo J: Bzrp Music Sessions, Vol. 57/66",DALE PLAY Records,27,-1,1,3960233,MX,Mexico,Q4,2023
28,spotify:track:5HR7yfhSCeoOHRQN05XnZQ,"Grupo Frontera, Carín León",QUE VUELVAS,BorderTown Records,2,22,44,3795109,MX,Mexico,Q4,2023
29,spotify:track:2UW7JaomAMuX9pZrjVpHAU,"Yng Lvcas, Peso Pluma",La Bebe - Remix,WM Mexico,2,21,30,3770093,MX,Mexico,Q4,2023
30,spotify:track:2a8yglXvNw07OWu4lO2ByG,Junior H,LA CHERRY,WEA Latina,30,-1,1,3730203,MX,Mexico,Q4,2023
31,spotify:track:4loIMejzvt11s97SGVEat8,"Xavi, Los Dareyes De La Sierra",Poco A Poco,Interscope Records,31,57,2,3707973,MX,Mexico,Q4,2023
32,spotify:track:1AZbs0L3SkXe625DKp37KQ,LATIN MAFIA,Julietota,Home Made Records,27,32,7,3607863,MX,Mexico,Q4,2023
33,spotify:track:0xGZjxYqcNQ8WqxyeZ4eSN,Peso Pluma,RUBICON,Double P Records,18,25,16,3601003,MX,Mexico,Q4,2023
34,spotify:track:7uuqrSuCjWxPTCVyOeGMyt,"Michelle Maciel, Eden Muñoz",CCC,DALE PLAY Records / Solido Records,14,26,22,3562932,MX,Mexico,Q4,2023
35,spotify:track:2HafqoJbgXdtjwCOvNEF14,iñigo quintero,Si No Estás,Acqustic,35,64,2,3513131,MX,Mexico,Q4,2023
36,spotify:track:431Dwa4XSR1z1aWgmCisnP,Junior H,SERPIENTE,WEA Latina,36,-1,1,3495229,MX,Mexico,Q4,2023
37,spotify:track:54zcJnb3tp9c5OVKREZ1Is,KAROL G,MI EX TENÍA RAZÓN,Bichota/Interscope Records,13,29,9,3457721,MX,Mexico,Q4,2023
38,spotify:track:6XbtvPmIpyCbjuT0e8cQtp,Quevedo,Columbia,Rimas Entertainment LLC.,16,28,14,3449593,MX,Mexico,Q4,2023
39,spotify:track:4eMKD8MRroxCqugpsxCCNb,"Tainy, Bad Bunny",MOJABI GHOST,"NEON16, LLC",15,31,15,3398744,MX,Mexico,Q4,2023
40,spotify:track:5wjsJIUf6pdrwauPDae43o,"Shakira, Fuerza Regida",El Jefe,Sony Music Latin,15,18,3,3373618,MX,Mexico,Q4,2023
41,spotify:track:1GtIK8iINes4gNt06F60NU,Alfredo Olivas,Vete,Fonovisa,38,38,15,3354520,MX,Mexico,Q4,2023
42,spotify:track:0uBrQT9ny21InKVEsc7lm2,"Uzielito Mix, El Bogueto, Dani Flow",Otro Show,Candela Music,37,37,5,3309457,MX,Mexico,Q4,2023
43,spotify:track:2CshODtf7iwe3pKlPmEWF5,Junior H,TRES BOTELLAS,WEA Latina,43,-1,1,3224997,MX,Mexico,Q4,2023
44,spotify:track:5XVdHRf4CAJ2Jm0uMIy5qY,Xavi,La Víctima,Interscope Records,44,47,3,3208191,MX,Mexico,Q4,2023
45,spotify:track:0cNSq9T5l8gZnpY14rsTR2,"Peso Pluma, Natanael Cano",PRC,Double P Records,1,34,38,3206802,MX,Mexico,Q4,2023
46,spotify:track:2m3Fqmw1mfs39KklPmjq79,"Lefty Sm, Santa Fe Klan, Dharius, C-Kan, MC Davo, Neto Peña",Por Mi México (Remix),Alzada Corp,21,27,6,3183838,MX,Mexico,Q4,2023
47,spotify:track:6XSqqQIy7Lm7SnwxS4NrGx,"Feid, Young Miko",CLASSY 101,UMLE - Latino,18,33,28,3150238,MX,Mexico,Q4,2023
48,spotify:track:0UbesRsX2TtiCeamOIVEkp,"Fuerza Regida, Natanael Cano",Ch y la Pizza,Rancho Humilde/Street Mob Records,6,35,45,3072944,MX,Mexico,Q4,2023
49,spotify:track:0qCPD6ilr9nXkI4KVZgcns,"Eden Muñoz, Junior H",Abcdario,Lizos Music,7,42,22,3038520,MX,Mexico,Q4,2023
50,spotify:track:0uQhDYHyoZe5DpncrPolb6,Junior H,LAS NOCHES,WEA Latina,50,-1,1,3020631,MX,Mexico,Q4,2023
1,spotify:track:7ErtOGQ9DwyQa3lwP77j4u,Ruger,Asiwaju,Promised Land Recordings,1,1,9,321091,NG,Nigeria,Q1,2023
2,spotify:track:1wADwLSkYhrSmy4vdy6BRn,Omah Lay,soso,KeyQaad/Sire Records,2,12,26,252161,NG,Nigeria,Q1,2023
3,spotify:track:5F4OfeowSReF93KcH2eUcG,Young Jonn,Xtra Cool,Chocolate City Music,1,3,16,246788,NG,Nigeria,Q1,2023
4,spotify:track:4iL7caaYvGopP9d6hdlMAi,Zinoleesky,Personal,Marlian Music,2,2,4,234693,NG,Nigeria,Q1,2023
5,spotify:track:5UwxpuGHkwiojKDaPC5ZNu,Asake,Joha,YBNL Nation / EMPIRE,1,4,19,195080,NG,Nigeria,Q1,2023
6,spotify:track:5ycsqezujKrwviU3VFhci1,Asake,Terminator,YBNL Nation / EMPIRE,1,5,21,179146,NG,Nigeria,Q1,2023
7,spotify:track:3dQBUVzA9qw3iUOfzRla8T,"Mavins, Rema, Boy Spyce, Crayon, Bayanni, Magixx, LADIPOE, Ayra Starr, Johnny Drille",Won Da Mo,Mavin Records,1,6,10,179039,NG,Nigeria,Q1,2023
8,spotify:track:47rtDAZmqRUjba0V1en3XY,Kizz Daniel,RTID (Rich Till I Die),FlyBoy INC / EMPIRE,8,-1,1,162143,NG,Nigeria,Q1,2023
9,spotify:track:1xs8bOvm3IzEYmcLJVOc34,Ayra Starr,Rush,Mavin Records,1,8,17,158696,NG,Nigeria,Q1,2023
10,spotify:track:2qWwuCVeMjF9mUT0S5Iqvl,"Fireboy DML, Asake",Bandana,YBNL Nation / EMPIRE,1,7,27,150097,NG,Nigeria,Q1,2023
11,spotify:track:0AoBY2Y3qs6dtGgOD6c91N,Burna Boy,Alone,Roc Nation/Def Jam/Hollywood,9,14,10,142443,NG,Nigeria,Q1,2023
12,spotify:track:2wgvxtggKVzPkl0smF2UzI,Asake,Organise,YBNL Nation / EMPIRE,1,9,19,141837,NG,Nigeria,Q1,2023
13,spotify:track:56iVI65i40FrCO5p382IrK,Seyi Vibez,Chance (Na Ham),Vibez Inc / Dvpper Music,13,20,11,140243,NG,Nigeria,Q1,2023
14,spotify:track:0u2A4QNAMUyfQbgfVR3HvK,"Kizz Daniel, EMPIRE",Cough (Odo),EMPIRE,1,11,13,138036,NG,Nigeria,Q1,2023
15,spotify:track:3J5IO8OLj05dRaZjHBHS8D,"Tiwa Savage, Asake",Loaded,222 Ent. / Everything Savage,4,10,10,137410,NG,Nigeria,Q1,2023
16,spotify:track:3IQT2MM49GkXfHF9eemaw5,"Victony, Tempoe",Soweto,Encore Recordings,8,18,23,133982,NG,Nigeria,Q1,2023
17,spotify:track:5YbPxJwPfrj7uswNwoF1pJ,Burna Boy,Last Last,Spaceship/ Bad Habit/Atlantic Records,1,15,35,133326,NG,Nigeria,Q1,2023
18,spotify:track:7oDSvHJUY3NPdH9YKiCQwe,Seyi Vibez,Para Boi,Vibez Inc / Dvpper Music,18,-1,1,132984,NG,Nigeria,Q1,2023
19,spotify:track:1YUrCnmAEQbdmTeucn3WCl,"Bella Shmurda, Omah Lay",Philo,Dangbana Republik,10,16,17,130109,NG,Nigeria,Q1,2023
20,spotify:track:6McBvfxgkVfREmQPwTKBUn,"Pheelz, Davido",Electricity,Warner Records,3,13,21,127388,NG,Nigeria,Q1,2023
21,spotify:track:2eknBYpfzA4Mp5zWHMGac5,Young Jonn,If You Leave,Chocolate City Music,17,17,12,124111,NG,Nigeria,Q1,2023
22,spotify:track:1DA2ADZs6O28y2rmdmpekw,"Wizkid, Ayra Starr",2 Sugar (feat. Ayra Starr),Starboy/RCA Records,1,22,9,120389,NG,Nigeria,Q1,2023
23,spotify:track:2woGTVY8Vx46aYuXfMmwwE,BNXN,Traboski,T.Y.E. / EMPIRE,2,26,7,116704,NG,Nigeria,Q1,2023
24,spotify:track:6ewsOjbC1jWAZcjAhVxDs0,Asake,Peace Be Unto You (PBUY),YBNL Nation / EMPIRE,1,19,31,113197,NG,Nigeria,Q1,2023
25,spotify:track:4MzOppXoeKvDsVaNMeOK3C,Ruger,Girlfriend,Promised Land Recordings,5,24,30,111914,NG,Nigeria,Q1,2023
26,spotify:track:2WigMwGJysIh9fRnSJvpjn,Oxlade,KU LO SA - A COLORS SHOW,Troniq Inc,5,23,31,110161,NG,Nigeria,Q1,2023
27,spotify:track:5hVjoL3sHepZROri63wBxP,Burna Boy,It's Plenty,Spaceship/ Bad Habit/Atlantic Records,2,21,27,108472,NG,Nigeria,Q1,2023
28,spotify:track:2HYcI74UpbMMxLZ1m7Xnfn,Wizkid,Bad To Me,Starboy/RCA Records,3,25,18,107258,NG,Nigeria,Q1,2023
29,spotify:track:78kiUJc7UNo5x4xOhz8vZt,Seyi Vibez,IG Story,Vibez Inc / Dvpper Music,29,-1,1,105396,NG,Nigeria,Q1,2023
30,spotify:track:3Ud4sHDjKfqVv7Z9djQnq0,"T.Y.E, BNXN",Omo Elewa,To Your Ears Entertainment,28,28,3,100414,NG,Nigeria,Q1,2023
31,spotify:track:0tGeAXX6eCghb9jGbUng4v,Seyi Vibez,Alaska,Vibez Inc / Dvpper Music,31,-1,1,98451,NG,Nigeria,Q1,2023
32,spotify:track:6oOCGD2Sp9UTcDsuDz8Hdu,Omah Lay,understand,KeyQaad/Sire Records,20,48,48,97114,NG,Nigeria,Q1,2023
33,spotify:track:14nSbMQqRo1BxshIjprVDO,"Zinoleesky, Omah Lay",Last Time,Marlian Music,23,29,3,94862,NG,Nigeria,Q1,2023
34,spotify:track:3nTzEDC9sTD0YsC9C7osnN,"Poco Lee, Hotkeed",Otilo (Izz Gone),Poco Lee distributed by Inglemind Digital,27,27,15,94682,NG,Nigeria,Q1,2023
35,spotify:track:0HaRLPnr887lcQM2YQzkff,"Burna Boy, Ed Sheeran",For My Hand (feat. Ed Sheeran),Spaceship/ Bad Habit/Atlantic Records,1,36,27,94235,NG,Nigeria,Q1,2023
36,spotify:track:26b3oVLrRUaaybJulow9kz,Libianca,People,5K Records Limited,36,65,4,92825,NG,Nigeria,Q1,2023
37,spotify:track:65v99AWZyNz3aRmfrT2I7N,Omah Lay,i'm a mess,KeyQaad/Sire Records,10,39,26,92724,NG,Nigeria,Q1,2023
38,spotify:track:4Gasn91fsCefnN8zM5GjA8,"Pheelz, BNXN",Finesse,Warner Records,1,34,46,90774,NG,Nigeria,Q1,2023
39,spotify:track:0Z5HVNSXGXHf7MDb0zJHVW,"Wizkid, Skepta, Naira Marley",Wow (feat. Skepta & Naira Marley),Starboy/RCA Records,3,33,9,87410,NG,Nigeria,Q1,2023
40,spotify:track:3ES1fBQACydIODlZmQS359,"Mavins, Crayon, Ayra Starr, LADIPOE, Magixx, Boy Spyce",Overloading (OVERDOSE),Mavin Records,2,31,35,86895,NG,Nigeria,Q1,2023
41,spotify:track:5m3OaDn8FzLy2nmQp3UkCl,Seyi Vibez,G.O.A.T,Vibez Inc / Dvpper Music,41,-1,1,85894,NG,Nigeria,Q1,2023
42,spotify:track:3DfHEgzFDF893oP7lZTGbb,Ruger,Red Flags,Promised Land Recordings,21,37,9,85227,NG,Nigeria,Q1,2023
43,spotify:track:7d1aTQlsHMgWmkPywDi7h1,"Asake, Olamide",Omo Ope (feat. Olamide),Asake Music,2,30,48,81956,NG,Nigeria,Q1,2023
44,spotify:track:5M451NFsHwBrVwu3OEzueh,Zinoleesky,Odinaka,Marlian Music,24,32,3,81650,NG,Nigeria,Q1,2023
45,spotify:track:46gfN72BxmLvACx6Pve4XU,Asake,Dull,YBNL Nation / EMPIRE,4,38,19,81557,NG,Nigeria,Q1,2023
46,spotify:track:3rmqNsOiGqqvFNTmGlzl4R,Bayanni,Ta Ta Ta,Mavin Records,46,72,6,81293,NG,Nigeria,Q1,2023
47,spotify:track:0VjzaXw81JQJM61pzWwP8b,Asake,Nzaza,YBNL Nation / EMPIRE,6,44,19,80012,NG,Nigeria,Q1,2023
48,spotify:track:213Ymlnss7DUsqG7Ut1HW0,Wizkid,Money & Love,Starboy/RCA Records,1,40,11,79489,NG,Nigeria,Q1,2023
49,spotify:track:0CUJV0Hh512Ns7U2yGflqt,Asake,Ototo,YBNL Nation / EMPIRE,7,43,19,77050,NG,Nigeria,Q1,2023
50,spotify:track:2jZ2MrAk8iNZk1dsI0Vr5z,"Timaya, BNXN",Cold Outside,DM Records Limited,5,41,48,76787,NG,Nigeria,Q1,2023
1,spotify:track:6upXA8xqJ5heoVw4nd5Zvs,Asake,2:30,YBNL Nation / EMPIRE,1,19,2,1022020,NG,Nigeria,Q2,2023
2,spotify:track:2kaH2Z8ezDUKf6fNw250rZ,"Davido, Musa Keys",UNAVAILABLE (feat. Musa Keys),Columbia,2,2,3,740993,NG,Nigeria,Q2,2023
3,spotify:track:1mk8ZC9OeTZMr8Wy31LqRj,Davido,FEEL,Columbia,3,3,3,688602,NG,Nigeria,Q2,2023
4,spotify:track:5DttTktPy0RMZPz4UNfFm4,"Davido, Asake",NO COMPETITION (feat. Asake),Columbia,4,4,3,568855,NG,Nigeria,Q2,2023
5,spotify:track:7vKXc90NT5WBm3UTT4iTVG,"Davido, FAVE",KANTE (feat. Fave),Columbia,5,5,3,538912,NG,Nigeria,Q2,2023
6,spotify:track:1KCCxeit3q5wJXxDmRgbl3,Davido,OVER DEM,Columbia,1,1,3,532512,NG,Nigeria,Q2,2023
7,spotify:track:0pLx3RsHPmZnD90h2yaL8V,"Davido, The Cavemen., Angelique Kidjo",NA MONEY (feat. The Cavemen. & Angélique Kidjo),Columbia,7,7,2,481054,NG,Nigeria,Q2,2023
8,spotify:track:0Em4eY10PGyiBlmjWxcav3,"Adekunle Gold, Zinoleesky",Party No Dey Stop,Adekunle Gold PS/ Def Jam,1,17,5,469006,NG,Nigeria,Q2,2023
9,spotify:track:14gQ7SmMZeeEC3YAPB5vFw,Davido,AWAY,Columbia,6,6,3,429466,NG,Nigeria,Q2,2023
10,spotify:track:1sEIkVGd7fG4K5wFQS6f6y,ODUMODUBLVCK,DECLAN RICE,NATIVE Records,1,18,3,405908,NG,Nigeria,Q2,2023
11,spotify:track:6wuMo4ZR83PhlhXhJ1S3VY,"BNXN, Kizz Daniel, Seyi Vibez",GWAGWALADA,T.Y.E. / EMPIRE,2,21,9,399729,NG,Nigeria,Q2,2023
12,spotify:track:0GfCR4T6WOErZOw1557ln7,Rema,Holiday,Mavin Records,1,22,8,368405,NG,Nigeria,Q2,2023
13,spotify:track:25Kyv5SeEenT0EETpP2hYn,"Victony, Rema, Tempoe, Don Toliver","Soweto (with Don Toliver, Rema & Tempoe)",Encore Recordings,4,23,4,365842,NG,Nigeria,Q2,2023
14,spotify:track:21hZ5a5marKn0MWxkZ0vYR,"Davido, Morravey",IN THE GARDEN (feat. Morravey),Columbia,8,8,3,363906,NG,Nigeria,Q2,2023
15,spotify:track:6Tf5WfhWbg8wRkox9bXHPd,Davido,GODFATHER,Columbia,9,9,3,351495,NG,Nigeria,Q2,2023
16,spotify:track:0SGea6cYbJWWz0MW1MYWlD,Davido,FOR THE ROAD,Columbia,11,11,2,331026,NG,Nigeria,Q2,2023
17,spotify:track:3JziUAJNdpilVeO0yf7ksf,Davido,E PAIN ME,Columbia,10,10,3,328685,NG,Nigeria,Q2,2023
18,spotify:track:1wADwLSkYhrSmy4vdy6BRn,Omah Lay,soso,KeyQaad/Sire Records,1,24,39,282247,NG,Nigeria,Q2,2023
19,spotify:track:1tOp1bXhT9tvydSAGDHdQy,"Tiwa Savage, Ayra Starr, Young Jonn",Stamina,We4we/Everything Savage,5,25,5,262285,NG,Nigeria,Q2,2023
20,spotify:track:40i8KLfHU6DAT0EmZPbnqb,"Davido, Dexta Daps",BOP (feat. Dexta Daps),Columbia,13,13,3,260985,NG,Nigeria,Q2,2023
21,spotify:track:1PCUDCPFzwPbYbQqivdMxK,Davido,PRECISION,Columbia,14,14,2,252097,NG,Nigeria,Q2,2023
22,spotify:track:1f5WN3V8AVYyUahqjWogGj,"Davido, Logos olori",PICASSO (feat. Logos Olori),Columbia,12,12,2,248217,NG,Nigeria,Q2,2023
23,spotify:track:7ErtOGQ9DwyQa3lwP77j4u,Ruger,Asiwaju,Promised Land Recordings,1,26,22,244746,NG,Nigeria,Q2,2023
24,spotify:track:3kvfr5h3oQuJHbkEfg2R3U,"Davido, Skepta",U (JUJU) (feat. Skepta),Columbia,15,15,2,231291,NG,Nigeria,Q2,2023
25,spotify:track:0i3xWOhlLCCk5L2KpSX3DG,Davido,LCND,Columbia,16,16,2,227260,NG,Nigeria,Q2,2023
26,spotify:track:76mICRITD4cOg5KnqH9f3s,Ayra Starr,Sability,Platoon,1,28,9,222224,NG,Nigeria,Q2,2023
27,spotify:track:1lrHmP6m1Qcmhwlg2yrjdU,Joeboy,Body & Soul,emPawa Africa Limited,11,31,12,204827,NG,Nigeria,Q2,2023
28,spotify:track:5F4OfeowSReF93KcH2eUcG,Young Jonn,Xtra Cool,Chocolate City Music,1,29,29,196937,NG,Nigeria,Q2,2023
29,spotify:track:7qxtOyjZ2zSaxBPH8fLyNi,"Khaid, Boy Spyce",Carry Me Go,NEVILLE RECORDS,8,27,5,189341,NG,Nigeria,Q2,2023
30,spotify:track:2mqNeI4vUehnhVwSkCrQnR,"Davido, Focalistic",Champion Sound,Columbia,19,20,50,178184,NG,Nigeria,Q2,2023
31,spotify:track:7wMYtt3SEquaep8sWCdQqp,Khaid,Jolie,NEVILLE RECORDS,7,34,12,173656,NG,Nigeria,Q2,2023
32,spotify:track:32R7SBDSQmhDM4qUgzTc6z,"ODUMODUBLVCK, Zlatan, ECko Miles",PICANTO,NATIVE Records,9,32,21,172085,NG,Nigeria,Q2,2023
33,spotify:track:3d04OfVqip9ZQdvboUsPg3,Joeboy,Duffel Bag,emPawa Africa Limited,33,-1,1,171102,NG,Nigeria,Q2,2023
34,spotify:track:5ycsqezujKrwviU3VFhci1,Asake,Terminator,YBNL Nation / EMPIRE,1,30,34,170237,NG,Nigeria,Q2,2023
35,spotify:track:4iL7caaYvGopP9d6hdlMAi,Zinoleesky,Personal,Marlian Music,2,35,17,166038,NG,Nigeria,Q2,2023
36,spotify:track:5UwxpuGHkwiojKDaPC5ZNu,Asake,Joha,YBNL Nation / EMPIRE,1,33,32,164247,NG,Nigeria,Q2,2023
37,spotify:track:0AoBY2Y3qs6dtGgOD6c91N,Burna Boy,Alone,Roc Nation/Def Jam/Hollywood,9,38,23,163432,NG,Nigeria,Q2,2023
38,spotify:track:6FPXNqKGnd7l61nYZz8EFu,Rema,Reason You,Mavin Records,4,36,8,160280,NG,Nigeria,Q2,2023
39,spotify:track:4Mlgf7GD6bbx09N4uxqU3S,"Wande Coal, Olamide",Kpe Paso,Starstruck Management / EMPIRE,8,43,11,150768,NG,Nigeria,Q2,2023
40,spotify:track:3aGroTtXwkWJ7wOwKEI8Px,"Spyro, Tiwa Savage",Who Is Your Guy? - Remix,North West Sound Recordings,8,41,6,150236,NG,Nigeria,Q2,2023
41,spotify:track:1xs8bOvm3IzEYmcLJVOc34,Ayra Starr,Rush,Mavin Records,1,39,30,147589,NG,Nigeria,Q2,2023
42,spotify:track:2qWwuCVeMjF9mUT0S5Iqvl,"Fireboy DML, Asake",Bandana,YBNL Nation / EMPIRE,1,40,40,144759,NG,Nigeria,Q2,2023
43,spotify:track:1kyYCsP2NRZEKkBg9wcF2c,Spyro,Who Is Your Guy?,North West Sound Recordings,5,73,12,143148,NG,Nigeria,Q2,2023
44,spotify:track:2eknBYpfzA4Mp5zWHMGac5,Young Jonn,If You Leave,Chocolate City Music,17,42,25,143095,NG,Nigeria,Q2,2023
45,spotify:track:6sTPT0d9cJtFI3F3b2IA1q,Ajebo Hustlers,You Go Know,Avante Entertainment,32,53,3,142238,NG,Nigeria,Q2,2023
46,spotify:track:4AxG1T6UJJ4xCX4Wz6JDLG,"Libianca, Ayra Starr, Omah Lay",People (feat. Ayra Starr & Omah Lay),5K Records Limited,6,37,6,142084,NG,Nigeria,Q2,2023
47,spotify:track:2woGTVY8Vx46aYuXfMmwwE,BNXN,Traboski,T.Y.E. / EMPIRE,2,48,20,138831,NG,Nigeria,Q2,2023
48,spotify:track:79xHOEYZKZEj6fPkmhQboa,Asake,Yoga,YBNL Nation / EMPIRE - Asake,1,47,11,138790,NG,Nigeria,Q2,2023
49,spotify:track:3IQT2MM49GkXfHF9eemaw5,"Victony, Tempoe",Soweto,Encore Recordings,5,44,36,136067,NG,Nigeria,Q2,2023
50,spotify:track:5YbPxJwPfrj7uswNwoF1pJ,Burna Boy,Last Last,Spaceship/ Bad Habit/Atlantic Records,1,46,48,134880,NG,Nigeria,Q2,2023
1,spotify:track:5ZtK8XAVnoaGdBXZWCEVCY,Asake,Lonely At The Top,YBNL Nation / EMPIRE,1,2,4,1116752,NG,Nigeria,Q3,2023
2,spotify:track:747cO9FmyVvRCrsRusfwdL,Omah Lay,reason,KeyQaad/Sire Records,1,1,5,748151,NG,Nigeria,Q3,2023
3,spotify:track:3Q4oVlA6z9TH0jhaDl6aNT,Shallipopi,Ex Convict,Dvpper Digital,3,-1,1,700391,NG,Nigeria,Q3,2023
4,spotify:track:2H0w7oYDjUvgsFlNQ5swIg,Asake,Basquiat,YBNL Nation / EMPIRE,2,3,4,557844,NG,Nigeria,Q3,2023
5,spotify:track:1YgIvHDTvi1vosins1jyAC,"Asake, Olamide",Amapiano,YBNL Nation / EMPIRE,1,5,8,482246,NG,Nigeria,Q3,2023
6,spotify:track:1n3JvneU8FhfldfTQ8BdZs,Asake,2:30,YBNL Nation / EMPIRE,1,7,15,385575,NG,Nigeria,Q3,2023
7,spotify:track:3Yr0vIcfXq5MWdSDmZzKgk,Asake,Sunshine,YBNL Nation / EMPIRE,4,6,4,352552,NG,Nigeria,Q3,2023
8,spotify:track:1mk8ZC9OeTZMr8Wy31LqRj,Davido,FEEL,Columbia,2,8,16,345180,NG,Nigeria,Q3,2023
9,spotify:track:1iBWjQ9af9NnUd5xnQDB3k,Rema,Charm,Mavin Records / Jonzing World,1,9,11,323288,NG,Nigeria,Q3,2023
10,spotify:track:5UautcyJDjHxwnejNAkfg9,"ODUMODUBLVCK, Fireboy DML",FIREGUN (feat. Fireboy DML),NATIVE Records,4,4,2,317263,NG,Nigeria,Q3,2023
11,spotify:track:6wuMo4ZR83PhlhXhJ1S3VY,"BNXN, Kizz Daniel, Seyi Vibez",GWAGWALADA,T.Y.E. / EMPIRE,2,10,22,314689,NG,Nigeria,Q3,2023
12,spotify:track:3YPtN5X0HxIzeRCHxfoXTy,Asake,Mogbe,YBNL Nation / EMPIRE,7,12,4,308854,NG,Nigeria,Q3,2023
13,spotify:track:2FDTHlrBguDzQkp7PVj16Q,"Dave, Central Cee",Sprinter,Neighbourhood / Live Yours,2,13,6,302117,NG,Nigeria,Q3,2023
14,spotify:track:4UdDJ77xjH9ru5r5F9kfOG,Seyi Vibez,Man of The Year,Vibez Inc / Dvpper Music,7,11,3,292923,NG,Nigeria,Q3,2023
15,spotify:track:0Em4eY10PGyiBlmjWxcav3,"Adekunle Gold, Zinoleesky",Party No Dey Stop,Adekunle Gold PS/ Def Jam,1,15,18,283662,NG,Nigeria,Q3,2023
16,spotify:track:6WZVnqQ9OZRSGZmXyHHlV3,KCee,Ojapiano,Five Star Music,6,16,6,281024,NG,Nigeria,Q3,2023
17,spotify:track:4PKxskDMb62jvG5Li46vkH,Asake,I Believe,YBNL Nation / EMPIRE,9,17,4,279098,NG,Nigeria,Q3,2023
18,spotify:track:2KwnwVXtAlpSDdRVO9ccTJ,"Olamide, Asake",New Religion,YBNL Nation / EMPIRE,2,24,7,278221,NG,Nigeria,Q3,2023
19,spotify:track:59sAr7NvZDeH7oYrkiyZcQ,Young Jonn,Aquafina,Chocolate City Music,5,20,11,275487,NG,Nigeria,Q3,2023
20,spotify:track:7vKXc90NT5WBm3UTT4iTVG,"Davido, FAVE",KANTE (feat. Fave),Columbia,5,21,16,272889,NG,Nigeria,Q3,2023
21,spotify:track:2ITJKfLesLib9xo0hWVT1V,"ODUMODUBLVCK, Cruel Santino, Bella Shmurda","DOG EAT DOG II (feat. Cruel Santino, Bella Shmurda)",NATIVE Records,5,18,7,266713,NG,Nigeria,Q3,2023
22,spotify:track:2tQMxGMxZIsXez0oVkHg2U,"Shallipopi, Pa Monday-Edo",Obapluto (feat. Pa Monday-Edo),Plutomania / Dvpper Music,22,-1,1,261802,NG,Nigeria,Q3,2023
23,spotify:track:1sEIkVGd7fG4K5wFQS6f6y,ODUMODUBLVCK,DECLAN RICE,NATIVE Records,1,19,16,259112,NG,Nigeria,Q3,2023
24,spotify:track:61iDSv1MgCsdo0zKXGxvCO,Blaqbonez,LIKE ICE SPICE,Chocolate City Music,24,-1,1,254908,NG,Nigeria,Q3,2023
25,spotify:track:16aRxdbEl0smktrm0hK0eX,Asake,Great Guy,YBNL Nation / EMPIRE,13,26,4,253671,NG,Nigeria,Q3,2023
26,spotify:track:2LjZYCOYldHWhzQ1G5XJ81,Asake,What's Up My G,YBNL Nation / EMPIRE,10,25,4,252471,NG,Nigeria,Q3,2023
27,spotify:track:0Q1bMs3xLQiDEeaneehdxv,Asake,Remember,YBNL Nation / EMPIRE,12,22,4,250134,NG,Nigeria,Q3,2023
28,spotify:track:2kaH2Z8ezDUKf6fNw250rZ,"Davido, Musa Keys",UNAVAILABLE (feat. Musa Keys),Columbia,2,23,16,249490,NG,Nigeria,Q3,2023
29,spotify:track:1wADwLSkYhrSmy4vdy6BRn,Omah Lay,soso,KeyQaad/Sire Records,1,32,52,228955,NG,Nigeria,Q3,2023
30,spotify:track:1oq33HJBs0rDmjjZ2rVFyG,King Promise,Terminator,5K Records Limited,30,44,4,225988,NG,Nigeria,Q3,2023
31,spotify:track:69bvwTwKZBlynqbMyZmEO2,BNXN,PRAY,T.Y.E. / EMPIRE,3,30,10,218925,NG,Nigeria,Q3,2023
32,spotify:track:6ouXLgYvJUqyL7ljiGzZS1,Asake,Olorun,YBNL Nation / EMPIRE,6,29,4,214399,NG,Nigeria,Q3,2023
33,spotify:track:7ErtOGQ9DwyQa3lwP77j4u,Ruger,Asiwaju,Promised Land Recordings,1,40,35,210320,NG,Nigeria,Q3,2023
34,spotify:track:68KDqjQ5T2gS0Pk47Somna,"Shallipopi, Fireboy DML, Zlatan",Elon Musk (Remix),Dvpper Digital,34,63,2,209510,NG,Nigeria,Q3,2023
35,spotify:track:1RnRPPu3XPtftOhs1qF1hY,Shallipopi,Elon musk,Shallipopi music / Dvpper Music,33,55,14,209282,NG,Nigeria,Q3,2023
36,spotify:track:3ceZIRUX8m8qFFcnEDkj2K,Rema,Holiday,Mavin Records / Jonzing World,1,35,21,208090,NG,Nigeria,Q3,2023
37,spotify:track:6T7FXSuXykeGktMLGp8WgE,"Lil Durk, J. Cole",All My Life (feat. J. Cole),Alamo,1,36,9,200175,NG,Nigeria,Q3,2023
38,spotify:track:6HM0LR6LKWCqP2vTcIWy9G,Asake,Awodi,YBNL Nation / EMPIRE,11,34,4,194422,NG,Nigeria,Q3,2023
39,spotify:track:3ZwqPR9wHrcH1yEmm3nBto,Seyi Vibez,Dejavu,Vibez Inc / Dvpper Music,10,31,5,193957,NG,Nigeria,Q3,2023
40,spotify:track:5lsnlGFJTOytJFgJH5tuMu,Zinoleesky,A1 (Feeling Disorder),Zinoleesky,6,38,6,191742,NG,Nigeria,Q3,2023
41,spotify:track:4cPKw3rzgmaU4zixJe6wge,"Joeboy, ODUMODUBLVCK, BNXN",Normally,emPawa Africa Limited,7,37,8,190531,NG,Nigeria,Q3,2023
42,spotify:track:5F4OfeowSReF93KcH2eUcG,Young Jonn,Xtra Cool,Chocolate City Music,1,49,42,190361,NG,Nigeria,Q3,2023
43,spotify:track:7rIHP8C7oHYONnJpLjVnAc,Zinoleesky,Many Things,Marlian Music,1,43,12,187860,NG,Nigeria,Q3,2023
44,spotify:track:5DttTktPy0RMZPz4UNfFm4,"Davido, Asake",NO COMPETITION (feat. Asake),Columbia,4,51,16,184206,NG,Nigeria,Q3,2023
45,spotify:track:40EXFgNMOIQRQOwJZ8mJkC,"J Hus, Drake",Who Told You (feat. Drake),Black Butter,20,48,5,181266,NG,Nigeria,Q3,2023
46,spotify:track:25Kyv5SeEenT0EETpP2hYn,"Victony, Rema, Tempoe, Don Toliver","Soweto (with Don Toliver, Rema & Tempoe)",Encore Recordings,4,45,17,181101,NG,Nigeria,Q3,2023
47,spotify:track:4cUUfq1OH8zWbGkb6NI7CO,Omah Lay,joanna,KeyQaad/Sire Records,18,28,4,178695,NG,Nigeria,Q3,2023
48,spotify:track:1tOp1bXhT9tvydSAGDHdQy,"Tiwa Savage, Ayra Starr, Young Jonn",Stamina,We4we/Everything Savage,5,52,18,176473,NG,Nigeria,Q3,2023
49,spotify:track:4rXLjWdF2ZZpXCVTfWcshS,Gunna,fukumean,300 Entertainment,49,61,4,173940,NG,Nigeria,Q3,2023
50,spotify:track:4XDAismaOMDkVgVW5eQSfk,Asake,Introduction,YBNL Nation / EMPIRE,14,46,4,173832,NG,Nigeria,Q3,2023
1,spotify:track:35MU2MEhQMw0NhXZztAP9m,"ODUMODUBLVCK, Bloody Civilian, Wale",BLOOD ON THE DANCE FLOOR (feat. Bloody Civilian and Wale),Native Sounds/Def Jam PS,1,-1,1,631991,NG,Nigeria,Q4,2023
2,spotify:track:4RoKNqyZ9622tcAeNPNv5k,Burna Boy,City Boys,Spaceship/ Bad Habit/Atlantic Records,1,1,7,529783,NG,Nigeria,Q4,2023
3,spotify:track:2bKcKMDU9JHtLJ8xeHR46X,Bella Shmurda,My Brother,Dangbana Republik,3,-1,1,511908,NG,Nigeria,Q4,2023
4,spotify:track:7sFukIJffFFLwnazXIbqP5,"ODUMODUBLVCK, Amaarae",KUBOLOR (feat. Amaarae),Native Sounds/Def Jam PS,4,-1,1,473066,NG,Nigeria,Q4,2023
5,spotify:track:4bE2eWDiGBzRgfTl5IPBW4,Mohbad,Ask About Me,Imolenization,1,2,26,463826,NG,Nigeria,Q4,2023
6,spotify:track:4jcrO2T6XJ1B7hXsAEJ3ve,BNXN,Pidgin & English,T.Y.E. / EMPIRE,6,86,2,447007,NG,Nigeria,Q4,2023
7,spotify:track:5ZtK8XAVnoaGdBXZWCEVCY,Asake,Lonely At The Top,YBNL Nation / EMPIRE,1,3,17,437736,NG,Nigeria,Q4,2023
8,spotify:track:5bh6Uoxkt8Jjzhr1C4ibiD,ODUMODUBLVCK,COMMEND,Native Sounds/Def Jam PS,8,-1,1,398497,NG,Nigeria,Q4,2023
9,spotify:track:5mhM7bfzv52bzfCzlq8vH1,"Crayon, Ayra Starr",Ngozi,Mavin Records/Blowtime Entertainment,3,4,12,396103,NG,Nigeria,Q4,2023
10,spotify:track:3Z19t8pNaAHqlLmz2LuwNa,BNXN,Best Of Me,T.Y.E. / EMPIRE,10,91,2,370789,NG,Nigeria,Q4,2023
11,spotify:track:3EfMWIEGQB24dQv5x4Hwvx,"ODUMODUBLVCK, Cruel Santino, Bella Shmurda",DOG EAT DOG II (feat. Cruel Santino and Bella Shmurda),Native Sounds/Def Jam PS,5,42,20,370109,NG,Nigeria,Q4,2023
12,spotify:track:0QdQh3umB7stVOExuHlWvl,ODUMODUBLVCK,DECLAN RICE,Native Sounds/Def Jam PS,1,51,29,360744,NG,Nigeria,Q4,2023
13,spotify:track:59Q08Ev4B4EtRdSBmYzuB4,ODUMODUBLVCK,ADAMMA BEKE,Native Sounds/Def Jam PS,13,-1,1,348198,NG,Nigeria,Q4,2023
14,spotify:track:4qUTCsIwWKP9OUeF2DY2qR,ODUMODUBLVCK,MC OLUOMO,Native Sounds/Def Jam PS,14,66,4,343989,NG,Nigeria,Q4,2023
15,spotify:track:6WUdooO1NS5LZadjGNwY5U,Zerrydl,Puff & Pass,"Plutomania Records / Dapper Music & Ent , under exclusive license to Dvpper Digital LTD.",8,8,8,342797,NG,Nigeria,Q4,2023
16,spotify:track:7eo9YPXQqZjB1DxYAnvHqy,BNXN,Sweet Tea (Aduke),T.Y.E. / EMPIRE,15,36,6,333128,NG,Nigeria,Q4,2023
17,spotify:track:0ESoMa1oGHddkMeNodec7u,Mohbad,Peace,Marlian Music,3,5,40,331557,NG,Nigeria,Q4,2023
18,spotify:track:0YeUYYOh25Cn57DKTC8uS4,"BNXN, Kizz Daniel, Seyi Vibez",GWAGWALADA,T.Y.E. / EMPIRE,2,9,35,324248,NG,Nigeria,Q4,2023
19,spotify:track:4tvoZzMGhx23HAlS5GUVCa,"ODUMODUBLVCK, Blaqbonez",TESLA BOY (feat. Blaqbonez),Native Sounds/Def Jam PS,19,-1,1,322015,NG,Nigeria,Q4,2023
20,spotify:track:35UGCXaOBmhBUmKK81NQBH,"Mohbad, Bella Shmurda",PARIWO,Imolenization,6,7,12,314694,NG,Nigeria,Q4,2023
21,spotify:track:4nFrcGM7MY1mpoQCC7Kefj,Tems,Me & U,RCA Records/Since 93',21,-1,1,312227,NG,Nigeria,Q4,2023
22,spotify:track:5VF45DoQu9oT7Se5ieLoZk,"ODUMODUBLVCK, Fireboy DML",FIREGUN (feat. Fireboy DML),Native Sounds/Def Jam PS,4,80,15,311898,NG,Nigeria,Q4,2023
23,spotify:track:2NFBDZFK95swjezcgK6cfu,Mohbad,Beast & Peace,Imolenization,2,6,7,291097,NG,Nigeria,Q4,2023
24,spotify:track:2H0w7oYDjUvgsFlNQ5swIg,Asake,Basquiat,YBNL Nation / EMPIRE,2,11,17,289826,NG,Nigeria,Q4,2023
25,spotify:track:19IAoqAkRQ5tC1U0p7SWpZ,Young Jonn,Sharpally,Chocolate City Music,8,19,12,288122,NG,Nigeria,Q4,2023
26,spotify:track:7LULqWeafZzoFjW9KAUvay,ODUMODUBLVCK,SHOOT AND GO HOME,Native Sounds/Def Jam PS,26,-1,1,286078,NG,Nigeria,Q4,2023
27,spotify:track:747cO9FmyVvRCrsRusfwdL,Omah Lay,reason,KeyQaad/Sire Records,1,12,18,284751,NG,Nigeria,Q4,2023
28,spotify:track:1JqxgXNhqWpFss7nZzlwOz,"Burna Boy, Seyi Vibez",Giza (feat. Seyi Vibez),Spaceship/ Bad Habit/Atlantic Records,2,10,7,281595,NG,Nigeria,Q4,2023
29,spotify:track:731NDNG7VQOA2KBnS43jqr,BNXN,PRAY,T.Y.E. / EMPIRE,3,27,23,276783,NG,Nigeria,Q4,2023
30,spotify:track:3Q4oVlA6z9TH0jhaDl6aNT,Shallipopi,Ex Convict,Dvpper Digital,3,14,14,276111,NG,Nigeria,Q4,2023
31,spotify:track:1mk8ZC9OeTZMr8Wy31LqRj,Davido,FEEL,Columbia,2,18,29,273604,NG,Nigeria,Q4,2023
32,spotify:track:05A6mr7C2bP7uPrEQrj9qk,Burna Boy,"Tested, Approved & Trusted",Spaceship/ Bad Habit/Atlantic Records,9,13,7,272349,NG,Nigeria,Q4,2023
33,spotify:track:721NXqBKtuUskJBNKgSUYB,"BNXN, Headie One",Maximum Damage (feat. Headie One),T.Y.E. / EMPIRE,33,108,2,266323,NG,Nigeria,Q4,2023
34,spotify:track:5dVJTSZhL2n81ZkT4PZu0x,Olamide,Jinja,YBNL Nation / EMPIRE,3,20,10,263506,NG,Nigeria,Q4,2023
35,spotify:track:2tQMxGMxZIsXez0oVkHg2U,"Shallipopi, Pa Monday-Edo",Obapluto (feat. Pa Monday-Edo),Plutomania / Dvpper Music,3,17,14,261488,NG,Nigeria,Q4,2023
36,spotify:track:0int0g8dikLn0uhd1b1iZu,Mohbad,Feel Good,Marlian Music,7,15,55,258643,NG,Nigeria,Q4,2023
37,spotify:track:44EoPxCHwUXdGLrmVg8yqa,BNXN,My Life,T.Y.E. / EMPIRE,37,85,2,257655,NG,Nigeria,Q4,2023
38,spotify:track:08tSNwcNYM9yjuYF9jFvOu,"ODUMODUBLVCK, ECko Miles, Zlatan",PICANTO (feat. Zlatan and ECko Miles),Native Sounds/Def Jam PS,9,60,47,257293,NG,Nigeria,Q4,2023
39,spotify:track:18jFtQZUqk4n4lzmjweLq5,"Ayox, Zlatan",Walking Dead,The LV LLC/GProduction,9,16,4,245198,NG,Nigeria,Q4,2023
40,spotify:track:1QlC3oRMgfbsAHLGcviAcW,"ODUMODUBLVCK, Reeplay",SAINT OBI (feat. Reeplay),Native Sounds/Def Jam PS,40,-1,1,236935,NG,Nigeria,Q4,2023
41,spotify:track:1U1RKt97fE9kZvPCrRedm4,Khaid,Anabella,NEVILLE RECORDS,22,28,13,235549,NG,Nigeria,Q4,2023
42,spotify:track:59sAr7NvZDeH7oYrkiyZcQ,Young Jonn,Aquafina,Chocolate City Music,5,26,24,233708,NG,Nigeria,Q4,2023
43,spotify:track:7f3xivnGz4HU0UigVxvlEe,BNXN,Mukulu,T.Y.E. / EMPIRE,43,118,2,226997,NG,Nigeria,Q4,2023
44,spotify:track:1n3JvneU8FhfldfTQ8BdZs,Asake,2:30,YBNL Nation / EMPIRE,1,22,28,221107,NG,Nigeria,Q4,2023
45,spotify:track:3Aq8OvogNStehUPJcNDEZT,Burna Boy,Dey Play,Spaceship/ Bad Habit/Atlantic Records,6,23,7,219166,NG,Nigeria,Q4,2023
46,spotify:track:5F4OfeowSReF93KcH2eUcG,Young Jonn,Xtra Cool,Chocolate City Music,1,34,55,218654,NG,Nigeria,Q4,2023
47,spotify:track:7onM6Fbiu7ufnMQnbd5oZJ,"Qing Madi, BNXN",Ole (feat. BNXN),Bu Vision,9,24,12,213815,NG,Nigeria,Q4,2023
48,spotify:track:5wpcDwftRL2zbwPvA2Tp6F,BNXN,Right Energy,T.Y.E. / EMPIRE,48,145,2,212129,NG,Nigeria,Q4,2023
49,spotify:track:7vKXc90NT5WBm3UTT4iTVG,"Davido, FAVE",KANTE (feat. Fave),Columbia,5,25,29,211430,NG,Nigeria,Q4,2023
50,spotify:track:4RkuFGsIae9AGdGnxIQTGx,"BNXN, 2Baba",Regret (feat. 2Baba),T.Y.E. / EMPIRE,50,154,2,207705,NG,Nigeria,Q4,2023
1,spotify:track:3Nqxx5fdl3FQlrk3zarRmA,"2115, Bedoes 2115, White 2115, prześwit, Taco Hemingway",DRESSCODE,2115,1,1,4,1444397,PL,Poland,Q1,2023
2,spotify:track:09m29we7x9tgxyo6f3OQ87,"Kizo, BeMelo, Gory",Discopolo,spacerange,2,8,5,1313033,PL,Poland,Q1,2023
3,spotify:track:384lHduuDsrR4HPUwR3fG4,sanah,Nic dwa razy (W. Szymborska),Magic Records,1,4,13,859988,PL,Poland,Q1,2023
4,spotify:track:4JmaOG7bfj1uNv8jEUg0Ce,"Kuban, Favst",na okrągło,dobzi ludzie.,1,7,6,807239,PL,Poland,Q1,2023
5,spotify:track:3f9Ugg030LDe0p6ospTORC,"Gibbs, Kiełas",Piękny Świat,DOPEHOUSE,1,3,34,764355,PL,Poland,Q1,2023
6,spotify:track:3p6uAP2ajkobkIW8IkEpgr,"2115, Blacha 2115, kuqe 2115, Flexxy 2115, Bedoes 2115, WERSOW, @atutowy",GLOW UP,2115,5,5,4,720787,PL,Poland,Q1,2023
7,spotify:track:3nqQXoyQOWXiESFLlDF1hG,"Sam Smith, Kim Petras",Unholy (feat. Kim Petras),Capitol Records UK / EMI,4,9,16,668008,PL,Poland,Q1,2023
8,spotify:track:4uUG5RXrOk84mYEfFvj3cK,"David Guetta, Bebe Rexha",I'm Good (Blue),Parlophone UK,2,2,20,656732,PL,Poland,Q1,2023
9,spotify:track:73vIOb4Q7YN6HeJTbscRx5,"Oliver Tree, Robin Schulz",Miss You - Bonus Track,Atlantic Records,6,6,14,650325,PL,Poland,Q1,2023
10,spotify:track:2yxPqxHbj1L7vrCpHLtAcG,Dawid Podsiadło,mori,Pur Pur,1,10,12,639230,PL,Poland,Q1,2023
11,spotify:track:08sMDBcjUBXWV99gZI092C,"Miszel, Kabe",Rarara,QueQuality,4,12,8,601066,PL,Poland,Q1,2023
12,spotify:track:5GdFPcbGDQqtbVO2jl6Ez5,Dawid Podsiadło,To co masz Ty!,Pur Pur,3,15,14,573922,PL,Poland,Q1,2023
13,spotify:track:4nv5o5Xo4ySBaIVnXr75Xs,"Malik Montana, Żabson, Eurosoundz",Do Tanca,Epic/Malik Montana,1,14,17,571552,PL,Poland,Q1,2023
14,spotify:track:1yiGGRGdHEc1F3jF5jEVmH,"2115, Bedoes 2115, Blacha 2115, White 2115, kuqe 2115",KETCHUP,2115,2,17,18,528005,PL,Poland,Q1,2023
15,spotify:track:561jH07mF1jHuk7KlaeF0s,Eminem,Mockingbird,Eminem Catalog PS,15,20,13,527161,PL,Poland,Q1,2023
16,spotify:track:11BKm0j4eYoCPPpCONAVwA,Lady Gaga,Bloody Mary,Interscope,10,13,7,511295,PL,Poland,Q1,2023
17,spotify:track:4N6rgD6EqLbWcl5ld3NqTP,"Favst, Gibbs",ztb,QueQuality,13,30,25,507756,PL,Poland,Q1,2023
18,spotify:track:0zmxM4MXfisJRTQcPa1wbv,"club2020, Taco Hemingway, Oki, Otsochodzi, CatchUp, Young Igi",club2020,2020,5,16,6,505607,PL,Poland,Q1,2023
19,spotify:track:7jtQIBanIiJOMS6RyCx6jZ,Tom Odell,Another Love,ITNO/Columbia,19,31,99,498217,PL,Poland,Q1,2023
20,spotify:track:4lPAZiTJbaQ4irMzcq0GOU,Mata,JESTEM POJ384NY,SBM Label,1,23,23,492075,PL,Poland,Q1,2023
21,spotify:track:11JXHNIH2xO5INcJQOWCjY,"2115, Bedoes 2115, White 2115, kuqe 2115, @atutowy",NA KRAŃCU ŚWIATA,2115,3,26,13,489446,PL,Poland,Q1,2023
22,spotify:track:53OQFPwyflA0jMyUjUSawr,"Kabe, Miszel",Sheraton,QueQuality,1,21,18,488719,PL,Poland,Q1,2023
23,spotify:track:0JXXNGljqupsJaZsgSbMZV,Miguel,Sure Thing,Jive,23,100,4,487522,PL,Poland,Q1,2023
24,spotify:track:2KTfSSKBBfMLXwDqrtoOE5,"sanah, Dawid Podsiadło",ostatnia nadzieja,Magic Records,2,22,39,484918,PL,Poland,Q1,2023
25,spotify:track:4h9wh7iOZ0GGn8QVp4RAOB,OneRepublic,I Ain't Worried,Interscope Records,13,28,30,481389,PL,Poland,Q1,2023
26,spotify:track:5YvL3ytkusKcM5ozxD9fKN,White 2115,RiRi,SBM Label,1,25,31,470493,PL,Poland,Q1,2023
27,spotify:track:5NbxvSCL1xLqqWLqG6LjwE,Chivas,koleżanko mojej byłej,GUGU,5,34,16,458008,PL,Poland,Q1,2023
28,spotify:track:5XeFesFbtLpXzIVDNQP22n,Arctic Monkeys,I Wanna Be Yours,Domino Recording Co,28,47,25,456865,PL,Poland,Q1,2023
29,spotify:track:1cAAn5PKy40T1p15fpTPW8,"Malik Montana, Kazior, SRNO",Na raz,Epic/Malik Montana,29,29,5,452063,PL,Poland,Q1,2023
30,spotify:track:1Qrg8KqiBpW07V7PNxwwwL,SZA,Kill Bill,Top Dawg Entertainment/RCA Records,30,56,4,449152,PL,Poland,Q1,2023
31,spotify:track:14154tJOTjeyeOyhnqP4QM,Mata,</3,SBM Label,1,32,8,447701,PL,Poland,Q1,2023
32,spotify:track:2QjOHCTQ1Jl3zawyYOpxh6,The Neighbourhood,Sweater Weather,Columbia,24,43,130,444532,PL,Poland,Q1,2023
33,spotify:track:1VoUHMVxu1qG2Z9josOhWs,"Kukon, Baltik Beatz, Phunk'ill",w aucie noc i 90bpm,Piękny Syf,23,33,6,441097,PL,Poland,Q1,2023
34,spotify:track:2yEWVnp65tTXSrRW03IqXs,"WŁODAR, Pedro",SIĘ WJEŻDŻA,SPÓŁKA ZOO,10,39,22,437453,PL,Poland,Q1,2023
35,spotify:track:1N8TTK1Uoy7UvQNUazfUt5,ThxSoMch,SPIT IN MY FACE!,Elektra (NEK),35,41,8,435682,PL,Poland,Q1,2023
36,spotify:track:3rb0tMq42WfggucPm0HHkA,"MEDUZA, James Carter, Elley Duhé, FAST BOY",Bad Memories (feat. Elley Duhé & FAST BOY),Universal-Island Records Ltd.,19,19,22,432231,PL,Poland,Q1,2023
37,spotify:track:4Dvkj6JhhA12EX05fT7y2e,Harry Styles,As It Was,Columbia,1,38,41,424526,PL,Poland,Q1,2023
38,spotify:track:5fjcRpwg94xQ2hrSqw6x06,IGNACY,Czekam Na Znak,Universal Music Polska Sp. z o.o.,36,36,13,421963,PL,Poland,Q1,2023
39,spotify:track:5fxFhJyveLasVUfuHf6lYP,"Kabe, Miszel",Bajlando,QueQuality,39,40,2,418021,PL,Poland,Q1,2023
40,spotify:track:2qqiGxy47FbviXuPW7crUH,Chivas,anyżowe żelki,GUGU,7,44,27,409564,PL,Poland,Q1,2023
41,spotify:track:46KrcgLn015ammHqC8FWsw,"Kabe, Miszel",Pronto,QueQuality,18,18,3,407345,PL,Poland,Q1,2023
42,spotify:track:2dHHgzDwk4BJdRwy9uXhTO,"Metro Boomin, The Weeknd, 21 Savage",Creepin' (with The Weeknd & 21 Savage),Republic Records,42,65,6,406518,PL,Poland,Q1,2023
43,spotify:track:5YdnOm5990Kfq1Jodws98B,"Felix Jaehn, Ray Dalton",Call It Love,Intercord,43,45,9,402295,PL,Poland,Q1,2023
44,spotify:track:4nng35mDbhJjPyGwXFNk76,"2115, Bedoes 2115, White 2115, kuqe 2115, Szpaku, Chivas",GUGU x 2115,2115,18,37,4,400397,PL,Poland,Q1,2023
45,spotify:track:2nGA88iGanJ3rkDaWXQLyv,"Dj Decks, Mata, WoLa",BIERNIK (kogo? co?),StoproRap,45,49,4,397804,PL,Poland,Q1,2023
46,spotify:track:1J3rvvPqfplUP3w1y9y8In,Chivas,kupić jej gaz czy torebkę?,GUGU,3,58,17,394235,PL,Poland,Q1,2023
47,spotify:track:4zN21mbAuaD0WqtmaTZZeP,"James Hype, Miggy Dela Rosa",Ferrari,Universal-Island Records Ltd.,11,24,30,389011,PL,Poland,Q1,2023
48,spotify:track:5qBLfeAGlgGGsckKhsMWpF,PRO8L3M,Ground Zero,RHW Records,48,53,93,380877,PL,Poland,Q1,2023
49,spotify:track:5WxVXxCMRnvxUKFq40ELwq,"RAYE, 070 Shake",Escapism.,Human Re Sources,49,68,6,377460,PL,Poland,Q1,2023
50,spotify:track:3zkyus0njMCL6phZmNNEeN,Central Cee,LET GO,Central Cee,44,59,4,375856,PL,Poland,Q1,2023
1,spotify:track:66JWE9YKWc6XWUwN7OdRE9,"Białas, Sobel, Deemz",Uzi,SBM Label,1,1,5,1263923,PL,Poland,Q2,2023
2,spotify:track:1ZZ7uFD6pS1Rt3ELtMqsSl,"Oki, Swizzy, Worek, Nolyrics Beats",SPRZEDAŁEM SIĘ,2020,1,2,4,1183637,PL,Poland,Q2,2023
3,spotify:track:2yxPqxHbj1L7vrCpHLtAcG,Dawid Podsiadło,mori,Pur Pur,1,6,25,856692,PL,Poland,Q2,2023
4,spotify:track:4DHcnVTT87F0zZhRPYmZ3B,Miley Cyrus,Flowers,Columbia,1,7,13,832069,PL,Poland,Q2,2023
5,spotify:track:4C3MbWrKVjKjangZzAeL7z,"Przemek.pro, Qry, Bartek Kubicki, Trzech Króli",Fatamorgana,Ekipa,5,10,3,784938,PL,Poland,Q2,2023
6,spotify:track:2LMXAlcaN53mR1eHiwnJbb,"Kuban, Quebonafide, Favst",same zmartwienia,dobzi ludzie.,3,4,3,751352,PL,Poland,Q2,2023
7,spotify:track:09bXpqLbPGZum6I4lDcnMX,"club2020, Oki, Otsochodzi, Taco Hemingway, Young Leosia, Dwa Sławy, Gruby Mielzky",Malibu Barbie,2020,1,9,13,736662,PL,Poland,Q2,2023
8,spotify:track:5ngOu7hZUAGnk0FTDPzBob,"Avi, Gibbs",Mały Książę,Moya Label,3,3,3,711526,PL,Poland,Q2,2023
9,spotify:track:0RM8O4t1Bhm5kqp0v6bdlp,"Kuban, Favst",na okrągło,dobzi ludzie.,1,8,19,696706,PL,Poland,Q2,2023
10,spotify:track:3Nqxx5fdl3FQlrk3zarRmA,"2115, Bedoes 2115, White 2115, prześwit, Taco Hemingway",DRESSCODE,2115,1,11,17,623896,PL,Poland,Q2,2023
11,spotify:track:6Zqigzh6qzzkJyEuYAR0oh,"club2020, Otsochodzi, Oki, Young Igi, schafter, @atutowy",Landlord,2020,3,5,5,621203,PL,Poland,Q2,2023
12,spotify:track:384lHduuDsrR4HPUwR3fG4,sanah,Nic dwa razy (W. Szymborska),Magic Records,1,14,26,552097,PL,Poland,Q2,2023
13,spotify:track:2VYT8yaxvwXyRvAWZqM7Ws,"Cyrko, D3W",PRYWATNY BAL,Sony Music Entertainment,9,13,12,523317,PL,Poland,Q2,2023
14,spotify:track:0WtM2NBVQNNJLh6scP13H8,"Rema, Selena Gomez",Calm Down (with Selena Gomez),Mavin Records / Jonzing World,14,19,13,521811,PL,Poland,Q2,2023
15,spotify:track:3f9Ugg030LDe0p6ospTORC,"Gibbs, Kiełas",Piękny Świat,DOPEHOUSE,1,15,47,499899,PL,Poland,Q2,2023
16,spotify:track:6bj4cH8DseYmq9G1fQ8CZV,"Asster, Malik Montana",RONDO,asster,16,18,3,495476,PL,Poland,Q2,2023
17,spotify:track:7vC6jG6JvFapetD9ZHUy6F,"CBW, Mata",333 km/h,CBW,17,32,2,490510,PL,Poland,Q2,2023
18,spotify:track:44Xyja7xYPlVC6v2CeweSi,"Måneskin, Tom Morello",GOSSIP (feat. Tom Morello),Epic,18,33,13,489204,PL,Poland,Q2,2023
19,spotify:track:0zKbDrEXKpnExhGQRe9dxt,Tiësto,Lay Low,Musical Freedom,19,30,8,486744,PL,Poland,Q2,2023
20,spotify:track:6tARtPlcilM1u4tbAWgato,"Kizo, Bletka, BeMelo, Eddie Block, Adash",Taxi,spacerange,20,23,3,472740,PL,Poland,Q2,2023
21,spotify:track:2dHHgzDwk4BJdRwy9uXhTO,"Metro Boomin, The Weeknd, 21 Savage",Creepin' (with The Weeknd & 21 Savage),Republic Records,20,27,19,472251,PL,Poland,Q2,2023
22,spotify:track:5YvL3ytkusKcM5ozxD9fKN,White 2115,RiRi,SBM Label,1,25,44,471813,PL,Poland,Q2,2023
23,spotify:track:7vXWyqGHBqZi8oec17wYIl,"Favst, Gibbs",ztb,QueQuality,13,31,38,437571,PL,Poland,Q2,2023
24,spotify:track:5GdFPcbGDQqtbVO2jl6Ez5,Dawid Podsiadło,To co masz Ty!,Pur Pur,3,41,27,423648,PL,Poland,Q2,2023
25,spotify:track:4uUG5RXrOk84mYEfFvj3cK,"David Guetta, Bebe Rexha",I'm Good (Blue),Parlophone UK,2,36,33,421414,PL,Poland,Q2,2023
26,spotify:track:3ebV1wNl0sJZUMkS7T7K2g,"ReTo, Słoń, Wroobel",Król jest nagi,spacerange,5,24,10,419796,PL,Poland,Q2,2023
27,spotify:track:561jH07mF1jHuk7KlaeF0s,Eminem,Mockingbird,Eminem Catalog PS,15,50,26,418899,PL,Poland,Q2,2023
28,spotify:track:3FZPXHN1fgFeZEiXlMtosR,"Smolasty, WIKTOR, Jakub Laszuk",Herbata Z Imbirem,WM Poland/WMI,28,59,8,412137,PL,Poland,Q2,2023
29,spotify:track:3xxjYOFR1y7By2wNDS51XV,BLANKA,Solo,WM Poland/WMI,29,53,7,410016,PL,Poland,Q2,2023
30,spotify:track:1U5tyGeq6tFW6WNTmPluvx,sanah,najlepszy dzień w moim życiu,Magic Records,9,34,19,407803,PL,Poland,Q2,2023
31,spotify:track:0vbp3qthXlRVsLXTbPrkX1,Jann,Gladiator,FONOBO Label,1,29,7,406252,PL,Poland,Q2,2023
32,spotify:track:5BtLq0RgyJNMI9yEvBvMQF,"Kuban, Favst",magister sztuki,dobzi ludzie.,5,20,6,402819,PL,Poland,Q2,2023
33,spotify:track:6xIdyCXLexA3L15RLPK7al,"Avi, ReTo, wxrrior",Mara,Moya Label,16,16,2,401245,PL,Poland,Q2,2023
34,spotify:track:14SxFUbRGkBBbH62fQdF0C,"Avi, @atutowy",Gelenda,Moya Label,7,12,5,400716,PL,Poland,Q2,2023
35,spotify:track:0Ctdg2MIMbgXY0N6mIuqki,"Avi, Pezet, INDEB, Phunk'ill",Leśmian,Moya Label,26,26,2,398018,PL,Poland,Q2,2023
36,spotify:track:2nFaT0t36H6UX3wN3Vxvjm,White 2115,California,SBM Label,6,40,251,397502,PL,Poland,Q2,2023
37,spotify:track:5wG3HvLhF6Y5KTGlK0IW3J,"Metro Boomin, Travis Scott, Young Thug",Trance (with Travis Scott & Young Thug),Republic Records,11,37,6,394738,PL,Poland,Q2,2023
38,spotify:track:5w4PaJ9Smb4yCb4eZDK7ry,"Białas, White 2115, Wroobel",Botoks,SBM Label,22,22,2,388543,PL,Poland,Q2,2023
39,spotify:track:7jtQIBanIiJOMS6RyCx6jZ,Tom Odell,Another Love,ITNO/Columbia,19,46,112,386247,PL,Poland,Q2,2023
40,spotify:track:09m29we7x9tgxyo6f3OQ87,"Kizo, BeMelo, Gory",Discopolo,spacerange,2,42,18,386087,PL,Poland,Q2,2023
41,spotify:track:6t2QcPF3STBCrqjOW7VECE,"Miszel, Kabe, Premixm",dres,QueQuality,6,60,54,385331,PL,Poland,Q2,2023
42,spotify:track:2s1Qsm1XdgvCwoUaGdw6FA,"CBW, GOMBAO 33, Tadeo, Mata, Szczepan, Wyguś",a r i z o n a (2013 - 2016),CBW,42,55,2,383487,PL,Poland,Q2,2023
43,spotify:track:0NZPBYD5qbEWRs3PrGiRkT,"Sam Smith, Kim Petras",Unholy (feat. Kim Petras),Capitol Records UK / EMI,4,43,29,381401,PL,Poland,Q2,2023
44,spotify:track:05MYJf19LSo2E1lZ0RrMAC,Mata,MŁODY PADEREWSKI,SBM Label,2,35,13,376425,PL,Poland,Q2,2023
45,spotify:track:7hjgi04fCipBXq5NAB1ulo,Zeamsone,21 gramów,Zeamsone,15,47,9,376211,PL,Poland,Q2,2023
46,spotify:track:5XeFesFbtLpXzIVDNQP22n,Arctic Monkeys,I Wanna Be Yours,Domino Recording Co,28,58,38,375380,PL,Poland,Q2,2023
47,spotify:track:4BgTgPsNeDz2KG4QsshjL9,"Guzior, Favst",BLUEBERRY,QueQuality,1,69,125,369830,PL,Poland,Q2,2023
48,spotify:track:5scYmJwXDkJKwZxCyZ2eJi,"Kuban, Hodak",rubinowe wino,dobzi ludzie.,18,56,3,361575,PL,Poland,Q2,2023
49,spotify:track:2KTfSSKBBfMLXwDqrtoOE5,"sanah, Dawid Podsiadło",ostatnia nadzieja,Magic Records,2,51,52,359521,PL,Poland,Q2,2023
50,spotify:track:6nKqdZTgE8RyTqwGx6Ow6f,"club2020, Oki, Young Igi, Young Leosia, Taco Hemingway, PSR",No weź,2020,3,45,9,355364,PL,Poland,Q2,2023
1,spotify:track:4u3pVIKFDquOVeyvkc1Hjh,Zeamsone,5 INFLUENCEREK,Universal Music Polska Sp. z o.o.,1,1,5,2004624,PL,Poland,Q3,2023
2,spotify:track:6tARtPlcilM1u4tbAWgato,"Kizo, Bletka, BeMelo, Eddie Block, Adash",Taxi,spacerange,1,2,16,1797159,PL,Poland,Q3,2023
3,spotify:track:4EqPIm07a55pJQRSZw2Z4X,"Męskie Granie Orkiestra, Igo, Mrozu, Vito Bambino","Supermoce (feat. Igo, Mrozu & Vito Bambino)",Universal Music Polska Sp. z o.o.,2,5,8,1189073,PL,Poland,Q3,2023
4,spotify:track:1odExI7RdWc4BT515LTAwj,David Kushner,Daylight,Miserable Music Group,1,4,13,1144859,PL,Poland,Q3,2023
5,spotify:track:2nc3VYvWHGckELkcmzssWa,Kacperczyk,Jakbym zjadł mentosy i popił je colą,SBM Label,3,3,3,1140998,PL,Poland,Q3,2023
6,spotify:track:7nWQQ9OhSt0w5umRS94PJV,sanah,Marcepan,Magic Records,2,6,12,1020605,PL,Poland,Q3,2023
7,spotify:track:2xCSrx8a1gZllp0jSFzsP2,"Chivas, White 2115",nóż motylkowy,GUGU,7,31,2,917025,PL,Poland,Q3,2023
8,spotify:track:5KcuT4Yau5Y6KiiB0NR7C7,"SB Maffija, Mata, White 2115, Wyguś, WoLa, slowez, Mario, Pedro, wxrrior, SHDØW",3 w nocy w Międzyzdrojach,SBM Label,3,7,6,838826,PL,Poland,Q3,2023
9,spotify:track:2VYT8yaxvwXyRvAWZqM7Ws,"Cyrko, D3W",PRYWATNY BAL,Sony Music Entertainment,9,9,25,801039,PL,Poland,Q3,2023
10,spotify:track:13KCTlVIkhYcNm54SnVAfI,"SB Maffija, Kinny Zimmer, Lanek, Białas, Bandura, Janusz Walczuk, Solar, Tomb, Dżinold",Bungee,SBM Label,4,8,6,711833,PL,Poland,Q3,2023
11,spotify:track:2F2p7b5Xq20mRyEeWYaeUF,"Purple Disco Machine, Kungs, Julian Perretta",Substitution (feat. Julian Perretta),Columbia Local,11,13,10,695447,PL,Poland,Q3,2023
12,spotify:track:3VjEZW12YW8yIxjKIzUZfi,Daria Zawiałow,FIFI HOLLYWOOD,Sony Music Entertainment,12,12,9,672907,PL,Poland,Q3,2023
13,spotify:track:2WebYamytCv4EHXDoUWBPF,"Szpaku, Kubi Producent, Waima",CRAZY FROG,GUGU,13,-1,1,671582,PL,Poland,Q3,2023
14,spotify:track:62CjIeDBUEjvWp4PUuUCAR,"Przemek.pro, Qry, Bartek Kubicki, Trzech Króli",Akropol,Ekipa,8,14,10,641054,PL,Poland,Q3,2023
15,spotify:track:5AzCwwnB7XHoZZIusuHeXJ,"Fukaj, charlie moncler, bambi",NIE MA CIĘ,SBM Label,15,-1,1,618180,PL,Poland,Q3,2023
16,spotify:track:1YWr18dWRmuvPgAsPBsOow,"FAST BOY, Topic",Forget You,Intercord,16,24,14,617772,PL,Poland,Q3,2023
17,spotify:track:1DmW5Ep6ywYwxc2HMT5BG6,Loreen,Tattoo,Universal Music AB,2,11,19,607391,PL,Poland,Q3,2023
18,spotify:track:63NqA1azM8ogGsJa7tFCRg,"Tribbs, Robert Wiewióra",Krakowski Spleen,Unified Songs,18,27,8,607291,PL,Poland,Q3,2023
19,spotify:track:2nFaT0t36H6UX3wN3Vxvjm,White 2115,California,SBM Label,6,15,264,592914,PL,Poland,Q3,2023
20,spotify:track:2yxPqxHbj1L7vrCpHLtAcG,Dawid Podsiadło,mori,Pur Pur,1,19,38,583622,PL,Poland,Q3,2023
21,spotify:track:2KEEXp9tP8rA5gcVJlbAtI,"SB Maffija, Szpaku, Białas, Fukaj, po prostu Kajtek, White 2115, 27.Fuckdemons, Chivas, Kubi Producent",Czarna Perła,SBM Label,9,16,5,552273,PL,Poland,Q3,2023
22,spotify:track:5YvL3ytkusKcM5ozxD9fKN,White 2115,RiRi,SBM Label,1,26,57,550129,PL,Poland,Q3,2023
23,spotify:track:3FZPXHN1fgFeZEiXlMtosR,"Smolasty, WIKTOR, Jakub Laszuk",Herbata Z Imbirem,WM Poland/WMI,14,21,21,545826,PL,Poland,Q3,2023
24,spotify:track:381u1jM3XFxE23cdQzep4k,"Malik Montana, Alberto, Kronkel Dom, Josef Bratan",Cartier,GM2L,10,10,2,541820,PL,Poland,Q3,2023
25,spotify:track:4DHcnVTT87F0zZhRPYmZ3B,Miley Cyrus,Flowers,Columbia,1,25,26,541678,PL,Poland,Q3,2023
26,spotify:track:4BgTgPsNeDz2KG4QsshjL9,"Guzior, Favst",BLUEBERRY,QueQuality,1,32,138,535561,PL,Poland,Q3,2023
27,spotify:track:4pjhE3Avv9UuZAfhF9JXgw,"SB Maffija, Kinny Zimmer, White 2115, Solar, Tomb, Janusz Walczuk, Lanek, Jacuś, po prostu Kajtek, Bryan, Fukaj, Szaran, Beteo, Białas, SHDØW, TONY2000, Kacperczyk",Hotel Maffija 3,SBM Label,2,23,6,534162,PL,Poland,Q3,2023
28,spotify:track:2tVaka4Ev4YRK7HgIcxLow,"GENZIE, Hi Hania",SHADOWBAN,Ekipa,18,18,3,523223,PL,Poland,Q3,2023
29,spotify:track:3BKD1PwArikchz2Zrlp1qi,"David Guetta, Anne-Marie, Coi Leray",Baby Don't Hurt Me,Parlophone UK,29,29,14,517390,PL,Poland,Q3,2023
30,spotify:track:0RM8O4t1Bhm5kqp0v6bdlp,"Kuban, Favst",na okrągło,dobzi ludzie.,1,35,32,505117,PL,Poland,Q3,2023
31,spotify:track:3f0nuItdnejs29CxqAABFG,"Dobry Dzieciak, Mata, Wowo",Inny Świat,℗ Ciemna Strefa,31,-1,1,503796,PL,Poland,Q3,2023
32,spotify:track:1j9Il4QzCLFJkiVisyGXYP,Roxie,Miasto,Unity Records,32,37,14,498130,PL,Poland,Q3,2023
33,spotify:track:3IhM5Mber8KA0NaRNpK2px,Tiësto,Lay Low,Atlantic Records,12,34,21,497331,PL,Poland,Q3,2023
34,spotify:track:4Dy9azWTLsDMUdUxrT1170,"Fukaj, Mata, charlie moncler, Pedro",OWOCE 33,SBM Label,8,20,4,497017,PL,Poland,Q3,2023
35,spotify:track:09bXpqLbPGZum6I4lDcnMX,"club2020, Oki, Otsochodzi, Taco Hemingway, Young Leosia, Dwa Sławy, Gruby Mielzky",Malibu Barbie,2020,1,36,26,486589,PL,Poland,Q3,2023
36,spotify:track:1MP4dcd801ywMNnwEPzOQo,"Smolasty, Kizo",Papito,WM Poland/WMI,20,33,4,477064,PL,Poland,Q3,2023
37,spotify:track:0oyR4Ql18Y1GNwS3arouvb,"Yung Adisz, schafter, Gottastral, Tosiek",WWA NA KXKSIE,yung adisz,17,17,2,475140,PL,Poland,Q3,2023
38,spotify:track:0oYqfYHqP2O9V3ISCQ8MMN,Dawid Podsiadło,TAZOSy,Pur Pur,5,60,13,471392,PL,Poland,Q3,2023
39,spotify:track:3xxjYOFR1y7By2wNDS51XV,BLANKA,Solo,WM Poland/WMI,3,30,20,471331,PL,Poland,Q3,2023
40,spotify:track:0WJhZGtWI4wuYVMufw0zeH,"Dawid Narożny, Agbe",Ona działa na mnie jak,HiDance,40,51,7,468869,PL,Poland,Q3,2023
41,spotify:track:5eTaQYBE1yrActixMAeLcZ,"Calvin Harris, Ellie Goulding",Miracle (with Ellie Goulding),Columbia,35,57,16,450390,PL,Poland,Q3,2023
42,spotify:track:14LdhxElpZS0rKVV4nxtdA,Alessandra,Queen of Kings,Universal Music AS,7,39,16,440446,PL,Poland,Q3,2023
43,spotify:track:3k79jB4aGmMDUQzEwa46Rz,Olivia Rodrigo,vampire,Olivia Rodrigo PS,22,22,2,440091,PL,Poland,Q3,2023
44,spotify:track:6GGtHZgBycCgGBUhZo81xe,Lana Del Rey,Say Yes To Heaven,Polydor Records,10,41,8,432142,PL,Poland,Q3,2023
45,spotify:track:44Xyja7xYPlVC6v2CeweSi,"Måneskin, Tom Morello",GOSSIP (feat. Tom Morello),Epic,9,40,26,428412,PL,Poland,Q3,2023
46,spotify:track:6t2QcPF3STBCrqjOW7VECE,"Miszel, Kabe, Premixm",dres,QueQuality,6,45,67,422854,PL,Poland,Q3,2023
47,spotify:track:1ZZ7uFD6pS1Rt3ELtMqsSl,"Oki, Swizzy, Worek, Nolyrics Beats",SPRZEDAŁEM SIĘ,2020,1,47,17,422648,PL,Poland,Q3,2023
48,spotify:track:4pRmXzB5gkQXkfEOLfwJQx,"Guzior, Oskar83",FALA,QueQuality,1,56,138,422074,PL,Poland,Q3,2023
49,spotify:track:15MCdPISBROidl1RLTF6Jr,Dawid Kwiatkowski,Café de Paris,DB4 Management/WM Poland/WMI,49,58,9,421866,PL,Poland,Q3,2023
50,spotify:track:4Dvkj6JhhA12EX05fT7y2e,Harry Styles,As It Was,Columbia,1,38,67,415161,PL,Poland,Q3,2023
1,spotify:track:1kuhnhugcuXf4CiNdqCRUU,"bambi, Young Leosia, PG$, @atutowy",BFF,BE Records,1,1,9,1747592,PL,Poland,Q4,2023
2,spotify:track:5E6Nv8QZblXpiFDQ8iSfE2,"ReTo, Wroobel",Fluid,spacerange,2,3,4,1601499,PL,Poland,Q4,2023
3,spotify:track:2WBejVahXeC1gjCXVOlgbq,"Oki, bvdy47",JEREMY SOCHAN,2020,1,2,5,1529184,PL,Poland,Q4,2023
4,spotify:track:33FD8jBm5LZaQ2jJS3vXzm,"Gibbs, Jonatan, 4Money",Stan,DOPEHOUSE,4,5,13,1322904,PL,Poland,Q4,2023
5,spotify:track:2JJ6WnAfVglnYfxZubSukn,"Blacha 2115, Venom Valentino",Jolie Jolie,2115,1,4,8,1252087,PL,Poland,Q4,2023
6,spotify:track:3rUGC1vUpkDG9CZFHMur1t,Tate McRae,greedy,RCA Records Label,6,10,6,1109316,PL,Poland,Q4,2023
7,spotify:track:1NtvjagHJRLQogzWVhpghv,"Smolasty, Doda, Filip Leon, WIKTOR",Nim Zajdzie Słońce,WM Poland/WMI,1,7,11,1049394,PL,Poland,Q4,2023
8,spotify:track:3QAU2pj4LUKf7yaTgANlQV,The Kolors,ITALODISCO,Warner Music,4,8,14,1007590,PL,Poland,Q4,2023
9,spotify:track:2oILgeSykGjl0N9m0VvAjO,"White Widow, BAHsick",TYLE SŁOŃCA,WM Poland/WMI,9,12,5,975954,PL,Poland,Q4,2023
10,spotify:track:2aVHbey5IovZh4mnKN2AcT,"bambi, charlie moncler",MILLIE WALKY,BE Records,9,11,23,955334,PL,Poland,Q4,2023
11,spotify:track:5OYaQw9IS8MMDFRgTPqDnR,PRO8L3M,Nicea,2020,1,9,8,925224,PL,Poland,Q4,2023
12,spotify:track:5mjYQaktjmjcMKcUIcqz4s,Kenya Grace,Strangers,Warner Records/Major Recordings,12,18,7,841115,PL,Poland,Q4,2023
13,spotify:track:3SOOMT2jytm1J93CTX3Lnb,"Gibbs, Jonatan",Zawsze chciałem,DOPEHOUSE,13,29,2,840151,PL,Poland,Q4,2023
14,spotify:track:1Ki7FuiF2krk4lD8zjV3Nz,"Kukon, Brodka, Megot, Kusha, Suwal",ADDERALL,ROUGH N' GENTLE,14,93,2,826941,PL,Poland,Q4,2023
15,spotify:track:1cnkQScXEGBZKqqy6EjVZo,"Fukaj, charlie moncler, bambi",NIE MA CIĘ,SBM Label,1,13,16,806950,PL,Poland,Q4,2023
16,spotify:track:47SjbGWuDZnVvSFyZEJCxG,sanah,Pocałunki (M. Pawlikowska- Jasnorzewska),Magic Records,7,16,15,806214,PL,Poland,Q4,2023
17,spotify:track:61rJpXPZ4wkqmdsLYJu6LK,Daria Zawiałow,Z Tobą na chacie,Sony Music Entertainment,17,33,6,795519,PL,Poland,Q4,2023
18,spotify:track:56y1jOTK0XSvJzVv9vHQBK,Doja Cat,Paint The Town Red,Kemosabe Records/RCA Records,3,14,12,788868,PL,Poland,Q4,2023
19,spotify:track:1fEh4NSXSaVhVGArLtxEiG,Mata,GiEwOnT,¸¸♬·¯·♩¸¸♪·¯·♫¸¸♫·¯·♪,6,6,2,785457,PL,Poland,Q4,2023
20,spotify:track:4u3pVIKFDquOVeyvkc1Hjh,Zeamsone,5 INFLUENCEREK,Universal Music Polska Sp. z o.o.,1,17,20,783819,PL,Poland,Q4,2023
21,spotify:track:1TwTHhkLEU4XcDRobMAUaW,"L.U.C., Rebel Babel Film Orchestra, Kayah, Dagadana, Laboratorium Pieśni, Tęgie Chłopy",Autumn Dance,Milan,21,40,2,748198,PL,Poland,Q4,2023
22,spotify:track:5A2baHJCFwwewI5z0zkXdo,"Taco Hemingway, Dawid Podsiadło, @atutowy",Całe Lata,2020,2,15,5,715109,PL,Poland,Q4,2023
23,spotify:track:4EqPIm07a55pJQRSZw2Z4X,"Męskie Granie Orkiestra, Igo, Mrozu, Vito Bambino","Supermoce (feat. Igo, Mrozu & Vito Bambino)",Universal Music Polska Sp. z o.o.,2,27,23,667004,PL,Poland,Q4,2023
24,spotify:track:1odExI7RdWc4BT515LTAwj,David Kushner,Daylight,Miserable Music Group,1,21,28,658943,PL,Poland,Q4,2023
25,spotify:track:3QHZAr43uvIGpWfJAHhFX3,"Kalwi & Remi, Guzowianki, DNSQ",Explosion Ech poleczko - DNSQ Remix,Kalwi & Remi,20,20,6,653378,PL,Poland,Q4,2023
26,spotify:track:2HafqoJbgXdtjwCOvNEF14,iñigo quintero,Si No Estás,Acqustic,26,45,3,651636,PL,Poland,Q4,2023
27,spotify:track:1g88Qpz9ZsJM1hlB3PLdgY,"Kizo, Bletka, BeMelo, Eddie Block, Adash",Taxi,spacerange,1,24,31,633090,PL,Poland,Q4,2023
28,spotify:track:1Z7cVYHnRJKHxQJFE9MP4y,"Taco Hemingway, Oki, schafter, @atutowy",Nametag,2020,3,19,5,629184,PL,Poland,Q4,2023
29,spotify:track:2hoQy05lPYcCySUSipQkoU,Kwiat Jabłoni,Od nowa,Universal Music Polska Sp. z o.o.,22,23,12,616614,PL,Poland,Q4,2023
30,spotify:track:2YSzYUF3jWqb9YP9VXmpjE,"Drake, Yeat",IDGAF (feat. Yeat),OVO/Republic,21,22,3,571619,PL,Poland,Q4,2023
31,spotify:track:77zPD9o9tBR5hhsxdDZJeV,"Sobel, Oki, Deemz, Magiera, PSR",Sextape,Universal Music Polska Sp. z o.o.,14,25,4,563247,PL,Poland,Q4,2023
32,spotify:track:5CTNmaXOY1nSnIUsxCpiyU,"Taco Hemingway, Daria Zawiałow, Zeppy Zep",Mix Sałat,2020,5,28,5,544699,PL,Poland,Q4,2023
33,spotify:track:59NraMJsLaMCVtwXTSia8i,"cassö, RAYE, D-Block Europe",Prada,Ministry of Sound Recordings,29,31,9,540929,PL,Poland,Q4,2023
34,spotify:track:3kjMeY6ZgOZYAFRiPHMqmS,"Taco Hemingway, Otsochodzi, Zeppy Zep",Cichosza,2020,1,26,5,529077,PL,Poland,Q4,2023
35,spotify:track:4BgTgPsNeDz2KG4QsshjL9,"Guzior, Favst",BLUEBERRY,QueQuality,1,32,153,499742,PL,Poland,Q4,2023
36,spotify:track:5dtytsLNxUm51ad26pdAC8,"Gibbs, Jonatan",Samotność,DOPEHOUSE,24,58,9,498384,PL,Poland,Q4,2023
37,spotify:track:0DDsdWwUGvwMsIl62fFyXQ,"Daria Zawiałow, Taco Hemingway",SUPRO,Sony Music Entertainment,28,82,4,489843,PL,Poland,Q4,2023
38,spotify:track:2VYT8yaxvwXyRvAWZqM7Ws,"Cyrko, D3W",PRYWATNY BAL,Sony Music Entertainment,8,34,40,483735,PL,Poland,Q4,2023
39,spotify:track:6ggmioMS1gYK0I5AAdv2NH,Taco Hemingway,Gelato,2020,1,30,11,476517,PL,Poland,Q4,2023
40,spotify:track:2HTqkC3N9mf5rD1z8Vds1a,Guzior,WTC,QueQuality,18,39,19,472003,PL,Poland,Q4,2023
41,spotify:track:5XeFesFbtLpXzIVDNQP22n,Arctic Monkeys,I Wanna Be Yours,Domino Recording Co,27,37,66,471322,PL,Poland,Q4,2023
42,spotify:track:1dXz3W52yl5aRqW2nbc2kk,Daria Zawiałow,FIFI HOLLYWOOD,Sony Music Entertainment,12,139,24,462360,PL,Poland,Q4,2023
43,spotify:track:2QjOHCTQ1Jl3zawyYOpxh6,The Neighbourhood,Sweater Weather,Columbia,24,41,171,454754,PL,Poland,Q4,2023
44,spotify:track:3YdH5OPiQQt39x7MpgOwUT,"Kleks, sanah",Jestem Twoją Bajką,Magic Records,15,36,7,449142,PL,Poland,Q4,2023
45,spotify:track:3vkCueOmm7xQDoJ17W1Pm3,Mitski,My Love Mine All Mine,Dead Oceans,45,47,5,440646,PL,Poland,Q4,2023
46,spotify:track:2FHBvsUs4tpHSzIi3GvRjK,PRO8L3M,Ground Zero,RHW Records,25,38,134,438254,PL,Poland,Q4,2023
47,spotify:track:1TcS5QMzEZJiCaRjUTCduI,"Gibbs, 4Money",SAFE,DOPEHOUSE,47,142,5,423004,PL,Poland,Q4,2023
48,spotify:track:1JgknGBbrfmEHeOZH051SS,SUICIDAL-IDOL,ecstacy (slowed),AVR,40,48,6,413528,PL,Poland,Q4,2023
49,spotify:track:1vYXt7VSjH9JIM5oRRo7vA,Dua Lipa,Dance The Night - From Barbie The Album,Atlantic Records,9,43,22,397874,PL,Poland,Q4,2023
50,spotify:track:7vAIFnO5Na6SjXow8z6rSx,Taco Hemingway,Pakiet Platinium,2020,4,35,5,395326,PL,Poland,Q4,2023
1,spotify:track:1Yn8nh3NeSEfA7Oo9dqCvR,Victor Leksell,Nätterna i Göteborg,Sony Music Local,1,-1,1,1139587,SE,Sweden,Q1,2023
3,spotify:track:2e9JCw6tagF1APPHXWy6ff,"23, C.Gambino",Dreams,23 & C.Gambino,3,-1,1,696352,SE,Sweden,Q1,2023
4,spotify:track:3zkyus0njMCL6phZmNNEeN,Central Cee,LET GO,Central Cee,4,6,4,686103,SE,Sweden,Q1,2023
5,spotify:track:1fIeKG6eI8FZzVL9mhlz8t,Bolaget,Kan Inte Gå,WM Sweden,1,2,54,664485,SE,Sweden,Q1,2023
6,spotify:track:5g9gZGiXlk747pESQzmmRT,Miss Li,Hälsa Gud,Pistol Packin' Music,4,4,11,661841,SE,Sweden,Q1,2023
7,spotify:track:1Qrg8KqiBpW07V7PNxwwwL,SZA,Kill Bill,Top Dawg Entertainment/RCA Records,7,13,5,598125,SE,Sweden,Q1,2023
8,spotify:track:4uUG5RXrOk84mYEfFvj3cK,"David Guetta, Bebe Rexha",I'm Good (Blue),Parlophone UK,1,3,20,595322,SE,Sweden,Q1,2023
9,spotify:track:1ngA3uuYGhKy42xrYEPnwQ,Hooja,DIT ÄLVEN GÅR,Roxy Recordings,7,7,2,594330,SE,Sweden,Q1,2023
10,spotify:track:3xPsqMJQNM14OrawTBiK4G,"Victor Leksell, Einár",Din låt,Sony Music Local,1,8,25,589645,SE,Sweden,Q1,2023
11,spotify:track:2dHHgzDwk4BJdRwy9uXhTO,"Metro Boomin, The Weeknd, 21 Savage",Creepin' (with The Weeknd & 21 Savage),Republic Records,11,14,6,573448,SE,Sweden,Q1,2023
12,spotify:track:1VJRxqJhpEIpnHon7ssp1p,Babblarna,Babblarnas vaggvisa,Universal Music AB Distributed Labels,5,11,211,557016,SE,Sweden,Q1,2023
13,spotify:track:2ZfaBbRMcEgSF8JnJIaEBP,Hooja,Banan Melon Kiwi & Citron,Roxy Recordings,5,5,31,539741,SE,Sweden,Q1,2023
14,spotify:track:6D434uIe6ssDPXbCx9O9Bn,Molly Hammar,Ingen annan rör mig som du,Universal Music AB,1,9,12,500511,SE,Sweden,Q1,2023
15,spotify:track:5WxVXxCMRnvxUKFq40ELwq,"RAYE, 070 Shake",Escapism.,Human Re Sources,12,12,8,495249,SE,Sweden,Q1,2023
16,spotify:track:5maA851Fle6XexgJgJzFjF,"Humlan Djojj, Josefine Götestam",Djurens vaggvisa,Filtr Kids,16,23,68,446178,SE,Sweden,Q1,2023
17,spotify:track:5KMyGMGRiSMZLG1q9sMYRx,estraden,Gråter tillsammans över varandra,Midsommarnatt (AB),17,-1,1,424788,SE,Sweden,Q1,2023
18,spotify:track:208L6npsyAKCgydKH9IX3k,Daniela Rathana,Vandraren,Universal Music AB,16,16,6,423042,SE,Sweden,Q1,2023
19,spotify:track:5yT7K64oCQTH9nlWDVP2a9,HAVAL,KALASH,HAVAL MUSIC,10,10,2,421743,SE,Sweden,Q1,2023
20,spotify:track:2WDNr2kjwAhtlqEXELyYkz,"ADAAM, Kairo Keyz",FLEX,Universal Music AB,20,-1,1,418654,SE,Sweden,Q1,2023
21,spotify:track:1RwQZNgaXl01krZHuSUlE8,"Elov & Beny, Sofie Svensson & Dom Där",BUBBEL PÅ BALKONGEN,REP9,2,17,29,418544,SE,Sweden,Q1,2023
22,spotify:track:0gLXS6YP75FZnZllPNdEvy,Yasin,Nånting i Luften,Yasin,11,30,7,417747,SE,Sweden,Q1,2023
23,spotify:track:0V3wPSX9ygBnCm8psDIegu,Taylor Swift,Anti-Hero,Taylor Swift,4,18,12,413570,SE,Sweden,Q1,2023
24,spotify:track:1PcFYA0p9UxvQkLe18s8gz,Ant Wan,Dum,Ant Wan,1,31,13,393678,SE,Sweden,Q1,2023
25,spotify:track:7jtQIBanIiJOMS6RyCx6jZ,Tom Odell,Another Love,ITNO/Columbia,21,28,84,384027,SE,Sweden,Q1,2023
26,spotify:track:7scyrGYhNkIz5t4U630EmD,"23, C.Gambino",M.O.B,23 & C.Gambino,10,34,5,383140,SE,Sweden,Q1,2023
27,spotify:track:43xz0Ed6oE5r3FSblGZtE0,Darin,What's the Point,Dex Music,9,27,9,376334,SE,Sweden,Q1,2023
28,spotify:track:1Y3LN4zO1Edc2EluIoSPJN,"Stephen Sanchez, Em Beihold",Until I Found You (with Em Beihold) - Em Beihold Version,Republic Records,28,64,2,351653,SE,Sweden,Q1,2023
29,spotify:track:561jH07mF1jHuk7KlaeF0s,Eminem,Mockingbird,Eminem Catalog PS,17,35,17,351373,SE,Sweden,Q1,2023
30,spotify:track:7EN8ZT8lGdXH58ulXwW94R,"LOAM, estraden",ENSAM (feat. estraden),Dream Music Group,10,24,11,350899,SE,Sweden,Q1,2023
31,spotify:track:0QHEIqNKsMoOY5urbzN48u,Meghan Trainor,Made You Look,Epic,22,22,12,349629,SE,Sweden,Q1,2023
32,spotify:track:2gwirjNHYJPlBwOJ5Aftwv,Albin Lee Meldau,Josefin,Glassnote Music LLC,14,25,90,343835,SE,Sweden,Q1,2023
33,spotify:track:3Tp6XRivI85TAfpgja9ILh,Miss Li,X,Pistol Packin' Music,2,21,43,334112,SE,Sweden,Q1,2023
34,spotify:track:1puxV64QJkmRUhhXt4T9rD,Hooja,MER & MER,Roxy Recordings,3,19,18,329937,SE,Sweden,Q1,2023
35,spotify:track:3nqQXoyQOWXiESFLlDF1hG,"Sam Smith, Kim Petras",Unholy (feat. Kim Petras),Capitol Records UK / EMI,4,15,16,324165,SE,Sweden,Q1,2023
36,spotify:track:1aOl53hkZGHkl2Snhr7opL,Dean Lewis,How Do I Say Goodbye,Universal Music Australia Pty. Ltd.,18,37,19,323910,SE,Sweden,Q1,2023
37,spotify:track:0JXXNGljqupsJaZsgSbMZV,Miguel,Sure Thing,Jive,37,126,2,306239,SE,Sweden,Q1,2023
38,spotify:track:0JIhRhZPF5j5dx0FGqTWxy,Cian Ducrot,I'll Be Waiting,Polydor Records,38,51,3,305005,SE,Sweden,Q1,2023
39,spotify:track:4Dvkj6JhhA12EX05fT7y2e,Harry Styles,As It Was,Columbia,1,20,41,296045,SE,Sweden,Q1,2023
40,spotify:track:412YYGmYAYGhQUycB3GPoc,"Mohelá, Den svenska björnstammen",Rädda mig,Universal Music AB,38,38,5,288898,SE,Sweden,Q1,2023
41,spotify:track:0c0Zlpn6fXtnz1XuASZdw1,Hooja,NÄR RADION DÅNAR,Roxy Recordings,9,33,11,287576,SE,Sweden,Q1,2023
42,spotify:track:4eZfXYRCM5ZK0jX3vCKPWj,"23, C.Gambino",Drill,23 & C.Gambino,42,-1,1,283384,SE,Sweden,Q1,2023
43,spotify:track:3zLBP4HtaSYRA4NcAqS3Jo,Einár,DAY ONE,Einár,2,47,10,281974,SE,Sweden,Q1,2023
44,spotify:track:6BePGk3eCan4FqaW2X8Qy3,"Tiësto, Tate McRae",10:35,Atlantic Records,44,44,10,281739,SE,Sweden,Q1,2023
45,spotify:track:5YdnOm5990Kfq1Jodws98B,"Felix Jaehn, Ray Dalton",Call It Love,Intercord,45,48,9,281476,SE,Sweden,Q1,2023
46,spotify:track:08TmjaKrRDvnRfuMWccWsN,"Rasmus Gozzi, FRÖKEN SNUSK",SNURRAR SOM ETT HJUL,Virgin Music Label And Artist Services,36,36,7,276043,SE,Sweden,Q1,2023
47,spotify:track:3XDKCULgNxH5s6WdgZge2G,Dizzy,UTE PÅ JAKT,WM Sweden,47,-1,1,268261,SE,Sweden,Q1,2023
48,spotify:track:11BKm0j4eYoCPPpCONAVwA,Lady Gaga,Bloody Mary,Interscope,29,29,6,259051,SE,Sweden,Q1,2023
49,spotify:track:6zJejIfVYLgjud3lTk4DLB,Rosa Linn,SNAP,Nvak Collective,11,40,29,247011,SE,Sweden,Q1,2023
50,spotify:track:4ygFhEjbNInflnSHfCOOxE,Sickan,VÄLKOMMEN TILL SÖDRA,Sickan,50,-1,1,236548,SE,Sweden,Q1,2023
51,spotify:track:5fvrpWPEDhM6IDyKb56ySV,Hooja,LIVET PÅ EN PINNE,Roxy Recordings,8,42,30,235913,SE,Sweden,Q1,2023
1,spotify:track:4o5Ob60pz8QHcFKcr4MWyf,Bolaget,Ikväll Igen,WM Sweden,1,-1,1,1144069,SE,Sweden,Q2,2023
2,spotify:track:2c8wnqPxPUXtxNSJN9b4cS,Hov1,Lilla B,Universal Music AB,1,1,3,1139166,SE,Sweden,Q2,2023
3,spotify:track:4FGvRqZ1pPaflN2jjLBMB9,Yasin,Har Dig,GG,2,4,7,919700,SE,Sweden,Q2,2023
4,spotify:track:1DmW5Ep6ywYwxc2HMT5BG6,Loreen,Tattoo,Universal Music AB,1,3,7,911359,SE,Sweden,Q2,2023
5,spotify:track:3pBTElvw1OK7pDDI3MR4qC,C.Gambino,G63,WM Sweden,2,2,5,883912,SE,Sweden,Q2,2023
6,spotify:track:4DHcnVTT87F0zZhRPYmZ3B,Miley Cyrus,Flowers,Columbia,1,5,13,703937,SE,Sweden,Q2,2023
7,spotify:track:6KOzO2mUwSwe8a9GiJAn7X,Bolaget,Kan Inte Gå,WM Sweden,1,9,67,684095,SE,Sweden,Q2,2023
9,spotify:track:1pFwmWdL9aPpajfRp7yzOI,"Baby Gang, C.Gambino",Mentalité RMX (feat. C.Gambino),Atlantic/WM Italy,9,-1,1,601716,SE,Sweden,Q2,2023
10,spotify:track:4vOoQh9MhS9pyrbvc8LyMz,Zara Larsson,Can't Tame Her,Sommer House/Epic,5,10,11,588725,SE,Sweden,Q2,2023
11,spotify:track:5DYCuzBPf13q0QZwQvjYzi,Smash Into Pieces,Six Feet Under,Smash Into Pieces,2,6,7,577633,SE,Sweden,Q2,2023
12,spotify:track:7xzgJNufqvox5oQQa1dP1O,Theo,Mer av dig,WM Sweden,5,11,9,553700,SE,Sweden,Q2,2023
13,spotify:track:4abHyHTOkA4DTY0zwSdbZL,Sarettii,Ella mai,Ringtone Records,8,8,2,537173,SE,Sweden,Q2,2023
14,spotify:track:2gwirjNHYJPlBwOJ5Aftwv,Albin Lee Meldau,Josefin,Glassnote Music LLC,14,45,103,500614,SE,Sweden,Q2,2023
15,spotify:track:4hy7qTxsnyZUZoqo5RtaYq,Ed Sheeran,Eyes Closed,Atlantic Records UK,10,13,3,498926,SE,Sweden,Q2,2023
16,spotify:track:1VJRxqJhpEIpnHon7ssp1p,Babblarna,Babblarnas vaggvisa,Universal Music AB Distributed Labels,5,19,224,498714,SE,Sweden,Q2,2023
17,spotify:track:2ZfaBbRMcEgSF8JnJIaEBP,Hooja,Banan Melon Kiwi & Citron,Roxy Recordings,5,20,44,493173,SE,Sweden,Q2,2023
18,spotify:track:7dLIb2FTMx0EKSAipHov7P,"Dizzy, Manny Flaco",KURIRER,WM Sweden,7,12,7,491796,SE,Sweden,Q2,2023
19,spotify:track:7wcl1N4Mn1VlBbQQmOlgiO,Miss Li,Ålderdomshemmet,Pistol Packin' Music,19,21,2,491057,SE,Sweden,Q2,2023
20,spotify:track:5g9gZGiXlk747pESQzmmRT,Miss Li,Hälsa Gud,Pistol Packin' Music,4,15,24,475690,SE,Sweden,Q2,2023
21,spotify:track:7yfMu3Ez41fQXuD9gUbFjQ,Hooja,KOMMER DU IHÅG?,Roxy Recordings,4,18,7,452721,SE,Sweden,Q2,2023
22,spotify:track:7tl3Dr9Bzee4AJRsBiK3KB,23,Feeling Myself,Paid in Full Records,1,17,11,418392,SE,Sweden,Q2,2023
23,spotify:track:5maA851Fle6XexgJgJzFjF,"Humlan Djojj, Josefine Götestam",Djurens vaggvisa,Filtr Kids,16,26,81,417051,SE,Sweden,Q2,2023
24,spotify:track:4zPqv04ddAFwk2Pgz3jC9U,"Arc North, Jon Henrik Fjällgren, Adam Woods",Where You Are (Sávežan),LoudKult,6,14,7,404127,SE,Sweden,Q2,2023
25,spotify:track:7DBQIEXuFIXMWNAWyGsTTm,Marcus & Martinus,Air,Universal Music AB,4,16,7,398891,SE,Sweden,Q2,2023
26,spotify:track:2eOLvT5HNiHZQb4BTSiwQl,"Miriam Bryant, Veronica Maggio",Under någon ny,WM Sweden,3,22,9,392446,SE,Sweden,Q2,2023
27,spotify:track:1aEU7mcRDTYBB4ASpqbjYE,Hov1,Hon dansar vidare i livet,Universal Music AB,1,28,222,372932,SE,Sweden,Q2,2023
28,spotify:track:3xPsqMJQNM14OrawTBiK4G,"Victor Leksell, Einár",Din låt,Sony Music Local,1,44,38,362737,SE,Sweden,Q2,2023
29,spotify:track:45bLmakv73Jwg5XwoEEGMq,"Robin Kadir, Asme",Cocktails,WM Sweden,27,27,4,356060,SE,Sweden,Q2,2023
30,spotify:track:04o5XzF41xA6NyMDcBW0oh,"23, 01an",Many Men,Paid in Full Records,13,25,4,355494,SE,Sweden,Q2,2023
31,spotify:track:2sbjPQE3sS9H6i8BOmtZbr,Lucianoz,Det är ju dej jag går och väntar på,Sony Music Local,31,56,13,355172,SE,Sweden,Q2,2023
32,spotify:track:4uUG5RXrOk84mYEfFvj3cK,"David Guetta, Bebe Rexha",I'm Good (Blue),Parlophone UK,1,32,33,353053,SE,Sweden,Q2,2023
33,spotify:track:1RwQZNgaXl01krZHuSUlE8,"Elov & Beny, Sofie Svensson & Dom Där",BUBBEL PÅ BALKONGEN,REP9,2,38,42,352688,SE,Sweden,Q2,2023
34,spotify:track:1Yn8nh3NeSEfA7Oo9dqCvR,Victor Leksell,Nätterna i Göteborg,Sony Music Local,1,34,14,350127,SE,Sweden,Q2,2023
35,spotify:track:5eTaQYBE1yrActixMAeLcZ,"Calvin Harris, Ellie Goulding",Miracle (with Ellie Goulding),Columbia,24,29,5,337581,SE,Sweden,Q2,2023
36,spotify:track:4lGrF9Fk8wJ6nLgcuRdFre,Nordman,Släpp alla sorger,Universal Music AB,8,24,8,322593,SE,Sweden,Q2,2023
37,spotify:track:2vD1hN8Oxqfh4umefOVIqP,Hov1,Mandy Moore,Universal Music AB,10,58,95,318837,SE,Sweden,Q2,2023
38,spotify:track:321RwsoTVlohBMx1nkOHmZ,Yasin,Nånting I Luften,GG,11,39,20,318742,SE,Sweden,Q2,2023
39,spotify:track:6AQbmUe0Qwf5PZnt4HmTXv,"PinkPantheress, Ice Spice",Boy's a liar Pt. 2,Warner Records,13,30,10,318011,SE,Sweden,Q2,2023
40,spotify:track:26b3oVLrRUaaybJulow9kz,Libianca,People,5K Records Limited,18,37,14,314141,SE,Sweden,Q2,2023
41,spotify:track:5o9ZvJGrZrw4iZVRsLW4cr,Yasin,Hoodrich,GG,7,31,10,309921,SE,Sweden,Q2,2023
42,spotify:track:5MEuFY2DxrozPEgGpR8Fji,Veronica Maggio,Välkommen in,Universal Music AB,26,62,79,307984,SE,Sweden,Q2,2023
43,spotify:track:710xi8haZ3Os0wip67GcmY,Panetoz,On My Way,Universal Music AB,10,35,7,298906,SE,Sweden,Q2,2023
44,spotify:track:1puxV64QJkmRUhhXt4T9rD,Hooja,MER & MER,Roxy Recordings,3,57,31,298738,SE,Sweden,Q2,2023
45,spotify:track:1fOZciVVoZ1RqpuO5i2hbU,Einár,Du & Jag,Einár,1,36,12,298540,SE,Sweden,Q2,2023
46,spotify:track:5YdnOm5990Kfq1Jodws98B,"Felix Jaehn, Ray Dalton",Call It Love,Intercord,34,40,22,298226,SE,Sweden,Q2,2023
47,spotify:track:1Qrg8KqiBpW07V7PNxwwwL,SZA,Kill Bill,Top Dawg Entertainment/RCA Records,5,46,18,297955,SE,Sweden,Q2,2023
48,spotify:track:7aRCf5cLOFN1U7kvtChY1G,Drake,Search & Rescue,OVO/Republic Records,48,-1,1,285193,SE,Sweden,Q2,2023
49,spotify:track:1tPzSRXNZbPKQbVh3yv7rs,Kiana,Where Did You Go,Universal Music AB,12,43,7,284846,SE,Sweden,Q2,2023
50,spotify:track:2HUfLne6AoEqEp0vDQ7KD0,Peg Parnevik,Penny,WM Sweden,23,23,2,283233,SE,Sweden,Q2,2023
51,spotify:track:2bHkxIrKmodno557Z4BJBK,Tjuvjakt,John Daly,Universal Music AB,33,33,2,275282,SE,Sweden,Q2,2023
1,spotify:track:4o5Ob60pz8QHcFKcr4MWyf,Bolaget,Ikväll Igen,WM Sweden,1,1,14,1187446,SE,Sweden,Q3,2023
2,spotify:track:2FDTHlrBguDzQkp7PVj16Q,"Dave, Central Cee",Sprinter,Neighbourhood / Live Yours,2,2,6,949759,SE,Sweden,Q3,2023
3,spotify:track:1VJBnmHm3gUyJnPKetgC3j,Hov1,Grät,Universal Music AB,1,5,9,789386,SE,Sweden,Q3,2023
4,spotify:track:6KOzO2mUwSwe8a9GiJAn7X,Bolaget,Kan Inte Gå,WM Sweden,1,6,80,757784,SE,Sweden,Q3,2023
5,spotify:track:7tHkIqI9XU8qCfLHIzl0pp,Thomas Stenström,Andas in andas ut,Korpstaden Produktion,5,8,12,701337,SE,Sweden,Q3,2023
6,spotify:track:16jNbcjTGEskPA06R4wbQz,Hooja,DISKOTEKA,Roxy Recordings,3,3,2,692629,SE,Sweden,Q3,2023
7,spotify:track:1pLglW5mDscxmbo32uaf3U,"Basshunter, Victor Leksell",INGEN KAN SLÅ (BOTEN ANNA),WM Sweden,4,4,3,671480,SE,Sweden,Q3,2023
8,spotify:track:2ZfaBbRMcEgSF8JnJIaEBP,Hooja,Banan Melon Kiwi & Citron,Roxy Recordings,5,12,57,668057,SE,Sweden,Q3,2023
9,spotify:track:50kpGaPAhYJ3sGmk6vplg0,Justin Bieber,Love Yourself,RBMG/Def Jam,9,78,47,645152,SE,Sweden,Q3,2023
10,spotify:track:0Apl0ndMj1fWIY6rnD7gnY,"ADAAM, Pablo Paz, takenoelz",17,Universal Music AB,2,9,10,622083,SE,Sweden,Q3,2023
11,spotify:track:1mea3bSkSGXuIRvnydlB5b,Coldplay,Viva La Vida,Parlophone UK,11,57,47,587636,SE,Sweden,Q3,2023
12,spotify:track:2gwirjNHYJPlBwOJ5Aftwv,Albin Lee Meldau,Josefin,Glassnote Music LLC,9,13,116,579457,SE,Sweden,Q3,2023
13,spotify:track:56flxHBv6c08oCUjQhXeb1,Einár,Vill va med dig,Einár,1,7,6,558270,SE,Sweden,Q3,2023
14,spotify:track:3Ogy0Sog7JmnXBn43Dmyv0,"Tobias Rahim, Victor Leksell",STOR MAN,Sony Music Entertainment,14,-1,1,553702,SE,Sweden,Q3,2023
15,spotify:track:2a6NdKqYB9CaMT2yfiXZnE,"Albatraoz, Sofie Svensson & Dom Där, Kåren",TRUCKER MOTHERFUCKER,WM Sweden,10,10,4,553469,SE,Sweden,Q3,2023
16,spotify:track:7yfMu3Ez41fQXuD9gUbFjQ,Hooja,KOMMER DU IHÅG?,Roxy Recordings,4,21,20,533133,SE,Sweden,Q3,2023
17,spotify:track:4vOoQh9MhS9pyrbvc8LyMz,Zara Larsson,Can't Tame Her,Sommer House/Epic,5,15,24,533026,SE,Sweden,Q3,2023
18,spotify:track:1Tx7TwXLu2BQIAz0SRzf2k,"NOTD, Veronica Maggio",Occhi D’Amore,Universal Music AB,7,14,6,531763,SE,Sweden,Q3,2023
19,spotify:track:6HuNgzEw9b4tDcSDCQBS1O,Victor Leksell,Fånga mig när jag faller,Sony Music Local,3,16,11,512405,SE,Sweden,Q3,2023
20,spotify:track:4GK4mydvnsodLEHWb4zJV4,Mares,Sunnanvind,Tjooff,5,19,136,480726,SE,Sweden,Q3,2023
21,spotify:track:1VJRxqJhpEIpnHon7ssp1p,Babblarna,Babblarnas vaggvisa,Universal Music AB Distributed Labels,5,18,237,478929,SE,Sweden,Q3,2023
22,spotify:track:3AJwUDP919kvQ9QcozQPxg,Coldplay,Yellow,Parlophone UK,22,120,8,477592,SE,Sweden,Q3,2023
23,spotify:track:1p0RjMued7Tmm0o7CjzoHY,Miss Li,Våran sång (Sveriges Officiella VM-låt 2023),Pistol Packin' Music,5,11,5,476776,SE,Sweden,Q3,2023
24,spotify:track:3HWBcWp9jJ8wZGELOdikOJ,"Yasin, JB",Ambitions Of A Rider,GG,24,-1,1,472403,SE,Sweden,Q3,2023
26,spotify:track:2c8wnqPxPUXtxNSJN9b4cS,Hov1,Lilla B,Universal Music AB,1,25,16,462679,SE,Sweden,Q3,2023
27,spotify:track:5RX8T3EoTuXcybAxe6oPAw,Käärijä,Cha Cha Cha,WM Finland,1,17,11,458233,SE,Sweden,Q3,2023
28,spotify:track:0YvWZpHDLG4YeibR10xXPq,Dizzy,PRAPAPA,WM Sweden,28,-1,1,454797,SE,Sweden,Q3,2023
29,spotify:track:1RwQZNgaXl01krZHuSUlE8,"Elov & Beny, Sofie Svensson & Dom Där",BUBBEL PÅ BALKONGEN,REP9,2,31,55,451129,SE,Sweden,Q3,2023
30,spotify:track:1aEU7mcRDTYBB4ASpqbjYE,Hov1,Hon dansar vidare i livet,Universal Music AB,1,27,235,448516,SE,Sweden,Q3,2023
31,spotify:track:1r5nCkDun9Rg73A5KGWZB0,Eah Jé,Beroendeframkallande,Columbia,4,24,26,445261,SE,Sweden,Q3,2023
32,spotify:track:5maA851Fle6XexgJgJzFjF,"Humlan Djojj, Josefine Götestam",Djurens vaggvisa,Filtr Kids,16,26,94,445067,SE,Sweden,Q3,2023
33,spotify:track:0FDzzruyVECATHXKHFs9eJ,Coldplay,A Sky Full of Stars,Parlophone UK,33,162,3,426957,SE,Sweden,Q3,2023
34,spotify:track:5g9gZGiXlk747pESQzmmRT,Miss Li,Hälsa Gud,Pistol Packin' Music,4,29,37,422335,SE,Sweden,Q3,2023
35,spotify:track:4DHcnVTT87F0zZhRPYmZ3B,Miley Cyrus,Flowers,Columbia,1,30,26,418590,SE,Sweden,Q3,2023
36,spotify:track:06A24W6n7gGi8YGneBME3M,"ADAAM, Fu3go, Pablo Paz",Ride With Me - Spotify Singles,Universal Music AB,22,22,2,408010,SE,Sweden,Q3,2023
37,spotify:track:4FGvRqZ1pPaflN2jjLBMB9,Yasin,Har Dig,GG,2,32,20,403919,SE,Sweden,Q3,2023
38,spotify:track:3k79jB4aGmMDUQzEwa46Rz,Olivia Rodrigo,vampire,Olivia Rodrigo PS,23,23,2,403007,SE,Sweden,Q3,2023
39,spotify:track:7wcl1N4Mn1VlBbQQmOlgiO,Miss Li,Ålderdomshemmet,Pistol Packin' Music,17,34,15,393004,SE,Sweden,Q3,2023
40,spotify:track:0K64Z8f4jGT1jGmVEvgs20,"GULEED, Morad",Cuando Menos Lo Espera,GGM,40,-1,1,388466,SE,Sweden,Q3,2023
41,spotify:track:46HNZY1i7O6jwTA7Slo2PI,"Coldplay, BTS",My Universe,Parlophone UK,23,-1,35,385001,SE,Sweden,Q3,2023
42,spotify:track:08ojhcaCZwhHHg3BogkLp5,HAVAL,SOUTHSIDE,Haval,8,20,4,377954,SE,Sweden,Q3,2023
43,spotify:track:1DmW5Ep6ywYwxc2HMT5BG6,Loreen,Tattoo,Universal Music AB,1,33,20,376320,SE,Sweden,Q3,2023
44,spotify:track:7wBrglFVTNCcW6IhdgBkm1,Coldplay,Paradise,Parlophone UK,44,188,4,372463,SE,Sweden,Q3,2023
45,spotify:track:5MEuFY2DxrozPEgGpR8Fji,Veronica Maggio,Välkommen in,Universal Music AB,22,37,92,359145,SE,Sweden,Q3,2023
46,spotify:track:7LVHVU3tWfcxj5aiPFEW4Q,Coldplay,Fix You,Parlophone Records Limited,46,-1,17,356331,SE,Sweden,Q3,2023
47,spotify:track:6RUKPb4LETWmmr3iAEQktW,"The Chainsmokers, Coldplay",Something Just Like This,Disruptor Records/Columbia,4,189,92,351296,SE,Sweden,Q3,2023
48,spotify:track:4OpXUf4Jz2iLU5V1iryLsH,Asme,Sjunka,Digital imprint,12,35,5,351036,SE,Sweden,Q3,2023
49,spotify:track:5CLydITobjloGLCI3KogSO,Hooja,GRUSVÄG,Roxy Recordings,16,48,7,342990,SE,Sweden,Q3,2023
50,spotify:track:7MzmBmyI9KkyQJaPNLdtUi,Veronica Maggio,17 år,Universal Music AB,21,42,70,341870,SE,Sweden,Q3,2023
51,spotify:track:3i9UKYqNJtG0ufxxYimRu1,Naod,Dum av dej,"2023 Nine of Nine, marketed by Today Is Vintage",2,36,13,340782,SE,Sweden,Q3,2023
1,spotify:track:7Fjz93GKhU5LlTacFAO8ze,C.Gambino,Automatic,WM Sweden,1,5,3,981026,SE,Sweden,Q4,2023
2,spotify:track:3ZxF05QdKqtssIdQR7amUW,Ant Wan,Go,Ant Wan,1,1,3,902263,SE,Sweden,Q4,2023
3,spotify:track:2u85ptzhLjdL4iHV5pNUtb,"Einár, Sara Kurt, Le Winter",Dans från dig,Einár,1,2,3,854753,SE,Sweden,Q4,2023
4,spotify:track:59NraMJsLaMCVtwXTSia8i,"cassö, RAYE, D-Block Europe",Prada,Ministry of Sound Recordings,1,3,9,756377,SE,Sweden,Q4,2023
5,spotify:track:15vhsww4sVuzPOqN04DdBc,Bolaget,Farväl,WM Sweden,1,4,5,713020,SE,Sweden,Q4,2023
6,spotify:track:3rUGC1vUpkDG9CZFHMur1t,Tate McRae,greedy,RCA Records Label,6,6,4,671366,SE,Sweden,Q4,2023
7,spotify:track:4o5Ob60pz8QHcFKcr4MWyf,Bolaget,Ikväll Igen,WM Sweden,1,8,27,599031,SE,Sweden,Q4,2023
8,spotify:track:5mjYQaktjmjcMKcUIcqz4s,Kenya Grace,Strangers,Warner Records/Major Recordings,8,10,6,557779,SE,Sweden,Q4,2023
9,spotify:track:7ofOfhBu0FCuVemv4zL8Ry,Ant Wan,Komplicerat,Ant Wan,1,9,73,516176,SE,Sweden,Q4,2023
10,spotify:track:3GygspQIcYy5OnRiw245Qh,Babblarna,Babblarnas vaggvisa,Universal Music AB Distributed Labels,5,13,250,509827,SE,Sweden,Q4,2023
11,spotify:track:6IgMLWNcxP1vONuQSIDEpk,Ant Wan,Malaika,Ant Wan,11,12,38,506567,SE,Sweden,Q4,2023
12,spotify:track:5maA851Fle6XexgJgJzFjF,"Humlan Djojj, Josefine Götestam",Djurens vaggvisa,Filtr Kids,9,14,107,501315,SE,Sweden,Q4,2023
13,spotify:track:56y1jOTK0XSvJzVv9vHQBK,Doja Cat,Paint The Town Red,Kemosabe Records/RCA Records,4,11,10,491692,SE,Sweden,Q4,2023
14,spotify:track:42YORRVJuaCskxH8XbLb05,"Asme, Shiro",Konstnärer,BL under exclusive license to Virgin Music Sweden/Universal Music Sweden,7,7,2,445719,SE,Sweden,Q4,2023
15,spotify:track:0K6iKgHPPhAb4Acmg9aD77,"Zara Larsson, David Guetta",On My Love,Sommer House/Epic,4,15,4,421472,SE,Sweden,Q4,2023
16,spotify:track:6KOzO2mUwSwe8a9GiJAn7X,Bolaget,Kan Inte Gå,WM Sweden,1,17,93,416154,SE,Sweden,Q4,2023
17,spotify:track:4c9lx29ADaRI0Hzy8ql69V,"VC Barre, NBLNATION",SOLDAT,Universal Music AB,1,16,8,408174,SE,Sweden,Q4,2023
18,spotify:track:2dSAFb1xzoJffGzfxU4BaE,Ant Wan,En till dans,Ant Wan,3,18,25,389395,SE,Sweden,Q4,2023
19,spotify:track:5aIVCx5tnk0ntmdiinnYvw,Tyla,Water,FAX Records/Epic,19,33,5,384149,SE,Sweden,Q4,2023
20,spotify:track:4KULAymBBJcPRpk1yO4dOG,"Zach Bryan, Kacey Musgraves",I Remember Everything (feat. Kacey Musgraves),Warner Records,20,23,7,377054,SE,Sweden,Q4,2023
21,spotify:track:7tHkIqI9XU8qCfLHIzl0pp,Thomas Stenström,Andas in andas ut,Korpstaden Produktion,4,21,25,363279,SE,Sweden,Q4,2023
22,spotify:track:1KB9MeVcnX2rjNGRYvP4aU,"Hov1, Håkan Hellström",Saudade,Universal Music AB,1,19,5,353157,SE,Sweden,Q4,2023
23,spotify:track:2FDTHlrBguDzQkp7PVj16Q,"Dave, Central Cee",Sprinter,Neighbourhood / Live Yours,2,20,19,347108,SE,Sweden,Q4,2023
24,spotify:track:5KHO2Rsilm7Nq9Wr8TxmnN,Darin,Den sista sången,Universal Music AB,17,27,4,337591,SE,Sweden,Q4,2023
25,spotify:track:6HuNgzEw9b4tDcSDCQBS1O,Victor Leksell,Fånga mig när jag faller,Sony Music Local,3,35,24,337278,SE,Sweden,Q4,2023
26,spotify:track:4NDYDxNhfR5eJRDXB1P6OV,"Jireel, Dani M",Mariachi,MOTY Records,26,-1,1,334252,SE,Sweden,Q4,2023
27,spotify:track:2HafqoJbgXdtjwCOvNEF14,iñigo quintero,Si No Estás,Acqustic,27,-1,1,316165,SE,Sweden,Q4,2023
28,spotify:track:4FGvRqZ1pPaflN2jjLBMB9,Yasin,Har Dig,GG,2,32,33,312571,SE,Sweden,Q4,2023
29,spotify:track:2gwirjNHYJPlBwOJ5Aftwv,Albin Lee Meldau,Josefin,Glassnote Music LLC,9,22,129,312530,SE,Sweden,Q4,2023
30,spotify:track:1VJBnmHm3gUyJnPKetgC3j,Hov1,Grät,Universal Music AB,1,31,22,309333,SE,Sweden,Q4,2023
31,spotify:track:2JusqhuSgWouMe0CXAWcGN,Ant Wan,Heartbreaker,Ant Wan,11,29,21,305219,SE,Sweden,Q4,2023
32,spotify:track:1BxfuPKGuaTgP7aM0Bbdwr,Taylor Swift,Cruel Summer,Taylor Swift,15,34,16,299668,SE,Sweden,Q4,2023
33,spotify:track:03XktnlHaenNj1tJP8zQFs,Ant Wan,Loyal,Ant Wan,2,24,39,297802,SE,Sweden,Q4,2023
34,spotify:track:67en3njm0MOvKPIM3lkR3V,"23, Roc Boyz",Feeling Myself - Roc Boyz Remix,Paid in Full Records under exclusive license to Virgin Music Sweden,30,30,4,296160,SE,Sweden,Q4,2023
35,spotify:track:6wf7Yu7cxBSPrRlWeSeK0Q,Billie Eilish,"What Was I Made For? [From The Motion Picture ""Barbie""]",Darkroom/Interscope Records,4,36,13,294197,SE,Sweden,Q4,2023
36,spotify:track:2cqyU75B4rXPHlU2X6WLCI,Victor Leksell,Natten blir till dag,Sony Music Local,4,39,7,293530,SE,Sweden,Q4,2023
37,spotify:track:56flxHBv6c08oCUjQhXeb1,Einár,Vill va med dig,Einár,1,41,19,288256,SE,Sweden,Q4,2023
38,spotify:track:2ZfaBbRMcEgSF8JnJIaEBP,Hooja,Banan Melon Kiwi & Citron,Roxy Recordings,5,37,70,283370,SE,Sweden,Q4,2023
40,spotify:track:7yfMu3Ez41fQXuD9gUbFjQ,Hooja,KOMMER DU IHÅG?,Roxy Recordings,4,40,33,277052,SE,Sweden,Q4,2023
41,spotify:track:6oEfLCekbv7T0ERha5IQO9,"Humlan Djojj, Josefine Götestam",Somna,Filtr Kids,41,45,59,264421,SE,Sweden,Q4,2023
42,spotify:track:2YSzYUF3jWqb9YP9VXmpjE,"Drake, Yeat",IDGAF (feat. Yeat),OVO/Republic,42,-1,1,263158,SE,Sweden,Q4,2023
43,spotify:track:7jtQIBanIiJOMS6RyCx6jZ,Tom Odell,Another Love,ITNO/Columbia,21,42,123,262709,SE,Sweden,Q4,2023
44,spotify:track:1odExI7RdWc4BT515LTAwj,David Kushner,Daylight,Miserable Music Group,9,44,26,260673,SE,Sweden,Q4,2023
45,spotify:track:1PcFYA0p9UxvQkLe18s8gz,Ant Wan,Dum,Ant Wan,1,38,40,258529,SE,Sweden,Q4,2023
47,spotify:track:3xPsqMJQNM14OrawTBiK4G,"Victor Leksell, Einár",Din låt,Sony Music Local,1,55,64,253889,SE,Sweden,Q4,2023
48,spotify:track:3eP13S8D5m2cweMEg3ZDed,Drake,Virginia Beach,OVO/Republic,48,-1,1,250889,SE,Sweden,Q4,2023
49,spotify:track:7aqfrAY2p9BUSiupwk3svU,"Drake, J. Cole",First Person Shooter (feat. J. Cole),OVO/Republic,49,-1,1,247353,SE,Sweden,Q4,2023
50,spotify:track:2sbjPQE3sS9H6i8BOmtZbr,Lucianoz,Det är ju dej jag går och väntar på,Sony Music Local,31,63,39,247292,SE,Sweden,Q4,2023
51,spotify:track:5zO0y8TGj6NT0pFluvrllN,Owen,BLIND,Sony Music Local,25,25,2,244986,SE,Sweden,Q4,2023
52,spotify:track:42eROuSbvedc6rWI4Wixj4,Darin,Starkare,Universal Music AB,20,62,23,235878,SE,Sweden,Q4,2023
1,spotify:track:3r8RuvgbX9s7ammBn07D3W,NewJeans,Ditto,ADOR,1,1,4,506783,SG,Singapore,Q1,2023
2,spotify:track:1Qrg8KqiBpW07V7PNxwwwL,SZA,Kill Bill,Top Dawg Entertainment/RCA Records,1,2,5,487660,SG,Singapore,Q1,2023
3,spotify:track:65FftemJ1DbbZ45DUfHJXE,NewJeans,OMG,ADOR,3,4,2,428746,SG,Singapore,Q1,2023
4,spotify:track:5odlY52u43F5BjByhxg7wg,JVKE,golden hour,JVKE,1,3,21,287138,SG,Singapore,Q1,2023
5,spotify:track:78Sw5GDo6AlGwTwanjXbGh,d4vd,Here With Me,Darkroom/Interscope Records,5,5,15,238619,SG,Singapore,Q1,2023
6,spotify:track:2dHHgzDwk4BJdRwy9uXhTO,"Metro Boomin, The Weeknd, 21 Savage",Creepin' (with The Weeknd & 21 Savage),Republic Records,2,6,6,234599,SG,Singapore,Q1,2023
7,spotify:track:0a4MMyCrzT0En247IhqZbD,NewJeans,Hype Boy,ADOR,6,10,24,225245,SG,Singapore,Q1,2023
8,spotify:track:4fsQ0K37TOXa3hEQfjEic1,LE SSERAFIM,ANTIFRAGILE,SOURCE MUSIC,6,7,13,222927,SG,Singapore,Q1,2023
9,spotify:track:0V3wPSX9ygBnCm8psDIegu,Taylor Swift,Anti-Hero,Taylor Swift,1,9,12,202416,SG,Singapore,Q1,2023
10,spotify:track:0QHEIqNKsMoOY5urbzN48u,Meghan Trainor,Made You Look,Epic,3,8,12,197407,SG,Singapore,Q1,2023
11,spotify:track:3nqQXoyQOWXiESFLlDF1hG,"Sam Smith, Kim Petras",Unholy (feat. Kim Petras),Capitol Records UK / EMI,1,11,16,187889,SG,Singapore,Q1,2023
12,spotify:track:4h9wh7iOZ0GGn8QVp4RAOB,OneRepublic,I Ain't Worried,Interscope Records,3,14,33,178930,SG,Singapore,Q1,2023
13,spotify:track:1Y3LN4zO1Edc2EluIoSPJN,"Stephen Sanchez, Em Beihold",Until I Found You (with Em Beihold) - Em Beihold Version,Republic Records,12,12,11,177256,SG,Singapore,Q1,2023
14,spotify:track:4Dvkj6JhhA12EX05fT7y2e,Harry Styles,As It Was,Columbia,1,13,41,174921,SG,Singapore,Q1,2023
15,spotify:track:0o9zmvc5f3EFApU52PPIyW,Fujii Kaze,Shinunoga E-Wa,Universal Music LLC,7,16,21,167221,SG,Singapore,Q1,2023
16,spotify:track:4uUG5RXrOk84mYEfFvj3cK,"David Guetta, Bebe Rexha",I'm Good (Blue),Parlophone UK,9,15,20,162495,SG,Singapore,Q1,2023
17,spotify:track:0WtM2NBVQNNJLh6scP13H8,"Rema, Selena Gomez",Calm Down (with Selena Gomez),Mavin Records / Jonzing World,17,17,19,159761,SG,Singapore,Q1,2023
18,spotify:track:5WxVXxCMRnvxUKFq40ELwq,"RAYE, 070 Shake",Escapism.,Human Re Sources,18,24,6,151578,SG,Singapore,Q1,2023
19,spotify:track:4ewazQLXFTDC8XvCbhvtXs,Joji,Glimpse of Us,88rising Music,1,18,31,147928,SG,Singapore,Q1,2023
20,spotify:track:2pIUpMhHL6L9Z5lnKxJJr9,NewJeans,Attention,ADOR,7,30,24,142817,SG,Singapore,Q1,2023
21,spotify:track:2gYj9lubBorOPIVWsTXugG,IVE,After LIKE,Starship Entertainment,2,20,21,141758,SG,Singapore,Q1,2023
22,spotify:track:5Y35SjAfXjjG0sFQ3KOxmm,SZA,Nobody Gets Me,Top Dawg Entertainment/RCA Records,14,19,5,138209,SG,Singapore,Q1,2023
23,spotify:track:5Odq8ohlgIbQKMZivbWkEo,"Charlie Puth, Jung Kook, BTS",Left and Right (Feat. Jung Kook of BTS),Atlantic Records,2,22,29,136567,SG,Singapore,Q1,2023
24,spotify:track:6I3mqTwhRpn34SLVafSH7G,Justin Bieber,Ghost,RBMG/Def Jam,1,21,71,134766,SG,Singapore,Q1,2023
25,spotify:track:7gRFDGEzF9UkBV233yv2dc,BLACKPINK,Shut Down,YG Entertainment/Interscope Records,1,28,17,132779,SG,Singapore,Q1,2023
26,spotify:track:2LBqCSwhJGcFQeTHMVGwy3,The Weeknd,Die For You,Universal Republic Records,16,27,53,132194,SG,Singapore,Q1,2023
27,spotify:track:26hOm7dTtBi0TdpDGl141t,Joji,Die For You,88rising Music,2,23,10,130577,SG,Singapore,Q1,2023
28,spotify:track:6dgUya35uo964z7GZXM07g,Sabrina Carpenter,Nonsense,Island Records,28,36,8,130150,SG,Singapore,Q1,2023
29,spotify:track:72OVnXDzugvrCU25lMi9au,WeiBird,"如果可以 - 電影""月老""主題曲",Sony Music Entertainment,3,25,58,129967,SG,Singapore,Q1,2023
30,spotify:track:1IVj6CsBbTgOEpo0W6hgwN,张远,嘉賓,United Entertainment Group Limited,17,26,72,127787,SG,Singapore,Q1,2023
31,spotify:track:5zwwW9Oq7ubSxoCGyW1nbY,BLACKPINK,Pink Venom,YG Entertainment/Interscope Records,1,32,21,125478,SG,Singapore,Q1,2023
32,spotify:track:5PjdY0CKGZdEuoNab3yDmX,"The Kid LAROI, Justin Bieber",STAY (with Justin Bieber),Columbia,1,29,79,124111,SG,Singapore,Q1,2023
33,spotify:track:4h4QlmocP3IuwYEj2j14p8,"Nicky Youre, hey daisy",Sunroof,Thirty Knots/Columbia,7,31,46,120919,SG,Singapore,Q1,2023
34,spotify:track:1xK59OXxi2TAAAbmZK0kBL,d4vd,Romantic Homicide,Darkroom/Interscope Records,17,33,20,119028,SG,Singapore,Q1,2023
35,spotify:track:2eAvDnpXP5W0cVtiI0PUxV,Ruth B.,Dandelions,Columbia,7,38,96,110756,SG,Singapore,Q1,2023
36,spotify:track:3azJifCSqg9fRij2yKIbWz,Tory Lanez,The Color Violet,One Umbrella Records,36,47,19,107418,SG,Singapore,Q1,2023
37,spotify:track:6NnCWIWV740gP7DQ8kqdIE,i-dle,Nxde,Cube Entertainment,23,37,13,106834,SG,Singapore,Q1,2023
38,spotify:track:6XBL9naPxZjATbmGAWGJ9V,Ren Ran,飞鸟和蝉,北京千和世纪文化传播有限公司,7,40,126,106565,SG,Singapore,Q1,2023
39,spotify:track:1RDvyOk4WtPCtoqciJwVn8,"Jung Kook, BTS, FIFA Sound",Dreamers [Music from the FIFA World Cup Qatar 2022 Official Soundtrack],Katara Studios | 2101 Records under exclusive license to UnitedMasters LLC,6,34,8,105381,SG,Singapore,Q1,2023
40,spotify:track:5IgjP7X4th6nMNDh4akUHb,Chris Brown,Under The Influence,Chris Brown Entertainment/RCA Records,7,35,26,104816,SG,Singapore,Q1,2023
41,spotify:track:2m6Ko3CY1qXNNja8AlugNc,Troye Sivan,Angel Baby,EMI Recorded Music Australia Pty Ltd,2,41,70,99398,SG,Singapore,Q1,2023
42,spotify:track:6VhuP99TE6gYNQRJIlAWFD,Stephen Sanchez,Until I Found You,Republic Records,2,39,36,99115,SG,Singapore,Q1,2023
43,spotify:track:2DwUdMJ5uxv20EhAildreg,NewJeans,Cookie,ADOR,43,54,23,96722,SG,Singapore,Q1,2023
44,spotify:track:1bDbXMyjaUIooNwFE9wn0N,"Drake, 21 Savage",Rich Flex,OVO / Republic Records,13,42,10,94574,SG,Singapore,Q1,2023
45,spotify:track:0Q5VnK2DYzRyfqQRJuUtvi,IVE,LOVE DIVE,STARSHIP Entertainment,2,44,41,94477,SG,Singapore,Q1,2023
46,spotify:track:3rWDp9tBPQR9z6U5YyRSK4,Taylor Swift,Midnight Rain,Taylor Swift,2,45,12,93121,SG,Singapore,Q1,2023
47,spotify:track:0QzuaeCEEOV40Pn7IvKEny,Dhruv,double take,Little Worry/RCA Records,2,46,84,92613,SG,Singapore,Q1,2023
48,spotify:track:02MWAaffLxlfxAUY7c5dvx,Glass Animals,Heat Waves,Polydor Records,2,43,104,91744,SG,Singapore,Q1,2023
49,spotify:track:5XeFesFbtLpXzIVDNQP22n,Arctic Monkeys,I Wanna Be Yours,Domino Recording Co,46,49,24,91108,SG,Singapore,Q1,2023
50,spotify:track:2GAhgAjOhEmItWLfgisyOn,SZA,Low,Top Dawg Entertainment/RCA Records,50,70,5,86866,SG,Singapore,Q1,2023
1,spotify:track:69CrOS7vEHIrhC2ILyEi0s,JISOO,FLOWER,YG Entertainment/Interscope Records,1,1,2,494608,SG,Singapore,Q2,2023
2,spotify:track:7FbrGaHYVDmfr7KoLIZnQ7,FIFTY FIFTY,Cupid - Twin Version,SME Korea Inc.,2,2,6,489965,SG,Singapore,Q2,2023
3,spotify:track:65FftemJ1DbbZ45DUfHJXE,NewJeans,OMG,ADOR,1,3,15,330264,SG,Singapore,Q2,2023
4,spotify:track:1Qrg8KqiBpW07V7PNxwwwL,SZA,Kill Bill,Top Dawg Entertainment/RCA Records,1,4,18,273588,SG,Singapore,Q2,2023
5,spotify:track:3r8RuvgbX9s7ammBn07D3W,NewJeans,Ditto,ADOR,1,5,17,240150,SG,Singapore,Q2,2023
6,spotify:track:5mg3VB3Qh7jcR5kAAC4DSV,FIFTY FIFTY,Cupid,SME Korea Inc.,6,6,7,226376,SG,Singapore,Q2,2023
7,spotify:track:4W4fNrZYkobj539TOWsLO2,"The Weeknd, Ariana Grande",Die For You (with Ariana Grande) - Remix,XO / Republic Records,1,7,7,218507,SG,Singapore,Q2,2023
8,spotify:track:4DHcnVTT87F0zZhRPYmZ3B,Miley Cyrus,Flowers,Columbia,2,9,13,203297,SG,Singapore,Q2,2023
9,spotify:track:7foeH2Emgq8A3LWk3q6dat,IVE,Kitsch,Starship Entertainment,9,10,3,202333,SG,Singapore,Q2,2023
10,spotify:track:4p9jbhD6N7HpuECGusu6iT,Ronghao Li,烏梅子醬,WM Taiwan,6,8,8,194638,SG,Singapore,Q2,2023
11,spotify:track:5odlY52u43F5BjByhxg7wg,JVKE,golden hour,JVKE,1,12,34,191642,SG,Singapore,Q2,2023
12,spotify:track:70t7Q6AYG6ZgTYmJWcnkUM,IVE,I AM,Starship Entertainment,12,-1,1,188082,SG,Singapore,Q2,2023
13,spotify:track:78Sw5GDo6AlGwTwanjXbGh,d4vd,Here With Me,Darkroom/Interscope Records,5,13,28,182651,SG,Singapore,Q2,2023
14,spotify:track:4Dvkj6JhhA12EX05fT7y2e,Harry Styles,As It Was,Columbia,1,14,54,164091,SG,Singapore,Q2,2023
15,spotify:track:0a4MMyCrzT0En247IhqZbD,NewJeans,Hype Boy,ADOR,5,15,37,160972,SG,Singapore,Q2,2023
16,spotify:track:2dHHgzDwk4BJdRwy9uXhTO,"Metro Boomin, The Weeknd, 21 Savage",Creepin' (with The Weeknd & 21 Savage),Republic Records,2,17,19,150970,SG,Singapore,Q2,2023
17,spotify:track:0V3wPSX9ygBnCm8psDIegu,Taylor Swift,Anti-Hero,Taylor Swift,1,19,25,150892,SG,Singapore,Q2,2023
18,spotify:track:6AQbmUe0Qwf5PZnt4HmTXv,"PinkPantheress, Ice Spice",Boy's a liar Pt. 2,Warner Records,6,16,10,149323,SG,Singapore,Q2,2023
19,spotify:track:6dgUya35uo964z7GZXM07g,Sabrina Carpenter,Nonsense,Island Records,5,18,21,146578,SG,Singapore,Q2,2023
20,spotify:track:6I3mqTwhRpn34SLVafSH7G,Justin Bieber,Ghost,RBMG/Def Jam,1,21,84,142639,SG,Singapore,Q2,2023
21,spotify:track:1Y3LN4zO1Edc2EluIoSPJN,"Stephen Sanchez, Em Beihold",Until I Found You (with Em Beihold) - Em Beihold Version,Republic Records,12,23,24,138466,SG,Singapore,Q2,2023
22,spotify:track:3Ua0m0YmEjrMi9XErKcNiR,Jimin,Like Crazy,BIGHIT MUSIC,20,20,3,136104,SG,Singapore,Q2,2023
23,spotify:track:0WtM2NBVQNNJLh6scP13H8,"Rema, Selena Gomez",Calm Down (with Selena Gomez),Mavin Records / Jonzing World,17,22,32,134984,SG,Singapore,Q2,2023
24,spotify:track:5LMoKDVzW2kDneNu2UbspP,NewJeans,Zero,ADOR,24,59,2,130469,SG,Singapore,Q2,2023
25,spotify:track:4hy7qTxsnyZUZoqo5RtaYq,Ed Sheeran,Eyes Closed,Atlantic Records UK,25,31,3,130114,SG,Singapore,Q2,2023
26,spotify:track:2LBqCSwhJGcFQeTHMVGwy3,The Weeknd,Die For You,Universal Republic Records,12,25,66,128512,SG,Singapore,Q2,2023
27,spotify:track:4iZ4pt7kvcaH6Yo8UoZ4s2,SZA,Snooze,Top Dawg Entertainment/RCA Records,9,24,15,127628,SG,Singapore,Q2,2023
28,spotify:track:4EaQ0ouIydfeAgQUz284EF,"Agust D, IU",People Pt.2 (feat. IU),BIGHIT MUSIC,28,-1,1,127058,SG,Singapore,Q2,2023
29,spotify:track:4fYte8ZvTK14NEhAOZocBi,OneRepublic,I Ain't Worried,Mosley Music/Interscope Records,3,29,46,125909,SG,Singapore,Q2,2023
30,spotify:track:1IVj6CsBbTgOEpo0W6hgwN,张远,嘉賓,United Entertainment Group Limited,17,26,85,122628,SG,Singapore,Q2,2023
31,spotify:track:28a0aMV1OKoyNiCJuNsWrY,"Charlie Puth, Dan + Shay",That’s Not How This Works (feat. Dan + Shay),Atlantic Records,31,36,2,121792,SG,Singapore,Q2,2023
32,spotify:track:4P9Q0GojKVXpRTJCaL3kyy,Taylor Swift,All Of The Girls You Loved Before,Taylor Swift,9,30,4,120517,SG,Singapore,Q2,2023
33,spotify:track:2YXswOX5aKv6OHRKUcAMLQ,JISOO,All Eyes On Me,YG Entertainment/Interscope Records,11,11,2,120183,SG,Singapore,Q2,2023
34,spotify:track:72OVnXDzugvrCU25lMi9au,WeiBird,"如果可以 - 電影""月老""主題曲",Sony Music Entertainment,3,27,71,116610,SG,Singapore,Q2,2023
35,spotify:track:5Odq8ohlgIbQKMZivbWkEo,"Charlie Puth, Jung Kook, BTS",Left and Right (Feat. Jung Kook of BTS),Atlantic Records,2,32,42,112525,SG,Singapore,Q2,2023
36,spotify:track:0u8rZGtXJrLtiSe34FPjGG,Jimin,Like Crazy (English Version),BIGHIT MUSIC,28,28,3,112204,SG,Singapore,Q2,2023
37,spotify:track:2bdVgAQgosGUJoViVDNeOV,keshi,LIMBO,Island Records,33,37,8,111575,SG,Singapore,Q2,2023
38,spotify:track:4fsQ0K37TOXa3hEQfjEic1,LE SSERAFIM,ANTIFRAGILE,SOURCE MUSIC,6,33,26,111510,SG,Singapore,Q2,2023
39,spotify:track:3sqrvkNC6IPTIXvvbx9Arw,Taylor Swift,Enchanted,Taylor Swift,12,41,75,111107,SG,Singapore,Q2,2023
40,spotify:track:567e29TDzLwZwfDuEpGTwo,"The Kid LAROI, Justin Bieber",STAY (with Justin Bieber),Columbia,1,38,92,109747,SG,Singapore,Q2,2023
41,spotify:track:2L9N0zZnd37dwF0clgxMGI,Lizzy McAlpine,ceilings,Harbour Artists & Music,24,34,9,107236,SG,Singapore,Q2,2023
42,spotify:track:7gRFDGEzF9UkBV233yv2dc,BLACKPINK,Shut Down,YG Entertainment/Interscope Records,1,39,30,105993,SG,Singapore,Q2,2023
43,spotify:track:2eAvDnpXP5W0cVtiI0PUxV,Ruth B.,Dandelions,Columbia,7,42,109,105847,SG,Singapore,Q2,2023
44,spotify:track:37F0uwRSrdzkBiuj0D5UHI,The Weeknd,Reminder,Universal Republic Records,29,44,12,101636,SG,Singapore,Q2,2023
45,spotify:track:0NZPBYD5qbEWRs3PrGiRkT,"Sam Smith, Kim Petras",Unholy (feat. Kim Petras),Capitol Records UK / EMI,1,40,29,100911,SG,Singapore,Q2,2023
46,spotify:track:1o844wI52S3TjXGBwvGcc7,aespa,Hold On Tight,Parlophone UK,46,73,2,100478,SG,Singapore,Q2,2023
47,spotify:track:4uUG5RXrOk84mYEfFvj3cK,"David Guetta, Bebe Rexha",I'm Good (Blue),Parlophone UK,9,46,33,100189,SG,Singapore,Q2,2023
48,spotify:track:6XBL9naPxZjATbmGAWGJ9V,Ren Ran,飞鸟和蝉,北京千和世纪文化传播有限公司,7,49,139,98284,SG,Singapore,Q2,2023
49,spotify:track:5zwwW9Oq7ubSxoCGyW1nbY,BLACKPINK,Pink Venom,YG Entertainment/Interscope Records,1,48,34,96475,SG,Singapore,Q2,2023
50,spotify:track:2pIUpMhHL6L9Z5lnKxJJr9,NewJeans,Attention,ADOR,7,45,37,95766,SG,Singapore,Q2,2023
1,spotify:track:5sdQOyqq2IDhvmx2lHOpwd,NewJeans,Super Shy,ADOR,1,-1,1,487166,SG,Singapore,Q3,2023
2,spotify:track:1BxfuPKGuaTgP7aM0Bbdwr,Taylor Swift,Cruel Summer,Taylor Swift,1,1,47,475839,SG,Singapore,Q3,2023
3,spotify:track:3k79jB4aGmMDUQzEwa46Rz,Olivia Rodrigo,vampire,Olivia Rodrigo PS,2,2,2,315302,SG,Singapore,Q3,2023
4,spotify:track:3sW3oSbzsfecv9XoUdGs7h,Taylor Swift,Enchanted (Taylor's Version),Taylor Swift,4,-1,1,313099,SG,Singapore,Q3,2023
5,spotify:track:79uDOz0zuuWS7HWxzMmTa2,Taylor Swift,Back To December (Taylor's Version),Taylor Swift,5,-1,1,304832,SG,Singapore,Q3,2023
6,spotify:track:5kHMfzgLZP95O9NBy0ku4v,Taylor Swift,I Can See You (Taylor’s Version) (From The Vault),Taylor Swift,6,-1,1,284826,SG,Singapore,Q3,2023
7,spotify:track:7FbrGaHYVDmfr7KoLIZnQ7,FIFTY FIFTY,Cupid - Twin Version,SME Korea Inc.,1,3,19,261461,SG,Singapore,Q3,2023
8,spotify:track:7G0gBu6nLdhFDPRLc0HdDG,Taylor Swift,Mine (Taylor's Version),Taylor Swift,8,-1,1,260572,SG,Singapore,Q3,2023
9,spotify:track:3MytWN8L7shNYzGl4tAKRp,Taylor Swift,Sparks Fly (Taylor’s Version),Taylor Swift,9,-1,1,242533,SG,Singapore,Q3,2023
10,spotify:track:0ug5NqcwcFR2xrfTkc7k8e,Taylor Swift,Style,Taylor Swift,5,5,32,236714,SG,Singapore,Q3,2023
11,spotify:track:6rdkCkjk6D12xRpdMXy0I2,NewJeans,New Jeans,ADOR,11,-1,1,230158,SG,Singapore,Q3,2023
12,spotify:track:5xXqyjLicvEpch72qEryFT,Taylor Swift,Speak Now (Taylor's Version),Taylor Swift,12,-1,1,220205,SG,Singapore,Q3,2023
13,spotify:track:1u8c2t2Cy7UBoG4ArRcF5g,Taylor Swift,Blank Space,Taylor Swift,9,9,141,216870,SG,Singapore,Q3,2023
14,spotify:track:5Rzpn60KTM11EBETHaF9Kt,承桓,我会等,一寸光年,8,8,13,214485,SG,Singapore,Q3,2023
15,spotify:track:0NwGC0v03ysCYINtg6ns58,Taylor Swift,Better Than Revenge (Taylor's Version),Taylor Swift,15,-1,1,207977,SG,Singapore,Q3,2023
16,spotify:track:0V3wPSX9ygBnCm8psDIegu,Taylor Swift,Anti-Hero,Taylor Swift,1,7,38,207966,SG,Singapore,Q3,2023
17,spotify:track:4uOBL4DDWWVx4RhYKlPbPC,i-dle,Queencard,Cube Entertainment,3,6,9,200205,SG,Singapore,Q3,2023
18,spotify:track:65FftemJ1DbbZ45DUfHJXE,NewJeans,OMG,ADOR,1,10,28,197868,SG,Singapore,Q3,2023
19,spotify:track:1zU8j1x3yi9xalMF96pzKp,Taylor Swift,Dear John (Taylor's Version),Taylor Swift,19,-1,1,192347,SG,Singapore,Q3,2023
20,spotify:track:6QV8eV3QVFp5upaTYjm7Xy,Saixse,Malampagi,Twenty21,7,11,7,182128,SG,Singapore,Q3,2023
21,spotify:track:3sqrvkNC6IPTIXvvbx9Arw,Taylor Swift,Enchanted,Taylor Swift,3,4,88,179098,SG,Singapore,Q3,2023
22,spotify:track:6dTA6y0C2ReQklntzZl8l3,Taylor Swift,The Story Of Us (Taylor's Version),Taylor Swift,22,-1,1,175200,SG,Singapore,Q3,2023
23,spotify:track:1Qrg8KqiBpW07V7PNxwwwL,SZA,Kill Bill,Top Dawg Entertainment/RCA Records,1,14,31,173481,SG,Singapore,Q3,2023
24,spotify:track:69CrOS7vEHIrhC2ILyEi0s,JISOO,FLOWER,YG Entertainment/Interscope Records,1,12,15,170531,SG,Singapore,Q3,2023
25,spotify:track:1daDRI9ahBonbWD8YcxOIB,Miley Cyrus,Angels Like You,RCA Records Label,8,13,19,164837,SG,Singapore,Q3,2023
26,spotify:track:30Y4CV7A6YqtQtTTo7Ue4j,Taylor Swift,Mean (Taylor's Version),Taylor Swift,26,-1,1,161186,SG,Singapore,Q3,2023
27,spotify:track:4ABYxlb92WBIjHu7TIKmml,"Taylor Swift, Hayley Williams",Castles Crumbling (feat. Hayley Williams) (Taylor’s Version) (From The Vault),Taylor Swift,27,-1,1,157465,SG,Singapore,Q3,2023
28,spotify:track:4hqJ4bSlYJOXb6Z4SRmzxs,Taylor Swift,Long Live (Taylor's Version),Taylor Swift,28,-1,1,157033,SG,Singapore,Q3,2023
29,spotify:track:70t7Q6AYG6ZgTYmJWcnkUM,IVE,I AM,Starship Entertainment,3,15,14,156953,SG,Singapore,Q3,2023
30,spotify:track:6YvqWjhGD8mB5QXcbcUKtx,Taylor Swift,Love Story (Taylor’s Version),Taylor Swift,5,24,21,155626,SG,Singapore,Q3,2023
31,spotify:track:4e3ZNTAV6PCrdYMUrUlMpQ,"Taylor Swift, Fall Out Boy",Electric Touch (feat. Fall Out Boy) (Taylor’s Version) (From The Vault),Taylor Swift,31,-1,1,153673,SG,Singapore,Q3,2023
32,spotify:track:4R2kfaDFhslZEMJqAFNpdd,Taylor Swift,cardigan,Taylor Swift,2,17,46,153588,SG,Singapore,Q3,2023
33,spotify:track:3r8RuvgbX9s7ammBn07D3W,NewJeans,Ditto,ADOR,1,20,30,152375,SG,Singapore,Q3,2023
34,spotify:track:1dGr1c8CrMLDpV6mPbImSI,Taylor Swift,Lover,Taylor Swift,2,19,85,151394,SG,Singapore,Q3,2023
35,spotify:track:0zo975x58DlXbZllWvfYhg,Taylor Swift,When Emma Falls in Love (Taylor’s Version) (From The Vault),Taylor Swift,35,-1,1,145954,SG,Singapore,Q3,2023
36,spotify:track:5odlY52u43F5BjByhxg7wg,JVKE,golden hour,JVKE,1,18,47,144328,SG,Singapore,Q3,2023
37,spotify:track:4tMzIAFTFdqGBQLdfbPces,Taylor Swift,Haunted (Taylor's Version),Taylor Swift,37,-1,1,144319,SG,Singapore,Q3,2023
38,spotify:track:1qrpoAMXodY6895hGKoUpA,Taylor Swift,You Belong With Me (Taylor’s Version),Taylor Swift,28,33,8,143162,SG,Singapore,Q3,2023
39,spotify:track:6dgUya35uo964z7GZXM07g,Sabrina Carpenter,Nonsense,Island Records,5,26,34,140142,SG,Singapore,Q3,2023
40,spotify:track:7KokYm8cMIXCsGVmUvKtqf,Taylor Swift,Karma,Taylor Swift,11,34,15,135344,SG,Singapore,Q3,2023
41,spotify:track:6I3mqTwhRpn34SLVafSH7G,Justin Bieber,Ghost,RBMG/Def Jam,1,27,97,135277,SG,Singapore,Q3,2023
42,spotify:track:4s8BIKx4Zh6ryAEz8RTlaU,Taylor Swift,Foolish One (Taylor’s Version) (From The Vault),Taylor Swift,42,-1,1,135215,SG,Singapore,Q3,2023
43,spotify:track:5Odq8ohlgIbQKMZivbWkEo,"Charlie Puth, Jung Kook, BTS",Left and Right (Feat. Jung Kook of BTS),Atlantic Records,2,39,55,133342,SG,Singapore,Q3,2023
44,spotify:track:3t5edAHbyFEW67wFApp7EO,小阿七,从前说,一寸光年,21,21,73,132651,SG,Singapore,Q3,2023
45,spotify:track:1HCdems7PQZRj42QDWLA0A,Taylor Swift,Timeless (Taylor’s Version) (From The Vault),Taylor Swift,45,-1,1,131313,SG,Singapore,Q3,2023
46,spotify:track:59KOoHFcw5XfICnO57holu,Taylor Swift,Last Kiss (Taylor's Version),Taylor Swift,46,-1,1,130026,SG,Singapore,Q3,2023
47,spotify:track:3Ua0m0YmEjrMi9XErKcNiR,Jimin,Like Crazy,BIGHIT MUSIC,16,16,16,129247,SG,Singapore,Q3,2023
48,spotify:track:4Dvkj6JhhA12EX05fT7y2e,Harry Styles,As It Was,Columbia,1,29,67,127151,SG,Singapore,Q3,2023
49,spotify:track:3AJwUDP919kvQ9QcozQPxg,Coldplay,Yellow,Parlophone UK,5,22,176,126285,SG,Singapore,Q3,2023
50,spotify:track:7ovUcF5uHTBRzUpB6ZOmvt,YOASOBI,アイドル,YOASOBI,12,23,13,125613,SG,Singapore,Q3,2023
1,spotify:track:7x9aauaA9cu6tyfpHnqDLo,"Jung Kook, Latto",Seven (feat. Latto),BIGHIT MUSIC,1,1,13,576937,SG,Singapore,Q4,2023
2,spotify:track:01qFKNWq73UfEslI0GvumE,"Jung Kook, Jack Harlow",3D (feat. Jack Harlow),BIGHIT MUSIC,2,3,2,529348,SG,Singapore,Q4,2023
3,spotify:track:3rUGC1vUpkDG9CZFHMur1t,Tate McRae,greedy,RCA Records Label,2,2,4,448678,SG,Singapore,Q4,2023
4,spotify:track:6gcuJpHu0Ey30D5WR76y98,JENNIE,You & Me,YG Entertainment/Interscope Records,4,-1,1,285054,SG,Singapore,Q4,2023
5,spotify:track:1BxfuPKGuaTgP7aM0Bbdwr,Taylor Swift,Cruel Summer,Taylor Swift,1,4,60,283532,SG,Singapore,Q4,2023
6,spotify:track:5mjYQaktjmjcMKcUIcqz4s,Kenya Grace,Strangers,Warner Records/Major Recordings,5,5,6,253560,SG,Singapore,Q4,2023
7,spotify:track:5sdQOyqq2IDhvmx2lHOpwd,NewJeans,Super Shy,ADOR,1,6,14,246537,SG,Singapore,Q4,2023
8,spotify:track:3vkCueOmm7xQDoJ17W1Pm3,Mitski,My Love Mine All Mine,Dead Oceans,8,13,3,237407,SG,Singapore,Q4,2023
9,spotify:track:56y1jOTK0XSvJzVv9vHQBK,Doja Cat,Paint The Town Red,Kemosabe Records/RCA Records,4,7,10,235932,SG,Singapore,Q4,2023
10,spotify:track:210JJAa9nJOgNa0YNrsT5g,"League of Legends, NewJeans",GODS,Riot Games,10,100,2,207824,SG,Singapore,Q4,2023
11,spotify:track:5Rzpn60KTM11EBETHaF9Kt,承桓,我会等,一寸光年,6,8,26,199907,SG,Singapore,Q4,2023
12,spotify:track:0Vz146N2GxkVJw4kSGXrNi,JENNIE,You & Me (Coachella ver.),YG Entertainment/Interscope Records,12,-1,1,188637,SG,Singapore,Q4,2023
13,spotify:track:1kuGVB7EU95pJObxwvfwKS,Olivia Rodrigo,vampire,Olivia Rodrigo PS,2,9,15,170267,SG,Singapore,Q4,2023
14,spotify:track:5h1BN75CEh8wdSwE1xrbSe,V,Slow Dancing,BIGHIT MUSIC,10,12,4,168060,SG,Singapore,Q4,2023
15,spotify:track:6wf7Yu7cxBSPrRlWeSeK0Q,Billie Eilish,"What Was I Made For? [From The Motion Picture ""Barbie""]",Darkroom/Interscope Records,3,10,13,158646,SG,Singapore,Q4,2023
16,spotify:track:6dgUya35uo964z7GZXM07g,Sabrina Carpenter,Nonsense,Island Records,5,11,47,156951,SG,Singapore,Q4,2023
17,spotify:track:1Qrg8KqiBpW07V7PNxwwwL,SZA,Kill Bill,Top Dawg Entertainment/RCA Records,1,14,44,149670,SG,Singapore,Q4,2023
18,spotify:track:6I3mqTwhRpn34SLVafSH7G,Justin Bieber,Ghost,RBMG/Def Jam,1,16,110,142823,SG,Singapore,Q4,2023
19,spotify:track:2N0SPREDYqILVEFSsWF5N5,V,Love Me Again,BIGHIT MUSIC,9,21,9,140057,SG,Singapore,Q4,2023
20,spotify:track:0tSkMuKKrLXEfxc58cEhFX,IVE,Off The Record,Starship Entertainment,20,-1,1,134614,SG,Singapore,Q4,2023
21,spotify:track:0ug5NqcwcFR2xrfTkc7k8e,Taylor Swift,Style,Taylor Swift,5,15,45,133970,SG,Singapore,Q4,2023
22,spotify:track:65FftemJ1DbbZ45DUfHJXE,NewJeans,OMG,ADOR,1,18,41,130777,SG,Singapore,Q4,2023
23,spotify:track:3Ua0m0YmEjrMi9XErKcNiR,Jimin,Like Crazy,BIGHIT MUSIC,6,25,29,128172,SG,Singapore,Q4,2023
24,spotify:track:1u8c2t2Cy7UBoG4ArRcF5g,Taylor Swift,Blank Space,Taylor Swift,9,17,154,128078,SG,Singapore,Q4,2023
25,spotify:track:7CyPwkp0oE8Ro9Dd5CUDjW,"The Weeknd, JENNIE, Lily-Rose Depp","One Of The Girls (with JENNIE, Lily Rose Depp)",XO / Republic Records,25,36,16,124027,SG,Singapore,Q4,2023
26,spotify:track:1vYXt7VSjH9JIM5oRRo7vA,Dua Lipa,Dance The Night - From Barbie The Album,Atlantic Records,7,19,20,119996,SG,Singapore,Q4,2023
27,spotify:track:56v8WEnGzLByGsDAXDiv4d,NewJeans,ETA,ADOR,3,20,12,119736,SG,Singapore,Q4,2023
28,spotify:track:7fAdinC2UTc0Y9GiKrkTtu,卢卢快闭嘴,字字句句,鲸鱼向海,22,22,19,119589,SG,Singapore,Q4,2023
29,spotify:track:4uOBL4DDWWVx4RhYKlPbPC,i-dle,Queencard,Cube Entertainment,3,26,22,116215,SG,Singapore,Q4,2023
30,spotify:track:739WUU1tPFLO4x4HJq561K,FIFTY FIFTY,Cupid - Twin Version,SME Korea Inc.,1,29,32,115988,SG,Singapore,Q4,2023
31,spotify:track:0V3wPSX9ygBnCm8psDIegu,Taylor Swift,Anti-Hero,Taylor Swift,1,23,51,113151,SG,Singapore,Q4,2023
32,spotify:track:5Odq8ohlgIbQKMZivbWkEo,"Charlie Puth, Jung Kook, BTS",Left and Right (Feat. Jung Kook of BTS),Atlantic Records,2,33,68,111147,SG,Singapore,Q4,2023
33,spotify:track:4Dvkj6JhhA12EX05fT7y2e,Harry Styles,As It Was,Columbia,1,24,80,110562,SG,Singapore,Q4,2023
34,spotify:track:3r8RuvgbX9s7ammBn07D3W,NewJeans,Ditto,ADOR,1,32,43,109079,SG,Singapore,Q4,2023
35,spotify:track:567e29TDzLwZwfDuEpGTwo,"The Kid LAROI, Justin Bieber",STAY (with Justin Bieber),Columbia,1,31,118,108829,SG,Singapore,Q4,2023
36,spotify:track:5odlY52u43F5BjByhxg7wg,JVKE,golden hour,JVKE,1,27,60,108123,SG,Singapore,Q4,2023
37,spotify:track:4iZ4pt7kvcaH6Yo8UoZ4s2,SZA,Snooze,Top Dawg Entertainment/RCA Records,9,34,41,106892,SG,Singapore,Q4,2023
38,spotify:track:0QzuaeCEEOV40Pn7IvKEny,Dhruv,double take,Little Worry/RCA Records,2,35,123,106064,SG,Singapore,Q4,2023
39,spotify:track:3t5edAHbyFEW67wFApp7EO,小阿七,从前说,一寸光年,21,30,86,105297,SG,Singapore,Q4,2023
40,spotify:track:0otRX6Z89qKkHkQ9OqJpKt,James Arthur,Car's Outside,Columbia Local,40,44,26,105219,SG,Singapore,Q4,2023
41,spotify:track:5XeFesFbtLpXzIVDNQP22n,Arctic Monkeys,I Wanna Be Yours,Domino Recording Co,35,38,63,105008,SG,Singapore,Q4,2023
42,spotify:track:7qEHsqek33rTcFNT9PFqLf,Lewis Capaldi,Someone You Loved,Vertigo Berlin,4,41,247,102343,SG,Singapore,Q4,2023
43,spotify:track:6rdkCkjk6D12xRpdMXy0I2,NewJeans,New Jeans,ADOR,6,43,14,100767,SG,Singapore,Q4,2023
44,spotify:track:2Zo1PcszsT9WQ0ANntJbID,Sabrina Carpenter,Feather,Island Records,38,50,11,99453,SG,Singapore,Q4,2023
45,spotify:track:1acVBP8BcK6LTeNeFjfxnh,wave to earth,seasons,WAVY,25,37,15,99332,SG,Singapore,Q4,2023
46,spotify:track:3jxFmvoG55Cwv0JJBzRPce,IVE,Either Way,Starship Entertainment,28,28,3,99220,SG,Singapore,Q4,2023
47,spotify:track:72OVnXDzugvrCU25lMi9au,WeiBird,"如果可以 - 電影""月老""主題曲",Sony Music Entertainment,3,47,97,98224,SG,Singapore,Q4,2023
48,spotify:track:1IVj6CsBbTgOEpo0W6hgwN,张远,嘉賓,United Entertainment Group Limited,17,40,111,95409,SG,Singapore,Q4,2023
49,spotify:track:5ydjxBSUIDn26MFzU3asP4,V,Rainy Days,BIGHIT MUSIC,24,66,9,95323,SG,Singapore,Q4,2023
50,spotify:track:43iIQbw5hx986dUEZbr3eN,Laufey,From The Start,Laufey,25,39,19,94548,SG,Singapore,Q4,2023
1,spotify:track:4OH5Cd8ZOI1eSgJSC9PYmU,"Mert Demir, Mabel Matiz",Antidepresan,Pale Records & Pose Records,1,1,10,5694907,TR,Turkey,Q1,2023
2,spotify:track:4ist5GP5r7UDz9gdsiJmYd,"Lvbel C5, Güneş",NKBİ X YAPAMAM - Remix,Lais Records & ℗ Universal Music Turkey; ℗ 2022 EMI - Kent Elektronik Sanayi ve Ticaret A.S. & M.O.B Entertainment,2,3,2,4180415,TR,Turkey,Q1,2023
3,spotify:track:7wANX4VfTwrZrL6inJrqCM,"DEHA INC., Reckol",TALIBANA,DEHA INC. Reckol,3,4,3,3300941,TR,Turkey,Q1,2023
4,spotify:track:7toL7Re9rApzIuIFDaLQSe,"KÖFN, Salman Tin, BKE",Bi' Tek Ben Anlarım,Hypers,1,2,43,3201706,TR,Turkey,Q1,2023
5,spotify:track:3QopdONAzZHRO1P4UQrNvw,Mabel Matiz,Fırtınadayım,Zoom,2,5,13,2520147,TR,Turkey,Q1,2023
6,spotify:track:5ATwkalJ9FnLp7Zcvxo1rl,"Dedublüman, Mavzer Tabancas",Belki,AVRUPA MÜZİK YAPIM,1,6,17,2209694,TR,Turkey,Q1,2023
7,spotify:track:2Nt4eocAv9wi1vHshhSdpF,BLOK3,VUR,Mundo Music,7,17,9,2191066,TR,Turkey,Q1,2023
8,spotify:track:1MbZ6YY51arGV7mqeAb0y4,Motive,10MG,SAVANA,1,8,8,2112048,TR,Turkey,Q1,2023
9,spotify:track:2Pe8d9oClBgLkkz2N35AiN,Semicenk,Unutmak Öyle Kolay Mı Sandın,EVA RECORDS,5,7,20,2072390,TR,Turkey,Q1,2023
10,spotify:track:4wLpDd099QT7TmNpMkFIvT,UZI,ZOR,Ava Music / Avrupa Müzik,10,10,18,1839611,TR,Turkey,Q1,2023
11,spotify:track:5flH7FY4ledAQboO5a0XQ5,"UZI, Mavi",SENIN UGRUNA,Ava Music / Avrupa Müzik,1,9,18,1823872,TR,Turkey,Q1,2023
12,spotify:track:3ABGx9FyeEdMCjDR5TyfdV,"Mavi Gri, Ahmet Hatipoğlu",Ölümle Yaşam Arasında,Mavi Gri,6,12,23,1769446,TR,Turkey,Q1,2023
13,spotify:track:4o4kbDP7DMVFPwAf5D5bj9,Simge,Aşkın Olayım,DOĞAN MÜZİK YAPIM,5,13,62,1763250,TR,Turkey,Q1,2023
14,spotify:track:13THdxqHT11aSk3G8nUDzZ,Mavi Gri,Altüst Olmuşum,Mavi Gri,11,15,81,1674894,TR,Turkey,Q1,2023
15,spotify:track:7lkqbdBKrsyNNq3xi0LeaY,Güneş,NKBİ,M.O.B. Entertainment,5,11,32,1673659,TR,Turkey,Q1,2023
16,spotify:track:4HuB9A0O1XwmwTVtTgODm8,Ati242,25,PMC,16,18,34,1664615,TR,Turkey,Q1,2023
17,spotify:track:4O9hcXs1ohtbw4xnMU8wfo,Can Koç,Gökyüzünü Tutamam,Fono Müzik Üretim,6,14,43,1642175,TR,Turkey,Q1,2023
18,spotify:track:0XNX9BCSWvEwsdBwUTRhMh,Emir Can İğrek,Kor,Hypers,6,16,66,1582097,TR,Turkey,Q1,2023
19,spotify:track:45dj2Fx0LiZgSuXGnyLDRG,"Gazapizm, Melike Şahin",Olur Mu,Argo Yapım,3,19,12,1531532,TR,Turkey,Q1,2023
20,spotify:track:38QSynLcDBfbETORhSsssH,ATE,Diğer Yarım,ATE,1,22,27,1484805,TR,Turkey,Q1,2023
21,spotify:track:10n66m41IGjA2ZulKPK7Ew,Madrigal,Seni Dert Etmeler,AVRUPA MÜZİK YAPIM,1,20,144,1465842,TR,Turkey,Q1,2023
22,spotify:track:5nH1QRipfAJ8Pd9rFu3xHh,Dedublüman,Belki - Akustik,AVRUPA MÜZİK YAPIM,4,21,17,1451365,TR,Turkey,Q1,2023
23,spotify:track:2zI5Vxd2X12f0S9LiQcyOy,Soner Sarıkabadayı,Kendileri,PDND Müzik Prod.,23,29,10,1409898,TR,Turkey,Q1,2023
24,spotify:track:4yhO1qzAICkyoN0w2P2Za4,Mavi,"deniyorum, ama",EMI - Kent Elektronik Sanayi ve Ticaret A.S.,24,26,10,1383731,TR,Turkey,Q1,2023
25,spotify:track:755Pja1zaA687Vql25NHwP,"Sakiler, Oğuzhan Koç",Yalanı Bırak,Zeyn Music,17,24,9,1349898,TR,Turkey,Q1,2023
26,spotify:track:65tIJClJx8fHo6YW4wVDhi,Güneş,Suçlarımdan Biri,M.O.B. Entertainment,1,23,42,1338123,TR,Turkey,Q1,2023
27,spotify:track:2SwQShWjZsxoGviEyaEMOX,Ezhel,Nerdesin,StageArt Europe,1,27,25,1260355,TR,Turkey,Q1,2023
28,spotify:track:0ywlnV6QEZneCbbqLev6qL,Yaşlı Amca,Hep De Yorgun,Y.A. Records,28,40,8,1239853,TR,Turkey,Q1,2023
29,spotify:track:18Ies0Fsw2IwDuLoOhDlyy,Zeynep Bastık,Ara,Polydor,2,25,24,1229264,TR,Turkey,Q1,2023
30,spotify:track:0r6tglSiN3TZTyRMvMCR5B,Madrigal,Dip,Madrigal,11,30,58,1194962,TR,Turkey,Q1,2023
31,spotify:track:5sIHhx9IOpQ7ggv16wLsWZ,UZI,ARASAN DA,Ava Music / Avrupa Müzik,1,31,43,1179177,TR,Turkey,Q1,2023
32,spotify:track:5UV2oqgMXvlkOvvtK3aT7f,mor ve ötesi,Bir Derdim Var,RAKUN MÜZİK FİLM,23,28,311,1169329,TR,Turkey,Q1,2023
33,spotify:track:05QuKF12UfS8ReyTQKbs4o,Semicenk,Masal Gibi,Eva Yapım & Eva Records,23,36,12,1164300,TR,Turkey,Q1,2023
34,spotify:track:11AkXmBdjwu4upt22GjJrG,Berkay Altunyay,Olmazlara İnat,SONY MUSIC TURKEY,6,38,36,1143835,TR,Turkey,Q1,2023
35,spotify:track:6TnN1PLNMaIBvnUB8mdVT1,Tekir,Ağlaya Ağlaya,TFB Record,29,32,15,1129410,TR,Turkey,Q1,2023
36,spotify:track:6t18CcJVpnFAoWfcZxiZtk,Dedublüman,Sakladığın Bir Şeyler Var,AVRUPA MÜZİK YAPIM,28,34,16,1121454,TR,Turkey,Q1,2023
37,spotify:track:7Ebb2WheOGGauCH2wuQB55,"cakal, Arem Ozguc, Arman Aydin",Diyardan Diyara,DOĞAN MÜZİK YAPIM,28,33,3,1120022,TR,Turkey,Q1,2023
38,spotify:track:4Sng3wnol2Gb2yXgFdr9lj,"Dolu Kadehi Ters Tut, Sedef Sebüktekin",Gitme,Dolu Kadehi Ters Tut,13,37,198,1118957,TR,Turkey,Q1,2023
39,spotify:track:5kpkEb0M49YM516trGUSWS,Rei 6,Ah Canım Sevgilim - Demo,Rei 6 under exclusive license to Amuseio AB,7,39,77,1096009,TR,Turkey,Q1,2023
40,spotify:track:7jnN5sT8rk6PIvBZRWYdJj,Semicenk,Herkes Gibisin,Eva Records TR,27,42,36,1076216,TR,Turkey,Q1,2023
41,spotify:track:7Hfb93mB78H7HnZobmjtzt,"Sefo, Jako",kördüğüm,SONY MUSIC TURKEY,8,35,21,1062014,TR,Turkey,Q1,2023
42,spotify:track:4qcngMZ8yF98sAnFKlvXPN,Lvbel C5,GELMEZSEN GELME,EMI - Kent Elektronik Sanayi ve Ticaret A.S.,2,44,43,1024163,TR,Turkey,Q1,2023
43,spotify:track:7jtQIBanIiJOMS6RyCx6jZ,Tom Odell,Another Love,ITNO/Columbia,16,41,91,999019,TR,Turkey,Q1,2023
44,spotify:track:11PO9iu6PtpgL1JK4QNUEJ,Yüzyüzeyken Konuşuruz,Dinle Beni Bi',SONY MUSIC TURKEY,19,49,255,979319,TR,Turkey,Q1,2023
45,spotify:track:4NeOAItkkLHPOw35eDdGQo,"Eftalya Yağcı, Lvbel C5",Sevmiş Gibi,Lais Records,4,46,22,969214,TR,Turkey,Q1,2023
46,spotify:track:2MvIexkUblP1QdpBzKot3N,UZI,CINDY,Ava Music / Avrupa Müzik,1,51,68,948537,TR,Turkey,Q1,2023
47,spotify:track:53QUjrQ8BygCTBXfIs1Beu,İkilem,Bu Saatten Sonra,AVRUPA MÜZİK YAPIM,34,48,57,938707,TR,Turkey,Q1,2023
48,spotify:track:7E3YAVF3A7Shm7w2p3Np1Z,"Şanışer, Ayda",Aşk Şarkısı - Live,Collabel,7,47,19,935680,TR,Turkey,Q1,2023
49,spotify:track:561jH07mF1jHuk7KlaeF0s,Eminem,Mockingbird,Eminem Catalog PS,36,45,13,933392,TR,Turkey,Q1,2023
50,spotify:track:6p4m4ls8CkXpeWDSyRPvTI,Reckol,Yıldızlar,Reckol Music,50,-1,1,932490,TR,Turkey,Q1,2023
1,spotify:track:7p0ODIG60DRkcTiVlJPgck,"Semicenk, Reynmen",Yana Yana,Eva Records & Lais Records,1,2,10,3046538,TR,Turkey,Q2,2023
2,spotify:track:0TbeXCwQz1oSK5eZVLnEIn,"Lvbel C5, Arem Ozguc, Arman Aydin",GAZ PEDAL,EMI - Kent Elektronik Sanayi ve Ticaret A.S.,1,1,4,3000704,TR,Turkey,Q2,2023
3,spotify:track:4dGAUUU1IoXxxB0fCJYBGL,Velet,Gözlerimi Kapattım,Müzik Bankası,3,26,2,2904424,TR,Turkey,Q2,2023
4,spotify:track:232LbugfZaCUwq82xiELtd,BLOK3,BAYBAY,Mundo Music,3,3,4,2863233,TR,Turkey,Q2,2023
5,spotify:track:4o4kbDP7DMVFPwAf5D5bj9,Simge,Aşkın Olayım,DOĞAN MÜZİK YAPIM,1,4,75,2656730,TR,Turkey,Q2,2023
6,spotify:track:4ist5GP5r7UDz9gdsiJmYd,"Lvbel C5, Güneş",NKBİ X YAPAMAM - Remix,Lais Records & ℗ Universal Music Turkey; ℗ 2022 EMI - Kent Elektronik Sanayi ve Ticaret A.S. & M.O.B Entertainment,2,5,15,2452154,TR,Turkey,Q2,2023
7,spotify:track:7dWOeNUJfixlvUcpZD90YE,Semicenk,Sevecek Sandım,Eva Yapım & Eva Records,3,7,25,2333904,TR,Turkey,Q2,2023
8,spotify:track:3WCrBnWabeuTk2wr6UwaYV,BLOK3,AFFETMEM,Mundo Music,2,8,13,2156913,TR,Turkey,Q2,2023
9,spotify:track:2Nt4eocAv9wi1vHshhSdpF,BLOK3,VUR,Mundo Music,7,9,22,2004761,TR,Turkey,Q2,2023
10,spotify:track:7Ebb2WheOGGauCH2wuQB55,"cakal, Arem Ozguc, Arman Aydin",Diyardan Diyara,DOĞAN MÜZİK YAPIM,7,10,16,1992288,TR,Turkey,Q2,2023
11,spotify:track:7lOGCEsmoHqai3PHS9kbTa,"Heijan, Muti",İmparator,"TFB Records, Under Exclusive Licence to ONErpm",4,12,13,1865751,TR,Turkey,Q2,2023
12,spotify:track:4OH5Cd8ZOI1eSgJSC9PYmU,"Mert Demir, Mabel Matiz",Antidepresan,Pale Records & Pose Records,1,11,23,1819211,TR,Turkey,Q2,2023
13,spotify:track:7toL7Re9rApzIuIFDaLQSe,"KÖFN, Salman Tin, BKE",Bi' Tek Ben Anlarım,Hypers,1,13,56,1759249,TR,Turkey,Q2,2023
14,spotify:track:2Pe8d9oClBgLkkz2N35AiN,Semicenk,Unutmak Öyle Kolay Mı Sandın,EVA RECORDS,5,14,33,1726036,TR,Turkey,Q2,2023
15,spotify:track:3x8hqraew3LLsZENdhGv3P,B4TU INC.,MERVE - Masada Chivas,B4TU INC.,6,6,7,1666576,TR,Turkey,Q2,2023
16,spotify:track:5flH7FY4ledAQboO5a0XQ5,"UZI, Mavi",SENIN UGRUNA,Ava Music / Avrupa Müzik,1,15,31,1656258,TR,Turkey,Q2,2023
17,spotify:track:0NJJ31ggDI7aODrLYZQkgV,Sefo,Veda Saati,3TR6AP2,16,16,3,1642372,TR,Turkey,Q2,2023
18,spotify:track:2MvC6PUwqLJbM3qluKK5EF,İrem Derici,Yaz Gülü,DOĞAN MÜZİK YAPIM,18,19,14,1555865,TR,Turkey,Q2,2023
19,spotify:track:7gJqhu7UvkJvpEGBntRmJx,cakal,YAKALARSAN,NinetyFive,17,17,2,1535066,TR,Turkey,Q2,2023
20,spotify:track:4wLpDd099QT7TmNpMkFIvT,UZI,ZOR,Ava Music / Avrupa Müzik,9,18,31,1512649,TR,Turkey,Q2,2023
21,spotify:track:5ATwkalJ9FnLp7Zcvxo1rl,"Dedublüman, Mavzer Tabancas",Belki,AVRUPA MÜZİK YAPIM,1,20,30,1480272,TR,Turkey,Q2,2023
22,spotify:track:0QQ1BLUudNdqOHg3FpFnYH,"Sibel Can, Eypio",Diken Mi Gül Mü?,SONY MUSIC TURKEY,22,36,7,1461612,TR,Turkey,Q2,2023
23,spotify:track:05QuKF12UfS8ReyTQKbs4o,Semicenk,Masal Gibi,Eva Yapım & Eva Records,22,22,25,1447249,TR,Turkey,Q2,2023
24,spotify:track:3QopdONAzZHRO1P4UQrNvw,Mabel Matiz,Fırtınadayım,Zoom,2,21,26,1438144,TR,Turkey,Q2,2023
25,spotify:track:3HoHBzUrwYNbzXGKfHIRAT,"DEHA INC., Reckol",TALIBANA,DEHA INC. Reckol,3,41,13,1402588,TR,Turkey,Q2,2023
26,spotify:track:0K2nzvf5Pn6IO0Xyt36iNi,Halodayı,Özür,OSC ENM.,18,28,11,1393180,TR,Turkey,Q2,2023
27,spotify:track:4HuB9A0O1XwmwTVtTgODm8,Ati242,25,PMC,12,23,47,1390821,TR,Turkey,Q2,2023
28,spotify:track:1MbZ6YY51arGV7mqeAb0y4,Motive,10MG,SAVANA,1,24,21,1388932,TR,Turkey,Q2,2023
29,spotify:track:3ABGx9FyeEdMCjDR5TyfdV,"Mavi Gri, Ahmet Hatipoğlu",Ölümle Yaşam Arasında,Mavi Gri,6,27,36,1363076,TR,Turkey,Q2,2023
30,spotify:track:4xMDN8uwikMBJrmJc9dqG3,"Motive, Cairo, Narco",GANG,Mundo Music,14,30,3,1344899,TR,Turkey,Q2,2023
31,spotify:track:13THdxqHT11aSk3G8nUDzZ,Mavi Gri,Altüst Olmuşum,Mavi Gri,11,29,94,1316391,TR,Turkey,Q2,2023
32,spotify:track:0zQ8vXWLqSyBi5bYebveW1,Burak Bulut,Cano,Mahzen Media,23,31,17,1240258,TR,Turkey,Q2,2023
33,spotify:track:10n66m41IGjA2ZulKPK7Ew,Madrigal,Seni Dert Etmeler,AVRUPA MÜZİK YAPIM,1,33,157,1228317,TR,Turkey,Q2,2023
34,spotify:track:0XNX9BCSWvEwsdBwUTRhMh,Emir Can İğrek,Kor,Hypers,6,38,79,1215716,TR,Turkey,Q2,2023
35,spotify:track:6t18CcJVpnFAoWfcZxiZtk,Dedublüman,Sakladığın Bir Şeyler Var,AVRUPA MÜZİK YAPIM,26,32,29,1209856,TR,Turkey,Q2,2023
36,spotify:track:38QSynLcDBfbETORhSsssH,ATE,Diğer Yarım,ATE,1,39,40,1143351,TR,Turkey,Q2,2023
37,spotify:track:3bzRdp5Q2GpwCqTSZsouqP,"Muti, Heijan, UZI",İntikam,"TFB Records, Under Exclusive Licence to ONErpm",23,35,4,1142118,TR,Turkey,Q2,2023
38,spotify:track:4dNXz1K0QBtcIoeoqnJw0m,Motive,RANDEVU,SAVANA,9,25,5,1117303,TR,Turkey,Q2,2023
39,spotify:track:0x9154bA7PgqF6Za1CtszP,Sezen Aksu,Unuttun mu Beni?,EMI - Kent Elektronik Sanayi ve Ticaret A.S.,39,42,11,1111573,TR,Turkey,Q2,2023
40,spotify:track:0okYvXKPqzZpj3iZrJH6JK,Lvbel C5,DACIA,EMI - Kent Elektronik Sanayi ve Ticaret A.S.,1,40,13,1107682,TR,Turkey,Q2,2023
41,spotify:track:7lkqbdBKrsyNNq3xi0LeaY,Güneş,NKBİ,M.O.B. Entertainment,5,45,45,1102339,TR,Turkey,Q2,2023
42,spotify:track:7dC9xFO2FYKmnRwJsa936V,Can7,KUM SAATİ,Mitas Müzik,42,77,3,1102312,TR,Turkey,Q2,2023
43,spotify:track:5sIHhx9IOpQ7ggv16wLsWZ,UZI,ARASAN DA,Ava Music / Avrupa Müzik,1,48,56,1086100,TR,Turkey,Q2,2023
44,spotify:track:45dj2Fx0LiZgSuXGnyLDRG,"Gazapizm, Melike Şahin",Olur Mu,Argo Yapım,3,46,25,1077249,TR,Turkey,Q2,2023
45,spotify:track:0ufocYYqahx6pVSERRj4HL,Ezhel,Paspartu,StageArt Europe,13,37,4,1055505,TR,Turkey,Q2,2023
46,spotify:track:4Sng3wnol2Gb2yXgFdr9lj,"Dolu Kadehi Ters Tut, Sedef Sebüktekin",Gitme,Dolu Kadehi Ters Tut,13,51,211,1031976,TR,Turkey,Q2,2023
47,spotify:track:755Pja1zaA687Vql25NHwP,"Sakiler, Oğuzhan Koç",Yalanı Bırak,Zeyn Music,17,44,22,1030804,TR,Turkey,Q2,2023
48,spotify:track:7jnN5sT8rk6PIvBZRWYdJj,Semicenk,Herkes Gibisin,Eva Records TR,27,52,49,1016393,TR,Turkey,Q2,2023
49,spotify:track:4cgVi9Xzj8velq5QsqNhra,DEHA INC.,PHONK (200mg),DEHA INC.,49,89,2,1004050,TR,Turkey,Q2,2023
50,spotify:track:4O9hcXs1ohtbw4xnMU8wfo,Can Koç,Gökyüzünü Tutamam,Fono Müzik Üretim,6,50,56,1003303,TR,Turkey,Q2,2023
1,spotify:track:1u9oZzM8CTeCMXsdTXaOtY,Emir Can İğrek,Ali Cabbar,Hypers,1,1,6,7233336,TR,Turkey,Q3,2023
2,spotify:track:2uZ7RwAWJiLQUkupslGAVZ,"Halodayı, Azer Bülbül",Aman Güzel Yavaş Yürü,Barış Plak,2,4,3,5951735,TR,Turkey,Q3,2023
3,spotify:track:4Sdj67b8WF9PhAXh4tvBi6,"Semicenk, Doğu Swag",Pişman Değilim,EVA RECORDS,1,2,6,4769960,TR,Turkey,Q3,2023
4,spotify:track:6ed4S0as5mj3nSK81HJuyz,"UZI, Azer Bülbül",Caney,Barış Plak,2,3,4,4449254,TR,Turkey,Q3,2023
5,spotify:track:6uNSbvWZgNkBWw3MP7bpnf,BLOK3,N'aptığını bilmesem de,D3LTA,3,5,3,3524423,TR,Turkey,Q3,2023
6,spotify:track:1a9CYYvZHorDJpCICeo9VV,cakal,Aşk Olsun,NinetyFive,6,7,5,3160799,TR,Turkey,Q3,2023
7,spotify:track:4UySkSnMBKf1PS32agnwxp,"ALIZADE, BEGE",24/7,New Wave,1,6,12,3150291,TR,Turkey,Q3,2023
8,spotify:track:47l3syDKFT3PPonobpm1NA,Sefo,ARABA,3TR6AP2,8,10,5,3021942,TR,Turkey,Q3,2023
9,spotify:track:7p0ODIG60DRkcTiVlJPgck,"Semicenk, Reynmen",Yana Yana,Eva Records & Lais Records,1,8,23,3013457,TR,Turkey,Q3,2023
10,spotify:track:0mYqW8vhiw9rgwSwB21JQz,"Semicenk, Rast",Canın Sağ Olsun,EVA RECORDS,1,9,12,2874511,TR,Turkey,Q3,2023
11,spotify:track:10Sa2Mpma0EHWKLuyyrBdq,Semicenk,Geri Dönemedim,Eva Yapım & Eva Records,1,11,10,2837860,TR,Turkey,Q3,2023
12,spotify:track:4o4kbDP7DMVFPwAf5D5bj9,Simge,Aşkın Olayım,DOĞAN MÜZİK YAPIM,1,12,88,2558147,TR,Turkey,Q3,2023
13,spotify:track:232LbugfZaCUwq82xiELtd,BLOK3,BAYBAY,Mundo Music,3,13,17,2468090,TR,Turkey,Q3,2023
14,spotify:track:6bZXS4iBLq09KhK6Mr569I,Lil Zey,DEFOL,Atlantic Records Germany,14,16,10,2327819,TR,Turkey,Q3,2023
15,spotify:track:6MUv30zouC8LeRCB2VCcK3,"Kurtuluş Kuş, Burak Bulut",Manolya,Mahzen Media,15,-1,1,2294604,TR,Turkey,Q3,2023
16,spotify:track:7dWOeNUJfixlvUcpZD90YE,Semicenk,Sevecek Sandım,Eva Yapım & Eva Records,3,14,38,2263016,TR,Turkey,Q3,2023
17,spotify:track:3WCrBnWabeuTk2wr6UwaYV,BLOK3,AFFETMEM,Mundo Music,2,17,26,2131512,TR,Turkey,Q3,2023
18,spotify:track:4v1eCQCl3d5w8a6Czv4qTv,cakal,Cuma,NinetyFive,18,19,3,2093448,TR,Turkey,Q3,2023
19,spotify:track:72HD3OMs70hTZlbKVVd1rG,"Heijan, Muti",Aynen,"TFB Records, Under Exclusive Licence to ONErpm",5,18,11,1884935,TR,Turkey,Q3,2023
20,spotify:track:7ah5CgXHNPBtoJsdPV1AKA,Lvbel C5,BABA,EMI - Kent Elektronik Sanayi ve Ticaret A.S.,10,15,4,1841722,TR,Turkey,Q3,2023
21,spotify:track:2MvC6PUwqLJbM3qluKK5EF,İrem Derici,Yaz Gülü,DOĞAN MÜZİK YAPIM,10,22,27,1838732,TR,Turkey,Q3,2023
22,spotify:track:2PaQb8AtQqIxawPA2O7Vaw,Kubilay Karça,Celladına Aşık,Wovie,6,20,8,1787404,TR,Turkey,Q3,2023
23,spotify:track:4ist5GP5r7UDz9gdsiJmYd,"Lvbel C5, Güneş",NKBİ X YAPAMAM - Remix,Lais Records & ℗ Universal Music Turkey; ℗ 2022 EMI - Kent Elektronik Sanayi ve Ticaret A.S. & M.O.B Entertainment,2,21,28,1783613,TR,Turkey,Q3,2023
24,spotify:track:0nHmrbUG2lvhiJ7dL4FfzU,"Summer Cem, Geenaro & Ghana Beats, Ezhel",KONTAK (feat. Ezhel),Banger Musik/WM Germany,15,27,6,1767572,TR,Turkey,Q3,2023
25,spotify:track:2Nt4eocAv9wi1vHshhSdpF,BLOK3,VUR,Mundo Music,7,23,35,1738697,TR,Turkey,Q3,2023
26,spotify:track:10SXKV8mddSJm6Dsj0Oe4s,Hadise,Feryat,PASAJ,14,29,13,1712394,TR,Turkey,Q3,2023
27,spotify:track:0K2nzvf5Pn6IO0Xyt36iNi,Halodayı,Özür,OSC ENM.,18,28,24,1690435,TR,Turkey,Q3,2023
28,spotify:track:7Ebb2WheOGGauCH2wuQB55,"cakal, Arem Ozguc, Arman Aydin",Diyardan Diyara,DOĞAN MÜZİK YAPIM,7,24,29,1647364,TR,Turkey,Q3,2023
29,spotify:track:4IjSOaCoGkP9Lqd5U8YeP0,"Sibel Can, Eypio",Diken Mi Gül Mü?,SONY MUSIC TURKEY,5,25,20,1642701,TR,Turkey,Q3,2023
30,spotify:track:40oOgUUwhtKbewdsyzozaN,"Murda, Hadise",Sen Dönene Kadar,Urban,13,26,8,1609864,TR,Turkey,Q3,2023
31,spotify:track:3HrH0tLPJHsweeAlw3leQO,Sezen Aksu,Zalim,EMI - Kent Elektronik Sanayi ve Ticaret A.S.,31,31,15,1513026,TR,Turkey,Q3,2023
32,spotify:track:7gJqhu7UvkJvpEGBntRmJx,cakal,YAKALARSAN,NinetyFive,17,34,15,1499598,TR,Turkey,Q3,2023
33,spotify:track:2Id54XtcFLHSe0JNfHR45k,BLOK3,YAPTIRICAZ TIRNAKLARINI,Mundo Music,10,32,11,1495151,TR,Turkey,Q3,2023
34,spotify:track:6NbXYfMZULpf1sGxp8Qx0P,Çağan Şengül,Çok Yazık,SONY MUSIC TURKEY,34,41,8,1472226,TR,Turkey,Q3,2023
35,spotify:track:2Pe8d9oClBgLkkz2N35AiN,Semicenk,Unutmak Öyle Kolay Mı Sandın,EVA RECORDS,5,30,46,1453836,TR,Turkey,Q3,2023
36,spotify:track:5flH7FY4ledAQboO5a0XQ5,"UZI, Mavi",SENIN UGRUNA,Ava Music / Avrupa Müzik,1,35,44,1442938,TR,Turkey,Q3,2023
37,spotify:track:4dGAUUU1IoXxxB0fCJYBGL,Velet,Gözlerimi Kapattım,Müzik Bankası,2,33,15,1440926,TR,Turkey,Q3,2023
38,spotify:track:05QuKF12UfS8ReyTQKbs4o,Semicenk,Masal Gibi,Eva Yapım & Eva Records,21,37,38,1440538,TR,Turkey,Q3,2023
39,spotify:track:6Trva7pHXIFHRa5QaGLGdK,Mabel Matiz,Fan,Pose Records,14,36,33,1335191,TR,Turkey,Q3,2023
40,spotify:track:6t18CcJVpnFAoWfcZxiZtk,Dedublüman,Sakladığın Bir Şeyler Var,AVRUPA MÜZİK YAPIM,26,43,42,1292239,TR,Turkey,Q3,2023
41,spotify:track:0zQ8vXWLqSyBi5bYebveW1,Burak Bulut,Cano,Mahzen Media,23,44,30,1265529,TR,Turkey,Q3,2023
42,spotify:track:4OH5Cd8ZOI1eSgJSC9PYmU,"Mert Demir, Mabel Matiz",Antidepresan,Pale Records & Pose Records,1,39,36,1264279,TR,Turkey,Q3,2023
43,spotify:track:0TbeXCwQz1oSK5eZVLnEIn,"Lvbel C5, Arem Ozguc, Arman Aydin",GAZ PEDAL,EMI - Kent Elektronik Sanayi ve Ticaret A.S.,1,38,17,1227160,TR,Turkey,Q3,2023
44,spotify:track:44UZWruF4P4uMZ10fd1eMK,"KÖFN, Salman Tin, BKE",Al Aramızdan,Hypers,32,49,13,1194695,TR,Turkey,Q3,2023
45,spotify:track:006oGnrSZevqZTimsD2oh4,Melike Şahin,Diva Yorgun,Gülbaba Records,45,56,4,1193884,TR,Turkey,Q3,2023
46,spotify:track:5Q6cDjM0JuvGu2mxulXGwo,Emir Can İğrek,Çağır,Hypers,35,51,6,1182704,TR,Turkey,Q3,2023
47,spotify:track:1G2ipJnWC0v0rSPPpzjoek,ALIZADE,ŞU AN,New Wave,32,40,15,1167137,TR,Turkey,Q3,2023
48,spotify:track:5vbUKpzqUdNHi68OmxdmBC,Hande Yener,Benden Bir Tane Daha Yok,Poll Production,24,45,12,1140069,TR,Turkey,Q3,2023
49,spotify:track:0tHWG2M4GAvT7E59oZrJLi,Lvbel C5,İZLEDİ MAHALLE,EMI - Kent Elektronik Sanayi ve Ticaret A.S.,37,47,4,1098609,TR,Turkey,Q3,2023
50,spotify:track:5W8XrqcmPo6DtyDdPNahkn,Sefo,Veda Saati,3TR6AP2,16,48,16,1082704,TR,Turkey,Q3,2023
1,spotify:track:3ZwRkdnTb4az8X5n4WXuHA,BLOK3,aklına ben gelicem,Mundo Music,1,1,3,3956816,TR,Turkey,Q4,2023
2,spotify:track:6UX8nGE5sT7FsUAgQILD6X,Kibariye,Lafı mı Olur,ANADOLU TUR REKLAM,2,3,3,3210685,TR,Turkey,Q4,2023
3,spotify:track:30DEgnb76AxLZgrrvqNErB,Zerrin Özer,Basit Numaralar,Grand Müzik,2,2,7,2949835,TR,Turkey,Q4,2023
4,spotify:track:7lj9PG3guq2A4VLRBLkfKI,Semicenk,Mesafe,DOĞAN MÜZİK YAPIM,1,5,6,2608125,TR,Turkey,Q4,2023
5,spotify:track:6tHhAUAMwUwlEGpAVq1jlX,Emir Can İğrek,Can Dostum,Hypers,5,7,14,2481912,TR,Turkey,Q4,2023
6,spotify:track:6iDXzCkxKklISwvWbPz8Lv,Alişan,Hele Bi (Club Version),DOĞAN MÜZİK YAPIM,4,4,4,2413769,TR,Turkey,Q4,2023
7,spotify:track:3auN910HHNYykQo8i9q5J1,Mert Demir,Ateşe Düştüm,Pale Records,7,50,3,2405953,TR,Turkey,Q4,2023
8,spotify:track:1WHwr3enTkZdG8feFozaqy,"Russ Millions, UZI",International,One Of A Kind Music,1,6,6,2341538,TR,Turkey,Q4,2023
9,spotify:track:42boV2FGsztYnQMAeoAjb6,Reynmen,Gitme,DOĞAN MÜZİK YAPIM,9,10,6,1857011,TR,Turkey,Q4,2023
10,spotify:track:2uZ7RwAWJiLQUkupslGAVZ,"Halodayı, Azer Bülbül",Aman Güzel Yavaş Yürü,Barış Plak,1,8,16,1795434,TR,Turkey,Q4,2023
11,spotify:track:01zrETrdU6ywRoqXZXBfbV,Borqy,Sağlam Kalça,OSC ENM.,2,9,10,1787303,TR,Turkey,Q4,2023
12,spotify:track:4Sdj67b8WF9PhAXh4tvBi6,"Semicenk, Doğu Swag",Pişman Değilim,EVA RECORDS,1,12,19,1778666,TR,Turkey,Q4,2023
13,spotify:track:6ed4S0as5mj3nSK81HJuyz,"UZI, Azer Bülbül",Caney,Barış Plak,2,11,17,1641588,TR,Turkey,Q4,2023
14,spotify:track:6uNSbvWZgNkBWw3MP7bpnf,BLOK3,N'aptığını bilmesem de,D3LTA,3,13,16,1605730,TR,Turkey,Q4,2023
15,spotify:track:6NbXYfMZULpf1sGxp8Qx0P,Çağan Şengül,Çok Yazık,SONY MUSIC TURKEY,12,14,21,1568718,TR,Turkey,Q4,2023
16,spotify:track:4mGcrLq0JSjumS1GyyQOYj,Buray,Olmuşum Leyla,GOMMA & WASP ENT.,15,18,9,1556817,TR,Turkey,Q4,2023
17,spotify:track:46f5m73YzI227nseI9LquF,Burcu Güneş,Anıları Yak,DOĞAN MÜZİK YAPIM,17,30,22,1510050,TR,Turkey,Q4,2023
18,spotify:track:47l3syDKFT3PPonobpm1NA,Sefo,ARABA,3TR6AP2,6,16,18,1491517,TR,Turkey,Q4,2023
19,spotify:track:5LOnarDCzVh4YcN7EOTzRC,Sefo,IMPARATOR,3TR6AP2,19,20,11,1456456,TR,Turkey,Q4,2023
20,spotify:track:4XUjq1m4FEoFCQsjmJ9UKj,Semicenk,Tanrım Reva Mı,Eva Yapım & Eva Records,5,24,12,1438704,TR,Turkey,Q4,2023
21,spotify:track:2PaQb8AtQqIxawPA2O7Vaw,Kubilay Karça,Celladına Aşık,Wovie,6,23,21,1419904,TR,Turkey,Q4,2023
22,spotify:track:006oGnrSZevqZTimsD2oh4,Melike Şahin,Diva Yorgun,Gülbaba Records,2,17,17,1418666,TR,Turkey,Q4,2023
23,spotify:track:1Lt5VeNJK63RPHt7dRFB0Q,Derya Uluğ,Nefes,DU MUSIC,22,22,13,1410096,TR,Turkey,Q4,2023
24,spotify:track:0Yyy5dSNK3cgknZ86Cto9g,Aleyna Tilki,Başıma Belasın,DOĞAN MÜZİK YAPIM,24,27,30,1401924,TR,Turkey,Q4,2023
25,spotify:track:232LbugfZaCUwq82xiELtd,BLOK3,BAYBAY,Mundo Music,3,19,30,1398657,TR,Turkey,Q4,2023
26,spotify:track:1uUqPjsPhymf3TkWfbrMzR,Selin,Yalancı Bahar - Nostalgia Sessions,Warner Music Turkey,16,21,11,1363968,TR,Turkey,Q4,2023
27,spotify:track:0mYqW8vhiw9rgwSwB21JQz,"Semicenk, Rast",Canın Sağ Olsun,EVA RECORDS,1,15,25,1345947,TR,Turkey,Q4,2023
28,spotify:track:3eCpykORJcDHvDWxvrKYDu,ALIZADE,Trip attım,New Wave,28,-1,1,1340104,TR,Turkey,Q4,2023
29,spotify:track:3miwaS9uZ7pZHi1zNyLGi0,Derya Bedavacı,Tövbe,SONY MUSIC TURKEY,29,37,13,1321180,TR,Turkey,Q4,2023
30,spotify:track:6MUv30zouC8LeRCB2VCcK3,"Kurtuluş Kuş, Burak Bulut",Manolya,Mahzen Media,3,25,14,1299166,TR,Turkey,Q4,2023
31,spotify:track:44UZWruF4P4uMZ10fd1eMK,"KÖFN, Salman Tin, BKE",Al Aramızdan,Hypers,31,44,26,1285140,TR,Turkey,Q4,2023
32,spotify:track:2AcCBpYHVbeV2IUU4iHP2Y,Yüzyüzeyken Konuşuruz,Tutun Sen Bana,SONY MUSIC TURKEY,32,33,13,1284646,TR,Turkey,Q4,2023
33,spotify:track:1a9CYYvZHorDJpCICeo9VV,cakal,Aşk Olsun,NinetyFive,5,28,18,1269795,TR,Turkey,Q4,2023
34,spotify:track:10SXKV8mddSJm6Dsj0Oe4s,Hadise,Feryat,PASAJ,14,31,26,1262771,TR,Turkey,Q4,2023
35,spotify:track:4v1eCQCl3d5w8a6Czv4qTv,cakal,Cuma,NinetyFive,15,38,16,1254013,TR,Turkey,Q4,2023
36,spotify:track:6LATAa81iyMHWhXgI4VHwL,Mabel Matiz,Numaracı,Pose Records,23,29,12,1234852,TR,Turkey,Q4,2023
37,spotify:track:10Sa2Mpma0EHWKLuyyrBdq,Semicenk,Geri Dönemedim,Eva Yapım & Eva Records,1,26,23,1214368,TR,Turkey,Q4,2023
38,spotify:track:4o4kbDP7DMVFPwAf5D5bj9,Simge,Aşkın Olayım,DOĞAN MÜZİK YAPIM,1,40,101,1183701,TR,Turkey,Q4,2023
39,spotify:track:5gUaqAYNgO2yclwM5seMFm,Adamlar,Zombi,GARAJ,7,32,123,1181657,TR,Turkey,Q4,2023
40,spotify:track:6t18CcJVpnFAoWfcZxiZtk,Dedublüman,Sakladığın Bir Şeyler Var,AVRUPA MÜZİK YAPIM,26,39,55,1181091,TR,Turkey,Q4,2023
41,spotify:track:2Id54XtcFLHSe0JNfHR45k,BLOK3,YAPTIRICAZ TIRNAKLARINI,Mundo Music,10,34,24,1179568,TR,Turkey,Q4,2023
42,spotify:track:4UySkSnMBKf1PS32agnwxp,"ALIZADE, BEGE",24/7,New Wave,1,42,25,1164010,TR,Turkey,Q4,2023
43,spotify:track:52EgkN1E6pqOJ0AL2YWxfs,"Sefo, Simge",Görmem Böylesini,SONY MUSIC TURKEY x DMC,34,46,10,1105199,TR,Turkey,Q4,2023
44,spotify:track:0K2nzvf5Pn6IO0Xyt36iNi,Halodayı,Özür,OSC ENM.,18,47,37,1094437,TR,Turkey,Q4,2023
45,spotify:track:3WCrBnWabeuTk2wr6UwaYV,BLOK3,AFFETMEM,Mundo Music,2,41,39,1081533,TR,Turkey,Q4,2023
46,spotify:track:56y1jOTK0XSvJzVv9vHQBK,Doja Cat,Paint The Town Red,Kemosabe Records/RCA Records,20,36,8,1075038,TR,Turkey,Q4,2023
47,spotify:track:7p0ODIG60DRkcTiVlJPgck,"Semicenk, Reynmen",Yana Yana,Eva Records & Lais Records,1,35,36,1068684,TR,Turkey,Q4,2023
48,spotify:track:3HrH0tLPJHsweeAlw3leQO,Sezen Aksu,Zalim,EMI - Kent Elektronik Sanayi ve Ticaret A.S.,28,43,28,1052973,TR,Turkey,Q4,2023
49,spotify:track:1PiyTtoNn0m4kfJWLfjHny,"Canbay & Wolker, Heijan, Muti",Bertaraf,"Canbay & Wolker, Under Exclusive Licence to ONErpm",49,73,2,1005571,TR,Turkey,Q4,2023
50,spotify:track:0Y4mwQ4z0Voplgh7o2OZYm,M Lisa,ELLERİM BOŞ,TİİZZ RECORDS,50,53,4,993881,TR,Turkey,Q4,2023
1,spotify:track:1Qrg8KqiBpW07V7PNxwwwL,SZA,Kill Bill,Top Dawg Entertainment/RCA Records,1,1,5,15993525,US,United States,Q1,2023
2,spotify:track:2dHHgzDwk4BJdRwy9uXhTO,"Metro Boomin, The Weeknd, 21 Savage",Creepin' (with The Weeknd & 21 Savage),Republic Records,1,3,6,8561978,US,United States,Q1,2023
3,spotify:track:1bDbXMyjaUIooNwFE9wn0N,"Drake, 21 Savage",Rich Flex,OVO / Republic Records,1,2,10,8276671,US,United States,Q1,2023
4,spotify:track:0vjeOZ3Ft5jvAi9SBFJm1j,"Metro Boomin, Future, Chris Brown",Superhero (Heroes & Villains) [with Future & Chris Brown],Republic Records,2,8,6,7155061,US,United States,Q1,2023
5,spotify:track:4FyesJzVpA39hbYvcseO2d,Lil Uzi Vert,Just Wanna Rock,Generation Now/Atlantic,5,5,13,7023199,US,United States,Q1,2023
6,spotify:track:0V3wPSX9ygBnCm8psDIegu,Taylor Swift,Anti-Hero,Taylor Swift,1,4,12,6485728,US,United States,Q1,2023
7,spotify:track:4k6Uh1HXdhtusDW5y8Gbvy,Steve Lacy,Bad Habit,L-M Records/RCA Records,1,6,28,6417111,US,United States,Q1,2023
8,spotify:track:5odlY52u43F5BjByhxg7wg,JVKE,golden hour,JVKE,8,9,21,6045025,US,United States,Q1,2023
9,spotify:track:1xK59OXxi2TAAAbmZK0kBL,d4vd,Romantic Homicide,Darkroom/Interscope Records,3,11,23,5817292,US,United States,Q1,2023
10,spotify:track:2LBqCSwhJGcFQeTHMVGwy3,The Weeknd,Die For You,Universal Republic Records,10,12,96,5797381,US,United States,Q1,2023
11,spotify:track:3nqQXoyQOWXiESFLlDF1hG,"Sam Smith, Kim Petras",Unholy (feat. Kim Petras),Capitol Records UK / EMI,1,7,16,5643700,US,United States,Q1,2023
12,spotify:track:2GAhgAjOhEmItWLfgisyOn,SZA,Low,Top Dawg Entertainment/RCA Records,4,14,5,5417397,US,United States,Q1,2023
13,spotify:track:3WMj8moIAXJhHsyLaqIIHI,Zach Bryan,Something in the Orange,Warner Records,4,15,38,5359642,US,United States,Q1,2023
14,spotify:track:5Y35SjAfXjjG0sFQ3KOxmm,SZA,Nobody Gets Me,Top Dawg Entertainment/RCA Records,3,13,5,5327642,US,United States,Q1,2023
15,spotify:track:4Dvkj6JhhA12EX05fT7y2e,Harry Styles,As It Was,Columbia,1,10,41,5207494,US,United States,Q1,2023
16,spotify:track:0JXXNGljqupsJaZsgSbMZV,Miguel,Sure Thing,Jive,16,27,14,5066477,US,United States,Q1,2023
17,spotify:track:2wSTnntOPRi7aQneobFtU4,SZA,Shirt,Top Dawg Entertainment/RCA Records,8,16,11,4977264,US,United States,Q1,2023
18,spotify:track:0IKeDy5bT9G0bA7ZixRT4A,"Fuerza Regida, Grupo Frontera",Bebe Dame,Rancho Humilde/Street Mob Records,18,37,3,4562612,US,United States,Q1,2023
19,spotify:track:1Y3LN4zO1Edc2EluIoSPJN,"Stephen Sanchez, Em Beihold",Until I Found You (with Em Beihold) - Em Beihold Version,Republic Records,18,18,5,4519787,US,United States,Q1,2023
20,spotify:track:5WxVXxCMRnvxUKFq40ELwq,"RAYE, 070 Shake",Escapism.,Human Re Sources,20,24,6,4466011,US,United States,Q1,2023
21,spotify:track:78Sw5GDo6AlGwTwanjXbGh,d4vd,Here With Me,Darkroom/Interscope Records,21,22,12,4463462,US,United States,Q1,2023
22,spotify:track:68Dni7IE4VyPkTOH9mRWHr,J. Cole,No Role Modelz,Roc Nation Records LLC,10,26,257,4272053,US,United States,Q1,2023
23,spotify:track:4uUG5RXrOk84mYEfFvj3cK,"David Guetta, Bebe Rexha",I'm Good (Blue),Parlophone UK,8,17,20,4269616,US,United States,Q1,2023
24,spotify:track:2CSRrnOEELmhpq8iaAi9cd,SZA,Blind,Top Dawg Entertainment/RCA Records,5,20,5,4244364,US,United States,Q1,2023
25,spotify:track:5uU1uuyaUIBOiiUSQG7Wl3,Morgan Wallen,You Proof,Morgan Wallen,11,19,35,4237624,US,United States,Q1,2023
26,spotify:track:3F5CgOj3wFlRv51JsHbxhe,"Drake, 21 Savage",Jimmy Cooks (feat. 21 Savage),OVO,2,23,30,4222444,US,United States,Q1,2023
27,spotify:track:2QjOHCTQ1Jl3zawyYOpxh6,The Neighbourhood,Sweater Weather,Columbia,13,25,125,4093736,US,United States,Q1,2023
28,spotify:track:4686eQ81DEswHa90bcdlC9,Bailey Zimmerman,Rock and A Hard Place,Warner Records Nashville/Elektra,26,32,31,3963165,US,United States,Q1,2023
29,spotify:track:3azJifCSqg9fRij2yKIbWz,Tory Lanez,The Color Violet,One Umbrella Records,29,36,19,3943139,US,United States,Q1,2023
30,spotify:track:4iZ4pt7kvcaH6Yo8UoZ4s2,SZA,Snooze,Top Dawg Entertainment/RCA Records,18,35,5,3881763,US,United States,Q1,2023
31,spotify:track:1IHWl5LamUGEuP4ozKQSXZ,Bad Bunny,Tití Me Preguntó,Rimas Entertainment LLC,3,21,36,3849774,US,United States,Q1,2023
32,spotify:track:3hxIUxnT27p5WcmjGUXNwx,Hotel Ugly,Shut up My Moms Calling,"Hotel Ugly, under exclusive license to Amuseio AB",32,46,19,3799005,US,United States,Q1,2023
33,spotify:track:5jQI2r1RdgtuT8S3iG8zFC,Taylor Swift,Lavender Haze,Taylor Swift,2,29,12,3772567,US,United States,Q1,2023
34,spotify:track:3r8RuvgbX9s7ammBn07D3W,NewJeans,Ditto,ADOR,34,61,3,3673614,US,United States,Q1,2023
35,spotify:track:4h9wh7iOZ0GGn8QVp4RAOB,OneRepublic,I Ain't Worried,Interscope Records,7,30,32,3673027,US,United States,Q1,2023
36,spotify:track:3EaJDYHA0KnX88JvDhL9oa,Steve Lacy,Dark Red,Three Quarter,16,34,75,3622685,US,United States,Q1,2023
37,spotify:track:6Sq7ltF9Qa7SNFBsV5Cogx,"Bad Bunny, Chencho Corleone",Me Porto Bonito,Rimas Entertainment LLC,2,28,36,3532853,US,United States,Q1,2023
38,spotify:track:59nOXPmaKlBfGMDeOVGrIK,"Future, Drake, Tems",WAIT FOR U (feat. Drake & Tems),Epic/Freebandz,3,45,37,3442702,US,United States,Q1,2023
39,spotify:track:2Hh3ETdQKrmSI3QS0hme7g,"Metro Boomin, Future, Don Toliver",Too Many Nights (feat. Don Toliver & with Future),Republic Records,10,39,6,3441868,US,United States,Q1,2023
40,spotify:track:4WuOWVnAqvEQxgSRrspBgt,"Metro Boomin, Travis Scott, 21 Savage",Niagara Falls (Foot or 2) [with Travis Scott & 21 Savage],Republic Records,7,42,6,3363929,US,United States,Q1,2023
41,spotify:track:4PMqSO5qyjpvzhlLI5GnID,SZA,Good Days,Top Dawg Entertainment/RCA Records,1,44,90,3334286,US,United States,Q1,2023
42,spotify:track:3cBsEDNhFI9E82vPj3kvi3,Morgan Wallen,Wasted On You,Morgan Wallen,3,40,103,3306125,US,United States,Q1,2023
43,spotify:track:1N8TTK1Uoy7UvQNUazfUt5,ThxSoMch,SPIT IN MY FACE!,Elektra (NEK),43,55,9,3288110,US,United States,Q1,2023
44,spotify:track:0QHEIqNKsMoOY5urbzN48u,Meghan Trainor,Made You Look,Epic,27,33,12,3278892,US,United States,Q1,2023
45,spotify:track:58ge6dfP91o9oXMzq3XkIS,Arctic Monkeys,505,Domino/Warner Records,18,50,104,3253932,US,United States,Q1,2023
46,spotify:track:1eIXYZWEfJO3Na2LCCnIJE,SZA,Love Language,Top Dawg Entertainment/RCA Records,11,43,5,3122879,US,United States,Q1,2023
47,spotify:track:7H0ya83CMmgFcOhw0UB6ow,Beach House,Space Song,Sub Pop Records,47,57,78,3056846,US,United States,Q1,2023
48,spotify:track:65FftemJ1DbbZ45DUfHJXE,NewJeans,OMG,ADOR,48,-1,1,3055766,US,United States,Q1,2023
49,spotify:track:1xzi1Jcr7mEi9K2RfzLOqS,Beyoncé,CUFF IT,Parkwood Entertainment/Columbia,10,31,24,3048316,US,United States,Q1,2023
50,spotify:track:0O6u0VJ46W86TxN9wgyqDj,"Post Malone, Doja Cat",I Like You (A Happier Song) (with Doja Cat),Mercury Records/Republic Records,3,49,32,3047402,US,United States,Q1,2023
1,spotify:track:7aRCf5cLOFN1U7kvtChY1G,Drake,Search & Rescue,OVO/Republic Records,1,-1,1,12899614,US,United States,Q2,2023
2,spotify:track:7K3BhSpAxZBznislvUMVtn,Morgan Wallen,Last Night,Morgan Wallen,1,1,11,12605958,US,United States,Q2,2023
3,spotify:track:1Qrg8KqiBpW07V7PNxwwwL,SZA,Kill Bill,Top Dawg Entertainment/RCA Records,1,2,18,9763757,US,United States,Q2,2023
4,spotify:track:6AQbmUe0Qwf5PZnt4HmTXv,"PinkPantheress, Ice Spice",Boy's a liar Pt. 2,Warner Records,1,3,10,8926532,US,United States,Q2,2023
5,spotify:track:3dnP0JxCgygwQH9Gm7q7nb,"Eslabon Armado, Peso Pluma",Ella Baila Sola,DEL Records,4,4,4,8639034,US,United States,Q2,2023
6,spotify:track:4DHcnVTT87F0zZhRPYmZ3B,Miley Cyrus,Flowers,Columbia,1,6,13,6761198,US,United States,Q2,2023
7,spotify:track:5BmB3OaQyYXCqRyN8iR2Yi,NLE Choppa,SLUT ME OUT,Warner Records,7,10,10,6636861,US,United States,Q2,2023
8,spotify:track:2UW7JaomAMuX9pZrjVpHAU,"Yng Lvcas, Peso Pluma",La Bebe - Remix,WM Mexico,8,16,3,6002766,US,United States,Q2,2023
9,spotify:track:5W4kiM2cUYBJXKRudNyxjW,Morgan Wallen,You Proof,Morgan Wallen,8,8,48,5705777,US,United States,Q2,2023
10,spotify:track:1Lo0QY9cvc8sUB2vnIOxDT,Luke Combs,Fast Car,River House Artists/Columbia Nashville,10,19,3,5436726,US,United States,Q2,2023
11,spotify:track:2dHHgzDwk4BJdRwy9uXhTO,"Metro Boomin, The Weeknd, 21 Savage",Creepin' (with The Weeknd & 21 Savage),Republic Records,1,7,19,5366434,US,United States,Q2,2023
12,spotify:track:0V3wPSX9ygBnCm8psDIegu,Taylor Swift,Anti-Hero,Taylor Swift,1,13,25,5170636,US,United States,Q2,2023
13,spotify:track:6OfOzTitafSnsaunQLuNFw,"Tyler, The Creator",DOGTOOTH,Columbia,5,5,3,5162901,US,United States,Q2,2023
14,spotify:track:3WMj8moIAXJhHsyLaqIIHI,Zach Bryan,Something in the Orange,Warner Records,4,18,51,5035403,US,United States,Q2,2023
15,spotify:track:4FyesJzVpA39hbYvcseO2d,Lil Uzi Vert,Just Wanna Rock,Generation Now/Atlantic,5,11,26,5002442,US,United States,Q2,2023
16,spotify:track:0PAcdVzhPO4gq1Iym9ESnK,Morgan Wallen,Thinkin’ Bout Me,Morgan Wallen,9,17,6,4990903,US,United States,Q2,2023
17,spotify:track:0vjeOZ3Ft5jvAi9SBFJm1j,"Metro Boomin, Future, Chris Brown",Superhero (Heroes & Villains) [with Future & Chris Brown],Republic Records,2,15,19,4929177,US,United States,Q2,2023
18,spotify:track:7FbrGaHYVDmfr7KoLIZnQ7,FIFTY FIFTY,Cupid - Twin Version,SME Korea Inc.,18,43,4,4847067,US,United States,Q2,2023
19,spotify:track:410ZZP746AQeiywhKvXWCo,"Tyler, The Creator",SORRY NOT SORRY,Columbia,9,9,2,4839062,US,United States,Q2,2023
20,spotify:track:2mpoNBkngUEwnaKoBhZ0vl,"Peso Pluma, Natanael Cano",PRC,Prajin Parlay Inc dba Prajin Records / Rancho Humilde / Los CT,20,37,11,4821074,US,United States,Q2,2023
21,spotify:track:1bDbXMyjaUIooNwFE9wn0N,"Drake, 21 Savage",Rich Flex,OVO / Republic Records,1,14,23,4722208,US,United States,Q2,2023
22,spotify:track:1lRtH4FszTrwwlK5gTSbXO,"Natanael Cano, Peso Pluma, Gabito Ballesteros",AMG,WEA Latina,22,34,13,4680421,US,United States,Q2,2023
23,spotify:track:4Dvkj6JhhA12EX05fT7y2e,Harry Styles,As It Was,Columbia,1,21,54,4621303,US,United States,Q2,2023
24,spotify:track:1rXq0uoV4KTgRN64jXzIxo,Morgan Wallen,One Thing At A Time,Morgan Wallen,5,26,19,4532414,US,United States,Q2,2023
25,spotify:track:5odlY52u43F5BjByhxg7wg,JVKE,golden hour,JVKE,8,25,34,4496951,US,United States,Q2,2023
26,spotify:track:2LBqCSwhJGcFQeTHMVGwy3,The Weeknd,Die For You,Universal Republic Records,8,22,109,4436426,US,United States,Q2,2023
27,spotify:track:0JXXNGljqupsJaZsgSbMZV,Miguel,Sure Thing,Jive,10,24,27,4430372,US,United States,Q2,2023
28,spotify:track:68Dni7IE4VyPkTOH9mRWHr,J. Cole,No Role Modelz,Roc Nation Records LLC,10,23,270,4390380,US,United States,Q2,2023
29,spotify:track:4k6Uh1HXdhtusDW5y8Gbvy,Steve Lacy,Bad Habit,L-M Records/RCA Records,1,28,41,4300346,US,United States,Q2,2023
30,spotify:track:0DWdj2oZMBFSzRsi2Cvfzf,"KAROL G, Shakira",TQG,BICHOTA RECORDS / INTERSCOPE RECORDS / UNIVERSAL MUSIC LATINO,6,20,7,4292620,US,United States,Q2,2023
31,spotify:track:4686eQ81DEswHa90bcdlC9,Bailey Zimmerman,Rock and A Hard Place,Warner Records Nashville/Elektra,26,39,44,4278174,US,United States,Q2,2023
32,spotify:track:3cBsEDNhFI9E82vPj3kvi3,Morgan Wallen,Wasted On You,Morgan Wallen,3,41,116,4228643,US,United States,Q2,2023
33,spotify:track:0FA4wrjDJvJTTU8AepZTup,"Lil Uzi Vert, sped up nightcore, ARIZONATEARS",Watch This - ARIZONATEARS Pluggnb Remix,sped up nightcore,10,30,9,4225678,US,United States,Q2,2023
34,spotify:track:0WtM2NBVQNNJLh6scP13H8,"Rema, Selena Gomez",Calm Down (with Selena Gomez),Mavin Records / Jonzing World,27,29,30,4146246,US,United States,Q2,2023
35,spotify:track:4iZ4pt7kvcaH6Yo8UoZ4s2,SZA,Snooze,Top Dawg Entertainment/RCA Records,17,31,18,4120404,US,United States,Q2,2023
36,spotify:track:4W4fNrZYkobj539TOWsLO2,"The Weeknd, Ariana Grande",Die For You (with Ariana Grande) - Remix,XO / Republic Records,3,32,7,4065741,US,United States,Q2,2023
37,spotify:track:6UN73IYd0hZxLi8wFPMQij,Coi Leray,Players,Uptown / Republic Records,23,33,13,4034610,US,United States,Q2,2023
38,spotify:track:5wG3HvLhF6Y5KTGlK0IW3J,"Metro Boomin, Travis Scott, Young Thug",Trance (with Travis Scott & Young Thug),Republic Records,20,36,12,4010227,US,United States,Q2,2023
39,spotify:track:3ZEno9fORwMA1HPecdLi0R,NF,HAPPY,NF Real Music II,39,-1,1,3978014,US,United States,Q2,2023
40,spotify:track:5jQI2r1RdgtuT8S3iG8zFC,Taylor Swift,Lavender Haze,Taylor Swift,2,42,25,3944766,US,United States,Q2,2023
41,spotify:track:1SRw5p2lVAi7RGlHEmZg66,Toosii,Favorite Song,South Coast Music Group/Capitol Records,41,49,7,3853056,US,United States,Q2,2023
42,spotify:track:1xK59OXxi2TAAAbmZK0kBL,d4vd,Romantic Homicide,Darkroom/Interscope Records,3,40,36,3830870,US,United States,Q2,2023
43,spotify:track:4P9Q0GojKVXpRTJCaL3kyy,Taylor Swift,All Of The Girls You Loved Before,Taylor Swift,5,27,4,3794636,US,United States,Q2,2023
44,spotify:track:2L9N0zZnd37dwF0clgxMGI,Lizzy McAlpine,ceilings,Harbour Artists & Music,16,38,12,3720534,US,United States,Q2,2023
45,spotify:track:609E1JCInJncactoMmkDon,"ROSALÍA, Rauw Alejandro",BESO,Columbia Records/Duars Entertainment/Sony Music Latin,35,35,3,3705954,US,United States,Q2,2023
46,spotify:track:3Qu3Zh4WTKhP9GEXo0aDnb,Morgan Wallen,Thought You Should Know,Morgan Wallen,17,45,49,3581852,US,United States,Q2,2023
47,spotify:track:7KA4W4McWYRpgf0fWsJZWB,"Tyler, The Creator, Kali Uchis",See You Again (feat. Kali Uchis),Columbia,28,67,93,3572460,US,United States,Q2,2023
48,spotify:track:3F5CgOj3wFlRv51JsHbxhe,"Drake, 21 Savage",Jimmy Cooks (feat. 21 Savage),OVO,2,46,43,3557036,US,United States,Q2,2023
49,spotify:track:2VzCjpKvPB1l1tqLndtAQa,Peso Pluma,Por Las Noches,Worms Music,49,72,5,3518965,US,United States,Q2,2023
50,spotify:track:1BxfuPKGuaTgP7aM0Bbdwr,Taylor Swift,Cruel Summer,Taylor Swift,4,56,22,3496025,US,United States,Q2,2023
1,spotify:track:3k79jB4aGmMDUQzEwa46Rz,Olivia Rodrigo,vampire,Olivia Rodrigo PS,1,1,2,12798130,US,United States,Q3,2023
2,spotify:track:5kHMfzgLZP95O9NBy0ku4v,Taylor Swift,I Can See You (Taylor’s Version) (From The Vault),Taylor Swift,2,-1,1,12639099,US,United States,Q3,2023
3,spotify:track:7K3BhSpAxZBznislvUMVtn,Morgan Wallen,Last Night,Morgan Wallen,1,2,24,10126070,US,United States,Q3,2023
4,spotify:track:7G0gBu6nLdhFDPRLc0HdDG,Taylor Swift,Mine (Taylor's Version),Taylor Swift,4,-1,1,9682908,US,United States,Q3,2023
5,spotify:track:4rXLjWdF2ZZpXCVTfWcshS,Gunna,fukumean,300 Entertainment,4,6,4,9631732,US,United States,Q3,2023
6,spotify:track:79uDOz0zuuWS7HWxzMmTa2,Taylor Swift,Back To December (Taylor's Version),Taylor Swift,6,-1,1,9578923,US,United States,Q3,2023
7,spotify:track:3sW3oSbzsfecv9XoUdGs7h,Taylor Swift,Enchanted (Taylor's Version),Taylor Swift,7,-1,1,8975856,US,United States,Q3,2023
8,spotify:track:3MytWN8L7shNYzGl4tAKRp,Taylor Swift,Sparks Fly (Taylor’s Version),Taylor Swift,8,-1,1,8812891,US,United States,Q3,2023
9,spotify:track:1BxfuPKGuaTgP7aM0Bbdwr,Taylor Swift,Cruel Summer,Taylor Swift,3,5,35,8812629,US,United States,Q3,2023
10,spotify:track:0NwGC0v03ysCYINtg6ns58,Taylor Swift,Better Than Revenge (Taylor's Version),Taylor Swift,10,-1,1,8402201,US,United States,Q3,2023
11,spotify:track:1zU8j1x3yi9xalMF96pzKp,Taylor Swift,Dear John (Taylor's Version),Taylor Swift,11,-1,1,8338338,US,United States,Q3,2023
12,spotify:track:4ABYxlb92WBIjHu7TIKmml,"Taylor Swift, Hayley Williams",Castles Crumbling (feat. Hayley Williams) (Taylor’s Version) (From The Vault),Taylor Swift,12,-1,1,8111737,US,United States,Q3,2023
13,spotify:track:5xXqyjLicvEpch72qEryFT,Taylor Swift,Speak Now (Taylor's Version),Taylor Swift,13,-1,1,8046122,US,United States,Q3,2023
14,spotify:track:3qQbCzHBycnDpGskqOWY0E,"Eslabon Armado, Peso Pluma",Ella Baila Sola,DEL Records,1,4,17,7741430,US,United States,Q3,2023
15,spotify:track:0zo975x58DlXbZllWvfYhg,Taylor Swift,When Emma Falls in Love (Taylor’s Version) (From The Vault),Taylor Swift,15,-1,1,7684248,US,United States,Q3,2023
16,spotify:track:4e3ZNTAV6PCrdYMUrUlMpQ,"Taylor Swift, Fall Out Boy",Electric Touch (feat. Fall Out Boy) (Taylor’s Version) (From The Vault),Taylor Swift,16,-1,1,7670597,US,United States,Q3,2023
17,spotify:track:4s8BIKx4Zh6ryAEz8RTlaU,Taylor Swift,Foolish One (Taylor’s Version) (From The Vault),Taylor Swift,17,-1,1,7383490,US,United States,Q3,2023
18,spotify:track:30Y4CV7A6YqtQtTTo7Ue4j,Taylor Swift,Mean (Taylor's Version),Taylor Swift,18,-1,1,7363347,US,United States,Q3,2023
19,spotify:track:6dTA6y0C2ReQklntzZl8l3,Taylor Swift,The Story Of Us (Taylor's Version),Taylor Swift,19,-1,1,7224807,US,United States,Q3,2023
20,spotify:track:1Lo0QY9cvc8sUB2vnIOxDT,Luke Combs,Fast Car,River House Artists/Columbia Nashville,4,7,16,6877912,US,United States,Q3,2023
21,spotify:track:1HCdems7PQZRj42QDWLA0A,Taylor Swift,Timeless (Taylor’s Version) (From The Vault),Taylor Swift,21,-1,1,6784524,US,United States,Q3,2023
22,spotify:track:4tMzIAFTFdqGBQLdfbPces,Taylor Swift,Haunted (Taylor's Version),Taylor Swift,22,-1,1,6662604,US,United States,Q3,2023
23,spotify:track:4hqJ4bSlYJOXb6Z4SRmzxs,Taylor Swift,Long Live (Taylor's Version),Taylor Swift,23,-1,1,6250904,US,United States,Q3,2023
24,spotify:track:59KOoHFcw5XfICnO57holu,Taylor Swift,Last Kiss (Taylor's Version),Taylor Swift,24,-1,1,6066793,US,United States,Q3,2023
25,spotify:track:1Qrg8KqiBpW07V7PNxwwwL,SZA,Kill Bill,Top Dawg Entertainment/RCA Records,1,10,31,5892119,US,United States,Q3,2023
26,spotify:track:2EFZ9emtKWEglWUQGEQ3P9,Taylor Swift,Never Grow Up (Taylor's Version),Taylor Swift,26,-1,1,5704787,US,United States,Q3,2023
27,spotify:track:12nBPF4Rh4XLFJV0YLN7uj,Taylor Swift,Innocent (Taylor's Version),Taylor Swift,27,-1,1,5221557,US,United States,Q3,2023
28,spotify:track:5W4kiM2cUYBJXKRudNyxjW,Morgan Wallen,You Proof,Morgan Wallen,8,13,61,5172470,US,United States,Q3,2023
29,spotify:track:6pD0ufEQq0xdHSsRbg9LBK,"Grupo Frontera, Bad Bunny",un x100to,Rimas Entertainment LLC.,2,12,13,5137902,US,United States,Q3,2023
30,spotify:track:7KA4W4McWYRpgf0fWsJZWB,"Tyler, The Creator, Kali Uchis",See You Again (feat. Kali Uchis),Columbia,5,15,106,5110596,US,United States,Q3,2023
31,spotify:track:3yNJkriPzWjkkDAWHIAVUq,Taylor Swift,Ours (Taylor’s Version),Taylor Swift,31,-1,1,5063612,US,United States,Q3,2023
32,spotify:track:5sdQOyqq2IDhvmx2lHOpwd,NewJeans,Super Shy,ADOR,32,-1,1,4997164,US,United States,Q3,2023
33,spotify:track:2UW7JaomAMuX9pZrjVpHAU,"Yng Lvcas, Peso Pluma",La Bebe - Remix,WM Mexico,4,16,16,4893799,US,United States,Q3,2023
34,spotify:track:4daEMLSZCgZ2Mt7gNm2SRa,Lil Uzi Vert,Flooded The Face,Generation Now/Atlantic,3,3,2,4883769,US,United States,Q3,2023
35,spotify:track:7ro0hRteUMfnOioTFI5TG1,Bad Bunny,WHERE SHE GOES,Rimas Entertainment LLC,3,20,8,4816610,US,United States,Q3,2023
36,spotify:track:6T7FXSuXykeGktMLGp8WgE,"Lil Durk, J. Cole",All My Life (feat. J. Cole),Alamo,3,17,9,4715144,US,United States,Q3,2023
37,spotify:track:3WMj8moIAXJhHsyLaqIIHI,Zach Bryan,Something in the Orange,Warner Records,4,25,64,4580371,US,United States,Q3,2023
38,spotify:track:3cBsEDNhFI9E82vPj3kvi3,Morgan Wallen,Wasted On You,Morgan Wallen,3,22,129,4540079,US,United States,Q3,2023
39,spotify:track:7mXuWTczZNxG5EDcjFEuJR,"Peso Pluma, Gabito Ballesteros, Junior H",LADY GAGA,Double P Records,7,14,3,4473785,US,United States,Q3,2023
40,spotify:track:4evLyY5Ue1Wesc61t2KXAU,Taylor Swift,Superman (Taylor’s Version),Taylor Swift,40,-1,1,4468096,US,United States,Q3,2023
41,spotify:track:741UUVE2kuITl0c6zuqqbO,"Nicki Minaj, Ice Spice, Aqua",Barbie World (with Aqua) [From Barbie The Album],Atlantic Records,6,18,3,4400844,US,United States,Q3,2023
42,spotify:track:6AQbmUe0Qwf5PZnt4HmTXv,"PinkPantheress, Ice Spice",Boy's a liar Pt. 2,Warner Records,1,29,23,4378366,US,United States,Q3,2023
43,spotify:track:1UMm1Qs3u59Wvk53zBUE8r,Fuerza Regida,SABOR FRESA,Rancho Humilde/Street Mob Records,16,24,3,4318818,US,United States,Q3,2023
44,spotify:track:1haJsMtoBhHfvuM7XWuT3W,"Junior H, Peso Pluma",El Azul,WEA Latina,21,27,16,4310167,US,United States,Q3,2023
45,spotify:track:368eeEO3Y2uZUQ6S5oIjcu,Fuerza Regida,TQM,Rancho Humilde/Street Mob Records,10,28,8,4231536,US,United States,Q3,2023
46,spotify:track:4Dvkj6JhhA12EX05fT7y2e,Harry Styles,As It Was,Columbia,1,30,67,4216563,US,United States,Q3,2023
47,spotify:track:7aRCf5cLOFN1U7kvtChY1G,Drake,Search & Rescue,OVO/Republic Records,1,42,14,4212623,US,United States,Q3,2023
48,spotify:track:68Dni7IE4VyPkTOH9mRWHr,J. Cole,No Role Modelz,Roc Nation Records LLC,10,35,283,4119733,US,United States,Q3,2023
49,spotify:track:7FbrGaHYVDmfr7KoLIZnQ7,FIFTY FIFTY,Cupid - Twin Version,SME Korea Inc.,7,37,17,4088133,US,United States,Q3,2023
50,spotify:track:4DHcnVTT87F0zZhRPYmZ3B,Miley Cyrus,Flowers,Columbia,1,26,26,4051663,US,United States,Q3,2023
1,spotify:track:2YSzYUF3jWqb9YP9VXmpjE,"Drake, Yeat",IDGAF (feat. Yeat),OVO/Republic,1,-1,1,17861293,US,United States,Q4,2023
2,spotify:track:7aqfrAY2p9BUSiupwk3svU,"Drake, J. Cole",First Person Shooter (feat. J. Cole),OVO/Republic,2,-1,1,17035610,US,United States,Q4,2023
3,spotify:track:3eP13S8D5m2cweMEg3ZDed,Drake,Virginia Beach,OVO/Republic,3,-1,1,13546515,US,United States,Q4,2023
4,spotify:track:2nibvvDdAQkVraYP00z2RS,"Drake, 21 Savage",Calling For You (feat. 21 Savage),OVO/Republic,4,-1,1,10684850,US,United States,Q4,2023
5,spotify:track:0AYt6NMyyLd0rLuvr0UkMH,"Drake, SZA",Slime You Out (feat. SZA),OVO/Republic,1,15,4,10554785,US,United States,Q4,2023
6,spotify:track:4ZT0wGKwlJRjpMUuwZVy3p,Drake,Daylight,OVO/Republic,6,-1,1,9986171,US,United States,Q4,2023
7,spotify:track:56y1jOTK0XSvJzVv9vHQBK,Doja Cat,Paint The Town Red,Kemosabe Records/RCA Records,1,1,10,9860651,US,United States,Q4,2023
8,spotify:track:53KaP77tkliz36LPxWGlWK,Drake,Fear Of Heights,OVO/Republic,8,-1,1,9727376,US,United States,Q4,2023
9,spotify:track:6ZprqcYFC6D9eIZaCoqrSn,"Drake, Bad Bunny",Gently (feat. Bad Bunny),OVO/Republic,9,-1,1,9312449,US,United States,Q4,2023
10,spotify:track:4KULAymBBJcPRpk1yO4dOG,"Zach Bryan, Kacey Musgraves",I Remember Everything (feat. Kacey Musgraves),Warner Records,1,2,7,9118595,US,United States,Q4,2023
11,spotify:track:1yeB8MUNeLo9Ek1UEpsyz6,"Drake, Sexyy Red, SZA",Rich Baby Daddy (feat. Sexyy Red & SZA),OVO/Republic,11,-1,1,8729876,US,United States,Q4,2023
12,spotify:track:0Mrnt1YqVuW2bqmwu4VxDt,"Drake, Teezo Touchdown",Amen (feat. Teezo Touchdown),OVO/Republic,12,-1,1,8699184,US,United States,Q4,2023
13,spotify:track:1GpWY5RiInhezB8wGWs6oN,Drake,7969 Santa,OVO/Republic,13,-1,1,8606486,US,United States,Q4,2023
14,spotify:track:3rUGC1vUpkDG9CZFHMur1t,Tate McRae,greedy,RCA Records Label,4,4,4,8081996,US,United States,Q4,2023
15,spotify:track:0w3Mfe4PIVjuFjJbe3OlYv,Drake,8am in Charlotte,OVO/Republic,15,-1,1,8027668,US,United States,Q4,2023
16,spotify:track:4rXLjWdF2ZZpXCVTfWcshS,Gunna,fukumean,300 Entertainment,1,3,17,7710279,US,United States,Q4,2023
17,spotify:track:3vkCueOmm7xQDoJ17W1Pm3,Mitski,My Love Mine All Mine,Dead Oceans,9,9,4,7501115,US,United States,Q4,2023
18,spotify:track:1DAibqbopEYULPEtE8WHTE,Drake,What Would Pluto Do,OVO/Republic,18,-1,1,7429116,US,United States,Q4,2023
19,spotify:track:3JZjcKImHcmOI9ylL4zrSc,Drake,Bahamas Promises,OVO/Republic,19,-1,1,7386895,US,United States,Q4,2023
20,spotify:track:3IHt4j5uAEl7iBu8Utn985,Drake,Tried Our Best,OVO/Republic,20,-1,1,7297096,US,United States,Q4,2023
21,spotify:track:1BxfuPKGuaTgP7aM0Bbdwr,Taylor Swift,Cruel Summer,Taylor Swift,2,5,48,6924786,US,United States,Q4,2023
22,spotify:track:7K3BhSpAxZBznislvUMVtn,Morgan Wallen,Last Night,Morgan Wallen,1,6,37,6779515,US,United States,Q4,2023
23,spotify:track:1PIgY9ybyFT9uWLM5POYGY,"Drake, Chief Keef",All The Parties (feat. Chief Keef),OVO/Republic,23,-1,1,6566351,US,United States,Q4,2023
24,spotify:track:24FUBxaAYSBlWsbSnEzDcn,"Drake, PARTYNEXTDOOR",Members Only (feat. PARTYNEXTDOOR),OVO/Republic,24,-1,1,6500555,US,United States,Q4,2023
25,spotify:track:17IBDpAl3J39swaoPlfGpp,"Drake, Lil Yachty",Another Late Night (feat. Lil Yachty),OVO/Republic,25,-1,1,6444919,US,United States,Q4,2023
26,spotify:track:03rwnftfgpYVO6QDWOZcG6,Drake,Drew A Picasso,OVO/Republic,26,-1,1,6438605,US,United States,Q4,2023
27,spotify:track:1kuGVB7EU95pJObxwvfwKS,Olivia Rodrigo,vampire,Olivia Rodrigo PS,1,7,15,6036362,US,United States,Q4,2023
28,spotify:track:6wsqVwoiVH2kde4k4KKAFU,Travis Scott,I KNOW ?,Cactus Jack/Epic,3,10,11,5791260,US,United States,Q4,2023
29,spotify:track:3WMj8moIAXJhHsyLaqIIHI,Zach Bryan,Something in the Orange,Warner Records,4,11,77,5594867,US,United States,Q4,2023
30,spotify:track:4IcbUXrAzBtn6iUO1LP471,Drake,Away From Home,OVO/Republic,30,-1,1,5527724,US,United States,Q4,2023
31,spotify:track:3IX0yuEVvDbnqUwMBB3ouC,Olivia Rodrigo,bad idea right?,Olivia Rodrigo PS,1,8,9,5262031,US,United States,Q4,2023
32,spotify:track:5mjYQaktjmjcMKcUIcqz4s,Kenya Grace,Strangers,Warner Records/Major Recordings,17,17,5,5065550,US,United States,Q4,2023
33,spotify:track:4iZ4pt7kvcaH6Yo8UoZ4s2,SZA,Snooze,Top Dawg Entertainment/RCA Records,14,14,44,4947232,US,United States,Q4,2023
34,spotify:track:0mflMxspEfB0VbI1kyLiAv,Noah Kahan,Stick Season,Mercury Records/Republic Records,34,37,50,4891386,US,United States,Q4,2023
35,spotify:track:7mXuWTczZNxG5EDcjFEuJR,"Peso Pluma, Gabito Ballesteros, Junior H",LADY GAGA,Double P Records,7,16,16,4798661,US,United States,Q4,2023
36,spotify:track:1Qrg8KqiBpW07V7PNxwwwL,SZA,Kill Bill,Top Dawg Entertainment/RCA Records,1,18,44,4778689,US,United States,Q4,2023
37,spotify:track:5PyDJG7SQRgWXefgexqIge,Doja Cat,Agora Hills,Kemosabe Records/RCA Records,9,12,3,4775690,US,United States,Q4,2023
38,spotify:track:1mjAD7IYvI5UGiB7WnppMf,Drake,BBL Love - Interlude,OVO/Republic,38,-1,1,4701293,US,United States,Q4,2023
39,spotify:track:3oZZfVvLJuDYc4Vn3A63Fw,Drake,Polar Opposites,OVO/Republic,39,-1,1,4659820,US,United States,Q4,2023
40,spotify:track:0ArVfVP8B5svkfj8clHNzB,Drake,Screw The World - Interlude,OVO/Republic,40,-1,1,4622598,US,United States,Q4,2023
41,spotify:track:5RqSsdzTNPX1uzkmlHCFvK,"KAROL G, Peso Pluma",QLONA,Bichota/Interscope Records,16,19,9,4587074,US,United States,Q4,2023
42,spotify:track:67nepsnrcZkowTxMWigSbb,"Travis Scott, Drake",MELTDOWN (feat. Drake),Cactus Jack/Epic,1,31,11,4576688,US,United States,Q4,2023
43,spotify:track:6rjuKpPydT2SxN15TZpV7r,Lil Tecca,500lbs,Galactic Records/Lil Tecca,22,38,5,4486178,US,United States,Q4,2023
44,spotify:track:68Dni7IE4VyPkTOH9mRWHr,J. Cole,No Role Modelz,Roc Nation Records LLC,10,24,296,4222308,US,United States,Q4,2023
45,spotify:track:3qQbCzHBycnDpGskqOWY0E,"Eslabon Armado, Peso Pluma",Ella Baila Sola,DEL Records,1,26,30,4215925,US,United States,Q4,2023
46,spotify:track:2gyxAWHebV7xPYVxqoi86f,Olivia Rodrigo,get him back!,Olivia Rodrigo PS,4,20,5,4191624,US,United States,Q4,2023
47,spotify:track:7KA4W4McWYRpgf0fWsJZWB,"Tyler, The Creator, Kali Uchis",See You Again (feat. Kali Uchis),Columbia,5,22,119,4180124,US,United States,Q4,2023
48,spotify:track:5W4kiM2cUYBJXKRudNyxjW,Morgan Wallen,You Proof,Morgan Wallen,8,29,74,4101489,US,United States,Q4,2023
49,spotify:track:3xKsf9qdS1CyvXSMEid6g8,Frank Ocean,Pink + White,Boys Don't Cry,30,30,61,4058618,US,United States,Q4,2023
50,spotify:track:01qFKNWq73UfEslI0GvumE,"Jung Kook, Jack Harlow",3D (feat. Jack Harlow),BIGHIT MUSIC,13,13,2,4016558,US,United States,Q4,2023
1,spotify:track:1y5eHXBYiLgNv00KoHXm4o,"Soa Mattrix, Mashudu, Happy Jazzman, Emotionz DJ",Mina Nawe,Soa Music Group,1,3,13,212259,ZA,South Africa,Q1,2023
2,spotify:track:7yJ5UfiXvtePhopnvxyXOV,"Big Nuz, Dj Yamza",Ngeke,Afrotainment,1,1,7,205645,ZA,South Africa,Q1,2023
3,spotify:track:65NAMIdsZkxYIM5ui8SJSw,"K.O, Young Stunna, Blxckie",SETE (feat. Young Stunna & Blxckie),Sound African Recordings,1,2,21,182255,ZA,South Africa,Q1,2023
4,spotify:track:58u8z6ia8GTm9yZlkmtCtV,"Aymos, Ami Faku",Fatela,Lyf Styl Entertainment,4,6,8,176731,ZA,South Africa,Q1,2023
5,spotify:track:0AY3sNqV7qAdAZ8j6TRVBd,"2Point1, Ntate Stunna, Nthabi Sings",Stimela,Penya Play Productions,5,11,3,176025,ZA,South Africa,Q1,2023
6,spotify:track:1Qrg8KqiBpW07V7PNxwwwL,SZA,Kill Bill,Top Dawg Entertainment/RCA Records,6,9,5,169124,ZA,South Africa,Q1,2023
7,spotify:track:4FEi7i9oDxDzcYbx53IHwq,"Kelvin Momo, Babalwa M, Sfarzo Rtee",Sukakude (feat. Sfarzo Rtee),Kelvin Momo Productions,7,19,5,148793,ZA,South Africa,Q1,2023
8,spotify:track:0WtM2NBVQNNJLh6scP13H8,"Rema, Selena Gomez",Calm Down (with Selena Gomez),Mavin Records / Jonzing World,8,16,20,143554,ZA,South Africa,Q1,2023
9,spotify:track:5ZDw1sqZQDlC5aV7ir6kkN,"Myztro, Focalistic, Daliwonga, ShaunMusiq & Ftears","Tobetsa Remake (feat. Focalistic, Daliwonga & ShaunMusiq & Ftears)",New Money Gang Records,5,5,6,143493,ZA,South Africa,Q1,2023
10,spotify:track:2dHHgzDwk4BJdRwy9uXhTO,"Metro Boomin, The Weeknd, 21 Savage",Creepin' (with The Weeknd & 21 Savage),Republic Records,2,17,6,143080,ZA,South Africa,Q1,2023
11,spotify:track:1bDbXMyjaUIooNwFE9wn0N,"Drake, 21 Savage",Rich Flex,OVO / Republic Records,1,12,10,138738,ZA,South Africa,Q1,2023
12,spotify:track:13Z8di7Br7OsZn5GmtesIf,"Pcee, Justin99, EeQue, Mr JazziQ",ZoTata (feat. Mr JazziQ),Sound African Recordings,7,7,5,131857,ZA,South Africa,Q1,2023
13,spotify:track:5IgjP7X4th6nMNDh4akUHb,Chris Brown,Under The Influence,Chris Brown Entertainment/RCA Records,2,18,43,129446,ZA,South Africa,Q1,2023
14,spotify:track:5YbPxJwPfrj7uswNwoF1pJ,Burna Boy,Last Last,Spaceship/ Bad Habit/Atlantic Records,1,13,35,128520,ZA,South Africa,Q1,2023
15,spotify:track:1X1IDV1HeEMqpPkKnt1Srx,"Kelvin Momo, Baby S.O.N, Jay Sax, Nanette",Fool Me (feat. Nanette & Baby S.O.N & Jay Sax),Kelvin Momo Productions,1,15,5,126498,ZA,South Africa,Q1,2023
16,spotify:track:4lOujgdHEUyFThYND4EmlQ,"DJ Maphorisa, Visca, 2woshort, Stompiiey, ShaunMusiq & Ftears, Madumane","Ba Straata (feat. 2woshort, Stompiiey, Shaunmusiq & Ftears & Madumane)",New Money Gang Records,3,4,13,124923,ZA,South Africa,Q1,2023
17,spotify:track:4uUG5RXrOk84mYEfFvj3cK,"David Guetta, Bebe Rexha",I'm Good (Blue),Parlophone UK,8,20,20,117378,ZA,South Africa,Q1,2023
18,spotify:track:3PdO57q0KLWkfWXsXQJlV6,"Mas Musiq, Aymos, Young Stunna",Sengizwile (feat. Aymos & Young Stunna),New Money Gang Records,3,8,36,115335,ZA,South Africa,Q1,2023
19,spotify:track:3nqQXoyQOWXiESFLlDF1hG,"Sam Smith, Kim Petras",Unholy (feat. Kim Petras),Capitol Records UK / EMI,2,21,16,113116,ZA,South Africa,Q1,2023
20,spotify:track:0JXXNGljqupsJaZsgSbMZV,Miguel,Sure Thing,Jive,20,36,106,112940,ZA,South Africa,Q1,2023
21,spotify:track:1xs8bOvm3IzEYmcLJVOc34,Ayra Starr,Rush,Mavin Records,21,30,15,105665,ZA,South Africa,Q1,2023
22,spotify:track:26b3oVLrRUaaybJulow9kz,Libianca,People,5K Records Limited,22,38,4,100322,ZA,South Africa,Q1,2023
23,spotify:track:59nOXPmaKlBfGMDeOVGrIK,"Future, Drake, Tems",WAIT FOR U (feat. Drake & Tems),Epic/Freebandz,1,33,37,93042,ZA,South Africa,Q1,2023
24,spotify:track:4h9wh7iOZ0GGn8QVp4RAOB,OneRepublic,I Ain't Worried,Interscope Records,11,31,31,91701,ZA,South Africa,Q1,2023
25,spotify:track:2nws7wwvjHpP512xuDAn10,"King Monada, CK THE DJ",AYE KUWA (feat. CK THE DJ),Moreki Music,10,10,9,90666,ZA,South Africa,Q1,2023
26,spotify:track:4Dvkj6JhhA12EX05fT7y2e,Harry Styles,As It Was,Columbia,1,29,41,88800,ZA,South Africa,Q1,2023
27,spotify:track:0QHEIqNKsMoOY5urbzN48u,Meghan Trainor,Made You Look,Epic,17,27,12,88175,ZA,South Africa,Q1,2023
28,spotify:track:3BnDvpeuGOj21Ir2aVEtQo,Rema,Calm Down,Mavin Records / Jonzing World,28,37,25,85325,ZA,South Africa,Q1,2023
29,spotify:track:1hsFJ92y0FU2cFOOLkEFVr,"Deep London, Boohle",Hamba Wena,Cycad Wave,5,22,20,82829,ZA,South Africa,Q1,2023
30,spotify:track:2nwXM9eHzj8eQBsuK9osbL,Luxury SA,Crazy Vibez,Luxury SA Entertainment,10,23,20,82436,ZA,South Africa,Q1,2023
31,spotify:track:6sCvvleqKbeyOkQDieBYgp,Rihanna,Lift Me Up - From Black Panther: Wakanda Forever - Music From and Inspired By,Roc Nation/Def Jam/Hollywood,1,39,11,80956,ZA,South Africa,Q1,2023
32,spotify:track:1xzi1Jcr7mEi9K2RfzLOqS,Beyoncé,CUFF IT,Parkwood Entertainment/Columbia,8,25,24,80938,ZA,South Africa,Q1,2023
33,spotify:track:0HaRLPnr887lcQM2YQzkff,"Burna Boy, Ed Sheeran",For My Hand (feat. Ed Sheeran),Spaceship/ Bad Habit/Atlantic Records,11,42,27,80703,ZA,South Africa,Q1,2023
34,spotify:track:2KWbBP2ddjo6t5aMOJeItK,"Myztro, ShaunMusiq & Ftears",Tobetsa,New Money Gang Records,2,14,9,80283,ZA,South Africa,Q1,2023
35,spotify:track:3r4sc1n8kNL2FpebHwaAQE,"Ch'cco, Focalistic, Mellow & Sleazy",Pele Pele,R1+0 CARTEL,10,24,9,79567,ZA,South Africa,Q1,2023
36,spotify:track:4BIGl9cDzyw1znsjRytGLd,"Kelvin Momo, Babalwa M, Chley, MaWhoo",Izono (feat. Mawhoo & Babalwa M & Chley),Kelvin Momo Productions,12,34,5,78207,ZA,South Africa,Q1,2023
37,spotify:track:0V3wPSX9ygBnCm8psDIegu,Taylor Swift,Anti-Hero,Taylor Swift,3,44,12,77726,ZA,South Africa,Q1,2023
38,spotify:track:0vjeOZ3Ft5jvAi9SBFJm1j,"Metro Boomin, Future, Chris Brown",Superhero (Heroes & Villains) [with Future & Chris Brown],Republic Records,10,56,6,76503,ZA,South Africa,Q1,2023
39,spotify:track:1ULFJZX54HXXjSTMx63dk0,"Kabza De Small, Msaki",Khusela (feat. Msaki),Piano Hub,5,32,33,71886,ZA,South Africa,Q1,2023
40,spotify:track:02MWAaffLxlfxAUY7c5dvx,Glass Animals,Heat Waves,Polydor Records,5,41,106,71158,ZA,South Africa,Q1,2023
41,spotify:track:5uWDenxq03AYLOq83WzLNo,"Kabza De Small, Young Stunna, Nobuhle, Ze2","Xola (feat. Nobuhle, Ze2 & Young Stunna)",Piano Hub,7,28,30,70687,ZA,South Africa,Q1,2023
42,spotify:track:5Y35SjAfXjjG0sFQ3KOxmm,SZA,Nobody Gets Me,Top Dawg Entertainment/RCA Records,20,53,5,70253,ZA,South Africa,Q1,2023
43,spotify:track:4FyesJzVpA39hbYvcseO2d,Lil Uzi Vert,Just Wanna Rock,Generation Now/Atlantic,33,55,12,69516,ZA,South Africa,Q1,2023
44,spotify:track:6PqdJb18ssWDcROvnsEqy6,"AKA, Nasty C",Lemons (Lemonade),Sound African Recordings,2,43,17,68705,ZA,South Africa,Q1,2023
45,spotify:track:3VBwoaePYGdOmG1YHgGOHi,"Ice Beats Slide, Sbuda Maleather, 2woBunnies",JAGERMEISTER,Kreativekornerr,45,-1,1,67979,ZA,South Africa,Q1,2023
46,spotify:track:4iZ4pt7kvcaH6Yo8UoZ4s2,SZA,Snooze,Top Dawg Entertainment/RCA Records,37,102,5,67774,ZA,South Africa,Q1,2023
47,spotify:track:7noQJdn8w9TT9FagQy5KsP,"MacG, Sir Trill, Bailey RSA, EmjayKeyz",Nkantin,M2N Services,11,26,16,67756,ZA,South Africa,Q1,2023
48,spotify:track:2LBqCSwhJGcFQeTHMVGwy3,The Weeknd,Die For You,Universal Republic Records,35,63,35,66904,ZA,South Africa,Q1,2023
49,spotify:track:45O5O0Ppp8cpbPFymxS9L8,"Sam Deep, MaWhoo",Thokoza,Universal Music (Pty) Ltd.,20,40,21,66455,ZA,South Africa,Q1,2023
50,spotify:track:3uUuGVFu1V7jTQL60S1r8z,"Lost Frequencies, Calum Scott",Where Are You Now,Epic Amsterdam,13,47,73,66294,ZA,South Africa,Q1,2023
1,spotify:track:7cICJP7hsjo6e7JZgvNLiO,"Inkabi Zezwe, Sjava, Big Zulu",Umbayimbayi,Warner Music Africa,1,1,3,408096,ZA,South Africa,Q2,2023
2,spotify:track:4k5FlWz3dfhyQzmRpVPZsW,"Lady Amar, JL SA, Cici, Murumba Pitch",Hamba Juba,Lea Records,2,9,8,273129,ZA,South Africa,Q2,2023
3,spotify:track:0AY3sNqV7qAdAZ8j6TRVBd,"2Point1, Ntate Stunna, Nthabi Sings",Stimela,Penya Play Productions,1,2,16,271949,ZA,South Africa,Q2,2023
4,spotify:track:2qp7rTcFVz67fz88JSnbkU,"Uncle Waffles, Tony Duardo, Justin99, Pcee, EeQue, Chley","Yahyuppiyah (feat. Justin99, Pcee, EeQue, & Chley)",Encore Recordings,3,3,2,243372,ZA,South Africa,Q2,2023
5,spotify:track:7aRCf5cLOFN1U7kvtChY1G,Drake,Search & Rescue,OVO/Republic Records,5,-1,1,236872,ZA,South Africa,Q2,2023
6,spotify:track:1y5eHXBYiLgNv00KoHXm4o,"Soa Mattrix, Mashudu, Happy Jazzman, Emotionz DJ",Mina Nawe,Soa Music Group,1,4,26,220140,ZA,South Africa,Q2,2023
7,spotify:track:1SB1UdyYs3DMyzHVxZg0QE,"ShaunMusiq & Ftears, Xduppy, Myztro, Mellow & Sleazy, QuayR Musiq, Matute Boy","Bhebha (feat. Myztro, Mellow & Sleazy, QuayR Musiq & Matuteboy)",Sound African Recordings,3,5,5,219274,ZA,South Africa,Q2,2023
8,spotify:track:4aAxUQUNTtBhDgDcyCfXUu,"Pcee, Sgija'Disciples, Zan'Ten, Justin99, Mema_Percent, Mr JazziQ","Kilimanjaro (feat. Justin99, Mema_Percent & Mr JazziQ)",Sound African Recordings,3,6,8,200199,ZA,South Africa,Q2,2023
9,spotify:track:51fIDcNGiIp7pxHCCN5QaL,"Tyler ICU, Khanyisa, Tumelo_za, Tyrone Dee","NGIMOJA (feat. Khanyisa, Tumelo_za & Tyrondee)",New Money Gang Records,1,7,8,197519,ZA,South Africa,Q2,2023
10,spotify:track:58u8z6ia8GTm9yZlkmtCtV,"Aymos, Ami Faku",Fatela,Lyf Styl Entertainment,3,8,21,195604,ZA,South Africa,Q2,2023
11,spotify:track:26b3oVLrRUaaybJulow9kz,Libianca,People,5K Records Limited,5,10,17,182502,ZA,South Africa,Q2,2023
12,spotify:track:3x3aen8g82ZErdMyGBuHNN,"Loatinover Pounds, 25K, Thapelo Ghutra",Sosh Plata - Remix,Punyete Premier League,12,14,7,179476,ZA,South Africa,Q2,2023
13,spotify:track:7iTTWHbr4tAlsRJN4m4bay,Lil Yachty,Strike (Holster),Quality Control Music/Motown Records,13,-1,1,178398,ZA,South Africa,Q2,2023
14,spotify:track:1xs8bOvm3IzEYmcLJVOc34,Ayra Starr,Rush,Mavin Records,7,12,28,168038,ZA,South Africa,Q2,2023
15,spotify:track:3Pv1NcASIE987vF8t1VWVu,Lwah Ndlunkulu,Ngiyeza,Nkabi Records,8,11,12,152551,ZA,South Africa,Q2,2023
16,spotify:track:4FEi7i9oDxDzcYbx53IHwq,"Kelvin Momo, Babalwa M, Sfarzo Rtee",Sukakude (feat. Sfarzo Rtee),Kelvin Momo Productions,7,13,18,151150,ZA,South Africa,Q2,2023
17,spotify:track:0WtM2NBVQNNJLh6scP13H8,"Rema, Selena Gomez",Calm Down (with Selena Gomez),Mavin Records / Jonzing World,7,16,33,145964,ZA,South Africa,Q2,2023
18,spotify:track:1nYOtsnFaAUQOZndulgzNb,"AKA, KDDO",Company,Sound African Recordings,1,15,8,141197,ZA,South Africa,Q2,2023
19,spotify:track:4DHcnVTT87F0zZhRPYmZ3B,Miley Cyrus,Flowers,Columbia,1,17,13,136770,ZA,South Africa,Q2,2023
20,spotify:track:3PdO57q0KLWkfWXsXQJlV6,"Mas Musiq, Aymos, Young Stunna",Sengizwile (feat. Aymos & Young Stunna),New Money Gang Records,3,18,49,128653,ZA,South Africa,Q2,2023
21,spotify:track:0JXXNGljqupsJaZsgSbMZV,Miguel,Sure Thing,Jive,13,20,119,127411,ZA,South Africa,Q2,2023
22,spotify:track:5SjrCoaMIUauMrOZG2CUnq,"Sam Deep, Eemoh, Da Muziqal Chef",iMpumelelo,Universal Music (Pty) Ltd.,19,19,5,123400,ZA,South Africa,Q2,2023
23,spotify:track:1Qrg8KqiBpW07V7PNxwwwL,SZA,Kill Bill,Top Dawg Entertainment/RCA Records,5,23,18,123322,ZA,South Africa,Q2,2023
24,spotify:track:65NAMIdsZkxYIM5ui8SJSw,"K.O, Young Stunna, Blxckie",SETE (feat. Young Stunna & Blxckie),Sound African Recordings,1,22,34,122310,ZA,South Africa,Q2,2023
25,spotify:track:4iZ4pt7kvcaH6Yo8UoZ4s2,SZA,Snooze,Top Dawg Entertainment/RCA Records,12,24,18,121804,ZA,South Africa,Q2,2023
26,spotify:track:2KFvgMxMBv0YtTN5hMRncj,"Mellow & Sleazy, Tman Xpress, Keynote",Kwelinye (feat. Keynote),Sound African Recordings,26,27,6,119900,ZA,South Africa,Q2,2023
27,spotify:track:7wcjeveluiW5djtxLCxNSx,"Spirit Of Praise, Mpumi Mtsweni",Thath'Indawo (Live),Spirit Music,26,35,7,114193,ZA,South Africa,Q2,2023
28,spotify:track:6AQbmUe0Qwf5PZnt4HmTXv,"PinkPantheress, Ice Spice",Boy's a liar Pt. 2,Warner Records,10,21,10,111615,ZA,South Africa,Q2,2023
29,spotify:track:4VrYIDyFUN4IYU3wtjbF8p,"DJ Maphorisa, Visca, Da Muziqal Chef, MaWhoo, Kabza De Small","Shona Kwelanga (feat. Mawhoo, Da Muziqal Chef & Kabza De Small)",New Money Gang Records,27,29,22,111538,ZA,South Africa,Q2,2023
30,spotify:track:5YbPxJwPfrj7uswNwoF1pJ,Burna Boy,Last Last,Spaceship/ Bad Habit/Atlantic Records,1,30,48,111052,ZA,South Africa,Q2,2023
31,spotify:track:5IgjP7X4th6nMNDh4akUHb,Chris Brown,Under The Influence,Chris Brown Entertainment/RCA Records,2,34,56,108573,ZA,South Africa,Q2,2023
32,spotify:track:5ZDw1sqZQDlC5aV7ir6kkN,"Myztro, Focalistic, Daliwonga, ShaunMusiq & Ftears","Tobetsa Remake (feat. Focalistic, Daliwonga & ShaunMusiq & Ftears)",New Money Gang Records,5,32,19,108300,ZA,South Africa,Q2,2023
33,spotify:track:2THbHmoRIjbGQgP0HylMbx,"AKA, Nasty C",Lemons (Lemonade),Sound African Recordings,2,26,30,107989,ZA,South Africa,Q2,2023
34,spotify:track:13Z8di7Br7OsZn5GmtesIf,"Pcee, Justin99, EeQue, Mr JazziQ",ZoTata (feat. Mr JazziQ),Sound African Recordings,7,28,18,107915,ZA,South Africa,Q2,2023
35,spotify:track:3urA5lEgMH3LjMp6L9recf,"Officixl RSA, Mid9t, Benzoo, Papiino SA, De-papzo",Yah Yah Yah - Remix,Clava Entertainment,19,25,13,105777,ZA,South Africa,Q2,2023
36,spotify:track:2dHHgzDwk4BJdRwy9uXhTO,"Metro Boomin, The Weeknd, 21 Savage",Creepin' (with The Weeknd & 21 Savage),Republic Records,2,33,19,105636,ZA,South Africa,Q2,2023
37,spotify:track:3VBwoaePYGdOmG1YHgGOHi,"Ice Beats Slide, Sbuda Maleather, 2woBunnies",JAGERMEISTER,Kreativekornerr,14,31,14,104658,ZA,South Africa,Q2,2023
38,spotify:track:5m6AedvemL6Oz8GVwAOTF3,"Mas Musiq, Daliwonga, DJ Maphorisa, Kabza De Small",Gangnam Style (feat. DJ Maphorisa & Kabza De Small),New Money Gang Records,38,-1,1,96636,ZA,South Africa,Q2,2023
39,spotify:track:2DTnuVhrGnLcmgutAW4vb1,"Lwah Ndlunkulu, Siya Ntuli",Ithuba,Nkabi Records,33,37,34,95585,ZA,South Africa,Q2,2023
40,spotify:track:5U6zQqXCVZokE7UH4kdAB1,"MÖRDA, Oscar Mbo, Murumba Pitch",Mohigan Sun,Asante Music (PTY)Ltd,40,42,9,95262,ZA,South Africa,Q2,2023
41,spotify:track:7yJ5UfiXvtePhopnvxyXOV,"Big Nuz, Dj Yamza",Ngeke,Afrotainment,1,36,20,95139,ZA,South Africa,Q2,2023
42,spotify:track:3IKb9dsBhceDuKzxvJQdpu,"Mellow & Sleazy, Tman Xpress, SjavasDaDeejay, TitoM",Amasango (feat. Sjavas Da Deejay & TitoM),Sound African Recordings,38,39,16,92867,ZA,South Africa,Q2,2023
43,spotify:track:59nOXPmaKlBfGMDeOVGrIK,"Future, Drake, Tems",WAIT FOR U (feat. Drake & Tems),Epic/Freebandz,1,38,50,91585,ZA,South Africa,Q2,2023
44,spotify:track:2gO1rty4jBXQaP7jSuVIh2,"Sjava, Qwabe Twins, Mzukulu",Isoka,1020 Cartel,7,43,11,91128,ZA,South Africa,Q2,2023
45,spotify:track:1vBqDhQhSlwr8rgIWTpCWT,"Pcee, Mr JazziQ, Zan'Ten, papi_sa",Johnny ke Johnny (feat. Papi_SA),Sound African Recordings,45,56,3,90403,ZA,South Africa,Q2,2023
46,spotify:track:1bDbXMyjaUIooNwFE9wn0N,"Drake, 21 Savage",Rich Flex,OVO / Republic Records,1,40,23,89813,ZA,South Africa,Q2,2023
47,spotify:track:6MqItn0BCv0z0jYJymAmKN,King Monada,LEMENEMENE,Moreki Music,47,55,2,86456,ZA,South Africa,Q2,2023
48,spotify:track:0HaRLPnr887lcQM2YQzkff,"Burna Boy, Ed Sheeran",For My Hand (feat. Ed Sheeran),Spaceship/ Bad Habit/Atlantic Records,11,44,40,86034,ZA,South Africa,Q2,2023
49,spotify:track:4iuNZTcvT9diFySSzVsnVS,Fantasia,When I See U,J Records,47,47,153,84690,ZA,South Africa,Q2,2023
50,spotify:track:4hDjmMljGvNZuYUXw1HWw3,"Murumba Pitch, Omit ST, Dinky Kunene, Soa Mattrix, Buhle Sax",Wena Dali,Murumba Pitch,50,76,4,83915,ZA,South Africa,Q2,2023
1,spotify:track:5tpft20jhQvRlG3O7XfwWy,"Tyler ICU, Tumelo_za, DJ Maphorisa, Nandipha808, Ceeka RSA, Tyrone Dee","Mnike (feat. DJ Maphorisa, Nandipha808, Ceeka RSA & Tyron Dee)",New Money Gang Records,1,1,11,596993,ZA,South Africa,Q3,2023
2,spotify:track:0XSYoJ0MJpMB2tddyRcBEC,"De Mthuda, Da Muziqal Chef, Eemoh",Sgudi Snyc,Universal Music (Pty) Ltd.,2,3,8,389999,ZA,South Africa,Q3,2023
3,spotify:track:1CrwpdodnkXcjPSrg8kw9g,"Mas Musiq, Daliwonga, DJ Maphorisa, Kabza De Small",Gangnam Style (feat. DJ Maphorisa & Kabza De Small),New Money Gang Records,2,2,14,314694,ZA,South Africa,Q3,2023
4,spotify:track:2FDTHlrBguDzQkp7PVj16Q,"Dave, Central Cee",Sprinter,Neighbourhood / Live Yours,4,6,6,277364,ZA,South Africa,Q3,2023
5,spotify:track:4k5FlWz3dfhyQzmRpVPZsW,"Lady Amar, JL SA, Cici, Murumba Pitch",Hamba Juba,Lea Records,1,5,21,263274,ZA,South Africa,Q3,2023
6,spotify:track:4rXLjWdF2ZZpXCVTfWcshS,Gunna,fukumean,300 Entertainment,6,8,4,242981,ZA,South Africa,Q3,2023
7,spotify:track:3js04Z5R4L1ZvtLPopSG8l,"Myztro, Daliwonga, Xduppy, ShaunMusiq & Ftears",Kunkra (feat. Xduppy & ShaunMusiq & Ftears),New Money Gang Records,4,4,4,237465,ZA,South Africa,Q3,2023
8,spotify:track:5SjrCoaMIUauMrOZG2CUnq,"Sam Deep, Eemoh, Da Muziqal Chef",iMpumelelo,Universal Music (Pty) Ltd.,8,9,18,237318,ZA,South Africa,Q3,2023
9,spotify:track:7ko9EAsZ2N1ZpEBlMUkR3J,"Kabza De Small, DJ Maphorisa, Njelic, Young Stunna, Nkosazana Daughter, Xolani Guitar","Nana Thula (feat. Njelic, Young Stunna, Nkosazana Daughter & Xolani Guitar)",Piano Hub,6,7,8,201618,ZA,South Africa,Q3,2023
10,spotify:track:6T7FXSuXykeGktMLGp8WgE,"Lil Durk, J. Cole",All My Life (feat. J. Cole),Alamo,2,10,9,181666,ZA,South Africa,Q3,2023
11,spotify:track:4J1H4EuucGhhYfcPpYCBRr,"DJ Stokie, Zee_nhle, Omit ST, Sobzeen",Awukhuzeki,Universal Music (Pty) Ltd.,11,45,4,174295,ZA,South Africa,Q3,2023
12,spotify:track:1y5eHXBYiLgNv00KoHXm4o,"Soa Mattrix, Mashudu, Happy Jazzman, Emotionz DJ",Mina Nawe,Soa Music Group,1,11,39,160648,ZA,South Africa,Q3,2023
13,spotify:track:0AY3sNqV7qAdAZ8j6TRVBd,"2Point1, Ntate Stunna, Nthabi Sings",Stimela,Penya Play Productions,1,13,29,156294,ZA,South Africa,Q3,2023
14,spotify:track:6s1k8Ry40znPtEb9ijOlnw,Kaylow,24 Hours,Kaylow Publishing,2,12,6,153418,ZA,South Africa,Q3,2023
15,spotify:track:1bmZLmDu9jkzwHInzPsYLD,"Inkabi Zezwe, Sjava, Big Zulu",Umbayimbayi,Warner Music Africa,1,16,16,152621,ZA,South Africa,Q3,2023
16,spotify:track:1SB1UdyYs3DMyzHVxZg0QE,"ShaunMusiq & Ftears, Xduppy, Myztro, Mellow & Sleazy, QuayR Musiq, Matute Boy","Bhebha (feat. Myztro, Mellow & Sleazy, QuayR Musiq & Matuteboy)",Sound African Recordings,3,14,18,145841,ZA,South Africa,Q3,2023
17,spotify:track:37ISMEYWqhRHcPEitHn8Er,"uLazi, Infinity MusiQ",yey,Mguzuguzu Records,15,17,15,143535,ZA,South Africa,Q3,2023
18,spotify:track:1nWA9Vtg9EW4i4Lr2YVsJJ,"Busta 929, Pcee",Uyavala,Umsebenzi Wethu Records,15,15,3,141707,ZA,South Africa,Q3,2023
19,spotify:track:51fIDcNGiIp7pxHCCN5QaL,"Tyler ICU, Khanyisa, Tumelo_za, Tyrone Dee","NGIMOJA (feat. Khanyisa, Tumelo_za & Tyrondee)",New Money Gang Records,1,19,21,140334,ZA,South Africa,Q3,2023
20,spotify:track:1eb2pZlRqGLndvOj8MHaTD,"Khanyisa, Tyler ICU, Ceeka RSA, Nandipha808","SUKA (feat. Nandipha808, Ceeka RSA)",Superstar Studios,10,18,5,138162,ZA,South Africa,Q3,2023
21,spotify:track:26b3oVLrRUaaybJulow9kz,Libianca,People,5K Records Limited,5,21,30,131946,ZA,South Africa,Q3,2023
22,spotify:track:3HCs7v1ac2ReqcUlTs7YVm,"Mellow & Sleazy, Tman Xpress, Keynote",Kwelinye (feat. Keynote),Sound African Recordings,12,20,19,128760,ZA,South Africa,Q3,2023
23,spotify:track:4FEi7i9oDxDzcYbx53IHwq,"Kelvin Momo, Babalwa M, Sfarzo Rtee",Sukakude (feat. Sfarzo Rtee),Kelvin Momo Productions,7,25,31,124804,ZA,South Africa,Q3,2023
24,spotify:track:58u8z6ia8GTm9yZlkmtCtV,"Aymos, Ami Faku",Fatela,Lyf Styl Entertainment,3,24,34,120511,ZA,South Africa,Q3,2023
25,spotify:track:1xs8bOvm3IzEYmcLJVOc34,Ayra Starr,Rush,Mavin Records,7,27,41,119747,ZA,South Africa,Q3,2023
26,spotify:track:1s7oOCT8vauUh01PbJD6ps,"Rema, Selena Gomez",Calm Down (with Selena Gomez),Mavin Records / Jonzing World,7,29,46,118691,ZA,South Africa,Q3,2023
27,spotify:track:2qp7rTcFVz67fz88JSnbkU,"Uncle Waffles, Tony Duardo, Justin99, Pcee, EeQue, Chley","Yahyuppiyah (feat. Justin99, Pcee, EeQue, & Chley)",Encore Recordings,3,26,15,116696,ZA,South Africa,Q3,2023
28,spotify:track:26rx4ek7zk05Q9wEUbN1NF,"Myztro, Xduppy, ShaunMusiq & Ftears",Myztro Ah Ah (feat. Xduppy & ShaunMusiq & Ftears),New Money Gang Records,13,22,9,113563,ZA,South Africa,Q3,2023
29,spotify:track:4iZ4pt7kvcaH6Yo8UoZ4s2,SZA,Snooze,Top Dawg Entertainment/RCA Records,12,35,31,111801,ZA,South Africa,Q3,2023
30,spotify:track:183zjMwtPbSQjsE71Yrfoo,"Focalistic, Eeque, Thama Tee",Khekheleza (Dlala Dlala) [feat. Thama Tee & Eeque],18 Area Holdings,17,30,4,111533,ZA,South Africa,Q3,2023
31,spotify:track:0JXXNGljqupsJaZsgSbMZV,Miguel,Sure Thing,Jive,13,34,132,109493,ZA,South Africa,Q3,2023
32,spotify:track:4hDjmMljGvNZuYUXw1HWw3,"Murumba Pitch, Omit ST, Dinky Kunene, Soa Mattrix, Buhle Sax",Wena Dali,Murumba Pitch,19,31,17,108527,ZA,South Africa,Q3,2023
33,spotify:track:3x3aen8g82ZErdMyGBuHNN,"Loatinover Pounds, 25K, Thapelo Ghutra",Sosh Plata - Remix,Punyete Premier League,12,32,20,105495,ZA,South Africa,Q3,2023
34,spotify:track:2f86Ae3R4OKAu1lEIqouih,"Summer Walker, J. Cole","To Summer, From Cole - Audio Hug",LVRN/Interscope Records,12,33,8,104355,ZA,South Africa,Q3,2023
35,spotify:track:30KX5p3u1xN8TF83eGY0bQ,"Sykes, Skillz, Rudeboyz",Sisekakeni Babies (feat. Skillz & RudeBoyz),Emazulwini Productions,28,28,2,103420,ZA,South Africa,Q3,2023
36,spotify:track:3PdO57q0KLWkfWXsXQJlV6,"Mas Musiq, Aymos, Young Stunna",Sengizwile (feat. Aymos & Young Stunna),New Money Gang Records,3,36,62,101304,ZA,South Africa,Q3,2023
37,spotify:track:59nOXPmaKlBfGMDeOVGrIK,"Future, Drake, Tems",WAIT FOR U (feat. Drake & Tems),Epic/Freebandz,1,43,63,100732,ZA,South Africa,Q3,2023
38,spotify:track:3Pv1NcASIE987vF8t1VWVu,Lwah Ndlunkulu,Ngiyeza,Nkabi Records,8,38,25,98864,ZA,South Africa,Q3,2023
39,spotify:track:6WzRpISELf3YglGAh7TXcG,"The Weeknd, Playboi Carti, Madonna",Popular (with Playboi Carti & Madonna) - From The Idol Vol. 1 (Music from the HBO Original Series),XO / Republic Records,39,59,6,97589,ZA,South Africa,Q3,2023
40,spotify:track:1odExI7RdWc4BT515LTAwj,David Kushner,Daylight,Miserable Music Group,18,46,13,97344,ZA,South Africa,Q3,2023
41,spotify:track:741UUVE2kuITl0c6zuqqbO,"Nicki Minaj, Ice Spice, Aqua",Barbie World (with Aqua) [From Barbie The Album],Atlantic Records,21,41,3,96691,ZA,South Africa,Q3,2023
42,spotify:track:4VrYIDyFUN4IYU3wtjbF8p,"DJ Maphorisa, Visca, Da Muziqal Chef, MaWhoo, Kabza De Small","Shona Kwelanga (feat. Mawhoo, Da Muziqal Chef & Kabza De Small)",New Money Gang Records,19,42,35,95426,ZA,South Africa,Q3,2023
43,spotify:track:68Dni7IE4VyPkTOH9mRWHr,J. Cole,No Role Modelz,Roc Nation Records LLC,39,44,143,95228,ZA,South Africa,Q3,2023
44,spotify:track:5YbPxJwPfrj7uswNwoF1pJ,Burna Boy,Last Last,Spaceship/ Bad Habit/Atlantic Records,1,49,61,94871,ZA,South Africa,Q3,2023
45,spotify:track:3k79jB4aGmMDUQzEwa46Rz,Olivia Rodrigo,vampire,Olivia Rodrigo PS,37,37,2,93608,ZA,South Africa,Q3,2023
46,spotify:track:7wcjeveluiW5djtxLCxNSx,"Spirit Of Praise, Mpumi Mtsweni",Thath'Indawo (Live),Spirit Music,23,51,20,93220,ZA,South Africa,Q3,2023
47,spotify:track:4HrTGHLIffBYPFan9QaAjg,"Pabi Cooper, Yumbs, MaWhoo, Nkosazana Daughter",Dali Wam (feat. Nkosazana Daughter),Cooper Entertainment,18,39,8,92690,ZA,South Africa,Q3,2023
48,spotify:track:4iuNZTcvT9diFySSzVsnVS,Fantasia,When I See U,J Records,39,48,166,92124,ZA,South Africa,Q3,2023
49,spotify:track:2dHHgzDwk4BJdRwy9uXhTO,"Metro Boomin, The Weeknd, 21 Savage",Creepin' (with The Weeknd & 21 Savage),Republic Records,2,50,32,91492,ZA,South Africa,Q3,2023
50,spotify:track:0Wa6EyiyMpByx1vmufeSc0,"Elvirgo, Chicco, TallexQ",Malume (Nta Swi Byela Mani Revisit),Gallo Record Company,50,60,4,90173,ZA,South Africa,Q3,2023
1,spotify:track:5yyYL1FpimADTIftYQU0cg,"Dlala Thukzin, Zaba, Sykes",iPlan,Dlala Records (PTY) Ltd,1,2,4,633720,ZA,South Africa,Q4,2023
2,spotify:track:5C9h6ZyskUiyAVDmhSfSdP,"Mellow & Sleazy, SjavasDaDeejay, TitoM, Tman Xpress",Imnandi lento (feat. Tman Xpress),Sound African Recordings,1,1,8,610794,ZA,South Africa,Q4,2023
3,spotify:track:7aqfrAY2p9BUSiupwk3svU,"Drake, J. Cole",First Person Shooter (feat. J. Cole),OVO/Republic,3,-1,1,509119,ZA,South Africa,Q4,2023
4,spotify:track:3eP13S8D5m2cweMEg3ZDed,Drake,Virginia Beach,OVO/Republic,4,-1,1,437010,ZA,South Africa,Q4,2023
5,spotify:track:2YSzYUF3jWqb9YP9VXmpjE,"Drake, Yeat",IDGAF (feat. Yeat),OVO/Republic,5,-1,1,426252,ZA,South Africa,Q4,2023
6,spotify:track:4J1H4EuucGhhYfcPpYCBRr,"DJ Stokie, Zee_nhle, Omit ST, Sobzeen",Awukhuzeki,Universal Music (Pty) Ltd.,1,3,17,401532,ZA,South Africa,Q4,2023
7,spotify:track:0AYt6NMyyLd0rLuvr0UkMH,"Drake, SZA",Slime You Out (feat. SZA),OVO/Republic,4,28,4,349693,ZA,South Africa,Q4,2023
8,spotify:track:2nibvvDdAQkVraYP00z2RS,"Drake, 21 Savage",Calling For You (feat. 21 Savage),OVO/Republic,8,-1,1,343284,ZA,South Africa,Q4,2023
9,spotify:track:0Mrnt1YqVuW2bqmwu4VxDt,"Drake, Teezo Touchdown",Amen (feat. Teezo Touchdown),OVO/Republic,9,-1,1,304895,ZA,South Africa,Q4,2023
10,spotify:track:5tpft20jhQvRlG3O7XfwWy,"Tyler ICU, Tumelo_za, DJ Maphorisa, Nandipha808, Ceeka RSA, Tyrone Dee","Mnike (feat. DJ Maphorisa, Nandipha808, Ceeka RSA & Tyron Dee)",New Money Gang Records,1,4,24,304878,ZA,South Africa,Q4,2023
11,spotify:track:4ZT0wGKwlJRjpMUuwZVy3p,Drake,Daylight,OVO/Republic,11,-1,1,288121,ZA,South Africa,Q4,2023
12,spotify:track:53KaP77tkliz36LPxWGlWK,Drake,Fear Of Heights,OVO/Republic,12,-1,1,287599,ZA,South Africa,Q4,2023
13,spotify:track:0w3Mfe4PIVjuFjJbe3OlYv,Drake,8am in Charlotte,OVO/Republic,13,-1,1,280498,ZA,South Africa,Q4,2023
14,spotify:track:5R9zmvswQj0SRJ1XM0yTzU,Killorbeezbeatz,Ngilele E Hotel,Killorbeez Records,6,6,6,271697,ZA,South Africa,Q4,2023
15,spotify:track:34tsYM5Z3g9dvrwLjQKDtr,"Sam Deep, Njelic, Aymos",Isgubhu,Universal Music (Pty) Ltd.,8,8,6,266428,ZA,South Africa,Q4,2023
16,spotify:track:7JbLSEDlRdoJaXk5ddZae2,"Mthandeni SK, Lwah Ndlunkulu",Paris,Mthandeni Music Production,10,10,9,259209,ZA,South Africa,Q4,2023
17,spotify:track:1NQCinyxiglxekxXVPEhnC,"Uncle Waffles, Ice Beats Slide, Sbuda Maleather",Peacock Revisit (feat. Ice Beats Slide & Sbuda Maleather),KO-SIGN PTY LTD.,3,5,9,256562,ZA,South Africa,Q4,2023
18,spotify:track:1GpWY5RiInhezB8wGWs6oN,Drake,7969 Santa,OVO/Republic,18,-1,1,252541,ZA,South Africa,Q4,2023
19,spotify:track:3JZjcKImHcmOI9ylL4zrSc,Drake,Bahamas Promises,OVO/Republic,19,-1,1,248602,ZA,South Africa,Q4,2023
20,spotify:track:5aIVCx5tnk0ntmdiinnYvw,Tyla,Water,FAX Records/Epic,14,14,6,239379,ZA,South Africa,Q4,2023
21,spotify:track:5l4S6LVL1AQfZC01pypXl6,"Megadrumz, Lady Du",Tjina,Open Mic Productions,9,9,4,234143,ZA,South Africa,Q4,2023
22,spotify:track:3pImmSzeKex5ffzsDoaL3z,"Bassie, Aymos, T-Man SA",Izenzo,Djs Production Pty Ltd,16,16,7,231153,ZA,South Africa,Q4,2023
23,spotify:track:0XSYoJ0MJpMB2tddyRcBEC,"De Mthuda, Da Muziqal Chef, Eemoh",Sgudi Snyc,Universal Music (Pty) Ltd.,2,7,21,226520,ZA,South Africa,Q4,2023
24,spotify:track:3IHt4j5uAEl7iBu8Utn985,Drake,Tried Our Best,OVO/Republic,24,-1,1,225521,ZA,South Africa,Q4,2023
25,spotify:track:24FUBxaAYSBlWsbSnEzDcn,"Drake, PARTYNEXTDOOR",Members Only (feat. PARTYNEXTDOOR),OVO/Republic,25,-1,1,216354,ZA,South Africa,Q4,2023
26,spotify:track:1DAibqbopEYULPEtE8WHTE,Drake,What Would Pluto Do,OVO/Republic,26,-1,1,212485,ZA,South Africa,Q4,2023
27,spotify:track:03rwnftfgpYVO6QDWOZcG6,Drake,Drew A Picasso,OVO/Republic,27,-1,1,205918,ZA,South Africa,Q4,2023
28,spotify:track:5Jf3hmkf8WKKqxM4vM8rux,Lwah Ndlunkulu,Eyami,Nkabi Records,20,24,10,196222,ZA,South Africa,Q4,2023
29,spotify:track:0JtoyusgiISK10cXzX79uH,"Sizwe Nineteen, R-Bee, De’vine 07, Drumonade, Tumi Sdomane",Habibi (Quantum Sound),Xposure Music,9,11,9,195331,ZA,South Africa,Q4,2023
30,spotify:track:1AVIL2s4vkE92Qupej37JR,"Dj Jaivane, LeeMcKrazy, Skandisoul",uLala Kanjani (feat. LeeMcKrazy & Skandisoul),Ziiki Media,17,17,12,191129,ZA,South Africa,Q4,2023
31,spotify:track:5O677N09WkpiDFluKb1fXh,"Jimmy Maradona, QuayR Musiq, Mellow & Sleazy, Ch'cco, LeeMcKrazy",Wena Wa Pallwa (feat. Ch'cco & LeeMcKrazy),Sound African Recordings,8,12,13,189228,ZA,South Africa,Q4,2023
32,spotify:track:3RmhsiQszFnnixoOrLznAN,"Fezeka Dlamini, Nomfundo Moh, Naledi",Uyangijabulisa,Sginci Media,12,19,8,188633,ZA,South Africa,Q4,2023
33,spotify:track:1CrwpdodnkXcjPSrg8kw9g,"Mas Musiq, Daliwonga, DJ Maphorisa, Kabza De Small",Gangnam Style (feat. DJ Maphorisa & Kabza De Small),New Money Gang Records,2,13,27,184714,ZA,South Africa,Q4,2023
34,spotify:track:1yeB8MUNeLo9Ek1UEpsyz6,"Drake, Sexyy Red, SZA",Rich Baby Daddy (feat. Sexyy Red & SZA),OVO/Republic,34,-1,1,182547,ZA,South Africa,Q4,2023
35,spotify:track:17IBDpAl3J39swaoPlfGpp,"Drake, Lil Yachty",Another Late Night (feat. Lil Yachty),OVO/Republic,35,-1,1,179283,ZA,South Africa,Q4,2023
36,spotify:track:56y1jOTK0XSvJzVv9vHQBK,Doja Cat,Paint The Town Red,Kemosabe Records/RCA Records,10,15,10,178432,ZA,South Africa,Q4,2023
37,spotify:track:3N2AjgvL6Idel1GtE2srYb,"Oscar Mbo, KG Smallz, Thakzin, Dearson, Mhaw Keys, MÖRDA","Yes God (feat. Dearson, Mörda & Mhaw keys)",The Ashmed Hour Records,25,25,10,175510,ZA,South Africa,Q4,2023
38,spotify:track:5Yx3xbh3ob1TzcSkTZRYjT,"Tebza De DJ, DJ Nomza The King",Ka Valungu,Music Band Production / EMPIRE,5,18,12,170553,ZA,South Africa,Q4,2023
39,spotify:track:1PIgY9ybyFT9uWLM5POYGY,"Drake, Chief Keef",All The Parties (feat. Chief Keef),OVO/Republic,39,-1,1,170394,ZA,South Africa,Q4,2023
40,spotify:track:4IcbUXrAzBtn6iUO1LP471,Drake,Away From Home,OVO/Republic,40,-1,1,167180,ZA,South Africa,Q4,2023
41,spotify:track:3oZZfVvLJuDYc4Vn3A63Fw,Drake,Polar Opposites,OVO/Republic,41,-1,1,166071,ZA,South Africa,Q4,2023
42,spotify:track:5SjrCoaMIUauMrOZG2CUnq,"Sam Deep, Eemoh, Da Muziqal Chef",iMpumelelo,Universal Music (Pty) Ltd.,8,22,31,165426,ZA,South Africa,Q4,2023
43,spotify:track:4rXLjWdF2ZZpXCVTfWcshS,Gunna,fukumean,300 Entertainment,5,23,17,160059,ZA,South Africa,Q4,2023
44,spotify:track:6ZprqcYFC6D9eIZaCoqrSn,"Drake, Bad Bunny",Gently (feat. Bad Bunny),OVO/Republic,44,-1,1,160007,ZA,South Africa,Q4,2023
45,spotify:track:2FDTHlrBguDzQkp7PVj16Q,"Dave, Central Cee",Sprinter,Neighbourhood / Live Yours,4,21,19,158707,ZA,South Africa,Q4,2023
46,spotify:track:1mjAD7IYvI5UGiB7WnppMf,Drake,BBL Love - Interlude,OVO/Republic,46,-1,1,157837,ZA,South Africa,Q4,2023
47,spotify:track:7ko9EAsZ2N1ZpEBlMUkR3J,"Kabza De Small, DJ Maphorisa, Njelic, Young Stunna, Nkosazana Daughter, Xolani Guitar","Nana Thula (feat. Njelic, Young Stunna, Nkosazana Daughter & Xolani Guitar)",Piano Hub,6,20,21,157572,ZA,South Africa,Q4,2023
48,spotify:track:0ArVfVP8B5svkfj8clHNzB,Drake,Screw The World - Interlude,OVO/Republic,48,-1,1,143459,ZA,South Africa,Q4,2023
49,spotify:track:0AtUfScqL8UjpRGI2Mt4BI,"Deejaykgosi, Baby Momo, Lington, Phemelo Saxer, Zee_nhle, iam.psalm","Ngizwile (feat. Lington, Zee_nhle, iam.psalm, Phemelo Saxer)",Wanitwa Mos Entertainment,23,26,12,141202,ZA,South Africa,Q4,2023
50,spotify:track:3rUGC1vUpkDG9CZFHMur1t,Tate McRae,greedy,RCA Records Label,35,35,4,136372,ZA,South Africa,Q4,2023