Series Name,Series Code,Country Name,Country Code,2019 [YR2019],2020 [YR2020],2021 [YR2021],2022 [YR2022],2023 [YR2023],2024 [YR2024]
GDP per capita (current US$),NY.GDP.PCAP.CD,United States,USA,65227.9565911038,64401.5074354212,71307.4017277218,77860.9112908848,82304.6204272866,85809.9003846356
GDP per capita (current US$),NY.GDP.PCAP.CD,United Kingdom,GBR,42794.0022648288,40404.8062238951,46926.475736105,46062.9914079698,49200.8101526146,52636.7865943853
GDP per capita (current US$),NY.GDP.PCAP.CD,Mexico,MEX,10369.5553585271,8841.2707511328,10314.0506725979,11402.1410374782,13826.1306570122,14157.9445835849
GDP per capita (current US$),NY.GDP.PCAP.CD,Canada,CAN,46352.8693445211,43537.839298904,52886.6616372703,56256.8007264015,54220.3285039875,54282.6176051733
GDP per capita (current US$),NY.GDP.PCAP.CD,Brazil,BRA,9029.83326681073,7074.19378337644,7972.5366498646,9281.33334441234,10377.5892792557,10280.3148624429
GDP per capita (current US$),NY.GDP.PCAP.CD,Argentina,ARG,9955.97478680428,8535.59938004389,10738.0179223384,13935.6811110049,14187.4827252965,13858.2039802008
GDP per capita (current US$),NY.GDP.PCAP.CD,Colombia,COL,6472.54544924705,5339.68711357943,6222.62164397614,6680.44506854481,7000.83660501046,7913.98801464547
GDP per capita (current US$),NY.GDP.PCAP.CD,Germany,DEU,47623.8656074829,47379.765194548,52265.6541620571,49686.1154582583,53940.4073447462,55800.2194549412
GDP per capita (current US$),NY.GDP.PCAP.CD,France,FRA,40408.2848574751,39169.8606000707,43725.0999521245,41082.8119320747,44690.9345395117,46150.4876861593
GDP per capita (current US$),NY.GDP.PCAP.CD,Sweden,SWE,51773.0464558993,52653.7565934247,61174.9680215622,55296.9371472535,55567.0890080496,57723.2345031532
GDP per capita (current US$),NY.GDP.PCAP.CD,Spain,ESP,29786.5245689007,27233.9426461608,30799.4775937775,30270.2687017458,33509.0127982139,35297.0094995565
GDP per capita (current US$),NY.GDP.PCAP.CD,Italy,ITA,33812.788724868,32091.4866621366,36852.5425414951,35653.9042103495,39065.4244365633,40226.0472416173
GDP per capita (current US$),NY.GDP.PCAP.CD,Japan,JPN,40415.9567649547,40028.7341726762,40094.5599795288,34065.6438962526,33836.1756271617,32475.8924992191
GDP per capita (current US$),NY.GDP.PCAP.CD,"Korea, Rep.",KOR,31902.4169048194,31721.2989141857,35125.5224984723,32394.6833725203,33121.3712885508,..
GDP per capita (current US$),NY.GDP.PCAP.CD,India,IND,2041.42863698585,1907.04251637669,2239.61384367482,2347.44829434623,2530.12031278204,2696.66389984463
GDP per capita (current US$),NY.GDP.PCAP.CD,Singapore,SGP,65952.0378959293,61410.0792630788,80056.1288247844,90299.0694637269,85412.230345235,90674.066632628
GDP per capita (current US$),NY.GDP.PCAP.CD,South Africa,ZAF,6533.71121032856,5580.60383075189,6843.39941886204,6523.41097815853,6022.54254192335,6253.37158194543
GDP per capita (current US$),NY.GDP.PCAP.CD,Nigeria,NGA,2265.15520863056,2019.65706326224,2017.27486481527,2139.37478476974,1596.63696129001,806.945695055244
GDP per capita (current US$),NY.GDP.PCAP.CD,Australia,AUS,54972.7017885437,51791.540179984,60607.7788605166,64997.0136536475,64835.9199754535,64407.484256932
GDP per capita (current US$),NY.GDP.PCAP.CD,Turkiye,TUR,9215.44049888114,8638.73903848102,9743.21277804855,10674.504157865,13105.6585004778,15473.2872636856
GDP per capita (current US$),NY.GDP.PCAP.CD,Poland,POL,15874.5220531254,16150.9291009726,18635.5088812509,18891.213529396,22145.2643088909,25022.6716445953
"Inflation, GDP deflator (annual %)",NY.GDP.DEFL.KD.ZG,United States,USA,1.65046566913468,1.32883273821456,4.56598550261991,7.1294808542103,3.59839135378085,2.41809815948876
"Inflation, GDP deflator (annual %)",NY.GDP.DEFL.KD.ZG,United Kingdom,GBR,2.13295139419517,4.96982050842443,0.066556651367506,5.44390476600624,6.88853758661627,4.01174057473806
"Inflation, GDP deflator (annual %)",NY.GDP.DEFL.KD.ZG,Mexico,MEX,4.31901023665301,4.61979012344409,4.48797272763839,6.63122008991697,4.48311577788125,4.935408692579
"Inflation, GDP deflator (annual %)",NY.GDP.DEFL.KD.ZG,Canada,CAN,1.54607073393581,1.07081026105622,7.78502011074684,7.90676213077326,1.3572659269347,3.03631769454921
"Inflation, GDP deflator (annual %)",NY.GDP.DEFL.KD.ZG,Brazil,BRA,4.22425886342708,6.47249962315726,13.0472708601388,8.57028196165616,5.15950107377019,3.79801408025078
"Inflation, GDP deflator (annual %)",NY.GDP.DEFL.KD.ZG,Argentina,ARG,49.1955790596612,40.0830878011993,53.8020877665554,69.8760842459268,135.368876310592,207.9218609534
"Inflation, GDP deflator (annual %)",NY.GDP.DEFL.KD.ZG,Colombia,COL,4.00262054293638,1.48172462037553,7.80211309545884,14.9250366806978,6.9523623210511,5.77650128290072
"Inflation, GDP deflator (annual %)",NY.GDP.DEFL.KD.ZG,Germany,DEU,2.01597612276328,1.75504599873261,2.80292936590148,6.09185663198414,6.14291652076442,3.10601366099202
"Inflation, GDP deflator (annual %)",NY.GDP.DEFL.KD.ZG,France,FRA,1.21052308336793,2.97797868174696,1.22181614073425,3.22063216992299,5.30357173576937,2.31295798668936
"Inflation, GDP deflator (annual %)",NY.GDP.DEFL.KD.ZG,Sweden,SWE,2.42065005761071,1.79366290628502,2.74063332906569,5.781937156664,6.03613421896053,2.78772865046054
"Inflation, GDP deflator (annual %)",NY.GDP.DEFL.KD.ZG,Spain,ESP,1.42867123652391,1.13391454164042,2.55611236501613,4.71187421007816,6.23528006974459,2.9829920792457
"Inflation, GDP deflator (annual %)",NY.GDP.DEFL.KD.ZG,Italy,ITA,1.04700690430435,1.57740278796771,1.28332187292641,3.45535917134771,5.91461605792436,2.11108991995954
"Inflation, GDP deflator (annual %)",NY.GDP.DEFL.KD.ZG,Japan,JPN,0.634803165679926,0.933912186858549,-0.203835821828704,0.399048968762756,4.06819848886964,2.87380993657106
"Inflation, GDP deflator (annual %)",NY.GDP.DEFL.KD.ZG,"Korea, Rep.",KOR,-0.839325308149668,1.56374685675343,2.76293194144772,1.27552257409207,2.06407396162432,..
"Inflation, GDP deflator (annual %)",NY.GDP.DEFL.KD.ZG,India,IND,2.40551716106513,4.81485791893405,8.35490771481598,5.89714185891133,2.59194954513768,3.20181010019256
"Inflation, GDP deflator (annual %)",NY.GDP.DEFL.KD.ZG,Singapore,SGP,-0.424898726497446,-2.39290245566239,10.9292875816122,14.9214101290688,-5.0186426400397,3.24187076847286
"Inflation, GDP deflator (annual %)",NY.GDP.DEFL.KD.ZG,South Africa,ZAF,4.61352469052481,5.3913943350576,6.53869058287115,4.99247138395964,4.80427142694981,3.8432983868135
"Inflation, GDP deflator (annual %)",NY.GDP.DEFL.KD.ZG,Nigeria,NGA,10.384779195217,7.84914204720589,10.1310336867347,11.3113349413983,12.6218692275514,14.4500702250751
"Inflation, GDP deflator (annual %)",NY.GDP.DEFL.KD.ZG,Australia,AUS,3.46820261012924,1.88550119010648,3.0799498600023,7.17553361510235,6.51199894950456,2.6265456903831
"Inflation, GDP deflator (annual %)",NY.GDP.DEFL.KD.ZG,Turkiye,TUR,13.8677568970462,14.7893415893496,28.9730004765532,96.0361986700836,68.233934158098,58.4849131803454
"Inflation, GDP deflator (annual %)",NY.GDP.DEFL.KD.ZG,Poland,POL,3.02644690867653,4.23859434856777,5.34023602800748,10.689577427514,9.86569270234997,3.58714469894088
"Inflation, GDP deflator: linked series (annual %)",NY.GDP.DEFL.KD.ZG.AD,United States,USA,1.65046566913468,1.32883273821456,4.56598550261991,7.1294808542103,3.59839135378085,2.41809815948876
"Inflation, GDP deflator: linked series (annual %)",NY.GDP.DEFL.KD.ZG.AD,United Kingdom,GBR,2.13295139419517,4.96982050842443,0.066556651367506,5.44390476600624,6.88853758661627,4.01174057473806
"Inflation, GDP deflator: linked series (annual %)",NY.GDP.DEFL.KD.ZG.AD,Mexico,MEX,4.31901023665301,4.61979012344409,4.48797272763839,6.63122008991697,4.48311577788125,4.935408692579
"Inflation, GDP deflator: linked series (annual %)",NY.GDP.DEFL.KD.ZG.AD,Canada,CAN,1.54607073393581,1.07081026105622,7.78502011074684,7.90676213077326,1.3572659269347,3.03631769454921
"Inflation, GDP deflator: linked series (annual %)",NY.GDP.DEFL.KD.ZG.AD,Brazil,BRA,4.22425886342708,6.47249962315726,13.0472708601388,8.57028196165616,5.15950107377019,3.79801408025078
"Inflation, GDP deflator: linked series (annual %)",NY.GDP.DEFL.KD.ZG.AD,Argentina,ARG,49.1955790596612,40.0830878011993,53.8020877665554,69.8760842459268,135.368876310592,207.9218609534
"Inflation, GDP deflator: linked series (annual %)",NY.GDP.DEFL.KD.ZG.AD,Colombia,COL,4.00262054293638,1.48172462037553,7.80211309545884,14.9250366806978,6.9523623210511,5.77650128290072
"Inflation, GDP deflator: linked series (annual %)",NY.GDP.DEFL.KD.ZG.AD,Germany,DEU,2.01597612276328,1.75504599873261,2.80292936590148,6.09185663198414,6.14291652076442,3.10601366099202
"Inflation, GDP deflator: linked series (annual %)",NY.GDP.DEFL.KD.ZG.AD,France,FRA,1.21052308336793,2.97797868174696,1.22181614073425,3.22063216992299,5.30357173576937,2.31295798668936
"Inflation, GDP deflator: linked series (annual %)",NY.GDP.DEFL.KD.ZG.AD,Sweden,SWE,2.42065005761071,1.79366290628502,2.74063332906569,5.781937156664,6.03613421896053,2.78772865046054
"Inflation, GDP deflator: linked series (annual %)",NY.GDP.DEFL.KD.ZG.AD,Spain,ESP,1.42867123652391,1.13391454164042,2.55611236501613,4.71187421007816,6.23528006974459,2.9829920792457
"Inflation, GDP deflator: linked series (annual %)",NY.GDP.DEFL.KD.ZG.AD,Italy,ITA,1.04700690430435,1.57740278796771,1.28332187292641,3.45535917134771,5.91461605792436,2.11108991995954
"Inflation, GDP deflator: linked series (annual %)",NY.GDP.DEFL.KD.ZG.AD,Japan,JPN,0.634803165679926,0.933912186858549,-0.203835821828704,0.399048968762756,4.06819848886964,2.87380993657106
"Inflation, GDP deflator: linked series (annual %)",NY.GDP.DEFL.KD.ZG.AD,"Korea, Rep.",KOR,-0.839325308149668,1.56374685675343,2.76293194144772,1.27552257409207,2.06407396162432,..
"Inflation, GDP deflator: linked series (annual %)",NY.GDP.DEFL.KD.ZG.AD,India,IND,2.40551716106513,4.81485791893405,8.35490771481598,5.89714185891133,2.59194954513768,3.20181010019256
"Inflation, GDP deflator: linked series (annual %)",NY.GDP.DEFL.KD.ZG.AD,Singapore,SGP,-0.424898726497446,-2.39290245566239,10.9292875816122,14.9214101290688,-5.0186426400397,3.24187076847286
"Inflation, GDP deflator: linked series (annual %)",NY.GDP.DEFL.KD.ZG.AD,South Africa,ZAF,4.61352469052481,5.3913943350576,6.53869058287115,4.99247138395964,4.80427142694981,3.8432983868135
"Inflation, GDP deflator: linked series (annual %)",NY.GDP.DEFL.KD.ZG.AD,Nigeria,NGA,10.384779195217,7.84914204720589,10.1310336867347,11.3113349413983,12.6218692275514,14.4500702250751
"Inflation, GDP deflator: linked series (annual %)",NY.GDP.DEFL.KD.ZG.AD,Australia,AUS,3.46820261012924,1.88550119010648,3.0799498600023,7.17553361510235,6.51199894950456,2.6265456903831
"Inflation, GDP deflator: linked series (annual %)",NY.GDP.DEFL.KD.ZG.AD,Turkiye,TUR,13.8677568970462,14.7893415893496,28.9730004765532,96.0361986700837,68.233934158098,58.4849131803454
"Inflation, GDP deflator: linked series (annual %)",NY.GDP.DEFL.KD.ZG.AD,Poland,POL,3.02644690867653,4.23859434856777,5.34023602800748,10.689577427514,9.86569270234997,3.58714469894088
Imports of goods and services (% of GDP),NE.IMP.GNFS.ZS,United States,USA,14.4692832148142,13.0061222420701,14.422677831261,15.2894619130397,13.8878518583345,13.9911166360401
Imports of goods and services (% of GDP),NE.IMP.GNFS.ZS,United Kingdom,GBR,33.0303533562736,29.1113418392136,29.4042618360024,35.3133356660075,33.0529270411278,31.7697823457053
Imports of goods and services (% of GDP),NE.IMP.GNFS.ZS,Mexico,MEX,38.9323214651119,37.6191836120664,42.5001044331777,45.8808899526489,37.6028627773981,37.9258515356765
Imports of goods and services (% of GDP),NE.IMP.GNFS.ZS,Canada,CAN,33.8187894602395,31.6831237283418,31.0717584176126,33.374430889461,33.2824552373876,32.717698647348
Imports of goods and services (% of GDP),NE.IMP.GNFS.ZS,Brazil,BRA,14.7673386785785,15.8485265343869,18.5469003909373,19.1853009729027,15.6969055268697,17.5165402609182
Imports of goods and services (% of GDP),NE.IMP.GNFS.ZS,Argentina,ARG,14.7057366680037,13.5982843701675,15.0119803984295,15.2996935612041,13.8912663507893,12.8251676959106
Imports of goods and services (% of GDP),NE.IMP.GNFS.ZS,Colombia,COL,21.6904953267149,20.5332954086799,23.8621404387264,27.8942871185028,22.5564540863658,20.9158739522507
Imports of goods and services (% of GDP),NE.IMP.GNFS.ZS,Germany,DEU,36.747442628887,33.824073376198,37.4990343972191,43.2836096462941,39.3967578932279,38.2444033577531
Imports of goods and services (% of GDP),NE.IMP.GNFS.ZS,France,FRA,33.5394177830602,30.2816679047993,32.5004326976615,39.2864747207143,36.279524212719,33.9788865095979
Imports of goods and services (% of GDP),NE.IMP.GNFS.ZS,Sweden,SWE,44.2798696637669,40.0708387887778,42.9783402221752,51.974737140744,51.3586535274542,50.2096858272109
Imports of goods and services (% of GDP),NE.IMP.GNFS.ZS,Spain,ESP,31.6906621148431,28.9651031602513,32.7675046176609,38.8724320759099,34.1324706805738,33.0122572688199
Imports of goods and services (% of GDP),NE.IMP.GNFS.ZS,Italy,ITA,27.7443163412796,25.2136287172564,29.1303687572707,36.9173622620119,32.106099775264,30.4432306155658
Imports of goods and services (% of GDP),NE.IMP.GNFS.ZS,Japan,JPN,17.7528916808924,15.8020257724508,18.629254289208,25.2665627129772,23.2992883238654,..
Imports of goods and services (% of GDP),NE.IMP.GNFS.ZS,"Korea, Rep.",KOR,36.4812778978581,32.6744545418102,38.3222274220465,48.2646450676456,43.9440093217037,..
Imports of goods and services (% of GDP),NE.IMP.GNFS.ZS,India,IND,21.2411386333872,19.0756283996012,24.0239304534931,26.8237289453584,23.544144504402,23.4929703141577
Imports of goods and services (% of GDP),NE.IMP.GNFS.ZS,Singapore,SGP,147.50368512255,150.258780950135,146.450577108876,146.235276967639,144.131901648402,143.595141120325
Imports of goods and services (% of GDP),NE.IMP.GNFS.ZS,South Africa,ZAF,26.6958670030255,23.1837449200214,24.9311150310516,31.4115525789563,32.4255686814627,29.8527528715858
Imports of goods and services (% of GDP),NE.IMP.GNFS.ZS,Nigeria,NGA,..,..,..,..,..,..
Imports of goods and services (% of GDP),NE.IMP.GNFS.ZS,Australia,AUS,22.0278238953145,20.6377169074661,18.2458042920249,20.2901822017406,22.4259429260923,22.6090197065918
Imports of goods and services (% of GDP),NE.IMP.GNFS.ZS,Turkiye,TUR,30.1190768431148,32.2229655859371,35.338747854855,42.5859275135465,34.3607690189066,27.7767152730999
Imports of goods and services (% of GDP),NE.IMP.GNFS.ZS,Poland,POL,48.9681403361987,46.8252057104188,53.836306949643,60.6688166147992,52.1436640222717,48.3211890119982
GDP growth (annual %),NY.GDP.MKTP.KD.ZG,United States,USA,2.58382533018889,-2.16302913866512,6.05505293304556,2.5123753198332,2.88755600905984,2.79619035621393
GDP growth (annual %),NY.GDP.MKTP.KD.ZG,United Kingdom,GBR,1.62447518038404,-10.296918859171,8.57595087393024,4.83908517877134,0.39708234553963,1.10066786639271
GDP growth (annual %),NY.GDP.MKTP.KD.ZG,Mexico,MEX,-0.392690505099296,-8.35403456576364,6.04848345704632,3.71098893117183,3.2953909570288,1.4540624784799
GDP growth (annual %),NY.GDP.MKTP.KD.ZG,Canada,CAN,1.90843194590616,-5.03823343468899,5.95052802804381,4.18903628100851,1.52874550838358,1.5280811085284
GDP growth (annual %),NY.GDP.MKTP.KD.ZG,Brazil,BRA,1.22077782360842,-3.2767587964736,4.76260437908608,3.01669435393015,3.24165532906981,3.39586645454844
GDP growth (annual %),NY.GDP.MKTP.KD.ZG,Argentina,ARG,-2.00086100285785,-9.9004848136464,10.4418119882506,5.26987967384072,-1.61100162090189,-1.71910514722377
GDP growth (annual %),NY.GDP.MKTP.KD.ZG,Colombia,COL,3.18685539245533,-7.18591413760859,10.8011981904878,7.32827729427979,0.712380031974334,1.7438014504116
GDP growth (annual %),NY.GDP.MKTP.KD.ZG,Germany,DEU,0.987893350164853,-4.09513751682526,3.6699998840452,1.36973104612758,-0.266438401180253,-0.238526858256165
GDP growth (annual %),NY.GDP.MKTP.KD.ZG,France,FRA,2.02744646419237,-7.44064589948231,6.88233783360239,2.57084047567793,0.936487518850853,1.16613851497229
GDP growth (annual %),NY.GDP.MKTP.KD.ZG,Sweden,SWE,2.54964787203104,-2.0053375219518,5.93750858896414,1.45928849980044,-0.114161935397789,0.973832212948594
GDP growth (annual %),NY.GDP.MKTP.KD.ZG,Spain,ESP,1.96117850841711,-10.9400706350371,6.68314420473001,6.17931219966114,2.6756634629066,3.15019564517223
GDP growth (annual %),NY.GDP.MKTP.KD.ZG,Italy,ITA,0.429162533780342,-8.86822122185345,8.93106210800055,4.82117669913565,0.715372500867531,0.725792380234424
GDP growth (annual %),NY.GDP.MKTP.KD.ZG,Japan,JPN,-0.402169200894946,-4.16876457146743,2.69657404187188,0.941998775483285,1.47503481053384,0.0836985643852159
GDP growth (annual %),NY.GDP.MKTP.KD.ZG,"Korea, Rep.",KOR,2.24397786011012,-0.709415359397681,4.30473481906969,2.61267219187226,1.35673324311098,..
GDP growth (annual %),NY.GDP.MKTP.KD.ZG,India,IND,3.87143694070356,-5.77772470686801,9.68959249192875,7.60936497768895,9.19075493028345,6.48422363033757
GDP growth (annual %),NY.GDP.MKTP.KD.ZG,Singapore,SGP,1.30804118153127,-3.81470885510713,9.7568044629903,4.10800021897151,1.82140694115385,4.38802362461865
GDP growth (annual %),NY.GDP.MKTP.KD.ZG,South Africa,ZAF,0.25993557687633,-6.1689177146757,4.95503259440756,1.91147996033504,0.698485193724835,0.579853692303914
GDP growth (annual %),NY.GDP.MKTP.KD.ZG,Nigeria,NGA,2.20842927714881,-1.79425308274458,3.64718654072446,3.25168140827093,2.86021499108364,3.42643947135149
GDP growth (annual %),NY.GDP.MKTP.KD.ZG,Australia,AUS,2.17154505737176,-0.119590735829973,2.11116814768786,4.24238555336139,3.44199220009025,1.4311125201703
GDP growth (annual %),NY.GDP.MKTP.KD.ZG,Turkiye,TUR,0.818514526726673,1.85987303976462,11.4393956926566,5.53342787492781,5.11116818488702,3.18402435479221
GDP growth (annual %),NY.GDP.MKTP.KD.ZG,Poland,POL,4.58045817256199,-2.03556882399977,6.92718266052501,5.25545697386036,0.249610834017872,2.9233880806669
"Foreign direct investment, net inflows (% of GDP)",BX.KLT.DINV.WD.GD.ZS,United States,USA,1.46696501417689,0.641871902381299,2.01829546351403,1.60299809746593,1.30568089005227,1.01784861961104
"Foreign direct investment, net inflows (% of GDP)",BX.KLT.DINV.WD.GD.ZS,United Kingdom,GBR,0.694070007703284,5.82864205974733,0.160847823124997,1.44178892281254,0.409209760829812,0.0961822157060986
"Foreign direct investment, net inflows (% of GDP)",BX.KLT.DINV.WD.GD.ZS,Mexico,MEX,2.29639390866973,2.81349178443172,2.69815759567076,2.66415918311792,1.72931055025628,2.44690161792244
"Foreign direct investment, net inflows (% of GDP)",BX.KLT.DINV.WD.GD.ZS,Canada,CAN,2.80676687017653,1.75897085668576,2.97618288160973,2.29317324184365,1.93601776565032,2.62340440884912
"Foreign direct investment, net inflows (% of GDP)",BX.KLT.DINV.WD.GD.ZS,Brazil,BRA,3.692673213156,2.59263795310275,2.77979084938159,3.8221961533297,2.8497546823908,3.26093198121488
"Foreign direct investment, net inflows (% of GDP)",BX.KLT.DINV.WD.GD.ZS,Argentina,ARG,1.48500687570697,1.26616924308721,1.36838083162438,2.40302244246396,3.83188895905263,1.83878197817
"Foreign direct investment, net inflows (% of GDP)",BX.KLT.DINV.WD.GD.ZS,Colombia,COL,4.33058240931506,2.7588942895314,3.00175693787234,4.97124137726565,4.58478761240549,3.40925590060448
"Foreign direct investment, net inflows (% of GDP)",BX.KLT.DINV.WD.GD.ZS,Germany,DEU,1.90698688059702,4.48666571074036,2.93470785974787,2.0947134896352,1.71109200964451,1.02145633651483
"Foreign direct investment, net inflows (% of GDP)",BX.KLT.DINV.WD.GD.ZS,France,FRA,1.96486943301561,0.731471704018579,3.30405312221271,4.01585632811977,0.591500421783679,1.64614949240398
"Foreign direct investment, net inflows (% of GDP)",BX.KLT.DINV.WD.GD.ZS,Sweden,SWE,2.98447516897391,3.39683456902909,9.09954665874792,9.31834204985397,3.14953629798377,4.72920886954297
"Foreign direct investment, net inflows (% of GDP)",BX.KLT.DINV.WD.GD.ZS,Spain,ESP,2.16052375036307,2.92165980781023,4.42272902452136,4.52740675341745,2.6512753496567,1.98001092809134
"Foreign direct investment, net inflows (% of GDP)",BX.KLT.DINV.WD.GD.ZS,Italy,ITA,1.77066894209208,-0.893869914296462,1.20474315612308,2.94181405797187,1.82329512104505,0.917841215922765
"Foreign direct investment, net inflows (% of GDP)",BX.KLT.DINV.WD.GD.ZS,Japan,JPN,0.780785313301259,1.23830386396694,0.695100892094565,1.12971840820325,0.47897443130528,0.426561392377945
"Foreign direct investment, net inflows (% of GDP)",BX.KLT.DINV.WD.GD.ZS,"Korea, Rep.",KOR,0.58339386057331,0.533043337613518,1.21315499855807,1.49617378306838,1.11176900074515,..
"Foreign direct investment, net inflows (% of GDP)",BX.KLT.DINV.WD.GD.ZS,India,IND,1.78482633957161,2.40620322673636,1.41217101040888,1.49248825904,0.771919134264091,0.69363736851848
"Foreign direct investment, net inflows (% of GDP)",BX.KLT.DINV.WD.GD.ZS,Singapore,SGP,28.3315504321637,22.841082837391,33.3045808694371,29.414237864711,26.2141035698283,27.7575647897243
"Foreign direct investment, net inflows (% of GDP)",BX.KLT.DINV.WD.GD.ZS,South Africa,ZAF,1.31407752293306,0.933073684352394,9.6602653363801,2.27046857469365,1.01471020714548,0.582175041986934
"Foreign direct investment, net inflows (% of GDP)",BX.KLT.DINV.WD.GD.ZS,Nigeria,NGA,0.485777628049362,0.551893508838688,0.751578312174957,-0.0391267487603444,0.514645981301691,0.57536877367597
"Foreign direct investment, net inflows (% of GDP)",BX.KLT.DINV.WD.GD.ZS,Australia,AUS,2.78196787472132,1.35325605506287,2.0246819461122,4.16149504206489,1.91730721115443,3.09257917824853
"Foreign direct investment, net inflows (% of GDP)",BX.KLT.DINV.WD.GD.ZS,Turkiye,TUR,1.24926755538016,1.04423130250652,1.54586383583081,1.5195369726187,0.953004409142305,0.887433012030944
"Foreign direct investment, net inflows (% of GDP)",BX.KLT.DINV.WD.GD.ZS,Poland,POL,3.15455649244208,3.31499087827758,5.44306784714588,6.00626051695503,4.22376174713947,2.33629423834068
"Foreign direct investment, net outflows (% of GDP)",BM.KLT.DINV.WD.GD.ZS,United States,USA,0.533551977898589,1.32213923271427,1.44482297771508,1.49516899231292,1.26650801031099,1.10388286541426
"Foreign direct investment, net outflows (% of GDP)",BM.KLT.DINV.WD.GD.ZS,United Kingdom,GBR,-0.753954193168224,0.607703721532752,5.1139669551206,4.01052148511915,0.896398790352631,1.87457090384564
"Foreign direct investment, net outflows (% of GDP)",BM.KLT.DINV.WD.GD.ZS,Mexico,MEX,0.46655629263881,0.448976803692317,-0.0227940347685688,1.18268665081825,0.0455340294005447,0.704059032291964
"Foreign direct investment, net outflows (% of GDP)",BM.KLT.DINV.WD.GD.ZS,Canada,CAN,4.35319353176514,2.86462616548379,5.17851725947531,4.048309744686,4.08492890022951,3.86306756314717
"Foreign direct investment, net outflows (% of GDP)",BM.KLT.DINV.WD.GD.ZS,Brazil,BRA,1.21815769940391,-0.234891708950017,0.972038153023479,1.70880593961054,1.14773101167023,1.20852175435663
"Foreign direct investment, net outflows (% of GDP)",BM.KLT.DINV.WD.GD.ZS,Argentina,ARG,0.340080898652055,0.305173266187524,0.317298745187022,0.330257486949538,0.46794285054368,0.435317808516311
"Foreign direct investment, net outflows (% of GDP)",BM.KLT.DINV.WD.GD.ZS,Colombia,COL,0.976218890297516,0.641190771333668,0.998608409489945,0.978931362975407,0.346389567858682,1.0933802457239
"Foreign direct investment, net outflows (% of GDP)",BM.KLT.DINV.WD.GD.ZS,Germany,DEU,4.3299226385712,3.67680289295586,4.93769265312081,3.62471459581005,2.28280329592525,1.72028119406471
"Foreign direct investment, net outflows (% of GDP)",BM.KLT.DINV.WD.GD.ZS,France,FRA,3.11018903168592,1.08525408792736,3.98508078434687,3.68314611306419,2.29379328003245,1.31955289307622
"Foreign direct investment, net outflows (% of GDP)",BM.KLT.DINV.WD.GD.ZS,Sweden,SWE,4.11916863469749,4.14373532409917,9.93934993975539,11.3604101168669,7.02154328424454,5.67950808846561
"Foreign direct investment, net outflows (% of GDP)",BM.KLT.DINV.WD.GD.ZS,Spain,ESP,2.9067834147218,4.3639170223537,3.50614720923462,4.83719251483578,2.44889482735525,3.29082807549289
"Foreign direct investment, net outflows (% of GDP)",BM.KLT.DINV.WD.GD.ZS,Italy,ITA,1.85404274702956,0.248402242308732,2.66378600555641,2.24599989500342,1.32675504301584,1.43606039152331
"Foreign direct investment, net outflows (% of GDP)",BM.KLT.DINV.WD.GD.ZS,Japan,JPN,5.04659310842062,2.97024478482841,4.16125568185979,4.104280295451,4.63871311590493,5.17162974168686
"Foreign direct investment, net outflows (% of GDP)",BM.KLT.DINV.WD.GD.ZS,"Korea, Rep.",KOR,2.13385676725272,2.1183560283733,3.62953336285071,3.93084120600832,1.87832988216092,..
"Foreign direct investment, net outflows (% of GDP)",BM.KLT.DINV.WD.GD.ZS,India,IND,0.463417725968969,0.415823729906748,0.54427728129202,0.43430316091549,0.381437635526984,0.619743193032566
"Foreign direct investment, net outflows (% of GDP)",BM.KLT.DINV.WD.GD.ZS,Singapore,SGP,18.4005860588162,12.8268367757845,16.6602777743773,11.8537102479729,7.7058753819462,10.0947685766209
"Foreign direct investment, net outflows (% of GDP)",BM.KLT.DINV.WD.GD.ZS,South Africa,ZAF,0.806754603409893,-0.572783267129974,0.0241341081623645,0.583562977630042,-0.733714859269321,-0.315766270440371
"Foreign direct investment, net outflows (% of GDP)",BM.KLT.DINV.WD.GD.ZS,Nigeria,NGA,0.0601282042082383,0.340892224048837,0.412380056004151,-0.0140474676673227,0.0703163193463305,0.217274367708429
"Foreign direct investment, net outflows (% of GDP)",BM.KLT.DINV.WD.GD.ZS,Australia,AUS,0.638945694912113,0.55699197477725,0.461333267746361,7.37768712631424,0.784630496399591,0.845467011246894
"Foreign direct investment, net outflows (% of GDP)",BM.KLT.DINV.WD.GD.ZS,Turkiye,TUR,0.395660524797483,0.451315602824872,0.786714671067437,0.543920155462904,0.533242497111342,0.499677005496773
"Foreign direct investment, net outflows (% of GDP)",BM.KLT.DINV.WD.GD.ZS,Poland,POL,0.890848611819982,0.837247273001203,1.48294288221985,1.8117975417708,1.81881709224501,0.913417798845877
Exports of goods and services (% of GDP),NE.EXP.GNFS.ZS,United States,USA,11.7891974097286,10.0736556273372,10.7909781995156,11.6022279170372,11.0115112856601,10.8968750610333
Exports of goods and services (% of GDP),NE.EXP.GNFS.ZS,United Kingdom,GBR,31.63478028095,29.6697957580892,29.1802747877833,33.5671944737788,31.9794112168664,30.6377190511784
Exports of goods and services (% of GDP),NE.EXP.GNFS.ZS,Mexico,MEX,38.5296507920009,39.2353720871536,40.5691931994994,42.9460448302063,36.1666703433344,36.7857440701926
Exports of goods and services (% of GDP),NE.EXP.GNFS.ZS,Canada,CAN,32.3526958202565,29.4736472349344,31.1750782983294,33.9431906669379,33.3498760996793,32.4613353439237
Exports of goods and services (% of GDP),NE.EXP.GNFS.ZS,Brazil,BRA,14.1229191913178,16.4535520094071,19.1094303688709,19.6307650034371,17.9693243032741,18.0146799833275
Exports of goods and services (% of GDP),NE.EXP.GNFS.ZS,Argentina,ARG,17.9248783778462,16.6054144372484,18.0667091690365,16.248014443903,12.7492457826544,15.3342337389676
Exports of goods and services (% of GDP),NE.EXP.GNFS.ZS,Colombia,COL,15.8680386541241,13.5222755593302,16.1970059548864,20.3883679938331,17.8316784070298,15.97281920951
Exports of goods and services (% of GDP),NE.EXP.GNFS.ZS,Germany,DEU,42.3863044855837,39.1691838521344,42.6575836538409,45.7805177232318,43.4023485563427,42.1002680442064
Exports of goods and services (% of GDP),NE.EXP.GNFS.ZS,France,FRA,32.8895593910847,28.5572228192655,31.2880499332105,36.5036688904078,34.2800305804742,33.2440842472123
Exports of goods and services (% of GDP),NE.EXP.GNFS.ZS,Sweden,SWE,48.2412138172619,44.2599429832196,47.2996459572001,53.8802781349213,55.3822247813677,54.601308444525
Exports of goods and services (% of GDP),NE.EXP.GNFS.ZS,Spain,ESP,34.6755629292261,30.4810248544563,33.7570843255301,39.7551303881907,38.0592582111746,37.2927827939586
Exports of goods and services (% of GDP),NE.EXP.GNFS.ZS,Italy,ITA,30.9498739181942,28.7258551870199,31.1716088630092,35.0991400412578,33.5347636988069,32.7328584456689
Exports of goods and services (% of GDP),NE.EXP.GNFS.ZS,Japan,JPN,17.4635264275221,15.5331828643222,18.1091919388618,21.5464241239166,21.8515912402593,..
Exports of goods and services (% of GDP),NE.EXP.GNFS.ZS,"Korea, Rep.",KOR,39.2758610673609,36.359590549146,41.8772295047804,48.2717642210409,43.9956698686696,..
Exports of goods and services (% of GDP),NE.EXP.GNFS.ZS,India,IND,18.664264897257,18.6824769296756,21.3991583305515,23.2515412045298,21.4486977833541,21.1781223210845
Exports of goods and services (% of GDP),NE.EXP.GNFS.ZS,Singapore,SGP,176.891299992751,181.782024531778,182.710806574886,186.114290787201,181.561322405378,178.776286814392
Exports of goods and services (% of GDP),NE.EXP.GNFS.ZS,South Africa,ZAF,27.2021294051151,27.5759141603963,31.1035988061883,33.3714495540545,32.7545268675424,31.8498451859901
Exports of goods and services (% of GDP),NE.EXP.GNFS.ZS,Nigeria,NGA,..,..,..,..,..,..
Exports of goods and services (% of GDP),NE.EXP.GNFS.ZS,Australia,AUS,24.1596779983146,24.0267391579698,22.0566759771447,25.5315880289865,26.7992411333458,24.705209306537
Exports of goods and services (% of GDP),NE.EXP.GNFS.ZS,Turkiye,TUR,33.0742160572998,29.1207901808282,35.7436961064769,38.5842021809785,31.9158356904098,28.045069179622
Exports of goods and services (% of GDP),NE.EXP.GNFS.ZS,Poland,POL,52.6128934811742,52.4338855199248,57.0379760723016,62.3525162455456,57.8812710195434,52.3289523696531
"International tourism, expenditures (current US$)",ST.INT.XPND.CD,United States,USA,186079000000,48837000000,..,..,..,..
"International tourism, expenditures (current US$)",ST.INT.XPND.CD,United Kingdom,GBR,..,..,..,..,..,..
"International tourism, expenditures (current US$)",ST.INT.XPND.CD,Mexico,MEX,12300000000,4286000000,..,..,..,..
"International tourism, expenditures (current US$)",ST.INT.XPND.CD,Canada,CAN,..,..,..,..,..,..
"International tourism, expenditures (current US$)",ST.INT.XPND.CD,Brazil,BRA,21178000000,6490000000,..,..,..,..
"International tourism, expenditures (current US$)",ST.INT.XPND.CD,Argentina,ARG,9845000000,2746000000,..,..,..,..
"International tourism, expenditures (current US$)",ST.INT.XPND.CD,Colombia,COL,5658000000,1576000000,..,..,..,..
"International tourism, expenditures (current US$)",ST.INT.XPND.CD,Germany,DEU,101231000000,..,..,..,..,..
"International tourism, expenditures (current US$)",ST.INT.XPND.CD,France,FRA,59751000000,31193000000,..,..,..,..
"International tourism, expenditures (current US$)",ST.INT.XPND.CD,Sweden,SWE,..,..,..,..,..,..
"International tourism, expenditures (current US$)",ST.INT.XPND.CD,Spain,ESP,..,..,..,..,..,..
"International tourism, expenditures (current US$)",ST.INT.XPND.CD,Italy,ITA,37908000000,12965000000,..,..,..,..
"International tourism, expenditures (current US$)",ST.INT.XPND.CD,Japan,JPN,29146000000,6741000000,..,..,..,..
"International tourism, expenditures (current US$)",ST.INT.XPND.CD,"Korea, Rep.",KOR,35339000000,16705000000,..,..,..,..
"International tourism, expenditures (current US$)",ST.INT.XPND.CD,India,IND,28595000000,15777000000,..,..,..,..
"International tourism, expenditures (current US$)",ST.INT.XPND.CD,Singapore,SGP,..,..,..,..,..,..
"International tourism, expenditures (current US$)",ST.INT.XPND.CD,South Africa,ZAF,5866000000,1594000000,..,..,..,..
"International tourism, expenditures (current US$)",ST.INT.XPND.CD,Nigeria,NGA,16406000000,6613000000,..,..,..,..
"International tourism, expenditures (current US$)",ST.INT.XPND.CD,Australia,AUS,41345000000,7654000000,..,..,..,..
"International tourism, expenditures (current US$)",ST.INT.XPND.CD,Turkiye,TUR,5354000000,1639000000,..,..,..,..
"International tourism, expenditures (current US$)",ST.INT.XPND.CD,Poland,POL,10161000000,5547000000,..,..,..,..
"International tourism, number of arrivals",ST.INT.ARVL,United States,USA,165478000,45037000,..,..,..,..
"International tourism, number of arrivals",ST.INT.ARVL,United Kingdom,GBR,40857000,11101000,..,..,..,..
"International tourism, number of arrivals",ST.INT.ARVL,Mexico,MEX,97406000,51128000,..,..,..,..
"International tourism, number of arrivals",ST.INT.ARVL,Canada,CAN,32430000,..,..,..,..,..
"International tourism, number of arrivals",ST.INT.ARVL,Brazil,BRA,6353000,..,..,..,..,..
"International tourism, number of arrivals",ST.INT.ARVL,Argentina,ARG,7399000,..,..,..,..,..
"International tourism, number of arrivals",ST.INT.ARVL,Colombia,COL,4531000,1396000,..,..,..,..
"International tourism, number of arrivals",ST.INT.ARVL,Germany,DEU,39563000,12449000,..,..,..,..
"International tourism, number of arrivals",ST.INT.ARVL,France,FRA,217877000,117109000,..,..,..,..
"International tourism, number of arrivals",ST.INT.ARVL,Sweden,SWE,7616000,1957000,..,..,..,..
"International tourism, number of arrivals",ST.INT.ARVL,Spain,ESP,126170000,36410000,..,..,..,..
"International tourism, number of arrivals",ST.INT.ARVL,Italy,ITA,95399000,38419000,..,..,..,..
"International tourism, number of arrivals",ST.INT.ARVL,Japan,JPN,31881000,4115799.8046875,..,..,..,..
"International tourism, number of arrivals",ST.INT.ARVL,"Korea, Rep.",KOR,17503000,2519000,..,..,..,..
"International tourism, number of arrivals",ST.INT.ARVL,India,IND,17914000,..,..,..,..,..
"International tourism, number of arrivals",ST.INT.ARVL,Singapore,SGP,19116000,2742000,..,..,..,..
"International tourism, number of arrivals",ST.INT.ARVL,South Africa,ZAF,14797000,3886600.09765625,..,..,..,..
"International tourism, number of arrivals",ST.INT.ARVL,Nigeria,NGA,..,..,..,..,..,..
"International tourism, number of arrivals",ST.INT.ARVL,Australia,AUS,9466000,1828000,..,..,..,..
"International tourism, number of arrivals",ST.INT.ARVL,Turkiye,TUR,51747000,15971000,..,..,..,..
"International tourism, number of arrivals",ST.INT.ARVL,Poland,POL,88515000,..,..,..,..,..
"International tourism, number of departures",ST.INT.DPRT,United States,USA,170930093.75,60549898.4375,..,..,..,..
"International tourism, number of departures",ST.INT.DPRT,United Kingdom,GBR,93086000,23827000,..,..,..,..
"International tourism, number of departures",ST.INT.DPRT,Mexico,MEX,82752000,36056000,..,..,..,..
"International tourism, number of departures",ST.INT.DPRT,Canada,CAN,37845898.4375,..,..,..,..,..
"International tourism, number of departures",ST.INT.DPRT,Brazil,BRA,..,..,..,..,..,..
"International tourism, number of departures",ST.INT.DPRT,Argentina,ARG,15352000,..,..,..,..,..
"International tourism, number of departures",ST.INT.DPRT,Colombia,COL,4479000,1275000,..,..,..,..
"International tourism, number of departures",ST.INT.DPRT,Germany,DEU,99533000,..,..,..,..,..
"International tourism, number of departures",ST.INT.DPRT,France,FRA,49276000,21287000,..,..,..,..
"International tourism, number of departures",ST.INT.DPRT,Sweden,SWE,19061000,6081000,..,..,..,..
"International tourism, number of departures",ST.INT.DPRT,Spain,ESP,22816000,6236000,..,..,..,..
"International tourism, number of departures",ST.INT.DPRT,Italy,ITA,62207000,21448000,..,..,..,..
"International tourism, number of departures",ST.INT.DPRT,Japan,JPN,20081000,3174000,..,..,..,..
"International tourism, number of departures",ST.INT.DPRT,"Korea, Rep.",KOR,28714000,4276000,..,..,..,..
"International tourism, number of departures",ST.INT.DPRT,India,IND,26915000,..,..,..,..,..
"International tourism, number of departures",ST.INT.DPRT,Singapore,SGP,10711000,1543000,..,..,..,..
"International tourism, number of departures",ST.INT.DPRT,South Africa,ZAF,..,..,..,..,..,..
"International tourism, number of departures",ST.INT.DPRT,Nigeria,NGA,..,..,..,..,..,..
"International tourism, number of departures",ST.INT.DPRT,Australia,AUS,11624000,2832000,..,..,..,..
"International tourism, number of departures",ST.INT.DPRT,Turkiye,TUR,9651000,2243000,..,..,..,..
"International tourism, number of departures",ST.INT.DPRT,Poland,POL,50600000,..,..,..,..,..
Taxes on international trade (% of revenue),GC.TAX.INTT.RV.ZS,United States,USA,2.08682236588789,1.81442616676516,1.99996947348267,1.9742343841129,1.67368059775669,..
Taxes on international trade (% of revenue),GC.TAX.INTT.RV.ZS,United Kingdom,GBR,0.00373523581344098,0.0360576076622416,0.625831825454981,0.66293169840383,0.588538120123717,..
Taxes on international trade (% of revenue),GC.TAX.INTT.RV.ZS,Mexico,MEX,1.42492791764381,1.31903129771378,1.5769812245324,1.68513148695769,1.68868225003555,..
Taxes on international trade (% of revenue),GC.TAX.INTT.RV.ZS,Canada,CAN,1.29246310785382,0.949078946434864,1.02742168063765,1.12800880720952,1.00483121351516,0.897609803272928
Taxes on international trade (% of revenue),GC.TAX.INTT.RV.ZS,Brazil,BRA,2.27191324326793,2.7060464651345,2.79337219387207,2.17352248971196,2.10618660324832,..
Taxes on international trade (% of revenue),GC.TAX.INTT.RV.ZS,Argentina,ARG,13.8643849479265,13.3819968611147,15.0422482293727,15.7209085880323,11.2323152268162,..
Taxes on international trade (% of revenue),GC.TAX.INTT.RV.ZS,Colombia,COL,1.37730083913839,1.06737126418201,1.41924810181097,1.69394857338843,1.32542610114102,..
Taxes on international trade (% of revenue),GC.TAX.INTT.RV.ZS,Germany,DEU,..,..,..,..,..,..
Taxes on international trade (% of revenue),GC.TAX.INTT.RV.ZS,France,FRA,0.00442652820235299,0.00298708563397009,0.00339092995887535,0.0033186879915913,0.0032685427152019,..
Taxes on international trade (% of revenue),GC.TAX.INTT.RV.ZS,Sweden,SWE,..,..,..,..,..,..
Taxes on international trade (% of revenue),GC.TAX.INTT.RV.ZS,Spain,ESP,..,..,..,..,..,..
Taxes on international trade (% of revenue),GC.TAX.INTT.RV.ZS,Italy,ITA,..,..,..,..,..,..
Taxes on international trade (% of revenue),GC.TAX.INTT.RV.ZS,Japan,JPN,..,..,..,..,..,..
Taxes on international trade (% of revenue),GC.TAX.INTT.RV.ZS,"Korea, Rep.",KOR,1.41860245113873,1.29729918484293,1.3769641896469,1.40079069687653,1.09154187696094,..
Taxes on international trade (% of revenue),GC.TAX.INTT.RV.ZS,India,IND,..,..,..,5.49349042783413,..,..
Taxes on international trade (% of revenue),GC.TAX.INTT.RV.ZS,Singapore,SGP,..,..,..,..,..,..
Taxes on international trade (% of revenue),GC.TAX.INTT.RV.ZS,South Africa,ZAF,3.39332205956281,2.98928960559051,3.14706810841518,3.72566269936753,..,..
Taxes on international trade (% of revenue),GC.TAX.INTT.RV.ZS,Nigeria,NGA,..,..,..,..,..,..
Taxes on international trade (% of revenue),GC.TAX.INTT.RV.ZS,Australia,AUS,3.10009994050235,3.8292718357027,3.32071475164726,2.72474963498485,..,..
Taxes on international trade (% of revenue),GC.TAX.INTT.RV.ZS,Turkiye,TUR,1.4389807755633,1.78098964848134,1.68715518299552,2.10578210553056,1.89541355790661,..
Taxes on international trade (% of revenue),GC.TAX.INTT.RV.ZS,Poland,POL,..,..,..,..,..,..
Population growth (annual %),SP.POP.GROW,United States,USA,0.515108555014533,0.408427566758519,0.157317408951545,0.575744520494521,0.83149318773707,0.976421684505429
Population growth (annual %),SP.POP.GROW,United Kingdom,GBR,0.514596380840432,0.169447088341033,0.358937930235741,0.921336799385098,1.30497972307431,1.0659564474212
Population growth (annual %),SP.POP.GROW,Mexico,MEX,0.950144329831411,0.820454117563552,0.66740537533078,0.753116988604166,0.872178517508623,0.860515443690537
Population growth (annual %),SP.POP.GROW,Canada,CAN,1.46171259938134,1.08436897113225,0.553902422386893,1.80390457488184,2.90468017061162,2.96220294420494
Population growth (annual %),SP.POP.GROW,Brazil,BRA,0.651994346081362,0.579350709708032,0.425360907216456,0.360180890872169,0.395928695574996,0.405467027627251
Population growth (annual %),SP.POP.GROW,Argentina,ARG,0.710900853077743,0.484665636741261,0.265879395046274,0.210808731072658,0.286976121920089,0.345829819817895
Population growth (annual %),SP.POP.GROW,Colombia,COL,1.78615507724394,1.43632167326968,1.09642825395961,1.06829295530618,1.12092864340999,1.07447920962035
Population growth (annual %),SP.POP.GROW,Germany,DEU,0.22551987421288,0.0816931586494595,0.0423270572552137,0.720875455989295,0.123957150064395,-0.467077236996451
Population growth (annual %),SP.POP.GROW,France,FRA,0.332559129027963,0.324557781035362,0.356902332389048,0.326992498564887,0.326319200823468,0.335095323008513
Population growth (annual %),SP.POP.GROW,Sweden,SWE,1.01372226345511,0.722703912882934,0.600591532839468,0.68058286829853,0.472717863265105,0.313432129983607
Population growth (annual %),SP.POP.GROW,Spain,ESP,0.716697775475724,0.510010189620998,0.178046695121711,0.718854879160094,1.16881504089364,0.945355767423027
Population growth (annual %),SP.POP.GROW,Italy,ITA,-0.700011055973408,-0.487095091717782,-0.515599998844444,-0.20230086688254,-0.0342216578672275,-0.0126327033700514
Population growth (annual %),SP.POP.GROW,Japan,JPN,-0.140464977878172,-0.294194617750067,-0.459952415807642,-0.443851919148528,-0.487370782049143,-0.435651699326323
Population growth (annual %),SP.POP.GROW,"Korea, Rep.",KOR,0.347874968577526,0.137869266247028,-0.128757315474928,-0.187486566698935,0.077477253324535,0.0743178674548815
Population growth (annual %),SP.POP.GROW,India,IND,1.04001395098104,0.973438646910149,0.822648220128724,0.790200540609834,0.883289539766135,0.890706546985984
Population growth (annual %),SP.POP.GROW,Singapore,SGP,1.14428330688929,-0.311904961250833,-4.17033630017526,3.30862052439523,4.85831607781442,1.99449365639324
Population growth (annual %),SP.POP.GROW,South Africa,ZAF,1.64957495527878,1.62216431400652,1.54055743832642,1.41397227960081,1.32810094082844,1.24951426055192
Population growth (annual %),SP.POP.GROW,Nigeria,NGA,2.1944019229433,2.13029714344341,2.09618685225463,2.09281687128387,2.09838916935738,2.08297776184189
Population growth (annual %),SP.POP.GROW,Australia,AUS,1.47749071058438,1.23342825131378,0.14089508329287,1.27269881377618,2.42431553908742,2.05004113352233
Population growth (annual %),SP.POP.GROW,Turkiye,TUR,1.42969688109789,0.970386031353162,0.910444902564511,0.984586244469359,0.406389351118662,0.225580501096507
Population growth (annual %),SP.POP.GROW,Poland,POL,-0.0244271070993493,-1.19164026205913,-1.4341408496549,-0.433070695882457,-0.365658526875775,-0.362213037220326
"Population, total",SP.POP.TOTL,United States,USA,330226227,331577720,332099760,334017321,336806231,340110988
"Population, total",SP.POP.TOTL,United Kingdom,GBR,66631000,66744000,66984000,67604000,68492000,69226000
"Population, total",SP.POP.TOTL,Mexico,MEX,125762982,126799054,127648148,128613117,129739759,130861007
"Population, total",SP.POP.TOTL,Canada,CAN,37618495,38028638,38239864,38935934,40083484,41288599
"Population, total",SP.POP.TOTL,Brazil,BRA,207455459,208660842,209550294,210306415,211140729,211998573
"Population, total",SP.POP.TOTL,Argentina,ARG,44973465,45191965,45312281,45407904,45538401,45696159
"Population, total",SP.POP.TOTL,Colombia,COL,49907985,50629997,51188173,51737944,52321152,52886363
"Population, total",SP.POP.TOTL,Germany,DEU,83092962,83160871,83196078,83797985,83901923,83510950
"Population, total",SP.POP.TOTL,France,FRA,67382061,67601110,67842811,68065015,68287487,68516699
"Population, total",SP.POP.TOTL,Sweden,SWE,10278887,10353442,10415811,10486941,10536632,10569709
"Population, total",SP.POP.TOTL,Spain,ESP,47118501,47359424,47443821,47786102,48347910,48807137
"Population, total",SP.POP.TOTL,Italy,ITA,59729081,59438851,59133173,59013667,58993475,58986023
"Population, total",SP.POP.TOTL,Japan,JPN,126633000,126261000,125681593,125124989,124516650,123975371
"Population, total",SP.POP.TOTL,"Korea, Rep.",KOR,51764822,51836239,51769539,51672569,51712619,51751065
"Population, total",SP.POP.TOTL,India,IND,1389030312,1402617695,1414203896,1425423212,1438069596,1450935791
"Population, total",SP.POP.TOTL,Singapore,SGP,5703569,5685807,5453566,5637022,5917648,6036860
"Population, total",SP.POP.TOTL,South Africa,ZAF,59587885,60562381,61502603,62378410,63212384,64007187
"Population, total",SP.POP.TOTL,Nigeria,NGA,209485641,213996181,218529286,223150896,227882945,232679478
"Population, total",SP.POP.TOTL,Australia,AUS,25334826,25649248,25685412,26014399,26652777,27204809
"Population, total",SP.POP.TOTL,Turkiye,TUR,82579440,83384680,84147318,84979913,85325965,85518661
"Population, total",SP.POP.TOTL,Poland,POL,37965475,37515748,36981559,36821749,36687353,36554707
Rural population (% of total population),SP.RUR.TOTL.ZS,United States,USA,17.541,17.336,17.127,16.916,16.702,16.485
Rural population (% of total population),SP.RUR.TOTL.ZS,United Kingdom,GBR,16.348,16.097,15.848,15.602,15.358,15.116
Rural population (% of total population),SP.RUR.TOTL.ZS,Mexico,MEX,19.556,19.269,18.984,18.7,18.418,18.138
Rural population (% of total population),SP.RUR.TOTL.ZS,Canada,CAN,18.518,18.438,18.347,18.248,18.138,18.02
Rural population (% of total population),SP.RUR.TOTL.ZS,Brazil,BRA,13.176,12.927,12.683,12.445,12.212,11.984
Rural population (% of total population),SP.RUR.TOTL.ZS,Argentina,ARG,8.009,7.889,7.771,7.65300000000001,7.53700000000001,7.42100000000001
Rural population (% of total population),SP.RUR.TOTL.ZS,Colombia,COL,18.896,18.575,18.26,17.95,17.646,17.348
Rural population (% of total population),SP.RUR.TOTL.ZS,Germany,DEU,22.624,22.547,22.456,22.352,22.235,22.105
Rural population (% of total population),SP.RUR.TOTL.ZS,France,FRA,19.291,19.025,18.758,18.491,18.223,17.956
Rural population (% of total population),SP.RUR.TOTL.ZS,Sweden,SWE,12.292,12.023,11.762,11.508,11.262,11.024
Rural population (% of total population),SP.RUR.TOTL.ZS,Spain,ESP,19.435,19.19,18.944,18.696,18.448,18.198
Rural population (% of total population),SP.RUR.TOTL.ZS,Italy,ITA,29.264,28.961,28.654,28.343,28.027,27.708
Rural population (% of total population),SP.RUR.TOTL.ZS,Japan,JPN,8.30200000000001,8.218,8.133,8.045,7.95699999999999,7.866
Rural population (% of total population),SP.RUR.TOTL.ZS,"Korea, Rep.",KOR,18.57,18.586,18.586,18.573,18.544,18.502
Rural population (% of total population),SP.RUR.TOTL.ZS,India,IND,65.528,65.074,64.607,64.128,63.636,63.133
Rural population (% of total population),SP.RUR.TOTL.ZS,Singapore,SGP,0,0,0,0,0,0
Rural population (% of total population),SP.RUR.TOTL.ZS,South Africa,ZAF,33.144,32.646,32.153,31.665,31.181,30.702
Rural population (% of total population),SP.RUR.TOTL.ZS,Nigeria,NGA,48.843,48.042,47.254,46.479,45.717,44.97
Rural population (% of total population),SP.RUR.TOTL.ZS,Australia,AUS,13.876,13.759,13.638,13.512,13.383,13.25
Rural population (% of total population),SP.RUR.TOTL.ZS,Turkiye,TUR,24.37,23.895,23.431,22.978,22.537,22.107
Rural population (% of total population),SP.RUR.TOTL.ZS,Poland,POL,39.963,39.957,39.925,39.866,39.782,39.67
Rural population growth (annual %),SP.RUR.TOTL.ZG,United States,USA,-0.635535299847193,-0.767144169036004,-1.0555930668173,-0.663880303790005,-0.441650933728023,-0.331339129782075
Rural population growth (annual %),SP.RUR.TOTL.ZG,United Kingdom,GBR,-1.02716494963622,-1.37781568262727,-1.20002904544029,-0.643080767671125,-0.271282966612711,-0.522314201334024
Rural population growth (annual %),SP.RUR.TOTL.ZG,Mexico,MEX,-0.5118088133456,-0.65800147046923,-0.822704289102285,-0.754180317575722,-0.64732885756738,-0.671413462311147
Rural population growth (annual %),SP.RUR.TOTL.ZG,Canada,CAN,1.07904120079101,0.651415715520181,0.0591406038001894,1.26284024196041,2.30004899065608,2.30952035537851
Rural population growth (annual %),SP.RUR.TOTL.ZG,Brazil,BRA,-1.26485336305963,-1.3285329992845,-1.48020144874595,-1.53417905815774,-1.49405539741967,-1.47919841301655
Rural population growth (annual %),SP.RUR.TOTL.ZG,Argentina,ARG,-0.788597917833347,-1.02499544333322,-1.24118018454309,-1.31929090861124,-1.24038550649962,-1.20520131382304
Rural population growth (annual %),SP.RUR.TOTL.ZG,Colombia,COL,0.0756334362558408,-0.27704624032024,-0.61394806882992,-0.643978337682665,-0.587175749722585,-0.628708613480075
Rural population growth (annual %),SP.RUR.TOTL.ZG,Germany,DEU,-0.0569656713221133,-0.259233129793983,-0.362094669488807,0.25667537420783,-0.400860545813759,-1.05346185687202
Rural population growth (annual %),SP.RUR.TOTL.ZG,France,FRA,-1.03179527466861,-1.06391683374409,-1.05645768339267,-1.10662315118271,-1.13363891720135,-1.14093163619739
Rural population growth (annual %),SP.RUR.TOTL.ZG,Sweden,SWE,-1.21477073615386,-1.49005557601014,-1.59410510031156,-1.50261159474462,-1.68813169818885,-1.82245332437513
Rural population growth (annual %),SP.RUR.TOTL.ZG,Spain,ESP,-0.530950516680407,-0.758623972631372,-1.11215832307533,-0.598902115526839,-0.166557369715535,-0.419063544342617
Rural population growth (annual %),SP.RUR.TOTL.ZG,Italy,ITA,-1.71317711634,-1.52789091401091,-1.5813091949036,-1.29359272798971,-1.1554007482934,-1.15734791984543
Rural population growth (annual %),SP.RUR.TOTL.ZG,Japan,JPN,-1.12332728122151,-1.31115557603189,-1.49965333207488,-1.53176382377328,-1.5872391506449,-1.58588709566545
Rural population growth (annual %),SP.RUR.TOTL.ZG,"Korea, Rep.",KOR,0.504154117366634,0.223993326888109,-0.128748361821852,-0.257463668092277,-0.0787836052861137,-0.152427138495345
Rural population growth (annual %),SP.RUR.TOTL.ZG,India,IND,0.367757812761523,0.278193813688018,0.102416210666256,0.0460327046150232,0.113115762563533,0.0971329960765832
Rural population growth (annual %),SP.RUR.TOTL.ZG,Singapore,SGP,..,..,..,..,..,..
Rural population growth (annual %),SP.RUR.TOTL.ZG,South Africa,ZAF,0.149302717288393,0.10822600603684,0.01889944879368,-0.115404509414237,-0.212207266241273,-0.298594745367228
Rural population growth (annual %),SP.RUR.TOTL.ZG,Nigeria,NGA,0.543586791253677,0.476752107002739,0.442355120450979,0.439145854373204,0.445351385252193,0.435515564317608
Rural population growth (annual %),SP.RUR.TOTL.ZG,Australia,AUS,0.673555249409334,0.386682933759622,-0.742432082606775,0.344540883621696,1.46500639719691,1.05127064559814
Rural population growth (annual %),SP.RUR.TOTL.ZG,Turkiye,TUR,-0.548955802481099,-0.997981310132594,-1.05048408041077,-0.967684992337478,-1.53149049965711,-1.70083319910077
Rural population growth (annual %),SP.RUR.TOTL.ZG,Poland,POL,0.028134459433428,-1.20665962263319,-1.5142590880355,-0.580957267257251,-0.576582007192876,-0.64414786614845
Urban population (% of total population),SP.URB.TOTL.IN.ZS,United States,USA,82.459,82.664,82.873,83.084,83.298,83.515
Urban population (% of total population),SP.URB.TOTL.IN.ZS,United Kingdom,GBR,83.652,83.903,84.152,84.398,84.642,84.884
Urban population (% of total population),SP.URB.TOTL.IN.ZS,Mexico,MEX,80.444,80.731,81.016,81.3,81.582,81.862
Urban population (% of total population),SP.URB.TOTL.IN.ZS,Canada,CAN,81.482,81.562,81.653,81.752,81.862,81.98
Urban population (% of total population),SP.URB.TOTL.IN.ZS,Brazil,BRA,86.824,87.073,87.317,87.555,87.788,88.016
Urban population (% of total population),SP.URB.TOTL.IN.ZS,Argentina,ARG,91.991,92.111,92.229,92.347,92.463,92.579
Urban population (% of total population),SP.URB.TOTL.IN.ZS,Colombia,COL,81.104,81.425,81.74,82.05,82.354,82.652
Urban population (% of total population),SP.URB.TOTL.IN.ZS,Germany,DEU,77.376,77.453,77.544,77.648,77.765,77.895
Urban population (% of total population),SP.URB.TOTL.IN.ZS,France,FRA,80.709,80.975,81.242,81.509,81.777,82.044
Urban population (% of total population),SP.URB.TOTL.IN.ZS,Sweden,SWE,87.708,87.977,88.238,88.492,88.738,88.976
Urban population (% of total population),SP.URB.TOTL.IN.ZS,Spain,ESP,80.565,80.81,81.056,81.304,81.552,81.802
Urban population (% of total population),SP.URB.TOTL.IN.ZS,Italy,ITA,70.736,71.039,71.346,71.657,71.973,72.292
Urban population (% of total population),SP.URB.TOTL.IN.ZS,Japan,JPN,91.698,91.782,91.867,91.955,92.043,92.134
Urban population (% of total population),SP.URB.TOTL.IN.ZS,"Korea, Rep.",KOR,81.43,81.414,81.414,81.427,81.456,81.498
Urban population (% of total population),SP.URB.TOTL.IN.ZS,India,IND,34.472,34.926,35.393,35.872,36.364,36.867
Urban population (% of total population),SP.URB.TOTL.IN.ZS,Singapore,SGP,100,100,100,100,100,100
Urban population (% of total population),SP.URB.TOTL.IN.ZS,South Africa,ZAF,66.856,67.354,67.847,68.335,68.819,69.298
Urban population (% of total population),SP.URB.TOTL.IN.ZS,Nigeria,NGA,51.157,51.958,52.746,53.521,54.283,55.03
Urban population (% of total population),SP.URB.TOTL.IN.ZS,Australia,AUS,86.124,86.241,86.362,86.488,86.617,86.75
Urban population (% of total population),SP.URB.TOTL.IN.ZS,Turkiye,TUR,75.63,76.105,76.569,77.022,77.463,77.893
Urban population (% of total population),SP.URB.TOTL.IN.ZS,Poland,POL,60.037,60.043,60.075,60.134,60.218,60.33
Urban population growth (annual %),SP.URB.GROW,United States,USA,0.761595157723461,0.656727102951006,0.409829196265549,0.830027438814483,1.08873258073205,1.23659363787414
Urban population growth (annual %),SP.URB.GROW,United Kingdom,GBR,0.818697366540708,0.469050071710464,0.655270844323942,1.21323809207328,1.59366947201538,1.3514582215665
Urban population growth (annual %),SP.URB.GROW,Mexico,MEX,1.30879930942112,1.17658908938747,1.01980862914655,1.10305152269145,1.21844174097919,1.20314137259482
Urban population growth (annual %),SP.URB.GROW,Canada,CAN,1.54888498160661,1.18250319598657,0.665410421406294,1.9250771414666,3.03914326883352,3.1062418205964
Urban population growth (annual %),SP.URB.GROW,Brazil,BRA,0.946124107128195,0.865727194353952,0.705193508220296,0.632380457299841,0.661693384781811,0.664847024770479
Urban population growth (annual %),SP.URB.GROW,Argentina,ARG,0.842521815308169,0.615028911928924,0.393904283014769,0.338668250794531,0.412511398836538,0.471206008710255
Urban population growth (annual %),SP.URB.GROW,Colombia,COL,2.18891859903695,1.83132885907728,1.48254202183083,1.44682584119146,1.49075099146876,1.43567804992394
Urban population growth (annual %),SP.URB.GROW,Germany,DEU,0.30826693577482,0.181157523178267,0.15974977086524,0.854901972242501,0.274523691941495,-0.300045080252953
Urban population growth (annual %),SP.URB.GROW,France,FRA,0.661441007392893,0.653594576371169,0.686091869029281,0.655100354084571,0.654577589532647,0.661062424539315
Urban population growth (annual %),SP.URB.GROW,Sweden,SWE,1.33004433880562,1.02894002235642,0.896813771764536,0.968032399844047,0.750326881306508,0.581270101200291
Urban population growth (annual %),SP.URB.GROW,Spain,ESP,1.02001764768787,0.813653099210624,0.482002006721022,1.02434695745198,1.47338087747604,1.25143809575998
Urban population growth (annual %),SP.URB.GROW,Italy,ITA,-0.277836405816622,-0.0596580808105052,-0.0843723464907017,0.232653944597574,0.405799964250842,0.429609757181424
Urban population growth (annual %),SP.URB.GROW,Japan,JPN,-0.0510014914514158,-0.202631222664941,-0.367384540062546,-0.348106762186141,-0.391718017575944,-0.336833844891499
Urban population growth (annual %),SP.URB.GROW,"Korea, Rep.",KOR,0.312269897922803,0.118218402592122,-0.128759359504165,-0.171518358139427,0.113085223805968,0.125866108163057
Urban population growth (annual %),SP.URB.GROW,India,IND,2.33050520161306,2.28185236741633,2.15090056523008,2.13449924103946,2.2455122213564,2.26446328423312
Urban population growth (annual %),SP.URB.GROW,Singapore,SGP,1.14428330688929,-0.311904961250821,-4.17033630017526,3.30862052439523,4.85831607781442,1.99449365639326
Urban population growth (annual %),SP.URB.GROW,South Africa,ZAF,2.40176716385477,2.3642890283083,2.26984532182972,2.13066233576154,2.03388201639385,1.94312982083253
Urban population growth (annual %),SP.URB.GROW,Nigeria,NGA,3.79639032434636,3.68393418210316,3.60141045433703,3.55143301410608,3.51208939849018,3.44971685567002
Urban population growth (annual %),SP.URB.GROW,Australia,AUS,1.60762467607999,1.36918474912152,0.281103300397357,1.41848597605496,2.57336049684863,2.20347308455882
Urban population growth (annual %),SP.URB.GROW,Turkiye,TUR,2.07570312325182,1.59648082414676,1.51827751324798,1.5744667681167,0.977319087907462,0.779150192091715
Urban population growth (annual %),SP.URB.GROW,Poland,POL,-0.0593988549139279,-1.18164403219459,-1.38085987078673,-0.334908198715239,-0.226071069710855,-0.176392637156736
Gini index,SI.POV.GINI,United States,USA,41.9,40,39.7,41.7,41.8,..
Gini index,SI.POV.GINI,United Kingdom,GBR,32.8,32.6,32.4,..,..,..
Gini index,SI.POV.GINI,Mexico,MEX,..,44.6,..,43.5,..,..
Gini index,SI.POV.GINI,Canada,CAN,31.7,29.9,31.1,..,..,..
Gini index,SI.POV.GINI,Brazil,BRA,53.5,48.9,52.9,52,51.6,..
Gini index,SI.POV.GINI,Argentina,ARG,43.3,42.7,42.4,40.7,42.4,42.4
Gini index,SI.POV.GINI,Colombia,COL,51.3,53.5,55.1,54.8,53.9,..
Gini index,SI.POV.GINI,Germany,DEU,31.8,32.4,..,..,..,..
Gini index,SI.POV.GINI,France,FRA,31.2,30.7,31.5,31.2,31.8,..
Gini index,SI.POV.GINI,Sweden,SWE,29.3,28.9,29.8,31.6,29.3,..
Gini index,SI.POV.GINI,Spain,ESP,34.3,34.9,33.9,33.6,33.4,..
Gini index,SI.POV.GINI,Italy,ITA,34.6,35.2,34.8,33.7,34.3,..
Gini index,SI.POV.GINI,Japan,JPN,33,32.3,..,..,..,..
Gini index,SI.POV.GINI,"Korea, Rep.",KOR,33.2,32.7,32.9,..,..,..
Gini index,SI.POV.GINI,India,IND,..,..,..,25.5,..,..
Gini index,SI.POV.GINI,Singapore,SGP,..,..,..,..,..,..
Gini index,SI.POV.GINI,South Africa,ZAF,..,..,..,..,..,..
Gini index,SI.POV.GINI,Nigeria,NGA,..,..,..,33.9,..,..
Gini index,SI.POV.GINI,Australia,AUS,..,33.8,..,..,..,..
Gini index,SI.POV.GINI,Turkiye,TUR,43.8,43,44.4,44.5,..,..
Gini index,SI.POV.GINI,Poland,POL,28.8,28.5,28.5,28.9,28.5,..
Individuals using the Internet (% of population),IT.NET.USER.ZS,United States,USA,89.4303,90.3447,91.2684,92.2016,93.1444,..
Individuals using the Internet (% of population),IT.NET.USER.ZS,United Kingdom,GBR,92.5166,94.8182,96.1965,96.2989,96.2988,..
Individuals using the Internet (% of population),IT.NET.USER.ZS,Mexico,MEX,69.6321,71.4902,75.6265,78.6322,81.1832,..
Individuals using the Internet (% of population),IT.NET.USER.ZS,Canada,CAN,91.9129,92.3,93.9371,94,93.9564,..
Individuals using the Internet (% of population),IT.NET.USER.ZS,Brazil,BRA,73.9124,81.3427,80.6899,80.5278,84.1506,84.4635
Individuals using the Internet (% of population),IT.NET.USER.ZS,Argentina,ARG,79.947,85.5144,87.1507,88.3754,89.229,89.6672
Individuals using the Internet (% of population),IT.NET.USER.ZS,Colombia,COL,65.0069,69.7953,73.0284,72.7964,77.3369,..
Individuals using the Internet (% of population),IT.NET.USER.ZS,Germany,DEU,88.1345,89.8129,91.4306,91.6298,92.4764,93.5
Individuals using the Internet (% of population),IT.NET.USER.ZS,France,FRA,83.3397,84.7064,86.0955,85.3333,86.8364,88.6538
Individuals using the Internet (% of population),IT.NET.USER.ZS,Sweden,SWE,94.4934,94.5394,94.6703,95.0097,95.7033,95.5293
Individuals using the Internet (% of population),IT.NET.USER.ZS,Spain,ESP,90.7187,93.2056,93.8975,94.4855,95.4456,95.7575
Individuals using the Internet (% of population),IT.NET.USER.ZS,Italy,ITA,67.8507,70.4834,74.8623,85.0607,87.0278,89.2207
Individuals using the Internet (% of population),IT.NET.USER.ZS,Japan,JPN,92.7304,90.2195,82.9141,84.9234,86.9815,..
Individuals using the Internet (% of population),IT.NET.USER.ZS,"Korea, Rep.",KOR,96.1576,96.5051,97.5713,97.1686,97.416,97.8956
Individuals using the Internet (% of population),IT.NET.USER.ZS,India,IND,29.5235,43.4054,..,55.9,..,..
Individuals using the Internet (% of population),IT.NET.USER.ZS,Singapore,SGP,88.9493,92.0043,96.9247,95.9539,94.2852,94.3776
Individuals using the Internet (% of population),IT.NET.USER.ZS,South Africa,ZAF,69.6969,72.1128,74.9686,75.4556,75.6592,..
Individuals using the Internet (% of population),IT.NET.USER.ZS,Nigeria,NGA,29.7,31.8888,35.5098,37.6975,39.2136,..
Individuals using the Internet (% of population),IT.NET.USER.ZS,Australia,AUS,93.6099,94.6935,96.9722,97.0424,97.0631,..
Individuals using the Internet (% of population),IT.NET.USER.ZS,Turkiye,TUR,73.9767,77.6696,81.4084,83.4372,85.9607,87.3079
Individuals using the Internet (% of population),IT.NET.USER.ZS,Poland,POL,80.4359,83.1849,85.3749,86.9411,86.4147,88.585
Secure Internet servers,IT.NET.SECR,United States,USA,40706354,46678110,52122869,60194281,62879335,66850221
Secure Internet servers,IT.NET.SECR,United Kingdom,GBR,2405337,2445275,2954879,3003030,3243401,4738464
Secure Internet servers,IT.NET.SECR,Mexico,MEX,34635,41615,44523,49116,53468,69573
Secure Internet servers,IT.NET.SECR,Canada,CAN,1349486,1515773,1665049,1699682,1706155,1639684
Secure Internet servers,IT.NET.SECR,Brazil,BRA,578468,656211,743189,985305,1188440,1471519
Secure Internet servers,IT.NET.SECR,Argentina,ARG,135647,167248,231834,240087,248239,249201
Secure Internet servers,IT.NET.SECR,Colombia,COL,39298,20646,33071,34646,58030,59561
Secure Internet servers,IT.NET.SECR,Germany,DEU,6478761,8109646,9425914,10553940,11657953,12704030
Secure Internet servers,IT.NET.SECR,France,FRA,1971311,2440930,2689564,3227132,3556589,3926271
Secure Internet servers,IT.NET.SECR,Sweden,SWE,264047,338969,402066,480359,558403,582362
Secure Internet servers,IT.NET.SECR,Spain,ESP,834027,1022461,1185347,1292439,1389353,1464800
Secure Internet servers,IT.NET.SECR,Italy,ITA,914642,1229028,1467886,1656567,1783922,1806733
Secure Internet servers,IT.NET.SECR,Japan,JPN,2361325,2884902,3233771,3620375,3947391,4082355
Secure Internet servers,IT.NET.SECR,"Korea, Rep.",KOR,234958,307856,379684,455851,503079,615961
Secure Internet servers,IT.NET.SECR,India,IND,531807,662298,746969,1040120,1389294,1759175
Secure Internet servers,IT.NET.SECR,Singapore,SGP,698581,729931,963602,1198709,1353061,1265721
Secure Internet servers,IT.NET.SECR,South Africa,ZAF,840493,855339,987583,935049,934721,1066247
Secure Internet servers,IT.NET.SECR,Nigeria,NGA,15036,15242,13450,10509,10847,22887
Secure Internet servers,IT.NET.SECR,Australia,AUS,931399,1022449,1193898,1255844,1268103,1204688
Secure Internet servers,IT.NET.SECR,Turkiye,TUR,453706,570108,652636,778926,843190,949548
Secure Internet servers,IT.NET.SECR,Poland,POL,782319,954351,1161013,1280389,1369941,1503749
Mobile cellular subscriptions (per 100 people),IT.CEL.SETS.P2,United States,USA,105.321,103.855,106.325,108.786,112.411,..
Mobile cellular subscriptions (per 100 people),IT.CEL.SETS.P2,United Kingdom,GBR,120.25,117.305,117.887,119.834,122.796,..
Mobile cellular subscriptions (per 100 people),IT.CEL.SETS.P2,Mexico,MEX,97.0359,96.9237,99.0948,105.713,111.562,..
Mobile cellular subscriptions (per 100 people),IT.CEL.SETS.P2,Canada,CAN,90.9589,84.7748,87.4056,91.2387,94.1497,..
Mobile cellular subscriptions (per 100 people),IT.CEL.SETS.P2,Brazil,BRA,97.3747,98.6456,104.825,101.245,101.02,..
Mobile cellular subscriptions (per 100 people),IT.CEL.SETS.P2,Argentina,ARG,125.303,121.181,130.353,131.484,137.706,..
Mobile cellular subscriptions (per 100 people),IT.CEL.SETS.P2,Colombia,COL,132.811,133.661,146.628,156.195,166.98,..
Mobile cellular subscriptions (per 100 people),IT.CEL.SETS.P2,Germany,DEU,128.292,128.425,127.125,124.158,124.663,..
Mobile cellular subscriptions (per 100 people),IT.CEL.SETS.P2,France,FRA,109.601,110.387,113.953,115.951,116.688,..
Mobile cellular subscriptions (per 100 people),IT.CEL.SETS.P2,Sweden,SWE,125.457,123.549,124.961,140.782,140.266,..
Mobile cellular subscriptions (per 100 people),IT.CEL.SETS.P2,Spain,ESP,116.696,116.712,119,123.4,127.715,..
Mobile cellular subscriptions (per 100 people),IT.CEL.SETS.P2,Italy,ITA,132.181,129.49,130.781,131.674,131.872,..
Mobile cellular subscriptions (per 100 people),IT.CEL.SETS.P2,Japan,JPN,147.21,154.432,159.516,168.603,178.432,..
Mobile cellular subscriptions (per 100 people),IT.CEL.SETS.P2,"Korea, Rep.",KOR,133.08,135.973,140.516,148.684,162.114,..
Mobile cellular subscriptions (per 100 people),IT.CEL.SETS.P2,India,IND,82.8981,82.254,81.604,80.1818,80.5632,..
Mobile cellular subscriptions (per 100 people),IT.CEL.SETS.P2,Singapore,SGP,159.347,150.259,157.978,173.005,173.2,..
Mobile cellular subscriptions (per 100 people),IT.CEL.SETS.P2,South Africa,ZAF,162.739,158.447,163.128,160.729,171.509,..
Mobile cellular subscriptions (per 100 people),IT.CEL.SETS.P2,Nigeria,NGA,88.1169,95.4357,89.2916,99.5852,98.4773,..
Mobile cellular subscriptions (per 100 people),IT.CEL.SETS.P2,Australia,AUS,109.753,104.93,105.119,109.469,112.513,..
Mobile cellular subscriptions (per 100 people),IT.CEL.SETS.P2,Turkiye,TUR,94.6498,95.3961,99.5415,103.721,105.684,..
Mobile cellular subscriptions (per 100 people),IT.CEL.SETS.P2,Poland,POL,126.597,129.288,132.987,137.002,135.146,..
Fixed broadband subscriptions (per 100 people),IT.NET.BBND.P2,United States,USA,33.8352,35.7157,37.0074,37.4888,38.1475,..
Fixed broadband subscriptions (per 100 people),IT.NET.BBND.P2,United Kingdom,GBR,40.0228,40.5775,41.1135,41.2867,41.4368,..
Fixed broadband subscriptions (per 100 people),IT.NET.BBND.P2,Mexico,MEX,15.3885,17.7521,19.2797,20.2861,20.0882,..
Fixed broadband subscriptions (per 100 people),IT.NET.BBND.P2,Canada,CAN,40.0768,40.795,41.6931,42.1792,42.5242,..
Fixed broadband subscriptions (per 100 people),IT.NET.BBND.P2,Brazil,BRA,15.8622,17.4181,19.8363,20.9534,22.4192,..
Fixed broadband subscriptions (per 100 people),IT.NET.BBND.P2,Argentina,ARG,19.5519,21.1798,23.15,24.6832,25.3581,..
Fixed broadband subscriptions (per 100 people),IT.NET.BBND.P2,Colombia,COL,13.9253,15.3363,16.4768,17.0075,17.037,..
Fixed broadband subscriptions (per 100 people),IT.NET.BBND.P2,Germany,DEU,42.1156,43.3049,44.0643,44.6186,45.3805,..
Fixed broadband subscriptions (per 100 people),IT.NET.BBND.P2,France,FRA,45.2765,46.4712,47.6442,48.2502,48.6688,..
Fixed broadband subscriptions (per 100 people),IT.NET.BBND.P2,Sweden,SWE,39.2906,40.368,40.8351,40.6093,40.734,..
Fixed broadband subscriptions (per 100 people),IT.NET.BBND.P2,Spain,ESP,32.922,33.9528,34.9302,35.7846,37.2148,..
Fixed broadband subscriptions (per 100 people),IT.NET.BBND.P2,Italy,ITA,29.0545,30.2586,31.2853,31.1914,31.8411,..
Fixed broadband subscriptions (per 100 people),IT.NET.BBND.P2,Japan,JPN,33.5459,34.8371,35.9392,36.8414,38.6312,..
Fixed broadband subscriptions (per 100 people),IT.NET.BBND.P2,"Korea, Rep.",KOR,42.0374,43.0541,44.2526,45.4542,46.5676,..
Fixed broadband subscriptions (per 100 people),IT.NET.BBND.P2,India,IND,1.37913,1.63623,1.9488,2.35232,2.74535,..
Fixed broadband subscriptions (per 100 people),IT.NET.BBND.P2,Singapore,SGP,26.5276,26.8623,27.5211,27.551,27.4344,..
Fixed broadband subscriptions (per 100 people),IT.NET.BBND.P2,South Africa,ZAF,2.09834,2.15159,2.75541,3.12297,3.40566,..
Fixed broadband subscriptions (per 100 people),IT.NET.BBND.P2,Nigeria,NGA,0.0397927,0.0305206,0.0301639,0.0433814,0.0512838,..
Fixed broadband subscriptions (per 100 people),IT.NET.BBND.P2,Australia,AUS,34.5434,35.3468,35.836,36.3933,36.6047,..
Fixed broadband subscriptions (per 100 people),IT.NET.BBND.P2,Turkiye,TUR,16.6733,19.4384,20.9211,21.823,22.4592,..
Fixed broadband subscriptions (per 100 people),IT.NET.BBND.P2,Poland,POL,20.5043,21.9256,22.8166,23.8373,26.114,..
"Literacy rate, adult total (% of people ages 15 and above)",SE.ADT.LITR.ZS,United States,USA,..,..,..,..,..,..
"Literacy rate, adult total (% of people ages 15 and above)",SE.ADT.LITR.ZS,United Kingdom,GBR,..,..,..,..,..,..
"Literacy rate, adult total (% of people ages 15 and above)",SE.ADT.LITR.ZS,Mexico,MEX,95.3889403219417,95.25,95.6890981310362,95.8486603965766,95.8346901734281,95.7654716766416
"Literacy rate, adult total (% of people ages 15 and above)",SE.ADT.LITR.ZS,Canada,CAN,..,..,..,..,..,..
"Literacy rate, adult total (% of people ages 15 and above)",SE.ADT.LITR.ZS,Brazil,BRA,93.9019248012051,94.7576490611664,94.7848837154757,94.3853874531348,94.5839624750993,94.8005123042056
"Literacy rate, adult total (% of people ages 15 and above)",SE.ADT.LITR.ZS,Argentina,ARG,..,99.1399993896484,..,..,..,..
"Literacy rate, adult total (% of people ages 15 and above)",SE.ADT.LITR.ZS,Colombia,COL,95.25,95.6399993896484,95.666552016916,95.3138834471897,95.4625553716428,95.3399963378906
"Literacy rate, adult total (% of people ages 15 and above)",SE.ADT.LITR.ZS,Germany,DEU,..,..,..,..,..,..
"Literacy rate, adult total (% of people ages 15 and above)",SE.ADT.LITR.ZS,France,FRA,..,..,..,..,..,..
"Literacy rate, adult total (% of people ages 15 and above)",SE.ADT.LITR.ZS,Sweden,SWE,..,..,..,..,..,..
"Literacy rate, adult total (% of people ages 15 and above)",SE.ADT.LITR.ZS,Spain,ESP,..,98.5899963378906,99.6999969482422,..,..,..
"Literacy rate, adult total (% of people ages 15 and above)",SE.ADT.LITR.ZS,Italy,ITA,99.3499984741211,..,..,..,..,..
"Literacy rate, adult total (% of people ages 15 and above)",SE.ADT.LITR.ZS,Japan,JPN,..,..,..,..,..,..
"Literacy rate, adult total (% of people ages 15 and above)",SE.ADT.LITR.ZS,"Korea, Rep.",KOR,..,..,..,..,..,..
"Literacy rate, adult total (% of people ages 15 and above)",SE.ADT.LITR.ZS,India,IND,74.9084268267486,75.5437727049002,76.0715766188242,76.3199996948242,81.6999969482422,..
"Literacy rate, adult total (% of people ages 15 and above)",SE.ADT.LITR.ZS,Singapore,SGP,97.4800033569336,97.129997253418,97.6500015258789,..,..,..
"Literacy rate, adult total (% of people ages 15 and above)",SE.ADT.LITR.ZS,South Africa,ZAF,95.0199966430664,..,90,..,..,91.1500015258789
"Literacy rate, adult total (% of people ages 15 and above)",SE.ADT.LITR.ZS,Nigeria,NGA,..,..,63.1599998474121,..,..,70.4100036621094
"Literacy rate, adult total (% of people ages 15 and above)",SE.ADT.LITR.ZS,Australia,AUS,..,..,..,..,..,..
"Literacy rate, adult total (% of people ages 15 and above)",SE.ADT.LITR.ZS,Turkiye,TUR,96.7399978637695,..,97.2600021362305,..,..,..
"Literacy rate, adult total (% of people ages 15 and above)",SE.ADT.LITR.ZS,Poland,POL,..,..,..,..,..,..
"Literacy rate, youth total (% of people ages 15-24)",SE.ADT.1524.LT.ZS,United States,USA,..,..,..,..,..,..
"Literacy rate, youth total (% of people ages 15-24)",SE.ADT.1524.LT.ZS,United Kingdom,GBR,..,..,..,..,..,..
"Literacy rate, youth total (% of people ages 15-24)",SE.ADT.1524.LT.ZS,Mexico,MEX,99.1938120034309,99.0800018310547,99.254077553763,99,99.1639802251459,99.1996054782668
"Literacy rate, youth total (% of people ages 15-24)",SE.ADT.1524.LT.ZS,Canada,CAN,..,..,..,..,..,..
"Literacy rate, youth total (% of people ages 15-24)",SE.ADT.1524.LT.ZS,Brazil,BRA,99.1,99.2,99.3,99.3,99.3,99.3563694149054
"Literacy rate, youth total (% of people ages 15-24)",SE.ADT.1524.LT.ZS,Argentina,ARG,..,99.6800003051758,..,..,..,..
"Literacy rate, youth total (% of people ages 15-24)",SE.ADT.1524.LT.ZS,Colombia,COL,98.8300018310547,99.0100021362305,99.1,98.9,99,98.9599990844727
"Literacy rate, youth total (% of people ages 15-24)",SE.ADT.1524.LT.ZS,Germany,DEU,..,..,..,..,..,..
"Literacy rate, youth total (% of people ages 15-24)",SE.ADT.1524.LT.ZS,France,FRA,..,..,..,..,..,..
"Literacy rate, youth total (% of people ages 15-24)",SE.ADT.1524.LT.ZS,Sweden,SWE,..,..,..,..,..,..
"Literacy rate, youth total (% of people ages 15-24)",SE.ADT.1524.LT.ZS,Spain,ESP,..,99.620002746582,99.7300033569336,..,..,..
"Literacy rate, youth total (% of people ages 15-24)",SE.ADT.1524.LT.ZS,Italy,ITA,99.870002746582,..,..,..,..,..
"Literacy rate, youth total (% of people ages 15-24)",SE.ADT.1524.LT.ZS,Japan,JPN,..,..,..,..,..,..
"Literacy rate, youth total (% of people ages 15-24)",SE.ADT.1524.LT.ZS,"Korea, Rep.",KOR,..,..,..,..,..,..
"Literacy rate, youth total (% of people ages 15-24)",SE.ADT.1524.LT.ZS,India,IND,94.7674702180886,95.675096052413,95.8899228556846,96.5400009155273,97.0400009155273,..
"Literacy rate, youth total (% of people ages 15-24)",SE.ADT.1524.LT.ZS,Singapore,SGP,99.9300003051758,99.7300033569336,99.8899993896484,..,..,..
"Literacy rate, youth total (% of people ages 15-24)",SE.ADT.1524.LT.ZS,South Africa,ZAF,98.4100036621094,..,96.6999969482422,..,..,97.1699981689453
"Literacy rate, youth total (% of people ages 15-24)",SE.ADT.1524.LT.ZS,Nigeria,NGA,..,..,73.6699981689453,..,..,81.3600006103516
"Literacy rate, youth total (% of people ages 15-24)",SE.ADT.1524.LT.ZS,Australia,AUS,..,..,..,..,..,..
"Literacy rate, youth total (% of people ages 15-24)",SE.ADT.1524.LT.ZS,Turkiye,TUR,99.9100036621094,..,99.9599990844727,92.23,..,..
"Literacy rate, youth total (% of people ages 15-24)",SE.ADT.1524.LT.ZS,Poland,POL,..,..,..,..,..,..
,,,,,,,,,
,,,,,,,,,
,,,,,,,,,
Data from database: World Development Indicators,,,,,,,,,
Last Updated: 12/04/2025,,,,,,,,,
Code,License Type,Indicator Name,Short definition,Long definition,Source,Topic,Dataset,Unit of measure,Periodicity,Reference period,Aggregation method,Statistical concept and methodology,Development relevance,Limitations and exceptions,Other notes,License URL
NY.GDP.PCAP.CD,CC BY-4.0,GDP per capita (current US$),"Gross domestic product is the total income earned through the production of goods and services in an economic territory during an accounting period. It can be measured in three different ways: using either the expenditure approach, the income approach, or the production approach. The core indicator has been divided by the general population to achieve a per capita estimate.This indicator is expressed in current prices, meaning no adjustment has been made to account for price changes over time. This indicator is expressed in United States dollars.","Gross domestic product is the total income earned through the production of goods and services in an economic territory during an accounting period. It can be measured in three different ways: using either the expenditure approach, the income approach, or the production approach. The core indicator has been divided by the general population to achieve a per capita estimate.This indicator is expressed in current prices, meaning no adjustment has been made to account for price changes over time. This indicator is expressed in United States dollars.","Country official statistics, National Statistical Organizations and/or Central Banks;
National Accounts data files, Organisation for Economic Co-operation and Development (OECD);
Staff estimates, World Bank (WB)",Economic Policy & Debt: National accounts: US$ at current prices: Aggregate indicators,WDI,current US$,Annual,1960-2024,Weighted average,"Methodology: National accounts are compiled in accordance with international standards: System of National Accounts, 2008 or 1993 versions. Specific information on how countries compile their national accounts can be found on the IMF website: https://dsbb.imf.org/ Per capita estimates are divided by the total population.
Statistical concept(s): The conceptual elements of the SNA (System of National Accounts) measure what takes place in the economy, between which agents, and for what purpose. At the heart of the SNA is the production of goods and services. These may be used for consumption in the period to which the accounts relate or may be accumulated for use in a later period. In simple terms, the amount of value added generated by production represents GDP. The income corresponding to GDP is distributed to the various agents or groups of agents as income and it is the process of distributing and redistributing income that allows one agent to consume the goods and services produced by another agent or to acquire goods and services for later consumption. The way in which the SNA captures this pattern of economic flows is to identify the activities concerned by recognizing the institutional units in the economy and by specifying the structure of accounts capturing the transactions relevant to one stage or another of the process by which goods and services are produced and ultimately consumed.","This indicator is related to the national accounts, which are critical for understanding and managing a country's economy. They provide a framework for the analysis of economic performance. National accounts are the basis for estimating the Gross Domestic Product (GDP) and Gross National Income (GNI), which are the most widely used indicator of economic performance. They are essential for government policymakers, providing the data needed to design and assess fiscal and monetary policies; and are also used by businesses and investors to assess the economic climate and make investment decisions. NAS enable comparison between economies, which is crucial for international trade, investment decisions, and economic competitiveness. More specifically, this indicator is related to national accounts aggregates. Gross Domestic Product (GDP), Gross National Income (GNI), and other aggregates provide a snapshot of the size and health of an economy by measuring the total economic activity within a country. They can thus be used by policymakers to design and implement economic policies, as they reflect the overall economic performance and can indicate the need for intervention in certain areas. Aggregates also allow for comparisons between different economies, which can be useful for trade negotiations, investment decisions, and economic benchmarking. By examining aggregates over time, economists and analysts can identify trends, cycles, and potential areas of concern within an economy, and investors can use national accounts aggregates to assess the potential risks and returns of investing in a particular country. Overall, national accounts aggregates are fundamental tools for economic analysis, policy formulation, and decision-making at both the national and international levels.",,,https://datacatalog.worldbank.org/public-licenses#cc-by
NY.GDP.DEFL.KD.ZG,CC BY-4.0,"Inflation, GDP deflator (annual % growth)",Inflation as measured by the annual growth rate of the GDP implicit deflator shows the rate of price change in the economy as a whole. The GDP implicit deflator is the ratio of GDP in current local currency to GDP in constant local currency.,Inflation as measured by the annual growth rate of the GDP implicit deflator shows the rate of price change in the economy as a whole. The GDP implicit deflator is the ratio of GDP in current local currency to GDP in constant local currency.,"Country official statistics, National Statistical Organizations and/or Central Banks;
National Accounts data files, Organisation for Economic Co-operation and Development (OECD);
Staff estimates, World Bank (WB)",Financial Sector: Exchange rates & prices,WDI,%,Annual,1961-2024,Median,"Methodology: National accounts are compiled in accordance with international standards: System of National Accounts, 2008 or 1993 versions. Specific information on how countries compile their national accounts can be found on the IMF website: https://dsbb.imf.org/
Statistical concept(s): The conceptual elements of the SNA (System of National Accounts) measure what takes place in the economy, between which agents, and for what purpose. At the heart of the SNA is the production of goods and services. These may be used for consumption in the period to which the accounts relate or may be accumulated for use in a later period. In simple terms, the amount of value added generated by production represents GDP. The income corresponding to GDP is distributed to the various agents or groups of agents as income and it is the process of distributing and redistributing income that allows one agent to consume the goods and services produced by another agent or to acquire goods and services for later consumption. The way in which the SNA captures this pattern of economic flows is to identify the activities concerned by recognizing the institutional units in the economy and by specifying the structure of accounts capturing the transactions relevant to one stage or another of the process by which goods and services are produced and ultimately consumed.","This indicator is related to the national accounts, which are critical for understanding and managing a country's economy. They provide a framework for the analysis of economic performance. National accounts are the basis for estimating the Gross Domestic Product (GDP) and Gross National Income (GNI), which are the most widely used indicator of economic performance. They are essential for government policymakers, providing the data needed to design and assess fiscal and monetary policies; and are also used by businesses and investors to assess the economic climate and make investment decisions. NAS enable comparison between economies, which is crucial for international trade, investment decisions, and economic competitiveness. More specifically, this indicator is related to national accounts aggregates. Gross Domestic Product (GDP), Gross National Income (GNI), and other aggregates provide a snapshot of the size and health of an economy by measuring the total economic activity within a country. They can thus be used by policymakers to design and implement economic policies, as they reflect the overall economic performance and can indicate the need for intervention in certain areas. Aggregates also allow for comparisons between different economies, which can be useful for trade negotiations, investment decisions, and economic benchmarking. By examining aggregates over time, economists and analysts can identify trends, cycles, and potential areas of concern within an economy, and investors can use national accounts aggregates to assess the potential risks and returns of investing in a particular country. Overall, national accounts aggregates are fundamental tools for economic analysis, policy formulation, and decision-making at both the national and international levels.",,,https://datacatalog.worldbank.org/public-licenses#cc-by
NY.GDP.DEFL.KD.ZG.AD,CC BY-4.0,"Inflation, GDP deflator, linked series (annual % growth)","Inflation as measured by the annual growth rate of the GDP implicit deflator shows the rate of price change in the economy as a whole. The GDP implicit deflator is the ratio of GDP in current local currency to GDP in constant local currency. This series has been linked to produce a consistent time series to counteract breaks in series over time due to changes in base years, source data and methodologies. Thus, it may not be comparable with other national accounts series in the database for historical years. This indicator denotes the percentage change over each previous year of the constant price (base year 2015) series in United States dollars.","Inflation as measured by the annual growth rate of the GDP implicit deflator shows the rate of price change in the economy as a whole. The GDP implicit deflator is the ratio of GDP in current local currency to GDP in constant local currency. This series has been linked to produce a consistent time series to counteract breaks in series over time due to changes in base years, source data and methodologies. Thus, it may not be comparable with other national accounts series in the database for historical years. This indicator denotes the percentage change over each previous year of the constant price (base year 2015) series in United States dollars.","Staff estimates, World Bank (WB);
National Accounts data files, Organisation for Economic Co-operation and Development (OECD);
World Economic Outlook database, International Monetary Fund (IMF)",Financial Sector: Exchange rates & prices,WDI,%,Annual,1990-2024,,"Methodology: National accounts are compiled in accordance with international standards: System of National Accounts, 2008 or 1993 versions. Specific information on how countries compile their national accounts can be found on the IMF website: https://dsbb.imf.org/  Linked series have been smoothed to remove breaks resulting from changes in base years, data sources or compilation methods. The linking is performed using historical nominal growth rates from archived WDI databases.
Statistical concept(s): The conceptual elements of the SNA (System of National Accounts) measure what takes place in the economy, between which agents, and for what purpose. At the heart of the SNA is the production of goods and services. These may be used for consumption in the period to which the accounts relate or may be accumulated for use in a later period. In simple terms, the amount of value added generated by production represents GDP. The income corresponding to GDP is distributed to the various agents or groups of agents as income and it is the process of distributing and redistributing income that allows one agent to consume the goods and services produced by another agent or to acquire goods and services for later consumption. The way in which the SNA captures this pattern of economic flows is to identify the activities concerned by recognizing the institutional units in the economy and by specifying the structure of accounts capturing the transactions relevant to one stage or another of the process by which goods and services are produced and ultimately consumed.","This indicator is related to the national accounts, which are critical for understanding and managing a country's economy. They provide a framework for the analysis of economic performance. National accounts are the basis for estimating the Gross Domestic Product (GDP) and Gross National Income (GNI), which are the most widely used indicator of economic performance. They are essential for government policymakers, providing the data needed to design and assess fiscal and monetary policies; and are also used by businesses and investors to assess the economic climate and make investment decisions. NAS enable comparison between economies, which is crucial for international trade, investment decisions, and economic competitiveness. More specifically, this indicator is related to national accounts aggregates. Gross Domestic Product (GDP), Gross National Income (GNI), and other aggregates provide a snapshot of the size and health of an economy by measuring the total economic activity within a country. They can thus be used by policymakers to design and implement economic policies, as they reflect the overall economic performance and can indicate the need for intervention in certain areas. Aggregates also allow for comparisons between different economies, which can be useful for trade negotiations, investment decisions, and economic benchmarking. By examining aggregates over time, economists and analysts can identify trends, cycles, and potential areas of concern within an economy, and investors can use national accounts aggregates to assess the potential risks and returns of investing in a particular country. Overall, national accounts aggregates are fundamental tools for economic analysis, policy formulation, and decision-making at both the national and international levels.",,,https://datacatalog.worldbank.org/public-licenses#cc-by
NE.IMP.GNFS.ZS,CC BY-4.0,Imports of goods and services (% of GDP),"Imports of goods includes change in the economic ownership of goods from non-residents to


residents of the compiling economy, irrespective of physical movement of goods across national borders. Imports of services includes services provided by non-residents to residents. This indicator is expressed as a percentage of Gross Domestic Product (GDP) which is the total income earned through the production of goods and services in an economic territory during an accounting period.","Imports of goods includes change in the economic ownership of goods from non-residents to


residents of the compiling economy, irrespective of physical movement of goods across national borders. Imports of services includes services provided by non-residents to residents. This indicator is expressed as a percentage of Gross Domestic Product (GDP) which is the total income earned through the production of goods and services in an economic territory during an accounting period.","Country official statistics, National Statistical Organizations and/or Central Banks;
National Accounts data files, Organisation for Economic Co-operation and Development (OECD);
Staff estimates, World Bank (WB)",Economic Policy & Debt: National accounts: Shares of GDP & other,WDI,%,Annual,1960-2024,Weighted average,"Methodology: National accounts are compiled in accordance with international standards: System of National Accounts, 2008 or 1993 versions. Specific information on how countries compile their national accounts can be found on the IMF website: https://dsbb.imf.org/
Statistical concept(s): The conceptual elements of the SNA (System of National Accounts) measure what takes place in the economy, between which agents, and for what purpose. At the heart of the SNA is the production of goods and services. These may be used for consumption in the period to which the accounts relate or may be accumulated for use in a later period. In simple terms, the amount of value added generated by production represents GDP. The income corresponding to GDP is distributed to the various agents or groups of agents as income and it is the process of distributing and redistributing income that allows one agent to consume the goods and services produced by another agent or to acquire goods and services for later consumption. The way in which the SNA captures this pattern of economic flows is to identify the activities concerned by recognizing the institutional units in the economy and by specifying the structure of accounts capturing the transactions relevant to one stage or another of the process by which goods and services are produced and ultimately consumed.","This indicator is related to the national accounts, which are critical for understanding and managing a country's economy. They provide a framework for the analysis of economic performance. National accounts are the basis for estimating the Gross Domestic Product (GDP) and Gross National Income (GNI), which are the most widely used indicator of economic performance. They are essential for government policymakers, providing the data needed to design and assess fiscal and monetary policies; and are also used by businesses and investors to assess the economic climate and make investment decisions. NAS enable comparison between economies, which is crucial for international trade, investment decisions, and economic competitiveness. More specifically, this indicator is related to the expenditure approach used to calculate GDP, which focuses on the total amount of spending on final goods and services within an economy over a specific period. Unlike the production approach, which looks at the supply side by summing the value of output produced by all sectors, the expenditure approach looks at the demand side by summing all expenditures. This demand-side analysis provides insights into the spending behaviors of different sectors, including households, businesses, the government, and foreign entities. Also, by breaking down expenditures into categories like consumption, investment, government spending, and net exports, it helps identify which components are driving or hindering economic growth. This approach can thus be used to assess the effectiveness of fiscal and monetary policies. Overall, the expenditure approach is crucial for understanding the dynamics of an economy, guiding policy decisions, and providing a comprehensive view of economic activity from the perspective of total spending.","Because policymakers have tended to focus on fostering the growth of output, and because data on production are easier to collect than data on spending, many countries generate their primary estimate of GDP using the production approach. Moreover, many countries do not estimate all the components of national expenditures but instead derive some of the main aggregates indirectly using GDP (based on the production approach) as the control total.





Data on exports and imports are compiled from customs reports and balance of payments data. Although the data from the payments side provide reasonably reliable records of cross-border transactions, they may not adhere strictly to the appropriate definitions of valuation and timing used in the balance of payments or corresponds to the change-of ownership criterion. This issue has assumed greater significance with the increasing globalization of international business. Neither customs nor balance of payments data usually capture the illegal transactions that occur in many countries. Goods carried by travelers across borders in legal but unreported shuttle trade may further distort trade statistics.",,https://datacatalog.worldbank.org/public-licenses#cc-by
NY.GDP.MKTP.KD.ZG,CC BY-4.0,GDP (annual % growth),"Gross domestic product is the total income earned through the production of goods and services in an economic territory during an accounting period. It can be measured in three different ways: using either the expenditure approach, the income approach, or the production approach. This indicator denotes the percentage change over each previous year of the constant price (base year 2015) series in United States dollars.","Gross domestic product is the total income earned through the production of goods and services in an economic territory during an accounting period. It can be measured in three different ways: using either the expenditure approach, the income approach, or the production approach. This indicator denotes the percentage change over each previous year of the constant price (base year 2015) series in United States dollars.","Country official statistics, National Statistical Organizations and/or Central Banks;
National Accounts data files, Organisation for Economic Co-operation and Development (OECD);
Staff estimates, World Bank (WB)",Economic Policy & Debt: National accounts: Growth rates,WDI,%,Annual,1961-2024,Weighted average,"Methodology: National accounts are compiled in accordance with international standards: System of National Accounts, 2008 or 1993 versions. Specific information on how countries compile their national accounts can be found on the IMF website: https://dsbb.imf.org/
Statistical concept(s): The conceptual elements of the SNA (System of National Accounts) measure what takes place in the economy, between which agents, and for what purpose. At the heart of the SNA is the production of goods and services. These may be used for consumption in the period to which the accounts relate or may be accumulated for use in a later period. In simple terms, the amount of value added generated by production represents GDP. The income corresponding to GDP is distributed to the various agents or groups of agents as income and it is the process of distributing and redistributing income that allows one agent to consume the goods and services produced by another agent or to acquire goods and services for later consumption. The way in which the SNA captures this pattern of economic flows is to identify the activities concerned by recognizing the institutional units in the economy and by specifying the structure of accounts capturing the transactions relevant to one stage or another of the process by which goods and services are produced and ultimately consumed.","This indicator is related to the national accounts, which are critical for understanding and managing a country's economy. They provide a framework for the analysis of economic performance. National accounts are the basis for estimating the Gross Domestic Product (GDP) and Gross National Income (GNI), which are the most widely used indicator of economic performance. They are essential for government policymakers, providing the data needed to design and assess fiscal and monetary policies; and are also used by businesses and investors to assess the economic climate and make investment decisions. NAS enable comparison between economies, which is crucial for international trade, investment decisions, and economic competitiveness. More specifically, this indicator is related to national accounts aggregates. Gross Domestic Product (GDP), Gross National Income (GNI), and other aggregates provide a snapshot of the size and health of an economy by measuring the total economic activity within a country. They can thus be used by policymakers to design and implement economic policies, as they reflect the overall economic performance and can indicate the need for intervention in certain areas. Aggregates also allow for comparisons between different economies, which can be useful for trade negotiations, investment decisions, and economic benchmarking. By examining aggregates over time, economists and analysts can identify trends, cycles, and potential areas of concern within an economy, and investors can use national accounts aggregates to assess the potential risks and returns of investing in a particular country. Overall, national accounts aggregates are fundamental tools for economic analysis, policy formulation, and decision-making at both the national and international levels.","Each industry's contribution to growth in the economy's output is measured by growth in the industry's value added. In principle, value added in constant prices can be estimated by measuring the quantity of goods and services produced in a period, valuing them at an agreed set of base year prices, and subtracting the cost of intermediate inputs, also in constant prices. This double-deflation method requires detailed information on the structure of prices of inputs and outputs.





In many industries, however, value added is extrapolated from the base year using single volume indexes of outputs or, less commonly, inputs. Particularly in the services industries, including most of government, value added in constant prices is often imputed from labor inputs, such as real wages or number of employees. In the absence of well defined measures of output, measuring the growth of services remains difficult.





Moreover, technical progress can lead to improvements in production processes and in the quality of goods and services that, if not properly accounted for, can distort measures of value added and thus of growth. When inputs are used to estimate output, as for nonmarket services, unmeasured technical progress leads to underestimates of the volume of output. Similarly, unmeasured improvements in quality lead to underestimates of the value of output and value added. The result can be underestimates of growth and productivity improvement and overestimates of inflation.





Informal economic activities pose a particular measurement problem, especially in developing countries, where much economic activity is unrecorded. A complete picture of the economy requires estimating household outputs produced for home use, sales in informal markets, barter exchanges, and illicit or deliberately unreported activities. The consistency and completeness of such estimates depend on the skill and methods of the compiling statisticians.





Rebasing of national accounts can alter the measured growth rate of an economy and lead to breaks in series that affect the consistency of data over time. When countries rebase their national accounts, they update the weights assigned to various components to better reflect current patterns of production or uses of output. The new base year should represent normal operation of the economy - it should be a year without major shocks or distortions. Some developing countries have not rebased their national accounts for many years. Using an old base year can be misleading because implicit price and volume weights become progressively less relevant and useful.





To obtain comparable series of constant price data for computing aggregates, the World Bank rescales GDP and value added by industrial origin to a common reference year. Because rescaling changes the implicit weights used in forming regional and income group aggregates, aggregate growth rates are not comparable with those from earlier editions with different base years. Rescaling may result in a discrepancy between the rescaled GDP and the sum of the rescaled components. To avoid distortions in the growth rates, the discrepancy is left unallocated. As a result, the weighted average of the growth rates of the components generally does not equal the GDP growth rate.",,https://datacatalog.worldbank.org/public-licenses#cc-by
BX.KLT.DINV.WD.GD.ZS,CC BY-4.0,"Foreign direct investment, net inflows (% of GDP)","Foreign direct investment are the net inflows of investment to acquire a lasting management interest (10 percent or more of voting stock) in an enterprise operating in an economy other than that of the investor. It is the sum of equity capital, reinvestment of earnings, other long-term capital, and short-term capital as shown in the balance of payments. This series shows net inflows (new investment inflows less disinvestment) in the reporting economy from foreign investors, and is divided by GDP.","Foreign direct investment are the net inflows of investment to acquire a lasting management interest (10 percent or more of voting stock) in an enterprise operating in an economy other than that of the investor. It is the sum of equity capital, reinvestment of earnings, other long-term capital, and short-term capital as shown in the balance of payments. This series shows net inflows (new investment inflows less disinvestment) in the reporting economy from foreign investors, and is divided by GDP.","International Financial Statistics and Balance of Payments databases, International Monetary Fund (IMF);
International Debt Statistics, World Bank (WB);
World Bank GDP estimates, World Bank (WB);
OECD GDP estimates, Organisation for Economic Co-operation and Development (OECD)",Economic Policy & Debt: Balance of payments: Capital & financial account,WDI,,Annual,1970-2024,Weighted average,"Methodology: Data on equity flows are based on balance of payments data reported by the International Monetary Fund (IMF). Foreign direct investment (FDI) data are supplemented by the World Bank staff estimates using data from the United Nations Conference on Trade and Development (UNCTAD) and official national sources.

The internationally accepted definition of FDI (from the sixth edition of the IMF's Balance of Payments Manual [2009]), includes the following components: equity investment, including investment associated with equity that gives rise to control or influence; investment in indirectly influenced or controlled enterprises; investment in fellow enterprises; debt (except selected debt); and reverse investment. The Framework for Direct Investment Relationships provides criteria for determining whether cross-border ownership results in a direct investment relationship, based on control and influence. Distinguished from other kinds of international investment, FDI is made to establish a lasting interest in or effective management control over an enterprise in another country. A lasting interest in an investment enterprise typically involves establishing warehouses, manufacturing facilities, and other permanent or long-term organizations abroad. Direct investments may take the form of greenfield investment, where the investor starts a new venture in a foreign country by constructing new operational facilities; joint venture, where the investor enters into a partnership agreement with a company abroad to establish a new enterprise; or merger and acquisition, where the investor acquires an existing enterprise abroad. The IMF suggests that investments should account for at least 10 percent of voting stock to be counted as FDI. In practice many countries set a higher threshold. Many countries fail to report reinvested earnings, and the definition of long-term loans differs among countries. BoP refers to Balance of Payments.","Private financial flows - equity and debt - account for the bulk of development finance. Equity flows comprise foreign direct investment (FDI) and portfolio equity. Debt flows are financing raised through bond issuance, bank lending, and supplier credits.","FDI data do not give a complete picture of international investment in an economy. Balance of payments data on FDI do not include capital raised locally, an important source of investment financing in some developing countries. In addition, FDI data omit nonequity cross-border transactions such as intra-unit flows of goods and services.

The volume of global private financial flows reported by the World Bank generally differs from that reported by other sources because of differences in sources, classification of economies, and method used to adjust and disaggregate reported information. In addition, particularly for debt financing, differences may also reflect how some installments of the transactions and certain offshore issuances are treated.

Data on equity flows are shown for all countries for which data are available.",Note: Data starting from 2005 are based on the sixth edition of the IMF's Balance of Payments Manual (BPM6).,https://datacatalog.worldbank.org/public-licenses#cc-by
BM.KLT.DINV.WD.GD.ZS,CC BY-4.0,"Foreign direct investment, net outflows (% of GDP)","Foreign direct investment refers to direct investment equity flows in an economy. It is the sum of equity capital, reinvestment of earnings, and other capital. Direct investment is a category of cross-border investment associated with a resident in one economy having control or a significant degree of influence on the management of an enterprise that is resident in another economy. Ownership of 10 percent or more of the ordinary shares of voting stock is the criterion for determining the existence of a direct investment relationship. This series shows net outflows of investment from the reporting economy to the rest of the world, and is divided by GDP.","Foreign direct investment refers to direct investment equity flows in an economy. It is the sum of equity capital, reinvestment of earnings, and other capital. Direct investment is a category of cross-border investment associated with a resident in one economy having control or a significant degree of influence on the management of an enterprise that is resident in another economy. Ownership of 10 percent or more of the ordinary shares of voting stock is the criterion for determining the existence of a direct investment relationship. This series shows net outflows of investment from the reporting economy to the rest of the world, and is divided by GDP.","Balance of Payments database, International Monetary Fund (IMF), note: International Monetary Fund, Balance of Payments database, supplemented by data from the United Nations Conference on Trade and Development and official national sources.;
UN Conference on Trade and Development (UNCTAD);
Official national sources",Economic Policy & Debt: Balance of payments: Capital & financial account,WDI,,Annual,1970-2024,Weighted average,"Methodology: Data on equity flows are based on balance of payments data reported by the International Monetary Fund (IMF). Foreign direct investment (FDI) data are supplemented by the World Bank staff estimates using data from the United Nations Conference on Trade and Development (UNCTAD) and official national sources.

The internationally accepted definition of FDI (from the sixth edition of the IMF's Balance of Payments Manual [2009]), includes the following components: equity investment, including investment associated with equity that gives rise to control or influence; investment in indirectly influenced or controlled enterprises; investment in fellow enterprises; debt (except selected debt); and reverse investment. The Framework for Direct Investment Relationships provides criteria for determining whether cross-border ownership results in a direct investment relationship, based on control and influence. Distinguished from other kinds of international investment, FDI is made to establish a lasting interest in or effective management control over an enterprise in another country. A lasting interest in an investment enterprise typically involves establishing warehouses, manufacturing facilities, and other permanent or long-term organizations abroad. Direct investments may take the form of greenfield investment, where the investor starts a new venture in a foreign country by constructing new operational facilities; joint venture, where the investor enters into a partnership agreement with a company abroad to establish a new enterprise; or merger and acquisition, where the investor acquires an existing enterprise abroad. The IMF suggests that investments should account for at least 10 percent of voting stock to be counted as FDI. In practice many countries set a higher threshold. Many countries fail to report reinvested earnings, and the definition of long-term loans differs among countries. BoP refers to Balance of Payments.","Private financial flows - equity and debt - account for the bulk of development finance. Equity flows comprise foreign direct investment (FDI) and portfolio equity. Debt flows are financing raised through bond issuance, bank lending, and supplier credits.","FDI data do not give a complete picture of international investment in an economy. Balance of payments data on FDI do not include capital raised locally, an important source of investment financing in some developing countries. In addition, FDI data omit nonequity cross-border transactions such as intra-unit flows of goods and services.

The volume of global private financial flows reported by the World Bank generally differs from that reported by other sources because of differences in sources, classification of economies, and method used to adjust and disaggregate reported information. In addition, particularly for debt financing, differences may also reflect how some installments of the transactions and certain offshore issuances are treated.

Data on equity flows are shown for all countries for which data are available.",Note: Data starting from 2005 are based on the sixth edition of the IMF's Balance of Payments Manual (BPM6).,https://datacatalog.worldbank.org/public-licenses#cc-by
NE.EXP.GNFS.ZS,CC BY-4.0,Exports of goods and services (% of GDP),"Exports of goods includes changes in the economic ownership of goods from residents of the compiling economy to non-residents, irrespective of physical movement of goods across national borders. Exports of services includes services provided by residents to non-residents. This indicator is expressed as a percentage of Gross Domestic Product (GDP) which is the total income earned through the production of goods and services in an economic territory during an accounting period.","Exports of goods includes changes in the economic ownership of goods from residents of the compiling economy to non-residents, irrespective of physical movement of goods across national borders. Exports of services includes services provided by residents to non-residents. This indicator is expressed as a percentage of Gross Domestic Product (GDP) which is the total income earned through the production of goods and services in an economic territory during an accounting period.","Country official statistics, National Statistical Organizations and/or Central Banks;
National Accounts data files, Organisation for Economic Co-operation and Development (OECD);
Staff estimates, World Bank (WB)",Economic Policy & Debt: National accounts: Shares of GDP & other,WDI,%,Annual,1960-2024,Weighted average,"Methodology: National accounts are compiled in accordance with international standards: System of National Accounts, 2008 or 1993 versions. Specific information on how countries compile their national accounts can be found on the IMF website: https://dsbb.imf.org/
Statistical concept(s): The conceptual elements of the SNA (System of National Accounts) measure what takes place in the economy, between which agents, and for what purpose. At the heart of the SNA is the production of goods and services. These may be used for consumption in the period to which the accounts relate or may be accumulated for use in a later period. In simple terms, the amount of value added generated by production represents GDP. The income corresponding to GDP is distributed to the various agents or groups of agents as income and it is the process of distributing and redistributing income that allows one agent to consume the goods and services produced by another agent or to acquire goods and services for later consumption. The way in which the SNA captures this pattern of economic flows is to identify the activities concerned by recognizing the institutional units in the economy and by specifying the structure of accounts capturing the transactions relevant to one stage or another of the process by which goods and services are produced and ultimately consumed.","This indicator is related to the national accounts, which are critical for understanding and managing a country's economy. They provide a framework for the analysis of economic performance. National accounts are the basis for estimating the Gross Domestic Product (GDP) and Gross National Income (GNI), which are the most widely used indicator of economic performance. They are essential for government policymakers, providing the data needed to design and assess fiscal and monetary policies; and are also used by businesses and investors to assess the economic climate and make investment decisions. NAS enable comparison between economies, which is crucial for international trade, investment decisions, and economic competitiveness. More specifically, this indicator is related to the expenditure approach used to calculate GDP, which focuses on the total amount of spending on final goods and services within an economy over a specific period. Unlike the production approach, which looks at the supply side by summing the value of output produced by all sectors, the expenditure approach looks at the demand side by summing all expenditures. This demand-side analysis provides insights into the spending behaviors of different sectors, including households, businesses, the government, and foreign entities. Also, by breaking down expenditures into categories like consumption, investment, government spending, and net exports, it helps identify which components are driving or hindering economic growth. This approach can thus be used to assess the effectiveness of fiscal and monetary policies. Overall, the expenditure approach is crucial for understanding the dynamics of an economy, guiding policy decisions, and providing a comprehensive view of economic activity from the perspective of total spending.","Because policymakers have tended to focus on fostering the growth of output, and because data on production are easier to collect than data on spending, many countries generate their primary estimate of GDP using the production approach. Moreover, many countries do not estimate all the components of national expenditures but instead derive some of the main aggregates indirectly using GDP (based on the production approach) as the control total.





Data on exports and imports are compiled from customs reports and balance of payments data. Although the data from the payments side provide reasonably reliable records of cross-border transactions, they may not adhere strictly to the appropriate definitions of valuation and timing used in the balance of payments or corresponds to the change-of ownership criterion. This issue has assumed greater significance with the increasing globalization of international business. Neither customs nor balance of payments data usually capture the illegal transactions that occur in many countries. Goods carried by travelers across borders in legal but unreported shuttle trade may further distort trade statistics.",,https://datacatalog.worldbank.org/public-licenses#cc-by
ST.INT.XPND.CD,CC BY-4.0,"International tourism, expenditures (current US$)","International tourism expenditures are expenditures of international outbound visitors in other countries, including payments to foreign carriers for international transport. These expenditures may include those by residents traveling abroad as same-day visitors, except in cases where these are important enough to justify separate classification. For some countries they do not include expenditures for passenger transport items. Data are in current U.S. dollars.","International tourism expenditures are expenditures of international outbound visitors in other countries, including payments to foreign carriers for international transport. These expenditures may include those by residents traveling abroad as same-day visitors, except in cases where these are important enough to justify separate classification. For some countries they do not include expenditures for passenger transport items. Data are in current U.S. dollars.","Yearbook of Tourism Statistics, Compendium of Tourism Statistics and data files, UN Tourism",Private Sector & Trade: Travel & tourism,WDI,,Annual,1995-2020,Gap-filled total,"Methodology: Outbound tourism expenditures may include those by residents traveling abroad as same-day visitors, except when these are important enough to justify separate classification. For some countries they do not include expenditures for passenger transport items. Their share in imports is calculated as a ratio to imports of goods and services (all transactions between residents of a country and the rest of the world involving a change of ownership from nonresidents to residents of general merchandise, goods sent for processing and repairs, nonmonetary gold, and services).

Statistical information on tourism is based mainly on data on arrivals and overnight stays along with balance of payments information. These data do not completely capture the economic phenomenon of tourism or provide the information needed for effective public policies and efficient business operations. Data are needed on the scale and significance of tourism. Information on the role of tourism in national economies is particularly deficient. Although the World Tourism Organization reports progress in harmonizing definitions and measurement, differences in national practices still prevent full comparability.

The World Tourism Organization is improving its coverage of tourism expenditure data, using balance of payments data from the International Monetary Fund (IMF) supplemented by data from individual countries. These data include travel and passenger transport items as defined in the IMF's Balance of Payments. When the IMF does not report data on passenger transport items, expenditure data for travel items are shown.

The aggregates are calculated using the World Bank's weighted aggregation methodology and differ from the World Tourism Organization's aggregates.","Tourism is officially recognized as a directly measurable activity, enabling more accurate analysis and more effective policy. Whereas previously the sector relied mostly on approximations from related areas of measurement (e.g. Balance of Payments statistics), tourism today possesses a range of instruments to track its productive activities and the activities of the consumers that drive them: visitors (both tourists and excursionists).

An increasing number of countries have opened up and invested in tourism development, making tourism a key driver of socio-economic progress through export revenues, the creation of jobs and enterprises, and infrastructure development. As an internationally traded service, inbound tourism has become one of the world's major trade categories. For many developing countries it is one of the main sources of foreign exchange income and a major component of exports, creating much needed employment and development opportunities.","Tourism can be either domestic or international. The data refers to international tourism, where the traveler's country of residence differs from the visiting country. International tourism consists of inbound (arrival) and outbound (departures) tourism.

The data are from the World Tourism Organization (WTO), a United Nations agency. The data on inbound and outbound tourists refer to the number of arrivals and departures, not to the number of people traveling.

Expenditure associated with the activity of international visitors has been traditionally identified with the travel item of the Balance of Payments (BOP).

The 2008 International Recommendations for Tourism Statistics consider that "tourism industries and products" includes transport of passengers. Consequently, a better estimate of tourism-related expenditure by inbound and outbound visitors in an international scenario would be, in terms of the BOP, the value of the travel item plus that of the passenger transport item.

Nevertheless, users should be aware that BOP estimates include, in addition to expenditures associated to visitors, those related to other types of travelers (these might be substantial in some countries; for instance, long-term students or patients, border and seasonal workers, etc.). Also data on expenditure by main purpose of the trip are BOP data.",,https://datacatalog.worldbank.org/public-licenses#cc-by
ST.INT.ARVL,CC BY-4.0,"International tourism, number of arrivals","International inbound tourists (overnight visitors) are the number of tourists who travel to a country other than that in which they have their usual residence, but outside their usual environment, for a period not exceeding 12 months and whose main purpose in visiting is other than an activity remunerated from within the country visited. When data on number of tourists are not available, the number of visitors, which includes tourists, same-day visitors, cruise passengers, and crew members, is shown instead. Sources and collection methods for arrivals differ across countries. In some cases data are from border statistics (police, immigration, and the like) and supplemented by border surveys. In other cases data are from tourism accommodation establishments. For some countries number of arrivals is limited to arrivals by air and for others to arrivals staying in hotels. Some countries include arrivals of nationals residing abroad while others do not. Caution should thus be used in comparing arrivals across countries. The data on inbound tourists refer to the number of arrivals, not to the number of people traveling. Thus a person who makes several trips to a country during a given period is counted each time as a new arrival.","International inbound tourists (overnight visitors) are the number of tourists who travel to a country other than that in which they have their usual residence, but outside their usual environment, for a period not exceeding 12 months and whose main purpose in visiting is other than an activity remunerated from within the country visited. When data on number of tourists are not available, the number of visitors, which includes tourists, same-day visitors, cruise passengers, and crew members, is shown instead. Sources and collection methods for arrivals differ across countries. In some cases data are from border statistics (police, immigration, and the like) and supplemented by border surveys. In other cases data are from tourism accommodation establishments. For some countries number of arrivals is limited to arrivals by air and for others to arrivals staying in hotels. Some countries include arrivals of nationals residing abroad while others do not. Caution should thus be used in comparing arrivals across countries. The data on inbound tourists refer to the number of arrivals, not to the number of people traveling. Thus a person who makes several trips to a country during a given period is counted each time as a new arrival.","Yearbook of Tourism Statistics, Compendium of Tourism Statistics and data files, UN Tourism",Private Sector & Trade: Travel & tourism,WDI,,Annual,1995-2020,Gap-filled total,"Methodology: Statistical information on tourism is based mainly on data on arrivals and overnight stays along with balance of payments information. These data do not completely capture the economic phenomenon of tourism or provide the information needed for effective public policies and efficient business operations. Data are needed on the scale and significance of tourism. Information on the role of tourism in national economies is particularly deficient. Although the World Tourism Organization reports progress in harmonizing definitions and measurement, differences in national practices still prevent full comparability.

Arrivals data measure the flows of international visitors to the country of reference: each arrival corresponds to one in inbound tourism trip. If a person visits several countries during the course of a single trip, his/her arrival in each country is recorded separately. In an accounting period, arrivals are not necessarily equal to the number of persons travelling (when a person visits the same country several times a year, each trip by the same person is counted as a separate arrival).

Arrivals data should correspond to inbound visitors by including both tourists and same-day non-resident visitors. All other types of travelers (such as border, seasonal and other short-term workers, long-term students and others) should be excluded as they do not qualify as visitors.

Data are obtained from different sources: administrative records (immigration, traffic counts, and other possible types of controls), border surveys or a mix of them. If data are obtained from accommodation surveys, the number of guests is used as estimate of arrival figures; consequently, in this case, breakdowns by regions, main purpose of the trip, modes of transport used or forms of organization of the trip are based on complementary visitor surveys.","Tourism is officially recognized as a directly measurable activity, enabling more accurate analysis and more effective policy. Whereas previously the sector relied mostly on approximations from related areas of measurement (e.g. Balance of Payments statistics), tourism today possesses a range of instruments to track its productive activities and the activities of the consumers that drive them: visitors (both tourists and excursionists).

An increasing number of countries have opened up and invested in tourism development, making tourism a key driver of socio-economic progress through export revenues, the creation of jobs and enterprises, and infrastructure development. As an internationally traded service, inbound tourism has become one of the world's major trade categories. For many developing countries it is one of the main sources of foreign exchange income and a major component of exports, creating much needed employment and development opportunities.","Tourism can be either domestic or international. The data refers to international tourism, where the traveler's country of residence differs from the visiting country. International tourism consists of inbound (arrival) and outbound (departures) tourism.

The data are from the World Tourism Organization (WTO), a United Nations agency. The data on inbound and outbound tourists refer to the number of arrivals and departures, not to the number of people traveling. Thus a person who makes several trips to a country during a given period is counted each time as a new arrival. The data on inbound tourism show the arrivals of nonresident tourists (overnight visitors) at national borders. When data on international tourists are unavailable or incomplete, the data show the arrivals of international visitors, which include tourists, same-day visitors, cruise passengers, and crew members.

Sources and collection methods for arrivals differ across countries. In some cases data are from border statistics (police, immigration, and the like) and supplemented by border surveys. In other cases data are from tourism accommodation establishments. For some countries number of arrivals is limited to arrivals by air and for others to arrivals staying in hotels. Some countries include arrivals of nationals residing abroad while others do not. Caution should thus be used in comparing arrivals across countries.",,https://datacatalog.worldbank.org/public-licenses#cc-by
ST.INT.DPRT,CC BY-4.0,"International tourism, number of departures","International outbound tourists are the number of departures that people make from their country of usual residence to any other country for any purpose other than a remunerated activity in the country visited. The data on outbound tourists refer to the number of departures, not to the number of people traveling. Thus a person who makes several trips from a country during a given period is counted each time as a new departure.","International outbound tourists are the number of departures that people make from their country of usual residence to any other country for any purpose other than a remunerated activity in the country visited. The data on outbound tourists refer to the number of departures, not to the number of people traveling. Thus a person who makes several trips from a country during a given period is counted each time as a new departure.","Yearbook of Tourism Statistics, Compendium of Tourism Statistics and data files, UN Tourism",Private Sector & Trade: Travel & tourism,WDI,,Annual,1995-2020,Gap-filled total,"Methodology: Statistical information on tourism is based mainly on data on arrivals and overnight stays along with balance of payments information. These data do not completely capture the economic phenomenon of tourism or provide the information needed for effective public policies and efficient business operations. Data are needed on the scale and significance of tourism. Information on the role of tourism in national economies is particularly deficient. Although the World Tourism Organization reports progress in harmonizing definitions and measurement, differences in national practices still prevent full comparability.

Departures data measure the flows of resident visitors leaving the country of reference. Departures are not necessarily equal to the number of arrivals reported by international destinations for the country of reference.

In many countries, the characteristics of trips and visitors are established through questions on the entry/departure cards, in surveys at the borders, at destination (accommodation surveys) or as part of household surveys (for domestic and outbound tourism). The entry/departure cards, or records of entry and departure, captured and reconciled by the immigration authorities are often the basic source for establishing the flows of inbound and outbound visitors. These cards usually collect information on a census basis on name, sex, age, nationality, current address, date of arrival (or departure in the departure card), purpose of trip, main destination visited and length of stay (expected on arrival and actual on departure for inbound visitors; expected on departure and actual on arrival for outbound visitors).

Data is collected using one of three methods, or a combination of these to determine the flows of outbound visitors: using an entry/departure card; a specific survey at the border, or observing them from household surveys because they belong to resident households. In the latter case, the information on outbound trips is usually collected at the same time as that on domestic trips.","Tourism is officially recognized as a directly measurable activity, enabling more accurate analysis and more effective policy. Whereas previously the sector relied mostly on approximations from related areas of measurement (e.g. Balance of Payments statistics), tourism today possesses a range of instruments to track its productive activities and the activities of the consumers that drive them: visitors (both tourists and excursionists).

An increasing number of countries have opened up and invested in tourism development, making tourism a key driver of socio-economic progress through export revenues, the creation of jobs and enterprises, and infrastructure development. As an internationally traded service, inbound tourism has become one of the world's major trade categories. For many developing countries it is one of the main sources of foreign exchange income and a major component of exports, creating much needed employment and development opportunities.","Tourism can be either domestic or international. The data refers to international tourism, where the traveler's country of residence differs from the visiting country. International tourism consists of inbound (arrival) and outbound (departures) tourism.

The data are from the World Tourism Organization (WTO), a United Nations agency. The data on inbound and outbound tourists refer to the number of arrivals and departures, not to the number of people traveling.",,https://datacatalog.worldbank.org/public-licenses#cc-by
GC.TAX.INTT.RV.ZS,CC BY-4.0,Taxes on international trade (% of revenue),Taxes on international trade are taxes that become payable when goods cross the national or customs frontiers of the economic territory or when transactions in services exchange between residents and non-residents. This indicator is expressed as a percentage of revenue which includes all transactions that add to the amount of economic value of a unit or sector.,Taxes on international trade are taxes that become payable when goods cross the national or customs frontiers of the economic territory or when transactions in services exchange between residents and non-residents. This indicator is expressed as a percentage of revenue which includes all transactions that add to the amount of economic value of a unit or sector.,"Government Finance Statistics Yearbook and data files, International Monetary Fund (IMF)",Public Sector: Government finance: Revenue,WDI,%,Annual,1972-2024,Median,"Methodology: Government Finance statistics are compiled in accordance with international standards: Government Finance Statistics Manual, 2014 or 2001 editions. Specific information on how countries compile their Government Finance statistics can be found on the IMF website: https://dsbb.imf.org/
Statistical concept(s): Government Financial Statistics are compiled within a conceptual and reporting framework suitable for analyzing and evaluating fiscal policy, especially the performance of the general government sector and the broader public sector of any economy.","This indicator is related to Government finance statistics. Government finance statistics provide a detailed snapshot of a government's fiscal operations and health. They encompass data on revenue, expenditures, deficits, and debt levels, which are essential for crafting fiscal policy, budget planning, and economic forecasting. These statistics help policymakers manage public finances effectively, make informed decisions on taxation and spending, and set priorities for resource allocation. For investors, analysts, and the international community, government finance statistics serve as key indicators of a country's economic stability and creditworthiness. They also play a crucial role in ensuring transparency and accountability, as they allow citizens and oversight bodies to track how public funds are managed and spent, fostering democratic engagement and governance. More specifically, this indicator is related to the revenue side of government finance statistics. The revenue side of government finance statistics provides insight into the government's income streams, which include taxes, fees, fines, and revenues from state-owned entities. This data is crucial for evaluating the government's financial capabilities to fund public services and infrastructure projects. It also helps determining the sustainability and effectiveness of fiscal policies. By examining revenue trends, policymakers can make informed decisions on tax reforms, budget allocations, and debt management. For the public and investors, understanding government revenue is important for gauging the country's economic health and the government's ability to honor its financial commitments, which can affect economic stability and confidence in the market.","For most countries central government finance data have been consolidated into one account, but for others only budgetary central government accounts are available. Countries reporting budgetary data are noted in the country metadata. Because budgetary accounts may not include all central government units (such as social security funds), they usually provide an incomplete picture. In federal states the central government accounts provide an incomplete view of total public finance.





Data on government revenue and expense are collected by the IMF through questionnaires to member countries and by the Organisation for Economic Co-operation and Development (OECD). Despite IMF efforts to standardize data collection, statistics are often incomplete, untimely, and not comparable across countries.",,https://datacatalog.worldbank.org/public-licenses#cc-by
SP.POP.GROW,CC BY-4.0,Population growth (annual %),"Annual population growth rate for year t is the exponential rate of growth of midyear population from year t-1 to t, expressed as a percentage. Population is based on the de facto definition of population, which counts all residents regardless of legal status or citizenship.","Annual population growth rate for year t is the exponential rate of growth of midyear population from year t-1 to t, expressed as a percentage. Population is based on the de facto definition of population, which counts all residents regardless of legal status or citizenship.","World Population Prospects, United Nations (UN), note: Derived from total population, publisher: UN Population Division;
Statistical databases and publications from national statistical offices, National statistical offices, note: Derived from total population;
Demographic Statistics, Eurostat (ESTAT), note: Derived from total population;
Population and Vital Statistics Report (various years), United Nations (UN), note: Derived from total population, publisher: UN Statistical Division",Health: Population: Dynamics,WDI,Percentage,Annual,1961-2024,Weighted average,"Methodology: The growth rate is computed using the exponential growth formula:



r = ln(pn/p0)/n, 



where r is the exponential rate of growth, ln() is the natural logarithm, pn is the end period population, p0 is the beginning period population, and n is the number of years in between. Note that this is not the geometric growth rate used to compute compound growth over discrete periods.



For information on total population from which the growth rates are calculated, see total population (SP.POP.TOTL).
Statistical concept(s): Total population growth rates are calculated on the assumption that rate of growth is constant between two points in time.","Increases in human population, whether as a result of immigration or more births than deaths, can impact natural resources and social infrastructure.  This can place pressure on a country's sustainability.  A significant growth in population will negatively impact the availability of land for agricultural production, and will aggravate demand for food, energy, water, social services, and infrastructure. On the other hand, decreasing population size - a result of fewer births than deaths, and people moving out of a country - can impact a government's commitment to maintain services and infrastructure.",,,https://datacatalog.worldbank.org/public-licenses#cc-by
SP.POP.TOTL,CC BY-4.0,"Population, total","Total population is based on the de facto definition of population, which counts all residents regardless of legal status or citizenship. The values shown are midyear estimates.","Total population is based on the de facto definition of population, which counts all residents regardless of legal status or citizenship. The values shown are midyear estimates.","World Population Prospects, United Nations (UN), uri: https://population.un.org/wpp/, publisher: UN Population Division;
Statistical databases and publications from national statistical offices, National Statistical Offices, uri: https://unstats.un.org/home/nso_sites/, publisher: National Statistical Offices;
Eurostat: Demographic Statistics, Eurostat (ESTAT), uri: https://ec.europa.eu/eurostat/data/database?node_code=earn_ses_monthly, publisher: Eurostat;
Population and Vital Statistics Report (various years), United Nations (UN), uri: https://unstats.un.org, publisher: UN Statistics Division",Health: Population: Structure,WDI,Unit,Annual,1960-2024,Sum,"Methodology: Population estimates are usually based on national population censuses, and estimates of fertility, mortality and migration.



Errors and undercounting in census occur even in high-income countries.  In developing countries errors may be substantial because of limits in the transport, communications, and other resources required to conduct and analyze a full census.



The quality and reliability of official demographic data are also affected by public trust in the government, government commitment to full and accurate enumeration, confidentiality and protection against misuse of census data, and census agencies' independence from political influence. Moreover, comparability of population indicators is limited by differences in the concepts, definitions, collection procedures, and estimation methods used by national statistical agencies and other organizations that collect the data.



The currentness of a census and the availability of complementary data from surveys or registration systems are objective ways to judge demographic data quality. Some European countries' registration systems offer complete information on population in the absence of a census.



The United Nations Statistics Division monitors the completeness of vital registration systems. Some developing countries have made progress over the last 60 years, but others still have deficiencies in civil registration systems.



International migration is the only other factor besides birth and death rates that directly determines a country's population change. Estimating migration is difficult. At any time many people are located outside their home country as tourists, workers, or refugees or for other reasons. Standards for the duration and purpose of international moves that qualify as migration vary, and estimates require information on flows into and out of countries that is difficult to collect.



One of the major data sources of this indicator is UN Population Division's World Population Prospects, which use the cohort component method to produce population estimates and projections.



Population projections, starting from a base year are projected forward using assumptions of mortality, fertility, and migration by age and sex through 2050, based on the UN Population Division's World Population Prospects database medium variant.
Statistical concept(s): Estimates of total population describe the size of total population. Population estimates are dependent on the demographic components of change that are fertility, mortality and migration. As the size of population continues to change throughout the time even within a year, a reference time in the year that the estimate refers to is needed, such as mid-year, end-year or beginning of year. The values shown are midyear estimates.","Increases in human population, whether as a result of immigration or more births than deaths, can impact natural resources and social infrastructure.  This can place pressure on a country's sustainability.  A significant growth in population will negatively impact the availability of land for agricultural production, and will aggravate demand for food, energy, water, social services, and infrastructure. On the other hand, decreasing population size - a result of fewer births than deaths, and people moving out of a country - can impact a government's commitment to maintain services and infrastructure.","Current population estimates for developing countries that lack (i) reliable recent census data, and (ii) pre- and post-census estimates for countries with census data, are provided by the United Nations Population Division and other agencies. 



The cohort component method - a standard method for estimating and projecting population - requires fertility, mortality, and net migration data, often collected from sample surveys, which can be small or limited in coverage. Population estimates are from demographic modeling and so are susceptible to biases and errors from shortcomings in both the model and the data.



Because future trends cannot be known with certainty, population projections have a wide range of uncertainty.",Relevance to gender indicator: disaggregating the population composition by gender will help a country in projecting its demand for social services on a gender basis.,https://datacatalog.worldbank.org/public-licenses#cc-by
SP.RUR.TOTL.ZS,CC BY-4.0,Rural population (% of total population),Rural population refers to people living in rural areas as defined by national statistical offices. It is calculated as the difference between total population and urban population.,Rural population refers to people living in rural areas as defined by national statistical offices. It is calculated as the difference between total population and urban population.,"World Urbanization Prospects, United Nations (UN), uri: https://population.un.org/wup/, publisher: UN Population Division;
Staff estimates, World Bank (WB), note: World Bank staff estimates based on the United Nations Population Division's World Urbanization Prospects",Environment: Density & urbanization,WDI,Percentage,Annual,1960-2024,Weighted average,"Methodology: Percentages rural are calculated as the difference between 100 and the proportion of urban population in percentage.
Statistical concept(s): Rural population is calculated as the difference between the total population and the urban population. Rural population is approximated as the midyear nonurban population. While a practical means of identifying the rural population, it is not a precise measure.","The rural population is calculated using the urban share reported by the United Nations Population Division. There is no universal standard for distinguishing rural from urban areas, and any urban-rural dichotomy is an oversimplification.







 The two distinct images - isolated farm, thriving metropolis - represent poles on a continuum. Life changes along a variety of dimensions, moving from the most remote forest outpost through fields and pastures, past tiny hamlets, through small towns with weekly farm markets, into intensively cultivated areas near large towns and small cities, eventually reaching the center of a megacity. Along the way access to infrastructure, social services, and nonfarm employment increase, and with them population density and income.







A 2005 World Bank Policy Research Paper proposes an operational definition of rurality based on population density and distance to large cities (Chomitz, Buys, and Thomas 2005). The report argues that these criteria are important gradients along which economic behavior and appropriate development interventions vary substantially. Where population densities are low, markets of all kinds are thin, and the unit cost of delivering most social services and many types of infrastructure is high. Where large urban areas are distant, farm-gate or factory-gate prices of outputs will be low and input prices will be high, and it will be difficult to recruit skilled people to public service or private enterprises. Thus, low population density and remoteness together define a set of rural areas that face special development challenges.







Countries differ in the way they classify population as "urban" or "rural."







Most countries use an urban classification related to the size or characteristics of settlements. Some define urban areas based on the presence of certain infrastructure and services. And other countries designate urban areas based on administrative arrangements. Because of national differences in the characteristics that distinguish urban from rural areas, the distinction between urban and rural population is not amenable to a single definition that would be applicable to all countries.







Rural population methodology is defined by various national statistical offices. In the United States, for example, the US Census Bureau's urban-rural classification is fundamentally a delineation of geographical areas, identifying both individual urban areas and the rural areas of the nation. "Rural" encompasses all population, housing, and territory not included within an urban area.","Aggregation of urban and rural population may not add up to total population because of different country coverage. There is no consistent and universally accepted standard for distinguishing urban from rural areas, in part because of the wide variety of situations across countries.







Estimates of the world's urban population would change significantly if China, India, and a few other populous nations were to change their definition of urban centers.







Because the estimates of city and metropolitan area are based on national definitions of what constitutes a city or metropolitan area, cross-country comparisons should be made with caution. To estimate urban populations, UN ratios of urban to total population were applied to the World Bank's estimates of total population.",,https://datacatalog.worldbank.org/public-licenses#cc-by
SP.RUR.TOTL.ZG,CC BY-4.0,Rural population growth (annual %),"Annual rural population growth rate for year t is the exponential rate of growth of midyear rural population from year t-1 to t, expressed as a percentage. Rural population refers to people living in rural areas as defined by national statistical offices. It is calculated as the difference between total population and urban population.","Annual rural population growth rate for year t is the exponential rate of growth of midyear rural population from year t-1 to t, expressed as a percentage. Rural population refers to people living in rural areas as defined by national statistical offices. It is calculated as the difference between total population and urban population.","World Urbanization Prospects, United Nations (UN), uri: https://population.un.org/wup/, publisher: UN Population Division;
Staff estimates, World Bank (WB), note: World Bank staff estimates based on the United Nations Population Division's World Urbanization Prospects",Environment: Density & urbanization,WDI,Percentage,Annual,1961-2024,Weighted average,"Methodology: The indicator is calculated from rural population estimates. The rural population estimates are calulcated using World Bank's total population estimates and rural ratios derived from the United Nations World Urbanization Prospects.







The growth rate is computed using the exponential growth formula:







r = ln(pn/p0)/n, 







where r is the exponential rate of growth, ln() is the natural logarithm, pn is the end period population, p0 is the beginning period population, and n is the number of years in between. Note that this is not the geometric growth rate used to compute compound growth over discrete periods.
Statistical concept(s): Rural population is calculated as the difference between the total population and the urban population. Rural population is approximated as the midyear nonurban population. While a practical means of identifying the rural population, it is not a precise measure.","The rural population is calculated using the urban share reported by the United Nations Population Division. There is no universal standard for distinguishing rural from urban areas, and any urban-rural dichotomy is an oversimplification.







 The two distinct images - isolated farm, thriving metropolis - represent poles on a continuum. Life changes along a variety of dimensions, moving from the most remote forest outpost through fields and pastures, past tiny hamlets, through small towns with weekly farm markets, into intensively cultivated areas near large towns and small cities, eventually reaching the center of a megacity. Along the way access to infrastructure, social services, and nonfarm employment increase, and with them population density and income.







A 2005 World Bank Policy Research Paper proposes an operational definition of rurality based on population density and distance to large cities (Chomitz, Buys, and Thomas 2005). The report argues that these criteria are important gradients along which economic behavior and appropriate development interventions vary substantially. Where population densities are low, markets of all kinds are thin, and the unit cost of delivering most social services and many types of infrastructure is high. Where large urban areas are distant, farm-gate or factory-gate prices of outputs will be low and input prices will be high, and it will be difficult to recruit skilled people to public service or private enterprises. Thus, low population density and remoteness together define a set of rural areas that face special development challenges.







Countries differ in the way they classify population as "urban" or "rural."







Most countries use an urban classification related to the size or characteristics of settlements. Some define urban areas based on the presence of certain infrastructure and services. And other countries designate urban areas based on administrative arrangements. Because of national differences in the characteristics that distinguish urban from rural areas, the distinction between urban and rural population is not amenable to a single definition that would be applicable to all countries.







Rural population methodology is defined by various national statistical offices. In the United States, for example, the US Census Bureau's urban-rural classification is fundamentally a delineation of geographical areas, identifying both individual urban areas and the rural areas of the nation. "Rural" encompasses all population, housing, and territory not included within an urban area.","Aggregation of urban and rural population may not add up to total population because of different country coverage. There is no consistent and universally accepted standard for distinguishing urban from rural areas, in part because of the wide variety of situations across countries.







Estimates of the world's urban population would change significantly if China, India, and a few other populous nations were to change their definition of urban centers.







Because the estimates of city and metropolitan area are based on national definitions of what constitutes a city or metropolitan area, cross-country comparisons should be made with caution. To estimate urban populations, UN ratios of urban to total population were applied to the World Bank's estimates of total population.",,https://datacatalog.worldbank.org/public-licenses#cc-by
SP.URB.TOTL.IN.ZS,CC BY-4.0,Urban population (% of total population),Urban population refers to people living in urban areas as defined by national statistical offices. The data are collected and smoothed by United Nations Population Division.,Urban population refers to people living in urban areas as defined by national statistical offices. The data are collected and smoothed by United Nations Population Division.,"World Urbanization Prospects, United Nations (UN), uri: https://population.un.org/wup/, publisher: UN Population Division",Environment: Density & urbanization,WDI,Percentage,Annual,1960-2024,Weighted average,Methodology: Percentages urban are the numbers of persons residing in an area defined as ''urban'' per 100 total population.
Statistical concept(s): Urban population refers to people living in urban areas as defined by national statistical offices. Particular caution should be used in interpreting the figures for percentage urban for different countries. Countries differ in the way they classify population as "urban" or "rural." The population of a city or metropolitan area depends on the boundaries chosen.,"Explosive growth of cities globally signifies the demographic transition from rural to urban, and is associated with shifts from an agriculture-based economy to mass industry, technology, and service.







In principle, cities offer a more favorable setting for the resolution of social and environmental problems than rural areas. Cities generate jobs and income, and deliver education, health care and other services. Cities also present opportunities for social mobilization and women's empowerment.","Aggregation of urban and rural population may not add up to total population because of different country coverage. There is no consistent and universally accepted standard for distinguishing urban from rural areas, in part because of the wide variety of situations across countries.







Most countries use an urban classification related to the size or characteristics of settlements. Some define urban areas based on the presence of certain infrastructure and services. And other countries designate urban areas based on administrative arrangements. Because of national differences in the characteristics that distinguish urban from rural areas, the distinction between urban and rural population is not amenable to a single definition that would be applicable to all countries.







Estimates of the world's urban population would change significantly if China, India, and a few other populous nations were to change their definition of urban centers. 







Because the estimates of city and metropolitan area are based on national definitions of what constitutes a city or metropolitan area, cross-country comparisons should be made with caution.",,https://datacatalog.worldbank.org/public-licenses#cc-by
SP.URB.GROW,CC BY-4.0,Urban population growth (annual %),"Annual urban population growth rate for year t is the exponential rate of growth of midyear urban population from year t-1 to t, expressed as a percentage. Urban population refers to people living in urban areas as defined by national statistical offices. It is calculated using World Bank total population estimates and urban ratios from the United Nations World Urbanization Prospects.","Annual urban population growth rate for year t is the exponential rate of growth of midyear urban population from year t-1 to t, expressed as a percentage. Urban population refers to people living in urban areas as defined by national statistical offices. It is calculated using World Bank total population estimates and urban ratios from the United Nations World Urbanization Prospects.","World Urbanization Prospects, United Nations (UN), uri: https://population.un.org/wup/, publisher: UN Population Division;
Staff estimates, World Bank (WB), note: World Bank staff estimates based on the United Nations Population Division's World Urbanization Prospects",Environment: Density & urbanization,WDI,Percentage,Annual,1961-2024,Weighted average,"Methodology: The indicator is calculated from urban population estimates. The urban population estimates are calulcated using World Bank's total population estimates and urban ratios from the United Nations World Urbanization Prospects.







The growth rate is computed using the exponential growth formula:







r = ln(pn/p0)/n, 







where r is the exponential rate of growth, ln() is the natural logarithm, pn is the end period population, p0 is the beginning period population, and n is the number of years in between. Note that this is not the geometric growth rate used to compute compound growth over discrete periods.
Statistical concept(s): Urban population refers to people living in urban areas as defined by national statistical offices. Particular caution should be used in interpreting the figures for percentage urban for different countries. Countries differ in the way they classify population as "urban" or "rural." The population of a city or metropolitan area depends on the boundaries chosen.","Explosive growth of cities globally signifies the demographic transition from rural to urban, and is associated with shifts from an agriculture-based economy to mass industry, technology, and service.







In principle, cities offer a more favorable setting for the resolution of social and environmental problems than rural areas. Cities generate jobs and income, and deliver education, health care and other services. Cities also present opportunities for social mobilization and women's empowerment.","There is no consistent and universally accepted standard for distinguishing urban from rural areas, in part because of the wide variety of situations across countries.







Most countries use an urban classification related to the size or characteristics of settlements. Some define urban areas based on the presence of certain infrastructure and services. And other countries designate urban areas based on administrative arrangements. Because of national differences in the characteristics that distinguish urban from rural areas, the distinction between urban and rural population is not amenable to a single definition that would be applicable to all countries.







Estimates of the world's urban population would change significantly if China, India, and a few other populous nations were to change their definition of urban centers.







Because the estimates of city and metropolitan area are based on national definitions of what constitutes a city or metropolitan area, cross-country comparisons should be made with caution.",,https://datacatalog.worldbank.org/public-licenses#cc-by
SI.POV.GINI,CC BY-4.0,Gini index,"Gini index measures the extent to which the distribution of income (or, in some cases, consumption expenditure) among individuals or households within an economy deviates from a perfectly equal distribution. A Lorenz curve plots the cumulative percentages of total income received against the cumulative number of recipients, starting with the poorest individual or household. The Gini index measures the area between the Lorenz curve and a hypothetical line of absolute equality, expressed as a percentage of the maximum area under the line. Thus a Gini index of 0 represents perfect equality, while an index of 100 implies perfect inequality.","Gini index measures the extent to which the distribution of income (or, in some cases, consumption expenditure) among individuals or households within an economy deviates from a perfectly equal distribution. A Lorenz curve plots the cumulative percentages of total income received against the cumulative number of recipients, starting with the poorest individual or household. The Gini index measures the area between the Lorenz curve and a hypothetical line of absolute equality, expressed as a percentage of the maximum area under the line. Thus a Gini index of 0 represents perfect equality, while an index of 100 implies perfect inequality.","World Bank, Poverty and Inequality Platform. Data are based on primary household survey data obtained from government statistical agencies and World Bank country departments. Data for high-income economies are mostly from the Luxembourg Income Study database. For more information and methodology, please see http://pip.worldbank.org., World Bank (WB), uri: http://pip.worldbank.org, note: Data are based on primary household survey data obtained from government statistical agencies and World Bank country departments. Data for high-income economies are mostly from the Luxembourg Income Study database.",Poverty: Income distribution,WDI,%,Annual,1963-2024,NA,"Methodology: The Gini index measures the area between the Lorenz curve and a hypothetical line of absolute equality, expressed as a percentage of the maximum area under the line. A Lorenz curve plots the cumulative percentages of total income received against the cumulative number of recipients, starting with the poorest individual. Thus a Gini index of 0 represents perfect equality, while an index of 100 implies perfect inequality.







The Gini index provides a convenient summary measure of the degree of inequality. Data on the distribution of income or consumption come from nationally representative household surveys. Where the original data from the household survey were available, they have been used to calculate the income or consumption shares by quintile. Otherwise, shares have been estimated from the best available grouped data.







The distribution data have been adjusted for household size, providing a more consistent measure of per capita income or consumption. 







The year reflects the year in which the underlying household survey data were collected or, when the data collection period bridged two calendar years, the year data collection started.
Statistical concept(s): The Gini index is the average of all pairwise absolute differences between individual consumption or income, normalized by twice the mean. More intuitively, the Gini index is the average share of mean consumption or income that needs to be transferred between two randomly selected individuals to achieve equality. A Gini index of 1 represents perfect inequality, in which total consumption or income goes to one individual. A Gini index of 0 indicates represents perfect equality, in which all individuals have the same level of consumption or income.","The World Bank Group's vision of promoting shared prosperity includes a measure that tracks the number of economies with high inequality, defined as those with a Gini index greater than 0.4","Gini coefficients are not unique. It is possible for two different Lorenz curves to give rise to the same Gini coefficient. Furthermore it is possible for the Gini coefficient of a developing country to rise (due to increasing inequality of income) while the number of people in absolute poverty decreases. This is because the Gini coefficient measures relative, not absolute, wealth.







Another limitation of the Gini coefficient is that it is not additive across groups, i.e. the total Gini of a society is not equal to the sum of the Gini's for its sub-groups. Thus, country-level Gini coefficients cannot be aggregated into regional or global Gini's, although a Gini coefficient can be computed for the aggregate.







Because the underlying household surveys differ in methods and types of welfare measures collected, data are not strictly comparable across countries or even across years within a country. Two sources of non-comparability should be noted for distributions of income in particular. First, the surveys can differ in many respects, including whether they use income or consumption expenditure as the living standard indicator. The distribution of income is typically more unequal than the distribution of consumption. In addition, the definitions of income used differ more often among surveys. Consumption is usually a much better welfare indicator, particularly in developing countries. Second, households differ in size (number of members) and in the extent of income sharing among members. And individuals differ in age and consumption needs. Differences among countries in these respects may bias comparisons of distribution. 







World Bank staff have made an effort to ensure that the data are as comparable as possible. Wherever possible, consumption has been used rather than income. Income distribution and Gini indexes for high-income economies are calculated directly from the Luxembourg Income Study database, using an estimation method consistent with that applied for developing countries.",The World Bank’s internationally comparable poverty monitoring database now draws on income or detailed consumption data from more than 2000 household surveys across 169 countries. See the Poverty and Inequality Platform (PIP) for details (www.pip.worldbank.org).,https://datacatalog.worldbank.org/public-licenses#cc-by
IT.NET.USER.ZS,CC BY-4.0,Individuals using the Internet (% of population),"Internet users are individuals who have used the Internet (from any location) in the last 3 months. The Internet can be used via a computer, mobile phone, personal digital assistant, games machine, digital TV etc.","Internet users are individuals who have used the Internet (from any location) in the last 3 months. The Internet can be used via a computer, mobile phone, personal digital assistant, games machine, digital TV etc.","World Telecommunication/ICT Indicators Database, International Telecommunication Union (ITU), uri: https://datahub.itu.int/",Infrastructure: Communications,WDI,% of population,Annual,1990-2024,Weighted average,"Methodology: The Internet is a world-wide public computer network. It provides access to a number of communication services including the World Wide Web and carries email, news, entertainment and data files, irrespective of the device used (not assumed to be only via a computer - it may also be by mobile phone, PDA, games machine, digital TV etc.). Access can be via a fixed or mobile network. For additional/latest information on sources and country notes, please also refer to: https://www.itu.int/en/ITU-D/Statistics/Pages/stat/default.aspx
Statistical concept(s): The number of in-scope individuals using the Internet is calculated by aggregating the weighted responses. The proportion of individuals using the Internet is expressed as a percentage and is calculated by dividing the total number of in-scope individuals using the Internet by the total number of in-scope individuals, and then multiplying the result by 100.","The digital and information revolution has changed the way the world learns, communicates, does business, and treats illnesses. New information and communications technologies (ICT) offer vast opportunities for progress in all walks of life in all countries - opportunities for economic growth, improved health, better service delivery, learning through distance education, and social and cultural advances.

Today's smartphones and tablets have computer power equivalent to that of yesterday's computers and provide a similar range of functions. Device convergence is thus rendering the conventional definition obsolete.

Comparable statistics on access, use, quality, and affordability of ICT are needed to formulate growth-enabling policies for the sector and to monitor and evaluate the sector's impact on development. Although basic access data are available for many countries, in most developing countries little is known about who uses ICT; what they are used for (school, work, business, research, government); and how they affect people and businesses. The global Partnership on Measuring ICT for Development is helping to set standards, harmonize information and communications technology statistics, and build statistical capacity in developing countries. However, despite significant improvements in the developing world, the gap between the ICT haves and have-nots remains.","Operators have traditionally been the main source of telecommunications data, so information on subscriptions has been widely available for most countries. This gives a general idea of access, but a more precise measure is the penetration rate - the share of households with access to telecommunications. During the past few years more information on information and communication technology use has become available from household and business surveys. Also important are data on actual use of telecommunications services. Ideally, statistics on telecommunications (and other information and communications technologies) should be compiled for all three measures: subscriptions, access, and use. The quality of data varies among reporting countries as a result of differences in regulations covering data provision and availability.

Discrepancies may also arise in cases where the end of a fiscal year differs from that used by ITU, which is the end of December of every year. A number of countries have fiscal years that end in March or June of every year.",Please cite the International Telecommunication Union for third-party use of these data.,https://datacatalog.worldbank.org/public-licenses#cc-by
IT.NET.SECR,CC BY-4.0,Secure Internet servers,"The number of distinct, publicly-trusted TLS/SSL certificates found in the Netcraft Secure Server Survey (by hosting country).","The number of distinct, publicly-trusted TLS/SSL certificates found in the Netcraft Secure Server Survey (by hosting country).","Secure Server Survey, Netcraft, uri: http://www.netcraft.com/",Infrastructure: Communications,WDI,Count,Annual,2010-2024,Sum,"Methodology: Netcraft's survey counts (unique) valid certificates issued by widely-trusted third-party certification authorities. A certificate must be valid, that is it must be within its validity period (certificates are usually valid for up to 39 months), and the digital signatures on the certificate must check successfully. It must be issued by third party certificate issuer that is recognised by Netcraft. 
Netcraft gathers a list of possible SSL web sites to investigate from a range of different sources.  The data reflects the December survey in that year.

SSL (Secure Socket Layer) is a protocol developed by Netscape for encrypted transmission over TCP/IP networks. It sets up a secure end-to-end link over which HTTP or any other application protocol can operate. The most common application of SSL is HTTPS for SSL-encrypted HTTP. It has now been replaced with a IETF-standardised version, TLS.

Surveying: Netcraft only visits sites on the standard HTTPS port, 443. Whilst it is possible to run an HTTPS server on a different port (using a URL like https://example.com:7000) this behavior is quite rare on public websites. For example, usual ports are often used for administrative interfaces and other services not intended for the general public.

Netcraft tries to visit every public secure website. Note that the survey does not include secure mail servers (SMTP) or intranet sites. So the final number of certificates for each certificate authority will be lower than the total number of server certificates sold by that authority. The survey makes multiple HTTPS request types to identify both web server capabilities, and the certificates in use. Netcraft makes retry visits to any non-responding IP addresses once, several hours after the failed visits. The information made available by an HTTPS server is more substantial than with http servers. The most interesting piece of information available from HTTP servers is the server signature; this can be analyzed to give straightforward empirical evidence about the relative popularity of server software on web sites across the Internet. The same information is also available from HTTPS servers. Additionally, the content of the site's X.509 certificate is available, providing details about both the company or organization owning the site, and the certificate issuer. Furthermore, in most cases the TCP/IP characteristics of the network connection allows to determine the operating system used.

Statistical concept(s): The survey examines the use of encrypted transactions through extensive automated exploration, tallying the number of web sites using HTTPS. This analysis relates to those sites found in the survey where the certificate is valid for the hostname, and the certificate has been issued from a publicly-trusted root. The indicator refers to valid, third-party certificates. Included are sites found in the survey where the common name in the certificate matched the hostname, and the certificate's digital signature was not detected as being self-signed. The location is derived from the hosting location of the sites using the certificates (rather than the countries indicated on the certificates themselves.) This analysis relates to those sites found in the survey where the common name in the certificate matched the hostname, and the certificate's digital signature was not detected as being self-signed.","The quality of an economy's infrastructure, including power and communications, is an important element in investment decisions for both domestic and foreign investors. Comparable statistics on access, use, quality, and affordability of ICT are needed to formulate growth-enabling policies for the sector and to monitor and evaluate the sector's impact on development. Although basic access data are available for many countries, in most developing countries little is known about who uses ICT; what they are used for (school, work, business, research, government); and how they affect people and businesses. 

Access to telecommunication services rose on an unprecedented scale over the past two decades. This growth was driven primarily by wireless technologies and liberalization of telecommunications markets, which have enabled faster and less costly network rollout. Access is the key to delivering telecommunications services to people. If the service is not affordable to most people, goals of universal usage will not be met. Over the past decade new financing and technology, along with privatization and market liberalization, have spurred dramatic growth in telecommunications in many countries. With the rapid development of mobile telephony and the global expansion of the Internet, information and communication technologies are increasingly recognized as essential tools of development, contributing to global integration and enhancing public sector effectiveness, efficiency, and transparency.","Netcraft only visits sites on the standard HTTPS port, 443. Whilst it is possible to run an HTTPS server on a different port (using a URL like https://example.com:7000) this behaviour is quite rare on public websites. For example, usual ports are often used for administrative interfaces and other services not intended for the general public.

Netcraft tries to visit every public secure website. Note that the survey does not include secure mail servers (SMTP) or intranet sites. So the final number of certificates for each certificate authority will be lower than the total number of server certificates sold by that authority.",,https://datacatalog.worldbank.org/public-licenses#cc-by
IT.CEL.SETS.P2,CC BY-4.0,Mobile cellular subscriptions (per 100 people),"Mobile cellular telephone subscriptions are subscriptions to a public mobile telephone service that provide access to the PSTN using cellular technology. The indicator includes (and is split into) the number of postpaid subscriptions, and the number of active prepaid accounts (i.e. that have been used during the last three months). The indicator applies to all mobile cellular subscriptions that offer voice communications. It excludes subscriptions via data cards or USB modems, subscriptions to public mobile data services, private trunked mobile radio, telepoint, radio paging and telemetry services.","Mobile cellular telephone subscriptions are subscriptions to a public mobile telephone service that provide access to the PSTN using cellular technology. The indicator includes (and is split into) the number of postpaid subscriptions, and the number of active prepaid accounts (i.e. that have been used during the last three months). The indicator applies to all mobile cellular subscriptions that offer voice communications. It excludes subscriptions via data cards or USB modems, subscriptions to public mobile data services, private trunked mobile radio, telepoint, radio paging and telemetry services.","World Telecommunication/ICT Indicators Database, International Telecommunication Union (ITU)",Infrastructure: Communications,WDI,number of subscriptions*100/population,Annual,1960-2024,Weighted average,"Methodology: Refers to the subscriptions to a public mobile telephone service and provides access to Public Switched Telephone Network (PSTN) using cellular technology, including number of pre-paid SIM cards active during the past three months. This includes both analogue and digital cellular systems (IMT-2000 (Third Generation, 3G) and 4G subscriptions, but excludes mobile broadband subscriptions via data cards or USB modems. Subscriptions to public mobile data services, private trunked mobile radio, telepoint or radio paging, and telemetry services should also be excluded. This should include all mobile cellular subscriptions that offer voice communications.

Data on mobile cellular subscribers are derived using administrative data that countries (usually the regulatory telecommunication authority or the Ministry in charge of telecommunications) regularly, and at least annually, collect from telecommunications operators.

Data for this indicator are readily available for approximately 90 percent of countries, either through ITU's World Telecommunication Indicators questionnaires or from official information available on the Ministry or Regulator's website. For the rest, information can be aggregated through operators' data (mainly through annual reports) and complemented by market research reports.

Mobile cellular subscriptions (per 100 people) indicator is derived by all mobile subscriptions divided by the country's population and multiplied by 100. For additional/latest information on sources and country notes, please also refer to: https://www.itu.int/en/ITU-D/Statistics/Pages/stat/default.aspx
Statistical concept(s): Data can be collected from all licensed mobile-cellular operators in the country, and then aggregated at the country level. If retail mobile-cellular services are also provided by nonfacilities-based operators (i.e., mobile virtual network operators), care should be taken to avoid double counting. One difficulty that may arise is that operators may have different definitions of ‘active’ and therefore may not be able to provide the data according to the recommended definition (i.e., used in the last three months). This indicator can be divided by the population and multiplied by 100 to obtain mobile cellular subscriptions per 100 people.","The quality of an economy's infrastructure, including power and communications, is an important element in investment decisions for both domestic and foreign investors. Government effort alone is not enough to meet the need for investments in modern infrastructure; public-private partnerships, especially those involving local providers and financiers, are critical for lowering costs and delivering value for money. In telecommunications, competition in the marketplace, along with sound regulation, is lowering costs, improving quality, and easing access to services around the globe.

Access to telecommunication services rose on an unprecedented scale over the past two decades. This growth was driven primarily by wireless technologies and liberalization of telecommunications markets, which have enabled faster and less costly network rollout. The International Telecommunication Union (ITU) estimates that there were about 6 billion mobile subscriptions globally in the early 2010s. No technology has ever spread faster around the world. Mobile communications have a particularly important impact in rural areas. The mobility, ease of use, flexible deployment, and relatively low and declining rollout costs of wireless technologies enable them to reach rural populations with low levels of income and literacy. The next billion mobile subscribers will consist mainly of the rural poor. Access is the key to delivering telecommunications services to people. If the service is not affordable to most people, goals of universal usage will not be met.

Mobile cellular telephone subscriptions are subscriptions to a public mobile telephone service using cellular technology, which provide access to the public switched telephone network (PSTN) using cellular technology. It includes postpaid and prepaid subscriptions and includes analogue and digital cellular systems.

Over the past decade new financing and technology, along with privatization and market liberalization, have spurred dramatic growth in telecommunications in many countries. With the rapid development of mobile telephony and the global expansion of the Internet, information and communication technologies are increasingly recognized as essential tools of development, contributing to global integration and enhancing public sector effectiveness, efficiency, and transparency.","Operators have traditionally been the main source of telecommunications data, so information on subscriptions has been widely available for most countries. This gives a general idea of access, but a more precise measure is the penetration rate - the share of households with access to telecommunications. During the past few years more information on information and communication technology use has become available from household and business surveys. Also important are data on actual use of telecommunications services. Ideally, statistics on telecommunications (and other information and communications technologies) should be compiled for all three measures: subscriptions, access, and use. The quality of data varies among reporting countries as a result of differences in regulations covering data provision and availability.

Discrepancies between global and national figures may arise when countries use a different definition than the one used by ITU. For example, some countries do not include the number of ISDN channels when calculating the number of fixed telephone lines. Discrepancies may also arise in cases where the end of a fiscal year differs from that used by ITU, which is the end of December of every year. A number of countries have fiscal years that end in March or June of every year. Data are usually not adjusted but discrepancies in the definition, reference year or the break in comparability in between years are noted in a data note. For this reason, data are not always strictly comparable. Missing values are estimated by ITU.

Mobile subscriptions include both analogue and digital cellular systems (IMT-2000 (Third Generation, 3G) and 4G subscriptions, but excludes mobile broadband subscriptions via data cards or USB modems. Subscriptions to public mobile data services, private trunked mobile radio, telepoint or radio paging, and telemetry services are also excluded, but all mobile cellular subscriptions that offer voice communications are included. Both postpaid and prepaid subscriptions are included.",Please cite the International Telecommunication Union for third-party use of these data.,https://datacatalog.worldbank.org/public-licenses#cc-by
IT.NET.BBND.P2,CC BY-4.0,Fixed broadband subscriptions (per 100 people),"Fixed broadband subscriptions refers to fixed subscriptions to high-speed access to the public Internet (a TCP/IP connection), at downstream speeds equal to, or greater than, 256 kbit/s. This includes cable modem, DSL, fiber-to-the-home/building, other fixed (wired)-broadband subscriptions, satellite broadband and terrestrial fixed wireless broadband. This total is measured irrespective of the method of payment. It excludes subscriptions that have access to data communications (including the Internet) via mobile-cellular networks. It should include fixed WiMAX and any other fixed wireless technologies. It includes both residential subscriptions and subscriptions for organizations.","Fixed broadband subscriptions refers to fixed subscriptions to high-speed access to the public Internet (a TCP/IP connection), at downstream speeds equal to, or greater than, 256 kbit/s. This includes cable modem, DSL, fiber-to-the-home/building, other fixed (wired)-broadband subscriptions, satellite broadband and terrestrial fixed wireless broadband. This total is measured irrespective of the method of payment. It excludes subscriptions that have access to data communications (including the Internet) via mobile-cellular networks. It should include fixed WiMAX and any other fixed wireless technologies. It includes both residential subscriptions and subscriptions for organizations.","World Telecommunication/ICT Indicators Database, International Telecommunication Union (ITU)",Infrastructure: Communications,WDI,number of subscriptions*100/population,Annual,1998-2024,Weighted average,"Methodology: Data refer to subscriptions to high-speed access to the public Internet (a TCP/IP connection), at downstream speeds equal to, or greater than, 256 kbit/s. This includes cable modem, DSL, fibre-to-the-home/building and other fixed (wired)-broadband subscriptions. This total is measured irrespective of the method of payment. It excludes subscriptions that have access to data communications (including the Internet) via mobile-cellular networks. It excludes technologies listed under the wireless-broadband category.

Fixed broadband Internet subscribers per 100 people is obtained by dividing the number of fixed broadband Internet subscribers by the population and then multiplying by 100. For additional/latest information on sources and country notes, please also refer to: https://www.itu.int/en/ITU-D/Statistics/Pages/stat/default.aspx
Statistical concept(s): The data can be collected by asking all ISPs in the country to provide the number of their fixed -broadband subscriptions (by type – cable, DSL, optical fiber, other, satellite, and terrestrial fixed wireless broadband). This indicator can be divided by the population and multiplied by 100 to obtain fixed-broadband subscriptions per 100 people.","The quality of an economy's infrastructure, including power and communications, is an important element in investment decisions for both domestic and foreign investors. Government effort alone is not enough to meet the need for investments in modern infrastructure; public-private partnerships, especially those involving local providers and financiers, are critical for lowering costs and delivering value for money. In telecommunications, competition in the marketplace, along with sound regulation, is lowering costs, improving quality, and easing access to services around the globe.

Comparable statistics on access, use, quality, and affordability of ICT are needed to formulate growth-enabling policies for the sector and to monitor and evaluate the sector's impact on development. Although basic access data are available for many countries, in most developing countries little is known about who uses ICT; what they are used for (school, work, business, research, government); and how they affect people and businesses. The global Partnership on Measuring ICT for Development is helping to set standards, harmonize information and communications technology statistics, and build statistical capacity in developing countries. However, despite significant improvements in the developing world, the gap between the ICT haves and have-nots remains.

There are several economic gains associated with broadband. For example, with DSL, users can use a single standard phone line for both voice and data services. This enables them to surf the Internet and call a friend at the same time - all using the same phone line. Broadband also enhances many Internet applications such as new e-government services like electronic tax filing, online health care services, e-learning and increased levels of electronic commerce.

Access to telecommunication services rose on an unprecedented scale over the past two decades. This growth was driven primarily by wireless technologies and liberalization of telecommunications markets, which have enabled faster and less costly network rollout. Mobile communications have a particularly important impact in rural areas. The mobility, ease of use, flexible deployment, and relatively low and declining rollout costs of wireless technologies enable them to reach rural populations with low levels of income and literacy. The next billion mobile subscribers will consist mainly of the rural poor. Access is the key to delivering telecommunications services to people. If the service is not affordable to most people, goals of universal usage will not be met.

Over the past decade new financing and technology, along with privatization and market liberalization, have spurred dramatic growth in telecommunications in many countries. With the rapid development of mobile telephony and the global expansion of the Internet, information and communication technologies are increasingly recognized as essential tools of development, contributing to global integration and enhancing public sector effectiveness, efficiency, and transparency.","Data are collected by national statistics offices through household surveys. Because survey questions and definitions differ, the estimates may not be strictly comparable across countries.

Fixed broadband Internet includes cable modem, DSL, fibre and other fixed broadband technology (such as satellite broadband Internet, Ethernet LANs, fixed-wireless access, Wireless Local Area Network, WiMAX etc.). Subscribers with access to data communications (including the Internet) via mobile cellular networks are excluded.

Advertised and real speeds can differ substantially. In some countries, regulatory authorities monitor the speed and quality of broadband services and oblige operators to provide accurate quality-of-service information to end users. Regional and global totals are calculated as unweighted sums of the country values. Regional and global penetration rates (per 100 inhabitants) are weighted averages of the country values weighted by the population of the countries/regions.

Discrepancies between global and national figures may arise when countries use a different definition than the one used by ITU. Discrepancies may also arise in cases where the end of a fiscal year differs from that used by ITU, which is end of December of every year. A number of countries have fiscal years that end in March or June of every year.",Please cite the International Telecommunication Union for third-party use of these data.,https://datacatalog.worldbank.org/public-licenses#cc-by
SE.ADT.LITR.ZS,CC BY-4.0,"Literacy rate, adult total (% of people ages 15 and above)",Adult literacy rate is the percentage of people ages 15 and above who can both read and write with understanding a short simple statement about their everyday life.,Adult literacy rate is the percentage of people ages 15 and above who can both read and write with understanding a short simple statement about their everyday life.,"Data API, UN Educational, Scientific and Cultural Organization (UNESCO), uri: https://databrowser.uis.unesco.org/resources, note: The data are obtained through the UIS API.  Detailed documentation is available at: https://api.uis.unesco.org/api/public/documentation/, publisher: UNESCO Institute for Statistics (UIS), type: Excel (bulk file), date accessed: 2025-09-22, date published: 2025-09",Education: Outcomes,WDI,% of people ages 15 and above,Annual,1970-2023,Weighted average,"Methodology: The indicator is calculated by the number of literate adults divided by the total number of adults, excluding adults with unknown literacy status.  



Data on literacy are compiled by the UNESCO Institute for Statistics based on national censuses and household surveys and, for countries without recent literacy data, using the Global Age-Specific Literacy Projection Model (GALP). For detailed information, see www.uis.unesco.org.
Statistical concept(s): Literacy statistics for most countries cover the population ages 15 and older, but some include younger ages or are confined to age ranges that tend to inflate literacy rates. The youth literacy rate for ages 15-24 reflects recent progress in education. It measures the accumulated outcomes of primary education over the previous 10 years or so by indicating the proportion of the population who have passed through the primary education system and acquired basic literacy and numeracy skills. Generally, literacy also encompasses numeracy, the ability to make simple arithmetic calculations.","Literacy rate is an outcome indicator to evaluate educational attainment. This data can predict the quality of future labor force and can be used in ensuring policies for life skills for men and women.



















It can be also used as a proxy instrument to see the effectiveness of education system; a high literacy rate suggests the capacity of an education system to provide a large population with opportunities to acquire literacy skills. The accumulated achievement of education is fundamental for further intellectual growth and social and economic development, although it doesn't necessarily ensure the quality of education.



















Literate women implies that they can seek and use information for the betterment of the health, nutrition and education of their household members. Literate women are also empowered to play a meaningful role.","In practice, literacy is difficult to measure. Estimating literacy rates requires census or survey measurements under controlled conditions. Many countries report the number of literate people from self-reported data. Some use educational attainment data as a proxy but apply different lengths of school attendance or levels of completion. Ant there is a trend among recent national and international surveys toward using a direct reading test of literacy skills. Because definitions and methods of data collection differ across countries, data should be used cautiously.",,https://datacatalog.worldbank.org/public-licenses#cc-by
SE.ADT.1524.LT.ZS,CC BY-4.0,"Literacy rate, youth total (% of people ages 15-24)",Youth literacy rate is the percentage of people ages 15-24 who can both read and write with understanding a short simple statement about their everyday life.,Youth literacy rate is the percentage of people ages 15-24 who can both read and write with understanding a short simple statement about their everyday life.,"Data API, UN Educational, Scientific and Cultural Organization (UNESCO), uri: https://databrowser.uis.unesco.org/resources, note: The data are obtained through the UIS API.  Detailed documentation is available at: https://api.uis.unesco.org/api/public/documentation/, publisher: UNESCO Institute for Statistics (UIS), type: Excel (bulk file), date accessed: 2025-09-22, date published: 2025-09",Education: Outcomes,WDI,Percent of people ages 15-24,Annual,1970-2023,Weighted average,"Methodology: The data is calculated by dividing the number of literate persons by the total number of persons in the same age group, excluding persons with unknown literacy status.



Data on literacy are compiled by the UNESCO Institute for Statistics based on national censuses and household surveys and, for countries without recent literacy data, using the Global Age-Specific Literacy Projection Model (GALP). For detailed information, see www.uis.unesco.org.
Statistical concept(s): Literacy statistics for most countries cover the population ages 15 and older, but some include younger ages or are confined to age ranges that tend to inflate literacy rates. The youth literacy rate for ages 15-24 reflects recent progress in education. It measures the accumulated outcomes of primary education over the previous 10 years or so by indicating the proportion of the population who have passed through the primary education system and acquired basic literacy and numeracy skills. Generally, literacy also encompasses numeracy, the ability to make simple arithmetic calculations.","Literacy rate is an outcome indicator to evaluate educational attainment. This data can predict the quality of future labor force and can be used in ensuring policies for life skills for men and women.

















It can be also used as a proxy instrument to see the effectiveness of education system; a high literacy rate suggests the capacity of an education system to provide a large population with opportunities to acquire literacy skills. The accumulated achievement of education is fundamental for further intellectual growth and social and economic development, although it doesn't necessarily ensure the quality of education.

















Literate women implies that they can seek and use information for the betterment of the health, nutrition and education of their household members. Literate women are also empowered to play a meaningful role.","In practice, literacy is difficult to measure. Estimating literacy rates requires census or survey measurements under controlled conditions. Many countries report the number of literate people from self-reported data. Some use educational attainment data as a proxy but apply different lengths of school attendance or levels of completion. Ant there is a trend among recent national and international surveys toward using a direct reading test of literacy skills. Because definitions and methods of data collection differ across countries, data should be used cautiously.",,https://datacatalog.worldbank.org/public-licenses#cc-by
